# Holocron_Esquina_InfIzqFre
# origen puesto en el pivote de la pieza
# pivote en coordenadas del modelo: -47.98773 5.37640 0.65458
mtllib Holocron.mtl
o Holocron_Esquina_InfIzqFre
v -0.184626 -5.146419 4.988686
v -2.608294 -2.686688 5.004396
v -0.169401 -5.131043 4.973824
v -0.154177 -5.115666 4.958963
v -5.067274 -5.048369 0.088187
v -2.610724 -5.083495 2.522048
v -5.052050 -5.032992 0.073325
v -5.062407 -0.257710 5.049828
v -2.623518 -2.702064 5.019257
v -0.184622 -5.149374 4.985631
v -2.625948 -5.098870 2.536909
v -5.070280 -5.045347 0.088235
v -5.052626 -2.636124 2.552657
v -5.067850 -2.651500 2.567519
v -0.154173 -5.118620 4.955908
v -2.595499 -5.068118 2.507186
v -5.031958 -0.226957 5.020106
v -2.593069 -2.671312 4.989534
v -5.036825 -5.017615 0.058463
v -5.050196 -0.242274 5.031939
v -5.065420 -0.257651 5.046801
v -5.037401 -2.620747 2.537795
v -5.034971 -0.226899 5.017079
v -5.039831 -5.014593 0.058512
v -5.065725 -0.258278 5.048620
v -5.066103 -0.259236 5.047344
v -5.065191 -0.256747 5.047972
v -5.065222 -0.257745 5.049617
v -5.065916 -0.259718 5.049162
v -5.066153 -0.261014 5.047897
v -5.065390 -0.259010 5.049759
v -5.064238 -0.258307 5.050114
v -5.063559 -0.256779 5.049609
v -5.062983 -0.259297 5.050478
v -5.064806 -0.259739 5.050275
v -5.064539 -0.256443 5.048959
v -5.065558 -0.262715 5.048373
v -5.064070 -0.262746 5.049868
v -5.064417 -0.264083 5.048702
v -5.065195 -0.261159 5.049526
v -5.063566 -0.261065 5.050493
v -5.070585 -5.047182 0.088799
v -5.070051 -5.046483 0.087292
v -5.070959 -5.045942 0.089802
v -5.070772 -5.047774 0.090220
v -5.070086 -5.048159 0.088232
v -5.069399 -5.047457 0.086951
v -5.070250 -5.048346 0.089492
v -5.068926 -5.048583 0.093227
v -5.070414 -5.047087 0.093248
v -5.069269 -5.047463 0.094604
v -5.068426 -5.049147 0.091524
v -5.070051 -5.048186 0.091650
v -5.071005 -5.046553 0.091562
v -5.069666 -5.048885 0.090204
v -5.069101 -5.048676 0.088777
v -5.067846 -5.049072 0.089754
v -5.068426 -5.048119 0.087266
v -0.184999 -5.148531 4.989071
v -0.186014 -5.147260 4.989272
v -0.183558 -5.147642 4.988513
v -0.184633 -5.149293 4.988508
v -0.186453 -5.149010 4.989071
v -0.187719 -5.147928 4.989274
v -0.185782 -5.149475 4.988683
v -0.184996 -5.149831 4.987728
v -0.183558 -5.149241 4.986860
v -0.186014 -5.149989 4.986450
v -0.186453 -5.149849 4.988204
v -0.183184 -5.148633 4.987872
v -0.189486 -5.148319 4.988692
v -0.189486 -5.149450 4.987523
v -0.191038 -5.148376 4.987614
v -0.187819 -5.149392 4.988600
v -0.187719 -5.150016 4.987114
v -5.038317 -5.014749 0.056949
v -5.038549 -5.013541 0.058034
v -5.039675 -5.015800 0.057424
v -5.037863 -5.015615 0.056667
v -5.037031 -5.013939 0.057119
v -5.036970 -5.012624 0.058159
v -5.037035 -5.014793 0.056823
v -5.036997 -5.016078 0.056928
v -5.038046 -5.017435 0.057398
v -5.035772 -5.016333 0.057989
v -5.036177 -5.014797 0.057106
v -5.039049 -5.016797 0.057033
v -5.035334 -5.011982 0.058869
v -5.034182 -5.013138 0.058851
v -5.033884 -5.011712 0.060056
v -5.035704 -5.013483 0.057628
v -5.034845 -5.014761 0.058125
v -5.033457 -0.225342 5.017289
v -5.034811 -0.225855 5.018321
v -5.033690 -0.226382 5.016044
v -5.032171 -0.225484 5.016475
v -5.032999 -0.225092 5.018165
v -5.034182 -0.225501 5.019334
v -5.032175 -0.225217 5.017339
v -5.029326 -0.227181 5.015620
v -5.030478 -0.227160 5.014461
v -5.029032 -0.228333 5.014155
v -5.029985 -0.226514 5.017267
v -5.030844 -0.225972 5.016002
v -5.032114 -0.226474 5.015126
v -5.031313 -0.225497 5.017336
v -5.032133 -0.225368 5.018619
v -5.030909 -0.226435 5.018842
v -5.033182 -0.225886 5.019961
v -0.152609 -5.115820 4.957456
v -0.153109 -5.116890 4.958790
v -0.153673 -5.114596 4.957703
v -0.152761 -5.114979 4.956182
v -0.152342 -5.116681 4.956989
v -0.152735 -5.117881 4.958149
v -0.152483 -5.115839 4.956174
v -0.154474 -5.114082 4.953343
v -0.154474 -5.112951 4.954512
v -0.155657 -5.112626 4.953067
v -0.153780 -5.115732 4.953980
v -0.153261 -5.114484 4.954863
v -0.153780 -5.113643 4.956140
v -0.152761 -5.115818 4.955314
v -0.152609 -5.117119 4.956112
v -0.153673 -5.117325 4.954880
v -0.153109 -5.118489 4.957137
v -5.068529 -2.652589 2.568572
v -5.068579 -2.653784 2.569728
v -5.067987 -2.654902 2.570809
v -5.066843 -2.655773 2.571652
v -2.624594 -2.703145 5.019913
v -2.625773 -2.704318 5.019934
v -2.626871 -2.705401 5.019318
v -2.627726 -2.706232 5.018159
v -2.629305 -5.099047 2.540243
v -2.628202 -5.099624 2.539139
v -2.627028 -5.099562 2.537969
v -2.630156 -5.097918 2.541111
v -5.032976 -2.619536 2.536628
v -5.034636 -2.619502 2.536593
v -5.036192 -2.619926 2.537003
v -5.031458 -2.620026 2.537103
v -2.591860 -2.670037 4.985138
v -2.591829 -2.670036 4.986800
v -2.592257 -2.670483 4.988344
v -2.592337 -2.670486 4.983611
v -2.594687 -5.066901 2.506399
v -2.594263 -5.065343 2.506005
v -2.594290 -5.063682 2.506063
v -2.594767 -5.062169 2.506565
v -5.053202 -5.032745 0.072403
v -5.054174 -5.032083 0.072089
v -5.055056 -5.029970 0.073373
v -5.054827 -5.031109 0.072429
v -5.048334 -0.241404 5.034747
v -5.049315 -0.241068 5.034096
v -5.049967 -0.241374 5.033109
v -5.047182 -0.242332 5.034967
v -0.168478 -5.133791 4.971927
v -0.168154 -5.133157 4.972914
v -0.168478 -5.132192 4.973580
v -0.169397 -5.133997 4.970770
v -2.252775 -4.243502 3.824112
v -3.052740 -4.218624 2.976971
v -3.070772 -4.236843 2.994601
v -4.210951 -3.105503 3.004560
v -4.307810 -2.419954 3.614083
v -4.321371 -3.071097 2.926035
v -2.268885 -3.692794 4.375962
v -3.208063 -2.717526 4.358152
v -3.232103 -2.735841 4.383486
v -4.029177 -4.054601 2.147330
v -3.858690 -4.190690 2.126853
v -4.011145 -4.036381 2.129700
v -2.042646 -4.145039 4.145938
v -2.272982 -3.695597 4.376373
v -2.375982 -3.727070 4.238116
v -4.426508 -1.508627 4.363625
v -4.452097 -1.524404 4.392013
v -4.411951 -4.436998 1.345825
v -4.388506 -4.141780 1.601374
v -4.387198 -4.412655 1.322611
v -2.246992 -3.672278 4.352659
v -1.699102 -4.173661 4.321551
v -2.222643 -3.649460 4.326742
v -4.439951 -3.032544 2.843403
v -3.912542 -2.237626 4.210150
v -3.233347 -2.740989 4.384357
v -4.453646 -1.528509 4.393584
v -2.212664 -4.314507 3.796708
v -2.953955 -4.477857 2.867591
v -1.473520 -4.492710 4.365473
v -4.422213 -2.430906 3.410507
v -4.398912 -1.985797 3.820138
v -4.396231 -2.541821 3.247923
v -1.738718 -4.220532 4.370113
v -1.456472 -4.464214 4.341708
v -1.719992 -4.198375 4.347156
v -4.211908 -4.114192 1.959569
v -4.432982 -4.463204 1.370926
v -3.867186 -4.294255 2.126099
v -4.398245 -1.491198 4.332267
v -1.439726 -4.437957 4.315311
v -3.081411 -3.113850 4.151583
v -3.141531 -2.952133 4.258504
v -2.248575 -4.094425 3.981100
v -2.231730 -4.222343 3.812577
v -2.249762 -4.240563 3.830206
v -2.951265 -4.476281 2.864436
v -1.456476 -4.467250 4.338564
v -1.471434 -4.490705 4.362172
v -2.250383 -3.942312 4.135094
v -3.058947 -3.098417 4.128048
v -2.232351 -3.924093 4.117465
v -4.205023 -3.104086 3.004605
v -4.189344 -2.277440 3.820659
v -4.207377 -2.295659 3.838289
v -4.056986 -2.290322 3.998823
v -3.891497 -2.269776 4.135589
v -3.909529 -2.287996 4.153217
v -4.434164 -4.458847 1.366663
v -4.413279 -4.161932 1.628901
v -4.441156 -3.038705 2.828199
v -4.418459 -3.103499 2.718178
v -2.248438 -4.097523 3.985548
v -3.076979 -3.116636 4.145677
v -3.885538 -2.272741 4.138631
v -4.431166 -4.461856 1.366647
v -2.932684 -4.453622 2.842207
v -1.744104 -4.222253 4.370336
v -3.870737 -4.211966 2.147460
v -3.888769 -4.230185 2.165089
v -4.202665 -3.912513 2.170921
v -4.186991 -3.085866 2.986976
v -4.437662 -3.733746 2.112877
v -4.415304 -3.741988 2.061074
v -4.226999 -2.112177 4.016926
v -4.444307 -2.322761 3.574227
v -4.208590 -3.917139 2.167579
v -4.051783 -4.075820 2.164679
v -4.199663 -3.918510 2.167807
v -4.181635 -3.900289 2.150178
v -4.435511 -4.180020 1.653610
v -4.204443 -2.292648 3.844428
v -4.038954 -2.272102 3.981193
v -3.018652 -4.348177 2.937894
v -4.436480 -3.732852 2.122604
v -4.434340 -4.180969 1.661398
v -4.390390 -3.751171 2.003356
v -4.408941 -4.439994 1.345803
v -2.911943 -4.428332 2.817397
v -4.301409 -3.734549 2.260345
v -4.445555 -2.331274 3.556551
v -4.425940 -1.914340 3.942481
v -4.393171 -3.175687 2.595599
v -4.062696 -2.289322 4.001541
v -2.247393 -3.948287 4.131995
v -2.230547 -4.076205 3.963471
v -4.448935 -1.847685 4.063969
v -4.450281 -1.849974 4.052684
v -4.429552 -1.508629 4.360496
v -3.181410 -2.697220 4.330067
v -4.401300 -1.491204 4.329133
v -3.852705 -4.193746 2.129830
v -2.213697 -4.204123 3.794947
v -2.229361 -3.930067 4.114365
v -2.212511 -4.057985 3.945842
v -3.873465 -2.251557 4.117959
v -4.171312 -2.259220 3.803031
v -4.184633 -3.894294 2.153292
v -4.168959 -3.067647 2.969347
v -2.247179 -3.947106 4.140884
v -3.909288 -2.286894 4.162171
v -4.047209 -4.072820 2.164959
v -3.876722 -4.208912 2.144482
v -3.040915 -3.080197 4.110418
v -2.214319 -3.905872 4.099835
v -3.867510 -2.254522 4.121001
v -4.186411 -2.274428 3.826799
v -4.020922 -2.253883 3.963564
v -3.892309 -4.237030 2.161746
v -1.439741 -4.441012 4.312154
v -4.213324 -2.291691 3.843806
v -4.163599 -3.882070 2.132548
v -3.071054 -4.243702 2.994645
v -2.249720 -4.250406 3.827456
v -2.234747 -4.225282 3.806483
v -3.034708 -4.200404 2.959342
v -2.252932 -4.244795 3.825480
v -2.251627 -4.243286 3.825503
v -2.252405 -4.246560 3.826596
v -2.251898 -4.244568 3.826663
v -2.250654 -4.242651 3.827151
v -2.251432 -4.245293 3.827927
v -2.251165 -4.244184 3.827739
v -2.250505 -4.248653 3.827960
v -2.251280 -4.248531 3.827290
v -2.250788 -4.246166 3.828661
v -2.251307 -4.247178 3.827863
v -2.251188 -4.245720 3.828404
v -2.251894 -4.245915 3.827480
v -2.249998 -4.241695 3.828802
v -2.250525 -4.243326 3.829448
v -2.250731 -4.243824 3.828621
v -3.894102 -4.229890 2.162801
v -3.893381 -4.228292 2.162320
v -3.894754 -4.227131 2.162111
v -3.893408 -4.232740 2.162973
v -3.893271 -4.230423 2.162995
v -3.891760 -4.229281 2.162959
v -3.893118 -4.232324 2.163394
v -3.892393 -4.230812 2.163423
v -3.892103 -4.235174 2.163369
v -3.892778 -4.235247 2.162603
v -3.891356 -4.233220 2.164575
v -3.892626 -4.233799 2.163458
v -3.892199 -4.232556 2.164092
v -3.890142 -4.229945 2.163931
v -3.890184 -4.231469 2.165178
v -3.891340 -4.231219 2.164149
v -3.892622 -4.231918 2.163654
v -3.905539 -2.290645 4.157460
v -3.904947 -2.289812 4.156037
v -3.903570 -2.290961 4.156259
v -3.907312 -2.289760 4.159005
v -3.906523 -2.289815 4.157208
v -3.906561 -2.288844 4.155381
v -3.908052 -2.289344 4.157679
v -3.907484 -2.289229 4.156755
v -3.909452 -2.288070 4.160202
v -3.908632 -2.288443 4.160660
v -3.909555 -2.288693 4.157810
v -3.908709 -2.288916 4.159249
v -3.908793 -2.289122 4.157828
v -3.907793 -2.289597 4.158358
v -3.908171 -2.288207 4.154391
v -3.909582 -2.288665 4.155357
v -3.908510 -2.288840 4.156175
v -1.470415 -4.490344 4.363215
v -1.472116 -4.491710 4.363305
v -1.470057 -4.489645 4.364178
v -1.471231 -4.491323 4.364343
v -1.472750 -4.492445 4.364330
v -1.471464 -4.491417 4.365620
v -1.471907 -4.492038 4.365257
v -1.471998 -4.489080 4.366179
v -1.470423 -4.488716 4.364915
v -1.471449 -4.487696 4.365314
v -1.472586 -4.490519 4.366513
v -1.471178 -4.490055 4.365725
v -1.470762 -4.490818 4.365192
v -1.472506 -4.492032 4.365808
v -1.473120 -4.491793 4.366265
v -1.473246 -4.492796 4.365091
v -1.471838 -4.491203 4.366199
v -4.453798 -1.524587 4.392607
v -4.452517 -1.525736 4.393039
v -4.453100 -1.523364 4.391595
v -4.454821 -1.523950 4.392041
v -4.454363 -1.525654 4.393276
v -4.452959 -1.526985 4.393698
v -4.455008 -1.524959 4.392589
v -4.455118 -1.524403 4.388887
v -4.455374 -1.524433 4.391141
v -4.454737 -1.523364 4.389902
v -4.455793 -1.526523 4.391250
v -4.455824 -1.525396 4.389977
v -4.454027 -1.522999 4.390854
v -4.453356 -1.527958 4.393890
v -4.455027 -1.527616 4.392517
v -4.454714 -1.526616 4.393067
v -4.455576 -1.525461 4.392224
v -4.433924 -4.459979 1.365718
v -4.434851 -4.459937 1.367723
v -4.433271 -4.460948 1.365383
v -4.434465 -4.461035 1.366873
v -4.434645 -4.461976 1.367958
v -4.434870 -4.461147 1.368906
v -4.434118 -4.462310 1.367470
v -4.432970 -4.462373 1.367025
v -4.432303 -4.461607 1.365710
v -4.431719 -4.462722 1.368062
v -4.433527 -4.462896 1.368152
v -4.433958 -4.461878 1.366445
v -4.434214 -4.462294 1.370031
v -4.432703 -4.463452 1.370378
v -4.433882 -4.462721 1.369090
v -4.432257 -4.463283 1.369372
v -4.206564 -2.293350 3.844404
v -4.205568 -2.292892 3.843018
v -4.208994 -2.293416 3.844277
v -4.207346 -2.293546 3.843291
v -4.206522 -2.293551 3.841355
v -4.208834 -2.294084 3.842756
v -4.207903 -2.293951 3.842229
v -4.211805 -2.293256 3.843176
v -4.211367 -2.292833 3.844066
v -4.210146 -2.294560 3.841906
v -4.210405 -2.293684 3.843344
v -4.209505 -2.294362 3.842452
v -4.208994 -2.293854 3.843504
v -4.207159 -2.294522 3.839695
v -4.208590 -2.295404 3.840190
v -4.208345 -2.294555 3.841221
v -4.200811 -3.917125 2.168062
v -4.202074 -3.918185 2.168548
v -4.201784 -3.915499 2.168744
v -4.202723 -3.917231 2.168766
v -4.204618 -3.917810 2.168765
v -4.203199 -3.916279 2.169191
v -4.204439 -3.917291 2.169166
v -4.203875 -3.914229 2.170789
v -4.202436 -3.913880 2.169747
v -4.205423 -3.915711 2.170108
v -4.203619 -3.915281 2.169863
v -4.204176 -3.916680 2.169394
v -4.206903 -3.917444 2.168425
v -4.207079 -3.916732 2.168981
v -4.205797 -3.917016 2.169174
v -4.204805 -3.916354 2.169758
v -2.249231 -3.943691 4.134849
v -2.250277 -3.944063 4.136266
v -2.248262 -3.945311 4.134173
v -2.249376 -3.945116 4.135999
v -2.249628 -3.945588 4.137779
v -2.248938 -3.946525 4.136533
v -2.249292 -3.946212 4.137162
v -2.248125 -3.947982 4.134422
v -2.247614 -3.946925 4.133171
v -2.248343 -3.947651 4.136963
v -2.248323 -3.947049 4.135081
v -2.248728 -3.947135 4.136790
v -2.248728 -3.946109 4.135567
v -2.248541 -3.946657 4.139400
v -2.248011 -3.947343 4.139232
v -2.248735 -3.946895 4.138135
v -2.213480 -3.905142 4.098574
v -2.213099 -3.907252 4.099657
v -2.212809 -3.904974 4.097005
v -2.212210 -3.906573 4.098321
v -2.212099 -3.908872 4.099005
v -2.211729 -3.906374 4.097041
v -2.211443 -3.907939 4.097845
v -2.212328 -3.906334 4.093907
v -2.211336 -3.906776 4.095714
v -2.212404 -3.905393 4.095365
v -2.211260 -3.907679 4.094179
v -2.210878 -3.908070 4.096162
v -2.211260 -3.907423 4.097029
v -2.211477 -3.910486 4.097980
v -2.210718 -3.910663 4.095711
v -2.211329 -3.911847 4.096736
v -2.210897 -3.909200 4.096958
v -2.210695 -3.909198 4.094814
v -3.868887 -2.253310 4.120847
v -3.866785 -2.253666 4.119746
v -3.870501 -2.252319 4.120214
v -3.868216 -2.252405 4.119516
v -3.866617 -2.252978 4.118181
v -3.869577 -2.251645 4.119056
v -3.868017 -2.251910 4.118240
v -3.872286 -2.250928 4.116936
v -3.872110 -2.251705 4.119200
v -3.870829 -2.250883 4.116029
v -3.870832 -2.251102 4.118179
v -3.869707 -2.251068 4.117376
v -3.867971 -2.252489 4.115083
v -3.868418 -2.251511 4.116914
v -3.869314 -2.251432 4.115379
v -3.867037 -2.252566 4.116543
v -3.869062 -2.251450 4.118239
v -4.162546 -3.880891 2.131967
v -4.164820 -3.880683 2.132729
v -4.161619 -3.879441 2.131977
v -4.163767 -3.879404 2.132177
v -4.165819 -3.879055 2.133385
v -4.162951 -3.878287 2.132186
v -4.164637 -3.878132 2.132751
v -4.160666 -3.876619 2.133671
v -4.162478 -3.877007 2.132671
v -4.160959 -3.877941 2.132575
v -4.162107 -3.875646 2.133767
v -4.163801 -3.876585 2.133070
v -4.163805 -3.877628 2.132581
v -4.166445 -3.877437 2.134414
v -4.165319 -3.875351 2.134845
v -4.166605 -3.876074 2.135663
v -4.165087 -3.876768 2.133547
v -4.163744 -3.875201 2.134179
v -3.857317 -4.191919 2.126993
v -3.857519 -4.189637 2.126263
v -3.855700 -4.192931 2.127608
v -3.856047 -4.190868 2.126431
v -3.856070 -4.188715 2.126259
v -3.854776 -4.191746 2.126973
v -3.854929 -4.190053 2.126431
v -3.851988 -4.192460 2.129014
v -3.854078 -4.193574 2.128604
v -3.851835 -4.190875 2.128365
v -3.853415 -4.192211 2.127741
v -3.853228 -4.190920 2.127277
v -3.853231 -4.187781 2.127923
v -3.853643 -4.189589 2.126901
v -3.852274 -4.189232 2.127981
v -3.854563 -4.188063 2.126842
v -3.854273 -4.190918 2.126804
v -2.215490 -4.206922 3.790247
v -2.215879 -4.205770 3.788164
v -2.216715 -4.207063 3.788853
v -2.214491 -4.206313 3.791895
v -2.214609 -4.205555 3.789611
v -2.215204 -4.204187 3.788045
v -2.213839 -4.205117 3.790998
v -2.214125 -4.204263 3.789453
v -2.213091 -4.203055 3.793794
v -2.213861 -4.205331 3.793545
v -2.213072 -4.202107 3.792354
v -2.213282 -4.204262 3.792291
v -2.213266 -4.203428 3.791182
v -2.214705 -4.201115 3.789504
v -2.213724 -4.202939 3.789897
v -2.213636 -4.201427 3.790848
v -2.214792 -4.202552 3.788516
v -2.213652 -4.204281 3.790506
v -4.169584 -2.256373 3.807757
v -4.167315 -2.255596 3.808013
v -4.168379 -2.256208 3.809170
v -4.170565 -2.257004 3.806095
v -4.168520 -2.255789 3.806501
v -4.166372 -2.255568 3.806568
v -4.169374 -2.256344 3.805197
v -4.167688 -2.255768 3.805388
v -4.170027 -2.258378 3.802342
v -4.171171 -2.258003 3.804435
v -4.168448 -2.257698 3.802228
v -4.169809 -2.257113 3.803801
v -4.168524 -2.256623 3.803645
v -4.165384 -2.257190 3.803701
v -4.167204 -2.256220 3.804096
v -4.166819 -2.257280 3.802705
v -4.165697 -2.256128 3.805054
v -4.168539 -2.256156 3.804705
v -2.269949 -3.693713 4.376795
v -3.233553 -2.738172 4.384881
v -2.271101 -3.694568 4.377166
v -3.233671 -2.739629 4.384868
v -2.272165 -3.695229 4.377018
v -3.233000 -2.736843 4.384397
v -4.436197 -4.180724 1.655067
v -4.438356 -3.733390 2.115431
v -4.436220 -4.181152 1.657059
v -4.438375 -3.733095 2.118176
v -4.435564 -4.181239 1.659282
v -4.437716 -3.732905 2.120695
v -2.952131 -4.477206 2.865468
v -2.952948 -4.477832 2.866430
v -2.953589 -4.478059 2.867175
v -1.455542 -4.467028 4.339747
v -1.455214 -4.466372 4.340760
v -1.455542 -4.465385 4.341449
v -1.438807 -4.440787 4.313340
v -1.438478 -4.440128 4.314357
v -1.438803 -4.439135 4.315049
v -4.411715 -4.438136 1.344887
v -4.411062 -4.439105 1.344553
v -4.410090 -4.439758 1.344875
v -4.386965 -4.413794 1.321672
v -4.386313 -4.414763 1.321339
v -4.385340 -4.415415 1.321662
v -4.427683 -1.507693 4.363392
v -4.428675 -1.507366 4.362715
v -4.429331 -1.507695 4.361697
v -4.399420 -1.490266 4.332030
v -4.400412 -1.489940 4.331351
v -4.401072 -1.490271 4.330333
v -3.080469 -3.115682 4.150064
v -3.079298 -3.116854 4.148407
v -3.078070 -3.117190 4.146867
v -4.050791 -4.075436 2.165526
v -4.049570 -4.074732 2.165877
v -4.048315 -4.073813 2.165678
v -3.071703 -4.241842 2.995368
v -3.071878 -4.239885 2.995614
v -3.071550 -4.238131 2.995344
v -4.451002 -1.847626 4.057263
v -4.450998 -1.846366 4.061016
v -4.450274 -1.846388 4.063371
v -4.446268 -2.327169 3.562963
v -4.446283 -2.324109 3.568575
v -4.445593 -2.322562 3.572530
v -4.441858 -3.035969 2.833207
v -4.441877 -3.033837 2.837855
v -4.441210 -3.032633 2.841436
v -4.061266 -2.290470 4.001241
v -4.059679 -2.291063 4.000619
v -4.058176 -2.291011 3.999770
v -4.209436 -3.105726 3.005318
v -4.207781 -3.105535 3.005593
v -4.206232 -3.104959 3.005343
v -1.739794 -4.221446 4.370942
v -1.741194 -4.222095 4.371276
v -1.742708 -4.222378 4.371063
v -2.249247 -4.097102 3.984586
v -2.249559 -4.096367 3.983403
v -2.249323 -4.095426 3.982179
v -3.040098 -3.079370 4.109228
v -3.039671 -3.078931 4.107683
v -3.039694 -3.078940 4.106022
v -3.040163 -3.079398 4.104494
v -4.010069 -4.035297 2.129044
v -4.008898 -4.034120 2.129022
v -4.007803 -4.033030 2.129637
v -4.006956 -4.032191 2.130797
v -3.033896 -4.199186 2.958554
v -3.033476 -4.197627 2.958156
v -3.033506 -4.195967 2.958210
v -3.033987 -4.194456 2.958708
v -4.019846 -2.253190 3.962505
v -4.018663 -2.253128 3.961335
v -4.017561 -2.253708 3.960233
v -4.016703 -2.254841 3.959368
v -4.167749 -3.066826 2.968555
v -4.166197 -3.066397 2.968148
v -4.164534 -3.066427 2.968189
v -4.163015 -3.066909 2.968668
v -2.211832 -4.056897 3.944786
v -2.211786 -4.055707 3.943628
v -2.212378 -4.054595 3.942543
v -2.213518 -4.053733 3.941696
v -4.182779 -3.898905 2.150431
v -4.183752 -3.897278 2.151113
v -4.184404 -3.895660 2.152117
v -4.187536 -2.274671 3.825387
v -4.188490 -2.275328 3.823725
v -4.189127 -2.276302 3.822065
v -3.890142 -2.269988 4.136765
v -3.888533 -2.270625 4.137756
v -3.886915 -2.271593 4.138411
v -2.229582 -3.928703 4.115539
v -2.230227 -3.927089 4.116541
v -2.231199 -3.925470 4.117217
v -2.233599 -4.225066 3.807875
v -2.232622 -4.224431 3.809523
v -2.231966 -4.223475 3.811174
v -3.872110 -4.211726 2.146303
v -3.873732 -4.211061 2.145331
v -3.875349 -4.210073 2.144691
v -4.384195 -4.415651 1.322591
v -4.701265 -1.109441 5.147605
v -4.700575 -1.110613 5.147219
v -4.700087 -1.111468 5.146999
v -4.669806 -4.782279 5.076707
v -2.822699 -4.782705 5.036410
v -4.669909 -4.781220 5.033207
v -0.984442 -5.260101 4.586338
v -2.725843 -5.214395 2.630802
v -0.517164 -5.266019 4.832136
v -4.685648 -5.207311 2.753895
v -4.690004 -5.122698 0.922366
v -4.685610 -5.162654 2.754891
v -4.689962 -5.076872 0.923384
v -4.685572 -5.117996 2.755888
v -4.676916 -5.154864 4.588478
v -3.454844 -5.128493 3.365269
v -2.839430 -5.156384 4.584040
v -5.169027 -1.077699 4.713523
v -5.172583 -2.758394 2.692666
v -5.171560 -2.884751 2.832739
v -2.806650 -4.785924 5.087480
v -0.976091 -4.784188 5.039612
v -5.112703 -2.930313 4.650512
v -5.062723 -1.091404 4.690939
v -5.065439 -2.930299 4.646147
v -2.844694 -5.115328 2.754544
v -1.003717 -5.157902 4.579605
v -4.703939 -1.104235 5.148401
v -2.711382 -2.820325 5.122809
v -4.934053 -0.609619 5.153005
v -5.169771 -4.687264 0.964945
v -5.117498 -4.730168 2.772914
v -5.123346 -4.687051 0.949026
v -4.667357 -2.947702 5.029764
v -2.840426 -2.947735 5.025381
v -4.664701 -1.121358 5.073933
v -5.068148 -4.773356 4.596936
v -5.072535 -4.730092 2.764924
v -0.488710 -5.031032 5.092612
v -2.606600 -2.691650 5.120241
v -5.176519 -4.920013 0.451926
v -5.173601 -2.632042 2.552597
v -5.178946 -5.148404 -0.048321
v -5.168642 -0.596775 4.933408
v -2.819025 -2.951225 5.121189
v -0.974512 -4.780944 5.039685
v -0.942110 -4.786400 5.098533
v -4.686197 -2.947590 5.110440
v -4.674181 -4.776961 5.033290
v -4.679285 -2.946633 5.072227
v -4.920099 -5.255615 4.830544
v -5.164408 -5.206863 2.508551
v -4.927309 -5.209192 2.630007
v -2.612143 -5.212487 2.514585
v -0.049933 -5.271936 5.077909
v -4.678434 -4.786695 5.080847
v -2.702604 -5.026306 5.084162
v -2.803373 -4.790730 5.091597
v -4.681253 -1.115158 5.111195
v -2.827814 -2.948121 5.075438
v -2.606298 -2.690806 5.116680
v -5.170153 -2.631321 2.551530
v -5.164793 -0.113135 5.154108
v -5.159166 -5.017057 4.835950
v -5.168947 -5.202350 2.508796
v -5.158953 -5.256279 5.066147
v -2.718634 -5.260817 4.831340
v -2.835112 -5.255321 4.590754
v -4.925276 -2.815599 5.114360
v -4.691191 -2.945347 5.114627
v -2.601866 -5.261820 5.076731
v -0.049761 -5.267257 5.082885
v -2.602160 -5.266312 5.071918
v -5.155138 -4.769075 4.601530
v -5.111635 -4.769136 4.601414
v -5.169897 -4.684128 0.963644
v -5.118567 -2.887088 2.822125
v -5.167345 -2.887240 2.834454
v -4.934523 -5.162772 0.429469
v -5.174414 -5.153034 -0.048926
v -5.113783 -1.090202 4.696626
v -5.164808 -1.090293 4.705307
v -5.159967 -2.930325 4.654876
v -5.113771 -1.091490 4.699610
v -4.916502 -5.021581 5.075712
v -5.159231 -2.685924 5.114094
v -5.154455 -5.256356 5.070582
v -5.174089 -4.691597 0.952231
v -5.167841 -4.968535 2.643938
v -5.166739 -4.734674 2.779106
v -4.685827 -5.250542 4.595201
v -5.164000 -0.115358 5.157608
v -1.008402 -4.778767 4.980952
v -2.838747 -4.779486 4.985329
v -4.681257 -5.246093 4.586441
v -4.681219 -5.202608 4.587417
v -2.841764 -5.212081 2.749383
v -0.996466 -5.208925 4.579714
v -2.841726 -5.165801 2.750408
v -2.611654 -5.208993 2.514106
v -0.047804 -5.268474 5.079252
v -4.687025 -5.168507 0.920088
v -4.686987 -5.122677 0.921106
v -4.676989 -5.246196 4.590690
v -2.837324 -5.205847 4.587195
v -2.837362 -5.250957 4.586190
v -5.163607 -2.685849 5.109730
v -5.163904 -2.806917 4.884678
v -5.162458 -4.730245 2.780905
v -5.111647 -4.773295 4.597040
v -5.168261 -0.115831 5.153301
v -5.175512 -5.149514 -0.051052
v -3.462698 -3.510374 3.394108
v -5.154375 -5.260689 5.065892
v -4.681181 -5.159120 4.588393
v -2.841688 -5.119520 2.751436
v -4.686949 -5.076846 0.922123
v -0.996424 -5.162194 4.580747
v -4.674269 -4.775908 4.989818
v -4.672373 -2.945676 5.034016
v -1.006922 -4.775485 4.980810
v -4.667521 -1.114318 5.078194
v -2.836603 -2.945013 5.029679
v -5.123354 -4.683914 0.947688
v -5.069792 -2.886936 2.809799
v -5.068132 -4.769197 4.601298
v -5.062758 -1.090109 4.687946
v -0.927698 -4.794789 5.102340
v -2.816214 -2.949061 5.125379
v -4.698183 -1.117172 5.144310
v -4.684389 -1.116305 5.111166
v -4.670591 -1.115441 5.078022
v -4.670012 -4.780164 4.989706
v -5.159384 -4.777762 4.605683
v -5.063879 -4.769101 4.597028
v -5.065023 -3.515769 3.406222
v -5.068266 -4.725876 2.766393
v -5.065596 -2.890011 2.811674
v -5.072649 -4.682691 0.937513
v -4.690191 -5.211525 2.751475
v -4.694578 -5.172511 0.907974
v -4.681303 -5.113788 2.758095
v -4.685686 -5.072751 0.929467
v -4.676950 -5.202707 4.591666
v -2.837286 -5.160740 4.588199
v -2.842207 -4.774959 4.981189
v -1.016153 -4.774118 4.976830
v -4.670015 -4.775803 4.985550
v -3.449705 -3.556505 5.012118
v -5.164206 -2.927998 4.659596
v -5.061209 -2.932335 4.641445
v -5.058542 -1.097345 4.685819
v -5.076925 -4.686834 0.933109
v -2.839567 -5.216304 2.747039
v -0.997698 -5.208989 4.582723
v -0.997740 -5.255716 4.581689
v -0.997660 -5.162262 4.583756
v -4.671438 -4.781953 5.076705
v -4.671766 -4.782645 5.078320
v -4.672827 -4.781026 5.076714
v -4.673513 -4.781745 5.078230
v -4.674097 -4.783611 5.079674
v -4.674086 -4.782329 5.079134
v -4.674414 -4.779964 5.078353
v -4.673761 -4.779641 5.076733
v -4.674097 -4.778011 5.076760
v -4.675352 -4.782301 5.079690
v -4.676764 -4.784665 5.080565
v -4.675413 -4.783663 5.080118
v -5.170157 -4.686996 0.963595
v -5.171595 -4.687020 0.961694
v -5.170321 -4.686304 0.962874
v -5.172354 -4.687760 0.960459
v -5.172812 -4.688470 0.958840
v -5.170229 -4.685297 0.962891
v -5.173758 -4.690727 0.954969
v -5.173281 -4.689131 0.957621
v -0.943789 -4.789608 5.098254
v -0.940367 -4.790127 5.099877
v -0.942457 -4.789317 5.097756
v -0.941671 -4.788607 5.097634
v -0.937258 -4.790347 5.100582
v -0.939169 -4.789530 5.099486
v -0.930594 -4.793588 5.102099
v -0.931658 -4.792930 5.102089
v -0.934347 -4.791573 5.101291
v -0.936106 -4.791293 5.101224
v -0.941549 -4.787584 5.097906
v -0.938395 -4.789048 5.100039
v -4.697870 -1.115772 5.144138
v -4.699141 -1.114129 5.145864
v -4.697157 -1.115058 5.144058
v -4.699522 -1.112270 5.146572
v -4.694994 -1.115997 5.144201
v -4.698267 -1.113378 5.145687
v -4.696146 -1.115136 5.144081
v -0.996336 -5.255712 4.581455
v -0.994925 -5.257360 4.582011
v -0.992727 -5.258190 4.582236
v -0.991400 -5.258790 4.582974
v -0.996504 -5.255655 4.578678
v -0.993734 -5.257292 4.581391
v -0.995668 -5.255679 4.579829
v -0.990206 -5.258786 4.583626
v -0.987726 -5.259733 4.584526
v -0.987009 -5.259752 4.585409
v -5.156771 -4.773607 4.599100
v -5.155146 -4.772947 4.598786
v -5.155146 -4.773232 4.597145
v -5.158144 -4.774599 4.601409
v -5.156710 -4.773308 4.600117
v -5.155142 -4.772056 4.600195
v -5.157583 -4.773335 4.601433
v -5.158144 -4.773340 4.602700
v -5.158594 -4.774679 4.602730
v -5.159063 -4.775710 4.604059
v -5.155138 -4.770697 4.601158
v -5.156763 -4.771008 4.601813
v -5.156710 -4.772021 4.601460
v -5.164824 -1.091579 4.708282
v -5.166437 -1.088318 4.708963
v -5.164740 -1.090174 4.708080
v -5.167803 -1.084537 4.710199
v -5.167612 -1.085699 4.709642
v -5.168245 -1.083439 4.710781
v -5.168707 -1.080917 4.712269
v -5.164732 -1.089480 4.706468
v -5.166426 -1.087732 4.707824
v -4.678919 -5.247829 4.591007
v -4.678618 -5.246187 4.590370
v -4.681276 -5.249231 4.591975
v -4.679953 -5.247764 4.590692
v -4.680002 -5.246165 4.589450
v -4.681292 -5.248640 4.590687
v -4.683702 -5.250183 4.593448
v -4.682592 -5.249197 4.590666
v -4.682657 -5.249680 4.592037
v -4.680929 -5.246133 4.588071
v -4.681604 -5.247765 4.588335
v -4.681284 -5.247731 4.589370
v -4.690043 -5.168527 0.921348
v -4.690393 -5.170095 0.918377
v -4.689817 -5.168497 0.919947
v -4.691824 -5.171383 0.913940
v -4.690580 -5.170871 0.916289
v -4.688185 -5.168487 0.919264
v -4.689711 -5.170018 0.917367
v -4.691050 -5.171274 0.915365
v -5.165361 -0.113588 5.156881
v -5.165625 -0.115479 5.157257
v -5.163385 -0.113548 5.156581
v -5.163435 -0.114331 5.157339
v -5.167002 -0.115611 5.156317
v -5.165278 -0.112359 5.156284
v -5.166822 -0.113246 5.156166
v -5.165606 -0.112464 5.154947
v -5.163866 -0.113128 5.155445
v -5.166121 -0.113120 5.153184
v -5.166933 -0.112394 5.154626
v -5.167925 -0.115733 5.154926
v -5.167997 -0.114576 5.152748
v -5.167536 -0.113712 5.154691
v -5.167246 -0.113627 5.152706
v -0.049032 -5.271660 5.077428
v -0.049898 -5.271609 5.079747
v -0.048311 -5.270906 5.077514
v -0.048124 -5.271199 5.079551
v -0.049852 -5.270606 5.081335
v -0.046995 -5.270585 5.079544
v -0.047655 -5.270447 5.081174
v -0.047140 -5.269225 5.079979
v -0.047880 -5.269786 5.078155
v -0.047838 -5.267442 5.080611
v -0.046953 -5.268847 5.081373
v -0.049803 -5.269077 5.082438
v -0.048899 -5.266784 5.082577
v -0.048059 -5.268871 5.082009
v -0.048224 -5.266849 5.081778
v -5.156176 -5.256350 5.070236
v -5.154440 -5.258047 5.070198
v -5.157637 -5.256333 5.069273
v -5.156103 -5.257977 5.069700
v -5.154421 -5.259464 5.069172
v -5.157026 -5.258868 5.068608
v -5.156050 -5.259274 5.068995
v -5.158606 -5.257968 5.066077
v -5.158609 -5.256308 5.067837
v -5.157618 -5.259397 5.066005
v -5.158106 -5.257939 5.067721
v -5.157434 -5.257922 5.069041
v -5.154398 -5.260391 5.067662
v -5.156130 -5.260354 5.065941
v -5.156080 -5.259901 5.067635
v -5.157427 -5.259244 5.067630
v -5.178694 -5.147871 -0.049468
v -5.178602 -5.150179 -0.048474
v -5.177954 -5.147895 -0.050390
v -5.178213 -5.149914 -0.050445
v -5.177622 -5.151683 -0.048642
v -5.177614 -5.149853 -0.051732
v -5.177465 -5.151469 -0.050981
v -5.176268 -5.150247 -0.051673
v -5.176836 -5.148471 -0.050947
v -5.174494 -5.150850 -0.051032
v -5.175890 -5.151609 -0.051834
v -5.175928 -5.152246 -0.050648
v -5.173899 -5.152757 -0.049882
v -5.176149 -5.152686 -0.048801
v -5.173925 -5.151991 -0.050621
v -1.007307 -4.777462 4.979330
v -1.010019 -4.778142 4.979377
v -1.006487 -4.778665 4.980900
v -1.005533 -4.778006 4.980854
v -1.009928 -4.777074 4.978199
v -1.012060 -4.777039 4.978040
v -1.008806 -4.776946 4.978496
v -1.005686 -4.776889 4.980824
v -1.008654 -4.775110 4.979246
v -1.009508 -4.776143 4.978159
v -1.014215 -4.775625 4.977146
v -1.013651 -4.774371 4.977093
v -1.011560 -4.775934 4.977473
v -1.011015 -4.774719 4.977941
v -4.670015 -4.779800 4.988085
v -4.671644 -4.779842 4.989718
v -4.670019 -4.778845 4.986725
v -4.671686 -4.779410 4.988056
v -4.673025 -4.778918 4.989743
v -4.671602 -4.778635 4.986950
v -4.672812 -4.778664 4.988161
v -4.671648 -4.775812 4.985878
v -4.670019 -4.777440 4.985834
v -4.673029 -4.775834 4.986805
v -4.671690 -4.777491 4.986229
v -4.672812 -4.777426 4.986983
v -4.673944 -4.777536 4.989779
v -4.673948 -4.775868 4.988189
v -4.673559 -4.777537 4.988107
v -4.669333 -1.114499 5.076513
v -4.670538 -1.113608 5.078100
v -4.669458 -1.116302 5.076469
v -4.668085 -1.115770 5.075433
v -4.669935 -1.112751 5.078161
v -4.665094 -1.119074 5.074324
v -4.666269 -1.119504 5.074259
v -4.665770 -1.116933 5.075270
v -4.666739 -1.117100 5.074714
v -4.667940 -1.117727 5.075148
v -4.667978 -1.114005 5.076588
v -4.666620 -1.115264 5.076630
v -4.668875 -1.112999 5.078194
v -5.068140 -4.773070 4.598572
v -5.066515 -4.773033 4.596939
v -5.068136 -4.772178 4.599977
v -5.066469 -4.772681 4.598619
v -5.065134 -4.772110 4.596957
v -5.066553 -4.771957 4.599762
v -5.065344 -4.771932 4.598549
v -5.066500 -4.769189 4.600970
v -5.068132 -4.770817 4.600933
v -5.065123 -4.769169 4.600043
v -5.066462 -4.770852 4.600537
v -5.065340 -4.770752 4.599788
v -5.064207 -4.770729 4.596989
v -5.064199 -4.769139 4.598658
v -5.064592 -4.770810 4.598659
v -5.075495 -4.686133 0.932298
v -5.077257 -4.686566 0.931740
v -5.075293 -4.686538 0.934102
v -5.074118 -4.685466 0.933007
v -5.075598 -4.685571 0.931160
v -5.077353 -4.685876 0.930998
v -5.074549 -4.685095 0.932034
v -5.072966 -4.682341 0.935628
v -5.072977 -4.684299 0.936486
v -5.073870 -4.682414 0.933869
v -5.073442 -4.684115 0.934172
v -5.073904 -4.685647 0.935288
v -5.074102 -4.684086 0.932402
v -5.076807 -4.683705 0.931732
v -5.075457 -4.684403 0.931538
v -5.075216 -4.682890 0.932500
v -5.077192 -4.684870 0.930995
v -5.061144 -1.091078 4.689997
v -5.061117 -1.092779 4.690307
v -5.062651 -1.089999 4.690729
v -5.061171 -1.089985 4.689523
v -5.059931 -1.092199 4.689094
v -5.059759 -1.094393 4.689113
v -5.060297 -1.091140 4.688868
v -5.061155 -1.090349 4.688402
v -5.062670 -1.089299 4.689111
v -5.061144 -1.091242 4.686951
v -5.059935 -1.091612 4.687849
v -5.058855 -1.095997 4.687538
v -5.058859 -1.095157 4.685802
v -5.059320 -1.093568 4.687635
v -5.059774 -1.093014 4.686199
v -0.997355 -5.160674 4.583112
v -0.996260 -5.162258 4.583524
v -0.999048 -5.160625 4.583472
v -0.998499 -5.159397 4.582468
v -0.996275 -5.160703 4.582600
v -0.997454 -5.159773 4.582136
v -1.001585 -5.158225 4.579418
v -1.002329 -5.158264 4.581225
v -0.999449 -5.159152 4.579570
v -0.999922 -5.158735 4.581146
v -1.000689 -5.159220 4.582582
v -0.997969 -5.159371 4.581182
v -0.996683 -5.160639 4.581481
v -0.997637 -5.160547 4.580036
v -0.995592 -5.162222 4.581896
v -4.678541 -5.159209 4.592322
v -4.676909 -5.157581 4.592355
v -4.676909 -5.159217 4.592643
v -4.679926 -5.159187 4.591402
v -4.678579 -5.157530 4.591968
v -4.676909 -5.156178 4.591461
v -4.679709 -5.157597 4.591220
v -4.678495 -5.156388 4.591244
v -4.680853 -5.157489 4.588428
v -4.680853 -5.159156 4.590021
v -4.679930 -5.156109 4.588457
v -4.680460 -5.157486 4.590100
v -4.679709 -5.156359 4.590039
v -4.676912 -5.155224 4.590101
v -4.678545 -5.155186 4.588475
v -4.678583 -5.155614 4.590137
v -4.689356 -5.075182 0.922505
v -4.689447 -5.075263 0.924333
v -4.689928 -5.076831 0.921524
v -4.689344 -5.076812 0.920631
v -4.688532 -5.074087 0.923828
v -4.688452 -5.073916 0.925823
v -4.688425 -5.074402 0.922879
v -4.688028 -5.075172 0.921951
v -4.688295 -5.076818 0.920841
v -4.686659 -5.075241 0.923169
v -4.687128 -5.073035 0.927625
v -4.685976 -5.073023 0.927143
v -4.687471 -5.073370 0.925179
v -4.686319 -5.073898 0.924932
v -2.601286 -5.263570 5.076320
v -2.601137 -5.265039 5.075260
v -2.601442 -5.266002 5.073715
v -5.168608 -5.204064 2.507986
v -5.166151 -5.206505 2.507854
v -5.167627 -5.205523 2.507654
v -2.611158 -5.210319 2.513593
v -2.611425 -5.212209 2.513853
v -5.163271 -2.685136 5.111398
v -5.162321 -2.684900 5.112814
v -5.160906 -2.685177 5.113760
v -2.605783 -2.690358 5.118028
v -2.605948 -2.690815 5.119955
v -5.171480 -2.630829 2.551085
v -5.172602 -2.630792 2.551132
v -5.173346 -2.631219 2.551663
v -2.805990 -4.786371 5.089099
v -2.805136 -4.787442 5.090451
v -2.804216 -4.788972 5.091327
v -4.702253 -1.107126 5.148080
v -4.689512 -2.946237 5.114310
v -4.687975 -2.946977 5.113404
v -4.686811 -2.947451 5.112044
v -2.817041 -2.949976 5.125075
v -2.817865 -2.950710 5.124172
v -2.818563 -2.951148 5.122809
v -5.164087 -4.730584 2.781000
v -5.165476 -4.731544 2.780691
v -5.166407 -4.732982 2.780026
v -5.161593 -2.930149 4.655356
v -5.162970 -2.929644 4.656421
v -5.163885 -2.928891 4.657910
v -5.171232 -2.885707 2.833719
v -5.170317 -2.886516 2.834390
v -5.168951 -2.887055 2.834648
v -2.835974 -5.254958 4.588979
v -2.836706 -5.254001 4.587487
v -2.837194 -5.252595 4.586508
v -4.688456 -5.211216 2.752372
v -4.686983 -5.210308 2.753147
v -4.685995 -5.208936 2.753681
v -4.693602 -5.172240 0.910686
v -2.840410 -5.215995 2.747907
v -2.841124 -5.215082 2.748657
v -2.841600 -5.213710 2.749177
v -2.841291 -4.776612 4.981470
v -2.840315 -4.778051 4.982355
v -2.839422 -4.779059 4.983711
v -4.671759 -2.945798 5.032408
v -4.670591 -2.946226 5.031034
v -4.669046 -2.946895 5.030106
v -2.837141 -2.945130 5.028054
v -2.838057 -2.945690 5.026667
v -2.839212 -2.946605 5.025728
v -5.068594 -4.727486 2.765599
v -5.069521 -4.728852 2.765041
v -5.070906 -4.729767 2.764804
v -5.061525 -2.931555 4.643125
v -5.062441 -2.930895 4.644608
v -5.063814 -2.930456 4.645668
v -5.068186 -2.887167 2.809617
v -5.066824 -2.887832 2.809909
v -5.065916 -2.888829 2.810631
v -2.837446 -5.159099 4.587911
v -2.837912 -5.157699 4.587020
v -2.838610 -5.156744 4.585660
v -4.685247 -5.116370 2.756085
v -4.684320 -5.114999 2.756574
v -4.682936 -5.114092 2.757279
v -2.841917 -5.117895 2.751701
v -2.842566 -5.116528 2.752384
v -2.843546 -5.115626 2.753383
v -4.671541 -4.780896 5.033211
v -4.672926 -4.779973 5.033228
v -4.673853 -4.778589 5.033255
v -4.682459 -1.114291 5.111212
v -4.684153 -1.114915 5.111195
v -5.123350 -4.686779 0.947546
v -5.123354 -4.686088 0.946772
v -5.123354 -4.685082 0.946821
v -5.113775 -1.090087 4.699419
v -5.113779 -1.089389 4.697803
v -4.680891 -5.202644 4.589047
v -4.679964 -5.202676 4.590426
v -4.678579 -5.202696 4.591347
v -0.996298 -5.208987 4.582491
v -0.995630 -5.208953 4.580862
v -0.974478 -4.783942 5.039620
v -0.973623 -4.782185 5.039659
v -0.973612 -4.783238 5.039637
v -5.111635 -4.770758 4.601045
v -5.111635 -4.772119 4.600086
v -5.111643 -4.773010 4.598679
v -4.688147 -5.122658 0.920282
v -4.689775 -5.122670 0.920964
v -4.225554 -2.952428 4.977848
v -3.886438 -3.032303 4.975234
v -4.057142 -3.188785 4.972110
v -3.878103 -3.416886 4.970365
v -3.664160 -3.616774 5.017363
v -3.858976 -3.400638 5.022711
v -3.705774 -3.258814 4.969685
v -3.340632 -3.318808 4.967456
v -3.511053 -3.475037 4.964337
v -2.917391 -3.707317 4.961640
v -2.718046 -3.890654 5.008910
v -2.702955 -3.875533 4.957330
v -3.090120 -3.865562 4.954509
v -3.046469 -4.190339 4.947070
v -3.260782 -4.022009 4.951386
v -4.058928 -3.190518 4.975909
v -4.039797 -3.174270 5.028256
v -3.713697 -2.874047 4.982365
v -3.903166 -2.635569 5.040094
v -3.728792 -2.889167 5.033949
v -3.338564 -3.317010 4.971462
v -3.146265 -3.535435 5.017958
v -3.131174 -3.520314 4.966374
v -3.474279 -3.834743 4.956126
v -3.681498 -3.631287 4.961217
v -3.133249 -3.522117 4.962367
v -3.303755 -3.678422 4.959247
v -2.501219 -4.041492 5.004985
v -2.486128 -4.026374 4.953406
v -2.608480 -4.478905 4.943386
v -2.812368 -4.326726 4.999290
v -2.831484 -4.342965 4.946977
v -3.048296 -4.192107 4.950893
v -3.243467 -4.007522 5.007531
v -3.262590 -4.023765 4.955200
v -2.262960 -4.183651 5.002163
v -2.247870 -4.168533 4.950586
v -1.922529 -4.351100 5.004278
v -1.907438 -4.335982 4.952704
v -2.127947 -4.718071 4.936866
v -2.355722 -4.586629 4.992326
v -2.374830 -4.602857 4.940042
v -2.875757 -4.033844 4.950195
v -2.829641 -4.341177 4.943144
v -1.416311 -4.571944 5.014381
v -1.401220 -4.556828 4.962806
v -0.814882 -4.823919 5.029163
v -0.799791 -4.808799 4.977589
v -1.873426 -4.828793 4.933776
v -2.108847 -4.701849 4.989132
v -2.428309 -4.323746 4.943055
v -2.371920 -4.601586 4.936238
v -2.606489 -4.477175 4.939547
v -4.227251 -2.954290 4.981643
v -4.208120 -2.938041 5.033991
v -4.392447 -2.701378 4.987733
v -4.373316 -2.685131 5.040082
v -4.096609 -2.246865 4.997448
v -4.387838 -1.694307 5.062511
v -4.111704 -2.261985 5.049030
v -3.535257 -3.102497 4.972807
v -4.563280 -2.426719 4.994302
v -4.544149 -2.410468 5.046652
v -4.735991 -2.143060 5.001066
v -4.716860 -2.126813 5.053415
v -4.372747 -1.679186 5.010929
v -4.703447 -1.014450 5.078620
v -4.244654 -2.474142 4.988687
v -3.890070 -2.622393 4.984499
v -4.057787 -2.787388 4.981174
v -3.645029 -3.600526 5.069707
v -3.839846 -3.384390 5.075057
v -3.085829 -3.864393 5.066246
v -3.005388 -4.155445 5.059480
v -2.871466 -4.032676 5.061931
v -2.932482 -3.722437 5.013223
v -2.733137 -3.905774 5.060493
v -2.520754 -4.060784 5.060457
v -2.424017 -4.322579 5.054792
v -2.282682 -4.202871 5.057626
v -4.020666 -3.158023 5.080605
v -4.188990 -2.921791 5.086341
v -3.353655 -3.332132 5.023046
v -3.563375 -3.130942 5.079984
v -3.368750 -3.347253 5.074633
v -3.161360 -3.550555 5.069544
v -3.548281 -3.115822 5.028397
v -3.743883 -2.904287 5.085534
v -3.456949 -3.820241 5.012272
v -3.029177 -4.175867 5.003216
v -3.224344 -3.991277 5.059864
v -3.010054 -4.159628 5.055541
v -2.278051 -4.198772 5.053740
v -2.737555 -3.909922 5.064383
v -2.654650 -4.183525 5.058006
v -2.589365 -4.462672 4.995685
v -2.793253 -4.310488 5.051605
v -2.570253 -4.446439 5.047988
v -1.431402 -4.587062 5.065956
v -2.136980 -4.468281 5.054170
v -1.943464 -4.369764 5.059678
v -2.336615 -4.570400 5.044615
v -1.854334 -4.812576 4.986022
v -2.089747 -4.685624 5.041405
v -0.829969 -4.839035 5.080737
v -4.016062 -3.153895 5.084520
v -3.701483 -3.257646 5.081423
v -3.882147 -3.031136 5.086972
v -3.918257 -2.650689 5.091677
v -4.126795 -2.277105 5.100612
v -4.354185 -2.668882 5.092431
v -4.525019 -2.394220 5.099001
v -4.053495 -2.786220 5.092911
v -4.350378 -2.663529 5.096375
v -4.184496 -2.917503 5.090260
v -4.402933 -1.709427 5.114093
v -4.718538 -1.029569 5.130200
v -4.697729 -2.110562 5.105764
v -3.533190 -3.100701 4.976812
v -4.714151 -1.567401 5.014498
v -4.719027 -2.118689 5.053602
v -4.712168 -1.566862 5.066107
v -4.700106 -2.102507 5.105789
v -4.710184 -1.566322 5.117717
v -3.567755 -3.135057 5.083871
v -3.748270 -2.908411 5.089422
v -2.947573 -3.737556 5.064807
v -3.373129 -3.351365 5.078520
v -4.468142 -2.052972 4.998711
v -4.098101 -2.249757 4.993413
v -3.876318 -3.415153 4.966564
v -4.130446 -2.282591 5.104470
v -4.463846 -2.051803 5.110450
v -4.240362 -2.472974 5.100425
v -1.334616 -4.819618 4.955880
v -0.815294 -4.825522 5.029079
v -1.332628 -4.819075 5.007642
v -0.830385 -4.840507 5.080706
v -1.330641 -4.818536 5.059384
v -2.788557 -4.306283 5.055555
v -3.476076 -3.836488 4.959934
v -3.835238 -3.380258 5.078975
v -3.506762 -3.473869 5.076074
v -3.437822 -3.803996 5.064612
v -4.710390 -1.575183 5.010054
v -4.373198 -1.684259 5.006841
v -4.735312 -2.139597 4.997311
v -4.563227 -2.422236 4.990571
v -4.694304 -2.104607 5.109724
v -4.522512 -2.386763 5.102996
v -4.405314 -1.717575 5.117888
v -4.705572 -1.575051 5.121766
v -2.141272 -4.469448 4.942434
v -2.122824 -4.717821 4.933161
v -2.705057 -3.877363 4.953319
v -2.658941 -4.184693 4.946269
v -2.516310 -4.056613 5.056564
v -2.080935 -4.683323 5.045614
v -1.760431 -4.636313 5.057625
v -2.919474 -3.709129 4.957632
v -2.488253 -4.028224 4.949394
v -3.299463 -3.677253 5.070983
v -3.165747 -3.554675 5.073431
v -3.888071 -2.620448 4.988510
v -3.922545 -2.654987 5.095562
v -1.764727 -4.637481 4.945888
v -1.874685 -4.825784 4.930317
v -1.406824 -4.557184 4.958609
v -1.344378 -4.815591 4.951641
v -1.440203 -4.589345 5.069627
v -1.341753 -4.813716 5.063356
v -0.850229 -4.836524 5.084020
v -1.833666 -4.790915 5.042825
v -4.705305 -1.014965 5.078613
v -4.690393 -0.999890 5.027159
v -4.391298 -2.698662 4.983959
v -4.720217 -1.030040 5.130084
v -2.330568 -4.566835 5.048662
v -3.683287 -3.633019 4.965021
v -2.951971 -3.741688 5.068696
v -2.565371 -4.442300 5.051960
v -2.250151 -4.170334 4.946563
v -1.937620 -4.366218 5.055855
v -1.835241 -4.796356 5.038276
v -3.219698 -3.987116 5.063796
v -3.433199 -3.799850 5.068536
v -3.640417 -3.596393 5.073627
v -3.715773 -2.875851 4.978359
v -1.910681 -4.337343 4.948629
v -0.800200 -4.810527 4.977454
v -0.801077 -4.809600 4.976091
v -0.798891 -4.810439 4.977750
v -0.803343 -4.809833 4.975826
v -0.803553 -4.808606 4.974768
v -0.799746 -4.809250 4.976255
v -0.802000 -4.808477 4.975238
v -0.810827 -4.805344 4.973536
v -0.810991 -4.807068 4.973462
v -0.814337 -4.805416 4.973085
v -0.806829 -4.805963 4.974551
v -0.806845 -4.807166 4.974071
v -0.807131 -4.808618 4.974424
v -0.803427 -4.807482 4.974822
v -0.800890 -4.808356 4.976161
v -0.802954 -4.807176 4.975973
v -4.738211 -2.135900 4.999882
v -4.737818 -2.136828 5.001498
v -4.737947 -2.134868 5.001445
v -4.737803 -2.137162 4.998548
v -4.737967 -2.137770 4.999927
v -4.737398 -2.139074 5.001447
v -4.737886 -2.138646 4.998683
v -4.737722 -2.139648 4.999024
v -4.737196 -2.139715 4.998046
v -4.736788 -2.138460 4.997646
v -4.736269 -2.140853 4.997576
v -4.737417 -2.140727 4.998609
v -4.736757 -2.141264 5.001294
v -4.736635 -2.142729 4.999608
v -4.737204 -2.141075 4.999793
v -4.736734 -2.141955 4.998383
v -4.689432 -1.000360 5.025716
v -4.689749 -1.002525 5.025528
v -4.690241 -0.998557 5.027393
v -4.689013 -0.999077 5.025814
v -4.688478 -1.002402 5.024383
v -4.688593 -1.005663 5.024122
v -4.688292 -1.000988 5.024809
v -4.688356 -0.999331 5.027038
v -4.688082 -1.000044 5.025680
v -4.689138 -0.998255 5.027327
v -4.686876 -1.001860 5.025458
v -4.687300 -1.002150 5.024369
v -4.687101 -1.008825 5.023158
v -4.685331 -1.008464 5.023154
v -4.685503 -1.011532 5.022782
v -4.687086 -1.005148 5.023683
v -4.685816 -1.005068 5.024092
v -0.832518 -4.840342 5.082186
v -0.834864 -4.840435 5.082044
v -0.828539 -4.840238 5.081064
v -0.831106 -4.840099 5.082263
v -0.836180 -4.839829 5.083164
v -0.840208 -4.839651 5.083143
v -0.834234 -4.839645 5.082929
v -0.832396 -4.839224 5.082227
v -0.834616 -4.838048 5.082133
v -0.836126 -4.838801 5.083207
v -0.845606 -4.838278 5.083837
v -0.845579 -4.836690 5.083910
v -0.840506 -4.838506 5.083605
v -0.840094 -4.837224 5.083247
v -4.699839 -2.104438 5.105912
v -4.699198 -2.103012 5.107303
v -4.699293 -2.106649 5.105949
v -4.698877 -2.104648 5.107298
v -4.697779 -2.103588 5.108584
v -4.697935 -2.105935 5.108073
v -4.697897 -2.104883 5.108416
v -4.697248 -2.109392 5.107256
v -4.698553 -2.108800 5.105898
v -4.696432 -2.107850 5.108532
v -4.697935 -2.107746 5.107274
v -4.697310 -2.106741 5.108394
v -4.698565 -2.106219 5.107278
v -4.696058 -2.104149 5.109432
v -4.695398 -2.106168 5.109399
v -4.696714 -2.105483 5.108978
v -4.720106 -1.031681 5.131673
v -4.719278 -1.028474 5.130422
v -4.720278 -1.033868 5.131562
v -4.719698 -1.034779 5.132725
v -4.719801 -1.030363 5.131729
v -4.719442 -1.033044 5.132448
v -4.716822 -1.042594 5.133572
v -4.718435 -1.042812 5.133563
v -4.716818 -1.046570 5.133786
v -4.717150 -1.037966 5.132818
v -4.718496 -1.038386 5.133222
v -4.719648 -1.038352 5.132783
v -4.718637 -1.034615 5.132742
v -4.718924 -1.031455 5.131707
v -4.717752 -1.033394 5.131633
v -3.475401 -3.835779 4.956398
v -3.682615 -3.632316 4.961489
v -3.476137 -3.836475 4.957217
v -3.683348 -3.633009 4.962307
v -3.476374 -3.836722 4.958459
v -3.683584 -3.633256 4.963547
v -3.261908 -4.023049 4.951659
v -3.262648 -4.023749 4.952479
v -3.262888 -4.023999 4.953722
v -3.339483 -3.317766 4.967779
v -3.534113 -3.101457 4.973130
v -3.338690 -3.317056 4.968654
v -3.533316 -3.100747 4.974005
v -3.338366 -3.316793 4.969947
v -3.714624 -2.874806 4.978682
v -3.713827 -2.874096 4.979557
v -3.532991 -3.100484 4.975297
v -4.058256 -3.189817 4.972382
v -3.877436 -3.416183 4.966835
v -4.058989 -3.190507 4.973199
v -3.878164 -3.416873 4.967654
v -4.059221 -3.190752 4.974438
v -3.878401 -3.417120 4.968893
v -3.132101 -3.521072 4.962690
v -2.918322 -3.708079 4.957955
v -3.131304 -3.520363 4.963566
v -2.917521 -3.707366 4.958831
v -3.130980 -3.520095 4.964859
v -2.917192 -3.707099 4.960124
v -2.703898 -3.876308 4.953642
v -2.487085 -4.027161 4.949717
v -2.703093 -3.875590 4.954519
v -2.486273 -4.026436 4.950594
v -2.702761 -3.875317 4.955812
v -2.485937 -4.026161 4.951889
v -3.047606 -4.191386 4.947343
v -3.048349 -4.192089 4.948165
v -3.048594 -4.192343 4.949412
v -2.830782 -4.342230 4.943418
v -2.831533 -4.342942 4.944243
v -2.831781 -4.343197 4.945493
v -2.607687 -4.478210 4.939820
v -2.608484 -4.478899 4.940645
v -2.608763 -4.479146 4.941897
v -2.373472 -4.602446 4.936492
v -2.374571 -4.602990 4.937304
v -2.375048 -4.603134 4.938551
v -2.248922 -4.169289 4.946889
v -1.909086 -4.336468 4.948975
v -2.248060 -4.168582 4.947768
v -1.907911 -4.335901 4.949871
v -2.247690 -4.168314 4.949067
v -1.907331 -4.335732 4.951180
v -1.874647 -4.827312 4.930426
v -1.340693 -4.817145 4.952004
v -1.874395 -4.828421 4.931123
v -1.337542 -4.818456 4.952937
v -1.873968 -4.828939 4.932298
v -1.335405 -4.819323 4.954298
v -2.125227 -4.718292 4.933371
v -2.127043 -4.718504 4.934149
v -2.128000 -4.718426 4.935376
v -1.404326 -4.556691 4.959002
v -1.402384 -4.556450 4.959938
v -1.401293 -4.556498 4.961274
v -3.888952 -2.621293 4.984824
v -3.888178 -2.620539 4.985700
v -3.713503 -2.873830 4.980850
v -4.097178 -2.248296 4.993746
v -4.096567 -2.247234 4.994630
v -3.887873 -2.620243 4.986995
v -4.392172 -2.700070 4.984222
v -4.226633 -2.953507 4.978117
v -4.392694 -2.701079 4.985030
v -4.227335 -2.954239 4.978934
v -4.392794 -2.701539 4.986264
v -4.227552 -2.954512 4.980171
v -4.711878 -1.572220 5.010449
v -4.713118 -1.569698 5.011431
v -4.713915 -1.568008 5.012853
v -4.372671 -1.681964 5.007194
v -4.372400 -1.680194 5.008096
v -4.096369 -2.246733 4.995930
v -4.372431 -1.679218 5.009406
v -4.563677 -2.424317 4.990816
v -4.563845 -2.425901 4.991611
v -4.563704 -2.426742 4.992835
v -3.644247 -3.599844 5.071189
v -3.437037 -3.803313 5.066095
v -3.643095 -3.598817 5.072454
v -3.435885 -3.802286 5.067362
v -3.641748 -3.597605 5.073310
v -3.434534 -3.801067 5.068218
v -3.223555 -3.990593 5.061351
v -3.222399 -3.989560 5.062619
v -3.221045 -3.988341 5.063478
v -3.564062 -3.131610 5.081490
v -3.369436 -3.347921 5.076138
v -3.565134 -3.132625 5.082757
v -3.370508 -3.348936 5.077406
v -3.566431 -3.133836 5.083593
v -3.371805 -3.350148 5.078242
v -3.744574 -2.904956 5.087040
v -3.745646 -2.905975 5.088308
v -3.746946 -2.907188 5.089144
v -3.839064 -3.383708 5.076538
v -4.019884 -3.157340 5.082085
v -3.837912 -3.382684 5.077803
v -4.018732 -3.156318 5.083349
v -3.836569 -3.381474 5.078658
v -4.017389 -3.155107 5.084204
v -2.948259 -3.738224 5.066315
v -3.162046 -3.551224 5.071049
v -2.949339 -3.739246 5.067582
v -3.163122 -3.552241 5.072317
v -2.950644 -3.740459 5.068419
v -3.164423 -3.553453 5.073154
v -2.517000 -4.057285 5.058072
v -2.733828 -3.906443 5.062000
v -2.518091 -4.058314 5.059342
v -2.734911 -3.907465 5.063269
v -2.519407 -4.059543 5.060179
v -2.736219 -3.908689 5.064105
v -3.009264 -4.158940 5.057030
v -3.008101 -4.157904 5.058302
v -3.006739 -4.156677 5.059162
v -2.792460 -4.309798 5.053099
v -2.791288 -4.308756 5.054374
v -2.789919 -4.307521 5.055237
v -2.569445 -4.445752 5.049487
v -2.568232 -4.444725 5.050769
v -2.566801 -4.443512 5.051636
v -2.335714 -4.569755 5.046122
v -2.334250 -4.568850 5.047422
v -2.332441 -4.567825 5.048313
v -1.938417 -4.366845 5.057359
v -2.278757 -4.199438 5.055249
v -1.939810 -4.367736 5.058613
v -2.279886 -4.200452 5.056516
v -1.941580 -4.368762 5.059427
v -2.281263 -4.201658 5.057351
v -1.331438 -4.818155 5.060951
v -1.834677 -4.795567 5.039833
v -1.333834 -4.817104 5.062256
v -1.834181 -4.794254 5.041244
v -1.337454 -4.815545 5.063100
v -1.833826 -4.792620 5.042295
v -2.088633 -4.685075 5.042931
v -2.086565 -4.684444 5.044266
v -2.083864 -4.683829 5.045209
v -1.432425 -4.587591 5.067448
v -1.434458 -4.588210 5.068670
v -1.437189 -4.588826 5.069435
v -3.918940 -2.651370 5.093183
v -3.919992 -2.652427 5.094450
v -3.921259 -2.653696 5.095286
v -4.127428 -2.277877 5.102116
v -4.128344 -2.279190 5.103378
v -4.129404 -2.280847 5.104204
v -4.188215 -2.921097 5.087821
v -4.353464 -2.668107 5.093913
v -4.187090 -2.920037 5.089086
v -4.352488 -2.666818 5.095183
v -4.185782 -2.918776 5.089943
v -4.351404 -2.665212 5.096048
v -4.709784 -1.566974 5.119331
v -4.708765 -1.568860 5.120668
v -4.707285 -1.571699 5.121523
v -4.403467 -1.710401 5.115593
v -4.404108 -1.712293 5.116841
v -4.404757 -1.714811 5.117646
v -4.524393 -2.393284 5.100487
v -4.523699 -2.391539 5.101768
v -4.523039 -2.389248 5.102649
v -4.717707 -2.125074 5.053456
v -4.718416 -2.122920 5.053506
v -4.718878 -2.120678 5.053559
v -4.704142 -1.013298 5.078647
v -4.705149 -1.013576 5.078644
v -0.813360 -4.825073 5.029178
v -2.768396 -5.099362 4.168686
v -2.856062 -5.092715 3.832606
v -3.008600 -5.098128 4.006756
v -3.240686 -5.100399 3.832922
v -3.443789 -5.149727 3.622562
v -3.223188 -5.151779 3.812373
v -3.086710 -5.091086 3.657174
v -3.155088 -5.083633 3.293572
v -3.307394 -5.089039 3.467460
v -3.553171 -5.082298 2.879288
v -3.739389 -5.131653 2.683145
v -3.726309 -5.079314 2.668780
v -3.707571 -5.083806 3.055605
v -4.033327 -5.086239 3.019346
v -3.860083 -5.089220 3.229727
v -3.010176 -5.102035 4.008512
v -2.992678 -5.153414 3.987964
v -2.701658 -5.091206 3.656279
v -2.457148 -5.144756 3.839173
v -2.714739 -5.143550 3.670645
v -3.153215 -5.087536 3.291388
v -3.374353 -5.137417 3.103085
v -3.361269 -5.085072 3.088719
v -3.667921 -5.091985 3.438862
v -3.459711 -5.094444 3.641355
v -3.363150 -5.081169 3.090908
v -3.515532 -5.086577 3.264883
v -3.895205 -5.128431 2.469852
v -3.882120 -5.076095 2.455489
v -4.331820 -5.083436 2.588053
v -4.173269 -5.138302 2.787319
v -4.190763 -5.086939 2.807860
v -4.034933 -5.090152 3.021136
v -3.844179 -5.144504 3.210954
v -3.861673 -5.093128 3.231501
v -4.042761 -5.124690 2.237143
v -4.029680 -5.072359 2.222781
v -4.217550 -5.119228 1.916095
v -4.204474 -5.066896 1.901733
v -4.582014 -5.075328 2.113197
v -4.443651 -5.130913 2.336804
v -4.461134 -5.079572 2.357337
v -3.880770 -5.080821 2.845170
v -4.189138 -5.083016 2.806052
v -4.448870 -5.111107 1.452569
v -4.435793 -5.058777 1.438208
v -4.712973 -5.101474 0.907750
v -4.699896 -5.049149 0.893389
v -4.698576 -5.070869 1.861320
v -4.564535 -5.126656 2.092670
v -4.180903 -5.073973 2.405632
v -4.460001 -5.075610 2.354559
v -4.330252 -5.079499 2.586112
v -2.770113 -5.103273 4.170357
v -2.752619 -5.154646 4.149812
v -2.513582 -5.104132 4.322522
v -2.496092 -5.155497 4.301980
v -2.065714 -5.093124 4.024760
v -1.504805 -5.145640 4.302237
v -2.078795 -5.145465 4.039124
v -2.934320 -5.085678 3.483191
v -2.235415 -5.104665 4.469533
v -2.217924 -5.156019 4.448995
v -1.944639 -5.105023 4.614185
v -1.927156 -5.156361 4.593653
v -1.491720 -5.093300 4.287872
v -0.817736 -5.145516 4.602250
v -2.289797 -5.094716 4.173854
v -2.446096 -5.088511 3.826924
v -2.607237 -5.093936 3.997794
v -3.426291 -5.201111 3.602012
v -3.205690 -5.203162 3.791824
v -3.702864 -5.195336 3.049001
v -3.995741 -5.196602 2.975204
v -3.876062 -5.192352 2.838566
v -3.566256 -5.134641 2.893652
v -3.752470 -5.183992 2.697508
v -3.912210 -5.184884 2.488654
v -4.176191 -5.185505 2.399027
v -4.059702 -5.181148 2.256110
v -2.975184 -5.204794 3.967416
v -2.735125 -5.206022 4.129266
v -3.166296 -5.139878 3.305754
v -2.958609 -5.194270 3.509736
v -3.179380 -5.192223 3.320119
v -3.387434 -5.189757 3.117450
v -2.945528 -5.141925 3.495371
v -2.727823 -5.195895 3.685009
v -3.652006 -5.147269 3.420077
v -4.017439 -5.141523 3.000591
v -3.826681 -5.195884 3.190406
v -3.999945 -5.192896 2.980045
v -4.055841 -5.177024 2.251506
v -3.756380 -5.188106 2.701926
v -4.031881 -5.189134 2.625283
v -4.314333 -5.134788 2.567516
v -4.155779 -5.189669 2.766776
v -4.296843 -5.186145 2.546977
v -4.461950 -5.163436 1.466930
v -4.328249 -5.180836 2.123147
v -4.233942 -5.175700 1.936131
v -4.426165 -5.182259 2.316270
v -4.681105 -5.122179 1.840800
v -4.547052 -5.177986 2.072140
v -4.726053 -5.153804 0.922110
v -2.971010 -5.208493 3.962613
v -3.082003 -5.202617 3.650569
v -2.851355 -5.204247 3.826002
v -2.470232 -5.197100 3.853538
v -2.091875 -5.197806 4.053489
v -2.478601 -5.206866 4.281435
v -2.200434 -5.207380 4.428455
v -2.602530 -5.205466 3.991191
v -2.473055 -5.210581 4.277421
v -2.730772 -5.209727 4.124566
v -1.517885 -5.197980 4.316601
v -0.830816 -5.197856 4.616613
v -1.909674 -5.207711 4.573117
v -2.932444 -5.089581 3.481006
v -1.372660 -5.099317 4.601866
v -1.370482 -5.150938 4.598809
v -1.368303 -5.202543 4.595753
v -2.962492 -5.198375 3.514124
v -2.731710 -5.200000 3.689406
v -3.579340 -5.186981 2.908017
v -3.183260 -5.196332 3.324505
v -1.863718 -5.095063 4.378919
v -2.068758 -5.089217 4.026362
v -3.239111 -5.096494 3.831167
v -2.097231 -5.201914 4.057140
v -1.859011 -5.206595 4.372313
v -2.285090 -5.206247 4.167250
v -4.700159 -5.060157 1.375395
v -4.714693 -5.101505 0.908296
v -4.697977 -5.111793 1.372338
v -4.727602 -5.153813 0.922630
v -4.695799 -5.163410 1.369281
v -4.151552 -5.193380 2.761909
v -3.669500 -5.095890 3.440625
v -3.201525 -5.206859 3.787026
v -3.302687 -5.200570 3.460856
v -3.634508 -5.198653 3.399527
v -1.381743 -5.095171 4.598063
v -1.497210 -5.089393 4.288375
v -1.945341 -5.101078 4.611446
v -2.230577 -5.100741 4.469548
v -1.907736 -5.211441 4.567348
v -2.192232 -5.211107 4.425819
v -1.526270 -5.202089 4.318886
v -1.378515 -5.206701 4.590784
v -4.332953 -5.069305 2.129752
v -4.581911 -5.071313 2.108295
v -3.728209 -5.075408 2.670994
v -4.036593 -5.077602 2.631887
v -3.908285 -5.180769 2.484215
v -4.544745 -5.181663 2.063332
v -4.504351 -5.174647 1.769318
v -3.555059 -5.078394 2.881486
v -3.884039 -5.072187 2.457722
v -3.510824 -5.198108 3.258278
v -3.391321 -5.193867 3.121840
v -2.444067 -5.092415 3.824807
v -2.474306 -5.201208 3.857835
v -4.509058 -5.063115 1.775922
v -4.695635 -5.066946 1.862551
v -4.436193 -5.054917 1.443531
v -4.696062 -5.056185 1.384572
v -4.463949 -5.167629 1.475278
v -4.690569 -5.167745 1.379615
v -4.723078 -5.158180 0.940738
v -4.658060 -5.177311 1.818463
v -0.818193 -5.145559 4.603925
v -0.805124 -5.093237 4.589709
v -2.510916 -5.100217 4.321401
v -0.831259 -5.197881 4.618132
v -4.422556 -5.185970 2.310166
v -3.461287 -5.098347 3.643111
v -3.583231 -5.191093 2.912419
v -4.292681 -5.189863 2.541939
v -4.031546 -5.068450 2.225147
v -4.230631 -5.171557 1.930456
v -4.663630 -5.173499 1.820275
v -3.822496 -5.199585 3.185585
v -3.630335 -5.202350 3.394720
v -3.422121 -5.204808 3.597213
v -2.703539 -5.087303 3.658472
v -4.205904 -5.062997 1.904946
v -4.701777 -5.049201 0.893955
v -4.700857 -5.047842 0.894597
v -4.701696 -5.049430 0.892625
v -4.701059 -5.047725 0.896823
v -4.699846 -5.046609 0.896821
v -4.700510 -5.047903 0.893275
v -4.699720 -5.046978 0.895328
v -4.696463 -5.045654 0.903310
v -4.698202 -5.045679 0.903658
v -4.696489 -5.045423 0.906582
v -4.697096 -5.046443 0.899655
v -4.698351 -5.046036 0.899763
v -4.699804 -5.046487 0.900230
v -4.698698 -5.046590 0.896575
v -4.699560 -5.047814 0.894287
v -4.698301 -5.047670 0.896170
v -4.700682 -5.049401 0.892318
v -0.805929 -5.091852 4.588789
v -0.808176 -5.091726 4.589044
v -0.803797 -5.093443 4.589600
v -0.804598 -5.091914 4.588419
v -0.808317 -5.090598 4.587819
v -0.811819 -5.090442 4.587856
v -0.806780 -5.090974 4.587670
v -0.804651 -5.093177 4.587885
v -0.805677 -5.091814 4.587514
v -0.803541 -5.093411 4.588613
v -0.807653 -5.091648 4.586324
v -0.808123 -5.090567 4.586681
v -0.815489 -5.089579 4.586327
v -0.815218 -5.089535 4.584594
v -0.818632 -5.089270 4.584689
v -0.811449 -5.089978 4.586395
v -0.811361 -5.090371 4.585170
v -4.727350 -5.155445 0.924474
v -4.727388 -5.155435 0.926741
v -4.727366 -5.154115 0.920751
v -4.727137 -5.155435 0.923097
v -4.726725 -5.156613 0.927821
v -4.726454 -5.156835 0.931624
v -4.726591 -5.156256 0.925977
v -4.726217 -5.155434 0.924251
v -4.724966 -5.155410 0.926277
v -4.725695 -5.156602 0.927673
v -4.724939 -5.157798 0.936541
v -4.723356 -5.157780 0.936358
v -4.725290 -5.157253 0.931756
v -4.724020 -5.156808 0.931281
v -0.833197 -5.199467 4.617957
v -0.829939 -5.198083 4.618136
v -0.835508 -5.199448 4.618059
v -0.836657 -5.200595 4.617444
v -0.831800 -5.199459 4.617705
v -0.834772 -5.200252 4.617256
v -0.845537 -5.201622 4.614332
v -0.845655 -5.201660 4.615923
v -0.850012 -5.201967 4.614187
v -0.840319 -5.200721 4.614845
v -0.840746 -5.201175 4.616133
v -0.840563 -5.200775 4.617283
v -0.836550 -5.200573 4.616412
v -0.833021 -5.199443 4.616827
v -0.835150 -5.199396 4.615646
v -3.668924 -5.092316 3.440003
v -3.460711 -5.094773 3.642494
v -3.669577 -5.093174 3.440738
v -3.461359 -5.095628 3.643227
v -3.669779 -5.094429 3.440957
v -3.461561 -5.096884 3.643444
v -3.861090 -5.089549 3.230872
v -3.861746 -5.090408 3.231612
v -3.861948 -5.091664 3.231833
v -3.154062 -5.083898 3.292399
v -2.933294 -5.085944 3.482018
v -3.153349 -5.084733 3.291573
v -2.932581 -5.086780 3.481190
v -3.153048 -5.086010 3.291218
v -2.702513 -5.087568 3.657296
v -2.701796 -5.088405 3.656467
v -2.932280 -5.088058 3.480835
v -3.009600 -5.098457 4.007894
v -3.240110 -5.096825 3.832305
v -3.010248 -5.099315 4.008628
v -3.240759 -5.097681 3.833038
v -3.010450 -5.100572 4.008845
v -3.240961 -5.098938 3.833254
v -3.362124 -5.081435 3.089733
v -3.554029 -5.078661 2.880308
v -3.361406 -5.082269 3.088905
v -3.553309 -5.079495 2.879476
v -3.361105 -5.083547 3.088549
v -3.553011 -5.080773 2.879118
v -3.727175 -5.075673 2.669810
v -3.882998 -5.072454 2.456530
v -3.726450 -5.076509 2.668973
v -3.882269 -5.073290 2.455687
v -3.726145 -5.077789 2.668612
v -3.881960 -5.074569 2.455321
v -4.034342 -5.086568 3.020498
v -4.035002 -5.087424 3.021243
v -4.035208 -5.088685 3.021467
v -4.190161 -5.083345 2.807213
v -4.190825 -5.084207 2.807964
v -4.191038 -5.085468 2.808191
v -4.331251 -5.079831 2.587324
v -4.331900 -5.080695 2.588119
v -4.332102 -5.081963 2.588375
v -4.460836 -5.075947 2.356093
v -4.461344 -5.076821 2.357160
v -4.461447 -5.078093 2.357596
v -4.030527 -5.068712 2.223904
v -4.205050 -5.063258 1.903379
v -4.029810 -5.069549 2.223018
v -4.204474 -5.064091 1.902218
v -4.029516 -5.070828 2.222623
v -4.204271 -5.065368 1.901640
v -4.697165 -5.067260 1.862555
v -4.697683 -5.056440 1.381135
v -4.698259 -5.068114 1.862322
v -4.699030 -5.057283 1.378185
v -4.698755 -5.069383 1.861889
v -4.699900 -5.058589 1.376169
v -4.582354 -5.071666 2.110643
v -4.582529 -5.072556 2.112399
v -4.582407 -5.073840 2.113296
v -4.435732 -5.055162 1.441155
v -4.435492 -5.055981 1.439311
v -4.435514 -5.057252 1.438275
v -2.445013 -5.088775 3.825777
v -2.444246 -5.089612 3.824972
v -2.701494 -5.089682 3.656110
v -2.067286 -5.089484 4.025412
v -2.066191 -5.090320 4.024774
v -2.443914 -5.090890 3.824631
v -2.512339 -5.100544 4.322299
v -2.769449 -5.099692 4.169792
v -2.513342 -5.101404 4.322826
v -2.770147 -5.100552 4.170499
v -2.513781 -5.102664 4.322905
v -2.770380 -5.101810 4.170697
v -1.378321 -5.095485 4.599593
v -1.375391 -5.096385 4.600854
v -1.373404 -5.097730 4.601651
v -1.945475 -5.101407 4.612966
v -1.945387 -5.102273 4.614020
v -1.945097 -5.103543 4.614448
v -1.494803 -5.089658 4.287845
v -1.492914 -5.090495 4.287564
v -2.065638 -5.091598 4.024544
v -1.491835 -5.091773 4.287573
v -2.232828 -5.101070 4.470012
v -2.234537 -5.101929 4.470172
v -2.235445 -5.103193 4.470003
v -3.425577 -5.202558 3.601181
v -3.633791 -5.200100 3.398696
v -3.424536 -5.203770 3.599977
v -3.632750 -5.201311 3.397490
v -3.423323 -5.204558 3.598584
v -3.631533 -5.202101 3.396094
v -3.825968 -5.197331 3.189573
v -3.824919 -5.198542 3.188364
v -3.823702 -5.199335 3.186964
v -2.959211 -5.195810 3.510408
v -3.179983 -5.193764 3.320790
v -2.960161 -5.197131 3.511477
v -3.180933 -5.195086 3.321859
v -2.961313 -5.198032 3.512782
v -3.182081 -5.195988 3.323164
v -2.728426 -5.197435 3.685681
v -2.729376 -5.198756 3.686753
v -2.730532 -5.199656 3.688061
v -3.204977 -5.204608 3.790992
v -2.974466 -5.206243 3.966584
v -3.203936 -5.205820 3.789789
v -2.973425 -5.207454 3.965379
v -3.202723 -5.206610 3.788395
v -2.972208 -5.208244 3.963985
v -3.579943 -5.188521 2.908690
v -3.388037 -5.191299 3.118121
v -3.580893 -5.189844 2.909762
v -3.388987 -5.192619 3.119191
v -3.582048 -5.190747 2.911071
v -3.390142 -5.193523 3.120498
v -3.908892 -5.182310 2.484890
v -3.753077 -5.185533 2.698182
v -3.909849 -5.183634 2.485971
v -3.754030 -5.186857 2.699258
v -3.911016 -5.184538 2.487293
v -3.755190 -5.187761 2.700573
v -3.999228 -5.194346 2.979210
v -3.998179 -5.195559 2.977996
v -3.996954 -5.196351 2.976590
v -4.155058 -5.191121 2.765938
v -4.154001 -5.192338 2.764719
v -4.152773 -5.193130 2.763304
v -4.296125 -5.187599 2.546124
v -4.295084 -5.188817 2.544868
v -4.293875 -5.189612 2.543398
v -4.425489 -5.183718 2.315335
v -4.424566 -5.184935 2.313847
v -4.423536 -5.185726 2.312032
v -4.231192 -5.173104 1.931226
v -4.056440 -5.178569 2.252194
v -4.232016 -5.174435 1.932575
v -4.057386 -5.179895 2.253311
v -4.232981 -5.175346 1.934297
v -4.058531 -5.180800 2.254686
v -4.695349 -5.165010 1.369991
v -4.662802 -5.174974 1.819663
v -4.694197 -5.166399 1.372204
v -4.661451 -5.176217 1.819104
v -4.692518 -5.167358 1.375584
v -4.659788 -5.177038 1.818683
v -4.546476 -5.179447 2.070999
v -4.545836 -5.180658 2.068923
v -4.545229 -5.181435 2.066232
v -4.462408 -5.164986 1.467903
v -4.462954 -5.166329 1.469831
v -4.463491 -5.167255 1.472421
v -2.470850 -5.198642 3.854202
v -2.471838 -5.199963 3.855252
v -2.473055 -5.200865 3.856527
v -2.092592 -5.199346 4.054105
v -2.093863 -5.200669 4.055014
v -2.095491 -5.201571 4.056080
v -2.734396 -5.207469 4.128442
v -2.477778 -5.208318 4.280662
v -2.733313 -5.208683 4.127259
v -2.476439 -5.209534 4.279628
v -2.732039 -5.209476 4.125898
v -2.474779 -5.210329 4.278489
v -1.369028 -5.204134 4.595299
v -1.371222 -5.205485 4.594196
v -1.374556 -5.206384 4.592610
v -1.909124 -5.209170 4.572207
v -1.908564 -5.210391 4.570792
v -1.908075 -5.211189 4.569085
v -1.518831 -5.199523 4.317112
v -1.520758 -5.200844 4.317725
v -1.523367 -5.201746 4.318349
v -2.199411 -5.208835 4.427786
v -2.197496 -5.210055 4.427050
v -2.194975 -5.210853 4.426359
v -0.816813 -5.145543 4.603810
v -4.714609 -5.101473 0.906899
v -5.090773 -4.317768 2.671432
v -5.064161 -3.985676 2.769855
v -5.094450 -4.162676 2.916080
v -5.100069 -3.995229 3.152758
v -5.147482 -3.786844 3.358339
v -5.148253 -3.970154 3.132300
v -5.065680 -3.816916 3.005430
v -5.034685 -3.456979 3.085554
v -5.064924 -3.633704 3.231550
v -5.029993 -3.054487 3.495535
v -5.077311 -2.859837 3.683836
v -5.023180 -2.849415 3.674968
v -5.056711 -3.234009 3.643820
v -5.080202 -3.206053 3.969578
v -5.086996 -3.410991 3.790032
v -5.098581 -4.164148 2.917314
v -5.146765 -4.139075 2.896858
v -5.037443 -3.806148 2.621562
v -5.087114 -3.977794 2.368240
v -5.091578 -3.816570 2.630430
v -5.038252 -3.454434 3.083472
v -5.089270 -3.268448 3.306305
v -5.035139 -3.258025 3.297439
v -5.092089 -3.614224 3.591683
v -5.095171 -3.810451 3.377566
v -5.031572 -3.260574 3.299526
v -5.061827 -3.437388 3.445594
v -5.068773 -2.651564 3.846105
v -5.014643 -2.641140 3.837238
v -5.065374 -2.784197 4.282106
v -5.123983 -2.974219 4.112657
v -5.075800 -2.999294 4.133116
v -5.084333 -3.207546 3.970830
v -5.139311 -3.387396 3.770816
v -5.091124 -3.412474 3.791275
v -5.059717 -2.422314 4.000297
v -5.005587 -2.411892 3.991430
v -5.056810 -2.097108 4.181570
v -5.002684 -2.086687 4.172704
v -5.038309 -2.318631 4.575905
v -5.101053 -2.533016 4.406514
v -5.052870 -2.558090 4.426970
v -5.049910 -3.029007 3.823314
v -5.071665 -2.997789 4.131851
v -5.065561 -1.616985 4.418926
v -5.011435 -1.606563 4.410060
v -5.081297 -1.048106 4.688830
v -5.027166 -1.037684 4.679962
v -5.022837 -2.075153 4.725760
v -5.086489 -2.293559 4.555450
v -5.031630 -2.598573 4.137185
v -5.048857 -2.555728 4.426202
v -5.061255 -2.782571 4.280901
v -5.094915 -4.319158 2.672808
v -5.143091 -4.294089 2.652355
v -5.088903 -4.464132 2.412216
v -5.137068 -4.439067 2.391767
v -5.021635 -4.156851 1.975836
v -5.054483 -4.414717 1.404175
v -5.075766 -4.167273 1.984702
v -5.035421 -3.640093 2.859353
v -5.080565 -4.603445 2.130233
v -5.128725 -4.578386 2.109787
v -5.070948 -4.740096 1.835773
v -5.119089 -4.715043 1.815334
v -5.000353 -4.404296 1.395309
v -5.027498 -4.696057 0.709774
v -5.051409 -4.311023 2.194447
v -5.029421 -3.969849 2.361612
v -5.060095 -4.143794 2.516509
v -5.195673 -3.761766 3.337880
v -5.196444 -3.945078 3.111842
v -5.166727 -3.218300 3.631398
v -5.183695 -3.152199 3.925638
v -5.159925 -3.013300 3.810891
v -5.084127 -3.064910 3.504402
v -5.131445 -2.870258 3.692703
v -5.127626 -2.666188 3.858463
v -5.141645 -2.582866 4.124762
v -5.118555 -2.437103 4.012590
v -5.194948 -4.114000 2.876402
v -5.191271 -4.269019 2.631900
v -5.092382 -3.464859 3.092339
v -5.147257 -3.658396 2.875006
v -5.146521 -3.475281 3.101207
v -5.143404 -3.278870 3.315173
v -5.093123 -3.647970 2.866138
v -5.145708 -3.826992 2.639297
v -5.144403 -3.590621 3.572459
v -5.132521 -3.182470 3.950372
v -5.187502 -3.362320 3.750356
v -5.180712 -3.157394 3.929912
v -5.113848 -2.432735 4.009164
v -5.136164 -2.874438 3.696174
v -5.151388 -2.805037 3.973170
v -5.113558 -2.759124 4.261648
v -5.172171 -2.949141 4.092201
v -5.161745 -2.734050 4.241192
v -5.119692 -1.627407 4.427794
v -5.133944 -2.307208 4.287831
v -5.115522 -2.112924 4.193352
v -5.149237 -2.507943 4.386058
v -5.071016 -2.050083 4.705303
v -5.134672 -2.268484 4.534993
v -5.135428 -1.058529 4.697696
v -5.197939 -4.108819 2.872139
v -5.175695 -3.801209 2.993007
v -5.174181 -3.969969 2.757432
v -5.141249 -3.988216 2.377107
v -5.129892 -4.177694 1.993570
v -5.185240 -4.414001 2.371315
v -5.176886 -4.553322 2.089339
v -5.170115 -4.128087 2.504086
v -5.188211 -4.409562 2.365655
v -5.194262 -4.263931 2.627453
v -5.108610 -4.425139 1.413041
v -5.081625 -4.706478 0.718640
v -5.167242 -4.689986 1.794890
v -5.038988 -3.637549 2.857270
v -5.022295 -4.713623 1.266319
v -5.073217 -4.706353 1.260568
v -5.124125 -4.699086 1.254820
v -5.151968 -3.662538 2.878447
v -5.150423 -3.831142 2.642746
v -5.138262 -3.075334 3.513270
v -5.151232 -3.479423 3.104648
v -5.036593 -4.504405 1.763193
v -5.018103 -4.158843 1.979105
v -5.095942 -3.993761 3.151526
v -5.134657 -4.181138 1.998502
v -5.146612 -4.488698 1.750769
v -5.161428 -4.295317 2.182023
v -5.025324 -1.552584 4.704840
v -5.081358 -1.048577 4.690734
v -5.076094 -1.545335 4.699108
v -5.135408 -1.058980 4.699455
v -5.126860 -1.538088 4.693375
v -5.175154 -2.943931 4.087914
v -5.096212 -3.615697 3.592919
v -5.199430 -3.939903 3.107587
v -5.174944 -3.617997 3.219128
v -5.192591 -3.565543 3.552000
v -5.018541 -4.710400 1.275786
v -4.996912 -4.405254 1.401047
v -5.066866 -4.737704 1.836848
v -5.076315 -4.603654 2.125698
v -5.170355 -4.683887 1.792892
v -5.179781 -4.550186 2.080991
v -5.113489 -4.427300 1.421038
v -5.128614 -4.694059 1.264863
v -5.023924 -2.322915 4.300254
v -5.034525 -2.314732 4.576066
v -5.019617 -2.851995 3.677080
v -5.041369 -2.820744 3.985593
v -5.122904 -2.661986 3.854972
v -5.138094 -2.260364 4.532450
v -5.131037 -1.947419 4.480974
v -5.026430 -3.057049 3.497632
v -5.011084 -2.643744 3.839369
v -5.171846 -3.421679 3.433171
v -5.148119 -3.283018 3.318619
v -5.032988 -3.967372 2.359373
v -5.145968 -3.992274 2.380745
v -5.021017 -1.963124 4.493397
v -5.019476 -2.072390 4.725237
v -5.007528 -1.612018 4.410852
v -5.021082 -1.560757 4.701408
v -5.123991 -1.635126 4.429611
v -5.131102 -1.545967 4.688510
v -5.139246 -1.074421 4.695658
v -5.123121 -2.018443 4.681381
v -5.027704 -4.697733 0.710178
v -4.973608 -4.687458 0.701319
v -5.084726 -4.463267 2.409876
v -5.081804 -4.707999 0.719032
v -5.152376 -2.501661 4.382394
v -5.099295 -3.811918 3.378798
v -5.142977 -3.079492 3.516726
v -5.164747 -2.728689 4.236981
v -5.070837 -2.041663 4.707474
v -5.023024 -2.066519 4.727619
v -5.002016 -2.414630 3.993514
v -5.110941 -2.107530 4.190438
v -5.118673 -2.016802 4.687331
v -5.190485 -3.357135 3.746093
v -5.195578 -3.560367 3.547744
v -5.198660 -3.756594 3.333627
v -5.033876 -3.808699 2.623650
v -4.999006 -2.090247 4.174383
v -5.027319 -1.038171 4.682006
v -5.025805 -1.038705 4.681216
v -5.027498 -1.036276 4.681361
v -5.025682 -1.040804 4.681555
v -5.024466 -1.040784 4.680424
v -5.025858 -1.037467 4.680781
v -5.024859 -1.039396 4.680184
v -5.023191 -1.046777 4.677426
v -5.023275 -1.047082 4.679188
v -5.022871 -1.049771 4.677634
v -5.024122 -1.043430 4.677796
v -5.023748 -1.043505 4.679116
v -5.024263 -1.043934 4.680566
v -5.024405 -1.040568 4.679250
v -5.025724 -1.038435 4.679867
v -5.025518 -1.040237 4.678686
v -5.023138 -2.068567 4.727487
v -5.021536 -2.067820 4.727966
v -5.023146 -2.070928 4.727088
v -5.021639 -2.069827 4.727727
v -5.020342 -2.069394 4.727632
v -5.021681 -2.071642 4.727495
v -5.020475 -2.070974 4.727718
v -5.021460 -2.075050 4.726468
v -5.023039 -2.073242 4.726482
v -5.020338 -2.074488 4.726619
v -5.021597 -2.073322 4.727001
v -5.020472 -2.073185 4.727276
v -5.019960 -2.072236 4.727073
v -5.019640 -2.073554 4.726186
v -5.019617 -2.071000 4.726674
v -4.972219 -4.686675 0.702247
v -4.972281 -4.686994 0.704494
v -4.973707 -4.687299 0.699983
v -4.972155 -4.686267 0.700928
v -4.971071 -4.685872 0.704750
v -4.971178 -4.686009 0.708250
v -4.971323 -4.685652 0.703193
v -4.973372 -4.685635 0.700908
v -4.972063 -4.685401 0.702039
v -4.973578 -4.686313 0.699761
v -4.971952 -4.684280 0.704056
v -4.970942 -4.684734 0.704592
v -4.970469 -4.684650 0.712021
v -4.970270 -4.682922 0.711804
v -4.970263 -4.683122 0.715227
v -4.970575 -4.684582 0.707960
v -4.970861 -4.683328 0.707881
v -5.137003 -1.060391 4.699139
v -5.136950 -1.062545 4.699343
v -5.135595 -1.057654 4.699366
v -5.137018 -1.059099 4.698810
v -5.138124 -1.063278 4.698614
v -5.138216 -1.066734 4.698582
v -5.137804 -1.061628 4.698378
v -5.136992 -1.060170 4.697922
v -5.136930 -1.062088 4.696750
v -5.138109 -1.063117 4.697533
v -5.139025 -1.070902 4.697288
v -5.138994 -1.070687 4.695647
v -5.138639 -1.066692 4.697358
v -5.138182 -1.066356 4.696031
v -5.120203 -2.017193 4.686353
v -5.118937 -2.018752 4.687014
v -5.121588 -2.017641 4.684879
v -5.120306 -2.018809 4.686010
v -5.119127 -2.020996 4.686432
v -5.121161 -2.020003 4.685023
v -5.120382 -2.020384 4.685672
v -5.122694 -2.020071 4.682438
v -5.122614 -2.018081 4.683131
v -5.121538 -2.020775 4.684375
v -5.122122 -2.019451 4.683781
v -5.121447 -2.018917 4.684987
v -5.119223 -2.023194 4.685672
v -5.120569 -2.023626 4.684315
v -5.119200 -2.025009 4.684849
v -5.120485 -2.021937 4.685023
v -5.121798 -2.021892 4.683468
v -5.083509 -4.707745 0.720856
v -5.081911 -4.707647 0.717159
v -5.083670 -4.707908 0.723163
v -5.084845 -4.707232 0.724243
v -5.083380 -4.707460 0.719474
v -5.084353 -4.707024 0.722396
v -5.086275 -4.704278 0.733126
v -5.086443 -4.705862 0.733192
v -5.086931 -4.704218 0.737567
v -5.085035 -4.704725 0.727971
v -5.085619 -4.705985 0.728322
v -5.085299 -4.707159 0.728132
v -5.084734 -4.706202 0.724172
v -5.083384 -4.706617 0.720721
v -5.083403 -4.705499 0.722884
v -5.092577 -3.615354 3.592618
v -5.095655 -3.811581 3.378500
v -5.093531 -3.616032 3.593181
v -5.096613 -3.812257 3.379062
v -5.094809 -3.616152 3.593287
v -5.097891 -3.812375 3.379167
v -5.087484 -3.412125 3.790971
v -5.088442 -3.412807 3.791537
v -5.089716 -3.412927 3.791643
v -5.034781 -3.455761 3.084550
v -5.035517 -3.638876 2.858348
v -5.035494 -3.454852 3.083802
v -5.036230 -3.637965 2.857600
v -5.036711 -3.454384 3.083423
v -5.033976 -3.807480 2.622643
v -5.034685 -3.806564 2.621893
v -5.037447 -3.637498 2.857221
v -5.094938 -4.163807 2.917016
v -5.096430 -3.994889 3.152461
v -5.095896 -4.164484 2.917580
v -5.097384 -3.995567 3.153023
v -5.097178 -4.164604 2.917684
v -5.098661 -3.995685 3.153127
v -5.031668 -3.259354 3.298520
v -5.026526 -3.055826 3.496621
v -5.032377 -3.258443 3.297770
v -5.027239 -3.054908 3.495868
v -5.033598 -3.257976 3.297390
v -5.028456 -3.054438 3.495487
v -5.019712 -2.850762 3.676064
v -5.011175 -2.642503 3.838346
v -5.020422 -2.849841 3.675306
v -5.011885 -2.641574 3.837581
v -5.021639 -2.849367 3.674922
v -5.013102 -2.641094 3.837192
v -5.080694 -3.207193 3.970520
v -5.081652 -3.207875 3.971089
v -5.082930 -3.207999 3.971198
v -5.072157 -2.998933 4.132799
v -5.073114 -2.999620 4.133372
v -5.074392 -2.999747 4.133483
v -5.061739 -2.783760 4.281825
v -5.062693 -2.784488 4.282379
v -5.063971 -2.784643 4.282477
v -5.049299 -2.557201 4.426960
v -5.050219 -2.558165 4.427372
v -5.051474 -2.558479 4.427376
v -5.002111 -2.413338 3.992509
v -4.999144 -2.088638 4.173533
v -5.002825 -2.412363 3.991760
v -4.999887 -2.087397 4.172915
v -5.004046 -2.411855 3.991380
v -5.001131 -2.086712 4.172623
v -5.021406 -1.557815 4.702869
v -5.022326 -1.555226 4.704035
v -5.023703 -1.553392 4.704726
v -5.034880 -2.316793 4.576468
v -5.035723 -2.318257 4.576579
v -5.036928 -2.318903 4.576381
v -5.007753 -1.609687 4.410341
v -5.008574 -1.607832 4.410011
v -5.009867 -1.606734 4.409911
v -5.029516 -3.968655 2.360546
v -5.030226 -3.967768 2.359747
v -5.035906 -3.806098 2.621514
v -5.018183 -4.157837 1.977646
v -5.018885 -4.157104 1.976512
v -5.031446 -3.967314 2.359335
v -5.085230 -4.464168 2.411237
v -5.091265 -4.318869 2.672423
v -5.086199 -4.464650 2.412160
v -5.092222 -4.319520 2.673033
v -5.087488 -4.464636 2.412503
v -5.093508 -4.319622 2.673168
v -5.018724 -4.711812 1.272305
v -5.019503 -4.712921 1.269284
v -5.020754 -4.713557 1.267182
v -5.067324 -4.739195 1.836905
v -5.068258 -4.740172 1.836721
v -5.069532 -4.740489 1.836324
v -4.996958 -4.404643 1.398643
v -4.997629 -4.404246 1.396708
v -5.020098 -4.156758 1.975877
v -4.998819 -4.404124 1.395537
v -5.076841 -4.604146 2.127901
v -5.077837 -4.604280 2.129536
v -5.079145 -4.604033 2.130355
v -5.196989 -3.760806 3.337093
v -5.193911 -3.564581 3.551213
v -5.198019 -3.759486 3.336009
v -5.194941 -3.563261 3.550128
v -5.198607 -3.758007 3.334791
v -5.195524 -3.561780 3.548910
v -5.188818 -3.361358 3.749570
v -5.189848 -3.360036 3.748483
v -5.190435 -3.358554 3.747263
v -5.148882 -3.658954 2.875475
v -5.148146 -3.475840 3.101677
v -5.150351 -3.659939 2.876294
v -5.149614 -3.476824 3.102496
v -5.151434 -3.661197 2.877338
v -5.150698 -3.478082 3.103539
v -5.147337 -3.827553 2.639767
v -5.148806 -3.828538 2.640588
v -5.149889 -3.829798 2.641634
v -5.197760 -3.944116 3.111056
v -5.196268 -4.113039 2.875613
v -5.198790 -3.942794 3.109970
v -5.197298 -4.111715 2.874527
v -5.199377 -3.941316 3.108752
v -5.197886 -4.110232 2.873307
v -5.139887 -3.075893 3.513740
v -5.145033 -3.279432 3.315644
v -5.141356 -3.076881 3.514562
v -5.146502 -3.280417 3.316464
v -5.142443 -3.078145 3.515611
v -5.147585 -3.281677 3.317508
v -5.124533 -2.662551 3.855446
v -5.133074 -2.870820 3.693175
v -5.126001 -2.663548 3.856276
v -5.134542 -2.871813 3.694000
v -5.127089 -2.664826 3.857335
v -5.135626 -2.873083 3.695053
v -5.182028 -3.156432 3.929124
v -5.183058 -3.155106 3.928035
v -5.183641 -3.153619 3.926810
v -5.173491 -2.948177 4.091411
v -5.174521 -2.946850 4.090320
v -5.175104 -2.945357 4.089092
v -5.163065 -2.733074 4.240409
v -5.164099 -2.731712 4.239332
v -5.164690 -2.730172 4.238129
v -5.150568 -2.506895 4.385316
v -5.151632 -2.505335 4.384359
v -5.152266 -2.503498 4.383333
v -5.112558 -2.108184 4.190868
v -5.115477 -2.433312 4.009632
v -5.113997 -2.109440 4.191571
v -5.116941 -2.434345 4.010448
v -5.115038 -2.111103 4.192445
v -5.118025 -2.435676 4.011487
v -5.128481 -1.538501 4.692858
v -5.129858 -1.540145 4.691753
v -5.130777 -1.542766 4.690225
v -5.136023 -2.267297 4.534336
v -5.137148 -2.265340 4.533623
v -5.137877 -2.262904 4.532960
v -5.121290 -1.628240 4.428139
v -5.122667 -1.629999 4.428606
v -5.123617 -1.632418 4.429123
v -5.142878 -3.988769 2.377593
v -5.144346 -3.989735 2.378454
v -5.145433 -3.990965 2.379562
v -5.131525 -4.178201 1.994153
v -5.133005 -4.179033 1.995296
v -5.134104 -4.180066 1.996822
v -5.192591 -4.268062 2.631098
v -5.186564 -4.413094 2.370420
v -5.193625 -4.266760 2.629971
v -5.187593 -4.411931 2.369030
v -5.194208 -4.265309 2.628691
v -5.188170 -4.410690 2.367357
v -5.125723 -4.698527 1.255439
v -5.127138 -4.697373 1.257566
v -5.128153 -4.695806 1.260876
v -5.168581 -4.688951 1.794271
v -5.169642 -4.687426 1.793674
v -5.170267 -4.685649 1.793189
v -5.110250 -4.425548 1.413860
v -5.111753 -4.426102 1.415666
v -5.112894 -4.426716 1.418187
v -5.178206 -4.552512 2.088238
v -5.179216 -4.551631 2.086264
v -5.179773 -4.550816 2.083720
v -5.027578 -4.697585 0.708806
v -5.081331 -1.046959 4.689535
v -5.081366 -1.047214 4.690566
v -5.070932 -2.048319 4.706159
v -5.070868 -2.046101 4.706873
v -5.070833 -2.043764 4.707334
vt 0.094000 0.656851
vt 0.143221 0.671672
vt 0.094059 0.657273
vt 0.094122 0.657739
vt 0.065359 0.748043
vt 0.035338 0.687185
vt 0.065640 0.747696
vt 0.146247 0.719371
vt 0.143594 0.671365
vt 0.093916 0.656863
vt 0.034615 0.686954
vt 0.065422 0.748097
vt 0.117437 0.758614
vt 0.117601 0.759069
vt 0.094015 0.657749
vt 0.036047 0.687411
vt 0.145536 0.719149
vt 0.142851 0.671976
vt 0.065952 0.747302
vt 0.145885 0.719340
vt 0.146228 0.719436
vt 0.117274 0.758164
vt 0.145511 0.719236
vt 0.066045 0.747374
vt 0.146254 0.719426
vt 0.146253 0.719454
vt 0.146231 0.719418
vt 0.146254 0.719409
vt 0.146280 0.719431
vt 0.146293 0.719472
vt 0.146272 0.719414
vt 0.146263 0.719394
vt 0.146240 0.719389
vt 0.146278 0.719370
vt 0.146288 0.719404
vt 0.146235 0.719403
vt 0.146352 0.719484
vt 0.146378 0.719399
vt 0.146442 0.719464
vt 0.146318 0.719427
vt 0.146321 0.719376
vt 0.065388 0.748105
vt 0.065406 0.748081
vt 0.065409 0.748134
vt 0.065365 0.748129
vt 0.065376 0.748087
vt 0.065392 0.748068
vt 0.065361 0.748105
vt 0.065232 0.748161
vt 0.065327 0.748239
vt 0.065201 0.748283
vt 0.065282 0.748098
vt 0.065322 0.748151
vt 0.065382 0.748182
vt 0.065337 0.748105
vt 0.065357 0.748078
vt 0.065325 0.748062
vt 0.065378 0.748057
vt 0.093971 0.656829
vt 0.094001 0.656815
vt 0.093976 0.656857
vt 0.093955 0.656835
vt 0.093964 0.656799
vt 0.093995 0.656764
vt 0.093953 0.656814
vt 0.093938 0.656833
vt 0.093941 0.656862
vt 0.093907 0.656829
vt 0.093937 0.656803
vt 0.093959 0.656861
vt 0.093974 0.656693
vt 0.093898 0.656704
vt 0.093917 0.656602
vt 0.093946 0.656764
vt 0.093898 0.656778
vt 0.066031 0.747327
vt 0.066066 0.747335
vt 0.066013 0.747358
vt 0.066013 0.747320
vt 0.066046 0.747299
vt 0.066086 0.747292
vt 0.066027 0.747302
vt 0.066001 0.747304
vt 0.065975 0.747329
vt 0.065985 0.747272
vt 0.066025 0.747282
vt 0.065992 0.747345
vt 0.066108 0.747240
vt 0.066069 0.747209
vt 0.066129 0.747178
vt 0.066056 0.747265
vt 0.066023 0.747242
vt 0.145497 0.719200
vt 0.145523 0.719211
vt 0.145479 0.719221
vt 0.145474 0.719189
vt 0.145505 0.719187
vt 0.145529 0.719194
vt 0.145488 0.719182
vt 0.145417 0.719140
vt 0.145405 0.719179
vt 0.145361 0.719144
vt 0.145463 0.719140
vt 0.145452 0.719171
vt 0.145445 0.719204
vt 0.145480 0.719169
vt 0.145506 0.719171
vt 0.145502 0.719144
vt 0.145533 0.719176
vt 0.094089 0.657769
vt 0.094090 0.657736
vt 0.094120 0.657780
vt 0.094087 0.657799
vt 0.094071 0.657766
vt 0.094068 0.657736
vt 0.094073 0.657787
vt 0.094059 0.657885
vt 0.094107 0.657880
vt 0.094092 0.657943
vt 0.094038 0.657833
vt 0.094077 0.657832
vt 0.094116 0.657826
vt 0.094062 0.657802
vt 0.094053 0.657773
vt 0.094025 0.657789
vt 0.094046 0.657740
vt 0.117622 0.759127
vt 0.117643 0.759185
vt 0.117664 0.759243
vt 0.117685 0.759301
vt 0.143642 0.671325
vt 0.143690 0.671286
vt 0.143738 0.671246
vt 0.143786 0.671207
vt 0.034338 0.686866
vt 0.034430 0.686895
vt 0.034523 0.686925
vt 0.034245 0.686837
vt 0.117213 0.757994
vt 0.117233 0.758051
vt 0.117253 0.758107
vt 0.117192 0.757937
vt 0.142711 0.672092
vt 0.142758 0.672053
vt 0.142805 0.672015
vt 0.142665 0.672131
vt 0.036136 0.687440
vt 0.036226 0.687469
vt 0.036315 0.687497
vt 0.036404 0.687526
vt 0.065661 0.747712
vt 0.065678 0.747727
vt 0.065716 0.747759
vt 0.065696 0.747741
vt 0.145901 0.719286
vt 0.145896 0.719303
vt 0.145891 0.719319
vt 0.145907 0.719265
vt 0.093992 0.657282
vt 0.094013 0.657279
vt 0.094034 0.657277
vt 0.093967 0.657285
vt 0.365195 0.724541
vt 0.353952 0.699919
vt 0.354578 0.699566
vt 0.314749 0.700552
vt 0.305183 0.717003
vt 0.312567 0.698780
vt 0.355564 0.740916
vt 0.325992 0.741256
vt 0.325966 0.740438
vt 0.333119 0.677996
vt 0.337950 0.678796
vt 0.333172 0.678715
vt 0.366305 0.733908
vt 0.355538 0.740795
vt 0.354181 0.736699
vt 0.293130 0.736465
vt 0.294069 0.735937
vt 0.334405 0.655677
vt 0.326639 0.662207
vt 0.334486 0.654152
vt 0.355629 0.741753
vt 0.372368 0.740879
vt 0.355701 0.742691
vt 0.310170 0.696901
vt 0.308963 0.733390
vt 0.326058 0.740317
vt 0.294141 0.735846
vt 0.367239 0.723818
vt 0.360690 0.695901
vt 0.378828 0.736160
vt 0.302244 0.712262
vt 0.296714 0.723106
vt 0.303057 0.708251
vt 0.371992 0.739085
vt 0.379866 0.736718
vt 0.372167 0.739918
vt 0.330596 0.671861
vt 0.334439 0.657088
vt 0.340249 0.676108
vt 0.291956 0.737128
vt 0.381062 0.737250
vt 0.334532 0.734669
vt 0.331066 0.737229
vt 0.362864 0.729494
vt 0.364399 0.724681
vt 0.365178 0.724737
vt 0.360845 0.695798
vt 0.379937 0.736563
vt 0.378940 0.736133
vt 0.359569 0.733720
vt 0.334664 0.733880
vt 0.359193 0.733066
vt 0.314866 0.700634
vt 0.306119 0.723168
vt 0.305412 0.723184
vt 0.307307 0.727803
vt 0.310254 0.731344
vt 0.309859 0.731937
vt 0.334339 0.656935
vt 0.327400 0.663004
vt 0.310174 0.696540
vt 0.310591 0.693784
vt 0.362974 0.729591
vt 0.334644 0.734534
vt 0.310395 0.731437
vt 0.334511 0.656944
vt 0.361530 0.695338
vt 0.371913 0.738984
vt 0.338449 0.678207
vt 0.338791 0.677491
vt 0.327561 0.678375
vt 0.315458 0.700925
vt 0.320153 0.676583
vt 0.319873 0.675302
vt 0.302590 0.727943
vt 0.301505 0.716295
vt 0.327504 0.678165
vt 0.333029 0.677112
vt 0.327723 0.678272
vt 0.328138 0.678921
vt 0.328064 0.663692
vt 0.305416 0.723362
vt 0.307884 0.727492
vt 0.357344 0.697916
vt 0.320207 0.676813
vt 0.328124 0.663880
vt 0.319561 0.673856
vt 0.334596 0.655687
vt 0.362303 0.694821
vt 0.322811 0.680987
vt 0.301522 0.715896
vt 0.296551 0.725931
vt 0.311070 0.690669
vt 0.307153 0.727833
vt 0.359729 0.733624
vt 0.362242 0.729117
vt 0.296500 0.728511
vt 0.296440 0.728302
vt 0.293050 0.736334
vt 0.326019 0.742173
vt 0.291868 0.736986
vt 0.338108 0.678876
vt 0.363660 0.724643
vt 0.359348 0.732978
vt 0.361637 0.728748
vt 0.310627 0.730782
vt 0.306791 0.723156
vt 0.327984 0.679022
vt 0.316048 0.701218
vt 0.359727 0.733863
vt 0.309816 0.732158
vt 0.333068 0.677257
vt 0.338279 0.678126
vt 0.334685 0.733227
vt 0.358850 0.732439
vt 0.310760 0.730869
vt 0.306124 0.723338
vt 0.308451 0.727192
vt 0.338860 0.677271
vt 0.381137 0.737085
vt 0.305216 0.723278
vt 0.328540 0.679530
vt 0.354730 0.699478
vt 0.365412 0.724584
vt 0.364410 0.724495
vt 0.353327 0.700271
vt 0.365242 0.724553
vt 0.365200 0.724586
vt 0.365296 0.724569
vt 0.365247 0.724595
vt 0.365199 0.724639
vt 0.365278 0.724622
vt 0.365248 0.724633
vt 0.365369 0.724602
vt 0.365355 0.724581
vt 0.365312 0.724640
vt 0.365327 0.724604
vt 0.365295 0.724632
vt 0.365289 0.724600
vt 0.365191 0.724692
vt 0.365243 0.724691
vt 0.365248 0.724663
vt 0.338682 0.677374
vt 0.338657 0.677421
vt 0.338611 0.677411
vt 0.338760 0.677337
vt 0.338710 0.677383
vt 0.338708 0.677439
vt 0.338760 0.677356
vt 0.338737 0.677399
vt 0.338834 0.677325
vt 0.338822 0.677302
vt 0.338816 0.677385
vt 0.338800 0.677339
vt 0.338785 0.677376
vt 0.338754 0.677464
vt 0.338804 0.677444
vt 0.338770 0.677418
vt 0.338761 0.677375
vt 0.309960 0.732062
vt 0.309968 0.732018
vt 0.310007 0.732033
vt 0.309902 0.732093
vt 0.309929 0.732049
vt 0.309926 0.731995
vt 0.309886 0.732055
vt 0.309902 0.732032
vt 0.309833 0.732112
vt 0.309851 0.732126
vt 0.309843 0.732053
vt 0.309860 0.732092
vt 0.309866 0.732057
vt 0.309892 0.732074
vt 0.309888 0.731966
vt 0.309850 0.731990
vt 0.309875 0.732014
vt 0.378932 0.736181
vt 0.378892 0.736137
vt 0.378920 0.736214
vt 0.378890 0.736174
vt 0.378857 0.736145
vt 0.378866 0.736189
vt 0.378861 0.736174
vt 0.378853 0.736239
vt 0.378902 0.736244
vt 0.378872 0.736275
vt 0.378840 0.736210
vt 0.378873 0.736216
vt 0.378883 0.736198
vt 0.378846 0.736178
vt 0.378832 0.736185
vt 0.378837 0.736154
vt 0.378854 0.736196
vt 0.294070 0.735891
vt 0.294105 0.735908
vt 0.294039 0.735910
vt 0.294051 0.735874
vt 0.294089 0.735872
vt 0.294126 0.735882
vt 0.294069 0.735867
vt 0.294004 0.735826
vt 0.294044 0.735855
vt 0.294010 0.735862
vt 0.294072 0.735827
vt 0.294040 0.735824
vt 0.294022 0.735886
vt 0.294138 0.735861
vt 0.294105 0.735834
vt 0.294098 0.735856
vt 0.294070 0.735853
vt 0.334385 0.656923
vt 0.334359 0.656979
vt 0.334422 0.656922
vt 0.334396 0.656967
vt 0.334408 0.657000
vt 0.334382 0.657018
vt 0.334424 0.656990
vt 0.334453 0.656975
vt 0.334460 0.656927
vt 0.334494 0.657004
vt 0.334442 0.657010
vt 0.334423 0.656963
vt 0.334408 0.657053
vt 0.334455 0.657075
vt 0.334427 0.657032
vt 0.334474 0.657047
vt 0.305367 0.723340
vt 0.305407 0.723321
vt 0.305313 0.723311
vt 0.305362 0.723306
vt 0.305403 0.723273
vt 0.305333 0.723275
vt 0.305361 0.723274
vt 0.305260 0.723265
vt 0.305261 0.723289
vt 0.305312 0.723240
vt 0.305291 0.723276
vt 0.305321 0.723260
vt 0.305322 0.723291
vt 0.305405 0.723225
vt 0.305365 0.723209
vt 0.305360 0.723242
vt 0.327680 0.678289
vt 0.327662 0.678245
vt 0.327634 0.678313
vt 0.327632 0.678259
vt 0.327594 0.678218
vt 0.327606 0.678277
vt 0.327589 0.678236
vt 0.327549 0.678323
vt 0.327593 0.678344
vt 0.327539 0.678263
vt 0.327577 0.678298
vt 0.327586 0.678255
vt 0.327539 0.678191
vt 0.327524 0.678208
vt 0.327554 0.678222
vt 0.327564 0.678256
vt 0.359610 0.733706
vt 0.359609 0.733753
vt 0.359655 0.733684
vt 0.359644 0.733740
vt 0.359657 0.733789
vt 0.359684 0.733752
vt 0.359674 0.733771
vt 0.359726 0.733690
vt 0.359696 0.733655
vt 0.359720 0.733762
vt 0.359701 0.733710
vt 0.359702 0.733759
vt 0.359674 0.733725
vt 0.359699 0.733826
vt 0.359719 0.733822
vt 0.359699 0.733794
vt 0.358844 0.732402
vt 0.358889 0.732426
vt 0.358847 0.732367
vt 0.358883 0.732391
vt 0.358928 0.732408
vt 0.358882 0.732364
vt 0.358913 0.732379
vt 0.358870 0.732300
vt 0.358890 0.732337
vt 0.358856 0.732333
vt 0.358906 0.732306
vt 0.358917 0.732345
vt 0.358904 0.732362
vt 0.358965 0.732386
vt 0.358970 0.732335
vt 0.358998 0.732360
vt 0.358939 0.732360
vt 0.358939 0.732318
vt 0.310724 0.730854
vt 0.310768 0.730834
vt 0.310688 0.730833
vt 0.310733 0.730821
vt 0.310769 0.730800
vt 0.310705 0.730807
vt 0.310736 0.730795
vt 0.310655 0.730761
vt 0.310656 0.730809
vt 0.310685 0.730747
vt 0.310682 0.730787
vt 0.310704 0.730774
vt 0.310751 0.730734
vt 0.310730 0.730769
vt 0.310717 0.730738
vt 0.310763 0.730767
vt 0.310715 0.730792
vt 0.328550 0.679566
vt 0.328501 0.679547
vt 0.328551 0.679603
vt 0.328512 0.679583
vt 0.328463 0.679571
vt 0.328516 0.679610
vt 0.328483 0.679598
vt 0.328535 0.679674
vt 0.328510 0.679638
vt 0.328546 0.679639
vt 0.328498 0.679672
vt 0.328482 0.679634
vt 0.328494 0.679614
vt 0.328429 0.679597
vt 0.328429 0.679650
vt 0.328398 0.679628
vt 0.328457 0.679620
vt 0.328463 0.679664
vt 0.337992 0.678808
vt 0.337945 0.678834
vt 0.338033 0.678826
vt 0.337986 0.678846
vt 0.337949 0.678872
vt 0.338018 0.678857
vt 0.337985 0.678874
vt 0.338079 0.678903
vt 0.338073 0.678849
vt 0.338046 0.678922
vt 0.338046 0.678877
vt 0.338023 0.678894
vt 0.337974 0.678941
vt 0.337995 0.678902
vt 0.338011 0.678935
vt 0.337958 0.678907
vt 0.338008 0.678875
vt 0.363673 0.724511
vt 0.363630 0.724478
vt 0.363667 0.724467
vt 0.363673 0.724556
vt 0.363636 0.724521
vt 0.363597 0.724497
vt 0.363639 0.724555
vt 0.363610 0.724532
vt 0.363624 0.724630
vt 0.363669 0.724601
vt 0.363593 0.724609
vt 0.363634 0.724589
vt 0.363608 0.724575
vt 0.363544 0.724552
vt 0.363589 0.724553
vt 0.363566 0.724583
vt 0.363568 0.724522
vt 0.363619 0.724554
vt 0.306787 0.723277
vt 0.306826 0.723304
vt 0.306794 0.723315
vt 0.306784 0.723236
vt 0.306819 0.723267
vt 0.306855 0.723286
vt 0.306815 0.723236
vt 0.306842 0.723255
vt 0.306825 0.723167
vt 0.306785 0.723195
vt 0.306855 0.723184
vt 0.306818 0.723204
vt 0.306842 0.723216
vt 0.306902 0.723235
vt 0.306861 0.723235
vt 0.306880 0.723207
vt 0.306880 0.723263
vt 0.306834 0.723235
vt 0.355560 0.740880
vt 0.325984 0.740374
vt 0.355554 0.740848
vt 0.326014 0.740345
vt 0.355546 0.740820
vt 0.325970 0.740405
vt 0.328087 0.663727
vt 0.320163 0.676643
vt 0.328103 0.663771
vt 0.320173 0.676706
vt 0.328114 0.663824
vt 0.320187 0.676764
vt 0.360807 0.695823
vt 0.360769 0.695849
vt 0.360730 0.695875
vt 0.379911 0.736603
vt 0.379893 0.736637
vt 0.379879 0.736673
vt 0.381110 0.737127
vt 0.381090 0.737164
vt 0.381076 0.737202
vt 0.334458 0.655680
vt 0.334500 0.655682
vt 0.334543 0.655684
vt 0.334542 0.654155
vt 0.334587 0.654157
vt 0.334632 0.654159
vt 0.293115 0.736425
vt 0.293099 0.736395
vt 0.293078 0.736366
vt 0.291939 0.737085
vt 0.291921 0.737052
vt 0.291898 0.737021
vt 0.334574 0.734636
vt 0.334610 0.734603
vt 0.334635 0.734569
vt 0.333042 0.677143
vt 0.333053 0.677177
vt 0.333062 0.677215
vt 0.354688 0.699503
vt 0.354648 0.699526
vt 0.354612 0.699547
vt 0.296437 0.728396
vt 0.296444 0.728468
vt 0.296465 0.728508
vt 0.301494 0.716047
vt 0.301477 0.716174
vt 0.301479 0.716261
vt 0.310156 0.696663
vt 0.310145 0.696773
vt 0.310148 0.696856
vt 0.307194 0.727831
vt 0.307234 0.727826
vt 0.307272 0.727817
vt 0.314777 0.700575
vt 0.314805 0.700597
vt 0.314835 0.700617
vt 0.371981 0.739052
vt 0.371963 0.739025
vt 0.371940 0.739003
vt 0.362952 0.729566
vt 0.362928 0.729542
vt 0.362898 0.729517
vt 0.334686 0.733193
vt 0.334687 0.733158
vt 0.334688 0.733123
vt 0.334690 0.733089
vt 0.333175 0.678752
vt 0.333177 0.678788
vt 0.333180 0.678825
vt 0.333182 0.678861
vt 0.353294 0.700290
vt 0.353261 0.700308
vt 0.353227 0.700327
vt 0.353194 0.700346
vt 0.308481 0.727177
vt 0.308510 0.727161
vt 0.308539 0.727145
vt 0.308568 0.727130
vt 0.316079 0.701234
vt 0.316111 0.701249
vt 0.316142 0.701265
vt 0.316174 0.701280
vt 0.361607 0.728729
vt 0.361576 0.728711
vt 0.361545 0.728692
vt 0.361514 0.728673
vt 0.328102 0.678945
vt 0.328061 0.678971
vt 0.328021 0.678998
vt 0.306123 0.723298
vt 0.306121 0.723253
vt 0.306120 0.723208
vt 0.310287 0.731366
vt 0.310324 0.731391
vt 0.310361 0.731415
vt 0.359312 0.732999
vt 0.359271 0.733022
vt 0.359230 0.733045
vt 0.364407 0.724539
vt 0.364405 0.724588
vt 0.364402 0.724637
vt 0.338409 0.678187
vt 0.338364 0.678166
vt 0.338320 0.678145
vt 0.334689 0.654162
vt 0.676839 0.644729
vt 0.676839 0.644666
vt 0.676839 0.644607
vt 0.643460 0.553072
vt 0.675450 0.522769
vt 0.644616 0.553378
vt 0.689125 0.463210
vt 0.605553 0.460959
vt 0.707104 0.457047
vt 0.586453 0.527941
vt 0.540595 0.507567
vt 0.586818 0.526888
vt 0.542691 0.507429
vt 0.587185 0.525838
vt 0.626673 0.535333
vt 0.615669 0.502067
vt 0.643339 0.502040
vt 0.644881 0.655468
vt 0.564970 0.618630
vt 0.569248 0.614687
vt 0.674892 0.521551
vt 0.714232 0.490585
vt 0.634385 0.601876
vt 0.641207 0.650126
vt 0.633215 0.602116
vt 0.610174 0.485458
vt 0.659990 0.468778
vt 0.676831 0.644978
vt 0.720926 0.574270
vt 0.673916 0.664693
vt 0.530287 0.543748
vt 0.581304 0.549905
vt 0.532645 0.545285
vt 0.667082 0.585662
vt 0.698918 0.566080
vt 0.686706 0.617470
vt 0.622178 0.560312
vt 0.580946 0.550968
vt 0.721253 0.469503
vt 0.726269 0.576057
vt 0.514568 0.530269
vt 0.560135 0.623006
vt 0.499190 0.516335
vt 0.657055 0.670252
vt 0.715645 0.572606
vt 0.714455 0.490667
vt 0.715985 0.487669
vt 0.656007 0.595474
vt 0.644571 0.553551
vt 0.656933 0.595139
vt 0.630452 0.545132
vt 0.577957 0.536834
vt 0.582343 0.532174
vt 0.604007 0.455769
vt 0.726030 0.450761
vt 0.643181 0.553098
vt 0.672866 0.515916
vt 0.674831 0.521346
vt 0.677124 0.642080
vt 0.714150 0.572481
vt 0.677908 0.398121
vt 0.617999 0.403266
vt 0.645166 0.354058
vt 0.628166 0.554336
vt 0.577897 0.537086
vt 0.631906 0.550518
vt 0.664223 0.508171
vt 0.658644 0.506708
vt 0.651933 0.600024
vt 0.655851 0.595599
vt 0.670632 0.510100
vt 0.726356 0.450998
vt 0.670437 0.509930
vt 0.623942 0.558759
vt 0.623106 0.559610
vt 0.530173 0.543998
vt 0.570396 0.613093
vt 0.569469 0.614424
vt 0.518692 0.511588
vt 0.499322 0.515973
vt 0.642547 0.652364
vt 0.644264 0.654784
vt 0.635557 0.601632
vt 0.642770 0.652236
vt 0.637394 0.551718
vt 0.647451 0.604916
vt 0.632120 0.550457
vt 0.529540 0.543436
vt 0.579863 0.543308
vt 0.581651 0.548653
vt 0.628807 0.539486
vt 0.670517 0.685508
vt 0.712921 0.493247
vt 0.676007 0.523991
vt 0.628644 0.539258
vt 0.628309 0.538111
vt 0.607034 0.465935
vt 0.685975 0.464875
vt 0.607443 0.467332
vt 0.650741 0.447329
vt 0.710649 0.442184
vt 0.538126 0.507425
vt 0.540582 0.507334
vt 0.628821 0.539206
vt 0.657575 0.505942
vt 0.658457 0.506638
vt 0.647197 0.604988
vt 0.641154 0.603285
vt 0.581667 0.548844
vt 0.622978 0.559486
vt 0.670148 0.685599
vt 0.590832 0.452474
vt 0.648883 0.416238
vt 0.631959 0.550301
vt 0.627988 0.537004
vt 0.607848 0.468717
vt 0.542679 0.507210
vt 0.683956 0.466022
vt 0.645683 0.553837
vt 0.657856 0.594802
vt 0.713113 0.493337
vt 0.677254 0.640437
vt 0.712666 0.572352
vt 0.532526 0.545507
vt 0.571321 0.611772
vt 0.622302 0.560431
vt 0.641025 0.650239
vt 0.716283 0.486836
vt 0.715982 0.572667
vt 0.676744 0.644145
vt 0.676880 0.642123
vt 0.677039 0.640445
vt 0.645726 0.553672
vt 0.624059 0.558508
vt 0.621327 0.561177
vt 0.596553 0.586486
vt 0.583817 0.561504
vt 0.584184 0.599122
vt 0.546343 0.561830
vt 0.586330 0.528098
vt 0.537303 0.507591
vt 0.593500 0.518727
vt 0.560358 0.502137
vt 0.628479 0.538061
vt 0.656693 0.505250
vt 0.679300 0.534247
vt 0.711130 0.514690
vt 0.647438 0.553823
vt 0.681775 0.561998
vt 0.635760 0.601660
vt 0.621676 0.598813
vt 0.622025 0.636412
vt 0.534638 0.546655
vt 0.606940 0.465616
vt 0.686100 0.465095
vt 0.688398 0.463755
vt 0.684060 0.466206
vt 0.643436 0.553112
vt 0.643386 0.553087
vt 0.643419 0.553158
vt 0.643371 0.553115
vt 0.643303 0.553103
vt 0.643363 0.553143
vt 0.643327 0.553135
vt 0.643315 0.553120
vt 0.643357 0.553206
vt 0.643412 0.553206
vt 0.643414 0.553252
vt 0.643309 0.553142
vt 0.643357 0.553173
vt 0.643234 0.553106
vt 0.643271 0.553120
vt 0.643232 0.553116
vt 0.643292 0.553152
vt 0.530181 0.543766
vt 0.530035 0.543674
vt 0.530131 0.543812
vt 0.530004 0.543688
vt 0.529867 0.543632
vt 0.529809 0.543590
vt 0.529962 0.543725
vt 0.530119 0.543882
vt 0.529988 0.543710
vt 0.529652 0.543515
vt 0.529754 0.543563
vt 0.529768 0.543588
vt 0.715765 0.487588
vt 0.715950 0.487408
vt 0.715835 0.487592
vt 0.715888 0.487602
vt 0.716053 0.487278
vt 0.715987 0.487414
vt 0.716218 0.486958
vt 0.716187 0.486998
vt 0.716143 0.487086
vt 0.716073 0.487184
vt 0.715935 0.487624
vt 0.716055 0.487396
vt 0.716023 0.487400
vt 0.716095 0.487205
vt 0.716140 0.487121
vt 0.676817 0.644174
vt 0.676794 0.644392
vt 0.676876 0.644168
vt 0.676832 0.644397
vt 0.676864 0.644388
vt 0.676846 0.644534
vt 0.676841 0.644596
vt 0.677008 0.644065
vt 0.676889 0.644396
vt 0.676934 0.644133
vt 0.676910 0.644394
vt 0.676848 0.644690
vt 0.688406 0.463668
vt 0.688575 0.463591
vt 0.688566 0.463513
vt 0.688686 0.463458
vt 0.688722 0.463445
vt 0.688251 0.463540
vt 0.688573 0.463481
vt 0.688343 0.463567
vt 0.688575 0.463463
vt 0.688835 0.463362
vt 0.688745 0.463423
vt 0.688388 0.463609
vt 0.688976 0.463316
vt 0.689002 0.463274
vt 0.623879 0.558604
vt 0.623850 0.558652
vt 0.623809 0.558630
vt 0.623957 0.558595
vt 0.623907 0.558620
vt 0.623929 0.558640
vt 0.623888 0.558682
vt 0.623954 0.558614
vt 0.623993 0.558610
vt 0.623995 0.558573
vt 0.624025 0.558550
vt 0.624018 0.558542
vt 0.623958 0.558576
vt 0.623919 0.558719
vt 0.623966 0.558689
vt 0.623949 0.558662
vt 0.623973 0.558611
vt 0.644498 0.654667
vt 0.644573 0.654957
vt 0.644464 0.654745
vt 0.644595 0.654933
vt 0.644706 0.655191
vt 0.644662 0.655134
vt 0.644696 0.655201
vt 0.644732 0.655243
vt 0.644785 0.655339
vt 0.644359 0.654796
vt 0.644500 0.654992
vt 0.644420 0.654783
vt 0.644526 0.654985
vt 0.644545 0.654965
vt 0.628810 0.539279
vt 0.628782 0.539231
vt 0.628779 0.539353
vt 0.628782 0.539296
vt 0.628754 0.539305
vt 0.628737 0.539250
vt 0.628764 0.539340
vt 0.628786 0.539436
vt 0.628758 0.539359
vt 0.628781 0.539397
vt 0.628797 0.539432
vt 0.628797 0.539363
vt 0.628690 0.539258
vt 0.628692 0.539314
vt 0.628725 0.539313
vt 0.628749 0.539377
vt 0.538122 0.507676
vt 0.537859 0.507592
vt 0.538068 0.507610
vt 0.537617 0.507585
vt 0.537696 0.507584
vt 0.537880 0.507629
vt 0.538067 0.507496
vt 0.537833 0.507525
vt 0.537855 0.507564
vt 0.537838 0.507542
vt 0.537657 0.507583
vt 0.537574 0.507574
vt 0.537731 0.507577
vt 0.670474 0.685660
vt 0.670425 0.685539
vt 0.670637 0.685648
vt 0.670587 0.685564
vt 0.670334 0.685564
vt 0.670487 0.685761
vt 0.670378 0.685704
vt 0.645164 0.354036
vt 0.645192 0.354051
vt 0.645139 0.354056
vt 0.645144 0.354027
vt 0.645183 0.354023
vt 0.645210 0.354046
vt 0.645163 0.354019
vt 0.670242 0.685583
vt 0.670128 0.685703
vt 0.670274 0.685711
vt 0.670159 0.685781
vt 0.670395 0.685765
vt 0.670316 0.685800
vt 0.726034 0.450685
vt 0.726123 0.450810
vt 0.726074 0.450615
vt 0.726184 0.450711
vt 0.726209 0.450862
vt 0.726241 0.450651
vt 0.726286 0.450750
vt 0.710666 0.442187
vt 0.710637 0.442206
vt 0.710663 0.442160
vt 0.710683 0.442170
vt 0.726159 0.450520
vt 0.726345 0.450604
vt 0.726313 0.450697
vt 0.726287 0.450923
vt 0.726438 0.450983
vt 0.726374 0.450826
vt 0.726517 0.450925
vt 0.726419 0.450727
vt 0.632069 0.550483
vt 0.632087 0.550410
vt 0.632017 0.550501
vt 0.632042 0.550438
vt 0.632049 0.550369
vt 0.631995 0.550426
vt 0.632017 0.550404
vt 0.631909 0.550461
vt 0.631964 0.550513
vt 0.631919 0.550407
vt 0.631962 0.550461
vt 0.632004 0.550456
vt 0.632007 0.550333
vt 0.631935 0.550354
vt 0.631982 0.550380
vt 0.631965 0.550419
vt 0.499086 0.516353
vt 0.499213 0.516240
vt 0.499011 0.516312
vt 0.499090 0.516194
vt 0.499243 0.516150
vt 0.499003 0.516131
vt 0.499120 0.516090
vt 0.590816 0.452480
vt 0.590816 0.452452
vt 0.499088 0.515840
vt 0.499098 0.515988
vt 0.498995 0.516007
vt 0.590798 0.452465
vt 0.590807 0.452431
vt 0.499068 0.516059
vt 0.499178 0.516009
vt 0.499276 0.515911
vt 0.499280 0.516062
vt 0.499207 0.515873
vt 0.712964 0.493312
vt 0.712898 0.493340
vt 0.713000 0.493228
vt 0.713044 0.493231
vt 0.712933 0.493389
vt 0.712871 0.493434
vt 0.713002 0.493308
vt 0.712968 0.493366
vt 0.713021 0.493340
vt 0.713076 0.493261
vt 0.713033 0.493411
vt 0.712966 0.493407
vt 0.712842 0.493528
vt 0.712886 0.493551
vt 0.714266 0.493697
vt 0.712911 0.493461
vt 0.712957 0.493481
vt 0.645762 0.553697
vt 0.645707 0.553712
vt 0.645794 0.553725
vt 0.645742 0.553733
vt 0.645694 0.553752
vt 0.645767 0.553751
vt 0.645730 0.553761
vt 0.645807 0.553811
vt 0.645821 0.553756
vt 0.643709 0.553388
vt 0.645768 0.553825
vt 0.645786 0.553776
vt 0.645758 0.553788
vt 0.645686 0.553793
vt 0.645727 0.553833
vt 0.645727 0.553792
vt 0.645752 0.553767
vt 0.677125 0.640410
vt 0.677106 0.640487
vt 0.677074 0.640361
vt 0.677140 0.640335
vt 0.677154 0.640423
vt 0.677144 0.640493
vt 0.677178 0.640169
vt 0.677130 0.640174
vt 0.678057 0.640603
vt 0.677199 0.640257
vt 0.677158 0.640263
vt 0.677105 0.640269
vt 0.677181 0.640403
vt 0.677223 0.640345
vt 0.677181 0.640480
vt 0.677174 0.640330
vt 0.622216 0.560337
vt 0.622160 0.560353
vt 0.622248 0.560364
vt 0.622196 0.560373
vt 0.622148 0.560393
vt 0.622206 0.560407
vt 0.622184 0.560402
vt 0.622262 0.560451
vt 0.622276 0.560395
vt 0.622222 0.560465
vt 0.622240 0.560416
vt 0.622212 0.560428
vt 0.622221 0.560391
vt 0.622140 0.560434
vt 0.622181 0.560473
vt 0.623592 0.559000
vt 0.622181 0.560432
vt 0.534640 0.546740
vt 0.534580 0.546695
vt 0.534709 0.546716
vt 0.534681 0.546782
vt 0.534604 0.546766
vt 0.534554 0.546730
vt 0.534645 0.546790
vt 0.534303 0.546804
vt 0.534805 0.546831
vt 0.533636 0.547229
vt 0.534701 0.546890
vt 0.534722 0.546831
vt 0.534761 0.546774
vt 0.534659 0.546826
vt 0.534531 0.546845
vt 0.534603 0.546810
vt 0.534626 0.546876
vt 0.534539 0.546771
vt 0.641119 0.650117
vt 0.641136 0.650050
vt 0.641135 0.650209
vt 0.641097 0.650157
vt 0.641069 0.650067
vt 0.641068 0.649987
vt 0.641065 0.650109
vt 0.641052 0.650157
vt 0.641096 0.650226
vt 0.640987 0.650135
vt 0.641026 0.650091
vt 0.641002 0.649930
vt 0.640943 0.649964
vt 0.640323 0.650780
vt 0.641012 0.650018
vt 0.640962 0.650048
vt 0.683985 0.466176
vt 0.684054 0.466139
vt 0.683968 0.466242
vt 0.683922 0.466199
vt 0.683985 0.466132
vt 0.683937 0.466161
vt 0.683768 0.466232
vt 0.683805 0.466288
vt 0.683980 0.465251
vt 0.683819 0.466165
vt 0.683853 0.466216
vt 0.683885 0.466267
vt 0.683896 0.466158
vt 0.683945 0.466110
vt 0.683877 0.466097
vt 0.684013 0.466066
vt 0.628113 0.536977
vt 0.628126 0.536921
vt 0.628153 0.536956
vt 0.628073 0.536991
vt 0.628091 0.536942
vt 0.628098 0.536890
vt 0.628056 0.536933
vt 0.628072 0.536918
vt 0.627991 0.536960
vt 0.628032 0.537000
vt 0.627998 0.536919
vt 0.628032 0.536959
vt 0.628035 0.536928
vt 0.628063 0.536955
vt 0.628065 0.536864
vt 0.628011 0.536880
vt 0.628550 0.538654
vt 0.628047 0.536900
vt 0.542718 0.507350
vt 0.542768 0.507398
vt 0.542650 0.507362
vt 0.542640 0.507326
vt 0.542784 0.507340
vt 0.542849 0.507372
vt 0.542702 0.507324
vt 0.542753 0.507323
vt 0.542717 0.507296
vt 0.542645 0.507288
vt 0.542768 0.507246
vt 0.542784 0.507306
vt 0.542935 0.507349
vt 0.542936 0.507303
vt 0.542165 0.506525
vt 0.542848 0.507324
vt 0.542851 0.507277
vt 0.670599 0.510040
vt 0.670556 0.509992
vt 0.670501 0.509956
vt 0.577886 0.537016
vt 0.577916 0.536891
vt 0.577892 0.536951
vt 0.590845 0.452493
vt 0.603896 0.455401
vt 0.603970 0.455648
vt 0.650742 0.447349
vt 0.603933 0.455523
vt 0.647269 0.604998
vt 0.647335 0.604989
vt 0.647395 0.604962
vt 0.677929 0.398107
vt 0.710670 0.442138
vt 0.726392 0.576101
vt 0.677942 0.398095
vt 0.726517 0.576145
vt 0.617977 0.403255
vt 0.645120 0.354055
vt 0.617963 0.403244
vt 0.645111 0.354055
vt 0.560036 0.623092
vt 0.590807 0.452414
vt 0.617959 0.403234
vt 0.674874 0.521502
vt 0.715896 0.487409
vt 0.674860 0.521450
vt 0.674846 0.521398
vt 0.676826 0.644816
vt 0.655888 0.595558
vt 0.655924 0.595523
vt 0.655964 0.595495
vt 0.715897 0.572642
vt 0.715814 0.572625
vt 0.715731 0.572614
vt 0.676843 0.644831
vt 0.581677 0.548798
vt 0.581676 0.548752
vt 0.581667 0.548704
vt 0.529684 0.543508
vt 0.635605 0.601628
vt 0.635655 0.601632
vt 0.635706 0.601644
vt 0.644798 0.655326
vt 0.569313 0.614624
vt 0.569369 0.614561
vt 0.569419 0.614494
vt 0.529948 0.543739
vt 0.658591 0.506696
vt 0.658542 0.506682
vt 0.688774 0.463417
vt 0.658497 0.506664
vt 0.586370 0.528060
vt 0.586404 0.528023
vt 0.586432 0.527983
vt 0.537467 0.507596
vt 0.537440 0.507579
vt 0.606965 0.465699
vt 0.606988 0.465779
vt 0.607011 0.465855
vt 0.676047 0.524138
vt 0.676036 0.524086
vt 0.676023 0.524037
vt 0.676891 0.527041
vt 0.657897 0.594782
vt 0.657937 0.594755
vt 0.657974 0.594723
vt 0.660083 0.593052
vt 0.712585 0.572345
vt 0.712504 0.572335
vt 0.712425 0.572323
vt 0.709965 0.571026
vt 0.581444 0.554243
vt 0.580942 0.551103
vt 0.580935 0.551057
vt 0.580936 0.551012
vt 0.633073 0.602110
vt 0.633122 0.602119
vt 0.633169 0.602121
vt 0.630320 0.601382
vt 0.571368 0.611704
vt 0.571416 0.611638
vt 0.573758 0.609774
vt 0.584148 0.599161
vt 0.656654 0.505225
vt 0.656611 0.505207
vt 0.656563 0.505193
vt 0.653664 0.503985
vt 0.587204 0.525796
vt 0.587231 0.525758
vt 0.587263 0.525721
vt 0.588793 0.523142
vt 0.607870 0.468792
vt 0.607892 0.468868
vt 0.607914 0.468944
vt 0.609142 0.472417
vt 0.644605 0.553421
vt 0.644593 0.553464
vt 0.644582 0.553508
vt 0.677050 0.642098
vt 0.676951 0.642124
vt 0.676999 0.642114
vt 0.532625 0.545360
vt 0.532607 0.545410
vt 0.532577 0.545454
vt 0.642708 0.652279
vt 0.641168 0.650182
vt 0.642616 0.652328
vt 0.642664 0.652304
vt 0.628352 0.538098
vt 0.628394 0.538086
vt 0.628437 0.538073
vt 0.686037 0.464983
vt 0.684039 0.466100
vt 0.686012 0.464939
vt 0.686063 0.465029
vt 0.714310 0.490583
vt 0.714405 0.490615
vt 0.714362 0.490590
vt 0.623074 0.559579
vt 0.623042 0.559548
vt 0.623010 0.559517
vt 0.540586 0.507402
vt 0.538052 0.507553
vt 0.540591 0.507497
vt 0.540588 0.507449
vt 0.688869 0.463366
vt 0.546290 0.561852
vt 0.716064 0.487232
vt 0.576103 0.607912
vt 0.535864 0.437685
vt 0.534050 0.441630
vt 0.532560 0.439158
vt 0.803955 0.514879
vt 0.804019 0.526801
vt 0.801743 0.515356
vt 0.530835 0.443277
vt 0.529196 0.447590
vt 0.527710 0.445119
vt 0.782168 0.554935
vt 0.784441 0.567632
vt 0.781776 0.567695
vt 0.521891 0.449289
vt 0.517816 0.449012
vt 0.520405 0.446815
vt 0.801079 0.504280
vt 0.799023 0.504785
vt 0.779408 0.507397
vt 0.779396 0.496757
vt 0.781396 0.507168
vt 0.781614 0.529796
vt 0.784558 0.542041
vt 0.782114 0.542181
vt 0.523224 0.444674
vt 0.526224 0.442650
vt 0.526195 0.449618
vt 0.524709 0.447146
vt 0.783626 0.580468
vt 0.780874 0.580467
vt 0.809543 0.589383
vt 0.807382 0.576712
vt 0.810193 0.576479
vt 0.810168 0.563794
vt 0.806896 0.551517
vt 0.809506 0.551170
vt 0.782047 0.594302
vt 0.779215 0.594213
vt 0.778835 0.613582
vt 0.775938 0.613418
vt 0.806132 0.616718
vt 0.805224 0.602828
vt 0.808190 0.602730
vt 0.519301 0.451487
vt 0.515433 0.451282
vt 0.773483 0.642113
vt 0.770527 0.641938
vt 0.767278 0.676461
vt 0.764290 0.676328
vt 0.803238 0.631136
vt 0.803105 0.616722
vt 0.514643 0.456224
vt 0.511112 0.456216
vt 0.513215 0.453666
vt 0.797895 0.494560
vt 0.795997 0.495069
vt 0.794520 0.485313
vt 0.792765 0.485805
vt 0.774155 0.484295
vt 0.769908 0.467530
vt 0.775757 0.483961
vt 0.532322 0.445748
vt 0.791031 0.476156
vt 0.789386 0.476647
vt 0.787340 0.467255
vt 0.785809 0.467843
vt 0.768527 0.467807
vt 0.764811 0.451492
vt 0.541756 0.438631
vt 0.539070 0.442599
vt 0.537467 0.440142
vt 0.801669 0.527211
vt 0.799538 0.515804
vt 0.795861 0.553376
vt 0.804391 0.564418
vt 0.796001 0.566045
vt 0.784730 0.554829
vt 0.787114 0.567548
vt 0.786768 0.580408
vt 0.794428 0.592087
vt 0.785311 0.594323
vt 0.796973 0.505258
vt 0.794099 0.495548
vt 0.783923 0.529626
vt 0.785007 0.517720
vt 0.786239 0.529428
vt 0.787008 0.541876
vt 0.782843 0.517947
vt 0.783394 0.506907
vt 0.805748 0.538972
vt 0.807452 0.564088
vt 0.804295 0.551839
vt 0.804746 0.564359
vt 0.784896 0.594378
vt 0.787467 0.567505
vt 0.795570 0.578762
vt 0.806650 0.589550
vt 0.804583 0.576924
vt 0.803768 0.589697
vt 0.776437 0.642284
vt 0.792067 0.608313
vt 0.782141 0.613612
vt 0.802269 0.602910
vt 0.800213 0.630899
vt 0.800102 0.616711
vt 0.770260 0.676592
vt 0.796705 0.505302
vt 0.792309 0.516915
vt 0.790202 0.506241
vt 0.781209 0.496442
vt 0.777365 0.483604
vt 0.791007 0.486272
vt 0.787747 0.477122
vt 0.787640 0.496147
vt 0.790735 0.486269
vt 0.793839 0.495580
vt 0.771284 0.467229
vt 0.765435 0.451605
vt 0.784320 0.468409
vt 0.780684 0.518143
vt 0.775310 0.457232
vt 0.785669 0.467644
vt 0.774539 0.458217
vt 0.784321 0.468386
vt 0.773752 0.459185
vt 0.785292 0.517694
vt 0.783660 0.506879
vt 0.787299 0.554700
vt 0.786552 0.529397
vt 0.547453 0.436937
vt 0.544138 0.440974
vt 0.529347 0.440807
vt 0.777621 0.483627
vt 0.779207 0.472325
vt 0.784056 0.485085
vt 0.505753 0.468183
vt 0.503761 0.474425
vt 0.505111 0.468099
vt 0.786568 0.654751
vt 0.770451 0.676644
vt 0.784079 0.653561
vt 0.804218 0.576985
vt 0.808238 0.538580
vt 0.799252 0.515854
vt 0.794007 0.528458
vt 0.803265 0.539339
vt 0.553879 0.435154
vt 0.551720 0.439004
vt 0.547054 0.433459
vt 0.543175 0.434866
vt 0.784265 0.468493
vt 0.787453 0.477095
vt 0.771608 0.467430
vt 0.773891 0.459643
vt 0.512149 0.459358
vt 0.509082 0.458963
vt 0.520786 0.453962
vt 0.516917 0.453757
vt 0.786394 0.580450
vt 0.799587 0.616961
vt 0.788246 0.629338
vt 0.523377 0.451763
vt 0.518401 0.456232
vt 0.795196 0.540730
vt 0.787337 0.541841
vt 0.777596 0.497040
vt 0.781477 0.496413
vt 0.509163 0.463485
vt 0.507192 0.461678
vt 0.509165 0.468035
vt 0.505855 0.468080
vt 0.776872 0.641972
vt 0.783994 0.652842
vt 0.770757 0.675542
vt 0.797053 0.630613
vt 0.764829 0.451503
vt 0.764649 0.450839
vt 0.539373 0.436286
vt 0.764883 0.452073
vt 0.801840 0.603043
vt 0.806377 0.526364
vt 0.787640 0.554660
vt 0.803387 0.589774
vt 0.789054 0.655918
vt 0.516068 0.458783
vt 0.781738 0.613738
vt 0.797247 0.630656
vt 0.803951 0.551897
vt 0.802939 0.539396
vt 0.801364 0.527265
vt 0.535540 0.444103
vt 0.513172 0.462501
vt 0.504394 0.474669
vt 0.504416 0.474663
vt 0.504389 0.474685
vt 0.504422 0.474635
vt 0.504442 0.474637
vt 0.504414 0.474680
vt 0.504436 0.474656
vt 0.504506 0.474559
vt 0.504485 0.474552
vt 0.504515 0.474516
vt 0.764206 0.675892
vt 0.764138 0.675906
vt 0.764173 0.675671
vt 0.504471 0.474602
vt 0.504454 0.474595
vt 0.504455 0.474643
vt 0.764219 0.676247
vt 0.764240 0.676121
vt 0.764286 0.676482
vt 0.764200 0.676336
vt 0.764177 0.676090
vt 0.764167 0.676185
vt 0.787140 0.466874
vt 0.787103 0.466970
vt 0.787043 0.466883
vt 0.787232 0.466890
vt 0.787196 0.466959
vt 0.787177 0.467069
vt 0.787270 0.466958
vt 0.787251 0.467034
vt 0.787460 0.466924
vt 0.787344 0.466987
vt 0.787321 0.466898
vt 0.787430 0.467041
vt 0.787345 0.467054
vt 0.787292 0.467015
vt 0.787259 0.467169
vt 0.787377 0.467178
vt 0.787311 0.467108
vt 0.787402 0.467108
vt 0.764449 0.450974
vt 0.764427 0.450910
vt 0.764469 0.451131
vt 0.764384 0.451082
vt 0.764351 0.450982
vt 0.764368 0.450943
vt 0.764337 0.451030
vt 0.764126 0.451268
vt 0.764267 0.451120
vt 0.764336 0.451203
vt 0.764233 0.451080
vt 0.764299 0.451023
vt 0.560696 0.436831
vt 0.560696 0.436854
vt 0.560659 0.436844
vt 0.764304 0.450972
vt 0.764422 0.450920
vt 0.764271 0.451036
vt 0.764242 0.451099
vt 0.770450 0.676497
vt 0.770524 0.676397
vt 0.770301 0.676702
vt 0.770389 0.676554
vt 0.770509 0.676301
vt 0.770617 0.676110
vt 0.770453 0.676389
vt 0.770376 0.676470
vt 0.770279 0.676668
vt 0.770371 0.676334
vt 0.770464 0.676278
vt 0.770704 0.675813
vt 0.770632 0.675770
vt 0.770571 0.676062
vt 0.770499 0.676048
vt 0.784317 0.468403
vt 0.784298 0.468399
vt 0.784317 0.468415
vt 0.784304 0.468414
vt 0.784280 0.468424
vt 0.784301 0.468431
vt 0.784292 0.468430
vt 0.784324 0.468427
vt 0.784319 0.468419
vt 0.784314 0.468448
vt 0.784314 0.468428
vt 0.784304 0.468439
vt 0.784308 0.468423
vt 0.784268 0.468457
vt 0.784293 0.468470
vt 0.784289 0.468449
vt 0.765032 0.451870
vt 0.765086 0.451996
vt 0.764988 0.451835
vt 0.765055 0.451761
vt 0.765140 0.451836
vt 0.765092 0.451773
vt 0.765067 0.451703
vt 0.765055 0.451711
vt 0.765052 0.451692
vt 0.765091 0.451696
vt 0.765064 0.451719
vt 0.765038 0.451741
vt 0.765097 0.451727
vt 0.765197 0.451731
vt 0.765182 0.451667
vt 0.765226 0.451907
vt 0.523214 0.444658
vt 0.526214 0.442633
vt 0.806545 0.526335
vt 0.808360 0.538564
vt 0.806492 0.526343
vt 0.808304 0.538570
vt 0.806439 0.526352
vt 0.520395 0.446799
vt 0.808416 0.538561
vt 0.809633 0.551160
vt 0.809575 0.551163
vt 0.529206 0.447607
vt 0.780519 0.518162
vt 0.781494 0.529803
vt 0.781437 0.529806
vt 0.780572 0.518155
vt 0.781550 0.529800
vt 0.532333 0.445765
vt 0.779257 0.507424
vt 0.779305 0.507413
vt 0.780625 0.518149
vt 0.532550 0.439142
vt 0.804111 0.514840
vt 0.801177 0.504251
vt 0.801222 0.504235
vt 0.804062 0.514853
vt 0.801133 0.504266
vt 0.529337 0.440790
vt 0.804013 0.514865
vt 0.526205 0.449635
vt 0.523387 0.451780
vt 0.781972 0.554924
vt 0.781987 0.542183
vt 0.782035 0.554932
vt 0.782047 0.542183
vt 0.782098 0.554936
vt 0.781927 0.542181
vt 0.780592 0.580404
vt 0.781574 0.567673
vt 0.780666 0.580431
vt 0.781638 0.567686
vt 0.780732 0.580451
vt 0.781703 0.567693
vt 0.780798 0.580463
vt 0.520796 0.453979
vt 0.517806 0.448995
vt 0.809693 0.551162
vt 0.810301 0.563790
vt 0.810240 0.563788
vt 0.515423 0.451265
vt 0.810363 0.563797
vt 0.810331 0.576482
vt 0.810268 0.576476
vt 0.513205 0.453648
vt 0.810394 0.576496
vt 0.809684 0.589395
vt 0.809620 0.589383
vt 0.511105 0.456195
vt 0.809747 0.589418
vt 0.808332 0.602764
vt 0.808269 0.602736
vt 0.775666 0.613242
vt 0.779005 0.594154
vt 0.775733 0.613311
vt 0.779070 0.594185
vt 0.775793 0.613366
vt 0.779137 0.594204
vt 0.775859 0.613403
vt 0.778933 0.594114
vt 0.507173 0.461675
vt 0.505826 0.468120
vt 0.507157 0.461674
vt 0.505799 0.468154
vt 0.507141 0.461676
vt 0.789149 0.655921
vt 0.803321 0.631138
vt 0.505774 0.468177
vt 0.509082 0.458932
vt 0.808391 0.602810
vt 0.806267 0.616796
vt 0.806210 0.616738
vt 0.509081 0.458908
vt 0.764126 0.675488
vt 0.770334 0.641741
vt 0.770387 0.641844
vt 0.770449 0.641912
vt 0.770278 0.641617
vt 0.535550 0.444120
vt 0.777463 0.497080
vt 0.777504 0.497063
vt 0.779353 0.507404
vt 0.539081 0.442616
vt 0.774046 0.484362
vt 0.774078 0.484331
vt 0.777547 0.497050
vt 0.539358 0.436271
vt 0.798024 0.494508
vt 0.794599 0.485273
vt 0.794631 0.485242
vt 0.797984 0.494528
vt 0.794565 0.485296
vt 0.535853 0.437669
vt 0.797944 0.494545
vt 0.553919 0.435143
vt 0.775402 0.457198
vt 0.775345 0.457207
vt 0.547071 0.433443
vt 0.775475 0.457200
vt 0.544154 0.440989
vt 0.768444 0.467901
vt 0.768465 0.467855
vt 0.774112 0.484309
vt 0.768491 0.467823
vt 0.551747 0.439016
vt 0.547040 0.433444
vt 0.791120 0.476051
vt 0.791098 0.476099
vt 0.791071 0.476134
vt 0.543151 0.434855
vt 0.801597 0.527223
vt 0.803188 0.539351
vt 0.801517 0.527238
vt 0.803103 0.539366
vt 0.801437 0.527252
vt 0.803017 0.539382
vt 0.804213 0.551850
vt 0.804123 0.551865
vt 0.804033 0.551881
vt 0.785074 0.517713
vt 0.786313 0.529422
vt 0.785148 0.517706
vt 0.786394 0.529414
vt 0.785223 0.517699
vt 0.786476 0.529405
vt 0.783457 0.506898
vt 0.783526 0.506891
vt 0.783595 0.506884
vt 0.799471 0.515816
vt 0.796910 0.505270
vt 0.799396 0.515830
vt 0.796840 0.505282
vt 0.799321 0.515843
vt 0.796770 0.505293
vt 0.787380 0.554694
vt 0.787086 0.541870
vt 0.787468 0.554684
vt 0.787172 0.541861
vt 0.787558 0.554672
vt 0.787257 0.541850
vt 0.786483 0.580446
vt 0.787198 0.567542
vt 0.786580 0.580436
vt 0.787290 0.567532
vt 0.786678 0.580423
vt 0.787382 0.567519
vt 0.804661 0.564369
vt 0.804568 0.564384
vt 0.804476 0.564401
vt 0.804496 0.576933
vt 0.804401 0.576948
vt 0.804305 0.576967
vt 0.803678 0.589707
vt 0.803578 0.589725
vt 0.803479 0.589749
vt 0.802168 0.602921
vt 0.802057 0.602952
vt 0.801944 0.602995
vt 0.781832 0.613732
vt 0.784994 0.594375
vt 0.781936 0.613705
vt 0.785102 0.594363
vt 0.782041 0.613662
vt 0.785210 0.594344
vt 0.784005 0.653475
vt 0.797197 0.630661
vt 0.783973 0.653314
vt 0.797142 0.630654
vt 0.783973 0.653094
vt 0.797091 0.630637
vt 0.799984 0.616724
vt 0.799851 0.616778
vt 0.799715 0.616862
vt 0.776534 0.642262
vt 0.776645 0.642194
vt 0.776761 0.642092
vt 0.781273 0.496431
vt 0.781342 0.496423
vt 0.781412 0.496417
vt 0.777423 0.483599
vt 0.777489 0.483603
vt 0.777557 0.483613
vt 0.794038 0.495558
vt 0.790945 0.486281
vt 0.793970 0.495568
vt 0.790875 0.486282
vt 0.793902 0.495575
vt 0.790803 0.486278
vt 0.773759 0.459273
vt 0.773788 0.459383
vt 0.773834 0.459508
vt 0.771354 0.467257
vt 0.771436 0.467303
vt 0.771522 0.467362
vt 0.787683 0.477136
vt 0.787609 0.477134
vt 0.787529 0.477118
vt 0.785780 0.467794
vt 0.785743 0.467740
vt 0.785704 0.467688
vt 0.764816 0.451489
vt 0.765334 0.451789
vt 0.764818 0.451493
vt 0.764820 0.451498
vt 0.764290 0.676425
vt 0.503759 0.474442
vt 0.767268 0.676532
vt 0.503106 0.474190
vt 0.772621 0.678698
vt 0.764563 0.451026
vt 0.560742 0.436840
vt 0.770359 0.676695
vt 0.781499 0.567651
vt 0.806318 0.616886
vt 0.803391 0.631121
vt 0.503111 0.474174
vt 0.544038 0.449411
vt 0.542370 0.453432
vt 0.540800 0.450989
vt 0.465580 0.545636
vt 0.467732 0.533572
vt 0.467978 0.545578
vt 0.539155 0.455169
vt 0.537520 0.459580
vt 0.535997 0.457058
vt 0.491477 0.509193
vt 0.490231 0.497753
vt 0.492562 0.497857
vt 0.530039 0.461231
vt 0.525924 0.460842
vt 0.528588 0.458695
vt 0.466320 0.557610
vt 0.468719 0.557519
vt 0.491580 0.557422
vt 0.490734 0.570391
vt 0.489245 0.557543
vt 0.490526 0.533177
vt 0.488441 0.521019
vt 0.490776 0.521043
vt 0.531461 0.456581
vt 0.534493 0.454559
vt 0.534428 0.461643
vt 0.532939 0.459100
vt 0.491720 0.486785
vt 0.494044 0.486935
vt 0.470796 0.477221
vt 0.471280 0.487982
vt 0.468884 0.487870
vt 0.467404 0.498687
vt 0.468712 0.509932
vt 0.466318 0.509889
vt 0.493784 0.475472
vt 0.496087 0.475667
vt 0.497130 0.460783
vt 0.499391 0.461002
vt 0.476197 0.455519
vt 0.475613 0.466697
vt 0.473209 0.466491
vt 0.527347 0.463392
vt 0.523445 0.463041
vt 0.501953 0.440459
vt 0.504234 0.440621
vt 0.506639 0.416232
vt 0.509148 0.415864
vt 0.479854 0.444613
vt 0.478611 0.455806
vt 0.522421 0.467980
vt 0.518849 0.467784
vt 0.521104 0.465335
vt 0.467521 0.569546
vt 0.469922 0.569424
vt 0.469226 0.581815
vt 0.471633 0.581662
vt 0.496276 0.587803
vt 0.499762 0.613723
vt 0.493960 0.588049
vt 0.540711 0.457663
vt 0.471472 0.594736
vt 0.473883 0.594557
vt 0.474055 0.608040
vt 0.476467 0.607851
vt 0.502064 0.613451
vt 0.506855 0.643956
vt 0.549946 0.450114
vt 0.547506 0.454227
vt 0.545755 0.451808
vt 0.470121 0.533552
vt 0.470371 0.545521
vt 0.478908 0.509531
vt 0.472502 0.498827
vt 0.479992 0.498256
vt 0.489143 0.509130
vt 0.487890 0.497649
vt 0.489068 0.486647
vt 0.483488 0.476418
vt 0.491154 0.475294
vt 0.471113 0.557427
vt 0.472319 0.569300
vt 0.488190 0.533197
vt 0.486114 0.545470
vt 0.485848 0.533218
vt 0.486097 0.520997
vt 0.488459 0.545403
vt 0.486900 0.557664
vt 0.468007 0.521606
vt 0.469798 0.498763
vt 0.471100 0.509977
vt 0.472185 0.498840
vt 0.491470 0.475271
vt 0.487573 0.497661
vt 0.481478 0.487379
vt 0.473195 0.477374
vt 0.473667 0.488095
vt 0.475585 0.477530
vt 0.499693 0.440294
vt 0.486446 0.463746
vt 0.494547 0.460632
vt 0.478005 0.466904
vt 0.482118 0.445071
vt 0.480990 0.456086
vt 0.504263 0.417171
vt 0.471429 0.557426
vt 0.478200 0.545496
vt 0.478961 0.557545
vt 0.488389 0.570577
vt 0.491636 0.588296
vt 0.474035 0.581506
vt 0.476292 0.594378
vt 0.480307 0.569931
vt 0.474363 0.581576
vt 0.472637 0.569311
vt 0.497455 0.613996
vt 0.504572 0.644146
vt 0.478881 0.607660
vt 0.490794 0.545335
vt 0.561290 0.445655
vt 0.554835 0.444726
vt 0.561345 0.445044
vt 0.555060 0.444086
vt 0.561399 0.444431
vt 0.485798 0.545474
vt 0.486583 0.557666
vt 0.486800 0.509068
vt 0.485532 0.533223
vt 0.555316 0.448199
vt 0.552480 0.452260
vt 0.537623 0.452703
vt 0.491308 0.588227
vt 0.486905 0.604195
vt 0.482814 0.584877
vt 0.490714 0.428801
vt 0.502779 0.415437
vt 0.492414 0.429895
vt 0.504112 0.417106
vt 0.494118 0.430986
vt 0.473985 0.488080
vt 0.465614 0.521592
vt 0.470687 0.545517
vt 0.477941 0.533389
vt 0.470395 0.521619
vt 0.561179 0.445726
vt 0.559642 0.449565
vt 0.554603 0.445432
vt 0.551103 0.446559
vt 0.479177 0.607566
vt 0.476643 0.594571
vt 0.497100 0.613792
vt 0.491674 0.625661
vt 0.519748 0.470899
vt 0.516650 0.470418
vt 0.528778 0.465970
vt 0.524841 0.465605
vt 0.489385 0.486633
vt 0.481355 0.455902
vt 0.490566 0.448249
vt 0.531498 0.463791
vt 0.526243 0.468199
vt 0.478203 0.521315
vt 0.485782 0.521005
vt 0.493067 0.570206
vt 0.488071 0.570568
vt 0.516570 0.474589
vt 0.514648 0.472992
vt 0.516357 0.478780
vt 0.512967 0.478516
vt 0.499359 0.440490
vt 0.494092 0.431474
vt 0.503850 0.417849
vt 0.484597 0.445630
vt 0.567941 0.445433
vt 0.567999 0.446123
vt 0.547447 0.447933
vt 0.567804 0.444787
vt 0.478339 0.466833
vt 0.465333 0.533592
vt 0.486484 0.509078
vt 0.475906 0.477507
vt 0.523736 0.470652
vt 0.494868 0.460558
vt 0.484333 0.445515
vt 0.471416 0.509966
vt 0.470710 0.521612
vt 0.470436 0.533546
vt 0.543968 0.455903
vt 0.520618 0.474026
vt 0.511243 0.484253
vt 0.511269 0.484247
vt 0.511239 0.484274
vt 0.511275 0.484217
vt 0.511297 0.484222
vt 0.511268 0.484266
vt 0.511291 0.484242
vt 0.511361 0.484154
vt 0.511342 0.484144
vt 0.511372 0.484116
vt 0.511342 0.484197
vt 0.511327 0.484191
vt 0.511309 0.484180
vt 0.511311 0.484230
vt 0.509198 0.415909
vt 0.509188 0.416005
vt 0.511255 0.484288
vt 0.511287 0.484262
vt 0.511319 0.484246
vt 0.567987 0.446143
vt 0.567958 0.446141
vt 0.568025 0.446129
vt 0.568003 0.446147
vt 0.567955 0.446162
vt 0.567912 0.446159
vt 0.567975 0.446162
vt 0.509152 0.643685
vt 0.509198 0.643630
vt 0.509155 0.643740
vt 0.567971 0.446189
vt 0.567958 0.446177
vt 0.567995 0.446163
vt 0.568025 0.446139
vt 0.567866 0.446177
vt 0.567868 0.446198
vt 0.567828 0.446195
vt 0.567915 0.446178
vt 0.567916 0.446194
vt 0.504100 0.417237
vt 0.504032 0.417309
vt 0.504223 0.417081
vt 0.504149 0.417199
vt 0.504044 0.417378
vt 0.503962 0.417498
vt 0.504091 0.417319
vt 0.504158 0.417263
vt 0.504242 0.417107
vt 0.504155 0.417368
vt 0.504079 0.417397
vt 0.503894 0.417684
vt 0.503943 0.417714
vt 0.503995 0.417532
vt 0.504047 0.417547
vt 0.567783 0.444767
vt 0.567820 0.444786
vt 0.567756 0.444766
vt 0.567743 0.444750
vt 0.567800 0.444767
vt 0.567766 0.444753
vt 0.504209 0.643599
vt 0.504154 0.643634
vt 0.504103 0.643449
vt 0.504331 0.643790
vt 0.504271 0.643809
vt 0.504234 0.643849
vt 0.504377 0.643960
vt 0.504340 0.643986
vt 0.504475 0.644086
vt 0.504458 0.643984
vt 0.504567 0.644226
vt 0.504481 0.644150
vt 0.504403 0.644042
vt 0.531451 0.456565
vt 0.534483 0.454543
vt 0.531443 0.456551
vt 0.534475 0.454529
vt 0.531434 0.456537
vt 0.534466 0.454515
vt 0.465551 0.521590
vt 0.465270 0.533591
vt 0.528578 0.458678
vt 0.528570 0.458664
vt 0.528560 0.458651
vt 0.466255 0.509886
vt 0.537530 0.459598
vt 0.540722 0.457680
vt 0.537539 0.459613
vt 0.540731 0.457695
vt 0.537548 0.459627
vt 0.490591 0.533177
vt 0.543979 0.455920
vt 0.543988 0.455935
vt 0.540740 0.457710
vt 0.490858 0.545333
vt 0.540790 0.450972
vt 0.537613 0.452686
vt 0.540781 0.450958
vt 0.537604 0.452673
vt 0.540773 0.450944
vt 0.537587 0.452642
vt 0.540765 0.450927
vt 0.537596 0.452658
vt 0.534457 0.454498
vt 0.534438 0.461660
vt 0.531508 0.463809
vt 0.534447 0.461675
vt 0.531517 0.463824
vt 0.534457 0.461690
vt 0.531527 0.463838
vt 0.490840 0.521044
vt 0.491541 0.509196
vt 0.528788 0.465988
vt 0.526253 0.468217
vt 0.528797 0.466003
vt 0.526262 0.468232
vt 0.528807 0.466017
vt 0.526273 0.468246
vt 0.492627 0.497862
vt 0.494108 0.486942
vt 0.525914 0.460825
vt 0.525906 0.460810
vt 0.525896 0.460798
vt 0.467341 0.498683
vt 0.523435 0.463023
vt 0.523427 0.463009
vt 0.523416 0.462997
vt 0.468821 0.487864
vt 0.521095 0.465317
vt 0.521087 0.465303
vt 0.521076 0.465290
vt 0.470733 0.477213
vt 0.518843 0.467763
vt 0.518836 0.467745
vt 0.518827 0.467731
vt 0.473146 0.466478
vt 0.523745 0.470670
vt 0.520624 0.474048
vt 0.523753 0.470686
vt 0.520630 0.474066
vt 0.523764 0.470700
vt 0.520639 0.474081
vt 0.496150 0.475677
vt 0.499453 0.461015
vt 0.514630 0.472987
vt 0.512936 0.478550
vt 0.514613 0.472984
vt 0.512906 0.478579
vt 0.514596 0.472982
vt 0.490645 0.428789
vt 0.479790 0.444603
vt 0.512881 0.478597
vt 0.512859 0.478600
vt 0.516651 0.470388
vt 0.516651 0.470364
vt 0.516645 0.470345
vt 0.476137 0.455496
vt 0.516354 0.478810
vt 0.516354 0.478835
vt 0.516358 0.478854
vt 0.504295 0.440641
vt 0.547518 0.454243
vt 0.547528 0.454258
vt 0.543997 0.455950
vt 0.491644 0.557418
vt 0.552497 0.452273
vt 0.552511 0.452286
vt 0.547536 0.454273
vt 0.493131 0.570198
vt 0.547430 0.447919
vt 0.544027 0.449395
vt 0.547417 0.447907
vt 0.544017 0.449382
vt 0.547407 0.447894
vt 0.544002 0.449350
vt 0.547400 0.447876
vt 0.544010 0.449367
vt 0.561220 0.445709
vt 0.561256 0.445691
vt 0.561280 0.445674
vt 0.554603 0.445414
vt 0.554604 0.445398
vt 0.554606 0.445382
vt 0.554607 0.445364
vt 0.559671 0.449573
vt 0.559695 0.449581
vt 0.552522 0.452300
vt 0.502124 0.613427
vt 0.496339 0.587789
vt 0.559712 0.449591
vt 0.509183 0.643535
vt 0.551077 0.446549
vt 0.551055 0.446540
vt 0.551031 0.446512
vt 0.551040 0.446529
vt 0.470196 0.533551
vt 0.470470 0.521619
vt 0.470278 0.533549
vt 0.470552 0.521617
vt 0.470361 0.533548
vt 0.470635 0.521615
vt 0.471175 0.509977
vt 0.471257 0.509974
vt 0.471340 0.509971
vt 0.486039 0.545471
vt 0.485773 0.533219
vt 0.485957 0.545473
vt 0.485691 0.533220
vt 0.485875 0.545473
vt 0.485609 0.533222
vt 0.486825 0.557666
vt 0.486743 0.557667
vt 0.486660 0.557667
vt 0.470446 0.545519
vt 0.471188 0.557425
vt 0.470529 0.545518
vt 0.471270 0.557425
vt 0.470611 0.545517
vt 0.471353 0.557425
vt 0.486725 0.509067
vt 0.486022 0.520997
vt 0.486643 0.509069
vt 0.485941 0.520999
vt 0.486561 0.509073
vt 0.485858 0.521002
vt 0.489310 0.486631
vt 0.487815 0.497648
vt 0.489228 0.486634
vt 0.487733 0.497651
vt 0.489145 0.486640
vt 0.487650 0.497655
vt 0.472260 0.498840
vt 0.472343 0.498837
vt 0.472426 0.498833
vt 0.473742 0.488096
vt 0.473825 0.488093
vt 0.473909 0.488087
vt 0.475661 0.477531
vt 0.475744 0.477527
vt 0.475829 0.477518
vt 0.478082 0.466903
vt 0.478168 0.466888
vt 0.478257 0.466863
vt 0.494794 0.460560
vt 0.491396 0.475269
vt 0.494712 0.460575
vt 0.491314 0.475273
vt 0.494627 0.460601
vt 0.491231 0.475283
vt 0.494153 0.431047
vt 0.484402 0.445533
vt 0.494155 0.431157
vt 0.484472 0.445559
vt 0.494131 0.431306
vt 0.484539 0.445592
vt 0.481069 0.456077
vt 0.481162 0.456038
vt 0.481261 0.455976
vt 0.499619 0.440306
vt 0.499534 0.440348
vt 0.499444 0.440414
vt 0.488314 0.570580
vt 0.488231 0.570579
vt 0.488148 0.570574
vt 0.491560 0.588296
vt 0.491475 0.588282
vt 0.491389 0.588257
vt 0.472394 0.569299
vt 0.474111 0.581509
vt 0.472477 0.569301
vt 0.474196 0.581523
vt 0.472560 0.569305
vt 0.474283 0.581547
vt 0.561391 0.444412
vt 0.567696 0.444746
vt 0.491736 0.625993
vt 0.491713 0.625838
vt 0.555066 0.444066
vt 0.561366 0.444390
vt 0.479034 0.607629
vt 0.479110 0.607599
vt 0.497378 0.613986
vt 0.497287 0.613943
vt 0.497192 0.613874
vt 0.476370 0.594389
vt 0.478956 0.607649
vt 0.476461 0.594430
vt 0.476555 0.594494
vt 0.506865 0.644010
vt 0.504573 0.644200
vt 0.509151 0.643768
vt 0.567958 0.445435
vt 0.509143 0.415805
vt 0.506619 0.416141
vt 0.509130 0.415775
vt 0.510380 0.484006
vt 0.506629 0.416169
vt 0.509513 0.483736
vt 0.510380 0.483984
vt 0.501452 0.413759
vt 0.511243 0.484286
vt 0.568016 0.446125
vt 0.504188 0.417069
vt 0.555073 0.444044
vt 0.509518 0.483715
vt 0.549935 0.459504
vt 0.548250 0.463561
vt 0.546652 0.461107
vt 0.769734 0.550597
vt 0.767754 0.562480
vt 0.767374 0.550670
vt 0.545033 0.465338
vt 0.543468 0.469782
vt 0.541898 0.467290
vt 0.744795 0.587251
vt 0.746437 0.598664
vt 0.744094 0.598646
vt 0.536032 0.471612
vt 0.531896 0.471344
vt 0.534507 0.469111
vt 0.768985 0.538830
vt 0.766620 0.538913
vt 0.743874 0.538988
vt 0.744737 0.526055
vt 0.746205 0.538865
vt 0.745142 0.563234
vt 0.747487 0.575345
vt 0.745153 0.575381
vt 0.537338 0.466915
vt 0.540339 0.464814
vt 0.540429 0.471908
vt 0.538879 0.469404
vt 0.745369 0.609766
vt 0.743011 0.609703
vt 0.766891 0.618138
vt 0.765723 0.607539
vt 0.768089 0.607519
vt 0.769046 0.596814
vt 0.767359 0.585791
vt 0.769718 0.585759
vt 0.743784 0.621412
vt 0.741408 0.621284
vt 0.741207 0.637090
vt 0.738839 0.636894
vt 0.764337 0.640718
vt 0.763202 0.629154
vt 0.765598 0.629099
vt 0.533402 0.473855
vt 0.529479 0.473631
vt 0.737232 0.659544
vt 0.734874 0.659313
vt 0.732561 0.685748
vt 0.730315 0.685360
vt 0.763128 0.652569
vt 0.761928 0.640797
vt 0.528636 0.478618
vt 0.524959 0.478547
vt 0.527198 0.476014
vt 0.767889 0.527064
vt 0.765513 0.527160
vt 0.766377 0.514901
vt 0.763984 0.515027
vt 0.739538 0.508726
vt 0.737246 0.483386
vt 0.741819 0.508543
vt 0.546622 0.467817
vt 0.764296 0.502072
vt 0.761891 0.502243
vt 0.761596 0.488894
vt 0.759295 0.489263
vt 0.734999 0.483520
vt 0.732620 0.453666
vt 0.555944 0.460238
vt 0.553402 0.464348
vt 0.551664 0.461921
vt 0.765401 0.562538
vt 0.765016 0.550742
vt 0.757298 0.586514
vt 0.764016 0.596884
vt 0.756626 0.597759
vt 0.747130 0.587240
vt 0.748786 0.598680
vt 0.748058 0.609796
vt 0.754248 0.619849
vt 0.746498 0.621499
vt 0.764257 0.538998
vt 0.763141 0.527260
vt 0.747479 0.563174
vt 0.749397 0.550897
vt 0.749817 0.563115
vt 0.749827 0.575309
vt 0.747059 0.550983
vt 0.748543 0.538741
vt 0.767732 0.574268
vt 0.766685 0.596838
vt 0.765002 0.585822
vt 0.764327 0.596859
vt 0.746175 0.621539
vt 0.749103 0.598655
vt 0.755635 0.608681
vt 0.764512 0.618168
vt 0.763357 0.607557
vt 0.762128 0.618196
vt 0.739596 0.659776
vt 0.752226 0.633188
vt 0.743912 0.637196
vt 0.760798 0.629206
vt 0.760716 0.652660
vt 0.759514 0.640875
vt 0.734892 0.686035
vt 0.763945 0.538999
vt 0.757270 0.550818
vt 0.756467 0.538870
vt 0.747072 0.525887
vt 0.744101 0.508354
vt 0.761597 0.515156
vt 0.759514 0.502412
vt 0.755178 0.526581
vt 0.761274 0.515084
vt 0.762827 0.527247
vt 0.739477 0.483243
vt 0.735267 0.453992
vt 0.757041 0.489623
vt 0.744727 0.551070
vt 0.749983 0.469387
vt 0.748215 0.470383
vt 0.746441 0.471376
vt 0.749712 0.550890
vt 0.748858 0.538738
vt 0.749470 0.587227
vt 0.750131 0.563104
vt 0.561596 0.458355
vt 0.558482 0.462452
vt 0.543454 0.462874
vt 0.744419 0.508430
vt 0.749199 0.492867
vt 0.752861 0.511784
vt 0.519434 0.489610
vt 0.517642 0.495204
vt 0.518839 0.489577
vt 0.517069 0.494939
vt 0.518243 0.489543
vt 0.763044 0.607588
vt 0.770091 0.574224
vt 0.764706 0.550748
vt 0.757674 0.562822
vt 0.765376 0.574312
vt 0.567945 0.456285
vt 0.566053 0.460026
vt 0.560936 0.455350
vt 0.557172 0.456627
vt 0.756760 0.489712
vt 0.759172 0.502221
vt 0.739805 0.483461
vt 0.746429 0.471856
vt 0.526075 0.481679
vt 0.522745 0.481253
vt 0.534913 0.476385
vt 0.530969 0.476151
vt 0.747737 0.609824
vt 0.759173 0.641064
vt 0.749482 0.650223
vt 0.537562 0.474130
vt 0.532458 0.478690
vt 0.757663 0.574801
vt 0.750141 0.575293
vt 0.742411 0.526220
vt 0.747387 0.525899
vt 0.523039 0.485558
vt 0.520739 0.483934
vt 0.523013 0.489763
vt 0.519524 0.489536
vt 0.739938 0.659575
vt 0.746657 0.669133
vt 0.735295 0.685455
vt 0.757962 0.652868
vt 0.736902 0.452398
vt 0.738382 0.450839
vt 0.553414 0.458015
vt 0.735418 0.453948
vt 0.760473 0.629301
vt 0.770113 0.562421
vt 0.749786 0.587207
vt 0.761812 0.618241
vt 0.520033 0.484074
vt 0.520667 0.483981
vt 0.530054 0.481237
vt 0.743584 0.637287
vt 0.519405 0.484206
vt 0.764692 0.585842
vt 0.765067 0.574327
vt 0.765091 0.562548
vt 0.549858 0.466028
vt 0.527096 0.484798
vt 0.518235 0.495431
vt 0.518256 0.495430
vt 0.518231 0.495446
vt 0.518261 0.495406
vt 0.518279 0.495411
vt 0.518254 0.495446
vt 0.518274 0.495427
vt 0.518335 0.495354
vt 0.518316 0.495345
vt 0.518342 0.495320
vt 0.730234 0.685087
vt 0.730177 0.685100
vt 0.730199 0.684945
vt 0.518305 0.495386
vt 0.518288 0.495376
vt 0.518291 0.495419
vt 0.730260 0.685322
vt 0.730270 0.685233
vt 0.730309 0.685443
vt 0.730252 0.685378
vt 0.730216 0.685223
vt 0.730215 0.685290
vt 0.520672 0.483959
vt 0.520687 0.483972
vt 0.520678 0.483933
vt 0.520691 0.483951
vt 0.520703 0.483959
vt 0.520707 0.483932
vt 0.520706 0.483943
vt 0.520715 0.483894
vt 0.520688 0.483907
vt 0.520697 0.483883
vt 0.520723 0.483907
vt 0.520704 0.483914
vt 0.520697 0.483932
vt 0.520715 0.483921
vt 0.520718 0.483932
vt 0.520730 0.483919
vt 0.520720 0.483946
vt 0.575173 0.457181
vt 0.575160 0.457201
vt 0.575132 0.457197
vt 0.575198 0.457186
vt 0.575178 0.457206
vt 0.575128 0.457218
vt 0.575084 0.457214
vt 0.575148 0.457219
vt 0.730277 0.453836
vt 0.730228 0.453885
vt 0.730279 0.453783
vt 0.730235 0.453977
vt 0.730188 0.453995
vt 0.730222 0.453826
vt 0.730278 0.453755
vt 0.730187 0.453924
vt 0.575035 0.457231
vt 0.575037 0.457254
vt 0.574993 0.457248
vt 0.575087 0.457234
vt 0.575088 0.457251
vt 0.575130 0.457232
vt 0.517054 0.494920
vt 0.517060 0.494896
vt 0.517061 0.494960
vt 0.517049 0.494934
vt 0.517046 0.494885
vt 0.517052 0.494846
vt 0.517043 0.494904
vt 0.734979 0.685994
vt 0.734890 0.686092
vt 0.734991 0.685899
vt 0.735064 0.685889
vt 0.517053 0.494960
vt 0.517034 0.494929
vt 0.735044 0.685960
vt 0.734978 0.686053
vt 0.735263 0.685618
vt 0.735201 0.685583
vt 0.517037 0.494844
vt 0.517045 0.494795
vt 0.735155 0.685764
vt 0.735097 0.685741
vt 0.517034 0.494886
vt 0.519386 0.484198
vt 0.519406 0.484184
vt 0.519365 0.484187
vt 0.519387 0.484179
vt 0.519406 0.484158
vt 0.519377 0.484162
vt 0.519389 0.484161
vt 0.758041 0.652841
vt 0.758015 0.652925
vt 0.758135 0.652871
vt 0.758075 0.652898
vt 0.519357 0.484163
vt 0.519344 0.484176
vt 0.519371 0.484173
vt 0.519408 0.484132
vt 0.519389 0.484120
vt 0.519409 0.484109
vt 0.519388 0.484141
vt 0.758203 0.652853
vt 0.758131 0.652810
vt 0.758221 0.652779
vt 0.519371 0.484151
vt 0.735423 0.454075
vt 0.735353 0.453904
vt 0.735484 0.454152
vt 0.735470 0.454219
vt 0.735377 0.454031
vt 0.735427 0.454157
vt 0.735554 0.454566
vt 0.735605 0.454538
vt 0.735642 0.454709
vt 0.735459 0.454389
vt 0.735512 0.454377
vt 0.735546 0.454345
vt 0.735434 0.454236
vt 0.735364 0.454096
vt 0.735362 0.454201
vt 0.735314 0.453891
vt 0.537327 0.466899
vt 0.540328 0.464798
vt 0.537318 0.466885
vt 0.540320 0.464784
vt 0.537309 0.466872
vt 0.540311 0.464770
vt 0.770153 0.574223
vt 0.770175 0.562420
vt 0.534497 0.469095
vt 0.534488 0.469081
vt 0.534478 0.469068
vt 0.769780 0.585759
vt 0.543479 0.469799
vt 0.744549 0.551081
vt 0.745021 0.563236
vt 0.744964 0.563236
vt 0.744606 0.551076
vt 0.745078 0.563236
vt 0.546633 0.467834
vt 0.743698 0.539009
vt 0.743754 0.538999
vt 0.744663 0.551073
vt 0.546642 0.461090
vt 0.543444 0.462858
vt 0.546633 0.461077
vt 0.543435 0.462844
vt 0.546625 0.461062
vt 0.769047 0.538827
vt 0.543427 0.462830
vt 0.769796 0.550595
vt 0.540440 0.471926
vt 0.537573 0.474148
vt 0.744617 0.587236
vt 0.745033 0.575379
vt 0.744674 0.587245
vt 0.745089 0.575381
vt 0.744730 0.587250
vt 0.744975 0.575375
vt 0.534923 0.476402
vt 0.532469 0.478708
vt 0.742835 0.609668
vt 0.743973 0.598635
vt 0.742890 0.609686
vt 0.744030 0.598643
vt 0.742947 0.609698
vt 0.743917 0.598621
vt 0.531886 0.471327
vt 0.531877 0.471314
vt 0.531866 0.471301
vt 0.769108 0.596816
vt 0.529468 0.473614
vt 0.529459 0.473600
vt 0.529449 0.473588
vt 0.768150 0.607521
vt 0.527189 0.475997
vt 0.527180 0.475983
vt 0.527169 0.475971
vt 0.766953 0.618141
vt 0.524952 0.478526
vt 0.524945 0.478510
vt 0.524936 0.478497
vt 0.765660 0.629104
vt 0.530063 0.481255
vt 0.527102 0.484819
vt 0.738671 0.636806
vt 0.741288 0.621258
vt 0.738721 0.636850
vt 0.741344 0.621275
vt 0.738775 0.636880
vt 0.741234 0.621232
vt 0.519499 0.489564
vt 0.519476 0.489589
vt 0.519454 0.489605
vt 0.522743 0.481227
vt 0.522741 0.481207
vt 0.522735 0.481191
vt 0.764398 0.640728
vt 0.523012 0.489791
vt 0.734760 0.659240
vt 0.734811 0.659291
vt 0.734715 0.659166
vt 0.549869 0.466044
vt 0.742237 0.526258
vt 0.742292 0.526240
vt 0.743810 0.538992
vt 0.553414 0.464365
vt 0.739375 0.508801
vt 0.739424 0.508763
vt 0.742347 0.526227
vt 0.553398 0.458001
vt 0.549924 0.459488
vt 0.553384 0.457988
vt 0.549915 0.459474
vt 0.553374 0.457975
vt 0.766440 0.514891
vt 0.549907 0.459460
vt 0.767951 0.527059
vt 0.567990 0.456270
vt 0.568029 0.456255
vt 0.568056 0.456238
vt 0.568068 0.456219
vt 0.560937 0.455331
vt 0.560939 0.455314
vt 0.560944 0.455297
vt 0.750054 0.469379
vt 0.558499 0.462467
vt 0.734850 0.483661
vt 0.734892 0.483588
vt 0.739476 0.508738
vt 0.734939 0.483540
vt 0.566083 0.460036
vt 0.730177 0.454299
vt 0.730206 0.454142
vt 0.557144 0.456617
vt 0.764403 0.502007
vt 0.761660 0.488885
vt 0.761716 0.488893
vt 0.557122 0.456608
vt 0.766490 0.514868
vt 0.764357 0.502053
vt 0.765327 0.562540
vt 0.765303 0.574314
vt 0.765246 0.562543
vt 0.765222 0.574318
vt 0.765165 0.562546
vt 0.765141 0.574322
vt 0.764928 0.585825
vt 0.764847 0.585830
vt 0.764766 0.585836
vt 0.749472 0.550894
vt 0.749891 0.563113
vt 0.749553 0.550893
vt 0.749973 0.563110
vt 0.749635 0.550891
vt 0.750055 0.563107
vt 0.748618 0.538738
vt 0.748699 0.538737
vt 0.748782 0.538737
vt 0.764943 0.550744
vt 0.764183 0.539000
vt 0.764862 0.550746
vt 0.764102 0.539001
vt 0.764780 0.550747
vt 0.764020 0.539000
vt 0.749545 0.587225
vt 0.749901 0.575307
vt 0.749627 0.587221
vt 0.749983 0.575303
vt 0.749709 0.587214
vt 0.750065 0.575298
vt 0.747813 0.609823
vt 0.748861 0.598678
vt 0.747896 0.609816
vt 0.748943 0.598672
vt 0.747980 0.609807
vt 0.749026 0.598664
vt 0.764253 0.596862
vt 0.764172 0.596868
vt 0.764090 0.596876
vt 0.763282 0.607560
vt 0.763201 0.607567
vt 0.763119 0.607577
vt 0.762053 0.618201
vt 0.761971 0.618211
vt 0.761888 0.618226
vt 0.760722 0.629215
vt 0.760637 0.629236
vt 0.760552 0.629267
vt 0.743661 0.637284
vt 0.746251 0.621538
vt 0.743745 0.637265
vt 0.746335 0.621529
vt 0.743832 0.637234
vt 0.746420 0.621516
vt 0.518225 0.489535
vt 0.518209 0.489512
vt 0.518195 0.489478
vt 0.746639 0.669286
vt 0.759436 0.640891
vt 0.759347 0.640933
vt 0.759256 0.640994
vt 0.758301 0.652753
vt 0.739674 0.659766
vt 0.739761 0.659723
vt 0.739851 0.659655
vt 0.747146 0.525885
vt 0.747228 0.525887
vt 0.747310 0.525892
vt 0.744174 0.508356
vt 0.744257 0.508372
vt 0.744340 0.508399
vt 0.763066 0.527261
vt 0.761522 0.515153
vt 0.762984 0.527258
vt 0.761437 0.515137
vt 0.762902 0.527253
vt 0.761352 0.515113
vt 0.746402 0.471434
vt 0.746392 0.471542
vt 0.746404 0.471689
vt 0.756971 0.489638
vt 0.756897 0.489658
vt 0.756824 0.489683
vt 0.739551 0.483258
vt 0.739635 0.483305
vt 0.739722 0.483377
vt 0.759437 0.502401
vt 0.759349 0.502360
vt 0.759257 0.502297
vt 0.732617 0.453604
vt 0.735291 0.453922
vt 0.575256 0.455778
vt 0.575206 0.456485
vt 0.575239 0.455776
vt 0.575223 0.456491
vt 0.730313 0.685414
vt 0.732550 0.685804
vt 0.732548 0.685833
vt 0.517639 0.495220
vt 0.734891 0.686120
vt 0.517064 0.494953
vt 0.520046 0.483999
vt 0.520043 0.484025
vt 0.520038 0.484051
vt 0.520047 0.483977
vt 0.575190 0.457183
vt 0.763187 0.652597
vn -0.370800 -0.264300 -0.890300
vn -0.405900 -0.394700 -0.824300
vn -0.470800 -0.326300 -0.819700
vn -0.526400 -0.421600 -0.738300
vn -0.238900 0.875900 0.419300
vn -0.406500 0.810400 0.422000
vn -0.338600 0.805500 0.486400
vn -0.238600 -0.389300 -0.889700
vn -0.347300 -0.335600 -0.875600
vn -0.371600 0.880700 0.293900
vn -0.347600 0.863900 0.364400
vn 0.881300 -0.250300 0.400800
vn 0.814600 -0.417600 0.402400
vn 0.867500 -0.358300 0.345000
vn -0.526800 0.723600 0.446000
vn -0.461300 0.749200 0.475400
vn -0.431200 -0.516200 -0.740000
vn -0.460700 -0.450200 -0.764900
vn -0.432200 0.721800 0.540600
vn 0.810800 -0.481700 0.332400
vn 0.881000 -0.410500 0.235300
vn 0.753900 -0.473100 0.455900
vn 0.728000 -0.538000 0.425000
vn 0.727800 -0.444600 0.522200
vn 0.936800 -0.296900 -0.184900
vn 0.974700 -0.215700 0.058400
vn 0.823100 -0.566100 -0.045800
vn 0.881200 -0.352300 -0.315300
vn 0.897100 0.007300 -0.441700
vn 0.969900 0.103500 -0.220200
vn 0.698600 -0.155100 -0.698500
vn 0.183300 -0.282700 -0.941500
vn 0.039200 -0.550900 -0.833600
vn -0.057900 -0.196400 -0.978800
vn 0.445600 0.015500 -0.895100
vn 0.312900 -0.341400 -0.886300
vn 0.238400 -0.669600 -0.703500
vn 0.818700 0.327000 -0.472000
vn 0.482100 0.332900 -0.810400
vn 0.627800 0.476800 -0.615300
vn 0.688600 0.250100 -0.680700
vn 0.226800 0.116800 -0.966900
vn 0.937500 0.173500 0.301700
vn 0.823900 0.025400 0.566200
vn 0.975000 -0.066800 0.211900
vn 0.897600 0.440700 0.006600
vn 0.881900 0.302400 0.361800
vn 0.692800 0.223200 0.685700
vn 0.698500 0.693100 0.178300
vn 0.481600 0.821600 -0.305100
vn 0.819000 0.482300 -0.311000
vn 0.627800 0.631200 -0.455400
vn 0.226100 0.970500 -0.083900
vn 0.688700 0.688400 -0.227500
vn 0.970100 0.222600 -0.097200
vn 0.445400 0.895200 0.014300
vn 0.183000 0.931600 0.314200
vn -0.058600 0.971600 0.229300
vn 0.039300 0.814400 0.579000
vn 0.312200 0.874300 0.371500
vn -0.286700 0.222600 -0.931800
vn -0.163900 -0.056100 -0.984900
vn -0.547000 0.011200 -0.837000
vn -0.391700 0.414000 -0.821700
vn 0.013400 0.441900 -0.896900
vn 0.103600 0.209300 -0.972300
vn -0.116700 0.713600 -0.690700
vn -0.287400 0.938500 -0.191500
vn -0.547700 0.836500 0.016300
vn -0.164800 0.982200 0.089500
vn 0.012800 0.911200 -0.411800
vn -0.391700 0.834900 -0.386700
vn -0.648700 0.734000 -0.201200
vn 0.348100 0.474300 -0.808600
vn 0.346200 0.824600 -0.447400
vn 0.478800 0.631200 -0.610200
vn 0.217500 0.701700 -0.678400
vn 0.102000 0.979200 -0.175400
vn 0.364500 -0.375600 0.852100
vn 0.485200 -0.580300 0.654100
vn 0.645100 -0.205500 0.735900
vn 0.270600 -0.171300 0.947300
vn 0.007200 -0.481400 0.876500
vn 0.127200 -0.665300 0.735700
vn -0.155400 -0.169900 0.973100
vn -0.359500 0.353000 0.863800
vn -0.190100 0.634200 0.749400
vn -0.567000 0.477900 0.670900
vn -0.467400 -0.004000 0.884000
vn -0.154600 0.256200 0.954200
vn 0.020000 0.520000 0.853900
vn -0.267400 -0.631500 0.727800
vn -0.621300 -0.275800 0.733400
vn -0.526900 -0.534400 0.660900
vn -0.375200 -0.386100 0.842700
vn -0.652900 0.118900 0.748100
vn 0.364500 -0.865200 0.344300
vn 0.644700 -0.743400 0.178200
vn 0.485200 -0.674600 0.556300
vn 0.008100 -0.893000 0.450000
vn 0.061500 -0.994900 -0.080100
vn 0.532800 -0.845500 -0.034600
vn -0.154300 -0.978600 0.135800
vn -0.620600 -0.742900 0.251000
vn -0.267500 -0.749100 0.606100
vn -0.526900 -0.678600 0.511700
vn -0.652300 -0.744100 -0.144200
vn -0.374200 -0.855900 0.356900
vn 0.127200 -0.758600 0.639000
vn -0.465800 -0.884500 -0.026400
vn -0.358400 -0.851600 -0.382400
vn -0.565900 -0.654700 -0.501200
vn -0.189200 -0.727200 -0.659800
vn -0.857200 -0.353600 -0.374500
vn -0.736600 -0.180000 -0.651900
vn -0.662000 -0.559600 -0.498600
vn -0.884800 -0.465600 -0.019500
vn -0.949300 -0.149200 -0.276800
vn -0.843000 0.028700 -0.537100
vn -0.976600 -0.155000 0.149400
vn -0.740700 -0.273400 0.613700
vn -0.740700 -0.622700 0.252300
vn -0.672900 -0.532000 0.514000
vn -0.747200 0.120800 0.653500
vn -0.851000 -0.377600 0.365000
vn -0.746900 -0.649400 -0.142800
vn -0.885000 0.003800 0.465500
vn -0.857400 0.362200 0.365600
vn -0.662500 0.479400 0.575500
vn -0.736800 0.645400 0.201600
vn -0.949500 0.271300 0.157900
vn 0.974700 -0.161200 0.154600
vn 0.986000 0.119500 -0.116400
vn 0.847300 0.381700 -0.369400
vn 0.727800 0.493100 -0.476700
vn -0.153300 -0.140700 -0.978100
vn 0.122200 0.134200 -0.983400
vn 0.379300 0.389000 -0.839500
vn 0.489300 0.497200 -0.716500
vn 0.379900 0.851600 -0.361200
vn 0.122100 0.987300 -0.101300
vn -0.153700 0.972800 0.173300
vn 0.489500 0.732600 -0.472900
vn -0.224300 -0.701000 0.676900
vn 0.165800 -0.709600 0.684800
vn 0.530600 -0.610100 0.588400
vn -0.410400 -0.655800 0.633700
vn -0.691200 -0.692200 0.207600
vn -0.697200 -0.693300 -0.182300
vn -0.596900 -0.588900 -0.544900
vn -0.648100 -0.651700 0.394100
vn -0.597400 0.524700 0.606400
vn -0.697600 0.158700 0.698700
vn -0.691400 -0.231000 0.684600
vn -0.648300 -0.416000 0.637700
vn -0.268200 0.793800 0.545900
vn 0.158400 0.603700 0.781300
vn 0.238000 0.680500 0.693000
vn 0.617600 0.141600 0.773700
vn 0.810900 -0.350300 0.468800
vn 0.157800 0.604100 0.781100
vn 0.617200 0.142200 0.773900
vn 0.800400 -0.280400 0.529800
vn -0.266400 -0.520300 -0.811300
vn 0.158200 -0.760200 -0.630200
vn 0.021100 -0.835700 -0.548800
vn 0.617500 -0.768200 -0.169000
vn 0.800000 -0.540500 0.260500
vn -0.337200 -0.460000 -0.821400
vn 0.158700 -0.760400 -0.629800
vn 0.617000 -0.768500 -0.169500
vn -0.530100 0.799000 0.283700
vn -0.770100 0.621100 -0.145400
vn -0.843300 0.537300 -0.011200
vn -0.769300 0.165700 -0.617000
vn -0.529700 -0.257000 -0.808300
vn -0.471300 0.808100 0.353400
vn -0.770500 0.620400 -0.146600
vn -0.769700 0.166900 -0.616300
vn 0.691700 -0.678400 -0.247700
vn -0.648100 0.225200 -0.727500
vn 0.533700 0.003300 0.845700
vn -0.534900 0.719600 0.442800
vn -0.413700 0.810600 0.414500
vn -0.482600 0.731400 0.481800
vn -0.500900 -0.622100 0.601700
vn -0.581400 -0.585400 0.565100
vn -0.583300 -0.584100 0.564400
vn 0.401100 0.395600 0.826200
vn 0.456900 0.456500 0.763500
vn 0.428800 0.426400 0.796500
vn 0.410800 0.390600 0.823800
vn 0.300600 0.354600 0.885400
vn 0.351700 0.331300 0.875500
vn -0.578100 -0.587000 0.566700
vn -0.509900 -0.518500 0.686400
vn -0.580100 -0.587700 0.564000
vn 0.431700 0.564800 0.703300
vn 0.366100 0.541300 0.756900
vn -0.801200 0.356000 -0.481000
vn -0.805400 0.423200 -0.415000
vn -0.801200 0.356200 -0.480800
vn 0.436200 0.431800 0.789500
vn 0.448400 0.431600 0.782700
vn 0.435900 0.431800 0.789700
vn -0.653900 -0.544400 0.525300
vn -0.580500 -0.588100 0.563200
vn -0.496300 -0.505200 0.706000
vn -0.576000 -0.364200 0.731900
vn -0.573900 -0.593000 0.564800
vn -0.576000 -0.592400 0.563300
vn -0.511900 -0.524700 0.680100
vn -0.800700 0.427500 -0.419600
vn -0.790300 0.436900 -0.429600
vn -0.800800 0.427400 -0.419500
vn 0.407200 0.394500 0.823700
vn 0.545300 0.394600 0.739500
vn 0.448100 0.432900 0.782200
vn -0.581300 -0.585800 0.564700
vn -0.563100 -0.757300 0.330900
vn -0.577800 -0.592600 0.561200
vn 0.436900 0.558600 0.705000
vn 0.541200 0.397300 0.741100
vn -0.617700 -0.624400 0.478100
vn -0.580200 -0.588100 0.563500
vn -0.855400 0.375500 -0.356800
vn -0.811700 0.471900 -0.344100
vn -0.864000 0.399300 -0.306700
vn 0.417900 -0.805300 -0.420400
vn 0.533000 -0.744600 -0.401700
vn 0.521500 -0.759200 -0.389400
vn -0.511400 -0.415500 -0.752200
vn -0.405700 -0.395600 -0.823900
vn -0.459700 -0.339200 -0.820700
vn 0.754300 -0.470300 0.458200
vn 0.813100 -0.465900 0.348900
vn 0.740400 -0.520100 0.425800
vn 0.369400 -0.864900 -0.339800
vn 0.374100 -0.808600 -0.454200
vn 0.313900 -0.874000 -0.370900
vn -0.858700 0.293700 -0.420000
vn -0.863900 0.359100 -0.353200
vn -0.804800 0.423700 -0.415600
vn -0.678300 -0.526300 0.512800
vn -0.459500 -0.450200 -0.765700
vn -0.348200 -0.449900 -0.822400
vn 0.292700 -0.841500 -0.454000
vn 0.436000 -0.786500 -0.437300
vn -0.515100 -0.526100 0.676700
vn -0.357500 0.807600 0.469000
vn -0.444200 0.718200 0.535600
vn 0.740600 -0.436800 0.510600
vn 0.814900 -0.414900 0.404700
vn -0.863600 0.359500 -0.353300
vn -0.580500 -0.587500 0.563900
vn -0.650900 -0.547300 0.526200
vn -0.537800 -0.586400 0.605700
vn -0.525400 -0.533000 0.663200
vn 0.391000 0.291500 0.873000
vn 0.463700 0.334900 0.820300
vn -0.863100 0.360200 -0.354000
vn 0.396900 -0.872200 -0.285800
vn 0.429700 -0.810500 -0.398100
vn -0.575400 -0.593400 0.562800
vn -0.654600 -0.544000 0.525000
vn -0.654400 -0.543800 0.525400
vn 0.344600 -0.807100 -0.479300
vn 0.436200 -0.786700 -0.436900
vn -0.583600 -0.583900 0.564300
vn -0.862700 0.360000 -0.355200
vn -0.790300 0.436700 -0.429700
vn -0.804900 0.423700 -0.415600
vn -0.536700 -0.662500 0.522500
vn -0.865500 0.322000 -0.383800
vn -0.814900 0.419500 -0.399900
vn -0.648100 -0.550800 0.526000
vn -0.856500 0.366400 -0.363600
vn -0.756700 0.525700 -0.388800
vn 0.456200 0.456700 0.763800
vn -0.759000 0.517100 -0.395600
vn -0.442300 0.733200 0.516400
vn -0.878600 0.378200 -0.291400
vn -0.812700 0.364200 -0.454900
vn -0.867900 0.360300 -0.342100
vn 0.319100 -0.873700 -0.367200
vn 0.735800 -0.516400 0.438200
vn 0.812300 -0.359900 0.458900
vn 0.754200 -0.470300 0.458200
vn -0.622600 -0.586700 0.517900
vn -0.578300 -0.624600 0.524800
vn 0.365400 0.345100 0.864500
vn 0.355000 0.445100 0.822100
vn -0.460400 -0.451100 -0.764500
vn -0.508900 -0.425800 -0.748100
vn -0.432200 -0.500500 -0.750100
vn 0.481000 -0.807100 -0.342400
vn 0.370800 -0.863800 -0.341200
vn -0.587200 -0.558400 0.586000
vn 0.526400 -0.746300 -0.407500
vn -0.538500 -0.625700 0.564400
vn 0.372100 0.280300 0.884800
vn -0.605900 -0.530000 0.593400
vn -0.598300 -0.556900 0.576100
vn -0.466200 0.808700 0.358800
vn -0.468600 0.749200 0.468100
vn -0.689900 0.406000 0.599400
vn -0.678800 0.664500 0.312500
vn -0.778100 -0.021900 0.627800
vn -0.804900 0.365400 0.467600
vn -0.816000 0.558300 0.149800
vn -0.790700 0.257000 0.555600
vn -0.859800 0.323800 0.394800
vn -0.722600 -0.408000 0.558000
vn -0.672900 -0.356200 0.648300
vn -0.669400 -0.145800 0.728500
vn -0.708500 -0.247300 0.660900
vn -0.705700 0.010600 0.708500
vn -0.848400 0.055500 0.526500
vn -0.888000 0.452300 -0.083100
vn -0.970500 0.227900 -0.079200
vn -0.943900 0.207200 0.257000
vn -0.974000 0.026800 0.225100
vn 0.082600 0.197900 0.976700
vn 0.088900 0.430900 0.898000
vn 0.314800 0.370700 0.873800
vn -0.722100 -0.139700 0.677500
vn -0.255000 0.188500 0.948400
vn -0.225700 0.004000 0.974200
vn -0.147400 0.545100 0.825300
vn -0.700300 0.011500 0.713700
vn -0.393800 0.311100 0.865000
vn -0.656600 -0.360500 0.662500
vn -0.565600 -0.414700 0.712800
vn -0.634900 -0.029400 0.772100
vn -0.663400 -0.251200 0.704800
vn -0.528000 0.043000 0.848100
vn -0.314000 0.657600 0.684900
vn -0.604900 0.402400 0.687200
vn -0.472000 0.353200 0.807800
vn -0.551600 0.249500 0.795900
vn -0.563700 -0.671500 -0.480900
vn -0.306900 -0.671300 -0.674600
vn -0.427100 -0.502200 -0.751900
vn -0.573800 -0.818800 -0.020800
vn -0.420300 -0.831300 -0.363800
vn -0.115000 -0.815600 -0.567100
vn -0.319000 -0.917900 -0.236200
vn -0.261900 -0.900100 -0.348000
vn -0.501900 -0.773400 0.387200
vn -0.601000 -0.724400 0.337600
vn -0.328300 -0.938700 0.104800
vn -0.514400 -0.824700 0.235100
vn -0.442300 -0.894900 -0.059500
vn -0.382700 -0.923600 -0.020800
vn 0.114300 -0.879700 -0.461600
vn 0.063000 -0.986300 -0.152300
vn -0.156300 -0.959900 -0.232600
vn 0.743500 -0.658000 -0.119700
vn 0.498500 -0.804200 -0.323600
vn 0.842500 -0.537400 0.038100
vn 0.693200 -0.714700 -0.093000
vn 0.431100 -0.872600 -0.229400
vn 0.738100 -0.669200 0.085900
vn 0.595100 -0.779700 0.194900
vn 0.406400 0.184900 0.894800
vn 0.737400 0.104300 0.667300
vn 0.504500 0.361300 0.784200
vn 0.175000 -0.049400 0.983300
vn 0.658500 -0.008400 0.752500
vn 0.842500 -0.063600 0.534900
vn 0.728400 -0.203400 0.654300
vn 0.725900 -0.082400 0.682900
vn 0.341800 -0.774800 0.531900
vn 0.370500 -0.708600 0.600500
vn -0.048300 -0.477800 0.877100
vn 0.396800 -0.911700 0.106300
vn 0.505900 -0.311900 0.804300
vn 0.494900 -0.667300 0.556500
vn 0.036700 0.560800 0.827200
vn 0.291600 0.450400 0.843800
vn 0.111100 0.736700 0.667000
vn -0.102900 0.641400 0.760200
vn 0.019300 0.510800 0.859500
vn 0.067300 0.281400 0.957200
vn -0.180700 0.545000 0.818700
vn -0.838600 0.460600 -0.291000
vn -0.874500 0.467500 0.129600
vn -0.733100 0.678800 -0.042600
vn -0.969600 -0.077900 0.231900
vn -0.965500 0.255300 -0.051800
vn -0.608900 0.785200 0.113000
vn -0.797500 0.472900 0.374600
vn -0.818300 0.532800 0.215600
vn -0.269000 -0.005800 0.963100
vn -0.807600 -0.266900 0.525900
vn -0.638400 -0.059000 0.767500
vn -0.535500 0.028200 0.844100
vn -0.764300 -0.082000 0.639600
vn -0.790200 -0.006100 -0.612900
vn -0.968900 0.068800 -0.237700
vn -0.683300 -0.188200 -0.705500
vn -0.882600 -0.181200 -0.433800
vn -0.864500 -0.480200 -0.148600
vn -0.970300 -0.233000 0.064700
vn -0.740200 -0.601700 -0.300000
vn -0.025700 -0.884400 -0.466100
vn 0.021000 -0.775200 -0.631400
vn 0.220100 -0.898100 -0.380700
vn -0.296500 -0.923000 -0.245300
vn -0.170900 -0.824000 -0.540200
vn -0.175700 -0.632900 -0.754100
vn -0.226300 -0.859300 -0.458700
vn -0.809800 -0.545000 0.217300
vn -0.267400 -0.963500 -0.011800
vn -0.621100 -0.783600 0.013100
vn 0.028800 -0.969900 -0.241700
vn 0.170300 -0.984300 -0.045800
vn 0.475700 -0.874700 -0.092900
vn -0.103300 -0.937500 0.332300
vn 0.241600 -0.955800 0.167300
vn 0.569000 -0.812600 0.126200
vn 0.245500 -0.926100 0.286500
vn 0.338000 -0.902800 0.266100
vn -0.353100 -0.725000 0.591400
vn -0.398400 -0.771000 0.496900
vn 0.011100 -0.822100 0.569300
vn -0.242800 -0.822900 0.513600
vn 0.038200 -0.920900 0.387900
vn 0.056100 -0.892900 0.446800
vn 0.668000 -0.677400 0.308000
vn 0.465700 -0.684400 0.561000
vn 0.359300 -0.830400 0.425800
vn 0.464100 0.082000 0.882000
vn 0.204300 0.054100 0.977400
vn 0.570000 -0.141900 0.809300
vn 0.245500 -0.203300 0.947800
vn -0.065000 -0.375100 0.924700
vn 0.363700 -0.330900 0.870800
vn 0.099200 -0.548300 0.830400
vn 0.475300 -0.577300 0.664000
vn 0.674000 -0.314800 0.668300
vn 0.055300 -0.611100 0.789600
vn 0.392800 -0.440900 0.807000
vn 0.316900 -0.435500 0.842600
vn -0.371400 -0.538600 0.756300
vn -0.315000 -0.642400 0.698600
vn -0.192700 -0.597300 0.778500
vn 0.090800 -0.463500 0.881400
vn -0.670100 -0.290800 -0.682900
vn -0.669000 -0.556700 -0.492600
vn -0.810600 -0.114700 -0.574200
vn -0.812800 -0.418900 -0.404900
vn -0.799300 -0.596400 -0.074300
vn -0.848400 -0.415300 -0.328400
vn -0.889300 -0.445400 -0.103900
vn -0.975200 0.083000 -0.205200
vn -0.880000 0.110900 -0.461800
vn -0.933000 -0.355800 0.053900
vn -0.951200 -0.179600 -0.251000
vn -0.837800 -0.534100 -0.113400
vn -0.875700 -0.307400 -0.372300
vn -0.710300 -0.638300 0.296700
vn -0.768300 -0.530500 0.358100
vn -0.788900 -0.588600 0.176600
vn -0.642000 -0.562600 -0.520800
vn -0.630400 -0.277600 -0.724900
vn -0.733400 -0.653400 -0.187600
vn -0.756000 -0.409800 -0.510400
vn -0.765800 -0.050400 -0.641100
vn -0.828900 -0.508400 -0.233300
vn -0.864200 -0.190800 -0.465500
vn -0.737200 -0.562900 0.373700
vn -0.876600 -0.475900 0.071400
vn -0.744000 -0.642800 0.182200
vn -0.859800 -0.411400 0.302500
vn -0.970300 -0.225900 -0.086700
vn -0.908400 -0.307800 -0.283000
vn -0.853400 0.167200 -0.493700
vn -0.979000 0.110100 -0.171400
vn -0.877700 0.309700 -0.365800
vn -0.951200 -0.020000 -0.307800
vn -0.986100 -0.148700 0.074700
vn -0.279400 -0.625300 -0.728700
vn -0.564700 -0.635900 -0.526100
vn -0.048900 -0.761300 -0.646600
vn -0.408600 -0.752000 -0.517200
vn -0.652800 -0.732300 -0.193800
vn -0.186500 -0.860900 -0.473300
vn -0.505300 -0.828800 -0.240600
vn 0.121100 -0.976800 -0.176500
vn 0.172200 -0.849800 -0.498200
vn -0.139400 -0.987900 0.068100
vn -0.012600 -0.948900 -0.315300
vn -0.219100 -0.971100 -0.094700
vn -0.557900 -0.744300 0.367100
vn -0.470500 -0.880100 0.063600
vn -0.404200 -0.865900 0.294800
vn -0.639400 -0.748700 0.174700
vn -0.303100 -0.907600 -0.290400
vn 0.173400 0.082700 0.981400
vn 0.495200 0.138200 0.857700
vn -0.077000 -0.169200 0.982600
vn 0.304600 -0.047200 0.951300
vn 0.637300 -0.078800 0.766600
vn 0.081100 -0.248200 0.965300
vn 0.458500 -0.218000 0.861500
vn -0.383500 -0.569500 0.727000
vn -0.081100 -0.491200 0.867300
vn -0.309500 -0.423100 0.851600
vn -0.194800 -0.652200 0.732600
vn 0.221600 -0.527700 0.820000
vn 0.273700 -0.331700 0.902800
vn 0.716400 -0.303700 0.628100
vn 0.507000 -0.582200 0.635600
vn 0.737400 -0.447500 0.505900
vn 0.499000 -0.434200 0.750000
vn 0.173800 -0.668400 0.723200
vn 0.154600 0.481900 0.862500
vn 0.103400 0.158100 0.982000
vn -0.065000 0.628100 0.775400
vn -0.029500 0.293600 0.955500
vn -0.152400 -0.090400 0.984200
vn -0.202800 0.450600 0.869400
vn -0.232600 0.070400 0.970000
vn -0.575200 0.503000 0.645100
vn -0.293300 0.710500 0.639700
vn -0.660900 0.168800 0.731200
vn -0.422400 0.493400 0.760400
vn -0.516600 0.215300 0.828700
vn -0.561900 -0.390200 0.729400
vn -0.479700 -0.089000 0.872900
vn -0.644600 -0.199700 0.738000
vn -0.411700 -0.318600 0.853800
vn -0.317500 0.265700 0.910300
vn -0.633600 0.713700 0.298800
vn -0.647700 0.501000 0.574000
vn -0.515700 0.732200 0.444900
vn -0.766900 0.637700 0.071900
vn -0.758000 0.495100 0.424500
vn -0.737000 0.169800 0.654200
vn -0.864600 0.457800 0.206900
vn -0.829900 0.219100 0.513100
vn -0.979000 0.179100 -0.097300
vn -0.854200 0.498700 -0.147400
vn -0.985900 -0.072200 0.151000
vn -0.950900 0.307500 0.033800
vn -0.969400 0.083500 0.231100
vn -0.741200 -0.382800 0.551500
vn -0.877300 -0.080800 0.473100
vn -0.861700 -0.307100 0.404100
vn -0.747400 -0.195900 0.634800
vn -0.908000 0.273900 0.317000
vn 0.504600 -0.850200 -0.150200
vn 0.185500 -0.977800 -0.097100
vn 0.387100 -0.874900 -0.291100
vn 0.641900 -0.763800 0.067500
vn 0.311800 -0.949600 0.031500
vn -0.066800 -0.986500 0.149400
vn 0.461200 -0.863700 0.203100
vn 0.087500 -0.969800 0.227500
vn 0.504000 -0.651200 0.567500
vn 0.716800 -0.632400 0.293700
vn 0.172300 -0.741300 0.648600
vn 0.498300 -0.758500 0.420000
vn 0.222100 -0.831800 0.508800
vn -0.380600 -0.745400 0.547400
vn -0.078100 -0.879800 0.468900
vn -0.194100 -0.751700 0.630300
vn -0.304200 -0.864200 0.400800
vn 0.277200 -0.908400 0.313100
vn 0.276000 0.268600 0.922900
vn 0.124300 0.117600 0.985200
vn 0.051500 0.042100 0.997800
vn -0.000900 -0.008800 1.000000
vn -0.081300 -0.091100 0.992500
vn -0.428300 -0.437800 0.790500
vn 0.324700 0.320200 0.890000
vn -0.395900 -0.405000 0.824100
vn -0.976600 0.152100 -0.152300
vn -0.977100 0.150200 -0.150500
vn -0.982100 -0.137500 0.128700
vn -0.981600 -0.139100 0.130500
vn -0.838300 -0.393000 0.377900
vn -0.837700 -0.393800 0.378500
vn 0.357000 -0.861500 -0.361100
vn 0.235700 -0.941200 -0.242100
vn -0.249100 -0.939000 0.237000
vn 0.155600 -0.974200 -0.163300
vn -0.135400 -0.983000 0.124300
vn 0.757600 -0.635000 -0.150800
vn 0.862700 -0.503500 0.046700
vn 0.868000 -0.057600 0.493300
vn 0.766600 0.140900 0.626400
vn 0.748100 -0.642800 -0.164900
vn 0.863100 -0.502900 0.046300
vn 0.869000 -0.059700 0.491200
vn 0.761400 0.148900 0.631000
vn -0.603500 -0.135700 -0.785700
vn -0.144200 -0.602300 -0.785200
vn 0.274300 -0.794900 -0.541200
vn -0.789900 0.285700 -0.542600
vn -0.789800 0.285700 -0.542800
vn -0.603300 -0.135800 -0.785900
vn -0.603500 -0.135600 -0.785700
vn -0.143300 -0.602700 -0.785000
vn -0.144100 -0.602300 -0.785200
vn 0.274800 -0.794900 -0.540900
vn 0.176000 0.784600 0.594500
vn -0.073500 0.855300 0.512900
vn -0.493900 0.868700 0.037700
vn -0.634400 0.758200 -0.150200
vn 0.184400 0.779100 0.599100
vn -0.028300 0.884400 0.465800
vn -0.026800 0.883900 0.466900
vn -0.493800 0.868700 0.038000
vn -0.646600 0.743800 -0.169200
vn -0.691500 -0.694600 0.198200
vn -0.694500 -0.692900 -0.193900
vn -0.593400 -0.587100 -0.550600
vn -0.324500 -0.336900 0.883900
vn -0.036800 -0.054700 0.997800
vn 0.211100 0.191000 0.958600
vn -0.123300 -0.139900 0.982500
vn -0.678100 -0.310500 0.666200
vn -0.711200 0.042700 0.701700
vn -0.634400 0.449200 0.629100
vn -0.979700 0.137900 -0.145300
vn -0.975600 -0.163400 0.146400
vn -0.825000 -0.411200 0.387800
vn -0.979600 0.140500 -0.144000
vn -0.977800 -0.154000 0.141900
vn -0.830000 -0.403600 0.385000
vn -0.978100 0.146700 -0.147700
vn -0.980300 -0.144200 0.134900
vn -0.835200 -0.396700 0.380900
vn -0.376000 -0.848800 0.371800
vn -0.113200 -0.985900 0.122900
vn 0.170100 -0.974300 -0.147800
vn -0.227700 -0.699300 0.677600
vn 0.164000 -0.707900 0.687000
vn 0.530700 -0.607700 0.590800
vn 0.267100 0.253800 0.929600
vn 0.025100 0.010400 0.999600
vn -0.287900 -0.301600 0.908900
vn -0.896200 -0.315300 0.312200
vn -0.987500 -0.109100 0.113400
vn -0.999300 -0.021700 0.028900
vn -0.951700 0.224300 -0.209600
vn -0.596500 -0.590100 -0.544000
vn -0.696100 -0.694600 -0.181400
vn -0.689900 -0.693400 0.207700
vn -0.646900 -0.652600 0.394600
vn 0.157000 0.137000 0.978100
vn -0.120300 -0.137000 0.983200
vn -0.379300 -0.390200 0.838900
vn -0.489400 -0.496700 0.716800
vn -0.604000 0.524800 0.599800
vn -0.702300 0.159300 0.693800
vn -0.693800 -0.230900 0.682200
vn -0.649000 -0.416600 0.636600
vn 0.174800 -0.972700 -0.152400
vn -0.107300 -0.987300 0.117300
vn -0.373100 -0.851200 0.369200
vn -0.486900 -0.732300 0.476100
vn 0.531200 -0.607500 0.590600
vn 0.166100 -0.707700 0.686700
vn -0.223700 -0.700000 0.678200
vn -0.409300 -0.655600 0.634600
vn -0.974800 0.164200 -0.151300
vn -0.986000 -0.115600 0.119800
vn -0.847300 -0.378100 0.372900
vn -0.727200 -0.490300 0.480500
vn 0.589800 0.179600 0.787300
vn 0.707300 -0.012900 0.706800
vn 0.783300 -0.205700 0.586600
vn 0.601800 -0.776100 -0.188400
vn 0.713700 -0.700400 0.002400
vn 0.786000 -0.587200 0.193600
vn 0.215500 -0.779400 -0.588200
vn 0.014800 -0.701200 -0.712800
vn -0.186300 -0.580200 -0.792900
vn -0.782900 0.209400 -0.585900
vn -0.705200 0.015100 -0.708900
vn -0.586600 -0.181400 -0.789300
vn -0.590200 0.781500 0.202400
vn -0.705500 0.708700 0.007300
vn -0.781200 0.595600 -0.187200
vn -0.199100 0.776700 0.597600
vn -0.000900 0.697500 0.716600
vn 0.196800 0.575900 0.793500
vn 0.345700 -0.807300 -0.478300
vn 0.754900 -0.655400 -0.025200
vn -0.906000 0.378000 0.190400
vn -0.632100 0.162200 0.757700
vn -0.838500 -0.261400 -0.478100
vn -0.135300 -0.983000 0.124300
vn -0.859200 -0.439800 -0.261600
vn -0.859100 -0.439800 -0.261700
vn -0.859100 -0.439900 -0.261700
vn 0.071100 0.984000 0.163500
vn 0.000700 0.998100 0.061600
vn 0.098300 0.994600 0.034400
vn -0.015000 -0.999700 -0.021700
vn -0.003600 -0.999800 -0.020000
vn -0.002100 -0.999800 -0.021000
vn 0.994500 -0.104600 -0.004600
vn 0.996900 -0.002600 0.078500
vn 1.000000 -0.000800 -0.002400
vn 0.986800 -0.161600 0.010300
vn 0.995100 -0.098800 -0.004600
vn 0.095700 -0.988200 -0.119200
vn -0.000900 -0.999700 -0.022400
vn -0.001100 -0.992800 -0.119900
vn -0.999900 -0.012500 0.001700
vn -1.000000 -0.003100 0.004500
vn -0.992600 -0.086700 0.084900
vn 0.000800 0.986600 0.163000
vn -0.074200 0.989500 0.124400
vn -0.091900 0.026500 -0.995400
vn -0.307000 -0.071400 -0.949000
vn -0.186900 0.024700 -0.982100
vn -0.071900 -0.996200 0.049300
vn -0.075200 -0.995800 -0.052600
vn 0.004800 -0.018500 0.999800
vn 0.018800 0.005300 0.999800
vn -0.000300 -0.008900 1.000000
vn -0.022400 0.997100 0.072500
vn 0.002500 0.999700 0.023600
vn 0.030400 0.994300 0.102300
vn 0.095200 -0.024200 0.995200
vn -0.065200 -0.091600 0.993700
vn 0.001100 -0.106200 0.994300
vn -0.096000 0.992700 -0.073400
vn -0.096100 0.995100 0.023700
vn 0.010700 -0.014800 0.999800
vn 0.109000 0.094200 0.989600
vn -1.000000 -0.001100 0.005000
vn -0.995000 0.072800 -0.068300
vn -0.990100 -0.053000 -0.129900
vn -1.000000 -0.001700 0.003900
vn -0.695000 -0.710200 0.112200
vn -0.723900 -0.626300 0.289400
vn -0.685100 -0.642200 0.343900
vn 0.963200 0.000300 0.269000
vn 0.994800 0.101700 0.001100
vn 0.984000 -0.001100 0.177900
vn -0.000800 -0.999800 -0.022000
vn -0.096600 -0.995100 -0.020600
vn 0.001000 -0.999800 -0.021100
vn 0.086400 -0.990200 -0.109300
vn 0.172900 -0.984400 0.032700
vn 0.015600 0.002500 0.999900
vn -0.004100 -0.033400 0.999400
vn -0.005100 0.054000 0.998500
vn -0.639500 -0.749500 -0.171400
vn -0.700900 -0.710100 0.067300
vn 0.606900 0.609800 -0.509700
vn 0.516400 0.615000 -0.596000
vn 0.471200 0.749200 -0.465600
vn -1.000000 0.000300 0.002300
vn -0.995300 -0.096300 0.001900
vn -0.989800 -0.102300 0.098800
vn -0.002200 -0.999800 -0.021800
vn -0.002800 -0.993900 -0.110000
vn -0.011100 -0.018000 0.999800
vn 0.080800 -0.017500 0.996600
vn -0.003000 -0.133700 0.991000
vn 0.209700 -0.078700 0.974600
vn -0.002400 -0.997200 0.074500
vn -0.129600 0.099000 -0.986600
vn -0.002800 0.124300 -0.992200
vn 0.217100 -0.668200 0.711600
vn 0.188800 -0.709300 0.679100
vn 0.154100 -0.713000 0.684000
vn -0.001900 -0.999800 -0.019700
vn -0.048500 -0.984800 -0.166600
vn 0.108400 -0.770200 0.628500
vn -0.002100 -0.756400 0.654100
vn -0.187400 0.027500 -0.981900
vn -0.166900 -0.053000 -0.984600
vn -0.005500 -0.021500 0.999800
vn -0.107500 -0.017300 0.994100
vn -0.100500 -0.120000 0.987700
vn -0.999800 -0.000900 0.017500
vn -1.000000 0.002400 0.004000
vn -0.994000 0.109500 0.006500
vn 0.022400 -0.998900 -0.042200
vn -0.049700 0.137000 0.989300
vn -0.054500 0.948200 0.313000
vn 0.000200 0.988000 0.154200
vn 0.988500 -0.130700 -0.076600
vn 0.995000 0.001400 -0.100300
vn -0.703700 -0.053500 0.708500
vn -0.759300 -0.013800 0.650600
vn -0.704100 -0.015200 0.709900
vn 0.605900 0.530000 -0.593300
vn 0.735500 0.483800 -0.474200
vn -0.666000 -0.076100 0.742100
vn -0.644100 -0.016400 0.764800
vn 0.068300 -0.109200 -0.991700
vn -0.002400 0.022300 -0.999700
vn -0.002700 -0.084900 -0.996400
vn -0.994800 -0.003600 0.101700
vn -1.000000 -0.002400 0.002700
vn -0.059900 0.997900 0.023900
vn 0.001200 0.997200 -0.074200
vn -0.989500 0.128500 0.065400
vn 0.464900 0.483700 -0.741500
vn 0.580600 0.584500 -0.566800
vn -0.093500 -0.993100 0.071300
vn 0.990200 -0.095800 -0.101500
vn -0.699800 -0.126700 0.703000
vn -0.684800 -0.166700 0.709500
vn -0.765100 -0.172700 0.620300
vn 0.990700 0.094500 0.098100
vn 0.963000 -0.006500 0.269400
vn -0.666900 -0.582600 0.464700
vn -0.697400 -0.713900 -0.062600
vn -0.694400 -0.700500 0.164700
vn 0.236500 -0.643300 0.728200
vn 0.089800 -0.719800 0.688400
vn -0.099300 0.121500 -0.987600
vn -0.053800 -0.785300 0.616800
vn -0.000300 -0.012800 0.999900
vn -0.077500 -0.092100 0.992700
vn 0.895800 -0.046500 0.442000
vn 0.921000 -0.084800 0.380300
vn 0.865300 -0.035500 0.500100
vn 0.096600 0.986700 0.130800
vn -0.999500 0.024900 -0.018700
vn -0.990700 0.100500 -0.092200
vn -1.000000 0.001400 0.002400
vn -0.995000 0.099300 0.004700
vn -0.994900 -0.071100 0.071200
vn -0.995700 0.032700 0.086800
vn 0.090300 -0.995700 -0.021300
vn 0.003100 -1.000000 -0.006500
vn 0.097000 -0.995000 -0.022600
vn 0.034500 -0.998300 0.047500
vn 0.095200 0.022300 -0.995200
vn -0.002500 -0.075800 -0.997100
vn 0.002300 0.072800 0.997300
vn -0.054200 0.030900 0.998000
vn 0.099300 0.072700 0.992400
vn 0.002400 -0.024200 0.999700
vn -0.994600 0.000600 -0.103800
vn -0.995600 0.003700 -0.093200
vn -0.997100 -0.071900 -0.024500
vn -0.132600 0.979700 0.150200
vn -0.096300 -0.992600 0.073600
vn -0.082800 0.022000 -0.996300
vn -0.057000 -0.111300 -0.992100
vn -0.105800 -0.137200 -0.984900
vn 0.351800 0.901600 0.251500
vn 0.154200 0.820000 0.551200
vn 0.593500 0.589100 0.548300
vn 0.529000 0.519800 0.670700
vn 0.042300 0.605600 0.794700
vn 0.730800 0.260100 0.631000
vn 0.507800 0.473900 0.719400
vn 0.402100 0.269500 0.875000
vn 0.839400 0.140600 0.525000
vn 0.904700 0.354900 0.235900
vn 0.989400 0.100400 0.105300
vn 0.599000 0.037000 0.799900
vn 0.298800 0.704200 0.644100
vn 0.295000 0.373700 0.879400
vn 0.187800 0.176200 0.966300
vn 0.236100 0.168400 0.957000
vn -0.231700 0.939300 0.253100
vn -0.132200 0.987400 0.087000
vn -0.732700 0.402500 0.548900
vn -0.726100 0.222700 0.650600
vn -0.727900 0.242100 0.641500
vn 0.420000 -0.868600 0.263000
vn 0.158500 -0.675600 0.720100
vn 0.040000 -0.548800 0.835000
vn -0.692300 0.050000 0.719900
vn 0.237600 0.812300 -0.532600
vn 0.237600 0.812300 -0.532700
vn -0.047000 0.970300 0.237200
vn -0.090700 0.774100 0.626500
vn -0.314600 0.851000 0.420500
vn -0.474200 0.684100 0.554300
vn -0.168900 0.441500 0.881200
vn -0.137200 0.720600 0.679700
vn 0.237500 0.368900 -0.898600
vn 0.495800 0.794400 -0.350800
vn 0.215900 0.333900 -0.917600
vn -0.002300 0.198400 0.980100
vn 0.062500 0.585600 0.808200
vn 0.007600 0.507800 0.861400
vn -0.687700 -0.566300 0.454300
vn -0.588400 -0.602800 0.538900
vn -0.757300 -0.073200 0.649000
vn -0.565100 -0.061500 0.822700
vn -0.545000 -0.090800 0.833500
vn 0.047200 0.502900 0.863000
vn -0.583600 -0.181600 0.791500
vn -0.591000 -0.191900 0.783500
vn 0.763800 -0.213600 0.609100
vn 0.617900 -0.164400 0.768900
vn 0.195900 -0.614300 0.764400
vn -0.539400 -0.486800 0.687100
vn 0.408700 -0.191400 0.892400
vn 0.371200 -0.217200 0.902800
vn -0.659600 -0.746400 -0.088500
vn -0.658700 -0.688200 0.304100
vn -0.595500 -0.802400 -0.038800
vn 0.707300 0.211100 0.674600
vn 0.707300 0.211000 0.674600
vn 0.420600 -0.370700 0.828100
vn -0.071800 -0.718900 0.691400
vn -0.158100 -0.245400 -0.956400
vn -0.018100 -0.504400 -0.863300
vn -0.335800 -0.929800 -0.150600
vn -0.738000 -0.071100 0.671000
vn -0.641000 -0.447900 0.623300
vn -0.787600 -0.243700 0.566000
vn 0.472000 -0.177300 -0.863600
vn -0.543200 -0.744600 -0.388000
vn -0.351700 -0.793100 -0.497400
vn -0.675400 -0.677500 -0.291200
vn -0.222400 -0.794100 -0.565700
vn 0.143700 -0.588200 -0.795900
vn 0.409000 0.857000 -0.313500
vn 0.217700 0.963500 -0.156000
vn 0.176900 0.976500 -0.122600
vn -0.497900 0.863100 -0.084000
vn -0.240500 0.915300 -0.323000
vn -0.125400 0.991000 -0.046800
vn -0.833000 0.531600 -0.153200
vn -0.640300 0.669200 -0.377200
vn -0.529300 0.615300 -0.584100
vn -0.798900 0.432500 -0.418000
vn -0.848000 0.184600 -0.496800
vn -0.948800 0.202200 -0.242700
vn -0.980900 0.131100 -0.143600
vn -0.241900 0.371800 -0.896300
vn -0.501200 0.132300 -0.855100
vn -0.639200 0.409100 -0.651200
vn -0.279400 -0.021600 -0.959900
vn -0.593300 0.011800 -0.804900
vn -0.384900 -0.109300 -0.916500
vn -0.553700 -0.432300 0.711700
vn -0.175700 0.401800 -0.898700
vn 0.211800 0.522700 -0.825800
vn 0.224300 0.525400 -0.820800
vn -0.175600 -0.800900 0.572400
vn -0.381900 -0.672600 0.633800
vn -0.781200 -0.566500 -0.262400
vn -0.843100 -0.478600 -0.245000
vn -0.785100 -0.567400 -0.248200
vn -0.687100 0.218600 -0.692900
vn -0.687200 0.218600 -0.692800
vn -0.844500 -0.472300 -0.252500
vn -0.913200 -0.358400 -0.194100
vn 0.099900 -0.491600 -0.865100
vn 0.342600 -0.224600 -0.912300
vn 0.181400 -0.851400 -0.492200
vn 0.384200 -0.633400 -0.671800
vn 0.594200 -0.524400 -0.609800
vn 0.425400 -0.786500 -0.447800
vn 0.186800 -0.960800 -0.205000
vn 0.530000 -0.824500 -0.198200
vn 0.178000 -0.951600 -0.250500
vn 0.905000 -0.237800 -0.352800
vn 0.852100 -0.509900 -0.118100
vn 0.654600 -0.640000 -0.402400
vn 0.990500 -0.129000 0.048700
vn 0.774700 -0.632300 -0.001400
vn 0.950700 -0.272800 0.147600
vn -0.607700 -0.645700 0.462300
vn -0.354000 -0.857200 0.374100
vn -0.308500 -0.882300 0.355600
vn -0.564300 -0.250400 0.786700
vn -0.625200 -0.456400 0.633100
vn 0.347800 -0.771600 0.532600
vn 0.446700 -0.818300 0.361600
vn 0.499100 -0.827600 0.256800
vn 0.867700 -0.197400 -0.456200
vn 0.867700 -0.197300 -0.456200
vn 0.724600 -0.687900 -0.041900
vn 0.756800 -0.645700 -0.101200
vn -0.203500 0.351900 0.913600
vn -0.400400 0.108100 0.910000
vn 0.274500 0.610100 0.743300
vn 0.241900 0.469700 0.849000
vn -0.712200 0.080100 0.697400
vn -0.096300 0.439900 0.892900
vn -0.387100 0.218400 0.895800
vn 0.311100 0.897700 -0.312000
vn 0.581100 0.792000 -0.187200
vn 0.155300 0.803200 -0.575100
vn 0.044300 0.902300 -0.428800
vn 0.438200 0.895100 -0.082100
vn 0.655200 0.755400 0.004100
vn -0.302400 0.910400 0.282400
vn -0.302100 0.910400 0.282700
vn -0.500900 0.863800 0.055200
vn -0.921900 0.109800 0.371500
vn -0.889100 0.415700 -0.191600
vn -0.927400 0.323100 0.188400
vn -0.796500 0.556000 -0.237700
vn -0.903700 0.222500 0.365800
vn -0.903400 0.418100 0.094800
vn 0.393700 -0.917200 -0.061700
vn 0.129400 -0.929100 0.346400
vn 0.664200 -0.728800 -0.166500
vn 0.369300 -0.916500 0.153600
vn 0.088700 -0.727000 0.680900
vn 0.476200 -0.876400 0.071700
vn 0.227700 -0.907100 0.354000
vn 0.864700 0.356200 -0.354100
vn 0.773600 0.244300 -0.584700
vn 0.773800 0.586500 -0.239500
vn 0.871900 0.463600 -0.157300
vn 0.870900 0.157200 -0.465600
vn 0.736500 -0.063800 -0.673400
vn 0.957200 -0.218000 0.190400
vn 0.957100 -0.220700 0.187700
vn 0.925800 -0.022000 0.377300
vn 0.139700 -0.405200 0.903500
vn 0.437200 0.027500 0.898900
vn 0.389900 -0.200900 0.898700
vn 0.701300 0.137000 0.699500
vn 0.233600 -0.407600 0.882800
vn 0.497100 -0.113600 0.860200
vn -0.386000 -0.148500 0.910500
vn -0.126400 -0.416700 0.900200
vn -0.698900 -0.129200 0.703400
vn -0.358700 -0.392500 0.846900
vn -0.107500 -0.728800 0.676300
vn -0.567300 -0.603500 0.560300
vn -0.319600 -0.693200 0.646000
vn -0.908900 -0.399900 0.118700
vn -0.910500 -0.139300 0.389300
vn -0.692200 -0.715800 0.092100
vn -0.851200 -0.384300 0.357300
vn -0.662000 -0.353000 0.661200
vn -0.122100 -0.926700 0.355400
vn -0.376400 -0.920800 0.102000
vn -0.350900 -0.874400 0.335000
vn -0.657300 -0.686900 0.310000
vn -0.878000 0.225200 -0.422500
vn -0.925200 -0.360200 -0.119600
vn -0.780500 0.259400 -0.568700
vn -0.927900 -0.174500 -0.329400
vn -0.714100 -0.693000 -0.098600
vn -0.901000 -0.090200 -0.424400
vn -0.906000 -0.359900 -0.222700
vn 0.314600 0.345700 -0.884000
vn 0.174500 0.600700 -0.780200
vn 0.578900 0.225800 -0.783500
vn 0.438100 0.133600 -0.888900
vn 0.071400 0.461800 -0.884100
vn -0.018600 0.676000 -0.736700
vn -0.293200 -0.236700 -0.926300
vn -0.294000 -0.235800 -0.926200
vn -0.085100 -0.426100 -0.900700
vn -0.207800 -0.901000 -0.380800
vn 0.043400 -0.909600 -0.413200
vn -0.395600 -0.907700 -0.139800
vn 0.104600 -0.750600 -0.652400
vn -0.396500 -0.886600 -0.238000
vn -0.115700 -0.873400 -0.473100
vn -0.183400 0.755900 0.628500
vn -0.073200 0.841600 0.535200
vn -0.245200 0.864700 0.438400
vn -0.482900 0.731000 0.482200
vn -0.184800 0.501400 0.845200
vn -0.026100 0.641800 0.766400
vn -0.389200 0.221300 0.894200
vn -0.607000 -0.311800 0.731000
vn -0.736500 -0.354000 0.576500
vn -0.586200 -0.470400 0.659700
vn -0.429600 -0.129200 0.893700
vn -0.800700 -0.092400 0.591900
vn -0.045000 0.317400 0.947200
vn -0.216900 -0.136600 0.966600
vn -0.204000 0.143100 0.968500
vn -0.409500 -0.361600 0.837600
vn 0.103300 0.908600 0.404600
vn 0.378200 0.918100 0.118700
vn 0.096100 0.684200 0.723000
vn 0.373800 0.840200 0.392900
vn 0.705000 0.701100 0.107200
vn 0.356000 0.644600 0.676500
vn 0.662600 0.651700 0.369100
vn 0.380600 0.074400 0.921700
vn 0.099300 0.354000 0.930000
vn 0.706100 0.073800 0.704300
vn 0.375400 0.352100 0.857400
vn 0.663000 0.338100 0.667900
vn 0.921200 0.374900 0.104500
vn 0.921500 0.087000 0.378500
vn 0.850800 0.362900 0.380200
vn 0.720500 -0.113500 0.684100
vn 0.799400 -0.320500 0.508100
vn 0.719000 -0.043200 0.693600
vn 0.567300 -0.074800 0.820100
vn 0.700300 -0.527200 0.481300
vn -0.236200 -0.335100 0.912100
vn 0.233000 -0.096900 0.967600
vn -0.482400 -0.616900 0.621800
vn -0.322300 -0.591600 0.739000
vn 0.327600 -0.116600 0.937600
vn 0.520800 -0.058700 0.851700
vn -0.687100 -0.724400 0.055400
vn -0.609600 -0.707200 0.358200
vn -0.057100 -0.737300 0.673200
vn 0.136900 -0.669500 0.730100
vn 0.204200 -0.666700 0.716800
vn -0.362200 -0.603600 0.710300
vn 0.154700 -0.547900 0.822100
vn -0.097000 0.929300 -0.356400
vn -0.377800 0.922900 -0.074600
vn -0.092600 0.720600 -0.687100
vn -0.373300 0.858200 -0.352400
vn -0.703600 0.706800 -0.073300
vn -0.355500 0.676900 -0.644500
vn -0.661100 0.670200 -0.337200
vn -0.380500 0.120100 -0.917000
vn -0.099000 0.400500 -0.910900
vn -0.705700 0.109800 -0.700000
vn -0.374700 0.394200 -0.839200
vn -0.662000 0.371600 -0.650900
vn -0.920300 0.381800 -0.086000
vn -0.921300 0.107600 -0.373700
vn -0.849700 0.383000 -0.362300
vn -0.452700 0.820600 0.348900
vn -0.053100 0.880500 0.471100
vn -0.408200 0.906100 0.111300
vn -0.574900 0.764600 0.291200
vn -0.437100 0.762000 0.477700
vn 0.009300 0.732900 0.680300
vn -0.596300 0.659000 0.458400
vn -0.931100 -0.183000 0.315500
vn -0.938200 0.329700 0.105100
vn -0.699800 -0.448300 0.556100
vn -0.951400 0.120500 0.283300
vn -0.751200 0.653900 0.090300
vn -0.919800 0.077000 0.384700
vn -0.918100 0.245200 0.311300
vn 0.064600 -0.621400 0.780800
vn -0.342400 -0.348000 0.872700
vn -0.257500 -0.618400 0.742500
vn 0.089100 -0.293600 0.951800
vn -0.321500 -0.192700 0.927100
vn -0.482600 -0.377300 0.790400
vn -0.544800 -0.121100 0.829800
vn -0.637200 -0.233200 -0.734500
vn -0.537000 -0.051200 -0.842000
vn -0.370000 -0.167800 -0.913700
vn -0.679700 -0.306200 -0.666500
vn -0.860900 -0.220200 -0.458700
vn -0.810400 -0.044700 -0.584200
vn -0.832200 -0.352700 -0.427800
vn -0.507900 -0.782600 0.360000
vn -0.043600 -0.818500 0.572800
vn -0.340900 -0.733000 0.588700
vn -0.602200 -0.699200 0.385400
vn -0.238100 -0.932800 -0.270400
vn -0.510800 -0.857400 0.062400
vn -0.149600 -0.908200 -0.390900
vn -0.707700 -0.696100 0.121300
vn -0.953000 -0.075300 -0.293400
vn -0.939700 -0.298200 0.167700
vn -0.964400 -0.244600 -0.100000
vn -0.736600 -0.533400 0.415800
vn -0.946300 -0.317500 -0.060300
vn -0.284400 -0.529900 -0.798900
vn -0.210400 -0.198800 -0.957200
vn -0.083300 -0.403100 -0.911400
vn -0.256100 -0.817800 -0.515400
vn -0.362500 -0.578400 -0.730700
vn -0.548000 -0.800800 -0.241600
vn -0.287100 -0.947200 0.142600
vn -0.089700 -0.936500 -0.338900
vn -0.498800 -0.774600 0.388800
vn -0.254300 -0.958900 -0.125600
vn -0.069400 -0.751400 -0.656200
vn -0.532000 -0.832200 0.156200
vn -0.755100 -0.555400 0.348400
vn -0.693200 -0.436400 0.573700
vn -0.947900 -0.176900 -0.264900
vn -0.853400 -0.518000 0.058800
vn 0.376000 -0.077000 -0.923400
vn 0.095000 -0.358000 -0.928900
vn 0.094800 -0.075000 -0.992700
vn 0.702300 -0.076800 -0.707800
vn 0.370900 -0.354700 -0.858300
vn 0.089500 -0.688300 -0.719900
vn 0.659000 -0.340500 -0.670700
vn 0.352200 -0.646400 -0.676900
vn 0.919800 -0.377200 -0.107700
vn 0.919700 -0.089400 -0.382300
vn 0.703300 -0.702500 -0.109000
vn 0.848200 -0.365400 -0.383400
vn 0.659600 -0.653800 -0.370800
vn 0.095400 -0.912000 -0.399000
vn 0.377300 -0.918500 -0.118600
vn 0.371500 -0.841200 -0.393000
vn 0.872100 -0.484800 0.066700
vn 0.887900 -0.460100 0.006600
vn 0.718200 -0.522600 0.459400
vn 0.718300 -0.522700 0.459100
vn 0.711300 -0.698600 0.077700
vn 0.674800 -0.737900 0.014400
vn 0.529800 -0.784900 0.321400
vn -0.642700 -0.342700 0.685200
vn -0.683200 -0.151400 0.714400
vn -0.553900 -0.538100 0.635300
vn -0.351500 -0.789500 0.503200
vn -0.016300 -0.784600 0.619800
vn 0.004100 -0.628700 0.777700
vn -0.169600 -0.531300 0.830000
vn -0.614800 -0.716800 0.329000
vn 0.278900 -0.702900 0.654300
vn 0.325000 -0.944700 0.045100
vn -0.177500 -0.951100 0.252900
vn 0.444200 -0.893700 0.063100
vn -0.264300 -0.817200 0.512200
vn -0.401000 -0.747700 0.529300
vn -0.003100 -0.416700 0.909000
vn -0.003200 -0.730500 0.682900
vn -0.002300 -0.934100 0.357000
vn -0.923600 -0.383300 -0.004500
vn -0.380300 -0.924700 -0.018000
vn -0.705800 -0.708300 -0.012200
vn 0.691800 -0.192500 -0.695900
vn 0.663600 -0.104500 -0.740800
vn 0.691800 -0.192600 -0.695900
vn 0.582500 -0.553800 -0.595000
vn 0.174700 -0.964700 -0.197300
vn 0.628400 0.473600 -0.617100
vn 0.603600 -0.507200 -0.615100
vn -0.922300 -0.008200 0.386400
vn -0.706500 -0.013300 0.707600
vn -0.387300 -0.016300 0.921800
vn 0.693700 0.685300 0.221600
vn 0.741400 0.668200 0.063000
vn 0.626200 0.614700 0.479500
vn 0.195500 0.180200 0.964000
vn 0.630400 0.632400 -0.450300
vn 0.567200 0.554300 0.609100
vn 0.228200 0.699500 -0.677200
vn -0.068500 0.760300 -0.645900
vn -0.675700 0.530400 -0.511900
vn -0.979000 0.147700 -0.140600
vn -0.005300 0.718600 -0.695400
vn -0.676200 0.530100 -0.511600
vn -0.000800 0.892600 0.450900
vn -0.002900 0.666500 0.745500
vn -0.004700 0.331500 0.943400
vn 0.138500 0.098300 0.985500
vn -0.000100 -0.121600 0.992600
vn 0.345900 -0.016200 0.938100
vn 0.474000 -0.012900 0.880400
vn 0.639800 -0.009800 0.768500
vn 0.855200 -0.003800 0.518300
vn -0.181000 -0.197500 0.963400
vn -0.306900 -0.325200 0.894500
vn -0.437900 -0.457500 0.773900
vn -0.514700 -0.534700 0.670200
vn -0.649400 -0.668600 0.362200
vn -0.292200 -0.310100 0.904700
vn -0.390700 0.920200 0.023400
vn -0.749900 0.661300 0.018700
vn -0.935400 0.353400 0.012100
vn -0.692300 0.721300 0.020000
vn -0.867400 0.497400 0.015200
vn -0.993400 0.050900 0.103100
vn -0.451600 0.024700 -0.891900
vn -0.739900 0.017600 -0.672500
vn -0.866300 0.012400 -0.499300
vn -0.884600 0.011400 -0.466300
vn -0.929000 0.008400 -0.369900
vn -0.994800 -0.091500 -0.043900
vn -0.887000 -0.332300 0.320700
vn -0.757400 -0.470500 0.452800
vn -0.606900 -0.572700 0.551100
vn -0.183600 -0.708900 0.681000
vn -0.718900 -0.500800 0.482200
vn -0.503300 -0.622900 0.598900
vn -0.003100 -0.968300 -0.249800
vn -0.003300 -0.928600 -0.371100
vn -0.003500 -0.720500 -0.693400
vn -0.003400 -0.817800 -0.575600
vn -0.001000 -0.390300 -0.920700
vn 0.119100 -0.980000 -0.159200
vn 0.357600 -0.933100 -0.038700
vn 0.680900 -0.732200 -0.017100
vn 0.915500 -0.402100 -0.010700
vn 0.080700 -0.992700 0.090100
vn 0.526100 -0.850200 -0.019400
vn -0.341200 -0.882800 0.323000
vn -0.493300 -0.725200 0.480400
vn -0.552600 -0.632900 0.542300
vn -0.674300 -0.304200 0.672900
vn -0.226200 -0.952100 0.205500
vn -0.499900 -0.716100 0.487100
vn 0.002100 0.356500 0.934300
vn 0.001400 0.678300 0.734800
vn 0.000600 0.901200 0.433500
vn 0.859100 -0.013400 0.511600
vn 0.642200 -0.019400 0.766300
vn 0.353000 -0.023100 0.935400
vn -0.627800 -0.639100 0.444400
vn -0.472300 -0.491300 0.731900
vn -0.256200 -0.280600 0.925000
vn -0.923200 0.384100 0.011300
vn -0.705600 0.708300 0.018400
vn -0.381100 0.924300 0.022700
vn -0.930800 0.010200 -0.365300
vn -0.739400 0.017400 -0.673100
vn -0.451600 0.022300 -0.892000
vn -0.229600 -0.702800 0.673300
vn -0.636100 -0.556300 0.534800
vn -0.911800 -0.295000 0.285600
vn -0.002600 -0.362200 -0.932100
vn -0.002300 -0.691400 -0.722500
vn -0.001700 -0.915200 -0.402900
vn 0.923700 -0.383100 -0.010800
vn 0.706800 -0.707200 -0.017500
vn 0.381800 -0.924000 -0.021600
vn -0.646000 -0.412900 0.642000
vn -0.497900 -0.718700 0.485500
vn -0.273900 -0.927400 0.254600
vn 0.382300 0.923800 0.021400
vn 0.704700 0.709400 0.015600
vn 0.706100 0.707900 0.015600
vn 0.923100 0.384600 0.007400
vn -0.684600 -0.705800 -0.181900
vn 0.337100 -0.936500 0.096400
vn -0.210100 -0.969700 -0.124700
vn -0.222800 -0.966200 -0.129400
vn 0.912400 -0.163200 0.375300
vn -0.566400 -0.782400 -0.258900
vn -0.067200 -0.997300 -0.031200
vn 0.338500 -0.935100 0.104800
vn 0.695400 -0.665200 0.271900
vn 0.219300 0.728300 0.649300
vn 0.219300 0.728000 0.649500
vn 0.324200 -0.046200 0.944900
vn 0.324100 -0.045600 0.944900
vn 0.057200 0.981900 0.180300
vn 0.219100 0.728600 0.648900
vn 0.151900 -0.021400 0.988200
vn 0.267800 -0.574500 0.773400
vn -0.165800 -0.133000 -0.977100
vn -0.065700 -0.916200 -0.395400
vn -0.065600 -0.916200 -0.395200
vn 0.097600 -0.818900 0.565600
vn 0.923000 0.007800 -0.384800
vn 0.705400 0.015300 -0.708600
vn 0.705400 0.015300 -0.708700
vn 0.380200 0.020400 -0.924700
vn -0.800900 -0.160400 0.576900
vn -0.925200 0.009200 -0.379300
vn -0.920800 -0.088200 -0.379800
vn -0.809500 -0.012300 0.586900
vn -0.925100 0.009200 -0.379600
vn -0.163300 0.021900 -0.986300
vn -0.586500 0.712800 0.384700
vn -0.878000 -0.019600 0.478300
vn -0.149400 0.973900 0.171100
vn -0.586400 0.712100 0.386100
vn -0.770600 -0.077500 0.632600
vn -0.877900 -0.019100 0.478500
vn -0.754600 -0.546300 0.363600
vn -0.001800 0.406500 -0.913600
vn -0.000700 0.725400 -0.688300
vn -0.000700 0.724300 -0.689500
vn 0.000400 0.933000 -0.360000
vn 0.382000 -0.009000 0.924100
vn 0.385900 -0.020800 0.922300
vn 0.987100 -0.004300 0.160200
vn -0.580900 -0.017500 0.813800
vn -0.183900 -0.012300 0.982900
vn 0.385800 -0.008900 0.922500
vn 0.836700 -0.003900 0.547600
vn 0.970200 -0.090600 0.224700
vn -0.594500 -0.089100 -0.799200
vn -0.003500 -0.850600 -0.525800
vn 0.501100 0.803600 -0.321200
vn 0.217400 -0.528600 -0.820500
vn 0.441300 0.830300 -0.340300
vn -0.193200 0.394600 -0.898300
vn -0.872400 -0.088000 0.480900
vn 0.270600 -0.722600 0.636100
vn -0.073100 0.871300 0.485300
vn 0.916600 -0.399500 -0.012700
vn -0.477400 -0.028900 -0.878200
vn -0.187800 -0.707200 0.681600
vn -0.456500 -0.468400 0.756400
vn -0.860800 0.213700 0.462000
vn -0.650500 -0.670200 0.357400
vn -0.077400 -0.996400 -0.034900
vn -0.197400 -0.012600 0.980200
vn -0.082700 -0.032000 -0.996100
vn -0.002400 0.022600 -0.999700
vn -0.080400 -0.036000 -0.996100
vn -0.712400 -0.613100 0.341500
vn -0.646000 -0.629700 0.431500
vn -0.682200 -0.589700 0.432300
vn 0.065500 0.087500 -0.994000
vn 0.614500 0.734700 0.287400
vn 0.554600 0.740600 0.379400
vn 0.573000 0.768400 0.285000
vn -0.060200 -0.056300 -0.996600
vn -0.064400 -0.052400 -0.996500
vn -0.746200 -0.571700 0.341100
vn -0.714800 -0.550000 0.431900
vn 0.773800 0.565900 0.284400
vn 0.792100 0.482900 0.373300
vn 0.748200 0.544900 0.378600
vn 0.695100 0.658800 0.287700
vn 0.632600 0.673400 0.382500
vn 0.654200 0.699300 0.288100
vn -0.067900 -0.048500 -0.996500
vn -0.072600 -0.044600 -0.996400
vn 0.061900 0.091600 -0.993900
vn 0.506300 0.776200 0.375700
vn 0.522700 0.804700 0.281400
vn -0.465400 -0.825000 0.320500
vn -0.491300 -0.764700 0.416900
vn -0.513000 -0.793900 0.326500
vn -0.557000 -0.761200 0.332000
vn -0.572400 -0.700300 0.426600
vn -0.597800 -0.728100 0.335300
vn 0.444200 0.816300 0.369300
vn 0.458500 0.844700 0.276300
vn 0.388300 0.847500 0.362000
vn 0.401200 0.875200 0.270500
vn -0.388100 -0.867100 0.312200
vn -0.403800 -0.821500 0.402500
vn -0.420500 -0.850800 0.315100
vn -0.056100 -0.060500 -0.996600
vn 0.360400 0.861400 0.357900
vn 0.373000 0.888000 0.269000
vn 0.461000 0.807300 0.368500
vn 0.572700 0.737800 0.357100
vn -0.183200 -0.950100 0.252400
vn -0.373100 -0.838700 0.396700
vn 0.002600 0.022000 -0.999800
vn -0.039000 -0.058300 -0.997500
vn -0.050300 -0.063800 -0.996700
vn -0.772900 -0.535800 0.339900
vn -0.740600 -0.515800 0.430700
vn -0.788900 -0.511500 0.340600
vn -0.756800 -0.492700 0.429500
vn 0.855700 0.439000 0.273900
vn 0.845100 0.393000 0.362500
vn 0.828400 0.423500 0.366500
vn 0.069300 0.083400 -0.994100
vn -0.797300 -0.499000 0.339500
vn -0.764800 -0.480900 0.428800
vn -0.819700 -0.457700 0.344300
vn -0.789800 -0.441700 0.425600
vn 0.872000 0.407400 0.271400
vn 0.824600 0.430200 0.367300
vn -0.002300 0.022600 -0.999700
vn 0.077500 0.072700 -0.994300
vn -0.617600 -0.604300 0.503500
vn -0.652200 -0.566000 0.504200
vn 0.002400 -0.022600 0.999700
vn -0.046300 -0.088800 0.995000
vn 0.594500 0.707800 0.381400
vn 0.533700 0.710600 0.458500
vn 0.046600 0.047600 0.997800
vn -0.004200 -0.023400 0.999700
vn 0.034600 0.054100 0.997900
vn -0.683500 -0.528200 0.503900
vn -0.708200 -0.495600 0.502700
vn 0.671900 0.634200 0.382500
vn 0.682900 0.566800 0.460800
vn 0.646000 0.607500 0.462300
vn 0.608200 0.645200 0.462400
vn 0.710100 0.591900 0.381300
vn 0.719500 0.521600 0.458400
vn -0.608900 -0.666900 0.429500
vn -0.533800 -0.732500 0.422400
vn -0.547600 -0.672000 0.498600
vn -0.510700 -0.703100 0.494900
vn 0.427000 0.785600 0.447800
vn 0.051600 0.043600 0.997700
vn 0.001800 -0.022400 0.999700
vn -0.446500 -0.795300 0.410000
vn -0.470500 -0.734400 0.489200
vn -0.428000 -0.764300 0.482400
vn 0.345400 0.832000 0.434300
vn -0.016600 -0.030900 0.999400
vn 0.016700 0.057500 0.998200
vn -0.388000 -0.790400 0.474000
vn -0.188500 -0.918000 0.348900
vn -0.359700 -0.809200 0.464500
vn 0.416700 0.753600 0.508400
vn -0.063000 -0.071700 0.995400
vn 0.762600 0.462000 0.452900
vn 0.798800 0.405300 0.444600
vn -0.724000 -0.473900 0.501300
vn -0.731900 -0.462700 0.500300
vn -0.067100 -0.066300 0.995500
vn -0.065300 -0.068400 0.995500
vn 0.815900 0.376800 0.438500
vn 0.780500 0.396600 0.483200
vn -0.755300 -0.433100 0.491900
vn 0.734600 0.614900 0.286700
vn -0.997700 0.029500 -0.060400
vn -0.938300 -0.028800 0.344700
vn -0.999300 -0.003100 0.038500
vn -0.906100 -0.047400 0.420400
vn -0.990500 -0.021900 0.135700
vn 0.064800 0.030400 0.997400
vn 0.067900 0.026200 0.997300
vn 0.572100 0.678800 0.460300
vn 0.061500 0.034000 0.997500
vn -0.002200 0.022600 -0.999700
vn 0.083000 0.068100 -0.994200
vn -0.076200 -0.040000 -0.996300
vn 0.076900 0.017300 0.996900
vn 0.002200 -0.022600 0.999700
vn 0.002300 -0.022600 0.999700
vn 0.007100 -0.995700 -0.092800
vn 0.123400 -0.963100 -0.239300
vn -0.027600 -0.999600 0.011600
vn 0.078300 -0.996300 -0.035300
vn -0.048600 -0.992500 0.111800
vn -0.042600 -0.092200 0.994800
vn -0.636100 -0.693500 0.338300
vn -0.060100 -0.075400 0.995300
vn -0.582200 -0.639800 0.501700
vn -0.100700 0.026900 -0.994600
vn 0.088200 0.066100 -0.993900
vn -0.154700 -0.010700 -0.987900
vn -0.085400 -0.028600 -0.995900
vn -0.095600 -0.049600 0.994200
vn -0.068600 -0.065800 0.995500
vn 0.081400 0.015500 0.996600
vn -0.095100 -0.024600 0.995200
vn 0.014100 0.026600 -0.999500
vn -0.023200 -0.036900 -0.999100
vn 0.054200 0.098500 -0.993700
vn -0.001800 0.022300 -0.999700
vn 0.487200 0.745400 0.455000
vn -0.059000 -0.145200 0.987600
vn -0.031800 -0.050700 0.998200
vn 0.058200 0.095100 -0.993800
vn 0.050600 0.100900 -0.993600
vn 0.057900 0.037300 0.997600
vn 0.818800 0.501400 0.279600
vn 0.071400 0.021100 0.997200
vn 0.029100 0.041500 -0.998700
vn 0.008300 -0.011600 -0.999900
vn 0.071600 0.121500 -0.990000
vn 0.039500 -0.046100 -0.998200
vn 0.001100 0.048100 0.998800
vn -0.045800 -0.154300 0.987000
vn -0.012500 -0.057600 0.998300
vn -0.064700 -0.196400 0.978400
vn -0.965700 0.076700 -0.248100
vn -0.899200 0.136200 -0.415900
vn -0.084900 -0.029900 -0.995900
vn -0.958100 0.279200 0.064300
vn -0.046600 -0.114200 0.992400
vn -0.674600 -0.654900 0.340600
vn 0.054700 0.040300 0.997700
vn -0.041600 -0.098200 0.994300
vn 0.052000 0.101800 -0.993400
vn 0.372400 0.817500 0.439400
vn -0.194100 -0.887500 0.417900
vn -0.049800 -0.085600 0.995100
vn -0.053400 -0.082600 0.995100
vn -0.056600 -0.079100 0.995300
vn 0.072900 0.078600 -0.994200
vn 0.061200 0.107200 -0.992400
vn 0.126000 -0.885000 -0.448200
vn 0.205900 -0.631700 -0.747400
vn 0.167500 -0.890200 -0.423600
vn 0.083800 -0.775400 -0.625900
vn 0.191800 -0.332000 -0.923600
vn 0.256100 -0.627700 -0.735100
vn 0.288000 -0.342200 -0.894400
vn 0.218700 0.347500 -0.911800
vn 0.092200 -0.211000 -0.973100
vn 0.083200 0.045200 -0.995500
vn 0.263300 0.385100 -0.884500
vn 0.192600 0.051400 -0.979900
vn 0.077600 -0.498100 -0.863600
vn 0.246200 0.058600 -0.967400
vn 0.760600 0.480700 -0.436300
vn 0.550900 0.708800 -0.440600
vn 0.436600 0.890400 -0.129000
vn 0.576700 0.767500 0.280000
vn 0.444200 0.785600 -0.430800
vn 0.380000 0.880200 -0.284200
vn 0.527000 0.486700 -0.696700
vn -0.997600 -0.024900 -0.064300
vn -0.950500 -0.124400 0.284600
vn -0.967300 -0.005000 0.253500
vn -0.856700 0.002500 -0.515800
vn -0.989400 -0.131400 0.061700
vn -0.924600 -0.234300 0.300500
vn -0.923600 -0.092700 -0.371900
vn -0.968600 -0.226000 -0.103900
vn -0.663400 -0.124800 -0.737800
vn -0.450900 -0.027100 -0.892200
vn -0.440200 -0.137300 -0.887400
vn -0.740700 -0.193200 -0.643500
vn -0.877700 -0.343600 0.334100
vn -0.894900 -0.445800 0.020900
vn -0.935300 -0.330600 0.126000
vn -0.893500 -0.429100 -0.132200
vn -0.918000 -0.393200 0.052300
vn -0.673700 0.219600 -0.705600
vn -0.793500 0.092300 -0.601500
vn -0.886000 0.193500 -0.421500
vn -0.656200 0.269700 -0.704700
vn -0.390500 0.198500 -0.898900
vn -0.537800 0.078400 -0.839400
vn -0.400000 0.299000 -0.866400
vn 0.842100 0.526600 0.116600
vn 0.673800 0.600000 -0.431200
vn 0.775600 0.609400 -0.164500
vn 0.864000 0.481700 -0.146500
vn 0.726900 0.499000 -0.471800
vn -0.051500 0.876300 -0.479000
vn 0.499300 0.745100 -0.442200
vn -0.257600 0.840700 -0.476300
vn 0.387800 0.578000 -0.718000
vn -0.259400 0.086700 -0.961900
vn 0.295900 0.222000 -0.929100
vn 0.000900 0.072100 -0.997400
vn -0.017500 0.192400 -0.981200
vn 0.320000 0.271600 -0.907600
vn -0.015900 0.251600 -0.967700
vn 0.062000 -0.871100 0.487100
vn -0.021100 -0.977500 0.209900
vn 0.166500 -0.982400 -0.084700
vn 0.134800 -0.909000 0.394500
vn -0.018400 -0.874300 0.485000
vn -0.035200 -0.709600 0.703700
vn 0.143000 -0.535300 0.832400
vn 0.306300 0.553400 0.774500
vn 0.487200 0.710900 0.507200
vn 0.297600 0.695400 0.654100
vn 0.188300 0.287800 0.939000
vn 0.351800 0.548300 0.758700
vn 0.250900 0.273400 0.928600
vn -0.015600 -0.354500 0.934900
vn 0.090500 0.183100 0.978900
vn 0.068500 -0.073700 0.994900
vn 0.188100 0.445300 0.875400
vn 0.095300 -0.077600 0.992400
vn -0.877400 -0.153800 0.454500
vn -0.779300 -0.079700 0.621600
vn -0.844800 -0.252700 0.471600
vn -0.781600 -0.150200 0.605400
vn -0.580400 -0.053700 0.812500
vn -0.668200 -0.208900 0.714000
vn -0.628200 -0.123000 0.768300
vn -0.658400 -0.357200 0.662500
vn -0.801200 -0.342400 0.490700
vn -0.483300 -0.284800 0.827800
vn -0.712100 -0.308600 0.630600
vn -0.567400 -0.257100 0.782300
vn -0.773600 -0.236300 0.587900
vn -0.319400 -0.059900 0.945700
vn -0.276500 -0.156800 0.948100
vn -0.441800 -0.153500 0.883900
vn -0.873000 0.136200 0.468400
vn -0.877000 0.478700 0.040200
vn -0.978600 0.010900 0.205400
vn -0.869700 0.026700 0.492900
vn -0.971900 0.227100 -0.061800
vn -0.547000 0.197100 0.813600
vn -0.644700 0.116600 0.755500
vn 0.206800 0.120800 0.970900
vn -0.329900 0.017100 0.943900
vn -0.015700 0.013400 0.999800
vn 0.450400 0.217900 0.865800
vn -0.057800 0.102500 0.993100
vn -0.705100 0.002200 0.709100
vn 0.282900 0.225800 0.932200
vn -0.071400 0.129500 0.989000
vn 0.530600 0.342800 0.775200
vn 0.679800 0.329700 0.655200
vn 0.745300 0.430500 0.509100
vn 0.478300 0.368900 0.796900
vn 0.250300 0.291700 0.923200
vn -0.295700 -0.296400 -0.908100
vn -0.315000 -0.279000 -0.907200
vn -0.437900 -0.451600 -0.777400
vn -0.465100 -0.425900 -0.776100
vn -0.699400 -0.663600 -0.265300
vn -0.680700 -0.732400 -0.010700
vn -0.722200 -0.691600 -0.009100
vn -0.278300 -0.312800 -0.908100
vn -0.412300 -0.475200 -0.777300
vn -0.658900 -0.703700 -0.265700
vn -0.639400 -0.768700 -0.013500
vn 0.298100 0.308000 -0.903500
vn 0.315000 0.289500 -0.903900
vn 0.448800 0.449500 -0.772400
vn 0.722400 0.619500 -0.307200
vn 0.719900 0.691400 -0.060600
vn 0.683700 0.662600 -0.305700
vn 0.332200 0.268400 -0.904200
vn 0.474700 0.420700 -0.773100
vn 0.760500 0.571600 -0.308300
vn 0.761100 0.645700 -0.061700
vn -0.349100 -0.240800 -0.905600
vn -0.332900 -0.260100 -0.906400
vn -0.514800 -0.370600 -0.773100
vn -0.738500 -0.620300 -0.264300
vn -0.797900 -0.602800 -0.006800
vn -0.773700 -0.577100 -0.261400
vn -0.491900 -0.398900 -0.773900
vn -0.762400 -0.647000 -0.008200
vn 0.281200 0.326100 -0.902600
vn 0.264700 0.341700 -0.901700
vn 0.422700 0.477000 -0.770600
vn 0.396900 0.500200 -0.769600
vn 0.604400 0.735700 -0.305700
vn 0.677300 0.733200 -0.060600
vn 0.635800 0.769500 -0.060200
vn 0.643200 0.701600 -0.306700
vn 0.247000 0.356400 -0.901100
vn 0.226800 0.370700 -0.900600
vn 0.369700 0.522800 -0.768100
vn 0.338000 0.546800 -0.766000
vn 0.514600 0.801700 -0.303900
vn 0.591900 0.803700 -0.061900
vn 0.539200 0.839900 -0.062600
vn 0.562900 0.767700 -0.306100
vn -0.260300 -0.329600 -0.907600
vn -0.385800 -0.498700 -0.776200
vn -0.618300 -0.738800 -0.268100
vn -0.595400 -0.803300 -0.015700
vn -0.240600 -0.346400 -0.906700
vn -0.356700 -0.522200 -0.774700
vn -0.575100 -0.772300 -0.270000
vn -0.547300 -0.836800 -0.018400
vn -0.219100 -0.363100 -0.905600
vn -0.326200 -0.545700 -0.771800
vn -0.528100 -0.805400 -0.269300
vn -0.496300 -0.867900 -0.021800
vn -0.194000 -0.369700 -0.908700
vn -0.295200 -0.559200 -0.774700
vn -0.477600 -0.835800 -0.270900
vn -0.448300 -0.893700 -0.021000
vn 0.208600 0.385000 -0.899100
vn 0.201000 0.403100 -0.892800
vn 0.304700 0.573200 -0.760700
vn 0.283200 0.598000 -0.749800
vn 0.409200 0.864300 -0.292500
vn 0.474300 0.878100 -0.064000
vn 0.418700 0.906200 -0.059400
vn 0.457000 0.836500 -0.302400
vn -0.075500 -0.350200 -0.933600
vn 0.044400 -0.324800 -0.944700
vn -0.165600 -0.786100 -0.595500
vn 0.042300 -0.675200 -0.736400
vn -0.187100 -0.977700 -0.095500
vn 0.032400 -0.917700 -0.395900
vn -0.064400 -0.113500 -0.991400
vn -0.268900 -0.563400 -0.781200
vn -0.428900 -0.864000 -0.263700
vn -0.413100 -0.910500 -0.017200
vn -0.263900 -0.576500 -0.773300
vn -0.395700 -0.883200 -0.251800
vn 0.201800 0.423100 -0.883300
vn 0.278300 0.616800 -0.736300
vn 0.392600 0.918200 -0.052200
vn 0.384800 0.878700 -0.282300
vn 0.352500 0.241700 -0.904100
vn 0.501800 0.388800 -0.772700
vn 0.803700 0.509400 -0.307600
vn 0.801600 0.594500 -0.063400
vn 0.375400 0.219400 -0.900500
vn 0.535200 0.346600 -0.770400
vn 0.839900 0.450800 -0.302100
vn 0.847900 0.526100 -0.065400
vn -0.370300 -0.213500 -0.904000
vn -0.361400 -0.224300 -0.905000
vn -0.546600 -0.332100 -0.768700
vn -0.801000 -0.539800 -0.259000
vn -0.842800 -0.538200 -0.004500
vn -0.818600 -0.513800 -0.256700
vn -0.534000 -0.347500 -0.770800
vn -0.825700 -0.564000 -0.006500
vn -0.389600 0.037900 -0.920200
vn -0.720400 0.046900 -0.692000
vn -0.934800 0.047900 -0.352000
vn 0.392600 0.208900 -0.895700
vn 0.568800 0.308800 -0.762300
vn 0.859400 0.418900 -0.293300
vn 0.885200 0.460900 -0.063000
vn 0.901700 0.428600 -0.056900
vn 0.588600 0.293800 -0.753100
vn 0.859300 0.412700 -0.302200
vn -0.375600 -0.208800 -0.902900
vn -0.598100 -0.294100 -0.745500
vn -0.828100 -0.501800 -0.249700
vn -0.851400 -0.524600 -0.002200
vn -0.555100 -0.324900 -0.765700
vn -0.522300 -0.517200 0.678000
vn -0.492400 -0.547600 0.676500
vn -0.377100 -0.382400 0.843500
vn -0.355600 -0.404300 0.842700
vn -0.208700 -0.223900 0.952000
vn -0.196800 -0.236000 0.951600
vn -0.463000 -0.574600 0.674800
vn -0.334400 -0.424600 0.841400
vn -0.185100 -0.247700 0.951000
vn 0.584200 0.478500 0.655500
vn 0.552700 0.513300 0.656500
vn 0.424400 0.338600 0.839800
vn 0.401500 0.363800 0.840500
vn 0.233800 0.174400 0.956500
vn 0.221100 0.188000 0.957000
vn 0.615900 0.440200 0.653400
vn 0.447300 0.311000 0.838500
vn 0.245900 0.159200 0.956100
vn -0.551800 -0.485100 0.678400
vn -0.578700 -0.453200 0.678100
vn -0.398800 -0.359300 0.843700
vn -0.418700 -0.336400 0.843500
vn -0.221000 -0.210900 0.952200
vn -0.232100 -0.198100 0.952300
vn 0.490000 0.574800 0.655400
vn 0.520600 0.545700 0.656600
vn 0.356400 0.408600 0.840200
vn 0.378900 0.387700 0.840300
vn 0.196800 0.212700 0.957100
vn 0.208700 0.201000 0.957100
vn 0.418400 0.633800 0.650600
vn 0.457700 0.602800 0.653600
vn 0.305000 0.453100 0.837700
vn 0.333200 0.429000 0.839600
vn 0.168100 0.237400 0.956700
vn 0.184100 0.223700 0.957100
vn -0.432600 -0.602300 0.671000
vn -0.312700 -0.445100 0.839100
vn -0.172700 -0.259000 0.950300
vn -0.399300 -0.629900 0.666200
vn -0.289300 -0.466100 0.836100
vn -0.159900 -0.271200 0.949100
vn -0.364300 -0.657500 0.659500
vn -0.265000 -0.488400 0.831400
vn -0.147100 -0.285300 0.947100
vn -0.332400 -0.684400 0.648900
vn -0.245600 -0.516400 0.820400
vn -0.141100 -0.311100 0.939800
vn 0.317700 0.705300 0.633700
vn 0.365900 0.672100 0.643700
vn 0.227400 0.514200 0.826900
vn 0.265800 0.485300 0.833000
vn 0.116700 0.276800 0.953800
vn 0.144000 0.258900 0.955100
vn -0.057700 -0.919000 0.390100
vn -0.181600 -0.782000 0.596200
vn -0.061800 -0.716300 0.695000
vn -0.150900 -0.617100 0.772300
vn -0.057500 -0.426300 0.902800
vn -0.111000 -0.418100 0.901600
vn -0.312200 -0.708900 0.632400
vn -0.237800 -0.550300 0.800400
vn -0.146500 -0.351900 0.924500
vn 0.293000 0.719500 0.629700
vn 0.207200 0.526600 0.824500
vn 0.099300 0.280700 0.954700
vn 0.653800 0.389800 0.648500
vn 0.476000 0.275500 0.835200
vn 0.261300 0.140100 0.955000
vn 0.688600 0.343300 0.638700
vn 0.504700 0.243800 0.828200
vn 0.279100 0.124000 0.952200
vn -0.600100 -0.425900 0.677100
vn -0.614100 -0.407900 0.675600
vn -0.434900 -0.317100 0.842800
vn -0.445800 -0.304200 0.841800
vn -0.241000 -0.187300 0.952300
vn -0.247200 -0.180100 0.952100
vn -0.910400 -0.027300 0.412800
vn -0.691600 -0.030400 0.721600
vn -0.374100 -0.028800 0.926900
vn 0.707000 0.320700 0.630400
vn 0.522300 0.228900 0.821500
vn 0.291800 0.116800 0.949300
vn -0.621600 -0.398900 0.674200
vn -0.452100 -0.298300 0.840600
vn -0.251700 -0.177300 0.951400
vn -0.839600 -0.350200 0.415300
vn -0.884000 -0.244900 0.398300
vn -0.916700 -0.136000 0.375700
vn 0.798300 0.473400 0.372300
vn -0.261800 0.944100 0.200500
vn -0.261800 0.944000 0.200700
vn -0.262200 0.944000 0.200300
vn 0.795300 0.478100 0.372700
vn -0.246700 0.947100 0.205400
vn -0.964100 0.115500 -0.239200
vn 0.794300 0.479800 0.372700
vn 0.230600 -0.950300 -0.209300
vn 0.558600 0.740400 0.374000
vn 0.785800 0.382500 -0.486000
vn 0.492700 0.561200 -0.665100
vn 0.068700 -0.643100 0.762700
vn -0.246600 0.947100 0.205500
vn -0.062100 0.992500 0.105500
vn -0.009900 0.999700 0.022400
vn -0.066400 0.992600 0.101400
vn -0.585200 -0.375500 0.718700
vn -0.600300 -0.464700 0.650800
vn -0.559500 -0.464900 0.686100
vn 0.053500 0.997500 -0.047000
vn 0.729300 -0.251000 -0.636500
vn 0.739700 -0.343700 -0.578600
vn 0.763800 -0.248800 -0.595600
vn -0.087000 0.992900 0.081700
vn -0.083200 0.992800 0.085700
vn -0.541900 -0.374800 0.752300
vn -0.518100 -0.463800 0.718600
vn 0.557100 -0.250000 -0.791900
vn 0.476500 -0.341400 -0.810100
vn 0.539600 -0.345600 -0.767700
vn 0.651700 -0.252500 -0.715200
vn 0.670900 -0.347500 -0.655100
vn 0.693100 -0.252000 -0.675300
vn -0.079900 0.992700 0.090100
vn -0.075300 0.992800 0.093700
vn 0.057900 0.997400 -0.043600
vn 0.774800 -0.339900 -0.533100
vn 0.799600 -0.245700 -0.548000
vn -0.803400 -0.356200 0.477100
vn -0.739300 -0.451500 0.499600
vn -0.771300 -0.362300 0.523300
vn -0.737200 -0.367400 0.567100
vn -0.672700 -0.460600 0.579000
vn -0.702900 -0.371300 0.606700
vn 0.809800 -0.334700 -0.481900
vn 0.835000 -0.241200 -0.494500
vn 0.834800 -0.329700 -0.441000
vn 0.860000 -0.237300 -0.451800
vn -0.847900 -0.346700 0.401000
vn -0.798500 -0.437300 0.413600
vn -0.830600 -0.350200 0.433000
vn -0.091000 0.992900 0.077200
vn 0.845700 -0.327100 -0.421700
vn 0.870500 -0.235900 -0.431900
vn 0.671700 -0.350300 -0.652800
vn 0.835500 -0.069500 -0.545100
vn -0.938500 -0.285200 0.194800
vn -0.816600 -0.431400 0.383400
vn -0.100200 0.992600 0.068800
vn -0.095800 0.992700 0.073000
vn -0.497600 -0.372900 0.783100
vn -0.475800 -0.461500 0.748700
vn -0.455300 -0.370900 0.809400
vn -0.435400 -0.458200 0.774900
vn 0.427800 -0.242900 -0.870600
vn 0.385200 -0.332500 -0.860800
vn 0.416100 -0.335900 -0.845000
vn 0.049500 0.997500 -0.051100
vn -0.425200 -0.369800 0.826100
vn -0.406900 -0.455300 0.791900
vn -0.198200 -0.322300 0.925700
vn -0.202200 -0.387400 0.899500
vn 0.395700 -0.241300 -0.886100
vn 0.617300 -0.350800 -0.704200
vn 0.038200 0.997600 -0.058100
vn -0.573200 -0.535200 0.620400
vn -0.534100 -0.535700 0.654100
vn 0.009900 -0.999700 -0.022400
vn -0.055300 -0.998100 0.027900
vn 0.706100 -0.346000 -0.617800
vn 0.712600 -0.424600 -0.558500
vn 0.078600 -0.994500 -0.069600
vn 0.082500 -0.994400 -0.065700
vn -0.494800 -0.534200 0.685400
vn -0.454600 -0.532000 0.714400
vn 0.630800 -0.348000 -0.693500
vn 0.565700 -0.428500 -0.704500
vn 0.607300 -0.428900 -0.668700
vn 0.646000 -0.428200 -0.631900
vn 0.587600 -0.347400 -0.730800
vn 0.519600 -0.426800 -0.740200
vn -0.638400 -0.463200 0.614700
vn -0.706000 -0.456900 0.541200
vn -0.642500 -0.531600 0.551900
vn -0.674800 -0.527600 0.516100
vn 0.781600 -0.414500 -0.466200
vn 0.075200 -0.994500 -0.073300
vn -0.771100 -0.444800 0.455600
vn -0.707000 -0.522600 0.476500
vn -0.737800 -0.516300 0.434800
vn 0.817800 -0.404900 -0.409000
vn 0.010000 -0.999700 -0.022400
vn 0.086400 -0.994300 -0.062900
vn -0.765100 -0.508200 0.395400
vn -0.913600 -0.353900 0.200300
vn -0.783700 -0.500900 0.367300
vn 0.734400 -0.470300 -0.489400
vn -0.037400 -0.998300 0.043900
vn 0.459000 -0.422200 -0.781700
vn 0.401100 -0.415500 -0.816400
vn -0.416600 -0.528200 0.739900
vn -0.389900 -0.524200 0.757100
vn -0.030400 -0.998200 0.051000
vn -0.034000 -0.998300 0.047900
vn 0.372100 -0.409500 -0.833000
vn 0.567500 -0.517400 -0.640500
vn -0.206700 -0.452200 0.867600
vn 0.606900 -0.252000 -0.753800
vn 0.006800 0.042400 0.999100
vn -0.019700 -0.097900 0.995000
vn -0.035300 -0.201000 0.979000
vn 0.061200 -0.994400 -0.085600
vn 0.057200 -0.994400 -0.088900
vn 0.680000 -0.426900 -0.596100
vn 0.065100 -0.994500 -0.082600
vn 0.034000 0.997300 -0.064600
vn -0.071300 0.992600 0.098100
vn 0.047900 -0.994100 -0.097500
vn -0.998100 0.058300 0.019600
vn -0.973100 0.229700 -0.015200
vn -0.995800 -0.078600 0.046400
vn -0.998500 0.021400 -0.050100
vn -0.981200 -0.182800 0.061800
vn -0.058600 -0.998000 0.024200
vn -0.667400 -0.373600 0.644200
vn -0.041100 -0.998300 0.040800
vn -0.609700 -0.533800 0.586000
vn -0.007600 0.993000 0.117800
vn 0.031500 0.997100 -0.068900
vn -0.036500 0.991000 0.129100
vn -0.056000 0.991900 0.113600
vn -0.014400 -0.997600 0.068100
vn -0.028600 -0.998100 0.054100
vn 0.046100 -0.993700 -0.101900
vn 0.005700 -0.997300 0.073100
vn -0.010000 0.999700 0.022400
vn -0.104700 0.992300 0.066700
vn 0.064900 0.997200 -0.036100
vn 0.746900 -0.420600 -0.515000
vn -0.070800 -0.997400 0.015500
vn 0.010000 -0.999700 -0.022500
vn 0.061900 0.997300 -0.040300
vn 0.069200 0.997100 -0.032200
vn 0.068800 -0.994500 -0.079500
vn 0.491000 -0.247100 -0.835400
vn 0.051800 -0.994400 -0.092200
vn -0.010000 0.999700 0.022500
vn -0.118700 0.991700 0.050300
vn 0.081000 0.996500 -0.022700
vn -0.106100 0.994100 0.022500
vn 0.089700 -0.994000 -0.062000
vn -0.079800 -0.996700 -0.015800
vn -0.006400 -0.998500 -0.054700
vn -0.083800 -0.996500 0.003100
vn 0.041400 0.248000 0.967900
vn 0.103600 0.426800 0.898400
vn -0.057600 0.992400 0.109000
vn -0.002000 0.095100 0.995500
vn -0.066800 -0.997600 0.017200
vn -0.627800 -0.375400 0.681900
vn 0.072300 -0.994400 -0.076700
vn -0.062800 -0.997800 0.020700
vn 0.072400 0.997000 -0.026900
vn 0.806500 -0.408800 -0.427100
vn -0.883400 -0.421500 0.204800
vn -0.051700 -0.998200 0.031100
vn -0.048300 -0.998200 0.034100
vn -0.045000 -0.998300 0.037700
vn 0.044400 0.997500 -0.054400
vn 0.078300 0.996600 -0.024400
vn -0.905800 0.415200 -0.084800
vn -0.677200 0.718600 -0.158100
vn -0.902700 0.408100 -0.136600
vn -0.801900 0.596700 -0.030600
vn -0.390700 0.910200 -0.137600
vn -0.670800 0.711700 -0.208600
vn -0.404900 0.882500 -0.239200
vn 0.289100 0.940000 -0.181200
vn -0.261800 0.964700 -0.029400
vn -0.005200 0.999700 -0.024400
vn 0.318200 0.919400 -0.231300
vn -0.014900 0.990000 -0.140600
vn -0.540700 0.841000 -0.015700
vn -0.013400 0.979600 -0.200400
vn 0.672900 0.464500 -0.575700
vn 0.856600 0.179500 -0.483800
vn -0.051500 0.541800 -0.838900
vn 0.517300 0.473900 -0.712600
vn 0.726000 0.494600 -0.477800
vn 0.848400 0.333500 -0.411100
vn 0.396300 0.744500 -0.537200
vn 0.169400 0.723700 0.669000
vn 0.054500 0.603200 0.795800
vn 0.151900 0.418900 0.895200
vn 0.217600 0.717700 0.661500
vn 0.147300 0.909500 0.388700
vn 0.036400 0.840500 0.540600
vn 0.243100 0.883100 0.401400
vn 0.501900 -0.078000 -0.861400
vn 0.542200 0.462900 -0.701200
vn 0.566300 0.208700 -0.797300
vn 0.449700 0.173700 -0.876100
vn 0.446100 0.488300 -0.750100
vn 0.814400 0.579500 0.029300
vn 0.675200 0.477400 -0.562300
vn 0.782300 0.581900 0.222100
vn 0.514800 0.750800 -0.413800
vn 0.045000 0.962400 0.267800
vn 0.178900 0.941100 -0.287000
vn 0.034700 0.999300 0.016100
vn 0.146300 0.989100 0.018400
vn 0.225200 0.921100 -0.317500
vn 0.201000 0.979400 0.018200
vn -0.862200 -0.501300 -0.073300
vn -0.971500 -0.234700 0.033700
vn -0.988700 0.056900 -0.138600
vn -0.899400 -0.413000 -0.143400
vn -0.858500 -0.512800 0.006300
vn -0.683200 -0.730200 0.005400
vn -0.518200 -0.834200 -0.188700
vn 0.548300 -0.743900 -0.382100
vn 0.681700 -0.472400 -0.558700
vn 0.688100 -0.624700 -0.369000
vn 0.303600 -0.915700 -0.263300
vn 0.534800 -0.730000 -0.425500
vn 0.278600 -0.904200 -0.323800
vn -0.310700 -0.949700 -0.039400
vn 0.217700 -0.962100 -0.164500
vn -0.037100 -0.990000 -0.135900
vn 0.461000 -0.847500 -0.263200
vn -0.045700 -0.985900 -0.160700
vn 0.088800 -0.504100 0.859100
vn 0.038000 0.100500 0.994200
vn -0.007000 -0.226800 0.973900
vn 0.012000 -0.507300 0.861700
vn 0.153300 -0.531600 0.833000
vn 0.194400 -0.840900 0.505100
vn 0.142600 -0.961500 -0.234900
vn 0.036300 -0.952900 0.301200
vn 0.041900 -0.999100 -0.007900
vn 0.232800 -0.846700 -0.478400
vn 0.122500 -0.992200 0.021000
vn 0.005700 -0.731300 0.682100
vn 0.237900 -0.916100 -0.322800
vn 0.149300 -0.988400 0.026300
vn 0.365300 -0.741200 -0.563200
vn 0.331900 -0.626600 -0.705200
vn 0.688500 -0.510200 -0.515400
vn 0.511700 -0.468700 -0.720100
vn 0.299400 -0.905000 -0.302300
vn -0.319700 0.891200 0.321800
vn -0.300700 0.891500 0.338800
vn -0.466900 0.752500 0.464400
vn -0.439500 0.753200 0.489400
vn -0.655700 0.229800 0.719200
vn -0.716700 -0.026000 0.696900
vn -0.674800 -0.027800 0.737500
vn -0.335800 0.891600 0.303900
vn -0.490700 0.752800 0.438700
vn -0.696400 0.231100 0.679400
vn -0.753900 -0.024500 0.656500
vn 0.272100 0.918500 -0.286900
vn 0.253100 0.918500 -0.303900
vn 0.414700 0.794400 -0.443800
vn 0.592700 0.341000 -0.729700
vn 0.672400 0.097500 -0.733700
vn 0.636300 0.341500 -0.691800
vn 0.231700 0.918600 -0.320300
vn 0.385200 0.794600 -0.469300
vn 0.543500 0.342500 -0.766300
vn 0.625800 0.097400 -0.773900
vn -0.261500 0.890300 0.372700
vn -0.281300 0.890900 0.356500
vn -0.382600 0.750700 0.538500
vn -0.611500 0.228400 0.757600
vn -0.583000 -0.028700 0.812000
vn -0.566100 0.227800 0.792200
vn -0.410900 0.752700 0.514400
vn -0.629400 -0.028500 0.776500
vn 0.290300 0.918000 -0.270200
vn 0.306500 0.917300 -0.254000
vn 0.441800 0.794100 -0.417400
vn 0.466100 0.793000 -0.392200
vn 0.712000 0.339800 -0.614500
vn 0.715200 0.096900 -0.692100
vn 0.752600 0.096900 -0.651400
vn 0.676700 0.340800 -0.652600
vn 0.322000 0.916600 -0.236900
vn 0.339000 0.915300 -0.217500
vn 0.489700 0.791300 -0.366000
vn 0.515400 0.788600 -0.335500
vn 0.779200 0.338700 -0.527500
vn 0.787700 0.097600 -0.608300
vn 0.823900 0.098500 -0.558100
vn 0.745200 0.339100 -0.574200
vn -0.351300 0.891900 0.284900
vn -0.512700 0.753800 0.411100
vn -0.732600 0.232200 0.639800
vn -0.789400 -0.022000 0.613500
vn -0.369500 0.890300 0.266000
vn -0.538800 0.750000 0.383700
vn -0.767200 0.232900 0.597700
vn -0.824200 -0.019100 0.566000
vn -0.387000 0.888800 0.245500
vn -0.562000 0.747800 0.353400
vn -0.801100 0.233700 0.551100
vn -0.856500 -0.016700 0.515900
vn -0.405900 0.885300 0.226900
vn -0.586200 0.740900 0.327900
vn -0.833000 0.233000 0.501800
vn -0.883400 -0.016900 0.468400
vn 0.356200 0.913700 -0.195700
vn 0.374300 0.909500 -0.180800
vn 0.543400 0.783100 -0.302300
vn 0.565400 0.776900 -0.277200
vn 0.838000 0.329500 -0.434800
vn 0.859300 0.098600 -0.501900
vn 0.884000 0.095900 -0.457500
vn 0.813000 0.335800 -0.475700
vn -0.454000 0.880600 0.135700
vn -0.388300 0.921300 0.021200
vn -0.823900 0.526700 0.209400
vn -0.716000 0.697900 0.016900
vn -0.975400 0.049300 0.215000
vn -0.934100 0.356900 0.010300
vn -0.192000 0.975100 0.110800
vn -0.608900 0.730200 0.309800
vn -0.862100 0.225600 0.453700
vn -0.900900 -0.020900 0.433500
vn -0.620800 0.722400 0.304400
vn -0.882000 0.212600 0.420700
vn 0.384000 0.906900 -0.173700
vn 0.576500 0.772000 -0.267700
vn 0.894500 0.092200 -0.437400
vn 0.850200 0.324200 -0.414800
vn 0.204000 0.918400 -0.339000
vn 0.352900 0.793600 -0.495600
vn 0.480400 0.340800 -0.808100
vn 0.573600 0.099300 -0.813100
vn 0.181500 0.914200 -0.362300
vn 0.309500 0.791100 -0.527600
vn 0.421400 0.334000 -0.843200
vn 0.504200 0.099400 -0.857800
vn -0.223200 0.886200 0.406000
vn -0.241800 0.888900 0.389200
vn -0.329900 0.742500 0.583000
vn -0.519300 0.225800 0.824200
vn -0.490400 -0.031700 0.870900
vn -0.473300 0.217700 0.853600
vn -0.354200 0.748100 0.561100
vn -0.535400 -0.029000 0.844100
vn -0.000200 0.916200 0.400700
vn 0.009500 0.686200 0.727400
vn 0.017400 0.341200 0.939800
vn -0.122100 0.878000 0.462900
vn -0.203800 0.512800 0.833900
vn -0.216500 0.017500 0.976100
vn 0.170800 0.909600 -0.378800
vn 0.270800 0.782700 -0.560400
vn 0.389700 0.323200 -0.862400
vn 0.438100 0.095300 -0.893800
vn 0.405600 0.088300 -0.909800
vn 0.256200 0.772800 -0.580700
vn 0.381900 0.328400 -0.863900
vn -0.213100 0.881300 0.421800
vn -0.442800 0.200600 0.873900
vn -0.312700 0.734500 0.602300
vn -0.457700 -0.038600 0.888200
vn -0.482900 -0.704700 0.519700
vn -0.513800 -0.703800 0.490500
vn -0.345800 -0.863200 0.368000
vn -0.368300 -0.862500 0.347000
vn -0.187300 -0.963100 0.193500
vn -0.199800 -0.962800 0.181800
vn -0.541800 -0.702300 0.461800
vn -0.389000 -0.861500 0.326400
vn -0.212000 -0.962200 0.170900
vn 0.486100 -0.627700 -0.608000
vn 0.521700 -0.627900 -0.577500
vn 0.356200 -0.819500 -0.449000
vn 0.382000 -0.819600 -0.427000
vn 0.200000 -0.945500 -0.256900
vn 0.214300 -0.945500 -0.245100
vn 0.446800 -0.626500 -0.638600
vn 0.327700 -0.819000 -0.471100
vn 0.184500 -0.945300 -0.268900
vn -0.449800 -0.705000 0.548300
vn -0.416600 -0.704100 0.575000
vn -0.322200 -0.863000 0.389200
vn -0.298100 -0.862700 0.408600
vn -0.174100 -0.963100 0.205400
vn -0.160800 -0.963000 0.216400
vn 0.584600 -0.625900 -0.516100
vn 0.555000 -0.627500 -0.546200
vn 0.428400 -0.818200 -0.383400
vn 0.406300 -0.819200 -0.404600
vn 0.240200 -0.945000 -0.221900
vn 0.227900 -0.945300 -0.233300
vn 0.643700 -0.620500 -0.447900
vn 0.613200 -0.624000 -0.484500
vn 0.472400 -0.815300 -0.334800
vn 0.449700 -0.817100 -0.360800
vn 0.264400 -0.944400 -0.195500
vn 0.251700 -0.944800 -0.209500
vn -0.569900 -0.699000 0.432000
vn -0.409800 -0.859600 0.305100
vn -0.223800 -0.961600 0.159000
vn -0.598500 -0.694600 0.399300
vn -0.431600 -0.856900 0.282000
vn -0.235700 -0.960800 0.145800
vn -0.626100 -0.689300 0.364600
vn -0.453600 -0.853100 0.257800
vn -0.249400 -0.959200 0.133000
vn -0.652000 -0.681400 0.332500
vn -0.475500 -0.847600 0.235700
vn -0.262700 -0.957300 0.120500
vn 0.700000 -0.607700 -0.375100
vn 0.675500 -0.614800 -0.407200
vn 0.518400 -0.806400 -0.284500
vn 0.497200 -0.811800 -0.306200
vn 0.292500 -0.941100 -0.169600
vn 0.278600 -0.943200 -0.180800
vn -0.902500 -0.427100 0.055900
vn -0.743800 -0.646300 0.170500
vn -0.676900 -0.735400 0.033300
vn -0.545100 -0.829800 0.119700
vn -0.358000 -0.933700 0.005900
vn -0.307700 -0.949600 0.059900
vn -0.671600 -0.672800 0.310200
vn -0.493400 -0.841300 0.221000
vn -0.274900 -0.954700 0.113800
vn 0.712200 -0.602300 -0.360600
vn 0.530000 -0.802100 -0.275000
vn 0.300400 -0.939500 -0.164800
vn 0.395800 -0.622300 -0.675400
vn 0.291600 -0.816200 -0.498800
vn 0.165000 -0.944600 -0.283700
vn 0.348000 -0.613300 -0.709000
vn 0.259300 -0.809100 -0.527400
vn 0.148700 -0.941800 -0.301400
vn -0.383000 -0.702000 0.600500
vn -0.351900 -0.697600 0.624100
vn -0.274400 -0.861000 0.428300
vn -0.252600 -0.857900 0.447500
vn -0.148000 -0.962300 0.228200
vn -0.135900 -0.961300 0.239800
vn -0.034300 -0.438900 0.897900
vn -0.022200 -0.743200 0.668600
vn -0.006800 -0.937400 0.348200
vn -0.174600 -0.671200 0.720400
vn -0.126000 -0.844000 0.521400
vn -0.068800 -0.955400 0.287100
vn 0.324800 -0.604800 -0.727100
vn 0.244100 -0.802000 -0.545200
vn 0.141200 -0.938800 -0.314100
vn -0.330600 -0.692200 0.641500
vn -0.238700 -0.853300 0.463500
vn -0.128900 -0.959600 0.250300
vn 0.807400 -0.339700 -0.482300
vn 0.472200 -0.341100 -0.812800
vn 0.954800 -0.172600 0.242200
vn 0.954800 -0.172500 0.242000
vn 0.078600 0.243600 0.966700
vn 0.789600 -0.338300 -0.511900
vn -0.278800 -0.189300 -0.941500
vn -0.973100 0.224400 -0.052300
vn 0.436700 -0.343000 -0.831700
vn 0.760800 0.220200 -0.610500
vn -0.256400 0.540800 -0.801100
vn -0.625200 -0.773700 -0.102600
vn 0.292900 -0.857700 -0.422600
vn 0.973900 -0.186500 0.129100
vn 0.991400 -0.103300 0.080400
vn 0.974000 -0.182900 0.133600
vn -0.472900 -0.700800 0.534100
vn -0.557300 -0.626400 0.545000
vn -0.557300 -0.660500 0.503200
vn 0.999300 -0.032000 0.019000
vn -0.145300 0.673200 -0.725000
vn -0.241800 0.623200 -0.743700
vn -0.143500 0.633200 -0.760600
vn 0.974200 -0.164000 0.155200
vn 0.974200 -0.167700 0.150800
vn -0.471600 -0.733100 0.490000
vn -0.555700 -0.691900 0.461000
vn -0.145300 0.823500 -0.548400
vn -0.240700 0.847000 -0.473900
vn -0.243500 0.806700 -0.538500
vn -0.146500 0.749700 -0.645300
vn -0.244600 0.698000 -0.673000
vn -0.146000 0.711100 -0.687800
vn 0.974100 -0.171700 0.147100
vn 0.974200 -0.175100 0.142500
vn 0.999300 -0.035700 0.014800
vn -0.239000 0.576000 -0.781800
vn -0.141300 0.584100 -0.799300
vn -0.453300 -0.478100 0.752300
vn -0.542700 -0.481500 0.688200
vn -0.458800 -0.513100 0.725400
vn -0.464300 -0.554200 0.690900
vn -0.552900 -0.557000 0.619700
vn -0.468200 -0.592600 0.655400
vn -0.234000 0.512500 -0.826200
vn -0.137200 0.519500 -0.843400
vn -0.228300 0.452000 -0.862300
vn -0.133200 0.459600 -0.878100
vn -0.452100 -0.449000 0.770700
vn -0.533000 -0.429300 0.729100
vn -0.451300 -0.457700 0.766100
vn 0.974200 -0.160100 0.159200
vn -0.225000 0.420600 -0.878900
vn -0.131900 0.429100 -0.893600
vn -0.227500 0.460000 -0.858200
vn 0.021100 0.613500 -0.789400
vn -0.453100 -0.409300 0.792000
vn -0.531400 -0.421600 0.734800
vn 0.992400 -0.091700 0.081500
vn 0.981800 -0.134700 0.133800
vn 0.975400 -0.154200 0.157600
vn -0.468900 -0.763100 0.444800
vn -0.552700 -0.721000 0.418000
vn -0.465800 -0.788100 0.402300
vn -0.548500 -0.746300 0.377200
vn -0.141400 0.898100 -0.416500
vn -0.234600 0.894500 -0.380700
vn -0.236900 0.879700 -0.412200
vn 0.999300 -0.028500 0.023200
vn -0.464300 -0.804000 0.371500
vn -0.544800 -0.762800 0.348400
vn -0.408100 -0.901300 0.145400
vn -0.498900 -0.855300 0.139800
vn -0.141200 0.912500 -0.383900
vn -0.248100 0.745700 -0.618300
vn 0.999200 -0.021600 0.034600
vn -0.622900 -0.589700 0.514000
vn -0.622700 -0.622600 0.474000
vn -0.991400 0.103300 -0.080400
vn -0.998500 0.051300 -0.016800
vn -0.243600 0.661600 -0.709200
vn -0.325700 0.609100 -0.723100
vn -0.977700 0.148500 -0.148600
vn -0.993100 0.087200 -0.078000
vn -0.979100 0.126100 -0.159700
vn -0.621200 -0.652600 0.433800
vn -0.618600 -0.680500 0.392800
vn -0.245100 0.735300 -0.631900
vn -0.328500 0.751300 -0.572400
vn -0.329200 0.716400 -0.615100
vn -0.329200 0.680600 -0.654500
vn -0.244800 0.771200 -0.587600
vn -0.327800 0.785400 -0.525100
vn -0.555800 -0.591400 0.584200
vn -0.548600 -0.520400 0.654300
vn -0.618700 -0.523700 0.585600
vn -0.614500 -0.489000 0.619100
vn -0.316000 0.500900 -0.805700
vn -0.977500 0.154900 -0.143200
vn -0.991600 0.101100 -0.080500
vn -0.536800 -0.448400 0.714700
vn -0.609000 -0.452000 0.651800
vn -0.603000 -0.420600 0.677900
vn -0.306600 0.408600 -0.859700
vn -0.996600 0.055600 -0.060100
vn -0.983200 0.086800 -0.160300
vn -0.597700 -0.403000 0.693100
vn -0.523600 -0.387100 0.758900
vn -0.591400 -0.397600 0.701500
vn -0.432400 0.627700 -0.647300
vn -0.998800 0.035600 -0.034900
vn -0.324700 0.824700 -0.463100
vn -0.319000 0.857400 -0.403800
vn -0.613600 -0.705500 0.354700
vn -0.609300 -0.722100 0.327600
vn -0.998700 0.028900 -0.042200
vn -0.998700 0.032400 -0.038600
vn -0.314600 0.872500 -0.373800
vn -0.381200 0.801800 -0.460100
vn -0.567200 -0.811900 0.138400
vn -0.146400 0.787000 -0.599300
vn -0.036200 -0.998700 -0.035100
vn -0.140100 -0.990100 -0.011800
vn -0.239100 -0.971000 -0.002400
vn -0.977400 0.167400 -0.129200
vn -0.977500 0.170200 -0.125000
vn -0.327100 0.645900 -0.689700
vn -0.977500 0.164100 -0.132900
vn 0.999100 -0.015600 0.039400
vn 0.974000 -0.179400 0.138300
vn -0.977100 0.178800 -0.115500
vn -0.008800 0.031400 0.999500
vn 0.140500 0.076800 0.987100
vn -0.112100 0.001500 0.993700
vn -0.024000 0.042100 0.998800
vn -0.207700 -0.016300 0.978100
vn -0.998400 0.054300 -0.012900
vn -0.471300 -0.628700 0.618500
vn -0.998800 0.038700 -0.031100
vn -0.621800 -0.556100 0.551400
vn 0.977300 -0.198300 0.074500
vn 0.999100 -0.010400 0.041500
vn 0.972100 -0.210800 0.103100
vn 0.973200 -0.194300 0.122700
vn -0.998200 0.011800 -0.058600
vn -0.998700 0.025300 -0.044000
vn -0.976500 0.183000 -0.113500
vn -0.996800 0.008500 -0.079000
vn 0.995600 -0.062800 0.070200
vn 0.992100 -0.097200 0.078800
vn 0.999000 -0.043100 0.007500
vn 0.991500 -0.102000 0.080900
vn -0.323100 0.563400 -0.760400
vn -0.996400 -0.007700 0.083900
vn -0.999700 0.016300 -0.017500
vn 0.999200 -0.038900 0.010900
vn 0.999000 -0.044600 0.005900
vn -0.977400 0.161200 -0.136700
vn -0.144200 0.864900 -0.480800
vn -0.977500 0.173800 -0.119600
vn 0.999100 -0.024000 0.036200
vn 0.995700 -0.037700 0.084200
vn 0.999300 0.028100 -0.025000
vn 0.993300 0.004100 0.115800
vn -0.990000 0.048500 -0.132500
vn -0.994600 -0.011300 0.103300
vn -0.999700 0.024300 -0.009100
vn -0.983400 -0.032900 0.178500
vn 0.172000 -0.983600 -0.054300
vn 0.360900 -0.927100 -0.101100
vn 0.973600 -0.191100 0.124700
vn -0.044800 -0.993000 -0.109700
vn -0.999200 0.030500 0.025500
vn -0.473000 -0.665300 0.577600
vn -0.977400 0.158200 -0.140000
vn -0.998700 0.050900 -0.004700
vn -0.391400 -0.016200 0.920100
vn -0.301400 0.004600 0.953500
vn 0.999400 -0.033500 0.010400
vn -0.309200 0.440300 -0.842900
vn -0.458300 -0.033600 0.888100
vn -0.998600 0.048000 -0.020100
vn -0.998700 0.045000 -0.023500
vn -0.998800 0.041900 -0.027200
vn 0.999300 -0.024700 0.028100
vn 1.000000 -0.004000 0.004800
vn 0.309900 0.222300 0.924400
vn 0.643200 0.233900 0.729100
vn 0.279000 0.330600 0.901600
vn 0.522300 0.088400 0.848100
vn 0.876300 0.192800 0.441400
vn 0.589500 0.290900 0.753600
vn 0.847900 0.300800 0.436500
vn 0.945600 0.209000 -0.249300
vn 0.947700 0.075500 0.310100
vn 0.997400 0.057700 0.043500
vn 0.719000 0.359900 -0.594500
vn 0.981200 0.183600 0.058800
vn 0.799800 0.069900 0.596100
vn 0.968900 0.243500 0.044000
vn 0.492600 0.588800 -0.640800
vn 0.258100 0.475500 -0.841000
vn 0.295400 0.696000 -0.654500
vn 0.252900 0.682200 -0.686100
vn 0.548100 0.481800 -0.683700
vn 0.749500 0.554100 -0.362200
vn -0.349600 -0.103300 0.931200
vn 0.026000 -0.017000 0.999500
vn -0.401400 -0.193500 0.895200
vn -0.126600 -0.097500 0.987200
vn 0.138500 -0.021300 0.990100
vn -0.180900 -0.214500 0.959800
vn 0.000800 -0.205600 0.978600
vn -0.129000 -0.433800 0.891700
vn -0.433900 -0.304600 0.847900
vn 0.024000 -0.419200 0.907600
vn -0.238800 -0.319000 0.917200
vn -0.036200 -0.251900 0.967100
vn 0.883100 -0.109900 0.456100
vn 0.915100 -0.161300 0.369600
vn 0.927100 -0.034800 0.373200
vn 0.770900 -0.023300 0.636500
vn 0.726500 -0.251700 0.639400
vn 0.771200 -0.320400 0.550200
vn 0.195300 -0.124600 0.972800
vn 0.679500 -0.720500 -0.138300
vn 0.540800 -0.840400 -0.035900
vn 0.357100 -0.922000 -0.149800
vn 0.678300 -0.710400 -0.187800
vn 0.884500 -0.456900 -0.094100
vn 0.796000 -0.605300 0.006400
vn 0.864900 -0.463700 -0.192400
vn 0.026900 0.877700 -0.478500
vn 0.555400 0.674900 -0.485800
vn 0.311600 0.792800 -0.523900
vn 0.274500 0.870600 -0.408400
vn 0.576500 0.720000 -0.386300
vn 0.634100 -0.055900 -0.771200
vn 0.568500 0.539000 -0.621500
vn 0.618900 -0.248800 -0.745000
vn 0.816400 0.366700 -0.446100
vn 0.939100 -0.343200 0.015500
vn 0.971500 0.213900 -0.102200
vn 0.994800 -0.095700 0.036000
vn 0.992600 -0.094200 -0.076000
vn 0.957700 0.246300 -0.148700
vn 0.987200 -0.090600 -0.131200
vn -0.554100 0.125600 0.823000
vn -0.312500 0.021000 0.949700
vn -0.037200 0.092000 0.995100
vn -0.583500 0.193000 0.788900
vn -0.577300 0.045600 0.815200
vn -0.751700 0.012700 0.659400
vn -0.829900 0.220800 0.512300
vn -0.696300 0.428300 -0.576000
vn -0.409600 0.766600 -0.494400
vn -0.563500 0.370400 -0.738500
vn -0.905600 0.264100 -0.331800
vn -0.322900 0.600000 -0.731900
vn -0.895200 0.337200 -0.291600
vn -0.840600 0.332900 -0.427300
vn -0.954100 0.028600 0.298000
vn -0.958300 0.142700 -0.247500
vn -0.992200 0.122100 0.022900
vn -0.823700 0.252300 -0.507800
vn -0.987000 0.152800 0.049500
vn -0.631600 -0.060800 0.772900
vn -0.504400 -0.126800 0.854100
vn -0.792000 -0.039500 0.609200
vn -0.631200 -0.121500 0.766100
vn -0.534500 -0.215300 0.817300
vn -0.726600 -0.171400 0.665300
vn -0.629200 -0.197100 0.751800
vn -0.925200 -0.129400 0.356700
vn -0.914000 -0.048900 0.402700
vn -0.786400 -0.209500 0.581100
vn -0.862300 -0.124100 0.490900
vn -0.762800 -0.095800 0.639500
vn -0.564200 -0.293000 0.771900
vn -0.703800 -0.299500 0.644200
vn -0.576200 -0.373900 0.726800
vn -0.672900 -0.257100 0.693600
vn -0.828100 -0.233500 0.509700
vn -0.559800 -0.813700 -0.156600
vn 0.010700 -0.981600 -0.190700
vn -0.303300 -0.952100 -0.040100
vn -0.570800 -0.817600 -0.075100
vn -0.457900 -0.861200 -0.220700
vn -0.861200 -0.431000 -0.269400
vn -0.815300 -0.547100 -0.189600
vn -0.927300 0.314400 -0.203000
vn -0.968400 -0.222400 -0.113200
vn -0.989700 0.089000 -0.112400
vn -0.787400 0.550600 -0.277300
vn -0.979200 0.061700 -0.193200
vn -0.779800 -0.621000 -0.078900
vn -0.867700 0.402200 -0.292100
vn -0.973800 0.058200 -0.220000
vn -0.671000 0.635200 -0.382500
vn -0.542800 0.761900 -0.353400
vn -0.376900 0.758600 -0.531400
vn -0.652500 0.626700 -0.425900
vn -0.853500 0.383000 -0.353400
vn 0.837400 -0.400500 0.371900
vn 0.837400 -0.417500 0.352800
vn 0.677200 -0.535400 0.504700
vn 0.676900 -0.560500 0.477100
vn 0.123000 -0.751800 0.647900
vn -0.134000 -0.710700 0.690600
vn -0.135700 -0.749700 0.647700
vn 0.837800 -0.383500 0.388600
vn 0.677500 -0.510900 0.529200
vn 0.124400 -0.713800 0.689200
vn -0.132700 -0.671300 0.729200
vn 0.955800 0.218500 -0.196600
vn 0.955900 0.234400 -0.177000
vn 0.855800 0.387900 -0.342200
vn 0.442400 0.713700 -0.543000
vn 0.205600 0.740100 -0.640300
vn 0.442500 0.677300 -0.587700
vn 0.955700 0.250100 -0.155000
vn 0.855900 0.412400 -0.312000
vn 0.440300 0.750000 -0.493500
vn 0.205300 0.779000 -0.592500
vn 0.836600 -0.450100 0.312300
vn 0.837300 -0.434100 0.332400
vn 0.675600 -0.607300 0.418000
vn 0.121700 -0.789100 0.602100
vn -0.135500 -0.821600 0.553700
vn 0.122200 -0.822300 0.555800
vn 0.677600 -0.583900 0.447100
vn -0.136200 -0.787600 0.600900
vn 0.955400 0.202300 -0.215300
vn 0.954800 0.186500 -0.231600
vn 0.855000 0.362800 -0.370600
vn 0.854300 0.338000 -0.394800
vn 0.440600 0.602400 -0.665500
vn 0.204900 0.699900 -0.684300
vn 0.204600 0.660300 -0.722600
vn 0.440700 0.639900 -0.629500
vn 0.954000 0.169300 -0.247400
vn 0.953200 0.152200 -0.261200
vn 0.852300 0.312300 -0.419500
vn 0.849900 0.284300 -0.443600
vn 0.438900 0.516900 -0.735000
vn 0.205000 0.618000 -0.759000
vn 0.205700 0.567600 -0.797200
vn 0.439700 0.562900 -0.699900
vn 0.837000 -0.366300 0.406600
vn 0.676100 -0.485400 0.554300
vn 0.123300 -0.675400 0.727100
vn -0.129300 -0.629600 0.766100
vn 0.836500 -0.347700 0.423400
vn 0.674900 -0.458000 0.578500
vn 0.126500 -0.634100 0.762900
vn -0.125800 -0.584900 0.801300
vn 0.839300 -0.330300 0.431800
vn 0.676200 -0.434000 0.595300
vn 0.128200 -0.590300 0.796900
vn -0.122000 -0.546800 0.828300
vn 0.857100 -0.308800 0.412300
vn 0.696100 -0.412300 0.587800
vn 0.130200 -0.553600 0.822500
vn -0.118800 -0.525500 0.842400
vn 0.952700 0.144200 -0.267700
vn 0.946000 0.156600 -0.283900
vn 0.846100 0.262000 -0.464200
vn 0.834100 0.258600 -0.487300
vn 0.422800 0.426500 -0.799600
vn 0.205300 0.506400 -0.837500
vn 0.199100 0.455300 -0.867800
vn 0.433100 0.466400 -0.771300
vn 0.919000 0.021500 0.393600
vn 0.810100 0.015300 0.586100
vn 0.670000 0.036500 0.741500
vn 0.298700 0.044200 0.953300
vn 0.980400 -0.143100 0.135600
vn 0.741400 -0.386000 0.548900
vn 0.135900 -0.533500 0.834800
vn -0.115900 -0.517700 0.847700
vn 0.741300 -0.385600 0.549300
vn 0.144600 -0.526500 0.837800
vn 0.932300 0.175800 -0.316100
vn 0.634000 0.349400 -0.689900
vn 0.189800 0.430900 -0.882200
vn 0.954700 0.268900 -0.127600
vn 0.855700 0.436500 -0.278100
vn 0.439000 0.789500 -0.429000
vn 0.204700 0.816800 -0.539300
vn 0.951100 0.291000 -0.104100
vn 0.850700 0.469700 -0.235800
vn 0.428700 0.824300 -0.369800
vn 0.203700 0.859600 -0.468600
vn 0.832300 -0.482300 0.273300
vn 0.835600 -0.465400 0.291900
vn 0.668700 -0.648800 0.363200
vn 0.121300 -0.852700 0.508100
vn -0.136300 -0.877800 0.459200
vn 0.112900 -0.880400 0.460600
vn 0.673900 -0.628400 0.388700
vn -0.134600 -0.852400 0.505200
vn 0.879200 -0.473400 0.052800
vn 0.626300 -0.779400 0.016600
vn 0.266900 -0.963500 -0.022600
vn 0.827000 -0.535900 0.170000
vn 0.429600 -0.877400 0.213700
vn -0.075300 -0.979600 0.186300
vn 0.946600 0.308400 -0.093600
vn 0.842400 0.501700 -0.196500
vn 0.418700 0.842700 -0.338300
vn 0.197400 0.894200 -0.401900
vn 0.189200 0.909700 -0.369500
vn 0.833700 0.521500 -0.181600
vn 0.422000 0.844300 -0.330300
vn 0.827200 -0.497000 0.262100
vn 0.098500 -0.898300 0.428100
vn 0.658500 -0.668700 0.345300
vn -0.142300 -0.893600 0.425600
vn -0.776800 -0.473500 0.415100
vn -0.776000 -0.445200 0.446900
vn -0.912200 -0.306300 0.272200
vn -0.911700 -0.285900 0.295200
vn -0.986300 -0.120300 0.112600
vn -0.986100 -0.108900 0.125500
vn -0.773700 -0.417800 0.476300
vn -0.910300 -0.266300 0.316900
vn -0.985600 -0.098300 0.137800
vn -0.540100 0.669200 -0.510300
vn -0.541200 0.639000 -0.546600
vn -0.753400 0.522600 -0.399100
vn -0.753900 0.500800 -0.425200
vn -0.905100 0.337500 -0.258500
vn -0.905300 0.325700 -0.272800
vn -0.539500 0.698600 -0.470000
vn -0.753200 0.543800 -0.370200
vn -0.905200 0.348700 -0.242900
vn -0.777000 -0.501100 0.381000
vn -0.775800 -0.526900 0.347300
vn -0.912400 -0.326200 0.247300
vn -0.911700 -0.345000 0.223100
vn -0.986300 -0.131800 0.098900
vn -0.986100 -0.142400 0.085300
vn -0.539000 0.579600 -0.611200
vn -0.540500 0.609000 -0.580500
vn -0.752900 0.458100 -0.472500
vn -0.753200 0.479500 -0.450300
vn -0.905100 0.302600 -0.298700
vn -0.905100 0.314200 -0.286500
vn -0.535200 0.509300 -0.673900
vn -0.538200 0.548500 -0.639900
vn -0.750000 0.407600 -0.520900
vn -0.752200 0.436400 -0.493800
vn -0.904400 0.273900 -0.327200
vn -0.905000 0.290600 -0.310700
vn -0.770300 -0.389000 0.505300
vn -0.908400 -0.245700 0.338400
vn -0.984900 -0.086800 0.150000
vn -0.765500 -0.358500 0.534300
vn -0.905300 -0.224200 0.360900
vn -0.983800 -0.074700 0.162700
vn -0.760200 -0.332400 0.558200
vn -0.901200 -0.206800 0.380900
vn -0.981900 -0.067000 0.177300
vn -0.750000 -0.321600 0.577900
vn -0.889000 -0.206600 0.408700
vn -0.974000 -0.078000 0.212600
vn -0.519500 0.394100 -0.758100
vn -0.529500 0.451900 -0.717900
vn -0.745600 0.306600 -0.591600
vn -0.745300 0.362500 -0.559700
vn -0.906400 0.193400 -0.375600
vn -0.903100 0.240500 -0.355900
vn -0.462200 -0.020100 0.886600
vn -0.735400 -0.022500 0.677300
vn -0.921100 -0.021600 0.388600
vn -0.732900 -0.324800 0.597800
vn -0.865300 -0.224200 0.448300
vn -0.955200 -0.111300 0.274300
vn -0.520800 0.361700 -0.773200
vn -0.747400 0.275400 -0.604600
vn -0.911900 0.162300 -0.377100
vn -0.537000 0.733000 -0.417500
vn -0.750900 0.570200 -0.333200
vn -0.904700 0.363200 -0.222800
vn -0.528400 0.764900 -0.368300
vn -0.744300 0.597000 -0.299300
vn -0.901800 0.380000 -0.205700
vn -0.773100 -0.551600 0.313100
vn -0.768200 -0.574900 0.281800
vn -0.909800 -0.364300 0.198800
vn -0.906700 -0.383000 0.176700
vn -0.985600 -0.153300 0.071900
vn -0.984500 -0.164900 0.059600
vn -0.519200 -0.854300 -0.026000
vn -0.820000 -0.569800 -0.054300
vn -0.959800 -0.271800 -0.070900
vn -0.721400 -0.684600 0.104700
vn -0.885900 -0.457200 0.078600
vn -0.977400 -0.211200 -0.008300
vn -0.520500 0.781500 -0.343900
vn -0.736700 0.614100 -0.283100
vn -0.898300 0.392400 -0.197700
vn -0.763100 -0.591600 0.260100
vn -0.902300 -0.399300 0.162800
vn -0.983000 -0.176100 0.052800
vn -0.240600 0.531500 -0.812200
vn -0.240700 0.849600 -0.469300
vn -0.120400 -0.203000 -0.971800
vn 0.170000 -0.981300 -0.090400
vn -0.243100 0.651800 -0.718300
vn -0.155200 0.960100 0.232800
vn -0.151900 0.960700 0.232600
vn -0.150500 0.960700 0.233100
vn 0.135200 0.124100 0.983000
vn -0.230500 0.509000 -0.829300
vn -0.147300 0.961300 0.232800
vn -0.502000 -0.305000 0.809300
vn -0.472000 -0.210600 0.856100
vn -0.436200 -0.113600 0.892600
vn 0.735800 0.515700 -0.438900
usemtl Holocron_Corners.001
f 649/649/697 650/650/698 651/651/699
f 652/652/700 653/653/701 654/654/702
f 655/655/703 656/656/704 657/657/705
f 658/658/706 659/659/707 660/660/708
f 660/660/708 661/661/709 662/662/710
f 663/663/711 664/664/712 665/665/713
f 666/666/714 667/667/715 668/668/716
f 669/669/717 670/670/718 653/653/701
f 671/671/719 672/672/720 673/673/721
f 665/665/713 674/674/722 675/675/723
f 676/676/724 677/677/725 678/678/726
f 679/679/727 680/680/728 681/681/729
f 682/682/730 683/683/731 684/684/732
f 680/680/728 685/685/733 686/686/734
f 687/687/735 688/688/736 677/677/725
f 689/689/737 690/690/738 691/691/739
f 692/692/740 690/690/738 667/667/715
f 693/693/741 694/694/742 695/695/743
f 696/696/744 697/697/745 698/698/746
f 699/699/747 700/700/748 701/701/749
f 657/657/705 702/702/750 703/703/751
f 704/704/752 705/705/753 706/706/754
f 693/693/741 707/707/755 708/708/756
f 709/709/757 710/710/758 711/711/759
f 712/712/760 713/713/761 714/714/762
f 655/655/703 715/715/763 716/716/764
f 676/676/724 717/717/765 718/718/766
f 687/687/735 719/719/767 720/720/768
f 657/657/705 721/721/769 715/715/763
f 722/722/770 671/671/719 723/723/771
f 724/724/772 725/725/773 726/726/774
f 727/727/775 702/702/750 656/656/704
f 727/727/775 700/700/748 728/728/776
f 726/726/774 729/729/777 730/730/778
f 731/731/779 732/732/780 671/671/719
f 733/733/781 734/734/782 735/735/783
f 678/678/726 734/734/782 717/717/765
f 736/736/784 737/737/785 738/738/786
f 739/739/787 715/715/763 699/699/747
f 678/678/726 688/688/736 740/740/788
f 653/653/701 741/741/789 742/742/790
f 743/743/791 660/660/708 744/744/792
f 745/745/793 746/746/794 747/747/795
f 748/748/796 709/709/757 749/749/797
f 733/733/781 719/719/767 705/705/753
f 750/750/798 747/747/795 751/751/799
f 752/752/800 753/753/801 754/754/802
f 712/712/760 755/755/803 756/756/804
f 689/689/737 713/713/761 737/737/785
f 757/757/805 758/758/806 680/680/728
f 692/692/740 755/755/803 759/759/807
f 760/760/808 761/761/809 748/748/796
f 699/699/747 721/721/769 762/762/810
f 744/744/792 662/662/710 763/763/811
f 751/751/799 764/764/812 765/765/813
f 747/747/795 766/766/814 764/764/812
f 698/698/746 767/767/815 768/768/816
f 708/708/756 769/769/817 694/694/742
f 708/708/756 770/770/818 771/771/819
f 772/772/820 773/773/821 725/725/773
f 723/723/771 673/673/721 774/774/822
f 725/725/773 775/775/823 729/729/777
f 776/776/824 677/677/725 777/777/825
f 778/778/826 698/698/746 779/779/827
f 779/779/827 768/768/816 780/780/828
f 654/654/702 742/742/790 781/781/829
f 736/736/784 667/667/715 689/689/737
f 782/782/830 737/737/785 712/712/760
f 783/783/831 784/784/832 785/785/833
f 785/785/833 786/786/834 787/787/835
f 739/739/787 701/701/749 788/788/836
f 789/789/837 701/701/749 727/727/775
f 674/674/722 790/790/838 791/791/839
f 792/792/840 793/793/841 753/753/801
f 704/704/752 717/717/765 733/733/781
f 776/776/824 705/705/753 687/687/735
f 683/683/731 794/794/842 795/795/843
f 796/796/844 797/797/845 682/682/730
f 782/782/830 756/756/804 798/798/846
f 666/666/714 756/756/804 692/692/740
f 786/786/834 799/799/847 800/800/848
f 681/681/729 686/686/734 801/801/849
f 789/789/837 656/656/704 802/802/850
f 754/754/802 803/803/851 804/804/852
f 753/753/801 805/805/853 803/803/851
f 806/806/854 807/807/855 652/652/700
f 806/806/854 808/808/856 809/809/857
f 807/807/855 809/809/857 810/810/858
f 809/811/859 811/812/860 810/813/861
f 812/814/862 813/815/863 814/816/864
f 812/814/862 815/817/865 809/818/857
f 813/815/863 809/811/857 808/808/856
f 809/818/866 815/817/867 811/812/860
f 816/819/868 810/813/861 817/820/869
f 816/821/868 817/820/869 815/822/867
f 810/813/861 815/817/867 817/820/869
f 679/679/727 818/823/870 819/824/871
f 818/823/872 820/825/873 819/826/874
f 819/826/875 821/827/875 822/828/875
f 724/724/772 819/829/876 823/830/877
f 823/830/878 819/831/874 820/825/873
f 824/832/879 825/833/879 822/834/880
f 826/835/881 827/836/882 828/837/883
f 827/836/882 829/838/884 828/837/883
f 827/836/882 830/839/885 831/840/886
f 832/841/887 833/842/888 776/776/889
f 833/842/890 834/843/891 835/844/892
f 695/695/743 836/845/893 837/846/894
f 836/845/895 831/840/896 837/847/897
f 837/847/898 835/848/892 834/849/891
f 837/847/897 830/839/899 835/848/900
f 778/778/826 838/850/901 839/851/902
f 838/850/901 840/852/903 839/853/902
f 839/853/904 651/651/904 650/650/904
f 839/854/902 841/855/905 651/856/906
f 842/857/907 843/858/908 844/859/909
f 843/860/910 649/861/911 651/856/911
f 843/858/912 840/852/903 844/859/913
f 804/804/852 845/862/914 846/863/915
f 846/864/916 847/865/916 848/866/916
f 849/867/917 850/868/918 851/869/919
f 850/870/920 852/871/920 848/872/920
f 851/869/921 846/864/922 845/873/923
f 850/868/924 847/865/925 846/864/922
f 853/874/926 854/875/927 655/655/928
f 855/876/929 856/877/930 857/878/931
f 855/876/929 858/879/932 859/880/933
f 856/877/930 859/881/933 860/882/934
f 859/880/933 858/879/932 861/883/935
f 862/884/936 863/885/937 864/886/938
f 864/887/938 863/885/937 858/888/932
f 863/885/937 861/883/935 858/879/932
f 865/889/939 866/890/940 722/722/770
f 860/882/934 867/891/941 865/889/939
f 867/891/941 862/884/936 866/890/940
f 867/891/941 859/881/933 861/892/935
f 868/893/942 869/894/943 870/895/944
f 869/896/945 871/897/945 872/898/945
f 871/899/946 873/900/947 874/901/948
f 730/730/778 875/902/949 876/903/950
f 870/904/951 876/905/952 875/902/953
f 876/905/954 872/898/954 871/899/955
f 876/905/952 869/906/956 872/898/957
f 877/907/958 878/908/959 752/752/800
f 877/907/958 879/909/960 880/910/961
f 878/908/959 880/911/961 881/912/962
f 880/910/961 879/909/960 882/913/963
f 883/914/964 884/915/965 885/916/966
f 883/917/964 885/916/966 879/918/960
f 884/915/965 879/909/960 885/916/966
f 886/919/967 887/920/968 743/743/791
f 881/912/962 888/921/969 886/919/967
f 887/920/968 888/921/969 884/922/965
f 888/921/969 882/913/963 884/915/965
f 889/923/970 890/924/971 891/925/972
f 892/926/973 893/927/974 890/928/975
f 750/750/798 894/929/976 895/930/977
f 894/929/978 890/931/979 895/932/980
f 895/932/981 896/933/982 892/934/982
f 895/932/980 893/935/983 896/933/984
f 740/740/788 897/936/985 898/937/986
f 899/938/987 897/936/985 900/939/988
f 897/936/985 901/940/989 898/937/986
f 897/936/985 902/941/990 903/942/991
f 711/711/759 904/943/992 905/944/993
f 906/945/994 907/946/995 904/943/992
f 905/944/993 902/947/996 899/948/997
f 904/943/998 903/949/999 902/947/1000
f 908/950/1001 909/951/1002 759/759/807
f 901/940/989 910/952/1003 908/950/1001
f 910/952/1003 911/953/1004 909/951/1002
f 910/952/1003 903/954/1005 907/955/1006
f 912/956/1007 913/957/1008 703/703/751
f 914/958/1009 915/959/1010 912/956/1007
f 915/959/1010 916/960/1011 913/957/1008
f 915/959/1010 917/961/1012 918/962/1013
f 749/749/797 919/963/1014 920/964/1015
f 921/965/1016 922/966/1017 919/963/1014
f 920/967/1015 917/961/1018 914/958/1019
f 919/968/1020 918/969/1021 917/961/1022
f 923/970/1023 924/971/1024 720/720/768
f 916/960/1011 925/972/1025 923/970/1023
f 925/972/1025 926/973/1026 924/971/1024
f 925/972/1025 918/969/1027 922/974/1028
f 927/975/1029 928/976/1030 735/735/783
f 929/977/1031 930/978/1032 927/975/1029
f 930/978/1032 931/979/1033 928/976/1030
f 930/978/1032 932/980/1034 933/981/1035
f 934/982/1036 935/983/1037 714/714/762
f 936/984/1038 937/985/1039 934/982/1036
f 937/985/1039 929/977/1031 935/983/1037
f 937/985/1039 932/980/1034 938/986/1040
f 939/987/1041 940/988/1042 762/762/810
f 931/979/1033 941/989/1043 939/987/1041
f 941/989/1043 936/984/1038 940/988/1042
f 941/989/1043 932/980/1034 942/990/1044
f 943/991/1045 944/992/1046 691/691/739
f 945/993/1047 946/994/1048 943/991/1045
f 946/994/1048 947/995/1049 944/992/1046
f 946/994/1048 948/996/1050 949/997/1051
f 760/760/808 950/998/1052 951/999/1053
f 952/1000/1054 953/1001/1055 950/1002/1052
f 951/999/1053 948/1003/1056 945/1004/1057
f 950/1002/1058 949/1005/1059 948/996/1060
f 728/728/776 954/1006/1061 955/1007/1062
f 947/995/1049 954/1006/1061 956/1008/1063
f 954/1006/1061 957/1009/1064 955/1007/1062
f 954/1006/1061 949/1005/1065 953/1001/1066
f 741/741/789 958/1010/1067 959/1011/1068
f 960/1012/1069 961/1013/1070 958/1010/1067
f 959/1011/1068 962/1014/1071 963/1015/1072
f 958/1016/1067 964/1017/1073 962/1014/1071
f 769/769/817 958/1018/1074 965/1019/1075
f 966/1020/1076 967/1021/1077 958/1018/1074
f 965/1019/1075 958/1016/1074 961/1013/1078
f 958/1018/1074 967/1021/1077 964/1017/1073
f 968/1022/1079 969/1023/1080 795/1024/843
f 963/1015/1072 970/1025/1081 968/1022/1079
f 970/1025/1081 971/1026/1082 969/1023/1080
f 962/1014/1071 967/1021/1077 970/1025/1081
f 972/1027/1083 973/1028/1084 781/781/829
f 974/1029/1085 975/1030/1086 972/1027/1083
f 975/1030/1086 976/1031/1087 973/1028/1084
f 975/1030/1086 977/1032/1088 978/1033/1089
f 979/1034/1090 980/1035/1091 796/1036/844
f 981/1037/1092 982/1038/1093 979/1034/1090
f 982/1038/1093 974/1029/1085 980/1035/1091
f 983/1039/1094 977/1032/1088 982/1038/1093
f 984/1040/1095 985/1041/1096 767/767/815
f 976/1031/1087 986/1042/1097 984/1040/1095
f 986/1042/1097 981/1037/1092 985/1041/1096
f 986/1042/1097 978/1043/1089 983/1039/1094
f 780/780/828 987/1044/1098 988/1045/1099
f 989/1046/1100 990/1047/1101 987/1044/1098
f 988/1045/1099 987/1048/1098 991/1049/1102
f 992/1050/1103 993/1051/1104 684/1052/732
f 994/1053/1105 995/1054/1106 992/1050/1103
f 995/1054/1107 996/1055/1108 993/1051/1104
f 770/770/818 997/1056/1109 998/1057/1110
f 999/1058/1111 987/1048/1112 997/1056/1113
f 998/1057/1110 990/1059/1114 994/1053/1105
f 997/1056/1113 987/1048/1112 990/1059/1115
f 1000/1060/1116 1001/1061/1117 685/685/733
f 1002/1062/1118 1003/1063/1119 1000/1060/1116
f 1003/1063/1119 1004/1064/1120 1001/1061/1117
f 1003/1063/1119 1005/1065/1121 1006/1066/1122
f 1007/1067/1123 1008/1068/1124 774/774/822
f 1009/1069/1125 1010/1070/1126 1007/1067/1123
f 1010/1070/1126 1002/1062/1118 1008/1068/1124
f 1010/1070/1126 1011/1071/1127 1005/1072/1121
f 1012/1073/1128 1013/1074/1129 783/1075/831
f 1004/1064/1120 1014/1076/1130 1012/1073/1128
f 1014/1076/1130 1009/1069/1125 1013/1074/1129
f 1006/1066/1122 1011/1071/1127 1014/1076/1130
f 801/801/849 1015/1077/1131 1016/1078/1132
f 1017/1079/1133 1018/1080/1134 1015/1077/1131
f 1016/1078/1132 1019/1081/1135 1020/1082/1136
f 1015/1077/1131 1021/1083/1137 1019/1081/1135
f 1022/1084/1138 1023/1085/1139 787/1086/835
f 1024/1087/1140 1025/1088/1141 1022/1084/1138
f 1025/1088/1141 1026/1089/1142 1023/1085/1139
f 1027/1090/1143 1018/1080/1144 1025/1088/1141
f 1028/1091/1145 1029/1092/1146 1030/1093/1147
f 1031/1094/1148 1019/1081/1149 1029/1092/1146
f 1030/1093/1147 1027/1090/1150 1024/1087/1140
f 1029/1092/1146 1021/1083/1151 1027/1090/1150
f 672/672/720 1032/1095/1152 1033/1096/1153
f 1034/1097/1154 1035/1098/1155 1032/1095/1152
f 1033/1096/1153 1036/1099/1156 1037/1100/1157
f 1032/1095/1152 1038/1101/1158 1036/1099/1156
f 775/775/823 1039/1102/1159 1040/1103/1160
f 1041/1104/1161 1042/1105/1162 1039/1102/1159
f 1040/1103/1163 1035/1098/1164 1034/1097/1165
f 1039/1102/1159 1038/1101/1166 1035/1098/1164
f 1043/1106/1167 1044/1107/1168 800/1108/848
f 1037/1100/1157 1045/1109/1169 1043/1106/1167
f 1045/1109/1169 1046/1110/1170 1044/1107/1168
f 1036/1099/1156 1042/1105/1171 1045/1109/1169
f 805/805/853 1047/1111/1172 1048/1112/1173
f 1049/1113/1174 1050/1114/1175 1047/1111/1172
f 1048/1112/1173 1047/1111/1172 1051/1115/1176
f 1047/1111/1172 1052/1116/1177 1051/1115/1176
f 1053/1117/1178 1054/1118/1179 675/1119/723
f 1055/1120/1180 1056/1121/1181 1053/1117/1178
f 1056/1121/1181 1057/1122/1182 1054/1118/1179
f 1058/1123/1183 1050/1114/1175 1056/1121/1181
f 766/766/814 1059/1124/1184 1060/1125/1185
f 1061/1126/1186 1051/1115/1187 1059/1124/1184
f 1060/1125/1185 1058/1123/1183 1055/1120/1180
f 1059/1124/1184 1052/1116/1177 1058/1123/1183
f 1062/1127/1188 1063/1128/1189 1064/1129/1190
f 1065/1130/1191 1066/1131/1192 1062/1127/1188
f 1066/1131/1192 1067/1132/1193 1063/1128/1189
f 1066/1131/1192 1068/1133/1194 1069/1134/1195
f 1070/1135/1196 1071/1136/1197 763/763/811
f 1072/1137/1198 1073/1138/1199 1070/1135/1196
f 1073/1138/1199 1065/1130/1191 1071/1136/1197
f 1073/1138/1199 1074/1139/1200 1068/1140/1194
f 1075/1141/1201 1076/1142/1202 663/1143/711
f 1067/1132/1193 1077/1144/1203 1075/1141/1201
f 1077/1144/1203 1072/1137/1198 1076/1142/1202
f 1069/1134/1195 1074/1139/1200 1077/1144/1203
f 661/661/709 1078/1145/1204 1079/1146/1205
f 1080/1147/1206 1081/1148/1207 1078/1145/1206
f 1079/1146/1205 1082/1149/1208 1083/1150/1209
f 1078/1151/1204 1084/1152/1210 1082/1149/1208
f 765/765/813 1085/1153/1211 1086/1154/1212
f 1087/1155/1213 1082/1156/1214 1085/1153/1215
f 1085/1153/1215 1081/1148/1216 1086/1154/1217
f 1085/1153/1215 1084/1152/1218 1078/1151/1219
f 1088/1157/1220 1089/1158/1221 791/1159/839
f 1083/1150/1209 1090/1160/1222 1088/1157/1220
f 1090/1160/1223 1091/1161/1224 1089/1158/1221
f 720/720/768 1092/1162/1225 923/970/1023
f 923/970/1023 1093/1163/1226 916/960/1011
f 1093/1163/1226 913/957/1008 916/960/1011
f 1094/1164/1227 703/703/751 913/957/1008
f 719/719/767 928/976/1030 1092/1162/1225
f 1092/1162/1225 931/979/1033 1093/1163/1226
f 931/979/1033 1094/1164/1227 1093/1163/1226
f 939/987/1041 721/721/769 1094/1164/1227
f 713/713/761 934/982/1036 714/714/762
f 1095/1165/1228 936/984/1038 934/982/1036
f 936/984/1038 1096/1166/1229 940/988/1042
f 940/988/1042 700/700/748 762/762/810
f 691/691/739 1095/1165/1228 713/713/761
f 944/992/1046 1097/1167/1230 1095/1165/1228
f 1097/1167/1230 956/1008/1063 1096/1166/1229
f 1096/1166/1229 728/728/776 700/700/748
f 748/748/796 952/1168/1054 760/760/808
f 1098/1169/1231 957/1009/1232 952/1000/1054
f 957/1009/1232 1099/1170/1233 955/1007/1234
f 1099/1170/1235 728/728/776 955/1007/1062
f 748/748/796 920/964/1015 1098/1171/1236
f 1098/1169/1231 914/958/1019 1099/1172/1233
f 1099/1172/1233 914/958/1019 912/956/1237
f 1099/1170/1235 703/703/751 702/702/750
f 759/759/807 1100/1173/1238 908/950/1001
f 908/950/1001 1101/1174/1239 901/940/989
f 1101/1174/1239 898/937/986 901/940/989
f 1102/1175/1240 740/740/788 898/937/986
f 755/755/803 935/983/1037 1100/1173/1238
f 1100/1173/1238 929/977/1031 1101/1174/1239
f 929/977/1031 1102/1175/1240 1101/1174/1239
f 927/975/1029 734/734/782 1102/1175/1240
f 709/709/757 921/965/1016 749/749/797
f 1103/1176/1241 926/1177/1242 921/965/1016
f 926/973/1242 1104/1178/1241 924/971/1243
f 1104/1178/1244 720/720/768 924/971/1024
f 709/709/757 905/944/993 1103/1176/1245
f 1103/1176/1241 899/948/997 1104/1179/1241
f 1104/1180/1246 899/938/987 900/939/988
f 1104/1178/1244 740/740/788 688/688/736
f 710/710/758 906/945/994 711/711/759
f 1105/1181/1247 911/1182/1248 906/945/994
f 1106/1183/1249 909/1184/1002 911/1182/1004
f 1107/1185/1250 759/759/807 909/951/1002
f 710/710/758 951/999/1053 1105/1181/1247
f 1105/1181/1247 945/1004/1057 1106/1183/1251
f 1106/1183/1249 943/1186/1045 1107/1187/1252
f 1107/1185/1250 691/691/739 690/690/738
f 826/835/881 1108/1188/1253 827/1189/882
f 827/1189/882 1109/1190/1254 835/844/892
f 835/844/892 1110/1191/1255 833/842/890
f 833/842/890 706/706/754 776/776/824
f 652/652/700 1108/1188/1253 669/669/717
f 807/807/855 1109/1190/1254 1108/1188/1253
f 810/810/858 1110/1191/1255 1109/1190/1254
f 816/819/1256 706/706/754 1110/1191/1255
f 718/718/766 1111/1192/1257 676/676/724
f 1112/1193/1258 650/650/1259 1111/1192/1257
f 1113/1194/1260 839/851/902 650/650/1259
f 1114/1195/1261 778/778/826 839/851/902
f 718/718/766 816/821/1256 1112/1193/1258
f 1112/1193/1258 815/822/865 1113/1194/1260
f 1113/1194/1260 812/814/862 1114/1195/1261
f 1114/1195/1261 814/816/864 696/696/744
f 777/777/825 832/841/1262 776/776/824
f 1115/1196/1263 834/849/1264 832/841/1262
f 1116/1197/1265 837/846/894 834/849/1264
f 1117/1198/1266 695/695/743 837/846/894
f 777/777/825 1111/1199/1257 1115/1196/1263
f 1115/1196/1263 649/861/1267 1116/1197/1265
f 1116/1197/1265 843/860/908 1117/1198/1266
f 1117/1198/1266 842/857/907 693/693/741
f 857/878/931 1118/1200/1268 855/876/929
f 855/876/929 1119/1201/1269 858/888/932
f 858/888/932 1120/1202/1270 864/887/938
f 864/887/938 738/738/786 782/782/830
f 679/679/727 1118/1200/1268 757/757/805
f 819/824/1271 1119/1201/1269 1118/1200/1268
f 822/828/1272 1120/1202/1270 1119/1201/1269
f 824/1203/1273 738/738/786 1120/1202/1270
f 868/893/942 1121/1204/1274 869/896/943
f 869/896/943 1122/1205/1275 871/897/1276
f 871/897/1277 1123/1206/1278 874/1207/1279
f 874/1207/1279 798/798/846 666/666/714
f 722/722/770 1121/1204/1274 731/731/779
f 866/890/940 1122/1205/1275 1121/1204/1274
f 862/884/936 1123/1206/1278 1122/1205/1275
f 864/886/938 798/798/846 1123/1206/1278
f 668/668/716 874/901/1279 666/666/714
f 1124/1208/1280 871/899/1281 874/901/1279
f 1125/1209/1282 876/903/950 871/899/1281
f 1126/1210/1283 730/730/778 876/903/950
f 668/668/716 824/832/1273 1124/1208/1280
f 1124/1208/1280 822/834/1284 1125/1209/1282
f 1125/1209/1282 819/1211/1285 1126/1210/1283
f 1126/1210/1283 724/724/772 726/726/774
f 716/716/764 853/874/1286 655/655/703
f 1127/1212/1287 1128/1213/1288 848/1214/1289
f 1128/1213/1288 846/863/915 848/1214/1289
f 1129/1215/1290 804/804/852 846/863/915
f 716/716/764 883/917/1291 1127/1212/1287
f 1127/1212/1287 879/918/960 1128/1213/1288
f 1128/1213/1288 877/907/958 1129/1215/1290
f 1129/1215/1290 752/752/800 754/754/802
f 788/788/836 883/914/1291 739/739/787
f 1130/1216/1292 884/922/965 883/914/1291
f 1131/1217/1293 887/920/968 884/922/965
f 1132/1218/1294 743/743/791 887/920/968
f 788/788/836 1133/1219/1295 1130/1216/1292
f 1130/1216/1292 892/926/1296 1131/1217/1293
f 1131/1217/1293 890/928/971 1132/1218/1294
f 1132/1218/1294 889/923/970 658/658/706
f 802/802/850 1133/1220/1295 789/789/837
f 1134/1221/1297 892/934/1298 1133/1220/1295
f 1135/1222/1299 895/930/977 892/934/1298
f 1136/1223/1300 750/750/798 895/930/977
f 802/802/850 854/875/1301 1134/1221/1297
f 1134/1221/1297 852/871/1302 1135/1222/1299
f 1135/1222/1299 850/870/918 1136/1223/1300
f 1136/1223/1300 849/867/917 745/745/793
f 795/1024/843 1137/1224/1303 968/1022/1079
f 968/1022/1079 1138/1225/1304 963/1015/1072
f 963/1015/1072 1139/1226/1305 959/1011/1068
f 959/1011/1068 742/742/790 741/741/789
f 794/1227/842 980/1035/1091 1137/1224/1303
f 1137/1224/1303 974/1029/1085 1138/1225/1304
f 1138/1225/1304 972/1027/1083 1139/1226/1305
f 1139/1226/1305 781/781/829 742/742/790
f 768/768/816 989/1046/1100 780/780/828
f 1140/1228/1306 996/1055/1108 989/1046/1100
f 1141/1229/1307 993/1051/1104 996/1055/1108
f 1142/1230/1308 684/1052/732 993/1051/1104
f 767/767/815 1140/1228/1306 768/768/816
f 985/1041/1096 1141/1229/1307 1140/1228/1306
f 981/1037/1092 1142/1230/1308 1141/1229/1307
f 979/1034/1090 682/1231/730 1142/1230/1308
f 771/771/819 966/1020/1076 769/769/817
f 1143/1232/1309 971/1026/1082 966/1020/1076
f 1144/1233/1310 969/1023/1080 971/1026/1082
f 1145/1234/1311 795/1024/843 969/1023/1080
f 771/771/819 998/1057/1110 1143/1232/1309
f 1143/1232/1309 994/1053/1105 1144/1233/1310
f 1144/1233/1310 992/1050/1103 1145/1234/1311
f 1145/1234/1311 684/1052/732 683/1235/731
f 785/1236/833 1012/1073/1128 783/1075/831
f 1146/1237/1312 1004/1064/1120 1012/1073/1128
f 1147/1238/1313 1001/1061/1117 1004/1064/1120
f 1001/1061/1117 686/686/734 685/685/733
f 787/1086/835 1146/1237/1312 785/1236/833
f 1023/1085/1139 1147/1238/1313 1146/1237/1312
f 1026/1089/1142 1148/1239/1314 1147/1238/1313
f 1017/1079/1133 686/686/734 1148/1239/1314
f 800/1108/848 1149/1240/1315 1043/1106/1167
f 1043/1106/1167 1150/1241/1316 1037/1100/1157
f 1037/1100/1157 1151/1242/1317 1033/1096/1153
f 1033/1096/1153 673/673/721 672/672/720
f 799/1243/847 1013/1074/1129 1149/1240/1315
f 1149/1240/1315 1009/1069/1125 1150/1241/1316
f 1150/1241/1316 1007/1067/1123 1151/1242/1317
f 1151/1242/1317 774/774/822 673/673/721
f 773/773/821 1041/1104/1161 775/775/823
f 1152/1244/1318 1046/1110/1170 1041/1104/1161
f 1153/1245/1319 1044/1107/1168 1046/1110/1170
f 1154/1246/1320 800/1108/848 1044/1107/1168
f 773/773/821 1030/1093/1147 1152/1244/1318
f 1152/1244/1318 1024/1087/1140 1153/1245/1319
f 1153/1245/1319 1022/1084/1138 1154/1246/1320
f 1154/1247/1320 787/787/835 786/786/834
f 793/793/841 1049/1113/1174 805/805/853
f 1155/1248/1321 1057/1122/1182 1049/1113/1174
f 1156/1249/1322 1054/1118/1179 1057/1122/1182
f 1157/1250/1323 675/1119/723 1054/1118/1179
f 1064/1129/1190 1155/1248/1321 793/793/841
f 1063/1128/1189 1156/1249/1322 1155/1248/1321
f 1067/1132/1193 1157/1250/1323 1156/1249/1322
f 1075/1141/1201 665/1251/713 1157/1250/1323
f 763/763/811 1158/1252/1324 1070/1135/1196
f 1070/1135/1196 1159/1253/1325 1072/1137/1198
f 1072/1137/1198 1160/1254/1326 1076/1142/1202
f 1076/1142/1202 790/1255/838 663/1143/711
f 662/662/710 1079/1146/1205 1158/1252/1324
f 1158/1252/1324 1083/1150/1209 1159/1253/1325
f 1159/1253/1325 1088/1157/1220 1160/1254/1326
f 1160/1254/1326 791/1159/839 790/1255/838
f 764/764/812 1087/1155/1213 765/765/813
f 1161/1256/1327 1091/1161/1224 1087/1155/1213
f 1162/1257/1328 1089/1158/1221 1091/1161/1224
f 1163/1258/1329 791/1159/839 1089/1158/1221
f 764/764/812 1060/1125/1185 1161/1256/1327
f 1161/1256/1327 1055/1120/1180 1162/1257/1328
f 1162/1257/1328 1053/1117/1178 1163/1258/1329
f 1163/1258/1329 675/1119/723 674/1259/722
f 654/654/702 806/806/854 652/652/700
f 1164/1260/1330 808/808/1331 806/806/854
f 1165/1261/1332 813/815/863 808/808/1331
f 1166/1262/1333 814/816/864 813/815/863
f 781/781/829 1164/1260/1330 654/654/702
f 973/1028/1084 1165/1261/1332 1164/1260/1330
f 976/1031/1087 1166/1262/1333 1165/1261/1332
f 984/1040/1095 697/697/745 1166/1262/1333
f 707/707/755 999/1058/1334 770/770/818
f 1167/1263/1335 991/1049/1336 999/1058/1337
f 991/1049/1102 1168/1264/1338 988/1045/1099
f 1168/1264/1338 780/780/828 988/1045/1099
f 842/857/907 1167/1263/1339 707/707/755
f 844/859/1340 1168/1265/1341 1167/1263/1335
f 1168/1265/1342 840/852/1342 838/850/1342
f 838/850/901 779/779/827 1168/1264/1338
f 681/681/729 818/823/870 679/679/727
f 1169/1266/1343 820/825/1344 818/823/1344
f 1170/1267/1345 823/830/1346 820/825/1346
f 823/830/877 772/772/820 724/724/772
f 801/801/849 1169/1266/1347 681/681/729
f 1016/1078/1132 1170/1267/1348 1169/1266/1343
f 1020/1082/1349 1171/1268/1345 1170/1267/1345
f 1171/1268/1350 1028/1091/1145 772/772/820
f 672/672/720 1172/1269/1351 1034/1270/1154
f 1034/1097/1165 1173/1271/1352 1040/1103/1163
f 1040/1103/1160 729/729/777 775/775/823
f 732/732/780 870/895/944 1172/1269/1351
f 1172/1272/1352 875/902/1353 1173/1271/1352
f 1173/1271/1354 730/730/778 729/729/777
f 743/743/791 1174/1273/1355 886/919/967
f 886/919/967 1175/1274/1356 881/912/1357
f 1175/1274/1356 878/908/959 881/912/1357
f 878/908/959 792/792/840 752/752/800
f 763/763/811 1174/1273/1355 744/744/792
f 1071/1136/1197 1175/1274/1356 1174/1273/1355
f 1065/1130/1191 1176/1275/1358 1175/1274/1356
f 1176/1275/1358 1064/1129/1190 792/792/840
f 746/746/794 1061/1126/1359 766/766/814
f 1061/1126/1186 1177/1276/1360 1048/1277/1361
f 1048/1112/1173 803/803/851 805/805/853
f 746/746/794 851/869/919 1178/1278/1362
f 1178/1278/1360 845/873/1363 1177/1276/1360
f 1177/1279/1364 804/804/852 803/803/851
f 670/670/718 960/1012/1069 741/741/789
f 1179/1280/1365 961/1013/1070 960/1012/1069
f 961/1013/1078 1180/1281/1366 965/1019/1075
f 965/1019/1075 694/694/742 769/769/817
f 826/835/881 1179/1280/1367 670/670/718
f 828/837/883 1181/1282/1368 1179/1280/1365
f 829/838/1369 1180/1281/1366 1181/1282/1370
f 1180/1281/1371 695/695/743 694/694/742
f 723/723/771 865/889/939 722/722/770
f 1182/1283/1372 860/882/1373 865/889/939
f 1183/1284/1374 856/877/930 860/882/1373
f 1184/1285/1375 857/878/931 856/877/930
f 774/774/822 1182/1283/1372 723/723/771
f 1008/1068/1124 1183/1284/1374 1182/1283/1372
f 1002/1062/1118 1184/1285/1375 1183/1284/1374
f 1184/1285/1375 685/685/733 758/758/806
f 751/751/799 894/929/976 750/750/798
f 1185/1286/1376 891/1287/1377 894/929/1377
f 1186/1288/1378 889/923/970 891/925/972
f 765/765/813 1185/1286/1379 751/751/799
f 1185/1286/1376 1081/1148/1380 1186/1289/1381
f 1186/1289/1378 1081/1148/1382 1080/1147/1383
f 1186/1288/1378 661/661/709 659/659/707
f 843/858/912 841/855/905 839/854/902
f 1111/1192/1384 650/650/1384 649/649/1384
f 652/652/700 669/669/717 653/653/701
f 655/655/703 802/802/850 656/656/704
f 663/663/711 790/790/838 664/664/712
f 666/666/714 692/692/740 667/667/715
f 669/669/717 826/835/881 670/670/718
f 665/665/713 664/664/712 674/674/722
f 676/676/724 777/777/825 677/677/725
f 679/679/727 757/757/805 680/680/728
f 682/682/730 797/797/845 683/683/731
f 680/680/728 758/758/806 685/685/733
f 687/687/735 720/720/768 688/688/736
f 689/689/737 667/667/715 690/690/738
f 692/692/740 759/759/807 690/690/738
f 693/693/741 708/708/756 694/694/742
f 699/699/747 762/762/810 700/700/748
f 657/657/705 656/656/704 702/702/750
f 704/704/752 733/733/781 705/705/753
f 693/693/741 842/857/907 707/707/755
f 712/712/760 737/737/785 713/713/761
f 655/655/703 657/657/705 715/715/763
f 676/676/724 678/678/726 717/717/765
f 687/687/735 705/705/753 719/719/767
f 657/657/705 703/703/751 721/721/769
f 724/724/772 772/772/820 725/725/773
f 727/727/775 728/728/776 702/702/750
f 727/727/775 701/701/749 700/700/748
f 733/733/781 717/717/765 734/734/782
f 678/678/726 740/740/788 734/734/782
f 736/736/784 689/689/737 737/737/785
f 739/739/787 716/716/764 715/715/763
f 678/678/726 677/677/725 688/688/736
f 653/653/701 670/670/718 741/741/789
f 745/745/793 849/867/917 746/746/794
f 748/748/796 761/761/809 709/709/757
f 733/733/781 735/735/783 719/719/767
f 750/750/798 745/745/793 747/747/795
f 712/712/760 714/714/762 755/755/803
f 689/689/737 691/691/739 713/713/761
f 757/757/805 857/878/931 758/758/806
f 692/692/740 756/756/804 755/755/803
f 760/760/808 710/710/758 761/761/809
f 699/699/747 715/715/763 721/721/769
f 751/751/799 747/747/795 764/764/812
f 747/747/795 746/746/794 766/766/814
f 708/708/756 771/771/819 769/769/817
f 708/708/756 707/707/755 770/770/818
f 772/772/820 1028/1091/1145 773/773/821
f 776/776/824 687/687/735 677/677/725
f 654/654/702 653/653/701 742/742/790
f 736/736/784 668/668/716 667/667/715
f 782/782/830 738/738/786 737/737/785
f 783/783/831 799/799/847 784/784/832
f 785/785/833 784/784/832 786/786/834
f 739/739/787 699/699/747 701/701/749
f 789/789/837 788/788/836 701/701/749
f 674/674/722 664/664/712 790/790/838
f 704/704/752 718/718/766 717/717/765
f 776/776/824 706/706/754 705/705/753
f 683/683/731 797/797/845 794/794/842
f 796/796/844 794/794/842 797/797/845
f 782/782/830 712/712/760 756/756/804
f 666/666/714 798/798/846 756/756/804
f 786/786/834 784/784/832 799/799/847
f 681/681/729 680/680/728 686/686/734
f 789/789/837 727/727/775 656/656/704
f 720/720/768 719/719/767 1092/1162/1225
f 923/970/1023 1092/1162/1225 1093/1163/1226
f 1093/1163/1226 1094/1164/1227 913/957/1008
f 1092/1162/1225 928/976/1030 931/979/1033
f 931/979/1033 939/987/1041 1094/1164/1227
f 939/987/1041 762/762/810 721/721/769
f 713/713/761 1095/1165/1228 934/982/1036
f 1095/1165/1228 1097/1167/1230 936/984/1038
f 936/984/1038 1097/1167/1230 1096/1166/1229
f 940/988/1042 1096/1166/1229 700/700/748
f 691/691/739 944/992/1046 1095/1165/1228
f 944/992/1046 947/995/1049 1097/1167/1230
f 1097/1167/1230 947/995/1049 956/1008/1063
f 1096/1166/1229 956/1008/1063 728/728/776
f 748/748/796 1098/1171/1236 952/1168/1054
f 1099/1170/1235 702/702/750 728/728/776
f 748/748/796 749/749/797 920/964/1015
f 1099/1170/1235 912/956/1007 703/703/751
f 759/759/807 755/755/803 1100/1173/1238
f 1101/1174/1239 1102/1175/1240 898/937/986
f 1102/1175/1240 734/734/782 740/740/788
f 1100/1173/1238 935/983/1037 929/977/1031
f 929/977/1031 927/975/1029 1102/1175/1240
f 927/975/1029 735/735/783 734/734/782
f 1104/1178/1244 688/688/736 720/720/768
f 1104/1178/1244 900/939/988 740/740/788
f 1106/1183/1249 1107/1187/1252 909/1184/1002
f 710/710/758 760/760/808 951/999/1053
f 1107/1185/1250 943/991/1045 691/691/739
f 826/835/881 669/669/717 1108/1188/1253
f 827/1189/882 1108/1188/1253 1109/1190/1254
f 835/844/892 1109/1190/1254 1110/1191/1255
f 833/842/890 1110/1191/1255 706/706/754
f 652/652/700 807/807/855 1108/1188/1253
f 807/807/855 810/810/858 1109/1190/1254
f 810/810/858 816/819/1256 1110/1191/1255
f 816/819/1256 704/704/752 706/706/754
f 718/718/766 1112/1193/1258 1111/1192/1257
f 1114/1195/1261 696/696/744 778/778/826
f 1114/1195/1261 812/814/862 814/816/864
f 1115/1196/1263 1116/1197/1265 834/849/1264
f 1116/1197/1265 1117/1198/1266 837/846/894
f 1117/1198/1266 693/693/741 695/695/743
f 777/777/825 676/676/724 1111/1199/1257
f 1117/1198/1266 843/860/908 842/857/907
f 857/878/931 757/757/805 1118/1200/1268
f 855/876/929 1118/1200/1268 1119/1201/1269
f 858/888/932 1119/1201/1269 1120/1202/1270
f 864/887/938 1120/1202/1270 738/738/786
f 679/679/727 819/824/871 1118/1200/1268
f 819/824/1271 822/828/1272 1119/1201/1269
f 822/828/1272 824/1203/1273 1120/1202/1270
f 824/1203/1273 736/736/784 738/738/786
f 874/1207/1279 1123/1206/1278 798/798/846
f 668/668/716 736/736/784 824/832/1273
f 1124/1208/1280 824/832/1273 822/834/1284
f 1125/1209/1282 822/834/1284 819/1211/1285
f 1126/1210/1283 819/1211/876 724/724/772
f 716/716/764 1127/1212/1287 853/874/1286
f 852/1290/1385 853/874/1286 848/1214/1289
f 853/874/1286 1127/1212/1287 848/1214/1289
f 1128/1213/1288 1129/1215/1290 846/863/915
f 1127/1212/1287 883/917/1291 879/918/960
f 1128/1213/1288 879/918/960 877/907/958
f 788/788/836 1130/1216/1292 883/914/1291
f 1130/1216/1292 1133/1219/1295 892/926/1296
f 1132/1218/1294 890/928/971 889/923/970
f 802/802/850 1134/1221/1297 1133/1220/1295
f 1134/1221/1297 1135/1222/1299 892/934/1298
f 1135/1222/1299 1136/1223/1300 895/930/977
f 1136/1223/1300 745/745/793 750/750/798
f 802/802/850 655/655/703 854/875/1301
f 1134/1221/1297 854/875/1301 852/871/1302
f 1135/1222/1299 852/871/1302 850/870/918
f 1136/1223/1300 850/870/918 849/867/917
f 968/1022/1079 1137/1224/1303 1138/1225/1304
f 963/1015/1072 1138/1225/1304 1139/1226/1305
f 794/1227/842 796/1036/844 980/1035/1091
f 1137/1224/1303 980/1035/1091 974/1029/1085
f 1138/1225/1304 974/1029/1085 972/1027/1083
f 1139/1226/1305 972/1027/1083 781/781/829
f 785/1236/833 1146/1237/1312 1012/1073/1128
f 1146/1237/1312 1147/1238/1313 1004/1064/1120
f 1147/1238/1313 1148/1239/1314 1001/1061/1117
f 1001/1061/1117 1148/1239/1314 686/686/734
f 1023/1085/1139 1026/1089/1142 1147/1238/1313
f 1026/1089/1142 1017/1079/1133 1148/1239/1314
f 1017/1079/1133 801/801/849 686/686/734
f 773/773/821 1028/1091/1145 1030/1093/1147
f 1152/1244/1318 1030/1093/1147 1024/1087/1140
f 1153/1245/1319 1024/1087/1140 1022/1084/1138
f 1154/1247/1320 1022/1291/1138 787/787/835
f 764/764/812 1161/1256/1327 1087/1155/1213
f 1161/1256/1327 1162/1257/1328 1091/1161/1224
f 1162/1257/1328 1163/1258/1329 1089/1158/1221
f 1163/1258/1329 674/1259/722 791/1159/839
f 764/764/812 766/766/814 1060/1125/1185
f 1161/1256/1327 1060/1125/1185 1055/1120/1180
f 1162/1257/1328 1055/1120/1180 1053/1117/1178
f 1163/1258/1329 1053/1117/1178 675/1119/723
f 658/658/706 889/923/970 659/659/707
f 660/660/708 659/659/707 661/661/709
f 671/671/719 732/732/780 672/672/720
f 696/696/744 814/816/864 697/697/745
f 709/709/757 761/761/809 710/710/758
f 722/722/770 731/731/779 671/671/719
f 726/726/774 725/725/773 729/729/777
f 731/731/779 868/893/942 732/732/780
f 743/743/791 658/658/706 660/660/708
f 752/752/800 792/792/840 753/753/801
f 744/744/792 660/660/708 662/662/710
f 698/698/746 697/697/745 767/767/815
f 723/723/771 671/671/719 673/673/721
f 725/725/773 773/773/821 775/775/823
f 778/778/826 696/696/744 698/698/746
f 779/779/827 698/698/746 768/768/816
f 792/792/840 1064/1129/1190 793/793/841
f 754/754/802 753/753/801 803/803/851
f 753/753/801 793/793/841 805/805/853
f 806/806/854 809/809/857 807/807/855
f 812/814/862 809/818/857 813/815/863
f 810/813/861 811/812/860 815/817/867
f 827/836/882 831/840/886 829/838/884
f 827/836/882 835/1292/892 830/839/885
f 832/841/887 834/843/1386 833/842/888
f 836/845/895 829/838/1369 831/840/896
f 837/847/897 831/840/896 830/839/899
f 843/858/912 839/854/902 840/852/903
f 851/869/921 850/868/924 846/864/922
f 850/868/924 848/872/1387 847/865/925
f 853/874/926 852/1290/1388 854/875/927
f 855/876/929 859/880/933 856/877/930
f 862/884/936 861/892/935 863/885/937
f 865/889/939 867/891/941 866/890/940
f 860/882/934 859/881/933 867/891/941
f 867/891/941 861/892/935 862/884/936
f 871/899/946 872/898/1389 873/900/947
f 870/904/951 869/906/956 876/905/952
f 877/907/958 880/910/961 878/908/959
f 884/915/965 882/913/963 879/909/960
f 886/919/967 888/921/969 887/920/968
f 881/912/962 880/911/961 888/921/969
f 888/921/969 880/911/961 882/913/963
f 892/926/973 896/933/1390 893/927/974
f 894/929/978 891/1287/1391 890/931/979
f 895/932/980 890/931/979 893/935/983
f 740/740/788 900/939/988 897/936/985
f 899/938/987 902/941/990 897/936/985
f 897/936/985 903/942/991 901/940/989
f 711/711/759 906/945/994 904/943/992
f 906/945/994 911/1182/1248 907/946/995
f 905/944/993 904/943/992 902/947/996
f 904/943/998 907/946/1392 903/949/999
f 908/950/1001 910/952/1003 909/951/1002
f 901/940/989 903/942/1005 910/952/1003
f 910/952/1003 907/955/1006 911/953/1004
f 912/956/1007 915/959/1010 913/957/1008
f 914/958/1009 917/961/1012 915/959/1010
f 915/959/1010 918/962/1013 916/960/1011
f 749/749/797 921/965/1016 919/963/1014
f 921/965/1016 926/1177/1242 922/966/1017
f 920/967/1015 919/968/1014 917/961/1018
f 919/968/1020 922/974/1393 918/969/1021
f 923/970/1023 925/972/1025 924/971/1024
f 916/960/1011 918/962/1027 925/972/1025
f 925/972/1025 922/974/1028 926/973/1026
f 927/975/1029 930/978/1032 928/976/1030
f 929/977/1031 938/986/1040 930/978/1032
f 930/978/1032 933/981/1035 931/979/1033
f 930/978/1032 938/986/1040 932/980/1034
f 934/982/1036 937/985/1039 935/983/1037
f 936/984/1038 942/990/1044 937/985/1039
f 937/985/1039 938/986/1040 929/977/1031
f 937/985/1039 942/990/1044 932/980/1034
f 939/987/1041 941/989/1043 940/988/1042
f 931/979/1033 933/981/1035 941/989/1043
f 941/989/1043 942/990/1044 936/984/1038
f 941/989/1043 933/981/1035 932/980/1034
f 943/991/1045 946/994/1048 944/992/1046
f 945/993/1047 948/996/1050 946/994/1048
f 946/994/1048 949/997/1051 947/995/1049
f 760/760/808 952/1168/1054 950/998/1052
f 952/1000/1054 957/1009/1232 953/1001/1055
f 951/999/1053 950/998/1052 948/1003/1056
f 950/1002/1058 953/1001/1394 949/1005/1059
f 728/728/776 956/1008/1063 954/1006/1061
f 947/995/1049 949/997/1065 954/1006/1061
f 954/1006/1061 953/1001/1066 957/1009/1064
f 741/741/789 960/1012/1069 958/1010/1067
f 959/1011/1068 958/1010/1067 962/1014/1071
f 769/769/817 966/1020/1076 958/1018/1074
f 966/1020/1076 971/1026/1082 967/1021/1077
f 968/1022/1079 970/1025/1081 969/1023/1080
f 963/1015/1072 962/1014/1071 970/1025/1081
f 970/1025/1081 967/1021/1077 971/1026/1082
f 962/1014/1071 964/1017/1073 967/1021/1077
f 972/1027/1083 975/1030/1086 973/1028/1084
f 974/1029/1085 977/1032/1088 975/1030/1086
f 975/1030/1086 978/1033/1089 976/1031/1087
f 979/1034/1090 982/1038/1093 980/1035/1091
f 981/1037/1092 983/1039/1094 982/1038/1093
f 982/1038/1093 977/1032/1088 974/1029/1085
f 983/1039/1094 978/1043/1089 977/1032/1088
f 984/1040/1095 986/1042/1097 985/1041/1096
f 976/1031/1087 978/1033/1089 986/1042/1097
f 986/1042/1097 983/1039/1094 981/1037/1092
f 780/780/828 989/1046/1100 987/1044/1098
f 989/1046/1100 996/1055/1108 990/1047/1101
f 992/1050/1103 995/1054/1107 993/1051/1104
f 994/1053/1105 990/1059/1114 995/1054/1106
f 995/1054/1107 990/1047/1101 996/1055/1108
f 770/770/818 999/1058/1334 997/1056/1109
f 999/1058/1111 991/1049/1395 987/1048/1112
f 998/1057/1110 997/1056/1396 990/1059/1114
f 1000/1060/1116 1003/1063/1119 1001/1061/1117
f 1002/1062/1118 1005/1072/1121 1003/1063/1119
f 1003/1063/1119 1006/1066/1122 1004/1064/1120
f 1007/1067/1123 1010/1070/1126 1008/1068/1124
f 1009/1069/1125 1011/1071/1127 1010/1070/1126
f 1010/1070/1126 1005/1072/1121 1002/1062/1118
f 1012/1073/1128 1014/1076/1130 1013/1074/1129
f 1004/1064/1120 1006/1066/1122 1014/1076/1130
f 1014/1076/1130 1011/1071/1127 1009/1069/1125
f 1006/1066/1122 1005/1065/1121 1011/1071/1127
f 801/801/849 1017/1079/1133 1015/1077/1131
f 1017/1079/1133 1026/1089/1142 1018/1080/1134
f 1016/1078/1132 1015/1077/1131 1019/1081/1135
f 1015/1077/1131 1018/1080/1134 1021/1083/1137
f 1022/1084/1138 1025/1088/1141 1023/1085/1139
f 1024/1087/1140 1027/1090/1143 1025/1088/1141
f 1025/1088/1141 1018/1080/1144 1026/1089/1142
f 1027/1090/1143 1021/1083/1397 1018/1080/1144
f 1028/1091/1145 1031/1094/1148 1029/1092/1146
f 1031/1094/1148 1020/1082/1349 1019/1081/1149
f 1030/1093/1147 1029/1092/1146 1027/1090/1150
f 1029/1092/1146 1019/1081/1149 1021/1083/1151
f 672/672/720 1034/1270/1154 1032/1095/1152
f 1033/1096/1153 1032/1095/1152 1036/1099/1156
f 1032/1095/1152 1035/1098/1155 1038/1101/1158
f 775/775/823 1041/1104/1161 1039/1102/1159
f 1041/1104/1161 1046/1110/1170 1042/1105/1162
f 1040/1103/1163 1039/1102/1159 1035/1098/1164
f 1039/1102/1159 1042/1105/1162 1038/1101/1166
f 1043/1106/1167 1045/1109/1169 1044/1107/1168
f 1037/1100/1157 1036/1099/1156 1045/1109/1169
f 1045/1109/1169 1042/1105/1171 1046/1110/1170
f 1036/1099/1156 1038/1101/1158 1042/1105/1171
f 805/805/853 1049/1113/1174 1047/1111/1172
f 1049/1113/1174 1057/1122/1182 1050/1114/1175
f 1047/1111/1172 1050/1114/1175 1052/1116/1177
f 1053/1117/1178 1056/1121/1181 1054/1118/1179
f 1055/1120/1180 1058/1123/1183 1056/1121/1181
f 1056/1121/1181 1050/1114/1175 1057/1122/1182
f 1058/1123/1183 1052/1116/1177 1050/1114/1175
f 766/766/814 1061/1126/1359 1059/1124/1184
f 1061/1126/1186 1048/1277/1361 1051/1115/1187
f 1060/1125/1185 1059/1124/1184 1058/1123/1183
f 1059/1124/1184 1051/1115/1187 1052/1116/1177
f 1062/1127/1188 1066/1131/1192 1063/1128/1189
f 1065/1130/1191 1068/1140/1194 1066/1131/1192
f 1066/1131/1192 1069/1134/1195 1067/1132/1193
f 1070/1135/1196 1073/1138/1199 1071/1136/1197
f 1072/1137/1198 1074/1139/1200 1073/1138/1199
f 1073/1138/1199 1068/1140/1194 1065/1130/1191
f 1075/1141/1201 1077/1144/1203 1076/1142/1202
f 1067/1132/1193 1069/1134/1195 1077/1144/1203
f 1077/1144/1203 1074/1139/1200 1072/1137/1198
f 1069/1134/1195 1068/1133/1194 1074/1139/1200
f 661/661/709 1080/1147/1383 1078/1145/1204
f 1079/1146/1205 1078/1145/1204 1082/1149/1208
f 765/765/813 1087/1155/1213 1085/1153/1211
f 1087/1155/1213 1091/1161/1224 1082/1156/1214
f 1085/1153/1215 1078/1151/1219 1081/1148/1216
f 1085/1153/1215 1082/1156/1214 1084/1152/1218
f 1088/1157/1220 1090/1160/1222 1089/1158/1221
f 1083/1150/1209 1082/1149/1208 1090/1160/1222
f 1090/1160/1223 1082/1156/1214 1091/1161/1224
f 1094/1164/1227 721/721/769 703/703/751
f 719/719/767 735/735/783 928/976/1030
f 1098/1169/1231 1099/1172/1233 957/1009/1232
f 1098/1169/1231 920/967/1015 914/958/1019
f 908/950/1001 1100/1173/1238 1101/1174/1239
f 755/755/803 714/714/762 935/983/1037
f 709/709/757 1103/1176/1245 921/965/1016
f 1103/1176/1241 1104/1179/1241 926/1177/1242
f 709/709/757 711/711/759 905/944/993
f 1103/1176/1241 905/944/993 899/948/997
f 710/710/758 1105/1181/1247 906/945/994
f 1105/1181/1247 1106/1183/1251 911/1182/1248
f 1107/1185/1250 690/690/738 759/759/807
f 1105/1181/1247 951/999/1053 945/1004/1057
f 1106/1183/1249 945/1004/1047 943/1186/1045
f 1112/1193/1258 1113/1194/1260 650/650/1259
f 1113/1194/1260 1114/1195/1261 839/851/902
f 718/718/766 704/704/752 816/821/1256
f 1112/1193/1258 816/821/1256 815/822/865
f 1113/1194/1260 815/822/865 812/814/862
f 777/777/825 1115/1196/1263 832/841/1262
f 1115/1196/1263 1111/1199/1257 649/861/1267
f 1116/1197/1265 649/861/1398 843/860/908
f 868/893/942 731/731/779 1121/1204/1274
f 869/896/943 1121/1204/1274 1122/1205/1275
f 871/897/1277 1122/1205/1275 1123/1206/1278
f 722/722/770 866/890/940 1121/1204/1274
f 866/890/940 862/884/936 1122/1205/1275
f 862/884/936 864/886/938 1123/1206/1278
f 864/886/938 782/782/830 798/798/846
f 668/668/716 1124/1208/1280 874/901/1279
f 1124/1208/1280 1125/1209/1282 871/899/1281
f 1125/1209/1282 1126/1210/1283 876/903/950
f 1126/1210/1283 726/726/774 730/730/778
f 1129/1215/1290 754/754/802 804/804/852
f 716/716/764 739/739/787 883/917/1291
f 1129/1215/1290 877/907/958 752/752/800
f 1130/1216/1292 1131/1217/1293 884/922/965
f 1131/1217/1293 1132/1218/1294 887/920/968
f 1132/1218/1294 658/658/706 743/743/791
f 788/788/836 789/789/837 1133/1219/1295
f 1131/1217/1293 892/926/1296 890/928/971
f 795/1024/843 794/1227/842 1137/1224/1303
f 959/1011/1068 1139/1226/1305 742/742/790
f 768/768/816 1140/1228/1306 989/1046/1100
f 1140/1228/1306 1141/1229/1307 996/1055/1108
f 1141/1229/1307 1142/1230/1308 993/1051/1104
f 1142/1230/1308 682/1231/730 684/1052/732
f 767/767/815 985/1041/1096 1140/1228/1306
f 985/1041/1096 981/1037/1092 1141/1229/1307
f 981/1037/1092 979/1034/1090 1142/1230/1308
f 979/1034/1090 796/1036/844 682/1231/730
f 771/771/819 1143/1232/1309 966/1020/1076
f 1143/1232/1309 1144/1233/1310 971/1026/1082
f 1144/1233/1310 1145/1234/1311 969/1023/1080
f 1145/1234/1311 683/1235/731 795/1024/843
f 771/771/819 770/770/818 998/1057/1110
f 1143/1232/1309 998/1057/1110 994/1053/1105
f 1144/1233/1310 994/1053/1105 992/1050/1103
f 1145/1234/1311 992/1050/1103 684/1052/732
f 787/1086/835 1023/1085/1139 1146/1237/1312
f 800/1108/848 799/1243/847 1149/1240/1315
f 1043/1106/1167 1149/1240/1315 1150/1241/1316
f 1037/1100/1157 1150/1241/1316 1151/1242/1317
f 1033/1096/1153 1151/1242/1317 673/673/721
f 799/1243/847 783/1075/831 1013/1074/1129
f 1149/1240/1315 1013/1074/1129 1009/1069/1125
f 1150/1241/1316 1009/1069/1125 1007/1067/1123
f 1151/1242/1317 1007/1067/1123 774/774/822
f 773/773/821 1152/1244/1318 1041/1104/1161
f 1152/1244/1318 1153/1245/1319 1046/1110/1170
f 1153/1245/1319 1154/1246/1320 1044/1107/1168
f 1154/1246/1320 786/1293/834 800/1108/848
f 793/793/841 1155/1248/1321 1049/1113/1174
f 1155/1248/1321 1156/1249/1322 1057/1122/1182
f 1156/1249/1322 1157/1250/1323 1054/1118/1179
f 1157/1250/1323 665/1251/713 675/1119/723
f 1064/1129/1190 1063/1128/1189 1155/1248/1321
f 1063/1128/1189 1067/1132/1193 1156/1249/1322
f 1067/1132/1193 1075/1141/1201 1157/1250/1323
f 1075/1141/1201 663/1143/711 665/1251/713
f 763/763/811 662/662/710 1158/1252/1324
f 1070/1135/1196 1158/1252/1324 1159/1253/1325
f 1072/1137/1198 1159/1253/1325 1160/1254/1326
f 1076/1142/1202 1160/1254/1326 790/1255/838
f 662/662/710 661/661/709 1079/1146/1205
f 1158/1252/1324 1079/1146/1205 1083/1150/1209
f 1159/1253/1325 1083/1150/1209 1088/1157/1220
f 1160/1254/1326 1088/1157/1220 791/1159/839
f 654/654/702 1164/1260/1330 806/806/854
f 1164/1260/1330 1165/1261/1332 808/808/1331
f 1165/1261/1332 1166/1262/1333 813/815/863
f 1166/1262/1333 697/697/745 814/816/864
f 781/781/829 973/1028/1084 1164/1260/1330
f 973/1028/1084 976/1031/1087 1165/1261/1332
f 976/1031/1087 984/1040/1095 1166/1262/1333
f 984/1040/1095 767/767/815 697/697/745
f 707/707/755 1167/1263/1339 999/1058/1334
f 1167/1263/1335 1168/1265/1341 991/1049/1336
f 1168/1264/1338 779/779/827 780/780/828
f 842/857/907 844/859/909 1167/1263/1339
f 844/859/1340 840/852/1399 1168/1265/1341
f 838/850/901 778/778/826 779/779/827
f 681/681/729 1169/1266/1347 818/823/870
f 1169/1266/1343 1170/1267/1348 820/825/1344
f 1170/1267/1345 1171/1268/1345 823/830/1346
f 823/830/877 1171/1268/1350 772/772/820
f 801/801/849 1016/1078/1132 1169/1266/1347
f 1016/1078/1132 1020/1082/1136 1170/1267/1348
f 1020/1082/1349 1031/1094/1148 1171/1268/1345
f 1171/1268/1350 1031/1094/1148 1028/1091/1145
f 672/672/720 732/732/780 1172/1269/1351
f 1034/1097/1165 1172/1272/1352 1173/1271/1352
f 1040/1103/1160 1173/1271/1354 729/729/777
f 732/732/780 868/893/942 870/895/944
f 1172/1272/1352 870/904/1353 875/902/1353
f 1173/1271/1354 875/902/949 730/730/778
f 743/743/791 744/744/792 1174/1273/1355
f 886/919/967 1174/1273/1355 1175/1274/1356
f 1175/1274/1356 1176/1275/1358 878/908/959
f 878/908/959 1176/1275/1358 792/792/840
f 763/763/811 1071/1136/1197 1174/1273/1355
f 1071/1136/1197 1065/1130/1191 1175/1274/1356
f 1065/1130/1191 1062/1127/1188 1176/1275/1358
f 1176/1275/1358 1062/1127/1188 1064/1129/1190
f 746/746/794 1178/1278/1362 1061/1126/1359
f 1061/1126/1186 1178/1278/1360 1177/1276/1360
f 1048/1112/1173 1177/1279/1364 803/803/851
f 746/746/794 849/867/917 851/869/919
f 1178/1278/1360 851/869/1363 845/873/1363
f 1177/1279/1364 845/862/914 804/804/852
f 670/670/718 1179/1280/1367 960/1012/1069
f 1179/1280/1365 1181/1282/1368 961/1013/1070
f 961/1013/1078 1181/1282/1370 1180/1281/1366
f 965/1019/1075 1180/1281/1371 694/694/742
f 826/835/881 828/837/883 1179/1280/1367
f 828/837/883 829/838/884 1181/1282/1368
f 829/838/1369 836/845/895 1180/1281/1366
f 1180/1281/1371 836/845/893 695/695/743
f 723/723/771 1182/1283/1372 865/889/939
f 1182/1283/1372 1183/1284/1374 860/882/1373
f 1183/1284/1374 1184/1285/1375 856/877/930
f 1184/1285/1375 758/758/806 857/878/931
f 774/774/822 1008/1068/1124 1182/1283/1372
f 1008/1068/1124 1002/1062/1118 1183/1284/1374
f 1002/1062/1118 1000/1060/1116 1184/1285/1375
f 1184/1285/1375 1000/1060/1116 685/685/733
f 751/751/799 1185/1286/1379 894/929/976
f 1185/1286/1376 1186/1289/1381 891/1287/1377
f 1186/1288/1378 659/659/707 889/923/970
f 765/765/813 1086/1154/1212 1185/1286/1379
f 1185/1286/1376 1086/1154/1400 1081/1148/1380
f 1186/1288/1378 1080/1147/1383 661/661/709
f 843/858/912 651/856/906 841/855/905
f 1187/1294/1401 1188/1295/1402 1189/1296/1403
f 1190/1297/1404 1191/1298/1405 1192/1299/1406
f 1193/1300/1402 1194/1301/1407 1195/1302/1402
f 1196/1303/1408 1197/1304/1409 1198/1305/1410
f 1199/1306/1402 1200/1307/1411 1201/1308/1412
f 1202/1309/1413 1192/1299/1406 1203/1310/1414
f 1204/1311/1415 1205/1312/1416 1206/1313/1417
f 1207/1314/1418 1208/1315/1419 1209/1316/1420
f 1195/1302/1402 1210/1317/1421 1211/1318/1422
f 1212/1319/1423 1199/1306/1402 1213/1320/1402
f 1198/1305/1410 1214/1321/1424 1215/1322/1425
f 1216/1323/1426 1217/1324/1427 1218/1325/1428
f 1219/1326/1429 1220/1327/1430 1221/1328/1431
f 1215/1322/1425 1222/1329/1432 1223/1330/1433
f 1223/1330/1433 1224/1331/1434 1225/1332/1435
f 1226/1333/1436 1227/1334/1437 1228/1335/1438
f 1229/1336/1402 1230/1337/1439 1200/1307/1411
f 1225/1332/1435 1231/1338/1440 1232/1339/1441
f 1232/1339/1441 1233/1340/1442 1234/1341/1443
f 1235/1342/1444 1236/1343/1445 1226/1333/1436
f 1237/1344/1446 1238/1345/1447 1239/1346/1448
f 1240/1347/1449 1203/1310/1414 1241/1348/1450
f 1242/1349/1451 1241/1348/1450 1243/1350/1452
f 1244/1351/1453 1245/1352/1454 1246/1353/1455
f 1188/1295/1402 1247/1354/1456 1193/1300/1402
f 1248/1355/1457 1243/1350/1452 1249/1356/1458
f 1250/1357/1459 1249/1356/1458 1251/1358/1460
f 1252/1359/1461 1253/1360/1462 1245/1352/1454
f 1254/1361/1463 1255/1362/1464 1256/1363/1402
f 1192/1299/1406 1257/1364/1465 1258/1365/1466
f 1259/1366/1467 1260/1367/1468 1261/1368/1467
f 1262/1369/1469 1263/1370/1470 1197/1304/1409
f 1264/1371/1471 1265/1372/1472 1266/1373/1473
f 1241/1348/1450 1267/1374/1474 1268/1375/1475
f 1269/1376/1476 1270/1377/1477 1271/1378/1478
f 1269/1376/1476 1272/1379/1479 1208/1315/1419
f 1273/1380/1480 1274/1381/1481 1270/1377/1477
f 1275/1382/1482 1257/1364/1465 1191/1298/1405
f 1276/1383/1483 1277/1384/1484 1220/1327/1430
f 1217/1324/1427 1278/1385/1485 1276/1383/1483
f 1214/1321/1424 1279/1386/1486 1222/1329/1432
f 1280/1387/1487 1281/1388/1488 1264/1371/1471
f 1282/1389/1489 1283/1390/1490 1217/1324/1427
f 1227/1334/1437 1284/1391/1491 1282/1389/1489
f 1224/1331/1434 1285/1392/1492 1231/1338/1440
f 1266/1373/1473 1286/1393/1493 1287/1394/1494
f 1236/1343/1445 1288/1395/1495 1227/1334/1437
f 1289/1396/1496 1290/1397/1497 1236/1343/1445
f 1231/1338/1440 1291/1398/1498 1233/1340/1442
f 1292/1399/1499 1293/1400/1467 1294/1401/1467
f 1206/1313/1417 1295/1402/1500 1274/1381/1481
f 1205/1312/1416 1296/1403/1501 1295/1402/1500
f 1249/1356/1458 1297/1404/1502 1298/1405/1503
f 1299/1406/1467 1300/1407/1504 1301/1408/1505
f 1246/1353/1455 1302/1409/1506 1296/1403/1501
f 1245/1352/1454 1303/1410/1507 1302/1409/1506
f 1251/1358/1460 1298/1405/1503 1304/1411/1508
f 1305/1412/1509 1206/1313/1417 1273/1380/1480
f 1306/1413/1510 1307/1414/1511 1308/1415/1512
f 1308/1415/1512 1309/1416/1513 1310/1417/1514
f 1294/1401/1467 1311/1418/1515 1312/1419/1516
f 1194/1301/1407 1213/1320/1402 1195/1302/1402
f 1209/1316/1420 1262/1369/1469 1196/1303/1408
f 1208/1315/1419 1313/1420/1517 1262/1369/1469
f 1293/1400/1467 1314/1421/1518 1311/1418/1515
f 1315/1422/1519 1316/1423/1520 1254/1361/1463
f 1189/1296/1403 1193/1300/1402 1317/1424/1521
f 1203/1310/1414 1258/1365/1466 1267/1374/1474
f 1318/1425/1522 1319/1426/1523 1320/1427/1524
f 1218/1325/1428 1276/1383/1483 1219/1326/1429
f 1321/1428/1525 1322/1429/1526 1323/1430/1527
f 1323/1431/1527 1324/1432/1528 1325/1433/1529
f 1261/1368/1467 1326/1434/1530 1281/1388/1488
f 1221/1328/1431 1275/1382/1482 1327/1435/1531
f 1207/1314/1418 1273/1380/1480 1269/1376/1476
f 1328/1436/1532 1329/1437/1467 1293/1400/1467
f 1220/1327/1430 1330/1438/1533 1275/1382/1482
f 1331/1439/1534 1332/1440/1535 1315/1422/1519
f 1333/1441/1536 1315/1422/1519 1334/1442/1537
f 1319/1426/1523 1335/1443/1538 1336/1444/1539
f 1337/1445/1540 1338/1446/1541 1319/1426/1523
f 1339/1447/1542 1340/1448/1543 1238/1345/1447
f 1341/1449/1544 1342/1450/1545 1229/1336/1402
f 1197/1304/1409 1343/1451/1546 1214/1321/1424
f 1286/1393/1493 1344/1452/1547 1345/1453/1548
f 1346/1454/1549 1229/1336/1402 1199/1306/1402
f 1347/1455/1550 1237/1344/1446 1342/1450/1545
f 1348/1456/1467 1314/1421/1518 1329/1437/1467
f 1259/1366/1467 1349/1457/1551 1348/1456/1467
f 1350/1458/1552 1246/1353/1455 1205/1312/1416
f 1294/1401/1467 1301/1408/1505 1292/1399/1499
f 1351/1459/1553 1320/1427/1524 1299/1406/1467
f 1352/1460/1554 1353/1461/1555 1340/1448/1543
f 1354/1462/1556 1355/1463/1557 1352/1460/1554
f 1356/1464/1558 1357/1465/1559 1358/1466/1560
f 1345/1453/1548 1359/1467/1561 1357/1465/1559
f 1306/1413/1510 1360/1468/1562 1361/1469/1563
f 1362/1470/1564 1256/1363/1402 1187/1294/1401
f 1243/1350/1452 1268/1375/1475 1297/1404/1502
f 1308/1415/1512 1363/1471/1565 1360/1468/1562
f 1228/1335/1438 1282/1389/1489 1216/1323/1426
f 1334/1442/1537 1254/1361/1463 1362/1470/1564
f 1320/1427/1524 1336/1444/1539 1300/1407/1504
f 1265/1372/1472 1364/1472/1566 1286/1393/1493
f 1342/1450/1545 1239/1346/1448 1230/1337/1439
f 1327/1435/1531 1191/1298/1405 1365/1473/1567
f 1366/1474/1568 1261/1368/1467 1280/1387/1487
f 1281/1388/1488 1367/1475/1569 1265/1372/1472
f 1321/1476/1525 1289/1396/1496 1235/1342/1444
f 1368/1477/1570 1339/1447/1542 1237/1344/1446
f 1222/1329/1432 1369/1478/1571 1224/1331/1434
f 1323/1431/1527 1370/1479/1572 1289/1396/1496
f 1317/1424/1521 1195/1302/1402 1211/1318/1422
f 1213/1320/1402 1201/1308/1412 1210/1317/1421
f 1371/1480/1573 1348/1456/1467 1372/1481/1574
f 1372/1481/1574 1329/1437/1467 1373/1482/1575
f 1256/1363/1402 1374/1483/1576 1188/1295/1402
f 1375/1484/1577 1352/1460/1554 1339/1447/1542
f 1287/1394/1494 1345/1453/1548 1356/1464/1558
f 1312/1419/1516 1299/1406/1467 1294/1401/1467
f 1376/1485/1578 1377/1486/1579 1378/1487/1580
f 1379/1488/1581 1380/1489/1582 1377/1486/1579
f 1378/1487/1580 1377/1486/1579 1381/1490/1583
f 1377/1486/1579 1382/1491/1584 1381/1490/1583
f 1383/1492/1585 1384/1493/1586 1385/1494/1587
f 1386/1495/1588 1387/1496/1589 1383/1497/1585
f 1387/1498/1589 1388/1499/1590 1384/1493/1586
f 1389/1500/1591 1380/1489/1582 1387/1498/1589
f 1234/1341/1592 1390/1501/1593 1391/1502/1594
f 1378/1503/1595 1381/1504/1595 1390/1501/1595
f 1391/1502/1594 1389/1505/1596 1386/1495/1597
f 1390/1501/1593 1382/1506/1598 1389/1505/1596
f 1392/1507/1599 1393/1508/1600 1394/1509/1601
f 1395/1510/1602 1396/1511/1603 1392/1507/1599
f 1396/1511/1603 1397/1512/1604 1393/1508/1600
f 1396/1511/1603 1398/1513/1605 1399/1514/1606
f 1333/1515/1536 1400/1516/1607 1401/1517/1608
f 1402/1518/1609 1403/1519/1610 1400/1516/1607
f 1401/1517/1608 1398/1513/1605 1395/1510/1602
f 1400/1516/1607 1399/1520/1606 1398/1513/1605
f 1404/1521/1611 1405/1522/1612 1250/1357/1459
f 1397/1512/1604 1406/1523/1613 1404/1521/1611
f 1406/1523/1613 1407/1524/1614 1405/1522/1612
f 1406/1523/1613 1399/1520/1606 1403/1519/1615
f 1361/1469/1563 1408/1525/1616 1409/1526/1617
f 1410/1527/1618 1411/1528/1619 1408/1525/1616
f 1409/1526/1617 1412/1529/1620 1413/1530/1621
f 1408/1525/1616 1414/1531/1622 1412/1529/1620
f 1415/1532/1623 1416/1533/1624 1417/1534/1625
f 1418/1535/1626 1419/1536/1627 1416/1533/1624
f 1417/1534/1628 1411/1528/1629 1410/1527/1630
f 1416/1533/1624 1414/1531/1631 1411/1528/1629
f 1420/1537/1632 1421/1538/1633 1422/1539/1634
f 1413/1530/1621 1423/1540/1635 1420/1541/1632
f 1423/1540/1635 1424/1542/1636 1421/1543/1633
f 1412/1529/1620 1419/1536/1637 1423/1540/1635
f 1324/1432/1528 1425/1544/1638 1426/1545/1639
f 1427/1546/1640 1428/1547/1641 1425/1544/1638
f 1426/1545/1639 1429/1548/1642 1430/1549/1643
f 1425/1544/1638 1431/1550/1644 1429/1548/1642
f 1291/1398/1498 1432/1551/1645 1427/1552/1646
f 1433/1553/1647 1434/1554/1648 1432/1551/1645
f 1427/1552/1646 1432/1551/1645 1428/1547/1649
f 1432/1551/1645 1431/1550/1650 1428/1547/1649
f 1435/1555/1651 1436/1556/1652 1358/1466/1560
f 1430/1549/1643 1437/1557/1653 1435/1555/1651
f 1437/1557/1653 1438/1558/1654 1436/1556/1652
f 1429/1548/1655 1434/1554/1648 1437/1557/1653
f 1439/1559/1656 1440/1560/1657 1309/1416/1513
f 1441/1561/1658 1442/1562/1659 1439/1559/1656
f 1442/1562/1659 1443/1563/1660 1440/1560/1657
f 1442/1562/1659 1444/1564/1661 1445/1565/1662
f 1446/1566/1663 1447/1567/1664 1304/1411/1508
f 1448/1568/1665 1449/1569/1666 1446/1566/1663
f 1449/1569/1666 1441/1561/1658 1447/1567/1664
f 1450/1570/1667 1451/1571/1668 1449/1569/1666
f 1452/1572/1669 1453/1573/1670 1335/1443/1538
f 1443/1563/1660 1454/1574/1671 1452/1572/1669
f 1453/1573/1670 1450/1570/1667 1448/1568/1665
f 1454/1574/1671 1444/1564/1661 1450/1570/1667
f 1363/1471/1565 1455/1575/1672 1456/1576/1673
f 1457/1577/1674 1458/1578/1675 1455/1575/1672
f 1456/1576/1673 1455/1575/1672 1459/1579/1676
f 1455/1575/1672 1460/1580/1677 1459/1579/1678
f 1461/1581/1679 1462/1582/1680 1463/1583/1681
f 1464/1584/1682 1465/1585/1683 1461/1581/1679
f 1465/1585/1683 1466/1586/1684 1462/1582/1680
f 1467/1587/1685 1458/1578/1686 1465/1585/1683
f 1303/1410/1507 1468/1588/1687 1469/1589/1688
f 1456/1590/1689 1459/1579/1690 1468/1588/1687
f 1469/1589/1688 1467/1587/1685 1464/1584/1682
f 1468/1588/1687 1460/1580/1691 1467/1587/1685
f 1211/1318/1422 1470/1591/1692 1471/1592/1693
f 1471/1593/1693 1472/1594/1694 1473/1595/1695
f 1473/1595/1696 1474/1596/1697 1475/1597/1698
f 1474/1596/1697 1365/1473/1567 1475/1597/1698
f 1210/1317/1421 1476/1598/1699 1470/1591/1692
f 1470/1599/1692 1477/1600/1700 1472/1594/1694
f 1472/1594/1701 1478/1601/1702 1474/1596/1697
f 1478/1601/1702 1327/1435/1531 1474/1596/1697
f 1247/1354/1456 1479/1602/1703 1194/1301/1407
f 1480/1603/1704 1481/1604/1705 1479/1605/1703
f 1482/1606/1706 1483/1607/1707 1481/1604/1708
f 1483/1607/1707 1305/1412/1509 1207/1314/1418
f 1374/1483/1576 1480/1608/1704 1247/1354/1456
f 1484/1609/1709 1482/1606/1710 1480/1603/1704
f 1485/1610/1711 1486/1611/1712 1482/1606/1706
f 1486/1611/1712 1204/1311/1415 1305/1412/1509
f 1317/1424/1521 1487/1612/1713 1189/1296/1403
f 1488/1613/1714 1489/1614/1715 1487/1615/1713
f 1490/1616/1716 1491/1617/1717 1489/1614/1718
f 1491/1617/1717 1190/1297/1404 1202/1309/1413
f 1211/1318/1422 1488/1618/1714 1317/1424/1521
f 1471/1593/1693 1490/1616/1719 1488/1613/1714
f 1473/1595/1696 1492/1619/1720 1490/1616/1716
f 1492/1619/1720 1365/1473/1567 1190/1297/1404
f 1346/1454/1549 1493/1620/1721 1494/1621/1722
f 1494/1622/1722 1495/1623/1723 1496/1624/1724
f 1496/1624/1725 1497/1625/1726 1498/1626/1727
f 1497/1625/1726 1196/1303/1408 1498/1626/1727
f 1212/1319/1423 1479/1602/1703 1493/1620/1721
f 1493/1627/1721 1481/1604/1705 1495/1623/1723
f 1495/1623/1728 1483/1607/1707 1497/1625/1726
f 1483/1607/1707 1209/1316/1420 1497/1625/1726
f 1347/1628/1550 1499/1629/1729 1500/1630/1730
f 1500/1630/1730 1501/1631/1731 1502/1632/1732
f 1502/1632/1733 1503/1633/1734 1504/1634/1735
f 1503/1633/1734 1215/1322/1425 1504/1634/1735
f 1341/1449/1544 1494/1621/1722 1499/1635/1729
f 1499/1629/1729 1496/1624/1724 1501/1631/1731
f 1501/1631/1736 1498/1626/1727 1503/1633/1734
f 1498/1626/1727 1198/1305/1410 1503/1633/1734
f 1201/1308/1412 1505/1636/1737 1476/1598/1699
f 1476/1637/1699 1506/1638/1738 1477/1600/1700
f 1477/1600/1739 1507/1639/1740 1478/1601/1702
f 1507/1639/1740 1221/1328/1431 1478/1601/1702
f 1200/1307/1411 1508/1640/1741 1505/1636/1737
f 1505/1641/1737 1509/1642/1742 1506/1638/1738
f 1506/1638/1743 1510/1643/1744 1507/1639/1740
f 1510/1643/1744 1219/1326/1429 1507/1639/1740
f 1230/1337/1439 1511/1644/1745 1508/1640/1741
f 1508/1645/1741 1512/1646/1746 1509/1642/1742
f 1509/1642/1747 1513/1647/1748 1510/1643/1744
f 1513/1647/1748 1218/1325/1428 1510/1643/1744
f 1239/1346/1448 1514/1648/1749 1511/1644/1745
f 1511/1649/1745 1515/1650/1750 1512/1646/1746
f 1512/1646/1751 1516/1651/1752 1513/1647/1748
f 1516/1651/1752 1216/1323/1426 1513/1647/1748
f 1375/1652/1577 1517/1653/1753 1518/1654/1754
f 1518/1654/1754 1519/1655/1755 1520/1656/1756
f 1520/1656/1757 1521/1657/1758 1522/1658/1759
f 1521/1657/1758 1225/1332/1435 1522/1658/1759
f 1368/1659/1570 1500/1630/1730 1517/1653/1753
f 1517/1653/1753 1502/1632/1732 1519/1655/1755
f 1519/1655/1760 1504/1634/1735 1521/1657/1758
f 1504/1634/1735 1223/1330/1433 1521/1657/1758
f 1355/1463/1557 1523/1660/1761 1353/1461/1555
f 1524/1661/1762 1525/1662/1763 1523/1660/1761
f 1526/1663/1764 1527/1664/1765 1525/1662/1763
f 1528/1665/1766 1235/1342/1444 1527/1666/1765
f 1385/1494/1587 1524/1661/1762 1355/1463/1557
f 1384/1493/1586 1526/1663/1764 1524/1661/1762
f 1388/1499/1590 1528/1667/1766 1526/1663/1764
f 1379/1488/1581 1321/1428/1525 1528/1667/1766
f 1238/1345/1447 1529/1668/1767 1514/1648/1749
f 1514/1669/1749 1530/1670/1768 1515/1650/1750
f 1515/1650/1769 1531/1671/1770 1516/1651/1752
f 1516/1651/1752 1226/1333/1436 1228/1335/1438
f 1340/1448/1543 1523/1660/1761 1529/1668/1767
f 1529/1668/1771 1525/1662/1763 1530/1672/1768
f 1530/1670/1772 1527/1666/1765 1531/1671/1770
f 1527/1666/1765 1226/1333/1436 1531/1671/1770
f 1385/1673/1587 1532/1674/1773 1383/1497/1585
f 1383/1497/1585 1533/1675/1774 1386/1495/1588
f 1386/1495/1597 1534/1676/1775 1391/1502/1594
f 1391/1502/1594 1232/1339/1441 1234/1341/1443
f 1354/1677/1556 1518/1654/1754 1532/1674/1773
f 1532/1674/1773 1520/1656/1756 1533/1675/1774
f 1533/1675/1776 1522/1658/1759 1534/1676/1775
f 1534/1676/1775 1225/1332/1435 1232/1339/1441
f 1255/1362/1464 1484/1678/1709 1374/1483/1576
f 1535/1679/1777 1485/1610/1778 1484/1609/1709
f 1536/1680/1779 1537/1681/1780 1485/1610/1711
f 1537/1681/1780 1350/1458/1552 1204/1311/1415
f 1316/1423/1520 1535/1682/1777 1255/1362/1464
f 1538/1683/1781 1536/1680/1782 1535/1679/1777
f 1539/1684/1783 1540/1685/1784 1536/1680/1779
f 1540/1685/1784 1244/1351/1453 1350/1458/1552
f 1187/1294/1401 1541/1686/1785 1362/1470/1564
f 1542/1687/1786 1543/1688/1787 1541/1689/1785
f 1544/1690/1788 1545/1691/1789 1543/1688/1790
f 1545/1691/1789 1240/1347/1449 1242/1349/1451
f 1189/1296/1403 1542/1692/1786 1187/1294/1401
f 1487/1615/1713 1544/1690/1791 1542/1687/1786
f 1489/1614/1718 1546/1693/1792 1544/1690/1788
f 1546/1693/1792 1202/1309/1413 1240/1347/1449
f 1422/1539/1634 1547/1694/1793 1420/1537/1632
f 1420/1541/1632 1548/1695/1794 1413/1530/1621
f 1413/1530/1621 1549/1696/1795 1409/1526/1617
f 1409/1526/1617 1306/1413/1510 1361/1469/1563
f 1331/1439/1534 1401/1697/1608 1547/1694/1793
f 1547/1698/1793 1395/1510/1602 1548/1695/1794
f 1548/1695/1794 1392/1507/1599 1549/1696/1795
f 1549/1696/1795 1394/1509/1601 1306/1413/1510
f 1332/1440/1535 1538/1699/1781 1316/1423/1520
f 1550/1700/1796 1539/1684/1797 1538/1683/1781
f 1551/1701/1798 1552/1702/1799 1539/1684/1783
f 1553/1703/1800 1244/1351/1453 1552/1702/1799
f 1422/1539/1634 1550/1704/1796 1332/1440/1535
f 1421/1543/1633 1551/1701/1801 1550/1700/1796
f 1424/1542/1802 1553/1703/1800 1551/1701/1798
f 1418/1535/1626 1252/1359/1461 1553/1703/1800
f 1334/1442/1537 1402/1705/1609 1333/1441/1536
f 1554/1706/1803 1407/1524/1804 1402/1518/1609
f 1555/1707/1805 1405/1522/1612 1407/1524/1614
f 1556/1708/1806 1250/1357/1459 1405/1522/1612
f 1362/1470/1564 1554/1709/1803 1334/1442/1537
f 1541/1689/1785 1555/1707/1807 1554/1706/1803
f 1543/1688/1790 1556/1708/1806 1555/1707/1805
f 1545/1691/1789 1248/1355/1457 1556/1708/1806
f 1330/1438/1533 1557/1710/1808 1257/1364/1465
f 1558/1711/1809 1559/1712/1810 1557/1710/1808
f 1560/1713/1811 1561/1714/1812 1559/1712/1810
f 1562/1715/1813 1373/1482/1575 1561/1714/1812
f 1277/1384/1484 1558/1711/1809 1330/1438/1533
f 1563/1716/1814 1560/1713/1811 1558/1711/1809
f 1564/1717/1815 1562/1715/1813 1560/1713/1811
f 1565/1718/1816 1372/1481/1574 1562/1715/1813
f 1271/1378/1478 1566/1719/1817 1567/1720/1818
f 1567/1720/1818 1568/1721/1819 1569/1722/1820
f 1569/1722/1820 1570/1723/1821 1571/1724/1822
f 1571/1724/1822 1311/1418/1515 1314/1421/1518
f 1270/1377/1477 1572/1725/1823 1566/1719/1817
f 1566/1719/1817 1573/1726/1824 1568/1721/1819
f 1568/1721/1819 1574/1727/1825 1570/1723/1821
f 1570/1723/1821 1312/1419/1516 1311/1418/1515
f 1267/1374/1474 1575/1728/1826 1576/1729/1827
f 1576/1729/1827 1577/1730/1828 1578/1731/1829
f 1578/1731/1829 1579/1732/1830 1580/1733/1831
f 1580/1733/1831 1328/1436/1532 1292/1399/1499
f 1258/1365/1466 1557/1710/1808 1575/1728/1826
f 1575/1728/1826 1559/1712/1810 1577/1730/1828
f 1577/1730/1828 1561/1714/1812 1579/1732/1830
f 1579/1732/1830 1373/1482/1575 1328/1436/1532
f 1272/1379/1479 1581/1734/1832 1313/1420/1517
f 1582/1735/1833 1583/1736/1834 1581/1734/1832
f 1584/1737/1835 1585/1738/1836 1583/1736/1834
f 1586/1739/1837 1366/1474/1568 1585/1738/1836
f 1271/1378/1478 1582/1735/1833 1272/1379/1479
f 1567/1720/1818 1584/1737/1835 1582/1735/1833
f 1569/1722/1820 1586/1739/1837 1584/1737/1835
f 1571/1724/1822 1349/1457/1551 1586/1739/1837
f 1263/1370/1470 1587/1740/1838 1343/1451/1546
f 1588/1741/1839 1589/1742/1840 1587/1740/1838
f 1590/1743/1841 1591/1744/1842 1589/1742/1840
f 1592/1745/1843 1264/1371/1471 1591/1744/1842
f 1313/1420/1517 1588/1741/1839 1263/1370/1470
f 1581/1734/1832 1590/1743/1841 1588/1741/1839
f 1583/1736/1834 1592/1745/1843 1590/1743/1841
f 1585/1738/1836 1280/1387/1487 1592/1745/1843
f 1278/1385/1485 1563/1716/1814 1277/1384/1484
f 1593/1746/1844 1564/1717/1815 1563/1716/1814
f 1594/1747/1845 1565/1718/1816 1564/1717/1815
f 1595/1748/1846 1371/1480/1573 1565/1718/1816
f 1283/1390/1490 1593/1746/1844 1278/1385/1485
f 1596/1749/1847 1594/1747/1845 1593/1746/1844
f 1597/1750/1848 1595/1748/1846 1594/1747/1845
f 1598/1751/1849 1260/1367/1468 1595/1748/1846
f 1284/1391/1491 1596/1749/1847 1283/1390/1490
f 1599/1752/1850 1597/1750/1848 1596/1749/1847
f 1600/1753/1851 1598/1751/1849 1597/1750/1848
f 1601/1754/1852 1326/1434/1530 1598/1751/1849
f 1288/1395/1495 1599/1752/1850 1284/1391/1491
f 1602/1755/1853 1600/1753/1851 1599/1752/1850
f 1603/1756/1854 1601/1754/1852 1600/1753/1851
f 1604/1757/1855 1367/1475/1569 1601/1754/1852
f 1279/1386/1486 1605/1758/1856 1369/1478/1571
f 1606/1759/1857 1607/1760/1858 1605/1758/1856
f 1608/1761/1859 1609/1762/1860 1607/1760/1858
f 1610/1763/1861 1287/1394/1494 1609/1762/1860
f 1343/1451/1546 1606/1759/1857 1279/1386/1486
f 1587/1740/1838 1608/1761/1859 1606/1759/1857
f 1589/1742/1840 1610/1763/1861 1608/1761/1859
f 1591/1744/1842 1266/1373/1473 1610/1763/1861
f 1370/1479/1572 1611/1764/1862 1612/1765/1863
f 1612/1765/1863 1613/1766/1864 1614/1767/1865
f 1614/1767/1865 1615/1768/1866 1616/1769/1867
f 1616/1769/1867 1357/1465/1559 1359/1467/1561
f 1325/1433/1529 1426/1545/1639 1611/1764/1862
f 1611/1764/1862 1430/1549/1643 1613/1766/1864
f 1613/1766/1864 1435/1555/1651 1615/1768/1866
f 1615/1768/1866 1358/1466/1560 1357/1465/1559
f 1290/1397/1497 1602/1755/1853 1288/1395/1495
f 1617/1770/1868 1603/1756/1854 1602/1755/1853
f 1618/1771/1869 1604/1757/1855 1603/1756/1854
f 1619/1772/1870 1364/1472/1566 1604/1757/1855
f 1370/1479/1572 1617/1770/1868 1290/1397/1497
f 1612/1765/1863 1618/1771/1869 1617/1770/1868
f 1614/1767/1865 1619/1772/1870 1618/1771/1869
f 1616/1769/1867 1344/1452/1547 1619/1772/1870
f 1285/1392/1492 1433/1553/1647 1291/1398/1498
f 1620/1773/1871 1438/1558/1654 1433/1553/1647
f 1621/1774/1872 1436/1556/1652 1438/1558/1654
f 1622/1775/1873 1358/1466/1560 1436/1556/1652
f 1369/1478/1571 1620/1773/1871 1285/1392/1492
f 1605/1758/1856 1621/1774/1872 1620/1773/1871
f 1607/1760/1858 1622/1775/1873 1621/1774/1872
f 1609/1762/1860 1356/1464/1558 1622/1775/1873
f 1274/1381/1481 1623/1776/1874 1572/1725/1823
f 1572/1725/1823 1624/1777/1875 1573/1726/1824
f 1573/1726/1824 1625/1778/1876 1574/1727/1825
f 1574/1727/1825 1351/1459/1553 1312/1419/1516
f 1295/1402/1500 1626/1779/1877 1623/1776/1874
f 1623/1776/1874 1627/1780/1878 1624/1777/1875
f 1624/1777/1875 1628/1781/1879 1625/1778/1876
f 1625/1778/1876 1318/1425/1522 1351/1459/1553
f 1297/1404/1502 1629/1782/1880 1630/1783/1881
f 1630/1783/1881 1631/1784/1882 1632/1785/1883
f 1632/1785/1883 1633/1786/1884 1634/1787/1885
f 1634/1787/1885 1301/1408/1505 1300/1407/1504
f 1268/1375/1475 1576/1729/1827 1629/1782/1880
f 1629/1782/1880 1578/1731/1829 1631/1784/1882
f 1631/1784/1882 1580/1733/1831 1633/1786/1884
f 1633/1786/1884 1292/1399/1499 1301/1408/1505
f 1310/1417/1514 1457/1577/1674 1363/1471/1565
f 1635/1788/1886 1466/1586/1684 1457/1577/1674
f 1636/1789/1887 1462/1582/1680 1466/1586/1684
f 1637/1790/1888 1463/1583/1681 1462/1582/1680
f 1309/1416/1513 1635/1788/1886 1310/1417/1514
f 1440/1560/1657 1636/1789/1887 1635/1788/1886
f 1443/1563/1660 1637/1790/1888 1636/1789/1887
f 1452/1572/1669 1338/1446/1541 1637/1790/1888
f 1296/1403/1501 1638/1791/1889 1626/1779/1877
f 1626/1779/1877 1639/1792/1890 1627/1780/1878
f 1627/1780/1878 1640/1793/1891 1628/1781/1879
f 1628/1781/1879 1337/1445/1540 1318/1425/1522
f 1302/1409/1506 1469/1589/1688 1638/1791/1889
f 1638/1791/1889 1464/1584/1682 1639/1792/1890
f 1639/1792/1890 1461/1581/1679 1640/1793/1891
f 1640/1793/1891 1463/1583/1681 1337/1445/1540
f 1304/1411/1508 1641/1794/1892 1446/1566/1663
f 1446/1566/1663 1642/1795/1893 1448/1568/1665
f 1448/1568/1665 1643/1796/1894 1453/1573/1670
f 1453/1573/1670 1336/1444/1539 1335/1443/1538
f 1298/1405/1503 1630/1783/1881 1641/1794/1892
f 1641/1794/1892 1632/1785/1883 1642/1795/1893
f 1642/1795/1893 1634/1787/1885 1643/1796/1894
f 1643/1796/1894 1300/1407/1504 1336/1444/1539
f 1251/1358/1460 1404/1521/1611 1250/1357/1459
f 1644/1797/1895 1397/1512/1604 1404/1521/1611
f 1645/1798/1896 1393/1508/1600 1397/1512/1604
f 1646/1799/1897 1394/1509/1601 1393/1508/1600
f 1304/1411/1508 1644/1797/1895 1251/1358/1460
f 1447/1567/1664 1645/1798/1896 1644/1797/1895
f 1441/1561/1658 1646/1799/1897 1645/1798/1896
f 1439/1559/1656 1307/1414/1511 1646/1799/1897
f 1303/1410/1507 1647/1800/1898 1456/1801/1689
f 1456/1801/1899 1647/1800/1900 1648/1802/1901
f 1456/1576/1673 1360/1468/1562 1363/1471/1565
f 1253/1360/1462 1417/1534/1902 1647/1800/1898
f 1647/1800/1900 1410/1527/1903 1648/1802/1901
f 1648/1803/1904 1361/1469/1563 1360/1468/1562
f 1233/1340/1442 1378/1804/1905 1234/1341/1443
f 1649/1805/1906 1376/1485/1578 1378/1487/1580
f 1291/1398/1498 1649/1806/1907 1233/1340/1442
f 1427/1807/1640 1322/1429/1526 1649/1805/1906
f 1190/1297/1404 1365/1473/1567 1191/1298/1405
f 1223/1330/1433 1222/1329/1432 1224/1331/1434
f 1225/1332/1435 1224/1331/1434 1231/1338/1440
f 1232/1339/1441 1231/1338/1440 1233/1340/1442
f 1192/1299/1406 1191/1298/1405 1257/1364/1465
f 1259/1366/1467 1371/1480/1573 1260/1367/1468
f 1262/1369/1469 1313/1420/1517 1263/1370/1470
f 1264/1371/1471 1281/1388/1488 1265/1372/1472
f 1241/1348/1450 1203/1310/1414 1267/1374/1474
f 1269/1376/1476 1273/1380/1480 1270/1377/1477
f 1269/1376/1476 1271/1378/1478 1272/1379/1479
f 1273/1380/1480 1206/1313/1417 1274/1381/1481
f 1275/1382/1482 1330/1438/1533 1257/1364/1465
f 1276/1383/1483 1278/1385/1485 1277/1384/1484
f 1214/1321/1424 1343/1451/1546 1279/1386/1486
f 1280/1387/1487 1261/1368/1467 1281/1388/1488
f 1224/1331/1434 1369/1478/1571 1285/1392/1492
f 1266/1373/1473 1265/1372/1472 1286/1393/1493
f 1231/1338/1440 1285/1392/1492 1291/1398/1498
f 1292/1399/1499 1328/1436/1532 1293/1400/1467
f 1206/1313/1417 1205/1312/1416 1295/1402/1500
f 1249/1356/1458 1243/1350/1452 1297/1404/1502
f 1299/1406/1467 1320/1427/1524 1300/1407/1504
f 1246/1353/1455 1245/1352/1454 1302/1409/1506
f 1245/1352/1454 1253/1360/1462 1303/1410/1507
f 1251/1358/1460 1249/1356/1458 1298/1405/1503
f 1294/1401/1467 1293/1400/1467 1311/1418/1515
f 1208/1315/1419 1272/1379/1479 1313/1420/1517
f 1293/1400/1467 1329/1437/1467 1314/1421/1518
f 1203/1310/1414 1192/1299/1406 1258/1365/1466
f 1318/1425/1522 1337/1445/1540 1319/1426/1523
f 1261/1368/1467 1260/1367/1468 1326/1434/1530
f 1207/1314/1418 1305/1412/1509 1273/1380/1480
f 1328/1436/1532 1373/1482/1575 1329/1437/1467
f 1220/1327/1430 1277/1384/1484 1330/1438/1533
f 1319/1426/1523 1338/1446/1541 1335/1443/1538
f 1337/1445/1540 1463/1583/1681 1338/1446/1541
f 1197/1304/1409 1263/1370/1470 1343/1451/1546
f 1286/1393/1493 1364/1472/1566 1344/1452/1547
f 1348/1456/1467 1349/1457/1551 1314/1421/1518
f 1259/1366/1467 1366/1474/1568 1349/1457/1551
f 1294/1401/1467 1299/1406/1467 1301/1408/1505
f 1351/1459/1553 1318/1425/1522 1320/1427/1524
f 1356/1464/1558 1345/1453/1548 1357/1465/1559
f 1345/1453/1548 1344/1452/1547 1359/1467/1561
f 1243/1350/1452 1241/1348/1450 1268/1375/1475
f 1320/1427/1524 1319/1426/1523 1336/1444/1539
f 1265/1372/1472 1367/1475/1569 1364/1472/1566
f 1366/1474/1568 1259/1366/1467 1261/1368/1467
f 1281/1388/1488 1326/1434/1530 1367/1475/1569
f 1222/1329/1432 1279/1386/1486 1369/1478/1571
f 1371/1480/1573 1259/1366/1467 1348/1456/1467
f 1372/1481/1574 1348/1456/1467 1329/1437/1467
f 1287/1394/1494 1286/1393/1493 1345/1453/1548
f 1312/1419/1516 1351/1459/1553 1299/1406/1467
f 1330/1438/1533 1558/1711/1809 1557/1710/1808
f 1560/1713/1811 1562/1715/1813 1561/1714/1812
f 1564/1717/1815 1565/1718/1816 1562/1715/1813
f 1571/1724/1822 1570/1723/1821 1311/1418/1515
f 1569/1722/1820 1571/1724/1822 1586/1739/1837
f 1278/1385/1485 1593/1746/1844 1563/1716/1814
f 1279/1386/1486 1606/1759/1857 1605/1758/1856
f 1589/1742/1840 1591/1744/1842 1610/1763/1861
f 1620/1773/1871 1621/1774/1872 1438/1558/1654
f 1369/1478/1571 1605/1758/1856 1620/1773/1871
f 1625/1778/1876 1628/1781/1879 1318/1425/1522
f 1631/1784/1882 1578/1731/1829 1580/1733/1831
f 1296/1403/1501 1302/1409/1506 1638/1791/1889
f 1639/1792/1890 1464/1584/1682 1461/1581/1679
f 1304/1411/1508 1298/1405/1503 1641/1794/1892
f 1187/1294/1401 1256/1363/1402 1188/1295/1402
f 1193/1300/1402 1247/1354/1456 1194/1301/1407
f 1196/1303/1408 1262/1369/1469 1197/1304/1409
f 1199/1306/1402 1229/1336/1402 1200/1307/1411
f 1202/1309/1413 1190/1297/1404 1192/1299/1406
f 1204/1311/1415 1350/1458/1552 1205/1312/1416
f 1207/1314/1418 1269/1376/1476 1208/1315/1419
f 1195/1302/1402 1213/1320/1402 1210/1317/1421
f 1212/1319/1423 1346/1454/1549 1199/1306/1402
f 1198/1305/1410 1197/1304/1409 1214/1321/1424
f 1216/1323/1426 1282/1389/1489 1217/1324/1427
f 1219/1326/1429 1276/1383/1483 1220/1327/1430
f 1215/1322/1425 1214/1321/1424 1222/1329/1432
f 1226/1333/1436 1236/1343/1445 1227/1334/1437
f 1229/1336/1402 1342/1450/1545 1230/1337/1439
f 1235/1342/1444 1289/1396/1496 1236/1343/1445
f 1237/1344/1446 1339/1447/1542 1238/1345/1447
f 1240/1347/1449 1202/1309/1413 1203/1310/1414
f 1242/1349/1451 1240/1347/1449 1241/1348/1450
f 1244/1351/1453 1252/1359/1461 1245/1352/1454
f 1188/1295/1402 1374/1483/1576 1247/1354/1456
f 1248/1355/1457 1242/1349/1451 1243/1350/1452
f 1250/1357/1459 1248/1355/1457 1249/1356/1458
f 1252/1359/1461 1415/1532/1623 1253/1360/1462
f 1254/1361/1463 1316/1423/1520 1255/1362/1464
f 1217/1324/1427 1283/1390/1490 1278/1385/1485
f 1282/1389/1489 1284/1391/1491 1283/1390/1490
f 1227/1334/1437 1288/1395/1495 1284/1391/1491
f 1236/1343/1445 1290/1397/1497 1288/1395/1495
f 1289/1396/1496 1370/1479/1572 1290/1397/1497
f 1205/1312/1416 1246/1353/1455 1296/1403/1501
f 1305/1412/1509 1204/1311/1415 1206/1313/1417
f 1306/1413/1510 1394/1509/1601 1307/1414/1511
f 1308/1415/1512 1307/1414/1511 1309/1416/1513
f 1194/1301/1407 1212/1319/1423 1213/1320/1402
f 1209/1316/1420 1208/1315/1419 1262/1369/1469
f 1315/1422/1519 1332/1440/1535 1316/1423/1520
f 1189/1296/1403 1188/1295/1402 1193/1300/1402
f 1218/1325/1428 1217/1324/1427 1276/1383/1483
f 1321/1428/1525 1376/1485/1578 1322/1429/1526
f 1323/1431/1527 1322/1808/1526 1324/1432/1528
f 1221/1328/1431 1220/1327/1430 1275/1382/1482
f 1331/1439/1534 1422/1539/1634 1332/1440/1535
f 1333/1441/1536 1331/1439/1534 1315/1422/1519
f 1339/1447/1542 1352/1460/1554 1340/1448/1543
f 1341/1449/1544 1347/1455/1550 1342/1450/1545
f 1346/1454/1549 1341/1449/1544 1229/1336/1402
f 1347/1455/1550 1368/1477/1570 1237/1344/1446
f 1350/1458/1552 1244/1351/1453 1246/1353/1455
f 1352/1460/1554 1355/1463/1557 1353/1461/1555
f 1354/1462/1556 1385/1494/1587 1355/1463/1557
f 1306/1413/1510 1308/1415/1512 1360/1468/1562
f 1362/1470/1564 1254/1361/1463 1256/1363/1402
f 1308/1415/1512 1310/1417/1514 1363/1471/1565
f 1228/1335/1438 1227/1334/1437 1282/1389/1489
f 1334/1442/1537 1315/1422/1519 1254/1361/1463
f 1342/1450/1545 1237/1344/1446 1239/1346/1448
f 1327/1435/1531 1275/1382/1482 1191/1298/1405
f 1321/1476/1525 1323/1431/1527 1289/1396/1496
f 1368/1477/1570 1375/1484/1577 1339/1447/1542
f 1323/1431/1527 1325/1433/1529 1370/1479/1572
f 1317/1424/1521 1193/1300/1402 1195/1302/1402
f 1213/1320/1402 1199/1306/1402 1201/1308/1412
f 1256/1363/1402 1255/1362/1464 1374/1483/1576
f 1375/1484/1577 1354/1462/1556 1352/1460/1554
f 1376/1485/1578 1379/1488/1581 1377/1486/1579
f 1379/1488/1581 1388/1499/1590 1380/1489/1582
f 1377/1486/1579 1380/1489/1582 1382/1491/1584
f 1383/1492/1585 1387/1498/1589 1384/1493/1586
f 1386/1495/1588 1389/1505/1591 1387/1496/1589
f 1387/1498/1589 1380/1489/1582 1388/1499/1590
f 1389/1500/1591 1382/1491/1584 1380/1489/1582
f 1234/1341/1592 1378/1804/1908 1390/1501/1593
f 1391/1502/1594 1390/1501/1593 1389/1505/1596
f 1390/1501/1593 1381/1504/1909 1382/1506/1598
f 1392/1507/1599 1396/1511/1603 1393/1508/1600
f 1395/1510/1602 1398/1513/1605 1396/1511/1603
f 1396/1511/1603 1399/1514/1606 1397/1512/1604
f 1333/1515/1536 1402/1518/1609 1400/1516/1607
f 1402/1518/1609 1407/1524/1804 1403/1519/1610
f 1401/1517/1608 1400/1516/1607 1398/1513/1605
f 1400/1516/1607 1403/1519/1610 1399/1520/1606
f 1404/1521/1611 1406/1523/1613 1405/1522/1612
f 1397/1512/1604 1399/1514/1606 1406/1523/1613
f 1406/1523/1613 1403/1519/1615 1407/1524/1614
f 1361/1469/1563 1410/1809/1618 1408/1525/1616
f 1409/1526/1617 1408/1525/1616 1412/1529/1620
f 1408/1525/1616 1411/1528/1619 1414/1531/1622
f 1415/1532/1623 1418/1535/1626 1416/1533/1624
f 1418/1535/1626 1424/1542/1802 1419/1536/1627
f 1417/1534/1628 1416/1533/1624 1411/1528/1629
f 1416/1533/1624 1419/1536/1627 1414/1531/1631
f 1420/1537/1632 1423/1810/1635 1421/1538/1633
f 1413/1530/1621 1412/1529/1620 1423/1540/1635
f 1423/1540/1635 1419/1536/1637 1424/1542/1636
f 1412/1529/1620 1414/1531/1622 1419/1536/1637
f 1324/1432/1528 1427/1811/1640 1425/1544/1638
f 1426/1545/1639 1425/1544/1638 1429/1548/1642
f 1425/1544/1638 1428/1547/1910 1431/1550/1644
f 1291/1398/1498 1433/1553/1647 1432/1551/1645
f 1433/1553/1647 1438/1558/1654 1434/1554/1648
f 1432/1551/1645 1434/1554/1648 1431/1550/1650
f 1435/1555/1651 1437/1557/1653 1436/1556/1652
f 1430/1549/1643 1429/1548/1655 1437/1557/1653
f 1437/1557/1653 1434/1554/1648 1438/1558/1654
f 1429/1548/1655 1431/1550/1650 1434/1554/1648
f 1439/1559/1656 1442/1562/1659 1440/1560/1657
f 1441/1561/1658 1451/1571/1668 1442/1562/1659
f 1442/1562/1659 1445/1565/1662 1443/1563/1660
f 1442/1562/1659 1451/1571/1668 1444/1564/1661
f 1446/1566/1663 1449/1569/1666 1447/1567/1664
f 1448/1568/1665 1450/1570/1667 1449/1569/1666
f 1449/1569/1666 1451/1571/1668 1441/1561/1658
f 1450/1570/1667 1444/1564/1661 1451/1571/1668
f 1452/1572/1669 1454/1574/1671 1453/1573/1670
f 1443/1563/1660 1445/1565/1662 1454/1574/1671
f 1453/1573/1670 1454/1574/1671 1450/1570/1667
f 1454/1574/1671 1445/1565/1662 1444/1564/1661
f 1363/1471/1565 1457/1577/1674 1455/1575/1672
f 1457/1577/1674 1466/1586/1684 1458/1578/1675
f 1455/1575/1672 1458/1578/1675 1460/1580/1677
f 1461/1581/1679 1465/1585/1683 1462/1582/1680
f 1464/1584/1682 1467/1587/1685 1465/1585/1683
f 1465/1585/1683 1458/1578/1686 1466/1586/1684
f 1467/1587/1685 1460/1580/1691 1458/1578/1686
f 1303/1410/1507 1456/1801/1689 1468/1588/1687
f 1469/1589/1688 1468/1588/1687 1467/1587/1685
f 1468/1588/1687 1459/1579/1690 1460/1580/1691
f 1211/1318/1422 1210/1317/1421 1470/1591/1692
f 1471/1593/1693 1470/1599/1692 1472/1594/1694
f 1473/1595/1696 1472/1594/1701 1474/1596/1697
f 1474/1596/1697 1327/1435/1531 1365/1473/1567
f 1210/1317/1421 1201/1308/1412 1476/1598/1699
f 1470/1599/1692 1476/1637/1699 1477/1600/1700
f 1472/1594/1701 1477/1600/1739 1478/1601/1702
f 1478/1601/1702 1221/1328/1431 1327/1435/1531
f 1247/1354/1456 1480/1608/1704 1479/1602/1703
f 1480/1603/1704 1482/1606/1710 1481/1604/1705
f 1482/1606/1706 1486/1611/1712 1483/1607/1707
f 1483/1607/1707 1486/1611/1712 1305/1412/1509
f 1374/1483/1576 1484/1678/1709 1480/1608/1704
f 1484/1609/1709 1485/1610/1778 1482/1606/1710
f 1485/1610/1711 1537/1681/1780 1486/1611/1712
f 1486/1611/1712 1537/1681/1780 1204/1311/1415
f 1317/1424/1521 1488/1618/1714 1487/1612/1713
f 1488/1613/1714 1490/1616/1719 1489/1614/1715
f 1490/1616/1716 1492/1619/1720 1491/1617/1717
f 1491/1617/1717 1492/1619/1720 1190/1297/1404
f 1211/1318/1422 1471/1592/1693 1488/1618/1714
f 1471/1593/1693 1473/1595/1695 1490/1616/1719
f 1473/1595/1696 1475/1597/1698 1492/1619/1720
f 1492/1619/1720 1475/1597/1698 1365/1473/1567
f 1346/1454/1549 1212/1319/1423 1493/1620/1721
f 1494/1622/1722 1493/1627/1721 1495/1623/1723
f 1496/1624/1725 1495/1623/1728 1497/1625/1726
f 1497/1625/1726 1209/1316/1420 1196/1303/1408
f 1212/1319/1423 1194/1301/1407 1479/1602/1703
f 1493/1627/1721 1479/1605/1703 1481/1604/1705
f 1495/1623/1728 1481/1604/1708 1483/1607/1707
f 1483/1607/1707 1207/1314/1418 1209/1316/1420
f 1347/1628/1550 1341/1812/1544 1499/1629/1729
f 1500/1630/1730 1499/1629/1729 1501/1631/1731
f 1502/1632/1733 1501/1631/1736 1503/1633/1734
f 1503/1633/1734 1198/1305/1410 1215/1322/1425
f 1341/1449/1544 1346/1454/1549 1494/1621/1722
f 1499/1629/1729 1494/1622/1722 1496/1624/1724
f 1501/1631/1736 1496/1624/1725 1498/1626/1727
f 1498/1626/1727 1196/1303/1408 1198/1305/1410
f 1201/1308/1412 1200/1307/1411 1505/1636/1737
f 1476/1637/1699 1505/1641/1737 1506/1638/1738
f 1477/1600/1739 1506/1638/1743 1507/1639/1740
f 1507/1639/1740 1219/1326/1429 1221/1328/1431
f 1200/1307/1411 1230/1337/1439 1508/1640/1741
f 1505/1641/1737 1508/1645/1741 1509/1642/1742
f 1506/1638/1743 1509/1642/1747 1510/1643/1744
f 1510/1643/1744 1218/1325/1428 1219/1326/1429
f 1230/1337/1439 1239/1346/1448 1511/1644/1745
f 1508/1645/1741 1511/1649/1745 1512/1646/1746
f 1509/1642/1747 1512/1646/1751 1513/1647/1748
f 1513/1647/1748 1216/1323/1426 1218/1325/1428
f 1239/1346/1448 1238/1345/1447 1514/1648/1749
f 1511/1649/1745 1514/1669/1749 1515/1650/1750
f 1512/1646/1751 1515/1650/1769 1516/1651/1752
f 1516/1651/1752 1228/1335/1438 1216/1323/1426
f 1375/1652/1577 1368/1659/1570 1517/1653/1753
f 1518/1654/1754 1517/1653/1753 1519/1655/1755
f 1520/1656/1757 1519/1655/1760 1521/1657/1758
f 1521/1657/1758 1223/1330/1433 1225/1332/1435
f 1368/1659/1570 1347/1628/1550 1500/1630/1730
f 1517/1653/1753 1500/1630/1730 1502/1632/1732
f 1519/1655/1760 1502/1632/1733 1504/1634/1735
f 1504/1634/1735 1215/1322/1425 1223/1330/1433
f 1355/1463/1557 1524/1661/1762 1523/1660/1761
f 1524/1661/1762 1526/1663/1764 1525/1662/1763
f 1526/1663/1764 1528/1667/1766 1527/1664/1765
f 1528/1665/1766 1321/1476/1525 1235/1342/1444
f 1385/1494/1587 1384/1493/1586 1524/1661/1762
f 1384/1493/1586 1388/1499/1590 1526/1663/1764
f 1388/1499/1590 1379/1488/1581 1528/1667/1766
f 1379/1488/1581 1376/1485/1578 1321/1428/1525
f 1238/1345/1447 1340/1448/1543 1529/1668/1767
f 1514/1669/1749 1529/1813/1771 1530/1670/1768
f 1515/1650/1769 1530/1670/1772 1531/1671/1770
f 1516/1651/1752 1531/1671/1770 1226/1333/1436
f 1340/1448/1543 1353/1461/1555 1523/1660/1761
f 1529/1668/1771 1523/1660/1761 1525/1662/1763
f 1530/1670/1772 1525/1814/1763 1527/1666/1765
f 1527/1666/1765 1235/1342/1444 1226/1333/1436
f 1385/1673/1587 1354/1677/1556 1532/1674/1773
f 1383/1497/1585 1532/1674/1773 1533/1675/1774
f 1386/1495/1597 1533/1675/1776 1534/1676/1775
f 1391/1502/1594 1534/1676/1775 1232/1339/1441
f 1354/1677/1556 1375/1652/1577 1518/1654/1754
f 1532/1674/1773 1518/1654/1754 1520/1656/1756
f 1533/1675/1776 1520/1656/1757 1522/1658/1759
f 1534/1676/1775 1522/1658/1759 1225/1332/1435
f 1255/1362/1464 1535/1682/1777 1484/1678/1709
f 1535/1679/1777 1536/1680/1782 1485/1610/1778
f 1536/1680/1779 1540/1685/1784 1537/1681/1780
f 1537/1681/1780 1540/1685/1784 1350/1458/1552
f 1316/1423/1520 1538/1699/1781 1535/1682/1777
f 1538/1683/1781 1539/1684/1797 1536/1680/1782
f 1539/1684/1783 1552/1702/1799 1540/1685/1784
f 1540/1685/1784 1552/1702/1799 1244/1351/1453
f 1187/1294/1401 1542/1692/1786 1541/1686/1785
f 1542/1687/1786 1544/1690/1791 1543/1688/1787
f 1544/1690/1788 1546/1693/1792 1545/1691/1789
f 1545/1691/1789 1546/1693/1792 1240/1347/1449
f 1189/1296/1403 1487/1612/1713 1542/1692/1786
f 1487/1615/1713 1489/1614/1715 1544/1690/1791
f 1489/1614/1718 1491/1617/1717 1546/1693/1792
f 1546/1693/1792 1491/1617/1717 1202/1309/1413
f 1422/1539/1634 1331/1439/1534 1547/1694/1793
f 1420/1541/1632 1547/1698/1793 1548/1695/1794
f 1413/1530/1621 1548/1695/1794 1549/1696/1795
f 1409/1526/1617 1549/1696/1795 1306/1413/1510
f 1331/1439/1534 1333/1441/1536 1401/1697/1608
f 1547/1698/1793 1401/1517/1608 1395/1510/1602
f 1548/1695/1794 1395/1510/1602 1392/1507/1599
f 1549/1696/1795 1392/1507/1599 1394/1509/1601
f 1332/1440/1535 1550/1704/1796 1538/1699/1781
f 1550/1700/1796 1551/1701/1801 1539/1684/1797
f 1551/1701/1798 1553/1703/1800 1552/1702/1799
f 1553/1703/1800 1252/1359/1461 1244/1351/1453
f 1422/1539/1634 1421/1538/1633 1550/1704/1796
f 1421/1543/1633 1424/1542/1636 1551/1701/1801
f 1424/1542/1802 1418/1535/1626 1553/1703/1800
f 1418/1535/1626 1415/1532/1623 1252/1359/1461
f 1334/1442/1537 1554/1709/1803 1402/1705/1609
f 1554/1706/1803 1555/1707/1807 1407/1524/1804
f 1555/1707/1805 1556/1708/1806 1405/1522/1612
f 1556/1708/1806 1248/1355/1457 1250/1357/1459
f 1362/1470/1564 1541/1686/1785 1554/1709/1803
f 1541/1689/1785 1543/1688/1787 1555/1707/1807
f 1543/1688/1790 1545/1691/1789 1556/1708/1806
f 1545/1691/1789 1242/1349/1451 1248/1355/1457
f 1558/1711/1809 1560/1713/1811 1559/1712/1810
f 1562/1715/1813 1372/1481/1574 1373/1482/1575
f 1277/1384/1484 1563/1716/1814 1558/1711/1809
f 1563/1716/1814 1564/1717/1815 1560/1713/1811
f 1565/1718/1816 1371/1480/1573 1372/1481/1574
f 1271/1378/1478 1270/1377/1477 1566/1719/1817
f 1567/1720/1818 1566/1719/1817 1568/1721/1819
f 1569/1722/1820 1568/1721/1819 1570/1723/1821
f 1270/1377/1477 1274/1381/1481 1572/1725/1823
f 1566/1719/1817 1572/1725/1823 1573/1726/1824
f 1568/1721/1819 1573/1726/1824 1574/1727/1825
f 1570/1723/1821 1574/1727/1825 1312/1419/1516
f 1267/1374/1474 1258/1365/1466 1575/1728/1826
f 1576/1729/1827 1575/1728/1826 1577/1730/1828
f 1578/1731/1829 1577/1730/1828 1579/1732/1830
f 1580/1733/1831 1579/1732/1830 1328/1436/1532
f 1258/1365/1466 1257/1364/1465 1557/1710/1808
f 1575/1728/1826 1557/1710/1808 1559/1712/1810
f 1577/1730/1828 1559/1712/1810 1561/1714/1812
f 1579/1732/1830 1561/1714/1812 1373/1482/1575
f 1272/1379/1479 1582/1735/1833 1581/1734/1832
f 1582/1735/1833 1584/1737/1835 1583/1736/1834
f 1584/1737/1835 1586/1739/1837 1585/1738/1836
f 1586/1739/1837 1349/1457/1551 1366/1474/1568
f 1271/1378/1478 1567/1720/1818 1582/1735/1833
f 1567/1720/1818 1569/1722/1820 1584/1737/1835
f 1571/1724/1822 1314/1421/1518 1349/1457/1551
f 1263/1370/1470 1588/1741/1839 1587/1740/1838
f 1588/1741/1839 1590/1743/1841 1589/1742/1840
f 1590/1743/1841 1592/1745/1843 1591/1744/1842
f 1592/1745/1843 1280/1387/1487 1264/1371/1471
f 1313/1420/1517 1581/1734/1832 1588/1741/1839
f 1581/1734/1832 1583/1736/1834 1590/1743/1841
f 1583/1736/1834 1585/1738/1836 1592/1745/1843
f 1585/1738/1836 1366/1474/1568 1280/1387/1487
f 1593/1746/1844 1594/1747/1845 1564/1717/1815
f 1594/1747/1845 1595/1748/1846 1565/1718/1816
f 1595/1748/1846 1260/1367/1468 1371/1480/1573
f 1283/1390/1490 1596/1749/1847 1593/1746/1844
f 1596/1749/1847 1597/1750/1848 1594/1747/1845
f 1597/1750/1848 1598/1751/1849 1595/1748/1846
f 1598/1751/1849 1326/1434/1530 1260/1367/1468
f 1284/1391/1491 1599/1752/1850 1596/1749/1847
f 1599/1752/1850 1600/1753/1851 1597/1750/1848
f 1600/1753/1851 1601/1754/1852 1598/1751/1849
f 1601/1754/1852 1367/1475/1569 1326/1434/1530
f 1288/1395/1495 1602/1755/1853 1599/1752/1850
f 1602/1755/1853 1603/1756/1854 1600/1753/1851
f 1603/1756/1854 1604/1757/1855 1601/1754/1852
f 1604/1757/1855 1364/1472/1566 1367/1475/1569
f 1606/1759/1857 1608/1761/1859 1607/1760/1858
f 1608/1761/1859 1610/1763/1861 1609/1762/1860
f 1610/1763/1861 1266/1373/1473 1287/1394/1494
f 1343/1451/1546 1587/1740/1838 1606/1759/1857
f 1587/1740/1838 1589/1742/1840 1608/1761/1859
f 1591/1744/1842 1264/1371/1471 1266/1373/1473
f 1370/1479/1572 1325/1433/1529 1611/1764/1862
f 1612/1765/1863 1611/1764/1862 1613/1766/1864
f 1614/1767/1865 1613/1766/1864 1615/1768/1866
f 1616/1769/1867 1615/1768/1866 1357/1465/1559
f 1325/1433/1529 1324/1432/1528 1426/1545/1639
f 1611/1764/1862 1426/1545/1639 1430/1549/1643
f 1613/1766/1864 1430/1549/1643 1435/1555/1651
f 1615/1768/1866 1435/1555/1651 1358/1466/1560
f 1290/1397/1497 1617/1770/1868 1602/1755/1853
f 1617/1770/1868 1618/1771/1869 1603/1756/1854
f 1618/1771/1869 1619/1772/1870 1604/1757/1855
f 1619/1772/1870 1344/1452/1547 1364/1472/1566
f 1370/1479/1572 1612/1765/1863 1617/1770/1868
f 1612/1765/1863 1614/1767/1865 1618/1771/1869
f 1614/1767/1865 1616/1769/1867 1619/1772/1870
f 1616/1769/1867 1359/1467/1561 1344/1452/1547
f 1285/1392/1492 1620/1773/1871 1433/1553/1647
f 1621/1774/1872 1622/1775/1873 1436/1556/1652
f 1622/1775/1873 1356/1464/1558 1358/1466/1560
f 1605/1758/1856 1607/1760/1858 1621/1774/1872
f 1607/1760/1858 1609/1762/1860 1622/1775/1873
f 1609/1762/1860 1287/1394/1494 1356/1464/1558
f 1274/1381/1481 1295/1402/1500 1623/1776/1874
f 1572/1725/1823 1623/1776/1874 1624/1777/1875
f 1573/1726/1824 1624/1777/1875 1625/1778/1876
f 1574/1727/1825 1625/1778/1876 1351/1459/1553
f 1295/1402/1500 1296/1403/1501 1626/1779/1877
f 1623/1776/1874 1626/1779/1877 1627/1780/1878
f 1624/1777/1875 1627/1780/1878 1628/1781/1879
f 1297/1404/1502 1268/1375/1475 1629/1782/1880
f 1630/1783/1881 1629/1782/1880 1631/1784/1882
f 1632/1785/1883 1631/1784/1882 1633/1786/1884
f 1634/1787/1885 1633/1786/1884 1301/1408/1505
f 1268/1375/1475 1267/1374/1474 1576/1729/1827
f 1629/1782/1880 1576/1729/1827 1578/1731/1829
f 1633/1786/1884 1580/1733/1831 1292/1399/1499
f 1310/1417/1514 1635/1788/1886 1457/1577/1674
f 1635/1788/1886 1636/1789/1887 1466/1586/1684
f 1636/1789/1887 1637/1790/1888 1462/1582/1680
f 1637/1790/1888 1338/1446/1541 1463/1583/1681
f 1309/1416/1513 1440/1560/1657 1635/1788/1886
f 1440/1560/1657 1443/1563/1660 1636/1789/1887
f 1443/1563/1660 1452/1572/1669 1637/1790/1888
f 1452/1572/1669 1335/1443/1538 1338/1446/1541
f 1626/1779/1877 1638/1791/1889 1639/1792/1890
f 1627/1780/1878 1639/1792/1890 1640/1793/1891
f 1628/1781/1879 1640/1793/1891 1337/1445/1540
f 1302/1409/1506 1303/1410/1507 1469/1589/1688
f 1638/1791/1889 1469/1589/1688 1464/1584/1682
f 1640/1793/1891 1461/1581/1679 1463/1583/1681
f 1446/1566/1663 1641/1794/1892 1642/1795/1893
f 1448/1568/1665 1642/1795/1893 1643/1796/1894
f 1453/1573/1670 1643/1796/1894 1336/1444/1539
f 1298/1405/1503 1297/1404/1502 1630/1783/1881
f 1641/1794/1892 1630/1783/1881 1632/1785/1883
f 1642/1795/1893 1632/1785/1883 1634/1787/1885
f 1643/1796/1894 1634/1787/1885 1300/1407/1504
f 1251/1358/1460 1644/1797/1895 1404/1521/1611
f 1644/1797/1895 1645/1798/1896 1397/1512/1604
f 1645/1798/1896 1646/1799/1897 1393/1508/1600
f 1646/1799/1897 1307/1414/1511 1394/1509/1601
f 1304/1411/1508 1447/1567/1664 1644/1797/1895
f 1447/1567/1664 1441/1561/1658 1645/1798/1896
f 1441/1561/1658 1439/1559/1656 1646/1799/1897
f 1439/1559/1656 1309/1416/1513 1307/1414/1511
f 1303/1410/1507 1253/1360/1462 1647/1800/1898
f 1456/1576/1673 1648/1803/1904 1360/1468/1562
f 1253/1360/1462 1415/1532/1623 1417/1534/1902
f 1647/1800/1900 1417/1534/1911 1410/1527/1903
f 1648/1803/1904 1410/1809/1618 1361/1469/1563
f 1233/1340/1442 1649/1806/1907 1378/1804/1905
f 1649/1805/1906 1322/1429/1526 1376/1485/1578
f 1291/1398/1498 1427/1552/1646 1649/1806/1907
f 1427/1807/1640 1324/1815/1528 1322/1429/1526
f 1650/1816/1912 1651/1817/1913 1652/1818/1914
f 1653/1819/1915 1654/1820/1916 1655/1821/1917
f 1656/1822/1913 1657/1823/1918 1658/1824/1913
f 1659/1825/1919 1660/1826/1920 1661/1827/1921
f 1662/1828/1913 1663/1829/1922 1664/1830/1923
f 1665/1831/1924 1655/1821/1917 1666/1832/1925
f 1667/1833/1926 1668/1834/1927 1669/1835/1928
f 1670/1836/1929 1671/1837/1930 1672/1838/1931
f 1658/1824/1913 1673/1839/1932 1674/1840/1933
f 1675/1841/1934 1662/1828/1913 1676/1842/1913
f 1661/1827/1921 1677/1843/1935 1678/1844/1936
f 1679/1845/1937 1680/1846/1938 1681/1847/1939
f 1682/1848/1940 1683/1849/1941 1684/1850/1942
f 1678/1844/1936 1685/1851/1943 1686/1852/1944
f 1686/1852/1944 1687/1853/1945 1688/1854/1946
f 1689/1855/1947 1690/1856/1948 1691/1857/1949
f 1692/1858/1913 1693/1859/1950 1663/1829/1922
f 1688/1854/1946 1694/1860/1951 1695/1861/1952
f 1695/1861/1952 1696/1862/1953 1697/1863/1954
f 1698/1864/1955 1699/1865/1956 1689/1855/1947
f 1700/1866/1913 1701/1867/1957 1702/1868/1958
f 1703/1869/1959 1666/1832/1925 1704/1870/1960
f 1705/1871/1961 1704/1870/1960 1706/1872/1962
f 1707/1873/1963 1708/1874/1964 1709/1875/1965
f 1651/1817/1913 1710/1876/1966 1656/1822/1913
f 1711/1877/1967 1706/1872/1962 1712/1878/1968
f 1713/1879/1969 1712/1878/1968 1714/1880/1970
f 1715/1881/1971 1716/1882/1972 1708/1874/1964
f 1717/1883/1913 1718/1884/1973 1719/1885/1913
f 1655/1821/1917 1720/1886/1974 1721/1887/1975
f 1722/1888/1976 1723/1889/1977 1724/1890/1976
f 1725/1891/1978 1726/1892/1979 1660/1826/1920
f 1727/1893/1980 1728/1894/1976 1729/1895/1981
f 1704/1870/1960 1730/1896/1982 1731/1897/1983
f 1732/1898/1984 1733/1899/1985 1734/1900/1986
f 1732/1898/1984 1735/1901/1987 1671/1837/1930
f 1736/1902/1988 1737/1903/1989 1733/1899/1985
f 1738/1904/1990 1720/1886/1974 1654/1820/1916
f 1739/1905/1991 1740/1906/1992 1683/1849/1941
f 1680/1846/1938 1741/1907/1993 1739/1905/1991
f 1677/1843/1935 1742/1908/1994 1685/1851/1943
f 1743/1909/1995 1744/1910/1976 1727/1893/1980
f 1745/1911/1996 1746/1912/1997 1680/1846/1938
f 1690/1856/1948 1747/1913/1998 1745/1911/1996
f 1687/1853/1945 1748/1914/1999 1694/1860/1951
f 1729/1895/1981 1749/1915/2000 1750/1916/2001
f 1699/1865/1956 1751/1917/2002 1690/1856/1948
f 1752/1918/2003 1753/1919/2004 1699/1865/1956
f 1694/1860/1951 1754/1920/2005 1696/1862/1953
f 1755/1921/2006 1756/1922/1976 1757/1923/1976
f 1669/1835/1928 1758/1924/2007 1737/1903/1989
f 1668/1834/1927 1759/1925/2008 1758/1924/2007
f 1712/1878/1968 1760/1926/2009 1761/1927/2010
f 1762/1928/1976 1763/1929/2011 1764/1930/2012
f 1709/1875/1965 1765/1931/2013 1759/1925/2008
f 1708/1874/1964 1766/1932/2014 1765/1931/2013
f 1714/1880/1970 1761/1927/2010 1767/1933/2015
f 1768/1934/2016 1669/1835/1928 1736/1902/1988
f 1769/1935/2017 1714/1936/1970 1770/1937/2018
f 1770/1937/2018 1767/1938/2015 1771/1939/2019
f 1757/1923/1976 1772/1940/2020 1773/1941/2021
f 1657/1823/1918 1676/1842/1913 1658/1824/1913
f 1672/1838/1931 1725/1891/1978 1659/1825/1919
f 1671/1837/1930 1774/1942/2022 1725/1891/1978
f 1756/1922/1976 1775/1943/2023 1772/1940/2020
f 1776/1944/1913 1777/1945/2024 1717/1883/1913
f 1652/1818/1914 1656/1822/1913 1778/1946/2025
f 1666/1832/1925 1721/1887/1975 1730/1896/1982
f 1779/1947/2026 1780/1948/1976 1781/1949/1976
f 1681/1847/1939 1739/1905/1991 1682/1848/1940
f 1782/1950/2027 1783/1951/2028 1784/1952/2029
f 1784/1952/2029 1785/1953/2030 1786/1954/2031
f 1724/1890/1976 1787/1955/2032 1744/1910/1976
f 1684/1850/1942 1738/1904/1990 1788/1956/2033
f 1670/1836/1929 1736/1902/1988 1732/1898/1984
f 1789/1957/2034 1790/1958/1976 1756/1922/1976
f 1683/1849/1941 1791/1959/2035 1738/1904/1990
f 1792/1960/2036 1793/1961/2037 1776/1944/1913
f 1794/1962/2038 1776/1944/1913 1795/1963/2039
f 1780/1948/1976 1796/1964/2040 1797/1965/2041
f 1798/1966/2042 1799/1967/2043 1780/1948/1976
f 1800/1968/2044 1801/1969/2045 1701/1867/1957
f 1802/1970/2046 1803/1971/1913 1692/1858/1913
f 1660/1826/1920 1804/1972/2047 1677/1843/1935
f 1749/1915/2000 1805/1973/2048 1806/1974/2049
f 1807/1975/2050 1692/1858/1913 1662/1828/1913
f 1808/1976/2051 1700/1866/1913 1803/1971/1913
f 1809/1977/1976 1775/1943/2023 1790/1958/1976
f 1722/1888/1976 1810/1978/2052 1809/1977/1976
f 1811/1979/2053 1709/1875/1965 1668/1834/1927
f 1757/1923/1976 1764/1930/2012 1755/1921/2006
f 1812/1980/2054 1781/1949/1976 1762/1928/1976
f 1813/1981/2055 1814/1982/2056 1801/1969/2045
f 1815/1983/2057 1816/1984/2058 1813/1981/2055
f 1817/1985/2059 1818/1986/2060 1819/1987/2061
f 1806/1974/2049 1820/1988/2062 1818/1986/2060
f 1769/1935/2017 1821/1989/2063 1822/1990/2064
f 1823/1991/2065 1719/1885/1913 1650/1816/1912
f 1706/1872/1962 1731/1897/1983 1760/1926/2009
f 1770/1937/2018 1824/1992/2066 1821/1989/2063
f 1691/1857/1949 1745/1911/1996 1679/1845/1937
f 1795/1963/2039 1717/1883/1913 1823/1991/2065
f 1781/1949/1976 1797/1965/2041 1763/1929/2011
f 1728/1894/1976 1825/1993/2067 1749/1915/2000
f 1803/1971/1913 1702/1868/1958 1693/1859/1950
f 1788/1956/2033 1654/1820/1916 1826/1994/2068
f 1827/1995/2069 1724/1890/1976 1743/1909/1995
f 1744/1910/1976 1828/1996/2070 1728/1894/1976
f 1782/1950/2027 1752/1918/2003 1698/1864/1955
f 1829/1997/2071 1800/1968/2044 1700/1866/1913
f 1685/1851/1943 1830/1998/2072 1687/1853/1945
f 1784/1952/2029 1831/1999/2073 1752/1918/2003
f 1778/1946/2025 1658/1824/1913 1674/1840/1933
f 1676/1842/1913 1664/1830/1923 1673/1839/1932
f 1832/2000/2074 1809/1977/1976 1833/2001/2075
f 1833/2001/2075 1790/1958/1976 1834/2002/2076
f 1719/1885/1913 1835/2003/2077 1651/1817/1913
f 1836/2004/2078 1813/1981/2055 1800/1968/2044
f 1750/1916/2001 1806/1974/2049 1817/1985/2059
f 1773/1941/2021 1762/1928/1976 1757/1923/1976
f 1837/2005/2079 1838/2006/2080 1839/2007/2081
f 1840/2008/2082 1841/2009/2083 1838/2006/2080
f 1839/2007/2081 1838/2006/2080 1842/2010/2084
f 1838/2006/2080 1843/2011/2085 1842/2010/2084
f 1844/2012/2086 1845/2013/2087 1846/2014/2088
f 1847/2015/2089 1848/2016/2090 1844/2012/2086
f 1848/2016/2090 1849/2017/2091 1845/2013/2087
f 1850/2018/2092 1841/2009/2083 1848/2016/2090
f 1697/1863/1954 1851/2019/2093 1852/2020/2094
f 1853/2021/2095 1842/2010/2096 1851/2022/2093
f 1852/2023/2094 1850/2018/2097 1847/2015/2098
f 1851/2022/2093 1843/2011/2099 1850/2018/2097
f 1822/1990/2064 1854/2024/2100 1855/2025/2101
f 1856/2026/2102 1857/2027/2103 1854/2024/2100
f 1855/2025/2101 1858/2028/2104 1859/2029/2105
f 1854/2024/2100 1860/2030/2106 1858/2028/2104
f 1861/2031/2107 1862/2032/2108 1863/2033/2109
f 1864/2034/2110 1865/2035/2111 1862/2036/2108
f 1863/2037/2112 1857/2027/2113 1856/2026/2114
f 1862/2036/2108 1860/2030/2115 1857/2027/2113
f 1866/2038/2116 1867/2039/2117 1868/2040/2118
f 1859/2029/2105 1869/2041/2119 1866/2038/2116
f 1869/2041/2119 1870/2042/2120 1867/2039/2117
f 1858/2028/2104 1865/2035/2121 1869/2041/2119
f 1785/1953/2030 1871/2043/2122 1872/2044/2123
f 1873/2045/2124 1874/2046/2125 1871/2043/2122
f 1872/2044/2123 1875/2047/2126 1876/2048/2127
f 1871/2043/2122 1877/2049/2128 1875/2047/2126
f 1754/1920/2005 1878/2050/2129 1873/2051/2130
f 1879/2052/2131 1880/2053/2132 1878/2050/2129
f 1873/2051/2130 1878/2050/2129 1874/2046/2133
f 1878/2050/2129 1877/2049/2134 1874/2046/2133
f 1881/2054/2135 1882/2055/2136 1819/1987/2061
f 1876/2048/2127 1883/2056/2137 1881/2054/2135
f 1883/2056/2137 1884/2057/2138 1882/2055/2136
f 1875/2047/2139 1880/2053/2132 1883/2056/2137
f 1824/1992/2066 1885/2058/2140 1886/2059/2141
f 1887/2060/2142 1888/2061/2143 1885/2058/2140
f 1886/2059/2141 1885/2058/2140 1889/2062/2144
f 1885/2058/2140 1890/2063/2145 1889/2062/2144
f 1891/2064/2146 1892/2065/2147 1893/2066/2148
f 1894/2067/2149 1895/2068/2150 1891/2064/2146
f 1895/2068/2150 1896/2069/2151 1892/2065/2147
f 1897/2070/2152 1888/2071/2153 1895/2068/2150
f 1766/1932/2014 1898/2072/2154 1899/2073/2155
f 1886/2074/2156 1889/2075/2157 1898/2072/2154
f 1899/2073/2155 1897/2070/2152 1894/2067/2149
f 1898/2072/2154 1890/2076/2158 1897/2070/2152
f 1674/1840/1933 1900/2077/2159 1901/2078/2160
f 1901/2078/2160 1902/2079/2161 1903/2080/2162
f 1903/2080/2163 1904/2081/2164 1905/2082/2165
f 1904/2083/2164 1826/1994/2068 1905/2084/2165
f 1673/1839/1932 1906/2085/2166 1900/2077/2159
f 1900/2077/2159 1907/2086/2167 1902/2079/2161
f 1902/2079/2168 1908/2087/2169 1904/2081/2164
f 1908/2088/2169 1788/1956/2033 1904/2083/2164
f 1710/1876/1966 1909/2089/2170 1657/1823/1918
f 1910/2090/2171 1911/2091/2172 1909/2089/2170
f 1912/2092/2173 1913/2093/2174 1911/2091/2175
f 1913/2094/2174 1768/1934/2016 1670/1836/1929
f 1835/2003/2077 1910/2090/2171 1710/1876/1966
f 1914/2095/2176 1912/2092/2177 1910/2090/2171
f 1915/2096/2178 1916/2097/2179 1912/2092/2173
f 1916/2098/2179 1667/1833/1926 1768/1934/2016
f 1778/1946/2025 1917/2099/2180 1652/1818/1914
f 1918/2100/2181 1919/2101/2182 1917/2099/2180
f 1920/2102/2183 1921/2103/2184 1919/2101/2185
f 1921/2103/2184 1653/2104/1915 1665/2105/1924
f 1674/1840/1933 1918/2100/2181 1778/1946/2025
f 1901/2078/2160 1920/2102/2186 1918/2100/2181
f 1903/2080/2163 1922/2106/2187 1920/2102/2183
f 1922/2106/2187 1826/2107/2068 1653/2104/1915
f 1807/1975/2050 1923/2108/2188 1924/2109/2189
f 1924/2109/2189 1925/2110/2190 1926/2111/2191
f 1926/2111/2192 1927/2112/2193 1928/2113/2194
f 1927/2114/2193 1659/1825/1919 1928/2115/2194
f 1675/1841/1934 1909/2089/2170 1923/2108/2188
f 1923/2108/2188 1911/2091/2172 1925/2110/2190
f 1925/2110/2195 1913/2093/2174 1927/2112/2193
f 1913/2094/2174 1672/1838/1931 1927/2114/2193
f 1808/1976/2051 1929/2116/2196 1930/2117/2197
f 1930/2117/2197 1931/2118/2198 1932/2119/2199
f 1932/2119/2200 1933/2120/2201 1934/2121/2202
f 1933/2122/2201 1678/1844/1936 1934/2123/2202
f 1802/1970/2046 1924/2109/2189 1929/2116/2196
f 1929/2116/2196 1926/2111/2191 1931/2118/2198
f 1931/2118/2203 1928/2113/2194 1933/2120/2201
f 1928/2115/2194 1661/1827/1921 1933/2122/2201
f 1664/1830/1923 1935/2124/2204 1906/2085/2166
f 1906/2085/2166 1936/2125/2205 1907/2086/2167
f 1907/2086/2206 1937/2126/2207 1908/2087/2169
f 1937/2127/2207 1684/1850/1942 1908/2088/2169
f 1663/1829/1922 1938/2128/2208 1935/2124/2204
f 1935/2124/2204 1939/2129/2209 1936/2125/2205
f 1936/2125/2210 1940/2130/2211 1937/2126/2207
f 1940/2131/2211 1682/1848/1940 1937/2127/2207
f 1693/1859/1950 1941/2132/2212 1938/2128/2208
f 1938/2128/2208 1942/2133/2213 1939/2129/2209
f 1939/2129/2214 1943/2134/2215 1940/2130/2211
f 1943/2135/2215 1681/1847/1939 1940/2131/2211
f 1702/1868/1958 1944/2136/2216 1941/2132/2212
f 1941/2132/2212 1945/2137/2217 1942/2133/2213
f 1942/2133/2218 1946/2138/2219 1943/2134/2215
f 1946/2139/2219 1679/1845/1937 1943/2135/2215
f 1836/2004/2078 1947/2140/2220 1948/2141/2221
f 1948/2141/2221 1949/2142/2222 1950/2143/2223
f 1950/2143/2224 1951/2144/2225 1952/2145/2226
f 1951/2146/2225 1688/1854/1946 1952/2147/2226
f 1829/1997/2071 1930/2117/2197 1947/2140/2220
f 1947/2140/2220 1932/2119/2199 1949/2142/2222
f 1949/2142/2227 1934/2121/2202 1951/2144/2225
f 1934/2123/2202 1686/1852/1944 1951/2146/2225
f 1816/1984/2058 1953/2148/2228 1814/1982/2056
f 1954/2149/2229 1955/2150/2230 1953/2148/2228
f 1956/2151/2231 1957/2152/2232 1955/2150/2230
f 1958/2153/2233 1698/1864/1955 1957/2154/2232
f 1846/2014/2088 1954/2149/2229 1816/1984/2058
f 1845/2013/2087 1956/2151/2231 1954/2149/2229
f 1849/2017/2091 1958/2155/2233 1956/2151/2231
f 1840/2008/2082 1782/2156/2027 1958/2155/2233
f 1701/1867/1957 1959/2157/2234 1944/2136/2216
f 1944/2136/2216 1960/2158/2235 1945/2137/2217
f 1945/2137/2236 1961/2159/2237 1946/2138/2219
f 1946/2139/2219 1689/1855/1947 1691/1857/1949
f 1801/1969/2045 1953/2148/2228 1959/2157/2234
f 1959/2157/2238 1955/2150/2230 1960/2158/2235
f 1960/2158/2239 1957/2152/2232 1961/2159/2237
f 1957/2154/2232 1689/1855/1947 1961/2160/2237
f 1846/2014/2088 1962/2161/2240 1844/2012/2086
f 1844/2012/2086 1963/2162/2241 1847/2015/2089
f 1847/2015/2098 1964/2163/2242 1852/2023/2094
f 1852/2020/2094 1695/1861/1952 1697/1863/1954
f 1815/1983/2057 1948/2141/2221 1962/2161/2240
f 1962/2161/2240 1950/2143/2223 1963/2162/2241
f 1963/2162/2243 1952/2145/2226 1964/2163/2242
f 1964/2164/2242 1688/1854/1946 1695/1861/1952
f 1718/1884/1973 1914/2095/2176 1835/2003/2077
f 1965/2165/2244 1915/2096/2245 1914/2095/2176
f 1966/2166/2246 1967/2167/2247 1915/2096/2178
f 1967/2168/2247 1811/1979/2053 1667/1833/1926
f 1777/1945/2024 1965/2165/2244 1718/1884/1973
f 1968/2169/2248 1966/2166/2249 1965/2165/2244
f 1969/2170/2250 1970/2171/2251 1966/2166/2246
f 1970/2172/2251 1707/1873/1963 1811/1979/2053
f 1650/1816/1912 1971/2173/2252 1823/1991/2065
f 1972/2174/2253 1973/2175/2254 1971/2173/2252
f 1974/2176/2255 1975/2177/2256 1973/2175/2257
f 1975/2177/2256 1703/2178/1959 1705/2179/1961
f 1652/1818/1914 1972/2174/2253 1650/1816/1912
f 1917/2099/2180 1974/2176/2258 1972/2174/2253
f 1919/2101/2185 1976/2180/2259 1974/2176/2255
f 1976/2180/2259 1665/2105/1924 1703/2178/1959
f 1868/2040/2118 1977/2181/2260 1866/2038/2116
f 1866/2038/2116 1978/2182/2261 1859/2029/2105
f 1859/2029/2105 1979/2183/2262 1855/2025/2101
f 1855/2025/2101 1769/1935/2017 1822/1990/2064
f 1792/1960/2036 1980/2184/2263 1977/2181/2260
f 1977/2181/2260 1981/2185/2264 1978/2182/2261
f 1978/2182/2261 1982/2186/2265 1979/2183/2262
f 1979/2183/2262 1713/2187/1969 1769/1935/2017
f 1793/1961/2037 1968/2169/2248 1777/1945/2024
f 1983/2188/2266 1969/2170/2267 1968/2169/2248
f 1984/2189/2268 1985/2190/2269 1969/2170/2250
f 1986/2191/2270 1707/1873/1963 1985/2192/2269
f 1868/2040/2118 1983/2188/2266 1793/1961/2037
f 1867/2039/2117 1984/2189/2271 1983/2188/2266
f 1870/2042/2272 1986/2193/2270 1984/2189/2268
f 1864/2194/2110 1715/1881/1971 1986/2191/2270
f 1795/1963/2039 1980/2184/2263 1794/1962/2038
f 1987/2195/2273 1981/2185/2264 1980/2184/2263
f 1988/2196/2274 1982/2186/2265 1981/2185/2264
f 1982/2186/2265 1711/2197/1967 1713/2187/1969
f 1823/1991/2065 1987/2195/2273 1795/1963/2039
f 1971/2173/2252 1988/2196/2275 1987/2195/2273
f 1973/2175/2257 1989/2198/2276 1988/2196/2274
f 1975/2177/2256 1711/2197/1967 1989/2198/2276
f 1791/1959/2035 1990/2199/2277 1720/1886/1974
f 1991/2200/2278 1992/2201/2279 1990/2199/2277
f 1993/2202/2280 1994/2203/2281 1992/2201/2279
f 1995/2204/2282 1834/2002/2076 1994/2203/2281
f 1740/1906/1992 1991/2200/2278 1791/1959/2035
f 1996/2205/2283 1993/2202/2280 1991/2200/2278
f 1997/2206/2284 1995/2204/2282 1993/2202/2280
f 1998/2207/2285 1833/2001/2075 1995/2204/2282
f 1734/1900/1986 1999/2208/2286 2000/2209/2287
f 2000/2209/2287 2001/2210/2288 2002/2211/2289
f 2002/2211/2289 2003/2212/2290 2004/2213/2291
f 2004/2213/2291 1772/1940/2020 1775/1943/2023
f 1733/1899/1985 2005/2214/2292 1999/2208/2286
f 1999/2208/2286 2006/2215/2293 2001/2210/2288
f 2001/2210/2288 2007/2216/2294 2003/2212/2290
f 2003/2212/2290 1773/1941/2021 1772/1940/2020
f 1730/1896/1982 2008/2217/2295 2009/2218/2296
f 2009/2218/2296 2010/2219/2297 2011/2220/2298
f 2011/2220/2298 2012/2221/2299 2013/2222/2300
f 2013/2222/2300 1789/1957/2034 1755/1921/2006
f 1721/1887/1975 1990/2199/2277 2008/2217/2295
f 2008/2217/2295 1992/2201/2279 2010/2219/2297
f 2010/2219/2297 1994/2203/2281 2012/2221/2299
f 2012/2221/2299 1834/2002/2076 1789/1957/2034
f 1735/1901/1987 2014/2223/2301 1774/1942/2022
f 2015/2224/2302 2016/2225/2303 2014/2223/2301
f 2017/2226/2304 2018/2227/2305 2016/2225/2303
f 2019/2228/2306 1827/1995/2069 2018/2227/2305
f 1734/1900/1986 2015/2224/2302 1735/1901/1987
f 2000/2209/2287 2017/2226/2304 2015/2224/2302
f 2002/2211/2289 2019/2228/2306 2017/2226/2304
f 2004/2213/2291 1810/1978/2052 2019/2228/2306
f 1726/1892/1979 2020/2229/2307 1804/1972/2047
f 2021/2230/2308 2022/2231/2309 2020/2229/2307
f 2023/2232/2310 2024/2233/2311 2022/2231/2309
f 2025/2234/2312 1727/1893/1980 2024/2233/2311
f 1774/1942/2022 2021/2230/2308 1726/1892/1979
f 2014/2223/2301 2023/2232/2310 2021/2230/2308
f 2016/2225/2303 2025/2234/2312 2023/2232/2310
f 2018/2227/2305 1743/1909/1995 2025/2234/2312
f 1741/1907/1993 1996/2205/2283 1740/1906/1992
f 2026/2235/2313 1997/2206/2284 1996/2205/2283
f 2027/2236/2314 1998/2207/2285 1997/2206/2284
f 2028/2237/2315 1832/2000/2074 1998/2207/2285
f 1746/1912/1997 2026/2235/2313 1741/1907/1993
f 2029/2238/2316 2027/2236/2314 2026/2235/2313
f 2030/2239/2317 2028/2237/2315 2027/2236/2314
f 2031/2240/2318 1723/1889/1977 2028/2237/2315
f 1747/1913/1998 2029/2238/2316 1746/1912/1997
f 2032/2241/2319 2030/2239/2317 2029/2238/2316
f 2033/2242/2320 2031/2240/2318 2030/2239/2317
f 2034/2243/2321 1787/1955/2032 2031/2240/2318
f 1751/1917/2002 2032/2241/2319 1747/1913/1998
f 2035/2244/2322 2033/2242/2320 2032/2241/2319
f 2036/2245/2323 2034/2243/2321 2033/2242/2320
f 2037/2246/2324 1828/1996/2070 2034/2243/2321
f 1742/1908/1994 2038/2247/2325 1830/1998/2072
f 2039/2248/2326 2040/2249/2327 2038/2247/2325
f 2041/2250/2328 2042/2251/2329 2040/2249/2327
f 2043/2252/2330 1750/1916/2001 2042/2251/2329
f 1804/1972/2047 2039/2248/2326 1742/1908/1994
f 2020/2229/2307 2041/2250/2328 2039/2248/2326
f 2022/2231/2309 2043/2252/2330 2041/2250/2328
f 2024/2233/2311 1729/1895/1981 2043/2252/2330
f 1831/1999/2073 2044/2253/2331 2045/2254/2332
f 2045/2254/2332 2046/2255/2333 2047/2256/2334
f 2047/2256/2334 2048/2257/2335 2049/2258/2336
f 2049/2258/2336 1818/1986/2060 1820/1988/2062
f 1786/1954/2031 1872/2044/2123 2044/2253/2331
f 2044/2253/2331 1876/2048/2127 2046/2255/2333
f 2046/2255/2333 1881/2054/2135 2048/2257/2335
f 2048/2257/2335 1819/1987/2061 1818/1986/2060
f 1753/1919/2004 2035/2244/2322 1751/1917/2002
f 2050/2259/2337 2036/2245/2323 2035/2244/2322
f 2051/2260/2338 2037/2246/2324 2036/2245/2323
f 2052/2261/2339 1825/1993/2067 2037/2246/2324
f 1831/1999/2073 2050/2259/2337 1753/1919/2004
f 2045/2254/2332 2051/2260/2338 2050/2259/2337
f 2047/2256/2334 2052/2261/2339 2051/2260/2338
f 2049/2258/2336 1805/1973/2048 2052/2261/2339
f 1748/1914/1999 1879/2052/2131 1754/1920/2005
f 2053/2262/2340 1884/2057/2138 1879/2052/2131
f 2054/2263/2341 1882/2055/2136 1884/2057/2138
f 2055/2264/2342 1819/1987/2061 1882/2055/2136
f 1830/1998/2072 2053/2262/2340 1748/1914/1999
f 2038/2247/2325 2054/2263/2341 2053/2262/2340
f 2040/2249/2327 2055/2264/2342 2054/2263/2341
f 2042/2251/2329 1817/1985/2059 2055/2264/2342
f 1737/1903/1989 2056/2265/2343 2005/2214/2292
f 2005/2214/2292 2057/2266/2344 2006/2215/2293
f 2006/2215/2293 2058/2267/2345 2007/2216/2294
f 2007/2216/2294 1812/1980/2054 1773/1941/2021
f 1758/1924/2007 2059/2268/2346 2056/2265/2343
f 2056/2265/2343 2060/2269/2347 2057/2266/2344
f 2057/2266/2344 2061/2270/2348 2058/2267/2345
f 2058/2267/2345 1779/1947/2026 1812/1980/2054
f 1760/1926/2009 2062/2271/2349 2063/2272/2350
f 2063/2272/2350 2064/2273/2351 2065/2274/2352
f 2065/2274/2352 2066/2275/2353 2067/2276/2354
f 2067/2276/2354 1764/1930/2012 1763/1929/2011
f 1731/1897/1983 2009/2218/2296 2062/2271/2349
f 2062/2271/2349 2011/2220/2298 2064/2273/2351
f 2064/2273/2351 2013/2222/2300 2066/2275/2353
f 2066/2275/2353 1755/1921/2006 1764/1930/2012
f 1771/1939/2019 1887/2060/2142 1824/1992/2066
f 2068/2277/2355 1896/2278/2151 1887/2060/2142
f 2069/2279/2356 1892/2065/2147 1896/2069/2151
f 2070/2280/2357 1893/2066/2148 1892/2065/2147
f 1767/1938/2015 2068/2277/2355 1771/1939/2019
f 2071/2281/2358 2069/2282/2356 2068/2277/2355
f 2072/2283/2359 2070/2280/2357 2069/2279/2356
f 2073/2284/2360 1799/1967/2043 2070/2280/2357
f 1759/1925/2008 2074/2285/2361 2059/2268/2346
f 2059/2268/2346 2075/2286/2362 2060/2269/2347
f 2060/2269/2347 2076/2287/2363 2061/2270/2348
f 2061/2270/2348 1798/1966/2042 1779/1947/2026
f 1765/1931/2013 1899/2073/2155 2074/2285/2361
f 2074/2285/2361 1894/2067/2149 2075/2286/2362
f 2075/2286/2362 1891/2064/2146 2076/2287/2363
f 2076/2287/2363 1893/2066/2148 1798/1966/2042
f 1767/1933/2015 2077/2288/2364 2071/2289/2358
f 2071/2289/2358 2078/2290/2365 2072/2283/2359
f 2072/2283/2359 2079/2291/2366 2073/2284/2360
f 2073/2284/2360 1797/1965/2041 1796/1964/2040
f 1761/1927/2010 2063/2272/2350 2077/2288/2364
f 2077/2288/2364 2065/2274/2352 2078/2290/2365
f 2078/2290/2365 2067/2276/2354 2079/2291/2366
f 2079/2291/2366 1763/1929/2011 1797/1965/2041
f 1766/1932/2014 2080/2292/2367 1886/2293/2156
f 1886/2059/2141 1821/1989/2063 1824/1992/2066
f 1716/1882/1972 1863/2033/2368 2080/2292/2367
f 2080/2292/2369 1863/2033/2369 1856/2294/2370
f 2080/2295/2371 1822/1990/2064 1821/1989/2063
f 1696/1862/1953 1853/2296/2372 1697/1863/1954
f 1853/2296/2373 2081/2297/2373 1839/2298/2373
f 2081/2299/2374 1837/2005/2079 1839/2007/2081
f 1754/1920/2005 2081/2300/2375 1696/1862/1953
f 1873/2301/2124 1783/2302/2028 2081/2299/2374
f 1653/1819/1915 1826/1994/2068 1654/1820/1916
f 1665/1831/1924 1653/1819/1915 1655/1821/1917
f 1679/1845/1937 1745/1911/1996 1680/1846/1938
f 1682/1848/1940 1739/1905/1991 1683/1849/1941
f 1689/1855/1947 1699/1865/1956 1690/1856/1948
f 1698/1864/1955 1752/1918/2003 1699/1865/1956
f 1703/1869/1959 1665/1831/1924 1666/1832/1925
f 1705/1871/1961 1703/1869/1959 1704/1870/1960
f 1713/1879/1969 1711/1877/1967 1712/1878/1968
f 1655/1821/1917 1654/1820/1916 1720/1886/1974
f 1722/1888/1976 1832/2000/2074 1723/1889/1977
f 1727/1893/1980 1744/1910/1976 1728/1894/1976
f 1704/1870/1960 1666/1832/1925 1730/1896/1982
f 1738/1904/1990 1791/1959/2035 1720/1886/1974
f 1739/1905/1991 1741/1907/1993 1740/1906/1992
f 1680/1846/1938 1746/1912/1997 1741/1907/1993
f 1743/1909/1995 1724/1890/1976 1744/1910/1976
f 1745/1911/1996 1747/1913/1998 1746/1912/1997
f 1690/1856/1948 1751/1917/2002 1747/1913/1998
f 1729/1895/1981 1728/1894/1976 1749/1915/2000
f 1699/1865/1956 1753/1919/2004 1751/1917/2002
f 1752/1918/2003 1831/1999/2073 1753/1919/2004
f 1755/1921/2006 1789/1957/2034 1756/1922/1976
f 1712/1878/1968 1706/1872/1962 1760/1926/2009
f 1762/1928/1976 1781/1949/1976 1763/1929/2011
f 1714/1880/1970 1712/1878/1968 1761/1927/2010
f 1770/1937/2018 1714/1936/1970 1767/1938/2015
f 1757/1923/1976 1756/1922/1976 1772/1940/2020
f 1756/1922/1976 1790/1958/1976 1775/1943/2023
f 1666/1832/1925 1655/1821/1917 1721/1887/1975
f 1779/1947/2026 1798/1966/2042 1780/1948/1976
f 1681/1847/1939 1680/1846/1938 1739/1905/1991
f 1724/1890/1976 1723/1889/1977 1787/1955/2032
f 1684/1850/1942 1683/1849/1941 1738/1904/1990
f 1789/1957/2034 1834/2002/2076 1790/1958/1976
f 1683/1849/1941 1740/1906/1992 1791/1959/2035
f 1780/1948/1976 1799/1967/2043 1796/1964/2040
f 1798/1966/2042 1893/2066/2148 1799/1967/2043
f 1749/1915/2000 1825/1993/2067 1805/1973/2048
f 1809/1977/1976 1810/1978/2052 1775/1943/2023
f 1722/1888/1976 1827/1995/2069 1810/1978/2052
f 1757/1923/1976 1762/1928/1976 1764/1930/2012
f 1812/1980/2054 1779/1947/2026 1781/1949/1976
f 1817/1985/2059 1806/1974/2049 1818/1986/2060
f 1806/1974/2049 1805/1973/2048 1820/1988/2062
f 1706/1872/1962 1704/1870/1960 1731/1897/1983
f 1691/1857/1949 1690/1856/1948 1745/1911/1996
f 1781/1949/1976 1780/1948/1976 1797/1965/2041
f 1728/1894/1976 1828/1996/2070 1825/1993/2067
f 1788/1956/2033 1738/1904/1990 1654/1820/1916
f 1827/1995/2069 1722/1888/1976 1724/1890/1976
f 1744/1910/1976 1787/1955/2032 1828/1996/2070
f 1784/1952/2029 1786/1954/2031 1831/1999/2073
f 1832/2000/2074 1722/1888/1976 1809/1977/1976
f 1833/2001/2075 1809/1977/1976 1790/1958/1976
f 1750/1916/2001 1749/1915/2000 1806/1974/2049
f 1773/1941/2021 1812/1980/2054 1762/1928/1976
f 1991/2200/2278 1993/2202/2280 1992/2201/2279
f 1730/1896/1982 1721/1887/1975 2008/2217/2295
f 2009/2218/2296 2008/2217/2295 2010/2219/2297
f 2011/2220/2298 2010/2219/2297 2012/2221/2299
f 2010/2219/2297 1992/2201/2279 1994/2203/2281
f 2002/2211/2289 2004/2213/2291 2019/2228/2306
f 2027/2236/2314 2028/2237/2315 1998/2207/2285
f 2030/2239/2317 2031/2240/2318 2028/2237/2315
f 2032/2241/2319 2033/2242/2320 2030/2239/2317
f 2036/2245/2323 2037/2246/2324 2034/2243/2321
f 2041/2250/2328 2043/2252/2330 2042/2251/2329
f 2049/2258/2336 2048/2257/2335 1818/1986/2060
f 2054/2263/2341 2055/2264/2342 1882/2055/2136
f 2056/2265/2343 2059/2268/2346 2060/2269/2347
f 1731/1897/1983 1730/1896/1982 2009/2218/2296
f 2059/2268/2346 2074/2285/2361 2075/2286/2362
f 2076/2287/2363 1891/2064/2146 1893/2066/2148
f 2072/2283/2359 2078/2290/2365 2079/2291/2366
f 2077/2288/2364 2063/2272/2350 2065/2274/2352
f 1650/1816/1912 1719/1885/1913 1651/1817/1913
f 1656/1822/1913 1710/1876/1966 1657/1823/1918
f 1659/1825/1919 1725/1891/1978 1660/1826/1920
f 1662/1828/1913 1692/1858/1913 1663/1829/1922
f 1667/1833/1926 1811/1979/2053 1668/1834/1927
f 1670/1836/1929 1732/1898/1984 1671/1837/1930
f 1658/1824/1913 1676/1842/1913 1673/1839/1932
f 1675/1841/1934 1807/1975/2050 1662/1828/1913
f 1661/1827/1921 1660/1826/1920 1677/1843/1935
f 1678/1844/1936 1677/1843/1935 1685/1851/1943
f 1686/1852/1944 1685/1851/1943 1687/1853/1945
f 1692/1858/1913 1803/1971/1913 1693/1859/1950
f 1688/1854/1946 1687/1853/1945 1694/1860/1951
f 1695/1861/1952 1694/1860/1951 1696/1862/1953
f 1700/1866/1913 1800/1968/2044 1701/1867/1957
f 1707/1873/1963 1715/1881/1971 1708/1874/1964
f 1651/1817/1913 1835/2003/2077 1710/1876/1966
f 1711/1877/1967 1705/1871/1961 1706/1872/1962
f 1715/1881/1971 1861/2031/2107 1716/1882/1972
f 1717/1883/1913 1777/1945/2024 1718/1884/1973
f 1725/1891/1978 1774/1942/2022 1726/1892/1979
f 1732/1898/1984 1736/1902/1988 1733/1899/1985
f 1732/1898/1984 1734/1900/1986 1735/1901/1987
f 1736/1902/1988 1669/1835/1928 1737/1903/1989
f 1677/1843/1935 1804/1972/2047 1742/1908/1994
f 1687/1853/1945 1830/1998/2072 1748/1914/1999
f 1694/1860/1951 1748/1914/1999 1754/1920/2005
f 1669/1835/1928 1668/1834/1927 1758/1924/2007
f 1668/1834/1927 1709/1875/1965 1759/1925/2008
f 1709/1875/1965 1708/1874/1964 1765/1931/2013
f 1708/1874/1964 1716/1882/1972 1766/1932/2014
f 1768/1934/2016 1667/1833/1926 1669/1835/1928
f 1769/1935/2017 1713/2187/1969 1714/1936/1970
f 1657/1823/1918 1675/1841/1934 1676/1842/1913
f 1672/1838/1931 1671/1837/1930 1725/1891/1978
f 1671/1837/1930 1735/1901/1987 1774/1942/2022
f 1776/1944/1913 1793/1961/2037 1777/1945/2024
f 1652/1818/1914 1651/1817/1913 1656/1822/1913
f 1782/1950/2027 1837/2303/2079 1783/1951/2028
f 1784/1952/2029 1783/1951/2028 1785/1953/2030
f 1670/1836/1929 1768/1934/2016 1736/1902/1988
f 1792/1960/2036 1868/2040/2118 1793/1961/2037
f 1794/1962/2038 1792/1960/2036 1776/1944/1913
f 1800/1968/2044 1813/1981/2055 1801/1969/2045
f 1802/1970/2046 1808/1976/2051 1803/1971/1913
f 1660/1826/1920 1726/1892/1979 1804/1972/2047
f 1807/1975/2050 1802/1970/2046 1692/1858/1913
f 1808/1976/2051 1829/1997/2071 1700/1866/1913
f 1811/1979/2053 1707/1873/1963 1709/1875/1965
f 1813/1981/2055 1816/1984/2058 1814/1982/2056
f 1815/1983/2057 1846/2014/2088 1816/1984/2058
f 1769/1935/2017 1770/1937/2018 1821/1989/2063
f 1823/1991/2065 1717/1883/1913 1719/1885/1913
f 1770/1937/2018 1771/1939/2019 1824/1992/2066
f 1795/1963/2039 1776/1944/1913 1717/1883/1913
f 1803/1971/1913 1700/1866/1913 1702/1868/1958
f 1782/1950/2027 1784/1952/2029 1752/1918/2003
f 1829/1997/2071 1836/2004/2078 1800/1968/2044
f 1685/1851/1943 1742/1908/1994 1830/1998/2072
f 1778/1946/2025 1656/1822/1913 1658/1824/1913
f 1676/1842/1913 1662/1828/1913 1664/1830/1923
f 1719/1885/1913 1718/1884/1973 1835/2003/2077
f 1836/2004/2078 1815/1983/2057 1813/1981/2055
f 1837/2005/2079 1840/2008/2082 1838/2006/2080
f 1840/2008/2082 1849/2017/2091 1841/2009/2083
f 1838/2006/2080 1841/2009/2083 1843/2011/2085
f 1844/2012/2086 1848/2016/2090 1845/2013/2087
f 1847/2015/2089 1850/2018/2092 1848/2016/2090
f 1848/2016/2090 1841/2009/2083 1849/2017/2091
f 1850/2018/2092 1843/2011/2085 1841/2009/2083
f 1697/1863/1954 1853/2296/2376 1851/2019/2093
f 1853/2021/2095 1839/2304/2377 1842/2010/2096
f 1852/2023/2094 1851/2022/2093 1850/2018/2097
f 1851/2022/2093 1842/2010/2096 1843/2011/2099
f 1822/1990/2064 1856/2305/2102 1854/2024/2100
f 1855/2025/2101 1854/2024/2100 1858/2028/2104
f 1854/2024/2100 1857/2027/2103 1860/2030/2106
f 1861/2031/2107 1864/2194/2110 1862/2032/2108
f 1864/2034/2110 1870/2042/2272 1865/2035/2111
f 1863/2037/2112 1862/2036/2108 1857/2027/2113
f 1862/2036/2108 1865/2035/2111 1860/2030/2115
f 1866/2038/2116 1869/2041/2119 1867/2039/2117
f 1859/2029/2105 1858/2028/2104 1869/2041/2119
f 1869/2041/2119 1865/2035/2121 1870/2042/2120
f 1858/2028/2104 1860/2030/2106 1865/2035/2121
f 1785/1953/2030 1873/2306/2124 1871/2043/2122
f 1872/2044/2123 1871/2043/2122 1875/2047/2126
f 1871/2043/2122 1874/2046/2378 1877/2049/2128
f 1754/1920/2005 1879/2052/2131 1878/2050/2129
f 1879/2052/2131 1884/2057/2138 1880/2053/2132
f 1878/2050/2129 1880/2053/2132 1877/2049/2134
f 1881/2054/2135 1883/2056/2137 1882/2055/2136
f 1876/2048/2127 1875/2047/2139 1883/2056/2137
f 1883/2056/2137 1880/2053/2132 1884/2057/2138
f 1875/2047/2139 1877/2049/2134 1880/2053/2132
f 1824/1992/2066 1887/2060/2142 1885/2058/2140
f 1887/2060/2142 1896/2278/2151 1888/2061/2143
f 1885/2058/2140 1888/2061/2143 1890/2063/2145
f 1891/2064/2146 1895/2068/2150 1892/2065/2147
f 1894/2067/2149 1897/2070/2152 1895/2068/2150
f 1895/2068/2150 1888/2071/2153 1896/2069/2151
f 1897/2070/2152 1890/2076/2158 1888/2071/2153
f 1766/1932/2014 1886/2293/2156 1898/2072/2154
f 1899/2073/2155 1898/2072/2154 1897/2070/2152
f 1898/2072/2154 1889/2075/2379 1890/2076/2158
f 1674/1840/1933 1673/1839/1932 1900/2077/2159
f 1901/2078/2160 1900/2077/2159 1902/2079/2161
f 1903/2080/2163 1902/2079/2168 1904/2081/2164
f 1904/2083/2164 1788/1956/2033 1826/1994/2068
f 1673/1839/1932 1664/1830/1923 1906/2085/2166
f 1900/2077/2159 1906/2085/2166 1907/2086/2167
f 1902/2079/2168 1907/2086/2206 1908/2087/2169
f 1908/2088/2169 1684/1850/1942 1788/1956/2033
f 1710/1876/1966 1910/2090/2171 1909/2089/2170
f 1910/2090/2171 1912/2092/2177 1911/2091/2172
f 1912/2092/2173 1916/2097/2179 1913/2093/2174
f 1913/2094/2174 1916/2098/2179 1768/1934/2016
f 1835/2003/2077 1914/2095/2176 1910/2090/2171
f 1914/2095/2176 1915/2096/2245 1912/2092/2177
f 1915/2096/2178 1967/2167/2247 1916/2097/2179
f 1916/2098/2179 1967/2168/2247 1667/1833/1926
f 1778/1946/2025 1918/2100/2181 1917/2099/2180
f 1918/2100/2181 1920/2102/2186 1919/2101/2182
f 1920/2102/2183 1922/2106/2187 1921/2103/2184
f 1921/2103/2184 1922/2106/2187 1653/2104/1915
f 1674/1840/1933 1901/2078/2160 1918/2100/2181
f 1901/2078/2160 1903/2080/2162 1920/2102/2186
f 1903/2080/2163 1905/2082/2165 1922/2106/2187
f 1922/2106/2187 1905/2082/2165 1826/2107/2068
f 1807/1975/2050 1675/1841/1934 1923/2108/2188
f 1924/2109/2189 1923/2108/2188 1925/2110/2190
f 1926/2111/2192 1925/2110/2195 1927/2112/2193
f 1927/2114/2193 1672/1838/1931 1659/1825/1919
f 1675/1841/1934 1657/1823/1918 1909/2089/2170
f 1923/2108/2188 1909/2089/2170 1911/2091/2172
f 1925/2110/2195 1911/2091/2175 1913/2093/2174
f 1913/2094/2174 1670/1836/1929 1672/1838/1931
f 1808/1976/2051 1802/1970/2046 1929/2116/2196
f 1930/2117/2197 1929/2116/2196 1931/2118/2198
f 1932/2119/2200 1931/2118/2203 1933/2120/2201
f 1933/2122/2201 1661/1827/1921 1678/1844/1936
f 1802/1970/2046 1807/1975/2050 1924/2109/2189
f 1929/2116/2196 1924/2109/2189 1926/2111/2191
f 1931/2118/2203 1926/2111/2192 1928/2113/2194
f 1928/2115/2194 1659/1825/1919 1661/1827/1921
f 1664/1830/1923 1663/1829/1922 1935/2124/2204
f 1906/2085/2166 1935/2124/2204 1936/2125/2205
f 1907/2086/2206 1936/2125/2210 1937/2126/2207
f 1937/2127/2207 1682/1848/1940 1684/1850/1942
f 1663/1829/1922 1693/1859/1950 1938/2128/2208
f 1935/2124/2204 1938/2128/2208 1939/2129/2209
f 1936/2125/2210 1939/2129/2214 1940/2130/2211
f 1940/2131/2211 1681/1847/1939 1682/1848/1940
f 1693/1859/1950 1702/1868/1958 1941/2132/2212
f 1938/2128/2208 1941/2132/2212 1942/2133/2213
f 1939/2129/2214 1942/2133/2218 1943/2134/2215
f 1943/2135/2215 1679/1845/1937 1681/1847/1939
f 1702/1868/1958 1701/1867/1957 1944/2136/2216
f 1941/2132/2212 1944/2136/2216 1945/2137/2217
f 1942/2133/2218 1945/2137/2236 1946/2138/2219
f 1946/2139/2219 1691/1857/1949 1679/1845/1937
f 1836/2004/2078 1829/1997/2071 1947/2140/2220
f 1948/2141/2221 1947/2140/2220 1949/2142/2222
f 1950/2143/2224 1949/2142/2227 1951/2144/2225
f 1951/2146/2225 1686/1852/1944 1688/1854/1946
f 1829/1997/2071 1808/1976/2051 1930/2117/2197
f 1947/2140/2220 1930/2117/2197 1932/2119/2199
f 1949/2142/2227 1932/2119/2200 1934/2121/2202
f 1934/2123/2202 1678/1844/1936 1686/1852/1944
f 1816/1984/2058 1954/2149/2229 1953/2148/2228
f 1954/2149/2229 1956/2151/2231 1955/2150/2230
f 1956/2151/2231 1958/2155/2233 1957/2152/2232
f 1958/2153/2233 1782/1950/2027 1698/1864/1955
f 1846/2014/2088 1845/2013/2087 1954/2149/2229
f 1845/2013/2087 1849/2017/2091 1956/2151/2231
f 1849/2017/2091 1840/2008/2082 1958/2155/2233
f 1840/2008/2082 1837/2005/2079 1782/2156/2027
f 1701/1867/1957 1801/1969/2045 1959/2157/2234
f 1944/2136/2216 1959/2157/2238 1960/2158/2235
f 1945/2137/2236 1960/2158/2239 1961/2159/2237
f 1946/2139/2219 1961/2160/2237 1689/1855/1947
f 1801/1969/2045 1814/1982/2056 1953/2148/2228
f 1959/2157/2238 1953/2148/2228 1955/2150/2230
f 1960/2158/2239 1955/2150/2230 1957/2152/2232
f 1957/2154/2232 1698/1864/1955 1689/1855/1947
f 1846/2014/2088 1815/1983/2057 1962/2161/2240
f 1844/2012/2086 1962/2161/2240 1963/2162/2241
f 1847/2015/2098 1963/2162/2243 1964/2163/2242
f 1852/2020/2094 1964/2164/2242 1695/1861/1952
f 1815/1983/2057 1836/2004/2078 1948/2141/2221
f 1962/2161/2240 1948/2141/2221 1950/2143/2223
f 1963/2162/2243 1950/2143/2224 1952/2145/2226
f 1964/2164/2242 1952/2147/2226 1688/1854/1946
f 1718/1884/1973 1965/2165/2244 1914/2095/2176
f 1965/2165/2244 1966/2166/2249 1915/2096/2245
f 1966/2166/2246 1970/2171/2251 1967/2167/2247
f 1967/2168/2247 1970/2172/2251 1811/1979/2053
f 1777/1945/2024 1968/2169/2248 1965/2165/2244
f 1968/2169/2248 1969/2170/2267 1966/2166/2249
f 1969/2170/2250 1985/2190/2269 1970/2171/2251
f 1970/2172/2251 1985/2192/2269 1707/1873/1963
f 1650/1816/1912 1972/2174/2253 1971/2173/2252
f 1972/2174/2253 1974/2176/2258 1973/2175/2254
f 1974/2176/2255 1976/2180/2259 1975/2177/2256
f 1975/2177/2256 1976/2180/2259 1703/2178/1959
f 1652/1818/1914 1917/2099/2180 1972/2174/2253
f 1917/2099/2180 1919/2101/2182 1974/2176/2258
f 1919/2101/2185 1921/2103/2184 1976/2180/2259
f 1976/2180/2259 1921/2103/2184 1665/2105/1924
f 1868/2040/2118 1792/1960/2036 1977/2181/2260
f 1866/2038/2116 1977/2181/2260 1978/2182/2261
f 1859/2029/2105 1978/2182/2261 1979/2183/2262
f 1855/2025/2101 1979/2183/2262 1769/1935/2017
f 1792/1960/2036 1794/1962/2038 1980/2184/2263
f 1977/2181/2260 1980/2184/2263 1981/2185/2264
f 1978/2182/2261 1981/2185/2264 1982/2186/2265
f 1979/2183/2262 1982/2186/2265 1713/2187/1969
f 1793/1961/2037 1983/2188/2266 1968/2169/2248
f 1983/2188/2266 1984/2189/2271 1969/2170/2267
f 1984/2189/2268 1986/2193/2270 1985/2190/2269
f 1986/2191/2270 1715/1881/1971 1707/1873/1963
f 1868/2040/2118 1867/2039/2117 1983/2188/2266
f 1867/2039/2117 1870/2042/2120 1984/2189/2271
f 1870/2042/2272 1864/2034/2110 1986/2193/2270
f 1864/2194/2110 1861/2031/2107 1715/1881/1971
f 1795/1963/2039 1987/2195/2273 1980/2184/2263
f 1987/2195/2273 1988/2196/2275 1981/2185/2264
f 1988/2196/2274 1989/2198/2276 1982/2186/2265
f 1982/2186/2265 1989/2198/2276 1711/2197/1967
f 1823/1991/2065 1971/2173/2252 1987/2195/2273
f 1971/2173/2252 1973/2175/2254 1988/2196/2275
f 1973/2175/2257 1975/2177/2256 1989/2198/2276
f 1975/2177/2256 1705/2179/1961 1711/2197/1967
f 1791/1959/2035 1991/2200/2278 1990/2199/2277
f 1993/2202/2280 1995/2204/2282 1994/2203/2281
f 1995/2204/2282 1833/2001/2075 1834/2002/2076
f 1740/1906/1992 1996/2205/2283 1991/2200/2278
f 1996/2205/2283 1997/2206/2284 1993/2202/2280
f 1997/2206/2284 1998/2207/2285 1995/2204/2282
f 1998/2207/2285 1832/2000/2074 1833/2001/2075
f 1734/1900/1986 1733/1899/1985 1999/2208/2286
f 2000/2209/2287 1999/2208/2286 2001/2210/2288
f 2002/2211/2289 2001/2210/2288 2003/2212/2290
f 2004/2213/2291 2003/2212/2290 1772/1940/2020
f 1733/1899/1985 1737/1903/1989 2005/2214/2292
f 1999/2208/2286 2005/2214/2292 2006/2215/2293
f 2001/2210/2288 2006/2215/2293 2007/2216/2294
f 2003/2212/2290 2007/2216/2294 1773/1941/2021
f 2013/2222/2300 2012/2221/2299 1789/1957/2034
f 1721/1887/1975 1720/1886/1974 1990/2199/2277
f 2008/2217/2295 1990/2199/2277 1992/2201/2279
f 2012/2221/2299 1994/2203/2281 1834/2002/2076
f 1735/1901/1987 2015/2224/2302 2014/2223/2301
f 2015/2224/2302 2017/2226/2304 2016/2225/2303
f 2017/2226/2304 2019/2228/2306 2018/2227/2305
f 2019/2228/2306 1810/1978/2052 1827/1995/2069
f 1734/1900/1986 2000/2209/2287 2015/2224/2302
f 2000/2209/2287 2002/2211/2289 2017/2226/2304
f 2004/2213/2291 1775/1943/2023 1810/1978/2052
f 1726/1892/1979 2021/2230/2308 2020/2229/2307
f 2021/2230/2308 2023/2232/2310 2022/2231/2309
f 2023/2232/2310 2025/2234/2312 2024/2233/2311
f 2025/2234/2312 1743/1909/1995 1727/1893/1980
f 1774/1942/2022 2014/2223/2301 2021/2230/2308
f 2014/2223/2301 2016/2225/2303 2023/2232/2310
f 2016/2225/2303 2018/2227/2305 2025/2234/2312
f 2018/2227/2305 1827/1995/2069 1743/1909/1995
f 1741/1907/1993 2026/2235/2313 1996/2205/2283
f 2026/2235/2313 2027/2236/2314 1997/2206/2284
f 2028/2237/2315 1723/1889/1977 1832/2000/2074
f 1746/1912/1997 2029/2238/2316 2026/2235/2313
f 2029/2238/2316 2030/2239/2317 2027/2236/2314
f 2031/2240/2318 1787/1955/2032 1723/1889/1977
f 1747/1913/1998 2032/2241/2319 2029/2238/2316
f 2033/2242/2320 2034/2243/2321 2031/2240/2318
f 2034/2243/2321 1828/1996/2070 1787/1955/2032
f 1751/1917/2002 2035/2244/2322 2032/2241/2319
f 2035/2244/2322 2036/2245/2323 2033/2242/2320
f 2037/2246/2324 1825/1993/2067 1828/1996/2070
f 1742/1908/1994 2039/2248/2326 2038/2247/2325
f 2039/2248/2326 2041/2250/2328 2040/2249/2327
f 2043/2252/2330 1729/1895/1981 1750/1916/2001
f 1804/1972/2047 2020/2229/2307 2039/2248/2326
f 2020/2229/2307 2022/2231/2309 2041/2250/2328
f 2022/2231/2309 2024/2233/2311 2043/2252/2330
f 2024/2233/2311 1727/1893/1980 1729/1895/1981
f 1831/1999/2073 1786/1954/2031 2044/2253/2331
f 2045/2254/2332 2044/2253/2331 2046/2255/2333
f 2047/2256/2334 2046/2255/2333 2048/2257/2335
f 1786/1954/2031 1785/1953/2030 1872/2044/2123
f 2044/2253/2331 1872/2044/2123 1876/2048/2127
f 2046/2255/2333 1876/2048/2127 1881/2054/2135
f 2048/2257/2335 1881/2054/2135 1819/1987/2061
f 1753/1919/2004 2050/2259/2337 2035/2244/2322
f 2050/2259/2337 2051/2260/2338 2036/2245/2323
f 2051/2260/2338 2052/2261/2339 2037/2246/2324
f 2052/2261/2339 1805/1973/2048 1825/1993/2067
f 1831/1999/2073 2045/2254/2332 2050/2259/2337
f 2045/2254/2332 2047/2256/2334 2051/2260/2338
f 2047/2256/2334 2049/2258/2336 2052/2261/2339
f 2049/2258/2336 1820/1988/2062 1805/1973/2048
f 1748/1914/1999 2053/2262/2340 1879/2052/2131
f 2053/2262/2340 2054/2263/2341 1884/2057/2138
f 2055/2264/2342 1817/1985/2059 1819/1987/2061
f 1830/1998/2072 2038/2247/2325 2053/2262/2340
f 2038/2247/2325 2040/2249/2327 2054/2263/2341
f 2040/2249/2327 2042/2251/2329 2055/2264/2342
f 2042/2251/2329 1750/1916/2001 1817/1985/2059
f 1737/1903/1989 1758/1924/2007 2056/2265/2343
f 2005/2214/2292 2056/2265/2343 2057/2266/2344
f 2006/2215/2293 2057/2266/2344 2058/2267/2345
f 2007/2216/2294 2058/2267/2345 1812/1980/2054
f 1758/1924/2007 1759/1925/2008 2059/2268/2346
f 2057/2266/2344 2060/2269/2347 2061/2270/2348
f 2058/2267/2345 2061/2270/2348 1779/1947/2026
f 1760/1926/2009 1731/1897/1983 2062/2271/2349
f 2063/2272/2350 2062/2271/2349 2064/2273/2351
f 2065/2274/2352 2064/2273/2351 2066/2275/2353
f 2067/2276/2354 2066/2275/2353 1764/1930/2012
f 2062/2271/2349 2009/2218/2296 2011/2220/2298
f 2064/2273/2351 2011/2220/2298 2013/2222/2300
f 2066/2275/2353 2013/2222/2300 1755/1921/2006
f 1771/1939/2019 2068/2277/2355 1887/2060/2142
f 2068/2277/2355 2069/2282/2356 1896/2278/2151
f 2069/2279/2356 2070/2280/2357 1892/2065/2147
f 2070/2280/2357 1799/1967/2043 1893/2066/2148
f 1767/1938/2015 2071/2281/2358 2068/2277/2355
f 2071/2281/2358 2072/2307/2359 2069/2282/2356
f 2072/2283/2359 2073/2284/2360 2070/2280/2357
f 2073/2284/2360 1796/1964/2040 1799/1967/2043
f 1759/1925/2008 1765/1931/2013 2074/2285/2361
f 2060/2269/2347 2075/2286/2362 2076/2287/2363
f 2061/2270/2348 2076/2287/2363 1798/1966/2042
f 1765/1931/2013 1766/1932/2014 1899/2073/2155
f 2074/2285/2361 1899/2073/2155 1894/2067/2149
f 2075/2286/2362 1894/2067/2149 1891/2064/2146
f 1767/1933/2015 1761/1927/2010 2077/2288/2364
f 2071/2289/2358 2077/2288/2364 2078/2290/2365
f 2073/2284/2360 2079/2291/2366 1797/1965/2041
f 1761/1927/2010 1760/1926/2009 2063/2272/2350
f 2078/2290/2365 2065/2274/2352 2067/2276/2354
f 2079/2291/2366 2067/2276/2354 1763/1929/2011
f 1766/1932/2014 1716/1882/1972 2080/2292/2367
f 1886/2059/2141 2080/2295/2371 1821/1989/2063
f 1716/1882/1972 1861/2031/2107 1863/2033/2368
f 2080/2295/2371 1856/2305/2102 1822/1990/2064
f 1696/1862/1953 2081/2300/2375 1853/2296/2372
f 2081/2299/2374 1783/2302/2028 1837/2005/2079
f 1754/1920/2005 1873/2051/2130 2081/2300/2375
f 1873/2301/2124 1785/2308/2030 1783/2302/2028
f 2082/2309/2380 2083/2310/2381 2084/2311/2382
f 2085/2312/2383 2086/2313/2384 2087/2314/2385
f 2088/2315/2381 2089/2316/2386 2090/2317/2381
f 2091/2318/2387 2092/2319/2388 2093/2320/2389
f 2094/2321/2381 2095/2322/2390 2096/2323/2391
f 2097/2324/2392 2087/2314/2385 2098/2325/2393
f 2099/2326/2394 2100/2327/2395 2101/2328/2396
f 2102/2329/2397 2103/2330/2398 2104/2331/2399
f 2090/2317/2381 2105/2332/2400 2106/2333/2401
f 2107/2334/2402 2094/2321/2381 2108/2335/2381
f 2093/2320/2389 2109/2336/2403 2110/2337/2404
f 2111/2338/2405 2112/2339/2406 2113/2340/2407
f 2114/2341/2408 2115/2342/2409 2116/2343/2410
f 2110/2337/2404 2117/2344/2411 2118/2345/2412
f 2118/2345/2412 2119/2346/2413 2120/2347/2414
f 2121/2348/2415 2122/2349/2416 2123/2350/2417
f 2124/2351/2381 2125/2352/2418 2095/2322/2390
f 2120/2347/2414 2126/2353/2419 2127/2354/2420
f 2127/2354/2420 2128/2355/2421 2129/2356/2422
f 2130/2357/2423 2131/2358/2424 2121/2348/2415
f 2132/2359/2425 2133/2360/2426 2134/2361/2427
f 2135/2362/2428 2098/2325/2393 2136/2363/2429
f 2137/2364/2430 2136/2363/2429 2138/2365/2431
f 2139/2366/2432 2140/2367/2433 2141/2368/2434
f 2083/2310/2381 2142/2369/2435 2088/2315/2381
f 2143/2370/2436 2138/2365/2431 2144/2371/2437
f 2145/2372/2438 2144/2371/2437 2146/2373/2439
f 2147/2374/2440 2148/2375/2441 2140/2367/2433
f 2149/2376/2381 2150/2377/2442 2151/2378/2381
f 2087/2314/2385 2152/2379/2443 2153/2380/2444
f 2154/2381/2445 2155/2382/2446 2156/2383/2445
f 2157/2384/2447 2158/2385/2448 2092/2319/2388
f 2159/2386/2449 2160/2387/2450 2161/2388/2451
f 2136/2363/2429 2162/2389/2452 2163/2390/2453
f 2164/2391/2454 2165/2392/2455 2166/2393/2456
f 2164/2391/2454 2167/2394/2457 2103/2330/2398
f 2168/2395/2458 2169/2396/2459 2165/2392/2455
f 2170/2397/2460 2152/2379/2443 2086/2313/2384
f 2171/2398/2461 2172/2399/2462 2115/2342/2409
f 2112/2339/2406 2173/2400/2463 2171/2398/2461
f 2109/2336/2403 2174/2401/2464 2117/2344/2411
f 2175/2402/2465 2176/2403/2466 2159/2386/2449
f 2177/2404/2467 2178/2405/2468 2112/2339/2406
f 2122/2349/2416 2179/2406/2469 2177/2404/2467
f 2119/2346/2413 2180/2407/2470 2126/2353/2419
f 2161/2388/2451 2181/2408/2471 2182/2409/2472
f 2131/2358/2424 2183/2410/2473 2122/2349/2416
f 2184/2411/2474 2185/2412/2475 2131/2358/2424
f 2126/2353/2419 2186/2413/2476 2128/2355/2421
f 2187/2414/2477 2188/2415/2445 2189/2416/2445
f 2101/2328/2396 2190/2417/2478 2169/2396/2459
f 2100/2327/2395 2191/2418/2479 2190/2417/2478
f 2144/2371/2437 2192/2419/2480 2193/2420/2481
f 2194/2421/2445 2195/2422/2482 2196/2423/2483
f 2141/2368/2434 2197/2424/2484 2191/2418/2479
f 2140/2367/2433 2198/2425/2485 2197/2424/2484
f 2146/2373/2439 2193/2420/2481 2199/2426/2486
f 2200/2427/2487 2101/2328/2396 2168/2395/2458
f 2201/2428/2488 2146/2373/2439 2202/2429/2489
f 2202/2429/2489 2199/2426/2486 2203/2430/2490
f 2189/2416/2445 2204/2431/2491 2205/2432/2492
f 2089/2316/2386 2108/2335/2381 2090/2317/2381
f 2104/2331/2399 2157/2384/2447 2091/2318/2387
f 2103/2330/2398 2206/2433/2493 2157/2384/2447
f 2188/2415/2445 2207/2434/2494 2204/2431/2491
f 2208/2435/2381 2209/2436/2495 2149/2376/2381
f 2084/2311/2382 2088/2315/2381 2210/2437/2496
f 2098/2325/2393 2153/2380/2444 2162/2389/2452
f 2211/2438/2497 2212/2439/2445 2213/2440/2445
f 2113/2340/2407 2171/2398/2461 2114/2341/2408
f 2214/2441/2498 2215/2442/2499 2216/2443/2500
f 2216/2443/2500 2217/2444/2501 2218/2445/2502
f 2156/2383/2445 2219/2446/2503 2176/2403/2466
f 2116/2343/2410 2170/2397/2460 2220/2447/2504
f 2102/2329/2397 2168/2395/2458 2164/2391/2454
f 2221/2448/2505 2222/2449/2445 2188/2415/2445
f 2115/2342/2409 2223/2450/2506 2170/2397/2460
f 2224/2451/2507 2225/2452/2508 2208/2435/2381
f 2226/2453/2509 2208/2435/2381 2227/2454/2510
f 2212/2439/2445 2228/2455/2511 2229/2456/2512
f 2230/2457/2513 2231/2458/2514 2212/2439/2445
f 2232/2459/2515 2233/2460/2516 2133/2360/2426
f 2234/2461/2517 2235/2462/2518 2124/2351/2381
f 2092/2319/2388 2236/2463/2519 2109/2336/2403
f 2181/2408/2471 2237/2464/2520 2238/2465/2521
f 2239/2466/2522 2124/2351/2381 2094/2321/2381
f 2240/2467/2523 2132/2359/2425 2235/2462/2518
f 2241/2468/2445 2207/2434/2494 2222/2449/2445
f 2154/2381/2445 2242/2469/2524 2241/2468/2445
f 2243/2470/2525 2141/2368/2434 2100/2327/2395
f 2189/2416/2445 2196/2423/2483 2187/2414/2477
f 2244/2471/2526 2213/2440/2445 2194/2421/2445
f 2245/2472/2527 2246/2473/2528 2233/2460/2516
f 2247/2474/2529 2248/2475/2530 2245/2472/2527
f 2249/2476/2531 2250/2477/2532 2251/2478/2533
f 2238/2465/2521 2252/2479/2534 2250/2477/2532
f 2201/2428/2488 2253/2480/2535 2254/2481/2536
f 2255/2482/2537 2151/2378/2381 2082/2309/2380
f 2138/2365/2431 2163/2390/2453 2192/2419/2480
f 2202/2429/2489 2256/2483/2538 2253/2480/2535
f 2123/2350/2417 2177/2404/2467 2111/2338/2405
f 2227/2454/2510 2149/2376/2381 2255/2482/2537
f 2213/2440/2445 2229/2456/2512 2195/2422/2482
f 2160/2387/2450 2257/2484/2539 2181/2408/2471
f 2235/2462/2518 2134/2361/2427 2125/2352/2418
f 2220/2447/2504 2086/2313/2384 2258/2485/2540
f 2259/2486/2541 2156/2383/2445 2175/2402/2465
f 2176/2403/2466 2260/2487/2542 2160/2387/2450
f 2214/2441/2498 2261/2488/2543 2262/2489/2544
f 2263/2490/2545 2232/2459/2515 2132/2359/2425
f 2117/2344/2411 2264/2491/2546 2119/2346/2413
f 2216/2443/2500 2265/2492/2547 2261/2488/2543
f 2210/2437/2496 2090/2317/2381 2106/2333/2401
f 2108/2335/2381 2096/2323/2391 2105/2332/2400
f 2266/2493/2548 2241/2468/2445 2267/2494/2549
f 2267/2494/2549 2222/2449/2445 2268/2495/2550
f 2151/2378/2381 2269/2496/2551 2083/2310/2381
f 2270/2497/2552 2245/2472/2527 2232/2459/2515
f 2182/2409/2472 2238/2465/2521 2249/2476/2531
f 2205/2432/2492 2194/2421/2445 2189/2416/2445
f 2271/2498/2553 2272/2499/2554 2273/2500/2555
f 2274/2501/2556 2275/2502/2557 2272/2499/2554
f 2273/2500/2555 2272/2499/2554 2276/2503/2558
f 2272/2499/2554 2277/2504/2559 2276/2503/2558
f 2278/2505/2560 2279/2506/2561 2280/2507/2562
f 2281/2508/2563 2282/2509/2564 2278/2510/2560
f 2282/2511/2564 2283/2512/2565 2279/2506/2561
f 2284/2513/2566 2275/2502/2557 2282/2511/2564
f 2129/2356/2422 2285/2514/2567 2286/2515/2568
f 2273/2516/2569 2276/2517/2570 2285/2514/2567
f 2286/2515/2568 2284/2518/2571 2281/2508/2563
f 2285/2514/2567 2277/2519/2572 2284/2518/2571
f 2287/2520/2573 2288/2521/2574 2262/2489/2544
f 2289/2522/2575 2290/2523/2576 2287/2520/2573
f 2290/2523/2576 2291/2524/2577 2288/2521/2574
f 2290/2523/2576 2292/2525/2578 2293/2526/2579
f 2294/2527/2580 2295/2528/2581 2130/2529/2423
f 2296/2530/2582 2297/2531/2583 2294/2527/2580
f 2295/2528/2581 2292/2532/2578 2289/2522/2575
f 2297/2531/2583 2298/2533/2584 2292/2532/2578
f 2246/2473/2528 2299/2534/2585 2300/2535/2586
f 2301/2536/2587 2293/2526/2588 2299/2534/2585
f 2300/2535/2586 2298/2533/2589 2296/2530/2590
f 2299/2534/2591 2292/2525/2578 2298/2533/2584
f 2254/2537/2536 2302/2538/2592 2303/2539/2593
f 2304/2540/2594 2305/2541/2595 2302/2538/2592
f 2303/2539/2593 2306/2542/2596 2307/2543/2597
f 2302/2538/2592 2308/2544/2598 2306/2542/2596
f 2309/2545/2599 2310/2546/2600 2311/2547/2601
f 2312/2548/2602 2313/2549/2603 2310/2546/2600
f 2311/2547/2604 2305/2550/2605 2304/2551/2606
f 2310/2546/2600 2308/2552/2607 2305/2550/2605
f 2314/2553/2608 2315/2554/2609 2316/2555/2610
f 2307/2543/2597 2317/2556/2611 2314/2553/2608
f 2317/2556/2611 2318/2557/2612 2315/2554/2609
f 2306/2542/2596 2313/2558/2613 2317/2556/2611
f 2217/2444/2501 2319/2559/2614 2320/2560/2615
f 2321/2561/2616 2322/2562/2617 2319/2559/2614
f 2320/2560/2615 2323/2563/2618 2324/2564/2619
f 2319/2559/2614 2325/2565/2620 2323/2563/2618
f 2186/2413/2476 2326/2566/2621 2321/2567/2622
f 2327/2568/2623 2328/2569/2624 2326/2566/2621
f 2321/2570/2622 2326/2571/2621 2322/2562/2625
f 2326/2566/2621 2325/2572/2626 2322/2573/2627
f 2329/2574/2628 2330/2575/2629 2251/2478/2533
f 2324/2564/2619 2331/2576/2630 2329/2577/2628
f 2331/2578/2630 2332/2579/2631 2330/2575/2629
f 2323/2563/2632 2328/2580/2624 2331/2576/2630
f 2333/2581/2633 2334/2582/2634 2265/2492/2547
f 2335/2583/2635 2336/2584/2636 2333/2581/2633
f 2336/2584/2636 2337/2585/2637 2334/2582/2634
f 2336/2584/2636 2338/2586/2638 2339/2587/2639
f 2340/2588/2640 2341/2589/2641 2252/2479/2534
f 2340/2588/2640 2342/2590/2642 2343/2591/2643
f 2343/2592/2643 2335/2583/2635 2341/2593/2641
f 2343/2592/2643 2338/2586/2638 2344/2594/2644
f 2345/2595/2645 2346/2596/2646 2347/2597/2647
f 2337/2585/2637 2348/2598/2648 2345/2595/2645
f 2348/2599/2648 2349/2600/2649 2346/2601/2646
f 2339/2587/2639 2342/2602/2642 2348/2598/2648
f 2256/2483/2538 2350/2603/2650 2351/2604/2651
f 2352/2605/2652 2353/2606/2653 2350/2603/2650
f 2351/2604/2651 2350/2603/2650 2354/2607/2654
f 2350/2603/2650 2355/2608/2655 2354/2607/2656
f 2356/2609/2657 2357/2610/2658 2358/2611/2659
f 2359/2612/2660 2360/2613/2661 2356/2609/2657
f 2360/2613/2661 2361/2614/2662 2357/2610/2658
f 2362/2615/2663 2353/2606/2664 2360/2613/2661
f 2198/2425/2485 2363/2616/2665 2364/2617/2666
f 2351/2618/2667 2354/2607/2668 2363/2616/2665
f 2364/2617/2666 2362/2615/2663 2359/2612/2660
f 2363/2616/2665 2355/2608/2669 2362/2615/2663
f 2106/2333/2401 2365/2619/2670 2366/2620/2671
f 2366/2620/2671 2367/2621/2672 2368/2622/2673
f 2368/2622/2674 2369/2623/2675 2370/2624/2676
f 2369/2625/2675 2258/2485/2540 2370/2626/2676
f 2105/2332/2400 2371/2627/2677 2365/2619/2670
f 2365/2619/2670 2372/2628/2678 2367/2621/2672
f 2367/2621/2679 2373/2629/2680 2369/2623/2675
f 2373/2630/2680 2220/2447/2504 2369/2625/2675
f 2142/2369/2435 2374/2631/2681 2089/2316/2386
f 2375/2632/2682 2376/2633/2683 2374/2634/2681
f 2377/2635/2684 2378/2636/2685 2376/2633/2686
f 2378/2636/2685 2200/2427/2487 2102/2329/2397
f 2269/2496/2551 2375/2637/2682 2142/2369/2435
f 2379/2638/2687 2377/2635/2688 2375/2632/2682
f 2380/2639/2689 2381/2640/2690 2377/2635/2684
f 2381/2640/2690 2099/2326/2394 2200/2427/2487
f 2210/2437/2496 2382/2641/2691 2084/2311/2382
f 2383/2642/2692 2384/2643/2693 2382/2641/2691
f 2385/2644/2694 2386/2645/2695 2384/2643/2696
f 2386/2646/2695 2085/2312/2383 2097/2324/2392
f 2106/2333/2401 2383/2642/2692 2210/2437/2496
f 2366/2620/2671 2385/2644/2697 2383/2642/2692
f 2368/2622/2674 2387/2647/2698 2385/2644/2694
f 2387/2648/2698 2258/2485/2540 2085/2312/2383
f 2239/2466/2522 2388/2649/2699 2389/2650/2700
f 2389/2651/2700 2390/2652/2701 2391/2653/2702
f 2391/2653/2703 2392/2654/2704 2393/2655/2705
f 2392/2654/2704 2091/2318/2387 2393/2655/2705
f 2107/2334/2402 2374/2631/2681 2388/2649/2699
f 2388/2656/2699 2376/2633/2683 2390/2652/2701
f 2390/2652/2706 2378/2636/2685 2392/2654/2704
f 2378/2636/2685 2104/2331/2399 2392/2654/2704
f 2240/2467/2523 2394/2657/2707 2395/2658/2708
f 2395/2659/2708 2396/2660/2709 2397/2661/2710
f 2397/2661/2711 2398/2662/2712 2399/2663/2713
f 2398/2662/2712 2110/2337/2404 2399/2663/2713
f 2234/2461/2517 2389/2650/2700 2394/2657/2707
f 2394/2664/2707 2391/2653/2702 2396/2660/2709
f 2396/2660/2714 2393/2655/2705 2398/2662/2712
f 2393/2655/2705 2093/2320/2389 2398/2662/2712
f 2096/2323/2391 2400/2665/2715 2371/2627/2677
f 2371/2627/2677 2401/2666/2716 2372/2628/2678
f 2372/2628/2717 2402/2667/2718 2373/2629/2680
f 2402/2668/2718 2116/2343/2410 2373/2630/2680
f 2095/2322/2390 2403/2669/2719 2400/2665/2715
f 2400/2665/2715 2404/2670/2720 2401/2666/2716
f 2401/2666/2721 2405/2671/2722 2402/2667/2718
f 2405/2672/2722 2114/2341/2408 2402/2668/2718
f 2125/2352/2418 2406/2673/2723 2403/2669/2719
f 2403/2669/2719 2407/2674/2724 2404/2670/2720
f 2404/2670/2725 2408/2675/2726 2405/2671/2722
f 2408/2676/2726 2113/2340/2407 2405/2672/2722
f 2134/2361/2427 2409/2677/2727 2406/2673/2723
f 2406/2673/2723 2410/2678/2728 2407/2674/2724
f 2407/2674/2729 2411/2679/2730 2408/2675/2726
f 2411/2680/2730 2111/2338/2405 2408/2676/2726
f 2270/2497/2552 2412/2681/2731 2413/2682/2732
f 2413/2683/2732 2414/2684/2733 2415/2685/2734
f 2415/2685/2735 2416/2686/2736 2417/2687/2737
f 2417/2687/2737 2118/2345/2412 2120/2347/2414
f 2263/2490/2545 2395/2658/2708 2412/2681/2731
f 2412/2688/2731 2397/2661/2710 2414/2684/2733
f 2414/2684/2738 2399/2663/2713 2416/2686/2736
f 2399/2663/2713 2118/2345/2412 2416/2686/2736
f 2248/2475/2530 2301/2536/2587 2246/2473/2528
f 2418/2689/2739 2291/2524/2740 2301/2536/2587
f 2419/2690/2741 2288/2521/2574 2291/2524/2577
f 2420/2691/2742 2262/2489/2544 2288/2521/2574
f 2280/2507/2562 2418/2689/2739 2248/2475/2530
f 2279/2506/2561 2419/2690/2741 2418/2689/2739
f 2283/2512/2565 2420/2691/2742 2419/2690/2741
f 2274/2501/2556 2214/2441/2498 2420/2691/2742
f 2133/2360/2426 2421/2692/2743 2409/2677/2727
f 2409/2677/2727 2422/2693/2744 2410/2678/2728
f 2410/2678/2745 2423/2694/2746 2411/2679/2730
f 2411/2680/2730 2121/2348/2415 2123/2350/2417
f 2233/2460/2516 2300/2535/2586 2421/2692/2743
f 2421/2692/2747 2296/2530/2590 2422/2693/2744
f 2422/2693/2748 2294/2527/2580 2423/2694/2746
f 2423/2695/2746 2130/2357/2423 2121/2348/2415
f 2280/2507/2562 2424/2696/2749 2278/2505/2560
f 2278/2510/2560 2425/2697/2750 2281/2508/2563
f 2281/2508/2563 2426/2698/2751 2286/2515/2568
f 2286/2515/2568 2127/2354/2420 2129/2356/2422
f 2247/2474/2529 2413/2682/2732 2424/2696/2749
f 2424/2699/2749 2415/2685/2734 2425/2697/2750
f 2425/2697/2750 2417/2687/2737 2426/2698/2751
f 2426/2698/2751 2120/2347/2414 2127/2354/2420
f 2150/2377/2442 2379/2700/2687 2269/2496/2551
f 2427/2701/2752 2380/2639/2753 2379/2638/2687
f 2428/2702/2754 2429/2703/2755 2380/2639/2689
f 2429/2703/2755 2243/2470/2525 2099/2326/2394
f 2209/2436/2495 2427/2704/2752 2150/2377/2442
f 2430/2705/2756 2428/2702/2757 2427/2701/2752
f 2431/2706/2758 2432/2707/2759 2428/2702/2754
f 2432/2707/2759 2139/2366/2432 2243/2470/2525
f 2082/2309/2380 2433/2708/2760 2255/2482/2537
f 2434/2709/2761 2435/2710/2762 2433/2708/2760
f 2436/2711/2763 2437/2712/2764 2435/2710/2765
f 2437/2713/2764 2135/2362/2428 2137/2364/2430
f 2084/2311/2382 2434/2709/2761 2082/2309/2380
f 2382/2641/2691 2436/2711/2766 2434/2709/2761
f 2384/2643/2696 2438/2714/2767 2436/2711/2763
f 2438/2715/2767 2097/2324/2392 2135/2362/2428
f 2316/2555/2610 2439/2716/2768 2314/2553/2608
f 2314/2553/2608 2440/2717/2769 2307/2543/2597
f 2307/2543/2597 2441/2718/2770 2303/2539/2593
f 2303/2539/2593 2201/2719/2488 2254/2537/2536
f 2224/2451/2507 2442/2720/2771 2439/2716/2768
f 2439/2716/2768 2443/2721/2772 2440/2717/2769
f 2440/2717/2769 2444/2722/2773 2441/2718/2770
f 2441/2723/2770 2145/2372/2438 2201/2428/2488
f 2225/2452/2508 2430/2724/2756 2209/2436/2495
f 2445/2725/2774 2431/2706/2775 2430/2705/2756
f 2446/2726/2776 2447/2727/2777 2431/2706/2758
f 2448/2728/2778 2139/2366/2432 2447/2727/2777
f 2316/2555/2610 2445/2729/2774 2225/2452/2508
f 2315/2730/2609 2446/2726/2779 2445/2725/2774
f 2318/2731/2780 2448/2728/2778 2446/2726/2776
f 2312/2548/2602 2147/2374/2440 2448/2728/2778
f 2227/2454/2510 2442/2720/2771 2226/2453/2509
f 2449/2732/2781 2443/2721/2772 2442/2720/2771
f 2450/2733/2782 2444/2734/2773 2443/2735/2772
f 2444/2734/2773 2143/2370/2436 2145/2372/2438
f 2255/2482/2537 2449/2732/2781 2227/2454/2510
f 2433/2708/2760 2450/2736/2783 2449/2732/2781
f 2435/2737/2765 2451/2738/2784 2450/2733/2782
f 2437/2713/2764 2143/2370/2436 2451/2738/2784
f 2223/2450/2506 2452/2739/2785 2152/2379/2443
f 2453/2740/2786 2454/2741/2787 2452/2739/2785
f 2455/2742/2788 2456/2743/2789 2454/2741/2787
f 2457/2744/2790 2268/2495/2550 2456/2743/2789
f 2172/2399/2462 2453/2740/2786 2223/2450/2506
f 2458/2745/2791 2455/2742/2788 2453/2740/2786
f 2459/2746/2792 2457/2744/2790 2455/2742/2788
f 2460/2747/2793 2267/2494/2549 2457/2744/2790
f 2166/2393/2456 2461/2748/2794 2462/2749/2795
f 2462/2749/2795 2463/2750/2796 2464/2751/2797
f 2464/2751/2797 2465/2752/2798 2466/2753/2799
f 2466/2753/2799 2204/2431/2491 2207/2434/2494
f 2165/2392/2455 2467/2754/2800 2461/2748/2794
f 2461/2748/2794 2468/2755/2801 2463/2750/2796
f 2463/2750/2796 2469/2756/2802 2465/2752/2798
f 2465/2752/2798 2205/2432/2492 2204/2431/2491
f 2162/2389/2452 2470/2757/2803 2471/2758/2804
f 2471/2758/2804 2472/2759/2805 2473/2760/2806
f 2473/2760/2806 2474/2761/2807 2475/2762/2808
f 2475/2762/2808 2221/2448/2505 2187/2414/2477
f 2153/2380/2444 2452/2739/2785 2470/2757/2803
f 2470/2757/2803 2454/2741/2787 2472/2759/2805
f 2472/2759/2805 2456/2743/2789 2474/2761/2807
f 2474/2761/2807 2268/2495/2550 2221/2448/2505
f 2167/2394/2457 2476/2763/2809 2206/2433/2493
f 2477/2764/2810 2478/2765/2811 2476/2763/2809
f 2479/2766/2812 2480/2767/2813 2478/2765/2811
f 2481/2768/2814 2259/2486/2541 2480/2767/2813
f 2166/2393/2456 2477/2764/2810 2167/2394/2457
f 2462/2749/2795 2479/2766/2812 2477/2764/2810
f 2464/2751/2797 2481/2768/2814 2479/2766/2812
f 2466/2753/2799 2242/2469/2524 2481/2768/2814
f 2158/2385/2448 2482/2769/2815 2236/2463/2519
f 2483/2770/2816 2484/2771/2817 2482/2769/2815
f 2485/2772/2818 2486/2773/2819 2484/2771/2817
f 2487/2774/2820 2159/2386/2449 2486/2773/2819
f 2206/2433/2493 2483/2770/2816 2158/2385/2448
f 2476/2763/2809 2485/2772/2818 2483/2770/2816
f 2478/2765/2811 2487/2774/2820 2485/2772/2818
f 2480/2767/2813 2175/2402/2465 2487/2774/2820
f 2173/2400/2463 2458/2745/2791 2172/2399/2462
f 2488/2775/2821 2459/2746/2792 2458/2745/2791
f 2489/2776/2822 2460/2747/2793 2459/2746/2792
f 2490/2777/2823 2266/2493/2548 2460/2747/2793
f 2178/2405/2468 2488/2775/2821 2173/2400/2463
f 2491/2778/2824 2489/2776/2822 2488/2775/2821
f 2492/2779/2825 2490/2777/2823 2489/2776/2822
f 2493/2780/2826 2155/2382/2446 2490/2777/2823
f 2179/2406/2469 2491/2778/2824 2178/2405/2468
f 2494/2781/2827 2492/2779/2825 2491/2778/2824
f 2495/2782/2828 2493/2780/2826 2492/2779/2825
f 2496/2783/2829 2219/2446/2503 2493/2780/2826
f 2183/2410/2473 2494/2781/2827 2179/2406/2469
f 2497/2784/2830 2495/2782/2828 2494/2781/2827
f 2498/2785/2831 2496/2783/2829 2495/2782/2828
f 2499/2786/2832 2260/2487/2542 2496/2783/2829
f 2174/2401/2464 2500/2787/2833 2264/2491/2546
f 2501/2788/2834 2502/2789/2835 2500/2787/2833
f 2503/2790/2836 2504/2791/2837 2502/2789/2835
f 2505/2792/2838 2182/2409/2472 2504/2791/2837
f 2236/2463/2519 2501/2788/2834 2174/2401/2464
f 2482/2769/2815 2503/2790/2836 2501/2788/2834
f 2484/2771/2817 2505/2792/2838 2503/2790/2836
f 2486/2773/2819 2161/2388/2451 2505/2792/2838
f 2265/2492/2547 2506/2793/2839 2333/2581/2633
f 2333/2581/2633 2507/2794/2840 2335/2583/2635
f 2335/2583/2635 2508/2795/2841 2341/2593/2641
f 2341/2589/2641 2250/2477/2532 2252/2479/2534
f 2218/2445/2502 2320/2560/2615 2506/2793/2839
f 2506/2793/2839 2324/2564/2619 2507/2794/2840
f 2507/2794/2840 2329/2577/2628 2508/2795/2841
f 2508/2796/2841 2251/2478/2533 2250/2477/2532
f 2185/2412/2475 2497/2784/2830 2183/2410/2473
f 2509/2797/2842 2498/2785/2831 2497/2784/2830
f 2510/2798/2843 2499/2786/2832 2498/2785/2831
f 2511/2799/2844 2257/2484/2539 2499/2786/2832
f 2347/2800/2647 2509/2797/2842 2185/2412/2475
f 2346/2601/2646 2510/2798/2843 2509/2797/2842
f 2349/2600/2649 2511/2799/2844 2510/2798/2843
f 2340/2588/2640 2237/2464/2520 2511/2799/2844
f 2180/2407/2470 2327/2568/2623 2186/2413/2476
f 2512/2801/2845 2332/2579/2631 2327/2568/2623
f 2513/2802/2846 2330/2575/2629 2332/2579/2631
f 2514/2803/2847 2251/2478/2533 2330/2575/2629
f 2264/2491/2546 2512/2801/2845 2180/2407/2470
f 2500/2787/2833 2513/2802/2846 2512/2801/2845
f 2502/2789/2835 2514/2803/2847 2513/2802/2846
f 2504/2791/2837 2249/2476/2531 2514/2803/2847
f 2169/2396/2459 2515/2804/2848 2467/2754/2800
f 2467/2754/2800 2516/2805/2849 2468/2755/2801
f 2468/2755/2801 2517/2806/2850 2469/2756/2802
f 2469/2756/2802 2244/2471/2526 2205/2432/2492
f 2190/2417/2478 2518/2807/2851 2515/2804/2848
f 2515/2804/2848 2519/2808/2852 2516/2805/2849
f 2516/2805/2849 2520/2809/2853 2517/2806/2850
f 2517/2806/2850 2211/2438/2497 2244/2471/2526
f 2192/2419/2480 2521/2810/2854 2522/2811/2855
f 2522/2811/2855 2523/2812/2856 2524/2813/2857
f 2524/2813/2857 2525/2814/2858 2526/2815/2859
f 2526/2815/2859 2196/2423/2483 2195/2422/2482
f 2163/2390/2453 2471/2758/2804 2521/2810/2854
f 2521/2810/2854 2473/2760/2806 2523/2812/2856
f 2523/2812/2856 2475/2762/2808 2525/2814/2858
f 2525/2814/2858 2187/2414/2477 2196/2423/2483
f 2203/2430/2490 2352/2605/2652 2256/2483/2538
f 2527/2816/2860 2361/2614/2662 2352/2605/2652
f 2528/2817/2861 2357/2610/2658 2361/2614/2662
f 2529/2818/2862 2358/2611/2659 2357/2610/2658
f 2199/2426/2486 2527/2816/2860 2203/2430/2490
f 2530/2819/2863 2528/2817/2861 2527/2816/2860
f 2531/2820/2864 2529/2818/2862 2528/2817/2861
f 2532/2821/2865 2231/2458/2514 2529/2818/2862
f 2191/2418/2479 2533/2822/2866 2518/2807/2851
f 2518/2807/2851 2534/2823/2867 2519/2808/2852
f 2519/2808/2852 2535/2824/2868 2520/2809/2853
f 2520/2809/2853 2230/2457/2513 2211/2438/2497
f 2197/2424/2484 2364/2617/2666 2533/2822/2866
f 2533/2822/2866 2359/2612/2660 2534/2823/2867
f 2534/2823/2867 2356/2609/2657 2535/2824/2868
f 2535/2824/2868 2358/2611/2659 2230/2457/2513
f 2199/2426/2486 2536/2825/2869 2530/2819/2863
f 2530/2819/2863 2537/2826/2870 2531/2820/2864
f 2531/2820/2864 2538/2827/2871 2532/2821/2865
f 2532/2821/2865 2229/2456/2512 2228/2455/2511
f 2193/2420/2481 2522/2811/2855 2536/2825/2869
f 2536/2825/2869 2524/2813/2857 2537/2826/2870
f 2537/2826/2870 2526/2815/2859 2538/2827/2871
f 2538/2827/2871 2195/2422/2482 2229/2456/2512
f 2198/2425/2485 2539/2828/2872 2351/2829/2667
f 2351/2830/2651 2253/2831/2535 2256/2832/2538
f 2148/2375/2441 2311/2547/2873 2539/2828/2872
f 2539/2828/2874 2311/2547/2874 2304/2551/2874
f 2539/2833/2875 2254/2537/2536 2253/2831/2535
f 2128/2355/2421 2273/2834/2876 2129/2356/2422
f 2273/2834/2877 2540/2835/2878 2541/2836/2879
f 2541/2837/2880 2271/2498/2553 2273/2500/2555
f 2186/2413/2476 2540/2835/2881 2128/2355/2421
f 2540/2835/2878 2321/2838/2882 2541/2836/2879
f 2321/2839/2616 2215/2442/2499 2541/2837/2880
f 2347/2597/2647 2542/2840/2883 2345/2595/2645
f 2345/2595/2645 2543/2841/2884 2337/2585/2637
f 2337/2585/2637 2544/2842/2885 2334/2582/2634
f 2334/2582/2634 2261/2488/2543 2265/2492/2547
f 2184/2843/2474 2295/2528/2581 2542/2840/2883
f 2542/2840/2883 2289/2522/2575 2543/2841/2884
f 2543/2841/2884 2287/2520/2573 2544/2842/2885
f 2544/2842/2885 2262/2489/2544 2261/2488/2543
f 2099/2326/2394 2243/2470/2525 2100/2327/2395
f 2102/2329/2397 2164/2391/2454 2103/2330/2398
f 2111/2338/2405 2177/2404/2467 2112/2339/2406
f 2114/2341/2408 2171/2398/2461 2115/2342/2409
f 2121/2348/2415 2131/2358/2424 2122/2349/2416
f 2135/2362/2428 2097/2324/2392 2098/2325/2393
f 2137/2364/2430 2135/2362/2428 2136/2363/2429
f 2143/2370/2436 2137/2364/2430 2138/2365/2431
f 2145/2372/2438 2143/2370/2436 2144/2371/2437
f 2154/2381/2445 2266/2493/2548 2155/2382/2446
f 2157/2384/2447 2206/2433/2493 2158/2385/2448
f 2159/2386/2449 2176/2403/2466 2160/2387/2450
f 2136/2363/2429 2098/2325/2393 2162/2389/2452
f 2164/2391/2454 2168/2395/2458 2165/2392/2455
f 2164/2391/2454 2166/2393/2456 2167/2394/2457
f 2168/2395/2458 2101/2328/2396 2169/2396/2459
f 2170/2397/2460 2223/2450/2506 2152/2379/2443
f 2171/2398/2461 2173/2400/2463 2172/2399/2462
f 2112/2339/2406 2178/2405/2468 2173/2400/2463
f 2175/2402/2465 2156/2383/2445 2176/2403/2466
f 2177/2404/2467 2179/2406/2469 2178/2405/2468
f 2122/2349/2416 2183/2410/2473 2179/2406/2469
f 2161/2388/2451 2160/2387/2450 2181/2408/2471
f 2131/2358/2424 2185/2412/2475 2183/2410/2473
f 2184/2411/2474 2347/2800/2647 2185/2412/2475
f 2187/2414/2477 2221/2448/2505 2188/2415/2445
f 2101/2328/2396 2100/2327/2395 2190/2417/2478
f 2100/2327/2395 2141/2368/2434 2191/2418/2479
f 2144/2371/2437 2138/2365/2431 2192/2419/2480
f 2194/2421/2445 2213/2440/2445 2195/2422/2482
f 2141/2368/2434 2140/2367/2433 2197/2424/2484
f 2140/2367/2433 2148/2375/2441 2198/2425/2485
f 2146/2373/2439 2144/2371/2437 2193/2420/2481
f 2189/2416/2445 2188/2415/2445 2204/2431/2491
f 2104/2331/2399 2103/2330/2398 2157/2384/2447
f 2103/2330/2398 2167/2394/2457 2206/2433/2493
f 2188/2415/2445 2222/2449/2445 2207/2434/2494
f 2211/2438/2497 2230/2457/2513 2212/2439/2445
f 2113/2340/2407 2112/2339/2406 2171/2398/2461
f 2156/2383/2445 2155/2382/2446 2219/2446/2503
f 2116/2343/2410 2115/2342/2409 2170/2397/2460
f 2221/2448/2505 2268/2495/2550 2222/2449/2445
f 2115/2342/2409 2172/2399/2462 2223/2450/2506
f 2212/2439/2445 2231/2458/2514 2228/2455/2511
f 2230/2457/2513 2358/2611/2659 2231/2458/2514
f 2092/2319/2388 2158/2385/2448 2236/2463/2519
f 2181/2408/2471 2257/2484/2539 2237/2464/2520
f 2241/2468/2445 2242/2469/2524 2207/2434/2494
f 2154/2381/2445 2259/2486/2541 2242/2469/2524
f 2243/2470/2525 2139/2366/2432 2141/2368/2434
f 2189/2416/2445 2194/2421/2445 2196/2423/2483
f 2244/2471/2526 2211/2438/2497 2213/2440/2445
f 2249/2476/2531 2238/2465/2521 2250/2477/2532
f 2238/2465/2521 2237/2464/2520 2252/2479/2534
f 2138/2365/2431 2136/2363/2429 2163/2390/2453
f 2123/2350/2417 2122/2349/2416 2177/2404/2467
f 2213/2440/2445 2212/2439/2445 2229/2456/2512
f 2160/2387/2450 2260/2487/2542 2257/2484/2539
f 2220/2447/2504 2170/2397/2460 2086/2313/2384
f 2259/2486/2541 2154/2381/2445 2156/2383/2445
f 2176/2403/2466 2219/2446/2503 2260/2487/2542
f 2266/2493/2548 2154/2381/2445 2241/2468/2445
f 2267/2494/2549 2241/2468/2445 2222/2449/2445
f 2182/2409/2472 2181/2408/2471 2238/2465/2521
f 2205/2432/2492 2244/2471/2526 2194/2421/2445
f 2477/2764/2810 2479/2766/2812 2478/2765/2811
f 2483/2770/2816 2485/2772/2818 2484/2771/2817
f 2493/2780/2826 2219/2446/2503 2155/2382/2446
f 2501/2788/2834 2503/2790/2836 2502/2789/2835
f 2502/2789/2835 2504/2791/2837 2514/2803/2847
f 2467/2754/2800 2515/2804/2848 2516/2805/2849
f 2469/2756/2802 2517/2806/2850 2244/2471/2526
f 2524/2813/2857 2523/2812/2856 2525/2814/2858
f 2521/2810/2854 2471/2758/2804 2473/2760/2806
f 2523/2812/2856 2473/2760/2806 2475/2762/2808
f 2530/2819/2863 2531/2820/2864 2528/2817/2861
f 2191/2418/2479 2197/2424/2484 2533/2822/2866
f 2518/2807/2851 2533/2822/2866 2534/2823/2867
f 2197/2424/2484 2198/2425/2485 2364/2617/2666
f 2193/2420/2481 2192/2419/2480 2522/2811/2855
f 2537/2826/2870 2524/2813/2857 2526/2815/2859
f 2082/2309/2380 2151/2378/2381 2083/2310/2381
f 2085/2312/2383 2258/2485/2540 2086/2313/2384
f 2088/2315/2381 2142/2369/2435 2089/2316/2386
f 2091/2318/2387 2157/2384/2447 2092/2319/2388
f 2094/2321/2381 2124/2351/2381 2095/2322/2390
f 2097/2324/2392 2085/2312/2383 2087/2314/2385
f 2090/2317/2381 2108/2335/2381 2105/2332/2400
f 2107/2334/2402 2239/2466/2522 2094/2321/2381
f 2093/2320/2389 2092/2319/2388 2109/2336/2403
f 2110/2337/2404 2109/2336/2403 2117/2344/2411
f 2118/2345/2412 2117/2344/2411 2119/2346/2413
f 2124/2351/2381 2235/2462/2518 2125/2352/2418
f 2120/2347/2414 2119/2346/2413 2126/2353/2419
f 2127/2354/2420 2126/2353/2419 2128/2355/2421
f 2130/2357/2423 2184/2411/2474 2131/2358/2424
f 2132/2359/2425 2232/2459/2515 2133/2360/2426
f 2139/2366/2432 2147/2374/2440 2140/2367/2433
f 2083/2310/2381 2269/2496/2551 2142/2369/2435
f 2147/2374/2440 2309/2545/2599 2148/2375/2441
f 2149/2376/2381 2209/2436/2495 2150/2377/2442
f 2087/2314/2385 2086/2313/2384 2152/2379/2443
f 2109/2336/2403 2236/2463/2519 2174/2401/2464
f 2119/2346/2413 2264/2491/2546 2180/2407/2470
f 2126/2353/2419 2180/2407/2470 2186/2413/2476
f 2200/2427/2487 2099/2326/2394 2101/2328/2396
f 2201/2428/2488 2145/2372/2438 2146/2373/2439
f 2202/2429/2489 2146/2373/2439 2199/2426/2486
f 2089/2316/2386 2107/2334/2402 2108/2335/2381
f 2208/2435/2381 2225/2452/2508 2209/2436/2495
f 2084/2311/2382 2083/2310/2381 2088/2315/2381
f 2098/2325/2393 2087/2314/2385 2153/2380/2444
f 2214/2441/2498 2271/2498/2553 2215/2442/2499
f 2216/2443/2500 2215/2442/2499 2217/2444/2501
f 2102/2329/2397 2200/2427/2487 2168/2395/2458
f 2224/2451/2507 2316/2555/2610 2225/2452/2508
f 2226/2453/2509 2224/2451/2507 2208/2435/2381
f 2232/2459/2515 2245/2472/2527 2233/2460/2516
f 2234/2461/2517 2240/2467/2523 2235/2462/2518
f 2239/2466/2522 2234/2461/2517 2124/2351/2381
f 2240/2467/2523 2263/2490/2545 2132/2359/2425
f 2245/2472/2527 2248/2475/2530 2246/2473/2528
f 2247/2474/2529 2280/2507/2562 2248/2475/2530
f 2201/2428/2488 2202/2429/2489 2253/2480/2535
f 2255/2482/2537 2149/2376/2381 2151/2378/2381
f 2202/2429/2489 2203/2430/2490 2256/2483/2538
f 2227/2454/2510 2208/2435/2381 2149/2376/2381
f 2235/2462/2518 2132/2359/2425 2134/2361/2427
f 2214/2441/2498 2216/2443/2500 2261/2488/2543
f 2263/2490/2545 2270/2497/2552 2232/2459/2515
f 2117/2344/2411 2174/2401/2464 2264/2491/2546
f 2216/2443/2500 2218/2445/2502 2265/2492/2547
f 2210/2437/2496 2088/2315/2381 2090/2317/2381
f 2108/2335/2381 2094/2321/2381 2096/2323/2391
f 2151/2378/2381 2150/2377/2442 2269/2496/2551
f 2270/2497/2552 2247/2474/2529 2245/2472/2527
f 2271/2498/2553 2274/2501/2556 2272/2499/2554
f 2274/2501/2556 2283/2512/2565 2275/2502/2557
f 2272/2499/2554 2275/2502/2557 2277/2504/2559
f 2278/2505/2560 2282/2511/2564 2279/2506/2561
f 2281/2508/2563 2284/2518/2566 2282/2509/2564
f 2282/2511/2564 2275/2502/2557 2283/2512/2565
f 2284/2513/2566 2277/2504/2559 2275/2502/2557
f 2129/2356/2422 2273/2834/2569 2285/2514/2567
f 2286/2515/2568 2285/2514/2567 2284/2518/2571
f 2285/2514/2567 2276/2517/2886 2277/2519/2572
f 2287/2520/2573 2290/2523/2576 2288/2521/2574
f 2289/2522/2575 2292/2532/2578 2290/2523/2576
f 2290/2523/2576 2293/2526/2579 2291/2524/2577
f 2294/2527/2580 2297/2531/2583 2295/2528/2581
f 2296/2530/2582 2298/2533/2584 2297/2531/2583
f 2295/2528/2581 2297/2531/2583 2292/2532/2578
f 2246/2473/2528 2301/2536/2587 2299/2534/2585
f 2301/2536/2587 2291/2524/2740 2293/2526/2588
f 2300/2535/2586 2299/2534/2585 2298/2533/2589
f 2299/2534/2591 2293/2526/2579 2292/2525/2578
f 2254/2537/2536 2304/2844/2594 2302/2538/2592
f 2303/2539/2593 2302/2538/2592 2306/2542/2596
f 2302/2538/2592 2305/2541/2595 2308/2544/2598
f 2309/2545/2599 2312/2548/2602 2310/2546/2600
f 2312/2548/2602 2318/2731/2780 2313/2549/2603
f 2311/2547/2604 2310/2546/2600 2305/2550/2605
f 2310/2546/2600 2313/2549/2603 2308/2552/2607
f 2314/2553/2608 2317/2556/2611 2315/2554/2609
f 2307/2543/2597 2306/2542/2596 2317/2556/2611
f 2317/2556/2611 2313/2558/2613 2318/2557/2612
f 2306/2542/2596 2308/2544/2598 2313/2558/2613
f 2217/2444/2501 2321/2839/2616 2319/2559/2614
f 2320/2560/2615 2319/2559/2614 2323/2563/2618
f 2319/2559/2614 2322/2562/2617 2325/2565/2620
f 2186/2413/2476 2327/2568/2623 2326/2566/2621
f 2327/2568/2623 2332/2579/2631 2328/2569/2624
f 2326/2566/2621 2328/2569/2624 2325/2572/2626
f 2329/2574/2628 2331/2578/2630 2330/2575/2629
f 2324/2564/2619 2323/2563/2632 2331/2576/2630
f 2331/2578/2630 2328/2569/2624 2332/2579/2631
f 2323/2563/2632 2325/2565/2626 2328/2580/2624
f 2333/2581/2633 2336/2584/2636 2334/2582/2634
f 2335/2583/2635 2344/2594/2644 2336/2584/2636
f 2336/2584/2636 2339/2587/2639 2337/2585/2637
f 2336/2584/2636 2344/2594/2644 2338/2586/2638
f 2340/2588/2640 2343/2591/2643 2341/2589/2641
f 2340/2588/2640 2349/2600/2649 2342/2590/2642
f 2343/2592/2643 2344/2594/2644 2335/2583/2635
f 2343/2592/2643 2342/2602/2642 2338/2586/2638
f 2345/2595/2645 2348/2598/2648 2346/2596/2646
f 2337/2585/2637 2339/2587/2639 2348/2598/2648
f 2348/2599/2648 2342/2590/2642 2349/2600/2649
f 2339/2587/2639 2338/2586/2638 2342/2602/2642
f 2256/2483/2538 2352/2605/2652 2350/2603/2650
f 2352/2605/2652 2361/2614/2662 2353/2606/2653
f 2350/2603/2650 2353/2606/2653 2355/2608/2655
f 2356/2609/2657 2360/2613/2661 2357/2610/2658
f 2359/2612/2660 2362/2615/2663 2360/2613/2661
f 2360/2613/2661 2353/2606/2664 2361/2614/2662
f 2362/2615/2663 2355/2608/2669 2353/2606/2664
f 2198/2425/2485 2351/2829/2667 2363/2616/2665
f 2364/2617/2666 2363/2616/2665 2362/2615/2663
f 2363/2616/2665 2354/2607/2668 2355/2608/2669
f 2106/2333/2401 2105/2332/2400 2365/2619/2670
f 2366/2620/2671 2365/2619/2670 2367/2621/2672
f 2368/2622/2674 2367/2621/2679 2369/2623/2675
f 2369/2625/2675 2220/2447/2504 2258/2485/2540
f 2105/2332/2400 2096/2323/2391 2371/2627/2677
f 2365/2619/2670 2371/2627/2677 2372/2628/2678
f 2367/2621/2679 2372/2628/2717 2373/2629/2680
f 2373/2630/2680 2116/2343/2410 2220/2447/2504
f 2142/2369/2435 2375/2637/2682 2374/2631/2681
f 2375/2632/2682 2377/2635/2688 2376/2633/2683
f 2377/2635/2684 2381/2640/2690 2378/2636/2685
f 2378/2636/2685 2381/2640/2690 2200/2427/2487
f 2269/2496/2551 2379/2700/2687 2375/2637/2682
f 2379/2638/2687 2380/2639/2753 2377/2635/2688
f 2380/2639/2689 2429/2703/2755 2381/2640/2690
f 2381/2640/2690 2429/2703/2755 2099/2326/2394
f 2210/2437/2496 2383/2642/2692 2382/2641/2691
f 2383/2642/2692 2385/2644/2697 2384/2643/2693
f 2385/2644/2694 2387/2647/2698 2386/2645/2695
f 2386/2646/2695 2387/2648/2698 2085/2312/2383
f 2106/2333/2401 2366/2620/2671 2383/2642/2692
f 2366/2620/2671 2368/2622/2673 2385/2644/2697
f 2368/2622/2674 2370/2624/2676 2387/2647/2698
f 2387/2648/2698 2370/2626/2676 2258/2485/2540
f 2239/2466/2522 2107/2334/2402 2388/2649/2699
f 2389/2651/2700 2388/2656/2699 2390/2652/2701
f 2391/2653/2703 2390/2652/2706 2392/2654/2704
f 2392/2654/2704 2104/2331/2399 2091/2318/2387
f 2107/2334/2402 2089/2316/2386 2374/2631/2681
f 2388/2656/2699 2374/2634/2681 2376/2633/2683
f 2390/2652/2706 2376/2633/2686 2378/2636/2685
f 2378/2636/2685 2102/2329/2397 2104/2331/2399
f 2240/2467/2523 2234/2461/2517 2394/2657/2707
f 2395/2659/2708 2394/2664/2707 2396/2660/2709
f 2397/2661/2711 2396/2660/2714 2398/2662/2712
f 2398/2662/2712 2093/2320/2389 2110/2337/2404
f 2234/2461/2517 2239/2466/2522 2389/2650/2700
f 2394/2664/2707 2389/2651/2700 2391/2653/2702
f 2396/2660/2714 2391/2653/2703 2393/2655/2705
f 2393/2655/2705 2091/2318/2387 2093/2320/2389
f 2096/2323/2391 2095/2322/2390 2400/2665/2715
f 2371/2627/2677 2400/2665/2715 2401/2666/2716
f 2372/2628/2717 2401/2666/2721 2402/2667/2718
f 2402/2668/2718 2114/2341/2408 2116/2343/2410
f 2095/2322/2390 2125/2352/2418 2403/2669/2719
f 2400/2665/2715 2403/2669/2719 2404/2670/2720
f 2401/2666/2721 2404/2670/2725 2405/2671/2722
f 2405/2672/2722 2113/2340/2407 2114/2341/2408
f 2125/2352/2418 2134/2361/2427 2406/2673/2723
f 2403/2669/2719 2406/2673/2723 2407/2674/2724
f 2404/2670/2725 2407/2674/2729 2408/2675/2726
f 2408/2676/2726 2111/2338/2405 2113/2340/2407
f 2134/2361/2427 2133/2360/2426 2409/2677/2727
f 2406/2673/2723 2409/2677/2727 2410/2678/2728
f 2407/2674/2729 2410/2678/2745 2411/2679/2730
f 2411/2680/2730 2123/2350/2417 2111/2338/2405
f 2270/2497/2552 2263/2490/2545 2412/2681/2731
f 2413/2683/2732 2412/2688/2731 2414/2684/2733
f 2415/2685/2735 2414/2684/2738 2416/2686/2736
f 2417/2687/2737 2416/2686/2736 2118/2345/2412
f 2263/2490/2545 2240/2467/2523 2395/2658/2708
f 2412/2688/2731 2395/2659/2708 2397/2661/2710
f 2414/2684/2738 2397/2661/2711 2399/2663/2713
f 2399/2663/2713 2110/2337/2404 2118/2345/2412
f 2248/2475/2530 2418/2689/2739 2301/2536/2587
f 2418/2689/2739 2419/2690/2741 2291/2524/2740
f 2419/2690/2741 2420/2691/2742 2288/2521/2574
f 2420/2691/2742 2214/2441/2498 2262/2489/2544
f 2280/2507/2562 2279/2506/2561 2418/2689/2739
f 2279/2506/2561 2283/2512/2565 2419/2690/2741
f 2283/2512/2565 2274/2501/2556 2420/2691/2742
f 2274/2501/2556 2271/2498/2553 2214/2441/2498
f 2133/2360/2426 2233/2460/2516 2421/2692/2743
f 2409/2677/2727 2421/2692/2747 2422/2693/2744
f 2410/2678/2745 2422/2693/2748 2423/2694/2746
f 2411/2680/2730 2423/2695/2746 2121/2348/2415
f 2233/2460/2516 2246/2473/2528 2300/2535/2586
f 2421/2692/2747 2300/2535/2586 2296/2530/2590
f 2422/2693/2748 2296/2530/2582 2294/2527/2580
f 2423/2695/2746 2294/2845/2580 2130/2357/2423
f 2280/2507/2562 2247/2474/2529 2424/2696/2749
f 2278/2510/2560 2424/2699/2749 2425/2697/2750
f 2281/2508/2563 2425/2697/2750 2426/2698/2751
f 2286/2515/2568 2426/2698/2751 2127/2354/2420
f 2247/2474/2529 2270/2497/2552 2413/2682/2732
f 2424/2699/2749 2413/2683/2732 2415/2685/2734
f 2425/2697/2750 2415/2685/2735 2417/2687/2737
f 2426/2698/2751 2417/2687/2737 2120/2347/2414
f 2150/2377/2442 2427/2704/2752 2379/2700/2687
f 2427/2701/2752 2428/2702/2757 2380/2639/2753
f 2428/2702/2754 2432/2707/2759 2429/2703/2755
f 2429/2703/2755 2432/2707/2759 2243/2470/2525
f 2209/2436/2495 2430/2724/2756 2427/2704/2752
f 2430/2705/2756 2431/2706/2775 2428/2702/2757
f 2431/2706/2758 2447/2727/2777 2432/2707/2759
f 2432/2707/2759 2447/2727/2777 2139/2366/2432
f 2082/2309/2380 2434/2709/2761 2433/2708/2760
f 2434/2709/2761 2436/2711/2766 2435/2710/2762
f 2436/2711/2763 2438/2714/2767 2437/2712/2764
f 2437/2713/2764 2438/2715/2767 2135/2362/2428
f 2084/2311/2382 2382/2641/2691 2434/2709/2761
f 2382/2641/2691 2384/2643/2693 2436/2711/2766
f 2384/2643/2696 2386/2645/2695 2438/2714/2767
f 2438/2715/2767 2386/2646/2695 2097/2324/2392
f 2316/2555/2610 2224/2451/2507 2439/2716/2768
f 2314/2553/2608 2439/2716/2768 2440/2717/2769
f 2307/2543/2597 2440/2717/2769 2441/2718/2770
f 2303/2539/2593 2441/2718/2770 2201/2719/2488
f 2224/2451/2507 2226/2453/2509 2442/2720/2771
f 2439/2716/2768 2442/2720/2771 2443/2721/2772
f 2440/2717/2769 2443/2721/2772 2444/2722/2773
f 2441/2723/2770 2444/2734/2773 2145/2372/2438
f 2225/2452/2508 2445/2729/2774 2430/2724/2756
f 2445/2725/2774 2446/2726/2779 2431/2706/2775
f 2446/2726/2776 2448/2728/2778 2447/2727/2777
f 2448/2728/2778 2147/2374/2440 2139/2366/2432
f 2316/2555/2610 2315/2554/2609 2445/2729/2774
f 2315/2730/2609 2318/2731/2612 2446/2726/2779
f 2318/2731/2780 2312/2548/2602 2448/2728/2778
f 2312/2548/2602 2309/2545/2599 2147/2374/2440
f 2227/2454/2510 2449/2732/2781 2442/2720/2771
f 2449/2732/2781 2450/2736/2783 2443/2721/2772
f 2450/2733/2782 2451/2738/2784 2444/2734/2773
f 2444/2734/2773 2451/2738/2784 2143/2370/2436
f 2255/2482/2537 2433/2708/2760 2449/2732/2781
f 2433/2708/2760 2435/2710/2762 2450/2736/2783
f 2435/2737/2765 2437/2713/2764 2451/2738/2784
f 2437/2713/2764 2137/2364/2430 2143/2370/2436
f 2223/2450/2506 2453/2740/2786 2452/2739/2785
f 2453/2740/2786 2455/2742/2788 2454/2741/2787
f 2455/2742/2788 2457/2744/2790 2456/2743/2789
f 2457/2744/2790 2267/2494/2549 2268/2495/2550
f 2172/2399/2462 2458/2745/2791 2453/2740/2786
f 2458/2745/2791 2459/2746/2792 2455/2742/2788
f 2459/2746/2792 2460/2747/2793 2457/2744/2790
f 2460/2747/2793 2266/2493/2548 2267/2494/2549
f 2166/2393/2456 2165/2392/2455 2461/2748/2794
f 2462/2749/2795 2461/2748/2794 2463/2750/2796
f 2464/2751/2797 2463/2750/2796 2465/2752/2798
f 2466/2753/2799 2465/2752/2798 2204/2431/2491
f 2165/2392/2455 2169/2396/2459 2467/2754/2800
f 2461/2748/2794 2467/2754/2800 2468/2755/2801
f 2463/2750/2796 2468/2755/2801 2469/2756/2802
f 2465/2752/2798 2469/2756/2802 2205/2432/2492
f 2162/2389/2452 2153/2380/2444 2470/2757/2803
f 2471/2758/2804 2470/2757/2803 2472/2759/2805
f 2473/2760/2806 2472/2759/2805 2474/2761/2807
f 2475/2762/2808 2474/2761/2807 2221/2448/2505
f 2153/2380/2444 2152/2379/2443 2452/2739/2785
f 2470/2757/2803 2452/2739/2785 2454/2741/2787
f 2472/2759/2805 2454/2741/2787 2456/2743/2789
f 2474/2761/2807 2456/2743/2789 2268/2495/2550
f 2167/2394/2457 2477/2764/2810 2476/2763/2809
f 2479/2766/2812 2481/2768/2814 2480/2767/2813
f 2481/2768/2814 2242/2469/2524 2259/2486/2541
f 2166/2393/2456 2462/2749/2795 2477/2764/2810
f 2462/2749/2795 2464/2751/2797 2479/2766/2812
f 2464/2751/2797 2466/2753/2799 2481/2768/2814
f 2466/2753/2799 2207/2434/2494 2242/2469/2524
f 2158/2385/2448 2483/2770/2816 2482/2769/2815
f 2485/2772/2818 2487/2774/2820 2486/2773/2819
f 2487/2774/2820 2175/2402/2465 2159/2386/2449
f 2206/2433/2493 2476/2763/2809 2483/2770/2816
f 2476/2763/2809 2478/2765/2811 2485/2772/2818
f 2478/2765/2811 2480/2767/2813 2487/2774/2820
f 2480/2767/2813 2259/2486/2541 2175/2402/2465
f 2173/2400/2463 2488/2775/2821 2458/2745/2791
f 2488/2775/2821 2489/2776/2822 2459/2746/2792
f 2489/2776/2822 2490/2777/2823 2460/2747/2793
f 2490/2777/2823 2155/2382/2446 2266/2493/2548
f 2178/2405/2468 2491/2778/2824 2488/2775/2821
f 2491/2778/2824 2492/2779/2825 2489/2776/2822
f 2492/2779/2825 2493/2780/2826 2490/2777/2823
f 2179/2406/2469 2494/2781/2827 2491/2778/2824
f 2494/2781/2827 2495/2782/2828 2492/2779/2825
f 2495/2782/2828 2496/2783/2829 2493/2780/2826
f 2496/2783/2829 2260/2487/2542 2219/2446/2503
f 2183/2410/2473 2497/2784/2830 2494/2781/2827
f 2497/2784/2830 2498/2785/2831 2495/2782/2828
f 2498/2785/2831 2499/2786/2832 2496/2783/2829
f 2499/2786/2832 2257/2484/2539 2260/2487/2542
f 2174/2401/2464 2501/2788/2834 2500/2787/2833
f 2503/2790/2836 2505/2792/2838 2504/2791/2837
f 2505/2792/2838 2161/2388/2451 2182/2409/2472
f 2236/2463/2519 2482/2769/2815 2501/2788/2834
f 2482/2769/2815 2484/2771/2817 2503/2790/2836
f 2484/2771/2817 2486/2773/2819 2505/2792/2838
f 2486/2773/2819 2159/2386/2449 2161/2388/2451
f 2265/2492/2547 2218/2445/2502 2506/2793/2839
f 2333/2581/2633 2506/2793/2839 2507/2794/2840
f 2335/2583/2635 2507/2794/2840 2508/2795/2841
f 2341/2589/2641 2508/2796/2841 2250/2477/2532
f 2218/2445/2502 2217/2444/2501 2320/2560/2615
f 2506/2793/2839 2320/2560/2615 2324/2564/2619
f 2507/2794/2840 2324/2564/2619 2329/2577/2628
f 2508/2796/2841 2329/2574/2628 2251/2478/2533
f 2185/2412/2475 2509/2797/2842 2497/2784/2830
f 2509/2797/2842 2510/2798/2843 2498/2785/2831
f 2510/2798/2843 2511/2799/2844 2499/2786/2832
f 2511/2799/2844 2237/2464/2520 2257/2484/2539
f 2347/2800/2647 2346/2601/2646 2509/2797/2842
f 2346/2601/2646 2349/2600/2649 2510/2798/2843
f 2349/2600/2649 2340/2588/2640 2511/2799/2844
f 2340/2588/2640 2252/2479/2534 2237/2464/2520
f 2180/2407/2470 2512/2801/2845 2327/2568/2623
f 2512/2801/2845 2513/2802/2846 2332/2579/2631
f 2513/2802/2846 2514/2803/2847 2330/2575/2629
f 2514/2803/2847 2249/2476/2531 2251/2478/2533
f 2264/2491/2546 2500/2787/2833 2512/2801/2845
f 2500/2787/2833 2502/2789/2835 2513/2802/2846
f 2504/2791/2837 2182/2409/2472 2249/2476/2531
f 2169/2396/2459 2190/2417/2478 2515/2804/2848
f 2468/2755/2801 2516/2805/2849 2517/2806/2850
f 2190/2417/2478 2191/2418/2479 2518/2807/2851
f 2515/2804/2848 2518/2807/2851 2519/2808/2852
f 2516/2805/2849 2519/2808/2852 2520/2809/2853
f 2517/2806/2850 2520/2809/2853 2211/2438/2497
f 2192/2419/2480 2163/2390/2453 2521/2810/2854
f 2522/2811/2855 2521/2810/2854 2523/2812/2856
f 2526/2815/2859 2525/2814/2858 2196/2423/2483
f 2163/2390/2453 2162/2389/2452 2471/2758/2804
f 2525/2814/2858 2475/2762/2808 2187/2414/2477
f 2203/2430/2490 2527/2816/2860 2352/2605/2652
f 2527/2816/2860 2528/2817/2861 2361/2614/2662
f 2528/2817/2861 2529/2818/2862 2357/2610/2658
f 2529/2818/2862 2231/2458/2514 2358/2611/2659
f 2199/2426/2486 2530/2819/2863 2527/2816/2860
f 2531/2820/2864 2532/2821/2865 2529/2818/2862
f 2532/2821/2865 2228/2455/2511 2231/2458/2514
f 2519/2808/2852 2534/2823/2867 2535/2824/2868
f 2520/2809/2853 2535/2824/2868 2230/2457/2513
f 2533/2822/2866 2364/2617/2666 2359/2612/2660
f 2534/2823/2867 2359/2612/2660 2356/2609/2657
f 2535/2824/2868 2356/2609/2657 2358/2611/2659
f 2199/2426/2486 2193/2420/2481 2536/2825/2869
f 2530/2819/2863 2536/2825/2869 2537/2826/2870
f 2531/2820/2864 2537/2826/2870 2538/2827/2871
f 2532/2821/2865 2538/2827/2871 2229/2456/2512
f 2536/2825/2869 2522/2811/2855 2524/2813/2857
f 2538/2827/2871 2526/2815/2859 2195/2422/2482
f 2198/2425/2485 2148/2375/2441 2539/2828/2872
f 2351/2830/2651 2539/2833/2875 2253/2831/2535
f 2148/2375/2441 2309/2545/2599 2311/2547/2873
f 2539/2833/2875 2304/2844/2594 2254/2537/2536
f 2128/2355/2421 2540/2835/2881 2273/2834/2876
f 2541/2837/2880 2215/2442/2499 2271/2498/2553
f 2186/2413/2476 2321/2567/2622 2540/2835/2881
f 2321/2839/2616 2217/2444/2501 2215/2442/2499
f 2347/2597/2647 2184/2843/2474 2542/2840/2883
f 2345/2595/2645 2542/2840/2883 2543/2841/2884
f 2337/2585/2637 2543/2841/2884 2544/2842/2885
f 2334/2582/2634 2544/2842/2885 2261/2488/2543
f 2184/2843/2474 2130/2529/2423 2295/2528/2581
f 2542/2840/2883 2295/2528/2581 2289/2522/2575
f 2543/2841/2884 2289/2522/2575 2287/2520/2573
f 2544/2842/2885 2287/2520/2573 2262/2489/2544
usemtl Holocron_Main.001
f 1/1/1 2/2/2 3/3/3
f 2/2/2 4/4/4 3/3/3
f 5/5/5 6/6/6 7/7/7
f 8/8/8 2/2/2 9/9/9
f 10/10/10 6/6/6 11/11/11
f 12/12/12 13/13/13 14/14/14
f 6/6/6 15/15/15 16/16/16
f 2/2/2 17/17/17 18/18/18
f 7/7/7 16/16/16 19/19/19
f 14/14/14 20/20/20 21/21/21
f 20/20/20 22/22/22 23/23/23
f 13/13/13 24/24/24 22/22/22
f 21/21/21 25/25/25 26/26/26
f 27/27/27 28/28/28 25/25/25
f 26/26/26 29/29/29 30/30/30
f 25/25/25 31/31/31 29/29/29
f 8/8/8 32/32/32 33/33/33
f 34/34/34 35/35/35 32/32/32
f 33/33/33 28/28/36 36/36/37
f 32/32/32 31/31/31 28/28/36
f 37/37/38 38/38/39 39/39/40
f 30/30/30 40/40/41 37/37/38
f 40/40/41 41/41/42 38/38/39
f 29/29/29 35/35/35 40/40/41
f 12/12/12 42/42/43 43/43/44
f 44/44/45 45/45/46 42/42/43
f 43/43/44 46/46/47 47/47/48
f 42/42/43 48/48/49 46/46/47
f 49/49/50 50/50/51 51/51/52
f 52/52/53 53/53/54 49/49/50
f 53/53/54 54/54/55 50/50/51
f 55/55/56 45/45/46 53/53/54
f 5/5/5 56/56/57 57/57/58
f 58/58/59 46/46/60 56/56/57
f 57/57/58 55/55/56 52/52/53
f 56/56/57 48/48/49 55/55/56
f 1/1/1 59/59/61 60/60/62
f 61/61/63 62/62/64 59/59/61
f 60/60/62 63/63/65 64/64/66
f 59/59/61 65/65/67 63/63/65
f 10/10/10 66/66/68 67/67/69
f 68/68/70 69/69/71 66/66/68
f 67/67/69 62/62/72 70/70/73
f 66/66/68 65/65/67 62/62/72
f 71/71/74 72/72/75 73/73/76
f 64/64/66 74/74/77 71/71/74
f 74/74/77 75/75/78 72/72/75
f 63/63/65 69/69/71 74/74/77
f 24/24/24 76/76/79 77/77/80
f 78/78/81 79/79/82 76/76/79
f 77/77/80 80/80/83 81/81/84
f 76/76/79 82/82/85 80/80/83
f 19/19/19 83/83/86 84/84/87
f 85/85/88 86/86/89 83/83/86
f 84/84/87 79/79/90 87/87/91
f 83/83/86 82/82/85 79/79/90
f 88/88/92 89/89/93 90/90/94
f 81/81/84 91/91/95 88/88/92
f 91/91/95 92/92/96 89/89/93
f 80/80/83 86/86/89 91/91/95
f 23/23/23 93/93/97 94/94/98
f 95/95/99 96/96/100 93/93/97
f 94/94/98 97/97/101 98/98/102
f 93/93/97 99/99/103 97/97/101
f 100/100/104 101/101/105 102/102/106
f 103/103/107 104/104/108 100/100/104
f 104/104/108 105/105/109 101/101/105
f 106/106/110 96/96/100 104/104/108
f 17/17/17 107/107/111 108/108/112
f 109/109/113 97/97/101 107/107/111
f 108/108/112 106/106/110 103/103/107
f 107/107/111 99/99/103 106/106/110
f 4/4/4 110/110/114 111/111/115
f 112/112/116 113/113/117 110/110/114
f 111/111/115 114/114/118 115/115/119
f 110/110/114 116/116/120 114/114/118
f 117/117/121 118/118/122 119/119/123
f 120/120/124 121/121/125 117/117/121
f 121/121/125 122/122/126 118/118/122
f 123/123/127 113/113/117 121/121/125
f 15/15/15 124/124/128 125/125/129
f 126/126/130 114/114/131 124/124/128
f 125/125/129 123/123/127 120/120/124
f 124/124/128 116/116/120 123/123/127
f 14/14/14 44/44/45 12/12/12
f 127/127/132 54/54/55 44/44/45
f 128/128/133 50/50/51 54/54/55
f 129/129/134 51/51/52 50/50/51
f 14/14/14 26/26/26 127/127/132
f 127/127/132 30/30/30 128/128/133
f 128/128/133 37/37/38 129/129/134
f 129/129/134 39/39/40 130/130/135
f 9/9/9 34/34/34 8/8/8
f 131/131/136 41/41/42 34/34/34
f 132/132/137 38/38/39 41/41/42
f 133/133/138 39/39/40 38/38/39
f 9/9/9 60/60/62 131/131/136
f 131/131/136 64/64/66 132/132/137
f 132/132/137 71/71/74 133/133/138
f 133/133/138 73/73/76 134/134/139
f 51/51/52 135/135/140 49/49/50
f 49/49/50 136/136/141 52/52/53
f 52/52/53 137/137/142 57/57/58
f 57/57/58 11/11/11 5/5/5
f 73/73/76 135/135/140 138/138/143
f 72/72/75 136/136/141 135/135/140
f 75/75/78 137/137/142 136/136/141
f 68/68/70 11/11/11 137/137/142
f 90/90/94 139/139/144 88/88/92
f 88/88/92 140/140/145 81/81/84
f 81/81/84 141/141/146 77/77/80
f 77/77/80 22/22/22 24/24/24
f 102/102/106 139/139/144 142/142/147
f 101/101/105 140/140/145 139/139/144
f 105/105/109 141/141/146 140/140/145
f 95/95/99 22/22/22 141/141/146
f 102/102/106 143/143/148 100/100/104
f 100/100/104 144/144/149 103/103/107
f 103/103/107 145/145/150 108/108/112
f 108/108/112 18/18/18 17/17/17
f 119/119/123 143/143/148 146/146/151
f 118/118/122 144/144/149 143/143/148
f 122/122/126 145/145/150 144/144/149
f 112/112/116 18/18/18 145/145/150
f 16/16/16 85/85/88 19/19/19
f 147/147/152 92/92/96 85/85/88
f 148/148/153 89/89/93 92/92/96
f 149/149/154 90/90/94 89/89/93
f 16/16/16 125/125/129 147/147/152
f 147/147/152 120/120/124 148/148/153
f 148/148/153 117/117/121 149/149/154
f 149/149/154 119/119/123 150/150/155
f 5/5/5 151/151/156 58/58/59
f 151/151/157 47/47/158 58/58/59
f 152/152/159 43/43/44 47/47/48
f 43/43/44 153/153/160 12/12/12
f 19/19/19 151/151/156 7/7/7
f 84/84/87 152/152/161 151/151/157
f 152/152/159 78/78/81 154/154/162
f 154/154/163 24/24/24 153/153/160
f 17/17/17 155/155/164 109/109/113
f 109/109/113 156/156/165 98/98/166
f 156/156/167 94/94/98 98/98/102
f 157/157/168 23/23/23 94/94/98
f 158/158/169 33/33/33 155/155/164
f 33/33/33 156/156/165 155/155/170
f 156/156/167 27/27/27 157/157/171
f 157/157/168 21/21/21 20/20/20
f 15/15/15 159/159/172 126/126/130
f 126/126/130 160/160/173 115/115/174
f 160/160/175 111/111/115 115/115/119
f 161/161/176 4/4/4 111/111/115
f 10/10/10 159/159/172 162/162/177
f 67/67/69 160/160/173 159/159/178
f 160/160/175 61/61/63 161/161/179
f 161/161/176 1/1/1 3/3/3
f 132/132/137 64/64/66 71/71/74
f 1/1/1 9/9/9 2/2/2
f 2/2/2 18/18/18 4/4/4
f 5/5/5 11/11/11 6/6/6
f 8/8/8 158/158/169 2/2/2
f 10/10/10 162/162/177 6/6/6
f 12/12/12 153/153/160 13/13/13
f 6/6/6 162/162/177 15/15/15
f 2/2/2 158/158/169 17/17/17
f 7/7/7 6/6/6 16/16/16
f 14/14/14 13/13/13 20/20/20
f 20/20/20 13/13/13 22/22/22
f 13/13/13 153/153/160 24/24/24
f 21/21/21 27/27/27 25/25/25
f 27/27/27 36/36/180 28/28/28
f 26/26/26 25/25/25 29/29/29
f 25/25/25 28/28/28 31/31/31
f 8/8/8 34/34/34 32/32/32
f 34/34/34 41/41/42 35/35/35
f 33/33/33 32/32/32 28/28/36
f 32/32/32 35/35/35 31/31/31
f 37/37/38 40/40/41 38/38/39
f 30/30/30 29/29/29 40/40/41
f 40/40/41 35/35/35 41/41/42
f 29/29/29 31/31/31 35/35/35
f 12/12/12 44/44/45 42/42/43
f 44/44/45 54/54/55 45/45/46
f 43/43/44 42/42/43 46/46/47
f 42/42/43 45/45/46 48/48/49
f 49/49/50 53/53/54 50/50/51
f 52/52/53 55/55/56 53/53/54
f 53/53/54 45/45/46 54/54/55
f 55/55/56 48/48/49 45/45/46
f 5/5/5 58/58/59 56/56/57
f 58/58/59 47/47/158 46/46/60
f 57/57/58 56/56/57 55/55/56
f 56/56/57 46/46/60 48/48/49
f 1/1/1 61/61/63 59/59/61
f 61/61/63 70/70/181 62/62/64
f 60/60/62 59/59/61 63/63/65
f 59/59/61 62/62/64 65/65/67
f 10/10/10 68/68/70 66/66/68
f 68/68/70 75/75/78 69/69/71
f 67/67/69 66/66/68 62/62/72
f 66/66/68 69/69/71 65/65/67
f 71/71/74 74/74/77 72/72/75
f 64/64/66 63/63/65 74/74/77
f 74/74/77 69/69/71 75/75/78
f 63/63/65 65/65/67 69/69/71
f 24/24/24 78/78/81 76/76/79
f 78/78/81 87/87/182 79/79/82
f 77/77/80 76/76/79 80/80/83
f 76/76/79 79/79/82 82/82/85
f 19/19/19 85/85/88 83/83/86
f 85/85/88 92/92/96 86/86/89
f 84/84/87 83/83/86 79/79/90
f 83/83/86 86/86/89 82/82/85
f 88/88/92 91/91/95 89/89/93
f 81/81/84 80/80/83 91/91/95
f 91/91/95 86/86/89 92/92/96
f 80/80/83 82/82/85 86/86/89
f 23/23/23 95/95/99 93/93/97
f 95/95/99 105/105/109 96/96/100
f 94/94/98 93/93/97 97/97/101
f 93/93/97 96/96/100 99/99/103
f 100/100/104 104/104/108 101/101/105
f 103/103/107 106/106/110 104/104/108
f 104/104/108 96/96/100 105/105/109
f 106/106/110 99/99/103 96/96/100
f 17/17/17 109/109/113 107/107/111
f 109/109/113 98/98/166 97/97/101
f 108/108/112 107/107/111 106/106/110
f 107/107/111 97/97/101 99/99/103
f 4/4/4 112/112/116 110/110/114
f 112/112/116 122/122/126 113/113/117
f 111/111/115 110/110/114 114/114/118
f 110/110/114 113/113/117 116/116/120
f 117/117/121 121/121/125 118/118/122
f 120/120/124 123/123/127 121/121/125
f 121/121/125 113/113/117 122/122/126
f 123/123/127 116/116/120 113/113/117
f 15/15/15 126/126/130 124/124/128
f 126/126/130 115/115/174 114/114/131
f 125/125/129 124/124/128 123/123/127
f 124/124/128 114/114/131 116/116/120
f 14/14/14 127/127/132 44/44/45
f 127/127/132 128/128/133 54/54/55
f 128/128/133 129/129/134 50/50/51
f 129/129/134 130/130/135 51/51/52
f 14/14/14 21/21/21 26/26/26
f 127/127/132 26/26/26 30/30/30
f 128/128/133 30/30/30 37/37/38
f 129/129/134 37/37/38 39/39/40
f 9/9/9 131/131/136 34/34/34
f 131/131/136 132/132/137 41/41/42
f 132/132/137 133/133/138 38/38/39
f 133/133/138 134/134/139 39/39/40
f 9/9/9 1/1/1 60/60/62
f 131/131/136 60/60/62 64/64/66
f 133/133/138 71/71/74 73/73/76
f 51/51/52 138/138/143 135/135/140
f 49/49/50 135/135/140 136/136/141
f 52/52/53 136/136/141 137/137/142
f 57/57/58 137/137/142 11/11/11
f 73/73/76 72/72/75 135/135/140
f 72/72/75 75/75/78 136/136/141
f 75/75/78 68/68/70 137/137/142
f 68/68/70 10/10/10 11/11/11
f 90/90/94 142/142/147 139/139/144
f 88/88/92 139/139/144 140/140/145
f 81/81/84 140/140/145 141/141/146
f 77/77/80 141/141/146 22/22/22
f 102/102/106 101/101/105 139/139/144
f 101/101/105 105/105/109 140/140/145
f 105/105/109 95/95/99 141/141/146
f 95/95/99 23/23/23 22/22/22
f 102/102/106 146/146/151 143/143/148
f 100/100/104 143/143/148 144/144/149
f 103/103/107 144/144/149 145/145/150
f 108/108/112 145/145/150 18/18/18
f 119/119/123 118/118/122 143/143/148
f 118/118/122 122/122/126 144/144/149
f 122/122/126 112/112/116 145/145/150
f 112/112/116 4/4/4 18/18/18
f 16/16/16 147/147/152 85/85/88
f 147/147/152 148/148/153 92/92/96
f 148/148/153 149/149/154 89/89/93
f 149/149/154 150/150/155 90/90/94
f 16/16/16 15/15/15 125/125/129
f 147/147/152 125/125/129 120/120/124
f 148/148/153 120/120/124 117/117/121
f 149/149/154 117/117/121 119/119/123
f 5/5/5 7/7/7 151/151/156
f 151/151/157 152/152/161 47/47/158
f 152/152/159 154/154/162 43/43/44
f 43/43/44 154/154/163 153/153/160
f 19/19/19 84/84/87 151/151/156
f 84/84/87 87/87/91 152/152/161
f 152/152/159 87/87/182 78/78/81
f 154/154/163 78/78/81 24/24/24
f 17/17/17 158/158/169 155/155/164
f 109/109/113 155/155/170 156/156/165
f 156/156/167 157/157/171 94/94/98
f 157/157/168 20/20/20 23/23/23
f 158/158/169 8/8/8 33/33/33
f 33/33/33 36/36/37 156/156/165
f 156/156/167 36/36/180 27/27/27
f 157/157/168 27/27/27 21/21/21
f 15/15/15 162/162/177 159/159/172
f 126/126/130 159/159/178 160/160/173
f 160/160/175 161/161/179 111/111/115
f 161/161/176 3/3/3 4/4/4
f 10/10/10 67/67/69 159/159/172
f 67/67/69 70/70/73 160/160/173
f 160/160/175 70/70/181 61/61/63
f 161/161/176 61/61/63 1/1/1
f 163/163/183 164/164/184 165/165/185
f 166/166/186 167/167/187 168/168/188
f 169/169/189 170/170/190 171/171/191
f 172/172/192 173/173/193 174/174/194
f 175/175/195 176/176/196 177/177/197
f 171/171/191 178/178/198 179/179/199
f 180/180/200 181/181/201 182/182/202
f 183/183/203 184/184/204 185/185/205
f 167/167/187 186/186/206 168/168/188
f 187/187/207 188/188/208 189/189/209
f 190/190/210 191/191/211 192/192/212
f 193/193/213 194/194/214 195/195/215
f 196/196/216 197/197/217 198/198/218
f 199/199/219 200/200/220 201/201/221
f 170/170/190 202/202/222 178/178/198
f 198/198/218 203/203/223 184/184/204
f 204/204/224 177/177/197 205/205/225
f 206/206/226 207/207/227 208/208/228
f 209/209/229 210/210/230 211/211/231
f 212/212/232 213/213/233 214/214/234
f 215/215/235 216/216/236 217/217/237
f 218/218/238 219/219/239 220/220/240
f 221/221/241 222/222/201 180/180/200
f 223/223/242 193/193/213 224/224/243
f 225/225/244 190/190/210 175/175/195
f 226/226/245 227/227/246 213/213/233
f 228/228/247 229/229/248 209/209/229
f 175/175/195 192/192/212 230/230/249
f 165/165/185 231/231/250 232/232/251
f 233/233/252 234/234/253 215/215/235
f 235/235/254 224/224/243 236/236/201
f 237/237/255 238/238/256 167/167/187
f 239/239/257 199/199/219 240/240/258
f 241/241/259 172/172/192 242/242/260
f 243/243/261 236/236/201 222/222/201
f 244/244/262 245/245/263 218/218/238
f 201/201/221 191/191/211 246/246/264
f 199/199/219 247/247/265 248/248/266
f 222/222/201 249/249/201 181/181/201
f 250/250/267 251/251/268 229/229/248
f 252/252/269 186/186/206 247/247/265
f 253/253/270 254/254/271 193/193/213
f 224/224/243 195/195/215 255/255/272
f 236/236/201 255/255/272 249/249/201
f 256/256/273 187/187/207 237/237/255
f 257/257/274 258/258/275 206/206/226
f 169/169/189 198/198/218 183/183/203
f 187/187/207 259/259/276 237/237/255
f 260/260/277 261/261/278 254/254/271
f 205/205/225 176/176/196 188/188/208
f 183/183/203 262/262/279 170/170/190
f 254/254/271 263/263/280 194/194/214
f 164/164/184 264/264/281 231/231/250
f 258/258/275 265/265/282 207/207/227
f 266/266/283 267/267/284 258/258/275
f 245/245/263 268/268/285 219/219/239
f 234/234/253 269/269/286 216/216/236
f 270/270/287 271/271/288 234/234/253
f 272/272/289 175/175/195 177/177/197
f 273/273/290 205/205/225 187/187/207
f 274/274/291 275/275/292 172/172/192
f 214/214/234 276/276/293 277/277/294
f 213/213/233 278/278/295 276/276/293
f 279/279/296 280/280/297 245/245/263
f 166/166/186 252/252/269 239/239/257
f 240/240/258 201/201/221 281/281/298
f 229/229/248 282/282/299 210/210/230
f 283/283/300 237/237/255 167/167/187
f 242/242/260 174/174/194 284/284/301
f 281/281/298 246/246/264 285/285/302
f 285/285/302 190/190/210 286/286/303
f 287/287/304 288/288/305 164/164/184
f 289/289/306 290/290/307 163/163/183
f 291/291/308 292/292/309 289/289/306
f 292/292/309 293/293/310 290/290/307
f 292/292/309 294/294/311 295/295/312
f 296/296/313 297/297/314 286/286/303
f 298/298/315 299/299/316 296/296/313
f 299/299/316 291/291/308 297/297/314
f 300/300/317 301/301/318 299/299/316
f 302/302/319 303/303/320 208/208/228
f 293/293/310 304/304/321 302/302/319
f 304/304/321 298/298/315 303/303/322
f 295/295/312 300/300/317 304/304/321
f 305/305/323 306/306/324 307/307/325
f 308/308/326 309/309/327 305/305/328
f 309/309/327 310/310/329 306/306/324
f 311/311/330 312/312/331 309/309/327
f 313/313/332 314/314/333 281/281/298
f 315/315/334 316/316/335 313/313/332
f 316/316/335 308/308/326 314/314/333
f 317/317/336 311/311/330 316/316/335
f 318/318/337 319/319/338 232/232/251
f 310/310/329 320/320/339 318/318/337
f 320/320/339 315/315/334 319/319/338
f 320/320/339 321/321/340 317/317/336
f 322/322/341 323/323/342 324/324/343
f 325/325/344 326/326/345 322/322/341
f 326/326/345 327/327/346 323/323/342
f 326/326/345 328/328/347 329/329/348
f 330/330/349 331/331/350 273/273/290
f 332/332/351 333/333/352 330/330/349
f 333/333/352 325/325/344 331/331/350
f 334/334/353 335/335/354 333/333/352
f 336/336/355 337/337/356 220/220/240
f 327/327/346 338/338/357 336/336/355
f 338/338/357 332/332/351 337/337/356
f 338/338/357 328/328/347 334/334/353
f 339/339/358 340/340/359 211/211/231
f 341/341/360 342/342/361 339/339/358
f 342/342/361 343/343/362 340/340/359
f 342/342/361 344/344/363 345/345/364
f 346/346/365 347/347/366 348/348/367
f 349/349/368 350/350/369 346/346/365
f 350/350/369 341/341/370 347/347/366
f 350/350/369 344/344/371 351/351/372
f 192/192/373 352/352/374 353/353/375
f 354/354/376 345/345/364 352/352/374
f 353/353/375 355/355/377 349/349/368
f 352/352/374 344/344/378 355/355/377
f 179/179/199 356/356/379 357/357/380
f 358/358/381 359/359/382 356/356/379
f 357/357/380 360/360/383 361/361/384
f 356/356/379 362/362/385 360/360/383
f 363/363/386 364/364/387 365/365/388
f 366/366/389 364/364/387 367/367/390
f 364/364/387 368/368/391 365/365/388
f 364/364/387 362/362/392 359/359/393
f 369/369/394 370/370/395 189/189/209
f 361/361/384 371/371/396 369/369/394
f 371/371/396 366/366/389 370/370/395
f 360/360/397 372/372/398 371/371/396
f 373/373/399 374/374/400 221/221/241
f 375/375/401 376/376/402 373/373/399
f 374/374/400 377/377/403 378/378/404
f 376/376/402 379/379/405 377/377/403
f 228/228/247 380/380/406 381/381/407
f 382/382/408 383/383/409 380/380/406
f 381/381/407 384/384/410 375/375/411
f 380/380/406 379/379/412 384/384/410
f 385/385/413 386/386/414 200/200/220
f 378/378/404 387/387/415 385/385/413
f 387/387/415 388/388/416 386/386/414
f 377/377/403 383/383/409 387/387/415
f 389/389/417 390/390/418 244/244/262
f 391/391/419 392/392/420 389/389/417
f 392/392/420 393/393/421 390/390/418
f 392/392/420 394/394/422 395/395/423
f 396/396/424 397/397/425 283/283/300
f 398/398/426 399/399/427 396/396/424
f 399/399/427 391/391/419 397/397/425
f 400/400/428 401/401/429 399/399/427
f 402/402/430 403/403/431 217/217/237
f 393/393/421 404/404/432 402/402/430
f 404/404/432 398/398/426 403/403/431
f 395/395/423 400/400/428 404/404/432
f 405/405/433 406/406/434 241/241/259
f 407/407/435 408/408/436 405/405/433
f 408/408/436 409/409/437 406/406/434
f 410/410/438 411/411/439 408/408/436
f 412/412/440 413/413/441 233/233/252
f 414/414/442 415/415/443 412/412/440
f 415/415/443 407/407/435 413/413/441
f 415/415/443 416/416/444 410/410/438
f 417/417/445 418/418/446 239/239/257
f 409/409/437 419/419/447 417/417/445
f 419/419/447 414/414/442 418/418/446
f 411/411/439 420/420/448 419/419/447
f 421/421/449 422/422/450 212/212/232
f 423/423/451 424/424/452 421/421/449
f 424/424/452 425/425/453 422/422/450
f 424/424/452 426/426/454 427/427/455
f 428/428/456 429/429/457 257/257/274
f 430/430/458 431/431/459 428/428/456
f 431/431/459 423/423/451 429/429/457
f 432/432/460 433/433/461 431/431/459
f 434/434/462 435/435/463 272/272/289
f 425/425/453 436/436/464 434/434/462
f 436/436/464 430/430/458 435/435/463
f 427/427/455 432/432/460 436/436/464
f 437/437/465 438/438/466 277/277/294
f 439/439/467 440/440/468 437/437/465
f 440/440/468 441/441/469 438/438/466
f 442/442/470 443/443/471 440/440/468
f 444/444/472 445/445/473 446/446/474
f 447/447/475 448/448/476 445/445/473
f 446/446/474 442/442/470 439/439/467
f 445/445/473 449/449/477 442/442/470
f 450/450/478 451/451/479 452/452/480
f 441/441/469 453/453/481 450/450/478
f 453/453/481 454/454/482 451/451/479
f 443/443/471 448/448/476 453/453/481
f 455/455/483 456/456/484 278/278/295
f 457/457/485 458/458/486 455/455/483
f 458/458/486 459/459/487 456/456/484
f 460/460/488 461/461/489 458/458/486
f 462/462/490 463/463/491 268/268/285
f 464/464/492 465/465/493 462/462/490
f 465/465/493 457/457/485 463/463/491
f 466/466/494 460/460/488 465/465/493
f 467/467/495 468/468/496 469/469/497
f 470/470/498 461/461/489 468/468/496
f 469/469/497 466/466/494 464/464/492
f 468/468/496 471/471/499 466/466/494
f 472/472/500 473/473/501 284/284/301
f 474/474/502 475/475/503 472/472/500
f 475/475/503 476/476/504 473/473/501
f 477/477/505 478/478/506 475/475/503
f 479/479/507 480/480/508 481/481/509
f 482/482/510 483/483/511 480/480/508
f 481/481/509 477/477/505 474/474/502
f 480/480/508 484/484/512 477/477/505
f 485/485/513 486/486/514 487/487/515
f 476/476/504 488/488/516 485/485/513
f 488/488/516 489/489/517 486/486/514
f 478/478/506 483/483/511 488/488/516
f 490/490/518 491/491/519 173/173/193
f 492/492/520 493/493/521 490/490/518
f 493/493/521 494/494/522 491/491/519
f 495/495/523 496/496/524 493/493/521
f 497/497/525 498/498/526 264/264/281
f 499/499/527 500/500/528 497/497/525
f 500/500/528 492/492/520 498/498/526
f 501/501/529 495/495/523 500/500/528
f 502/502/530 503/503/531 504/504/532
f 505/505/533 496/496/524 503/503/531
f 504/504/532 501/501/529 499/499/527
f 503/503/531 506/506/534 501/501/529
f 507/507/535 508/508/536 509/509/537
f 510/510/538 511/511/539 507/507/535
f 511/511/539 512/512/540 508/508/536
f 513/513/541 514/514/542 511/511/539
f 515/515/543 516/516/544 265/265/282
f 517/517/545 518/518/546 515/515/543
f 518/518/546 510/510/538 516/516/544
f 519/519/547 513/513/541 518/518/546
f 520/520/548 521/521/549 522/522/550
f 523/523/551 514/514/542 521/521/549
f 522/522/550 519/519/547 517/517/545
f 521/521/549 524/524/552 519/519/547
f 525/525/553 526/526/554 527/527/555
f 528/528/556 529/529/557 525/525/553
f 529/529/557 530/530/558 526/526/554
f 531/531/559 532/532/560 529/529/557
f 533/533/561 534/534/562 269/269/286
f 535/535/563 536/536/564 533/533/561
f 536/536/564 528/528/556 534/534/562
f 537/537/565 531/531/559 536/536/564
f 538/538/566 539/539/567 540/540/568
f 541/541/569 532/532/560 539/539/567
f 540/540/568 537/537/565 535/535/563
f 539/539/567 542/542/570 537/537/565
f 171/171/191 543/543/571 169/169/189
f 543/543/571 544/544/572 545/545/573
f 545/545/573 546/546/574 547/547/575
f 547/547/576 188/188/208 176/176/196
f 171/171/191 357/357/380 548/548/577
f 548/548/577 361/361/384 544/544/572
f 544/544/572 369/369/394 546/546/574
f 546/546/578 189/189/209 188/188/208
f 235/235/254 549/549/579 550/550/580
f 550/550/580 551/551/581 552/552/582
f 552/552/582 553/553/583 554/554/584
f 554/554/584 248/248/266 247/247/265
f 243/243/261 374/374/400 549/549/579
f 549/549/579 378/378/404 551/551/581
f 551/551/581 385/385/413 553/553/583
f 553/553/583 200/200/220 248/248/266
f 209/209/229 382/382/408 228/228/247
f 555/555/585 388/388/416 382/382/408
f 556/556/586 386/386/414 388/388/416
f 557/557/587 200/200/220 386/386/414
f 211/211/231 555/555/585 209/209/229
f 340/340/359 556/556/586 555/555/585
f 343/343/362 557/557/588 556/556/586
f 354/354/589 191/191/587 557/557/587
f 211/211/231 558/558/590 339/339/358
f 339/339/358 559/559/591 341/341/360
f 559/559/592 347/347/366 341/341/370
f 560/560/593 348/348/367 347/347/366
f 210/210/230 561/561/594 558/558/590
f 558/558/590 562/562/595 559/559/591
f 562/562/596 560/560/593 559/559/592
f 563/563/597 197/197/217 560/560/593
f 180/180/200 373/373/399 221/221/241
f 564/564/598 375/375/401 373/373/399
f 565/565/599 381/381/407 375/375/411
f 566/566/600 228/228/247 381/381/407
f 180/180/200 567/567/601 564/564/602
f 567/567/603 565/565/604 564/564/598
f 568/568/605 566/566/606 565/565/599
f 569/569/607 250/250/267 566/566/600
f 179/179/199 570/570/608 358/358/381
f 570/570/608 368/368/609 358/358/381
f 571/571/610 365/365/388 368/368/391
f 572/572/611 363/363/386 365/365/388
f 178/178/198 573/573/612 570/570/608
f 570/570/608 574/574/613 571/571/614
f 574/574/615 572/572/611 571/571/610
f 575/575/616 261/261/278 572/572/611
f 272/272/289 576/576/617 434/434/462
f 434/434/462 577/577/618 425/425/453
f 577/577/618 422/422/450 425/425/453
f 578/578/619 212/212/232 422/422/450
f 204/204/224 331/331/350 576/576/617
f 576/576/617 325/325/344 577/577/618
f 577/577/618 322/322/341 578/578/619
f 578/578/619 324/324/343 226/226/245
f 240/240/258 417/417/445 239/239/257
f 579/579/620 409/409/437 417/417/445
f 580/580/621 406/406/434 409/409/437
f 581/581/622 241/241/259 406/406/434
f 240/240/258 314/314/333 579/579/620
f 579/579/620 308/308/623 580/580/621
f 580/580/621 305/305/323 581/581/622
f 581/581/622 307/307/325 274/274/291
f 285/285/302 313/313/332 281/281/298
f 582/582/624 315/315/334 313/313/332
f 583/583/625 319/319/338 315/315/334
f 584/584/626 232/232/251 319/319/338
f 285/285/302 297/297/314 582/582/624
f 582/582/624 291/291/308 583/583/625
f 583/583/625 289/289/306 584/584/626
f 584/584/626 163/163/183 165/165/185
f 363/363/386 585/585/627 367/367/390
f 367/367/390 586/586/628 366/366/389
f 366/366/389 587/587/629 370/370/395
f 587/587/629 189/189/209 370/370/395
f 260/260/277 588/588/630 585/585/627
f 585/585/627 589/589/631 586/586/628
f 586/586/628 590/590/632 587/587/629
f 587/587/629 238/238/256 259/259/276
f 253/253/270 591/591/633 588/588/630
f 588/588/630 592/592/634 589/589/631
f 589/589/631 593/593/635 590/590/632
f 590/590/632 186/186/206 238/238/256
f 223/223/242 550/550/580 591/591/633
f 591/591/633 552/552/582 592/592/634
f 592/592/634 554/554/584 593/593/635
f 593/593/635 247/247/265 186/186/206
f 256/256/273 330/330/349 273/273/290
f 594/594/636 332/332/351 330/330/349
f 595/595/637 337/337/356 332/332/351
f 596/596/638 220/220/240 337/337/356
f 256/256/273 397/397/425 594/594/636
f 594/594/636 391/391/419 595/595/637
f 595/595/637 389/389/417 596/596/638
f 596/596/638 244/244/262 218/218/238
f 166/166/186 396/396/424 283/283/300
f 597/597/639 398/398/426 396/396/424
f 598/598/640 403/403/431 398/398/426
f 599/599/641 217/217/237 403/403/431
f 166/166/186 418/418/446 597/597/639
f 597/597/639 414/414/442 598/598/640
f 598/598/640 412/412/440 599/599/641
f 599/599/641 233/233/252 215/215/235
f 348/348/367 600/600/642 346/346/365
f 346/346/365 601/601/643 349/349/368
f 601/601/643 353/353/375 349/349/368
f 602/602/644 192/192/212 353/353/375
f 169/169/189 600/600/642 196/196/216
f 543/543/571 601/601/643 600/600/642
f 545/545/573 602/602/644 601/601/643
f 547/547/576 230/230/249 602/602/644
f 225/225/244 296/296/313 286/286/303
f 603/603/645 298/298/646 296/296/313
f 604/604/647 303/303/320 298/298/646
f 605/605/648 208/208/228 303/303/320
f 225/225/244 435/435/463 603/603/645
f 603/603/645 430/430/458 604/604/647
f 604/604/647 428/428/456 605/605/648
f 605/605/648 257/257/274 206/206/226
f 277/277/294 606/606/649 437/437/465
f 437/437/465 607/607/650 439/439/467
f 439/439/467 608/608/651 446/446/474
f 446/446/474 609/609/652 444/444/472
f 278/278/295 606/606/649 276/276/293
f 456/456/484 607/607/650 606/606/649
f 459/459/487 608/608/651 607/607/650
f 470/470/498 609/609/652 608/608/651
f 284/284/301 610/610/653 472/472/500
f 472/472/500 611/611/654 474/474/502
f 474/474/502 612/612/655 481/481/509
f 481/481/509 613/613/656 479/479/507
f 173/173/193 610/610/653 174/174/194
f 491/491/519 611/611/654 610/610/653
f 494/494/522 612/612/655 611/611/654
f 505/505/533 613/613/656 612/612/655
f 264/264/281 614/614/657 497/497/525
f 497/497/525 615/615/658 499/499/527
f 499/499/527 616/616/659 504/504/532
f 504/504/532 617/617/660 502/502/530
f 509/509/537 614/614/657 288/288/305
f 508/508/536 615/615/658 614/614/657
f 512/512/540 616/616/659 615/615/658
f 523/523/551 617/617/660 616/616/659
f 268/268/285 618/618/661 462/462/490
f 462/462/490 619/619/662 464/464/492
f 464/464/492 620/620/663 469/469/497
f 469/469/497 621/621/664 467/467/495
f 527/527/555 618/618/661 280/280/297
f 526/526/554 619/619/662 618/618/661
f 530/530/558 620/620/663 619/619/662
f 541/541/569 621/621/664 620/620/663
f 269/269/286 622/622/665 533/533/561
f 533/533/561 623/623/666 535/535/563
f 535/535/563 624/624/667 540/540/568
f 540/540/568 625/625/668 538/538/566
f 487/487/515 622/622/665 271/271/288
f 486/486/514 623/623/666 622/622/665
f 489/489/517 624/624/667 623/623/666
f 482/482/510 625/625/668 624/624/667
f 265/265/282 626/626/669 515/515/543
f 515/515/543 627/627/670 517/517/545
f 517/517/545 628/628/671 522/522/550
f 522/522/550 629/629/672 520/520/548
f 452/452/480 626/626/669 267/267/284
f 451/451/479 627/627/670 626/626/669
f 454/454/482 628/628/671 627/627/670
f 447/447/475 629/629/672 628/628/671
f 242/242/260 405/405/433 241/241/259
f 630/630/673 407/407/435 405/405/433
f 631/631/674 413/413/441 407/407/435
f 632/632/675 233/233/252 413/413/441
f 284/284/301 630/630/673 242/242/260
f 473/473/501 631/631/674 630/630/673
f 476/476/504 632/632/675 631/631/674
f 632/632/675 487/487/515 270/270/287
f 527/527/555 633/633/676 525/525/553
f 525/525/553 634/634/677 528/528/556
f 528/528/556 635/635/678 534/534/562
f 534/534/562 216/216/236 269/269/286
f 279/279/296 390/390/418 633/633/676
f 633/633/676 393/393/421 634/634/677
f 634/634/677 402/402/430 635/635/678
f 635/635/678 217/217/237 216/216/236
f 220/220/240 636/636/679 336/336/355
f 336/336/355 637/637/680 327/327/346
f 327/327/346 638/638/681 323/323/342
f 323/323/342 227/227/246 324/324/343
f 219/219/239 463/463/491 636/636/679
f 636/636/679 457/457/485 637/637/680
f 637/637/680 455/455/483 638/638/681
f 455/455/483 227/227/246 638/638/681
f 452/452/480 639/639/682 450/450/478
f 450/450/478 640/640/683 441/441/469
f 441/441/469 641/641/684 438/438/466
f 641/641/684 277/277/294 438/438/466
f 266/266/283 429/429/457 639/639/682
f 639/639/682 423/423/451 640/640/683
f 640/640/683 421/421/449 641/641/684
f 641/641/684 212/212/232 214/214/234
f 509/509/537 642/642/685 507/507/535
f 507/507/535 643/643/686 510/510/538
f 510/510/538 644/644/687 516/516/544
f 516/516/544 207/207/227 265/265/282
f 287/287/304 290/290/307 642/642/685
f 642/642/685 293/293/310 643/643/686
f 643/643/686 302/302/319 644/644/687
f 644/644/687 208/208/228 207/207/227
f 231/231/250 318/318/337 232/232/251
f 645/645/688 310/310/329 318/318/337
f 646/646/689 306/306/324 310/310/329
f 647/647/690 307/307/325 306/306/324
f 264/264/281 645/645/688 231/231/250
f 498/498/526 646/646/689 645/645/688
f 492/492/520 647/647/690 646/646/689
f 490/490/518 275/275/292 647/647/690
f 163/163/183 287/287/304 164/164/184
f 166/166/186 283/283/300 167/167/187
f 169/169/189 183/183/203 170/170/190
f 172/172/192 275/275/292 173/173/193
f 175/175/195 230/230/249 176/176/196
f 171/171/191 170/170/190 178/178/198
f 180/180/200 222/222/201 181/181/201
f 183/183/203 198/198/218 184/184/204
f 167/167/187 238/238/256 186/186/206
f 187/187/207 205/205/225 188/188/208
f 190/190/210 246/246/264 191/191/211
f 193/193/213 254/254/271 194/194/214
f 196/196/216 348/348/367 197/197/217
f 199/199/219 248/248/266 200/200/220
f 170/170/190 262/262/279 202/202/222
f 198/198/218 197/197/217 203/203/223
f 204/204/224 272/272/289 177/177/197
f 206/206/226 258/258/275 207/207/227
f 209/209/229 229/229/248 210/210/230
f 212/212/232 226/226/245 213/213/233
f 215/215/235 234/234/253 216/216/236
f 218/218/238 245/245/263 219/219/239
f 221/221/241 243/243/261 222/222/201
f 223/223/242 253/253/270 193/193/213
f 225/225/244 286/286/303 190/190/210
f 226/226/245 324/324/343 227/227/246
f 228/228/247 250/250/267 229/229/248
f 175/175/195 190/190/210 192/192/212
f 165/165/185 164/164/184 231/231/250
f 233/233/252 270/270/287 234/234/253
f 235/235/254 223/223/242 224/224/243
f 237/237/255 259/259/276 238/238/256
f 239/239/257 252/252/269 199/199/219
f 241/241/259 274/274/291 172/172/192
f 243/243/261 235/235/254 236/236/201
f 244/244/262 279/279/296 245/245/263
f 201/201/221 200/200/220 191/191/211
f 199/199/219 252/252/269 247/247/265
f 222/222/201 236/236/201 249/249/201
f 250/250/267 648/648/691 251/251/268
f 252/252/269 168/168/188 186/186/206
f 253/253/270 260/260/277 254/254/271
f 224/224/243 193/193/213 195/195/215
f 236/236/201 224/224/243 255/255/272
f 256/256/273 273/273/290 187/187/207
f 257/257/274 266/266/283 258/258/275
f 169/169/189 196/196/216 198/198/218
f 187/187/207 189/189/209 259/259/276
f 260/260/277 363/363/386 261/261/278
f 205/205/225 177/177/197 176/176/196
f 183/183/203 185/185/205 262/262/279
f 254/254/271 261/261/278 263/263/280
f 164/164/184 288/288/305 264/264/281
f 258/258/275 267/267/284 265/265/282
f 266/266/283 452/452/480 267/267/284
f 245/245/263 280/280/297 268/268/285
f 234/234/253 271/271/288 269/269/286
f 270/270/287 487/487/515 271/271/288
f 272/272/289 225/225/244 175/175/195
f 273/273/290 204/204/224 205/205/225
f 274/274/291 307/307/325 275/275/292
f 214/214/234 213/213/233 276/276/293
f 213/213/233 227/227/246 278/278/295
f 279/279/296 527/527/555 280/280/297
f 166/166/186 168/168/188 252/252/269
f 240/240/258 199/199/219 201/201/221
f 229/229/248 251/251/268 282/282/299
f 283/283/300 256/256/273 237/237/255
f 242/242/260 172/172/192 174/174/194
f 281/281/298 201/201/221 246/246/264
f 285/285/302 246/246/264 190/190/210
f 287/287/304 509/509/537 288/288/305
f 289/289/306 292/292/309 290/290/307
f 291/291/308 301/301/318 292/292/309
f 292/292/309 295/295/312 293/293/310
f 292/292/309 301/301/318 294/294/311
f 296/296/313 299/299/316 297/297/314
f 298/298/315 300/300/317 299/299/316
f 299/299/316 301/301/318 291/291/308
f 300/300/317 294/294/311 301/301/318
f 302/302/319 304/304/321 303/303/320
f 293/293/310 295/295/312 304/304/321
f 304/304/321 300/300/317 298/298/315
f 295/295/312 294/294/311 300/300/317
f 305/305/323 309/309/327 306/306/324
f 308/308/326 311/311/330 309/309/327
f 309/309/327 312/312/331 310/310/329
f 311/311/330 321/321/340 312/312/331
f 313/313/332 316/316/335 314/314/333
f 315/315/334 317/317/336 316/316/335
f 316/316/335 311/311/330 308/308/326
f 317/317/336 321/321/340 311/311/330
f 318/318/337 320/320/339 319/319/338
f 310/310/329 312/312/331 320/320/339
f 320/320/339 317/317/336 315/315/334
f 320/320/339 312/312/331 321/321/340
f 322/322/341 326/326/345 323/323/342
f 325/325/344 335/335/354 326/326/345
f 326/326/345 329/329/348 327/327/346
f 326/326/345 335/335/354 328/328/347
f 330/330/349 333/333/352 331/331/350
f 332/332/351 334/334/353 333/333/352
f 333/333/352 335/335/354 325/325/344
f 334/334/353 328/328/347 335/335/354
f 336/336/355 338/338/357 337/337/356
f 327/327/346 329/329/348 338/338/357
f 338/338/357 334/334/353 332/332/351
f 338/338/357 329/329/348 328/328/347
f 339/339/358 342/342/361 340/340/359
f 341/341/360 351/351/692 342/342/361
f 342/342/361 345/345/364 343/343/362
f 342/342/361 351/351/692 344/344/363
f 346/346/365 350/350/369 347/347/366
f 349/349/368 355/355/377 350/350/369
f 350/350/369 351/351/372 341/341/370
f 350/350/369 355/355/377 344/344/371
f 192/192/373 354/354/376 352/352/374
f 354/354/376 343/343/362 345/345/364
f 353/353/375 352/352/374 355/355/377
f 352/352/374 345/345/364 344/344/378
f 179/179/199 358/358/381 356/356/379
f 358/358/381 368/368/609 359/359/382
f 357/357/380 356/356/379 360/360/383
f 356/356/379 359/359/382 362/362/385
f 363/363/386 367/367/390 364/364/387
f 366/366/389 372/372/693 364/364/387
f 364/364/387 359/359/393 368/368/391
f 364/364/387 372/372/693 362/362/392
f 369/369/394 371/371/396 370/370/395
f 361/361/384 360/360/397 371/371/396
f 371/371/396 372/372/398 366/366/389
f 360/360/397 362/362/694 372/372/398
f 373/373/399 376/376/402 374/374/400
f 375/375/401 384/384/695 376/376/402
f 374/374/400 376/376/402 377/377/403
f 376/376/402 384/384/695 379/379/405
f 228/228/247 382/382/408 380/380/406
f 382/382/408 388/388/416 383/383/409
f 381/381/407 380/380/406 384/384/410
f 380/380/406 383/383/409 379/379/412
f 385/385/413 387/387/415 386/386/414
f 378/378/404 377/377/403 387/387/415
f 387/387/415 383/383/409 388/388/416
f 377/377/403 379/379/405 383/383/409
f 389/389/417 392/392/420 390/390/418
f 391/391/419 401/401/429 392/392/420
f 392/392/420 395/395/423 393/393/421
f 392/392/420 401/401/429 394/394/422
f 396/396/424 399/399/427 397/397/425
f 398/398/426 400/400/428 399/399/427
f 399/399/427 401/401/429 391/391/419
f 400/400/428 394/394/422 401/401/429
f 402/402/430 404/404/432 403/403/431
f 393/393/421 395/395/423 404/404/432
f 404/404/432 400/400/428 398/398/426
f 395/395/423 394/394/422 400/400/428
f 405/405/433 408/408/436 406/406/434
f 407/407/435 410/410/438 408/408/436
f 408/408/436 411/411/439 409/409/437
f 410/410/438 416/416/444 411/411/439
f 412/412/440 415/415/443 413/413/441
f 414/414/442 420/420/448 415/415/443
f 415/415/443 410/410/438 407/407/435
f 415/415/443 420/420/448 416/416/444
f 417/417/445 419/419/447 418/418/446
f 409/409/437 411/411/439 419/419/447
f 419/419/447 420/420/448 414/414/442
f 411/411/439 416/416/444 420/420/448
f 421/421/449 424/424/452 422/422/450
f 423/423/451 433/433/461 424/424/452
f 424/424/452 427/427/455 425/425/453
f 424/424/452 433/433/461 426/426/454
f 428/428/456 431/431/459 429/429/457
f 430/430/458 432/432/460 431/431/459
f 431/431/459 433/433/461 423/423/451
f 432/432/460 426/426/454 433/433/461
f 434/434/462 436/436/464 435/435/463
f 425/425/453 427/427/455 436/436/464
f 436/436/464 432/432/460 430/430/458
f 427/427/455 426/426/454 432/432/460
f 437/437/465 440/440/468 438/438/466
f 439/439/467 442/442/470 440/440/468
f 440/440/468 443/443/471 441/441/469
f 442/442/470 449/449/477 443/443/471
f 444/444/472 447/447/475 445/445/473
f 447/447/475 454/454/482 448/448/476
f 446/446/474 445/445/473 442/442/470
f 445/445/473 448/448/476 449/449/477
f 450/450/478 453/453/481 451/451/479
f 441/441/469 443/443/471 453/453/481
f 453/453/481 448/448/476 454/454/482
f 443/443/471 449/449/477 448/448/476
f 455/455/483 458/458/486 456/456/484
f 457/457/485 460/460/488 458/458/486
f 458/458/486 461/461/489 459/459/487
f 460/460/488 471/471/499 461/461/489
f 462/462/490 465/465/493 463/463/491
f 464/464/492 466/466/494 465/465/493
f 465/465/493 460/460/488 457/457/485
f 466/466/494 471/471/499 460/460/488
f 467/467/495 470/470/498 468/468/496
f 470/470/498 459/459/487 461/461/489
f 469/469/497 468/468/496 466/466/494
f 468/468/496 461/461/489 471/471/499
f 472/472/500 475/475/503 473/473/501
f 474/474/502 477/477/505 475/475/503
f 475/475/503 478/478/506 476/476/504
f 477/477/505 484/484/512 478/478/506
f 479/479/507 482/482/510 480/480/508
f 482/482/510 489/489/517 483/483/511
f 481/481/509 480/480/508 477/477/505
f 480/480/508 483/483/511 484/484/512
f 485/485/513 488/488/516 486/486/514
f 476/476/504 478/478/506 488/488/516
f 488/488/516 483/483/511 489/489/517
f 478/478/506 484/484/512 483/483/511
f 490/490/518 493/493/521 491/491/519
f 492/492/520 495/495/523 493/493/521
f 493/493/521 496/496/524 494/494/522
f 495/495/523 506/506/534 496/496/524
f 497/497/525 500/500/528 498/498/526
f 499/499/527 501/501/529 500/500/528
f 500/500/528 495/495/523 492/492/520
f 501/501/529 506/506/534 495/495/523
f 502/502/530 505/505/533 503/503/531
f 505/505/533 494/494/522 496/496/524
f 504/504/532 503/503/531 501/501/529
f 503/503/531 496/496/524 506/506/534
f 507/507/535 511/511/539 508/508/536
f 510/510/538 513/513/541 511/511/539
f 511/511/539 514/514/542 512/512/540
f 513/513/541 524/524/552 514/514/542
f 515/515/543 518/518/546 516/516/544
f 517/517/545 519/519/547 518/518/546
f 518/518/546 513/513/541 510/510/538
f 519/519/547 524/524/552 513/513/541
f 520/520/548 523/523/551 521/521/549
f 523/523/551 512/512/540 514/514/542
f 522/522/550 521/521/549 519/519/547
f 521/521/549 514/514/542 524/524/552
f 525/525/553 529/529/557 526/526/554
f 528/528/556 531/531/559 529/529/557
f 529/529/557 532/532/560 530/530/558
f 531/531/559 542/542/570 532/532/560
f 533/533/561 536/536/564 534/534/562
f 535/535/563 537/537/565 536/536/564
f 536/536/564 531/531/559 528/528/556
f 537/537/565 542/542/570 531/531/559
f 538/538/566 541/541/569 539/539/567
f 541/541/569 530/530/558 532/532/560
f 540/540/568 539/539/567 537/537/565
f 539/539/567 532/532/560 542/542/570
f 171/171/191 548/548/577 543/543/571
f 543/543/571 548/548/577 544/544/572
f 545/545/573 544/544/572 546/546/574
f 547/547/576 546/546/578 188/188/208
f 171/171/191 179/179/199 357/357/380
f 548/548/577 357/357/380 361/361/384
f 544/544/572 361/361/384 369/369/394
f 546/546/578 369/369/394 189/189/209
f 235/235/254 243/243/261 549/549/579
f 550/550/580 549/549/579 551/551/581
f 552/552/582 551/551/581 553/553/583
f 554/554/584 553/553/583 248/248/266
f 243/243/261 221/221/241 374/374/400
f 549/549/579 374/374/400 378/378/404
f 551/551/581 378/378/404 385/385/413
f 553/553/583 385/385/413 200/200/220
f 209/209/229 555/555/585 382/382/408
f 555/555/585 556/556/586 388/388/416
f 556/556/586 557/557/588 386/386/414
f 557/557/587 191/191/587 200/200/220
f 211/211/231 340/340/359 555/555/585
f 340/340/359 343/343/362 556/556/586
f 343/343/362 354/354/376 557/557/588
f 354/354/589 192/192/696 191/191/587
f 211/211/231 210/210/230 558/558/590
f 339/339/358 558/558/590 559/559/591
f 559/559/592 560/560/593 347/347/366
f 560/560/593 197/197/217 348/348/367
f 210/210/230 282/282/299 561/561/594
f 558/558/590 561/561/594 562/562/595
f 562/562/596 563/563/597 560/560/593
f 563/563/597 203/203/223 197/197/217
f 180/180/200 564/564/602 373/373/399
f 564/564/598 565/565/604 375/375/401
f 565/565/599 566/566/606 381/381/407
f 566/566/600 250/250/267 228/228/247
f 180/180/200 182/182/202 567/567/601
f 567/567/603 568/568/603 565/565/604
f 568/568/605 569/569/605 566/566/606
f 569/569/607 648/648/691 250/250/267
f 179/179/199 178/178/198 570/570/608
f 570/570/608 571/571/614 368/368/609
f 571/571/610 572/572/611 365/365/388
f 572/572/611 261/261/278 363/363/386
f 178/178/198 202/202/222 573/573/612
f 570/570/608 573/573/612 574/574/613
f 574/574/615 575/575/616 572/572/611
f 575/575/616 263/263/280 261/261/278
f 272/272/289 204/204/224 576/576/617
f 434/434/462 576/576/617 577/577/618
f 577/577/618 578/578/619 422/422/450
f 578/578/619 226/226/245 212/212/232
f 204/204/224 273/273/290 331/331/350
f 576/576/617 331/331/350 325/325/344
f 577/577/618 325/325/344 322/322/341
f 578/578/619 322/322/341 324/324/343
f 240/240/258 579/579/620 417/417/445
f 579/579/620 580/580/621 409/409/437
f 580/580/621 581/581/622 406/406/434
f 581/581/622 274/274/291 241/241/259
f 240/240/258 281/281/298 314/314/333
f 579/579/620 314/314/333 308/308/623
f 580/580/621 308/308/623 305/305/323
f 581/581/622 305/305/323 307/307/325
f 285/285/302 582/582/624 313/313/332
f 582/582/624 583/583/625 315/315/334
f 583/583/625 584/584/626 319/319/338
f 584/584/626 165/165/185 232/232/251
f 285/285/302 286/286/303 297/297/314
f 582/582/624 297/297/314 291/291/308
f 583/583/625 291/291/308 289/289/306
f 584/584/626 289/289/306 163/163/183
f 363/363/386 260/260/277 585/585/627
f 367/367/390 585/585/627 586/586/628
f 366/366/389 586/586/628 587/587/629
f 587/587/629 259/259/276 189/189/209
f 260/260/277 253/253/270 588/588/630
f 585/585/627 588/588/630 589/589/631
f 586/586/628 589/589/631 590/590/632
f 587/587/629 590/590/632 238/238/256
f 253/253/270 223/223/242 591/591/633
f 588/588/630 591/591/633 592/592/634
f 589/589/631 592/592/634 593/593/635
f 590/590/632 593/593/635 186/186/206
f 223/223/242 235/235/254 550/550/580
f 591/591/633 550/550/580 552/552/582
f 592/592/634 552/552/582 554/554/584
f 593/593/635 554/554/584 247/247/265
f 256/256/273 594/594/636 330/330/349
f 594/594/636 595/595/637 332/332/351
f 595/595/637 596/596/638 337/337/356
f 596/596/638 218/218/238 220/220/240
f 256/256/273 283/283/300 397/397/425
f 594/594/636 397/397/425 391/391/419
f 595/595/637 391/391/419 389/389/417
f 596/596/638 389/389/417 244/244/262
f 166/166/186 597/597/639 396/396/424
f 597/597/639 598/598/640 398/398/426
f 598/598/640 599/599/641 403/403/431
f 599/599/641 215/215/235 217/217/237
f 166/166/186 239/239/257 418/418/446
f 597/597/639 418/418/446 414/414/442
f 598/598/640 414/414/442 412/412/440
f 599/599/641 412/412/440 233/233/252
f 348/348/367 196/196/216 600/600/642
f 346/346/365 600/600/642 601/601/643
f 601/601/643 602/602/644 353/353/375
f 602/602/644 230/230/249 192/192/212
f 169/169/189 543/543/571 600/600/642
f 543/543/571 545/545/573 601/601/643
f 545/545/573 547/547/575 602/602/644
f 547/547/576 176/176/196 230/230/249
f 225/225/244 603/603/645 296/296/313
f 603/603/645 604/604/647 298/298/646
f 604/604/647 605/605/648 303/303/320
f 605/605/648 206/206/226 208/208/228
f 225/225/244 272/272/289 435/435/463
f 603/603/645 435/435/463 430/430/458
f 604/604/647 430/430/458 428/428/456
f 605/605/648 428/428/456 257/257/274
f 277/277/294 276/276/293 606/606/649
f 437/437/465 606/606/649 607/607/650
f 439/439/467 607/607/650 608/608/651
f 446/446/474 608/608/651 609/609/652
f 278/278/295 456/456/484 606/606/649
f 456/456/484 459/459/487 607/607/650
f 459/459/487 470/470/498 608/608/651
f 470/470/498 467/467/495 609/609/652
f 284/284/301 174/174/194 610/610/653
f 472/472/500 610/610/653 611/611/654
f 474/474/502 611/611/654 612/612/655
f 481/481/509 612/612/655 613/613/656
f 173/173/193 491/491/519 610/610/653
f 491/491/519 494/494/522 611/611/654
f 494/494/522 505/505/533 612/612/655
f 505/505/533 502/502/530 613/613/656
f 264/264/281 288/288/305 614/614/657
f 497/497/525 614/614/657 615/615/658
f 499/499/527 615/615/658 616/616/659
f 504/504/532 616/616/659 617/617/660
f 509/509/537 508/508/536 614/614/657
f 508/508/536 512/512/540 615/615/658
f 512/512/540 523/523/551 616/616/659
f 523/523/551 520/520/548 617/617/660
f 268/268/285 280/280/297 618/618/661
f 462/462/490 618/618/661 619/619/662
f 464/464/492 619/619/662 620/620/663
f 469/469/497 620/620/663 621/621/664
f 527/527/555 526/526/554 618/618/661
f 526/526/554 530/530/558 619/619/662
f 530/530/558 541/541/569 620/620/663
f 541/541/569 538/538/566 621/621/664
f 269/269/286 271/271/288 622/622/665
f 533/533/561 622/622/665 623/623/666
f 535/535/563 623/623/666 624/624/667
f 540/540/568 624/624/667 625/625/668
f 487/487/515 486/486/514 622/622/665
f 486/486/514 489/489/517 623/623/666
f 489/489/517 482/482/510 624/624/667
f 482/482/510 479/479/507 625/625/668
f 265/265/282 267/267/284 626/626/669
f 515/515/543 626/626/669 627/627/670
f 517/517/545 627/627/670 628/628/671
f 522/522/550 628/628/671 629/629/672
f 452/452/480 451/451/479 626/626/669
f 451/451/479 454/454/482 627/627/670
f 454/454/482 447/447/475 628/628/671
f 447/447/475 444/444/472 629/629/672
f 242/242/260 630/630/673 405/405/433
f 630/630/673 631/631/674 407/407/435
f 631/631/674 632/632/675 413/413/441
f 632/632/675 270/270/287 233/233/252
f 284/284/301 473/473/501 630/630/673
f 473/473/501 476/476/504 631/631/674
f 476/476/504 485/485/513 632/632/675
f 632/632/675 485/485/513 487/487/515
f 527/527/555 279/279/296 633/633/676
f 525/525/553 633/633/676 634/634/677
f 528/528/556 634/634/677 635/635/678
f 534/534/562 635/635/678 216/216/236
f 279/279/296 244/244/262 390/390/418
f 633/633/676 390/390/418 393/393/421
f 634/634/677 393/393/421 402/402/430
f 635/635/678 402/402/430 217/217/237
f 220/220/240 219/219/239 636/636/679
f 336/336/355 636/636/679 637/637/680
f 327/327/346 637/637/680 638/638/681
f 323/323/342 638/638/681 227/227/246
f 219/219/239 268/268/285 463/463/491
f 636/636/679 463/463/491 457/457/485
f 637/637/680 457/457/485 455/455/483
f 455/455/483 278/278/295 227/227/246
f 452/452/480 266/266/283 639/639/682
f 450/450/478 639/639/682 640/640/683
f 441/441/469 640/640/683 641/641/684
f 641/641/684 214/214/234 277/277/294
f 266/266/283 257/257/274 429/429/457
f 639/639/682 429/429/457 423/423/451
f 640/640/683 423/423/451 421/421/449
f 641/641/684 421/421/449 212/212/232
f 509/509/537 287/287/304 642/642/685
f 507/507/535 642/642/685 643/643/686
f 510/510/538 643/643/686 644/644/687
f 516/516/544 644/644/687 207/207/227
f 287/287/304 163/163/183 290/290/307
f 642/642/685 290/290/307 293/293/310
f 643/643/686 293/293/310 302/302/319
f 644/644/687 302/302/319 208/208/228
f 231/231/250 645/645/688 318/318/337
f 645/645/688 646/646/689 310/310/329
f 646/646/689 647/647/690 306/306/324
f 647/647/690 275/275/292 307/307/325
f 264/264/281 498/498/526 645/645/688
f 498/498/526 492/492/520 646/646/689
f 492/492/520 490/490/518 647/647/690
f 490/490/518 173/173/193 275/275/292
