# Holocron_Esquina_SupIzqFre
# origen puesto en el pivote de la pieza
# pivote en coordenadas del modelo: -47.98773 5.37640 0.65458
mtllib Holocron.mtl
o Holocron_Esquina_SupIzqFre
v -0.192160 4.964891 5.120681
v -2.605093 4.989198 2.686992
v -0.177034 4.949985 5.105253
v -5.053339 0.115130 5.041012
v -5.037191 2.562807 2.647134
v -5.052321 2.577717 2.662563
v -5.036173 5.025394 0.268686
v -5.051302 5.040302 0.284115
v -0.192156 4.961833 5.123638
v -2.606112 2.523547 5.068402
v -2.621241 2.538454 5.083830
v -5.035196 0.100169 5.028591
v -5.050322 0.115074 5.044020
v -5.048281 5.043317 0.284161
v -2.620218 5.004105 2.702421
v -0.161905 4.932019 5.092780
v -2.590986 2.508639 5.052973
v -5.022066 2.547901 2.631705
v -5.021048 5.010486 0.253257
v -5.020071 0.085259 5.013163
v -5.018026 5.013503 0.253303
v -2.589968 4.974292 2.671564
v -0.161905 4.935078 5.089824
v -5.023085 0.085316 5.010155
v -0.192522 4.965278 5.122795
v -0.193544 4.965484 5.121527
v -0.191088 4.964715 5.121901
v -0.192156 4.964711 5.123556
v -0.193975 4.965281 5.123279
v -0.195246 4.965491 5.122202
v -0.193308 4.964891 5.123742
v -0.192522 4.963933 5.124095
v -0.191088 4.963060 5.123501
v -0.193541 4.962659 5.124260
v -0.193975 4.964413 5.124119
v -0.190714 4.964070 5.122891
v -0.197012 4.964913 5.122600
v -0.197008 4.963742 5.123732
v -0.198568 4.963839 5.122664
v -0.195341 4.964814 5.123667
v -0.195246 4.963328 5.124292
v -5.053637 0.115696 5.042846
v -5.053106 0.114187 5.042147
v -5.054010 0.116701 5.041608
v -5.053820 0.117119 5.043438
v -5.053133 0.115127 5.043823
v -5.052454 0.113844 5.043119
v -5.053293 0.116390 5.044008
v -5.051958 0.120120 5.044236
v -5.053453 0.120147 5.042749
v -5.052305 0.121497 5.043119
v -5.051462 0.118417 5.044801
v -5.053091 0.118547 5.043846
v -5.054052 0.118461 5.042218
v -5.052710 0.117099 5.044544
v -5.052145 0.115670 5.044336
v -5.050886 0.116643 5.044725
v -5.051477 0.114158 5.043776
v -5.050104 5.043610 0.284766
v -5.049437 5.043103 0.283236
v -5.048845 5.043969 0.285751
v -5.050669 5.043771 0.286199
v -5.051096 5.043115 0.284208
v -5.050417 5.042455 0.282902
v -5.051256 5.043256 0.285473
v -5.051416 5.041869 0.289181
v -5.049921 5.043361 0.289205
v -5.050272 5.042195 0.290544
v -5.052015 5.041396 0.287481
v -5.051054 5.043023 0.287622
v -5.049425 5.043984 0.287522
v -5.051783 5.042662 0.286182
v -5.051600 5.042119 0.284742
v -5.051973 5.040847 0.285702
v -5.051069 5.041470 0.283211
v -5.018209 5.012019 0.251716
v -5.016985 5.012235 0.252780
v -5.019255 5.013362 0.252238
v -5.019083 5.011567 0.251443
v -5.017397 5.010730 0.251845
v -5.016062 5.010657 0.252857
v -5.018255 5.010739 0.251566
v -5.019537 5.010693 0.251695
v -5.020887 5.011729 0.252213
v -5.019774 5.009448 0.252737
v -5.018251 5.009874 0.251832
v -5.020258 5.012739 0.251855
v -5.015406 5.009009 0.253522
v -5.016562 5.007853 0.253504
v -5.015112 5.007542 0.254674
v -5.016928 5.009396 0.252319
v -5.018198 5.008523 0.252824
v -0.160345 4.933566 5.089973
v -0.160837 4.934901 5.091044
v -0.161413 4.933816 5.088753
v -0.160505 4.932293 5.089134
v -0.160078 4.933097 5.090834
v -0.160460 4.934256 5.092035
v -0.160219 4.932283 5.089992
v -0.162226 4.929458 5.088245
v -0.162226 4.930629 5.087113
v -0.163408 4.929188 5.086793
v -0.161524 4.930091 5.089891
v -0.161005 4.930976 5.088641
v -0.161524 4.932255 5.087801
v -0.160502 4.931426 5.089973
v -0.160345 4.932219 5.091273
v -0.161409 4.930991 5.091485
v -0.160837 4.933246 5.092644
v -5.021578 0.083749 5.010302
v -5.021811 0.084833 5.009094
v -5.022928 0.084227 5.011359
v -5.021120 0.083465 5.011166
v -5.020292 0.083916 5.009487
v -5.020231 0.084955 5.008171
v -5.020296 0.083619 5.010342
v -5.020250 0.083722 5.011626
v -5.021296 0.084197 5.012987
v -5.019022 0.084782 5.011875
v -5.019434 0.083899 5.010341
v -5.022299 0.083835 5.012355
v -5.018595 0.085661 5.007523
v -5.017443 0.085640 5.008674
v -5.017149 0.086844 5.007249
v -5.018965 0.084421 5.009024
v -5.018099 0.084915 5.010299
v -2.621290 5.004763 2.703508
v -2.622465 5.004788 2.704684
v -2.623564 5.004176 2.705772
v -2.624414 5.003019 2.706606
v -5.052992 2.578771 2.663656
v -5.053034 2.579928 2.664851
v -5.052435 2.581007 2.665966
v -5.051287 2.581846 2.666832
v -2.624582 2.541799 5.084018
v -2.623484 2.540692 5.084593
v -2.622313 2.539517 5.084525
v -2.625437 2.542671 5.082890
v -2.588778 4.969891 2.670286
v -2.588743 4.971551 2.670284
v -2.589159 4.973096 2.670733
v -2.589258 4.968366 2.670738
v -5.017649 2.546720 2.630479
v -5.019312 2.546691 2.630450
v -5.020861 2.547106 2.630881
v -5.016130 2.547191 2.630963
v -2.590181 2.507851 5.051750
v -2.589762 2.507456 5.050192
v -2.589796 2.507513 5.048530
v -2.590277 2.508017 5.047022
v -5.035944 5.026564 0.267782
v -5.035288 5.027549 0.267474
v -5.034308 5.028197 0.267807
v -5.033155 5.028411 0.268732
v -0.176107 4.948083 5.107999
v -0.175783 4.949071 5.107363
v -0.176107 4.949738 5.106399
v -0.177031 4.946929 5.108209
v -5.036352 0.099250 5.028348
v -5.037329 0.098938 5.027690
v -5.038210 0.100222 5.025583
v -5.037981 0.099279 5.026718
v -2.264280 3.811881 4.277784
v -3.063452 2.964404 4.241618
v -3.081644 2.981917 4.259794
v -4.212664 2.997632 3.119365
v -4.304400 3.611001 2.436545
v -4.322756 2.919234 3.083621
v -2.276312 4.366859 3.730119
v -3.207582 4.354037 2.747220
v -3.231787 4.379252 2.765485
v -4.037981 2.135108 4.064992
v -3.868586 2.113961 4.202335
v -4.019793 2.117595 4.046819
v -2.053576 4.134395 4.182856
v -2.280432 4.367251 3.732892
v -2.383589 4.228753 3.762744
v -4.416243 4.365660 1.528582
v -4.441977 4.393943 1.544313
v -4.423296 1.331198 4.439710
v -4.397638 1.588442 4.146153
v -4.398333 1.308139 4.415437
v -2.254236 4.343688 3.709648
v -1.710390 4.310054 4.215251
v -2.229689 4.317916 3.686881
v -4.440966 2.836753 3.043641
v -3.908072 4.208342 2.260816
v -3.233068 4.380092 2.770628
v -4.443560 4.395490 1.548413
v -2.224722 3.784097 4.348953
v -2.966688 2.853605 4.501014
v -1.487417 4.352292 4.536354
v -4.418749 3.407294 2.445412
v -4.392138 3.819474 2.002850
v -4.393557 3.244095 2.555604
v -1.750414 4.358323 4.262077
v -1.470125 4.328702 4.507862
v -1.731497 4.335505 4.239940
v -4.221067 1.946897 4.122036
v -4.444555 1.356134 4.465889
v -3.877913 2.112611 4.305822
v -4.387819 4.334418 1.511204
v -1.453150 4.302466 4.481592
v -3.083994 4.145287 3.143368
v -3.142878 4.253093 2.981785
v -2.258982 3.969724 4.129643
v -2.243055 3.800482 4.256728
v -2.261244 3.817994 4.274904
v -2.963987 2.850461 4.499440
v -1.470148 4.325541 4.510880
v -1.485312 4.349006 4.534348
v -2.259661 4.124580 3.978401
v -3.061388 4.121853 3.127983
v -2.241472 4.107068 3.960227
v -4.206728 2.997689 3.117996
v -4.184927 3.818459 2.296172
v -4.203115 3.835973 2.314346
v -4.052794 3.996631 2.311139
v -3.887236 4.133611 2.292710
v -3.905424 4.151124 2.310884
v -4.445700 1.351896 4.461499
v -4.422594 1.615838 4.166261
v -4.442209 2.821513 3.049705
v -4.419962 2.711137 3.114052
v -2.258871 3.974153 4.132767
v -3.079577 4.139368 3.146157
v -3.881304 4.136641 2.295739
v -4.442724 1.351865 4.464529
v -2.945208 2.828374 4.476805
v -1.755816 4.358535 4.263756
v -3.880819 2.134437 4.223628
v -3.899008 2.151952 4.241802
v -4.210337 2.159405 3.921646
v -4.188536 2.980174 3.099822
v -4.443846 2.102236 3.740659
v -4.421518 2.050401 3.748788
v -4.221376 4.015643 2.131733
v -4.440081 3.571614 2.338028
v -4.216295 2.156031 3.926205
v -4.060770 2.152322 4.086127
v -4.207384 2.156257 3.927648
v -4.189192 2.138742 3.909475
v -4.444986 1.640429 4.184310
v -4.200163 3.842131 2.311393
v -4.034601 3.979114 2.292964
v -3.030386 2.924607 4.371218
v -4.442659 2.111967 3.739832
v -4.443831 1.648212 4.185315
v -4.396643 1.992648 3.757842
v -4.420313 1.331159 4.442732
v -2.924246 2.803721 4.451542
v -4.307703 2.249781 3.743405
v -4.441385 3.553889 2.346430
v -4.418665 3.942207 1.931876
v -4.395174 2.588164 3.185742
v -4.058497 3.999348 2.310108
v -2.256720 4.121449 3.984381
v -2.240789 3.952208 4.111469
v -4.441202 4.064059 1.865732
v -4.442560 4.052760 1.867945
v -4.419283 4.362531 1.528542
v -3.180750 4.326085 2.726971
v -4.390871 4.331282 1.511167
v -3.862627 2.116924 4.205456
v -2.224863 3.782966 4.238556
v -2.238527 4.103936 3.966208
v -2.222601 3.934695 4.093295
v -3.869043 4.116097 2.274536
v -4.166735 3.800945 2.277998
v -4.192148 2.141889 3.903472
v -4.170347 2.962660 3.081648
v -2.256502 4.130346 3.983253
v -3.905184 4.160085 2.309833
v -4.056173 2.152623 4.083165
v -3.886774 2.131473 4.220508
v -3.043200 4.104339 3.109809
v -2.223284 4.089553 3.942054
v -3.863112 4.119126 2.277565
v -4.181971 3.824617 2.293219
v -4.016413 3.961601 2.274790
v -3.902601 2.148567 4.248598
v -1.453184 4.299292 4.484628
v -4.209032 3.841508 2.310361
v -4.171000 2.121230 3.891300
v -3.081980 2.981922 4.266650
v -2.261282 3.815188 4.284730
v -2.246088 3.794369 4.259609
v -3.045263 2.946889 4.223446
v -2.264444 3.813243 4.279083
v -2.263128 3.813276 4.277582
v -2.263933 3.814349 4.280860
v -2.263411 3.814428 4.278870
v -2.262152 3.814928 4.276965
v -2.262953 3.815688 4.279606
v -2.262674 3.815507 4.278497
v -2.262049 3.815703 4.282972
v -2.262823 3.815032 4.282841
v -2.262312 3.816417 4.280486
v -2.262842 3.815614 4.281492
v -2.262713 3.816162 4.280038
v -2.263418 3.815237 4.280223
v -2.261488 3.816583 4.276025
v -2.262030 3.817221 4.277653
v -2.262239 3.816390 4.278147
v -3.904337 2.149661 4.241449
v -3.903601 2.149190 4.239856
v -3.904966 2.148988 4.238683
v -3.903666 2.149817 4.244303
v -3.903509 2.149854 4.241990
v -3.901987 2.149824 4.240862
v -3.903372 2.150242 4.243893
v -3.902636 2.150279 4.242389
v -3.902380 2.150201 4.246753
v -3.903055 2.149433 4.246815
v -3.901621 2.151418 4.244811
v -3.902895 2.150296 4.245374
v -3.902456 2.150938 4.244138
v -3.900377 2.150793 4.241545
v -3.900435 2.152033 4.243074
v -3.901587 2.151004 4.242810
v -3.902872 2.150503 4.243492
v -3.901457 4.155354 2.313588
v -3.900862 4.153937 2.312751
v -3.899492 4.154155 2.313913
v -3.903227 4.156903 2.312698
v -3.902433 4.155106 2.312748
v -3.902468 4.153287 2.311767
v -3.903959 4.155579 2.312269
v -3.903395 4.154656 2.312151
v -3.905352 4.158110 2.310997
v -3.904535 4.158564 2.311380
v -3.905458 4.155713 2.311605
v -3.904615 4.157151 2.311844
v -3.904699 4.155730 2.312041
v -3.903708 4.156257 2.312528
v -3.904070 4.152299 2.311111
v -3.905485 4.153260 2.311565
v -3.904413 4.154079 2.311752
v -1.484289 4.350050 4.534003
v -1.486002 4.350131 4.535354
v -1.483931 4.351018 4.533313
v -1.485117 4.351171 4.534981
v -1.486643 4.351152 4.536089
v -1.485350 4.352448 4.535079
v -1.485800 4.352080 4.535694
v -1.485865 4.353021 4.532740
v -1.484285 4.351759 4.532383
v -1.485308 4.352164 4.531357
v -1.486464 4.353345 4.534176
v -1.485056 4.352561 4.533720
v -1.484648 4.352023 4.534485
v -1.486399 4.352632 4.535687
v -1.487009 4.353090 4.535445
v -1.487143 4.351909 4.536440
v -1.485724 4.353028 4.534866
v -4.443682 4.394535 1.544486
v -4.442408 4.394961 1.545649
v -4.442968 4.393530 1.543264
v -4.444696 4.393971 1.543838
v -4.444250 4.395196 1.545552
v -4.442862 4.395613 1.546897
v -4.444887 4.394513 1.544848
v -4.444994 4.390815 1.544271
v -4.445253 4.393067 1.544311
v -4.444605 4.391836 1.543241
v -4.445688 4.393166 1.546399
v -4.445711 4.391896 1.545263
v -4.443892 4.392791 1.542888
v -4.443262 4.395798 1.547868
v -4.444933 4.394427 1.547505
v -4.444609 4.394982 1.546510
v -4.445459 4.394144 1.545343
v -4.445467 1.350943 4.462628
v -4.446398 1.352949 4.462589
v -4.444819 1.350604 4.463599
v -4.446016 1.352094 4.463684
v -4.446207 1.353173 4.464629
v -4.446425 1.354125 4.463805
v -4.445681 1.352682 4.464967
v -4.444532 1.352239 4.465037
v -4.443857 1.350928 4.464268
v -4.443285 1.353275 4.465400
v -4.445093 1.353361 4.465562
v -4.445517 1.351661 4.464531
v -4.445776 1.355244 4.464964
v -4.444277 1.355585 4.466137
v -4.445452 1.354301 4.465389
v -4.443831 1.354582 4.465966
v -4.202284 3.842102 2.312078
v -4.201288 3.840719 2.311620
v -4.204718 3.841972 2.312123
v -4.203074 3.840986 2.312261
v -4.202246 3.839052 2.312261
v -4.204561 3.840447 2.312784
v -4.203630 3.839923 2.312656
v -4.207529 3.840870 2.311935
v -4.207087 3.841764 2.311520
v -4.205877 3.839595 2.313245
v -4.206133 3.841038 2.312374
v -4.205236 3.840142 2.313055
v -4.204721 3.841197 2.312557
v -4.202890 3.837385 2.313218
v -4.204329 3.837874 2.314092
v -4.204073 3.838911 2.313250
v -4.208517 2.156519 3.926256
v -4.209787 2.156998 3.927309
v -4.209478 2.157209 3.924628
v -4.210432 2.157223 3.926350
v -4.212328 2.157216 3.926915
v -4.210897 2.157653 3.925400
v -4.212149 2.157620 3.926399
v -4.211557 2.159263 3.923352
v -4.210119 2.158223 3.923009
v -4.213118 2.158572 3.924816
v -4.211309 2.158329 3.924401
v -4.211878 2.157851 3.925793
v -4.214613 2.156875 3.926529
v -4.214781 2.157438 3.925820
v -4.213503 2.157629 3.926113
v -4.212507 2.158217 3.925463
v -2.258524 4.124328 3.979788
v -2.259569 4.125743 3.980159
v -2.257563 4.123645 3.981412
v -2.258677 4.125469 3.981218
v -2.258936 4.127248 3.981698
v -2.258253 4.125996 3.982634
v -2.258608 4.126627 3.982321
v -2.257448 4.123877 3.984085
v -2.256929 4.122634 3.983024
v -2.257666 4.126422 3.983767
v -2.257643 4.124541 3.983154
v -2.258047 4.126250 3.983247
v -2.258036 4.125031 3.982214
v -2.257856 4.128863 3.982784
v -2.257334 4.128693 3.983474
v -2.258055 4.127596 3.983014
v -2.222437 4.088297 3.941323
v -2.222071 4.089368 3.943441
v -2.221762 4.086730 3.941149
v -2.221178 4.088036 3.942762
v -2.221087 4.088709 3.945064
v -2.220694 4.086758 3.942559
v -2.220423 4.087554 3.944131
v -2.221293 4.083624 3.942498
v -2.220305 4.085429 3.942958
v -2.221361 4.085088 3.941562
v -2.220232 4.083890 3.943852
v -2.219858 4.085871 3.944257
v -2.220232 4.086741 3.943610
v -2.220476 4.087674 3.946677
v -2.219717 4.085404 3.946849
v -2.220339 4.086423 3.948035
v -2.219881 4.086659 3.945391
v -2.219679 4.084515 3.945380
v -3.864481 4.118977 2.276341
v -3.862383 4.117875 2.276708
v -3.866091 4.118350 2.275336
v -3.863802 4.117653 2.275434
v -3.862211 4.116315 2.276014
v -3.865160 4.117196 2.274662
v -3.863600 4.116379 2.274934
v -3.867861 4.115077 2.273909
v -3.867693 4.117338 2.274702
v -3.866404 4.114172 2.273871
v -3.866411 4.116320 2.274102
v -3.865282 4.115517 2.274074
v -3.863558 4.113219 2.275495
v -3.863997 4.115054 2.274524
v -3.864893 4.113520 2.274428
v -3.862623 4.114678 2.275588
v -3.864641 4.116380 2.274466
v -4.169939 2.120655 3.890127
v -4.172209 2.121416 3.889906
v -4.168997 2.120674 3.888686
v -4.171145 2.120873 3.888634
v -4.173197 2.122082 3.888274
v -4.170317 2.120890 3.887522
v -4.172003 2.121455 3.887357
v -4.168024 2.122384 3.885881
v -4.169836 2.121382 3.886249
v -4.168325 2.121281 3.887194
v -4.169455 2.122485 3.884897
v -4.171156 2.121783 3.885819
v -4.171171 2.121288 3.886859
v -4.173807 2.123120 3.886657
v -4.172667 2.123563 3.884582
v -4.173956 2.124377 3.885299
v -4.172445 2.122258 3.885994
v -4.171087 2.122898 3.884442
v -3.867224 2.114095 4.203575
v -3.867403 2.113376 4.201288
v -3.865610 2.114704 4.204603
v -3.865942 2.113540 4.202532
v -3.865950 2.113379 4.200376
v -3.864683 2.114076 4.203421
v -3.864817 2.113544 4.201724
v -3.861898 2.116115 4.204170
v -3.863997 2.115700 4.205264
v -3.861734 2.115476 4.202583
v -3.863321 2.114841 4.203903
v -3.863127 2.114386 4.202611
v -3.863104 2.115051 4.199476
v -3.863531 2.114018 4.201275
v -3.862158 2.115102 4.200935
v -3.864439 2.113966 4.199741
v -3.864168 2.113911 4.202597
v -2.226679 3.778249 4.241313
v -2.227053 3.776172 4.240146
v -2.227900 3.776854 4.241437
v -2.225672 3.779900 4.240721
v -2.225782 3.777621 4.239949
v -2.226366 3.776063 4.238568
v -2.225008 3.779012 4.239525
v -2.225287 3.777470 4.238661
v -2.224249 3.781819 4.237486
v -2.225035 3.781557 4.239754
v -2.224218 3.780386 4.236531
v -2.224447 3.780310 4.238683
v -2.224424 3.779206 4.237841
v -2.225843 3.777540 4.235509
v -2.224878 3.777923 4.237343
v -2.224779 3.778882 4.235835
v -2.225943 3.776543 4.236939
v -2.224817 3.778524 4.238689
v -4.164988 3.805690 2.275192
v -4.162714 3.805952 2.274435
v -4.163782 3.807104 2.275044
v -4.165972 3.804023 2.275805
v -4.163919 3.804437 2.274609
v -4.161768 3.804507 2.274406
v -4.164774 3.803130 2.275150
v -4.163088 3.803325 2.274589
v -4.165442 3.800262 2.277163
v -4.166586 3.802357 2.276790
v -4.163858 3.800153 2.276494
v -4.165216 3.801728 2.275907
v -4.163923 3.801576 2.275427
v -4.160791 3.801631 2.276020
v -4.162603 3.802030 2.275038
v -4.162226 3.800634 2.276093
v -4.161093 3.802991 2.274963
v -4.163939 3.802640 2.274966
v -2.277384 4.367686 3.731034
v -3.233252 4.380633 2.767814
v -2.278543 4.368050 3.731883
v -3.233385 4.380611 2.769269
v -2.279615 4.367898 3.732535
v -3.232691 4.380156 2.766485
v -4.445681 1.641882 4.185017
v -4.444536 2.104791 3.740312
v -4.445707 1.643872 4.185457
v -4.444555 2.107538 3.740032
v -4.445055 1.646096 4.185561
v -4.443895 2.110059 3.739864
v -2.964861 2.851487 4.500366
v -2.965681 2.852445 4.500991
v -2.966322 2.853188 4.501218
v -1.469217 4.326726 4.510672
v -1.468885 4.327742 4.510025
v -1.469202 4.328437 4.509039
v -1.452253 4.300479 4.484418
v -1.451918 4.301499 4.483767
v -1.452234 4.302198 4.482775
v -4.423067 1.330253 4.440846
v -4.422422 1.329913 4.441818
v -4.421454 1.330232 4.442480
v -4.398108 1.307194 4.416570
v -4.397463 1.306856 4.417543
v -4.396494 1.307175 4.418205
v -4.417406 4.365432 1.527637
v -4.418398 4.364755 1.527298
v -4.419054 4.363738 1.527616
v -4.388987 4.334187 1.510260
v -4.389975 4.333508 1.509922
v -4.390638 4.332490 1.510240
v -3.083067 4.143758 3.145199
v -3.081903 4.142094 3.146371
v -3.080679 4.140552 3.146708
v -4.059774 2.153172 4.085757
v -4.058550 2.153529 4.085065
v -4.057287 2.153334 4.084153
v -3.082613 2.982654 4.264789
v -3.082773 2.982911 4.262832
v -3.082434 2.982652 4.261079
v -4.443266 4.057355 1.865617
v -4.443254 4.061116 1.864378
v -4.442530 4.063471 1.864419
v -4.442072 3.560326 2.342355
v -4.442064 3.565956 2.339327
v -4.441362 3.569918 2.337808
v -4.442892 2.826535 3.046992
v -4.442896 2.831196 3.044886
v -4.442217 2.834783 3.043710
v -4.057077 3.999043 2.311265
v -4.055494 3.998420 2.311868
v -4.053991 3.997572 2.311823
v -4.211157 2.998388 3.119604
v -4.209497 2.998666 3.119428
v -4.207941 2.998420 3.118863
v -1.751497 4.359147 4.262986
v -1.752901 4.359475 4.263626
v -1.754419 4.359261 4.263896
v -2.259676 3.973193 4.132334
v -2.259981 3.972014 4.131589
v -2.259737 3.970795 4.130644
v -3.042376 4.103154 3.108984
v -3.041945 4.101613 3.108536
v -3.041964 4.099951 3.108536
v -3.042437 4.098421 3.108983
v -4.018709 2.116945 4.045738
v -4.017527 2.116929 4.044572
v -4.016424 2.117553 4.043494
v -4.015570 2.118718 4.042670
v -3.044439 2.946109 4.222230
v -3.044004 2.945720 4.220672
v -3.044024 2.945783 4.219012
v -3.044493 2.946290 4.217500
v -4.015329 3.960545 2.274101
v -4.014147 3.959376 2.274043
v -4.013048 3.958273 2.274625
v -4.012198 3.957400 2.275758
v -4.169130 2.961874 3.080832
v -4.167574 2.961470 3.080414
v -4.165911 2.961511 3.080457
v -4.164400 2.961990 3.080954
v -2.221911 3.933646 4.092205
v -2.221853 3.932493 4.091009
v -2.222437 3.931414 4.089887
v -2.223566 3.930573 4.089010
v -4.190325 2.139005 3.908081
v -4.191286 2.139695 3.906451
v -4.191927 2.140707 3.904834
v -4.183100 3.823205 2.293445
v -4.184053 3.821538 2.294086
v -4.184698 3.819872 2.295043
v -3.885881 4.134787 2.292939
v -3.884279 4.135775 2.293595
v -3.882673 4.136426 2.294578
v -2.238737 4.105119 3.964849
v -2.239370 4.106130 3.963235
v -2.240332 4.106813 3.961612
v -2.244940 3.795765 4.259411
v -2.243963 3.797416 4.258793
v -2.243300 3.799072 4.257851
v -3.882189 2.133283 4.223372
v -3.883802 2.132313 4.222687
v -3.885412 2.131677 4.221682
v -4.395353 1.308102 4.418454
v -4.239866 4.970547 2.941140
v -3.901346 4.969186 3.019122
v -4.071127 4.966437 3.176576
v -3.890802 4.966323 3.403666
v -3.675844 5.014863 3.602090
v -3.871904 5.018617 3.387047
v -3.719381 4.965249 3.244622
v -3.353891 4.964238 3.302535
v -3.523417 4.961494 3.459753
v -2.928431 4.961472 3.688647
v -2.728167 5.010177 3.870598
v -2.713034 4.958560 3.855657
v -3.100241 4.954717 3.847912
v -3.054716 4.949054 4.172465
v -3.269995 4.951971 4.005341
v -4.072924 4.970259 3.178309
v -4.054026 5.022551 3.161690
v -3.729528 4.975938 2.859848
v -3.920496 5.031968 2.622164
v -3.744669 5.027558 2.874792
v -3.351847 4.968240 3.300710
v -3.158426 5.016335 3.517791
v -3.143290 4.964714 3.502849
v -3.484564 4.955218 3.819275
v -3.692949 4.958751 3.616977
v -3.145338 4.960709 3.504678
v -3.314951 4.957965 3.661975
v -2.510473 5.007567 4.020215
v -2.495340 4.955952 4.005274
v -2.615084 4.947939 4.458544
v -2.819979 5.002555 4.307247
v -2.838869 4.950278 4.323862
v -3.056543 4.952882 4.174229
v -3.252909 5.008084 3.990472
v -3.271807 4.955794 4.007090
v -2.273603 5.005105 4.161023
v -2.258471 4.953494 4.146085
v -1.947634 5.002194 4.326517
v -1.932501 4.950584 4.311578
v -2.133184 4.943836 4.694992
v -2.361841 4.998063 4.564568
v -2.380724 4.945809 4.581175
v -2.884909 4.951802 4.014986
v -2.837023 4.946442 4.322081
v -1.477598 4.998337 4.544422
v -1.462465 4.946729 4.529484
v -0.925348 4.993934 4.792763
v -0.910215 4.942325 4.777824
v -1.878031 4.941944 4.804272
v -2.114306 4.996076 4.678389
v -2.436899 4.946785 4.302360
v -2.377893 4.941943 4.579857
v -2.613104 4.944091 4.456812
v -4.241575 4.974372 2.943011
v -4.222677 5.026658 2.926394
v -4.401014 4.978778 2.690978
v -4.382120 5.031057 2.674364
v -4.116049 4.986850 2.234796
v -4.410589 5.048351 1.683585
v -4.131186 5.038468 2.249738
v -3.549761 4.967995 3.087318
v -4.555922 4.983569 2.417164
v -4.537031 5.035836 2.400553
v -4.708822 4.988583 2.130690
v -4.689940 5.040837 2.114083
v -4.395453 4.996732 1.668643
v -4.730104 5.060189 1.005470
v -4.258654 4.978894 2.462933
v -3.907331 4.976340 2.609201
v -4.073591 4.973444 2.775161
v -3.656946 5.067166 3.585469
v -3.853003 5.070920 3.370426
v -3.096235 5.066460 3.846149
v -3.014116 5.061387 4.136762
v -2.880907 5.063543 4.013223
v -2.943567 5.013092 3.703590
v -2.743300 5.061799 3.885539
v -2.530024 5.063088 4.039319
v -2.432898 5.058525 4.300597
v -2.293318 5.060630 4.180064
v -4.035128 5.074849 3.145071
v -4.203779 5.078952 2.909776
v -3.366983 5.019864 3.315653
v -3.577990 5.075246 3.115377
v -3.382120 5.071488 3.330596
v -3.173563 5.067958 3.532734
v -3.562853 5.023620 3.100434
v -3.759802 5.079184 2.889734
v -3.467466 5.011332 3.804394
v -3.037649 5.005167 4.157613
v -3.234011 5.060381 3.973853
v -3.018751 5.057458 4.140995
v -2.288736 5.056720 4.175963
v -2.747694 5.065699 3.889684
v -2.663225 5.060931 4.162850
v -2.596193 5.000204 4.441934
v -2.801085 5.054838 4.290633
v -2.577303 5.052480 4.425321
v -1.492727 5.049949 4.559360
v -2.152735 5.055999 4.444660
v -1.968431 5.057729 4.345037
v -2.342955 5.050327 4.547960
v -1.859159 4.994169 4.787675
v -2.095423 5.048327 4.661785
v -0.940481 5.045542 4.807701
v -4.030527 5.078770 3.140873
v -3.715376 5.076990 3.242859
v -3.897345 5.080926 3.017359
v -3.935633 5.083592 2.637107
v -4.146318 5.090093 2.264680
v -4.363226 5.083344 2.657748
v -4.518137 5.088114 2.383940
v -4.069586 5.085183 2.773398
v -4.359453 5.087300 2.652197
v -4.199289 5.082881 2.905400
v -4.425722 5.099973 1.698526
v -4.745241 5.111810 1.020411
v -4.671049 5.093102 2.097473
v -3.547716 4.971997 3.085492
v -4.712790 4.998828 1.558653
v -4.710936 5.050546 1.557837
v -4.709082 5.102248 1.557022
v -3.582354 5.079143 3.119494
v -3.764174 5.083081 2.893859
v -2.958704 5.064715 3.718531
v -3.386484 5.075387 3.334711
v -4.475809 4.986224 2.042951
v -4.117476 4.982824 2.237777
v -3.889010 4.962503 3.401935
v -4.149904 5.093966 2.270246
v -4.471808 5.097965 2.041187
v -4.254652 5.090634 2.461169
v -1.392145 4.942303 4.791919
v -0.925844 4.993903 4.794496
v -1.390291 4.994035 4.791102
v -0.940954 5.045497 4.809262
v -1.388437 5.045750 4.790287
v -2.796423 5.058776 4.286378
v -3.486364 4.959039 3.821013
v -3.848410 5.074837 3.366233
v -3.519411 5.073235 3.457990
v -3.448565 5.063632 3.787774
v -4.708635 4.994524 1.567504
v -4.395712 4.992664 1.674032
v -4.705980 4.984685 2.131202
v -4.555986 4.979779 2.412223
v -4.665422 5.097018 2.095483
v -4.515821 5.092125 2.375776
v -4.427858 5.103797 1.707082
v -4.703917 5.106238 1.567203
v -2.156736 4.944260 4.446424
v -2.128202 4.939939 4.694643
v -2.715105 4.954552 3.857508
v -2.667227 4.949191 4.164613
v -2.525606 5.059183 4.035156
v -2.086767 5.052264 4.659334
v -1.793951 5.053077 4.610524
v -2.930491 4.957467 3.690486
v -2.497431 4.951939 4.007143
v -3.310946 5.069703 3.660211
v -3.177931 5.071858 3.536853
v -3.905363 4.980347 2.607222
v -3.939901 5.087488 2.641416
v -1.797953 4.941336 4.612287
v -1.879259 4.938077 4.801258
v -1.467688 4.942736 4.529928
v -1.401342 4.938235 4.787974
v -1.501108 5.053893 4.561711
v -1.399012 5.049989 4.785471
v -0.959276 5.049571 4.805375
v -1.838717 5.050409 4.765569
v -4.731768 5.060181 1.005978
v -4.716784 5.008576 0.991054
v -4.399885 4.974962 2.688172
v -4.746744 5.111789 1.020897
v -2.337038 5.054273 4.544285
v -3.694746 4.962567 3.618710
v -2.963079 5.068615 3.722660
v -2.572470 5.056423 4.421126
v -2.260695 4.949481 4.147906
v -1.962763 5.053805 4.341455
v -1.840281 5.046407 4.771075
v -3.229395 5.064303 3.969640
v -3.443964 5.067551 3.783573
v -3.652349 5.071083 3.581275
v -3.731581 4.971934 2.861681
v -1.935583 4.946576 4.312993
v -0.910730 4.942313 4.779719
v -0.911367 4.940966 4.778783
v -0.909407 4.942574 4.779613
v -0.913584 4.940791 4.779045
v -0.913591 4.939710 4.777801
v -0.910059 4.941066 4.778401
v -0.912111 4.940114 4.777644
v -0.920153 4.938701 4.774573
v -0.920450 4.938672 4.776324
v -0.923418 4.938395 4.774689
v -0.916498 4.939555 4.775128
v -0.916563 4.939112 4.776373
v -0.916998 4.939513 4.777853
v -0.913378 4.939729 4.776646
v -0.911097 4.940981 4.777479
v -0.913012 4.940826 4.776270
v -0.909132 4.942581 4.778587
v -4.715807 5.007188 0.991791
v -4.715998 5.006996 0.994044
v -4.716715 5.008820 0.989730
v -4.715479 5.007297 0.990455
v -4.714743 5.005895 0.994117
v -4.714678 5.005641 0.997611
v -4.714647 5.006314 0.992586
v -4.714972 5.008571 0.990528
v -4.714541 5.007190 0.991504
v -4.715735 5.008818 0.989445
v -4.713293 5.006997 0.993438
v -4.713614 5.005896 0.993889
v -4.713022 5.004714 1.001212
v -4.711302 5.004718 1.000890
v -4.711290 5.004354 1.004297
v -4.713217 5.005223 0.997188
v -4.712004 5.005647 0.997077
v -0.942839 5.047094 4.809111
v -0.945105 5.047030 4.809212
v -0.939642 5.045752 4.809278
v -0.941469 5.047120 4.808857
v -0.946230 5.048200 4.808612
v -0.950041 5.048344 4.808455
v -0.944384 5.047889 4.808418
v -0.942652 5.047120 4.807971
v -0.944712 5.047084 4.806777
v -0.946112 5.048222 4.807577
v -0.955019 5.049235 4.807108
v -0.954886 5.049266 4.805518
v -0.950216 5.048789 4.807309
v -0.949770 5.048390 4.806011
v -4.746550 5.113322 1.022871
v -4.746790 5.112026 1.019583
v -4.746584 5.113238 1.025183
v -4.745962 5.114369 1.026346
v -4.746340 5.113360 1.021470
v -4.745821 5.114081 1.024450
v -4.742620 5.115224 1.035166
v -4.744207 5.115220 1.035326
v -4.742353 5.115447 1.039639
v -4.743261 5.114453 1.029941
v -4.744547 5.114866 1.030413
v -4.745695 5.114444 1.030250
v -4.744936 5.114373 1.026212
v -4.745424 5.113330 1.022667
v -4.744185 5.113253 1.024760
v -3.485682 4.955495 3.820317
v -3.694063 4.959025 3.618017
v -3.486418 4.956316 3.821013
v -3.694799 4.959847 3.618712
v -3.486658 4.957560 3.821258
v -3.695036 4.961091 3.618955
v -3.271116 4.952247 4.006388
v -3.271856 4.953070 4.007087
v -3.272097 4.954315 4.007334
v -3.352755 4.964560 3.301486
v -3.548624 4.968317 3.086269
v -3.351969 4.965433 3.300771
v -3.547838 4.969189 3.085553
v -3.351648 4.966725 3.300498
v -3.730440 4.972256 2.860630
v -3.729651 4.973128 2.859912
v -3.547518 4.970482 3.085280
v -4.072245 4.966713 3.177617
v -3.890123 4.962779 3.402974
v -4.072977 4.967536 3.178311
v -3.890856 4.963601 3.403668
v -4.073217 4.968781 3.178555
v -3.891096 4.964846 3.403911
v -3.144201 4.961032 3.503627
v -2.929346 4.957789 3.689431
v -3.143412 4.961905 3.502910
v -2.928556 4.958661 3.688712
v -3.143091 4.963197 3.502637
v -2.928232 4.959956 3.688436
v -2.713953 4.954873 3.856449
v -2.496275 4.952262 4.006077
v -2.713160 4.955748 3.855725
v -2.495470 4.953137 4.005347
v -2.712835 4.957043 3.855447
v -2.495142 4.954432 4.005065
v -3.055845 4.949329 4.173518
v -3.056589 4.950154 4.174223
v -3.056837 4.951402 4.174473
v -2.838160 4.946719 4.323141
v -2.838911 4.947545 4.323851
v -2.839159 4.948795 4.324105
v -2.614294 4.944368 4.457854
v -2.615088 4.945197 4.458551
v -2.615366 4.946450 4.458793
v -2.379412 4.942223 4.580742
v -2.380480 4.943057 4.581304
v -2.380941 4.944315 4.581455
v -2.259489 4.949802 4.146858
v -1.934050 4.946895 4.312100
v -2.258642 4.950677 4.146144
v -1.932920 4.947770 4.311517
v -2.258284 4.951974 4.145872
v -1.932379 4.949064 4.311334
v -1.879225 4.938350 4.802795
v -1.397867 4.938523 4.789503
v -1.878981 4.939179 4.803908
v -1.394899 4.939399 4.790790
v -1.878561 4.940442 4.804426
v -1.392889 4.940724 4.791639
v -2.130545 4.940226 4.695159
v -2.132315 4.941069 4.695406
v -2.133242 4.942336 4.695348
v -1.465334 4.943049 4.529406
v -1.463514 4.943917 4.529139
v -1.462507 4.945210 4.529166
v -3.906225 4.976662 2.608093
v -3.905458 4.977538 2.607328
v -3.729330 4.974420 2.859637
v -4.116575 4.983153 2.236286
v -4.115988 4.984032 2.235196
v -3.905157 4.978830 2.607022
v -4.400747 4.975232 2.689624
v -4.240950 4.970821 2.942234
v -4.401266 4.976052 2.690668
v -4.241655 4.971646 2.942974
v -4.401361 4.977297 2.691143
v -4.241873 4.972893 2.943247
v -4.710272 4.994897 1.564137
v -4.711634 4.995848 1.561273
v -4.712519 4.997228 1.559347
v -4.707499 4.984977 2.131387
v -4.708574 4.985821 2.131355
v -4.709040 4.987086 2.131110
v -4.395258 4.993008 1.671619
v -4.395048 4.993903 1.669748
v -4.115801 4.985331 2.234673
v -4.395117 4.995211 1.668703
v -4.556395 4.980035 2.414494
v -4.556520 4.980844 2.416231
v -4.556356 4.982085 2.417168
v -3.656168 5.068648 3.584773
v -3.447786 5.065116 3.787077
v -3.655020 5.069915 3.583732
v -3.446642 5.066381 3.786034
v -3.653681 5.070769 3.582504
v -3.445295 5.067237 3.784804
v -3.233229 5.061868 3.973156
v -3.232080 5.063133 3.972110
v -3.230730 5.063990 3.970875
v -3.578676 5.076753 3.116041
v -3.382807 5.072997 3.331260
v -3.579748 5.078022 3.117057
v -3.383879 5.074267 3.332275
v -3.581038 5.078863 3.118270
v -3.385168 5.075106 3.333487
v -3.760489 5.080693 2.890398
v -3.761564 5.081962 2.891416
v -3.762857 5.082802 2.892631
v -3.852224 5.072402 3.369730
v -4.034349 5.076334 3.144374
v -3.851080 5.073668 3.368689
v -4.033201 5.077601 3.143332
v -3.849741 5.074523 3.367461
v -4.031858 5.078457 3.142102
v -2.959391 5.066224 3.719197
v -3.174250 5.069466 3.533398
v -2.960466 5.067494 3.720214
v -3.175322 5.070737 3.534414
v -2.961760 5.068335 3.721431
v -3.176615 5.071576 3.535627
v -2.526300 5.060693 4.035823
v -2.743990 5.063307 3.886206
v -2.527380 5.061967 4.036849
v -2.745070 5.064579 3.887228
v -2.528688 5.062808 4.038076
v -2.746370 5.065419 3.888449
v -3.017969 5.058944 4.140295
v -3.016813 5.060214 4.139245
v -3.015459 5.061071 4.138004
v -2.800299 5.056329 4.289931
v -2.799135 5.057601 4.288876
v -2.797773 5.058459 4.287627
v -2.576506 5.053971 4.424623
v -2.575304 5.055247 4.423580
v -2.573889 5.056107 4.422352
v -2.342073 5.051824 4.547299
v -2.340639 5.053099 4.546369
v -2.338869 5.053960 4.545311
v -1.963553 5.055319 4.342079
v -2.289442 5.058232 4.176626
v -1.964907 5.056597 4.342979
v -2.290560 5.059506 4.177638
v -1.966620 5.057443 4.344018
v -2.291922 5.060347 4.178846
v -1.389196 5.047345 4.789900
v -1.839727 5.047915 4.770273
v -1.391474 5.048713 4.788849
v -1.839235 5.049205 4.768945
v -1.394918 5.049641 4.787294
v -1.838881 5.050081 4.767293
v -2.094332 5.049826 4.661217
v -2.092302 5.051102 4.660551
v -2.089647 5.051958 4.659890
v -1.493723 5.051463 4.559891
v -1.495665 5.052747 4.560524
v -1.498259 5.053599 4.561163
v -3.936316 5.085100 2.637786
v -3.937365 5.086369 2.638843
v -3.938623 5.087208 2.640118
v -4.146948 5.091599 2.265455
v -4.147852 5.092864 2.266785
v -4.148890 5.093696 2.268468
v -4.203009 5.080439 2.909066
v -4.362509 5.084834 2.656947
v -4.201883 5.081708 2.907984
v -4.361540 5.086111 2.655611
v -4.200579 5.082566 2.906697
v -4.360468 5.086976 2.653943
v -4.708643 5.103829 1.557775
v -4.707506 5.105143 1.559975
v -4.705847 5.105990 1.563286
v -4.670191 5.094596 2.096942
v -4.668818 5.095864 2.096377
v -4.667147 5.096715 2.095865
v -4.426241 5.101476 1.699529
v -4.426828 5.102731 1.701507
v -4.427397 5.103547 1.704159
v -4.517530 5.089612 2.382941
v -4.516878 5.090899 2.381037
v -4.516275 5.091783 2.378522
v -4.731691 5.060204 1.004595
v -0.924452 4.993905 4.794374
v -2.857080 5.086026 4.761860
v -4.674974 5.034158 4.772167
v -4.674974 5.077656 4.772995
v -0.986963 4.612332 5.233679
v -2.714190 2.640864 5.201513
v -0.502871 4.849723 5.236964
v -4.682543 0.924470 5.170068
v -4.682756 2.757843 5.162691
v -4.682547 2.757117 5.204717
v -4.682756 0.925172 5.129501
v -4.682966 2.758571 5.120663
v -4.678728 4.591342 5.148114
v -3.453745 3.371067 5.121013
v -2.841257 4.591498 5.139158
v -5.179335 4.676202 1.073218
v -5.173937 2.678870 2.762171
v -5.171404 2.796700 2.889452
v -1.039366 5.094397 4.750725
v -2.851332 5.038441 4.760958
v -5.123587 4.636254 2.925725
v -5.088015 4.671307 1.086446
v -5.080092 4.636258 2.925538
v -2.842138 2.761807 5.107484
v -1.005564 4.591653 5.130208
v -4.699709 5.152046 1.094234
v -2.731234 5.128943 2.800424
v -4.939798 5.162692 0.605304
v -5.159159 0.930939 4.701421
v -5.115652 2.763902 4.735115
v -5.115664 0.930941 4.701233
v -4.682871 5.021333 2.938705
v -2.855967 5.021512 2.928324
v -4.690737 5.056149 1.112175
v -5.072149 4.596866 4.768810
v -5.072157 2.763905 4.734928
v -0.522673 5.095196 4.995546
v -2.599512 5.132563 2.675989
v -5.165953 0.435278 4.929620
v -5.176474 2.561046 2.634891
v -5.168440 -0.046669 5.153488
v -5.181921 4.922463 0.594723
v -1.038065 5.094512 4.747656
v -2.859232 5.073413 2.926277
v -1.026484 5.042784 4.746686
v -4.679255 5.077716 4.768761
v -4.687140 5.069119 2.937511
v -4.687140 5.112609 2.938341
v -4.921946 4.833314 5.249016
v -5.160337 2.510647 5.206132
v -4.923723 2.632661 5.207540
v -2.591356 2.520176 5.199144
v -0.018805 5.087102 5.240248
v -4.683786 5.081807 4.777643
v -2.721487 5.086242 5.004630
v -2.855070 5.090208 4.766443
v -2.864985 5.121013 2.927179
v -4.692019 5.104040 1.105833
v -2.598711 5.129124 2.675270
v -5.173037 2.560420 2.634132
v -5.181055 5.169954 0.113743
v -5.162382 4.836898 5.011804
v -5.164911 2.510720 5.201610
v -5.161383 5.068192 5.249709
v -2.712408 4.841517 5.242990
v -2.837030 4.605405 5.238742
v -4.930048 5.119988 2.809509
v -4.691736 5.116926 2.935982
v -2.587912 5.082274 5.242802
v -0.018881 5.091784 5.235786
v -2.587790 5.077628 5.247237
v -5.167082 4.636252 2.925912
v -5.115664 4.601205 4.764816
v -5.159159 4.601203 4.765003
v -5.167089 2.799031 2.891951
v -5.115675 0.929746 4.698193
v -5.123594 2.799035 2.891763
v -4.925505 0.432009 5.166063
v -5.163836 -0.046773 5.158035
v -5.175013 4.668320 1.085522
v -5.131517 4.668322 1.085334
v -5.175005 4.671302 1.086821
v -4.920301 5.077287 5.013715
v -5.168375 5.123052 2.683029
v -5.156824 5.072765 5.249796
v -5.163466 0.917226 4.705751
v -5.164167 2.636088 4.970711
v -5.163424 2.761460 4.739815
v -4.687079 4.598500 5.243808
v -5.179899 5.173339 0.116350
v -1.027788 5.042723 4.749751
v -2.845583 4.990857 4.760057
v -4.682756 4.590514 5.195881
v -4.682547 4.589761 5.239366
v -2.839426 2.763704 5.199672
v -0.998831 4.598800 5.181880
v -2.839277 2.761365 5.155672
v -2.590693 2.519595 5.195654
v -0.016375 5.088296 5.236786
v -4.679533 0.923223 5.170036
v -4.679739 0.923922 5.129467
v -2.839426 4.600621 5.234405
v -4.678495 4.594783 5.195942
v -2.839281 4.598297 5.188939
v -5.172945 5.118472 2.682934
v -5.172152 4.879680 2.803263
v -5.159140 4.596860 4.769183
v -5.159151 2.763899 4.735303
v -5.184504 5.168725 0.116233
v -5.165018 -0.049114 5.154520
v -3.454145 3.403046 3.501686
v -5.156813 5.068128 5.254225
v -4.682970 4.591267 5.152395
v -2.839132 2.759026 5.111675
v -4.679949 0.924621 5.088897
v -0.998323 4.593382 5.134441
v -4.679255 4.990741 4.767102
v -4.687140 5.025632 2.936682
v -2.853479 5.025815 2.925376
v -1.014902 4.991059 4.745717
v -4.692015 5.060548 1.104998
v -5.080099 2.799036 2.891576
v -5.072165 4.601209 4.764629
v -5.088018 4.668326 1.085147
v -1.026545 5.098608 4.755265
v -2.862967 5.125325 2.924866
v -4.695025 5.147498 1.107919
v -4.695025 5.104010 1.107090
v -4.695025 5.060523 1.106262
v -4.674974 4.990661 4.771336
v -5.163382 4.605609 4.773896
v -5.067907 4.596948 4.764531
v -5.073191 3.399733 3.517328
v -5.067915 2.766110 4.730690
v -5.075827 2.801988 2.894632
v -5.067926 0.937028 4.696878
v -4.687113 2.754676 5.208950
v -4.687174 0.910794 5.174091
v -4.678728 2.760768 5.116421
v -4.678728 0.931947 5.084759
v -4.678709 4.595528 5.152448
v -2.839136 4.595975 5.143474
v -2.847216 4.986678 4.755730
v -1.021189 4.986874 4.744476
v -4.674994 4.986480 4.766996
v -3.461725 5.009845 3.540624
v -5.171358 4.640891 2.923592
v -5.075823 4.631958 2.927578
v -5.083727 4.666933 1.092399
v -5.072168 0.930945 4.701046
v -2.837023 2.761558 5.203884
v -1.000570 4.607226 5.229393
v -1.000067 4.601812 5.181939
v -0.999556 4.596396 5.134485
v -4.676607 5.077658 4.772680
v -4.676928 5.079270 4.773381
v -4.677996 5.077670 4.771765
v -4.677950 5.079217 4.773067
v -4.679285 5.080628 4.774400
v -4.679281 5.080088 4.773095
v -4.679594 5.079309 4.770714
v -4.678923 5.077690 4.770389
v -4.680574 5.080647 4.773088
v -4.679270 5.079236 4.771747
v -4.681696 5.081520 4.775897
v -4.680647 5.081075 4.774476
v -5.159159 0.929542 4.701164
v -5.160791 0.927945 4.701719
v -5.161924 0.925227 4.702159
v -5.162214 0.924289 4.702629
v -5.159170 0.929744 4.698381
v -5.160795 0.926902 4.700773
v -5.159166 0.928895 4.699520
v -5.162642 0.922871 4.703249
v -1.036558 5.096031 4.751081
v -1.037981 5.094657 4.750488
v -1.032434 5.097413 4.752557
v -1.034723 5.096930 4.751280
v -1.037279 5.094718 4.748827
v -1.035669 5.096122 4.750396
v -1.033857 5.097306 4.751738
v -4.694799 5.147529 1.106518
v -4.695189 5.149140 1.104498
v -4.695585 5.150050 1.102884
v -4.696054 5.150499 1.101977
v -4.692022 5.147534 1.106667
v -4.693178 5.147548 1.105840
v -0.999170 4.606996 5.229336
v -0.997576 4.607772 5.231012
v -0.998503 4.605368 5.229295
v -0.996515 4.606876 5.230983
v -0.994875 4.608401 5.232126
v -0.993940 4.608922 5.232420
v -0.999334 4.604216 5.229318
v -0.992540 4.609629 5.232850
v -5.160769 4.598796 4.769573
v -5.159143 4.598496 4.768890
v -5.162146 4.601137 4.770602
v -5.160711 4.599828 4.769271
v -5.159143 4.599896 4.767992
v -5.161589 4.601163 4.769305
v -5.163065 4.603529 4.772123
v -5.162153 4.602459 4.769305
v -5.162600 4.602507 4.770691
v -5.159151 4.600846 4.766628
v -5.160780 4.601512 4.766937
v -5.160719 4.601173 4.767967
v -5.176649 4.671712 1.083868
v -5.175013 4.671100 1.085416
v -5.177481 4.671946 1.081769
v -5.176653 4.670842 1.082733
v -5.175016 4.669486 1.084713
v -5.177904 4.672429 1.080849
v -5.178511 4.673461 1.078805
v -4.680204 4.594350 5.241077
v -4.679915 4.593707 5.239434
v -4.678286 4.594037 5.239434
v -4.682547 4.595307 5.242484
v -4.681238 4.594028 5.241018
v -4.681295 4.592778 5.239421
v -4.682570 4.594019 5.241898
v -4.682566 4.592699 5.240997
v -4.685335 4.596393 5.243437
v -4.683863 4.593993 5.242463
v -4.683928 4.595363 5.242943
v -4.682219 4.591393 5.239396
v -4.682882 4.591664 5.241034
v -4.682688 0.921025 5.171577
v -4.682314 0.923069 5.170042
v -4.683855 0.917850 5.172995
v -4.683394 0.918798 5.172798
v -4.680685 0.922395 5.170027
v -4.684546 0.916385 5.173389
v -5.179388 5.173112 0.115254
v -5.181665 5.172994 0.116339
v -5.179426 5.172389 0.114376
v -5.181444 5.172637 0.114385
v -5.183161 5.171996 0.116314
v -5.181414 5.172056 0.113107
v -5.183004 5.171880 0.113942
v -5.181803 5.170699 0.113175
v -5.180014 5.171281 0.113844
v -5.182386 5.168900 0.113817
v -5.183161 5.170303 0.113081
v -5.184156 5.170497 0.116276
v -5.184252 5.168234 0.115163
v -5.183764 5.170312 0.114340
v -5.183508 5.168296 0.114315
v -0.017756 5.086591 5.239972
v -0.018824 5.088864 5.239937
v -0.016924 5.086636 5.239218
v -0.016905 5.088649 5.239524
v -0.018843 5.090373 5.238979
v -0.015657 5.088622 5.238909
v -0.016485 5.090215 5.238799
v -0.015760 5.089032 5.237561
v -0.016439 5.087236 5.238099
v -0.016436 5.089642 5.235793
v -0.015665 5.090396 5.237211
v -0.018866 5.091397 5.237520
v -0.017794 5.091531 5.235252
v -0.016924 5.091003 5.237273
v -0.016935 5.090779 5.235254
v -5.158567 5.072418 5.249794
v -5.156824 5.072392 5.251518
v -5.160048 5.071426 5.249776
v -5.158503 5.071883 5.251451
v -5.156820 5.071378 5.252965
v -5.159437 5.070781 5.252363
v -5.158457 5.071185 5.252773
v -5.161032 5.068166 5.251443
v -5.161036 5.069943 5.249748
v -5.160040 5.068144 5.252909
v -5.160524 5.069853 5.251415
v -5.159849 5.071205 5.251397
v -5.156817 5.069881 5.253915
v -5.158556 5.068130 5.253886
v -5.158495 5.069823 5.253418
v -5.159845 5.069789 5.252750
v -5.168200 -0.047712 5.152942
v -5.168100 -0.046704 5.155235
v -5.167467 -0.048544 5.152946
v -5.167711 -0.048607 5.154964
v -5.167105 -0.046735 5.156712
v -5.167109 -0.049842 5.154894
v -5.166536 -0.049803 5.156065
v -5.165754 -0.049739 5.155269
v -5.166349 -0.049037 5.153500
v -5.163969 -0.049064 5.155851
v -5.165358 -0.049866 5.156623
v -5.165606 -0.046761 5.157697
v -5.163324 -0.047796 5.157754
v -5.165388 -0.048649 5.157257
v -5.163374 -0.048601 5.156986
v -1.016214 4.991053 4.748779
v -1.015585 4.989595 4.748067
v -1.017351 4.989430 4.748433
v -1.014830 4.991288 4.748542
v -1.014467 4.989693 4.747538
v -1.016455 4.988271 4.747366
v -1.018698 4.988067 4.747494
v -1.015451 4.988694 4.747030
v -1.014856 4.989611 4.746382
v -1.014116 4.991294 4.746885
v -1.015814 4.989467 4.744884
v -1.015867 4.988288 4.746026
v -1.020044 4.987169 4.746104
v -1.019217 4.987201 4.744210
v -1.017702 4.987636 4.745996
v -1.017328 4.988109 4.744355
v -4.674978 4.989035 4.770982
v -4.676607 4.990666 4.771023
v -4.674982 4.987671 4.770032
v -4.676653 4.989001 4.770601
v -4.677996 4.990683 4.770107
v -4.676626 4.986804 4.767012
v -4.674990 4.986773 4.768632
v -4.678007 4.987729 4.767038
v -4.676661 4.987164 4.768689
v -4.678926 4.990710 4.768731
v -4.678934 4.989110 4.767070
v -4.678534 4.989038 4.768738
v -4.694346 5.058957 1.105914
v -4.694799 5.060550 1.104859
v -4.694693 5.058866 1.107608
v -4.693666 5.057675 1.107026
v -4.693842 5.059018 1.104834
v -4.693350 5.058078 1.105987
v -4.690569 5.056514 1.110052
v -4.692373 5.056498 1.110809
v -4.690756 5.057478 1.107943
v -4.692320 5.057017 1.108417
v -4.693762 5.057454 1.109205
v -4.692381 5.057687 1.106485
v -4.692717 5.058969 1.105230
v -4.691263 5.058894 1.106168
v -4.693171 5.060563 1.104176
v -5.072149 4.598502 4.768515
v -5.070520 4.596874 4.768480
v -5.072153 4.599903 4.767617
v -5.070478 4.598552 4.768118
v -5.069140 4.596890 4.767549
v -5.070566 4.599689 4.767391
v -5.069361 4.598481 4.767363
v -5.070536 4.600882 4.764615
v -5.072161 4.600852 4.766254
v -5.069155 4.599959 4.764592
v -5.070490 4.600461 4.766279
v -5.069365 4.599713 4.766176
v -5.068224 4.596916 4.766163
v -5.068232 4.598579 4.764563
v -5.068613 4.598588 4.766237
v -5.070585 0.929293 4.699934
v -5.072168 0.929087 4.700972
v -5.070540 0.931871 4.700540
v -5.069376 0.931361 4.699613
v -5.072168 0.928205 4.700369
v -5.069716 0.930418 4.699487
v -5.068247 0.934706 4.697122
v -5.068243 0.935163 4.698284
v -5.069170 0.932506 4.697422
v -5.068632 0.932719 4.698578
v -5.069159 0.933353 4.699571
v -5.072180 0.929749 4.698005
v -5.070551 0.930766 4.697733
v -5.072176 0.928439 4.699327
v -5.086443 4.670634 1.086118
v -5.086378 4.670958 1.087822
v -5.088022 4.671105 1.085042
v -5.086489 4.670148 1.085030
v -5.085180 4.669940 1.087245
v -5.084990 4.670003 1.089435
v -5.085566 4.669639 1.086195
v -5.086447 4.669019 1.085414
v -5.088022 4.669493 1.084339
v -5.086386 4.667552 1.086338
v -5.085180 4.668664 1.086689
v -5.084059 4.668589 1.091042
v -5.084063 4.666798 1.090262
v -5.084539 4.668572 1.088636
v -5.084993 4.667017 1.088134
v -0.999235 4.595538 5.132892
v -0.998156 4.596164 5.134435
v -1.000937 4.595887 5.132867
v -1.000368 4.594725 5.131648
v -0.998152 4.595036 5.132911
v -0.997488 4.594533 5.134411
v -0.999315 4.594453 5.132013
v -1.003397 4.591550 5.130519
v -1.004187 4.593320 5.130552
v -1.001261 4.591843 5.131432
v -1.001764 4.593327 5.131009
v -1.002565 4.594807 5.131485
v -0.999811 4.593459 5.131625
v -0.998545 4.593921 5.132865
v -0.999479 4.592487 5.132809
v -4.680338 4.595204 5.152450
v -4.678717 4.595233 5.150811
v -4.681723 4.594279 5.152441
v -4.680388 4.594840 5.150771
v -4.678724 4.594333 5.149413
v -4.681513 4.594091 5.150850
v -4.680307 4.594113 5.149635
v -4.682653 4.591296 5.150763
v -4.682646 4.592898 5.152422
v -4.681734 4.591321 5.149376
v -4.682261 4.592967 5.150749
v -4.681520 4.592903 5.149619
v -4.678728 4.592967 5.148467
v -4.680357 4.591336 5.148446
v -4.680399 4.593000 5.148867
v -4.682966 0.925875 5.088935
v -4.682295 0.925585 5.087353
v -4.682650 0.927278 5.087326
v -4.682081 0.923743 5.088894
v -4.681784 0.924506 5.087373
v -4.681627 0.926741 5.086109
v -4.681734 0.928925 5.085968
v -4.681303 0.925691 5.086472
v -4.680658 0.924906 5.087333
v -4.679209 0.925852 5.087284
v -4.680338 0.926205 5.086094
v -4.680357 0.930563 5.085067
v -4.678549 0.929815 5.085045
v -4.680288 0.928160 5.085495
v -4.678721 0.927674 5.085932
v -2.587122 5.081898 5.244525
v -2.586824 5.080882 5.245973
v -2.587057 5.079383 5.246927
v -5.164568 2.509967 5.203333
v -5.162092 2.509926 5.205778
v -5.163576 2.509687 5.204796
v -2.590204 2.519090 5.196975
v -2.590567 2.519403 5.198864
v -5.172602 5.120244 2.682226
v -5.171610 5.121735 2.681994
v -5.170130 5.122722 2.682277
v -2.598238 5.130463 2.674809
v -2.598673 5.132323 2.675199
v -5.174368 2.559944 2.633650
v -5.176226 2.560283 2.634062
v -2.857088 5.087649 4.762233
v -2.856707 5.089015 4.763236
v -2.855997 5.089913 4.764714
v -1.029284 5.098300 4.754331
v -4.697924 5.151648 1.097556
v -4.689978 5.116580 2.936910
v -4.688486 5.115638 2.937684
v -4.687490 5.114241 2.938185
v -2.863897 5.124975 2.925776
v -2.864607 5.124033 2.926535
v -2.864988 5.122641 2.927027
v -4.697050 5.151128 1.099896
v -5.160780 2.763713 4.735652
v -5.162169 2.763184 4.736631
v -5.163096 2.762393 4.738094
v -5.163122 0.920129 4.704760
v -5.168715 4.636605 2.925741
v -5.170099 4.637612 2.925240
v -5.171030 4.639116 2.924486
v -5.178991 4.674362 1.076505
v -5.171061 2.797591 2.890415
v -5.170118 2.798348 2.891227
v -5.168726 2.798854 2.891767
v -0.990210 4.610534 5.233331
v -2.837950 4.603641 5.238387
v -2.838732 4.602113 5.237438
v -2.839251 4.601051 5.236039
v -4.685358 2.755587 5.208635
v -4.683874 2.756371 5.207721
v -4.682886 2.756907 5.206345
v -4.686152 0.913617 5.173815
v -2.837946 2.762449 5.203577
v -2.838728 2.763169 5.202669
v -2.839247 2.763611 5.201298
v -2.846430 4.986973 4.757362
v -2.845846 4.987870 4.758756
v -2.845549 4.989234 4.759703
v -4.686815 5.023998 2.936811
v -4.685888 5.022608 2.937241
v -4.684504 5.021670 2.937906
v -2.853514 5.024186 2.925577
v -2.853994 5.022796 2.926207
v -2.854857 5.021858 2.927172
v -5.068232 2.765267 4.732305
v -5.069151 2.764552 4.733680
v -5.070528 2.764073 4.734600
v -5.076151 4.633603 2.926790
v -5.077074 4.634999 2.926126
v -5.078459 4.635930 2.925686
v -5.078470 2.799261 2.891803
v -5.077086 2.799902 2.892463
v -5.076155 2.800859 2.893457
v -2.839293 4.595569 5.141842
v -2.839750 4.594575 5.140446
v -2.840441 4.593144 5.139505
v -4.682653 2.758761 5.119035
v -4.681734 2.759245 5.117656
v -4.680357 2.759950 5.116739
v -2.839357 2.759169 5.110050
v -2.840006 2.759748 5.108683
v -2.840982 2.760674 5.107782
v -4.676607 5.034160 4.771852
v -4.677996 5.034175 4.770937
v -4.678923 5.034199 4.769561
v -4.679255 5.034229 4.767933
v -4.693174 5.104054 1.105008
v -4.694799 5.104037 1.105689
v -5.115664 0.929543 4.700977
v -5.115671 0.928898 4.699331
v -5.131517 4.671102 1.085228
v -5.131510 4.671305 1.086633
v -5.131517 4.669490 1.084526
v -4.682432 4.592145 5.195909
v -4.681509 4.593530 5.195930
v -4.680128 4.594455 5.195942
v -0.997995 4.599955 5.181897
v -0.998663 4.601586 5.181930
v -1.026350 5.042731 4.749510
v -1.025599 5.042746 4.748842
v -5.115656 4.600851 4.766441
v -5.115644 4.598501 4.768703
v -5.115644 4.596866 4.768996
v -5.115648 4.599900 4.767804
v -4.680895 0.923096 5.129455
v -4.682524 0.923772 5.129473
v -4.677443 4.988232 4.769504
v -2.769503 4.176036 5.083854
v -2.856356 3.839709 5.079427
v -3.009298 4.013503 5.084822
v -3.240927 3.839105 5.089307
v -3.443213 3.628492 5.140869
v -3.223085 3.818861 5.140690
v -3.086565 3.663695 5.080013
v -3.154066 3.299891 5.074807
v -3.306780 3.473423 5.080195
v -3.551104 2.884613 5.077867
v -3.736544 2.688259 5.129286
v -3.723722 2.673661 5.076947
v -3.705935 3.060548 5.079355
v -4.031580 3.023490 5.083833
v -3.858854 3.234316 5.084749
v -3.010855 4.015275 5.088730
v -2.993017 3.995034 5.140109
v -2.701517 3.663762 5.077936
v -2.457171 3.847537 5.129154
v -2.714338 3.678362 5.130279
v -3.152163 3.297732 5.078711
v -3.372538 3.109134 5.130816
v -3.359720 3.094535 5.078474
v -3.667208 3.443942 5.085348
v -3.459497 3.646964 5.085583
v -3.361628 3.096697 5.074569
v -3.514414 3.270316 5.079959
v -3.891832 2.474565 5.128045
v -3.879015 2.459967 5.075710
v -4.328997 2.591444 5.084941
v -4.170641 2.791383 5.137881
v -4.188475 2.811617 5.086516
v -4.033167 3.025295 5.087746
v -3.842588 3.215863 5.140037
v -3.860430 3.236106 5.088658
v -4.038820 2.241474 5.126337
v -4.026003 2.226876 5.074004
v -4.212828 1.919967 5.123513
v -4.200010 1.905370 5.071183
v -4.578032 2.115930 5.080691
v -4.439917 2.340165 5.134341
v -4.457747 2.360391 5.082997
v -3.878614 2.849668 5.078436
v -4.186873 2.809792 5.082591
v -4.443018 1.455829 5.119084
v -4.430201 1.441233 5.066756
v -4.705793 0.910310 5.113745
v -4.692980 0.895715 5.061420
v -4.693979 1.863745 5.078185
v -4.560209 2.095711 5.132021
v -4.177671 2.409355 5.075549
v -4.456633 2.357594 5.079042
v -4.327444 2.589486 5.081005
v -2.771200 4.177723 5.087768
v -2.753363 4.157485 5.139142
v -2.515059 4.330530 5.086384
v -2.497221 4.310296 5.137751
v -2.066504 4.033833 5.074338
v -1.506006 4.312976 5.122228
v -2.079325 4.048432 5.126677
v -2.933771 3.490069 5.074621
v -2.237261 4.478235 5.084574
v -2.219427 4.458005 5.135930
v -1.946856 4.623614 5.082529
v -1.929029 4.603388 5.133874
v -1.493189 4.298375 5.069888
v -0.819712 4.614697 5.116643
v -2.290953 4.182373 5.076447
v -2.446409 3.835029 5.072909
v -2.607946 4.005522 5.078380
v -3.425371 3.608252 5.192258
v -3.205244 3.798618 5.192076
v -3.700575 3.054528 5.190891
v -3.993258 2.980008 5.194205
v -3.873259 2.843647 5.189971
v -3.563925 2.899213 5.130207
v -3.749361 2.702861 5.181626
v -3.908564 2.493615 5.184499
v -4.172312 2.403333 5.187083
v -4.055483 2.260688 5.182791
v -2.975176 3.974793 5.191495
v -2.735521 4.137246 5.190521
v -3.164984 3.312331 5.131056
v -2.957506 3.517108 5.183213
v -3.177805 3.326932 5.183399
v -3.385359 3.123734 5.183160
v -2.944689 3.502507 5.130869
v -2.727160 3.692964 5.182624
v -3.650930 3.425478 5.140637
v -4.015329 3.005057 5.139119
v -3.824747 3.195625 5.191419
v -3.997492 2.984820 5.190499
v -4.051638 2.256070 5.178671
v -3.753256 2.707289 5.185737
v -4.028555 2.629964 5.188730
v -4.311163 2.571215 5.136297
v -4.152803 2.771149 5.189251
v -4.293329 2.550981 5.187659
v -4.455835 1.470425 5.171410
v -4.323690 2.127055 5.184694
v -4.228945 1.940249 5.179978
v -4.422087 2.319939 5.185691
v -4.676165 1.843531 5.129500
v -4.542383 2.075487 5.183357
v -4.718611 0.924907 5.166074
v -2.970972 3.970021 5.195194
v -3.081205 3.657674 5.191548
v -2.850996 3.833689 5.190963
v -2.469992 3.862139 5.181494
v -2.092146 4.063034 5.179019
v -2.479383 4.290059 5.189123
v -2.201593 4.437774 5.187294
v -2.602587 3.999501 5.189914
v -2.473806 4.286078 5.192826
v -2.731138 4.132577 5.194226
v -1.518827 4.327575 5.174566
v -0.832529 4.629297 5.168982
v -1.911200 4.583159 5.185225
v -2.931868 3.487908 5.078524
v -1.374887 4.612693 5.073619
v -1.372408 4.609904 5.125241
v -1.369928 4.607121 5.176848
v -2.961378 3.521506 5.187320
v -2.731035 3.697372 5.186732
v -3.576746 2.913812 5.182550
v -3.181673 3.331330 5.187506
v -1.865397 4.388500 5.073312
v -2.069578 4.035409 5.070441
v -3.239374 3.837334 5.085404
v -2.097483 4.066693 5.183140
v -1.860037 4.382480 5.184847
v -2.285593 4.176352 5.187981
v -4.694395 1.377767 5.069966
v -4.707514 0.910852 5.113783
v -4.691916 1.374980 5.121604
v -4.720160 0.925423 5.166088
v -4.689432 1.372195 5.173222
v -4.148542 2.766311 5.192963
v -3.668772 3.445720 5.089253
v -3.201044 3.793850 5.195774
v -3.301420 3.467401 5.191731
v -3.633089 3.405235 5.192023
v -1.383982 4.608846 5.069544
v -1.498701 4.298844 5.066008
v -1.947573 4.620854 5.078603
v -2.232447 4.478244 5.080622
v -1.909227 4.577414 5.188976
v -2.193365 4.435178 5.190989
v -1.527193 4.329861 5.178713
v -1.380102 4.602146 5.181090
v -4.329050 2.133077 5.073159
v -4.577940 2.111008 5.076700
v -3.725653 2.675849 5.073039
v -4.033915 2.635985 5.077195
v -3.904650 2.489163 5.180382
v -4.540030 2.066704 5.187064
v -4.498934 1.772758 5.181319
v -3.553022 2.886785 5.073962
v -3.880960 2.462176 5.071800
v -3.509054 3.264294 5.191493
v -3.389231 3.128136 5.187268
v -2.444349 3.832936 5.076812
v -2.474054 3.866448 5.185604
v -4.504293 1.778779 5.069783
v -4.691065 1.864963 5.074240
v -4.430639 1.446534 5.062868
v -4.690348 1.386935 5.065924
v -4.457830 1.478790 5.175574
v -4.684206 1.382562 5.177476
v -4.715662 0.943562 5.170337
v -4.652750 1.821534 5.184613
v -0.820173 4.616372 5.116680
v -0.807367 4.601921 5.064357
v -2.512407 4.329396 5.082457
v -0.832975 4.630814 5.169003
v -4.418440 2.313863 5.189411
v -3.461058 3.648735 5.089484
v -3.580626 2.918225 5.186660
v -4.289133 2.545975 5.191378
v -4.027895 2.229217 5.070093
v -4.225645 1.934563 5.175843
v -4.658342 1.823313 5.180823
v -3.820528 3.190833 5.195122
v -3.628881 3.400459 5.195720
v -3.421171 3.603481 5.195956
v -2.703428 3.665931 5.074034
v -4.201475 1.908559 5.067277
v -4.694860 0.896275 5.061478
v -4.693953 0.896911 5.060113
v -4.694391 0.894375 5.061785
v -4.694159 0.899136 5.059984
v -4.692953 0.899132 5.058862
v -4.693602 0.895592 5.060178
v -4.692823 0.897641 5.059236
v -4.689589 0.905627 5.057854
v -4.691332 0.905968 5.057891
v -4.689631 0.908896 5.057608
v -4.690210 0.901972 5.058666
v -4.691465 0.902074 5.058265
v -4.692923 0.902540 5.058725
v -4.691805 0.898889 5.058838
v -4.692656 0.896605 5.060080
v -4.691401 0.898493 5.059917
v -0.808176 4.600991 5.062980
v -0.810431 4.601241 5.062867
v -0.805483 4.601432 5.064616
v -0.806849 4.600626 5.063039
v -0.810572 4.600010 5.061746
v -0.814074 4.600037 5.061609
v -0.809031 4.599866 5.062114
v -0.806891 4.600098 5.064304
v -0.807924 4.599717 5.062949
v -0.809896 4.598522 5.062802
v -0.810373 4.598873 5.061722
v -0.817743 4.598494 5.060775
v -0.817469 4.596763 5.060739
v -0.820887 4.596847 5.060492
v -0.813704 4.598574 5.061153
v -0.813608 4.597352 5.061551
v -4.719908 0.927275 5.167712
v -4.719950 0.929541 5.167690
v -4.719923 0.923546 5.166402
v -4.719687 0.925898 5.167705
v -4.719282 0.930630 5.168856
v -4.719019 0.934433 5.169059
v -4.719149 0.928783 5.168507
v -4.718771 0.927054 5.167695
v -4.717527 0.929085 5.167654
v -4.718252 0.930484 5.168842
v -4.717516 0.939359 5.169988
v -4.715929 0.939181 5.169963
v -4.717855 0.934572 5.169470
v -4.716585 0.934097 5.169019
v -0.834906 4.630643 5.170601
v -0.831411 4.630002 5.169187
v -0.837217 4.630740 5.170595
v -0.838358 4.630128 5.171752
v -0.833509 4.630395 5.170587
v -0.836477 4.629942 5.171399
v -0.847227 4.626998 5.172846
v -0.847349 4.628590 5.172875
v -0.851698 4.626844 5.173216
v -0.842016 4.627519 5.171911
v -0.842440 4.628809 5.172361
v -0.842264 4.629957 5.171954
v -0.838247 4.629096 5.171735
v -0.834726 4.629514 5.170582
v -0.836855 4.628327 5.170555
v -3.668211 3.445081 5.085677
v -3.460501 3.648101 5.085910
v -3.668860 3.445819 5.086535
v -3.461145 3.648836 5.086766
v -3.669058 3.446044 5.087791
v -3.461344 3.649060 5.088022
v -3.859861 3.235460 5.085078
v -3.860514 3.236203 5.085935
v -3.860712 3.236429 5.087194
v -3.153040 3.298722 5.075073
v -2.932741 3.488900 5.074888
v -3.152315 3.297901 5.075909
v -2.932016 3.488079 5.075722
v -3.152010 3.297553 5.077186
v -2.702395 3.664759 5.074300
v -2.701670 3.663934 5.075135
v -2.931711 3.487731 5.076999
v -3.010302 4.014640 5.085150
v -3.240374 3.838471 5.085731
v -3.010946 4.015377 5.086007
v -3.241018 3.839206 5.086588
v -3.011145 4.015599 5.087264
v -3.241217 3.839428 5.087844
v -3.360594 3.095527 5.074837
v -3.551985 2.885611 5.074228
v -3.359873 3.094705 5.075671
v -3.551260 2.884786 5.075063
v -3.359564 3.094357 5.076948
v -3.550951 2.884436 5.076340
v -3.724611 2.674669 5.073305
v -3.879911 2.460987 5.072066
v -3.723879 2.673838 5.074142
v -3.879175 2.460152 5.072902
v -3.723566 2.673484 5.075421
v -3.878859 2.459793 5.074181
v -4.032595 3.024640 5.084162
v -4.033255 3.025389 5.085023
v -4.033453 3.025618 5.086282
v -4.187891 2.810953 5.082922
v -4.188555 2.811706 5.083783
v -4.188761 2.811940 5.085046
v -4.328444 2.590699 5.081337
v -4.329092 2.591495 5.082202
v -4.329287 2.591759 5.083466
v -4.457468 2.359127 5.079376
v -4.457972 2.360198 5.080247
v -4.458071 2.360641 5.081517
v -4.026873 2.227979 5.070359
v -4.200613 1.906993 5.067539
v -4.026152 2.227097 5.071194
v -4.200029 1.905837 5.068373
v -4.025847 2.226712 5.072476
v -4.199820 1.905269 5.069652
v -4.692595 1.864963 5.074562
v -4.691958 1.383497 5.066206
v -4.693686 1.864734 5.075426
v -4.693293 1.380546 5.067073
v -4.694170 1.864304 5.076699
v -4.694147 1.378536 5.068393
v -4.578386 2.113357 5.077046
v -4.578558 2.115118 5.077925
v -4.578432 2.116021 5.079204
v -4.430170 1.444164 5.063123
v -4.429922 1.442323 5.063952
v -4.429934 1.441294 5.065227
v -2.445318 3.833885 5.073175
v -2.444548 3.833087 5.074009
v -2.701361 3.663585 5.076412
v -2.068102 4.034463 5.070703
v -2.066999 4.033832 5.071536
v -2.444204 3.832753 5.075287
v -2.513830 4.330291 5.082790
v -2.770559 4.177140 5.084183
v -2.514830 4.330820 5.083652
v -2.771250 4.177850 5.085043
v -2.515261 4.330905 5.084915
v -2.771479 4.178054 5.086302
v -1.380564 4.610385 5.069833
v -1.377634 4.611657 5.070709
v -1.375643 4.612468 5.072037
v -1.947706 4.622374 5.078928
v -1.947619 4.623431 5.079788
v -1.947321 4.623867 5.081052
v -1.496290 4.298322 5.066265
v -1.494394 4.298049 5.067092
v -2.066439 4.033610 5.072813
v -1.493307 4.298067 5.068365
v -2.234697 4.478703 5.080961
v -2.236399 4.478864 5.081830
v -2.237299 4.478698 5.083099
v -3.424646 3.607429 5.193704
v -3.632364 3.404412 5.193468
v -3.423594 3.606235 5.194915
v -3.631311 3.403216 5.194680
v -3.422377 3.604848 5.195706
v -3.630087 3.401828 5.195471
v -3.824019 3.194800 5.192868
v -3.822966 3.193601 5.194080
v -3.821737 3.192207 5.194872
v -2.958101 3.517785 5.184754
v -3.178400 3.327609 5.184940
v -2.959047 3.518859 5.186075
v -3.179342 3.328683 5.186260
v -2.960196 3.520165 5.186977
v -3.180494 3.329989 5.187163
v -2.727755 3.693642 5.184163
v -2.728701 3.694717 5.185487
v -2.729853 3.696028 5.186386
v -3.204519 3.797798 5.193524
v -2.974451 3.973971 5.192941
v -3.203466 3.796601 5.194733
v -2.973398 3.972774 5.194154
v -3.202250 3.795216 5.195524
v -2.972174 3.971388 5.194945
v -3.577341 2.914491 5.184091
v -3.385954 3.124411 5.184701
v -3.578287 2.915568 5.185414
v -3.386900 3.125487 5.186023
v -3.579443 2.916879 5.186315
v -3.388052 3.126794 5.186924
v -3.905249 2.489847 5.181925
v -3.749956 2.703539 5.183168
v -3.906202 2.490931 5.183248
v -3.750910 2.704620 5.184490
v -3.907370 2.492256 5.184152
v -3.752066 2.705936 5.185394
v -3.996763 2.983993 5.191948
v -3.995703 2.982788 5.193162
v -3.994471 2.981389 5.193953
v -4.152071 2.770320 5.190704
v -4.151007 2.769111 5.191920
v -4.149767 2.767702 5.192714
v -4.292604 2.550139 5.189113
v -4.291552 2.548891 5.190333
v -4.290331 2.547428 5.191128
v -4.421404 2.319012 5.187149
v -4.420469 2.317531 5.188369
v -4.419428 2.315725 5.189163
v -4.226198 1.935338 5.177389
v -4.052233 2.256767 5.180216
v -4.227018 1.936693 5.178717
v -4.053171 2.257889 5.181541
v -4.227984 1.938416 5.179627
v -4.054316 2.259264 5.182445
v -4.688974 1.372915 5.174817
v -4.657507 1.822710 5.182296
v -4.687819 1.375140 5.176187
v -4.656149 1.822162 5.183532
v -4.686144 1.378527 5.177120
v -4.654482 1.821749 5.184346
v -4.541796 2.074355 5.184819
v -4.541140 2.072287 5.186039
v -4.540522 2.069601 5.186826
v -4.456289 1.471406 5.172961
v -4.456827 1.473340 5.174296
v -4.457369 1.475933 5.175214
v -2.470598 3.862810 5.183037
v -2.471586 3.863865 5.184358
v -2.472799 3.865142 5.185261
v -2.092852 4.063655 5.180561
v -2.094114 4.064568 5.181885
v -2.095739 4.065635 5.182791
v -2.734785 4.136432 5.191970
v -2.478552 4.289296 5.190574
v -2.733690 4.135256 5.193183
v -2.477201 4.288272 5.191787
v -2.732412 4.133902 5.193975
v -2.475534 4.287141 5.192579
v -1.370642 4.606673 5.178447
v -1.372824 4.605569 5.179814
v -1.376146 4.603982 5.180743
v -1.910639 4.582259 5.186686
v -1.910070 4.580851 5.187912
v -1.909575 4.579150 5.188716
v -1.519766 4.328091 5.176110
v -1.521685 4.328708 5.177441
v -1.524294 4.329328 5.178354
v -2.200560 4.437114 5.188748
v -2.198633 4.436389 5.189960
v -2.196108 4.435710 5.190747
v -0.818796 4.616259 5.116656
v -4.707430 0.909456 5.113756
v -5.092508 2.668999 4.323202
v -5.068041 2.765790 3.990470
v -5.097689 2.912838 4.166885
v -5.104868 3.148642 3.998266
v -5.153978 3.353035 3.789110
v -5.153135 3.127939 3.973575
v -5.071116 3.000493 3.820520
v -5.042376 3.078851 3.460008
v -5.071978 3.225673 3.636153
v -5.041018 3.486770 3.055404
v -5.089918 3.673953 2.860067
v -5.035830 3.665168 2.849381
v -5.067083 3.635905 3.234313
v -5.091555 3.961437 3.204804
v -5.096724 3.782931 3.410700
v -5.101824 2.914073 4.168376
v -5.150087 2.893370 4.143687
v -5.041975 2.616648 3.811550
v -5.090029 2.364084 3.984772
v -5.096067 2.625430 3.822238
v -5.045954 3.076744 3.457494
v -5.098593 3.298493 3.270664
v -5.044500 3.289708 3.259978
v -5.100157 3.585618 3.614972
v -5.101580 3.372505 3.812310
v -5.040922 3.291819 3.262500
v -5.070540 3.438712 3.438730
v -5.082975 3.835173 2.650922
v -5.028887 3.826389 2.640236
v -5.079966 4.270633 2.781267
v -5.137022 4.103236 2.972520
v -5.088778 4.123929 2.997197
v -5.095709 3.962697 3.206326
v -5.149130 3.763479 3.387522
v -5.100866 3.784180 3.412207
v -5.075090 3.988773 2.419045
v -5.021002 3.979990 2.408360
v -5.070814 4.172330 2.080361
v -5.016726 4.163545 2.069676
v -5.056257 4.533229 2.313684
v -5.117323 4.385261 2.529579
v -5.069109 4.405942 2.554242
v -5.061903 3.814364 3.028363
v -5.084612 4.122653 2.995657
v -5.073954 4.416776 1.568621
v -5.019865 4.407990 1.557936
v -5.081591 4.696709 0.957271
v -5.027502 4.687923 0.946586
v -5.042303 4.656432 2.065337
v -5.104452 4.512557 2.289031
v -5.046606 4.125749 2.595329
v -5.064997 4.405251 2.551620
v -5.075792 4.269425 2.779580
v -5.096651 2.670375 4.324611
v -5.144915 2.649674 4.299927
v -5.089151 2.410546 4.470879
v -5.137407 2.389850 4.446197
v -5.022535 1.972768 4.165456
v -5.052465 1.402355 4.426422
v -5.076624 1.981552 4.176141
v -5.041498 2.853589 3.644277
v -5.079309 2.129301 4.611582
v -5.127554 2.108610 4.586903
v -5.068167 1.835573 4.749679
v -5.116400 1.814885 4.725009
v -4.998377 1.393570 4.415737
v -5.022127 0.709474 4.711149
v -5.051981 2.192090 4.318677
v -5.032362 2.357560 3.976533
v -5.062433 2.513267 4.149855
v -5.202250 3.332332 3.764420
v -5.201407 3.107236 3.948885
v -5.177156 3.623130 3.219299
v -5.195238 3.916959 3.151763
v -5.171976 3.801586 3.013348
v -5.095114 3.495556 3.066090
v -5.144011 3.682738 2.870753
v -5.141779 3.847466 2.665828
v -5.156679 4.112971 2.580314
v -5.133886 4.000987 2.434147
v -5.198355 2.872669 4.118997
v -5.193178 2.628974 4.275237
v -5.100046 3.085529 3.468179
v -5.153265 2.869052 3.663134
v -5.154142 3.094314 3.478866
v -5.152689 3.307278 3.281351
v -5.099169 2.860267 3.652447
v -5.150164 2.634217 3.832924
v -5.152559 3.566155 3.591780
v -5.143961 3.941998 3.181644
v -5.197393 3.742780 3.362834
v -5.192217 3.921302 3.156960
v -5.129183 3.997558 2.429731
v -5.148718 3.686224 2.874946
v -5.165037 3.962815 2.804214
v -5.128195 4.249946 2.756597
v -5.185267 4.082544 2.947841
v -5.176428 4.229260 2.731924
v -5.128042 4.425561 1.579306
v -5.149107 4.272408 2.297463
v -5.129519 4.183923 2.096712
v -5.165541 4.364583 2.504914
v -5.090475 4.635770 2.040696
v -5.152651 4.491885 2.264376
v -5.135675 4.705491 0.967956
v -5.201372 2.868363 4.113844
v -5.181189 2.987714 3.805505
v -5.178114 2.753012 3.975455
v -5.144117 2.372868 3.995457
v -5.130716 1.990338 4.186827
v -5.185663 2.369151 4.421511
v -5.175806 2.087912 4.562223
v -5.172506 2.500490 4.134842
v -5.188646 2.363452 4.417115
v -5.196192 2.624484 4.270182
v -5.106554 1.411138 4.437108
v -5.076216 0.718260 4.721833
v -5.164640 1.794195 4.700331
v -5.045076 2.851482 3.641763
v -5.018229 1.266114 4.725840
v -5.069178 1.260197 4.718891
v -5.120104 1.254287 4.711945
v -5.157961 2.872507 3.667290
v -5.154863 2.637675 3.837086
v -5.149206 3.504340 3.076776
v -5.158838 3.097767 3.483021
v -5.034975 1.761870 4.514170
v -5.018999 1.976055 4.167412
v -5.100737 3.147410 3.996776
v -5.135473 1.995276 4.190274
v -5.145048 1.749091 4.499157
v -5.162054 2.179312 4.303662
v -5.035044 4.673053 1.503996
v -5.081675 4.698239 0.957711
v -5.086058 4.667130 1.497038
v -5.135859 4.706906 0.968401
v -5.137053 4.661210 1.490082
v -5.188295 4.078179 2.942615
v -5.104292 3.586858 3.616470
v -5.204420 3.102936 3.943735
v -5.182051 3.212893 3.621138
v -5.200823 3.545453 3.567092
v -5.014517 1.275575 4.722549
v -4.994944 1.399323 4.416648
v -5.064096 1.836634 4.747259
v -5.075041 2.124771 4.611789
v -5.167784 1.792141 4.694260
v -5.178701 2.079532 4.559142
v -5.111444 1.419137 4.439256
v -5.124655 1.264291 4.706894
v -5.039034 4.285186 2.312477
v -5.052286 4.533667 2.308861
v -5.032255 3.667306 2.851935
v -5.054964 3.975594 2.819228
v -5.137068 3.843957 2.661607
v -5.156031 4.489621 2.255040
v -5.144239 4.458278 1.921319
v -5.037443 3.488893 3.057939
v -5.025316 3.828547 2.642815
v -5.180613 3.425934 3.423715
v -5.157389 3.310737 3.285511
v -5.035933 2.355298 3.974086
v -5.148829 2.376518 3.999523
v -5.034166 4.471055 1.936333
v -5.039015 4.653772 2.066794
v -5.016062 4.408492 1.564099
v -5.031092 4.668992 1.514201
v -5.132463 4.426973 1.588005
v -5.141176 4.655449 1.500819
v -5.139753 4.701558 0.988391
v -5.142881 4.609328 2.013808
v -5.022326 0.709886 4.712825
v -4.968267 0.701111 4.702286
v -5.084971 2.408207 4.470000
v -5.076384 0.718656 4.723355
v -5.168703 4.360932 2.498308
v -5.105715 3.373740 3.813802
v -5.153910 3.507810 3.080950
v -5.179480 4.224973 2.726503
v -5.017424 3.982090 2.411098
v -5.124903 4.181113 2.091046
v -5.138655 4.615107 2.016052
v -5.200411 3.738458 3.357660
v -5.203840 3.541144 3.561932
v -5.205263 3.328031 3.759269
v -5.038397 2.618758 3.814072
v -5.013079 4.165158 2.073410
v -5.027487 4.689566 0.947016
v -5.026094 4.688752 0.948088
v -5.027681 4.689513 0.945693
v -5.025980 4.688891 0.950385
v -5.024828 4.687779 0.950754
v -5.026155 4.688460 0.946733
v -5.025202 4.687686 0.949127
v -5.023684 4.684302 0.958308
v -5.023779 4.686001 0.958481
v -5.023420 4.684224 0.961977
v -5.024550 4.685031 0.954095
v -5.024179 4.686255 0.954187
v -5.024675 4.687638 0.954410
v -5.024778 4.686676 0.950618
v -5.026053 4.687540 0.947893
v -5.025888 4.686303 0.949978
v -4.966883 0.702038 4.701490
v -4.966948 0.704285 4.701801
v -4.968363 0.699774 4.702135
v -4.966818 0.700717 4.701089
v -4.965746 0.704540 4.700667
v -4.965860 0.708042 4.700789
v -4.965994 0.702981 4.700456
v -4.968039 0.700690 4.700462
v -4.966734 0.701823 4.700217
v -4.968241 0.699547 4.701147
v -4.966631 0.703832 4.699085
v -4.965620 0.704376 4.699530
v -4.965166 0.711808 4.699404
v -4.964979 0.711581 4.697676
v -4.964979 0.715009 4.697860
v -4.965265 0.707744 4.699359
v -4.965559 0.707656 4.698107
v -5.137384 4.706464 0.970494
v -5.137392 4.706454 0.972885
v -5.136015 4.706687 0.966527
v -5.137354 4.706287 0.969054
v -5.138502 4.705658 0.974155
v -5.138674 4.705279 0.978259
v -5.138147 4.705603 0.972190
v -5.137304 4.705361 0.970356
v -5.137220 4.704098 0.972606
v -5.138445 4.704635 0.974094
v -5.139502 4.703561 0.983704
v -5.139429 4.701968 0.983665
v -5.139040 4.704073 0.978525
v -5.138540 4.702859 0.978123
v -5.078096 0.720477 4.723100
v -5.076490 0.716782 4.723012
v -5.078260 0.722782 4.723254
v -5.079443 0.723859 4.722578
v -5.077963 0.719094 4.722821
v -5.078947 0.722010 4.722378
v -5.080912 0.732725 4.719586
v -5.081072 0.732797 4.721172
v -5.081583 0.737164 4.719507
v -5.079657 0.727572 4.720054
v -5.080233 0.727929 4.721315
v -5.079905 0.727746 4.722487
v -5.079340 0.723781 4.721549
v -5.077978 0.720337 4.721974
v -5.078005 0.722494 4.720845
v -5.100641 3.586562 3.616106
v -5.102068 3.373447 3.813442
v -5.101599 3.587130 3.616790
v -5.103022 3.374013 3.814122
v -5.102881 3.587232 3.616916
v -5.104303 3.374116 3.814247
v -5.097212 3.783881 3.411838
v -5.098169 3.784450 3.412524
v -5.099455 3.784555 3.412655
v -5.042479 3.077838 3.458795
v -5.041597 2.852577 3.643065
v -5.043192 3.077082 3.457892
v -5.042315 2.851823 3.642161
v -5.044413 3.076697 3.457434
v -5.038500 2.617744 3.812857
v -5.039213 2.616988 3.811950
v -5.043535 2.851437 3.641702
v -5.098173 2.913781 4.168017
v -5.101221 3.148352 3.997906
v -5.099131 2.914348 4.168697
v -5.102179 3.148915 3.998586
v -5.100412 2.914449 4.168823
v -5.103457 3.149018 3.998712
v -5.041021 3.290805 3.261284
v -5.037542 3.487875 3.056719
v -5.041739 3.290048 3.260378
v -5.038260 3.487115 3.055808
v -5.042959 3.289663 3.259919
v -5.039476 3.486726 3.055347
v -5.032351 3.666282 2.850707
v -5.025412 3.827514 2.641577
v -5.033068 3.665515 2.849790
v -5.026125 3.826742 2.640653
v -5.034288 3.665125 2.849324
v -5.027346 3.826346 2.640182
v -5.092043 3.962390 3.205950
v -5.093004 3.962966 3.206641
v -5.094290 3.963072 3.206773
v -5.085100 4.123615 2.996811
v -5.086069 4.124194 2.997509
v -5.087359 4.124305 2.997644
v -5.076284 4.270362 2.780792
v -5.077246 4.270921 2.781538
v -5.078539 4.271015 2.781705
v -5.065458 4.405992 2.553192
v -5.066401 4.406383 2.554243
v -5.067682 4.406366 2.554611
v -5.017523 3.981081 2.409800
v -5.013205 4.164334 2.071731
v -5.018236 3.980327 2.408823
v -5.013941 4.163739 2.070431
v -5.019461 3.979943 2.408318
v -5.015181 4.163462 2.069710
v -5.039148 4.655274 2.066812
v -5.031370 4.670688 1.510464
v -5.039820 4.656304 2.066541
v -5.032221 4.672055 1.507212
v -5.040926 4.656712 2.066024
v -5.033510 4.672887 1.504941
v -5.052687 4.533980 2.311279
v -5.053583 4.534005 2.313044
v -5.054834 4.533742 2.313889
v -5.016245 4.408092 1.561489
v -5.017035 4.407859 1.559402
v -5.018305 4.407822 1.558154
v -5.032461 2.356488 3.975345
v -5.033175 2.355684 3.974464
v -5.040434 2.616600 3.811493
v -5.019083 1.974592 4.166413
v -5.019785 1.973451 4.165690
v -5.034395 2.355265 3.974022
v -5.085474 2.409574 4.470899
v -5.092997 2.669996 4.324303
v -5.086443 2.410498 4.471382
v -5.093954 2.670606 4.324959
v -5.087736 2.410838 4.471376
v -5.095240 2.670741 4.325066
v -5.014685 1.272099 4.723980
v -5.015448 1.269081 4.725106
v -5.016695 1.266981 4.725761
v -5.064550 1.836703 4.748750
v -5.065477 1.836525 4.749736
v -5.066752 1.836128 4.750061
v -4.994986 1.396915 4.416048
v -4.995653 1.394976 4.415665
v -5.020998 1.972811 4.165355
v -4.996843 1.393802 4.415557
v -5.075571 2.126977 4.612273
v -5.076571 2.128614 4.612405
v -5.077883 2.129430 4.612160
v -5.203573 3.331536 3.763469
v -5.202150 3.544656 3.566139
v -5.204615 3.330438 3.762154
v -5.203188 3.543557 3.564822
v -5.205206 3.329208 3.760680
v -5.203783 3.542323 3.563347
v -5.198717 3.741979 3.361880
v -5.199759 3.740877 3.360561
v -5.200354 3.739640 3.359079
v -5.154890 2.869521 3.663701
v -5.155767 3.094783 3.479433
v -5.156355 2.870343 3.664691
v -5.157232 3.095604 3.480421
v -5.157434 2.871392 3.665951
v -5.158312 3.096652 3.481682
v -5.151789 2.634686 3.833491
v -5.153254 2.635508 3.834481
v -5.154329 2.636558 3.835744
v -5.202730 3.106439 3.947932
v -5.199682 2.871871 4.118045
v -5.203768 3.105342 3.946621
v -5.200720 2.870772 4.116730
v -5.204363 3.104112 3.945145
v -5.201311 2.869541 4.115256
v -5.150831 3.504811 3.077345
v -5.154314 3.307747 3.281918
v -5.152296 3.505635 3.078338
v -5.155779 3.308569 3.282907
v -5.153376 3.506689 3.079604
v -5.156858 3.309619 3.284169
v -5.138697 3.844432 2.662179
v -5.145639 3.683208 2.871322
v -5.140162 3.845263 2.663182
v -5.147104 3.684038 2.872319
v -5.141245 3.846330 2.664463
v -5.148188 3.685096 2.873592
v -5.193544 3.920498 3.156002
v -5.194586 3.919391 3.154678
v -5.195181 3.918149 3.153189
v -5.186602 4.081738 2.946880
v -5.187643 4.080626 2.945549
v -5.188238 4.079377 2.944051
v -5.177767 4.228458 2.730945
v -5.178820 4.227362 2.729572
v -5.179419 4.226138 2.728012
v -5.166895 4.363827 2.503844
v -5.167971 4.362869 2.502212
v -5.168604 4.361852 2.500268
v -5.126524 4.181535 2.091728
v -5.130808 3.998025 2.430318
v -5.127970 4.182216 2.093044
v -5.132277 3.998842 2.431363
v -5.129023 4.183055 2.094794
v -5.133356 3.999881 2.432708
v -5.138605 4.660628 1.490730
v -5.140101 4.614185 2.015306
v -5.139936 4.659328 1.492998
v -5.141409 4.612763 2.014618
v -5.140837 4.657510 1.496541
v -5.142386 4.611057 2.014092
v -5.154028 4.491234 2.263095
v -5.155149 4.490575 2.260871
v -5.155855 4.490007 2.258042
v -5.129648 4.425876 1.580219
v -5.131052 4.426253 1.582193
v -5.132044 4.426639 1.584927
v -5.145746 2.373353 3.996018
v -5.147211 2.374215 3.996987
v -5.148294 2.375327 3.998217
v -5.132349 1.990918 4.187341
v -5.133822 1.992061 4.188175
v -5.134920 1.993593 4.189205
v -5.194506 2.628161 4.274291
v -5.186991 2.368245 4.420614
v -5.195543 2.627024 4.272999
v -5.188025 2.366846 4.419464
v -5.196135 2.625733 4.271556
v -5.188604 2.365163 4.418236
v -5.121710 1.254900 4.711389
v -5.123137 1.257019 4.710233
v -5.124170 1.260315 4.708656
v -5.165983 1.793565 4.699305
v -5.167051 1.792952 4.697790
v -5.167685 1.792455 4.696019
v -5.108198 1.411952 4.437523
v -5.109705 1.413760 4.438075
v -5.110842 1.416282 4.438686
v -5.177126 2.086803 4.561425
v -5.178141 2.084822 4.560560
v -5.178694 2.082268 4.559758
v -5.022196 0.708514 4.712682
v -5.081656 4.698201 0.956350
vt 0.225495 0.733005
vt 0.230028 0.744627
vt 0.225423 0.733068
vt 0.205187 0.736851
vt 0.206708 0.750781
vt 0.206605 0.750881
vt 0.220305 0.752519
vt 0.220333 0.752614
vt 0.225482 0.732990
vt 0.213993 0.726247
vt 0.213967 0.726106
vt 0.205293 0.736860
vt 0.205193 0.736832
vt 0.220351 0.752609
vt 0.230149 0.744659
vt 0.225330 0.733119
vt 0.214018 0.726387
vt 0.206810 0.750683
vt 0.220275 0.752414
vt 0.205405 0.736891
vt 0.220299 0.752407
vt 0.229909 0.744596
vt 0.225346 0.733137
vt 0.205397 0.736917
vt 0.225495 0.732997
vt 0.225501 0.733000
vt 0.225491 0.733001
vt 0.225492 0.732994
vt 0.225500 0.732992
vt 0.225510 0.732993
vt 0.225496 0.732991
vt 0.225490 0.732991
vt 0.225485 0.732995
vt 0.225488 0.732984
vt 0.225496 0.732987
vt 0.225488 0.732998
vt 0.225520 0.732981
vt 0.225510 0.732968
vt 0.225530 0.732961
vt 0.225504 0.732984
vt 0.225496 0.732977
vt 0.205182 0.736844
vt 0.205189 0.736846
vt 0.205178 0.736851
vt 0.205175 0.736842
vt 0.205185 0.736840
vt 0.205191 0.736842
vt 0.205180 0.736838
vt 0.205156 0.736817
vt 0.205148 0.736843
vt 0.205129 0.736823
vt 0.205174 0.736821
vt 0.205166 0.736834
vt 0.205165 0.736850
vt 0.205177 0.736833
vt 0.205185 0.736835
vt 0.205185 0.736827
vt 0.205192 0.736838
vt 0.220348 0.752616
vt 0.220345 0.752610
vt 0.220355 0.752616
vt 0.220349 0.752623
vt 0.220343 0.752616
vt 0.220341 0.752611
vt 0.220344 0.752621
vt 0.220339 0.752650
vt 0.220363 0.752644
vt 0.220357 0.752670
vt 0.220333 0.752634
vt 0.220348 0.752634
vt 0.220360 0.752627
vt 0.220341 0.752625
vt 0.220339 0.752618
vt 0.220332 0.752622
vt 0.220337 0.752612
vt 0.220289 0.752403
vt 0.220295 0.752398
vt 0.220292 0.752411
vt 0.220286 0.752406
vt 0.220286 0.752397
vt 0.220290 0.752389
vt 0.220284 0.752401
vt 0.220281 0.752406
vt 0.220282 0.752413
vt 0.220274 0.752404
vt 0.220281 0.752398
vt 0.220288 0.752412
vt 0.220284 0.752378
vt 0.220273 0.752381
vt 0.220275 0.752366
vt 0.220281 0.752391
vt 0.220273 0.752394
vt 0.225336 0.733134
vt 0.225342 0.733131
vt 0.225338 0.733142
vt 0.225330 0.733138
vt 0.225334 0.733131
vt 0.225339 0.733127
vt 0.225331 0.733134
vt 0.225311 0.733144
vt 0.225318 0.733152
vt 0.225304 0.733157
vt 0.225318 0.733133
vt 0.225323 0.733141
vt 0.225329 0.733147
vt 0.225327 0.733134
vt 0.225331 0.733129
vt 0.225324 0.733125
vt 0.225336 0.733123
vt 0.205406 0.736910
vt 0.205407 0.736919
vt 0.205398 0.736909
vt 0.205406 0.736906
vt 0.205413 0.736911
vt 0.205418 0.736920
vt 0.205411 0.736907
vt 0.205408 0.736902
vt 0.205401 0.736899
vt 0.205414 0.736896
vt 0.205415 0.736905
vt 0.205399 0.736904
vt 0.205432 0.736920
vt 0.205435 0.736909
vt 0.205447 0.736918
vt 0.205422 0.736910
vt 0.205424 0.736901
vt 0.230165 0.744663
vt 0.230180 0.744667
vt 0.230195 0.744671
vt 0.230211 0.744675
vt 0.206592 0.750893
vt 0.206579 0.750906
vt 0.206566 0.750919
vt 0.206553 0.750931
vt 0.213957 0.726052
vt 0.213961 0.726070
vt 0.213964 0.726088
vt 0.213954 0.726034
vt 0.229864 0.744584
vt 0.229879 0.744588
vt 0.229894 0.744592
vt 0.229849 0.744580
vt 0.206849 0.750646
vt 0.206836 0.750658
vt 0.206823 0.750670
vt 0.206861 0.750634
vt 0.214022 0.726405
vt 0.214025 0.726422
vt 0.214028 0.726440
vt 0.214031 0.726457
vt 0.220311 0.752517
vt 0.220316 0.752516
vt 0.220321 0.752515
vt 0.220326 0.752513
vt 0.225413 0.733056
vt 0.225416 0.733060
vt 0.225420 0.733064
vt 0.225410 0.733052
vt 0.205291 0.736866
vt 0.205290 0.736871
vt 0.205286 0.736882
vt 0.205288 0.736876
vt 0.197343 0.779698
vt 0.171756 0.779534
vt 0.171767 0.778862
vt 0.153226 0.810501
vt 0.161336 0.829047
vt 0.150290 0.811384
vt 0.206057 0.795410
vt 0.191416 0.821691
vt 0.190633 0.821311
vt 0.143718 0.783791
vt 0.146644 0.780180
vt 0.144293 0.784110
vt 0.206145 0.782843
vt 0.205921 0.795361
vt 0.202117 0.794400
vt 0.171012 0.853310
vt 0.170610 0.853013
vt 0.123988 0.772518
vt 0.126894 0.780919
vt 0.123234 0.772667
vt 0.206807 0.795825
vt 0.216326 0.781723
vt 0.207641 0.796288
vt 0.147150 0.812385
vt 0.176913 0.834262
vt 0.190558 0.821150
vt 0.170893 0.853230
vt 0.197973 0.777816
vt 0.171708 0.772247
vt 0.218854 0.773642
vt 0.155550 0.828572
vt 0.161477 0.840560
vt 0.152581 0.825348
vt 0.214802 0.780838
vt 0.218921 0.773678
vt 0.215518 0.781253
vt 0.137221 0.782359
vt 0.124306 0.772585
vt 0.145419 0.777342
vt 0.171593 0.853710
vt 0.219551 0.773914
vt 0.189570 0.810961
vt 0.190182 0.815378
vt 0.200200 0.783968
vt 0.197227 0.780406
vt 0.197716 0.779973
vt 0.171697 0.772040
vt 0.218852 0.773504
vt 0.218801 0.773987
vt 0.202359 0.788631
vt 0.189065 0.810470
vt 0.201744 0.788487
vt 0.153292 0.810469
vt 0.166635 0.831676
vt 0.166221 0.832126
vt 0.171308 0.832681
vt 0.175892 0.832029
vt 0.176016 0.832649
vt 0.124551 0.772436
vt 0.127808 0.780600
vt 0.146862 0.812157
vt 0.144773 0.810187
vt 0.200238 0.783993
vt 0.189619 0.810810
vt 0.176034 0.831993
vt 0.124262 0.772840
vt 0.171642 0.771210
vt 0.214541 0.780918
vt 0.146283 0.779663
vt 0.146078 0.779063
vt 0.140908 0.788281
vt 0.153861 0.810135
vt 0.135928 0.792897
vt 0.134711 0.792480
vt 0.168884 0.837459
vt 0.158613 0.831681
vt 0.140598 0.787973
vt 0.143098 0.783492
vt 0.140935 0.787809
vt 0.141563 0.787991
vt 0.128624 0.780315
vt 0.166626 0.832327
vt 0.171326 0.832037
vt 0.171746 0.775851
vt 0.136173 0.792957
vt 0.128896 0.780402
vt 0.133355 0.792015
vt 0.124071 0.772318
vt 0.171580 0.770283
vt 0.140498 0.792999
vt 0.158232 0.831451
vt 0.163891 0.842634
vt 0.142442 0.807994
vt 0.171272 0.832686
vt 0.202333 0.788158
vt 0.199621 0.784292
vt 0.166137 0.844536
vt 0.166015 0.844491
vt 0.170781 0.853280
vt 0.192287 0.822112
vt 0.170165 0.853657
vt 0.146465 0.780222
vt 0.196756 0.780808
vt 0.201710 0.788338
vt 0.199049 0.784613
vt 0.175790 0.831446
vt 0.167026 0.831263
vt 0.141529 0.788142
vt 0.154431 0.809802
vt 0.202664 0.788324
vt 0.176270 0.832870
vt 0.143137 0.783468
vt 0.146178 0.779775
vt 0.188511 0.810129
vt 0.201173 0.788344
vt 0.175650 0.831573
vt 0.166775 0.831716
vt 0.171344 0.831401
vt 0.145638 0.778955
vt 0.218905 0.772836
vt 0.166396 0.832517
vt 0.142149 0.788171
vt 0.171774 0.778742
vt 0.197773 0.779607
vt 0.197124 0.780292
vt 0.171746 0.780206
vt 0.197469 0.779666
vt 0.197445 0.779782
vt 0.197586 0.779646
vt 0.197536 0.779733
vt 0.197548 0.779856
vt 0.197620 0.779740
vt 0.197595 0.779784
vt 0.197724 0.779656
vt 0.197688 0.779629
vt 0.197689 0.779739
vt 0.197668 0.779680
vt 0.197654 0.779740
vt 0.197610 0.779701
vt 0.197639 0.779921
vt 0.197687 0.779849
vt 0.197642 0.779815
vt 0.145722 0.779211
vt 0.145772 0.779285
vt 0.145693 0.779338
vt 0.145721 0.779096
vt 0.145769 0.779175
vt 0.145867 0.779220
vt 0.145757 0.779098
vt 0.145819 0.779144
vt 0.145724 0.778982
vt 0.145687 0.779009
vt 0.145829 0.779004
vt 0.145744 0.779035
vt 0.145804 0.779059
vt 0.145972 0.779146
vt 0.145950 0.779028
vt 0.145880 0.779093
vt 0.145792 0.779099
vt 0.176383 0.832584
vt 0.176327 0.832500
vt 0.176440 0.832453
vt 0.176329 0.832702
vt 0.176310 0.832613
vt 0.176213 0.832551
vt 0.176254 0.832684
vt 0.176243 0.832636
vt 0.176249 0.832804
vt 0.176291 0.832799
vt 0.176196 0.832742
vt 0.176266 0.832753
vt 0.176230 0.832712
vt 0.176287 0.832696
vt 0.176107 0.832600
vt 0.176114 0.832690
vt 0.176180 0.832664
vt 0.218677 0.773883
vt 0.218832 0.773852
vt 0.218587 0.773775
vt 0.218741 0.773778
vt 0.218853 0.773756
vt 0.218731 0.773683
vt 0.218779 0.773703
vt 0.218610 0.773540
vt 0.218520 0.773655
vt 0.218474 0.773508
vt 0.218712 0.773571
vt 0.218643 0.773640
vt 0.218682 0.773713
vt 0.218788 0.773654
vt 0.218791 0.773605
vt 0.218861 0.773689
vt 0.218726 0.773638
vt 0.170799 0.853054
vt 0.170707 0.853131
vt 0.170769 0.852937
vt 0.170895 0.853026
vt 0.170841 0.853122
vt 0.170781 0.853194
vt 0.170886 0.853085
vt 0.171218 0.852999
vt 0.170989 0.853042
vt 0.171059 0.852935
vt 0.171006 0.853154
vt 0.171101 0.853093
vt 0.170914 0.852916
vt 0.170839 0.853224
vt 0.170933 0.853197
vt 0.170882 0.853161
vt 0.170935 0.853105
vt 0.124522 0.772575
vt 0.124438 0.772487
vt 0.124469 0.772682
vt 0.124426 0.772579
vt 0.124367 0.772589
vt 0.124364 0.772533
vt 0.124359 0.772626
vt 0.124340 0.772694
vt 0.124387 0.772770
vt 0.124253 0.772717
vt 0.124321 0.772640
vt 0.124399 0.772646
vt 0.124320 0.772568
vt 0.124280 0.772605
vt 0.124318 0.772602
vt 0.124261 0.772644
vt 0.166534 0.832359
vt 0.166543 0.832276
vt 0.166458 0.832401
vt 0.166473 0.832331
vt 0.166443 0.832225
vt 0.166403 0.832347
vt 0.166414 0.832303
vt 0.166371 0.832452
vt 0.166412 0.832456
vt 0.166330 0.832363
vt 0.166393 0.832410
vt 0.166371 0.832357
vt 0.166427 0.832374
vt 0.166333 0.832174
vt 0.166276 0.832252
vt 0.166348 0.832280
vt 0.140932 0.787911
vt 0.140845 0.787892
vt 0.140925 0.788028
vt 0.140837 0.787958
vt 0.140752 0.787952
vt 0.140835 0.788023
vt 0.140767 0.787988
vt 0.140815 0.788184
vt 0.140918 0.788155
vt 0.140732 0.788094
vt 0.140826 0.788099
vt 0.140784 0.788020
vt 0.140667 0.787978
vt 0.140660 0.788022
vt 0.140712 0.788010
vt 0.140758 0.788049
vt 0.202349 0.788506
vt 0.202452 0.788534
vt 0.202342 0.788378
vt 0.202442 0.788449
vt 0.202534 0.788443
vt 0.202483 0.788370
vt 0.202509 0.788399
vt 0.202424 0.788243
vt 0.202336 0.788261
vt 0.202515 0.788304
vt 0.202430 0.788309
vt 0.202500 0.788339
vt 0.202432 0.788374
vt 0.202604 0.788372
vt 0.202599 0.788330
vt 0.202554 0.788361
vt 0.201190 0.788400
vt 0.201145 0.788397
vt 0.201192 0.788445
vt 0.201161 0.788428
vt 0.201131 0.788441
vt 0.201165 0.788455
vt 0.201146 0.788454
vt 0.201159 0.788514
vt 0.201160 0.788479
vt 0.201181 0.788483
vt 0.201149 0.788499
vt 0.201149 0.788478
vt 0.201152 0.788463
vt 0.201125 0.788479
vt 0.201140 0.788499
vt 0.201131 0.788517
vt 0.201140 0.788478
vt 0.201144 0.788494
vt 0.175688 0.831522
vt 0.175712 0.831567
vt 0.175722 0.831487
vt 0.175727 0.831524
vt 0.175759 0.831550
vt 0.175744 0.831497
vt 0.175757 0.831517
vt 0.175784 0.831463
vt 0.175754 0.831462
vt 0.175787 0.831473
vt 0.175764 0.831478
vt 0.175772 0.831487
vt 0.175821 0.831489
vt 0.175781 0.831501
vt 0.175798 0.831480
vt 0.175795 0.831524
vt 0.175758 0.831499
vt 0.142143 0.788154
vt 0.142155 0.788135
vt 0.142141 0.788149
vt 0.142142 0.788135
vt 0.142150 0.788098
vt 0.142136 0.788136
vt 0.142136 0.788112
vt 0.142130 0.788173
vt 0.142125 0.788138
vt 0.142138 0.788155
vt 0.142105 0.788144
vt 0.142119 0.788115
vt 0.142131 0.788122
vt 0.142135 0.788057
vt 0.142092 0.788061
vt 0.142107 0.788005
vt 0.142121 0.788088
vt 0.142092 0.788107
vt 0.146616 0.780201
vt 0.146633 0.780183
vt 0.146580 0.780213
vt 0.146614 0.780187
vt 0.146634 0.780180
vt 0.146589 0.780192
vt 0.146616 0.780178
vt 0.146513 0.780172
vt 0.146532 0.780221
vt 0.146561 0.780144
vt 0.146557 0.780188
vt 0.146585 0.780169
vt 0.146662 0.780141
vt 0.146615 0.780163
vt 0.146611 0.780134
vt 0.146645 0.780167
vt 0.146598 0.780180
vt 0.196864 0.780843
vt 0.196883 0.780794
vt 0.196930 0.780844
vt 0.196817 0.780836
vt 0.196839 0.780810
vt 0.196835 0.780764
vt 0.196808 0.780814
vt 0.196810 0.780790
vt 0.196764 0.780810
vt 0.196782 0.780826
vt 0.196760 0.780804
vt 0.196783 0.780811
vt 0.196779 0.780800
vt 0.196731 0.780758
vt 0.196779 0.780783
vt 0.196748 0.780789
vt 0.196784 0.780752
vt 0.196798 0.780802
vt 0.166931 0.831154
vt 0.166902 0.831150
vt 0.166902 0.831136
vt 0.166959 0.831180
vt 0.166918 0.831167
vt 0.166894 0.831158
vt 0.166935 0.831188
vt 0.166906 0.831176
vt 0.166965 0.831258
vt 0.166989 0.831214
vt 0.166917 0.831242
vt 0.166951 0.831216
vt 0.166920 0.831207
vt 0.166849 0.831180
vt 0.166895 0.831191
vt 0.166879 0.831216
vt 0.166877 0.831167
vt 0.166920 0.831190
vt 0.206020 0.795392
vt 0.190585 0.821244
vt 0.205985 0.795379
vt 0.190570 0.821199
vt 0.205953 0.795369
vt 0.190605 0.821281
vt 0.128683 0.780324
vt 0.135990 0.792916
vt 0.128749 0.780345
vt 0.136054 0.792937
vt 0.128821 0.780372
vt 0.136116 0.792953
vt 0.171700 0.772092
vt 0.171703 0.772143
vt 0.171706 0.772195
vt 0.218870 0.773550
vt 0.218886 0.773592
vt 0.218902 0.773633
vt 0.219092 0.773092
vt 0.219260 0.773356
vt 0.219413 0.773628
vt 0.124009 0.772466
vt 0.124028 0.772417
vt 0.124048 0.772369
vt 0.123341 0.772383
vt 0.123463 0.772112
vt 0.123657 0.771854
vt 0.170953 0.853302
vt 0.170898 0.853294
vt 0.170842 0.853287
vt 0.171233 0.853726
vt 0.170878 0.853722
vt 0.170523 0.853700
vt 0.189591 0.810911
vt 0.189607 0.810866
vt 0.189618 0.810831
vt 0.143106 0.783481
vt 0.143115 0.783473
vt 0.143126 0.783468
vt 0.171773 0.778776
vt 0.171771 0.778808
vt 0.171769 0.778836
vt 0.166072 0.844550
vt 0.166114 0.844584
vt 0.166136 0.844581
vt 0.158357 0.831563
vt 0.158469 0.831649
vt 0.158556 0.831692
vt 0.146951 0.812247
vt 0.147034 0.812324
vt 0.147102 0.812373
vt 0.171287 0.832685
vt 0.171300 0.832683
vt 0.171307 0.832682
vt 0.153244 0.810495
vt 0.153261 0.810489
vt 0.153278 0.810480
vt 0.214752 0.780846
vt 0.214701 0.780864
vt 0.214621 0.780889
vt 0.200230 0.783982
vt 0.200221 0.783973
vt 0.200211 0.783969
vt 0.188502 0.810111
vt 0.188493 0.810093
vt 0.188483 0.810075
vt 0.188474 0.810057
vt 0.144323 0.784121
vt 0.144354 0.784133
vt 0.144384 0.784145
vt 0.144414 0.784157
vt 0.171743 0.780239
vt 0.171741 0.780273
vt 0.171738 0.780307
vt 0.171736 0.780341
vt 0.171342 0.831379
vt 0.171339 0.831357
vt 0.171337 0.831335
vt 0.171334 0.831313
vt 0.154451 0.809785
vt 0.154472 0.809768
vt 0.154492 0.809751
vt 0.154513 0.809734
vt 0.199018 0.784624
vt 0.198988 0.784634
vt 0.198957 0.784645
vt 0.198927 0.784656
vt 0.141556 0.788027
vt 0.141547 0.788067
vt 0.141538 0.788106
vt 0.166742 0.831707
vt 0.166705 0.831696
vt 0.166668 0.831685
vt 0.175926 0.832021
vt 0.175963 0.832011
vt 0.176000 0.832001
vt 0.201718 0.788374
vt 0.201727 0.788412
vt 0.201735 0.788452
vt 0.197148 0.780319
vt 0.197176 0.780349
vt 0.197203 0.780379
vt 0.146259 0.779690
vt 0.146231 0.779719
vt 0.146203 0.779748
vt 0.123869 0.771606
vt 0.129631 0.361744
vt 0.128187 0.367085
vt 0.125808 0.364265
vt 0.014481 0.493987
vt 0.017135 0.478653
vt 0.017529 0.493897
vt 0.124415 0.369792
vt 0.123058 0.375612
vt 0.120742 0.372677
vt 0.047080 0.447537
vt 0.045370 0.433032
vt 0.048333 0.433135
vt 0.113893 0.378853
vt 0.108668 0.378985
vt 0.111686 0.375890
vt 0.015512 0.509196
vt 0.018562 0.509060
vt 0.047593 0.508735
vt 0.046648 0.525145
vt 0.044635 0.508908
vt 0.046065 0.477990
vt 0.043328 0.462576
vt 0.046294 0.462586
vt 0.114965 0.372794
vt 0.118455 0.369774
vt 0.119481 0.378697
vt 0.117213 0.375728
vt 0.047109 0.419091
vt 0.050066 0.419247
vt 0.020509 0.407297
vt 0.021261 0.420878
vt 0.018233 0.420765
vt 0.016473 0.434454
vt 0.018224 0.448676
vt 0.015192 0.448639
vt 0.049548 0.404670
vt 0.052490 0.404881
vt 0.053564 0.385818
vt 0.056476 0.386058
vt 0.026853 0.379839
vt 0.026397 0.393942
vt 0.023365 0.393737
vt 0.110835 0.381978
vt 0.105880 0.382110
vt 0.059568 0.359528
vt 0.062468 0.359747
vt 0.066096 0.328688
vt 0.069125 0.328770
vt 0.030792 0.365670
vt 0.029890 0.380089
vt 0.105305 0.388479
vt 0.100762 0.388735
vt 0.103268 0.385330
vt 0.017153 0.524357
vt 0.020205 0.524173
vt 0.019494 0.539931
vt 0.022548 0.539690
vt 0.053812 0.547008
vt 0.058088 0.579309
vt 0.050910 0.547327
vt 0.126777 0.372683
vt 0.022666 0.556286
vt 0.025716 0.555970
vt 0.026608 0.573102
vt 0.029592 0.572502
vt 0.060974 0.579000
vt 0.066104 0.617392
vt 0.137228 0.361654
vt 0.134805 0.367263
vt 0.132196 0.364486
vt 0.020169 0.478613
vt 0.020568 0.493807
vt 0.031137 0.448083
vt 0.022923 0.434582
vt 0.032398 0.433783
vt 0.044114 0.447481
vt 0.042398 0.432929
vt 0.043740 0.418955
vt 0.036519 0.406065
vt 0.046193 0.404491
vt 0.021603 0.508922
vt 0.023247 0.523987
vt 0.043101 0.478034
vt 0.040562 0.493624
vt 0.040129 0.478077
vt 0.040354 0.462566
vt 0.043536 0.493520
vt 0.041665 0.509083
vt 0.017417 0.463473
vt 0.019502 0.434528
vt 0.021249 0.448713
vt 0.022523 0.434601
vt 0.046596 0.404456
vt 0.041996 0.432948
vt 0.034144 0.419986
vt 0.023538 0.407455
vt 0.024279 0.420993
vt 0.026557 0.407616
vt 0.056675 0.359306
vt 0.040022 0.389893
vt 0.050239 0.385672
vt 0.029419 0.394150
vt 0.033868 0.365959
vt 0.032920 0.380345
vt 0.063057 0.328705
vt 0.022004 0.508919
vt 0.030514 0.493717
vt 0.031580 0.509000
vt 0.043692 0.525406
vt 0.048005 0.547651
vt 0.025591 0.539447
vt 0.028751 0.555656
vt 0.033416 0.524686
vt 0.026007 0.539529
vt 0.023651 0.523997
vt 0.055210 0.579618
vt 0.063029 0.617344
vt 0.032509 0.571905
vt 0.046501 0.493416
vt 0.042874 0.597699
vt 0.045147 0.596315
vt 0.047441 0.594927
vt 0.040161 0.493631
vt 0.041263 0.509088
vt 0.041141 0.447424
vt 0.039729 0.478087
vt 0.143757 0.358353
vt 0.140791 0.364004
vt 0.122088 0.366935
vt 0.047595 0.547566
vt 0.042271 0.567533
vt 0.036802 0.543518
vt 0.095041 0.403142
vt 0.093421 0.409965
vt 0.094268 0.403071
vt 0.092575 0.409727
vt 0.093487 0.402992
vt 0.024682 0.420970
vt 0.014384 0.463470
vt 0.020969 0.493800
vt 0.030094 0.478352
vt 0.020443 0.463474
vt 0.150643 0.354464
vt 0.149410 0.359681
vt 0.142423 0.354736
vt 0.138109 0.356888
vt 0.032867 0.571776
vt 0.029197 0.555886
vt 0.054772 0.579358
vt 0.047430 0.594296
vt 0.102353 0.392556
vt 0.098309 0.392387
vt 0.113019 0.385009
vt 0.108010 0.385133
vt 0.044142 0.418933
vt 0.033383 0.380096
vt 0.044957 0.369864
vt 0.116118 0.381853
vt 0.110156 0.388199
vt 0.030341 0.463031
vt 0.039953 0.462579
vt 0.049590 0.524888
vt 0.043290 0.525399
vt 0.098884 0.397693
vt 0.096061 0.395976
vt 0.099523 0.402950
vt 0.095150 0.403021
vt 0.056237 0.359564
vt 0.049721 0.347983
vt 0.062498 0.329590
vt 0.037200 0.366661
vt 0.150773 0.354368
vt 0.159041 0.353489
vt 0.159031 0.354490
vt 0.133696 0.359299
vt 0.150781 0.353586
vt 0.158888 0.352618
vt 0.029841 0.394052
vt 0.014087 0.478693
vt 0.040740 0.447440
vt 0.026963 0.407581
vt 0.095131 0.396159
vt 0.095971 0.395980
vt 0.107359 0.391668
vt 0.050651 0.385572
vt 0.047469 0.345912
vt 0.036852 0.366515
vt 0.021649 0.448697
vt 0.020843 0.463462
vt 0.020569 0.478604
vt 0.130603 0.369941
vt 0.103960 0.396393
vt 0.094408 0.410074
vt 0.094439 0.410054
vt 0.094414 0.410102
vt 0.094436 0.410017
vt 0.094460 0.410017
vt 0.094447 0.410074
vt 0.094461 0.410039
vt 0.094516 0.409932
vt 0.094494 0.409925
vt 0.094522 0.409888
vt 0.094502 0.409982
vt 0.094485 0.409977
vt 0.094465 0.409969
vt 0.094476 0.410021
vt 0.094467 0.410094
vt 0.094465 0.410061
vt 0.094487 0.410033
vt 0.094443 0.410114
vt 0.159004 0.354519
vt 0.158967 0.354512
vt 0.159073 0.354512
vt 0.159024 0.354529
vt 0.158962 0.354537
vt 0.158913 0.354536
vt 0.158986 0.354540
vt 0.159043 0.354551
vt 0.159008 0.354546
vt 0.159066 0.354530
vt 0.158977 0.354565
vt 0.158964 0.354553
vt 0.158862 0.354561
vt 0.158866 0.354584
vt 0.158819 0.354585
vt 0.158918 0.354557
vt 0.158921 0.354575
vt 0.092544 0.409700
vt 0.092540 0.409663
vt 0.092571 0.409758
vt 0.092546 0.409724
vt 0.062747 0.328847
vt 0.062761 0.328945
vt 0.062647 0.329111
vt 0.062852 0.328756
vt 0.062833 0.328866
vt 0.062924 0.328797
vt 0.063049 0.328629
vt 0.062914 0.328936
vt 0.062810 0.328973
vt 0.062923 0.328706
vt 0.062557 0.329367
vt 0.062624 0.329408
vt 0.062694 0.329158
vt 0.062766 0.329179
vt 0.158858 0.352595
vt 0.158908 0.352615
vt 0.062725 0.617204
vt 0.062736 0.617105
vt 0.062838 0.617298
vt 0.062966 0.617450
vt 0.062908 0.617335
vt 0.062811 0.617184
vt 0.062597 0.616631
vt 0.062530 0.616672
vt 0.062471 0.616445
vt 0.062740 0.616865
vt 0.062668 0.616886
vt 0.062622 0.616933
vt 0.062785 0.617077
vt 0.062906 0.617251
vt 0.062891 0.617114
vt 0.063005 0.617454
vt 0.114950 0.372774
vt 0.118440 0.369755
vt 0.114937 0.372758
vt 0.118427 0.369738
vt 0.013939 0.478691
vt 0.014304 0.463469
vt 0.014007 0.478693
vt 0.111671 0.375870
vt 0.111658 0.375854
vt 0.014236 0.463465
vt 0.015112 0.448636
vt 0.123074 0.375632
vt 0.126793 0.372703
vt 0.123088 0.375649
vt 0.126807 0.372720
vt 0.123102 0.375666
vt 0.126835 0.372758
vt 0.123118 0.375686
vt 0.130619 0.369961
vt 0.130633 0.369978
vt 0.126820 0.372738
vt 0.130660 0.370017
vt 0.125792 0.364246
vt 0.122073 0.366916
vt 0.125779 0.364230
vt 0.122060 0.366900
vt 0.125767 0.364213
vt 0.015431 0.509201
vt 0.122047 0.366884
vt 0.014400 0.493990
vt 0.119496 0.378717
vt 0.116133 0.381874
vt 0.119510 0.378735
vt 0.116147 0.381891
vt 0.119525 0.378752
vt 0.116162 0.381908
vt 0.116179 0.381925
vt 0.119541 0.378770
vt 0.113034 0.385030
vt 0.110171 0.388220
vt 0.113048 0.385048
vt 0.110185 0.388238
vt 0.113063 0.385064
vt 0.110201 0.388254
vt 0.110221 0.388269
vt 0.113082 0.385080
vt 0.108653 0.378965
vt 0.108640 0.378949
vt 0.015044 0.448629
vt 0.016393 0.434449
vt 0.105866 0.382090
vt 0.105853 0.382073
vt 0.016325 0.434438
vt 0.018153 0.420758
vt 0.103254 0.385309
vt 0.103241 0.385292
vt 0.018086 0.420743
vt 0.020429 0.407288
vt 0.100751 0.388708
vt 0.100741 0.388687
vt 0.020364 0.407269
vt 0.023286 0.393722
vt 0.107373 0.391690
vt 0.103971 0.396419
vt 0.107387 0.391708
vt 0.103981 0.396441
vt 0.107403 0.391724
vt 0.103995 0.396458
vt 0.104015 0.396472
vt 0.107423 0.391738
vt 0.096037 0.395973
vt 0.095120 0.403068
vt 0.096016 0.395972
vt 0.095092 0.403108
vt 0.095995 0.395975
vt 0.095065 0.403134
vt 0.098307 0.392349
vt 0.098303 0.392318
vt 0.023224 0.393689
vt 0.026776 0.379813
vt 0.026721 0.379751
vt 0.030707 0.365670
vt 0.099525 0.402986
vt 0.099528 0.403016
vt 0.099536 0.403039
vt 0.099554 0.403054
vt 0.134823 0.367282
vt 0.134837 0.367299
vt 0.130646 0.369996
vt 0.134862 0.367338
vt 0.140814 0.364018
vt 0.140834 0.364032
vt 0.134850 0.367316
vt 0.140861 0.364069
vt 0.133673 0.359285
vt 0.129614 0.361726
vt 0.133655 0.359272
vt 0.129601 0.361711
vt 0.133640 0.359257
vt 0.019415 0.539945
vt 0.129589 0.361694
vt 0.017072 0.524365
vt 0.150692 0.354439
vt 0.150735 0.354415
vt 0.150763 0.354391
vt 0.142420 0.354713
vt 0.142419 0.354693
vt 0.142419 0.354672
vt 0.142425 0.354650
vt 0.149446 0.359687
vt 0.149477 0.359694
vt 0.140849 0.364048
vt 0.149499 0.359705
vt 0.149513 0.359724
vt 0.138074 0.356881
vt 0.138044 0.356874
vt 0.026525 0.573106
vt 0.138023 0.356862
vt 0.022588 0.556313
vt 0.020264 0.478611
vt 0.020538 0.463473
vt 0.020368 0.478609
vt 0.020642 0.463470
vt 0.020473 0.478606
vt 0.020747 0.463466
vt 0.021344 0.448712
vt 0.021448 0.448708
vt 0.021553 0.448703
vt 0.040467 0.493626
vt 0.040034 0.478079
vt 0.040363 0.493629
vt 0.039930 0.478081
vt 0.040258 0.493630
vt 0.039826 0.478084
vt 0.041570 0.509087
vt 0.041466 0.509089
vt 0.041361 0.509089
vt 0.020663 0.493804
vt 0.021698 0.508919
vt 0.020768 0.493802
vt 0.021803 0.508918
vt 0.020873 0.493801
vt 0.021908 0.508918
vt 0.041046 0.447424
vt 0.040258 0.462567
vt 0.040942 0.447428
vt 0.040155 0.462570
vt 0.040838 0.447434
vt 0.040050 0.462574
vt 0.044047 0.418932
vt 0.042303 0.432928
vt 0.043943 0.418937
vt 0.042199 0.432933
vt 0.043837 0.418945
vt 0.042094 0.432940
vt 0.022617 0.434601
vt 0.022722 0.434597
vt 0.022827 0.434590
vt 0.024374 0.420993
vt 0.024479 0.420988
vt 0.024585 0.420980
vt 0.026653 0.407616
vt 0.026759 0.407608
vt 0.026865 0.407595
vt 0.029516 0.394146
vt 0.029626 0.394126
vt 0.029737 0.394092
vt 0.050556 0.385575
vt 0.046501 0.404454
vt 0.050450 0.385596
vt 0.046397 0.404462
vt 0.050341 0.385631
vt 0.046291 0.404475
vt 0.049798 0.347415
vt 0.036942 0.366537
vt 0.049801 0.347561
vt 0.037035 0.366570
vt 0.049770 0.347759
vt 0.037123 0.366612
vt 0.049751 0.347334
vt 0.033021 0.380331
vt 0.033139 0.380277
vt 0.033264 0.380194
vt 0.056579 0.359322
vt 0.056467 0.359378
vt 0.056350 0.359463
vt 0.043597 0.525411
vt 0.043493 0.525410
vt 0.043388 0.525406
vt 0.047910 0.547651
vt 0.047805 0.547634
vt 0.047697 0.547603
vt 0.023343 0.523984
vt 0.025687 0.539449
vt 0.023448 0.523986
vt 0.025796 0.539466
vt 0.023554 0.523990
vt 0.025905 0.539494
vt 0.150786 0.352801
vt 0.158823 0.352597
vt 0.047490 0.594849
vt 0.047498 0.594706
vt 0.047473 0.594514
vt 0.032599 0.571883
vt 0.032694 0.571853
vt 0.032786 0.571816
vt 0.055114 0.579605
vt 0.055002 0.579549
vt 0.054885 0.579462
vt 0.028850 0.555667
vt 0.028965 0.555716
vt 0.029085 0.555793
vt 0.066111 0.617465
vt 0.063019 0.617419
vt 0.069120 0.617346
vt 0.069112 0.617382
vt 0.159064 0.353493
vt 0.069119 0.328697
vt 0.066102 0.328579
vt 0.069111 0.328660
vt 0.093423 0.409989
vt 0.066104 0.328614
vt 0.092573 0.409748
vt 0.069125 0.617273
vt 0.094424 0.410118
vt 0.159059 0.354500
vt 0.118414 0.369723
vt 0.030633 0.365681
vt 0.062803 0.328629
vt 0.150774 0.352777
vt 0.274927 0.451153
vt 0.236716 0.487801
vt 0.235302 0.487385
vt 0.298947 0.379508
vt 0.193563 0.368148
vt 0.321240 0.372861
vt 0.107046 0.427116
vt 0.166473 0.452154
vt 0.166013 0.453369
vt 0.109938 0.427040
vt 0.166938 0.450941
vt 0.216882 0.464775
vt 0.205061 0.422334
vt 0.239815 0.423962
vt 0.230248 0.612791
vt 0.135163 0.565882
vt 0.140097 0.561014
vt 0.328100 0.413843
vt 0.275972 0.452195
vt 0.221565 0.547059
vt 0.226706 0.606880
vt 0.220233 0.547272
vt 0.199159 0.401143
vt 0.262724 0.383189
vt 0.273113 0.602013
vt 0.336782 0.516649
vt 0.267698 0.624802
vt 0.094352 0.469112
vt 0.158099 0.480392
vt 0.096775 0.470795
vt 0.263473 0.529781
vt 0.304647 0.506826
vt 0.286483 0.570921
vt 0.208661 0.495365
vt 0.157826 0.481711
vt 0.336746 0.390163
vt 0.344509 0.518728
vt 0.076964 0.453070
vt 0.129730 0.571246
vt 0.060304 0.436867
vt 0.245477 0.630378
vt 0.328378 0.414037
vt 0.327633 0.513927
vt 0.326600 0.417361
vt 0.235239 0.487603
vt 0.250613 0.539773
vt 0.249331 0.540195
vt 0.219661 0.476928
vt 0.155001 0.464046
vt 0.160682 0.458457
vt 0.191819 0.360781
vt 0.344302 0.366311
vt 0.234958 0.487405
vt 0.273432 0.443832
vt 0.274836 0.450930
vt 0.329440 0.514614
vt 0.273583 0.597902
vt 0.270775 0.358462
vt 0.305386 0.305441
vt 0.338819 0.357192
vt 0.216353 0.488219
vt 0.154911 0.464352
vt 0.221182 0.483655
vt 0.263768 0.433270
vt 0.256799 0.431346
vt 0.243975 0.545500
vt 0.249135 0.540347
vt 0.271676 0.435805
vt 0.344642 0.366670
vt 0.271458 0.435568
vt 0.222900 0.546842
vt 0.209838 0.494540
vt 0.210909 0.493521
vt 0.140402 0.560717
vt 0.096609 0.471034
vt 0.141678 0.559507
vt 0.083490 0.431489
vt 0.060441 0.436399
vt 0.229551 0.611975
vt 0.227934 0.609325
vt 0.229843 0.611819
vt 0.227903 0.485414
vt 0.238104 0.551126
vt 0.221452 0.483589
vt 0.093426 0.468669
vt 0.156652 0.472002
vt 0.158348 0.478834
vt 0.217909 0.469860
vt 0.261830 0.648119
vt 0.326332 0.417202
vt 0.277010 0.453239
vt 0.217377 0.468148
vt 0.217721 0.469572
vt 0.195231 0.375256
vt 0.294851 0.381219
vt 0.195581 0.376998
vt 0.247104 0.298691
vt 0.203692 0.347665
vt 0.107058 0.426787
vt 0.109927 0.426724
vt 0.256570 0.431248
vt 0.217589 0.468096
vt 0.255524 0.430295
vt 0.237792 0.551204
vt 0.230043 0.548997
vt 0.210750 0.493356
vt 0.158378 0.479079
vt 0.261351 0.648238
vt 0.280561 0.257262
vt 0.274197 0.320760
vt 0.221261 0.483390
vt 0.217044 0.466774
vt 0.195931 0.378722
vt 0.112465 0.426639
vt 0.292163 0.382413
vt 0.238016 0.488406
vt 0.251895 0.539343
vt 0.325843 0.513248
vt 0.325123 0.420233
vt 0.273798 0.595196
vt 0.142944 0.558305
vt 0.208808 0.495518
vt 0.226482 0.607022
vt 0.328713 0.413051
vt 0.329841 0.514748
vt 0.273027 0.600972
vt 0.273267 0.597875
vt 0.273533 0.595174
vt 0.238076 0.488203
vt 0.211066 0.493214
vt 0.206802 0.497036
vt 0.174690 0.527573
vt 0.159883 0.495764
vt 0.158658 0.542819
vt 0.113009 0.494494
vt 0.165856 0.453558
vt 0.106018 0.426984
vt 0.176218 0.441925
vt 0.135592 0.419099
vt 0.217249 0.466724
vt 0.254475 0.429349
vt 0.281646 0.465655
vt 0.322811 0.442731
vt 0.240441 0.488600
vt 0.283266 0.500757
vt 0.223146 0.546885
vt 0.205553 0.544113
vt 0.204306 0.591145
vt 0.098791 0.472238
vt 0.195143 0.374841
vt 0.298087 0.380087
vt 0.295004 0.381494
vt 0.292281 0.382644
vt 0.235272 0.487433
vt 0.235212 0.487399
vt 0.235249 0.487488
vt 0.235192 0.487434
vt 0.235109 0.487416
vt 0.235137 0.487456
vt 0.235122 0.487437
vt 0.235171 0.487544
vt 0.235239 0.487546
vt 0.235093 0.487475
vt 0.235172 0.487504
vt 0.235181 0.487468
vt 0.235024 0.487417
vt 0.235068 0.487436
vt 0.235020 0.487429
vt 0.235115 0.487464
vt 0.094249 0.469148
vt 0.094056 0.469003
vt 0.093810 0.468923
vt 0.093750 0.468879
vt 0.094187 0.469383
vt 0.093957 0.469068
vt 0.094172 0.469269
vt 0.093701 0.468864
vt 0.093942 0.469086
vt 0.093991 0.469053
vt 0.094194 0.469198
vt 0.328369 0.413604
vt 0.328221 0.413809
vt 0.328531 0.413374
vt 0.328492 0.413445
vt 0.328326 0.413608
vt 0.328355 0.413894
vt 0.328460 0.413628
vt 0.328402 0.413619
vt 0.328439 0.413620
vt 0.328504 0.413423
vt 0.328568 0.413336
vt 0.273113 0.601045
vt 0.273083 0.601292
vt 0.273125 0.601320
vt 0.273142 0.601548
vt 0.273135 0.601635
vt 0.273357 0.600978
vt 0.273192 0.601348
vt 0.273262 0.601052
vt 0.273163 0.601326
vt 0.273186 0.601069
vt 0.298098 0.379981
vt 0.298332 0.379886
vt 0.298075 0.379911
vt 0.298331 0.379838
vt 0.298551 0.379705
vt 0.298597 0.379682
vt 0.297905 0.379815
vt 0.298317 0.379769
vt 0.298017 0.379858
vt 0.298311 0.379747
vt 0.298636 0.379647
vt 0.298529 0.379713
vt 0.210838 0.493327
vt 0.210800 0.493385
vt 0.210935 0.493319
vt 0.210872 0.493348
vt 0.210898 0.493374
vt 0.210846 0.493423
vt 0.210931 0.493343
vt 0.211022 0.493265
vt 0.210954 0.493339
vt 0.210983 0.493293
vt 0.211013 0.493255
vt 0.210937 0.493294
vt 0.210882 0.493470
vt 0.210942 0.493436
vt 0.210922 0.493401
vt 0.210979 0.493339
vt 0.229940 0.612129
vt 0.229800 0.611923
vt 0.230002 0.612365
vt 0.229912 0.612176
vt 0.229669 0.611997
vt 0.229851 0.612245
vt 0.229745 0.611978
vt 0.229867 0.612230
vt 0.230024 0.612408
vt 0.230065 0.612504
vt 0.229882 0.612197
vt 0.229974 0.612329
vt 0.217925 0.469607
vt 0.217893 0.469546
vt 0.217943 0.469518
vt 0.217883 0.469695
vt 0.217889 0.469626
vt 0.217837 0.469566
vt 0.217865 0.469679
vt 0.217854 0.469636
vt 0.217887 0.469797
vt 0.217856 0.469702
vt 0.217882 0.469749
vt 0.217900 0.469794
vt 0.217904 0.469708
vt 0.217778 0.469574
vt 0.217778 0.469643
vt 0.217818 0.469643
vt 0.217844 0.469723
vt 0.106709 0.426999
vt 0.106978 0.427028
vt 0.106735 0.427047
vt 0.106453 0.426981
vt 0.106502 0.426984
vt 0.106979 0.426878
vt 0.106676 0.426913
vt 0.106958 0.426953
vt 0.106682 0.426934
vt 0.106351 0.426968
vt 0.261915 0.648198
vt 0.261713 0.648165
vt 0.261964 0.648310
vt 0.261765 0.648325
vt 0.261596 0.648201
vt 0.261772 0.648449
vt 0.261640 0.648382
vt 0.261807 0.649070
vt 0.261695 0.648611
vt 0.261993 0.648501
vt 0.261380 0.648648
vt 0.261553 0.648502
vt 0.261659 0.648463
vt 0.261477 0.648224
vt 0.261312 0.648345
vt 0.261503 0.648389
vt 0.261319 0.648466
vt 0.344326 0.366200
vt 0.344400 0.366391
vt 0.344397 0.366100
vt 0.344510 0.366268
vt 0.344488 0.366476
vt 0.344613 0.366200
vt 0.344622 0.366347
vt 0.345139 0.365849
vt 0.344789 0.366185
vt 0.344548 0.365978
vt 0.344989 0.366433
vt 0.344768 0.366361
vt 0.344681 0.366290
vt 0.344567 0.366568
vt 0.344756 0.366648
vt 0.344696 0.366462
vt 0.344860 0.366580
vt 0.221387 0.483619
vt 0.221413 0.483529
vt 0.221321 0.483639
vt 0.221356 0.483562
vt 0.221369 0.483478
vt 0.221299 0.483545
vt 0.221326 0.483519
vt 0.221190 0.483584
vt 0.221254 0.483651
vt 0.221205 0.483518
vt 0.221255 0.483587
vt 0.221308 0.483582
vt 0.221319 0.483432
vt 0.221228 0.483454
vt 0.221284 0.483487
vt 0.221262 0.483534
vt 0.060196 0.436901
vt 0.060324 0.436744
vt 0.060077 0.436889
vt 0.060164 0.436710
vt 0.060351 0.436627
vt 0.060057 0.436656
vt 0.060178 0.436577
vt 0.059506 0.436381
vt 0.059959 0.436512
vt 0.059900 0.436821
vt 0.060078 0.436223
vt 0.060120 0.436445
vt 0.060101 0.436554
vt 0.060391 0.436514
vt 0.060371 0.436314
vt 0.060240 0.436457
vt 0.060265 0.436261
vt 0.324893 0.420102
vt 0.324938 0.420192
vt 0.324854 0.420212
vt 0.325027 0.420127
vt 0.324993 0.420195
vt 0.324917 0.420265
vt 0.324830 0.420308
vt 0.324962 0.420249
vt 0.325021 0.420243
vt 0.325068 0.420160
vt 0.325038 0.420327
vt 0.324968 0.420298
vt 0.324814 0.420400
vt 0.324887 0.420448
vt 0.326117 0.419895
vt 0.324902 0.420346
vt 0.324962 0.420393
vt 0.238120 0.488235
vt 0.238051 0.488252
vt 0.238158 0.488271
vt 0.238094 0.488279
vt 0.238033 0.488301
vt 0.238171 0.488377
vt 0.238191 0.488310
vt 0.236144 0.487729
vt 0.238122 0.488393
vt 0.238146 0.488333
vt 0.238022 0.488351
vt 0.238071 0.488402
vt 0.238073 0.488351
vt 0.273617 0.595117
vt 0.273608 0.595214
vt 0.273561 0.595053
vt 0.273637 0.595036
vt 0.273664 0.595148
vt 0.273667 0.595078
vt 0.273712 0.594852
vt 0.273627 0.594852
vt 0.274714 0.595810
vt 0.273746 0.594952
vt 0.273669 0.594952
vt 0.273593 0.594949
vt 0.273699 0.595037
vt 0.273714 0.595122
vt 0.273776 0.595061
vt 0.273711 0.595223
vt 0.208706 0.495397
vt 0.208636 0.495414
vt 0.208744 0.495432
vt 0.208680 0.495441
vt 0.208619 0.495463
vt 0.208690 0.495484
vt 0.208664 0.495476
vt 0.208757 0.495541
vt 0.208778 0.495472
vt 0.208708 0.495556
vt 0.208732 0.495496
vt 0.208697 0.495510
vt 0.208710 0.495465
vt 0.208608 0.495513
vt 0.208657 0.495564
vt 0.210283 0.493976
vt 0.208659 0.495514
vt 0.098768 0.472339
vt 0.098704 0.472282
vt 0.098852 0.472321
vt 0.098832 0.472393
vt 0.098734 0.472357
vt 0.098669 0.472314
vt 0.098787 0.472391
vt 0.098969 0.472532
vt 0.098999 0.472483
vt 0.097359 0.472981
vt 0.098861 0.472504
vt 0.098889 0.472452
vt 0.098922 0.472402
vt 0.098999 0.472482
vt 0.098635 0.472462
vt 0.098731 0.472397
vt 0.098753 0.472482
vt 0.098650 0.472358
vt 0.098810 0.472429
vt 0.226606 0.606868
vt 0.226626 0.606786
vt 0.226659 0.606950
vt 0.226579 0.606917
vt 0.226550 0.606805
vt 0.226550 0.606708
vt 0.226544 0.606856
vt 0.226522 0.606917
vt 0.226572 0.607006
vt 0.226439 0.606891
vt 0.226497 0.606835
vt 0.226475 0.606637
vt 0.226399 0.606676
vt 0.225988 0.608001
vt 0.226483 0.606745
vt 0.226415 0.606780
vt 0.292186 0.382599
vt 0.292276 0.382561
vt 0.292162 0.382680
vt 0.292104 0.382621
vt 0.292188 0.382544
vt 0.292259 0.382513
vt 0.292126 0.382575
vt 0.291908 0.382649
vt 0.291950 0.382722
vt 0.292239 0.381347
vt 0.291979 0.382573
vt 0.292015 0.382636
vt 0.292054 0.382704
vt 0.292074 0.382569
vt 0.292140 0.382516
vt 0.292059 0.382497
vt 0.217199 0.466746
vt 0.217219 0.466678
vt 0.217150 0.466762
vt 0.217174 0.466702
vt 0.217185 0.466639
vt 0.217132 0.466690
vt 0.217152 0.466671
vt 0.217050 0.466719
vt 0.217099 0.466771
vt 0.217062 0.466669
vt 0.217101 0.466720
vt 0.217106 0.466682
vt 0.217139 0.466716
vt 0.217147 0.466604
vt 0.217079 0.466621
vt 0.217663 0.468812
vt 0.217122 0.466648
vt 0.112475 0.426903
vt 0.112535 0.426822
vt 0.112596 0.426881
vt 0.112429 0.426776
vt 0.112507 0.426774
vt 0.112617 0.426806
vt 0.112701 0.426854
vt 0.112576 0.426775
vt 0.112535 0.426726
vt 0.112434 0.426724
vt 0.112598 0.426667
vt 0.112618 0.426745
vt 0.112799 0.426824
vt 0.112803 0.426740
vt 0.111877 0.425730
vt 0.112702 0.426778
vt 0.112705 0.426702
vt 0.271647 0.435722
vt 0.271601 0.435654
vt 0.271538 0.435604
vt 0.154902 0.464266
vt 0.154947 0.464114
vt 0.154914 0.464187
vt 0.191666 0.360148
vt 0.191705 0.360305
vt 0.191782 0.360623
vt 0.191744 0.360463
vt 0.237878 0.551217
vt 0.237959 0.551209
vt 0.238034 0.551178
vt 0.345139 0.518899
vt 0.344982 0.518853
vt 0.344665 0.518768
vt 0.344825 0.518810
vt 0.129267 0.571701
vt 0.129384 0.571588
vt 0.129617 0.571359
vt 0.129500 0.571475
vt 0.274891 0.451108
vt 0.274866 0.451055
vt 0.274848 0.450997
vt 0.328606 0.413214
vt 0.273114 0.601814
vt 0.249182 0.540298
vt 0.249228 0.540255
vt 0.249277 0.540220
vt 0.328640 0.413203
vt 0.329735 0.514718
vt 0.329635 0.514685
vt 0.329539 0.514651
vt 0.273134 0.601843
vt 0.273144 0.601684
vt 0.273215 0.601353
vt 0.158383 0.479021
vt 0.158378 0.478960
vt 0.158366 0.478900
vt 0.093597 0.468769
vt 0.222959 0.546839
vt 0.223020 0.546847
vt 0.230052 0.612452
vt 0.223081 0.546864
vt 0.230155 0.612611
vt 0.230152 0.612648
vt 0.140176 0.560936
vt 0.140252 0.560862
vt 0.140325 0.560791
vt 0.093563 0.468772
vt 0.298772 0.379607
vt 0.256733 0.431329
vt 0.256673 0.431309
vt 0.256618 0.431283
vt 0.165906 0.453513
vt 0.165950 0.453469
vt 0.165987 0.453421
vt 0.106218 0.426993
vt 0.106405 0.426983
vt 0.106186 0.426971
vt 0.195168 0.374949
vt 0.195190 0.375052
vt 0.195210 0.375152
vt 0.298788 0.379575
vt 0.277091 0.453388
vt 0.277072 0.453332
vt 0.277045 0.453282
vt 0.279077 0.457069
vt 0.251947 0.539320
vt 0.251996 0.539287
vt 0.252043 0.539247
vt 0.255352 0.537127
vt 0.325749 0.513212
vt 0.325655 0.513178
vt 0.325560 0.513145
vt 0.319909 0.511936
vt 0.157928 0.485795
vt 0.157835 0.481886
vt 0.157824 0.481826
vt 0.157820 0.481767
vt 0.220057 0.547254
vt 0.220117 0.547269
vt 0.220176 0.547275
vt 0.216050 0.546893
vt 0.143017 0.558235
vt 0.143090 0.558165
vt 0.143164 0.558095
vt 0.147107 0.554426
vt 0.254430 0.429316
vt 0.254378 0.429289
vt 0.254320 0.429268
vt 0.250894 0.427458
vt 0.166963 0.450890
vt 0.166997 0.450843
vt 0.167039 0.450799
vt 0.169319 0.447535
vt 0.195952 0.378822
vt 0.195972 0.378920
vt 0.195994 0.379019
vt 0.197205 0.384176
vt 0.236700 0.487853
vt 0.236685 0.487906
vt 0.236670 0.487958
vt 0.236655 0.488011
vt 0.273491 0.597894
vt 0.273428 0.597889
vt 0.273658 0.595226
vt 0.273362 0.597884
vt 0.096693 0.470914
vt 0.096726 0.470865
vt 0.096659 0.470962
vt 0.228124 0.609206
vt 0.226620 0.606984
vt 0.228202 0.609157
vt 0.228068 0.609241
vt 0.228013 0.609277
vt 0.217430 0.468135
vt 0.217483 0.468122
vt 0.217536 0.468109
vt 0.292229 0.382471
vt 0.294933 0.381357
vt 0.294964 0.381412
vt 0.294899 0.381301
vt 0.326404 0.417261
vt 0.324979 0.420108
vt 0.326456 0.417300
vt 0.326514 0.417329
vt 0.328300 0.413829
vt 0.209800 0.494500
vt 0.209724 0.494421
vt 0.209686 0.494381
vt 0.209762 0.494460
vt 0.109930 0.426816
vt 0.109932 0.426880
vt 0.109935 0.426946
vt 0.093678 0.468834
vt 0.106320 0.426982
vt 0.230094 0.612526
vt 0.273131 0.601717
vt 0.298674 0.379643
vt 0.094014 0.469024
vt 0.093792 0.468908
vt 0.273137 0.601569
vt 0.238124 0.488303
vt 0.238078 0.488314
vt 0.238111 0.488348
vt 0.112438 0.426827
vt 0.119719 0.350070
vt 0.118228 0.355437
vt 0.115849 0.352583
vt 0.458772 0.450248
vt 0.456109 0.465477
vt 0.455746 0.450328
vt 0.114424 0.358142
vt 0.113046 0.363982
vt 0.110729 0.361032
vt 0.426258 0.496504
vt 0.427970 0.510987
vt 0.425011 0.510885
vt 0.103852 0.367216
vt 0.098611 0.367345
vt 0.101641 0.364243
vt 0.457832 0.435156
vt 0.454805 0.435267
vt 0.425905 0.435388
vt 0.426975 0.419001
vt 0.428860 0.435235
vt 0.427289 0.466095
vt 0.430005 0.481488
vt 0.427043 0.481477
vt 0.104934 0.361142
vt 0.108438 0.358117
vt 0.109453 0.367068
vt 0.107184 0.364087
vt 0.426235 0.524908
vt 0.423284 0.524751
vt 0.452811 0.536671
vt 0.452049 0.523110
vt 0.455072 0.523221
vt 0.456821 0.509554
vt 0.455066 0.495360
vt 0.458093 0.495394
vt 0.423784 0.539316
vt 0.420838 0.539106
vt 0.419801 0.558178
vt 0.416890 0.557942
vt 0.446516 0.564113
vt 0.446947 0.550019
vt 0.449976 0.550219
vt 0.100786 0.370344
vt 0.095818 0.370485
vt 0.413864 0.584484
vt 0.410970 0.584272
vt 0.407393 0.615257
vt 0.404372 0.615178
vt 0.442605 0.578283
vt 0.443480 0.563869
vt 0.095270 0.376855
vt 0.090745 0.377157
vt 0.093216 0.373727
vt 0.456369 0.420065
vt 0.453325 0.420216
vt 0.454202 0.404521
vt 0.451155 0.404723
vt 0.419954 0.397065
vt 0.415669 0.364611
vt 0.422867 0.396757
vt 0.116786 0.361054
vt 0.451285 0.388171
vt 0.448243 0.388413
vt 0.447873 0.371444
vt 0.444833 0.371715
vt 0.412776 0.364931
vt 0.407348 0.326552
vt 0.127359 0.350056
vt 0.124877 0.355664
vt 0.122278 0.352853
vt 0.453093 0.465517
vt 0.452727 0.450407
vt 0.442175 0.495957
vt 0.450381 0.509429
vt 0.440922 0.510232
vt 0.429219 0.496560
vt 0.430937 0.511089
vt 0.429599 0.525043
vt 0.436816 0.537917
vt 0.427141 0.539495
vt 0.451784 0.435379
vt 0.450289 0.420370
vt 0.430249 0.466058
vt 0.432834 0.450510
vt 0.433215 0.466021
vt 0.432974 0.481500
vt 0.429866 0.450600
vt 0.431826 0.435081
vt 0.455860 0.480598
vt 0.453797 0.509482
vt 0.452047 0.495324
vt 0.450781 0.509410
vt 0.426738 0.539529
vt 0.431338 0.511070
vt 0.439182 0.524010
vt 0.449785 0.536516
vt 0.449034 0.522998
vt 0.446770 0.536360
vt 0.416752 0.584698
vt 0.433333 0.554084
vt 0.423125 0.558318
vt 0.443927 0.549816
vt 0.439530 0.578001
vt 0.440451 0.563618
vt 0.410425 0.615237
vt 0.451385 0.435380
vt 0.442842 0.450458
vt 0.441867 0.435230
vt 0.429933 0.418763
vt 0.425785 0.396444
vt 0.448116 0.404927
vt 0.445208 0.388654
vt 0.440170 0.419575
vt 0.447702 0.404840
vt 0.449887 0.420357
vt 0.418556 0.364289
vt 0.410423 0.326576
vt 0.441795 0.371990
vt 0.426906 0.450690
vt 0.141034 0.342912
vt 0.132881 0.342269
vt 0.141050 0.342144
vt 0.133113 0.341452
vt 0.141064 0.341374
vt 0.433234 0.450504
vt 0.432227 0.435078
vt 0.432187 0.496616
vt 0.433615 0.466013
vt 0.133943 0.346813
vt 0.130912 0.352449
vt 0.112090 0.355260
vt 0.426196 0.396531
vt 0.431723 0.376436
vt 0.436973 0.400708
vt 0.085086 0.391841
vt 0.083393 0.398811
vt 0.084292 0.391768
vt 0.082621 0.398484
vt 0.083493 0.391691
vt 0.448633 0.523021
vt 0.458888 0.480596
vt 0.452329 0.450412
vt 0.443217 0.465766
vt 0.452840 0.480599
vt 0.140903 0.343007
vt 0.139593 0.348206
vt 0.132643 0.343170
vt 0.128291 0.345283
vt 0.441428 0.372121
vt 0.444762 0.388412
vt 0.418996 0.364548
vt 0.426245 0.349473
vt 0.092355 0.380949
vt 0.088358 0.380827
vt 0.102974 0.373379
vt 0.097959 0.373502
vt 0.429197 0.525066
vt 0.439989 0.563867
vt 0.428440 0.574118
vt 0.106079 0.370226
vt 0.100102 0.376550
vt 0.442966 0.481041
vt 0.433374 0.481488
vt 0.424031 0.419237
vt 0.430335 0.418773
vt 0.088930 0.386146
vt 0.086153 0.384446
vt 0.089490 0.391434
vt 0.085201 0.391716
vt 0.417189 0.584440
vt 0.423703 0.596000
vt 0.410981 0.614353
vt 0.436198 0.577304
vt 0.149270 0.342135
vt 0.149251 0.343130
vt 0.123836 0.347657
vt 0.149125 0.341268
vt 0.443506 0.549914
vt 0.459136 0.465436
vt 0.432587 0.496600
vt 0.446364 0.536395
vt 0.085193 0.384633
vt 0.086061 0.384450
vt 0.097327 0.380010
vt 0.422714 0.558418
vt 0.425958 0.598067
vt 0.436546 0.577450
vt 0.451648 0.495340
vt 0.452442 0.480611
vt 0.452695 0.465526
vt 0.120640 0.358321
vt 0.093959 0.384750
vt 0.084253 0.399045
vt 0.084279 0.399035
vt 0.084251 0.399067
vt 0.084283 0.399002
vt 0.084308 0.399005
vt 0.084280 0.399055
vt 0.084303 0.399028
vt 0.084372 0.398912
vt 0.084348 0.398904
vt 0.084378 0.398865
vt 0.084358 0.398968
vt 0.084338 0.398963
vt 0.084315 0.398953
vt 0.084325 0.399013
vt 0.084290 0.399074
vt 0.084300 0.399049
vt 0.084337 0.399033
vt 0.084254 0.399080
vt 0.149223 0.343158
vt 0.149187 0.343151
vt 0.149292 0.343151
vt 0.149244 0.343168
vt 0.149182 0.343175
vt 0.149133 0.343174
vt 0.149205 0.343178
vt 0.149262 0.343190
vt 0.149227 0.343184
vt 0.149285 0.343169
vt 0.149196 0.343203
vt 0.149184 0.343191
vt 0.149082 0.343198
vt 0.149086 0.343221
vt 0.149039 0.343221
vt 0.149137 0.343195
vt 0.149140 0.343212
vt 0.082600 0.398453
vt 0.082605 0.398418
vt 0.082612 0.398511
vt 0.082596 0.398475
vt 0.410734 0.615094
vt 0.410720 0.614997
vt 0.410832 0.614831
vt 0.410629 0.615186
vt 0.410648 0.615076
vt 0.410557 0.615145
vt 0.410432 0.615313
vt 0.410567 0.615007
vt 0.410670 0.614969
vt 0.410559 0.615236
vt 0.410923 0.614577
vt 0.410855 0.614535
vt 0.410787 0.614784
vt 0.410714 0.614764
vt 0.149096 0.341244
vt 0.149146 0.341265
vt 0.410728 0.326713
vt 0.410718 0.326811
vt 0.410614 0.326620
vt 0.410485 0.326468
vt 0.410544 0.326583
vt 0.410642 0.326733
vt 0.410861 0.327284
vt 0.410927 0.327242
vt 0.410988 0.327469
vt 0.410716 0.327051
vt 0.410788 0.327029
vt 0.410833 0.326982
vt 0.410669 0.326840
vt 0.410546 0.326667
vt 0.410563 0.326804
vt 0.410446 0.326465
vt 0.104919 0.361122
vt 0.108422 0.358098
vt 0.104906 0.361106
vt 0.108409 0.358082
vt 0.459284 0.465435
vt 0.458968 0.480597
vt 0.459216 0.465435
vt 0.101626 0.364223
vt 0.101613 0.364207
vt 0.459035 0.480601
vt 0.458172 0.495397
vt 0.113062 0.364002
vt 0.116802 0.361074
vt 0.113076 0.364019
vt 0.116816 0.361092
vt 0.113090 0.364036
vt 0.116844 0.361130
vt 0.113106 0.364056
vt 0.120656 0.358341
vt 0.120670 0.358359
vt 0.116830 0.361109
vt 0.120696 0.358398
vt 0.115833 0.352564
vt 0.112074 0.355240
vt 0.115820 0.352547
vt 0.458920 0.450242
vt 0.457912 0.435152
vt 0.457979 0.435145
vt 0.112062 0.355224
vt 0.458852 0.450246
vt 0.109469 0.367089
vt 0.106095 0.370247
vt 0.109483 0.367106
vt 0.106108 0.370265
vt 0.109497 0.367123
vt 0.106123 0.370281
vt 0.106141 0.370299
vt 0.109514 0.367142
vt 0.102989 0.373400
vt 0.100117 0.376572
vt 0.103003 0.373418
vt 0.100131 0.376589
vt 0.103018 0.373434
vt 0.100147 0.376605
vt 0.100166 0.376621
vt 0.103036 0.373450
vt 0.098596 0.367325
vt 0.098583 0.367309
vt 0.458240 0.495405
vt 0.456901 0.509558
vt 0.095804 0.370464
vt 0.095791 0.370448
vt 0.456968 0.509569
vt 0.455152 0.523228
vt 0.093202 0.373705
vt 0.093189 0.373688
vt 0.455218 0.523242
vt 0.452891 0.536680
vt 0.090735 0.377131
vt 0.090724 0.377110
vt 0.452956 0.536700
vt 0.450055 0.550234
vt 0.097341 0.380032
vt 0.093970 0.384776
vt 0.097355 0.380050
vt 0.093980 0.384798
vt 0.097370 0.380065
vt 0.093994 0.384815
vt 0.420757 0.539094
vt 0.416811 0.557926
vt 0.423203 0.524741
vt 0.086129 0.384442
vt 0.085170 0.391765
vt 0.086107 0.384442
vt 0.085140 0.391806
vt 0.086085 0.384445
vt 0.085112 0.391833
vt 0.088355 0.380789
vt 0.088351 0.380758
vt 0.450118 0.550268
vt 0.446593 0.564139
vt 0.446648 0.564201
vt 0.442690 0.578283
vt 0.089492 0.391471
vt 0.089496 0.391503
vt 0.089505 0.391526
vt 0.404328 0.614999
vt 0.410893 0.584247
vt 0.124894 0.355683
vt 0.124909 0.355700
vt 0.120683 0.358377
vt 0.124933 0.355740
vt 0.130936 0.352464
vt 0.130955 0.352478
vt 0.124921 0.355718
vt 0.130982 0.352515
vt 0.123813 0.347642
vt 0.119702 0.350051
vt 0.123795 0.347629
vt 0.119689 0.350035
vt 0.123780 0.347613
vt 0.454281 0.404508
vt 0.456449 0.420058
vt 0.456516 0.420047
vt 0.140952 0.342983
vt 0.140995 0.342959
vt 0.141023 0.342936
vt 0.132640 0.343147
vt 0.132640 0.343127
vt 0.132640 0.343106
vt 0.132646 0.343084
vt 0.139629 0.348213
vt 0.139660 0.348220
vt 0.130970 0.352494
vt 0.139682 0.348231
vt 0.139695 0.348250
vt 0.128256 0.345275
vt 0.128226 0.345267
vt 0.447955 0.371442
vt 0.128205 0.345256
vt 0.451362 0.388146
vt 0.452999 0.465519
vt 0.452746 0.480600
vt 0.452895 0.465521
vt 0.452642 0.480603
vt 0.452790 0.465524
vt 0.452537 0.480607
vt 0.451952 0.495325
vt 0.451848 0.495329
vt 0.451744 0.495334
vt 0.432929 0.450507
vt 0.433310 0.466020
vt 0.433033 0.450506
vt 0.433414 0.466018
vt 0.433137 0.450505
vt 0.433518 0.466015
vt 0.431921 0.435077
vt 0.432025 0.435076
vt 0.432130 0.435077
vt 0.452633 0.450409
vt 0.451689 0.435381
vt 0.452529 0.450411
vt 0.451585 0.435382
vt 0.452424 0.450412
vt 0.451480 0.435381
vt 0.432282 0.496615
vt 0.433069 0.481499
vt 0.432386 0.496612
vt 0.433172 0.481496
vt 0.432490 0.496606
vt 0.433277 0.481492
vt 0.429292 0.525067
vt 0.431032 0.511089
vt 0.429396 0.525062
vt 0.431136 0.511085
vt 0.429501 0.525054
vt 0.431241 0.511078
vt 0.450687 0.509410
vt 0.450582 0.509414
vt 0.450477 0.509421
vt 0.448940 0.522998
vt 0.448835 0.523003
vt 0.448729 0.523011
vt 0.446674 0.536360
vt 0.446568 0.536367
vt 0.446462 0.536380
vt 0.443830 0.549819
vt 0.443721 0.549840
vt 0.443609 0.549874
vt 0.422809 0.558415
vt 0.426833 0.539531
vt 0.422915 0.558394
vt 0.426937 0.539524
vt 0.423024 0.558359
vt 0.427042 0.539510
vt 0.423626 0.596568
vt 0.436456 0.577427
vt 0.423623 0.596422
vt 0.436363 0.577394
vt 0.423653 0.596225
vt 0.436274 0.577353
vt 0.083469 0.391676
vt 0.440351 0.563632
vt 0.440232 0.563686
vt 0.440108 0.563769
vt 0.416848 0.584682
vt 0.416960 0.584626
vt 0.417077 0.584540
vt 0.430028 0.418759
vt 0.430132 0.418760
vt 0.430237 0.418766
vt 0.425880 0.396444
vt 0.425986 0.396462
vt 0.426094 0.396493
vt 0.450194 0.420372
vt 0.448020 0.404925
vt 0.450089 0.420369
vt 0.447912 0.404906
vt 0.449983 0.420364
vt 0.447802 0.404877
vt 0.149061 0.341246
vt 0.426178 0.348916
vt 0.426172 0.349060
vt 0.426200 0.349254
vt 0.426226 0.348837
vt 0.441703 0.372013
vt 0.441606 0.372043
vt 0.441512 0.372080
vt 0.418652 0.364302
vt 0.418764 0.364358
vt 0.418883 0.364445
vt 0.445109 0.388640
vt 0.444994 0.388589
vt 0.444874 0.388508
vt 0.407341 0.326480
vt 0.410432 0.326500
vt 0.404332 0.326623
vt 0.149293 0.342139
vt 0.404378 0.615251
vt 0.083392 0.398834
vt 0.407385 0.615330
vt 0.082615 0.398502
vt 0.404328 0.326695
vt 0.423674 0.596648
vt 0.084268 0.399081
vt 0.149279 0.343139
vt 0.442765 0.578272
vt 0.119677 0.350018
vt 0.141053 0.341349
vt 0.108054 0.336564
vt 0.106334 0.341823
vt 0.104080 0.338901
vt 0.407588 0.445170
vt 0.405153 0.459719
vt 0.404700 0.445254
vt 0.102487 0.344383
vt 0.101018 0.350105
vt 0.098776 0.347172
vt 0.377050 0.490158
vt 0.379140 0.504161
vt 0.376265 0.504157
vt 0.091956 0.353285
vt 0.086739 0.353486
vt 0.089729 0.350344
vt 0.406707 0.430772
vt 0.403813 0.430864
vt 0.375935 0.430838
vt 0.377085 0.414950
vt 0.378799 0.430700
vt 0.377417 0.460642
vt 0.380313 0.475521
vt 0.377445 0.475572
vt 0.093013 0.347236
vt 0.096538 0.344244
vt 0.097480 0.353110
vt 0.095245 0.350170
vt 0.377930 0.517787
vt 0.375039 0.517736
vt 0.404285 0.527800
vt 0.402831 0.514880
vt 0.405723 0.514843
vt 0.406830 0.501746
vt 0.404716 0.488266
vt 0.407603 0.488218
vt 0.376090 0.532159
vt 0.373182 0.532038
vt 0.372910 0.551972
vt 0.370025 0.551784
vt 0.400376 0.554653
vt 0.399582 0.541014
vt 0.402512 0.540974
vt 0.088959 0.356431
vt 0.084018 0.356687
vt 0.367932 0.580787
vt 0.365072 0.580589
vt 0.362425 0.614619
vt 0.359570 0.614290
vt 0.398004 0.568692
vt 0.397422 0.554698
vt 0.083661 0.363072
vt 0.079178 0.363513
vt 0.081517 0.360004
vt 0.405432 0.416381
vt 0.402528 0.416481
vt 0.403703 0.401509
vt 0.400778 0.401627
vt 0.370825 0.393597
vt 0.368104 0.362382
vt 0.373633 0.393387
vt 0.104736 0.347312
vt 0.401386 0.385719
vt 0.398444 0.385877
vt 0.398447 0.369261
vt 0.395539 0.369698
vt 0.365341 0.362544
vt 0.362432 0.325912
vt 0.115656 0.336938
vt 0.112856 0.342310
vt 0.110452 0.339437
vt 0.402272 0.459790
vt 0.401813 0.445339
vt 0.392392 0.489192
vt 0.400677 0.501859
vt 0.391631 0.502976
vt 0.379918 0.490132
vt 0.382022 0.504162
vt 0.381225 0.517795
vt 0.388868 0.530039
vt 0.379410 0.532223
vt 0.400922 0.430958
vt 0.399624 0.416585
vt 0.380288 0.460569
vt 0.382665 0.445492
vt 0.383160 0.460497
vt 0.383185 0.475471
vt 0.379793 0.445591
vt 0.381671 0.430562
vt 0.405140 0.474158
vt 0.403944 0.501787
vt 0.401832 0.488314
vt 0.401059 0.501827
vt 0.379014 0.532278
vt 0.382411 0.504130
vt 0.390497 0.516353
vt 0.401379 0.527838
vt 0.399939 0.514915
vt 0.398470 0.527871
vt 0.370791 0.580991
vt 0.386283 0.546535
vt 0.376205 0.552032
vt 0.396650 0.541047
vt 0.395022 0.568730
vt 0.394466 0.554737
vt 0.365397 0.614585
vt 0.400540 0.430956
vt 0.392323 0.445414
vt 0.391385 0.430762
vt 0.379955 0.414763
vt 0.376444 0.393169
vt 0.397856 0.401750
vt 0.395513 0.386038
vt 0.389886 0.415684
vt 0.397460 0.401656
vt 0.399239 0.416566
vt 0.370850 0.362209
vt 0.365672 0.326310
vt 0.392699 0.370132
vt 0.376928 0.445690
vt 0.383852 0.345044
vt 0.381621 0.346277
vt 0.379371 0.347514
vt 0.383052 0.445485
vt 0.382059 0.430560
vt 0.382791 0.490105
vt 0.383547 0.460483
vt 0.122554 0.334071
vt 0.119032 0.339475
vt 0.100241 0.341458
vt 0.376836 0.393265
vt 0.382888 0.374110
vt 0.387187 0.397488
vt 0.073894 0.379761
vt 0.072177 0.388288
vt 0.073074 0.379776
vt 0.071333 0.388047
vt 0.072253 0.379790
vt 0.399554 0.514955
vt 0.408027 0.474100
vt 0.401432 0.445345
vt 0.392802 0.460137
vt 0.402256 0.474216
vt 0.130307 0.330919
vt 0.128276 0.335758
vt 0.121460 0.330375
vt 0.116867 0.332309
vt 0.392348 0.370239
vt 0.395093 0.385795
vt 0.371253 0.362477
vt 0.379359 0.348106
vt 0.080889 0.367419
vt 0.076950 0.367255
vt 0.091181 0.359384
vt 0.086230 0.359635
vt 0.380832 0.517833
vt 0.394025 0.555032
vt 0.382516 0.567879
vt 0.094185 0.356232
vt 0.088442 0.362590
vt 0.392802 0.474830
vt 0.383572 0.475451
vt 0.374224 0.415135
vt 0.380343 0.414779
vt 0.077614 0.373168
vt 0.074889 0.370946
vt 0.078199 0.379117
vt 0.074009 0.379610
vt 0.371208 0.580686
vt 0.378759 0.591473
vt 0.365907 0.613598
vt 0.391658 0.568653
vt 0.130454 0.330826
vt 0.139284 0.330534
vt 0.139398 0.331390
vt 0.112286 0.334386
vt 0.130530 0.330006
vt 0.139146 0.329665
vt 0.396245 0.541182
vt 0.408042 0.459647
vt 0.383179 0.490079
vt 0.398081 0.527931
vt 0.073937 0.371239
vt 0.074803 0.370960
vt 0.085802 0.366146
vt 0.375804 0.552164
vt 0.073069 0.371515
vt 0.401450 0.488339
vt 0.401874 0.474235
vt 0.401891 0.459803
vt 0.108592 0.344748
vt 0.082586 0.371328
vt 0.073013 0.388496
vt 0.073039 0.388483
vt 0.073008 0.388516
vt 0.073044 0.388447
vt 0.073070 0.388444
vt 0.073039 0.388505
vt 0.073064 0.388470
vt 0.073140 0.388329
vt 0.073113 0.388324
vt 0.073146 0.388271
vt 0.359485 0.613869
vt 0.359420 0.613883
vt 0.359450 0.613649
vt 0.073101 0.388392
vt 0.073078 0.388386
vt 0.359463 0.614060
vt 0.359410 0.614079
vt 0.359507 0.614212
vt 0.359522 0.614090
vt 0.359561 0.614390
vt 0.359494 0.614289
vt 0.359457 0.614153
vt 0.139385 0.331416
vt 0.139350 0.331414
vt 0.139430 0.331391
vt 0.139407 0.331419
vt 0.139347 0.331440
vt 0.139292 0.331439
vt 0.139372 0.331439
vt 0.359561 0.326121
vt 0.359501 0.326180
vt 0.359563 0.326056
vt 0.359510 0.326293
vt 0.359451 0.326314
vt 0.359493 0.326108
vt 0.359561 0.326021
vt 0.359451 0.326228
vt 0.139232 0.331465
vt 0.139236 0.331493
vt 0.139181 0.331489
vt 0.139297 0.331464
vt 0.359410 0.326480
vt 0.359473 0.326493
vt 0.359438 0.326687
vt 0.139351 0.331457
vt 0.071312 0.388011
vt 0.071317 0.387973
vt 0.365421 0.614692
vt 0.365513 0.614562
vt 0.365579 0.614519
vt 0.365686 0.614414
vt 0.365671 0.614311
vt 0.365775 0.614125
vt 0.365602 0.614398
vt 0.365513 0.614474
vt 0.365407 0.614658
vt 0.365525 0.614331
vt 0.365625 0.614282
vt 0.365856 0.613843
vt 0.365791 0.613801
vt 0.365730 0.614075
vt 0.365662 0.614058
vt 0.365855 0.326256
vt 0.365862 0.326410
vt 0.365776 0.326203
vt 0.365937 0.326504
vt 0.365920 0.326587
vt 0.365806 0.326358
vt 0.365867 0.326511
vt 0.366024 0.327010
vt 0.366086 0.326976
vt 0.366131 0.327186
vt 0.365907 0.326795
vt 0.365971 0.326780
vt 0.366013 0.326741
vt 0.365876 0.326607
vt 0.365790 0.326437
vt 0.365788 0.326565
vt 0.365729 0.326187
vt 0.092998 0.347216
vt 0.096524 0.344224
vt 0.092985 0.347200
vt 0.096511 0.344208
vt 0.408183 0.459645
vt 0.408104 0.474100
vt 0.408118 0.459645
vt 0.089714 0.350325
vt 0.089701 0.350308
vt 0.408168 0.474102
vt 0.407679 0.488219
vt 0.101033 0.350125
vt 0.376709 0.445703
vt 0.377269 0.460644
vt 0.377198 0.460644
vt 0.376780 0.445698
vt 0.377338 0.460643
vt 0.104752 0.347332
vt 0.375718 0.430864
vt 0.375787 0.430852
vt 0.376849 0.445693
vt 0.104065 0.338882
vt 0.100226 0.341439
vt 0.104053 0.338865
vt 0.407729 0.445164
vt 0.406783 0.430768
vt 0.406847 0.430762
vt 0.100214 0.341422
vt 0.407664 0.445167
vt 0.097495 0.353131
vt 0.094200 0.356252
vt 0.376832 0.490141
vt 0.377297 0.475569
vt 0.376902 0.490151
vt 0.377366 0.475572
vt 0.376971 0.490157
vt 0.377226 0.475564
vt 0.091196 0.359404
vt 0.088457 0.362610
vt 0.374822 0.517695
vt 0.376116 0.504144
vt 0.374891 0.517717
vt 0.376186 0.504154
vt 0.374960 0.517731
vt 0.376047 0.504128
vt 0.086724 0.353467
vt 0.086711 0.353450
vt 0.407744 0.488223
vt 0.406907 0.501748
vt 0.084002 0.356667
vt 0.083989 0.356651
vt 0.406971 0.501755
vt 0.405800 0.514845
vt 0.081502 0.359983
vt 0.081488 0.359966
vt 0.405864 0.514856
vt 0.404363 0.527804
vt 0.079167 0.363486
vt 0.079156 0.363466
vt 0.404426 0.527819
vt 0.402589 0.540982
vt 0.085816 0.366168
vt 0.082597 0.371355
vt 0.369821 0.551674
vt 0.373035 0.532008
vt 0.369882 0.551730
vt 0.373102 0.532029
vt 0.369947 0.551768
vt 0.372968 0.531976
vt 0.074865 0.370945
vt 0.073978 0.379667
vt 0.074846 0.370946
vt 0.073948 0.379716
vt 0.074826 0.370952
vt 0.073920 0.379749
vt 0.076947 0.367216
vt 0.076944 0.367185
vt 0.402650 0.541011
vt 0.400452 0.554672
vt 0.400506 0.554729
vt 0.398084 0.568684
vt 0.078202 0.379159
vt 0.364936 0.580493
vt 0.364996 0.580561
vt 0.364883 0.580391
vt 0.108607 0.344768
vt 0.374011 0.415181
vt 0.374078 0.415159
vt 0.375856 0.430843
vt 0.112873 0.342330
vt 0.370624 0.393688
vt 0.370685 0.393642
vt 0.374146 0.415144
vt 0.112265 0.334370
vt 0.108038 0.336545
vt 0.112247 0.334356
vt 0.405573 0.416365
vt 0.403780 0.401498
vt 0.403842 0.401473
vt 0.108025 0.336529
vt 0.405508 0.416376
vt 0.130362 0.330896
vt 0.130409 0.330874
vt 0.130441 0.330850
vt 0.121459 0.330350
vt 0.121460 0.330329
vt 0.121466 0.330308
vt 0.121474 0.330285
vt 0.119055 0.339492
vt 0.365158 0.362717
vt 0.365209 0.362627
vt 0.370749 0.393611
vt 0.365267 0.362568
vt 0.128314 0.335769
vt 0.116832 0.332299
vt 0.401520 0.385643
vt 0.398528 0.369261
vt 0.398598 0.369273
vt 0.116803 0.332290
vt 0.401462 0.385698
vt 0.402182 0.459793
vt 0.402165 0.474219
vt 0.402083 0.459796
vt 0.402066 0.474224
vt 0.401983 0.459800
vt 0.401966 0.474229
vt 0.401742 0.488317
vt 0.401642 0.488323
vt 0.401542 0.488331
vt 0.382757 0.445489
vt 0.383252 0.460494
vt 0.382857 0.445487
vt 0.383352 0.460491
vt 0.382958 0.445486
vt 0.383453 0.460487
vt 0.381763 0.430559
vt 0.381863 0.430558
vt 0.381964 0.430559
vt 0.401723 0.445341
vt 0.400831 0.430959
vt 0.401623 0.445343
vt 0.400731 0.430959
vt 0.401523 0.445344
vt 0.400631 0.430958
vt 0.382883 0.490102
vt 0.383277 0.475468
vt 0.382984 0.490096
vt 0.383377 0.475463
vt 0.383085 0.490088
vt 0.383478 0.475457
vt 0.380925 0.517831
vt 0.382114 0.504159
vt 0.381027 0.517822
vt 0.382215 0.504152
vt 0.381129 0.517809
vt 0.382317 0.504141
vt 0.400969 0.501830
vt 0.400869 0.501838
vt 0.400768 0.501849
vt 0.399848 0.514919
vt 0.399747 0.514928
vt 0.399646 0.514941
vt 0.398378 0.527877
vt 0.398277 0.527891
vt 0.398174 0.527910
vt 0.396556 0.541059
vt 0.396450 0.541089
vt 0.396343 0.541133
vt 0.375897 0.552157
vt 0.379108 0.532275
vt 0.376001 0.552129
vt 0.379210 0.532264
vt 0.376106 0.552084
vt 0.379314 0.532245
vt 0.392037 0.568763
vt 0.378721 0.592063
vt 0.391942 0.568752
vt 0.378706 0.591916
vt 0.391839 0.568728
vt 0.378722 0.591710
vt 0.391741 0.568694
vt 0.072228 0.379777
vt 0.394367 0.554761
vt 0.394252 0.554826
vt 0.394134 0.554922
vt 0.370884 0.580971
vt 0.370991 0.580906
vt 0.371102 0.580805
vt 0.380047 0.414760
vt 0.380147 0.414763
vt 0.380249 0.414770
vt 0.376535 0.393172
vt 0.376636 0.393192
vt 0.376739 0.393225
vt 0.399533 0.416585
vt 0.397763 0.401745
vt 0.399433 0.416582
vt 0.397660 0.401725
vt 0.399332 0.416575
vt 0.397556 0.401693
vt 0.379323 0.347586
vt 0.379311 0.347720
vt 0.379327 0.347901
vt 0.392612 0.370149
vt 0.392519 0.370174
vt 0.392429 0.370204
vt 0.370941 0.362227
vt 0.371044 0.362285
vt 0.371151 0.362373
vt 0.395418 0.386022
vt 0.395309 0.385970
vt 0.395198 0.385890
vt 0.362428 0.325836
vt 0.365701 0.326225
vt 0.139167 0.329663
vt 0.139305 0.330536
vt 0.359567 0.614357
vt 0.072176 0.388309
vt 0.362416 0.614689
vt 0.071328 0.388067
vt 0.130602 0.329186
vt 0.139419 0.331389
vt 0.398147 0.568664
vt 0.378776 0.592135
vn -0.373300 -0.888800 0.265800
vn -0.407400 -0.823000 0.395800
vn -0.472300 -0.818300 0.327600
vn 0.883200 0.398500 0.247300
vn 0.817300 0.400100 0.414600
vn 0.869900 0.342500 0.354900
vn 0.813800 0.330400 0.478100
vn 0.883000 0.232900 0.407400
vn -0.374900 0.294500 -0.879000
vn -0.408500 0.422700 -0.809000
vn -0.349900 0.365000 -0.862800
vn -0.340000 0.487400 -0.804300
vn -0.241500 0.419400 -0.875100
vn -0.240600 -0.888700 0.390200
vn -0.348900 -0.874900 0.335800
vn -0.528600 0.446800 -0.721800
vn -0.463200 0.476600 -0.747200
vn 0.756800 0.453900 0.470300
vn 0.731000 0.422900 0.535600
vn -0.433600 0.541600 -0.720200
vn -0.432100 -0.738600 0.517400
vn -0.462200 -0.763000 0.451800
vn -0.527700 -0.736600 0.423100
vn 0.731100 0.519900 0.441800
vn -0.290600 -0.930600 -0.222800
vn -0.167900 -0.984100 0.057100
vn -0.549900 -0.835200 -0.010000
vn -0.396400 -0.819200 -0.414400
vn 0.008800 -0.896700 -0.442500
vn 0.098900 -0.972800 -0.209500
vn -0.121600 -0.690000 -0.713500
vn -0.292000 -0.191400 -0.937100
vn -0.550700 0.017700 -0.834500
vn -0.169300 0.089600 -0.981500
vn 0.007800 -0.412100 -0.911100
vn -0.396700 -0.385800 -0.832900
vn -0.652000 -0.199400 -0.731600
vn 0.342400 -0.809500 -0.476800
vn 0.341700 -0.448600 -0.825800
vn 0.474400 -0.611600 -0.633100
vn 0.211900 -0.679100 -0.702800
vn 0.097900 -0.176700 -0.979400
vn 0.937800 0.298800 -0.176800
vn 0.825500 0.563800 -0.028300
vn 0.975800 0.209300 0.063800
vn 0.895900 0.004400 -0.444200
vn 0.882200 0.358500 -0.305400
vn 0.694100 0.683500 -0.225800
vn 0.696600 0.175900 -0.695600
vn 0.477400 -0.306800 -0.823400
vn 0.816200 -0.313500 -0.485300
vn 0.623600 -0.457700 -0.633800
vn 0.222100 -0.085600 -0.971300
vn 0.685100 -0.229500 -0.691300
vn 0.969100 -0.099700 -0.225600
vn 0.442000 0.012600 -0.896900
vn 0.180400 0.312700 -0.932600
vn -0.061800 0.228600 -0.971600
vn 0.037700 0.578400 -0.814900
vn 0.310700 0.369800 -0.875700
vn 0.181500 -0.942100 0.281900
vn 0.038300 -0.833700 0.550900
vn -0.060600 -0.978600 0.196500
vn 0.443300 -0.896200 -0.016800
vn 0.311300 -0.887400 0.340100
vn 0.238200 -0.704400 0.668700
vn 0.697000 -0.700700 0.152700
vn 0.816400 -0.474000 -0.329800
vn 0.478100 -0.811900 -0.334900
vn 0.624300 -0.617600 -0.478400
vn 0.969000 -0.222800 -0.107000
vn 0.685500 -0.682700 -0.253000
vn 0.223300 -0.967600 -0.118200
vn 0.895700 -0.444500 -0.010300
vn 0.937400 -0.187400 0.293400
vn 0.975700 0.055600 0.212000
vn 0.825100 -0.048000 0.563000
vn 0.881900 -0.317700 0.348400
vn -0.357300 -0.381500 0.852500
vn -0.566000 -0.498900 0.656300
vn -0.188700 -0.659100 0.728000
vn 0.064600 -0.080200 0.994700
vn -0.464000 -0.025300 0.885500
vn -0.650500 -0.142700 0.746000
vn -0.151100 0.135900 0.979100
vn 0.368500 0.343100 0.864000
vn 0.647900 0.176700 0.740900
vn 0.489100 0.554900 0.673000
vn 0.011900 0.449800 0.893000
vn 0.535800 -0.035300 0.843600
vn -0.618000 0.252300 0.744600
vn -0.263400 0.606600 0.750100
vn -0.523400 0.513300 0.680200
vn -0.370700 0.357900 0.857000
vn 0.131600 0.638600 0.758200
vn -0.857100 -0.372200 0.356000
vn -0.738000 -0.649800 0.182000
vn -0.662000 -0.496500 0.561500
vn -0.883600 -0.017400 0.467900
vn -0.949700 -0.274100 0.151700
vn -0.845000 -0.534000 -0.027000
vn -0.975700 0.152000 0.158000
vn -0.738000 0.615600 0.276300
vn -0.737800 0.254700 0.625200
vn -0.669600 0.516000 0.534300
vn -0.746300 0.655000 -0.118100
vn -0.848900 0.366800 0.380500
vn -0.745400 -0.140700 0.651600
vn -0.884200 0.467100 -0.000600
vn -0.857900 0.367400 -0.359200
vn -0.662900 0.576900 -0.477200
vn -0.738600 0.203100 -0.642800
vn -0.950100 0.159800 -0.268000
vn 0.368300 0.851000 0.374300
vn 0.489500 0.652700 0.578300
vn 0.647800 0.734200 0.203300
vn 0.063900 0.997000 -0.044500
vn 0.011500 0.876800 0.480800
vn 0.131400 0.735500 0.664700
vn -0.152000 0.973700 0.169800
vn -0.358700 0.864700 -0.351500
vn -0.190400 0.749600 -0.633900
vn -0.567600 0.671900 -0.475800
vn -0.465300 0.885100 0.005400
vn 0.019800 0.853600 -0.520500
vn -0.263700 0.728400 0.632300
vn -0.618400 0.735000 0.278200
vn -0.523600 0.661700 0.536600
vn -0.371200 0.843800 0.387700
vn -0.651400 0.749700 -0.116500
vn -0.155700 -0.977800 0.140200
vn 0.118900 -0.983600 -0.135500
vn 0.376100 -0.839700 -0.391600
vn 0.485300 -0.717700 -0.499400
vn 0.975800 0.151700 0.157800
vn 0.985300 -0.118900 -0.122800
vn 0.844800 -0.371900 -0.384600
vn 0.724400 -0.479200 -0.495700
vn 0.376100 -0.363000 -0.852500
vn 0.118200 -0.102200 -0.987700
vn -0.157200 0.173600 -0.972200
vn 0.485400 -0.475100 -0.734000
vn -0.688200 0.209900 0.694500
vn -0.695500 -0.180300 0.695500
vn -0.597100 -0.542500 0.590900
vn -0.644500 0.396500 0.653700
vn -0.219600 0.677800 0.701600
vn 0.170200 0.684500 0.708900
vn 0.534600 0.586900 0.608100
vn -0.406000 0.635000 0.657200
vn -0.598100 0.608100 -0.522000
vn -0.696200 0.700500 -0.156600
vn -0.688700 0.686500 0.233200
vn -0.644700 0.639400 0.418900
vn 0.803300 0.258700 0.536500
vn 0.618500 -0.170600 0.767000
vn 0.693900 -0.249600 0.675500
vn 0.158500 -0.630900 0.759500
vn -0.268100 -0.810900 0.520200
vn 0.618100 -0.171100 0.767200
vn 0.159100 -0.630500 0.759700
vn -0.339000 -0.820500 0.460300
vn -0.532400 0.284900 -0.797100
vn -0.772100 -0.143300 -0.619100
vn -0.845200 -0.008600 -0.534400
vn -0.771800 -0.614400 -0.163600
vn -0.531200 -0.806800 0.258600
vn -0.473400 0.354300 -0.806400
vn -0.772500 -0.144500 -0.618400
vn -0.772200 -0.613700 -0.164700
vn -0.269500 0.546800 -0.792700
vn 0.158100 0.780700 -0.604600
vn 0.236900 0.692200 -0.681700
vn 0.619200 0.771800 -0.144500
vn 0.813700 0.466100 0.347400
vn 0.157500 0.780500 -0.605000
vn 0.618800 0.772000 -0.145400
vn 0.803000 0.527000 0.278100
vn -0.651600 -0.724700 -0.224100
vn 0.021800 -0.548900 0.835600
vn 0.536100 0.844200 -0.005100
vn -0.529600 0.446000 -0.721600
vn -0.407500 0.418900 -0.811500
vn -0.477000 0.485600 -0.732600
vn -0.506200 0.597800 0.621600
vn -0.586400 0.561400 0.583900
vn -0.588400 0.560700 0.582600
vn 0.403500 0.828800 -0.387600
vn 0.460000 0.766300 -0.448500
vn 0.431700 0.799100 -0.418400
vn 0.413400 0.826300 -0.382600
vn 0.302700 0.887600 -0.347300
vn 0.353800 0.877600 -0.323500
vn -0.583200 0.563000 0.585600
vn -0.514100 0.683300 0.518400
vn -0.585200 0.560200 0.586300
vn 0.436200 0.707100 -0.556600
vn 0.370100 0.760300 -0.533800
vn -0.798000 -0.479500 -0.365100
vn -0.801700 -0.413100 -0.432000
vn -0.798000 -0.479300 -0.365300
vn 0.439100 0.792200 -0.423800
vn 0.451400 0.785400 -0.423500
vn 0.438900 0.792400 -0.423700
vn -0.658800 0.521700 0.542000
vn -0.585600 0.559400 0.586600
vn -0.501300 0.702500 0.505100
vn -0.579700 0.729600 0.362800
vn -0.579100 0.561000 0.591500
vn -0.581100 0.559500 0.591000
vn -0.516700 0.676700 0.524500
vn -0.797000 -0.417700 -0.436300
vn -0.786500 -0.427600 -0.445700
vn -0.797100 -0.417600 -0.436200
vn 0.410000 0.826100 -0.386700
vn 0.548200 0.742000 -0.385900
vn 0.451000 0.784900 -0.424800
vn -0.586400 0.561000 0.584300
vn -0.569400 0.326600 0.754300
vn -0.582900 0.557400 0.591100
vn 0.441000 0.708300 -0.551200
vn 0.543900 0.743700 -0.388800
vn -0.623000 0.473800 0.622400
vn -0.585300 0.559800 0.586600
vn -0.852200 -0.355100 -0.384300
vn -0.807800 -0.342000 -0.480100
vn -0.860400 -0.304900 -0.408300
vn 0.411900 -0.425100 0.806000
vn 0.527800 -0.405500 0.746400
vn 0.515300 -0.393800 0.761200
vn -0.514400 -0.754800 0.407000
vn -0.408400 -0.826400 0.387700
vn -0.461700 -0.823000 0.330900
vn 0.750000 0.456000 0.479100
vn 0.809200 0.346800 0.474200
vn 0.736000 0.423300 0.528400
vn 0.362600 -0.344500 0.865900
vn 0.367900 -0.458300 0.809000
vn 0.307600 -0.375500 0.874300
vn -0.856000 -0.418900 -0.302900
vn -0.860800 -0.351600 -0.367900
vn -0.801100 -0.413700 -0.432600
vn -0.683200 0.509100 0.523500
vn -0.462300 -0.768900 0.441800
vn -0.351300 -0.825200 0.442400
vn 0.286900 -0.458500 0.841100
vn 0.430000 -0.441500 0.787500
vn -0.519700 0.673500 0.525700
vn -0.351200 0.473500 -0.807800
vn -0.438600 0.539300 -0.718900
vn 0.737000 0.508300 0.445500
vn 0.811300 0.402800 0.423800
vn -0.860300 -0.352100 -0.368700
vn -0.585500 0.560200 0.586000
vn -0.655900 0.522500 0.544800
vn -0.542700 0.602100 0.585600
vn -0.530400 0.659500 0.532700
vn 0.392800 0.874900 -0.283400
vn 0.466200 0.822400 -0.326200
vn -0.859900 -0.352600 -0.369000
vn 0.390400 -0.290800 0.873500
vn 0.423400 -0.402500 0.811600
vn -0.580600 0.559100 0.591900
vn -0.659300 0.521600 0.541600
vn -0.659200 0.521800 0.541400
vn 0.338400 -0.483800 0.807100
vn 0.430100 -0.441100 0.787700
vn -0.588700 0.560600 0.582400
vn -0.859700 -0.353500 -0.368700
vn -0.786500 -0.427700 -0.445500
vn -0.542300 0.518400 0.661200
vn -0.862600 -0.382400 -0.331300
vn -0.811200 -0.398000 -0.428400
vn -0.652700 0.522500 0.548600
vn -0.853300 -0.362100 -0.375300
vn -0.752100 -0.386300 -0.534000
vn 0.459300 0.766600 -0.448700
vn -0.754800 -0.393300 -0.525000
vn -0.436400 0.520500 -0.733900
vn -0.875300 -0.289700 -0.387200
vn -0.809400 -0.453300 -0.373400
vn -0.864700 -0.340500 -0.369200
vn 0.312100 -0.372400 0.874100
vn 0.731200 0.435600 0.525000
vn 0.809100 0.457300 0.369100
vn 0.750100 0.456100 0.479000
vn -0.627600 0.514100 0.584600
vn -0.583700 0.520900 0.622900
vn 0.367600 0.866700 -0.337300
vn 0.358200 0.824800 -0.437500
vn -0.463600 -0.767300 0.443100
vn -0.511600 -0.751000 0.417500
vn -0.435700 -0.753000 0.493100
vn 0.474600 -0.346500 0.809100
vn 0.363600 -0.345400 0.865100
vn -0.592100 0.582600 0.556800
vn 0.520600 -0.411500 0.748100
vn -0.544000 0.560600 0.624400
vn 0.373700 0.886600 -0.272500
vn -0.610600 0.590000 0.528200
vn -0.603200 0.572600 0.555200
vn -0.460000 0.363100 -0.810300
vn -0.463000 0.472200 -0.750100
vn -0.687200 0.601000 -0.408100
vn -0.673800 0.315400 -0.668200
vn -0.778600 0.627300 0.019600
vn -0.802400 0.469200 -0.368600
vn -0.811400 0.152500 -0.564200
vn -0.788900 0.557200 -0.259300
vn -0.857300 0.396300 -0.328600
vn -0.726400 0.555300 0.404900
vn -0.676200 0.645800 0.354500
vn -0.670800 0.727500 0.144500
vn -0.710600 0.659500 0.245300
vn -0.705600 0.708500 -0.012100
vn -0.848200 0.526400 -0.058500
vn -0.884200 -0.080800 -0.460000
vn -0.968600 -0.078300 -0.235800
vn -0.942300 0.258000 -0.213300
vn -0.973900 0.224500 -0.033100
vn 0.083300 0.978000 -0.191500
vn 0.091900 0.900500 -0.425000
vn 0.317100 0.876100 -0.363200
vn -0.723700 0.676300 0.137500
vn -0.254100 0.949300 -0.185200
vn -0.226600 0.974000 -0.000000
vn -0.143200 0.828300 -0.541600
vn -0.699700 0.714300 -0.013100
vn -0.391400 0.866700 -0.309300
vn -0.660200 0.660000 0.358400
vn -0.569600 0.710200 0.413700
vn -0.635500 0.771600 0.028700
vn -0.665800 0.703100 0.249800
vn -0.527800 0.848300 -0.042500
vn -0.309100 0.688300 -0.656300
vn -0.602100 0.688900 -0.403700
vn -0.469500 0.809600 -0.352300
vn -0.549000 0.797600 -0.249800
vn -0.568400 -0.485200 0.664400
vn -0.311500 -0.678600 0.665200
vn -0.430200 -0.755000 0.494900
vn -0.580200 -0.026100 0.814100
vn -0.426600 -0.369000 0.825800
vn -0.121000 -0.572000 0.811300
vn -0.326500 -0.241900 0.913700
vn -0.268900 -0.353900 0.895800
vn -0.508400 0.382700 0.771400
vn -0.607100 0.333100 0.721400
vn -0.335900 0.099000 0.936700
vn -0.521400 0.230300 0.821600
vn -0.449700 -0.065300 0.890800
vn -0.389900 -0.026600 0.920500
vn 0.108300 -0.466300 0.878000
vn 0.055500 -0.157500 0.986000
vn -0.163600 -0.238200 0.957300
vn 0.738000 -0.123500 0.663400
vn 0.492100 -0.328100 0.806400
vn 0.838000 0.035500 0.544500
vn 0.687000 -0.096400 0.720200
vn 0.424300 -0.233800 0.874800
vn 0.731600 0.083300 0.676600
vn 0.588600 0.190000 0.785800
vn 0.407200 0.896200 -0.176200
vn 0.737900 0.668200 -0.094600
vn 0.507400 0.786200 -0.352700
vn 0.173700 0.983200 0.056600
vn 0.658300 0.752600 0.018400
vn 0.841500 0.535300 0.073400
vn 0.726700 0.653100 0.213100
vn 0.725300 0.682100 0.092700
vn 0.336500 0.528000 0.779800
vn 0.364100 0.596200 0.715500
vn -0.053200 0.874400 0.482300
vn 0.389500 0.101200 0.915500
vn 0.502500 0.803100 0.320400
vn 0.488900 0.553100 0.674600
vn 0.040500 0.830600 -0.555400
vn 0.294700 0.846700 -0.443000
vn 0.116800 0.671200 -0.732000
vn -0.098600 0.763800 -0.637800
vn 0.022400 0.862700 -0.505200
vn 0.069000 0.958800 -0.275700
vn -0.176500 0.822200 -0.541100
vn -0.834300 -0.289100 -0.469400
vn -0.870700 0.131700 -0.473800
vn -0.727400 -0.039300 -0.685000
vn -0.970300 0.230900 0.071500
vn -0.963200 -0.051400 -0.263800
vn -0.602600 0.117500 -0.789300
vn -0.794300 0.376400 -0.476900
vn -0.813800 0.218200 -0.538600
vn -0.270000 0.962800 0.008600
vn -0.809900 0.523900 0.263800
vn -0.639200 0.766800 0.057900
vn -0.535800 0.843800 -0.028500
vn -0.765500 0.638600 0.078400
vn -0.789600 -0.613600 -0.003300
vn -0.968100 -0.238100 -0.078200
vn -0.684200 -0.706900 0.179200
vn -0.883800 -0.435400 0.171100
vn -0.868500 -0.152300 0.471700
vn -0.972200 0.062800 0.225400
vn -0.745600 -0.303600 0.593200
vn -0.032300 -0.471000 0.881600
vn 0.015900 -0.635900 0.771600
vn 0.213700 -0.384900 0.897900
vn -0.303900 -0.250600 0.919100
vn -0.176800 -0.545200 0.819500
vn -0.180600 -0.758500 0.626100
vn -0.232400 -0.463600 0.855000
vn -0.814100 0.214500 0.539600
vn -0.275300 -0.017100 0.961200
vn -0.627800 0.008500 0.778300
vn 0.021200 -0.247300 0.968700
vn 0.162400 -0.051700 0.985400
vn 0.468700 -0.098100 0.877900
vn -0.110900 0.326800 0.938600
vn 0.233900 0.161900 0.958700
vn 0.562600 0.121800 0.817700
vn 0.238200 0.282000 0.929400
vn 0.331000 0.261500 0.906700
vn -0.359100 0.587500 0.725200
vn -0.405000 0.492400 0.770400
vn 0.004100 0.564800 0.825200
vn -0.249700 0.509000 0.823800
vn 0.030700 0.383300 0.923100
vn 0.048800 0.441400 0.896000
vn 0.662400 0.304700 0.684400
vn 0.460100 0.557200 0.691300
vn 0.352500 0.420800 0.835900
vn 0.464200 0.882700 -0.072900
vn 0.204100 0.977800 -0.046700
vn 0.568600 0.808700 0.150900
vn 0.243400 0.946600 0.211300
vn -0.069000 0.922500 0.379800
vn 0.360400 0.869100 0.338900
vn 0.094100 0.827900 0.552900
vn 0.470300 0.660800 0.584900
vn 0.671100 0.666900 0.323900
vn 0.050500 0.785900 0.616300
vn 0.389000 0.804700 0.448500
vn 0.311500 0.840700 0.442900
vn -0.375900 0.752800 0.540400
vn -0.320100 0.694500 0.644400
vn -0.198000 0.774800 0.600400
vn 0.085400 0.878900 0.469400
vn -0.672000 -0.685100 0.281300
vn -0.673300 -0.496000 0.548400
vn -0.810800 -0.575800 0.105000
vn -0.816100 -0.407600 0.409700
vn -0.804200 -0.077800 0.589200
vn -0.851200 -0.330500 0.407600
vn -0.893100 -0.106200 0.437100
vn -0.974300 -0.205400 -0.092100
vn -0.878700 -0.461900 -0.120600
vn -0.935900 0.051600 0.348400
vn -0.952300 -0.252900 0.170800
vn -0.841800 -0.116400 0.527100
vn -0.877800 -0.374600 0.298600
vn -0.715500 0.292800 0.634300
vn -0.772900 0.354500 0.526300
vn -0.794000 0.172700 0.582900
vn -0.645900 -0.524900 0.554300
vn -0.631900 -0.726900 0.268700
vn -0.738400 -0.192200 0.646400
vn -0.758700 -0.513400 0.400900
vn -0.766000 -0.641600 0.040300
vn -0.833000 -0.236700 0.500100
vn -0.865100 -0.467700 0.181100
vn -0.742100 0.370300 0.558800
vn -0.880500 0.068400 0.469000
vn -0.749600 0.178300 0.637400
vn -0.863200 0.299600 0.406500
vn -0.971900 -0.088600 0.218000
vn -0.910500 -0.285500 0.299200
vn -0.851700 -0.493300 -0.176800
vn -0.978000 -0.171300 -0.119000
vn -0.875100 -0.364600 -0.318400
vn -0.951200 -0.308500 0.010400
vn -0.987300 0.073300 0.141100
vn -0.283700 -0.732300 0.619000
vn -0.569500 -0.530100 0.628200
vn -0.054400 -0.651000 0.757100
vn -0.414300 -0.521600 0.745900
vn -0.658500 -0.198000 0.726100
vn -0.193300 -0.478500 0.856600
vn -0.511500 -0.245300 0.823500
vn 0.113100 -0.182100 0.976800
vn 0.165600 -0.503300 0.848100
vn -0.147500 0.062500 0.987100
vn -0.020600 -0.320600 0.947000
vn -0.227100 -0.100400 0.968700
vn -0.564200 0.362600 0.741700
vn -0.477600 0.058200 0.876700
vn -0.411300 0.289700 0.864200
vn -0.645600 0.170100 0.744500
vn -0.310100 -0.296100 0.903400
vn 0.173100 0.982000 -0.075800
vn 0.495700 0.858900 -0.129000
vn -0.078800 0.981600 0.174100
vn 0.303800 0.951100 0.055300
vn 0.635900 0.766600 0.088600
vn 0.078800 0.963900 0.254200
vn 0.456100 0.860600 0.226600
vn -0.388200 0.723500 0.570800
vn -0.085400 0.864500 0.495300
vn -0.313300 0.848900 0.425600
vn -0.200400 0.728800 0.654800
vn 0.216900 0.817200 0.534000
vn 0.271100 0.901000 0.338600
vn 0.713300 0.627100 0.313000
vn 0.501700 0.632500 0.590100
vn 0.733400 0.503700 0.456500
vn 0.494700 0.748100 0.442200
vn 0.167700 0.719600 0.673800
vn 0.157800 0.865200 -0.475900
vn 0.103700 0.983000 -0.151500
vn -0.060600 0.778700 -0.624400
vn -0.027600 0.957100 -0.288500
vn -0.153900 0.983500 0.094800
vn -0.199200 0.872100 -0.447000
vn -0.232600 0.970300 -0.066800
vn -0.571400 0.647500 -0.504300
vn -0.287800 0.643100 -0.709600
vn -0.659900 0.732000 -0.169300
vn -0.418700 0.762900 -0.492600
vn -0.515400 0.829800 -0.213900
vn -0.565500 0.726800 0.389800
vn -0.481300 0.871900 0.090200
vn -0.646500 0.736600 0.198700
vn -0.415000 0.851700 0.320100
vn -0.315500 0.911600 -0.263500
vn -0.627900 0.302400 -0.717100
vn -0.644100 0.576300 -0.502900
vn -0.509800 0.448600 -0.734000
vn -0.761800 0.075100 -0.643400
vn -0.754600 0.426600 -0.498600
vn -0.736200 0.654700 -0.171600
vn -0.861000 0.209000 -0.463700
vn -0.828500 0.513800 -0.222700
vn -0.977500 -0.097000 -0.187500
vn -0.850000 -0.145000 -0.506400
vn -0.986600 0.149800 0.064900
vn -0.948400 0.035200 -0.315000
vn -0.968900 0.230700 -0.089800
vn -0.744400 0.549200 0.379800
vn -0.878200 0.472200 0.076600
vn -0.864300 0.401900 0.302500
vn -0.749200 0.633400 0.193600
vn -0.906000 0.317500 -0.280100
vn 0.498100 -0.154700 0.853200
vn 0.177500 -0.102400 0.978800
vn 0.380000 -0.295300 0.876600
vn 0.635800 0.063700 0.769200
vn 0.304000 0.026500 0.952300
vn -0.074800 0.143700 0.986800
vn 0.453900 0.198900 0.868600
vn 0.079300 0.222300 0.971800
vn 0.498700 0.563900 0.658200
vn 0.711600 0.290400 0.639800
vn 0.165900 0.644300 0.746500
vn 0.491600 0.415600 0.765200
vn 0.214600 0.503800 0.836800
vn -0.386900 0.543300 0.745100
vn -0.085100 0.463700 0.881900
vn -0.200800 0.625900 0.753600
vn -0.311500 0.396000 0.863800
vn 0.270000 0.308200 0.912200
vn 0.277000 0.924900 -0.260600
vn 0.124500 0.986000 -0.110700
vn 0.050900 0.998100 -0.035500
vn -0.002100 0.999900 0.014200
vn -0.082700 0.991900 0.096800
vn -0.431500 0.788100 0.438900
vn 0.326800 0.892000 -0.312300
vn -0.400900 0.820700 0.407100
vn -0.975300 -0.151900 -0.160500
vn -0.975800 -0.150400 -0.159000
vn -0.983300 0.127400 0.129900
vn -0.982800 0.129100 0.132100
vn -0.842000 0.374900 0.388000
vn -0.841100 0.375700 0.389100
vn 0.350400 -0.365900 0.862200
vn 0.228500 -0.247500 0.941600
vn -0.258200 0.233100 0.937600
vn 0.148300 -0.169300 0.974300
vn -0.142800 0.119600 0.982500
vn -0.258200 0.233100 0.937500
vn 0.752700 -0.153900 0.640100
vn 0.858500 0.044400 0.510800
vn 0.867100 0.493600 0.067000
vn 0.767400 0.627600 -0.131200
vn 0.742900 -0.168100 0.648000
vn 0.858600 0.044000 0.510800
vn 0.868200 0.491100 0.071100
vn 0.762300 0.632200 -0.138400
vn -0.604000 -0.786900 0.126700
vn -0.148100 -0.788900 0.596400
vn 0.268100 -0.545800 0.793900
vn -0.787100 -0.541600 -0.295100
vn -0.787200 -0.541600 -0.295000
vn -0.603400 -0.787100 0.128000
vn -0.148400 -0.788500 0.596800
vn -0.148100 -0.788900 0.596500
vn 0.268800 -0.545400 0.793900
vn 0.182200 0.599400 -0.779400
vn -0.067100 0.517500 -0.853000
vn -0.486900 0.042800 -0.872400
vn -0.628400 -0.146300 -0.764000
vn 0.190300 0.603300 -0.774400
vn -0.021600 0.470400 -0.882200
vn -0.020600 0.471500 -0.881600
vn -0.486000 0.043500 -0.872900
vn -0.640600 -0.165200 -0.749900
vn -0.697100 0.193800 0.690300
vn -0.700200 -0.197800 0.686000
vn -0.597800 -0.554600 0.578900
vn -0.328200 0.881500 0.339500
vn -0.037700 0.997500 0.059900
vn 0.212300 0.959800 -0.183800
vn -0.125100 0.981500 0.144900
vn -0.681000 0.664000 0.308900
vn -0.711400 0.701400 -0.043900
vn -0.631300 0.631200 -0.450600
vn -0.978500 -0.145300 -0.146600
vn -0.977000 0.145000 0.156500
vn -0.828300 0.385200 0.406900
vn -0.978300 -0.143700 -0.149100
vn -0.979100 0.140500 0.147200
vn -0.833200 0.382400 0.399400
vn -0.976800 -0.147600 -0.155400
vn -0.981500 0.133600 0.137200
vn -0.838600 0.378100 0.392200
vn -0.383200 0.366800 0.847700
vn -0.121400 0.117400 0.985600
vn 0.162300 -0.153200 0.974800
vn -0.233600 0.673300 0.701500
vn 0.157700 0.683000 0.713200
vn 0.525100 0.587700 0.615500
vn 0.268700 0.931100 -0.246600
vn 0.024700 0.999700 -0.004600
vn -0.290200 0.907500 0.303700
vn -0.899200 0.309500 0.309400
vn -0.988400 0.112500 0.102000
vn -0.999500 0.027700 0.013400
vn -0.949700 -0.209000 -0.233200
vn -0.600600 -0.548200 0.582000
vn -0.701600 -0.186400 0.687800
vn -0.695600 0.204000 0.688900
vn -0.652100 0.391100 0.649500
vn 0.157500 0.978900 -0.130200
vn -0.122100 0.982300 0.141700
vn -0.383400 0.836200 0.392200
vn -0.494100 0.713600 0.496700
vn -0.600300 0.602400 -0.526100
vn -0.701500 0.694200 -0.161200
vn -0.696200 0.680400 0.228900
vn -0.652800 0.633700 0.415200
vn 0.166300 -0.157000 0.973500
vn -0.115400 0.111800 0.987000
vn -0.379800 0.363800 0.850500
vn -0.492700 0.471200 0.731600
vn 0.525800 0.587600 0.615100
vn 0.160200 0.682800 0.712800
vn -0.229900 0.674100 0.702000
vn -0.415500 0.630400 0.655700
vn -0.973300 -0.151000 -0.173000
vn -0.986900 0.118900 0.108700
vn -0.850200 0.370600 0.373900
vn -0.731400 0.477200 0.487100
vn 0.590800 0.788700 -0.170300
vn 0.706600 0.707300 0.022400
vn 0.781300 0.585800 0.215300
vn 0.595500 -0.192100 0.780000
vn 0.707900 -0.001400 0.706300
vn 0.781200 0.190400 0.594600
vn 0.209500 -0.592500 0.777900
vn 0.009600 -0.716800 0.697200
vn -0.190400 -0.796300 0.574200
vn -0.780800 -0.585000 -0.219400
vn -0.704400 -0.709300 -0.024700
vn -0.587100 -0.790900 0.172700
vn -0.584100 0.206400 -0.785000
vn -0.699700 0.010900 -0.714300
vn -0.776400 -0.184300 -0.602800
vn -0.193200 0.602000 -0.774800
vn 0.004200 0.720600 -0.693300
vn 0.201100 0.796900 -0.569600
vn 0.339500 -0.482700 0.807300
vn 0.748800 -0.028000 0.662200
vn -0.903600 0.191900 -0.383000
vn -0.631000 0.758400 -0.163200
vn -0.840700 -0.479900 0.250700
vn -0.142800 0.119500 0.982500
vn -0.603300 -0.787100 0.128000
vn -0.148400 -0.788700 0.596500
vn -0.081300 -0.996000 0.037000
vn -0.000000 -0.999800 -0.017500
vn -0.077600 -0.996100 0.041400
vn -0.709700 0.343000 0.615300
vn -0.643500 0.433100 0.631200
vn -0.679900 0.433600 0.591300
vn 0.067600 -0.994300 -0.082900
vn -0.000000 -0.999800 -0.017400
vn 0.609600 0.285100 -0.739700
vn 0.549400 0.376900 -0.745700
vn 0.567800 0.283100 -0.773000
vn -0.057300 -0.996500 0.061500
vn -0.061300 -0.996400 0.058000
vn -0.744500 0.342500 0.573000
vn -0.713500 0.432900 0.550900
vn 0.769900 0.283300 -0.571800
vn 0.788400 0.372800 -0.489300
vn 0.744100 0.377700 -0.551000
vn 0.690400 0.286700 -0.664200
vn 0.627800 0.380600 -0.679000
vn 0.649200 0.286200 -0.704700
vn -0.065300 -0.996400 0.054900
vn -0.069400 -0.996300 0.049700
vn 0.064300 -0.994100 -0.087300
vn 0.503000 0.373100 -0.779600
vn 0.519100 0.279700 -0.807600
vn -0.461500 0.323500 0.826100
vn -0.488000 0.419600 0.765400
vn -0.508800 0.329200 0.795500
vn -0.553800 0.334300 0.762600
vn -0.569500 0.428700 0.701300
vn -0.594500 0.337800 0.729700
vn 0.451000 0.367600 -0.813300
vn 0.465200 0.275100 -0.841400
vn 0.409500 0.362400 -0.837200
vn 0.421400 0.270800 -0.865500
vn -0.383900 0.314300 0.868200
vn -0.400100 0.405700 0.821800
vn -0.416700 0.317200 0.851900
vn -0.053000 -0.996400 0.066100
vn 0.390000 0.359700 -0.847700
vn 0.401400 0.269200 -0.875500
vn 0.625500 0.383500 -0.679400
vn 0.519500 0.104100 -0.848100
vn -0.174100 0.254600 0.951200
vn -0.369300 0.400000 0.838800
vn -0.044100 -0.996200 0.074700
vn -0.048400 -0.996400 0.070000
vn -0.776400 0.341400 0.529800
vn -0.744800 0.431000 0.509400
vn -0.803900 0.340000 0.487900
vn -0.772000 0.428200 0.469700
vn 0.852500 0.274300 -0.445100
vn 0.841900 0.362500 -0.399700
vn 0.825100 0.366400 -0.430100
vn 0.072000 -0.994200 -0.079500
vn -0.821500 0.339100 0.458400
vn -0.789800 0.425800 0.441500
vn -0.926500 0.295500 0.233100
vn -0.890000 0.391000 0.234400
vn 0.868900 0.272000 -0.413600
vn 0.678200 0.383600 -0.626800
vn 0.079400 -0.994500 -0.068200
vn -0.615200 0.505200 0.605300
vn -0.650200 0.505700 0.567000
vn -0.000000 0.999800 0.017500
vn -0.048400 0.995300 0.083700
vn 0.589500 0.379300 -0.713200
vn 0.528400 0.456700 -0.715700
vn 0.045100 0.997600 -0.052000
vn 0.041200 0.997600 -0.056200
vn -0.682400 0.504700 0.528800
vn -0.712800 0.502500 0.489300
vn 0.667300 0.380900 -0.640000
vn 0.678500 0.459600 -0.573000
vn 0.641400 0.460300 -0.613800
vn 0.603500 0.460000 -0.651300
vn 0.705800 0.380000 -0.597900
vn 0.715700 0.457100 -0.528000
vn -0.606200 0.431400 0.668100
vn -0.530700 0.424900 0.733400
vn -0.545000 0.500600 0.672600
vn -0.507900 0.497300 0.703300
vn 0.434500 0.446400 -0.782300
vn 0.048900 0.997600 -0.049600
vn -0.443000 0.413000 0.795700
vn -0.467600 0.492000 0.734400
vn -0.424800 0.485500 0.764100
vn 0.376300 0.436400 -0.817300
vn 0.000100 0.999800 0.017400
vn 0.038400 0.997500 -0.060000
vn -0.384400 0.477700 0.790000
vn -0.177600 0.350900 0.919400
vn -0.355500 0.471200 0.807200
vn 0.572400 0.540200 -0.616900
vn -0.064800 0.995700 0.066500
vn 0.758500 0.452900 -0.468600
vn 0.795200 0.444700 -0.412200
vn -0.739100 0.499600 0.451800
vn -0.757100 0.495800 0.425500
vn -0.000000 0.999800 0.017400
vn -0.072200 0.995600 0.059800
vn -0.068200 0.995700 0.062800
vn 0.812800 0.438500 -0.383600
vn 0.612600 0.547300 -0.570300
vn -0.853600 0.463600 0.237700
vn 0.730300 0.285700 -0.620500
vn -0.997700 -0.064800 0.020100
vn -0.997900 0.036700 0.053500
vn -0.988100 0.136100 0.072100
vn 0.062000 0.997400 -0.035800
vn 0.065000 0.997400 -0.031500
vn 0.567000 0.458900 -0.684100
vn 0.058700 0.997500 -0.039500
vn 0.085700 -0.994300 -0.063600
vn -0.073700 -0.996200 0.045600
vn 0.073900 0.997000 -0.022600
vn 0.010300 -0.085700 0.996300
vn 0.047200 -0.257500 0.965100
vn -0.023600 0.016700 0.999600
vn -0.002300 -0.113200 0.993600
vn -0.042300 0.117500 0.992200
vn -0.044800 0.995100 0.087800
vn -0.632700 0.340200 0.695700
vn -0.061800 0.995600 0.070600
vn -0.579900 0.503500 0.640400
vn -0.095600 -0.995300 -0.016900
vn 0.090400 -0.994000 -0.061600
vn -0.106800 -0.994200 0.012200
vn -0.089700 -0.995500 0.031000
vn -0.090300 0.994900 0.044400
vn -0.075400 0.995400 0.058400
vn 0.078400 0.996700 -0.021000
vn -0.094700 0.995200 0.024200
vn -0.000100 -0.999800 -0.017400
vn -0.041800 -0.996000 0.078600
vn 0.056500 -0.993900 -0.094300
vn 0.483900 0.452200 -0.749300
vn -0.035400 0.994400 0.099200
vn 0.060600 -0.994000 -0.090700
vn 0.052100 -0.993800 -0.097700
vn 0.055800 0.997500 -0.043400
vn 0.815300 0.279500 -0.507200
vn 0.069200 0.997200 -0.026800
vn -0.025100 -0.995400 0.092900
vn 0.042300 -0.993000 -0.110000
vn 0.002500 -0.996900 0.078600
vn 0.037100 0.997300 -0.063100
vn -0.004100 0.993700 0.111600
vn 0.032600 0.998900 0.032900
vn -0.022800 0.993700 0.110000
vn -0.963000 -0.268800 -0.021000
vn -0.891700 -0.443400 -0.090600
vn -0.086200 -0.995700 0.033400
vn -0.992700 -0.117600 0.026500
vn -0.037200 0.994800 0.095100
vn -0.671700 0.342200 0.657000
vn 0.052100 0.997600 -0.045700
vn -0.040700 0.995000 0.090900
vn 0.047300 -0.993700 -0.102000
vn 0.394800 0.439900 -0.806600
vn -0.182600 0.426700 0.885800
vn -0.051400 0.995400 0.080300
vn -0.055000 0.995400 0.077800
vn -0.058400 0.995600 0.073900
vn 0.075500 -0.994400 -0.074000
vn 0.044000 -0.993300 -0.106700
vn 0.118700 -0.437400 0.891400
vn 0.193200 -0.732300 0.653000
vn 0.169800 -0.429200 0.887100
vn 0.067300 -0.617800 0.783500
vn 0.168200 -0.917200 0.361200
vn 0.243500 -0.724600 0.644700
vn 0.268900 -0.887200 0.375000
vn 0.193300 -0.927400 -0.320200
vn 0.057900 -0.970700 0.233400
vn 0.046600 -0.998600 -0.023200
vn 0.242200 -0.904700 -0.350600
vn 0.162800 -0.986500 -0.016300
vn 0.049500 -0.854700 0.516700
vn 0.221600 -0.974900 -0.019800
vn 0.566400 -0.431900 -0.701900
vn 0.462900 -0.145400 -0.874400
vn 0.852100 -0.523300 0.011600
vn 0.707900 -0.442500 -0.550600
vn 0.467800 -0.464400 -0.752000
vn 0.393800 -0.300700 -0.868600
vn 0.542000 -0.718700 -0.435500
vn -0.657700 -0.733700 -0.170900
vn -0.783600 -0.619400 -0.048700
vn -0.889800 -0.434700 -0.138900
vn -0.651100 -0.726400 -0.220000
vn -0.372000 -0.914100 -0.161100
vn -0.522600 -0.851400 -0.045100
vn -0.388200 -0.885400 -0.255600
vn 0.844900 0.110800 -0.523400
vn 0.695400 -0.431900 -0.574300
vn 0.785300 -0.176100 -0.593600
vn 0.866200 -0.141700 -0.479200
vn 0.747600 -0.458500 -0.480400
vn -0.039900 -0.558300 -0.828700
vn 0.552600 -0.445600 -0.704300
vn -0.231500 -0.566100 -0.791100
vn 0.417700 -0.725600 -0.546800
vn -0.247500 -0.966700 -0.064700
vn 0.302600 -0.928900 -0.213600
vn 0.005300 -0.998000 -0.062900
vn -0.000100 -0.984800 -0.173500
vn 0.331300 -0.907100 -0.259700
vn -0.001200 -0.973800 -0.227400
vn 0.081400 0.482600 0.872000
vn -0.011100 0.207400 0.978200
vn 0.039300 -0.109800 0.993200
vn 0.146300 0.519700 0.841700
vn 0.006900 0.488400 0.872600
vn -0.001700 0.711200 0.703000
vn 0.185100 0.825000 0.534000
vn 0.368700 0.762300 -0.532000
vn 0.693100 0.535600 -0.482500
vn 0.335400 0.651300 -0.680700
vn 0.234300 0.929700 -0.284100
vn 0.524900 0.486400 -0.698500
vn 0.295300 0.919400 -0.259900
vn 0.289600 0.875800 -0.386100
vn 0.027600 0.941300 0.336500
vn 0.137000 0.971200 -0.195200
vn 0.115200 0.991500 0.060700
vn 0.230900 0.865800 -0.443900
vn 0.140400 0.987600 0.070900
vn -0.872700 0.485700 -0.050000
vn -0.992500 -0.121700 -0.014400
vn -0.978300 0.203000 0.041300
vn -0.872500 0.487800 0.026800
vn -0.849100 0.515700 -0.114200
vn -0.527800 0.834800 -0.156700
vn 0.209000 0.970300 -0.122100
vn -0.323800 0.946100 -0.000900
vn -0.015900 0.999800 -0.013700
vn 0.452800 0.863400 -0.222400
vn -0.047100 0.994500 -0.094000
vn -0.698500 0.714800 0.034100
vn 0.296000 0.929200 -0.221200
vn -0.051800 0.991300 -0.120800
vn 0.536300 0.763200 -0.360500
vn 0.681300 0.651300 -0.334000
vn 0.484700 0.540500 -0.687700
vn 0.695800 0.496900 -0.518600
vn 0.274400 0.919000 -0.283200
vn -0.292100 -0.906900 0.303600
vn -0.310400 -0.907100 0.284200
vn -0.433300 -0.776100 0.458100
vn -0.460300 -0.776100 0.431000
vn -0.695100 -0.264300 0.668500
vn -0.676000 -0.009400 0.736800
vn -0.718400 -0.007800 0.695600
vn -0.274600 -0.907200 0.318600
vn -0.408000 -0.775900 0.481100
vn -0.653700 -0.264900 0.708800
vn -0.635000 -0.011600 0.772400
vn 0.299600 -0.903700 -0.305800
vn 0.316600 -0.904000 -0.287400
vn 0.449000 -0.772600 -0.448800
vn 0.719800 -0.308600 -0.621800
vn 0.716000 -0.062100 -0.695300
vn 0.680500 -0.308100 -0.664800
vn 0.333200 -0.904700 -0.265500
vn 0.474800 -0.773600 -0.419700
vn 0.757600 -0.309800 -0.574500
vn 0.757800 -0.062700 -0.649400
vn -0.345600 -0.905300 0.246900
vn -0.328600 -0.906200 0.266200
vn -0.511100 -0.772600 0.376700
vn -0.734200 -0.262000 0.626300
vn -0.795200 -0.006200 0.606300
vn -0.770000 -0.261800 0.581900
vn -0.486200 -0.774700 0.404300
vn -0.758500 -0.006100 0.651600
vn 0.282200 -0.903000 -0.324100
vn 0.265400 -0.902600 -0.338900
vn 0.421800 -0.771600 -0.476100
vn 0.395900 -0.771100 -0.498600
vn 0.601000 -0.306300 -0.738200
vn 0.673200 -0.061900 -0.736800
vn 0.631300 -0.061800 -0.773000
vn 0.640800 -0.307300 -0.703500
vn 0.248100 -0.901500 -0.354600
vn 0.227700 -0.900500 -0.370400
vn 0.369800 -0.768200 -0.522600
vn 0.337500 -0.765700 -0.547600
vn 0.512600 -0.304700 -0.802800
vn 0.587300 -0.062400 -0.806900
vn 0.536300 -0.063200 -0.841700
vn 0.559600 -0.306000 -0.770200
vn -0.255800 -0.906800 0.335200
vn -0.380500 -0.774700 0.505000
vn -0.613200 -0.267100 0.743400
vn -0.591100 -0.013400 0.806500
vn -0.235900 -0.905700 0.352300
vn -0.351200 -0.773200 0.528000
vn -0.570000 -0.267600 0.776800
vn -0.542200 -0.016400 0.840100
vn -0.214800 -0.904500 0.368400
vn -0.320800 -0.771200 0.549900
vn -0.522600 -0.268000 0.809400
vn -0.491500 -0.018300 0.870700
vn -0.195600 -0.900900 0.387300
vn -0.294100 -0.764000 0.574300
vn -0.472900 -0.267200 0.839600
vn -0.443000 -0.018300 0.896300
vn 0.205900 -0.898800 -0.387100
vn 0.189900 -0.894700 -0.404200
vn 0.303500 -0.761400 -0.572800
vn 0.278000 -0.754400 -0.594700
vn 0.418100 -0.296900 -0.858500
vn 0.479300 -0.063300 -0.875400
vn 0.433900 -0.061400 -0.898900
vn 0.459500 -0.301800 -0.835300
vn -0.103100 -0.895600 0.432800
vn 0.010300 -0.931700 0.363000
vn -0.174100 -0.554000 0.814100
vn 0.019000 -0.716900 0.696900
vn -0.185900 -0.081000 0.979200
vn 0.024400 -0.382600 0.923600
vn -0.083600 -0.982500 0.166700
vn -0.275700 -0.754100 0.596100
vn -0.423400 -0.259800 0.867900
vn -0.407700 -0.013100 0.913000
vn -0.270400 -0.745900 0.608700
vn -0.390400 -0.245300 0.887300
vn 0.182900 -0.891400 -0.414800
vn 0.268300 -0.749000 -0.605900
vn 0.413400 -0.057700 -0.908700
vn 0.397400 -0.290900 -0.870300
vn 0.353700 -0.904000 -0.240000
vn 0.501400 -0.773600 -0.387400
vn 0.801400 -0.309000 -0.512100
vn 0.798200 -0.064900 -0.598900
vn 0.376800 -0.900600 -0.216800
vn 0.536000 -0.769500 -0.347200
vn 0.838100 -0.302000 -0.454300
vn 0.845000 -0.065800 -0.530700
vn -0.380300 -0.900700 0.210100
vn -0.362500 -0.903800 0.227600
vn -0.556200 -0.764800 0.325000
vn -0.803800 -0.259200 0.535500
vn -0.857100 -0.001500 0.515200
vn -0.834600 -0.250200 0.490800
vn -0.534800 -0.769500 0.349100
vn -0.828700 -0.005100 0.559700
vn -0.380400 -0.924700 -0.014200
vn -0.711700 -0.702500 -0.008400
vn -0.932100 -0.362200 -0.000600
vn -0.440200 -0.891100 0.110600
vn -0.815900 -0.537500 0.213000
vn -0.968800 -0.046300 0.243300
vn 0.394000 -0.895600 -0.206500
vn 0.569100 -0.762400 -0.307900
vn 0.857800 -0.292600 -0.422600
vn 0.882800 -0.062500 -0.465500
vn 0.899500 -0.056100 -0.433300
vn 0.589600 -0.752500 -0.293500
vn 0.859400 -0.298700 -0.415000
vn -0.396200 -0.896100 0.200000
vn -0.856100 -0.234200 0.460800
vn -0.577600 -0.755500 0.309000
vn -0.875400 0.005100 0.483300
vn -0.520800 0.679500 0.516900
vn -0.490900 0.678400 0.546600
vn -0.377000 0.844500 0.380300
vn -0.355200 0.844100 0.401700
vn -0.209600 0.952800 0.219900
vn -0.197600 0.952400 0.232200
vn -0.461600 0.676200 0.574200
vn -0.334100 0.842700 0.422100
vn -0.185600 0.952000 0.243400
vn 0.580000 0.654700 -0.484600
vn 0.548300 0.654800 -0.520200
vn 0.420400 0.839000 -0.345500
vn 0.397500 0.839300 -0.370800
vn 0.230600 0.956100 -0.181100
vn 0.217700 0.956400 -0.194500
vn 0.611900 0.652500 -0.447000
vn 0.443400 0.838100 -0.317900
vn 0.242500 0.955900 -0.165300
vn -0.550500 0.680000 0.484300
vn -0.578300 0.679000 0.452300
vn -0.398600 0.844900 0.356800
vn -0.419000 0.844400 0.333700
vn -0.221600 0.952900 0.207200
vn -0.233000 0.953000 0.193600
vn 0.485300 0.653500 -0.580800
vn 0.516100 0.654500 -0.552500
vn 0.352700 0.838500 -0.415400
vn 0.374500 0.839200 -0.394400
vn 0.193600 0.956400 -0.218500
vn 0.205700 0.956300 -0.207900
vn 0.415600 0.647500 -0.638800
vn 0.452500 0.651500 -0.608900
vn 0.303200 0.835100 -0.459000
vn 0.329300 0.837200 -0.436700
vn 0.166800 0.955700 -0.242700
vn 0.180700 0.955900 -0.231400
vn -0.430800 0.673300 0.600900
vn -0.312100 0.840900 0.442200
vn -0.173700 0.951300 0.254900
vn -0.397200 0.668600 0.628700
vn -0.288200 0.838000 0.463400
vn -0.160400 0.950100 0.267400
vn -0.361900 0.662900 0.655500
vn -0.263500 0.834400 0.484100
vn -0.146700 0.949100 0.278700
vn -0.328700 0.655300 0.680100
vn -0.240400 0.828800 0.505200
vn -0.134200 0.946800 0.292600
vn 0.341500 0.634500 -0.693400
vn 0.374200 0.642000 -0.669200
vn 0.251900 0.826500 -0.503500
vn 0.273800 0.831900 -0.482700
vn 0.140200 0.952600 -0.270000
vn 0.151400 0.954600 -0.256800
vn -0.039400 0.401600 0.915000
vn -0.163200 0.621900 0.765900
vn -0.030100 0.715600 0.697800
vn -0.122300 0.811900 0.570800
vn -0.016300 0.922900 0.384800
vn -0.072000 0.940000 0.333500
vn -0.305500 0.647500 0.698200
vn -0.225500 0.822100 0.522800
vn -0.126900 0.943700 0.305600
vn 0.326700 0.629700 -0.704800
vn 0.242100 0.822300 -0.515000
vn 0.135100 0.950900 -0.278400
vn 0.649700 0.648500 -0.396700
vn 0.472100 0.835000 -0.282500
vn 0.258400 0.954800 -0.146800
vn 0.684700 0.638900 -0.350600
vn 0.501300 0.828000 -0.251300
vn 0.276000 0.952300 -0.130400
vn -0.604600 0.677200 0.419300
vn -0.628900 0.673400 0.388600
vn -0.438800 0.843300 0.310200
vn -0.458900 0.840200 0.288900
vn -0.244800 0.952600 0.180900
vn -0.257000 0.951400 0.169400
vn -0.905900 0.417300 0.071800
vn -0.684400 0.726500 0.061800
vn -0.368700 0.928600 0.042800
vn -0.730000 0.649300 0.213600
vn -0.536300 0.827900 0.164300
vn -0.306600 0.946200 0.103700
vn 0.704100 0.629900 -0.327900
vn 0.520100 0.820700 -0.236600
vn 0.289100 0.949300 -0.123400
vn -0.646800 0.668100 0.367800
vn -0.475400 0.835500 0.275500
vn -0.268000 0.949500 0.163300
vn 0.451300 0.372600 -0.810900
vn 0.791400 0.372500 -0.484700
vn -0.273700 0.193000 -0.942300
vn -0.963000 -0.263300 -0.057900
vn 0.482200 0.371100 -0.793600
vn 0.944900 0.202800 0.257100
vn 0.085000 -0.251700 0.964100
vn 0.813000 0.373600 -0.446500
vn 0.593200 -0.186800 -0.783100
vn 0.820000 -0.529300 0.217600
vn 0.396100 0.874300 -0.280600
vn -0.006600 0.121800 -0.992500
vn 0.092000 0.019000 -0.995600
vn 0.064500 0.148600 -0.986800
vn -0.006500 -0.024200 0.999700
vn 0.001800 -0.017800 0.999800
vn 0.002400 -0.018800 0.999800
vn 0.996400 0.050800 0.068600
vn 1.000000 0.000100 -0.005000
vn 0.995000 -0.001900 0.100000
vn 0.996700 0.081600 -0.003800
vn 0.995700 -0.001600 0.092800
vn 0.101700 -0.114100 0.988300
vn 0.004900 -0.017300 0.999800
vn 0.004900 -0.113500 0.993500
vn -0.999900 -0.003700 0.015700
vn -0.999900 0.008300 0.012200
vn -0.990100 0.095300 0.103300
vn -0.062600 0.135200 -0.988800
vn -0.006200 0.018200 -0.999800
vn -0.000000 -0.999800 -0.019100
vn -0.158600 -0.983600 0.085600
vn -0.098300 -0.995000 -0.018500
vn -0.065000 0.052800 0.996500
vn -0.069700 -0.043300 0.996600
vn 0.002300 0.999500 0.031100
vn -0.006800 0.999700 0.021900
vn -0.002900 0.999700 0.022300
vn -0.099500 0.062900 -0.993100
vn -0.004300 0.018500 -0.999800
vn -0.004300 0.099500 -0.995000
vn 0.097400 0.995100 0.018500
vn -0.069700 0.993500 0.089600
vn 0.030500 0.995200 0.093200
vn -0.100800 -0.078900 -0.991800
vn -0.102100 0.018400 -0.994600
vn -0.003700 0.999800 0.020000
vn 0.073300 0.995600 -0.057900
vn -1.000000 0.006000 0.004500
vn -0.995000 -0.071300 -0.070400
vn -0.987600 -0.144400 0.061000
vn -1.000000 0.002200 0.007000
vn -0.740200 -0.085800 0.666900
vn -0.702200 -0.096800 0.705400
vn -0.818700 -0.174400 0.547000
vn 0.988500 0.132400 -0.073000
vn 1.000000 0.000100 -0.004300
vn 0.994400 0.105500 -0.002300
vn 0.003100 -0.019100 0.999800
vn -0.093800 -0.018600 0.995400
vn 0.003800 -0.018900 0.999800
vn 0.084700 -0.100800 0.991300
vn 0.158400 0.040100 0.986600
vn 0.021700 0.999800 -0.002400
vn -0.004200 0.999800 0.019000
vn -0.005000 0.995900 -0.090000
vn -0.702600 -0.102500 0.704100
vn -0.644800 -0.037100 0.763400
vn 0.603600 -0.505800 -0.616300
vn 0.516000 -0.594300 -0.616900
vn 0.461100 -0.450000 -0.764800
vn -1.000000 0.000200 0.002500
vn -0.995300 -0.000700 0.096500
vn -0.990300 0.094700 0.101800
vn 0.002800 -0.019500 0.999800
vn 0.003100 -0.109600 0.994000
vn 0.002700 0.999800 0.019200
vn 0.090600 0.995700 0.018700
vn -0.003400 0.993100 0.117500
vn 0.148600 0.985700 0.079300
vn 0.002400 0.077500 0.997000
vn -0.105300 -0.994300 -0.018500
vn -0.000400 -0.993200 -0.116800
vn -0.130800 -0.987400 -0.089500
vn -0.075900 0.692800 0.717100
vn 0.002800 0.750800 0.660500
vn 0.003100 0.694900 0.719100
vn 0.002800 -0.018200 0.999800
vn -0.054500 -0.174700 0.983100
vn -0.099600 0.653500 0.750400
vn 0.003300 0.634400 0.773000
vn -0.097200 -0.994900 0.025800
vn -0.001300 0.999800 0.018200
vn -0.095600 0.995200 0.019900
vn -0.097700 0.988500 0.115400
vn -0.999800 0.018400 -0.000600
vn -1.000000 0.000800 -0.002900
vn -0.995600 0.001900 -0.093900
vn 0.023500 -0.040600 0.998900
vn -0.061500 0.990300 -0.124300
vn -0.086100 -0.000500 -0.996300
vn -0.006100 0.116100 -0.993200
vn 0.995200 -0.097700 -0.006500
vn 0.989500 -0.073800 0.124200
vn -0.706300 0.707000 -0.035500
vn -0.759000 0.647300 -0.070300
vn -0.705700 0.707400 -0.039100
vn 0.602800 -0.595600 -0.530900
vn 0.749600 -0.458300 -0.477600
vn -0.667900 0.741300 -0.066700
vn -0.646800 0.762700 0.001700
vn 0.003700 -0.989600 0.143800
vn 0.100200 -0.994900 -0.008700
vn 0.002300 -0.999100 0.042800
vn -0.995300 0.096700 0.006300
vn -1.000000 -0.001100 0.004400
vn -0.134500 -0.052700 -0.989500
vn -0.108400 0.018000 -0.993900
vn -0.987300 0.062200 -0.146200
vn 0.466300 -0.741000 -0.483200
vn 0.575400 -0.567300 -0.589200
vn -0.093400 0.077000 0.992600
vn 0.991000 -0.098500 0.090700
vn -0.705100 0.706500 0.060400
vn -0.537900 0.829000 0.152900
vn -0.771400 0.629800 0.091100
vn 0.990100 0.098700 -0.099300
vn 0.995200 0.098100 -0.002400
vn -0.703700 0.003500 0.710500
vn -0.791000 0.010500 0.611800
vn -0.618800 0.127600 0.775100
vn -0.108700 0.690600 0.715000
vn -0.098100 -0.988400 -0.115700
vn -0.155800 0.607700 0.778700
vn -0.016800 0.999700 0.019800
vn -0.096200 0.989100 0.111600
vn 0.996300 0.071200 0.048800
vn 0.997100 -0.001500 0.076700
vn 0.982200 0.157400 0.102600
vn 0.090700 0.115400 -0.989200
vn -0.999600 -0.023200 -0.018300
vn -0.990900 -0.095700 -0.094700
vn -1.000000 -0.000100 0.004300
vn -0.995600 0.001700 -0.094000
vn -0.994600 0.070200 0.076900
vn -0.997100 0.070600 -0.028800
vn 0.095400 -0.018800 0.995300
vn 0.007800 -0.005600 1.000000
vn 0.103000 -0.017200 0.994500
vn 0.036000 0.057000 0.997700
vn 0.097900 -0.992000 0.079500
vn 0.001300 -0.989200 0.146300
vn -0.000600 0.996800 -0.079600
vn -0.080200 0.996700 -0.013000
vn 0.096400 0.992200 -0.078500
vn -0.000000 0.999800 0.019100
vn -0.996000 -0.089400 0.002600
vn -0.995200 -0.098000 0.002400
vn -0.996400 -0.032000 0.077900
vn -0.211600 0.067000 -0.975100
vn -0.090700 0.074600 0.993100
vn -0.038900 -0.980600 0.192100
vn -0.078300 -0.990600 0.111900
vn -0.096000 -0.961400 0.257900
vn 0.339100 0.262400 -0.903400
vn 0.099200 0.524800 -0.845400
vn 0.593100 0.548200 -0.589700
vn 0.383400 0.661000 -0.645100
vn 0.164500 0.864300 -0.475300
vn 0.419900 0.812800 -0.403800
vn 0.852800 0.512500 -0.099900
vn 0.904300 0.250800 -0.345500
vn 0.542500 0.827000 -0.147700
vn 0.655000 0.654200 -0.378100
vn 0.124900 0.984100 -0.126000
vn 0.192400 0.956400 -0.219800
vn -0.499000 0.220000 -0.838200
vn -0.652200 0.456300 -0.605300
vn -0.454200 0.161300 -0.876200
vn -0.897500 0.325900 -0.297300
vn -0.893900 0.404100 0.194300
vn -0.868700 0.407700 0.281200
vn -0.100100 0.727300 0.679000
vn -0.437300 0.630900 0.640800
vn -0.287000 0.767900 0.572700
vn -0.753900 -0.073900 -0.652900
vn -0.702400 -0.112400 -0.702800
vn -0.697300 -0.116000 -0.707300
vn -0.817300 0.537200 -0.208200
vn -0.027900 0.665500 -0.745900
vn -0.242600 0.585800 -0.773300
vn -0.489100 0.566600 0.663100
vn -0.440700 0.739300 0.509200
vn -0.428100 0.768700 0.475200
vn -0.794600 0.392100 0.463600
vn -0.655700 0.390300 0.646300
vn -0.546600 0.787900 -0.283700
vn -0.441400 0.829600 -0.341900
vn -0.374500 0.848300 -0.374300
vn 0.320200 0.453200 -0.831900
vn 0.451700 0.272900 -0.849400
vn 0.471200 0.241800 -0.848200
vn 0.955100 0.251200 0.157200
vn 0.875000 0.483700 0.017000
vn -0.204100 0.830600 0.518100
vn -0.666000 -0.101800 0.739000
vn -0.664000 -0.143300 0.733900
vn -0.582300 -0.037500 0.812100
vn 0.232500 0.781400 0.579000
vn 0.232500 0.781500 0.579000
vn -0.178600 -0.817300 0.547800
vn -0.408000 -0.616100 0.673700
vn -0.119100 -0.853400 0.507500
vn -0.519700 -0.234700 0.821500
vn -0.295900 -0.321300 0.899500
vn -0.409100 0.176500 0.895200
vn -0.246300 -0.098300 0.964200
vn -0.742700 0.668700 0.034500
vn -0.658700 0.639800 0.395900
vn -0.788400 0.575400 0.217800
vn 0.137300 -0.683800 0.716600
vn -0.512300 -0.090100 -0.854000
vn -0.248000 -0.328000 -0.911500
vn -0.861900 -0.178000 -0.474800
vn -0.649300 -0.376100 -0.661000
vn -0.538000 -0.586400 -0.605600
vn -0.796400 -0.424300 -0.430900
vn -0.965500 -0.188500 -0.179700
vn -0.828500 -0.528800 -0.184300
vn -0.957400 -0.179600 -0.226000
vn -0.244800 -0.899600 -0.361600
vn -0.510300 -0.851800 -0.118800
vn -0.647400 -0.651400 -0.395700
vn -0.637500 -0.647100 0.418100
vn -0.493100 -0.850200 0.184600
vn -0.451500 -0.883100 0.127600
vn -0.880600 -0.360200 0.307800
vn -0.903500 -0.353600 0.242200
vn -0.866000 -0.429500 0.256000
vn -0.288800 0.545100 0.787100
vn -0.437000 0.617300 0.654100
vn -0.820800 -0.226800 0.524300
vn -0.820600 -0.227200 0.524400
vn -0.713800 -0.690300 -0.118500
vn -0.666300 -0.726100 -0.169900
vn 0.106100 -0.862700 0.494400
vn 0.348900 -0.909300 0.226600
vn 0.074800 -0.988100 0.134700
vn 0.182800 -0.548500 0.815900
vn 0.390600 -0.668600 0.632800
vn 0.600200 -0.606300 0.521700
vn 0.432000 -0.444600 0.784700
vn 0.660000 -0.398700 0.636700
vn 0.184300 -0.208400 0.960500
vn 0.478600 -0.202000 0.854500
vn 0.230700 -0.200300 0.952200
vn 0.907400 -0.349800 0.233100
vn 0.856200 -0.115100 0.503700
vn 0.839100 0.001400 0.544000
vn 0.956100 0.151700 0.250600
vn -0.794200 0.465400 0.390700
vn -0.583300 0.812100 -0.016200
vn -0.665500 0.737500 -0.115400
vn 0.237700 0.554600 0.797400
vn 0.757500 -0.477900 -0.444700
vn 0.218200 0.876300 -0.429600
vn -0.372800 0.922700 -0.098800
vn 0.501600 0.444100 -0.742400
vn -0.196600 0.928400 -0.315300
vn -0.705300 0.705500 -0.068600
vn -0.113900 0.903400 -0.413400
vn -0.382800 0.902600 -0.197100
vn 0.313100 -0.300700 -0.900900
vn 0.579100 -0.170000 -0.797300
vn 0.155100 -0.570900 -0.806200
vn 0.087400 -0.424000 -0.901400
vn 0.434700 -0.069100 -0.897900
vn -0.286700 0.298700 -0.910300
vn -0.286100 0.299300 -0.910300
vn -0.470200 0.091400 -0.877800
vn -0.920800 0.374300 -0.109900
vn -0.862300 -0.219600 -0.456300
vn -0.922400 0.198900 -0.331200
vn -0.489900 -0.474300 -0.731400
vn -0.899800 0.384600 -0.205900
vn -0.894900 0.117300 -0.430500
vn 0.462500 -0.246000 0.851800
vn 0.124300 0.353900 0.927000
vn 0.728200 -0.500400 0.468300
vn 0.345000 0.171300 0.922900
vn 0.087400 0.688700 0.719700
vn 0.443000 0.085900 0.892400
vn 0.222800 0.359900 0.906000
vn 0.890600 -0.314500 -0.328500
vn 0.793200 -0.583300 -0.174800
vn 0.794000 -0.141500 -0.591300
vn 0.892100 -0.078000 -0.445000
vn 0.891300 -0.441100 -0.104900
vn 0.921300 0.270600 0.279300
vn 0.921400 0.270700 0.278800
vn 0.883300 0.463200 0.073100
vn 0.120400 0.911600 0.393200
vn 0.447700 0.869900 -0.206900
vn 0.338600 0.917300 0.209500
vn 0.716800 0.506300 -0.479400
vn 0.220100 0.891000 0.397100
vn 0.435900 0.891700 0.121700
vn -0.388100 0.910300 0.144100
vn -0.126900 0.905300 0.405500
vn -0.703800 0.699100 0.125900
vn -0.364300 0.849300 0.382000
vn -0.109500 0.686400 0.719000
vn -0.575500 0.563600 0.592600
vn -0.326500 0.653200 0.683200
vn -0.911900 0.117500 0.393200
vn -0.913400 0.383300 0.137000
vn -0.699100 0.095700 0.708600
vn -0.856800 0.354900 0.374100
vn -0.668000 0.660400 0.343000
vn -0.123400 0.366300 0.922300
vn -0.382400 0.107100 0.917800
vn -0.360000 0.343800 0.867300
vn -0.665400 0.312700 0.677800
vn -0.866600 -0.443900 -0.228100
vn -0.919600 -0.126400 0.372000
vn -0.491300 -0.714000 -0.498900
vn -0.899600 -0.360200 0.247100
vn -0.698000 -0.135000 0.703200
vn -0.810800 -0.418100 0.409800
vn -0.663000 -0.345000 0.664400
vn 0.230100 -0.941700 -0.245600
vn 0.157600 -0.783800 -0.600700
vn 0.582900 -0.783300 -0.216100
vn 0.314000 -0.942700 -0.113100
vn 0.092300 -0.940500 -0.327100
vn 0.033500 -0.998300 -0.048500
vn -0.366900 -0.140600 0.919600
vn 0.237300 -0.481500 0.843700
vn -0.241500 -0.378900 0.893400
vn 0.513800 -0.765900 0.386400
vn -0.404600 -0.429900 0.807200
vn -0.127600 0.163500 -0.978300
vn -0.322000 0.506500 -0.799900
vn -0.093500 0.432000 -0.897000
vn -0.239700 0.196300 -0.950800
vn -0.397500 0.543000 -0.739700
vn -0.257600 0.617600 -0.743100
vn -0.075700 0.770100 -0.633500
vn -0.432600 0.652100 -0.622600
vn -0.819700 0.434400 0.373400
vn -0.824500 -0.049100 0.563700
vn -0.724700 0.303200 0.618800
vn -0.752400 0.535600 0.383400
vn -0.963900 -0.004100 -0.266300
vn -0.977700 0.209800 -0.010800
vn -0.912900 -0.102700 -0.395100
vn -0.784100 0.605500 0.136300
vn -0.747600 0.631400 0.205900
vn -0.094800 0.946900 -0.307200
vn -0.305800 0.933200 0.188700
vn -0.271200 0.957700 -0.096500
vn -0.538000 0.718100 0.441500
vn -0.296900 0.931400 -0.210700
vn -0.366500 0.929000 -0.051600
vn 0.091400 0.395400 -0.913900
vn 0.372900 0.114500 -0.920800
vn 0.112100 0.715700 -0.689300
vn 0.395700 0.415900 -0.818800
vn 0.698800 0.129700 -0.703500
vn 0.378400 0.922100 -0.081500
vn 0.095100 0.927500 -0.361400
vn 0.702100 0.704100 -0.105800
vn 0.398000 0.832300 -0.385900
vn 0.918800 0.104400 -0.380700
vn 0.920200 0.380000 -0.094000
vn 0.822700 0.407500 -0.396300
vn 0.788500 0.542400 0.289900
vn 0.953700 0.216600 0.208800
vn 0.902200 0.422700 0.085600
vn 0.498800 0.823900 0.268900
vn 0.719400 0.588200 0.369300
vn 0.229500 0.794900 0.561600
vn -0.159000 0.937200 0.310500
vn 0.318500 0.942100 0.105000
vn -0.396600 0.751500 0.527200
vn 0.106500 0.956300 0.272500
vn 0.639400 0.764700 0.080000
vn -0.169100 0.818300 0.549400
vn -0.352300 0.533100 0.769200
vn -0.582000 0.393200 0.711800
vn 0.268500 0.164600 0.949100
vn -0.061000 0.499600 0.864100
vn -0.100700 -0.361300 -0.927000
vn -0.382200 -0.080500 -0.920600
vn -0.094800 -0.690800 -0.716800
vn -0.376700 -0.357800 -0.854500
vn -0.707500 -0.078900 -0.702300
vn -0.357800 -0.648400 -0.672000
vn -0.663800 -0.342700 -0.664800
vn -0.378900 -0.918500 -0.113000
vn -0.099000 -0.913200 -0.395300
vn -0.704300 -0.702500 -0.102000
vn -0.375100 -0.842100 -0.387500
vn -0.662900 -0.654100 -0.364400
vn -0.922200 -0.090300 -0.376100
vn -0.920800 -0.376900 -0.100400
vn -0.850800 -0.366400 -0.376700
vn -0.513400 0.215700 -0.830600
vn -0.274600 0.299400 -0.913800
vn -0.464600 0.093000 -0.880600
vn -0.646800 0.119600 -0.753200
vn -0.524100 0.482500 -0.701800
vn -0.739300 0.343400 -0.579200
vn -0.944400 0.270300 0.187100
vn -0.944600 0.073200 -0.319900
vn -0.730700 0.539800 0.417900
vn -0.805100 0.524000 0.278000
vn -0.893500 0.092800 -0.439300
vn -0.739900 0.045500 -0.671200
vn -0.198100 0.719700 0.665400
vn -0.596400 0.676600 0.431800
vn -0.519400 0.670300 0.530000
vn -0.364700 0.756900 0.542300
vn -0.520000 0.833200 0.188000
vn -0.766300 0.574000 0.288800
vn -0.546800 -0.792600 0.269800
vn -0.423000 -0.903700 0.066000
vn -0.179900 -0.498400 0.848000
vn -0.514900 -0.661300 0.545500
vn -0.827900 -0.502700 0.248700
vn -0.765800 -0.640400 0.058600
vn -0.804000 -0.237000 0.545400
vn -0.545000 0.344000 0.764600
vn -0.216500 0.512300 0.831100
vn -0.420400 0.569000 0.706700
vn -0.826800 0.162600 0.538600
vn -0.592700 0.240000 0.768800
vn -0.943600 -0.319600 0.086200
vn -0.942700 0.157800 0.294000
vn -0.960600 -0.109300 0.255500
vn -0.763800 0.395700 0.509900
vn -0.256500 -0.755700 0.602600
vn -0.149600 -0.954700 0.257100
vn -0.071700 -0.864700 0.497100
vn -0.234400 -0.481200 0.844700
vn -0.854500 -0.473200 0.214100
vn -0.531900 -0.628900 0.567100
vn -0.915700 -0.377100 0.139000
vn -0.369800 -0.445300 0.815400
vn -0.288200 0.156400 0.944700
vn -0.080500 -0.315200 0.945600
vn -0.514300 0.407000 0.754800
vn -0.245900 -0.115600 0.962400
vn -0.057800 -0.610500 0.789900
vn -0.320200 -0.073100 0.944500
vn -0.773900 0.363600 0.518500
vn -0.712600 0.593000 0.374900
vn -0.830500 0.536500 0.149900
vn -0.780700 0.252200 0.571700
vn -0.689000 0.384400 0.614400
vn -0.696700 0.122900 0.706800
vn 0.379200 -0.921900 0.079800
vn 0.099500 -0.926900 0.362000
vn 0.704700 -0.705400 0.076200
vn 0.375400 -0.855400 0.357000
vn 0.095300 -0.716100 0.691400
vn 0.662900 -0.667300 0.339500
vn 0.357700 -0.672800 0.647600
vn 0.922400 -0.103700 0.372000
vn 0.920900 -0.380000 0.086300
vn 0.707700 -0.104000 0.698800
vn 0.851300 -0.379400 0.362500
vn 0.664600 -0.366100 0.651400
vn 0.101600 -0.394200 0.913400
vn 0.382900 -0.112900 0.916900
vn 0.377300 -0.387800 0.841000
vn 0.968400 0.202800 0.145500
vn 0.800700 0.303800 0.516300
vn 0.904400 0.074300 0.420100
vn 0.909900 0.384800 0.154600
vn 0.779900 0.377600 0.499100
vn 0.502400 0.241200 0.830300
vn 0.643300 0.054700 0.763700
vn 0.231700 0.534000 0.813100
vn -0.339300 0.777000 0.530200
vn -0.365900 0.914900 0.170300
vn -0.570300 0.697600 0.433600
vn -0.166900 0.518600 0.838500
vn -0.272200 0.814600 0.512200
vn 0.322700 0.072100 0.943800
vn -0.159300 0.273800 0.948500
vn 0.110200 0.237600 0.965100
vn -0.392500 0.488000 0.779600
vn -0.002300 0.915300 0.402700
vn -0.000600 0.690600 0.723200
vn 0.001200 0.362100 0.932100
vn -0.923100 -0.006000 0.384600
vn -0.377200 -0.016900 0.926000
vn -0.703000 -0.012400 0.711100
vn 0.692300 -0.696800 0.187700
vn 0.692400 -0.696800 0.187200
vn 0.166200 -0.182100 0.969100
vn 0.627100 -0.621100 -0.470100
vn -0.924300 0.381400 0.011600
vn -0.707600 0.706400 0.017000
vn -0.382200 0.923900 0.019800
vn 0.685600 0.240200 -0.687200
vn 0.685400 0.241200 -0.687000
vn 0.152100 0.978800 -0.137200
vn 0.628600 -0.441700 -0.640100
vn -0.156500 -0.686400 -0.710200
vn -0.156600 -0.686400 -0.710200
vn -0.976900 -0.150000 -0.152100
vn 0.454300 -0.618200 -0.641400
vn -0.007500 0.417400 -0.908700
vn -0.007500 0.738800 -0.673900
vn -0.006800 0.879600 -0.475800
vn -0.006400 0.934600 -0.355500
vn -0.107900 0.993900 -0.024200
vn -0.003800 0.990700 0.136300
vn 0.364900 0.930800 0.021100
vn 0.564700 0.825200 0.013300
vn 0.684200 0.729200 0.011000
vn 0.914600 0.404300 0.003800
vn -0.316200 0.889300 0.330300
vn -0.497100 0.703100 0.508500
vn -0.521500 0.666100 0.533200
vn -0.687200 0.218300 0.692800
vn -0.425100 0.791800 0.438600
vn -0.554600 0.610200 0.565700
vn -0.404500 0.016900 -0.914400
vn -0.727700 0.012700 -0.685800
vn -0.931300 0.006700 -0.364300
vn -0.983300 -0.118100 -0.138400
vn -0.515600 0.015900 -0.856700
vn -0.891200 0.008300 -0.453600
vn -0.992200 0.103500 -0.070100
vn -0.405500 -0.914000 -0.015700
vn -0.430800 -0.902300 -0.015200
vn -0.731300 -0.682000 -0.009800
vn -0.825700 -0.564100 -0.007200
vn -0.934400 -0.356100 -0.002800
vn -0.992700 -0.000200 0.120500
vn -0.898000 0.303900 0.318400
vn -0.795700 0.418800 0.437500
vn -0.652400 0.525300 0.546300
vn -0.319300 0.657900 0.682000
vn -0.719400 0.436400 0.540400
vn -0.115000 -0.012400 0.993300
vn 0.003900 -0.369800 0.929100
vn 0.004300 -0.545600 0.838100
vn 0.004500 -0.674400 0.738300
vn 0.004600 -0.817400 0.576000
vn 0.004500 -0.899100 0.437600
vn 0.142200 -0.134000 0.980700
vn 0.332600 -0.017800 0.942900
vn 0.671100 -0.014000 0.741200
vn 0.916100 -0.007600 0.400800
vn 0.076300 0.083800 0.993600
vn 0.502100 -0.016400 0.864600
vn -0.299700 0.284900 0.910500
vn -0.544300 0.451300 0.707200
vn -0.515400 0.504200 0.692900
vn -0.552200 0.542100 0.633400
vn -0.683100 0.678400 0.270300
vn -0.395200 0.381600 0.835500
vn -0.002400 0.930800 -0.365600
vn -0.004400 0.720200 -0.693700
vn -0.005700 0.399800 -0.916600
vn 0.923800 0.382900 0.003300
vn 0.707200 0.706900 0.010400
vn 0.382400 0.923800 0.016000
vn -0.666900 0.306000 0.679400
vn -0.517400 0.667600 0.535500
vn -0.277900 0.913000 0.298600
vn -0.925600 0.007000 -0.378600
vn -0.710400 0.013000 -0.703700
vn -0.386400 0.017100 -0.922200
vn -0.924000 -0.382400 -0.003300
vn -0.707100 -0.707100 -0.010400
vn -0.382600 -0.923800 -0.016000
vn -0.396600 0.637200 0.660900
vn -0.705900 0.490700 0.510800
vn -0.920400 0.269800 0.283000
vn 0.002200 -0.908900 0.417100
vn 0.003600 -0.695000 0.719000
vn 0.004500 -0.386700 0.922200
vn 0.925700 -0.006400 0.378200
vn 0.710400 -0.012200 0.703700
vn 0.387100 -0.016000 0.921900
vn -0.661800 0.659900 0.355800
vn -0.508800 0.502000 0.699300
vn -0.271400 0.260800 0.926500
vn 0.377400 0.017600 -0.925900
vn 0.702900 0.013500 -0.711100
vn 0.703300 0.013500 -0.710800
vn 0.921900 0.007400 -0.387300
vn 0.994700 0.001900 -0.102500
vn -0.581000 -0.015600 0.813700
vn -0.572800 0.132500 0.809000
vn 0.386400 -0.017600 0.922200
vn 0.384900 0.078900 0.919600
vn 0.987700 -0.003000 0.156600
vn 0.385700 -0.017600 0.922500
vn -0.004300 0.180700 -0.983500
vn 0.010800 0.930500 -0.366100
vn -0.001600 0.930400 -0.366500
vn -0.004100 0.181000 -0.983500
vn 0.005900 0.565600 -0.824600
vn 0.010700 0.978900 0.203800
vn 0.010800 0.932100 -0.362100
vn 0.002600 0.800600 0.599200
vn 0.000700 -0.989900 0.141800
vn -0.147700 -0.978900 0.141500
vn 0.004000 -0.399500 0.916700
vn -0.093400 -0.397700 0.912700
vn 0.000300 -0.998100 0.061600
vn 0.000700 -0.989800 0.142800
vn 0.004000 -0.399300 0.916800
vn 0.003500 0.569600 0.821900
vn 0.924200 -0.381800 -0.011100
vn 0.707700 -0.706300 -0.015600
vn 0.708300 -0.705700 -0.015600
vn 0.383900 -0.923200 -0.017800
vn -0.924600 -0.379400 0.033500
vn -0.157600 -0.981300 0.110300
vn -0.808400 0.583700 -0.075300
vn -0.923900 -0.381100 0.033600
vn -0.157200 -0.981400 0.110300
vn -0.165400 -0.018500 -0.986100
vn -0.656100 -0.133000 -0.742900
vn -0.662600 -0.134600 -0.736800
vn -0.905500 -0.206900 0.370400
vn -0.166400 -0.018600 -0.985900
vn -0.897400 -0.201600 -0.392600
vn -0.899300 -0.202200 -0.387700
vn -0.803100 -0.190200 0.564700
vn -0.001700 -0.916400 -0.400300
vn -0.003000 -0.693700 -0.720300
vn -0.004000 -0.365400 -0.930800
vn -0.004300 -0.079600 -0.996800
vn -0.003100 -0.693500 -0.720500
vn 0.382900 0.923800 0.008800
vn 0.382600 0.923800 0.014000
vn -0.579400 0.814800 0.017200
vn 0.382800 0.923800 0.003500
vn 0.986000 0.166600 -0.002100
vn -0.374700 0.848300 -0.374200
vn -0.586300 0.467300 0.661700
vn -0.645200 0.463700 0.607200
vn 0.796300 0.601000 0.068600
vn 0.796300 0.600900 0.068600
vn -0.599900 -0.798800 0.044800
vn -0.099100 0.654900 -0.749200
vn -0.233000 -0.122100 0.964800
vn -0.639800 0.632400 0.436700
vn -0.673200 0.497800 -0.546900
vn -0.885500 0.313500 -0.342900
vn -0.963400 0.261200 -0.060600
vn -0.500200 0.111600 0.858700
vn -0.622600 0.746400 -0.235100
vn 0.078100 0.692500 -0.717200
vn 0.757000 -0.431600 -0.490600
vn 0.757000 -0.431500 -0.490700
vn 0.756900 -0.431700 -0.490600
vn -0.454500 -0.560500 0.692300
vn -0.281700 -0.362500 0.888400
vn -0.658200 -0.595800 0.460300
vn -0.081000 0.483300 -0.871700
vn 0.885100 0.056300 0.462000
vn -0.895400 -0.428300 -0.122100
vn 0.129200 -0.455200 0.881000
vn -0.906900 0.313500 0.281500
vn -0.434000 0.883300 -0.177400
vn 0.574200 0.589100 -0.568500
vn 0.010300 0.975800 0.218300
vn -0.923900 -0.381200 0.033600
vn -0.068000 0.099900 -0.992700
vn -0.015700 0.017200 -0.999700
vn -0.071900 0.095700 -0.992800
vn -0.584900 0.719100 0.375200
vn -0.599300 0.651700 0.464800
vn -0.558600 0.687100 0.464600
vn 0.047900 -0.052200 -0.997500
vn 0.732400 -0.633400 0.249700
vn 0.743100 -0.575000 0.342400
vn 0.766600 -0.592400 0.247800
vn -0.093300 0.076600 -0.992700
vn -0.089200 0.080400 -0.992800
vn -0.541600 0.752900 0.373900
vn -0.517300 0.719700 0.463100
vn 0.560400 -0.789200 0.251100
vn 0.480500 -0.807200 0.342900
vn 0.543500 -0.764600 0.346400
vn 0.655000 -0.712200 0.252700
vn 0.674500 -0.651600 0.347000
vn 0.696300 -0.672400 0.251100
vn -0.085600 0.084500 -0.992700
vn -0.080900 0.088100 -0.992800
vn 0.052400 -0.048800 -0.997400
vn 0.778100 -0.529400 0.338200
vn 0.802500 -0.544800 0.243400
vn -0.802700 0.476800 0.358400
vn -0.738000 0.500000 0.453200
vn -0.770500 0.523200 0.364100
vn -0.736500 0.566900 0.369000
vn -0.671500 0.579700 0.461500
vn -0.702300 0.606900 0.372200
vn 0.812900 -0.478200 0.332500
vn 0.837700 -0.491300 0.238600
vn 0.837700 -0.437200 0.327200
vn 0.862500 -0.448500 0.234400
vn -0.847000 0.400700 0.349300
vn -0.797100 0.413900 0.439800
vn -0.829600 0.432600 0.353000
vn -0.097100 0.072200 -0.992600
vn 0.848600 -0.417900 0.324400
vn 0.873000 -0.428500 0.233000
vn 0.675000 -0.649600 0.349700
vn 0.770700 -0.636700 0.026400
vn -0.937400 0.194000 0.289300
vn -0.815100 0.383600 0.434100
vn -0.106600 0.063500 -0.992300
vn -0.101300 0.067600 -0.992600
vn -0.497400 0.784000 0.371500
vn -0.475100 0.749900 0.460400
vn -0.455300 0.810200 0.369200
vn -0.434800 0.776100 0.456700
vn 0.431500 -0.868300 0.244600
vn 0.389200 -0.858200 0.334700
vn 0.420200 -0.842200 0.337800
vn 0.043900 -0.056100 -0.997500
vn -0.425200 0.827000 0.367900
vn -0.406300 0.793300 0.453500
vn -0.198700 0.927100 0.317800
vn -0.197800 0.888700 0.413600
vn 0.399200 -0.883700 0.244500
vn 0.621100 -0.700700 0.350900
vn 0.032900 -0.063700 -0.997400
vn -0.571700 0.621800 0.535300
vn -0.532800 0.655800 0.534800
vn 0.015700 -0.017200 0.999700
vn -0.049800 0.033000 0.998200
vn 0.709600 -0.614300 0.345100
vn 0.716600 -0.554700 0.422800
vn 0.084500 -0.064300 0.994300
vn 0.088100 -0.060300 0.994300
vn -0.493200 0.686700 0.534000
vn -0.453500 0.716100 0.530600
vn 0.634500 -0.690200 0.347900
vn 0.570000 -0.701000 0.428600
vn 0.611300 -0.665000 0.429000
vn 0.650100 -0.628200 0.427500
vn 0.591400 -0.727500 0.347800
vn 0.524000 -0.736800 0.427300
vn -0.637300 0.615500 0.463700
vn -0.704700 0.541800 0.458100
vn -0.640900 0.552900 0.532500
vn -0.672800 0.516800 0.529400
vn 0.784900 -0.462000 0.412900
vn 0.080800 -0.067800 0.994400
vn -0.769700 0.456000 0.446900
vn -0.705400 0.477400 0.524000
vn -0.736100 0.435800 0.517900
vn 0.821200 -0.404900 0.402100
vn 0.015700 -0.017300 0.999700
vn 0.092500 -0.057700 0.994000
vn -0.763100 0.396100 0.510700
vn -0.902300 0.194900 0.384500
vn -0.781800 0.367900 0.503400
vn 0.738600 -0.485200 0.468000
vn -0.031900 0.049100 0.998300
vn 0.463300 -0.778400 0.423700
vn 0.405600 -0.813500 0.416900
vn -0.415500 0.741600 0.526700
vn -0.388900 0.758900 0.522300
vn -0.024700 0.055900 0.998100
vn -0.028300 0.052600 0.998200
vn 0.376500 -0.829900 0.411800
vn 0.397400 -0.800000 0.449500
vn -0.199600 0.851100 0.485600
vn 0.610300 -0.750900 0.252400
vn 0.004000 0.998900 -0.047500
vn -0.026100 0.998100 0.055200
vn -0.041600 0.986900 0.155600
vn 0.067200 -0.080400 0.994500
vn 0.063200 -0.083900 0.994500
vn 0.684000 -0.592200 0.426000
vn 0.070700 -0.077100 0.994500
vn 0.028400 -0.069400 -0.997200
vn -0.076600 0.092000 -0.992800
vn 0.053800 -0.092300 0.994300
vn -0.998500 0.016800 -0.052700
vn -0.974400 -0.018800 -0.224000
vn -0.997500 0.049000 0.050600
vn -0.998500 -0.052000 -0.016800
vn -0.986300 0.065700 0.151400
vn -0.052900 0.029100 0.998200
vn -0.666800 0.644300 0.374500
vn -0.035800 0.046200 0.998300
vn -0.608000 0.587100 0.534400
vn -0.013500 0.113400 -0.993500
vn 0.026300 -0.074800 -0.996800
vn -0.042800 0.125200 -0.991200
vn -0.061900 0.108300 -0.992200
vn -0.008800 0.073500 0.997300
vn -0.023200 0.059400 0.998000
vn 0.052300 -0.097300 0.993900
vn 0.011300 0.077600 0.996900
vn -0.015700 0.017300 -0.999700
vn -0.110900 0.061600 -0.991900
vn 0.059300 -0.041300 -0.997400
vn 0.750600 -0.510900 0.418900
vn -0.064600 0.020300 0.997700
vn 0.015800 -0.017300 0.999700
vn 0.056100 -0.045000 -0.997400
vn 0.063400 -0.036900 -0.997300
vn 0.074700 -0.074200 0.994400
vn 0.494500 -0.833000 0.248200
vn 0.057800 -0.087100 0.994500
vn -0.015800 0.017300 -0.999700
vn -0.124800 0.045000 -0.991200
vn 0.075200 -0.027600 -0.996800
vn -0.111400 0.017100 -0.993600
vn 0.095200 -0.056400 0.993900
vn -0.078700 -0.010600 0.996800
vn -0.000800 -0.049400 0.998800
vn -0.076300 0.008100 0.997100
vn 0.039900 0.967800 -0.248500
vn 0.184800 0.883900 -0.429700
vn -0.064000 0.104600 -0.992500
vn 0.247200 0.964600 0.092200
vn -0.061700 0.022200 0.997800
vn -0.627300 0.682100 0.375700
vn 0.077900 -0.071200 0.994400
vn -0.056800 0.025500 0.998100
vn 0.067500 -0.032200 -0.997200
vn 0.810100 -0.423100 0.406000
vn -0.865900 0.197900 0.459400
vn -0.046100 0.036000 0.998300
vn -0.042900 0.039300 0.998300
vn -0.039300 0.042700 0.998300
vn 0.039100 -0.059600 -0.997500
vn 0.071900 -0.028900 -0.997000
vn -0.898000 -0.175800 -0.403300
vn -0.685600 -0.176000 -0.706400
vn -0.897100 -0.268800 -0.350800
vn -0.805000 -0.035500 -0.592300
vn -0.395800 -0.142700 -0.907200
vn -0.732000 -0.226100 -0.642700
vn -0.411200 -0.243500 -0.878400
vn 0.282900 -0.184900 -0.941200
vn -0.267700 -0.034700 -0.962900
vn -0.012300 -0.029300 -0.999500
vn 0.313500 -0.235200 -0.920000
vn -0.020800 -0.145400 -0.989200
vn -0.545700 -0.021000 -0.837700
vn -0.019200 -0.204700 -0.978600
vn 0.667200 -0.588000 -0.457400
vn 0.856600 -0.482700 -0.182200
vn 0.653500 -0.709900 -0.262700
vn 0.713600 -0.681000 -0.164300
vn 0.723900 -0.478800 -0.496700
vn 0.847700 -0.410900 -0.335500
vn 0.396800 -0.540800 -0.741700
vn 0.175400 0.668700 -0.722600
vn 0.049000 0.793200 -0.607000
vn 0.273900 0.883100 -0.380800
vn 0.225300 0.713500 -0.663400
vn 0.141500 0.383700 -0.912500
vn 0.030500 0.535700 -0.843900
vn 0.237600 0.396200 -0.886900
vn 0.599900 -0.799500 0.029500
vn 0.551800 -0.697400 -0.457300
vn 0.670300 -0.690900 -0.270900
vn 0.450600 -0.876000 -0.171900
vn 0.445300 -0.751100 -0.487300
vn 0.643000 -0.745400 -0.175900
vn 0.511100 -0.418000 -0.751000
vn 0.479800 -0.496600 -0.723300
vn 0.039100 0.262900 -0.964000
vn 0.174600 -0.291600 -0.940500
vn 0.029000 0.010900 -0.999500
vn 0.140900 0.012900 -0.989900
vn 0.220800 -0.321200 -0.920900
vn 0.195900 0.011700 -0.980600
vn -0.858800 -0.073000 0.507200
vn -0.970200 0.033000 0.239900
vn -0.988800 -0.140600 -0.050800
vn -0.895900 -0.143700 0.420400
vn -0.856100 0.007200 0.516700
vn -0.678800 0.007300 0.734300
vn -0.511400 -0.185500 0.839100
vn 0.552600 -0.377000 0.743300
vn 0.686000 -0.554500 0.471100
vn 0.692800 -0.364300 0.622300
vn 0.309100 -0.257900 0.915400
vn 0.539000 -0.420600 0.729800
vn 0.283000 -0.318100 0.904900
vn -0.305800 -0.035400 0.951400
vn 0.223700 -0.158900 0.961600
vn -0.031500 -0.131100 0.990900
vn 0.466200 -0.257600 0.846400
vn -0.039800 -0.156000 0.986900
vn 0.112600 0.863600 0.491400
vn 0.314500 0.869000 0.382000
vn -0.007800 0.975000 0.221900
vn 0.012500 0.863700 0.503900
vn 0.174900 0.984500 -0.015500
vn 0.198200 0.510000 0.837000
vn 0.117700 0.620000 0.775700
vn 0.148600 -0.229600 0.961900
vn 0.040800 0.307100 0.950800
vn 0.047400 -0.002300 0.998900
vn 0.238800 -0.473500 0.847800
vn 0.128200 0.026500 0.991400
vn 0.008000 0.685800 0.727800
vn 0.243800 -0.317000 0.916600
vn 0.155100 0.031200 0.987400
vn 0.348300 -0.564200 0.748600
vn 0.337200 -0.701000 0.628400
vn 0.430100 -0.775700 0.461800
vn 0.374400 -0.523200 0.765600
vn 0.305700 -0.297600 0.904400
vn -0.325200 0.315900 -0.891300
vn -0.306400 0.333400 -0.891600
vn -0.472600 0.459100 -0.752300
vn -0.445200 0.484800 -0.752900
vn -0.658900 0.716200 -0.230000
vn -0.718400 0.695100 0.026400
vn -0.676600 0.735800 0.027700
vn -0.341300 0.298000 -0.891400
vn -0.495800 0.433300 -0.752600
vn -0.699600 0.676200 -0.231100
vn -0.755400 0.654700 0.025800
vn 0.267500 -0.291000 -0.918600
vn 0.248400 -0.307700 -0.918500
vn 0.411300 -0.446700 -0.794500
vn 0.592100 -0.730200 -0.341100
vn 0.673900 -0.732400 -0.097000
vn 0.636300 -0.691900 -0.341200
vn 0.227300 -0.324000 -0.918300
vn 0.381300 -0.472000 -0.794900
vn 0.544000 -0.766700 -0.340900
vn 0.627100 -0.772800 -0.097500
vn -0.266800 0.366800 -0.891200
vn -0.287200 0.351000 -0.891200
vn -0.387800 0.533300 -0.751800
vn -0.614300 0.755000 -0.229400
vn -0.584900 0.810700 0.027600
vn -0.569400 0.789600 -0.228600
vn -0.417200 0.510400 -0.752000
vn -0.631100 0.775200 0.027900
vn 0.286000 -0.274700 -0.918000
vn 0.302100 -0.258000 -0.917700
vn 0.438700 -0.420900 -0.794000
vn 0.462800 -0.395400 -0.793400
vn 0.711600 -0.614500 -0.340600
vn 0.716400 -0.690700 -0.098100
vn 0.753600 -0.650000 -0.097900
vn 0.676300 -0.652700 -0.341400
vn 0.317300 -0.241000 -0.917200
vn 0.333800 -0.221000 -0.916400
vn 0.486500 -0.369200 -0.791800
vn 0.511700 -0.338400 -0.789700
vn 0.778900 -0.527600 -0.339100
vn 0.788700 -0.606700 -0.098800
vn 0.824700 -0.556600 -0.100300
vn 0.744700 -0.573800 -0.340900
vn -0.358500 0.280400 -0.890400
vn -0.519600 0.407100 -0.751300
vn -0.735600 0.637100 -0.230200
vn -0.790900 0.611500 0.023700
vn -0.375200 0.260600 -0.889600
vn -0.542900 0.378000 -0.749900
vn -0.770000 0.594600 -0.231500
vn -0.825500 0.563900 0.021600
vn -0.392700 0.240000 -0.887800
vn -0.567600 0.348400 -0.746000
vn -0.804100 0.547800 -0.230800
vn -0.857800 0.513700 0.018400
vn -0.411500 0.221300 -0.884100
vn -0.590200 0.322200 -0.740100
vn -0.835500 0.498300 -0.231700
vn -0.884400 0.466300 0.019600
vn 0.351600 -0.199700 -0.914600
vn 0.368900 -0.184200 -0.911000
vn 0.538700 -0.304600 -0.785500
vn 0.561400 -0.279700 -0.778800
vn 0.837200 -0.434500 -0.332200
vn 0.860000 -0.500300 -0.100700
vn 0.884500 -0.456000 -0.098400
vn 0.812600 -0.475400 -0.337200
vn -0.459900 0.130000 -0.878400
vn -0.394000 0.015500 -0.919000
vn -0.827600 0.204800 -0.522700
vn -0.720300 0.011600 -0.693600
vn -0.976200 0.212200 -0.045000
vn -0.936100 0.006100 -0.351700
vn -0.198200 0.105600 -0.974500
vn -0.612400 0.304100 -0.729800
vn -0.864400 0.450400 -0.223500
vn -0.901900 0.431300 0.024300
vn -0.624800 0.298800 -0.721400
vn -0.884400 0.417400 -0.208700
vn 0.379800 -0.177500 -0.907900
vn 0.574200 -0.270500 -0.772700
vn 0.895100 -0.435500 -0.095600
vn 0.849400 -0.414000 -0.327300
vn 0.199400 -0.343100 -0.917900
vn 0.349400 -0.497800 -0.793800
vn 0.480600 -0.809000 -0.338500
vn 0.575200 -0.812100 -0.097800
vn 0.177300 -0.366800 -0.913300
vn 0.305500 -0.529600 -0.791300
vn 0.421400 -0.843800 -0.332300
vn 0.505800 -0.857100 -0.097500
vn -0.229800 0.401700 -0.886500
vn -0.247800 0.383800 -0.889500
vn -0.335700 0.578200 -0.743700
vn -0.522800 0.822000 -0.225800
vn -0.492400 0.869800 0.029600
vn -0.476700 0.851200 -0.219500
vn -0.359900 0.556600 -0.748700
vn -0.536800 0.843200 0.027800
vn -0.006400 0.396600 -0.918000
vn 0.003800 0.723400 -0.690400
vn 0.013100 0.938000 -0.346300
vn -0.128600 0.459600 -0.878800
vn -0.208900 0.830800 -0.515800
vn -0.219200 0.975400 -0.022600
vn 0.166700 -0.383200 -0.908500
vn 0.267800 -0.564000 -0.781100
vn 0.390000 -0.862900 -0.321500
vn 0.439800 -0.893200 -0.093500
vn 0.407300 -0.909300 -0.085100
vn 0.252800 -0.582700 -0.772300
vn 0.382400 -0.864700 -0.325800
vn -0.219300 0.417000 -0.882100
vn -0.446100 0.871700 -0.202600
vn -0.318500 0.598400 -0.735100
vn -0.459800 0.887300 0.036400
vn -0.480100 0.522000 0.705000
vn -0.510800 0.492700 0.704500
vn -0.342000 0.371700 0.863100
vn -0.364200 0.350600 0.862800
vn -0.182500 0.198400 0.963000
vn -0.195000 0.186500 0.962900
vn -0.539100 0.464000 0.702900
vn -0.385100 0.329900 0.861900
vn -0.206700 0.175000 0.962600
vn 0.491100 -0.603800 0.627900
vn 0.526600 -0.572900 0.628100
vn 0.362300 -0.444100 0.819500
vn 0.387700 -0.421900 0.819600
vn 0.206300 -0.251700 0.945600
vn 0.220000 -0.239600 0.945600
vn 0.452400 -0.634800 0.626400
vn 0.333700 -0.466300 0.819300
vn 0.190600 -0.263600 0.945600
vn -0.447000 0.550800 0.704900
vn -0.413800 0.577400 0.703800
vn -0.317800 0.392300 0.863200
vn -0.294400 0.412400 0.862200
vn -0.169300 0.210200 0.962900
vn -0.156100 0.221300 0.962600
vn 0.589600 -0.511400 0.625200
vn 0.560000 -0.541800 0.626800
vn 0.433900 -0.377800 0.817900
vn 0.411800 -0.399300 0.819100
vn 0.245600 -0.216000 0.945000
vn 0.233700 -0.227600 0.945300
vn 0.648300 -0.443100 0.619200
vn 0.618000 -0.479800 0.622800
vn 0.477700 -0.329400 0.814400
vn 0.454900 -0.355200 0.816600
vn 0.270200 -0.190100 0.943900
vn 0.257400 -0.203800 0.944600
vn -0.566600 0.433900 0.700500
vn -0.405600 0.308600 0.860400
vn -0.218600 0.163400 0.962000
vn -0.595600 0.401300 0.695800
vn -0.427400 0.285300 0.857900
vn -0.231200 0.150600 0.961200
vn -0.623500 0.366800 0.690400
vn -0.449200 0.261000 0.854500
vn -0.243600 0.137100 0.960100
vn -0.648800 0.334300 0.683700
vn -0.470800 0.238500 0.849400
vn -0.258200 0.125500 0.957900
vn 0.704500 -0.370200 0.605400
vn 0.679800 -0.402200 0.613300
vn 0.523900 -0.279100 0.804800
vn 0.502600 -0.300900 0.810400
vn 0.298000 -0.163900 0.940400
vn 0.284300 -0.174900 0.942600
vn -0.900100 0.055800 0.432100
vn -0.740400 0.172000 0.649800
vn -0.673100 0.035400 0.738700
vn -0.540600 0.122500 0.832300
vn -0.353200 0.009900 0.935500
vn -0.300700 0.063900 0.951600
vn -0.668800 0.312100 0.674800
vn -0.489200 0.224100 0.842900
vn -0.269100 0.117800 0.955900
vn 0.716600 -0.355800 0.599900
vn 0.535600 -0.269700 0.800300
vn 0.306200 -0.159200 0.938600
vn 0.400800 -0.671000 0.623800
vn 0.297400 -0.493700 0.817200
vn 0.171200 -0.278600 0.945000
vn 0.353400 -0.705100 0.614700
vn 0.265200 -0.522600 0.810300
vn 0.154700 -0.296200 0.942500
vn -0.380600 0.603100 0.701000
vn -0.349600 0.626800 0.696400
vn -0.270400 0.431700 0.860500
vn -0.249100 0.451400 0.856800
vn -0.143000 0.232800 0.962000
vn -0.131100 0.244400 0.960800
vn -0.034100 0.899400 0.435800
vn -0.019700 0.672700 0.739700
vn -0.002300 0.353600 0.935400
vn -0.172700 0.723800 0.668100
vn -0.122700 0.525700 0.841800
vn -0.064200 0.292200 0.954200
vn 0.330100 -0.723000 0.606900
vn 0.250000 -0.540000 0.803700
vn 0.147600 -0.309500 0.939400
vn -0.328200 0.644100 0.690900
vn -0.235000 0.467200 0.852400
vn -0.124200 0.255100 0.958900
vn 0.808800 -0.481200 0.337900
vn 0.464600 0.876200 -0.127900
vn 0.606700 -0.714600 0.348200
vn 0.077000 0.967100 -0.242500
vn 0.686900 -0.638700 0.346600
vn -0.974200 -0.057900 -0.218000
vn 0.440100 -0.829200 0.344500
vn 0.472600 -0.509900 -0.718800
vn -0.617400 -0.101200 0.780100
vn 0.974600 0.132700 0.180400
vn 0.991800 0.083400 0.097200
vn 0.974900 0.136700 0.176000
vn -0.470100 0.536600 0.700800
vn -0.555100 0.546800 0.626700
vn -0.554800 0.505200 0.661100
vn 0.999400 0.021700 0.026400
vn -0.146900 -0.729000 -0.668600
vn -0.243500 -0.747500 -0.618000
vn -0.145400 -0.764200 -0.628400
vn 0.974800 0.158100 0.157400
vn 0.974800 0.154100 0.161400
vn -0.468400 0.492500 0.733500
vn -0.552900 0.463100 0.692700
vn -0.148600 -0.552900 -0.819900
vn -0.244300 -0.478900 -0.843200
vn -0.246800 -0.543200 -0.802500
vn -0.149800 -0.649700 -0.745300
vn -0.246900 -0.677200 -0.693100
vn -0.148500 -0.691700 -0.706700
vn 0.974700 0.150400 0.165200
vn 0.974700 0.146100 0.168900
vn 0.999400 0.017900 0.030100
vn -0.240200 -0.785700 -0.570000
vn -0.142600 -0.803200 -0.578500
vn -0.450100 0.761800 0.465800
vn -0.541500 0.690300 0.479800
vn -0.457000 0.728200 0.510800
vn -0.462600 0.692700 0.553400
vn -0.551300 0.621200 0.557000
vn -0.467000 0.656900 0.591900
vn -0.234600 -0.831000 -0.504500
vn -0.137600 -0.848300 -0.511300
vn -0.228300 -0.867200 -0.442500
vn -0.133500 -0.883500 -0.449100
vn -0.441900 0.807500 0.390800
vn -0.525600 0.752700 0.396400
vn -0.444100 0.790000 0.422600
vn 0.974700 0.162400 0.153300
vn -0.224700 -0.883400 -0.411100
vn -0.132000 -0.898700 -0.418300
vn -0.244400 -0.730900 -0.637200
vn -0.185300 -0.894300 -0.407200
vn -0.375900 0.904600 0.201100
vn -0.518900 0.772000 0.367200
vn 0.992500 0.085000 0.087500
vn 0.980100 0.151100 0.128500
vn 0.975200 0.165400 0.146900
vn -0.465500 0.447800 0.763400
vn -0.549600 0.420300 0.722000
vn -0.462600 0.405000 0.788700
vn -0.545200 0.379600 0.747500
vn -0.145300 -0.421400 -0.895200
vn -0.238700 -0.385800 -0.891200
vn -0.240900 -0.417300 -0.876200
vn 0.999400 0.026200 0.023000
vn -0.460300 0.374600 0.804900
vn -0.541400 0.350900 0.764100
vn -0.403100 0.149200 0.902900
vn -0.466200 0.149100 0.872000
vn -0.145100 -0.388900 -0.909800
vn -0.250800 -0.622700 -0.741200
vn 0.999200 0.037300 0.015500
vn -0.620700 0.515600 0.590700
vn -0.620700 0.475600 0.623400
vn -0.991800 -0.083400 -0.097200
vn -0.998800 -0.019500 -0.045600
vn -0.245500 -0.713200 -0.656600
vn -0.327300 -0.727100 -0.603500
vn -0.978200 -0.151200 -0.142100
vn -0.993100 -0.082300 -0.084100
vn -0.979100 -0.161500 -0.123400
vn -0.619100 0.435300 0.653600
vn -0.615600 0.394900 0.682000
vn -0.247700 -0.636300 -0.730600
vn -0.331900 -0.577000 -0.746200
vn -0.331800 -0.619400 -0.711500
vn -0.330900 -0.658900 -0.675500
vn -0.247600 -0.592200 -0.766800
vn -0.330900 -0.529900 -0.780800
vn -0.553900 0.585800 0.591600
vn -0.547300 0.655600 0.520200
vn -0.617300 0.586700 0.524100
vn -0.613900 0.619600 0.489100
vn -0.317100 -0.810200 -0.492900
vn -0.978000 -0.146300 -0.148600
vn -0.991900 -0.083600 -0.095400
vn -0.534000 0.723700 0.437200
vn -0.607900 0.653500 0.451000
vn -0.600300 0.686200 0.410700
vn -0.304900 -0.864100 -0.400500
vn -0.995900 -0.068900 -0.059400
vn -0.982000 -0.164500 -0.092300
vn -0.590200 0.715800 0.373100
vn -0.466200 0.862100 0.198500
vn -0.578500 0.738000 0.347400
vn -0.386300 -0.790600 -0.475000
vn -0.998900 -0.037500 -0.029700
vn -0.328600 -0.468000 -0.820300
vn -0.322500 -0.409000 -0.853600
vn -0.610500 0.356700 0.707100
vn -0.605900 0.329800 0.724000
vn -0.998700 -0.044800 -0.022900
vn -0.998800 -0.041400 -0.026500
vn -0.318300 -0.379100 -0.868900
vn -0.385100 -0.465200 -0.797100
vn -0.501400 0.151900 0.851800
vn -0.149500 -0.603700 -0.783100
vn -0.030400 -0.030100 0.999100
vn -0.171400 -0.014000 0.985100
vn -0.300300 -0.007900 0.953800
vn -0.978000 -0.132500 -0.161200
vn -0.978000 -0.128400 -0.164200
vn -0.329900 -0.693600 -0.640400
vn -0.978000 -0.136400 -0.157900
vn 0.999100 0.041800 0.009600
vn 0.974800 0.141200 0.172600
vn -0.977800 -0.118900 -0.172600
vn -0.016800 0.999000 0.042600
vn 0.154400 0.988000 0.008800
vn -0.124600 0.989700 0.070300
vn -0.087600 0.995400 -0.038500
vn -0.223700 0.971000 0.084700
vn -0.998700 -0.015900 -0.048800
vn -0.469000 0.620700 0.628400
vn -0.998900 -0.033900 -0.032800
vn -0.619800 0.552700 0.557100
vn 0.978200 0.077900 0.192600
vn 0.999000 0.044200 0.005000
vn 0.972900 0.106700 0.205100
vn 0.973900 0.126100 0.188500
vn -0.998100 -0.061400 -0.006100
vn -0.998700 -0.046700 -0.019900
vn -0.977300 -0.116800 -0.176900
vn -0.996700 -0.081500 -0.002000
vn 0.994900 0.077100 0.064700
vn 0.989300 0.107500 0.098500
vn 0.999300 0.010300 0.037300
vn 0.991800 0.083900 0.096100
vn -0.324300 -0.764500 -0.557200
vn -0.997400 0.071500 -0.005400
vn -0.999100 -0.032500 -0.029000
vn 0.999300 0.014000 0.033700
vn 0.999200 0.008200 0.039600
vn -0.978000 -0.139900 -0.154800
vn -0.147000 -0.485800 -0.861600
vn -0.978200 -0.122900 -0.167500
vn 0.998200 0.049800 0.034500
vn 0.997500 0.049300 0.051500
vn 0.999800 -0.016600 -0.012300
vn 0.991200 0.130400 0.020800
vn -0.987400 -0.144800 -0.063600
vn -0.997000 0.077100 -0.001000
vn -0.998700 -0.032900 -0.038300
vn -0.987100 0.158400 0.022000
vn 0.177700 -0.049300 0.982800
vn 0.366400 -0.095400 0.925600
vn 0.974400 0.128200 0.184600
vn -0.038400 -0.104500 0.993800
vn -0.999200 0.030100 -0.026600
vn -0.470100 0.580100 0.665200
vn -0.978000 -0.143200 -0.151800
vn -0.998900 -0.007800 -0.046900
vn 0.999400 0.011500 0.032100
vn -0.309400 -0.847600 -0.431100
vn -0.525800 0.827200 0.198300
vn -0.998800 -0.023000 -0.042500
vn -0.998900 -0.026500 -0.039300
vn -0.998900 -0.029900 -0.036000
vn 0.999300 0.031000 0.019400
vn 0.999900 0.006400 0.010500
vn 0.359200 0.931600 -0.056200
vn 0.697500 0.704700 -0.129800
vn 0.334200 0.937300 -0.098600
vn 0.546400 0.837400 -0.012400
vn 0.899500 0.420300 -0.119000
vn 0.689000 0.701500 -0.181900
vn 0.878800 0.425700 -0.215600
vn 0.951900 -0.251000 -0.175600
vn 0.952200 0.304200 -0.026300
vn 0.998300 0.052000 -0.027800
vn 0.928800 -0.296400 -0.222400
vn 0.989900 0.041000 -0.135500
vn 0.814700 0.579900 -0.005200
vn 0.981800 0.031600 -0.187500
vn 0.532700 -0.442700 -0.721200
vn 0.540300 -0.656100 -0.526800
vn 0.254200 -0.856200 -0.449900
vn -0.122900 -0.782300 -0.610700
vn 0.531700 -0.728500 -0.431900
vn 0.404200 -0.828400 -0.387700
vn 0.772000 -0.411200 -0.484700
vn 0.684100 -0.133000 0.717200
vn 0.545600 -0.030500 0.837500
vn 0.362600 -0.143800 0.920800
vn 0.682700 -0.182000 0.707700
vn 0.887600 -0.089600 0.451900
vn 0.799300 0.011400 0.600800
vn 0.867900 -0.187500 0.459900
vn 0.024100 -0.483800 -0.874800
vn 0.554200 -0.487700 -0.674600
vn 0.310100 -0.528500 -0.790300
vn 0.271300 -0.412800 -0.869500
vn 0.574600 -0.388700 -0.720300
vn 0.635700 -0.769900 0.056300
vn 0.568100 -0.622800 -0.538000
vn 0.621000 -0.743200 0.249100
vn 0.816400 -0.446100 -0.366600
vn 0.941100 0.019200 0.337700
vn 0.970500 -0.101000 -0.219100
vn 0.995200 0.038900 0.089800
vn 0.993300 -0.073200 0.089200
vn 0.956800 -0.147400 -0.250600
vn 0.988000 -0.128000 0.086200
vn -0.583200 0.810500 -0.053800
vn -0.326100 0.944000 0.049600
vn -0.012400 0.992800 -0.119200
vn -0.482200 0.868100 -0.117600
vn -0.582500 0.812300 0.028300
vn -0.775700 0.630500 0.027200
vn -0.876800 0.452000 -0.164300
vn -0.686100 -0.625700 -0.371300
vn -0.374400 -0.750900 -0.544000
vn -0.548500 -0.754100 -0.361100
vn -0.890700 -0.378300 -0.252200
vn -0.662500 -0.622400 -0.416700
vn -0.876800 -0.363400 -0.314900
vn -0.964400 0.263700 -0.018900
vn -0.950100 -0.273300 -0.150200
vn -0.992700 -0.022200 -0.118600
vn -0.808900 -0.530000 -0.254500
vn -0.989000 -0.015900 -0.147000
vn -0.554600 -0.153500 0.817800
vn 0.016600 -0.186100 0.982400
vn -0.297600 -0.036100 0.954000
vn -0.565500 -0.071900 0.821600
vn -0.452400 -0.217800 0.864800
vn -0.857500 -0.268200 0.439000
vn -0.810900 -0.188300 0.554000
vn -0.928500 -0.207000 -0.308100
vn -0.966700 -0.114500 0.228900
vn -0.989900 -0.115300 -0.082600
vn -0.789800 -0.282100 -0.544600
vn -0.979100 -0.195800 -0.054600
vn -0.776200 -0.077500 0.625700
vn -0.869500 -0.296300 -0.395100
vn -0.973700 -0.222300 -0.050700
vn -0.673800 -0.387400 -0.629200
vn -0.546800 -0.358700 -0.756500
vn -0.379600 -0.536200 -0.753900
vn -0.654400 -0.431000 -0.621300
vn -0.854300 -0.357600 -0.377200
vn 0.839000 0.375800 0.393600
vn 0.838800 0.357200 0.410900
vn 0.679500 0.508700 0.528700
vn 0.679000 0.481700 0.554100
vn 0.126400 0.651600 0.747900
vn -0.132000 0.693900 0.707900
vn -0.132300 0.651200 0.747300
vn 0.838800 0.392900 0.376800
vn 0.678700 0.533900 0.504400
vn 0.125400 0.693400 0.709600
vn -0.130100 0.732200 0.668500
vn 0.955200 -0.195100 -0.222500
vn 0.955000 -0.176000 -0.238900
vn 0.854800 -0.341700 -0.390500
vn 0.440100 -0.545200 -0.713500
vn 0.202100 -0.643500 -0.738300
vn 0.439600 -0.590200 -0.677000
vn 0.954800 -0.153800 -0.254500
vn 0.853900 -0.312600 -0.416000
vn 0.438500 -0.496000 -0.749500
vn 0.202400 -0.595800 -0.777200
vn 0.838700 0.316300 0.443300
vn 0.838700 0.336900 0.427900
vn 0.678100 0.422600 0.601300
vn 0.126200 0.606300 0.785200
vn -0.132400 0.557500 0.819500
vn 0.124300 0.560500 0.818800
vn 0.678100 0.452700 0.579000
vn -0.132300 0.604700 0.785300
vn 0.954800 -0.213700 -0.206500
vn 0.954500 -0.229900 -0.190200
vn 0.853800 -0.370400 -0.365900
vn 0.853600 -0.394200 -0.340500
vn 0.439900 -0.667300 -0.601000
vn 0.202900 -0.687200 -0.697500
vn 0.203700 -0.725500 -0.657400
vn 0.440000 -0.631200 -0.638700
vn 0.953900 -0.245200 -0.173100
vn 0.953300 -0.259500 -0.154900
vn 0.852400 -0.417900 -0.314200
vn 0.850300 -0.442300 -0.285100
vn 0.438100 -0.737100 -0.514500
vn 0.203400 -0.761500 -0.615400
vn 0.204400 -0.800300 -0.563600
vn 0.438500 -0.701300 -0.562100
vn 0.838600 0.409800 0.359000
vn 0.678300 0.557800 0.478300
vn 0.127700 0.730700 0.670700
vn -0.127700 0.769000 0.626400
vn 0.837300 0.428100 0.340100
vn 0.675800 0.583500 0.450400
vn 0.127500 0.766600 0.629400
vn -0.123800 0.805100 0.580000
vn 0.837600 0.443900 0.318300
vn 0.676100 0.605600 0.419700
vn 0.130100 0.801400 0.583800
vn -0.120000 0.838800 0.531100
vn 0.848300 0.443500 0.289400
vn 0.686200 0.615800 0.387200
vn 0.129800 0.834600 0.535300
vn -0.118100 0.866900 0.484200
vn 0.952300 -0.269800 -0.142500
vn 0.946300 -0.288100 -0.146600
vn 0.845300 -0.468000 -0.257800
vn 0.833600 -0.494500 -0.246100
vn 0.422200 -0.806100 -0.414600
vn 0.205000 -0.842300 -0.498500
vn 0.197700 -0.874600 -0.442700
vn 0.433800 -0.775000 -0.459600
vn 0.916500 0.372000 0.147100
vn 0.917600 0.396700 0.023700
vn 0.813100 0.565900 0.136500
vn 0.676000 0.736300 0.030000
vn -0.023400 0.972500 0.231600
vn 0.332900 0.942400 0.031100
vn 0.302800 0.952500 0.031600
vn 0.975400 0.169800 0.140300
vn 0.714500 0.603800 0.353400
vn 0.128100 0.864100 0.486700
vn -0.120800 0.885100 0.449500
vn 0.705300 0.617100 0.349000
vn 0.120000 0.883400 0.453000
vn 0.935400 -0.316300 -0.158000
vn 0.815500 -0.522000 -0.250000
vn 0.188900 -0.889200 -0.416700
vn 0.408700 -0.824100 -0.392100
vn 0.953400 -0.126400 -0.273900
vn 0.853500 -0.278700 -0.440400
vn 0.434900 -0.432200 -0.790000
vn 0.202000 -0.542800 -0.815200
vn 0.949500 -0.103400 -0.296200
vn 0.848600 -0.236100 -0.473400
vn 0.425400 -0.373300 -0.824400
vn 0.200600 -0.472600 -0.858200
vn 0.834800 0.277300 0.475700
vn 0.837300 0.296600 0.459300
vn 0.671400 0.368200 0.643100
vn 0.124600 0.512400 0.849600
vn -0.132600 0.463500 0.876100
vn 0.117700 0.465400 0.877200
vn 0.676100 0.393800 0.622800
vn -0.131100 0.509300 0.850500
vn 0.881400 0.057400 0.468900
vn 0.630300 0.022100 0.776000
vn 0.272500 -0.017000 0.962000
vn 0.829700 0.174600 0.530100
vn 0.434200 0.219200 0.873700
vn -0.070100 0.191200 0.979000
vn 0.945300 -0.092800 -0.312800
vn 0.840200 -0.196800 -0.505300
vn 0.414200 -0.341500 -0.843700
vn 0.193500 -0.406000 -0.893100
vn 0.185000 -0.373600 -0.909000
vn 0.831200 -0.182400 -0.525200
vn 0.418700 -0.333600 -0.844600
vn 0.829400 0.266600 0.491000
vn 0.102700 0.433300 0.895400
vn 0.662100 0.350400 0.662400
vn -0.137900 0.430000 0.892300
vn -0.775400 0.415300 0.475600
vn -0.774600 0.447100 0.447300
vn -0.911200 0.271400 0.310000
vn -0.910800 0.294400 0.289500
vn -0.985900 0.110700 0.125500
vn -0.985800 0.123500 0.114000
vn -0.772600 0.476400 0.419700
vn -0.909800 0.315700 0.269600
vn -0.985400 0.135700 0.103000
vn -0.543600 -0.514900 -0.662900
vn -0.543200 -0.551200 -0.633400
vn -0.755700 -0.403600 -0.515800
vn -0.755600 -0.429700 -0.494400
vn -0.906400 -0.262600 -0.331000
vn -0.906400 -0.276800 -0.319000
vn -0.542400 -0.474900 -0.693000
vn -0.755200 -0.374900 -0.537800
vn -0.906400 -0.246900 -0.342700
vn -0.775200 0.381700 0.503400
vn -0.773900 0.347700 0.529300
vn -0.911100 0.246800 0.330200
vn -0.910100 0.222800 0.349600
vn -0.985900 0.096900 0.136800
vn -0.985500 0.083800 0.147800
vn -0.541500 -0.615000 -0.573100
vn -0.542400 -0.585000 -0.603000
vn -0.754400 -0.476500 -0.451400
vn -0.755200 -0.454300 -0.472600
vn -0.906100 -0.302500 -0.295800
vn -0.906300 -0.290200 -0.307200
vn -0.536700 -0.677900 -0.502400
vn -0.539700 -0.644100 -0.542100
vn -0.751700 -0.524100 -0.400300
vn -0.753600 -0.497800 -0.429200
vn -0.905500 -0.329800 -0.267100
vn -0.905800 -0.314400 -0.284000
vn -0.769800 0.504900 0.390400
vn -0.907800 0.337400 0.249100
vn -0.984800 0.147900 0.091500
vn -0.764700 0.535000 0.359200
vn -0.905100 0.360000 0.226100
vn -0.983800 0.160700 0.079100
vn -0.757900 0.565000 0.326200
vn -0.899900 0.384900 0.204700
vn -0.981600 0.178000 0.068800
vn -0.744000 0.597500 0.299100
vn -0.886200 0.421700 0.191800
vn -0.972700 0.220200 0.073600
vn -0.519900 -0.761200 -0.387700
vn -0.529100 -0.722500 -0.445000
vn -0.740900 -0.597800 -0.306200
vn -0.746800 -0.562500 -0.354800
vn -0.903800 -0.380000 -0.197000
vn -0.904000 -0.356600 -0.235800
vn -0.486100 0.870600 0.075800
vn -0.675600 0.716700 0.173100
vn -0.759000 0.648800 0.055800
vn -0.817700 0.560700 0.130300
vn -0.933900 0.356300 0.029200
vn -0.920700 0.381700 0.081200
vn -0.721800 0.631000 0.284400
vn -0.859300 0.472700 0.195300
vn -0.958600 0.271400 0.086200
vn -0.516600 -0.777700 -0.358100
vn -0.742400 -0.609500 -0.278100
vn -0.909700 -0.379000 -0.169600
vn -0.540100 -0.422900 -0.727600
vn -0.753400 -0.337900 -0.564200
vn -0.906300 -0.226800 -0.356700
vn -0.531700 -0.373600 -0.760100
vn -0.747000 -0.304100 -0.591200
vn -0.903400 -0.209900 -0.374000
vn -0.770900 0.313900 0.554200
vn -0.765800 0.282700 0.577600
vn -0.908200 0.198400 0.368400
vn -0.905000 0.176200 0.387100
vn -0.984800 0.070300 0.158900
vn -0.983700 0.058000 0.170200
vn -0.547800 -0.025900 0.836200
vn -0.789400 -0.050600 0.611700
vn -0.957900 -0.071800 0.278000
vn -0.724900 0.149200 0.672500
vn -0.886600 0.049400 0.459800
vn -0.976300 -0.009700 0.216100
vn -0.523900 -0.349200 -0.776900
vn -0.739800 -0.288100 -0.608000
vn -0.900100 -0.201900 -0.386000
vn -0.760100 0.261400 0.594900
vn -0.900500 0.162500 0.403500
vn -0.982200 0.050900 0.180800
vn -0.241700 -0.815300 -0.526100
vn -0.244400 -0.474600 -0.845600
vn -0.116800 -0.971000 0.208500
vn 0.175700 -0.085400 0.980700
vn -0.245300 -0.496300 -0.832800
vn -0.245300 -0.495900 -0.833000
vn 0.151500 0.988100 -0.025600
vn -0.245500 -0.520100 -0.818100
vn 0.573400 -0.351700 -0.740000
vn 0.743200 -0.491700 -0.453800
vn -0.824900 0.558600 -0.086800
vn 0.118400 0.886700 0.446900
usemtl Holocron_Corners.001
f 649/649/697 650/650/698 651/651/699
f 652/652/700 653/653/701 654/654/702
f 655/655/698 656/656/703 657/657/704
f 658/658/705 659/659/706 660/660/707
f 661/661/698 662/662/708 663/663/709
f 664/664/710 654/654/702 665/665/711
f 666/666/712 667/667/713 668/668/714
f 669/669/715 670/670/716 671/671/717
f 657/657/704 672/672/718 673/673/719
f 674/674/720 661/661/698 675/675/698
f 660/660/707 676/676/721 677/677/722
f 678/678/723 679/679/724 680/680/725
f 681/681/726 682/682/727 683/683/728
f 677/677/722 684/684/729 685/685/730
f 685/685/730 686/686/731 687/687/732
f 688/688/733 689/689/734 690/690/735
f 691/691/698 692/692/736 662/662/708
f 687/687/732 693/693/737 694/694/738
f 694/694/738 695/695/739 696/696/740
f 697/697/741 698/698/742 688/688/733
f 699/699/698 700/700/743 701/701/744
f 702/702/745 665/665/711 703/703/746
f 704/704/747 703/703/746 705/705/748
f 706/706/749 707/707/750 708/708/751
f 650/650/698 709/709/752 655/655/698
f 710/710/753 705/705/748 711/711/754
f 712/712/755 711/711/754 713/713/756
f 714/714/757 715/715/758 707/707/750
f 716/716/698 717/717/759 718/718/704
f 654/654/702 719/719/760 720/720/761
f 721/721/762 722/722/763 723/723/762
f 724/724/764 725/725/765 659/659/706
f 726/726/766 727/727/762 728/728/767
f 703/703/746 729/729/768 730/730/769
f 731/731/770 732/732/771 733/733/772
f 731/731/770 734/734/773 670/670/716
f 735/735/774 736/736/775 732/732/771
f 737/737/776 719/719/760 653/653/701
f 738/738/777 739/739/778 682/682/727
f 679/679/724 740/740/779 738/738/777
f 676/676/721 741/741/780 684/684/729
f 742/742/781 743/743/762 726/726/766
f 744/744/782 745/745/783 679/679/724
f 689/689/734 746/746/784 744/744/782
f 686/686/731 747/747/785 693/693/737
f 728/728/767 748/748/786 749/749/787
f 698/698/742 750/750/788 689/689/734
f 751/751/789 752/752/790 698/698/742
f 693/693/737 753/753/791 695/695/739
f 754/754/792 755/755/762 756/756/762
f 668/668/714 757/757/793 736/736/775
f 667/667/713 758/758/794 757/757/793
f 711/711/754 759/759/795 760/760/796
f 761/761/797 762/762/798 763/763/799
f 708/708/751 764/764/800 758/758/794
f 707/707/750 765/765/801 764/764/800
f 713/713/756 760/760/796 766/766/802
f 767/767/803 668/668/714 735/735/774
f 768/768/804 713/713/756 769/769/805
f 769/769/805 766/766/802 770/770/806
f 756/756/762 771/771/807 772/772/808
f 656/656/703 675/675/698 657/657/704
f 671/671/717 724/724/764 658/658/705
f 670/670/716 773/773/809 724/724/764
f 755/755/762 774/774/810 771/771/807
f 775/775/698 776/776/811 716/716/698
f 651/651/699 655/655/698 777/777/812
f 665/665/711 720/720/761 729/729/768
f 778/778/813 779/779/762 780/780/762
f 680/680/725 738/738/777 681/681/726
f 781/781/814 782/782/815 783/783/816
f 783/783/816 784/784/817 785/785/818
f 723/723/762 786/786/819 743/743/762
f 683/683/728 737/737/776 787/787/820
f 669/669/715 735/735/774 731/731/770
f 788/788/821 789/789/762 755/755/762
f 682/682/727 790/790/822 737/737/776
f 791/791/823 792/792/824 775/775/698
f 793/793/825 775/775/698 794/794/826
f 779/779/762 795/795/827 796/796/828
f 797/797/829 798/798/830 779/779/762
f 799/799/831 800/800/832 700/700/743
f 801/801/833 802/802/698 691/691/698
f 659/659/706 803/803/834 676/676/721
f 748/748/786 804/804/835 805/805/786
f 806/806/836 691/691/698 661/661/698
f 807/807/837 699/699/698 802/802/698
f 808/808/762 774/774/810 789/789/762
f 721/721/762 809/809/838 808/808/762
f 810/810/839 708/708/751 667/667/713
f 756/756/762 763/763/799 754/754/792
f 811/811/840 780/780/762 761/761/797
f 812/812/831 813/813/841 800/800/832
f 814/814/842 815/815/843 812/812/831
f 816/816/844 817/817/845 818/818/846
f 805/805/786 819/819/847 817/817/845
f 768/820/804 820/821/848 821/822/849
f 822/823/850 718/718/704 649/649/697
f 705/705/748 730/730/769 759/759/795
f 769/824/805 823/825/851 820/821/848
f 690/690/735 744/744/782 678/678/723
f 794/794/826 716/716/698 822/823/850
f 780/780/762 796/796/828 762/762/798
f 727/727/762 824/826/852 748/748/786
f 802/802/698 701/701/744 692/692/736
f 787/787/820 653/653/701 825/827/853
f 826/828/854 723/723/762 742/742/781
f 743/743/762 827/829/855 727/727/762
f 781/781/814 751/830/789 697/831/741
f 828/832/856 799/799/831 699/699/698
f 684/684/729 829/833/857 686/686/731
f 783/834/816 830/835/858 751/751/789
f 777/777/812 657/657/704 673/673/719
f 675/675/698 663/663/709 672/672/718
f 831/836/859 808/808/762 832/837/860
f 832/837/860 789/789/762 833/838/861
f 718/718/704 834/839/862 650/650/698
f 835/840/863 812/812/831 799/799/831
f 749/749/787 805/805/786 816/816/844
f 772/772/808 761/761/797 756/756/762
f 836/841/864 837/842/865 838/843/866
f 839/844/867 840/845/868 837/842/865
f 838/843/866 837/842/865 841/846/869
f 837/842/865 842/847/870 841/846/869
f 843/848/871 844/849/872 845/850/873
f 846/851/874 847/852/875 843/848/871
f 847/852/875 848/853/876 844/849/872
f 849/854/877 840/845/868 847/852/875
f 696/855/740 850/856/878 851/857/879
f 852/858/880 841/846/881 850/856/878
f 851/857/879 849/854/882 846/851/883
f 850/856/878 842/847/884 849/854/882
f 821/822/849 853/859/885 854/860/886
f 855/861/887 856/862/888 853/859/885
f 854/860/886 857/863/889 858/864/890
f 853/859/885 859/865/891 857/863/889
f 860/866/892 861/867/893 862/868/894
f 863/869/895 864/870/896 861/867/893
f 862/868/897 856/862/898 855/861/899
f 861/867/893 859/865/900 856/862/898
f 865/871/901 866/872/902 867/873/903
f 858/864/890 868/874/904 865/871/901
f 868/874/904 869/875/905 866/872/902
f 857/863/889 864/870/906 868/874/904
f 784/784/817 870/876/907 871/877/908
f 872/878/909 873/879/910 870/876/907
f 871/880/908 874/881/911 875/882/912
f 870/883/907 876/884/913 874/881/911
f 753/753/791 877/885/914 872/886/915
f 878/887/916 879/888/917 877/885/914
f 872/886/915 877/885/914 873/889/918
f 877/885/914 876/884/919 873/889/920
f 880/890/921 881/891/922 818/818/846
f 875/882/912 882/892/923 880/890/921
f 882/892/923 883/893/924 881/891/922
f 874/881/925 879/888/917 882/892/923
f 823/825/851 884/894/926 885/895/927
f 886/896/928 887/897/929 884/898/926
f 885/899/927 884/898/926 888/900/930
f 884/898/926 889/901/931 888/900/930
f 890/902/932 891/903/933 892/904/934
f 893/905/935 894/906/936 890/902/932
f 894/906/936 895/907/937 891/903/933
f 896/908/938 887/897/939 894/906/936
f 765/765/801 897/909/940 898/910/941
f 885/911/942 888/900/943 897/909/940
f 898/910/941 896/908/938 893/905/935
f 897/909/940 889/901/944 896/908/938
f 673/673/719 899/912/945 900/913/946
f 900/913/946 901/914/947 902/915/948
f 902/916/949 903/917/950 904/918/951
f 903/917/950 825/827/853 904/918/951
f 672/672/718 905/919/952 899/912/945
f 899/912/945 906/920/953 901/914/947
f 901/921/954 907/922/955 903/917/950
f 907/922/955 787/787/820 903/917/950
f 709/709/752 908/923/956 656/656/703
f 909/924/957 910/925/958 908/923/956
f 911/926/959 912/927/960 910/925/961
f 912/927/960 767/928/803 669/929/715
f 834/839/862 909/924/957 709/709/752
f 913/930/962 911/926/963 909/924/957
f 914/931/964 915/932/965 911/926/959
f 915/932/965 666/933/712 767/928/803
f 777/777/812 916/934/966 651/651/699
f 917/935/967 918/936/968 916/934/966
f 919/937/969 920/938/970 918/936/971
f 920/939/970 652/652/700 664/664/710
f 673/673/719 917/935/967 777/777/812
f 900/913/946 919/937/972 917/935/967
f 902/915/949 921/940/973 919/937/969
f 921/941/973 825/827/853 652/652/700
f 806/806/836 922/942/974 923/943/975
f 923/943/975 924/944/976 925/945/977
f 925/945/978 926/946/979 927/947/980
f 926/946/979 658/948/705 927/947/980
f 674/674/720 908/923/956 922/942/974
f 922/942/974 910/925/958 924/944/976
f 924/944/981 912/927/960 926/946/979
f 912/927/960 671/949/717 926/946/979
f 807/807/837 928/950/982 929/951/983
f 929/951/983 930/952/984 931/953/985
f 931/953/986 932/954/987 933/955/988
f 932/954/987 677/956/722 933/955/988
f 801/801/833 923/943/975 928/950/982
f 928/950/982 925/945/977 930/952/984
f 930/952/989 927/947/980 932/954/987
f 927/947/980 660/957/707 932/954/987
f 663/663/709 934/958/990 905/919/952
f 905/919/952 935/959/991 906/920/953
f 906/960/992 936/961/993 907/922/955
f 936/961/993 683/683/728 907/922/955
f 662/662/708 937/962/994 934/958/990
f 934/958/990 938/963/995 935/959/991
f 935/964/996 939/965/997 936/961/993
f 939/965/997 681/681/726 936/961/993
f 692/692/736 940/966/998 937/962/994
f 937/962/994 941/967/999 938/963/995
f 938/968/1000 942/969/1001 939/965/997
f 942/969/1001 680/680/725 939/965/997
f 701/701/744 943/970/1002 940/966/998
f 940/966/998 944/971/1003 941/967/999
f 941/972/1004 945/973/1005 942/969/1001
f 945/973/1005 678/678/723 942/969/1001
f 835/840/863 946/974/1006 947/975/1007
f 947/975/1007 948/976/1008 949/977/1009
f 949/977/1010 950/978/1011 951/979/1012
f 950/978/1011 687/980/732 951/979/1012
f 828/832/856 929/951/983 946/974/1006
f 946/974/1006 931/953/985 948/976/1008
f 948/976/1013 933/955/988 950/978/1011
f 933/955/988 685/981/730 950/978/1011
f 815/815/843 952/982/1014 813/813/841
f 953/983/1015 954/984/1016 952/982/1014
f 955/985/1017 956/986/1018 954/984/1016
f 957/987/1019 697/831/741 956/986/1018
f 845/850/873 953/983/1015 815/815/843
f 844/849/872 955/985/1017 953/983/1015
f 848/853/876 957/987/1019 955/985/1017
f 839/844/867 781/781/814 957/987/1019
f 700/700/743 958/988/1020 943/970/1002
f 943/970/1002 959/989/1021 944/971/1003
f 944/990/1022 960/991/1023 945/973/1005
f 945/973/1005 688/688/733 690/690/735
f 800/800/832 952/982/1014 958/988/1020
f 958/988/1024 954/984/1016 959/989/1021
f 959/992/1025 956/993/1018 960/991/1023
f 956/993/1018 688/688/733 960/991/1023
f 845/850/873 961/994/1026 843/848/871
f 843/848/871 962/995/1027 846/851/874
f 846/851/883 963/996/1028 851/857/879
f 851/857/879 694/997/738 696/855/740
f 814/814/842 947/975/1007 961/994/1026
f 961/994/1026 949/977/1009 962/995/1027
f 962/995/1029 951/979/1012 963/996/1028
f 963/996/1028 687/980/732 694/997/738
f 717/717/759 913/930/962 834/839/862
f 964/998/1030 914/931/1031 913/930/962
f 965/999/1032 966/1000/1033 914/931/964
f 966/1000/1033 810/1001/839 666/933/712
f 776/776/811 964/998/1030 717/717/759
f 967/1002/1034 965/999/1035 964/998/1030
f 968/1003/1036 969/1004/1037 965/999/1032
f 969/1004/1037 706/1005/749 810/1001/839
f 649/649/697 970/1006/1038 822/823/850
f 971/1007/1039 972/1008/1040 970/1006/1038
f 973/1009/1041 974/1010/1042 972/1008/1043
f 974/1011/1042 702/702/745 704/704/747
f 651/651/699 971/1007/1039 649/649/697
f 916/934/966 973/1009/1044 971/1007/1039
f 918/936/971 975/1012/1045 973/1009/1041
f 975/1013/1045 664/664/710 702/702/745
f 867/873/903 976/1014/1046 865/871/901
f 865/871/901 977/1015/1047 858/864/890
f 858/864/890 978/1016/1048 854/860/886
f 854/860/886 768/820/804 821/822/849
f 791/791/823 979/1017/1049 976/1014/1046
f 976/1014/1046 980/1018/1050 977/1015/1047
f 977/1015/1047 981/1019/1051 978/1016/1048
f 978/1016/1048 712/1020/755 768/820/804
f 792/792/824 967/1002/1034 776/776/811
f 982/1021/1052 968/1003/1053 967/1002/1034
f 983/1022/1054 984/1023/1055 968/1003/1036
f 985/1024/1056 706/1005/749 984/1023/1055
f 867/873/903 982/1021/1052 792/792/824
f 866/872/902 983/1022/1057 982/1021/1052
f 869/875/1058 985/1024/1056 983/1022/1054
f 863/869/895 714/1025/757 985/1024/1056
f 794/794/826 979/1017/1049 793/793/825
f 986/1026/1059 980/1018/1050 979/1017/1049
f 987/1027/1060 981/1019/1051 980/1018/1050
f 981/1028/1051 710/710/753 712/712/755
f 822/823/850 986/1026/1059 794/794/826
f 970/1006/1038 987/1027/1061 986/1026/1059
f 972/1008/1043 988/1029/1062 987/1027/1060
f 974/1011/1042 710/710/753 988/1030/1062
f 790/790/822 989/1031/1063 719/719/760
f 990/1032/1064 991/1033/1065 989/1031/1063
f 992/1034/1066 993/1035/1067 991/1033/1065
f 994/1036/1068 833/838/861 993/1035/1067
f 739/739/778 990/1032/1064 790/790/822
f 995/1037/1069 992/1034/1066 990/1032/1064
f 996/1038/1070 994/1036/1068 992/1034/1066
f 997/1039/1071 832/837/860 994/1036/1068
f 733/733/772 998/1040/1072 999/1041/1073
f 999/1041/1073 1000/1042/1074 1001/1043/1075
f 1001/1043/1075 1002/1044/1076 1003/1045/1077
f 1003/1045/1077 771/771/807 774/774/810
f 732/732/771 1004/1046/1078 998/1040/1072
f 998/1040/1072 1005/1047/1079 1000/1042/1074
f 1000/1042/1074 1006/1048/1080 1002/1044/1076
f 1002/1044/1076 772/772/808 771/771/807
f 729/729/768 1007/1049/1081 1008/1050/1082
f 1008/1050/1082 1009/1051/1083 1010/1052/1084
f 1010/1052/1084 1011/1053/1085 1012/1054/1086
f 1012/1054/1086 788/788/821 754/754/792
f 720/720/761 989/1031/1063 1007/1049/1081
f 1007/1049/1081 991/1033/1065 1009/1051/1083
f 1009/1051/1083 993/1035/1067 1011/1053/1085
f 1011/1053/1085 833/838/861 788/788/821
f 734/734/773 1013/1055/1087 773/773/809
f 1014/1056/1088 1015/1057/1089 1013/1055/1087
f 1016/1058/1090 1017/1059/1091 1015/1057/1089
f 1018/1060/1092 826/828/854 1017/1059/1091
f 733/733/772 1014/1056/1088 734/734/773
f 999/1041/1073 1016/1058/1090 1014/1056/1088
f 1001/1043/1075 1018/1060/1092 1016/1058/1090
f 1003/1045/1077 809/809/838 1018/1060/1092
f 725/725/765 1019/1061/1093 803/803/834
f 1020/1062/1094 1021/1063/1095 1019/1061/1093
f 1022/1064/1096 1023/1065/1097 1021/1063/1095
f 1024/1066/1098 726/726/766 1023/1065/1097
f 773/773/809 1020/1062/1094 725/725/765
f 1013/1055/1087 1022/1064/1096 1020/1062/1094
f 1015/1057/1089 1024/1066/1098 1022/1064/1096
f 1017/1059/1091 742/742/781 1024/1066/1098
f 740/740/779 995/1037/1069 739/739/778
f 1025/1067/1099 996/1038/1070 995/1037/1069
f 1026/1068/1100 997/1039/1071 996/1038/1070
f 1027/1069/1101 831/836/859 997/1039/1071
f 745/745/783 1025/1067/1099 740/740/779
f 1028/1070/1102 1026/1068/1100 1025/1067/1099
f 1029/1071/1103 1027/1069/1101 1026/1068/1100
f 1030/1072/1104 722/722/763 1027/1069/1101
f 746/746/784 1028/1070/1102 745/745/783
f 1031/1073/1105 1029/1071/1103 1028/1070/1102
f 1032/1074/1106 1030/1072/1104 1029/1071/1103
f 1033/1075/1107 786/786/819 1030/1072/1104
f 750/750/788 1031/1073/1105 746/746/784
f 1034/1076/1108 1032/1074/1106 1031/1073/1105
f 1035/1077/1109 1033/1075/1107 1032/1074/1106
f 1036/1078/1110 827/829/855 1033/1075/1107
f 741/741/780 1037/1079/1111 829/833/857
f 1038/1080/1112 1039/1081/1113 1037/1079/1111
f 1040/1082/1114 1041/1083/1115 1039/1081/1113
f 1042/1084/1116 749/749/787 1041/1083/1115
f 803/803/834 1038/1080/1112 741/741/780
f 1019/1061/1093 1040/1082/1114 1038/1080/1112
f 1021/1063/1095 1042/1084/1116 1040/1082/1114
f 1023/1065/1097 728/728/767 1042/1084/1116
f 830/835/858 1043/1085/1117 1044/1086/1118
f 1044/1086/1118 1045/1087/1119 1046/1088/1120
f 1046/1088/1120 1047/1089/1121 1048/1090/1122
f 1048/1090/1122 817/817/845 819/819/847
f 785/1091/818 871/880/908 1043/1085/1117
f 1043/1085/1117 875/882/912 1045/1087/1119
f 1045/1087/1119 880/890/921 1047/1089/1121
f 1047/1089/1121 818/818/846 817/817/845
f 752/752/790 1034/1076/1108 750/750/788
f 1049/1092/1123 1035/1077/1109 1034/1076/1108
f 1050/1093/1124 1036/1078/1110 1035/1077/1109
f 1051/1094/1125 824/826/852 1036/1078/1110
f 830/835/858 1049/1092/1123 752/752/790
f 1044/1086/1118 1050/1093/1124 1049/1092/1123
f 1046/1088/1120 1051/1094/1125 1050/1093/1124
f 1048/1090/1122 804/804/835 1051/1094/1125
f 747/747/785 878/887/916 753/753/791
f 1052/1095/1126 883/893/924 878/887/916
f 1053/1096/1127 881/891/922 883/893/924
f 1054/1097/1128 818/818/846 881/891/922
f 829/833/857 1052/1095/1126 747/747/785
f 1037/1079/1111 1053/1096/1127 1052/1095/1126
f 1039/1081/1113 1054/1097/1128 1053/1096/1127
f 1041/1083/1115 816/816/844 1054/1097/1128
f 736/736/775 1055/1098/1129 1004/1046/1078
f 1004/1046/1078 1056/1099/1130 1005/1047/1079
f 1005/1047/1079 1057/1100/1131 1006/1048/1080
f 1006/1048/1080 811/811/840 772/772/808
f 757/757/793 1058/1101/1132 1055/1098/1129
f 1055/1098/1129 1059/1102/1133 1056/1099/1130
f 1056/1099/1130 1060/1103/1134 1057/1100/1131
f 1057/1100/1131 778/778/813 811/811/840
f 759/759/795 1061/1104/1135 1062/1105/1136
f 1062/1105/1136 1063/1106/1137 1064/1107/1138
f 1064/1107/1138 1065/1108/1139 1066/1109/1140
f 1066/1109/1140 763/763/799 762/762/798
f 730/730/769 1008/1050/1082 1061/1104/1135
f 1061/1104/1135 1010/1052/1084 1063/1106/1137
f 1063/1106/1137 1012/1054/1086 1065/1108/1139
f 1065/1108/1139 754/754/792 763/763/799
f 770/1110/806 886/1111/928 823/825/851
f 1067/1112/1141 895/907/937 886/896/928
f 1068/1113/1142 891/903/933 895/907/937
f 1069/1114/1143 892/904/934 891/903/933
f 766/766/802 1067/1112/1141 770/770/806
f 1070/1115/1144 1068/1113/1142 1067/1112/1141
f 1071/1116/1145 1069/1114/1143 1068/1113/1142
f 1072/1117/1146 798/798/830 1069/1114/1143
f 758/758/794 1073/1118/1147 1058/1101/1132
f 1058/1101/1132 1074/1119/1148 1059/1102/1133
f 1059/1102/1133 1075/1120/1149 1060/1103/1134
f 1060/1103/1134 797/797/829 778/778/813
f 764/764/800 898/910/941 1073/1118/1147
f 1073/1118/1147 893/905/935 1074/1119/1148
f 1074/1119/1148 890/902/932 1075/1120/1149
f 1075/1120/1149 892/904/934 797/797/829
f 766/766/802 1076/1121/1150 1070/1115/1144
f 1070/1115/1144 1077/1122/1151 1071/1116/1145
f 1071/1116/1145 1078/1123/1152 1072/1117/1146
f 1072/1117/1146 796/796/828 795/795/827
f 760/760/796 1062/1105/1136 1076/1121/1150
f 1076/1121/1150 1064/1107/1138 1077/1122/1151
f 1077/1122/1151 1066/1109/1140 1078/1123/1152
f 1078/1123/1152 762/762/798 796/796/828
f 765/765/801 1079/1124/1153 885/1125/942
f 885/895/927 820/821/848 823/825/851
f 715/715/758 862/1126/1154 1079/1124/1153
f 1079/1124/1155 862/1126/1155 855/1127/1155
f 1079/1128/1156 821/822/849 820/821/848
f 695/695/739 852/1129/1157 696/696/740
f 852/1129/1158 1080/1130/1158 838/1131/1158
f 1080/1132/1159 836/841/864 838/843/866
f 753/753/791 1080/1133/1160 695/695/739
f 872/1134/909 782/782/815 1080/1132/1159
f 664/664/710 652/652/700 654/654/702
f 678/678/723 744/744/782 679/679/724
f 681/681/726 738/738/777 682/682/727
f 688/688/733 698/698/742 689/689/734
f 704/704/747 702/702/745 703/703/746
f 712/712/755 710/710/753 711/711/754
f 654/654/702 653/653/701 719/719/760
f 721/721/762 831/836/859 722/722/763
f 726/726/766 743/743/762 727/727/762
f 703/703/746 665/665/711 729/729/768
f 737/737/776 790/790/822 719/719/760
f 738/738/777 740/740/779 739/739/778
f 679/679/724 745/745/783 740/740/779
f 742/742/781 723/723/762 743/743/762
f 744/744/782 746/746/784 745/745/783
f 689/689/734 750/750/788 746/746/784
f 728/728/767 727/727/762 748/748/786
f 698/698/742 752/752/790 750/750/788
f 751/751/789 830/835/858 752/752/790
f 754/754/792 788/788/821 755/755/762
f 711/711/754 705/705/748 759/759/795
f 761/761/797 780/780/762 762/762/798
f 713/713/756 711/711/754 760/760/796
f 756/756/762 755/755/762 771/771/807
f 755/755/762 789/789/762 774/774/810
f 665/665/711 654/654/702 720/720/761
f 778/778/813 797/797/829 779/779/762
f 723/723/762 722/722/763 786/786/819
f 683/683/728 682/682/727 737/737/776
f 788/788/821 833/838/861 789/789/762
f 682/682/727 739/739/778 790/790/822
f 779/779/762 798/798/830 795/795/827
f 797/797/829 892/904/934 798/798/830
f 748/748/786 824/826/852 804/804/835
f 808/808/762 809/809/838 774/774/810
f 721/721/762 826/828/854 809/809/838
f 756/756/762 761/761/797 763/763/799
f 811/811/840 778/778/813 780/780/762
f 816/816/844 805/805/786 817/817/845
f 805/805/786 804/804/835 819/819/847
f 705/705/748 703/703/746 730/730/769
f 690/690/735 689/689/734 744/744/782
f 780/780/762 779/779/762 796/796/828
f 727/727/762 827/829/855 824/826/852
f 787/787/820 737/737/776 653/653/701
f 826/828/854 721/721/762 723/723/762
f 743/743/762 786/786/819 827/829/855
f 831/836/859 721/721/762 808/808/762
f 832/837/860 808/808/762 789/789/762
f 749/749/787 748/748/786 805/805/786
f 772/772/808 811/811/840 761/761/797
f 1000/1042/1074 1005/1047/1079 1006/1048/1080
f 1008/1050/1082 1007/1049/1081 1009/1051/1083
f 1012/1054/1086 1011/1053/1085 788/788/821
f 1024/1066/1098 742/742/781 726/726/766
f 745/745/783 1028/1070/1102 1025/1067/1099
f 1029/1071/1103 1030/1072/1104 1027/1069/1101
f 1034/1076/1108 1035/1077/1109 1032/1074/1106
f 1049/1092/1123 1050/1093/1124 1035/1077/1109
f 1050/1093/1124 1051/1094/1125 1036/1078/1110
f 1041/1083/1115 749/749/787 816/816/844
f 1066/1109/1140 1065/1108/1139 763/763/799
f 1063/1106/1137 1010/1052/1084 1012/1054/1086
f 1071/1116/1145 1077/1122/1151 1078/1123/1152
f 649/649/697 718/718/704 650/650/698
f 652/652/700 825/827/853 653/653/701
f 655/655/698 709/709/752 656/656/703
f 658/658/705 724/724/764 659/659/706
f 661/661/698 691/691/698 662/662/708
f 666/666/712 810/810/839 667/667/713
f 669/669/715 731/731/770 670/670/716
f 657/657/704 675/675/698 672/672/718
f 674/674/720 806/806/836 661/661/698
f 660/660/707 659/659/706 676/676/721
f 677/677/722 676/676/721 684/684/729
f 685/685/730 684/684/729 686/686/731
f 691/691/698 802/802/698 692/692/736
f 687/687/732 686/686/731 693/693/737
f 694/694/738 693/693/737 695/695/739
f 697/697/741 751/751/789 698/698/742
f 699/699/698 799/799/831 700/700/743
f 702/702/745 664/664/710 665/665/711
f 706/706/749 714/714/757 707/707/750
f 650/650/698 834/839/862 709/709/752
f 710/710/753 704/704/747 705/705/748
f 714/714/757 860/1135/892 715/715/758
f 716/716/698 776/776/811 717/717/759
f 724/724/764 773/773/809 725/725/765
f 731/731/770 735/735/774 732/732/771
f 731/731/770 733/733/772 734/734/773
f 735/735/774 668/668/714 736/736/775
f 676/676/721 803/803/834 741/741/780
f 686/686/731 829/833/857 747/747/785
f 693/693/737 747/747/785 753/753/791
f 668/668/714 667/667/713 757/757/793
f 667/667/713 708/708/751 758/758/794
f 708/708/751 707/707/750 764/764/800
f 707/707/750 715/715/758 765/765/801
f 767/767/803 666/666/712 668/668/714
f 768/768/804 712/712/755 713/713/756
f 769/769/805 713/713/756 766/766/802
f 656/656/703 674/674/720 675/675/698
f 671/671/717 670/670/716 724/724/764
f 670/670/716 734/734/773 773/773/809
f 775/775/698 792/792/824 776/776/811
f 651/651/699 650/650/698 655/655/698
f 680/680/725 679/679/724 738/738/777
f 781/781/814 836/841/864 782/782/815
f 783/783/816 782/782/815 784/784/817
f 669/669/715 767/767/803 735/735/774
f 791/791/823 867/873/903 792/792/824
f 793/793/825 791/791/823 775/775/698
f 799/799/831 812/812/831 800/800/832
f 801/801/833 807/807/837 802/802/698
f 659/659/706 725/725/765 803/803/834
f 806/806/836 801/801/833 691/691/698
f 807/807/837 828/832/856 699/699/698
f 810/810/839 706/706/749 708/708/751
f 812/812/831 815/815/843 813/813/841
f 814/814/842 845/850/873 815/815/843
f 768/820/804 769/824/805 820/821/848
f 822/823/850 716/716/698 718/718/704
f 769/824/805 770/1110/806 823/825/851
f 794/794/826 775/775/698 716/716/698
f 802/802/698 699/699/698 701/701/744
f 781/781/814 783/783/816 751/830/789
f 828/832/856 835/840/863 799/799/831
f 684/684/729 741/741/780 829/833/857
f 783/834/816 785/1091/818 830/835/858
f 777/777/812 655/655/698 657/657/704
f 675/675/698 661/661/698 663/663/709
f 718/718/704 717/717/759 834/839/862
f 835/840/863 814/814/842 812/812/831
f 836/841/864 839/844/867 837/842/865
f 839/844/867 848/853/876 840/845/868
f 837/842/865 840/845/868 842/847/870
f 843/848/871 847/852/875 844/849/872
f 846/851/874 849/854/877 847/852/875
f 847/852/875 840/845/868 848/853/876
f 849/854/877 842/847/870 840/845/868
f 696/855/740 852/858/1161 850/856/878
f 852/858/880 838/1136/1162 841/846/881
f 851/857/879 850/856/878 849/854/882
f 850/856/878 841/846/881 842/847/884
f 821/822/849 855/1137/887 853/859/885
f 854/860/886 853/859/885 857/863/889
f 853/859/885 856/862/888 859/865/891
f 860/866/892 863/869/895 861/867/893
f 863/869/895 869/875/1058 864/870/896
f 862/868/897 861/867/893 856/862/898
f 861/867/893 864/870/896 859/865/900
f 865/871/901 868/874/904 866/872/902
f 858/864/890 857/863/889 868/874/904
f 868/874/904 864/870/906 869/875/905
f 857/863/889 859/865/891 864/870/906
f 784/784/817 872/1134/909 870/876/907
f 871/880/908 870/883/907 874/881/911
f 870/883/907 873/889/910 876/884/913
f 753/753/791 878/887/916 877/885/914
f 878/887/916 883/893/924 879/888/917
f 877/885/914 879/888/917 876/884/919
f 880/890/921 882/892/923 881/891/922
f 875/882/912 874/881/925 882/892/923
f 882/892/923 879/888/917 883/893/924
f 874/881/925 876/884/919 879/888/917
f 823/825/851 886/1111/928 884/894/926
f 886/896/928 895/907/937 887/897/929
f 884/898/926 887/897/929 889/901/931
f 890/902/932 894/906/936 891/903/933
f 893/905/935 896/908/938 894/906/936
f 894/906/936 887/897/939 895/907/937
f 896/908/938 889/901/944 887/897/939
f 765/765/801 885/1125/942 897/909/940
f 898/910/941 897/909/940 896/908/938
f 897/909/940 888/900/1163 889/901/944
f 673/673/719 672/672/718 899/912/945
f 900/913/946 899/912/945 901/914/947
f 902/916/949 901/921/954 903/917/950
f 903/917/950 787/787/820 825/827/853
f 672/672/718 663/663/709 905/919/952
f 899/912/945 905/919/952 906/920/953
f 901/921/954 906/960/992 907/922/955
f 907/922/955 683/683/728 787/787/820
f 709/709/752 909/924/957 908/923/956
f 909/924/957 911/926/963 910/925/958
f 911/926/959 915/932/965 912/927/960
f 912/927/960 915/932/965 767/928/803
f 834/839/862 913/930/962 909/924/957
f 913/930/962 914/931/1031 911/926/963
f 914/931/964 966/1000/1033 915/932/965
f 915/932/965 966/1000/1033 666/933/712
f 777/777/812 917/935/967 916/934/966
f 917/935/967 919/937/972 918/936/968
f 919/937/969 921/940/973 920/938/970
f 920/939/970 921/941/973 652/652/700
f 673/673/719 900/913/946 917/935/967
f 900/913/946 902/915/948 919/937/972
f 902/915/949 904/1138/951 921/940/973
f 921/941/973 904/918/951 825/827/853
f 806/806/836 674/674/720 922/942/974
f 923/943/975 922/942/974 924/944/976
f 925/945/978 924/944/981 926/946/979
f 926/946/979 671/949/717 658/948/705
f 674/674/720 656/656/703 908/923/956
f 922/942/974 908/923/956 910/925/958
f 924/944/981 910/925/961 912/927/960
f 912/927/960 669/929/715 671/949/717
f 807/807/837 801/801/833 928/950/982
f 929/951/983 928/950/982 930/952/984
f 931/953/986 930/952/989 932/954/987
f 932/954/987 660/957/707 677/956/722
f 801/801/833 806/806/836 923/943/975
f 928/950/982 923/943/975 925/945/977
f 930/952/989 925/945/978 927/947/980
f 927/947/980 658/948/705 660/957/707
f 663/663/709 662/662/708 934/958/990
f 905/919/952 934/958/990 935/959/991
f 906/960/992 935/964/996 936/961/993
f 936/961/993 681/681/726 683/683/728
f 662/662/708 692/692/736 937/962/994
f 934/958/990 937/962/994 938/963/995
f 935/964/996 938/968/1000 939/965/997
f 939/965/997 680/680/725 681/681/726
f 692/692/736 701/701/744 940/966/998
f 937/962/994 940/966/998 941/967/999
f 938/968/1000 941/972/1004 942/969/1001
f 942/969/1001 678/678/723 680/680/725
f 701/701/744 700/700/743 943/970/1002
f 940/966/998 943/970/1002 944/971/1003
f 941/972/1004 944/990/1022 945/973/1005
f 945/973/1005 690/690/735 678/678/723
f 835/840/863 828/832/856 946/974/1006
f 947/975/1007 946/974/1006 948/976/1008
f 949/977/1010 948/976/1013 950/978/1011
f 950/978/1011 685/981/730 687/980/732
f 828/832/856 807/807/837 929/951/983
f 946/974/1006 929/951/983 931/953/985
f 948/976/1013 931/953/986 933/955/988
f 933/955/988 677/956/722 685/981/730
f 815/815/843 953/983/1015 952/982/1014
f 953/983/1015 955/985/1017 954/984/1016
f 955/985/1017 957/987/1019 956/986/1018
f 957/987/1019 781/781/814 697/831/741
f 845/850/873 844/849/872 953/983/1015
f 844/849/872 848/853/876 955/985/1017
f 848/853/876 839/844/867 957/987/1019
f 839/844/867 836/841/864 781/781/814
f 700/700/743 800/800/832 958/988/1020
f 943/970/1002 958/988/1024 959/989/1021
f 944/990/1022 959/992/1025 960/991/1023
f 945/973/1005 960/991/1023 688/688/733
f 800/800/832 813/813/841 952/982/1014
f 958/988/1024 952/982/1014 954/984/1016
f 959/992/1025 954/1139/1016 956/993/1018
f 956/993/1018 697/697/741 688/688/733
f 845/850/873 814/814/842 961/994/1026
f 843/848/871 961/994/1026 962/995/1027
f 846/851/883 962/995/1029 963/996/1028
f 851/857/879 963/996/1028 694/997/738
f 814/814/842 835/840/863 947/975/1007
f 961/994/1026 947/975/1007 949/977/1009
f 962/995/1029 949/977/1010 951/979/1012
f 963/996/1028 951/979/1012 687/980/732
f 717/717/759 964/998/1030 913/930/962
f 964/998/1030 965/999/1035 914/931/1031
f 965/999/1032 969/1004/1037 966/1000/1033
f 966/1000/1033 969/1004/1037 810/1001/839
f 776/776/811 967/1002/1034 964/998/1030
f 967/1002/1034 968/1003/1053 965/999/1035
f 968/1003/1036 984/1023/1055 969/1004/1037
f 969/1004/1037 984/1023/1055 706/1005/749
f 649/649/697 971/1007/1039 970/1006/1038
f 971/1007/1039 973/1009/1044 972/1008/1040
f 973/1009/1041 975/1012/1045 974/1010/1042
f 974/1011/1042 975/1013/1045 702/702/745
f 651/651/699 916/934/966 971/1007/1039
f 916/934/966 918/936/968 973/1009/1044
f 918/936/971 920/938/970 975/1012/1045
f 975/1013/1045 920/939/970 664/664/710
f 867/873/903 791/791/823 976/1014/1046
f 865/871/901 976/1014/1046 977/1015/1047
f 858/864/890 977/1015/1047 978/1016/1048
f 854/860/886 978/1016/1048 768/820/804
f 791/791/823 793/793/825 979/1017/1049
f 976/1014/1046 979/1017/1049 980/1018/1050
f 977/1015/1047 980/1018/1050 981/1019/1051
f 978/1016/1048 981/1019/1051 712/1020/755
f 792/792/824 982/1021/1052 967/1002/1034
f 982/1021/1052 983/1022/1057 968/1003/1053
f 983/1022/1054 985/1024/1056 984/1023/1055
f 985/1024/1056 714/1025/757 706/1005/749
f 867/873/903 866/872/902 982/1021/1052
f 866/872/902 869/875/905 983/1022/1057
f 869/875/1058 863/869/895 985/1024/1056
f 863/869/895 860/866/892 714/1025/757
f 794/794/826 986/1026/1059 979/1017/1049
f 986/1026/1059 987/1027/1061 980/1018/1050
f 987/1027/1060 988/1029/1062 981/1019/1051
f 981/1028/1051 988/1030/1062 710/710/753
f 822/823/850 970/1006/1038 986/1026/1059
f 970/1006/1038 972/1008/1040 987/1027/1061
f 972/1008/1043 974/1010/1042 988/1029/1062
f 974/1011/1042 704/704/747 710/710/753
f 790/790/822 990/1032/1064 989/1031/1063
f 990/1032/1064 992/1034/1066 991/1033/1065
f 992/1034/1066 994/1036/1068 993/1035/1067
f 994/1036/1068 832/837/860 833/838/861
f 739/739/778 995/1037/1069 990/1032/1064
f 995/1037/1069 996/1038/1070 992/1034/1066
f 996/1038/1070 997/1039/1071 994/1036/1068
f 997/1039/1071 831/836/859 832/837/860
f 733/733/772 732/732/771 998/1040/1072
f 999/1041/1073 998/1040/1072 1000/1042/1074
f 1001/1043/1075 1000/1042/1074 1002/1044/1076
f 1003/1045/1077 1002/1044/1076 771/771/807
f 732/732/771 736/736/775 1004/1046/1078
f 998/1040/1072 1004/1046/1078 1005/1047/1079
f 1002/1044/1076 1006/1048/1080 772/772/808
f 729/729/768 720/720/761 1007/1049/1081
f 1010/1052/1084 1009/1051/1083 1011/1053/1085
f 720/720/761 719/719/760 989/1031/1063
f 1007/1049/1081 989/1031/1063 991/1033/1065
f 1009/1051/1083 991/1033/1065 993/1035/1067
f 1011/1053/1085 993/1035/1067 833/838/861
f 734/734/773 1014/1056/1088 1013/1055/1087
f 1014/1056/1088 1016/1058/1090 1015/1057/1089
f 1016/1058/1090 1018/1060/1092 1017/1059/1091
f 1018/1060/1092 809/809/838 826/828/854
f 733/733/772 999/1041/1073 1014/1056/1088
f 999/1041/1073 1001/1043/1075 1016/1058/1090
f 1001/1043/1075 1003/1045/1077 1018/1060/1092
f 1003/1045/1077 774/774/810 809/809/838
f 725/725/765 1020/1062/1094 1019/1061/1093
f 1020/1062/1094 1022/1064/1096 1021/1063/1095
f 1022/1064/1096 1024/1066/1098 1023/1065/1097
f 773/773/809 1013/1055/1087 1020/1062/1094
f 1013/1055/1087 1015/1057/1089 1022/1064/1096
f 1015/1057/1089 1017/1059/1091 1024/1066/1098
f 1017/1059/1091 826/828/854 742/742/781
f 740/740/779 1025/1067/1099 995/1037/1069
f 1025/1067/1099 1026/1068/1100 996/1038/1070
f 1026/1068/1100 1027/1069/1101 997/1039/1071
f 1027/1069/1101 722/722/763 831/836/859
f 1028/1070/1102 1029/1071/1103 1026/1068/1100
f 1030/1072/1104 786/786/819 722/722/763
f 746/746/784 1031/1073/1105 1028/1070/1102
f 1031/1073/1105 1032/1074/1106 1029/1071/1103
f 1032/1074/1106 1033/1075/1107 1030/1072/1104
f 1033/1075/1107 827/829/855 786/786/819
f 750/750/788 1034/1076/1108 1031/1073/1105
f 1035/1077/1109 1036/1078/1110 1033/1075/1107
f 1036/1078/1110 824/826/852 827/829/855
f 741/741/780 1038/1080/1112 1037/1079/1111
f 1038/1080/1112 1040/1082/1114 1039/1081/1113
f 1040/1082/1114 1042/1084/1116 1041/1083/1115
f 1042/1084/1116 728/728/767 749/749/787
f 803/803/834 1019/1061/1093 1038/1080/1112
f 1019/1061/1093 1021/1063/1095 1040/1082/1114
f 1021/1063/1095 1023/1065/1097 1042/1084/1116
f 1023/1065/1097 726/726/766 728/728/767
f 830/835/858 785/1091/818 1043/1085/1117
f 1044/1086/1118 1043/1085/1117 1045/1087/1119
f 1046/1088/1120 1045/1087/1119 1047/1089/1121
f 1048/1090/1122 1047/1089/1121 817/817/845
f 785/1091/818 784/1140/817 871/880/908
f 1043/1085/1117 871/880/908 875/882/912
f 1045/1087/1119 875/882/912 880/890/921
f 1047/1089/1121 880/890/921 818/818/846
f 752/752/790 1049/1092/1123 1034/1076/1108
f 1051/1094/1125 804/804/835 824/826/852
f 830/835/858 1044/1086/1118 1049/1092/1123
f 1044/1086/1118 1046/1088/1120 1050/1093/1124
f 1046/1088/1120 1048/1090/1122 1051/1094/1125
f 1048/1090/1122 819/819/847 804/804/835
f 747/747/785 1052/1095/1126 878/887/916
f 1052/1095/1126 1053/1096/1127 883/893/924
f 1053/1096/1127 1054/1097/1128 881/891/922
f 1054/1097/1128 816/816/844 818/818/846
f 829/833/857 1037/1079/1111 1052/1095/1126
f 1037/1079/1111 1039/1081/1113 1053/1096/1127
f 1039/1081/1113 1041/1083/1115 1054/1097/1128
f 736/736/775 757/757/793 1055/1098/1129
f 1004/1046/1078 1055/1098/1129 1056/1099/1130
f 1005/1047/1079 1056/1099/1130 1057/1100/1131
f 1006/1048/1080 1057/1100/1131 811/811/840
f 757/757/793 758/758/794 1058/1101/1132
f 1055/1098/1129 1058/1101/1132 1059/1102/1133
f 1056/1099/1130 1059/1102/1133 1060/1103/1134
f 1057/1100/1131 1060/1103/1134 778/778/813
f 759/759/795 730/730/769 1061/1104/1135
f 1062/1105/1136 1061/1104/1135 1063/1106/1137
f 1064/1107/1138 1063/1106/1137 1065/1108/1139
f 730/730/769 729/729/768 1008/1050/1082
f 1061/1104/1135 1008/1050/1082 1010/1052/1084
f 1065/1108/1139 1012/1054/1086 754/754/792
f 770/1110/806 1067/1141/1141 886/1111/928
f 1067/1112/1141 1068/1113/1142 895/907/937
f 1068/1113/1142 1069/1114/1143 891/903/933
f 1069/1114/1143 798/798/830 892/904/934
f 766/766/802 1070/1115/1144 1067/1112/1141
f 1070/1115/1144 1071/1116/1145 1068/1113/1142
f 1071/1116/1145 1072/1117/1146 1069/1114/1143
f 1072/1117/1146 795/795/827 798/798/830
f 758/758/794 764/764/800 1073/1118/1147
f 1058/1101/1132 1073/1118/1147 1074/1119/1148
f 1059/1102/1133 1074/1119/1148 1075/1120/1149
f 1060/1103/1134 1075/1120/1149 797/797/829
f 764/764/800 765/765/801 898/910/941
f 1073/1118/1147 898/910/941 893/905/935
f 1074/1119/1148 893/905/935 890/902/932
f 1075/1120/1149 890/902/932 892/904/934
f 766/766/802 760/760/796 1076/1121/1150
f 1070/1115/1144 1076/1121/1150 1077/1122/1151
f 1072/1117/1146 1078/1123/1152 796/796/828
f 760/760/796 759/759/795 1062/1105/1136
f 1076/1121/1150 1062/1105/1136 1064/1107/1138
f 1077/1122/1151 1064/1107/1138 1066/1109/1140
f 1078/1123/1152 1066/1109/1140 762/762/798
f 765/765/801 715/715/758 1079/1124/1153
f 885/895/927 1079/1128/1156 820/821/848
f 715/715/758 860/1135/892 862/1126/1154
f 1079/1128/1156 855/1137/887 821/822/849
f 695/695/739 1080/1133/1160 852/1129/1157
f 1080/1132/1159 782/782/815 836/841/864
f 753/753/791 872/886/915 1080/1133/1160
f 872/1134/909 784/784/817 782/782/815
f 1081/1142/1164 1082/1143/1165 1083/1144/1166
f 1084/1145/1167 1085/1146/1168 1086/1147/1169
f 1087/1148/1170 1088/1149/1171 1089/1150/1172
f 1090/1151/1173 1091/1152/1174 1088/1149/1171
f 1092/1153/1175 1093/1154/1176 1094/1155/1177
f 1095/1156/1178 1096/1157/1179 1097/1158/1180
f 1098/1159/1181 1099/1160/1182 1081/1142/1164
f 1100/1161/1183 1101/1162/1184 1102/1163/1185
f 1094/1155/1177 1103/1164/1186 1104/1165/1187
f 1105/1166/1188 1106/1167/1189 1107/1168/1190
f 1108/1169/1191 1109/1170/1192 1110/1171/1193
f 1111/1172/1194 1112/1173/1195 1113/1174/1196
f 1109/1170/1192 1114/1175/1197 1115/1176/1198
f 1116/1177/1199 1117/1178/1200 1106/1167/1189
f 1118/1179/1201 1119/1180/1202 1120/1181/1203
f 1121/1182/1204 1119/1180/1202 1096/1157/1179
f 1122/1183/1205 1123/1184/1206 1124/1185/1207
f 1125/1186/1208 1126/1187/1209 1127/1188/1210
f 1128/1189/1211 1129/1190/1212 1130/1191/1213
f 1086/1147/1169 1131/1192/1214 1132/1193/1215
f 1133/1194/1216 1134/1195/1217 1135/1196/1218
f 1136/1197/1219 1137/1198/1220 1123/1184/1206
f 1138/1199/1221 1139/1200/1222 1140/1201/1223
f 1141/1202/1224 1142/1203/1225 1143/1204/1226
f 1084/1145/1167 1144/1205/1227 1145/1206/1228
f 1105/1166/1188 1146/1207/1229 1147/1208/1230
f 1116/1177/1199 1148/1209/1231 1149/1210/1232
f 1086/1147/1169 1150/1211/1233 1144/1205/1227
f 1151/1212/1234 1152/1213/1235 1153/1214/1236
f 1154/1215/1237 1155/1216/1238 1156/1217/1239
f 1157/1218/1240 1131/1192/1214 1085/1146/1168
f 1157/1218/1240 1129/1190/1212 1158/1219/1241
f 1159/1220/1242 1156/1217/1239 1160/1221/1243
f 1161/1222/1244 1100/1161/1183 1151/1212/1234
f 1162/1223/1245 1163/1224/1246 1164/1225/1247
f 1107/1168/1190 1163/1224/1246 1146/1207/1229
f 1165/1226/1248 1166/1227/1249 1167/1228/1250
f 1168/1229/1251 1144/1205/1227 1128/1189/1211
f 1107/1168/1190 1117/1178/1200 1169/1230/1252
f 1170/1231/1253 1171/1232/1254 1099/1160/1182
f 1089/1150/1172 1172/1233/1255 1173/1234/1256
f 1174/1235/1257 1175/1236/1258 1176/1237/1259
f 1177/1238/1260 1138/1199/1221 1178/1239/1261
f 1162/1223/1245 1148/1209/1231 1134/1195/1217
f 1179/1240/1262 1176/1237/1259 1180/1241/1263
f 1181/1242/1264 1182/1243/1265 1183/1244/1266
f 1141/1202/1224 1184/1245/1267 1185/1246/1268
f 1118/1179/1201 1142/1203/1225 1166/1227/1249
f 1186/1247/1269 1109/1170/1192 1187/1248/1270
f 1121/1182/1204 1184/1245/1267 1188/1249/1271
f 1189/1250/1272 1190/1251/1273 1177/1238/1260
f 1128/1189/1211 1150/1211/1233 1191/1252/1274
f 1088/1149/1171 1192/1253/1275 1172/1233/1255
f 1180/1241/1263 1193/1254/1276 1194/1255/1277
f 1176/1237/1259 1195/1256/1278 1193/1254/1276
f 1126/1187/1209 1196/1257/1279 1197/1258/1280
f 1124/1185/1207 1198/1259/1281 1199/1260/1282
f 1123/1184/1206 1200/1261/1283 1198/1259/1281
f 1155/1216/1238 1201/1262/1284 1156/1217/1239
f 1152/1213/1235 1102/1163/1185 1202/1263/1285
f 1156/1217/1239 1203/1264/1286 1160/1221/1243
f 1204/1265/1287 1106/1167/1189 1205/1266/1288
f 1206/1267/1289 1126/1187/1209 1207/1268/1290
f 1126/1187/1209 1208/1269/1291 1207/1268/1290
f 1099/1160/1182 1209/1270/1292 1082/1143/1165
f 1165/1226/1248 1096/1157/1179 1118/1179/1201
f 1210/1271/1293 1166/1227/1249 1141/1202/1224
f 1211/1272/1294 1212/1273/1295 1213/1274/1296
f 1213/1274/1296 1214/1275/1297 1215/1276/1298
f 1168/1229/1251 1130/1191/1213 1216/1277/1299
f 1217/1278/1300 1130/1191/1213 1157/1218/1240
f 1103/1164/1186 1218/1279/1301 1219/1280/1302
f 1183/1244/1266 1220/1281/1303 1221/1282/1304
f 1133/1194/1216 1146/1207/1229 1162/1223/1245
f 1204/1265/1287 1134/1195/1217 1116/1177/1199
f 1112/1173/1195 1222/1283/1305 1223/1284/1306
f 1224/1285/1307 1225/1286/1308 1111/1172/1194
f 1210/1271/1293 1185/1246/1268 1226/1287/1309
f 1095/1156/1178 1185/1246/1268 1121/1182/1204
f 1214/1275/1297 1227/1288/1310 1228/1289/1311
f 1109/1170/1192 1229/1290/1312 1110/1171/1193
f 1217/1278/1300 1085/1146/1168 1230/1291/1313
f 1231/1292/1314 1183/1244/1266 1232/1293/1315
f 1232/1293/1315 1221/1282/1304 1233/1294/1316
f 1234/1295/1317 1235/1296/1318 1083/1144/1166
f 1236/1297/1319 1237/1298/1320 1234/1295/1317
f 1235/1296/1318 1237/1298/1320 1238/1299/1321
f 1237/1298/1320 1239/1300/1322 1238/1301/1321
f 1240/1302/1323 1241/1303/1324 1125/1186/1208
f 1242/1304/1325 1243/1305/1326 1240/1302/1323
f 1241/1303/1324 1243/1306/1326 1236/1297/1319
f 1244/1307/1327 1238/1301/1321 1245/1308/1328
f 1245/1308/1328 1242/1304/1325 1244/1309/1327
f 1245/1308/1328 1238/1301/1321 1239/1310/1322
f 1246/1311/1329 1247/1312/1330 1108/1169/1331
f 1247/1312/1332 1248/1313/1333 1249/1314/1334
f 1250/1315/1335 1251/1316/1336 1252/1317/1337
f 1253/1318/1338 1248/1313/1339 1251/1319/1340
f 1252/1317/1341 1251/1320/1341 1246/1321/1341
f 1098/1159/1181 1254/1322/1342 1255/1323/1343
f 1256/1324/1344 1257/1325/1345 1254/1326/1346
f 1122/1183/1205 1258/1327/1347 1259/1328/1348
f 1258/1327/1349 1254/1329/1350 1259/1330/1351
f 1259/1330/1352 1260/1331/1353 1256/1332/1354
f 1206/1267/1289 1261/1333/1355 1262/1334/1356
f 1262/1335/1357 1263/1336/1357 1264/1337/1357
f 1265/1338/1358 1262/1339/1359 1266/1340/1360
f 1266/1340/1361 1262/1341/1362 1261/1342/1362
f 1267/1343/1363 1268/1344/1364 1231/1292/1365
f 1267/1343/1366 1269/1345/1366 1270/1346/1366
f 1268/1344/1367 1271/1347/1368 1272/1348/1369
f 1273/1349/1370 1270/1350/1371 1269/1351/1372
f 1270/1352/1373 1274/1353/1373 1271/1354/1373
f 1275/1355/1374 1276/1356/1375 1186/1247/1269
f 1275/1355/1374 1277/1357/1376 1278/1358/1377
f 1276/1356/1375 1278/1359/1377 1279/1360/1378
f 1278/1358/1377 1277/1357/1376 1280/1361/1379
f 1281/1362/1380 1282/1363/1381 1283/1364/1382
f 1281/1365/1380 1283/1364/1382 1277/1366/1376
f 1282/1363/1381 1277/1357/1376 1283/1364/1382
f 1284/1367/1383 1285/1368/1384 1153/1214/1236
f 1279/1360/1378 1286/1369/1385 1284/1367/1383
f 1285/1368/1384 1286/1369/1385 1282/1370/1381
f 1286/1369/1385 1280/1361/1379 1282/1363/1381
f 1287/1371/1386 1288/1372/1387 1161/1222/1388
f 1287/1371/1389 1289/1373/1390 1290/1374/1391
f 1159/1220/1242 1291/1375/1392 1290/1376/1393
f 1291/1375/1394 1288/1377/1394 1290/1378/1395
f 1290/1378/1391 1292/1379/1396 1293/1380/1397
f 1290/1381/1391 1289/1382/1390 1292/1379/1396
f 1294/1383/1398 1295/1384/1399 1296/1385/1400
f 1294/1383/1398 1297/1386/1401 1298/1387/1402
f 1298/1387/1402 1299/1388/1403 1295/1384/1399
f 1298/1387/1402 1300/1389/1404 1301/1390/1405
f 1302/1391/1406 1303/1392/1407 1304/1393/1408
f 1302/1394/1406 1304/1393/1408 1297/1395/1401
f 1303/1392/1407 1297/1386/1401 1304/1393/1408
f 1305/1396/1409 1306/1397/1410 1173/1234/1256
f 1305/1396/1409 1299/1388/1403 1301/1398/1405
f 1306/1397/1410 1301/1398/1405 1303/1399/1407
f 1301/1390/1405 1300/1389/1404 1303/1392/1407
f 1087/1148/1170 1307/1400/1411 1308/1401/1412
f 1307/1402/1413 1309/1403/1413 1310/1404/1413
f 1179/1240/1262 1311/1405/1414 1307/1406/1415
f 1311/1405/1416 1308/1407/1416 1307/1408/1416
f 1307/1408/1417 1309/1403/1417 1312/1409/1417
f 1313/1410/1418 1314/1411/1419 1169/1230/1252
f 1315/1412/1420 1316/1413/1421 1313/1410/1418
f 1316/1413/1421 1317/1414/1422 1314/1411/1419
f 1316/1413/1421 1318/1415/1423 1319/1416/1424
f 1140/1417/1223 1320/1418/1425 1321/1419/1426
f 1322/1420/1427 1323/1421/1428 1320/1418/1425
f 1321/1419/1426 1318/1415/1429 1315/1412/1420
f 1320/1418/1430 1319/1422/1431 1318/1415/1432
f 1324/1423/1433 1325/1424/1434 1188/1249/1271
f 1317/1414/1422 1326/1425/1435 1324/1423/1433
f 1326/1425/1435 1327/1426/1436 1325/1424/1434
f 1326/1425/1435 1319/1422/1437 1323/1421/1438
f 1328/1427/1439 1329/1428/1440 1132/1193/1215
f 1330/1429/1441 1331/1430/1442 1328/1427/1439
f 1331/1430/1442 1332/1431/1443 1329/1428/1440
f 1331/1430/1442 1333/1432/1444 1334/1433/1445
f 1178/1434/1261 1335/1435/1446 1336/1436/1447
f 1337/1437/1448 1338/1438/1449 1335/1435/1446
f 1336/1436/1447 1333/1432/1450 1330/1429/1441
f 1335/1435/1451 1334/1439/1452 1333/1432/1453
f 1339/1440/1454 1340/1441/1455 1149/1210/1232
f 1332/1431/1443 1341/1442/1456 1339/1440/1454
f 1341/1442/1456 1342/1443/1457 1340/1441/1455
f 1341/1442/1456 1334/1439/1458 1338/1438/1459
f 1343/1444/1460 1344/1445/1461 1164/1225/1247
f 1345/1446/1462 1346/1447/1463 1343/1444/1460
f 1346/1447/1463 1347/1448/1464 1344/1445/1461
f 1346/1447/1463 1348/1449/1465 1349/1450/1466
f 1350/1451/1467 1351/1452/1468 1143/1204/1226
f 1352/1453/1469 1353/1454/1470 1350/1451/1467
f 1353/1454/1470 1345/1446/1462 1351/1452/1468
f 1353/1454/1470 1348/1449/1465 1354/1455/1471
f 1355/1456/1472 1356/1457/1473 1191/1252/1274
f 1347/1448/1464 1357/1458/1474 1355/1456/1472
f 1357/1458/1474 1352/1453/1469 1356/1457/1473
f 1357/1458/1474 1348/1449/1465 1358/1459/1475
f 1359/1460/1476 1360/1461/1477 1120/1181/1203
f 1361/1462/1478 1362/1463/1479 1359/1460/1476
f 1362/1463/1479 1363/1464/1480 1360/1461/1477
f 1362/1463/1479 1364/1465/1481 1365/1466/1482
f 1189/1467/1272 1366/1468/1483 1367/1469/1484
f 1368/1470/1485 1369/1471/1486 1366/1468/1483
f 1367/1469/1484 1364/1465/1487 1361/1462/1478
f 1366/1468/1483 1365/1472/1488 1364/1465/1487
f 1370/1473/1489 1371/1474/1490 1158/1219/1241
f 1363/1464/1480 1372/1475/1491 1370/1473/1489
f 1372/1475/1491 1373/1476/1492 1371/1474/1490
f 1372/1475/1491 1365/1472/1482 1369/1471/1493
f 1374/1477/1494 1375/1478/1495 1376/1479/1496
f 1377/1480/1497 1378/1481/1498 1375/1478/1495
f 1376/1479/1496 1379/1482/1499 1380/1483/1500
f 1375/1478/1495 1381/1484/1501 1379/1482/1499
f 1199/1260/1282 1382/1485/1502 1383/1486/1503
f 1384/1487/1504 1385/1488/1505 1382/1485/1502
f 1383/1486/1506 1378/1481/1507 1377/1480/1508
f 1382/1485/1502 1381/1484/1509 1378/1481/1510
f 1386/1489/1511 1387/1490/1512 1223/1491/1306
f 1380/1483/1500 1388/1492/1513 1386/1489/1511
f 1388/1492/1513 1389/1493/1514 1387/1490/1512
f 1379/1482/1515 1385/1488/1516 1388/1492/1513
f 1390/1494/1517 1391/1495/1518 1209/1270/1292
f 1392/1496/1519 1393/1497/1520 1390/1494/1517
f 1393/1497/1520 1394/1498/1521 1391/1495/1518
f 1395/1499/1522 1396/1500/1523 1224/1501/1307
f 1397/1502/1524 1398/1503/1525 1395/1499/1522
f 1398/1503/1525 1392/1496/1519 1396/1500/1523
f 1399/1504/1526 1400/1505/1527 1196/1257/1279
f 1394/1498/1521 1401/1506/1528 1399/1504/1526
f 1401/1506/1528 1397/1502/1524 1400/1505/1527
f 1208/1269/1291 1402/1507/1529 1403/1508/1530
f 1404/1509/1531 1405/1510/1532 1402/1507/1529
f 1403/1508/1530 1402/1507/1529 1406/1511/1533
f 1402/1507/1529 1407/1512/1534 1406/1511/1533
f 1408/1513/1535 1409/1514/1536 1113/1515/1196
f 1410/1516/1537 1411/1517/1538 1408/1513/1535
f 1411/1517/1538 1412/1518/1539 1409/1514/1536
f 1413/1519/1540 1405/1510/1532 1411/1517/1538
f 1200/1261/1283 1414/1520/1541 1415/1521/1542
f 1416/1522/1543 1406/1511/1544 1414/1520/1541
f 1415/1521/1542 1413/1519/1540 1410/1516/1537
f 1414/1520/1541 1407/1512/1534 1413/1519/1540
f 1417/1523/1545 1418/1524/1546 1114/1175/1197
f 1419/1525/1547 1420/1526/1548 1417/1523/1545
f 1420/1526/1548 1421/1527/1549 1418/1524/1546
f 1420/1526/1548 1422/1528/1550 1423/1529/1551
f 1424/1530/1552 1425/1531/1553 1202/1263/1285
f 1426/1532/1554 1427/1533/1555 1424/1530/1552
f 1427/1533/1555 1419/1525/1547 1425/1531/1553
f 1427/1533/1555 1428/1534/1556 1422/1535/1550
f 1429/1536/1557 1430/1537/1558 1211/1538/1294
f 1421/1527/1549 1431/1539/1559 1429/1536/1557
f 1431/1539/1559 1426/1532/1554 1430/1537/1558
f 1423/1529/1551 1428/1534/1556 1431/1539/1559
f 1229/1290/1312 1432/1540/1560 1433/1541/1561
f 1434/1542/1562 1435/1543/1563 1432/1540/1560
f 1433/1541/1561 1432/1544/1560 1436/1545/1564
f 1432/1540/1565 1435/1543/1565 1437/1546/1565
f 1438/1547/1566 1439/1548/1567 1215/1549/1298
f 1440/1550/1568 1441/1551/1569 1438/1547/1566
f 1441/1551/1570 1442/1552/1571 1439/1553/1567
f 1443/1554/1572 1432/1555/1573 1444/1556/1574
f 1445/1557/1575 1436/1545/1576 1432/1555/1573
f 1444/1556/1574 1435/1558/1577 1440/1550/1568
f 1101/1162/1184 1446/1559/1578 1447/1560/1579
f 1448/1561/1580 1449/1562/1581 1446/1559/1578
f 1447/1560/1579 1450/1563/1582 1451/1564/1583
f 1446/1559/1578 1452/1565/1584 1450/1563/1582
f 1203/1264/1286 1453/1566/1585 1454/1567/1586
f 1455/1568/1587 1456/1569/1588 1453/1566/1585
f 1454/1567/1586 1453/1566/1585 1449/1562/1589
f 1453/1566/1585 1452/1565/1584 1449/1562/1589
f 1457/1570/1590 1458/1571/1591 1228/1572/1311
f 1451/1564/1583 1459/1573/1592 1457/1570/1590
f 1459/1573/1592 1460/1574/1593 1458/1571/1591
f 1450/1563/1582 1456/1569/1588 1459/1573/1592
f 1233/1294/1316 1461/1575/1594 1462/1576/1595
f 1463/1577/1596 1464/1578/1597 1461/1575/1594
f 1462/1576/1598 1465/1579/1599 1466/1580/1600
f 1461/1575/1594 1467/1581/1601 1465/1579/1599
f 1468/1582/1602 1469/1583/1603 1104/1584/1187
f 1470/1585/1604 1471/1586/1605 1468/1582/1602
f 1471/1586/1605 1472/1587/1606 1469/1583/1603
f 1473/1588/1607 1464/1578/1597 1471/1586/1605
f 1195/1256/1278 1474/1589/1608 1475/1590/1609
f 1466/1580/1610 1465/1579/1611 1474/1589/1608
f 1475/1590/1609 1473/1588/1612 1470/1585/1604
f 1474/1589/1608 1467/1581/1613 1473/1588/1612
f 1476/1591/1614 1477/1592/1615 1220/1281/1303
f 1478/1593/1616 1479/1594/1617 1476/1591/1614
f 1479/1594/1617 1480/1595/1618 1477/1592/1615
f 1479/1594/1617 1481/1596/1619 1482/1597/1620
f 1483/1598/1621 1484/1599/1622 1192/1253/1275
f 1485/1600/1623 1486/1601/1624 1483/1598/1621
f 1486/1601/1624 1478/1593/1616 1484/1599/1622
f 1486/1601/1624 1487/1602/1625 1481/1603/1619
f 1488/1604/1626 1489/1605/1627 1092/1606/1175
f 1480/1595/1618 1490/1607/1628 1488/1604/1626
f 1490/1607/1628 1485/1600/1623 1489/1605/1627
f 1482/1597/1620 1487/1602/1625 1490/1607/1628
f 1491/1608/1629 1492/1609/1630 1493/1610/1631
f 1494/1611/1632 1495/1612/1633 1492/1609/1630
f 1493/1610/1631 1496/1613/1634 1497/1614/1635
f 1492/1609/1630 1498/1615/1636 1496/1613/1634
f 1194/1255/1277 1499/1616/1637 1494/1617/1638
f 1500/1618/1639 1501/1619/1640 1499/1616/1637
f 1494/1617/1638 1499/1616/1637 1495/1612/1641
f 1499/1616/1637 1498/1615/1636 1495/1612/1641
f 1502/1620/1642 1503/1621/1643 1219/1622/1302
f 1497/1614/1635 1504/1623/1644 1502/1620/1642
f 1504/1623/1644 1505/1624/1645 1503/1621/1643
f 1496/1613/1634 1501/1619/1640 1504/1623/1644
f 1149/1210/1232 1506/1625/1646 1339/1440/1454
f 1339/1440/1454 1507/1626/1647 1332/1431/1443
f 1507/1626/1647 1329/1428/1440 1332/1431/1443
f 1508/1627/1648 1132/1193/1215 1329/1428/1440
f 1148/1209/1231 1344/1445/1461 1506/1625/1646
f 1506/1625/1646 1347/1448/1464 1507/1626/1647
f 1347/1448/1464 1508/1627/1648 1507/1626/1647
f 1355/1456/1472 1150/1211/1233 1508/1627/1648
f 1142/1203/1225 1350/1451/1467 1143/1204/1226
f 1509/1628/1649 1352/1453/1469 1350/1451/1467
f 1352/1453/1469 1510/1629/1650 1356/1457/1473
f 1356/1457/1473 1129/1190/1212 1191/1252/1274
f 1120/1181/1203 1509/1628/1649 1142/1203/1225
f 1360/1461/1477 1511/1630/1651 1509/1628/1649
f 1511/1630/1651 1370/1473/1489 1510/1629/1650
f 1510/1629/1650 1158/1219/1241 1129/1190/1212
f 1177/1631/1260 1368/1470/1485 1189/1467/1272
f 1512/1632/1652 1373/1476/1492 1368/1470/1485
f 1373/1476/1492 1513/1633/1653 1371/1474/1490
f 1513/1633/1654 1158/1219/1241 1371/1474/1490
f 1177/1631/1260 1336/1436/1447 1512/1632/1655
f 1512/1632/1652 1330/1429/1441 1513/1634/1653
f 1513/1634/1653 1330/1429/1441 1328/1427/1439
f 1513/1633/1654 1132/1193/1215 1131/1192/1214
f 1188/1249/1271 1514/1635/1656 1324/1423/1433
f 1324/1423/1433 1515/1636/1657 1317/1414/1422
f 1515/1636/1657 1314/1411/1419 1317/1414/1422
f 1516/1637/1658 1169/1230/1252 1314/1411/1419
f 1184/1245/1267 1351/1452/1468 1514/1635/1656
f 1514/1635/1656 1345/1446/1462 1515/1636/1657
f 1345/1446/1462 1516/1637/1658 1515/1636/1657
f 1343/1444/1460 1163/1224/1246 1516/1637/1658
f 1138/1638/1221 1337/1437/1448 1178/1434/1261
f 1517/1639/1659 1342/1443/1457 1337/1437/1448
f 1342/1443/1457 1518/1640/1660 1340/1441/1455
f 1518/1640/1661 1149/1210/1232 1340/1441/1455
f 1138/1638/1221 1321/1419/1426 1517/1639/1662
f 1517/1639/1659 1315/1412/1420 1518/1641/1660
f 1518/1641/1660 1315/1412/1420 1313/1410/1418
f 1518/1640/1661 1169/1230/1252 1117/1178/1200
f 1139/1642/1222 1322/1420/1427 1140/1417/1223
f 1519/1643/1663 1327/1426/1436 1322/1420/1427
f 1327/1426/1436 1520/1644/1664 1325/1424/1434
f 1520/1644/1665 1188/1249/1271 1325/1424/1434
f 1139/1642/1222 1367/1469/1484 1519/1643/1666
f 1519/1643/1663 1361/1462/1478 1520/1645/1664
f 1520/1645/1664 1361/1462/1478 1359/1460/1476
f 1520/1644/1665 1120/1181/1203 1119/1180/1202
f 1098/1159/1181 1521/1646/1667 1254/1326/1342
f 1254/1326/1342 1522/1647/1668 1256/1324/1669
f 1256/1324/1669 1523/1648/1670 1524/1649/1671
f 1524/1649/1671 1135/1196/1218 1204/1265/1287
f 1083/1144/1166 1521/1646/1667 1081/1142/1164
f 1235/1296/1318 1522/1647/1668 1521/1646/1667
f 1238/1299/1321 1523/1648/1670 1522/1647/1668
f 1244/1307/1327 1135/1196/1218 1523/1648/1670
f 1147/1208/1230 1525/1650/1672 1105/1166/1188
f 1526/1651/1673 1264/1337/1674 1525/1650/1672
f 1527/1652/1675 1262/1334/1356 1264/1337/1674
f 1528/1653/1676 1206/1267/1289 1262/1334/1356
f 1147/1208/1230 1244/1309/1327 1526/1651/1673
f 1526/1651/1673 1242/1304/1325 1527/1652/1675
f 1527/1652/1675 1240/1302/1323 1528/1653/1676
f 1528/1653/1676 1125/1186/1208 1127/1188/1210
f 1205/1266/1288 1524/1654/1671 1204/1265/1287
f 1529/1655/1677 1256/1332/1678 1524/1654/1671
f 1530/1656/1679 1259/1328/1348 1256/1332/1678
f 1531/1657/1680 1122/1183/1205 1259/1328/1348
f 1205/1266/1288 1525/1658/1672 1529/1655/1677
f 1529/1655/1677 1532/1659/1681 1530/1656/1679
f 1530/1656/1679 1262/1660/1682 1531/1657/1680
f 1531/1657/1680 1265/1338/1358 1136/1197/1219
f 1186/1247/1269 1533/1661/1683 1275/1355/1374
f 1275/1355/1374 1534/1662/1684 1277/1366/1376
f 1277/1366/1376 1535/1663/1685 1281/1365/1686
f 1281/1365/1686 1167/1228/1250 1210/1271/1293
f 1108/1169/1191 1533/1661/1683 1187/1248/1270
f 1247/1312/1687 1534/1662/1684 1533/1661/1683
f 1249/1314/1688 1535/1663/1685 1534/1662/1684
f 1536/1664/1689 1167/1228/1250 1535/1663/1685
f 1161/1222/1244 1537/1665/1690 1287/1371/1691
f 1287/1371/1691 1538/1666/1692 1292/1667/1693
f 1292/1667/1693 1539/1668/1694 1540/1669/1695
f 1540/1669/1695 1226/1287/1309 1095/1156/1178
f 1153/1214/1236 1537/1665/1690 1151/1212/1234
f 1285/1368/1384 1538/1666/1692 1537/1665/1690
f 1282/1370/1381 1539/1668/1694 1538/1666/1692
f 1281/1362/1686 1226/1287/1309 1539/1668/1694
f 1097/1158/1180 1540/1670/1695 1095/1156/1178
f 1541/1671/1696 1293/1380/1697 1540/1670/1695
f 1542/1672/1698 1290/1376/1393 1293/1380/1697
f 1543/1673/1699 1159/1220/1242 1290/1376/1393
f 1097/1158/1180 1536/1674/1689 1541/1671/1696
f 1541/1671/1696 1253/1318/1700 1542/1672/1698
f 1542/1672/1698 1251/1319/1336 1543/1673/1699
f 1543/1673/1699 1250/1315/1335 1154/1215/1237
f 1145/1206/1228 1544/1675/1701 1084/1145/1167
f 1545/1676/1702 1272/1348/1703 1544/1675/1701
f 1546/1677/1704 1268/1344/1705 1272/1348/1703
f 1547/1678/1706 1231/1292/1314 1268/1344/1705
f 1145/1206/1228 1302/1394/1707 1545/1676/1702
f 1545/1676/1702 1297/1395/1401 1546/1677/1704
f 1546/1677/1704 1294/1383/1398 1547/1678/1706
f 1547/1678/1706 1296/1385/1400 1181/1242/1264
f 1216/1277/1299 1302/1391/1707 1168/1229/1251
f 1548/1679/1708 1303/1399/1407 1302/1391/1707
f 1549/1680/1709 1306/1397/1410 1303/1399/1407
f 1550/1681/1710 1173/1234/1256 1306/1397/1410
f 1216/1277/1299 1551/1682/1711 1548/1679/1708
f 1548/1679/1708 1309/1683/1712 1549/1680/1709
f 1549/1680/1709 1307/1402/1411 1550/1681/1710
f 1550/1681/1710 1087/1148/1170 1089/1150/1172
f 1230/1291/1313 1551/1684/1711 1217/1278/1300
f 1552/1685/1713 1312/1409/1714 1551/1684/1711
f 1553/1686/1715 1307/1406/1716 1312/1409/1714
f 1554/1687/1717 1179/1240/1262 1307/1406/1415
f 1230/1291/1313 1544/1688/1701 1552/1685/1713
f 1552/1685/1713 1274/1353/1718 1553/1686/1715
f 1553/1686/1715 1270/1352/1371 1554/1687/1717
f 1554/1687/1717 1273/1349/1370 1174/1235/1257
f 1223/1491/1306 1555/1689/1719 1386/1489/1511
f 1386/1489/1511 1556/1690/1720 1380/1483/1500
f 1380/1483/1500 1557/1691/1721 1376/1479/1496
f 1376/1479/1496 1171/1232/1254 1374/1477/1494
f 1222/1692/1305 1396/1500/1523 1555/1689/1719
f 1555/1689/1719 1392/1496/1519 1556/1690/1720
f 1556/1690/1720 1390/1494/1517 1557/1691/1721
f 1390/1494/1517 1171/1232/1254 1557/1691/1721
f 1197/1258/1280 1404/1509/1531 1208/1269/1291
f 1558/1693/1722 1412/1518/1539 1404/1509/1531
f 1559/1694/1723 1409/1514/1536 1412/1518/1539
f 1560/1695/1724 1113/1515/1196 1409/1514/1536
f 1196/1257/1279 1558/1693/1722 1197/1258/1280
f 1400/1505/1527 1559/1694/1723 1558/1693/1722
f 1397/1502/1524 1560/1695/1724 1559/1694/1723
f 1395/1499/1522 1111/1696/1194 1560/1695/1724
f 1198/1259/1281 1384/1487/1504 1199/1260/1282
f 1561/1697/1725 1389/1493/1514 1384/1487/1504
f 1562/1698/1726 1387/1490/1512 1389/1493/1514
f 1563/1699/1727 1223/1491/1306 1387/1490/1512
f 1198/1259/1281 1415/1521/1542 1561/1697/1725
f 1561/1697/1725 1410/1516/1537 1562/1698/1726
f 1562/1698/1726 1408/1513/1535 1563/1699/1727
f 1563/1699/1727 1113/1515/1196 1112/1700/1195
f 1213/1701/1296 1429/1536/1557 1211/1538/1294
f 1564/1702/1728 1421/1527/1549 1429/1536/1557
f 1565/1703/1729 1418/1524/1546 1421/1527/1549
f 1566/1704/1730 1114/1175/1197 1418/1524/1546
f 1215/1549/1298 1564/1702/1728 1213/1701/1296
f 1439/1553/1567 1565/1703/1729 1564/1702/1728
f 1442/1552/1571 1566/1704/1730 1565/1703/1729
f 1434/1542/1562 1115/1176/1198 1566/1704/1730
f 1228/1572/1311 1567/1705/1731 1457/1570/1590
f 1457/1570/1590 1568/1706/1732 1451/1564/1583
f 1451/1564/1583 1569/1707/1733 1447/1560/1579
f 1447/1560/1579 1102/1163/1185 1101/1162/1184
f 1227/1708/1310 1430/1537/1558 1567/1705/1731
f 1567/1705/1731 1426/1532/1554 1568/1706/1732
f 1568/1706/1732 1424/1530/1552 1569/1707/1733
f 1569/1707/1733 1202/1263/1285 1102/1163/1185
f 1201/1262/1284 1455/1568/1587 1203/1264/1286
f 1570/1709/1734 1460/1574/1593 1455/1568/1587
f 1571/1710/1735 1458/1571/1591 1460/1574/1593
f 1572/1711/1736 1228/1572/1311 1458/1571/1591
f 1201/1262/1284 1444/1556/1574 1570/1709/1734
f 1570/1709/1734 1440/1550/1568 1571/1710/1735
f 1571/1710/1735 1438/1547/1566 1572/1711/1736
f 1572/1711/1736 1215/1549/1298 1214/1712/1297
f 1221/1282/1304 1463/1577/1596 1233/1294/1316
f 1573/1713/1737 1472/1587/1606 1463/1577/1596
f 1574/1714/1738 1469/1583/1603 1472/1587/1606
f 1575/1715/1739 1104/1584/1187 1469/1583/1603
f 1220/1281/1303 1573/1713/1737 1221/1282/1304
f 1477/1592/1615 1574/1714/1738 1573/1713/1737
f 1480/1595/1618 1575/1715/1739 1574/1714/1738
f 1488/1604/1626 1094/1716/1177 1575/1715/1739
f 1192/1253/1275 1576/1717/1740 1483/1598/1621
f 1483/1598/1621 1577/1718/1741 1485/1600/1623
f 1485/1600/1623 1578/1719/1742 1489/1605/1627
f 1489/1605/1627 1218/1720/1301 1092/1606/1175
f 1091/1152/1174 1493/1610/1631 1576/1717/1740
f 1576/1717/1740 1497/1614/1635 1577/1718/1741
f 1577/1718/1741 1502/1620/1642 1578/1719/1742
f 1578/1719/1742 1219/1622/1302 1218/1720/1301
f 1193/1254/1276 1500/1618/1639 1194/1255/1277
f 1579/1721/1743 1505/1624/1645 1500/1618/1639
f 1580/1722/1744 1503/1621/1643 1505/1624/1645
f 1581/1723/1745 1219/1622/1302 1503/1621/1643
f 1193/1254/1276 1475/1590/1609 1579/1721/1743
f 1579/1721/1743 1470/1585/1604 1580/1722/1744
f 1580/1722/1744 1468/1582/1602 1581/1723/1745
f 1581/1723/1745 1104/1584/1187 1103/1724/1186
f 1082/1143/1165 1234/1295/1317 1083/1144/1166
f 1582/1725/1746 1236/1297/1747 1234/1295/1317
f 1583/1726/1748 1241/1303/1324 1236/1297/1747
f 1584/1727/1749 1125/1186/1208 1241/1303/1324
f 1209/1270/1292 1582/1725/1746 1082/1143/1165
f 1391/1495/1518 1583/1726/1748 1582/1725/1746
f 1394/1498/1521 1584/1727/1749 1583/1726/1748
f 1399/1504/1526 1585/1728/1750 1584/1727/1749
f 1200/1261/1283 1586/1729/1751 1416/1522/1752
f 1416/1522/1543 1587/1730/1753 1403/1731/1754
f 1587/1732/1755 1208/1269/1291 1403/1508/1530
f 1137/1198/1220 1266/1340/1360 1586/1729/1751
f 1586/1729/1753 1261/1342/1756 1587/1730/1753
f 1587/1732/1755 1206/1267/1289 1207/1268/1290
f 1110/1171/1193 1246/1311/1757 1108/1169/1191
f 1588/1733/1758 1252/1317/1759 1246/1321/1759
f 1252/1317/1337 1155/1216/1238 1250/1315/1335
f 1229/1290/1312 1588/1734/1760 1110/1171/1193
f 1588/1734/1760 1433/1541/1561 1436/1545/1761
f 1436/1545/1762 1589/1735/1763 1588/1733/1758
f 1589/1735/1764 1443/1554/1572 1155/1216/1238
f 1101/1162/1184 1590/1736/1765 1448/1561/1766
f 1590/1736/1767 1454/1737/1768 1448/1561/1580
f 1454/1567/1586 1160/1221/1243 1203/1264/1286
f 1591/1738/1769 1288/1372/1770 1590/1736/1765
f 1590/1736/1767 1288/1377/1771 1592/1739/1767
f 1592/1739/1767 1288/1377/1771 1291/1375/1771
f 1291/1375/1392 1160/1221/1243 1592/1740/1772
f 1173/1234/1256 1593/1741/1773 1305/1396/1409
f 1305/1396/1409 1594/1742/1774 1299/1388/1775
f 1299/1388/1775 1595/1743/1776 1295/1384/1399
f 1295/1384/1399 1182/1243/1265 1296/1385/1400
f 1172/1233/1255 1484/1599/1622 1593/1741/1773
f 1593/1741/1773 1478/1593/1616 1594/1742/1774
f 1594/1742/1774 1476/1591/1614 1595/1743/1776
f 1595/1743/1776 1220/1281/1303 1182/1243/1265
f 1175/1236/1258 1466/1744/1610 1195/1256/1278
f 1596/1745/1777 1462/1576/1598 1466/1580/1600
f 1597/1746/1778 1233/1294/1316 1462/1576/1595
f 1273/1349/1370 1596/1747/1779 1175/1236/1258
f 1269/1345/1780 1597/1746/1777 1596/1745/1777
f 1267/1343/1781 1232/1293/1315 1597/1746/1778
f 1374/1477/1494 1598/1748/1782 1377/1749/1497
f 1377/1749/1508 1598/1748/1783 1599/1750/1784
f 1377/1480/1508 1599/1751/1784 1383/1486/1506
f 1599/1751/1785 1199/1260/1282 1383/1486/1503
f 1170/1231/1253 1255/1323/1786 1598/1748/1782
f 1598/1748/1783 1255/1752/1787 1599/1750/1784
f 1599/1750/1784 1255/1752/1787 1258/1327/1788
f 1258/1327/1789 1124/1185/1207 1599/1751/1785
f 1152/1213/1235 1284/1367/1383 1153/1214/1236
f 1600/1753/1790 1279/1360/1791 1284/1367/1383
f 1279/1360/1791 1601/1754/1792 1276/1356/1375
f 1276/1356/1375 1602/1755/1793 1186/1247/1269
f 1202/1263/1285 1600/1753/1790 1152/1213/1235
f 1425/1531/1553 1603/1756/1794 1600/1753/1790
f 1419/1525/1547 1601/1754/1792 1603/1756/1794
f 1417/1523/1545 1602/1755/1793 1601/1754/1792
f 1180/1241/1263 1311/1405/1414 1179/1240/1262
f 1604/1757/1795 1308/1407/1796 1311/1405/1796
f 1308/1401/1412 1090/1151/1173 1087/1148/1170
f 1194/1255/1277 1604/1757/1797 1180/1241/1263
f 1604/1757/1795 1494/1611/1798 1605/1758/1795
f 1605/1759/1799 1491/1608/1629 1090/1151/1173
f 1259/1330/1351 1254/1329/1350 1257/1325/1800
f 1536/1664/1689 1249/1314/1801 1253/1760/1700
f 1551/1682/1711 1312/1761/1714 1309/1683/1802
f 1540/1669/1803 1293/1762/1804 1292/1667/1803
f 1525/1650/1805 1264/1337/1805 1532/1763/1805
f 1544/1675/1806 1272/1348/1806 1274/1764/1806
f 1274/1764/1807 1272/1348/1369 1271/1347/1368
f 1084/1145/1167 1230/1291/1313 1085/1146/1168
f 1092/1153/1175 1218/1279/1301 1093/1154/1176
f 1095/1156/1178 1121/1182/1204 1096/1157/1179
f 1094/1155/1177 1093/1154/1176 1103/1164/1186
f 1105/1166/1188 1205/1266/1288 1106/1167/1189
f 1111/1172/1194 1225/1286/1308 1112/1173/1195
f 1116/1177/1199 1149/1210/1232 1117/1178/1200
f 1118/1179/1201 1096/1157/1179 1119/1180/1202
f 1121/1182/1204 1188/1249/1271 1119/1180/1202
f 1122/1183/1205 1136/1197/1219 1123/1184/1206
f 1128/1189/1211 1191/1252/1274 1129/1190/1212
f 1086/1147/1169 1085/1146/1168 1131/1192/1214
f 1133/1194/1216 1162/1223/1245 1134/1195/1217
f 1136/1197/1219 1265/1338/1358 1137/1198/1220
f 1141/1202/1224 1166/1227/1249 1142/1203/1225
f 1084/1145/1167 1086/1147/1169 1144/1205/1227
f 1105/1166/1188 1107/1168/1190 1146/1207/1229
f 1116/1177/1199 1134/1195/1217 1148/1209/1231
f 1086/1147/1169 1132/1193/1215 1150/1211/1233
f 1154/1215/1237 1250/1315/1335 1155/1216/1238
f 1157/1218/1240 1158/1219/1241 1131/1192/1214
f 1157/1218/1240 1130/1191/1213 1129/1190/1212
f 1159/1220/1242 1154/1215/1237 1156/1217/1239
f 1162/1223/1245 1146/1207/1229 1163/1224/1246
f 1107/1168/1190 1169/1230/1252 1163/1224/1246
f 1165/1226/1248 1118/1179/1201 1166/1227/1249
f 1168/1229/1251 1145/1206/1228 1144/1205/1227
f 1107/1168/1190 1106/1167/1189 1117/1178/1200
f 1174/1235/1257 1273/1349/1370 1175/1236/1258
f 1162/1223/1245 1164/1225/1247 1148/1209/1231
f 1179/1240/1262 1174/1235/1257 1176/1237/1259
f 1181/1242/1264 1296/1385/1400 1182/1243/1265
f 1141/1202/1224 1143/1204/1226 1184/1245/1267
f 1118/1179/1201 1120/1181/1203 1142/1203/1225
f 1121/1182/1204 1185/1246/1268 1184/1245/1267
f 1189/1250/1272 1139/1200/1222 1190/1251/1273
f 1128/1189/1211 1144/1205/1227 1150/1211/1233
f 1180/1241/1263 1176/1237/1259 1193/1254/1276
f 1176/1237/1259 1175/1236/1258 1195/1256/1278
f 1124/1185/1207 1123/1184/1206 1198/1259/1281
f 1123/1184/1206 1137/1198/1220 1200/1261/1283
f 1155/1216/1238 1443/1554/1572 1201/1262/1284
f 1156/1217/1239 1201/1262/1284 1203/1264/1286
f 1204/1265/1287 1116/1177/1199 1106/1167/1189
f 1165/1226/1248 1097/1158/1180 1096/1157/1179
f 1210/1271/1293 1167/1228/1250 1166/1227/1249
f 1211/1272/1294 1227/1288/1310 1212/1273/1295
f 1213/1274/1296 1212/1273/1295 1214/1275/1297
f 1168/1229/1251 1128/1189/1211 1130/1191/1213
f 1217/1278/1300 1216/1277/1299 1130/1191/1213
f 1103/1164/1186 1093/1154/1176 1218/1279/1301
f 1133/1194/1216 1147/1208/1230 1146/1207/1229
f 1204/1265/1287 1135/1196/1218 1134/1195/1217
f 1112/1173/1195 1225/1286/1308 1222/1283/1305
f 1224/1285/1307 1222/1283/1305 1225/1286/1308
f 1210/1271/1293 1141/1202/1224 1185/1246/1268
f 1095/1156/1178 1226/1287/1309 1185/1246/1268
f 1214/1275/1297 1212/1273/1295 1227/1288/1310
f 1217/1278/1300 1157/1218/1240 1085/1146/1168
f 1149/1210/1232 1148/1209/1231 1506/1625/1646
f 1339/1440/1454 1506/1625/1646 1507/1626/1647
f 1507/1626/1647 1508/1627/1648 1329/1428/1440
f 1508/1627/1648 1150/1211/1233 1132/1193/1215
f 1148/1209/1231 1164/1225/1247 1344/1445/1461
f 1506/1625/1646 1344/1445/1461 1347/1448/1464
f 1347/1448/1464 1355/1456/1472 1508/1627/1648
f 1355/1456/1472 1191/1252/1274 1150/1211/1233
f 1142/1203/1225 1509/1628/1649 1350/1451/1467
f 1509/1628/1649 1511/1630/1651 1352/1453/1469
f 1352/1453/1469 1511/1630/1651 1510/1629/1650
f 1356/1457/1473 1510/1629/1650 1129/1190/1212
f 1120/1181/1203 1360/1461/1477 1509/1628/1649
f 1360/1461/1477 1363/1464/1480 1511/1630/1651
f 1511/1630/1651 1363/1464/1480 1370/1473/1489
f 1510/1629/1650 1370/1473/1489 1158/1219/1241
f 1513/1633/1654 1131/1192/1214 1158/1219/1241
f 1177/1631/1260 1178/1434/1261 1336/1436/1447
f 1512/1632/1652 1336/1436/1447 1330/1429/1441
f 1513/1633/1654 1328/1427/1439 1132/1193/1215
f 1188/1249/1271 1184/1245/1267 1514/1635/1656
f 1324/1423/1433 1514/1635/1656 1515/1636/1657
f 1515/1636/1657 1516/1637/1658 1314/1411/1419
f 1516/1637/1658 1163/1224/1246 1169/1230/1252
f 1184/1245/1267 1143/1204/1226 1351/1452/1468
f 1514/1635/1656 1351/1452/1468 1345/1446/1462
f 1345/1446/1462 1343/1444/1460 1516/1637/1658
f 1343/1444/1460 1164/1225/1247 1163/1224/1246
f 1517/1639/1659 1518/1641/1660 1342/1443/1457
f 1518/1640/1661 1117/1178/1200 1149/1210/1232
f 1518/1640/1661 1313/1410/1418 1169/1230/1252
f 1139/1642/1222 1519/1643/1666 1322/1420/1427
f 1519/1643/1663 1520/1645/1664 1327/1426/1436
f 1139/1642/1222 1189/1467/1272 1367/1469/1484
f 1519/1643/1663 1367/1469/1484 1361/1462/1478
f 1524/1649/1671 1523/1648/1670 1135/1196/1218
f 1244/1307/1327 1133/1194/1216 1135/1196/1218
f 1147/1208/1230 1526/1651/1673 1525/1650/1672
f 1147/1208/1230 1133/1194/1216 1244/1309/1327
f 1205/1266/1288 1529/1655/1677 1524/1654/1671
f 1529/1655/1677 1530/1656/1679 1256/1332/1678
f 1530/1656/1679 1531/1657/1680 1259/1328/1348
f 1531/1657/1680 1136/1197/1219 1122/1183/1205
f 1205/1266/1288 1105/1166/1188 1525/1658/1672
f 1529/1655/1677 1525/1658/1672 1532/1659/1681
f 1530/1656/1679 1532/1659/1681 1262/1660/1682
f 1531/1657/1680 1262/1660/1359 1265/1338/1358
f 1186/1247/1269 1187/1248/1270 1533/1661/1683
f 1281/1365/1686 1535/1663/1685 1167/1228/1250
f 1281/1362/1686 1210/1271/1293 1226/1287/1309
f 1097/1158/1180 1541/1671/1696 1540/1670/1695
f 1541/1671/1696 1542/1672/1698 1293/1380/1697
f 1542/1672/1698 1543/1673/1699 1290/1376/1393
f 1543/1673/1699 1154/1215/1237 1159/1220/1242
f 1097/1158/1180 1165/1226/1248 1536/1674/1689
f 1542/1672/1698 1253/1318/1700 1251/1319/1336
f 1543/1673/1699 1251/1319/1336 1250/1315/1335
f 1547/1678/1706 1181/1242/1264 1231/1292/1314
f 1547/1678/1706 1294/1383/1398 1296/1385/1400
f 1550/1681/1710 1089/1150/1172 1173/1234/1256
f 1548/1679/1708 1551/1682/1711 1309/1683/1712
f 1230/1291/1313 1552/1685/1713 1551/1684/1711
f 1552/1685/1713 1553/1686/1715 1312/1409/1714
f 1553/1686/1715 1554/1687/1717 1307/1406/1716
f 1554/1687/1717 1174/1235/1257 1179/1240/1262
f 1230/1291/1313 1084/1145/1167 1544/1688/1701
f 1552/1685/1713 1544/1688/1701 1274/1353/1718
f 1553/1686/1715 1274/1353/1808 1270/1352/1371
f 1554/1687/1717 1270/1352/1371 1273/1349/1370
f 1198/1259/1281 1561/1697/1725 1384/1487/1504
f 1561/1697/1725 1562/1698/1726 1389/1493/1514
f 1562/1698/1726 1563/1699/1727 1387/1490/1512
f 1563/1699/1727 1112/1700/1195 1223/1491/1306
f 1198/1259/1281 1200/1261/1283 1415/1521/1542
f 1561/1697/1725 1415/1521/1542 1410/1516/1537
f 1562/1698/1726 1410/1516/1537 1408/1513/1535
f 1563/1699/1727 1408/1513/1535 1113/1515/1196
f 1201/1262/1284 1570/1709/1734 1455/1568/1587
f 1570/1709/1734 1571/1710/1735 1460/1574/1593
f 1571/1710/1735 1572/1711/1736 1458/1571/1591
f 1572/1711/1736 1214/1712/1297 1228/1572/1311
f 1201/1262/1284 1443/1554/1572 1444/1556/1574
f 1570/1709/1734 1444/1556/1574 1440/1550/1568
f 1571/1710/1735 1440/1550/1568 1438/1547/1566
f 1572/1711/1736 1438/1547/1566 1215/1549/1298
f 1193/1254/1276 1579/1721/1743 1500/1618/1639
f 1579/1721/1743 1580/1722/1744 1505/1624/1645
f 1580/1722/1744 1581/1723/1745 1503/1621/1643
f 1581/1723/1745 1103/1724/1186 1219/1622/1302
f 1193/1254/1276 1195/1256/1278 1475/1590/1609
f 1579/1721/1743 1475/1590/1609 1470/1585/1604
f 1580/1722/1744 1470/1585/1604 1468/1582/1602
f 1581/1723/1745 1468/1582/1602 1104/1584/1187
f 1081/1142/1164 1099/1160/1182 1082/1143/1165
f 1087/1148/1170 1090/1151/1173 1088/1149/1171
f 1090/1151/1173 1491/1608/1629 1091/1152/1174
f 1098/1159/1181 1170/1231/1253 1099/1160/1182
f 1100/1161/1183 1591/1738/1769 1101/1162/1184
f 1108/1169/1191 1187/1248/1270 1109/1170/1192
f 1109/1170/1192 1602/1755/1793 1114/1175/1197
f 1125/1186/1208 1585/1728/1750 1126/1187/1209
f 1138/1199/1221 1190/1251/1273 1139/1200/1222
f 1151/1212/1234 1100/1161/1183 1152/1213/1235
f 1161/1222/1244 1591/1738/1769 1100/1161/1183
f 1170/1231/1253 1374/1477/1494 1171/1232/1254
f 1089/1150/1172 1088/1149/1171 1172/1233/1255
f 1177/1238/1260 1190/1251/1273 1138/1199/1221
f 1186/1247/1269 1602/1755/1793 1109/1170/1192
f 1088/1149/1171 1091/1152/1174 1192/1253/1275
f 1126/1187/1209 1585/1728/1750 1196/1257/1279
f 1152/1213/1235 1100/1161/1183 1102/1163/1185
f 1206/1267/1289 1127/1188/1210 1126/1187/1209
f 1126/1187/1209 1197/1258/1280 1208/1269/1291
f 1099/1160/1182 1171/1232/1254 1209/1270/1292
f 1183/1244/1266 1182/1243/1265 1220/1281/1303
f 1109/1170/1192 1115/1176/1198 1229/1290/1312
f 1231/1292/1314 1181/1242/1264 1183/1244/1266
f 1232/1293/1315 1183/1244/1266 1221/1282/1304
f 1234/1295/1317 1237/1298/1320 1235/1296/1318
f 1236/1297/1319 1243/1306/1326 1237/1298/1320
f 1237/1298/1320 1243/1306/1326 1239/1300/1322
f 1240/1302/1323 1243/1305/1326 1241/1303/1324
f 1242/1304/1325 1239/1310/1322 1243/1305/1326
f 1245/1308/1328 1239/1310/1322 1242/1304/1325
f 1246/1311/1329 1251/1765/1809 1247/1312/1330
f 1247/1312/1332 1251/1765/1810 1248/1313/1333
f 1253/1318/1338 1249/1766/1811 1248/1313/1339
f 1256/1324/1344 1260/1331/1812 1257/1325/1345
f 1258/1327/1349 1255/1752/1813 1254/1329/1350
f 1259/1330/1352 1257/1325/1814 1260/1331/1353
f 1262/1660/1815 1532/1659/1816 1264/1767/1817
f 1267/1343/1363 1270/1346/1818 1268/1344/1364
f 1268/1344/1367 1270/1346/1819 1271/1347/1368
f 1275/1355/1374 1278/1358/1377 1276/1356/1375
f 1282/1363/1381 1280/1361/1379 1277/1357/1376
f 1284/1367/1383 1286/1369/1385 1285/1368/1384
f 1279/1360/1378 1278/1359/1377 1286/1369/1385
f 1286/1369/1385 1278/1359/1377 1280/1361/1379
f 1287/1371/1386 1290/1374/1820 1288/1372/1387
f 1287/1371/1389 1292/1379/1396 1289/1373/1390
f 1294/1383/1398 1298/1387/1402 1295/1384/1399
f 1298/1387/1402 1301/1390/1405 1299/1388/1403
f 1298/1387/1402 1297/1386/1401 1300/1389/1404
f 1303/1392/1407 1300/1389/1404 1297/1386/1401
f 1305/1396/1409 1301/1398/1405 1306/1397/1410
f 1313/1410/1418 1316/1413/1421 1314/1411/1419
f 1315/1412/1420 1318/1415/1423 1316/1413/1421
f 1316/1413/1421 1319/1416/1424 1317/1414/1422
f 1140/1417/1223 1322/1420/1427 1320/1418/1425
f 1322/1420/1427 1327/1426/1436 1323/1421/1428
f 1321/1419/1426 1320/1418/1425 1318/1415/1429
f 1320/1418/1430 1323/1421/1821 1319/1422/1431
f 1324/1423/1433 1326/1425/1435 1325/1424/1434
f 1317/1414/1422 1319/1416/1437 1326/1425/1435
f 1326/1425/1435 1323/1421/1438 1327/1426/1436
f 1328/1427/1439 1331/1430/1442 1329/1428/1440
f 1330/1429/1441 1333/1432/1444 1331/1430/1442
f 1331/1430/1442 1334/1433/1445 1332/1431/1443
f 1178/1434/1261 1337/1437/1448 1335/1435/1446
f 1337/1437/1448 1342/1443/1457 1338/1438/1449
f 1336/1436/1447 1335/1435/1446 1333/1432/1450
f 1335/1435/1451 1338/1438/1822 1334/1439/1452
f 1339/1440/1454 1341/1442/1456 1340/1441/1455
f 1332/1431/1443 1334/1433/1458 1341/1442/1456
f 1341/1442/1456 1338/1438/1459 1342/1443/1457
f 1343/1444/1460 1346/1447/1463 1344/1445/1461
f 1345/1446/1462 1354/1455/1471 1346/1447/1463
f 1346/1447/1463 1349/1450/1466 1347/1448/1464
f 1346/1447/1463 1354/1455/1471 1348/1449/1465
f 1350/1451/1467 1353/1454/1470 1351/1452/1468
f 1352/1453/1469 1358/1459/1475 1353/1454/1470
f 1353/1454/1470 1354/1455/1471 1345/1446/1462
f 1353/1454/1470 1358/1459/1475 1348/1449/1465
f 1355/1456/1472 1357/1458/1474 1356/1457/1473
f 1347/1448/1464 1349/1450/1466 1357/1458/1474
f 1357/1458/1474 1358/1459/1475 1352/1453/1469
f 1357/1458/1474 1349/1450/1466 1348/1449/1465
f 1359/1460/1476 1362/1463/1479 1360/1461/1477
f 1361/1462/1478 1364/1465/1823 1362/1463/1479
f 1362/1463/1479 1365/1466/1482 1363/1464/1480
f 1189/1467/1272 1368/1470/1485 1366/1468/1483
f 1368/1470/1485 1373/1476/1492 1369/1471/1486
f 1367/1469/1484 1366/1468/1483 1364/1465/1487
f 1366/1468/1483 1369/1471/1486 1365/1472/1488
f 1370/1473/1489 1372/1475/1491 1371/1474/1490
f 1363/1464/1480 1365/1466/1482 1372/1475/1491
f 1372/1475/1491 1369/1471/1824 1373/1476/1492
f 1374/1477/1494 1377/1749/1497 1375/1478/1495
f 1376/1479/1496 1375/1478/1495 1379/1482/1499
f 1375/1478/1495 1378/1481/1498 1381/1484/1501
f 1199/1260/1282 1384/1487/1504 1382/1485/1502
f 1384/1487/1504 1389/1493/1514 1385/1488/1505
f 1383/1486/1506 1382/1485/1825 1378/1481/1507
f 1382/1485/1502 1385/1488/1505 1381/1484/1509
f 1386/1489/1511 1388/1492/1513 1387/1490/1512
f 1380/1483/1500 1379/1482/1515 1388/1492/1513
f 1388/1492/1513 1385/1488/1516 1389/1493/1514
f 1379/1482/1515 1381/1484/1826 1385/1488/1516
f 1390/1494/1517 1393/1497/1520 1391/1495/1518
f 1392/1496/1519 1606/1768/1827 1393/1497/1520
f 1393/1497/1520 1606/1769/1827 1394/1498/1521
f 1395/1499/1522 1398/1503/1525 1396/1500/1523
f 1397/1502/1524 1606/1770/1827 1398/1503/1525
f 1398/1503/1525 1606/1768/1827 1392/1496/1519
f 1399/1504/1526 1401/1506/1528 1400/1505/1527
f 1394/1498/1521 1606/1769/1827 1401/1506/1528
f 1401/1506/1528 1606/1770/1827 1397/1502/1524
f 1208/1269/1291 1404/1509/1531 1402/1507/1529
f 1404/1509/1531 1412/1518/1539 1405/1510/1532
f 1402/1507/1529 1405/1510/1532 1407/1512/1534
f 1408/1513/1535 1411/1517/1538 1409/1514/1536
f 1410/1516/1537 1413/1519/1540 1411/1517/1538
f 1411/1517/1538 1405/1510/1532 1412/1518/1539
f 1413/1519/1540 1407/1512/1534 1405/1510/1532
f 1200/1261/1283 1416/1522/1752 1414/1520/1541
f 1416/1522/1543 1403/1731/1754 1406/1511/1544
f 1415/1521/1542 1414/1520/1541 1413/1519/1540
f 1414/1520/1541 1406/1511/1544 1407/1512/1534
f 1417/1523/1545 1420/1526/1548 1418/1524/1546
f 1419/1525/1547 1422/1535/1550 1420/1526/1548
f 1420/1526/1548 1423/1529/1551 1421/1527/1549
f 1424/1530/1552 1427/1533/1555 1425/1531/1553
f 1426/1532/1554 1428/1534/1556 1427/1533/1555
f 1427/1533/1555 1422/1535/1550 1419/1525/1547
f 1429/1536/1557 1431/1539/1559 1430/1537/1558
f 1421/1527/1549 1423/1529/1551 1431/1539/1559
f 1431/1539/1559 1428/1534/1556 1426/1532/1554
f 1423/1529/1551 1422/1528/1550 1428/1534/1556
f 1229/1290/1312 1434/1542/1562 1432/1540/1560
f 1434/1542/1562 1442/1552/1571 1435/1543/1563
f 1438/1547/1566 1441/1551/1570 1439/1548/1567
f 1440/1550/1568 1435/1558/1577 1441/1551/1569
f 1441/1551/1570 1435/1543/1563 1442/1552/1571
f 1443/1554/1572 1445/1557/1575 1432/1555/1573
f 1444/1556/1574 1432/1555/1573 1435/1558/1577
f 1101/1162/1184 1448/1561/1766 1446/1559/1578
f 1448/1561/1580 1454/1737/1768 1449/1562/1581
f 1447/1560/1579 1446/1559/1578 1450/1563/1582
f 1446/1559/1578 1449/1562/1581 1452/1565/1584
f 1203/1264/1286 1455/1568/1587 1453/1566/1585
f 1455/1568/1587 1460/1574/1593 1456/1569/1588
f 1453/1566/1585 1456/1569/1588 1452/1565/1584
f 1457/1570/1590 1459/1573/1592 1458/1571/1591
f 1451/1564/1583 1450/1563/1582 1459/1573/1592
f 1459/1573/1592 1456/1569/1588 1460/1574/1593
f 1450/1563/1582 1452/1565/1584 1456/1569/1588
f 1233/1294/1316 1463/1577/1596 1461/1575/1594
f 1463/1577/1596 1472/1587/1606 1464/1578/1597
f 1462/1576/1598 1461/1575/1594 1465/1579/1599
f 1461/1575/1594 1464/1578/1597 1467/1581/1601
f 1468/1582/1602 1471/1586/1605 1469/1583/1603
f 1470/1585/1604 1473/1588/1607 1471/1586/1605
f 1471/1586/1605 1464/1578/1597 1472/1587/1606
f 1473/1588/1607 1467/1581/1601 1464/1578/1597
f 1195/1256/1278 1466/1744/1610 1474/1589/1608
f 1475/1590/1609 1474/1589/1608 1473/1588/1612
f 1474/1589/1608 1465/1579/1611 1467/1581/1613
f 1476/1591/1614 1479/1594/1617 1477/1592/1615
f 1478/1593/1616 1481/1603/1619 1479/1594/1617
f 1479/1594/1617 1482/1597/1620 1480/1595/1618
f 1483/1598/1621 1486/1601/1624 1484/1599/1622
f 1485/1600/1623 1487/1602/1625 1486/1601/1624
f 1486/1601/1624 1481/1603/1619 1478/1593/1616
f 1488/1604/1626 1490/1607/1628 1489/1605/1627
f 1480/1595/1618 1482/1597/1620 1490/1607/1628
f 1490/1607/1628 1487/1602/1625 1485/1600/1623
f 1482/1597/1620 1481/1596/1619 1487/1602/1625
f 1491/1608/1629 1494/1771/1632 1492/1609/1630
f 1493/1610/1631 1492/1609/1630 1496/1613/1634
f 1492/1609/1630 1495/1612/1633 1498/1615/1636
f 1194/1255/1277 1500/1618/1639 1499/1616/1637
f 1500/1618/1639 1505/1624/1645 1501/1619/1640
f 1499/1616/1637 1501/1619/1640 1498/1615/1636
f 1502/1620/1642 1504/1623/1644 1503/1621/1643
f 1497/1614/1635 1496/1613/1634 1504/1623/1644
f 1504/1623/1644 1501/1619/1640 1505/1624/1645
f 1496/1613/1634 1498/1615/1636 1501/1619/1640
f 1177/1631/1260 1512/1632/1655 1368/1470/1485
f 1512/1632/1652 1513/1634/1653 1373/1476/1492
f 1138/1638/1221 1517/1639/1662 1337/1437/1448
f 1138/1638/1221 1140/1417/1223 1321/1419/1426
f 1517/1639/1659 1321/1419/1426 1315/1412/1420
f 1520/1644/1665 1119/1180/1202 1188/1249/1271
f 1520/1644/1665 1359/1460/1476 1120/1181/1203
f 1098/1159/1181 1081/1142/1164 1521/1646/1667
f 1254/1326/1342 1521/1646/1667 1522/1647/1668
f 1256/1324/1669 1522/1647/1668 1523/1648/1670
f 1083/1144/1166 1235/1296/1318 1521/1646/1667
f 1235/1296/1318 1238/1299/1321 1522/1647/1668
f 1238/1299/1321 1244/1307/1327 1523/1648/1670
f 1526/1651/1673 1527/1652/1675 1264/1337/1674
f 1527/1652/1675 1528/1653/1676 1262/1334/1356
f 1528/1653/1676 1127/1188/1210 1206/1267/1289
f 1526/1651/1673 1244/1309/1327 1242/1304/1325
f 1527/1652/1675 1242/1304/1325 1240/1302/1323
f 1528/1653/1676 1240/1302/1323 1125/1186/1208
f 1275/1355/1374 1533/1661/1683 1534/1662/1684
f 1277/1366/1376 1534/1662/1684 1535/1663/1685
f 1108/1169/1191 1247/1312/1687 1533/1661/1683
f 1247/1312/1687 1249/1314/1688 1534/1662/1684
f 1249/1314/1688 1536/1664/1689 1535/1663/1685
f 1536/1664/1689 1165/1226/1248 1167/1228/1250
f 1161/1222/1244 1151/1212/1234 1537/1665/1690
f 1287/1371/1691 1537/1665/1690 1538/1666/1692
f 1292/1667/1693 1538/1666/1692 1539/1668/1694
f 1540/1669/1695 1539/1668/1694 1226/1287/1309
f 1153/1214/1236 1285/1368/1384 1537/1665/1690
f 1285/1368/1384 1282/1370/1381 1538/1666/1692
f 1282/1370/1381 1281/1362/1686 1539/1668/1694
f 1541/1671/1696 1536/1674/1689 1253/1318/1700
f 1145/1206/1228 1545/1676/1702 1544/1675/1701
f 1545/1676/1702 1546/1677/1704 1272/1348/1703
f 1546/1677/1704 1547/1678/1706 1268/1344/1705
f 1145/1206/1228 1168/1229/1251 1302/1394/1707
f 1545/1676/1702 1302/1394/1707 1297/1395/1401
f 1546/1677/1704 1297/1395/1401 1294/1383/1398
f 1216/1277/1299 1548/1679/1708 1302/1391/1707
f 1548/1679/1708 1549/1680/1709 1303/1399/1407
f 1549/1680/1709 1550/1681/1710 1306/1397/1410
f 1216/1277/1299 1217/1278/1300 1551/1682/1711
f 1549/1680/1709 1309/1683/1712 1307/1402/1411
f 1550/1681/1710 1307/1402/1411 1087/1148/1170
f 1223/1491/1306 1222/1692/1305 1555/1689/1719
f 1386/1489/1511 1555/1689/1719 1556/1690/1720
f 1380/1483/1500 1556/1690/1720 1557/1691/1721
f 1376/1479/1496 1557/1691/1721 1171/1232/1254
f 1222/1692/1305 1224/1501/1307 1396/1500/1523
f 1555/1689/1719 1396/1500/1523 1392/1496/1519
f 1556/1690/1720 1392/1496/1519 1390/1494/1517
f 1390/1494/1517 1209/1270/1292 1171/1232/1254
f 1197/1258/1280 1558/1693/1722 1404/1509/1531
f 1558/1693/1722 1559/1694/1723 1412/1518/1539
f 1559/1694/1723 1560/1695/1724 1409/1514/1536
f 1560/1695/1724 1111/1696/1194 1113/1515/1196
f 1196/1257/1279 1400/1505/1527 1558/1693/1722
f 1400/1505/1527 1397/1502/1524 1559/1694/1723
f 1397/1502/1524 1395/1499/1522 1560/1695/1724
f 1395/1499/1522 1224/1501/1307 1111/1696/1194
f 1213/1701/1296 1564/1702/1728 1429/1536/1557
f 1564/1702/1728 1565/1703/1729 1421/1527/1549
f 1565/1703/1729 1566/1704/1730 1418/1524/1546
f 1566/1704/1730 1115/1176/1198 1114/1175/1197
f 1215/1549/1298 1439/1548/1567 1564/1702/1728
f 1439/1553/1567 1442/1552/1571 1565/1703/1729
f 1442/1552/1571 1434/1542/1562 1566/1704/1730
f 1434/1542/1562 1229/1290/1312 1115/1176/1198
f 1228/1572/1311 1227/1708/1310 1567/1705/1731
f 1457/1570/1590 1567/1705/1731 1568/1706/1732
f 1451/1564/1583 1568/1706/1732 1569/1707/1733
f 1447/1560/1579 1569/1707/1733 1102/1163/1185
f 1227/1708/1310 1211/1538/1294 1430/1537/1558
f 1567/1705/1731 1430/1537/1558 1426/1532/1554
f 1568/1706/1732 1426/1532/1554 1424/1530/1552
f 1569/1707/1733 1424/1530/1552 1202/1263/1285
f 1221/1282/1304 1573/1713/1737 1463/1577/1596
f 1573/1713/1737 1574/1714/1738 1472/1587/1606
f 1574/1714/1738 1575/1715/1739 1469/1583/1603
f 1575/1715/1739 1094/1716/1177 1104/1584/1187
f 1220/1281/1303 1477/1592/1615 1573/1713/1737
f 1477/1592/1615 1480/1595/1618 1574/1714/1738
f 1480/1595/1618 1488/1604/1626 1575/1715/1739
f 1488/1604/1626 1092/1606/1175 1094/1716/1177
f 1192/1253/1275 1091/1152/1174 1576/1717/1740
f 1483/1598/1621 1576/1717/1740 1577/1718/1741
f 1485/1600/1623 1577/1718/1741 1578/1719/1742
f 1489/1605/1627 1578/1719/1742 1218/1720/1301
f 1091/1152/1174 1491/1608/1629 1493/1610/1631
f 1576/1717/1740 1493/1610/1631 1497/1614/1635
f 1577/1718/1741 1497/1614/1635 1502/1620/1642
f 1578/1719/1742 1502/1620/1642 1219/1622/1302
f 1082/1143/1165 1582/1725/1746 1234/1295/1317
f 1582/1725/1746 1583/1726/1748 1236/1297/1747
f 1583/1726/1748 1584/1727/1749 1241/1303/1324
f 1584/1727/1749 1585/1728/1750 1125/1186/1208
f 1209/1270/1292 1391/1495/1518 1582/1725/1746
f 1391/1495/1518 1394/1498/1521 1583/1726/1748
f 1394/1498/1521 1399/1504/1526 1584/1727/1749
f 1399/1504/1526 1196/1257/1279 1585/1728/1750
f 1200/1261/1283 1137/1198/1220 1586/1729/1751
f 1416/1522/1543 1586/1729/1753 1587/1730/1753
f 1587/1732/1755 1207/1268/1290 1208/1269/1291
f 1137/1198/1220 1265/1338/1358 1266/1340/1360
f 1586/1729/1753 1266/1340/1756 1261/1342/1756
f 1587/1732/1755 1261/1333/1355 1206/1267/1289
f 1110/1171/1193 1588/1734/1760 1246/1311/1757
f 1588/1733/1758 1589/1735/1763 1252/1317/1759
f 1252/1317/1337 1589/1735/1764 1155/1216/1238
f 1229/1290/1312 1433/1541/1561 1588/1734/1760
f 1436/1545/1762 1445/1557/1828 1589/1735/1763
f 1589/1735/1764 1445/1557/1575 1443/1554/1572
f 1101/1162/1184 1591/1738/1769 1590/1736/1765
f 1590/1736/1767 1592/1739/1767 1454/1737/1768
f 1454/1567/1586 1592/1740/1772 1160/1221/1243
f 1591/1738/1769 1161/1222/1244 1288/1372/1770
f 1291/1375/1392 1159/1220/1242 1160/1221/1243
f 1173/1234/1256 1172/1233/1255 1593/1741/1773
f 1305/1396/1409 1593/1741/1773 1594/1742/1774
f 1299/1388/1775 1594/1742/1774 1595/1743/1776
f 1295/1384/1399 1595/1743/1776 1182/1243/1265
f 1172/1233/1255 1192/1253/1275 1484/1599/1622
f 1593/1741/1773 1484/1599/1622 1478/1593/1616
f 1594/1742/1774 1478/1593/1616 1476/1591/1614
f 1595/1743/1776 1476/1591/1614 1220/1281/1303
f 1175/1236/1258 1596/1747/1779 1466/1744/1610
f 1596/1745/1777 1597/1746/1777 1462/1576/1598
f 1597/1746/1778 1232/1293/1315 1233/1294/1316
f 1273/1349/1370 1269/1351/1372 1596/1747/1779
f 1269/1345/1780 1267/1343/1829 1597/1746/1777
f 1267/1343/1781 1231/1292/1314 1232/1293/1315
f 1374/1477/1494 1170/1231/1253 1598/1748/1782
f 1599/1751/1785 1124/1185/1207 1199/1260/1282
f 1170/1231/1253 1098/1159/1181 1255/1323/1786
f 1258/1327/1789 1122/1183/1205 1124/1185/1207
f 1152/1213/1235 1600/1753/1790 1284/1367/1383
f 1600/1753/1790 1603/1756/1794 1279/1360/1791
f 1279/1360/1791 1603/1756/1794 1601/1754/1792
f 1276/1356/1375 1601/1754/1792 1602/1755/1793
f 1202/1263/1285 1425/1531/1553 1600/1753/1790
f 1425/1531/1553 1419/1525/1547 1603/1756/1794
f 1419/1525/1547 1417/1523/1545 1601/1754/1792
f 1417/1523/1545 1114/1175/1197 1602/1755/1793
f 1180/1241/1263 1604/1757/1797 1311/1405/1414
f 1604/1757/1795 1605/1758/1795 1308/1407/1796
f 1308/1401/1412 1605/1759/1799 1090/1151/1173
f 1194/1255/1277 1494/1617/1638 1604/1757/1797
f 1605/1759/1799 1494/1771/1632 1491/1608/1629
f 1607/1772/1830 1608/1773/1831 1609/1774/1832
f 1610/1775/1833 1611/1776/1834 1612/1777/1835
f 1613/1778/1831 1614/1779/1836 1615/1780/1831
f 1616/1781/1837 1617/1782/1838 1618/1783/1839
f 1619/1784/1831 1620/1785/1840 1621/1786/1841
f 1622/1787/1842 1612/1777/1835 1623/1788/1843
f 1624/1789/1844 1625/1790/1845 1626/1791/1846
f 1627/1792/1847 1628/1793/1848 1629/1794/1849
f 1615/1780/1831 1630/1795/1850 1631/1796/1851
f 1632/1797/1852 1619/1784/1831 1633/1798/1831
f 1618/1783/1839 1634/1799/1853 1635/1800/1854
f 1636/1801/1855 1637/1802/1856 1638/1803/1857
f 1639/1804/1858 1640/1805/1859 1641/1806/1860
f 1635/1800/1854 1642/1807/1861 1643/1808/1862
f 1643/1808/1862 1644/1809/1863 1645/1810/1864
f 1646/1811/1865 1647/1812/1866 1648/1813/1867
f 1649/1814/1831 1650/1815/1868 1620/1785/1840
f 1645/1810/1864 1651/1816/1869 1652/1817/1870
f 1652/1817/1870 1653/1818/1871 1654/1819/1872
f 1655/1820/1873 1656/1821/1874 1646/1811/1865
f 1657/1822/1831 1658/1823/1875 1659/1824/1876
f 1660/1825/1877 1623/1788/1843 1661/1826/1878
f 1662/1827/1879 1661/1826/1878 1663/1828/1880
f 1664/1829/1881 1665/1830/1882 1666/1831/1883
f 1608/1773/1831 1667/1832/1884 1613/1778/1831
f 1668/1833/1885 1663/1828/1880 1669/1834/1886
f 1670/1835/1887 1669/1834/1886 1671/1836/1888
f 1672/1837/1889 1673/1838/1890 1665/1830/1882
f 1674/1839/1831 1675/1840/1891 1676/1841/1831
f 1612/1777/1835 1677/1842/1892 1678/1843/1893
f 1679/1844/1894 1680/1845/1895 1681/1846/1894
f 1682/1847/1896 1683/1848/1897 1617/1782/1838
f 1684/1849/1898 1685/1850/1894 1686/1851/1899
f 1661/1826/1878 1687/1852/1900 1688/1853/1901
f 1689/1854/1902 1690/1855/1903 1691/1856/1904
f 1689/1854/1902 1692/1857/1905 1628/1793/1848
f 1693/1858/1906 1694/1859/1907 1690/1855/1903
f 1695/1860/1908 1677/1842/1892 1611/1776/1834
f 1696/1861/1909 1697/1862/1910 1640/1805/1859
f 1637/1802/1856 1698/1863/1911 1696/1861/1909
f 1634/1799/1853 1699/1864/1912 1642/1807/1861
f 1700/1865/1913 1701/1866/1894 1684/1849/1898
f 1702/1867/1914 1703/1868/1915 1637/1802/1856
f 1647/1812/1866 1704/1869/1916 1702/1867/1914
f 1644/1809/1863 1705/1870/1917 1651/1816/1869
f 1686/1851/1899 1706/1871/1918 1707/1872/1919
f 1656/1821/1874 1708/1873/1920 1647/1812/1866
f 1709/1874/1921 1710/1875/1922 1656/1821/1874
f 1651/1816/1869 1711/1876/1923 1653/1818/1871
f 1712/1877/1924 1713/1878/1894 1714/1879/1894
f 1626/1791/1846 1715/1880/1925 1694/1859/1907
f 1625/1790/1845 1716/1881/1926 1715/1880/1925
f 1669/1834/1886 1717/1882/1927 1718/1883/1928
f 1719/1884/1894 1720/1885/1929 1721/1886/1930
f 1666/1831/1883 1722/1887/1931 1716/1881/1926
f 1665/1830/1882 1723/1888/1932 1722/1887/1931
f 1671/1836/1888 1718/1883/1928 1724/1889/1933
f 1725/1890/1934 1626/1791/1846 1693/1858/1906
f 1726/1891/1935 1671/1892/1888 1727/1893/1936
f 1727/1893/1936 1724/1894/1933 1728/1895/1937
f 1714/1879/1894 1729/1896/1938 1730/1897/1939
f 1614/1779/1836 1633/1798/1831 1615/1780/1831
f 1629/1794/1849 1682/1847/1896 1616/1781/1837
f 1628/1793/1848 1731/1898/1940 1682/1847/1896
f 1713/1878/1894 1732/1899/1941 1729/1896/1938
f 1733/1900/1831 1734/1901/1942 1674/1839/1831
f 1609/1774/1832 1613/1778/1831 1735/1902/1943
f 1623/1788/1843 1678/1843/1893 1687/1852/1900
f 1736/1903/1944 1737/1904/1894 1738/1905/1894
f 1638/1803/1857 1696/1861/1909 1639/1804/1858
f 1739/1906/1945 1740/1907/1946 1741/1908/1947
f 1741/1908/1947 1742/1909/1948 1743/1910/1949
f 1681/1846/1894 1744/1911/1950 1701/1866/1894
f 1641/1806/1860 1695/1860/1908 1745/1912/1951
f 1627/1792/1847 1693/1858/1906 1689/1854/1902
f 1746/1913/1952 1747/1914/1894 1713/1878/1894
f 1640/1805/1859 1748/1915/1953 1695/1860/1908
f 1749/1916/1954 1750/1917/1955 1733/1900/1831
f 1751/1918/1956 1733/1900/1831 1752/1919/1957
f 1737/1904/1894 1753/1920/1958 1754/1921/1959
f 1755/1922/1960 1756/1923/1961 1737/1904/1894
f 1757/1924/1962 1758/1925/1963 1658/1823/1875
f 1759/1926/1964 1760/1927/1831 1649/1814/1831
f 1617/1782/1838 1761/1928/1965 1634/1799/1853
f 1706/1871/1918 1762/1929/1966 1763/1930/1967
f 1764/1931/1968 1649/1814/1831 1619/1784/1831
f 1765/1932/1969 1657/1822/1831 1760/1927/1831
f 1766/1933/1894 1732/1899/1941 1747/1914/1894
f 1679/1844/1894 1767/1934/1970 1766/1933/1894
f 1768/1935/1971 1666/1831/1883 1625/1790/1845
f 1714/1879/1894 1721/1886/1930 1712/1877/1924
f 1769/1936/1972 1738/1905/1894 1719/1884/1894
f 1770/1937/1973 1771/1938/1974 1758/1925/1963
f 1772/1939/1975 1773/1940/1976 1770/1937/1973
f 1774/1941/1977 1775/1942/1978 1776/1943/1979
f 1763/1930/1967 1777/1944/1980 1775/1942/1978
f 1726/1891/1935 1778/1945/1981 1779/1946/1982
f 1780/1947/1983 1676/1841/1831 1607/1772/1830
f 1663/1828/1880 1688/1853/1901 1717/1882/1927
f 1727/1893/1936 1781/1948/1984 1778/1945/1981
f 1648/1813/1867 1702/1867/1914 1636/1801/1855
f 1752/1919/1957 1674/1839/1831 1780/1947/1983
f 1738/1905/1894 1754/1921/1959 1720/1885/1929
f 1685/1850/1894 1782/1949/1985 1706/1871/1918
f 1760/1927/1831 1659/1824/1876 1650/1815/1868
f 1745/1912/1951 1611/1776/1834 1783/1950/1986
f 1784/1951/1987 1681/1846/1894 1700/1865/1913
f 1701/1866/1894 1785/1952/1988 1685/1850/1894
f 1739/1906/1945 1709/1953/1921 1655/1954/1873
f 1786/1955/1989 1757/1924/1962 1657/1822/1831
f 1642/1807/1861 1787/1956/1990 1644/1809/1863
f 1741/1957/1947 1788/1958/1991 1709/1874/1921
f 1735/1902/1943 1615/1780/1831 1631/1796/1851
f 1633/1798/1831 1621/1786/1841 1630/1795/1850
f 1789/1959/1992 1766/1933/1894 1790/1960/1993
f 1790/1960/1993 1747/1914/1894 1791/1961/1994
f 1676/1841/1831 1792/1962/1995 1608/1773/1831
f 1793/1963/1996 1770/1937/1973 1757/1924/1962
f 1707/1872/1919 1763/1930/1967 1774/1941/1977
f 1730/1897/1939 1719/1884/1894 1714/1879/1894
f 1794/1964/1997 1795/1965/1998 1796/1966/1999
f 1797/1967/2000 1798/1968/2001 1795/1965/1998
f 1796/1966/1999 1795/1965/1998 1799/1969/2002
f 1795/1965/1998 1800/1970/2003 1799/1969/2002
f 1801/1971/2004 1802/1972/2005 1803/1973/2006
f 1804/1974/2007 1805/1975/2008 1801/1971/2004
f 1805/1975/2008 1806/1976/2009 1802/1972/2005
f 1807/1977/2010 1798/1968/2001 1805/1975/2008
f 1654/1978/1872 1808/1979/2011 1809/1980/2012
f 1796/1981/2013 1799/1969/2014 1808/1979/2011
f 1809/1980/2012 1807/1977/2015 1804/1974/2016
f 1808/1979/2011 1800/1970/2017 1807/1977/2015
f 1779/1946/1982 1810/1982/2018 1811/1983/2019
f 1812/1984/2020 1813/1985/2021 1810/1982/2018
f 1811/1983/2019 1814/1986/2022 1815/1987/2023
f 1810/1982/2018 1816/1988/2024 1814/1986/2022
f 1817/1989/2025 1818/1990/2026 1812/1991/2027
f 1819/1992/2028 1820/1993/2029 1818/1990/2026
f 1812/1991/2027 1818/1990/2026 1813/1985/2030
f 1818/1990/2026 1816/1988/2031 1813/1985/2032
f 1821/1994/2033 1822/1995/2034 1823/1996/2035
f 1815/1987/2023 1824/1997/2036 1821/1994/2033
f 1824/1997/2036 1825/1998/2037 1822/1995/2034
f 1814/1986/2022 1820/1993/2038 1824/1997/2036
f 1742/1909/1948 1826/1999/2039 1827/2000/2040
f 1828/2001/2041 1829/2002/2042 1826/1999/2039
f 1827/2003/2040 1830/2004/2043 1831/2005/2044
f 1826/2006/2039 1832/2007/2045 1830/2004/2043
f 1711/1876/1923 1833/2008/2046 1828/2009/2047
f 1834/2010/2048 1835/2011/2049 1833/2008/2046
f 1828/2009/2047 1833/2008/2046 1829/2012/2050
f 1833/2008/2046 1832/2007/2051 1829/2012/2050
f 1836/2013/2052 1837/2014/2053 1776/1943/1979
f 1831/2005/2044 1838/2015/2054 1836/2013/2052
f 1838/2015/2054 1839/2016/2055 1837/2014/2053
f 1830/2004/2056 1835/2011/2049 1838/2015/2054
f 1781/1948/1984 1840/2017/2057 1841/2018/2058
f 1842/2019/2059 1843/2020/2060 1840/2021/2057
f 1841/2022/2058 1840/2021/2057 1844/2023/2061
f 1840/2021/2057 1845/2024/2062 1844/2023/2063
f 1846/2025/2064 1847/2026/2065 1848/2027/2066
f 1849/2028/2067 1850/2029/2068 1846/2025/2064
f 1850/2029/2068 1851/2030/2069 1847/2026/2065
f 1852/2031/2070 1843/2020/2071 1850/2029/2068
f 1723/1888/1932 1853/2032/2072 1854/2033/2073
f 1841/2034/2074 1844/2023/2075 1853/2032/2072
f 1854/2033/2073 1852/2031/2070 1849/2028/2067
f 1853/2032/2072 1845/2024/2076 1852/2031/2070
f 1631/1796/1851 1855/2035/2077 1856/2036/2078
f 1856/2036/2078 1857/2037/2079 1858/2038/2080
f 1858/2039/2081 1859/2040/2082 1860/2041/2083
f 1859/2040/2082 1783/1950/1986 1860/2041/2083
f 1630/1795/1850 1861/2042/2084 1855/2035/2077
f 1855/2035/2077 1862/2043/2085 1857/2037/2079
f 1857/2044/2086 1863/2045/2087 1859/2040/2082
f 1863/2045/2087 1745/1912/1951 1859/2040/2082
f 1667/1832/1884 1864/2046/2088 1614/1779/1836
f 1865/2047/2089 1866/2048/2090 1864/2046/2088
f 1867/2049/2091 1868/2050/2092 1866/2048/2093
f 1868/2050/2092 1725/2051/1934 1627/2052/1847
f 1792/1962/1995 1865/2047/2089 1667/1832/1884
f 1869/2053/2094 1867/2049/2095 1865/2047/2089
f 1870/2054/2096 1871/2055/2097 1867/2049/2091
f 1871/2055/2097 1624/2056/1844 1725/2051/1934
f 1735/1902/1943 1872/2057/2098 1609/1774/1832
f 1873/2058/2099 1874/2059/2100 1872/2057/2098
f 1875/2060/2101 1876/2061/2102 1874/2062/2103
f 1876/2061/2102 1610/1775/1833 1622/1787/1842
f 1631/1796/1851 1873/2058/2099 1735/1902/1943
f 1856/2036/2078 1875/2063/2104 1873/2058/2099
f 1858/2039/2081 1877/2064/2105 1875/2060/2101
f 1877/2064/2105 1783/1950/1986 1610/1775/1833
f 1764/1931/1968 1878/2065/2106 1879/2066/2107
f 1879/2066/2107 1880/2067/2108 1881/2068/2109
f 1881/2068/2110 1882/2069/2111 1883/2070/2112
f 1882/2069/2111 1616/2071/1837 1883/2070/2112
f 1632/1797/1852 1864/2046/2088 1878/2065/2106
f 1878/2065/2106 1866/2048/2090 1880/2067/2108
f 1880/2067/2113 1868/2050/2092 1882/2069/2111
f 1868/2050/2092 1629/2072/1849 1882/2069/2111
f 1765/1932/1969 1884/2073/2114 1885/2074/2115
f 1885/2074/2115 1886/2075/2116 1887/2076/2117
f 1887/2076/2118 1888/2077/2119 1889/2078/2120
f 1888/2077/2119 1635/2079/1854 1889/2078/2120
f 1759/1926/1964 1879/2066/2107 1884/2073/2114
f 1884/2073/2114 1881/2068/2109 1886/2075/2116
f 1886/2075/2121 1883/2070/2112 1888/2077/2119
f 1883/2070/2112 1618/2080/1839 1888/2077/2119
f 1621/1786/1841 1890/2081/2122 1861/2042/2084
f 1861/2042/2084 1891/2082/2123 1862/2043/2085
f 1862/2083/2124 1892/2084/2125 1863/2045/2087
f 1892/2084/2125 1641/1806/1860 1863/2045/2087
f 1620/1785/1840 1893/2085/2126 1890/2081/2122
f 1890/2081/2122 1894/2086/2127 1891/2082/2123
f 1891/2087/2128 1895/2088/2129 1892/2084/2125
f 1895/2088/2129 1639/1804/1858 1892/2084/2125
f 1650/1815/1868 1896/2089/2130 1893/2085/2126
f 1893/2085/2126 1897/2090/2131 1894/2086/2127
f 1894/2091/2132 1898/2092/2133 1895/2088/2129
f 1898/2092/2133 1638/1803/1857 1895/2088/2129
f 1659/1824/1876 1899/2093/2134 1896/2089/2130
f 1896/2089/2130 1900/2094/2135 1897/2090/2131
f 1897/2095/2136 1901/2096/2137 1898/2092/2133
f 1901/2096/2137 1636/1801/1855 1898/2092/2133
f 1793/1963/1996 1902/2097/2138 1903/2098/2139
f 1903/2098/2139 1904/2099/2140 1905/2100/2141
f 1905/2100/2142 1906/2101/2143 1907/2102/2144
f 1906/2103/2143 1645/1810/1864 1907/2104/2144
f 1786/1955/1989 1885/2074/2115 1902/2097/2138
f 1902/2097/2138 1887/2076/2117 1904/2099/2140
f 1904/2099/2145 1889/2078/2120 1906/2101/2143
f 1889/2105/2120 1643/1808/1862 1906/2103/2143
f 1773/1940/1976 1908/2106/2146 1771/1938/1974
f 1909/2107/2147 1910/2108/2148 1908/2106/2146
f 1911/2109/2149 1912/2110/2150 1910/2108/2148
f 1913/2111/2151 1655/1954/1873 1912/2110/2150
f 1803/1973/2006 1909/2107/2147 1773/1940/1976
f 1802/1972/2005 1911/2109/2149 1909/2107/2147
f 1806/1976/2009 1913/2111/2151 1911/2109/2149
f 1797/1967/2000 1739/1906/1945 1913/2111/2151
f 1658/1823/1875 1914/2112/2152 1899/2093/2134
f 1899/2093/2134 1915/2113/2153 1900/2094/2135
f 1900/2114/2154 1916/2115/2155 1901/2096/2137
f 1901/2096/2137 1646/1811/1865 1648/1813/1867
f 1758/1925/1963 1908/2106/2146 1914/2112/2152
f 1914/2112/2156 1910/2108/2148 1915/2113/2153
f 1915/2116/2157 1912/2117/2150 1916/2115/2155
f 1912/2117/2150 1646/1811/1865 1916/2115/2155
f 1803/1973/2006 1917/2118/2158 1801/1971/2004
f 1801/1971/2004 1918/2119/2159 1804/1974/2007
f 1804/1974/2016 1919/2120/2160 1809/1980/2012
f 1809/2121/2012 1652/1817/1870 1654/1819/1872
f 1772/1939/1975 1903/2098/2139 1917/2118/2158
f 1917/2118/2158 1905/2100/2141 1918/2119/2159
f 1918/2119/2161 1907/2102/2144 1919/2120/2160
f 1919/2122/2160 1645/1810/1864 1652/1817/1870
f 1675/1840/1891 1869/2053/2094 1792/1962/1995
f 1920/2123/2162 1870/2054/2163 1869/2053/2094
f 1921/2124/2164 1922/2125/2165 1870/2054/2096
f 1922/2125/2165 1768/2126/1971 1624/2056/1844
f 1734/1901/1942 1920/2123/2162 1675/1840/1891
f 1923/2127/2166 1921/2124/2167 1920/2123/2162
f 1924/2128/2168 1925/2129/2169 1921/2124/2164
f 1925/2129/2169 1664/2130/1881 1768/2126/1971
f 1607/1772/1830 1926/2131/2170 1780/1947/1983
f 1927/2132/2171 1928/2133/2172 1926/2131/2170
f 1929/2134/2173 1930/2135/2174 1928/2133/2175
f 1930/2136/2174 1660/1825/1877 1662/1827/1879
f 1609/1774/1832 1927/2132/2171 1607/1772/1830
f 1872/2057/2098 1929/2134/2176 1927/2132/2171
f 1874/2062/2103 1931/2137/2177 1929/2138/2173
f 1931/2137/2177 1622/1787/1842 1660/1825/1877
f 1823/1996/2035 1932/2139/2178 1821/1994/2033
f 1821/1994/2033 1933/2140/2179 1815/1987/2023
f 1815/1987/2023 1934/2141/2180 1811/1983/2019
f 1811/1983/2019 1726/1891/1935 1779/1946/1982
f 1749/1916/1954 1935/2142/2181 1932/2139/2178
f 1932/2139/2178 1936/2143/2182 1933/2140/2179
f 1933/2140/2179 1937/2144/2183 1934/2141/2180
f 1934/2141/2180 1670/2145/1887 1726/1891/1935
f 1750/1917/1955 1923/2127/2166 1734/1901/1942
f 1938/2146/2184 1924/2128/2185 1923/2127/2166
f 1939/2147/2186 1940/2148/2187 1924/2128/2168
f 1941/2149/2188 1664/2130/1881 1940/2148/2187
f 1823/1996/2035 1938/2146/2184 1750/1917/1955
f 1822/1995/2034 1939/2147/2189 1938/2146/2184
f 1825/1998/2190 1941/2149/2188 1939/2147/2186
f 1819/1992/2028 1672/2150/1889 1941/2149/2188
f 1752/1919/1957 1935/2142/2181 1751/1918/1956
f 1942/2151/2191 1936/2143/2182 1935/2142/2181
f 1943/2152/2192 1937/2144/2183 1936/2143/2182
f 1937/2153/2183 1668/1833/1885 1670/1835/1887
f 1780/1947/1983 1942/2151/2191 1752/1919/1957
f 1926/2131/2170 1943/2152/2193 1942/2151/2191
f 1928/2133/2175 1944/2154/2194 1943/2152/2192
f 1930/2136/2174 1668/1833/1885 1944/2155/2194
f 1748/1915/1953 1945/2156/2195 1677/1842/1892
f 1946/2157/2196 1947/2158/2197 1945/2156/2195
f 1948/2159/2198 1949/2160/2199 1947/2158/2197
f 1950/2161/2200 1791/1961/1994 1949/2160/2199
f 1697/1862/1910 1946/2157/2196 1748/1915/1953
f 1951/2162/2201 1948/2159/2198 1946/2157/2196
f 1952/2163/2202 1950/2161/2200 1948/2159/2198
f 1953/2164/2203 1790/1960/1993 1950/2161/2200
f 1691/1856/1904 1954/2165/2204 1955/2166/2205
f 1955/2166/2205 1956/2167/2206 1957/2168/2207
f 1957/2168/2207 1958/2169/2208 1959/2170/2209
f 1959/2170/2209 1729/1896/1938 1732/1899/1941
f 1690/1855/1903 1960/2171/2210 1954/2165/2204
f 1954/2165/2204 1961/2172/2211 1956/2167/2206
f 1956/2167/2206 1962/2173/2212 1958/2169/2208
f 1958/2169/2208 1730/1897/1939 1729/1896/1938
f 1687/1852/1900 1963/2174/2213 1964/2175/2214
f 1964/2175/2214 1965/2176/2215 1966/2177/2216
f 1966/2177/2216 1967/2178/2217 1968/2179/2218
f 1968/2179/2218 1746/1913/1952 1712/1877/1924
f 1678/1843/1893 1945/2156/2195 1963/2174/2213
f 1963/2174/2213 1947/2158/2197 1965/2176/2215
f 1965/2176/2215 1949/2160/2199 1967/2178/2217
f 1967/2178/2217 1791/1961/1994 1746/1913/1952
f 1692/1857/1905 1969/2180/2219 1731/1898/1940
f 1970/2181/2220 1971/2182/2221 1969/2180/2219
f 1972/2183/2222 1973/2184/2223 1971/2182/2221
f 1974/2185/2224 1784/1951/1987 1973/2184/2223
f 1691/1856/1904 1970/2181/2220 1692/1857/1905
f 1955/2166/2205 1972/2183/2222 1970/2181/2220
f 1957/2168/2207 1974/2185/2224 1972/2183/2222
f 1959/2170/2209 1767/1934/1970 1974/2185/2224
f 1683/1848/1897 1975/2186/2225 1761/1928/1965
f 1976/2187/2226 1977/2188/2227 1975/2186/2225
f 1978/2189/2228 1979/2190/2229 1977/2188/2227
f 1980/2191/2230 1684/1849/1898 1979/2190/2229
f 1731/1898/1940 1976/2187/2226 1683/1848/1897
f 1969/2180/2219 1978/2189/2228 1976/2187/2226
f 1971/2182/2221 1980/2191/2230 1978/2189/2228
f 1973/2184/2223 1700/1865/1913 1980/2191/2230
f 1698/1863/1911 1951/2162/2201 1697/1862/1910
f 1981/2192/2231 1952/2163/2202 1951/2162/2201
f 1982/2193/2232 1953/2164/2203 1952/2163/2202
f 1983/2194/2233 1789/1959/1992 1953/2164/2203
f 1703/1868/1915 1981/2192/2231 1698/1863/1911
f 1984/2195/2234 1982/2193/2232 1981/2192/2231
f 1985/2196/2235 1983/2194/2233 1982/2193/2232
f 1986/2197/2236 1680/1845/1895 1983/2194/2233
f 1704/1869/1916 1984/2195/2234 1703/1868/1915
f 1987/2198/2237 1985/2196/2235 1984/2195/2234
f 1988/2199/2238 1986/2197/2236 1985/2196/2235
f 1989/2200/2239 1744/1911/1950 1986/2197/2236
f 1708/1873/1920 1987/2198/2237 1704/1869/1916
f 1990/2201/2240 1988/2199/2238 1987/2198/2237
f 1991/2202/2241 1989/2200/2239 1988/2199/2238
f 1992/2203/2242 1785/1952/1988 1989/2200/2239
f 1699/1864/1912 1993/2204/2243 1787/1956/1990
f 1994/2205/2244 1995/2206/2245 1993/2204/2243
f 1996/2207/2246 1997/2208/2247 1995/2206/2245
f 1998/2209/2248 1707/1872/1919 1997/2208/2247
f 1761/1928/1965 1994/2205/2244 1699/1864/1912
f 1975/2186/2225 1996/2207/2246 1994/2205/2244
f 1977/2188/2227 1998/2209/2248 1996/2207/2246
f 1979/2190/2229 1686/1851/1899 1998/2209/2248
f 1788/1958/1991 1999/2210/2249 2000/2211/2250
f 2000/2211/2250 2001/2212/2251 2002/2213/2252
f 2002/2213/2252 2003/2214/2253 2004/2215/2254
f 2004/2215/2254 1775/1942/1978 1777/1944/1980
f 1743/1910/1949 1827/2000/2040 1999/2216/2249
f 1999/2210/2249 1831/2005/2044 2001/2212/2251
f 2001/2212/2251 1836/2013/2052 2003/2214/2253
f 2003/2214/2253 1776/1943/1979 1775/1942/1978
f 1710/1875/1922 1990/2201/2240 1708/1873/1920
f 2005/2217/2255 1991/2202/2241 1990/2201/2240
f 2006/2218/2256 1992/2203/2242 1991/2202/2241
f 2007/2219/2257 1782/1949/1985 1992/2203/2242
f 1788/1958/1991 2005/2217/2255 1710/1875/1922
f 2000/2211/2250 2006/2218/2256 2005/2217/2255
f 2002/2213/2252 2007/2219/2257 2006/2218/2256
f 2004/2215/2254 1762/1929/1966 2007/2219/2257
f 1705/1870/1917 1834/2010/2048 1711/1876/1923
f 2008/2220/2258 1839/2016/2055 1834/2010/2048
f 2009/2221/2259 1837/2014/2053 1839/2016/2055
f 2010/2222/2260 1776/1943/1979 1837/2014/2053
f 1787/1956/1990 2008/2220/2258 1705/1870/1917
f 1993/2204/2243 2009/2221/2259 2008/2220/2258
f 1995/2206/2245 2010/2222/2260 2009/2221/2259
f 1997/2208/2247 1774/1941/1977 2010/2222/2260
f 1694/1859/1907 2011/2223/2261 1960/2171/2210
f 1960/2171/2210 2012/2224/2262 1961/2172/2211
f 1961/2172/2211 2013/2225/2263 1962/2173/2212
f 1962/2173/2212 1769/1936/1972 1730/1897/1939
f 1715/1880/1925 2014/2226/2264 2011/2223/2261
f 2011/2223/2261 2015/2227/2265 2012/2224/2262
f 2012/2224/2262 2016/2228/2266 2013/2225/2263
f 2013/2225/2263 1736/1903/1944 1769/1936/1972
f 1717/1882/1927 2017/2229/2267 2018/2230/2268
f 2018/2230/2268 2019/2231/2269 2020/2232/2270
f 2020/2232/2270 2021/2233/2271 2022/2234/2272
f 2022/2234/2272 1721/1886/1930 1720/1885/1929
f 1688/1853/1901 1964/2175/2214 2017/2229/2267
f 2017/2229/2267 1966/2177/2216 2019/2231/2269
f 2019/2231/2269 1968/2179/2218 2021/2233/2271
f 2021/2233/2271 1712/1877/1924 1721/1886/1930
f 1728/1895/1937 1842/2235/2059 1781/1948/1984
f 2023/2236/2273 1851/2030/2069 1842/2019/2059
f 2024/2237/2274 1847/2026/2065 1851/2030/2069
f 2025/2238/2275 1848/2027/2066 1847/2026/2065
f 1724/1889/1933 2023/2236/2273 1728/2239/1937
f 2026/2240/2276 2024/2237/2274 2023/2236/2273
f 2027/2241/2277 2025/2238/2275 2024/2237/2274
f 2028/2242/2278 1756/1923/1961 2025/2238/2275
f 1716/1881/1926 2029/2243/2279 2014/2226/2264
f 2014/2226/2264 2030/2244/2280 2015/2227/2265
f 2015/2227/2265 2031/2245/2281 2016/2228/2266
f 2016/2228/2266 1755/1922/1960 1736/1903/1944
f 1722/1887/1931 1854/2033/2073 2029/2243/2279
f 2029/2243/2279 1849/2028/2067 2030/2244/2280
f 2030/2244/2280 1846/2025/2064 2031/2245/2281
f 2031/2245/2281 1848/2027/2066 1755/1922/1960
f 1724/1889/1933 2032/2246/2282 2026/2240/2276
f 2026/2240/2276 2033/2247/2283 2027/2241/2277
f 2027/2241/2277 2034/2248/2284 2028/2242/2278
f 2028/2242/2278 1754/1921/1959 1753/1920/1958
f 1718/1883/1928 2018/2230/2268 2032/2246/2282
f 2032/2246/2282 2020/2232/2270 2033/2247/2283
f 2033/2247/2283 2022/2234/2272 2034/2248/2284
f 2034/2248/2284 1720/1885/1929 1754/1921/1959
f 1723/1888/1932 2035/2249/2285 1841/2250/2074
f 1841/2018/2286 1778/1945/1981 1781/1948/1984
f 1673/1838/1890 1812/2251/2287 2035/2249/2285
f 2035/2252/2288 1779/1946/1982 1778/1945/1981
f 1653/1818/1871 1796/2253/2289 1654/1819/1872
f 2036/2254/2290 1794/1964/1997 1796/1966/1999
f 1711/1876/1923 2036/2255/2291 1653/1818/1871
f 1828/2256/2041 1740/1907/1946 2036/2254/2290
f 1610/1775/1833 1783/1950/1986 1611/1776/1834
f 1622/1787/1842 1610/1775/1833 1612/1777/1835
f 1636/1801/1855 1702/1867/1914 1637/1802/1856
f 1639/1804/1858 1696/1861/1909 1640/1805/1859
f 1646/1811/1865 1656/1821/1874 1647/1812/1866
f 1655/1820/1873 1709/1874/1921 1656/1821/1874
f 1660/1825/1877 1622/1787/1842 1623/1788/1843
f 1662/1827/1879 1660/1825/1877 1661/1826/1878
f 1668/1833/1885 1662/1827/1879 1663/1828/1880
f 1612/1777/1835 1611/1776/1834 1677/1842/1892
f 1679/1844/1894 1789/1959/1992 1680/1845/1895
f 1684/1849/1898 1701/1866/1894 1685/1850/1894
f 1661/1826/1878 1623/1788/1843 1687/1852/1900
f 1695/1860/1908 1748/1915/1953 1677/1842/1892
f 1696/1861/1909 1698/1863/1911 1697/1862/1910
f 1637/1802/1856 1703/1868/1915 1698/1863/1911
f 1700/1865/1913 1681/1846/1894 1701/1866/1894
f 1702/1867/1914 1704/1869/1916 1703/1868/1915
f 1647/1812/1866 1708/1873/1920 1704/1869/1916
f 1686/1851/1899 1685/1850/1894 1706/1871/1918
f 1656/1821/1874 1710/1875/1922 1708/1873/1920
f 1709/1874/1921 1788/1958/1991 1710/1875/1922
f 1712/1877/1924 1746/1913/1952 1713/1878/1894
f 1669/1834/1886 1663/1828/1880 1717/1882/1927
f 1719/1884/1894 1738/1905/1894 1720/1885/1929
f 1671/1836/1888 1669/1834/1886 1718/1883/1928
f 1714/1879/1894 1713/1878/1894 1729/1896/1938
f 1713/1878/1894 1747/1914/1894 1732/1899/1941
f 1623/1788/1843 1612/1777/1835 1678/1843/1893
f 1736/1903/1944 1755/1922/1960 1737/1904/1894
f 1638/1803/1857 1637/1802/1856 1696/1861/1909
f 1681/1846/1894 1680/1845/1895 1744/1911/1950
f 1641/1806/1860 1640/1805/1859 1695/1860/1908
f 1746/1913/1952 1791/1961/1994 1747/1914/1894
f 1640/1805/1859 1697/1862/1910 1748/1915/1953
f 1737/1904/1894 1756/1923/1961 1753/1920/1958
f 1755/1922/1960 1848/2027/2066 1756/1923/1961
f 1706/1871/1918 1782/1949/1985 1762/1929/1966
f 1766/1933/1894 1767/1934/1970 1732/1899/1941
f 1679/1844/1894 1784/1951/1987 1767/1934/1970
f 1714/1879/1894 1719/1884/1894 1721/1886/1930
f 1769/1936/1972 1736/1903/1944 1738/1905/1894
f 1774/1941/1977 1763/1930/1967 1775/1942/1978
f 1763/1930/1967 1762/1929/1966 1777/1944/1980
f 1663/1828/1880 1661/1826/1878 1688/1853/1901
f 1648/1813/1867 1647/1812/1866 1702/1867/1914
f 1738/1905/1894 1737/1904/1894 1754/1921/1959
f 1685/1850/1894 1785/1952/1988 1782/1949/1985
f 1745/1912/1951 1695/1860/1908 1611/1776/1834
f 1784/1951/1987 1679/1844/1894 1681/1846/1894
f 1701/1866/1894 1744/1911/1950 1785/1952/1988
f 1789/1959/1992 1679/1844/1894 1766/1933/1894
f 1790/1960/1993 1766/1933/1894 1747/1914/1894
f 1707/1872/1919 1706/1871/1918 1763/1930/1967
f 1730/1897/1939 1769/1936/1972 1719/1884/1894
f 1946/2157/2196 1948/2159/2198 1947/2158/2197
f 1687/1852/1900 1678/1843/1893 1963/2174/2213
f 1678/1843/1893 1677/1842/1892 1945/2156/2195
f 1981/2192/2231 1982/2193/2232 1952/2163/2202
f 1982/2193/2232 1983/2194/2233 1953/2164/2203
f 1983/2194/2233 1680/1845/1895 1789/1959/1992
f 1984/2195/2234 1985/2196/2235 1982/2193/2232
f 1985/2196/2235 1986/2197/2236 1983/2194/2233
f 1986/2197/2236 1744/1911/1950 1680/1845/1895
f 1991/2202/2241 1992/2203/2242 1989/2200/2239
f 1998/2209/2248 1686/1851/1899 1707/1872/1919
f 2005/2217/2255 2006/2218/2256 1991/2202/2241
f 2006/2218/2256 2007/2219/2257 1992/2203/2242
f 2004/2215/2254 1777/1944/1980 1762/1929/1966
f 2010/2222/2260 1774/1941/1977 1776/1943/1979
f 1997/2208/2247 1707/1872/1919 1774/1941/1977
f 2013/2225/2263 2016/2228/2266 1736/1903/1944
f 2018/2230/2268 2017/2229/2267 2019/2231/2269
f 2016/2228/2266 2031/2245/2281 1755/1922/1960
f 2032/2246/2282 2018/2230/2268 2020/2232/2270
f 2034/2248/2284 2022/2234/2272 1720/1885/1929
f 1607/1772/1830 1676/1841/1831 1608/1773/1831
f 1613/1778/1831 1667/1832/1884 1614/1779/1836
f 1616/1781/1837 1682/1847/1896 1617/1782/1838
f 1619/1784/1831 1649/1814/1831 1620/1785/1840
f 1624/1789/1844 1768/1935/1971 1625/1790/1845
f 1627/1792/1847 1689/1854/1902 1628/1793/1848
f 1615/1780/1831 1633/1798/1831 1630/1795/1850
f 1632/1797/1852 1764/1931/1968 1619/1784/1831
f 1618/1783/1839 1617/1782/1838 1634/1799/1853
f 1635/1800/1854 1634/1799/1853 1642/1807/1861
f 1643/1808/1862 1642/1807/1861 1644/1809/1863
f 1649/1814/1831 1760/1927/1831 1650/1815/1868
f 1645/1810/1864 1644/1809/1863 1651/1816/1869
f 1652/1817/1870 1651/1816/1869 1653/1818/1871
f 1657/1822/1831 1757/1924/1962 1658/1823/1875
f 1664/1829/1881 1672/1837/1889 1665/1830/1882
f 1608/1773/1831 1792/1962/1995 1667/1832/1884
f 1670/1835/1887 1668/1833/1885 1669/1834/1886
f 1672/1837/1889 1817/2257/2025 1673/1838/1890
f 1674/1839/1831 1734/1901/1942 1675/1840/1891
f 1682/1847/1896 1731/1898/1940 1683/1848/1897
f 1689/1854/1902 1693/1858/1906 1690/1855/1903
f 1689/1854/1902 1691/1856/1904 1692/1857/1905
f 1693/1858/1906 1626/1791/1846 1694/1859/1907
f 1634/1799/1853 1761/1928/1965 1699/1864/1912
f 1644/1809/1863 1787/1956/1990 1705/1870/1917
f 1651/1816/1869 1705/1870/1917 1711/1876/1923
f 1626/1791/1846 1625/1790/1845 1715/1880/1925
f 1625/1790/1845 1666/1831/1883 1716/1881/1926
f 1666/1831/1883 1665/1830/1882 1722/1887/1931
f 1665/1830/1882 1673/1838/1890 1723/1888/1932
f 1725/1890/1934 1624/1789/1844 1626/1791/1846
f 1726/1891/1935 1670/2145/1887 1671/1892/1888
f 1727/1893/1936 1671/1892/1888 1724/1894/1933
f 1614/1779/1836 1632/1797/1852 1633/1798/1831
f 1629/1794/1849 1628/1793/1848 1682/1847/1896
f 1628/1793/1848 1692/1857/1905 1731/1898/1940
f 1733/1900/1831 1750/1917/1955 1734/1901/1942
f 1609/1774/1832 1608/1773/1831 1613/1778/1831
f 1739/1906/1945 1794/1964/1997 1740/1907/1946
f 1741/1908/1947 1740/1907/1946 1742/1909/1948
f 1627/1792/1847 1725/1890/1934 1693/1858/1906
f 1749/1916/1954 1823/1996/2035 1750/1917/1955
f 1751/1918/1956 1749/1916/1954 1733/1900/1831
f 1757/1924/1962 1770/1937/1973 1758/1925/1963
f 1759/1926/1964 1765/1932/1969 1760/1927/1831
f 1617/1782/1838 1683/1848/1897 1761/1928/1965
f 1764/1931/1968 1759/1926/1964 1649/1814/1831
f 1765/1932/1969 1786/1955/1989 1657/1822/1831
f 1768/1935/1971 1664/1829/1881 1666/1831/1883
f 1770/1937/1973 1773/1940/1976 1771/1938/1974
f 1772/1939/1975 1803/1973/2006 1773/1940/1976
f 1726/1891/1935 1727/1893/1936 1778/1945/1981
f 1780/1947/1983 1674/1839/1831 1676/1841/1831
f 1727/1893/1936 1728/1895/1937 1781/1948/1984
f 1752/1919/1957 1733/1900/1831 1674/1839/1831
f 1760/1927/1831 1657/1822/1831 1659/1824/1876
f 1739/1906/1945 1741/1908/1947 1709/1953/1921
f 1786/1955/1989 1793/1963/1996 1757/1924/1962
f 1642/1807/1861 1699/1864/1912 1787/1956/1990
f 1741/1957/1947 1743/2258/1949 1788/1958/1991
f 1735/1902/1943 1613/1778/1831 1615/1780/1831
f 1633/1798/1831 1619/1784/1831 1621/1786/1841
f 1676/1841/1831 1675/1840/1891 1792/1962/1995
f 1793/1963/1996 1772/1939/1975 1770/1937/1973
f 1794/1964/1997 1797/1967/2000 1795/1965/1998
f 1797/1967/2000 1806/1976/2009 1798/1968/2001
f 1795/1965/1998 1798/1968/2001 1800/1970/2003
f 1801/1971/2004 1805/1975/2008 1802/1972/2005
f 1804/1974/2007 1807/1977/2010 1805/1975/2008
f 1805/1975/2008 1798/1968/2001 1806/1976/2009
f 1807/1977/2010 1800/1970/2003 1798/1968/2001
f 1654/1978/1872 1796/2259/2013 1808/1979/2011
f 1809/1980/2012 1808/1979/2011 1807/1977/2015
f 1808/1979/2011 1799/1969/2292 1800/1970/2017
f 1779/1946/1982 1812/2260/2020 1810/1982/2018
f 1811/1983/2019 1810/1982/2018 1814/1986/2022
f 1810/1982/2018 1813/1985/2021 1816/1988/2024
f 1817/1989/2025 1819/1992/2028 1818/1990/2026
f 1819/1992/2028 1825/1998/2190 1820/1993/2029
f 1818/1990/2026 1820/1993/2029 1816/1988/2031
f 1821/1994/2033 1824/1997/2036 1822/1995/2034
f 1815/1987/2023 1814/1986/2022 1824/1997/2036
f 1824/1997/2036 1820/1993/2038 1825/1998/2037
f 1814/1986/2022 1816/1988/2024 1820/1993/2038
f 1742/1909/1948 1828/2256/2041 1826/1999/2039
f 1827/2003/2040 1826/2006/2039 1830/2004/2043
f 1826/2006/2039 1829/2012/2293 1832/2007/2045
f 1711/1876/1923 1834/2010/2048 1833/2008/2046
f 1834/2010/2048 1839/2016/2055 1835/2011/2049
f 1833/2008/2046 1835/2011/2049 1832/2007/2051
f 1836/2013/2052 1838/2015/2054 1837/2014/2053
f 1831/2005/2044 1830/2004/2056 1838/2015/2054
f 1838/2015/2054 1835/2011/2049 1839/2016/2055
f 1830/2004/2056 1832/2007/2051 1835/2011/2049
f 1781/1948/1984 1842/2235/2059 1840/2017/2057
f 1842/2019/2059 1851/2030/2069 1843/2020/2060
f 1840/2021/2057 1843/2020/2060 1845/2024/2062
f 1846/2025/2064 1850/2029/2068 1847/2026/2065
f 1849/2028/2067 1852/2031/2070 1850/2029/2068
f 1850/2029/2068 1843/2020/2071 1851/2030/2069
f 1852/2031/2070 1845/2024/2076 1843/2020/2071
f 1723/1888/1932 1841/2250/2074 1853/2032/2072
f 1854/2033/2073 1853/2032/2072 1852/2031/2070
f 1853/2032/2072 1844/2023/2075 1845/2024/2076
f 1631/1796/1851 1630/1795/1850 1855/2035/2077
f 1856/2036/2078 1855/2035/2077 1857/2037/2079
f 1858/2039/2081 1857/2044/2086 1859/2040/2082
f 1859/2040/2082 1745/1912/1951 1783/1950/1986
f 1630/1795/1850 1621/1786/1841 1861/2042/2084
f 1855/2035/2077 1861/2042/2084 1862/2043/2085
f 1857/2044/2086 1862/2083/2124 1863/2045/2087
f 1863/2045/2087 1641/1806/1860 1745/1912/1951
f 1667/1832/1884 1865/2047/2089 1864/2046/2088
f 1865/2047/2089 1867/2049/2095 1866/2048/2090
f 1867/2049/2091 1871/2055/2097 1868/2050/2092
f 1868/2050/2092 1871/2055/2097 1725/2051/1934
f 1792/1962/1995 1869/2053/2094 1865/2047/2089
f 1869/2053/2094 1870/2054/2163 1867/2049/2095
f 1870/2054/2096 1922/2125/2165 1871/2055/2097
f 1871/2055/2097 1922/2125/2165 1624/2056/1844
f 1735/1902/1943 1873/2058/2099 1872/2057/2098
f 1873/2058/2099 1875/2063/2104 1874/2059/2100
f 1875/2060/2101 1877/2064/2105 1876/2061/2102
f 1876/2061/2102 1877/2064/2105 1610/1775/1833
f 1631/1796/1851 1856/2036/2078 1873/2058/2099
f 1856/2036/2078 1858/2038/2080 1875/2063/2104
f 1858/2039/2081 1860/2041/2083 1877/2064/2105
f 1877/2064/2105 1860/2041/2083 1783/1950/1986
f 1764/1931/1968 1632/1797/1852 1878/2065/2106
f 1879/2066/2107 1878/2065/2106 1880/2067/2108
f 1881/2068/2110 1880/2067/2113 1882/2069/2111
f 1882/2069/2111 1629/2072/1849 1616/2071/1837
f 1632/1797/1852 1614/1779/1836 1864/2046/2088
f 1878/2065/2106 1864/2046/2088 1866/2048/2090
f 1880/2067/2113 1866/2048/2093 1868/2050/2092
f 1868/2050/2092 1627/2052/1847 1629/2072/1849
f 1765/1932/1969 1759/1926/1964 1884/2073/2114
f 1885/2074/2115 1884/2073/2114 1886/2075/2116
f 1887/2076/2118 1886/2075/2121 1888/2077/2119
f 1888/2077/2119 1618/2080/1839 1635/2079/1854
f 1759/1926/1964 1764/1931/1968 1879/2066/2107
f 1884/2073/2114 1879/2066/2107 1881/2068/2109
f 1886/2075/2121 1881/2068/2110 1883/2070/2112
f 1883/2070/2112 1616/2071/1837 1618/2080/1839
f 1621/1786/1841 1620/1785/1840 1890/2081/2122
f 1861/2042/2084 1890/2081/2122 1891/2082/2123
f 1862/2083/2124 1891/2087/2128 1892/2084/2125
f 1892/2084/2125 1639/1804/1858 1641/1806/1860
f 1620/1785/1840 1650/1815/1868 1893/2085/2126
f 1890/2081/2122 1893/2085/2126 1894/2086/2127
f 1891/2087/2128 1894/2091/2132 1895/2088/2129
f 1895/2088/2129 1638/1803/1857 1639/1804/1858
f 1650/1815/1868 1659/1824/1876 1896/2089/2130
f 1893/2085/2126 1896/2089/2130 1897/2090/2131
f 1894/2091/2132 1897/2095/2136 1898/2092/2133
f 1898/2092/2133 1636/1801/1855 1638/1803/1857
f 1659/1824/1876 1658/1823/1875 1899/2093/2134
f 1896/2089/2130 1899/2093/2134 1900/2094/2135
f 1897/2095/2136 1900/2114/2154 1901/2096/2137
f 1901/2096/2137 1648/1813/1867 1636/1801/1855
f 1793/1963/1996 1786/1955/1989 1902/2097/2138
f 1903/2098/2139 1902/2097/2138 1904/2099/2140
f 1905/2100/2142 1904/2099/2145 1906/2101/2143
f 1906/2103/2143 1643/1808/1862 1645/1810/1864
f 1786/1955/1989 1765/1932/1969 1885/2074/2115
f 1902/2097/2138 1885/2074/2115 1887/2076/2117
f 1904/2099/2145 1887/2076/2118 1889/2078/2120
f 1889/2105/2120 1635/1800/1854 1643/1808/1862
f 1773/1940/1976 1909/2107/2147 1908/2106/2146
f 1909/2107/2147 1911/2109/2149 1910/2108/2148
f 1911/2109/2149 1913/2111/2151 1912/2110/2150
f 1913/2111/2151 1739/1906/1945 1655/1954/1873
f 1803/1973/2006 1802/1972/2005 1909/2107/2147
f 1802/1972/2005 1806/1976/2009 1911/2109/2149
f 1806/1976/2009 1797/1967/2000 1913/2111/2151
f 1797/1967/2000 1794/1964/1997 1739/1906/1945
f 1658/1823/1875 1758/1925/1963 1914/2112/2152
f 1899/2093/2134 1914/2112/2156 1915/2113/2153
f 1900/2114/2154 1915/2116/2157 1916/2115/2155
f 1901/2096/2137 1916/2115/2155 1646/1811/1865
f 1758/1925/1963 1771/1938/1974 1908/2106/2146
f 1914/2112/2156 1908/2106/2146 1910/2108/2148
f 1915/2116/2157 1910/2261/2148 1912/2117/2150
f 1912/2117/2150 1655/1820/1873 1646/1811/1865
f 1803/1973/2006 1772/1939/1975 1917/2118/2158
f 1801/1971/2004 1917/2118/2158 1918/2119/2159
f 1804/1974/2016 1918/2119/2161 1919/2120/2160
f 1809/2121/2012 1919/2122/2160 1652/1817/1870
f 1772/1939/1975 1793/1963/1996 1903/2098/2139
f 1917/2118/2158 1903/2098/2139 1905/2100/2141
f 1918/2119/2161 1905/2100/2142 1907/2102/2144
f 1919/2122/2160 1907/2104/2144 1645/1810/1864
f 1675/1840/1891 1920/2123/2162 1869/2053/2094
f 1920/2123/2162 1921/2124/2167 1870/2054/2163
f 1921/2124/2164 1925/2129/2169 1922/2125/2165
f 1922/2125/2165 1925/2129/2169 1768/2126/1971
f 1734/1901/1942 1923/2127/2166 1920/2123/2162
f 1923/2127/2166 1924/2128/2185 1921/2124/2167
f 1924/2128/2168 1940/2148/2187 1925/2129/2169
f 1925/2129/2169 1940/2148/2187 1664/2130/1881
f 1607/1772/1830 1927/2132/2171 1926/2131/2170
f 1927/2132/2171 1929/2134/2176 1928/2133/2172
f 1929/2134/2173 1931/2262/2177 1930/2135/2174
f 1930/2136/2174 1931/2137/2177 1660/1825/1877
f 1609/1774/1832 1872/2057/2098 1927/2132/2171
f 1872/2057/2098 1874/2059/2100 1929/2134/2176
f 1874/2062/2103 1876/2061/2102 1931/2137/2177
f 1931/2137/2177 1876/2061/2102 1622/1787/1842
f 1823/1996/2035 1749/1916/1954 1932/2139/2178
f 1821/1994/2033 1932/2139/2178 1933/2140/2179
f 1815/1987/2023 1933/2140/2179 1934/2141/2180
f 1811/1983/2019 1934/2141/2180 1726/1891/1935
f 1749/1916/1954 1751/1918/1956 1935/2142/2181
f 1932/2139/2178 1935/2142/2181 1936/2143/2182
f 1933/2140/2179 1936/2143/2182 1937/2144/2183
f 1934/2141/2180 1937/2144/2183 1670/2145/1887
f 1750/1917/1955 1938/2146/2184 1923/2127/2166
f 1938/2146/2184 1939/2147/2189 1924/2128/2185
f 1939/2147/2186 1941/2149/2188 1940/2148/2187
f 1941/2149/2188 1672/2150/1889 1664/2130/1881
f 1823/1996/2035 1822/1995/2034 1938/2146/2184
f 1822/1995/2034 1825/1998/2037 1939/2147/2189
f 1825/1998/2190 1819/1992/2028 1941/2149/2188
f 1819/1992/2028 1817/1989/2025 1672/2150/1889
f 1752/1919/1957 1942/2151/2191 1935/2142/2181
f 1942/2151/2191 1943/2152/2193 1936/2143/2182
f 1943/2152/2192 1944/2154/2194 1937/2144/2183
f 1937/2153/2183 1944/2155/2194 1668/1833/1885
f 1780/1947/1983 1926/2131/2170 1942/2151/2191
f 1926/2131/2170 1928/2133/2172 1943/2152/2193
f 1928/2133/2175 1930/2135/2174 1944/2154/2194
f 1930/2136/2174 1662/1827/1879 1668/1833/1885
f 1748/1915/1953 1946/2157/2196 1945/2156/2195
f 1948/2159/2198 1950/2161/2200 1949/2160/2199
f 1950/2161/2200 1790/1960/1993 1791/1961/1994
f 1697/1862/1910 1951/2162/2201 1946/2157/2196
f 1951/2162/2201 1952/2163/2202 1948/2159/2198
f 1952/2163/2202 1953/2164/2203 1950/2161/2200
f 1953/2164/2203 1789/1959/1992 1790/1960/1993
f 1691/1856/1904 1690/1855/1903 1954/2165/2204
f 1955/2166/2205 1954/2165/2204 1956/2167/2206
f 1957/2168/2207 1956/2167/2206 1958/2169/2208
f 1959/2170/2209 1958/2169/2208 1729/1896/1938
f 1690/1855/1903 1694/1859/1907 1960/2171/2210
f 1954/2165/2204 1960/2171/2210 1961/2172/2211
f 1956/2167/2206 1961/2172/2211 1962/2173/2212
f 1958/2169/2208 1962/2173/2212 1730/1897/1939
f 1964/2175/2214 1963/2174/2213 1965/2176/2215
f 1966/2177/2216 1965/2176/2215 1967/2178/2217
f 1968/2179/2218 1967/2178/2217 1746/1913/1952
f 1963/2174/2213 1945/2156/2195 1947/2158/2197
f 1965/2176/2215 1947/2158/2197 1949/2160/2199
f 1967/2178/2217 1949/2160/2199 1791/1961/1994
f 1692/1857/1905 1970/2181/2220 1969/2180/2219
f 1970/2181/2220 1972/2183/2222 1971/2182/2221
f 1972/2183/2222 1974/2185/2224 1973/2184/2223
f 1974/2185/2224 1767/1934/1970 1784/1951/1987
f 1691/1856/1904 1955/2166/2205 1970/2181/2220
f 1955/2166/2205 1957/2168/2207 1972/2183/2222
f 1957/2168/2207 1959/2170/2209 1974/2185/2224
f 1959/2170/2209 1732/1899/1941 1767/1934/1970
f 1683/1848/1897 1976/2187/2226 1975/2186/2225
f 1976/2187/2226 1978/2189/2228 1977/2188/2227
f 1978/2189/2228 1980/2191/2230 1979/2190/2229
f 1980/2191/2230 1700/1865/1913 1684/1849/1898
f 1731/1898/1940 1969/2180/2219 1976/2187/2226
f 1969/2180/2219 1971/2182/2221 1978/2189/2228
f 1971/2182/2221 1973/2184/2223 1980/2191/2230
f 1973/2184/2223 1784/1951/1987 1700/1865/1913
f 1698/1863/1911 1981/2192/2231 1951/2162/2201
f 1703/1868/1915 1984/2195/2234 1981/2192/2231
f 1704/1869/1916 1987/2198/2237 1984/2195/2234
f 1987/2198/2237 1988/2199/2238 1985/2196/2235
f 1988/2199/2238 1989/2200/2239 1986/2197/2236
f 1989/2200/2239 1785/1952/1988 1744/1911/1950
f 1708/1873/1920 1990/2201/2240 1987/2198/2237
f 1990/2201/2240 1991/2202/2241 1988/2199/2238
f 1992/2203/2242 1782/1949/1985 1785/1952/1988
f 1699/1864/1912 1994/2205/2244 1993/2204/2243
f 1994/2205/2244 1996/2207/2246 1995/2206/2245
f 1996/2207/2246 1998/2209/2248 1997/2208/2247
f 1761/1928/1965 1975/2186/2225 1994/2205/2244
f 1975/2186/2225 1977/2188/2227 1996/2207/2246
f 1977/2188/2227 1979/2190/2229 1998/2209/2248
f 1979/2190/2229 1684/1849/1898 1686/1851/1899
f 1788/1958/1991 1743/2258/1949 1999/2210/2249
f 2000/2211/2250 1999/2210/2249 2001/2212/2251
f 2002/2213/2252 2001/2212/2251 2003/2214/2253
f 2004/2215/2254 2003/2214/2253 1775/1942/1978
f 1743/1910/1949 1742/1909/1948 1827/2000/2040
f 1999/2210/2249 1827/2003/2040 1831/2005/2044
f 2001/2212/2251 1831/2005/2044 1836/2013/2052
f 2003/2214/2253 1836/2013/2052 1776/1943/1979
f 1710/1875/1922 2005/2217/2255 1990/2201/2240
f 2007/2219/2257 1762/1929/1966 1782/1949/1985
f 1788/1958/1991 2000/2211/2250 2005/2217/2255
f 2000/2211/2250 2002/2213/2252 2006/2218/2256
f 2002/2213/2252 2004/2215/2254 2007/2219/2257
f 1705/1870/1917 2008/2220/2258 1834/2010/2048
f 2008/2220/2258 2009/2221/2259 1839/2016/2055
f 2009/2221/2259 2010/2222/2260 1837/2014/2053
f 1787/1956/1990 1993/2204/2243 2008/2220/2258
f 1993/2204/2243 1995/2206/2245 2009/2221/2259
f 1995/2206/2245 1997/2208/2247 2010/2222/2260
f 1694/1859/1907 1715/1880/1925 2011/2223/2261
f 1960/2171/2210 2011/2223/2261 2012/2224/2262
f 1961/2172/2211 2012/2224/2262 2013/2225/2263
f 1962/2173/2212 2013/2225/2263 1769/1936/1972
f 1715/1880/1925 1716/1881/1926 2014/2226/2264
f 2011/2223/2261 2014/2226/2264 2015/2227/2265
f 2012/2224/2262 2015/2227/2265 2016/2228/2266
f 1717/1882/1927 1688/1853/1901 2017/2229/2267
f 2020/2232/2270 2019/2231/2269 2021/2233/2271
f 2022/2234/2272 2021/2233/2271 1721/1886/1930
f 1688/1853/1901 1687/1852/1900 1964/2175/2214
f 2017/2229/2267 1964/2175/2214 1966/2177/2216
f 2019/2231/2269 1966/2177/2216 1968/2179/2218
f 2021/2233/2271 1968/2179/2218 1712/1877/1924
f 1728/1895/1937 2023/2263/2273 1842/2235/2059
f 2023/2236/2273 2024/2237/2274 1851/2030/2069
f 2024/2237/2274 2025/2238/2275 1847/2026/2065
f 2025/2238/2275 1756/1923/1961 1848/2027/2066
f 1724/1889/1933 2026/2240/2276 2023/2236/2273
f 2026/2240/2276 2027/2241/2277 2024/2237/2274
f 2027/2241/2277 2028/2242/2278 2025/2238/2275
f 2028/2242/2278 1753/1920/1958 1756/1923/1961
f 1716/1881/1926 1722/1887/1931 2029/2243/2279
f 2014/2226/2264 2029/2243/2279 2030/2244/2280
f 2015/2227/2265 2030/2244/2280 2031/2245/2281
f 1722/1887/1931 1723/1888/1932 1854/2033/2073
f 2029/2243/2279 1854/2033/2073 1849/2028/2067
f 2030/2244/2280 1849/2028/2067 1846/2025/2064
f 2031/2245/2281 1846/2025/2064 1848/2027/2066
f 1724/1889/1933 1718/1883/1928 2032/2246/2282
f 2026/2240/2276 2032/2246/2282 2033/2247/2283
f 2027/2241/2277 2033/2247/2283 2034/2248/2284
f 2028/2242/2278 2034/2248/2284 1754/1921/1959
f 1718/1883/1928 1717/1882/1927 2018/2230/2268
f 2033/2247/2283 2020/2232/2270 2022/2234/2272
f 1723/1888/1932 1673/1838/1890 2035/2249/2285
f 1841/2018/2286 2035/2252/2288 1778/1945/1981
f 1673/1838/1890 1817/2257/2025 1812/2251/2287
f 2035/2252/2288 1812/2260/2020 1779/1946/1982
f 1653/1818/1871 2036/2255/2291 1796/2253/2289
f 2036/2254/2290 1740/1907/1946 1794/1964/1997
f 1711/1876/1923 1828/2009/2047 2036/2255/2291
f 1828/2256/2041 1742/1909/1948 1740/1907/1946
f 2037/2264/2294 2038/2265/2295 2039/2266/2296
f 2040/2267/2297 2041/2268/2298 2042/2269/2299
f 2043/2270/2295 2044/2271/2300 2045/2272/2295
f 2046/2273/2301 2047/2274/2302 2048/2275/2303
f 2049/2276/2295 2050/2277/2304 2051/2278/2305
f 2052/2279/2306 2042/2269/2299 2053/2280/2307
f 2054/2281/2308 2055/2282/2309 2056/2283/2310
f 2057/2284/2311 2058/2285/2312 2059/2286/2313
f 2045/2272/2295 2060/2287/2314 2061/2288/2315
f 2062/2289/2316 2049/2276/2295 2063/2290/2295
f 2048/2275/2303 2064/2291/2317 2065/2292/2318
f 2066/2293/2319 2067/2294/2320 2068/2295/2321
f 2069/2296/2322 2070/2297/2323 2071/2298/2324
f 2065/2292/2318 2072/2299/2325 2073/2300/2326
f 2073/2300/2326 2074/2301/2327 2075/2302/2328
f 2076/2303/2329 2077/2304/2330 2078/2305/2331
f 2079/2306/2295 2080/2307/2332 2050/2277/2304
f 2075/2302/2328 2081/2308/2333 2082/2309/2334
f 2082/2309/2334 2083/2310/2335 2084/2311/2336
f 2085/2312/2337 2086/2313/2338 2076/2303/2329
f 2087/2314/2339 2088/2315/2340 2089/2316/2341
f 2090/2317/2342 2053/2280/2307 2091/2318/2343
f 2092/2319/2344 2091/2318/2343 2093/2320/2345
f 2094/2321/2346 2095/2322/2347 2096/2323/2348
f 2038/2265/2295 2097/2324/2349 2043/2270/2295
f 2098/2325/2350 2093/2320/2345 2099/2326/2351
f 2100/2327/2352 2099/2326/2351 2101/2328/2353
f 2102/2329/2354 2103/2330/2355 2095/2322/2347
f 2104/2331/2295 2105/2332/2356 2106/2333/2295
f 2042/2269/2299 2107/2334/2357 2108/2335/2358
f 2109/2336/2359 2110/2337/2360 2111/2338/2359
f 2112/2339/2361 2113/2340/2362 2047/2274/2302
f 2114/2341/2363 2115/2342/2364 2116/2343/2365
f 2091/2318/2343 2117/2344/2366 2118/2345/2367
f 2119/2346/2368 2120/2347/2369 2121/2348/2370
f 2119/2346/2368 2122/2349/2371 2058/2285/2312
f 2123/2350/2372 2124/2351/2373 2120/2347/2369
f 2125/2352/2374 2107/2334/2357 2041/2268/2298
f 2126/2353/2375 2127/2354/2376 2070/2297/2323
f 2067/2294/2320 2128/2355/2377 2126/2353/2375
f 2064/2291/2317 2129/2356/2378 2072/2299/2325
f 2130/2357/2379 2131/2358/2380 2114/2341/2363
f 2132/2359/2381 2133/2360/2382 2067/2294/2320
f 2077/2304/2330 2134/2361/2383 2132/2359/2381
f 2074/2301/2327 2135/2362/2384 2081/2308/2333
f 2116/2343/2365 2136/2363/2385 2137/2364/2386
f 2086/2313/2338 2138/2365/2387 2077/2304/2330
f 2139/2366/2388 2140/2367/2389 2086/2313/2338
f 2081/2308/2333 2141/2368/2390 2083/2310/2335
f 2142/2369/2391 2143/2370/2359 2144/2371/2359
f 2056/2283/2310 2145/2372/2392 2124/2351/2373
f 2055/2282/2309 2146/2373/2393 2145/2372/2392
f 2099/2326/2351 2147/2374/2394 2148/2375/2395
f 2149/2376/2359 2150/2377/2396 2151/2378/2397
f 2096/2323/2348 2152/2379/2398 2146/2373/2393
f 2095/2322/2347 2153/2380/2399 2152/2379/2398
f 2101/2328/2353 2148/2375/2395 2154/2381/2400
f 2155/2382/2401 2056/2283/2310 2123/2350/2372
f 2156/2383/2402 2101/2328/2353 2157/2384/2403
f 2157/2384/2403 2154/2381/2400 2158/2385/2404
f 2144/2371/2359 2159/2386/2405 2160/2387/2406
f 2044/2271/2300 2063/2290/2295 2045/2272/2295
f 2059/2286/2313 2112/2339/2361 2046/2273/2301
f 2058/2285/2312 2161/2388/2407 2112/2339/2361
f 2143/2370/2359 2162/2389/2408 2159/2386/2405
f 2163/2390/2295 2164/2391/2409 2104/2331/2295
f 2039/2266/2296 2043/2270/2295 2165/2392/2410
f 2053/2280/2307 2108/2335/2358 2117/2344/2366
f 2166/2393/2411 2167/2394/2359 2168/2395/2359
f 2068/2295/2321 2126/2353/2375 2069/2296/2322
f 2169/2396/2412 2170/2397/2413 2171/2398/2414
f 2171/2398/2414 2172/2399/2415 2173/2400/2416
f 2111/2338/2359 2174/2401/2417 2131/2358/2380
f 2071/2298/2324 2125/2352/2374 2175/2402/2418
f 2057/2284/2311 2123/2350/2372 2119/2346/2368
f 2176/2403/2419 2177/2404/2359 2143/2370/2359
f 2070/2297/2323 2178/2405/2420 2125/2352/2374
f 2179/2406/2421 2180/2407/2422 2163/2390/2295
f 2181/2408/2423 2163/2390/2295 2182/2409/2424
f 2167/2394/2359 2183/2410/2425 2184/2411/2426
f 2185/2412/2427 2186/2413/2428 2167/2394/2359
f 2187/2414/2429 2188/2415/2430 2088/2315/2340
f 2189/2416/2431 2190/2417/2432 2079/2306/2295
f 2047/2274/2302 2191/2418/2433 2064/2291/2317
f 2136/2363/2385 2192/2419/2434 2193/2420/2435
f 2194/2421/2436 2079/2306/2295 2049/2276/2295
f 2195/2422/2437 2087/2314/2339 2190/2417/2432
f 2196/2423/2359 2162/2389/2408 2177/2404/2359
f 2109/2336/2359 2197/2424/2438 2196/2423/2359
f 2198/2425/2439 2096/2323/2348 2055/2282/2309
f 2144/2371/2359 2151/2378/2397 2142/2369/2391
f 2199/2426/2440 2168/2395/2359 2149/2376/2359
f 2200/2427/2441 2201/2428/2442 2188/2415/2430
f 2202/2429/2443 2203/2430/2444 2200/2427/2441
f 2204/2431/2445 2205/2432/2446 2206/2433/2447
f 2193/2420/2435 2207/2434/2448 2205/2432/2446
f 2156/2435/2402 2208/2436/2449 2209/2437/2450
f 2210/2438/2451 2106/2333/2295 2037/2264/2294
f 2093/2320/2345 2118/2345/2367 2147/2374/2394
f 2157/2439/2403 2211/2440/2452 2208/2436/2449
f 2078/2305/2331 2132/2359/2381 2066/2293/2319
f 2182/2409/2424 2104/2331/2295 2210/2438/2451
f 2168/2395/2359 2184/2411/2426 2150/2377/2396
f 2115/2342/2364 2212/2441/2453 2136/2363/2385
f 2190/2417/2432 2089/2316/2341 2080/2307/2332
f 2175/2402/2418 2041/2268/2298 2213/2442/2454
f 2214/2443/2455 2111/2338/2359 2130/2357/2379
f 2131/2358/2380 2215/2444/2456 2115/2342/2364
f 2169/2396/2412 2139/2445/2388 2085/2446/2337
f 2216/2447/2457 2187/2414/2429 2087/2314/2339
f 2072/2299/2325 2217/2448/2458 2074/2301/2327
f 2171/2398/2414 2218/2449/2459 2139/2445/2388
f 2165/2392/2410 2045/2272/2295 2061/2288/2315
f 2063/2290/2295 2051/2278/2305 2060/2287/2314
f 2219/2450/2460 2196/2423/2359 2220/2451/2461
f 2220/2451/2461 2177/2404/2359 2221/2452/2462
f 2106/2333/2295 2222/2453/2463 2038/2265/2295
f 2223/2454/2464 2200/2427/2441 2187/2414/2429
f 2137/2364/2386 2193/2420/2435 2204/2431/2445
f 2160/2387/2406 2149/2376/2359 2144/2371/2359
f 2224/2455/2465 2225/2456/2466 2226/2457/2467
f 2227/2458/2468 2228/2459/2469 2225/2456/2466
f 2226/2457/2467 2225/2456/2466 2229/2460/2470
f 2225/2456/2466 2230/2461/2471 2229/2460/2470
f 2231/2462/2472 2232/2463/2473 2233/2464/2474
f 2234/2465/2475 2235/2466/2476 2231/2467/2472
f 2235/2468/2476 2236/2469/2477 2232/2463/2473
f 2237/2470/2478 2228/2471/2469 2235/2466/2476
f 2084/2311/2479 2238/2472/2480 2239/2473/2481
f 2226/2474/2482 2229/2475/2482 2238/2472/2482
f 2239/2473/2481 2237/2470/2483 2234/2465/2484
f 2238/2472/2480 2230/2476/2485 2237/2470/2483
f 2209/2437/2450 2240/2477/2486 2241/2478/2487
f 2242/2479/2488 2243/2480/2489 2240/2477/2486
f 2241/2478/2487 2244/2481/2490 2245/2482/2491
f 2240/2477/2486 2246/2483/2492 2244/2481/2490
f 2247/2484/2493 2248/2485/2494 2249/2486/2495
f 2250/2487/2496 2251/2488/2497 2248/2485/2494
f 2249/2486/2498 2243/2489/2499 2242/2490/2500
f 2248/2485/2494 2246/2491/2501 2243/2489/2499
f 2252/2492/2502 2253/2493/2503 2254/2494/2504
f 2245/2482/2491 2255/2495/2505 2252/2492/2502
f 2255/2496/2505 2256/2497/2506 2253/2498/2503
f 2244/2481/2490 2251/2499/2507 2255/2495/2505
f 2172/2399/2415 2257/2500/2508 2258/2501/2509
f 2259/2502/2510 2260/2503/2511 2257/2504/2508
f 2258/2505/2509 2261/2506/2512 2262/2507/2513
f 2257/2504/2508 2263/2508/2514 2261/2506/2512
f 2141/2368/2390 2264/2509/2515 2259/2510/2516
f 2265/2511/2517 2266/2512/2518 2264/2509/2515
f 2259/2510/2516 2264/2509/2515 2260/2503/2519
f 2264/2509/2515 2263/2508/2520 2260/2503/2519
f 2267/2513/2521 2268/2514/2522 2206/2433/2447
f 2262/2507/2513 2269/2515/2523 2267/2513/2521
f 2269/2515/2523 2270/2516/2524 2268/2514/2522
f 2261/2506/2525 2266/2512/2518 2269/2515/2523
f 2211/2517/2452 2271/2518/2526 2272/2519/2527
f 2273/2520/2528 2274/2521/2529 2271/2518/2526
f 2272/2519/2527 2271/2518/2526 2275/2522/2530
f 2271/2518/2526 2276/2523/2531 2275/2522/2532
f 2277/2524/2533 2278/2525/2534 2279/2526/2535
f 2280/2527/2536 2281/2528/2537 2277/2524/2533
f 2281/2528/2537 2282/2529/2538 2278/2525/2534
f 2283/2530/2539 2274/2521/2540 2281/2528/2537
f 2153/2380/2399 2284/2531/2541 2285/2532/2542
f 2272/2533/2543 2275/2522/2544 2284/2531/2541
f 2285/2532/2542 2283/2530/2539 2280/2527/2536
f 2284/2531/2541 2276/2523/2545 2283/2530/2539
f 2061/2288/2315 2286/2534/2546 2287/2535/2547
f 2287/2535/2547 2288/2536/2548 2289/2537/2549
f 2289/2538/2550 2290/2539/2551 2291/2540/2552
f 2290/2539/2551 2213/2442/2454 2291/2540/2552
f 2060/2287/2314 2292/2541/2553 2286/2534/2546
f 2286/2534/2546 2293/2542/2554 2288/2536/2548
f 2288/2543/2555 2294/2544/2556 2290/2539/2551
f 2294/2544/2556 2175/2402/2418 2290/2539/2551
f 2097/2324/2349 2295/2545/2557 2044/2271/2300
f 2296/2546/2558 2297/2547/2559 2295/2548/2557
f 2298/2549/2560 2299/2550/2561 2297/2547/2562
f 2299/2550/2561 2155/2382/2401 2057/2284/2311
f 2222/2453/2463 2296/2551/2558 2097/2324/2349
f 2300/2552/2563 2298/2549/2564 2296/2546/2558
f 2301/2553/2565 2302/2554/2566 2298/2549/2560
f 2302/2554/2566 2054/2281/2308 2155/2382/2401
f 2165/2392/2410 2303/2555/2567 2039/2266/2296
f 2304/2556/2568 2305/2557/2569 2303/2555/2567
f 2306/2558/2570 2307/2559/2571 2305/2560/2572
f 2307/2559/2571 2040/2267/2297 2052/2279/2306
f 2061/2288/2315 2304/2556/2568 2165/2392/2410
f 2287/2535/2547 2306/2561/2573 2304/2556/2568
f 2289/2538/2550 2308/2562/2574 2306/2558/2570
f 2308/2562/2574 2213/2442/2454 2040/2267/2297
f 2194/2421/2436 2309/2563/2575 2310/2564/2576
f 2310/2565/2576 2311/2566/2577 2312/2567/2578
f 2312/2567/2579 2313/2568/2580 2314/2569/2581
f 2313/2568/2580 2046/2273/2301 2314/2569/2581
f 2062/2289/2316 2295/2545/2557 2309/2563/2575
f 2309/2570/2575 2297/2547/2559 2311/2566/2577
f 2311/2566/2582 2299/2550/2561 2313/2568/2580
f 2299/2550/2561 2059/2286/2313 2313/2568/2580
f 2195/2422/2437 2315/2571/2583 2316/2572/2584
f 2316/2573/2584 2317/2574/2585 2318/2575/2586
f 2318/2575/2587 2319/2576/2588 2320/2577/2589
f 2319/2576/2588 2065/2292/2318 2320/2577/2589
f 2189/2416/2431 2310/2564/2576 2315/2571/2583
f 2315/2578/2583 2312/2567/2578 2317/2574/2585
f 2317/2574/2590 2314/2569/2581 2319/2576/2588
f 2314/2569/2581 2048/2275/2303 2319/2576/2588
f 2051/2278/2305 2321/2579/2591 2292/2541/2553
f 2292/2541/2553 2322/2580/2592 2293/2542/2554
f 2293/2581/2593 2323/2582/2594 2294/2544/2556
f 2323/2582/2594 2071/2298/2324 2294/2544/2556
f 2050/2277/2304 2324/2583/2595 2321/2579/2591
f 2321/2579/2591 2325/2584/2596 2322/2580/2592
f 2322/2585/2597 2326/2586/2598 2323/2582/2594
f 2326/2586/2598 2069/2296/2322 2323/2582/2594
f 2080/2307/2332 2327/2587/2599 2324/2583/2595
f 2324/2583/2595 2328/2588/2600 2325/2584/2596
f 2325/2589/2601 2329/2590/2602 2326/2586/2598
f 2329/2590/2602 2068/2295/2321 2326/2586/2598
f 2089/2316/2341 2330/2591/2603 2327/2587/2599
f 2327/2587/2599 2331/2592/2604 2328/2588/2600
f 2328/2593/2605 2332/2594/2606 2329/2590/2602
f 2332/2594/2606 2066/2293/2319 2329/2590/2602
f 2223/2454/2464 2333/2595/2607 2334/2596/2608
f 2334/2597/2608 2335/2598/2609 2336/2599/2610
f 2336/2599/2611 2337/2600/2612 2338/2601/2613
f 2338/2601/2613 2073/2300/2326 2075/2302/2328
f 2216/2447/2457 2316/2572/2584 2333/2595/2607
f 2333/2602/2607 2318/2575/2586 2335/2598/2609
f 2335/2598/2614 2320/2577/2589 2337/2600/2612
f 2320/2577/2589 2073/2300/2326 2337/2600/2612
f 2203/2430/2444 2339/2603/2615 2201/2428/2442
f 2340/2604/2616 2341/2605/2617 2339/2603/2615
f 2342/2606/2618 2343/2607/2619 2341/2605/2620
f 2344/2608/2621 2085/2446/2337 2343/2607/2619
f 2233/2464/2474 2340/2604/2616 2203/2430/2444
f 2232/2463/2473 2342/2606/2618 2340/2604/2616
f 2236/2469/2477 2344/2608/2621 2342/2606/2618
f 2227/2458/2468 2169/2396/2412 2344/2608/2621
f 2088/2315/2340 2345/2609/2622 2330/2591/2603
f 2330/2591/2603 2346/2610/2623 2331/2592/2604
f 2331/2611/2624 2347/2612/2625 2332/2594/2606
f 2332/2594/2606 2076/2303/2329 2078/2305/2331
f 2188/2415/2430 2339/2603/2615 2345/2609/2622
f 2345/2609/2626 2341/2605/2617 2346/2610/2623
f 2346/2613/2627 2343/2614/2619 2347/2612/2625
f 2343/2614/2619 2076/2303/2329 2347/2612/2625
f 2233/2464/2474 2348/2615/2628 2231/2462/2472
f 2231/2467/2472 2349/2616/2629 2234/2465/2475
f 2234/2465/2484 2350/2617/2630 2239/2473/2481
f 2239/2473/2481 2082/2309/2334 2084/2311/2336
f 2202/2429/2443 2334/2596/2608 2348/2615/2628
f 2348/2618/2628 2336/2599/2610 2349/2616/2629
f 2349/2616/2631 2338/2601/2613 2350/2617/2630
f 2350/2617/2630 2075/2302/2328 2082/2309/2334
f 2105/2332/2356 2300/2619/2563 2222/2453/2463
f 2351/2620/2632 2301/2553/2633 2300/2552/2563
f 2352/2621/2634 2353/2622/2635 2301/2553/2565
f 2353/2622/2635 2198/2425/2439 2054/2281/2308
f 2164/2391/2409 2351/2623/2632 2105/2332/2356
f 2354/2624/2636 2352/2621/2637 2351/2620/2632
f 2355/2625/2638 2356/2626/2639 2352/2621/2634
f 2356/2626/2639 2094/2321/2346 2198/2425/2439
f 2037/2264/2294 2357/2627/2640 2210/2438/2451
f 2358/2628/2641 2359/2629/2642 2357/2627/2640
f 2360/2630/2643 2361/2631/2644 2359/2632/2645
f 2361/2631/2644 2090/2317/2342 2092/2319/2344
f 2039/2266/2296 2358/2628/2641 2037/2264/2294
f 2303/2555/2567 2360/2633/2646 2358/2628/2641
f 2305/2560/2572 2362/2634/2647 2360/2630/2643
f 2362/2634/2647 2052/2279/2306 2090/2317/2342
f 2254/2494/2504 2363/2635/2648 2252/2492/2502
f 2252/2492/2502 2364/2636/2649 2245/2482/2491
f 2245/2482/2491 2365/2637/2650 2241/2478/2487
f 2241/2478/2487 2156/2435/2402 2209/2437/2450
f 2179/2406/2421 2366/2638/2651 2363/2635/2648
f 2363/2635/2648 2367/2639/2652 2364/2636/2649
f 2364/2636/2649 2368/2640/2653 2365/2637/2650
f 2365/2637/2650 2100/2641/2352 2156/2435/2402
f 2180/2407/2422 2354/2642/2636 2164/2391/2409
f 2369/2643/2654 2355/2625/2655 2354/2624/2636
f 2370/2644/2656 2371/2645/2657 2355/2625/2638
f 2372/2646/2658 2094/2321/2346 2371/2645/2657
f 2254/2494/2504 2369/2647/2654 2180/2407/2422
f 2253/2498/2503 2370/2644/2659 2369/2643/2654
f 2256/2497/2660 2372/2646/2658 2370/2644/2656
f 2250/2487/2496 2102/2329/2354 2372/2646/2658
f 2182/2409/2424 2366/2638/2651 2181/2408/2423
f 2373/2648/2661 2367/2639/2652 2366/2638/2651
f 2374/2649/2662 2368/2650/2653 2367/2651/2652
f 2368/2650/2653 2098/2325/2350 2100/2327/2352
f 2210/2438/2451 2373/2648/2661 2182/2409/2424
f 2357/2627/2640 2374/2652/2663 2373/2648/2661
f 2359/2632/2645 2375/2653/2664 2374/2649/2662
f 2361/2631/2644 2098/2325/2350 2375/2653/2664
f 2178/2405/2420 2376/2654/2665 2107/2334/2357
f 2377/2655/2666 2378/2656/2667 2376/2654/2665
f 2379/2657/2668 2380/2658/2669 2378/2656/2667
f 2381/2659/2670 2221/2452/2462 2380/2658/2669
f 2127/2354/2376 2377/2655/2666 2178/2405/2420
f 2382/2660/2671 2379/2657/2668 2377/2655/2666
f 2383/2661/2672 2381/2659/2670 2379/2657/2668
f 2384/2662/2673 2220/2451/2461 2381/2659/2670
f 2121/2348/2370 2385/2663/2674 2386/2664/2675
f 2386/2664/2675 2387/2665/2676 2388/2666/2677
f 2388/2666/2677 2389/2667/2678 2390/2668/2679
f 2390/2668/2679 2159/2386/2405 2162/2389/2408
f 2120/2347/2369 2391/2669/2680 2385/2663/2674
f 2385/2663/2674 2392/2670/2681 2387/2665/2676
f 2387/2665/2676 2393/2671/2682 2389/2667/2678
f 2389/2667/2678 2160/2387/2406 2159/2386/2405
f 2117/2344/2366 2394/2672/2683 2395/2673/2684
f 2395/2673/2684 2396/2674/2685 2397/2675/2686
f 2397/2675/2686 2398/2676/2687 2399/2677/2688
f 2399/2677/2688 2176/2403/2419 2142/2369/2391
f 2108/2335/2358 2376/2654/2665 2394/2672/2683
f 2394/2672/2683 2378/2656/2667 2396/2674/2685
f 2396/2674/2685 2380/2658/2669 2398/2676/2687
f 2398/2676/2687 2221/2452/2462 2176/2403/2419
f 2122/2349/2371 2400/2678/2689 2161/2388/2407
f 2401/2679/2690 2402/2680/2691 2400/2678/2689
f 2403/2681/2692 2404/2682/2693 2402/2680/2691
f 2405/2683/2694 2214/2443/2455 2404/2682/2693
f 2121/2348/2370 2401/2679/2690 2122/2349/2371
f 2386/2664/2675 2403/2681/2692 2401/2679/2690
f 2388/2666/2677 2405/2683/2694 2403/2681/2692
f 2390/2668/2679 2197/2424/2438 2405/2683/2694
f 2113/2340/2362 2406/2684/2695 2191/2418/2433
f 2407/2685/2696 2408/2686/2697 2406/2684/2695
f 2409/2687/2698 2410/2688/2699 2408/2686/2697
f 2411/2689/2700 2114/2341/2363 2410/2688/2699
f 2161/2388/2407 2407/2685/2696 2113/2340/2362
f 2400/2678/2689 2409/2687/2698 2407/2685/2696
f 2402/2680/2691 2411/2689/2700 2409/2687/2698
f 2404/2682/2693 2130/2357/2379 2411/2689/2700
f 2128/2355/2377 2382/2660/2671 2127/2354/2376
f 2412/2690/2701 2383/2661/2672 2382/2660/2671
f 2413/2691/2702 2384/2662/2673 2383/2661/2672
f 2414/2692/2703 2219/2450/2460 2384/2662/2673
f 2133/2360/2382 2412/2690/2701 2128/2355/2377
f 2415/2693/2704 2413/2691/2702 2412/2690/2701
f 2416/2694/2705 2414/2692/2703 2413/2691/2702
f 2417/2695/2706 2110/2337/2360 2414/2692/2703
f 2134/2361/2383 2415/2693/2704 2133/2360/2382
f 2418/2696/2707 2416/2694/2705 2415/2693/2704
f 2419/2697/2708 2417/2695/2706 2416/2694/2705
f 2420/2698/2709 2174/2401/2417 2417/2695/2706
f 2138/2365/2387 2418/2696/2707 2134/2361/2383
f 2421/2699/2710 2419/2697/2708 2418/2696/2707
f 2422/2700/2711 2420/2698/2709 2419/2697/2708
f 2423/2701/2712 2215/2444/2456 2420/2698/2709
f 2129/2356/2378 2424/2702/2713 2217/2448/2458
f 2425/2703/2714 2426/2704/2715 2424/2702/2713
f 2427/2705/2716 2428/2706/2717 2426/2704/2715
f 2429/2707/2718 2137/2364/2386 2428/2706/2717
f 2191/2418/2433 2425/2703/2714 2129/2356/2378
f 2406/2684/2695 2427/2705/2716 2425/2703/2714
f 2408/2686/2697 2429/2707/2718 2427/2705/2716
f 2410/2688/2699 2116/2343/2365 2429/2707/2718
f 2218/2708/2459 2430/2709/2719 2431/2710/2720
f 2431/2710/2720 2432/2711/2721 2433/2712/2722
f 2433/2712/2722 2434/2713/2723 2435/2714/2724
f 2435/2714/2724 2205/2432/2446 2207/2434/2448
f 2173/2400/2416 2258/2501/2509 2430/2715/2719
f 2430/2709/2719 2262/2507/2513 2432/2711/2721
f 2432/2711/2721 2267/2513/2521 2434/2713/2723
f 2434/2713/2723 2206/2433/2447 2205/2432/2446
f 2140/2367/2389 2421/2699/2710 2138/2365/2387
f 2436/2716/2725 2422/2700/2711 2421/2699/2710
f 2437/2717/2726 2423/2701/2712 2422/2700/2711
f 2438/2718/2727 2212/2441/2453 2423/2701/2712
f 2218/2708/2459 2436/2716/2725 2140/2367/2389
f 2431/2710/2720 2437/2717/2726 2436/2716/2725
f 2433/2712/2722 2438/2718/2727 2437/2717/2726
f 2435/2714/2724 2192/2419/2434 2438/2718/2727
f 2135/2362/2384 2265/2511/2517 2141/2368/2390
f 2439/2719/2728 2270/2516/2524 2265/2511/2517
f 2440/2720/2729 2268/2514/2522 2270/2516/2524
f 2441/2721/2730 2206/2433/2447 2268/2514/2522
f 2217/2448/2458 2439/2719/2728 2135/2362/2384
f 2424/2702/2713 2440/2720/2729 2439/2719/2728
f 2426/2704/2715 2441/2721/2730 2440/2720/2729
f 2428/2706/2717 2204/2431/2445 2441/2721/2730
f 2124/2351/2373 2442/2722/2731 2391/2669/2680
f 2391/2669/2680 2443/2723/2732 2392/2670/2681
f 2392/2670/2681 2444/2724/2733 2393/2671/2682
f 2393/2671/2682 2199/2426/2440 2160/2387/2406
f 2145/2372/2392 2445/2725/2734 2442/2722/2731
f 2442/2722/2731 2446/2726/2735 2443/2723/2732
f 2443/2723/2732 2447/2727/2736 2444/2724/2733
f 2444/2724/2733 2166/2393/2411 2199/2426/2440
f 2147/2374/2394 2448/2728/2737 2449/2729/2738
f 2449/2729/2738 2450/2730/2739 2451/2731/2740
f 2451/2731/2740 2452/2732/2741 2453/2733/2742
f 2453/2733/2742 2151/2378/2397 2150/2377/2396
f 2118/2345/2367 2395/2673/2684 2448/2728/2737
f 2448/2728/2737 2397/2675/2686 2450/2730/2739
f 2450/2730/2739 2399/2677/2688 2452/2732/2741
f 2452/2732/2741 2142/2369/2391 2151/2378/2397
f 2158/2385/2404 2273/2520/2528 2211/2517/2452
f 2454/2734/2743 2282/2529/2538 2273/2520/2528
f 2455/2735/2744 2278/2525/2534 2282/2529/2538
f 2456/2736/2745 2279/2526/2535 2278/2525/2534
f 2154/2381/2400 2454/2734/2743 2158/2385/2404
f 2457/2737/2746 2455/2735/2744 2454/2734/2743
f 2458/2738/2747 2456/2736/2745 2455/2735/2744
f 2459/2739/2748 2186/2413/2428 2456/2736/2745
f 2146/2373/2393 2460/2740/2749 2445/2725/2734
f 2445/2725/2734 2461/2741/2750 2446/2726/2735
f 2446/2726/2735 2462/2742/2751 2447/2727/2736
f 2447/2727/2736 2185/2412/2427 2166/2393/2411
f 2152/2379/2398 2285/2532/2542 2460/2740/2749
f 2460/2740/2749 2280/2527/2536 2461/2741/2750
f 2461/2741/2750 2277/2524/2533 2462/2742/2751
f 2462/2742/2751 2279/2526/2535 2185/2412/2427
f 2154/2381/2400 2463/2743/2752 2457/2737/2746
f 2457/2737/2746 2464/2744/2753 2458/2738/2747
f 2458/2738/2747 2465/2745/2754 2459/2739/2748
f 2459/2739/2748 2184/2411/2426 2183/2410/2425
f 2148/2375/2395 2449/2729/2738 2463/2743/2752
f 2463/2743/2752 2451/2731/2740 2464/2744/2753
f 2464/2744/2753 2453/2733/2742 2465/2745/2754
f 2465/2745/2754 2150/2377/2396 2184/2411/2426
f 2153/2380/2399 2466/2746/2755 2272/2747/2543
f 2272/2748/2527 2208/2436/2449 2211/2440/2452
f 2103/2330/2355 2249/2486/2756 2466/2746/2755
f 2466/2746/2757 2249/2486/2757 2242/2490/2757
f 2466/2749/2758 2209/2437/2450 2208/2436/2449
f 2083/2310/2335 2226/2750/2759 2084/2311/2760
f 2467/2751/2761 2224/2455/2465 2226/2457/2467
f 2141/2368/2390 2467/2752/2762 2083/2310/2335
f 2259/2753/2510 2170/2397/2413 2467/2751/2761
f 2040/2267/2297 2213/2442/2454 2041/2268/2298
f 2052/2279/2306 2040/2267/2297 2042/2269/2299
f 2066/2293/2319 2132/2359/2381 2067/2294/2320
f 2069/2296/2322 2126/2353/2375 2070/2297/2323
f 2076/2303/2329 2086/2313/2338 2077/2304/2330
f 2085/2312/2337 2139/2366/2388 2086/2313/2338
f 2090/2317/2342 2052/2279/2306 2053/2280/2307
f 2092/2319/2344 2090/2317/2342 2091/2318/2343
f 2098/2325/2350 2092/2319/2344 2093/2320/2345
f 2100/2327/2352 2098/2325/2350 2099/2326/2351
f 2042/2269/2299 2041/2268/2298 2107/2334/2357
f 2109/2336/2359 2219/2450/2460 2110/2337/2360
f 2114/2341/2363 2131/2358/2380 2115/2342/2364
f 2091/2318/2343 2053/2280/2307 2117/2344/2366
f 2125/2352/2374 2178/2405/2420 2107/2334/2357
f 2126/2353/2375 2128/2355/2377 2127/2354/2376
f 2067/2294/2320 2133/2360/2382 2128/2355/2377
f 2130/2357/2379 2111/2338/2359 2131/2358/2380
f 2132/2359/2381 2134/2361/2383 2133/2360/2382
f 2077/2304/2330 2138/2365/2387 2134/2361/2383
f 2116/2343/2365 2115/2342/2364 2136/2363/2385
f 2086/2313/2338 2140/2367/2389 2138/2365/2387
f 2139/2366/2388 2218/2708/2459 2140/2367/2389
f 2142/2369/2391 2176/2403/2419 2143/2370/2359
f 2099/2326/2351 2093/2320/2345 2147/2374/2394
f 2149/2376/2359 2168/2395/2359 2150/2377/2396
f 2101/2328/2353 2099/2326/2351 2148/2375/2395
f 2157/2384/2403 2101/2328/2353 2154/2381/2400
f 2144/2371/2359 2143/2370/2359 2159/2386/2405
f 2143/2370/2359 2177/2404/2359 2162/2389/2408
f 2053/2280/2307 2042/2269/2299 2108/2335/2358
f 2166/2393/2411 2185/2412/2427 2167/2394/2359
f 2068/2295/2321 2067/2294/2320 2126/2353/2375
f 2111/2338/2359 2110/2337/2360 2174/2401/2417
f 2071/2298/2324 2070/2297/2323 2125/2352/2374
f 2176/2403/2419 2221/2452/2462 2177/2404/2359
f 2070/2297/2323 2127/2354/2376 2178/2405/2420
f 2167/2394/2359 2186/2413/2428 2183/2410/2425
f 2185/2412/2427 2279/2526/2535 2186/2413/2428
f 2136/2363/2385 2212/2441/2453 2192/2419/2434
f 2196/2423/2359 2197/2424/2438 2162/2389/2408
f 2109/2336/2359 2214/2443/2455 2197/2424/2438
f 2144/2371/2359 2149/2376/2359 2151/2378/2397
f 2199/2426/2440 2166/2393/2411 2168/2395/2359
f 2204/2431/2445 2193/2420/2435 2205/2432/2446
f 2193/2420/2435 2192/2419/2434 2207/2434/2448
f 2093/2320/2345 2091/2318/2343 2118/2345/2367
f 2078/2305/2331 2077/2304/2330 2132/2359/2381
f 2168/2395/2359 2167/2394/2359 2184/2411/2426
f 2115/2342/2364 2215/2444/2456 2212/2441/2453
f 2175/2402/2418 2125/2352/2374 2041/2268/2298
f 2214/2443/2455 2109/2336/2359 2111/2338/2359
f 2131/2358/2380 2174/2401/2417 2215/2444/2456
f 2219/2450/2460 2109/2336/2359 2196/2423/2359
f 2220/2451/2461 2196/2423/2359 2177/2404/2359
f 2137/2364/2386 2136/2363/2385 2193/2420/2435
f 2160/2387/2406 2199/2426/2440 2149/2376/2359
f 2326/2586/2598 2068/2295/2321 2069/2296/2322
f 2325/2589/2601 2328/2593/2605 2329/2590/2602
f 2397/2675/2686 2396/2674/2685 2398/2676/2687
f 2415/2693/2704 2416/2694/2705 2413/2691/2702
f 2418/2696/2707 2419/2697/2708 2416/2694/2705
f 2138/2365/2387 2421/2699/2710 2418/2696/2707
f 2438/2718/2727 2192/2419/2434 2212/2441/2453
f 2147/2374/2394 2118/2345/2367 2448/2728/2737
f 2118/2345/2367 2117/2344/2366 2395/2673/2684
f 2154/2381/2400 2457/2737/2746 2454/2734/2743
f 2464/2744/2753 2451/2731/2740 2453/2733/2742
f 2037/2264/2294 2106/2333/2295 2038/2265/2295
f 2043/2270/2295 2097/2324/2349 2044/2271/2300
f 2046/2273/2301 2112/2339/2361 2047/2274/2302
f 2049/2276/2295 2079/2306/2295 2050/2277/2304
f 2054/2281/2308 2198/2425/2439 2055/2282/2309
f 2057/2284/2311 2119/2346/2368 2058/2285/2312
f 2045/2272/2295 2063/2290/2295 2060/2287/2314
f 2062/2289/2316 2194/2421/2436 2049/2276/2295
f 2048/2275/2303 2047/2274/2302 2064/2291/2317
f 2065/2292/2318 2064/2291/2317 2072/2299/2325
f 2073/2300/2326 2072/2299/2325 2074/2301/2327
f 2079/2306/2295 2190/2417/2432 2080/2307/2332
f 2075/2302/2328 2074/2301/2327 2081/2308/2333
f 2082/2309/2334 2081/2308/2333 2083/2310/2335
f 2087/2314/2339 2187/2414/2429 2088/2315/2340
f 2094/2321/2346 2102/2329/2354 2095/2322/2347
f 2038/2265/2295 2222/2453/2463 2097/2324/2349
f 2102/2329/2354 2247/2484/2493 2103/2330/2355
f 2104/2331/2295 2164/2391/2409 2105/2332/2356
f 2112/2339/2361 2161/2388/2407 2113/2340/2362
f 2119/2346/2368 2123/2350/2372 2120/2347/2369
f 2119/2346/2368 2121/2348/2370 2122/2349/2371
f 2123/2350/2372 2056/2283/2310 2124/2351/2373
f 2064/2291/2317 2191/2418/2433 2129/2356/2378
f 2074/2301/2327 2217/2448/2458 2135/2362/2384
f 2081/2308/2333 2135/2362/2384 2141/2368/2390
f 2056/2283/2310 2055/2282/2309 2145/2372/2392
f 2055/2282/2309 2096/2323/2348 2146/2373/2393
f 2096/2323/2348 2095/2322/2347 2152/2379/2398
f 2095/2322/2347 2103/2330/2355 2153/2380/2399
f 2155/2382/2401 2054/2281/2308 2056/2283/2310
f 2156/2383/2402 2100/2327/2352 2101/2328/2353
f 2044/2271/2300 2062/2289/2316 2063/2290/2295
f 2059/2286/2313 2058/2285/2312 2112/2339/2361
f 2058/2285/2312 2122/2349/2371 2161/2388/2407
f 2163/2390/2295 2180/2407/2422 2164/2391/2409
f 2039/2266/2296 2038/2265/2295 2043/2270/2295
f 2169/2396/2412 2224/2455/2465 2170/2397/2413
f 2171/2398/2414 2170/2397/2413 2172/2399/2415
f 2057/2284/2311 2155/2382/2401 2123/2350/2372
f 2179/2406/2421 2254/2494/2504 2180/2407/2422
f 2181/2408/2423 2179/2406/2421 2163/2390/2295
f 2187/2414/2429 2200/2427/2441 2188/2415/2430
f 2189/2416/2431 2195/2422/2437 2190/2417/2432
f 2047/2274/2302 2113/2340/2362 2191/2418/2433
f 2194/2421/2436 2189/2416/2431 2079/2306/2295
f 2195/2422/2437 2216/2447/2457 2087/2314/2339
f 2198/2425/2439 2094/2321/2346 2096/2323/2348
f 2200/2427/2441 2203/2430/2444 2201/2428/2442
f 2202/2429/2443 2233/2464/2474 2203/2430/2444
f 2156/2435/2402 2157/2439/2403 2208/2436/2449
f 2210/2438/2451 2104/2331/2295 2106/2333/2295
f 2157/2439/2403 2158/2754/2404 2211/2440/2452
f 2182/2409/2424 2163/2390/2295 2104/2331/2295
f 2190/2417/2432 2087/2314/2339 2089/2316/2341
f 2169/2396/2412 2171/2398/2414 2139/2445/2388
f 2216/2447/2457 2223/2454/2464 2187/2414/2429
f 2072/2299/2325 2129/2356/2378 2217/2448/2458
f 2171/2398/2414 2173/2400/2416 2218/2449/2459
f 2165/2392/2410 2043/2270/2295 2045/2272/2295
f 2063/2290/2295 2049/2276/2295 2051/2278/2305
f 2106/2333/2295 2105/2332/2356 2222/2453/2463
f 2223/2454/2464 2202/2429/2443 2200/2427/2441
f 2224/2455/2465 2227/2458/2468 2225/2456/2466
f 2227/2458/2468 2236/2469/2477 2228/2459/2469
f 2225/2456/2466 2228/2459/2469 2230/2461/2471
f 2231/2462/2472 2235/2468/2476 2232/2463/2473
f 2234/2465/2475 2237/2470/2478 2235/2466/2476
f 2235/2468/2476 2228/2459/2469 2236/2469/2477
f 2237/2470/2478 2230/2476/2471 2228/2471/2469
f 2084/2311/2479 2226/2750/2763 2238/2472/2480
f 2239/2473/2481 2238/2472/2480 2237/2470/2483
f 2238/2472/2480 2229/2475/2764 2230/2476/2485
f 2209/2437/2450 2242/2755/2488 2240/2477/2486
f 2241/2478/2487 2240/2477/2486 2244/2481/2490
f 2240/2477/2486 2243/2480/2489 2246/2483/2492
f 2247/2484/2493 2250/2487/2496 2248/2485/2494
f 2250/2487/2496 2256/2497/2660 2251/2488/2497
f 2249/2486/2498 2248/2485/2494 2243/2489/2499
f 2248/2485/2494 2251/2488/2497 2246/2491/2501
f 2252/2492/2502 2255/2495/2505 2253/2493/2503
f 2245/2482/2491 2244/2481/2490 2255/2495/2505
f 2255/2496/2505 2251/2488/2507 2256/2497/2506
f 2244/2481/2490 2246/2483/2492 2251/2499/2507
f 2172/2399/2415 2259/2753/2510 2257/2500/2508
f 2258/2505/2509 2257/2504/2508 2261/2506/2512
f 2257/2504/2508 2260/2503/2765 2263/2508/2514
f 2141/2368/2390 2265/2511/2517 2264/2509/2515
f 2265/2511/2517 2270/2516/2524 2266/2512/2518
f 2264/2509/2515 2266/2512/2518 2263/2508/2520
f 2267/2513/2521 2269/2515/2523 2268/2514/2522
f 2262/2507/2513 2261/2506/2525 2269/2515/2523
f 2269/2515/2523 2266/2512/2518 2270/2516/2524
f 2261/2506/2525 2263/2508/2520 2266/2512/2518
f 2211/2517/2452 2273/2520/2528 2271/2518/2526
f 2273/2520/2528 2282/2529/2538 2274/2521/2529
f 2271/2518/2526 2274/2521/2529 2276/2523/2531
f 2277/2524/2533 2281/2528/2537 2278/2525/2534
f 2280/2527/2536 2283/2530/2539 2281/2528/2537
f 2281/2528/2537 2274/2521/2540 2282/2529/2538
f 2283/2530/2539 2276/2523/2545 2274/2521/2540
f 2153/2380/2399 2272/2747/2543 2284/2531/2541
f 2285/2532/2542 2284/2531/2541 2283/2530/2539
f 2284/2531/2541 2275/2522/2544 2276/2523/2545
f 2061/2288/2315 2060/2287/2314 2286/2534/2546
f 2287/2535/2547 2286/2534/2546 2288/2536/2548
f 2289/2538/2550 2288/2543/2555 2290/2539/2551
f 2290/2539/2551 2175/2402/2418 2213/2442/2454
f 2060/2287/2314 2051/2278/2305 2292/2541/2553
f 2286/2534/2546 2292/2541/2553 2293/2542/2554
f 2288/2543/2555 2293/2581/2593 2294/2544/2556
f 2294/2544/2556 2071/2298/2324 2175/2402/2418
f 2097/2324/2349 2296/2551/2558 2295/2545/2557
f 2296/2546/2558 2298/2549/2564 2297/2547/2559
f 2298/2549/2560 2302/2554/2566 2299/2550/2561
f 2299/2550/2561 2302/2554/2566 2155/2382/2401
f 2222/2453/2463 2300/2619/2563 2296/2551/2558
f 2300/2552/2563 2301/2553/2633 2298/2549/2564
f 2301/2553/2565 2353/2622/2635 2302/2554/2566
f 2302/2554/2566 2353/2622/2635 2054/2281/2308
f 2165/2392/2410 2304/2556/2568 2303/2555/2567
f 2304/2556/2568 2306/2561/2573 2305/2557/2569
f 2306/2558/2570 2308/2562/2574 2307/2559/2571
f 2307/2559/2571 2308/2562/2574 2040/2267/2297
f 2061/2288/2315 2287/2535/2547 2304/2556/2568
f 2287/2535/2547 2289/2537/2549 2306/2561/2573
f 2289/2538/2550 2291/2540/2552 2308/2562/2574
f 2308/2562/2574 2291/2540/2552 2213/2442/2454
f 2194/2421/2436 2062/2289/2316 2309/2563/2575
f 2310/2565/2576 2309/2570/2575 2311/2566/2577
f 2312/2567/2579 2311/2566/2582 2313/2568/2580
f 2313/2568/2580 2059/2286/2313 2046/2273/2301
f 2062/2289/2316 2044/2271/2300 2295/2545/2557
f 2309/2570/2575 2295/2548/2557 2297/2547/2559
f 2311/2566/2582 2297/2547/2562 2299/2550/2561
f 2299/2550/2561 2057/2284/2311 2059/2286/2313
f 2195/2422/2437 2189/2416/2431 2315/2571/2583
f 2316/2573/2584 2315/2578/2583 2317/2574/2585
f 2318/2575/2587 2317/2574/2590 2319/2576/2588
f 2319/2576/2588 2048/2275/2303 2065/2292/2318
f 2189/2416/2431 2194/2421/2436 2310/2564/2576
f 2315/2578/2583 2310/2565/2576 2312/2567/2578
f 2317/2574/2590 2312/2567/2579 2314/2569/2581
f 2314/2569/2581 2046/2273/2301 2048/2275/2303
f 2051/2278/2305 2050/2277/2304 2321/2579/2591
f 2292/2541/2553 2321/2579/2591 2322/2580/2592
f 2293/2581/2593 2322/2585/2597 2323/2582/2594
f 2323/2582/2594 2069/2296/2322 2071/2298/2324
f 2050/2277/2304 2080/2307/2332 2324/2583/2595
f 2321/2579/2591 2324/2583/2595 2325/2584/2596
f 2322/2585/2597 2325/2589/2601 2326/2586/2598
f 2080/2307/2332 2089/2316/2341 2327/2587/2599
f 2324/2583/2595 2327/2587/2599 2328/2588/2600
f 2329/2590/2602 2066/2293/2319 2068/2295/2321
f 2089/2316/2341 2088/2315/2340 2330/2591/2603
f 2327/2587/2599 2330/2591/2603 2331/2592/2604
f 2328/2593/2605 2331/2611/2624 2332/2594/2606
f 2332/2594/2606 2078/2305/2331 2066/2293/2319
f 2223/2454/2464 2216/2447/2457 2333/2595/2607
f 2334/2597/2608 2333/2602/2607 2335/2598/2609
f 2336/2599/2611 2335/2598/2614 2337/2600/2612
f 2338/2601/2613 2337/2600/2612 2073/2300/2326
f 2216/2447/2457 2195/2422/2437 2316/2572/2584
f 2333/2602/2607 2316/2573/2584 2318/2575/2586
f 2335/2598/2614 2318/2575/2587 2320/2577/2589
f 2320/2577/2589 2065/2292/2318 2073/2300/2326
f 2203/2430/2444 2340/2604/2616 2339/2603/2615
f 2340/2604/2616 2342/2606/2618 2341/2605/2617
f 2342/2606/2618 2344/2608/2621 2343/2607/2619
f 2344/2608/2621 2169/2396/2412 2085/2446/2337
f 2233/2464/2474 2232/2463/2473 2340/2604/2616
f 2232/2463/2473 2236/2469/2477 2342/2606/2618
f 2236/2469/2477 2227/2458/2468 2344/2608/2621
f 2227/2458/2468 2224/2455/2465 2169/2396/2412
f 2088/2315/2340 2188/2415/2430 2345/2609/2622
f 2330/2591/2603 2345/2609/2626 2346/2610/2623
f 2331/2611/2624 2346/2613/2627 2347/2612/2625
f 2332/2594/2606 2347/2612/2625 2076/2303/2329
f 2188/2415/2430 2201/2428/2442 2339/2603/2615
f 2345/2609/2626 2339/2603/2615 2341/2605/2617
f 2346/2613/2627 2341/2756/2766 2343/2614/2619
f 2343/2614/2619 2085/2312/2337 2076/2303/2329
f 2233/2464/2474 2202/2429/2443 2348/2615/2628
f 2231/2467/2472 2348/2618/2628 2349/2616/2629
f 2234/2465/2484 2349/2616/2631 2350/2617/2630
f 2239/2473/2481 2350/2617/2630 2082/2309/2334
f 2202/2429/2443 2223/2454/2464 2334/2596/2608
f 2348/2618/2628 2334/2597/2608 2336/2599/2610
f 2349/2616/2631 2336/2599/2611 2338/2601/2613
f 2350/2617/2630 2338/2601/2613 2075/2302/2328
f 2105/2332/2356 2351/2623/2632 2300/2619/2563
f 2351/2620/2632 2352/2621/2637 2301/2553/2633
f 2352/2621/2634 2356/2626/2639 2353/2622/2635
f 2353/2622/2635 2356/2626/2639 2198/2425/2439
f 2164/2391/2409 2354/2642/2636 2351/2623/2632
f 2354/2624/2636 2355/2625/2655 2352/2621/2637
f 2355/2625/2638 2371/2645/2657 2356/2626/2639
f 2356/2626/2639 2371/2645/2657 2094/2321/2346
f 2037/2264/2294 2358/2628/2641 2357/2627/2640
f 2358/2628/2641 2360/2633/2646 2359/2629/2642
f 2360/2630/2643 2362/2634/2647 2361/2631/2644
f 2361/2631/2644 2362/2634/2647 2090/2317/2342
f 2039/2266/2296 2303/2555/2567 2358/2628/2641
f 2303/2555/2567 2305/2557/2569 2360/2633/2646
f 2305/2560/2572 2307/2559/2571 2362/2634/2647
f 2362/2634/2647 2307/2559/2571 2052/2279/2306
f 2254/2494/2504 2179/2406/2421 2363/2635/2648
f 2252/2492/2502 2363/2635/2648 2364/2636/2649
f 2245/2482/2491 2364/2636/2649 2365/2637/2650
f 2241/2478/2487 2365/2637/2650 2156/2435/2402
f 2179/2406/2421 2181/2408/2423 2366/2638/2651
f 2363/2635/2648 2366/2638/2651 2367/2639/2652
f 2364/2636/2649 2367/2639/2652 2368/2640/2653
f 2365/2637/2650 2368/2640/2653 2100/2641/2352
f 2180/2407/2422 2369/2647/2654 2354/2642/2636
f 2369/2643/2654 2370/2644/2659 2355/2625/2655
f 2370/2644/2656 2372/2646/2658 2371/2645/2657
f 2372/2646/2658 2102/2329/2354 2094/2321/2346
f 2254/2494/2504 2253/2493/2503 2369/2647/2654
f 2253/2498/2503 2256/2497/2506 2370/2644/2659
f 2256/2497/2660 2250/2487/2496 2372/2646/2658
f 2250/2487/2496 2247/2484/2493 2102/2329/2354
f 2182/2409/2424 2373/2648/2661 2366/2638/2651
f 2373/2648/2661 2374/2652/2663 2367/2639/2652
f 2374/2649/2662 2375/2653/2664 2368/2650/2653
f 2368/2650/2653 2375/2653/2664 2098/2325/2350
f 2210/2438/2451 2357/2627/2640 2373/2648/2661
f 2357/2627/2640 2359/2629/2642 2374/2652/2663
f 2359/2632/2645 2361/2631/2644 2375/2653/2664
f 2361/2631/2644 2092/2319/2344 2098/2325/2350
f 2178/2405/2420 2377/2655/2666 2376/2654/2665
f 2377/2655/2666 2379/2657/2668 2378/2656/2667
f 2379/2657/2668 2381/2659/2670 2380/2658/2669
f 2381/2659/2670 2220/2451/2461 2221/2452/2462
f 2127/2354/2376 2382/2660/2671 2377/2655/2666
f 2382/2660/2671 2383/2661/2672 2379/2657/2668
f 2383/2661/2672 2384/2662/2673 2381/2659/2670
f 2384/2662/2673 2219/2450/2460 2220/2451/2461
f 2121/2348/2370 2120/2347/2369 2385/2663/2674
f 2386/2664/2675 2385/2663/2674 2387/2665/2676
f 2388/2666/2677 2387/2665/2676 2389/2667/2678
f 2390/2668/2679 2389/2667/2678 2159/2386/2405
f 2120/2347/2369 2124/2351/2373 2391/2669/2680
f 2385/2663/2674 2391/2669/2680 2392/2670/2681
f 2387/2665/2676 2392/2670/2681 2393/2671/2682
f 2389/2667/2678 2393/2671/2682 2160/2387/2406
f 2117/2344/2366 2108/2335/2358 2394/2672/2683
f 2395/2673/2684 2394/2672/2683 2396/2674/2685
f 2399/2677/2688 2398/2676/2687 2176/2403/2419
f 2108/2335/2358 2107/2334/2357 2376/2654/2665
f 2394/2672/2683 2376/2654/2665 2378/2656/2667
f 2396/2674/2685 2378/2656/2667 2380/2658/2669
f 2398/2676/2687 2380/2658/2669 2221/2452/2462
f 2122/2349/2371 2401/2679/2690 2400/2678/2689
f 2401/2679/2690 2403/2681/2692 2402/2680/2691
f 2403/2681/2692 2405/2683/2694 2404/2682/2693
f 2405/2683/2694 2197/2424/2438 2214/2443/2455
f 2121/2348/2370 2386/2664/2675 2401/2679/2690
f 2386/2664/2675 2388/2666/2677 2403/2681/2692
f 2388/2666/2677 2390/2668/2679 2405/2683/2694
f 2390/2668/2679 2162/2389/2408 2197/2424/2438
f 2113/2340/2362 2407/2685/2696 2406/2684/2695
f 2407/2685/2696 2409/2687/2698 2408/2686/2697
f 2409/2687/2698 2411/2689/2700 2410/2688/2699
f 2411/2689/2700 2130/2357/2379 2114/2341/2363
f 2161/2388/2407 2400/2678/2689 2407/2685/2696
f 2400/2678/2689 2402/2680/2691 2409/2687/2698
f 2402/2680/2691 2404/2682/2693 2411/2689/2700
f 2404/2682/2693 2214/2443/2455 2130/2357/2379
f 2128/2355/2377 2412/2690/2701 2382/2660/2671
f 2412/2690/2701 2413/2691/2702 2383/2661/2672
f 2413/2691/2702 2414/2692/2703 2384/2662/2673
f 2414/2692/2703 2110/2337/2360 2219/2450/2460
f 2133/2360/2382 2415/2693/2704 2412/2690/2701
f 2416/2694/2705 2417/2695/2706 2414/2692/2703
f 2417/2695/2706 2174/2401/2417 2110/2337/2360
f 2134/2361/2383 2418/2696/2707 2415/2693/2704
f 2419/2697/2708 2420/2698/2709 2417/2695/2706
f 2420/2698/2709 2215/2444/2456 2174/2401/2417
f 2421/2699/2710 2422/2700/2711 2419/2697/2708
f 2422/2700/2711 2423/2701/2712 2420/2698/2709
f 2423/2701/2712 2212/2441/2453 2215/2444/2456
f 2129/2356/2378 2425/2703/2714 2424/2702/2713
f 2425/2703/2714 2427/2705/2716 2426/2704/2715
f 2427/2705/2716 2429/2707/2718 2428/2706/2717
f 2429/2707/2718 2116/2343/2365 2137/2364/2386
f 2191/2418/2433 2406/2684/2695 2425/2703/2714
f 2406/2684/2695 2408/2686/2697 2427/2705/2716
f 2408/2686/2697 2410/2688/2699 2429/2707/2718
f 2410/2688/2699 2114/2341/2363 2116/2343/2365
f 2218/2708/2459 2173/2757/2416 2430/2709/2719
f 2431/2710/2720 2430/2709/2719 2432/2711/2721
f 2433/2712/2722 2432/2711/2721 2434/2713/2723
f 2435/2714/2724 2434/2713/2723 2205/2432/2446
f 2173/2400/2416 2172/2399/2415 2258/2501/2509
f 2430/2709/2719 2258/2505/2509 2262/2507/2513
f 2432/2711/2721 2262/2507/2513 2267/2513/2521
f 2434/2713/2723 2267/2513/2521 2206/2433/2447
f 2140/2367/2389 2436/2716/2725 2421/2699/2710
f 2436/2716/2725 2437/2717/2726 2422/2700/2711
f 2437/2717/2726 2438/2718/2727 2423/2701/2712
f 2218/2708/2459 2431/2710/2720 2436/2716/2725
f 2431/2710/2720 2433/2712/2722 2437/2717/2726
f 2433/2712/2722 2435/2714/2724 2438/2718/2727
f 2435/2714/2724 2207/2434/2448 2192/2419/2434
f 2135/2362/2384 2439/2719/2728 2265/2511/2517
f 2439/2719/2728 2440/2720/2729 2270/2516/2524
f 2440/2720/2729 2441/2721/2730 2268/2514/2522
f 2441/2721/2730 2204/2431/2445 2206/2433/2447
f 2217/2448/2458 2424/2702/2713 2439/2719/2728
f 2424/2702/2713 2426/2704/2715 2440/2720/2729
f 2426/2704/2715 2428/2706/2717 2441/2721/2730
f 2428/2706/2717 2137/2364/2386 2204/2431/2445
f 2124/2351/2373 2145/2372/2392 2442/2722/2731
f 2391/2669/2680 2442/2722/2731 2443/2723/2732
f 2392/2670/2681 2443/2723/2732 2444/2724/2733
f 2393/2671/2682 2444/2724/2733 2199/2426/2440
f 2145/2372/2392 2146/2373/2393 2445/2725/2734
f 2442/2722/2731 2445/2725/2734 2446/2726/2735
f 2443/2723/2732 2446/2726/2735 2447/2727/2736
f 2444/2724/2733 2447/2727/2736 2166/2393/2411
f 2449/2729/2738 2448/2728/2737 2450/2730/2739
f 2451/2731/2740 2450/2730/2739 2452/2732/2741
f 2453/2733/2742 2452/2732/2741 2151/2378/2397
f 2448/2728/2737 2395/2673/2684 2397/2675/2686
f 2450/2730/2739 2397/2675/2686 2399/2677/2688
f 2452/2732/2741 2399/2677/2688 2142/2369/2391
f 2158/2385/2404 2454/2734/2743 2273/2520/2528
f 2454/2734/2743 2455/2735/2744 2282/2529/2538
f 2455/2735/2744 2456/2736/2745 2278/2525/2534
f 2456/2736/2745 2186/2413/2428 2279/2526/2535
f 2457/2737/2746 2458/2738/2747 2455/2735/2744
f 2458/2738/2747 2459/2739/2748 2456/2736/2745
f 2459/2739/2748 2183/2410/2425 2186/2413/2428
f 2146/2373/2393 2152/2379/2398 2460/2740/2749
f 2445/2725/2734 2460/2740/2749 2461/2741/2750
f 2446/2726/2735 2461/2741/2750 2462/2742/2751
f 2447/2727/2736 2462/2742/2751 2185/2412/2427
f 2152/2379/2398 2153/2380/2399 2285/2532/2542
f 2460/2740/2749 2285/2532/2542 2280/2527/2536
f 2461/2741/2750 2280/2527/2536 2277/2524/2533
f 2462/2742/2751 2277/2524/2533 2279/2526/2535
f 2154/2381/2400 2148/2375/2395 2463/2743/2752
f 2457/2737/2746 2463/2743/2752 2464/2744/2753
f 2458/2738/2747 2464/2744/2753 2465/2745/2754
f 2459/2739/2748 2465/2745/2754 2184/2411/2426
f 2148/2375/2395 2147/2374/2394 2449/2729/2738
f 2463/2743/2752 2449/2729/2738 2451/2731/2740
f 2465/2745/2754 2453/2733/2742 2150/2377/2396
f 2153/2380/2399 2103/2330/2355 2466/2746/2755
f 2272/2748/2527 2466/2749/2758 2208/2436/2449
f 2103/2330/2355 2247/2484/2493 2249/2486/2756
f 2466/2749/2758 2242/2755/2488 2209/2437/2450
f 2083/2310/2335 2467/2752/2762 2226/2750/2759
f 2467/2751/2761 2170/2397/2413 2224/2455/2465
f 2141/2368/2390 2259/2510/2516 2467/2752/2762
f 2259/2753/2510 2172/2399/2415 2170/2397/2413
usemtl Holocron_Main.001
f 1/1/1 2/2/2 3/3/3
f 4/4/4 5/5/5 6/6/6
f 6/6/6 7/7/7 8/8/8
f 9/9/9 10/10/10 11/11/11
f 11/11/11 12/12/12 13/13/13
f 14/14/14 2/2/2 15/15/15
f 10/10/10 16/16/16 17/17/17
f 7/7/7 18/18/18 19/19/19
f 12/12/12 17/17/17 20/20/20
f 2/2/2 21/21/21 22/22/22
f 3/3/3 22/22/22 23/23/23
f 5/5/5 24/24/24 18/18/18
f 1/1/1 25/25/25 26/26/26
f 27/27/27 28/28/28 25/25/25
f 26/26/26 29/29/29 30/30/30
f 25/25/25 31/31/31 29/29/29
f 9/9/9 32/32/32 33/33/33
f 34/34/34 35/35/35 32/32/32
f 33/33/33 28/28/36 36/36/37
f 32/32/32 31/31/31 28/28/36
f 37/37/38 38/38/39 39/39/40
f 30/30/30 40/40/41 37/37/38
f 40/40/41 41/41/42 38/38/39
f 29/29/29 35/35/35 40/40/41
f 4/4/4 42/42/43 43/43/44
f 44/44/45 45/45/46 42/42/43
f 43/43/44 46/46/47 47/47/48
f 42/42/43 48/48/49 46/46/47
f 49/49/50 50/50/51 51/51/52
f 52/52/53 53/53/54 49/49/50
f 53/53/54 54/54/55 50/50/51
f 55/55/56 45/45/46 53/53/54
f 13/13/13 56/56/57 57/57/58
f 58/58/59 46/46/60 56/56/57
f 57/57/58 55/55/56 52/52/53
f 56/56/57 48/48/49 55/55/56
f 14/14/14 59/59/61 60/60/62
f 61/61/63 62/62/64 59/59/61
f 60/60/62 63/63/65 64/64/66
f 59/59/61 65/65/67 63/63/65
f 66/66/68 67/67/69 68/68/70
f 69/69/71 70/70/72 66/66/68
f 70/70/72 71/71/73 67/67/69
f 72/72/74 62/62/64 70/70/72
f 8/8/8 73/73/75 74/74/76
f 75/75/77 63/63/78 73/73/75
f 74/74/76 72/72/74 69/69/71
f 73/73/75 65/65/67 72/72/74
f 21/21/21 76/76/79 77/77/80
f 78/78/81 79/79/82 76/76/79
f 77/77/80 80/80/83 81/81/84
f 76/76/79 82/82/85 80/80/83
f 19/19/19 83/83/86 84/84/87
f 85/85/88 86/86/89 83/83/86
f 84/84/87 79/79/82 87/87/90
f 83/83/86 82/82/85 79/79/82
f 88/88/91 89/89/92 90/90/93
f 81/81/84 91/91/94 88/88/91
f 91/91/94 92/92/95 89/89/92
f 80/80/83 86/86/89 91/91/94
f 23/23/23 93/93/96 94/94/97
f 95/95/98 96/96/99 93/93/96
f 94/94/97 97/97/100 98/98/101
f 93/93/96 99/99/102 97/97/100
f 100/100/103 101/101/104 102/102/105
f 103/103/106 104/104/107 100/100/103
f 104/104/107 105/105/108 101/101/104
f 106/106/109 96/96/99 104/104/107
f 16/16/16 107/107/110 108/108/111
f 109/109/112 97/97/113 107/107/110
f 108/108/111 106/106/109 103/103/106
f 107/107/110 99/99/102 106/106/109
f 24/24/24 110/110/114 111/111/115
f 112/112/116 113/113/117 110/110/114
f 111/111/115 114/114/118 115/115/119
f 110/110/114 116/116/120 114/114/118
f 20/20/20 117/117/121 118/118/122
f 119/119/123 120/120/124 117/117/121
f 118/118/122 113/113/117 121/121/125
f 117/117/121 116/116/120 113/113/117
f 122/122/126 123/123/127 124/124/128
f 115/115/119 125/125/129 122/122/126
f 125/125/129 126/126/130 123/123/127
f 114/114/118 120/120/124 125/125/129
f 15/15/15 61/61/63 14/14/14
f 127/127/131 71/71/73 61/61/63
f 128/128/132 67/67/69 71/71/73
f 129/129/133 68/68/70 67/67/69
f 15/15/15 26/26/26 127/127/131
f 127/127/131 30/30/30 128/128/132
f 128/128/132 37/37/38 129/129/133
f 129/129/133 39/39/40 130/130/134
f 6/6/6 44/44/45 4/4/4
f 131/131/135 54/54/55 44/44/45
f 132/132/136 50/50/51 54/54/55
f 133/133/137 51/51/52 50/50/51
f 6/6/6 74/74/76 131/131/135
f 131/131/135 69/69/71 132/132/136
f 132/132/136 66/66/68 133/133/137
f 133/133/137 68/68/70 134/134/138
f 51/51/52 135/135/139 49/49/50
f 49/49/50 136/136/140 52/52/53
f 52/52/53 137/137/141 57/57/58
f 57/57/58 11/11/11 13/13/13
f 39/39/40 135/135/139 138/138/142
f 38/38/39 136/136/140 135/135/139
f 41/41/42 137/137/141 136/136/140
f 34/34/34 11/11/11 137/137/141
f 90/90/93 139/139/143 88/88/91
f 88/88/91 140/140/144 81/81/84
f 81/81/84 141/141/145 77/77/80
f 77/77/80 22/22/22 21/21/21
f 102/102/105 139/139/143 142/142/146
f 101/101/104 140/140/144 139/139/143
f 105/105/108 141/141/145 140/140/144
f 95/95/98 22/22/22 141/141/145
f 124/124/128 143/143/147 122/122/126
f 122/122/126 144/144/148 115/115/119
f 115/115/119 145/145/149 111/111/115
f 111/111/115 18/18/18 24/24/24
f 90/90/93 143/143/147 146/146/150
f 89/89/92 144/144/148 143/143/147
f 92/92/95 145/145/149 144/144/148
f 85/85/88 18/18/18 145/145/149
f 17/17/17 119/119/123 20/20/20
f 147/147/151 126/126/130 119/119/123
f 148/148/152 123/123/127 126/126/130
f 149/149/153 124/124/128 123/123/127
f 17/17/17 108/108/111 147/147/151
f 147/147/151 103/103/106 148/148/152
f 148/148/152 100/100/103 149/149/153
f 149/149/153 102/102/105 150/150/154
f 8/8/8 151/151/155 75/75/77
f 75/75/77 152/152/156 64/64/157
f 152/152/158 60/60/62 64/64/66
f 153/153/159 14/14/14 60/60/62
f 19/19/19 151/151/155 7/7/7
f 84/84/87 152/152/156 151/151/160
f 152/152/158 78/78/81 153/153/161
f 153/153/159 21/21/21 154/154/162
f 16/16/16 155/155/163 109/109/112
f 109/109/112 156/156/164 98/98/165
f 156/156/166 94/94/97 98/98/101
f 157/157/167 23/23/23 94/94/97
f 9/9/9 155/155/163 158/158/168
f 33/33/33 156/156/164 155/155/169
f 156/156/166 27/27/27 157/157/170
f 157/157/167 1/1/1 3/3/3
f 13/13/13 159/159/171 58/58/59
f 159/159/172 47/47/173 58/58/59
f 160/160/174 43/43/44 47/47/48
f 43/43/44 161/161/175 4/4/4
f 20/20/20 159/159/171 12/12/12
f 118/118/122 160/160/176 159/159/172
f 160/160/174 112/112/116 162/162/177
f 162/162/178 24/24/24 161/161/175
f 1/1/1 15/15/15 2/2/2
f 4/4/4 161/161/175 5/5/5
f 6/6/6 5/5/5 7/7/7
f 9/9/9 158/158/168 10/10/10
f 11/11/11 10/10/10 12/12/12
f 14/14/14 154/154/162 2/2/2
f 10/10/10 158/158/168 16/16/16
f 7/7/7 5/5/5 18/18/18
f 12/12/12 10/10/10 17/17/17
f 2/2/2 154/154/162 21/21/21
f 3/3/3 2/2/2 22/22/22
f 5/5/5 161/161/175 24/24/24
f 1/1/1 27/27/27 25/25/25
f 27/27/27 36/36/179 28/28/28
f 26/26/26 25/25/25 29/29/29
f 25/25/25 28/28/28 31/31/31
f 9/9/9 34/34/34 32/32/32
f 34/34/34 41/41/42 35/35/35
f 33/33/33 32/32/32 28/28/36
f 32/32/32 35/35/35 31/31/31
f 37/37/38 40/40/41 38/38/39
f 30/30/30 29/29/29 40/40/41
f 40/40/41 35/35/35 41/41/42
f 29/29/29 31/31/31 35/35/35
f 4/4/4 44/44/45 42/42/43
f 44/44/45 54/54/55 45/45/46
f 43/43/44 42/42/43 46/46/47
f 42/42/43 45/45/46 48/48/49
f 49/49/50 53/53/54 50/50/51
f 52/52/53 55/55/56 53/53/54
f 53/53/54 45/45/46 54/54/55
f 55/55/56 48/48/49 45/45/46
f 13/13/13 58/58/59 56/56/57
f 58/58/59 47/47/173 46/46/60
f 57/57/58 56/56/57 55/55/56
f 56/56/57 46/46/60 48/48/49
f 14/14/14 61/61/63 59/59/61
f 61/61/63 71/71/73 62/62/64
f 60/60/62 59/59/61 63/63/65
f 59/59/61 62/62/64 65/65/67
f 66/66/68 70/70/72 67/67/69
f 69/69/71 72/72/74 70/70/72
f 70/70/72 62/62/64 71/71/73
f 72/72/74 65/65/67 62/62/64
f 8/8/8 75/75/77 73/73/75
f 75/75/77 64/64/157 63/63/78
f 74/74/76 73/73/75 72/72/74
f 73/73/75 63/63/78 65/65/67
f 21/21/21 78/78/81 76/76/79
f 78/78/81 87/87/180 79/79/82
f 77/77/80 76/76/79 80/80/83
f 76/76/79 79/79/82 82/82/85
f 19/19/19 85/85/88 83/83/86
f 85/85/88 92/92/95 86/86/89
f 84/84/87 83/83/86 79/79/82
f 83/83/86 86/86/89 82/82/85
f 88/88/91 91/91/94 89/89/92
f 81/81/84 80/80/83 91/91/94
f 91/91/94 86/86/89 92/92/95
f 80/80/83 82/82/85 86/86/89
f 23/23/23 95/95/98 93/93/96
f 95/95/98 105/105/108 96/96/99
f 94/94/97 93/93/96 97/97/100
f 93/93/96 96/96/99 99/99/102
f 100/100/103 104/104/107 101/101/104
f 103/103/106 106/106/109 104/104/107
f 104/104/107 96/96/99 105/105/108
f 106/106/109 99/99/102 96/96/99
f 16/16/16 109/109/112 107/107/110
f 109/109/112 98/98/165 97/97/113
f 108/108/111 107/107/110 106/106/109
f 107/107/110 97/97/113 99/99/102
f 24/24/24 112/112/116 110/110/114
f 112/112/116 121/121/181 113/113/117
f 111/111/115 110/110/114 114/114/118
f 110/110/114 113/113/117 116/116/120
f 20/20/20 119/119/123 117/117/121
f 119/119/123 126/126/130 120/120/124
f 118/118/122 117/117/121 113/113/117
f 117/117/121 120/120/124 116/116/120
f 122/122/126 125/125/129 123/123/127
f 115/115/119 114/114/118 125/125/129
f 125/125/129 120/120/124 126/126/130
f 114/114/118 116/116/120 120/120/124
f 15/15/15 127/127/131 61/61/63
f 127/127/131 128/128/132 71/71/73
f 128/128/132 129/129/133 67/67/69
f 129/129/133 130/130/134 68/68/70
f 15/15/15 1/1/1 26/26/26
f 127/127/131 26/26/26 30/30/30
f 128/128/132 30/30/30 37/37/38
f 129/129/133 37/37/38 39/39/40
f 6/6/6 131/131/135 44/44/45
f 131/131/135 132/132/136 54/54/55
f 132/132/136 133/133/137 50/50/51
f 133/133/137 134/134/138 51/51/52
f 6/6/6 8/8/8 74/74/76
f 131/131/135 74/74/76 69/69/71
f 132/132/136 69/69/71 66/66/68
f 133/133/137 66/66/68 68/68/70
f 51/51/52 138/138/142 135/135/139
f 49/49/50 135/135/139 136/136/140
f 52/52/53 136/136/140 137/137/141
f 57/57/58 137/137/141 11/11/11
f 39/39/40 38/38/39 135/135/139
f 38/38/39 41/41/42 136/136/140
f 41/41/42 34/34/34 137/137/141
f 34/34/34 9/9/9 11/11/11
f 90/90/93 142/142/146 139/139/143
f 88/88/91 139/139/143 140/140/144
f 81/81/84 140/140/144 141/141/145
f 77/77/80 141/141/145 22/22/22
f 102/102/105 101/101/104 139/139/143
f 101/101/104 105/105/108 140/140/144
f 105/105/108 95/95/98 141/141/145
f 95/95/98 23/23/23 22/22/22
f 124/124/128 146/146/150 143/143/147
f 122/122/126 143/143/147 144/144/148
f 115/115/119 144/144/148 145/145/149
f 111/111/115 145/145/149 18/18/18
f 90/90/93 89/89/92 143/143/147
f 89/89/92 92/92/95 144/144/148
f 92/92/95 85/85/88 145/145/149
f 85/85/88 19/19/19 18/18/18
f 17/17/17 147/147/151 119/119/123
f 147/147/151 148/148/152 126/126/130
f 148/148/152 149/149/153 123/123/127
f 149/149/153 150/150/154 124/124/128
f 17/17/17 16/16/16 108/108/111
f 147/147/151 108/108/111 103/103/106
f 148/148/152 103/103/106 100/100/103
f 149/149/153 100/100/103 102/102/105
f 8/8/8 7/7/7 151/151/155
f 75/75/77 151/151/160 152/152/156
f 152/152/158 153/153/161 60/60/62
f 153/153/159 154/154/162 14/14/14
f 19/19/19 84/84/87 151/151/155
f 84/84/87 87/87/90 152/152/156
f 152/152/158 87/87/180 78/78/81
f 153/153/159 78/78/81 21/21/21
f 16/16/16 158/158/168 155/155/163
f 109/109/112 155/155/169 156/156/164
f 156/156/166 157/157/170 94/94/97
f 157/157/167 3/3/3 23/23/23
f 9/9/9 33/33/33 155/155/163
f 33/33/33 36/36/37 156/156/164
f 156/156/166 36/36/179 27/27/27
f 157/157/167 27/27/27 1/1/1
f 13/13/13 12/12/12 159/159/171
f 159/159/172 160/160/176 47/47/173
f 160/160/174 162/162/177 43/43/44
f 43/43/44 162/162/178 161/161/175
f 20/20/20 118/118/122 159/159/171
f 118/118/122 121/121/125 160/160/176
f 160/160/174 121/121/181 112/112/116
f 162/162/178 112/112/116 24/24/24
f 163/163/182 164/164/183 165/165/184
f 166/166/185 167/167/186 168/168/187
f 169/169/188 170/170/189 171/171/190
f 172/172/191 173/173/192 174/174/193
f 175/175/194 176/176/195 177/177/196
f 171/171/190 178/178/197 179/179/198
f 180/180/199 181/181/200 182/182/201
f 183/183/202 184/184/203 185/185/204
f 167/167/186 186/186/205 168/168/187
f 187/187/206 188/188/207 189/189/208
f 190/190/209 191/191/210 192/192/211
f 193/193/212 194/194/213 195/195/214
f 196/196/215 197/197/216 198/198/217
f 199/199/218 200/200/219 201/201/220
f 170/170/189 202/202/221 178/178/197
f 198/198/217 203/203/222 184/184/203
f 204/204/223 177/177/196 205/205/224
f 206/206/225 207/207/226 208/208/227
f 209/209/228 210/210/229 211/211/230
f 212/212/231 213/213/232 214/214/233
f 215/215/234 216/216/235 217/217/236
f 218/218/237 219/219/238 220/220/239
f 221/221/240 222/222/200 180/180/199
f 223/223/241 193/193/212 224/224/242
f 225/225/243 190/190/209 175/175/194
f 226/226/244 227/227/245 213/213/232
f 228/228/246 229/229/247 209/209/228
f 175/175/194 192/192/211 230/230/248
f 165/165/184 231/231/249 232/232/250
f 233/233/251 234/234/252 215/215/234
f 235/235/253 224/224/242 236/236/200
f 237/237/254 238/238/255 167/167/186
f 239/239/256 199/199/218 240/240/257
f 241/241/258 172/172/191 242/242/259
f 243/243/260 236/236/200 222/222/200
f 244/244/261 245/245/262 218/218/237
f 201/201/220 191/191/210 246/246/263
f 199/199/218 247/247/264 248/248/265
f 222/222/200 249/249/200 181/181/200
f 250/250/266 251/251/267 229/229/247
f 252/252/268 186/186/205 247/247/264
f 253/253/269 254/254/270 193/193/212
f 224/224/242 195/195/214 255/255/242
f 236/236/200 255/255/242 249/249/200
f 256/256/271 187/187/206 237/237/254
f 257/257/272 258/258/273 206/206/225
f 169/169/188 198/198/217 183/183/202
f 187/187/206 259/259/274 237/237/254
f 260/260/275 261/261/276 254/254/270
f 205/205/224 176/176/195 188/188/207
f 183/183/202 262/262/277 170/170/189
f 254/254/270 263/263/278 194/194/213
f 164/164/183 264/264/279 231/231/249
f 258/258/273 265/265/280 207/207/226
f 266/266/281 267/267/282 258/258/273
f 245/245/262 268/268/283 219/219/238
f 234/234/252 269/269/284 216/216/235
f 270/270/285 271/271/286 234/234/252
f 272/272/287 175/175/194 177/177/196
f 273/273/288 205/205/224 187/187/206
f 274/274/289 275/275/290 172/172/191
f 214/214/233 276/276/291 277/277/292
f 213/213/232 278/278/293 276/276/291
f 279/279/294 280/280/295 245/245/262
f 166/166/185 252/252/268 239/239/256
f 240/240/257 201/201/220 281/281/296
f 229/229/247 282/282/297 210/210/229
f 283/283/298 237/237/254 167/167/186
f 242/242/259 174/174/193 284/284/299
f 281/281/296 246/246/263 285/285/300
f 285/285/300 190/190/209 286/286/301
f 287/287/302 288/288/303 164/164/183
f 289/289/304 290/290/305 163/163/182
f 291/291/306 292/292/307 289/289/304
f 292/292/307 293/293/308 290/290/305
f 292/292/307 294/294/309 295/295/310
f 296/296/311 297/297/312 286/286/301
f 298/298/313 299/299/314 296/296/311
f 299/299/314 291/291/306 297/297/312
f 300/300/315 301/301/316 299/299/314
f 302/302/317 303/303/318 208/208/227
f 293/293/308 304/304/319 302/302/317
f 304/304/319 298/298/313 303/303/320
f 295/295/310 300/300/315 304/304/319
f 305/305/321 306/306/322 307/307/323
f 308/308/324 309/309/325 305/305/326
f 309/309/325 310/310/327 306/306/322
f 311/311/328 312/312/329 309/309/325
f 313/313/330 314/314/331 281/281/296
f 315/315/332 316/316/333 313/313/330
f 316/316/333 308/308/324 314/314/331
f 317/317/334 311/311/328 316/316/333
f 318/318/335 319/319/336 232/232/250
f 310/310/327 320/320/337 318/318/335
f 320/320/337 315/315/332 319/319/336
f 320/320/337 321/321/338 317/317/334
f 322/322/339 323/323/340 324/324/341
f 325/325/342 326/326/343 322/322/339
f 326/326/343 327/327/344 323/323/340
f 326/326/343 328/328/345 329/329/346
f 330/330/347 331/331/348 273/273/288
f 332/332/349 333/333/350 330/330/347
f 333/333/350 325/325/342 331/331/348
f 334/334/351 335/335/352 333/333/350
f 336/336/353 337/337/354 220/220/239
f 327/327/344 338/338/355 336/336/353
f 338/338/355 332/332/349 337/337/354
f 338/338/355 328/328/345 334/334/351
f 339/339/356 340/340/357 211/211/230
f 341/341/358 342/342/359 339/339/356
f 342/342/359 343/343/360 340/340/357
f 342/342/359 344/344/361 345/345/362
f 346/346/363 347/347/364 348/348/365
f 349/349/366 350/350/367 346/346/363
f 350/350/367 341/341/368 347/347/364
f 350/350/367 344/344/369 351/351/370
f 192/192/371 352/352/372 353/353/373
f 354/354/374 345/345/362 352/352/372
f 353/353/373 355/355/375 349/349/366
f 352/352/372 344/344/376 355/355/375
f 179/179/198 356/356/377 357/357/378
f 358/358/379 359/359/380 356/356/377
f 357/357/378 360/360/381 361/361/382
f 356/356/377 362/362/383 360/360/381
f 363/363/384 364/364/385 365/365/386
f 366/366/387 364/364/385 367/367/388
f 364/364/385 368/368/389 365/365/386
f 364/364/385 362/362/390 359/359/391
f 369/369/392 370/370/393 189/189/208
f 361/361/382 371/371/394 369/369/392
f 371/371/394 366/366/387 370/370/393
f 360/360/395 372/372/396 371/371/394
f 373/373/397 374/374/398 221/221/240
f 375/375/399 376/376/400 373/373/397
f 374/374/398 377/377/401 378/378/402
f 376/376/400 379/379/403 377/377/401
f 228/228/246 380/380/404 381/381/405
f 382/382/406 383/383/407 380/380/404
f 381/381/405 384/384/408 375/375/409
f 380/380/404 379/379/410 384/384/408
f 385/385/411 386/386/412 200/200/219
f 378/378/402 387/387/413 385/385/411
f 387/387/413 388/388/414 386/386/412
f 377/377/401 383/383/407 387/387/413
f 389/389/415 390/390/416 244/244/261
f 391/391/417 392/392/418 389/389/415
f 392/392/418 393/393/419 390/390/416
f 392/392/418 394/394/420 395/395/421
f 396/396/422 397/397/423 283/283/298
f 398/398/424 399/399/425 396/396/422
f 399/399/425 391/391/417 397/397/423
f 400/400/426 401/401/427 399/399/425
f 402/402/428 403/403/429 217/217/236
f 393/393/419 404/404/430 402/402/428
f 404/404/430 398/398/424 403/403/429
f 395/395/421 400/400/426 404/404/430
f 405/405/431 406/406/432 241/241/258
f 407/407/433 408/408/434 405/405/431
f 408/408/434 409/409/435 406/406/432
f 410/410/436 411/411/437 408/408/434
f 412/412/438 413/413/439 233/233/251
f 414/414/440 415/415/441 412/412/438
f 415/415/441 407/407/433 413/413/439
f 415/415/441 416/416/442 410/410/436
f 417/417/443 418/418/444 239/239/256
f 409/409/435 419/419/445 417/417/443
f 419/419/445 414/414/440 418/418/444
f 411/411/437 420/420/446 419/419/445
f 421/421/447 422/422/448 212/212/231
f 423/423/449 424/424/450 421/421/447
f 424/424/450 425/425/451 422/422/448
f 424/424/450 426/426/452 427/427/453
f 428/428/454 429/429/455 257/257/272
f 430/430/456 431/431/457 428/428/454
f 431/431/457 423/423/449 429/429/455
f 432/432/458 433/433/459 431/431/457
f 434/434/460 435/435/461 272/272/287
f 425/425/451 436/436/462 434/434/460
f 436/436/462 430/430/456 435/435/461
f 427/427/453 432/432/458 436/436/462
f 437/437/463 438/438/464 277/277/292
f 439/439/465 440/440/466 437/437/463
f 440/440/466 441/441/467 438/438/464
f 442/442/468 443/443/469 440/440/466
f 444/444/470 445/445/471 446/446/472
f 447/447/473 448/448/474 445/445/471
f 446/446/472 442/442/468 439/439/465
f 445/445/471 449/449/475 442/442/468
f 450/450/476 451/451/477 452/452/478
f 441/441/467 453/453/479 450/450/476
f 453/453/479 454/454/480 451/451/477
f 443/443/469 448/448/474 453/453/479
f 455/455/481 456/456/482 278/278/293
f 457/457/483 458/458/484 455/455/481
f 458/458/484 459/459/485 456/456/482
f 460/460/486 461/461/487 458/458/484
f 462/462/488 463/463/489 268/268/283
f 464/464/490 465/465/491 462/462/488
f 465/465/491 457/457/483 463/463/489
f 466/466/492 460/460/486 465/465/491
f 467/467/493 468/468/494 469/469/495
f 470/470/496 461/461/487 468/468/494
f 469/469/495 466/466/492 464/464/490
f 468/468/494 471/471/497 466/466/492
f 472/472/498 473/473/499 284/284/299
f 474/474/500 475/475/501 472/472/498
f 475/475/501 476/476/502 473/473/499
f 477/477/503 478/478/504 475/475/501
f 479/479/505 480/480/506 481/481/507
f 482/482/508 483/483/509 480/480/506
f 481/481/507 477/477/503 474/474/500
f 480/480/506 484/484/510 477/477/503
f 485/485/511 486/486/512 487/487/513
f 476/476/502 488/488/514 485/485/511
f 488/488/514 489/489/515 486/486/512
f 478/478/504 483/483/509 488/488/514
f 490/490/516 491/491/517 173/173/192
f 492/492/518 493/493/519 490/490/516
f 493/493/519 494/494/520 491/491/517
f 495/495/521 496/496/522 493/493/519
f 497/497/523 498/498/524 264/264/279
f 499/499/525 500/500/526 497/497/523
f 500/500/526 492/492/518 498/498/524
f 501/501/527 495/495/521 500/500/526
f 502/502/528 503/503/529 504/504/530
f 505/505/531 496/496/522 503/503/529
f 504/504/530 501/501/527 499/499/525
f 503/503/529 506/506/532 501/501/527
f 507/507/533 508/508/534 509/509/535
f 510/510/536 511/511/537 507/507/533
f 511/511/537 512/512/538 508/508/534
f 513/513/539 514/514/540 511/511/537
f 515/515/541 516/516/542 265/265/280
f 517/517/543 518/518/544 515/515/541
f 518/518/544 510/510/536 516/516/542
f 519/519/545 513/513/539 518/518/544
f 520/520/546 521/521/547 522/522/548
f 523/523/549 514/514/540 521/521/547
f 522/522/548 519/519/545 517/517/543
f 521/521/547 524/524/550 519/519/545
f 525/525/551 526/526/552 527/527/553
f 528/528/554 529/529/555 525/525/551
f 529/529/555 530/530/556 526/526/552
f 531/531/557 532/532/558 529/529/555
f 533/533/559 534/534/560 269/269/284
f 535/535/561 536/536/562 533/533/559
f 536/536/562 528/528/554 534/534/560
f 537/537/563 531/531/557 536/536/562
f 538/538/564 539/539/565 540/540/566
f 541/541/567 532/532/558 539/539/565
f 540/540/566 537/537/563 535/535/561
f 539/539/565 542/542/568 537/537/563
f 171/171/190 543/543/569 169/169/188
f 543/543/569 544/544/570 545/545/571
f 545/545/571 546/546/572 547/547/573
f 547/547/574 188/188/207 176/176/195
f 171/171/190 357/357/378 548/548/575
f 548/548/575 361/361/382 544/544/570
f 544/544/570 369/369/392 546/546/572
f 546/546/576 189/189/208 188/188/207
f 235/235/253 549/549/577 550/550/578
f 550/550/578 551/551/579 552/552/580
f 552/552/580 553/553/581 554/554/582
f 554/554/582 248/248/265 247/247/264
f 243/243/260 374/374/398 549/549/577
f 549/549/577 378/378/402 551/551/579
f 551/551/579 385/385/411 553/553/581
f 553/553/581 200/200/219 248/248/265
f 209/209/228 382/382/406 228/228/246
f 555/555/583 388/388/414 382/382/406
f 556/556/584 386/386/412 388/388/414
f 557/557/585 200/200/219 386/386/412
f 211/211/230 555/555/583 209/209/228
f 340/340/357 556/556/584 555/555/583
f 343/343/360 557/557/586 556/556/584
f 354/354/587 191/191/588 557/557/585
f 211/211/230 558/558/589 339/339/356
f 339/339/356 559/559/590 341/341/358
f 559/559/591 347/347/364 341/341/368
f 560/560/592 348/348/365 347/347/364
f 210/210/229 561/561/593 558/558/589
f 558/558/589 562/562/594 559/559/590
f 562/562/595 560/560/592 559/559/591
f 563/563/596 197/197/216 560/560/592
f 180/180/199 373/373/397 221/221/240
f 564/564/597 375/375/399 373/373/397
f 565/565/598 381/381/405 375/375/409
f 566/566/599 228/228/246 381/381/405
f 180/180/199 567/567/600 564/564/601
f 567/567/602 565/565/597 564/564/597
f 568/568/603 566/566/604 565/565/598
f 569/569/605 250/250/266 566/566/599
f 179/179/198 570/570/606 358/358/379
f 570/570/606 368/368/607 358/358/379
f 571/571/608 365/365/386 368/368/389
f 572/572/609 363/363/384 365/365/386
f 178/178/197 573/573/610 570/570/606
f 570/570/606 574/574/611 571/571/612
f 574/574/613 572/572/609 571/571/608
f 575/575/614 261/261/276 572/572/609
f 272/272/287 576/576/615 434/434/460
f 434/434/460 577/577/616 425/425/451
f 577/577/616 422/422/448 425/425/451
f 578/578/617 212/212/231 422/422/448
f 204/204/223 331/331/348 576/576/615
f 576/576/615 325/325/342 577/577/616
f 577/577/616 322/322/339 578/578/617
f 578/578/617 324/324/341 226/226/244
f 240/240/257 417/417/443 239/239/256
f 579/579/618 409/409/435 417/417/443
f 580/580/619 406/406/432 409/409/435
f 581/581/620 241/241/258 406/406/432
f 240/240/257 314/314/331 579/579/618
f 579/579/618 308/308/621 580/580/619
f 580/580/619 305/305/321 581/581/620
f 581/581/620 307/307/323 274/274/289
f 285/285/300 313/313/330 281/281/296
f 582/582/622 315/315/332 313/313/330
f 583/583/623 319/319/336 315/315/332
f 584/584/624 232/232/250 319/319/336
f 285/285/300 297/297/312 582/582/622
f 582/582/622 291/291/306 583/583/623
f 583/583/623 289/289/304 584/584/624
f 584/584/624 163/163/182 165/165/184
f 363/363/384 585/585/625 367/367/388
f 367/367/388 586/586/626 366/366/387
f 366/366/387 587/587/627 370/370/393
f 587/587/627 189/189/208 370/370/393
f 260/260/275 588/588/628 585/585/625
f 585/585/625 589/589/629 586/586/626
f 586/586/626 590/590/630 587/587/627
f 587/587/627 238/238/255 259/259/274
f 253/253/269 591/591/631 588/588/628
f 588/588/628 592/592/632 589/589/629
f 589/589/629 593/593/633 590/590/630
f 590/590/630 186/186/205 238/238/255
f 223/223/241 550/550/578 591/591/631
f 591/591/631 552/552/580 592/592/632
f 592/592/632 554/554/582 593/593/633
f 593/593/633 247/247/264 186/186/205
f 256/256/271 330/330/347 273/273/288
f 594/594/634 332/332/349 330/330/347
f 595/595/635 337/337/354 332/332/349
f 596/596/636 220/220/239 337/337/354
f 256/256/271 397/397/423 594/594/634
f 594/594/634 391/391/417 595/595/635
f 595/595/635 389/389/415 596/596/636
f 596/596/636 244/244/261 218/218/237
f 166/166/185 396/396/422 283/283/298
f 597/597/637 398/398/424 396/396/422
f 598/598/638 403/403/429 398/398/424
f 599/599/639 217/217/236 403/403/429
f 166/166/185 418/418/444 597/597/637
f 597/597/637 414/414/440 598/598/638
f 598/598/638 412/412/438 599/599/639
f 599/599/639 233/233/251 215/215/234
f 348/348/365 600/600/640 346/346/363
f 346/346/363 601/601/641 349/349/366
f 601/601/641 353/353/373 349/349/366
f 602/602/642 192/192/211 353/353/373
f 169/169/188 600/600/640 196/196/215
f 543/543/569 601/601/641 600/600/640
f 545/545/571 602/602/642 601/601/641
f 547/547/574 230/230/248 602/602/642
f 225/225/243 296/296/311 286/286/301
f 603/603/643 298/298/644 296/296/311
f 604/604/645 303/303/318 298/298/644
f 605/605/646 208/208/227 303/303/318
f 225/225/243 435/435/461 603/603/643
f 603/603/643 430/430/456 604/604/645
f 604/604/645 428/428/454 605/605/646
f 605/605/646 257/257/272 206/206/225
f 277/277/292 606/606/647 437/437/463
f 437/437/463 607/607/648 439/439/465
f 439/439/465 608/608/649 446/446/472
f 446/446/472 609/609/650 444/444/470
f 278/278/293 606/606/647 276/276/291
f 456/456/482 607/607/648 606/606/647
f 459/459/485 608/608/649 607/607/648
f 470/470/496 609/609/650 608/608/649
f 284/284/299 610/610/651 472/472/498
f 472/472/498 611/611/652 474/474/500
f 474/474/500 612/612/653 481/481/507
f 481/481/507 613/613/654 479/479/505
f 173/173/192 610/610/651 174/174/193
f 491/491/517 611/611/652 610/610/651
f 494/494/520 612/612/653 611/611/652
f 505/505/531 613/613/654 612/612/653
f 264/264/279 614/614/655 497/497/523
f 497/497/523 615/615/656 499/499/525
f 499/499/525 616/616/657 504/504/530
f 504/504/530 617/617/658 502/502/528
f 509/509/535 614/614/655 288/288/303
f 508/508/534 615/615/656 614/614/655
f 512/512/538 616/616/657 615/615/656
f 523/523/549 617/617/658 616/616/657
f 268/268/283 618/618/659 462/462/488
f 462/462/488 619/619/660 464/464/490
f 464/464/490 620/620/661 469/469/495
f 469/469/495 621/621/662 467/467/493
f 527/527/553 618/618/659 280/280/295
f 526/526/552 619/619/660 618/618/659
f 530/530/556 620/620/661 619/619/660
f 541/541/567 621/621/662 620/620/661
f 269/269/284 622/622/663 533/533/559
f 533/533/559 623/623/664 535/535/561
f 535/535/561 624/624/665 540/540/566
f 540/540/566 625/625/666 538/538/564
f 487/487/513 622/622/663 271/271/286
f 486/486/512 623/623/664 622/622/663
f 489/489/515 624/624/665 623/623/664
f 482/482/508 625/625/666 624/624/665
f 265/265/280 626/626/667 515/515/541
f 515/515/541 627/627/668 517/517/543
f 517/517/543 628/628/669 522/522/548
f 522/522/548 629/629/670 520/520/546
f 452/452/478 626/626/667 267/267/282
f 451/451/477 627/627/668 626/626/667
f 454/454/480 628/628/669 627/627/668
f 447/447/473 629/629/670 628/628/669
f 242/242/259 405/405/431 241/241/258
f 630/630/671 407/407/433 405/405/431
f 631/631/672 413/413/439 407/407/433
f 632/632/673 233/233/251 413/413/439
f 284/284/299 630/630/671 242/242/259
f 473/473/499 631/631/672 630/630/671
f 476/476/502 632/632/673 631/631/672
f 632/632/673 487/487/513 270/270/285
f 527/527/553 633/633/674 525/525/551
f 525/525/551 634/634/675 528/528/554
f 528/528/554 635/635/676 534/534/560
f 534/534/560 216/216/235 269/269/284
f 279/279/294 390/390/416 633/633/674
f 633/633/674 393/393/419 634/634/675
f 634/634/675 402/402/428 635/635/676
f 635/635/676 217/217/236 216/216/235
f 220/220/239 636/636/677 336/336/353
f 336/336/353 637/637/678 327/327/344
f 327/327/344 638/638/679 323/323/340
f 323/323/340 227/227/245 324/324/341
f 219/219/238 463/463/489 636/636/677
f 636/636/677 457/457/483 637/637/678
f 637/637/678 455/455/481 638/638/679
f 455/455/481 227/227/245 638/638/679
f 452/452/478 639/639/680 450/450/476
f 450/450/476 640/640/681 441/441/467
f 441/441/467 641/641/682 438/438/464
f 641/641/682 277/277/292 438/438/464
f 266/266/281 429/429/455 639/639/680
f 639/639/680 423/423/449 640/640/681
f 640/640/681 421/421/447 641/641/682
f 641/641/682 212/212/231 214/214/233
f 509/509/535 642/642/683 507/507/533
f 507/507/533 643/643/684 510/510/536
f 510/510/536 644/644/685 516/516/542
f 516/516/542 207/207/226 265/265/280
f 287/287/302 290/290/305 642/642/683
f 642/642/683 293/293/308 643/643/684
f 643/643/684 302/302/317 644/644/685
f 644/644/685 208/208/227 207/207/226
f 231/231/249 318/318/335 232/232/250
f 645/645/686 310/310/327 318/318/335
f 646/646/687 306/306/322 310/310/327
f 647/647/688 307/307/323 306/306/322
f 264/264/279 645/645/686 231/231/249
f 498/498/524 646/646/687 645/645/686
f 492/492/518 647/647/688 646/646/687
f 490/490/516 275/275/290 647/647/688
f 163/163/182 287/287/302 164/164/183
f 166/166/185 283/283/298 167/167/186
f 169/169/188 183/183/202 170/170/189
f 172/172/191 275/275/290 173/173/192
f 175/175/194 230/230/248 176/176/195
f 171/171/190 170/170/189 178/178/197
f 180/180/199 222/222/200 181/181/200
f 183/183/202 198/198/217 184/184/203
f 167/167/186 238/238/255 186/186/205
f 187/187/206 205/205/224 188/188/207
f 190/190/209 246/246/263 191/191/210
f 193/193/212 254/254/270 194/194/213
f 196/196/215 348/348/365 197/197/216
f 199/199/218 248/248/265 200/200/219
f 170/170/189 262/262/277 202/202/221
f 198/198/217 197/197/216 203/203/222
f 204/204/223 272/272/287 177/177/196
f 206/206/225 258/258/273 207/207/226
f 209/209/228 229/229/247 210/210/229
f 212/212/231 226/226/244 213/213/232
f 215/215/234 234/234/252 216/216/235
f 218/218/237 245/245/262 219/219/238
f 221/221/240 243/243/260 222/222/200
f 223/223/241 253/253/269 193/193/212
f 225/225/243 286/286/301 190/190/209
f 226/226/244 324/324/341 227/227/245
f 228/228/246 250/250/266 229/229/247
f 175/175/194 190/190/209 192/192/211
f 165/165/184 164/164/183 231/231/249
f 233/233/251 270/270/285 234/234/252
f 235/235/253 223/223/241 224/224/242
f 237/237/254 259/259/274 238/238/255
f 239/239/256 252/252/268 199/199/218
f 241/241/258 274/274/289 172/172/191
f 243/243/260 235/235/253 236/236/200
f 244/244/261 279/279/294 245/245/262
f 201/201/220 200/200/219 191/191/210
f 199/199/218 252/252/268 247/247/264
f 222/222/200 236/236/200 249/249/200
f 250/250/266 648/648/689 251/251/267
f 252/252/268 168/168/187 186/186/205
f 253/253/269 260/260/275 254/254/270
f 224/224/242 193/193/212 195/195/214
f 236/236/200 224/224/242 255/255/242
f 256/256/271 273/273/288 187/187/206
f 257/257/272 266/266/281 258/258/273
f 169/169/188 196/196/215 198/198/217
f 187/187/206 189/189/208 259/259/274
f 260/260/275 363/363/384 261/261/276
f 205/205/224 177/177/196 176/176/195
f 183/183/202 185/185/204 262/262/277
f 254/254/270 261/261/276 263/263/278
f 164/164/183 288/288/303 264/264/279
f 258/258/273 267/267/282 265/265/280
f 266/266/281 452/452/478 267/267/282
f 245/245/262 280/280/295 268/268/283
f 234/234/252 271/271/286 269/269/284
f 270/270/285 487/487/513 271/271/286
f 272/272/287 225/225/243 175/175/194
f 273/273/288 204/204/223 205/205/224
f 274/274/289 307/307/323 275/275/290
f 214/214/233 213/213/232 276/276/291
f 213/213/232 227/227/245 278/278/293
f 279/279/294 527/527/553 280/280/295
f 166/166/185 168/168/187 252/252/268
f 240/240/257 199/199/218 201/201/220
f 229/229/247 251/251/267 282/282/297
f 283/283/298 256/256/271 237/237/254
f 242/242/259 172/172/191 174/174/193
f 281/281/296 201/201/220 246/246/263
f 285/285/300 246/246/263 190/190/209
f 287/287/302 509/509/535 288/288/303
f 289/289/304 292/292/307 290/290/305
f 291/291/306 301/301/316 292/292/307
f 292/292/307 295/295/310 293/293/308
f 292/292/307 301/301/316 294/294/309
f 296/296/311 299/299/314 297/297/312
f 298/298/313 300/300/315 299/299/314
f 299/299/314 301/301/316 291/291/306
f 300/300/315 294/294/309 301/301/316
f 302/302/317 304/304/319 303/303/318
f 293/293/308 295/295/310 304/304/319
f 304/304/319 300/300/315 298/298/313
f 295/295/310 294/294/309 300/300/315
f 305/305/321 309/309/325 306/306/322
f 308/308/324 311/311/328 309/309/325
f 309/309/325 312/312/329 310/310/327
f 311/311/328 321/321/338 312/312/329
f 313/313/330 316/316/333 314/314/331
f 315/315/332 317/317/334 316/316/333
f 316/316/333 311/311/328 308/308/324
f 317/317/334 321/321/338 311/311/328
f 318/318/335 320/320/337 319/319/336
f 310/310/327 312/312/329 320/320/337
f 320/320/337 317/317/334 315/315/332
f 320/320/337 312/312/329 321/321/338
f 322/322/339 326/326/343 323/323/340
f 325/325/342 335/335/352 326/326/343
f 326/326/343 329/329/346 327/327/344
f 326/326/343 335/335/352 328/328/345
f 330/330/347 333/333/350 331/331/348
f 332/332/349 334/334/351 333/333/350
f 333/333/350 335/335/352 325/325/342
f 334/334/351 328/328/345 335/335/352
f 336/336/353 338/338/355 337/337/354
f 327/327/344 329/329/346 338/338/355
f 338/338/355 334/334/351 332/332/349
f 338/338/355 329/329/346 328/328/345
f 339/339/356 342/342/359 340/340/357
f 341/341/358 351/351/690 342/342/359
f 342/342/359 345/345/362 343/343/360
f 342/342/359 351/351/690 344/344/361
f 346/346/363 350/350/367 347/347/364
f 349/349/366 355/355/375 350/350/367
f 350/350/367 351/351/370 341/341/368
f 350/350/367 355/355/375 344/344/369
f 192/192/371 354/354/374 352/352/372
f 354/354/374 343/343/360 345/345/362
f 353/353/373 352/352/372 355/355/375
f 352/352/372 345/345/362 344/344/376
f 179/179/198 358/358/379 356/356/377
f 358/358/379 368/368/607 359/359/380
f 357/357/378 356/356/377 360/360/381
f 356/356/377 359/359/380 362/362/383
f 363/363/384 367/367/388 364/364/385
f 366/366/387 372/372/691 364/364/385
f 364/364/385 359/359/391 368/368/389
f 364/364/385 372/372/691 362/362/390
f 369/369/392 371/371/394 370/370/393
f 361/361/382 360/360/395 371/371/394
f 371/371/394 372/372/396 366/366/387
f 360/360/395 362/362/692 372/372/396
f 373/373/397 376/376/400 374/374/398
f 375/375/399 384/384/693 376/376/400
f 374/374/398 376/376/400 377/377/401
f 376/376/400 384/384/693 379/379/403
f 228/228/246 382/382/406 380/380/404
f 382/382/406 388/388/414 383/383/407
f 381/381/405 380/380/404 384/384/408
f 380/380/404 383/383/407 379/379/410
f 385/385/411 387/387/413 386/386/412
f 378/378/402 377/377/401 387/387/413
f 387/387/413 383/383/407 388/388/414
f 377/377/401 379/379/403 383/383/407
f 389/389/415 392/392/418 390/390/416
f 391/391/417 401/401/427 392/392/418
f 392/392/418 395/395/421 393/393/419
f 392/392/418 401/401/427 394/394/420
f 396/396/422 399/399/425 397/397/423
f 398/398/424 400/400/426 399/399/425
f 399/399/425 401/401/427 391/391/417
f 400/400/426 394/394/420 401/401/427
f 402/402/428 404/404/430 403/403/429
f 393/393/419 395/395/421 404/404/430
f 404/404/430 400/400/426 398/398/424
f 395/395/421 394/394/420 400/400/426
f 405/405/431 408/408/434 406/406/432
f 407/407/433 410/410/436 408/408/434
f 408/408/434 411/411/437 409/409/435
f 410/410/436 416/416/442 411/411/437
f 412/412/438 415/415/441 413/413/439
f 414/414/440 420/420/446 415/415/441
f 415/415/441 410/410/436 407/407/433
f 415/415/441 420/420/446 416/416/442
f 417/417/443 419/419/445 418/418/444
f 409/409/435 411/411/437 419/419/445
f 419/419/445 420/420/446 414/414/440
f 411/411/437 416/416/442 420/420/446
f 421/421/447 424/424/450 422/422/448
f 423/423/449 433/433/459 424/424/450
f 424/424/450 427/427/453 425/425/451
f 424/424/450 433/433/459 426/426/452
f 428/428/454 431/431/457 429/429/455
f 430/430/456 432/432/458 431/431/457
f 431/431/457 433/433/459 423/423/449
f 432/432/458 426/426/452 433/433/459
f 434/434/460 436/436/462 435/435/461
f 425/425/451 427/427/453 436/436/462
f 436/436/462 432/432/458 430/430/456
f 427/427/453 426/426/452 432/432/458
f 437/437/463 440/440/466 438/438/464
f 439/439/465 442/442/468 440/440/466
f 440/440/466 443/443/469 441/441/467
f 442/442/468 449/449/475 443/443/469
f 444/444/470 447/447/473 445/445/471
f 447/447/473 454/454/480 448/448/474
f 446/446/472 445/445/471 442/442/468
f 445/445/471 448/448/474 449/449/475
f 450/450/476 453/453/479 451/451/477
f 441/441/467 443/443/469 453/453/479
f 453/453/479 448/448/474 454/454/480
f 443/443/469 449/449/475 448/448/474
f 455/455/481 458/458/484 456/456/482
f 457/457/483 460/460/486 458/458/484
f 458/458/484 461/461/487 459/459/485
f 460/460/486 471/471/497 461/461/487
f 462/462/488 465/465/491 463/463/489
f 464/464/490 466/466/492 465/465/491
f 465/465/491 460/460/486 457/457/483
f 466/466/492 471/471/497 460/460/486
f 467/467/493 470/470/496 468/468/494
f 470/470/496 459/459/485 461/461/487
f 469/469/495 468/468/494 466/466/492
f 468/468/494 461/461/487 471/471/497
f 472/472/498 475/475/501 473/473/499
f 474/474/500 477/477/503 475/475/501
f 475/475/501 478/478/504 476/476/502
f 477/477/503 484/484/510 478/478/504
f 479/479/505 482/482/508 480/480/506
f 482/482/508 489/489/515 483/483/509
f 481/481/507 480/480/506 477/477/503
f 480/480/506 483/483/509 484/484/510
f 485/485/511 488/488/514 486/486/512
f 476/476/502 478/478/504 488/488/514
f 488/488/514 483/483/509 489/489/515
f 478/478/504 484/484/510 483/483/509
f 490/490/516 493/493/519 491/491/517
f 492/492/518 495/495/521 493/493/519
f 493/493/519 496/496/522 494/494/520
f 495/495/521 506/506/532 496/496/522
f 497/497/523 500/500/526 498/498/524
f 499/499/525 501/501/527 500/500/526
f 500/500/526 495/495/521 492/492/518
f 501/501/527 506/506/532 495/495/521
f 502/502/528 505/505/531 503/503/529
f 505/505/531 494/494/520 496/496/522
f 504/504/530 503/503/529 501/501/527
f 503/503/529 496/496/522 506/506/532
f 507/507/533 511/511/537 508/508/534
f 510/510/536 513/513/539 511/511/537
f 511/511/537 514/514/540 512/512/538
f 513/513/539 524/524/550 514/514/540
f 515/515/541 518/518/544 516/516/542
f 517/517/543 519/519/545 518/518/544
f 518/518/544 513/513/539 510/510/536
f 519/519/545 524/524/550 513/513/539
f 520/520/546 523/523/549 521/521/547
f 523/523/549 512/512/538 514/514/540
f 522/522/548 521/521/547 519/519/545
f 521/521/547 514/514/540 524/524/550
f 525/525/551 529/529/555 526/526/552
f 528/528/554 531/531/557 529/529/555
f 529/529/555 532/532/558 530/530/556
f 531/531/557 542/542/568 532/532/558
f 533/533/559 536/536/562 534/534/560
f 535/535/561 537/537/563 536/536/562
f 536/536/562 531/531/557 528/528/554
f 537/537/563 542/542/568 531/531/557
f 538/538/564 541/541/567 539/539/565
f 541/541/567 530/530/556 532/532/558
f 540/540/566 539/539/565 537/537/563
f 539/539/565 532/532/558 542/542/568
f 171/171/190 548/548/575 543/543/569
f 543/543/569 548/548/575 544/544/570
f 545/545/571 544/544/570 546/546/572
f 547/547/574 546/546/576 188/188/207
f 171/171/190 179/179/198 357/357/378
f 548/548/575 357/357/378 361/361/382
f 544/544/570 361/361/382 369/369/392
f 546/546/576 369/369/392 189/189/208
f 235/235/253 243/243/260 549/549/577
f 550/550/578 549/549/577 551/551/579
f 552/552/580 551/551/579 553/553/581
f 554/554/582 553/553/581 248/248/265
f 243/243/260 221/221/240 374/374/398
f 549/549/577 374/374/398 378/378/402
f 551/551/579 378/378/402 385/385/411
f 553/553/581 385/385/411 200/200/219
f 209/209/228 555/555/583 382/382/406
f 555/555/583 556/556/584 388/388/414
f 556/556/584 557/557/586 386/386/412
f 557/557/585 191/191/588 200/200/219
f 211/211/230 340/340/357 555/555/583
f 340/340/357 343/343/360 556/556/584
f 343/343/360 354/354/374 557/557/586
f 354/354/587 192/192/694 191/191/588
f 211/211/230 210/210/229 558/558/589
f 339/339/356 558/558/589 559/559/590
f 559/559/591 560/560/592 347/347/364
f 560/560/592 197/197/216 348/348/365
f 210/210/229 282/282/297 561/561/593
f 558/558/589 561/561/593 562/562/594
f 562/562/595 563/563/596 560/560/592
f 563/563/596 203/203/222 197/197/216
f 180/180/199 564/564/601 373/373/397
f 564/564/597 565/565/597 375/375/399
f 565/565/598 566/566/604 381/381/405
f 566/566/599 250/250/266 228/228/246
f 180/180/199 182/182/201 567/567/600
f 567/567/602 568/568/695 565/565/597
f 568/568/603 569/569/696 566/566/604
f 569/569/605 648/648/689 250/250/266
f 179/179/198 178/178/197 570/570/606
f 570/570/606 571/571/612 368/368/607
f 571/571/608 572/572/609 365/365/386
f 572/572/609 261/261/276 363/363/384
f 178/178/197 202/202/221 573/573/610
f 570/570/606 573/573/610 574/574/611
f 574/574/613 575/575/614 572/572/609
f 575/575/614 263/263/278 261/261/276
f 272/272/287 204/204/223 576/576/615
f 434/434/460 576/576/615 577/577/616
f 577/577/616 578/578/617 422/422/448
f 578/578/617 226/226/244 212/212/231
f 204/204/223 273/273/288 331/331/348
f 576/576/615 331/331/348 325/325/342
f 577/577/616 325/325/342 322/322/339
f 578/578/617 322/322/339 324/324/341
f 240/240/257 579/579/618 417/417/443
f 579/579/618 580/580/619 409/409/435
f 580/580/619 581/581/620 406/406/432
f 581/581/620 274/274/289 241/241/258
f 240/240/257 281/281/296 314/314/331
f 579/579/618 314/314/331 308/308/621
f 580/580/619 308/308/621 305/305/321
f 581/581/620 305/305/321 307/307/323
f 285/285/300 582/582/622 313/313/330
f 582/582/622 583/583/623 315/315/332
f 583/583/623 584/584/624 319/319/336
f 584/584/624 165/165/184 232/232/250
f 285/285/300 286/286/301 297/297/312
f 582/582/622 297/297/312 291/291/306
f 583/583/623 291/291/306 289/289/304
f 584/584/624 289/289/304 163/163/182
f 363/363/384 260/260/275 585/585/625
f 367/367/388 585/585/625 586/586/626
f 366/366/387 586/586/626 587/587/627
f 587/587/627 259/259/274 189/189/208
f 260/260/275 253/253/269 588/588/628
f 585/585/625 588/588/628 589/589/629
f 586/586/626 589/589/629 590/590/630
f 587/587/627 590/590/630 238/238/255
f 253/253/269 223/223/241 591/591/631
f 588/588/628 591/591/631 592/592/632
f 589/589/629 592/592/632 593/593/633
f 590/590/630 593/593/633 186/186/205
f 223/223/241 235/235/253 550/550/578
f 591/591/631 550/550/578 552/552/580
f 592/592/632 552/552/580 554/554/582
f 593/593/633 554/554/582 247/247/264
f 256/256/271 594/594/634 330/330/347
f 594/594/634 595/595/635 332/332/349
f 595/595/635 596/596/636 337/337/354
f 596/596/636 218/218/237 220/220/239
f 256/256/271 283/283/298 397/397/423
f 594/594/634 397/397/423 391/391/417
f 595/595/635 391/391/417 389/389/415
f 596/596/636 389/389/415 244/244/261
f 166/166/185 597/597/637 396/396/422
f 597/597/637 598/598/638 398/398/424
f 598/598/638 599/599/639 403/403/429
f 599/599/639 215/215/234 217/217/236
f 166/166/185 239/239/256 418/418/444
f 597/597/637 418/418/444 414/414/440
f 598/598/638 414/414/440 412/412/438
f 599/599/639 412/412/438 233/233/251
f 348/348/365 196/196/215 600/600/640
f 346/346/363 600/600/640 601/601/641
f 601/601/641 602/602/642 353/353/373
f 602/602/642 230/230/248 192/192/211
f 169/169/188 543/543/569 600/600/640
f 543/543/569 545/545/571 601/601/641
f 545/545/571 547/547/573 602/602/642
f 547/547/574 176/176/195 230/230/248
f 225/225/243 603/603/643 296/296/311
f 603/603/643 604/604/645 298/298/644
f 604/604/645 605/605/646 303/303/318
f 605/605/646 206/206/225 208/208/227
f 225/225/243 272/272/287 435/435/461
f 603/603/643 435/435/461 430/430/456
f 604/604/645 430/430/456 428/428/454
f 605/605/646 428/428/454 257/257/272
f 277/277/292 276/276/291 606/606/647
f 437/437/463 606/606/647 607/607/648
f 439/439/465 607/607/648 608/608/649
f 446/446/472 608/608/649 609/609/650
f 278/278/293 456/456/482 606/606/647
f 456/456/482 459/459/485 607/607/648
f 459/459/485 470/470/496 608/608/649
f 470/470/496 467/467/493 609/609/650
f 284/284/299 174/174/193 610/610/651
f 472/472/498 610/610/651 611/611/652
f 474/474/500 611/611/652 612/612/653
f 481/481/507 612/612/653 613/613/654
f 173/173/192 491/491/517 610/610/651
f 491/491/517 494/494/520 611/611/652
f 494/494/520 505/505/531 612/612/653
f 505/505/531 502/502/528 613/613/654
f 264/264/279 288/288/303 614/614/655
f 497/497/523 614/614/655 615/615/656
f 499/499/525 615/615/656 616/616/657
f 504/504/530 616/616/657 617/617/658
f 509/509/535 508/508/534 614/614/655
f 508/508/534 512/512/538 615/615/656
f 512/512/538 523/523/549 616/616/657
f 523/523/549 520/520/546 617/617/658
f 268/268/283 280/280/295 618/618/659
f 462/462/488 618/618/659 619/619/660
f 464/464/490 619/619/660 620/620/661
f 469/469/495 620/620/661 621/621/662
f 527/527/553 526/526/552 618/618/659
f 526/526/552 530/530/556 619/619/660
f 530/530/556 541/541/567 620/620/661
f 541/541/567 538/538/564 621/621/662
f 269/269/284 271/271/286 622/622/663
f 533/533/559 622/622/663 623/623/664
f 535/535/561 623/623/664 624/624/665
f 540/540/566 624/624/665 625/625/666
f 487/487/513 486/486/512 622/622/663
f 486/486/512 489/489/515 623/623/664
f 489/489/515 482/482/508 624/624/665
f 482/482/508 479/479/505 625/625/666
f 265/265/280 267/267/282 626/626/667
f 515/515/541 626/626/667 627/627/668
f 517/517/543 627/627/668 628/628/669
f 522/522/548 628/628/669 629/629/670
f 452/452/478 451/451/477 626/626/667
f 451/451/477 454/454/480 627/627/668
f 454/454/480 447/447/473 628/628/669
f 447/447/473 444/444/470 629/629/670
f 242/242/259 630/630/671 405/405/431
f 630/630/671 631/631/672 407/407/433
f 631/631/672 632/632/673 413/413/439
f 632/632/673 270/270/285 233/233/251
f 284/284/299 473/473/499 630/630/671
f 473/473/499 476/476/502 631/631/672
f 476/476/502 485/485/511 632/632/673
f 632/632/673 485/485/511 487/487/513
f 527/527/553 279/279/294 633/633/674
f 525/525/551 633/633/674 634/634/675
f 528/528/554 634/634/675 635/635/676
f 534/534/560 635/635/676 216/216/235
f 279/279/294 244/244/261 390/390/416
f 633/633/674 390/390/416 393/393/419
f 634/634/675 393/393/419 402/402/428
f 635/635/676 402/402/428 217/217/236
f 220/220/239 219/219/238 636/636/677
f 336/336/353 636/636/677 637/637/678
f 327/327/344 637/637/678 638/638/679
f 323/323/340 638/638/679 227/227/245
f 219/219/238 268/268/283 463/463/489
f 636/636/677 463/463/489 457/457/483
f 637/637/678 457/457/483 455/455/481
f 455/455/481 278/278/293 227/227/245
f 452/452/478 266/266/281 639/639/680
f 450/450/476 639/639/680 640/640/681
f 441/441/467 640/640/681 641/641/682
f 641/641/682 214/214/233 277/277/292
f 266/266/281 257/257/272 429/429/455
f 639/639/680 429/429/455 423/423/449
f 640/640/681 423/423/449 421/421/447
f 641/641/682 421/421/447 212/212/231
f 509/509/535 287/287/302 642/642/683
f 507/507/533 642/642/683 643/643/684
f 510/510/536 643/643/684 644/644/685
f 516/516/542 644/644/685 207/207/226
f 287/287/302 163/163/182 290/290/305
f 642/642/683 290/290/305 293/293/308
f 643/643/684 293/293/308 302/302/317
f 644/644/685 302/302/317 208/208/227
f 231/231/249 645/645/686 318/318/335
f 645/645/686 646/646/687 310/310/327
f 646/646/687 647/647/688 306/306/322
f 647/647/688 275/275/290 307/307/323
f 264/264/279 498/498/524 645/645/686
f 498/498/524 492/492/518 646/646/687
f 492/492/518 490/490/516 647/647/688
f 490/490/516 173/173/192 275/275/290
