# Holocron_Esquina_InfDerFre
# origen puesto en el pivote de la pieza
# pivote en coordenadas del modelo: -47.98773 5.37640 0.65458
mtllib Holocron.mtl
o Holocron_Esquina_InfDerFre
v 5.022455 -2.635373 2.540690
v 5.004045 -0.235860 4.979226
v 5.007185 -2.620072 2.525800
v 5.031580 -0.266517 5.012042
v 2.591635 -2.686696 4.980905
v 5.016310 -0.251214 4.997153
v 2.610048 -5.089178 2.539313
v 5.022593 -5.022616 0.087225
v 2.594774 -5.073875 2.524423
v 0.166960 -5.125134 4.961619
v 0.182230 -5.140436 4.976510
v 5.037725 -2.650676 2.555581
v 5.019320 -0.251165 4.994118
v 0.182230 -5.137479 4.979549
v 2.606905 -2.701999 4.995796
v 5.007322 -5.007314 0.072335
v 2.579504 -5.058572 2.509532
v 2.576364 -2.671394 4.966015
v 5.001039 -0.235912 4.982261
v 0.151690 -5.109832 4.946729
v 5.040865 -5.034885 0.102153
v 5.025595 -5.019583 0.087262
v 5.010324 -5.004282 0.072372
v 0.166960 -5.122178 4.964658
v 5.041174 -5.036720 0.102721
v 5.041548 -5.035477 0.103718
v 5.040636 -5.036027 0.101213
v 5.040674 -5.037701 0.102157
v 5.041365 -5.037309 0.104142
v 5.041597 -5.036086 0.105478
v 5.040838 -5.037884 0.103417
v 5.037863 -5.037917 0.102115
v 5.039690 -5.038219 0.102704
v 5.039011 -5.037667 0.101193
v 5.038435 -5.038616 0.103683
v 5.040258 -5.038425 0.104130
v 5.039988 -5.037003 0.100876
v 5.041006 -5.036618 0.107165
v 5.039518 -5.038117 0.107151
v 5.039865 -5.036995 0.108523
v 5.040644 -5.037721 0.105573
v 5.039019 -5.038686 0.105451
v 5.034590 -0.266466 5.009008
v 5.034895 -0.267086 5.010829
v 5.034357 -0.265560 5.010175
v 5.035273 -0.268046 5.009558
v 5.035089 -0.268521 5.011378
v 5.034391 -0.266550 5.011823
v 5.033705 -0.265251 5.011163
v 5.034559 -0.267813 5.011973
v 5.033247 -0.271548 5.012101
v 5.034735 -0.271521 5.010605
v 5.033594 -0.272887 5.010942
v 5.032743 -0.269868 5.012718
v 5.034368 -0.269962 5.011750
v 5.035326 -0.269819 5.010119
v 5.033979 -0.268540 5.012492
v 5.033411 -0.267111 5.012327
v 5.032156 -0.268100 5.012697
v 5.032728 -0.265587 5.011819
v 0.182840 -5.139301 4.979827
v 0.181311 -5.138631 4.979311
v 0.183821 -5.138045 4.980210
v 0.184278 -5.139860 4.979997
v 0.182287 -5.140280 4.979315
v 0.180986 -5.139597 4.978650
v 0.183557 -5.140439 4.979469
v 0.187300 -5.140562 4.978121
v 0.187300 -5.139095 4.979629
v 0.188658 -5.139419 4.978475
v 0.185602 -5.141157 4.977623
v 0.185717 -5.140226 4.979261
v 0.185602 -5.138613 4.980238
v 0.184278 -5.140949 4.978876
v 0.182840 -5.140764 4.978322
v 0.183821 -5.141112 4.977057
v 0.181311 -5.140231 4.977666
v 5.002531 -0.234306 4.979435
v 5.002764 -0.235351 4.978194
v 5.003889 -0.234817 4.980467
v 5.002073 -0.234055 4.980311
v 5.001242 -0.234450 4.978625
v 5.001184 -0.235446 4.977278
v 5.001245 -0.234183 4.979488
v 5.001207 -0.234329 4.980768
v 5.002256 -0.234842 4.982108
v 4.999983 -0.235397 4.980996
v 5.000387 -0.234464 4.979487
v 5.003260 -0.234459 4.981478
v 4.999548 -0.236134 4.976620
v 4.998396 -0.236152 4.977783
v 4.998106 -0.237308 4.976322
v 4.999918 -0.234943 4.978156
v 4.999060 -0.235480 4.979425
v 5.008810 -5.004445 0.070811
v 5.010168 -5.005491 0.071290
v 5.009039 -5.003234 0.071891
v 5.007521 -5.003639 0.070978
v 5.008356 -5.005314 0.070532
v 5.009542 -5.006492 0.070903
v 5.007524 -5.004495 0.070685
v 5.004675 -5.002844 0.072706
v 5.005823 -5.001682 0.072720
v 5.004377 -5.001416 0.073904
v 5.005335 -5.004466 0.071986
v 5.006193 -5.003184 0.071484
v 5.007460 -5.002321 0.072013
v 5.006666 -5.004501 0.070967
v 5.007490 -5.005778 0.070794
v 5.006266 -5.006035 0.071856
v 5.008543 -5.007133 0.071270
v 0.151690 -5.106876 4.949768
v 0.150122 -5.107034 4.948265
v 0.151190 -5.105808 4.948505
v 0.150621 -5.108102 4.949603
v 0.149855 -5.107896 4.947803
v 0.150274 -5.106195 4.946988
v 0.151293 -5.104857 4.946937
v 0.149996 -5.107055 4.946985
v 0.150122 -5.108334 4.946929
v 0.150621 -5.109701 4.947959
v 0.151190 -5.108539 4.945697
v 0.150274 -5.107034 4.946125
v 0.150248 -5.109093 4.948968
v 0.151991 -5.104165 4.945306
v 0.151991 -5.105296 4.944143
v 0.153170 -5.103840 4.943858
v 0.150774 -5.105698 4.945667
v 0.151293 -5.106947 4.944789
v 5.038412 -2.651762 2.556637
v 5.038462 -2.652955 2.557797
v 5.037870 -2.654072 2.558883
v 5.036730 -2.654943 2.559731
v 2.607985 -2.703077 4.996454
v 2.609167 -2.704245 4.996479
v 2.610266 -2.705329 4.995866
v 2.611120 -2.706159 4.994708
v 2.613405 -5.089342 2.542640
v 2.612307 -5.089924 2.541541
v 2.611128 -5.089867 2.540373
v 2.614256 -5.088208 2.543503
v 5.002756 -2.618874 2.524634
v 5.004415 -2.618836 2.524597
v 5.005972 -2.619257 2.525007
v 5.001242 -2.619364 2.525112
v 2.575151 -2.670133 4.961617
v 2.575121 -2.670128 4.963279
v 2.575548 -2.670571 4.964824
v 2.575628 -2.670584 4.960090
v 2.578688 -5.057360 2.508742
v 2.578260 -5.055804 2.508343
v 2.578291 -5.054142 2.508394
v 2.578768 -5.052628 2.508889
v 5.017458 -0.250284 4.996928
v 5.018434 -0.249949 4.996271
v 5.019087 -0.250258 4.995285
v 5.023741 -5.022366 0.086302
v 5.024717 -5.021701 0.085986
v 5.025366 -5.020724 0.086323
v 0.166037 -5.124930 4.962776
v 0.165716 -5.124295 4.963760
v 0.166037 -5.123330 4.964420
v 4.188589 -2.277575 3.834154
v 4.173307 -3.070918 2.980584
v 4.191374 -3.089065 2.998256
v 3.061453 -4.230644 2.987854
v 2.369894 -4.333094 3.589629
v 3.027983 -4.340490 2.908125
v 3.632345 -2.298659 4.380258
v 2.658514 -3.238845 4.345238
v 2.676603 -3.263060 4.370567
v 4.018938 -4.041032 2.141724
v 4.155012 -3.870226 2.123959
v 4.000875 -4.022884 2.124053
v 4.086607 -2.070087 4.156596
v 3.635153 -2.302757 4.380666
v 3.668154 -2.404633 4.241933
v 1.451185 -4.458749 4.328954
v 1.466707 -4.484538 4.357301
v 4.409918 -4.417061 1.341169
v 4.112101 -4.395972 1.593890
v 4.385778 -4.392159 1.317903
v 3.612040 -2.276611 4.356920
v 4.113008 -1.727893 4.335170
v 3.589457 -2.252087 4.330964
v 2.990419 -4.458467 2.824183
v 2.181040 -3.942722 4.186887
v 2.681746 -3.264301 4.371480
v 1.470797 -4.486094 4.358899
v 4.259817 -2.237163 3.807786
v 4.433508 -2.970966 2.874609
v 4.431311 -1.502274 4.384079
v 2.383055 -4.445889 3.385286
v 1.933794 -4.426329 3.790559
v 2.495573 -4.418500 3.224042
v 4.159437 -1.767831 4.383892
v 4.403032 -1.485078 4.360161
v 4.137487 -1.748951 4.360859
v 4.080664 -4.222218 1.953156
v 4.435896 -4.438260 1.366369
v 4.258589 -3.878589 2.124187
v 1.434042 -4.430260 4.297641
v 4.377024 -1.468157 4.333631
v 3.056746 -3.110102 4.143689
v 2.894033 -3.171251 4.248492
v 4.037928 -2.274782 3.989653
v 4.167520 -2.256464 3.822570
v 4.185583 -2.274611 3.840242
v 4.431963 -2.968257 2.871459
v 4.406103 -1.485052 4.357047
v 4.429335 -1.500167 4.380776
v 3.884264 -2.277975 4.142079
v 3.041521 -3.087472 4.120174
v 3.866201 -2.259827 4.124409
v 3.060026 -4.224720 2.987931
v 2.225145 -4.216421 3.795670
v 2.243212 -4.234569 3.813342
v 2.236055 -4.085444 3.974983
v 2.213919 -3.921053 4.112821
v 2.231981 -3.939201 4.130492
v 4.431581 -4.439413 1.362052
v 4.132002 -4.420934 1.621426
v 2.996737 -4.459545 2.809034
v 3.062609 -4.435909 2.699855
v 4.040979 -2.274673 3.994133
v 3.059587 -3.105620 4.137846
v 2.216845 -3.915117 4.115940
v 4.434587 -4.436410 1.362091
v 4.409506 -2.949528 2.849149
v 4.161165 -1.773217 4.384092
v 4.176092 -3.882408 2.144685
v 4.194155 -3.900555 2.162357
v 3.876844 -4.214872 2.162520
v 3.041964 -4.206572 2.970260
v 3.698973 -4.449621 2.100835
v 3.707712 -4.426847 2.049295
v 2.057955 -4.255805 3.989952
v 2.273287 -4.469391 3.547725
v 3.881510 -4.220763 2.159179
v 4.040010 -4.063747 2.159110
v 3.882868 -4.211837 2.159490
v 3.864801 -4.193689 2.141819
v 4.149870 -4.443339 1.646142
v 2.240133 -4.231686 3.819474
v 2.217993 -4.067296 3.957311
v 4.303205 -3.036369 2.943088
v 3.697981 -4.448513 2.110562
v 4.150740 -4.442229 1.653948
v 3.717447 -4.401474 1.991870
v 4.412909 -4.414051 1.341201
v 4.384439 -2.928624 2.824246
v 3.698111 -4.314524 2.249364
v 2.281980 -4.470489 3.530127
v 1.861139 -4.454397 3.911957
v 3.136003 -4.409575 2.578214
v 2.235037 -4.091177 3.977646
v 3.890268 -2.274953 4.139065
v 4.019865 -2.256635 3.971981
v 1.793287 -4.478422 4.032581
v 1.795691 -4.479678 4.021308
v 1.451223 -4.461769 4.325802
v 2.638460 -3.211996 4.317158
v 1.434080 -4.433293 4.294484
v 4.158030 -3.864261 2.127014
v 4.149458 -2.238317 3.804899
v 3.872206 -2.256807 4.121394
v 4.001799 -2.238487 3.954310
v 2.195852 -3.902906 4.095150
v 2.207083 -4.198272 3.777999
v 3.858778 -4.196723 2.144849
v 3.023901 -4.188425 2.952588
v 3.888998 -2.274813 4.147943
v 2.230787 -3.939033 4.139436
v 4.037004 -4.059179 2.159396
v 4.173075 -3.888373 2.141630
v 3.023458 -3.069325 4.102503
v 3.848139 -2.241681 4.106736
v 2.198778 -3.896970 4.098268
v 2.222071 -4.213539 3.801801
v 2.199930 -4.049148 3.939640
v 4.201036 -3.904061 2.159055
v 4.380110 -1.468142 4.330507
v 2.239195 -4.240562 3.818771
v 3.846739 -4.175542 2.124147
v 4.198233 -3.089338 2.998367
v 4.195456 -2.274537 3.837593
v 4.170526 -2.259428 3.816483
v 4.155245 -3.052771 2.962913
v 4.189871 -2.277740 3.835535
v 4.188356 -2.276438 3.835553
v 4.191626 -2.277220 3.836673
v 4.189630 -2.276716 3.836724
v 4.187704 -2.275475 3.837202
v 4.190336 -2.276259 3.837999
v 4.189230 -2.275990 3.837802
v 4.193693 -2.275325 3.838074
v 4.193586 -2.276096 3.837396
v 4.191202 -2.275616 3.838746
v 4.192224 -2.276130 3.837955
v 4.190760 -2.276016 3.838482
v 4.190966 -2.276716 3.837554
v 4.186731 -2.274833 3.838848
v 4.188353 -2.275365 3.839507
v 4.188860 -2.275564 3.838683
v 4.193888 -3.905871 2.160024
v 4.192297 -3.905147 2.159532
v 4.191137 -3.906521 2.159302
v 4.196733 -3.905175 2.160231
v 4.194418 -3.905041 2.160230
v 4.193274 -3.903531 2.160194
v 4.196314 -3.904888 2.160649
v 4.194799 -3.904166 2.160669
v 4.199163 -3.903868 2.160661
v 4.199244 -3.904539 2.159890
v 4.197199 -3.903134 2.161853
v 4.197790 -3.904396 2.160732
v 4.196539 -3.903975 2.161357
v 4.193930 -3.901919 2.161186
v 4.195440 -3.901971 2.162448
v 4.195204 -3.903117 2.161407
v 4.195906 -3.904395 2.160909
v 2.234579 -3.935239 4.134793
v 2.233759 -3.934641 4.133366
v 2.234907 -3.933264 4.133611
v 2.233683 -3.937030 4.136315
v 2.233751 -3.936225 4.134524
v 2.232801 -3.936252 4.132689
v 2.233282 -3.937759 4.134979
v 2.233171 -3.937184 4.134058
v 2.231981 -3.939180 4.137478
v 2.232351 -3.938362 4.137945
v 2.232630 -3.939262 4.135089
v 2.232836 -3.938429 4.136538
v 2.233057 -3.938498 4.135119
v 2.233526 -3.937507 4.135662
v 2.232176 -3.937853 4.131679
v 2.232630 -3.939270 4.132637
v 2.232794 -3.938205 4.133466
v 4.428965 -1.499154 4.381821
v 4.430330 -1.500856 4.381912
v 4.428255 -1.498807 4.382779
v 4.429934 -1.499980 4.382952
v 4.431055 -1.501497 4.382939
v 4.430014 -1.500224 4.384229
v 4.430635 -1.500662 4.383868
v 4.427671 -1.500765 4.384762
v 4.427317 -1.499179 4.383505
v 4.426294 -1.500210 4.383886
v 4.429106 -1.501351 4.385104
v 4.428648 -1.499940 4.384322
v 4.429419 -1.499519 4.383800
v 4.430624 -1.501265 4.384415
v 4.430384 -1.501880 4.384866
v 4.431398 -1.501995 4.383700
v 4.429792 -1.500600 4.384804
v 1.466886 -4.486246 4.357884
v 1.468031 -4.484965 4.358337
v 1.465673 -4.485539 4.356864
v 1.466257 -4.487264 4.357303
v 1.467947 -4.486812 4.358557
v 1.469274 -4.485410 4.359005
v 1.467260 -4.487452 4.357859
v 1.466742 -4.487536 4.354151
v 1.466749 -4.487809 4.356402
v 1.465692 -4.487161 4.355159
v 1.468840 -4.488227 4.356530
v 1.467726 -4.488250 4.355244
v 1.465319 -4.486460 4.356112
v 1.470247 -4.485807 4.359202
v 1.469919 -4.487470 4.357815
v 1.468912 -4.487158 4.358356
v 1.467768 -4.488017 4.357494
v 4.432722 -4.439165 1.361121
v 4.432661 -4.440107 1.363118
v 4.433695 -4.438507 1.360801
v 4.433767 -4.439714 1.362282
v 4.434698 -4.439899 1.363375
v 4.433859 -4.440131 1.364313
v 4.435038 -4.439368 1.362896
v 4.435102 -4.438218 1.362460
v 4.434347 -4.437540 1.361141
v 4.435442 -4.436974 1.363511
v 4.435617 -4.438780 1.363588
v 4.434614 -4.439202 1.361867
v 4.434996 -4.439483 1.365455
v 4.436148 -4.437975 1.365826
v 4.435431 -4.439145 1.364522
v 4.435987 -4.437523 1.364823
v 2.240839 -4.233804 3.819439
v 2.240393 -4.232802 3.818057
v 2.240908 -4.236234 3.819294
v 2.241049 -4.234581 3.818322
v 2.241072 -4.233741 3.816395
v 2.241590 -4.236060 3.817782
v 2.241465 -4.235127 3.817261
v 2.240763 -4.239039 3.818169
v 2.240332 -4.238607 3.819059
v 2.242079 -4.237365 3.816926
v 2.241186 -4.237638 3.818353
v 2.241873 -4.236730 3.817474
v 2.241354 -4.236228 3.818525
v 2.242060 -4.234361 3.814739
v 2.242937 -4.235796 3.815231
v 2.242079 -4.235559 3.816255
v 3.881479 -4.212988 2.159722
v 3.882540 -4.214253 2.160209
v 3.879850 -4.213970 2.160380
v 3.881582 -4.214905 2.160413
v 3.882162 -4.216798 2.160402
v 3.880629 -4.215385 2.160824
v 3.881639 -4.216625 2.160799
v 3.878561 -4.216075 2.162397
v 3.878221 -4.214630 2.161362
v 3.880053 -4.217616 2.161719
v 3.879621 -4.215810 2.161483
v 3.881029 -4.216364 2.161023
v 3.881803 -4.219083 2.160041
v 3.881086 -4.219263 2.160589
v 3.881369 -4.217981 2.160794
v 3.880697 -4.216997 2.161379
v 3.885645 -2.276822 4.141856
v 3.886003 -2.277873 4.143270
v 3.887270 -2.275843 4.141205
v 3.887060 -2.276971 4.143019
v 3.887510 -2.277238 4.144803
v 3.888464 -2.276538 4.143571
v 3.888144 -2.276898 4.144194
v 3.889940 -2.275705 4.141483
v 3.888895 -2.275186 4.140224
v 3.889582 -2.275942 4.144019
v 3.888998 -2.275910 4.142130
v 3.889070 -2.276327 4.143837
v 3.888056 -2.276318 4.142603
v 3.888563 -2.276163 4.146443
v 3.889254 -2.275629 4.146288
v 3.888815 -2.276346 4.145179
v 3.847418 -2.240832 4.105475
v 3.849516 -2.240456 4.106582
v 3.847265 -2.240147 4.103909
v 3.848852 -2.239559 4.105246
v 3.851141 -2.239451 4.105955
v 3.848665 -2.239067 4.103969
v 3.850222 -2.238787 4.104790
v 3.848658 -2.239643 4.100828
v 3.849081 -2.238664 4.102649
v 3.847700 -2.239731 4.102278
v 3.849997 -2.238573 4.101124
v 3.850367 -2.238207 4.103113
v 3.849710 -2.238597 4.103971
v 3.852766 -2.238820 4.104951
v 3.852964 -2.238041 4.102690
v 3.854139 -2.238659 4.103721
v 3.851492 -2.238229 4.103920
v 3.851511 -2.238012 4.101778
v 2.197569 -3.898349 4.098090
v 2.197935 -3.896239 4.097009
v 2.196588 -3.899961 4.097435
v 2.196676 -3.897668 4.096756
v 2.197264 -3.896062 4.095438
v 2.195925 -3.899028 4.096277
v 2.196196 -3.897463 4.095476
v 2.195230 -3.901723 4.094128
v 2.195986 -3.901562 4.096402
v 2.195196 -3.900258 4.093233
v 2.195391 -3.900279 4.095385
v 2.195364 -3.899148 4.094590
v 2.196806 -3.897391 4.092325
v 2.195810 -3.897854 4.094143
v 2.195749 -3.898737 4.092600
v 2.196867 -3.896466 4.093793
v 2.195738 -3.898509 4.095462
v 3.845568 -4.174486 2.123562
v 3.845350 -4.176765 2.124304
v 3.844114 -4.173560 2.123564
v 3.844080 -4.175711 2.123748
v 3.843721 -4.177770 2.124935
v 3.842958 -4.174892 2.123752
v 3.842802 -4.176582 2.124302
v 3.841272 -4.172621 2.125238
v 3.841677 -4.174425 2.124227
v 3.842607 -4.172906 2.124152
v 3.840303 -4.174067 2.125312
v 3.841249 -4.175753 2.124612
v 3.842298 -4.175755 2.124133
v 3.842092 -4.178406 2.125944
v 3.839998 -4.177289 2.126362
v 3.840715 -4.178576 2.127177
v 3.841429 -4.177044 2.125080
v 3.839853 -4.175706 2.125706
v 4.156237 -3.868853 2.124123
v 4.153963 -3.869050 2.123368
v 4.157240 -3.867237 2.124761
v 4.155188 -3.867577 2.123560
v 4.153036 -3.867602 2.123366
v 4.156061 -3.866314 2.124120
v 4.154371 -3.866460 2.123561
v 4.156752 -3.863539 2.126190
v 4.157869 -3.865624 2.125776
v 4.155172 -3.863384 2.125526
v 4.156515 -3.864954 2.124903
v 4.155230 -3.864767 2.124428
v 4.152082 -3.864778 2.125042
v 4.153902 -3.865182 2.124036
v 4.153532 -3.863819 2.125123
v 4.152380 -3.866102 2.123954
v 4.155233 -3.865807 2.123947
v 4.152307 -2.240071 3.800213
v 4.151175 -2.240442 3.798116
v 4.152464 -2.241281 3.798811
v 4.151678 -2.239083 3.801862
v 4.150946 -2.239183 3.799570
v 4.149591 -2.239768 3.797986
v 4.150492 -2.238424 3.800958
v 4.149652 -2.238699 3.799402
v 4.148397 -2.237703 3.803739
v 4.150679 -2.238467 3.803507
v 4.147467 -2.237672 3.802290
v 4.149622 -2.237880 3.802247
v 4.148798 -2.237858 3.801131
v 4.146505 -2.239286 3.799418
v 4.148325 -2.238306 3.799837
v 4.146803 -2.238228 3.800773
v 4.147951 -2.239362 3.798444
v 4.149660 -2.238237 3.800459
v 2.204187 -4.196584 3.782710
v 2.203405 -4.194319 3.782976
v 2.204004 -4.195391 3.784130
v 2.204836 -4.197551 3.781046
v 2.203611 -4.195511 3.781456
v 2.203390 -4.193364 3.781538
v 2.204184 -4.196353 3.780152
v 2.203604 -4.194672 3.780349
v 2.206247 -4.196980 3.777312
v 2.205851 -4.198143 3.779392
v 2.205564 -4.195402 3.777202
v 2.204966 -4.196778 3.778759
v 2.204477 -4.195491 3.778609
v 2.205038 -4.192353 3.778694
v 2.204069 -4.194175 3.779065
v 2.205141 -4.193777 3.777688
v 2.203962 -4.192674 3.780034
v 2.204000 -4.195516 3.779664
v 3.633257 -2.299729 4.381091
v 2.678923 -3.264515 4.371974
v 3.634111 -2.300885 4.381461
v 2.680380 -3.264634 4.371974
v 3.634775 -2.301948 4.381312
v 2.677595 -3.263961 4.371480
v 4.150560 -4.444038 1.647601
v 3.698591 -4.450335 2.103380
v 4.150969 -4.444072 1.649597
v 3.698271 -4.450375 2.106121
v 4.151030 -4.443437 1.651825
v 3.698053 -4.449735 2.108643
v 4.432878 -2.969129 2.872494
v 4.433496 -2.969951 2.873455
v 4.433718 -2.970596 2.874198
v 4.405867 -1.484129 4.358237
v 4.405199 -1.483811 4.359246
v 4.404203 -1.484142 4.359922
v 4.379869 -1.467220 4.331696
v 4.379202 -1.466900 4.332710
v 4.378202 -1.467228 4.333388
v 4.411062 -4.416820 1.340244
v 4.412035 -4.416162 1.339925
v 4.412683 -4.415191 1.340261
v 4.386927 -4.391916 1.316978
v 4.387899 -4.391260 1.316660
v 4.388544 -4.390289 1.316996
v 1.450254 -4.459923 4.328701
v 1.449938 -4.460908 4.328013
v 1.450277 -4.461557 4.326996
v 1.433111 -4.431435 4.297385
v 1.432795 -4.432424 4.296695
v 1.433134 -4.433077 4.295677
v 3.058592 -3.109148 4.142195
v 3.059778 -3.107963 4.140560
v 3.060129 -3.106722 4.139032
v 4.039618 -4.062760 2.159961
v 4.038908 -4.061546 2.160315
v 4.037989 -4.060289 2.160116
v 4.196363 -3.089995 2.999066
v 4.194406 -3.090174 2.999290
v 4.192656 -3.089847 2.999006
v 1.793299 -4.480435 4.025858
v 1.792002 -4.480463 4.029599
v 1.791998 -4.479755 4.031959
v 2.277807 -4.471260 3.536496
v 2.274691 -4.471322 3.542077
v 2.273104 -4.470665 3.546020
v 2.993952 -4.460290 2.814008
v 2.991770 -4.460347 2.818633
v 2.990530 -4.459706 2.822206
v 2.236185 -4.089745 3.977369
v 2.236784 -4.088152 3.976765
v 2.236738 -4.086641 3.975928
v 3.061666 -4.229137 2.988626
v 3.061468 -4.227482 2.988911
v 3.060896 -4.225931 2.988668
v 4.160345 -1.768908 4.384722
v 4.160994 -1.770311 4.385052
v 4.161280 -1.771824 4.384829
v 4.040567 -2.275478 3.993161
v 4.039846 -2.275779 3.991968
v 4.038916 -2.275537 3.990736
v 3.022642 -3.068502 4.101310
v 3.022219 -3.068061 4.099765
v 3.022245 -3.068071 4.098103
v 3.022718 -3.068528 4.096576
v 3.999796 -4.021804 2.123394
v 3.998617 -4.020631 2.123369
v 3.997522 -4.019544 2.123982
v 3.996672 -4.018708 2.125139
v 4.154036 -3.051953 2.962118
v 4.152479 -3.051530 2.961708
v 4.150820 -3.051565 2.961745
v 4.149302 -3.052052 2.962224
v 2.199247 -4.048063 3.938582
v 2.199198 -4.046872 3.937421
v 2.199785 -4.045760 3.936334
v 2.200926 -4.044895 3.935486
v 3.023085 -4.187209 2.951798
v 3.022657 -4.185653 2.951398
v 3.022688 -4.183993 2.951452
v 3.023161 -4.182480 2.951949
v 4.000719 -2.237799 3.953249
v 3.999540 -2.237743 3.952079
v 3.998442 -2.238327 3.950978
v 3.997591 -2.239464 3.950114
v 3.863417 -4.194839 2.142051
v 3.861784 -4.195819 2.142708
v 3.860159 -4.196481 2.143690
v 2.222330 -4.214653 3.800383
v 2.223005 -4.215592 3.798720
v 2.223993 -4.216212 3.797065
v 2.214117 -3.919707 4.114010
v 2.214739 -3.918105 4.115021
v 2.215696 -3.916494 4.115698
v 3.870829 -2.257038 4.122552
v 3.869207 -2.257692 4.123532
v 3.867582 -2.258671 4.124183
v 4.170294 -2.258293 3.817884
v 4.169641 -2.257331 3.819533
v 4.168669 -2.256688 3.821179
v 4.175863 -3.883772 2.143516
v 4.175211 -3.885384 2.142524
v 4.174231 -3.887001 2.141862
v 4.388769 -4.389151 1.317937
v 5.003618 -2.916828 4.124624
v 5.000250 -2.990113 3.784635
v 5.003138 -3.149928 3.952208
v 5.006308 -3.374438 3.768708
v 5.057085 -3.568659 3.550448
v 5.057997 -3.356320 3.749465
v 4.999559 -3.213104 3.599561
v 4.995771 -3.265965 3.233326
v 4.998651 -3.425533 3.400638
v 4.997271 -3.646112 2.802523
v 5.047976 -3.824068 2.599188
v 4.995851 -3.810146 2.584835
v 4.996222 -3.807853 2.972132
v 4.997683 -4.131789 2.922105
v 4.999105 -3.967638 3.139672
v 5.006998 -3.151594 3.953936
v 5.058687 -3.133474 3.934692
v 5.001299 -2.828361 3.615016
v 5.054388 -2.591890 3.808691
v 5.053431 -2.842286 3.629371
v 4.999704 -3.264017 3.231265
v 5.050703 -3.477199 3.034285
v 4.998571 -3.463278 3.019931
v 5.000402 -3.784533 3.356796
v 5.001532 -3.585113 3.567962
v 4.994638 -3.465230 3.021997
v 4.997519 -3.624878 3.189392
v 5.046419 -3.970679 2.379450
v 4.994299 -3.956758 2.365097
v 4.998316 -4.411705 2.478521
v 5.051680 -4.262004 2.684912
v 5.000021 -4.280111 2.704145
v 5.001570 -4.133487 2.923866
v 5.054655 -3.951206 3.122180
v 5.002981 -3.969321 3.141418
v 5.044588 -4.108217 2.140660
v 4.992472 -4.094297 2.126308
v 5.041880 -4.269207 1.812439
v 4.989763 -4.255288 1.798088
v 4.994318 -4.641494 1.993412
v 5.048052 -4.512996 2.223271
v 4.996420 -4.531098 2.242495
v 4.994799 -3.971953 2.754513
v 4.996126 -4.278398 2.702365
v 5.037825 -4.480621 1.339451
v 4.985712 -4.466702 1.325101
v 5.033007 -4.721335 0.783838
v 4.980894 -4.707414 0.769488
v 4.992109 -4.747250 1.736780
v 5.045938 -4.623399 1.974193
v 4.991468 -4.253142 2.302580
v 4.992495 -4.529832 2.239726
v 4.994410 -4.410037 2.476608
v 5.007475 -2.918627 4.126262
v 5.059164 -2.900510 4.107019
v 5.007750 -2.668847 4.292190
v 5.059435 -2.650726 4.272946
v 5.005915 -2.207106 4.010189
v 5.066355 -1.655472 4.311833
v 5.058042 -2.221028 4.024545
v 4.996679 -3.053449 3.432157
v 5.007833 -2.397294 4.458179
v 5.059523 -2.379177 4.438935
v 5.007822 -2.116795 4.622751
v 5.059511 -2.098677 4.603509
v 5.014227 -1.641550 4.297478
v 5.077406 -0.977361 4.640816
v 5.002932 -2.438110 4.151349
v 4.998320 -2.580068 3.796324
v 5.000967 -2.748432 3.960459
v 5.108759 -3.550544 3.531210
v 5.109671 -3.338205 3.730227
v 5.107836 -3.803385 2.966924
v 5.108679 -4.092877 2.880779
v 5.106413 -3.967488 2.749305
v 5.049398 -3.660032 2.816877
v 5.100100 -3.837989 2.613541
v 5.102591 -3.988731 2.398115
v 5.103083 -4.248675 2.297372
v 5.100763 -4.126207 2.159491
v 5.110357 -3.115359 3.915455
v 5.110830 -2.882398 4.087785
v 5.051836 -3.277938 3.245620
v 5.104876 -3.079346 3.458805
v 5.103968 -3.291862 3.259974
v 5.102835 -3.491124 3.048640
v 5.052744 -3.065422 3.444450
v 5.105558 -2.856208 3.643727
v 5.055956 -3.768089 3.339290
v 5.053236 -4.115374 2.904630
v 5.106329 -3.933091 3.102943
v 5.104898 -4.097261 2.885396
v 5.096704 -4.122137 2.155011
v 5.104147 -3.842099 2.617833
v 5.104856 -4.114108 2.529577
v 5.049963 -4.393600 2.459293
v 5.103334 -4.243895 2.665680
v 5.101610 -4.375495 2.440064
v 5.089941 -4.494538 1.353801
v 5.100775 -4.388868 2.015251
v 5.098062 -4.286693 1.832363
v 5.099691 -4.494894 2.204047
v 5.043714 -4.729160 1.717567
v 5.097567 -4.605301 1.954973
v 5.085119 -4.735253 0.798188
v 5.114130 -3.111014 3.910880
v 5.111177 -3.208637 3.594353
v 5.111868 -2.985646 3.779427
v 5.106520 -2.605813 3.823046
v 5.110174 -2.234951 4.038900
v 5.111093 -2.632618 4.253714
v 5.111170 -2.361071 4.419707
v 5.112585 -2.743967 3.955251
v 5.114923 -2.626979 4.249978
v 5.114614 -2.877880 4.083322
v 5.118483 -1.669396 4.326186
v 5.129530 -0.991283 4.655170
v 5.111143 -2.076883 4.586453
v 5.000612 -3.051497 3.430095
v 5.016939 -1.536310 4.626586
v 5.059584 -2.090496 4.605823
v 5.068487 -1.534247 4.624181
v 5.063303 -2.093654 4.604264
v 5.108915 -3.083427 3.463067
v 5.109602 -2.860300 3.647997
v 5.101526 -3.673957 2.831230
v 5.108007 -3.295943 3.264235
v 5.007132 -2.019559 4.377988
v 5.001944 -2.210185 4.011634
v 5.002447 -3.372775 3.766982
v 5.114172 -2.240450 4.042380
v 5.118746 -2.015091 4.372780
v 5.114550 -2.433643 4.146141
v 4.986666 -4.728170 1.251139
v 5.033022 -4.723076 0.784311
v 5.038340 -4.726102 1.248728
v 5.085115 -4.736820 0.798641
v 5.089998 -4.724036 1.246317
v 5.107119 -4.239485 2.661038
v 5.004274 -3.786204 3.358531
v 5.113440 -3.333863 3.725656
v 5.110266 -3.421066 3.395430
v 5.107630 -3.749974 3.320052
v 5.012587 -1.544764 4.622517
v 5.010183 -1.646941 4.297769
v 5.004137 -2.113502 4.622078
v 5.004076 -2.392640 4.458307
v 5.115164 -2.074532 4.580813
v 5.115091 -2.353068 4.417395
v 5.122396 -1.677740 4.328246
v 5.124186 -1.541549 4.616665
v 4.989161 -4.393334 2.020460
v 4.990362 -4.641168 1.988477
v 4.991911 -3.812121 2.586924
v 4.993242 -4.118575 2.534785
v 5.098539 -3.984599 2.393802
v 5.101347 -4.602637 1.946313
v 5.097689 -4.549778 1.654218
v 4.993338 -3.648071 2.804598
v 4.990355 -3.958751 2.367205
v 5.109137 -3.620411 3.184183
v 5.106874 -3.495208 3.052905
v 5.002256 -2.577968 3.794336
v 5.110556 -2.610084 3.827211
v 4.986074 -4.554243 1.659426
v 4.988188 -4.744344 1.738095
v 4.981791 -4.467315 1.330360
v 4.982614 -4.724451 1.260438
v 5.094034 -4.496912 1.362101
v 5.094244 -4.719268 1.256909
v 5.089304 -4.733092 0.816970
v 5.099180 -4.705444 1.696823
v 5.077394 -0.977880 4.642541
v 5.025373 -0.963998 4.628354
v 5.003920 -2.666148 4.291135
v 5.129541 -0.991789 4.656751
v 5.103483 -4.491047 2.198144
v 5.005400 -3.586778 3.569690
v 5.105574 -3.678051 2.835506
v 5.105402 -4.371141 2.435249
v 4.988527 -4.096244 2.128551
v 5.093996 -4.283126 1.826790
v 5.095324 -4.711066 1.698352
v 5.110098 -3.928726 3.098346
v 5.111395 -3.745621 3.315470
v 5.112524 -3.546200 3.526636
v 4.997366 -2.830318 3.617086
v 4.985826 -4.256840 1.801196
v 4.980928 -4.709315 0.769974
v 4.979567 -4.708421 0.770639
v 4.981173 -4.709186 0.768651
v 4.979425 -4.708717 0.772853
v 4.978315 -4.707501 0.772891
v 4.979647 -4.708018 0.769334
v 4.978701 -4.707315 0.771408
v 4.977304 -4.704388 0.779507
v 4.977324 -4.706143 0.779780
v 4.977041 -4.704556 0.782774
v 4.978128 -4.704872 0.775835
v 4.977716 -4.706126 0.775887
v 4.978159 -4.707602 0.776297
v 4.978304 -4.706341 0.772693
v 4.979551 -4.707113 0.770384
v 4.979391 -4.705934 0.772316
v 4.981153 -4.708155 0.768388
v 5.006556 -2.109660 4.625092
v 5.008162 -2.110500 4.624645
v 5.008093 -2.108527 4.624846
v 5.005266 -2.111003 4.624654
v 5.006620 -2.111522 4.624785
v 5.008135 -2.112763 4.624175
v 5.005407 -2.112461 4.624689
v 5.005754 -2.113439 4.624504
v 5.004808 -2.113558 4.623986
v 5.004415 -2.112353 4.623595
v 5.004381 -2.114711 4.623040
v 5.005362 -2.114530 4.624191
v 5.008017 -2.114973 4.623512
v 5.006376 -2.116494 4.623406
v 5.006533 -2.114831 4.623966
v 5.005167 -2.115761 4.623506
v 5.023924 -0.964664 4.627386
v 5.023756 -0.966896 4.627597
v 5.025579 -0.962662 4.628265
v 5.024012 -0.963337 4.627037
v 5.022612 -0.966903 4.626349
v 5.022371 -0.970320 4.626304
v 5.023024 -0.965399 4.626231
v 5.025274 -0.963439 4.626462
v 5.023893 -0.964341 4.626093
v 5.025526 -0.962361 4.627239
v 5.023699 -0.966217 4.624841
v 5.022596 -0.966642 4.625203
v 5.021425 -0.973754 4.624676
v 5.021418 -0.973376 4.622944
v 5.021067 -0.976669 4.622957
v 5.021929 -0.969842 4.624840
v 5.022345 -0.969706 4.623605
v 5.086729 -4.736656 0.800512
v 5.086695 -4.736789 0.802776
v 5.085356 -4.736813 0.797326
v 5.086737 -4.736385 0.799145
v 5.087866 -4.736178 0.803896
v 5.088045 -4.736071 0.807710
v 5.087526 -4.735968 0.802054
v 5.086729 -4.735514 0.800337
v 5.086687 -4.734351 0.802416
v 5.087858 -4.735142 0.803791
v 5.088964 -4.734773 0.812694
v 5.088953 -4.733182 0.812581
v 5.088469 -4.734918 0.807895
v 5.088034 -4.733625 0.807469
v 5.131071 -0.993570 4.656537
v 5.129755 -0.990468 4.656774
v 5.130999 -0.995816 4.656601
v 5.132128 -0.996853 4.655963
v 5.131094 -0.992211 4.656304
v 5.131834 -0.995043 4.655803
v 5.133001 -1.005232 4.652673
v 5.132997 -1.005395 4.654276
v 5.133234 -1.009485 4.652456
v 5.132215 -1.000281 4.653266
v 5.132635 -1.000713 4.654570
v 5.132212 -1.000595 4.655731
v 5.132132 -0.996718 4.654918
v 5.131067 -0.993361 4.655386
v 5.130999 -0.995381 4.654143
v 5.059553 -2.092495 4.605602
v 5.059530 -2.094750 4.605084
v 5.059515 -2.096922 4.604347
v 5.000715 -3.785582 3.357895
v 5.001844 -3.586158 3.569058
v 5.001562 -3.786270 3.358610
v 5.002687 -3.586842 3.569772
v 5.002809 -3.786488 3.358834
v 5.003939 -3.587059 3.569993
v 4.999418 -3.968692 3.140776
v 5.000265 -3.969383 3.141496
v 5.001516 -3.969603 3.141721
v 4.996054 -3.264892 3.232201
v 4.996962 -3.052376 3.431031
v 4.996901 -3.264146 3.231413
v 4.997808 -3.051628 3.430244
v 4.998182 -3.263839 3.231085
v 4.997648 -2.829243 3.615957
v 4.998495 -2.828493 3.615168
v 4.999090 -3.051319 3.429915
v 5.003447 -3.150976 3.953304
v 5.002756 -3.373821 3.768078
v 5.004290 -3.151660 3.954017
v 5.003599 -3.374505 3.768791
v 5.005537 -3.151877 3.954240
v 5.004847 -3.374722 3.769012
v 4.994921 -3.464157 3.020870
v 4.993620 -3.646994 2.803466
v 4.995768 -3.463407 3.020081
v 4.994467 -3.646244 2.802675
v 4.997053 -3.463100 3.019752
v 4.995748 -3.645933 2.802343
v 4.992193 -3.811038 2.585788
v 4.990641 -3.957660 2.366061
v 4.993044 -3.810282 2.584991
v 4.991487 -3.956899 2.365259
v 4.994326 -3.809969 2.584657
v 4.992773 -3.956584 2.364920
v 4.997995 -4.132850 2.923216
v 4.998846 -4.133546 2.923941
v 5.000097 -4.133769 2.924170
v 4.996443 -4.279466 2.703484
v 4.997290 -4.280165 2.704215
v 4.998548 -4.280393 2.704447
v 4.994722 -4.411089 2.477780
v 4.995577 -4.411776 2.478555
v 4.996839 -4.411990 2.478815
v 4.992811 -4.530732 2.241227
v 4.993669 -4.531286 2.242279
v 4.994936 -4.531417 2.242725
v 4.988810 -4.095170 2.127355
v 4.986105 -4.255918 1.799669
v 4.989656 -4.094425 2.126508
v 4.986952 -4.255300 1.798542
v 4.990942 -4.094119 2.126141
v 4.988237 -4.255078 1.797987
v 4.988493 -4.745875 1.738036
v 4.982901 -4.725927 1.256937
v 4.989347 -4.746964 1.737765
v 4.983767 -4.727149 1.253941
v 4.990618 -4.747448 1.737324
v 4.985090 -4.727937 1.251905
v 4.990686 -4.641710 1.990808
v 4.991552 -4.641962 1.992565
v 4.992830 -4.641886 1.993478
v 4.982061 -4.466751 1.328008
v 4.982904 -4.466437 1.326183
v 4.984182 -4.466421 1.325161
v 4.998606 -2.578939 3.795226
v 4.999453 -2.578141 3.794462
v 4.999777 -2.828184 3.614837
v 5.002241 -2.208680 4.010743
v 5.003099 -2.207566 4.010157
v 5.000738 -2.577800 3.794150
v 5.004393 -2.207014 4.009962
v 5.004217 -2.667589 4.291973
v 5.003927 -2.917927 4.125687
v 5.005049 -2.668609 4.292468
v 5.004770 -2.918655 4.126371
v 5.006289 -2.669048 4.292545
v 5.006014 -2.918901 4.126573
v 5.012945 -1.541581 4.624136
v 5.013899 -1.538856 4.625477
v 5.015303 -1.537007 4.626336
v 5.010508 -1.644550 4.297322
v 5.011389 -1.642687 4.297108
v 5.012693 -1.641633 4.297164
v 5.004347 -2.394833 4.458693
v 5.005156 -2.396485 4.458804
v 5.006384 -2.397353 4.458623
v 5.110216 -3.549803 3.530424
v 5.109087 -3.749231 3.319267
v 5.111444 -3.548715 3.529280
v 5.110315 -3.748143 3.318121
v 5.112257 -3.547452 3.527950
v 5.111128 -3.746876 3.316788
v 5.107786 -3.932349 3.102156
v 5.109014 -3.931256 3.101006
v 5.109827 -3.929985 3.099669
v 5.106405 -3.079984 3.459466
v 5.105497 -3.292500 3.260636
v 5.107710 -3.080982 3.460508
v 5.106802 -3.293498 3.261678
v 5.108591 -3.082191 3.461773
v 5.107683 -3.294707 3.262942
v 5.107092 -2.856847 3.644388
v 5.108397 -2.857848 3.645432
v 5.109278 -2.859060 3.646699
v 5.111128 -3.337464 3.729442
v 5.111818 -3.114619 3.914670
v 5.112356 -3.336378 3.728298
v 5.113047 -3.113533 3.913525
v 5.113169 -3.335114 3.726969
v 5.113859 -3.112267 3.912195
v 5.103056 -3.674594 2.831893
v 5.104364 -3.491761 3.049302
v 5.104364 -3.675597 2.832937
v 5.105669 -3.492760 3.050344
v 5.105246 -3.676809 2.834207
v 5.106550 -3.493972 3.051610
v 5.100073 -3.985241 2.394468
v 5.101633 -3.838630 2.614206
v 5.101381 -3.986251 2.395521
v 5.102941 -3.839635 2.615254
v 5.102266 -3.987477 2.396802
v 5.103823 -3.840855 2.616528
v 5.106363 -4.096517 2.884607
v 5.107595 -4.095421 2.883452
v 5.108404 -4.094142 2.882108
v 5.104803 -4.243147 2.664888
v 5.106035 -4.242044 2.663728
v 5.106848 -4.240760 2.662376
v 5.103079 -4.374750 2.439259
v 5.104315 -4.373660 2.438061
v 5.105131 -4.372394 2.436653
v 5.101164 -4.494186 2.203157
v 5.102400 -4.493208 2.201723
v 5.103216 -4.492105 2.199962
v 5.095530 -4.283724 1.827552
v 5.098242 -4.122774 2.155689
v 5.096846 -4.284614 1.828879
v 5.099550 -4.123771 2.156779
v 5.097734 -4.285656 1.830568
v 5.100439 -4.124976 2.158114
v 5.091593 -4.723622 1.247065
v 5.096807 -4.710221 1.697793
v 5.092958 -4.722570 1.249339
v 5.098062 -4.708856 1.697305
v 5.093893 -4.721042 1.252795
v 5.098894 -4.707179 1.696965
v 5.099039 -4.604683 1.953872
v 5.100275 -4.603959 1.951840
v 5.101088 -4.603241 1.949185
v 5.091478 -4.495047 1.354770
v 5.092794 -4.495676 1.356687
v 5.093695 -4.496331 1.359261
v 5.108049 -2.606465 3.823699
v 5.109354 -2.607505 3.824721
v 5.110235 -2.608776 3.825954
v 5.111700 -2.235696 4.039501
v 5.112997 -2.237003 4.040374
v 5.113867 -2.238672 4.041384
v 5.112291 -2.881642 4.087008
v 5.112562 -2.631776 4.252991
v 5.113523 -2.880519 4.085886
v 5.113806 -2.630407 4.252027
v 5.114340 -2.879198 4.084593
v 5.114634 -2.628724 4.250969
v 5.120150 -1.532179 4.621770
v 5.121729 -1.532841 4.621321
v 5.123049 -1.534854 4.620195
v 5.123915 -1.537911 4.618560
v 5.112635 -2.076289 4.585582
v 5.113920 -2.075632 4.584203
v 5.114809 -2.075015 4.582529
v 5.120005 -1.670359 4.326680
v 5.121283 -1.672281 4.327245
v 5.122122 -1.674873 4.327796
v 5.112650 -2.360048 4.419091
v 5.113913 -2.358169 4.418436
v 5.114771 -2.355718 4.417840
v 5.077417 -0.976501 4.642452
v 5.033007 -4.722933 0.782919
v 5.158808 -4.751452 4.532221
v 5.109743 -4.715036 2.703202
v 5.115278 -4.751655 4.532713
v 4.649015 -5.187501 0.821641
v 2.712042 -5.221808 2.599453
v 4.913134 -5.178842 0.374064
v 1.016458 -5.252772 4.579836
v 2.849009 -5.197560 4.560030
v 2.849279 -5.241048 4.559214
v 1.015921 -5.165795 4.581469
v 2.848742 -5.154071 4.560847
v 4.681482 -5.138011 4.536043
v 3.447096 -5.122901 3.325070
v 4.660593 -5.103637 2.698990
v 4.676092 -1.069624 5.101465
v 2.713083 -2.812332 5.088705
v 2.847849 -2.929802 5.085188
v 5.168554 -4.714801 2.702650
v 5.104204 -4.678417 0.873688
v 4.679094 -2.921585 5.013758
v 4.670420 -1.081639 5.001636
v 4.678598 -2.920757 4.968176
v 2.830790 -5.115357 2.720459
v 4.639719 -5.069298 0.863712
v 5.146696 -1.073248 4.607862
v 5.163233 -2.760703 2.626314
v 5.144217 -0.597366 4.858949
v 1.033087 -4.784922 5.064604
v 2.854021 -4.774533 4.999241
v 1.025068 -4.784118 5.020308
v 5.059347 -2.919300 4.566593
v 5.038565 -2.883649 2.740122
v 5.051229 -1.092741 4.599823
v 4.682535 -4.764158 4.934685
v 2.849768 -4.773736 4.955349
v 5.182249 -4.924041 0.393683
v 5.161833 -2.643598 2.518726
v 0.519602 -5.028757 5.069392
v 2.578325 -2.694867 5.092222
v 0.019163 -5.267952 5.069868
v 4.906569 -0.595905 5.108019
v 5.160402 -2.880094 2.736029
v 5.104189 -4.675379 0.872497
v 5.178293 -4.675112 0.871891
v 5.150633 -2.916830 4.569861
v 5.115271 -4.747481 4.537051
v 5.107138 -2.917031 4.570353
v 4.928507 -5.236503 4.775131
v 2.592451 -5.255875 5.036560
v 2.719728 -5.250640 4.799986
v 2.597208 -5.221004 2.495528
v 5.177042 -5.170190 -0.073157
v 5.163118 -4.756172 4.540970
v 5.174543 -4.959763 2.583901
v 5.172846 -4.719401 2.700373
v 5.142508 -1.085076 4.600170
v 5.101591 -2.880327 2.736578
v 5.138262 -0.119527 5.111160
v 3.444426 -3.518385 3.367720
v 2.577444 -2.694235 5.088793
v 4.929232 -5.002621 5.018835
v 2.592665 -5.251468 5.040901
v 5.166063 -5.234967 5.011935
v 4.920820 -5.207674 2.574599
v 4.669855 -5.210555 2.682081
v 5.155527 -2.796425 4.816532
v 5.154905 -2.914568 4.574406
v 5.176241 -5.200109 2.467436
v 5.181925 -5.165385 -0.072451
v 5.171617 -5.204794 2.467184
v 4.687765 -4.761458 5.021696
v 4.687273 -4.760668 4.978205
v 1.031778 -4.781885 5.064711
v 2.845823 -2.931192 5.034876
v 2.850096 -2.932025 5.080870
v 0.510946 -5.264774 4.824841
v 0.018232 -5.272359 5.065689
v 4.667910 -1.081277 5.049371
v 4.668409 -1.082142 5.097048
v 4.679590 -2.922411 5.059342
v 4.670916 -1.082503 5.049310
v 5.166838 -4.995484 4.774119
v 5.156149 -2.678296 5.058628
v 5.170557 -5.234800 5.007273
v 1.020159 -4.789503 5.068915
v 2.724417 -5.015689 5.044113
v 2.856184 -4.779878 5.047327
v 4.690718 -5.233609 4.542696
v 5.141909 -0.121228 5.110418
v 5.030111 -4.678682 0.874295
v 5.050932 -4.715271 2.703751
v 4.682096 -5.229324 4.538588
v 4.681826 -5.185838 4.539404
v 2.828268 -5.218112 2.705183
v 4.641111 -5.128432 0.844533
v 2.828016 -5.168838 2.711077
v 2.597521 -5.217796 2.496006
v 5.158335 -2.643103 2.518362
v 5.178404 -5.166668 -0.074424
v 1.015165 -5.252741 4.576824
v 1.014898 -5.209243 4.577647
v 4.686308 -5.229245 4.534281
v 4.665094 -5.157088 2.690403
v 4.665342 -5.206351 2.684513
v 5.151587 -2.678408 5.063257
v 4.917898 -2.799264 5.063429
v 2.858274 -4.775330 5.043133
v 4.683031 -4.764948 4.978173
v 5.137083 -0.122108 5.114574
v 0.016649 -5.268922 5.066424
v 5.166162 -5.239396 5.007437
v 4.681559 -5.142348 4.540222
v 2.827768 -5.119559 2.716971
v 1.014635 -5.165746 4.578469
v 4.640882 -5.073364 0.855585
v 5.063646 -2.917234 4.570843
v 5.030085 -4.675641 0.873104
v 5.098989 -1.085278 4.600662
v 5.042776 -2.880560 2.737129
v 1.023760 -4.781085 5.020380
v 2.841555 -2.930360 4.988880
v 4.686777 -4.759878 4.934716
v 4.667406 -1.080412 5.001694
v 5.182577 -4.682660 0.859889
v 5.164637 -2.877835 2.733927
v 5.142500 -1.086381 4.603163
v 5.099009 -1.086582 4.603653
v 5.055513 -1.086785 4.604143
v 5.071749 -4.751858 4.533205
v 4.692396 -4.770269 5.025736
v 4.682466 -4.759823 4.930502
v 3.456354 -3.541541 4.966547
v 2.851458 -4.769390 4.951147
v 2.844183 -2.933283 4.984543
v 1.022207 -4.778949 4.971771
v 2.847105 -5.245397 4.563217
v 1.004225 -5.257181 4.583716
v 2.850786 -5.149720 4.556643
v 1.021845 -5.161417 4.577223
v 4.686041 -5.185746 4.535097
v 4.664850 -5.107821 2.696295
v 5.046675 -4.711069 2.705998
v 5.025900 -4.674557 0.880421
v 5.067472 -4.747618 4.533331
v 5.048193 -3.504373 3.337284
v 4.684233 -2.920109 5.063597
v 4.674299 -2.922841 4.963925
v 4.666140 -1.087635 4.997314
v 1.017054 -4.783315 4.976012
v 2.826319 -5.222345 2.702896
v 4.644155 -5.128431 0.845783
v 4.644381 -5.183458 0.834736
v 4.643930 -5.073402 0.856831
v 5.158808 -4.751160 4.533860
v 5.160437 -4.751833 4.534155
v 5.158800 -4.750265 4.535258
v 5.160376 -4.751534 4.535185
v 5.161825 -4.752862 4.536495
v 5.160364 -4.750229 4.536522
v 5.161253 -4.751561 4.536509
v 5.160410 -4.749194 4.536858
v 5.158785 -4.748902 4.536207
v 5.158766 -4.747278 4.536560
v 5.161814 -4.751557 4.537802
v 5.162279 -4.752947 4.537853
v 5.162767 -4.754386 4.538889
v 1.030962 -4.784047 5.064913
v 1.029669 -4.784792 5.066313
v 1.027754 -4.785815 5.067436
v 1.026754 -4.786319 5.067707
v 1.025545 -4.786945 5.068115
v 5.178297 -4.678153 0.873081
v 5.179941 -4.678457 0.870307
v 5.178289 -4.677898 0.871685
v 5.182264 -4.681810 0.862350
v 5.182257 -4.680897 0.863168
v 5.178286 -4.676252 0.871040
v 5.179880 -4.677833 0.869070
v 5.181147 -4.678949 0.867613
v 5.181341 -4.680075 0.865496
v 5.142500 -1.084974 4.602957
v 5.144026 -1.082751 4.603050
v 5.144930 -1.081386 4.603761
v 5.145494 -1.079933 4.604530
v 5.142508 -1.084269 4.601339
v 5.145475 -1.079044 4.605062
v 4.644133 -5.183245 0.833352
v 4.644514 -5.184898 0.831296
v 4.644079 -5.185054 0.830102
v 4.644979 -5.185784 0.829426
v 4.645723 -5.186377 0.828486
v 4.641340 -5.183499 0.833481
v 4.642488 -5.183268 0.832672
v 4.646498 -5.186813 0.826588
v 4.647230 -5.187236 0.824865
v 4.648233 -5.187220 0.823694
v 4.685488 -4.766099 5.023260
v 4.685156 -4.765405 5.021649
v 4.683523 -4.765737 5.021658
v 4.687864 -4.767086 5.024596
v 4.686514 -4.765773 5.023197
v 4.686533 -4.764475 5.021652
v 4.687853 -4.765787 5.024061
v 4.689150 -4.765770 5.024609
v 4.689234 -4.767149 5.025032
v 4.690290 -4.768551 5.025465
v 4.687448 -4.763088 5.021668
v 4.688139 -4.763408 5.023283
v 4.687826 -4.764443 5.023211
v 4.671774 -1.080434 5.098673
v 4.671179 -1.081966 5.097017
v 4.671415 -1.083364 5.096987
v 4.671980 -1.078319 5.099533
v 4.670897 -1.079291 5.098707
v 4.669554 -1.081304 5.097049
v 4.672453 -1.077379 5.099968
v 4.673449 -1.075314 5.100590
v 4.686666 -5.230900 4.536204
v 4.686003 -5.229272 4.535916
v 4.687632 -5.232309 4.538477
v 4.686354 -5.230858 4.537211
v 4.685095 -5.229296 4.537306
v 4.686377 -5.231753 4.538500
v 4.685064 -5.230883 4.538529
v 4.688726 -5.233268 4.541085
v 4.686392 -5.232333 4.539738
v 4.687704 -5.232781 4.539774
v 4.683722 -5.229314 4.538246
v 4.684065 -5.230950 4.538862
v 1.013445 -5.254427 4.580130
v 1.014315 -5.252777 4.578974
v 1.010073 -5.255881 4.580969
v 1.010992 -5.255580 4.580529
v 1.012648 -5.254367 4.579403
v 1.008951 -5.256314 4.581503
v 5.140791 -0.119627 5.111061
v 5.141386 -0.121739 5.111709
v 5.140985 -0.120488 5.109491
v 5.140722 -0.120222 5.109520
v 5.139955 -0.119312 5.112413
v 5.140379 -0.121874 5.113199
v 5.139162 -0.118909 5.111933
v 5.140039 -0.119632 5.110319
v 5.137209 -0.119703 5.112488
v 5.137995 -0.119485 5.113512
v 5.138864 -0.122004 5.114206
v 5.136572 -0.121031 5.114336
v 5.138636 -0.120090 5.113844
v 5.136602 -0.120346 5.113758
v 5.178732 -5.169382 -0.074537
v 5.178904 -5.169813 -0.073002
v 5.176733 -5.169147 -0.074233
v 5.180483 -5.168767 -0.072813
v 5.178736 -5.168751 -0.075473
v 5.180334 -5.168579 -0.074861
v 5.179144 -5.167383 -0.075183
v 5.177359 -5.168008 -0.074461
v 5.179731 -5.165595 -0.074357
v 5.180510 -5.166964 -0.075351
v 5.181543 -5.167214 -0.072619
v 5.181639 -5.164901 -0.073289
v 5.181128 -5.166990 -0.074298
v 5.180868 -5.164974 -0.073958
v 5.170229 -5.234848 5.009043
v 5.170248 -5.236555 5.007303
v 5.169260 -5.234897 5.010552
v 5.169756 -5.236535 5.008993
v 5.169306 -5.238046 5.007345
v 5.168699 -5.237502 5.009945
v 5.169111 -5.237886 5.008967
v 5.166098 -5.236687 5.011568
v 5.167795 -5.234939 5.011566
v 5.166128 -5.238131 5.010584
v 5.167761 -5.236598 5.011044
v 5.169088 -5.236529 5.010350
v 5.167799 -5.238569 5.009039
v 5.166155 -5.239082 5.009133
v 5.167871 -5.239044 5.007391
v 5.167738 -5.237923 5.010363
v 0.018053 -5.267414 5.069626
v 0.018949 -5.269661 5.069521
v 0.017183 -5.267410 5.068886
v 0.017054 -5.269422 5.069155
v 0.018698 -5.271097 5.068606
v 0.015829 -5.269364 5.068569
v 0.016474 -5.270936 5.068445
v 0.015898 -5.269712 5.067259
v 0.016691 -5.267938 5.067763
v 0.016539 -5.270240 5.065525
v 0.015657 -5.271054 5.066935
v 0.016733 -5.271655 5.067011
v 0.017397 -5.272101 5.065129
v 0.018446 -5.272046 5.067261
v 5.028532 -4.678003 0.874007
v 5.028494 -4.678392 0.875695
v 5.030096 -4.678426 0.872898
v 5.028559 -4.677471 0.872937
v 5.027285 -4.677356 0.875166
v 5.027128 -4.677505 0.877350
v 5.027651 -4.677012 0.874127
v 5.028517 -4.676356 0.873361
v 5.030081 -4.676781 0.872254
v 5.028463 -4.674925 0.874336
v 5.027269 -4.676057 0.874658
v 5.026216 -4.676160 0.879010
v 5.026197 -4.674337 0.878296
v 5.026659 -4.676046 0.876608
v 5.027101 -4.674466 0.876159
v 5.070120 -4.751542 4.533228
v 5.071768 -4.751567 4.534840
v 5.068731 -4.750623 4.533261
v 5.070097 -4.751182 4.534909
v 5.071779 -4.750669 4.536238
v 5.067816 -4.747650 4.534956
v 5.067800 -4.749247 4.533297
v 5.068754 -4.747672 4.536328
v 5.068212 -4.749318 4.534964
v 5.071783 -4.749307 4.537188
v 5.070147 -4.747684 4.537236
v 5.071779 -4.747684 4.537543
v 5.070108 -4.749346 4.536814
v 5.053930 -1.086466 4.603487
v 5.055506 -1.085380 4.603939
v 5.053884 -1.088165 4.603811
v 5.052668 -1.087597 4.602808
v 5.053961 -1.085377 4.602999
v 5.053045 -1.086546 4.602501
v 5.051542 -1.090607 4.599684
v 5.051569 -1.091391 4.601473
v 5.052462 -1.088480 4.599886
v 5.052031 -1.088987 4.601450
v 5.052500 -1.089783 4.602875
v 5.052652 -1.087041 4.601530
v 5.055471 -1.085480 4.601152
v 5.053911 -1.085758 4.601869
v 5.053839 -1.086679 4.600401
v 5.055483 -1.084674 4.602321
v 4.684164 -4.763826 4.934672
v 4.682516 -4.763805 4.933060
v 4.685545 -4.762895 4.934674
v 4.684187 -4.763404 4.933008
v 4.682497 -4.762859 4.931696
v 4.685308 -4.762652 4.933092
v 4.684084 -4.762637 4.931898
v 4.686434 -4.759850 4.933089
v 4.686460 -4.761511 4.934687
v 4.685495 -4.759830 4.931717
v 4.686048 -4.761523 4.933020
v 4.685289 -4.761420 4.931906
v 4.682478 -4.761458 4.930796
v 4.684103 -4.759822 4.930807
v 4.684156 -4.761499 4.931170
v 1.016481 -4.782610 4.974537
v 1.015661 -4.783096 4.976210
v 1.018232 -4.782955 4.974375
v 1.017401 -4.781899 4.973219
v 1.015375 -4.782097 4.974634
v 1.016390 -4.781580 4.973646
v 1.020197 -4.778730 4.972121
v 1.021021 -4.780591 4.972080
v 1.018263 -4.778906 4.973057
v 1.018667 -4.780519 4.972576
v 1.019625 -4.781997 4.972994
v 1.016817 -4.780579 4.973246
v 1.015741 -4.780282 4.976052
v 1.015757 -4.780947 4.974566
v 1.016699 -4.779453 4.974436
v 1.014952 -4.781453 4.976233
v 4.669722 -1.081306 5.000078
v 4.670084 -1.082999 4.999985
v 4.670183 -1.080239 5.001665
v 4.669210 -1.080230 5.000143
v 4.669039 -1.082431 4.998804
v 4.669153 -1.084616 4.998583
v 4.668718 -1.081394 4.999210
v 4.668089 -1.080640 5.000108
v 4.668554 -1.079575 5.001695
v 4.666643 -1.081598 5.000049
v 4.667749 -1.081906 4.998829
v 4.667768 -1.086243 4.997646
v 4.665960 -1.085507 4.997679
v 4.667700 -1.083844 4.998161
v 4.666136 -1.083388 4.998640
v 4.643301 -5.071722 0.856233
v 4.643866 -5.073361 0.854958
v 4.643423 -5.071805 0.858068
v 4.642496 -5.070633 0.857763
v 4.641962 -5.071705 0.855685
v 4.643267 -5.073338 0.854063
v 4.642370 -5.070943 0.856749
v 4.639978 -5.069569 0.861315
v 4.641142 -5.069583 0.861791
v 4.640287 -5.070435 0.858928
v 4.641447 -5.069916 0.859258
v 4.642443 -5.070462 0.859810
v 4.640608 -5.071768 0.856916
v 4.642218 -5.073340 0.854283
v 4.685461 -5.142275 4.537548
v 4.685434 -5.140615 4.535948
v 4.685770 -5.142243 4.535916
v 4.684553 -5.142307 4.538941
v 4.685060 -5.140608 4.537625
v 4.684504 -5.139238 4.535984
v 4.684324 -5.140717 4.538758
v 4.684305 -5.139487 4.537569
v 4.681543 -5.140715 4.539929
v 4.683184 -5.142333 4.539881
v 4.681524 -5.139314 4.539032
v 4.683210 -5.140654 4.539521
v 4.683111 -5.139516 4.538794
v 4.683115 -5.138323 4.536019
v 4.681501 -5.138365 4.537667
v 4.683176 -5.138747 4.537682
v 1.014227 -5.164199 4.580445
v 1.016821 -5.164148 4.580977
v 1.014063 -5.165804 4.581452
v 1.013163 -5.165799 4.580876
v 1.016275 -5.162968 4.580092
v 1.018263 -5.162738 4.579996
v 1.015333 -5.163310 4.579985
v 1.013365 -5.165779 4.579827
v 1.015631 -5.164103 4.578203
v 1.020025 -5.161780 4.578678
v 1.019533 -5.161760 4.577528
v 1.017595 -5.162190 4.579035
v 1.017351 -5.162704 4.577873
v 5.175898 -5.201886 2.466728
v 5.174902 -5.203399 2.466433
v 5.173399 -5.204421 2.466593
v 2.591879 -5.253183 5.040552
v 2.591764 -5.255568 5.038203
v 2.591562 -5.254624 5.039604
v 2.597017 -5.219121 2.495468
v 5.153334 -2.677673 5.062905
v 5.154818 -2.677394 5.061899
v 5.155806 -2.677614 5.060398
v 5.159666 -2.642597 2.517862
v 5.161558 -2.642866 2.518061
v 2.576971 -2.693770 5.090126
v 2.576971 -2.693726 5.091246
v 5.170187 -4.715147 2.702465
v 5.171576 -4.716142 2.701967
v 5.172510 -4.717634 2.701233
v 5.146379 -1.075874 4.606870
v 5.154577 -2.915428 4.572653
v 5.153646 -2.916160 4.571173
v 5.152266 -2.916652 4.570193
v 5.164320 -2.878694 2.734720
v 5.163404 -2.879425 2.735397
v 5.162031 -2.879916 2.735855
v 2.858240 -4.775700 5.044756
v 2.857832 -4.776694 5.046124
v 2.857111 -4.778162 5.047026
v 1.022978 -4.788510 5.068583
v 4.679956 -2.922258 5.060972
v 4.680967 -2.921766 5.062353
v 4.682470 -2.921014 5.063275
v 4.674307 -1.072998 5.101097
v 2.848829 -2.930674 5.084841
v 2.849600 -2.931404 5.083895
v 2.850042 -2.931879 5.082503
v 4.668135 -5.210252 2.682856
v 4.666674 -5.209345 2.683590
v 4.665693 -5.207976 2.684172
v 2.847944 -5.245042 4.561659
v 2.848654 -5.244087 4.560353
v 2.849119 -5.242685 4.559492
v 1.006632 -5.256821 4.582897
v 2.827070 -5.222026 2.703615
v 2.827703 -5.221111 2.704304
v 2.828123 -5.219735 2.704855
v 5.046999 -4.712681 2.705149
v 5.047918 -4.714046 2.704426
v 5.049299 -4.714954 2.703936
v 5.062014 -2.917397 4.570534
v 5.060621 -2.917848 4.569618
v 5.059687 -2.918516 4.568234
v 5.041151 -2.880801 2.737370
v 5.039782 -2.881472 2.738024
v 5.038874 -2.882471 2.738989
v 2.850687 -4.771028 4.951451
v 2.850092 -4.772431 4.952355
v 2.849771 -4.773382 4.953724
v 4.675932 -2.922021 4.964247
v 4.677320 -2.921337 4.965166
v 4.678255 -2.920894 4.966545
v 2.841635 -2.930559 4.987250
v 2.842161 -2.931184 4.985852
v 2.843054 -2.932140 4.984902
v 4.664518 -5.106201 2.696656
v 4.663591 -5.104836 2.697294
v 4.662214 -5.103934 2.698115
v 2.848886 -5.152434 4.560551
v 2.849329 -5.151032 4.559649
v 2.849997 -5.150079 4.558277
v 2.827993 -5.117942 2.717390
v 2.828646 -5.116574 2.718203
v 2.829626 -5.115666 2.719280
v 5.115282 -4.751363 4.534352
v 5.115282 -4.750468 4.535750
v 5.115278 -4.749106 4.536698
v 5.098989 -1.084471 4.601831
v 5.098997 -1.085178 4.603449
v 1.023645 -4.783894 5.020327
v 1.022940 -4.782254 5.020369
v 4.670683 -1.081103 5.049341
v 4.669054 -1.080440 5.049371
v 4.683454 -5.185823 4.539063
v 4.684828 -5.185799 4.538122
v 4.685736 -5.185773 4.536730
v 4.642263 -5.128411 0.843683
v 4.643908 -5.128411 0.844360
v 5.104193 -4.676516 0.871647
v 5.104200 -4.678160 0.872291
v 4.686953 -4.762298 4.978176
v 4.686037 -4.763685 4.978161
v 4.684660 -4.764615 4.978159
v 1.014048 -5.209282 4.579794
v 1.016191 -5.209282 4.580654
v 5.069311 -4.750117 4.535723
v 4.243154 -5.057210 2.632599
v 3.907824 -5.061958 2.723204
v 4.083418 -5.065348 2.874132
v 3.911814 -5.077167 3.107582
v 3.704782 -5.136501 3.311428
v 3.892584 -5.128765 3.089242
v 3.734495 -5.069902 2.955308
v 3.371458 -5.074256 3.026875
v 3.546789 -5.077637 3.177577
v 2.960894 -5.092646 3.428380
v 2.767923 -5.151265 3.615223
v 2.751951 -5.099116 3.603304
v 3.138563 -5.092106 3.581228
v 3.105314 -5.101963 3.907167
v 3.314131 -5.095493 3.732133
v 4.085299 -5.069233 2.875615
v 4.066076 -5.120828 2.857276
v 3.730146 -5.062497 2.570347
v 3.912294 -5.105960 2.323294
v 3.746119 -5.114652 2.582267
v 3.369368 -5.078182 3.024942
v 3.184561 -5.137785 3.246624
v 3.168589 -5.085630 3.234705
v 3.521524 -5.088474 3.538200
v 3.722128 -5.081023 3.328286
v 3.170683 -5.081701 3.236642
v 3.346102 -5.085088 3.387419
v 2.556036 -5.157239 3.772859
v 2.540064 -5.105092 3.760940
v 2.676817 -5.117427 4.209274
v 2.876139 -5.163417 4.047997
v 2.895357 -5.111838 4.066329
v 3.107229 -5.105857 3.908678
v 3.296804 -5.150975 3.715292
v 3.316030 -5.099381 3.733630
v 2.324648 -5.163090 3.922414
v 2.308680 -5.110945 3.910498
v 2.005156 -5.170295 4.099974
v 1.989187 -5.118154 4.088057
v 2.204187 -5.127894 4.463565
v 2.428041 -5.174299 4.322249
v 2.447252 -5.122741 4.340575
v 2.929693 -5.098575 3.756215
v 2.893423 -5.107939 4.064801
v 1.543684 -5.180053 4.335301
v 1.527716 -5.127912 4.323385
v 1.001207 -5.191281 4.604118
v 0.985235 -5.139144 4.592201
v 1.953344 -5.132973 4.582309
v 2.184980 -5.179439 4.445244
v 2.492849 -5.110262 4.060113
v 2.444353 -5.118839 4.339547
v 2.674749 -5.113517 4.207800
v 4.244955 -5.061107 2.634223
v 4.225729 -5.112696 2.615886
v 4.394770 -5.052558 2.376457
v 4.375547 -5.104139 2.358123
v 4.092806 -5.041342 1.931413
v 4.366621 -5.074846 1.367257
v 4.108778 -5.093496 1.943332
v 3.559069 -5.066514 2.804523
v 4.539232 -5.043405 2.097102
v 4.520018 -5.094977 2.078772
v 4.681219 -5.033899 1.805175
v 4.662008 -5.085457 1.786849
v 4.350653 -5.022695 1.355338
v 4.660330 -5.052620 0.677826
v 4.243891 -5.043037 2.154160
v 3.898344 -5.049881 2.313465
v 4.070738 -5.053547 2.473023
v 3.685553 -5.188103 3.293087
v 3.873358 -5.180363 3.070901
v 3.135111 -5.203668 3.574363
v 3.064013 -5.212796 3.867769
v 2.926237 -5.210136 3.749350
v 2.976870 -5.144799 3.440299
v 2.783895 -5.203416 3.627142
v 2.576597 -5.213452 3.788584
v 2.489397 -5.221825 4.053247
v 2.345373 -5.219298 3.938070
v 4.046846 -5.172424 2.838937
v 4.206503 -5.164289 2.597548
v 3.385344 -5.130338 3.036862
v 3.588926 -5.174750 2.826428
v 3.401316 -5.182492 3.048782
v 3.200537 -5.189940 3.258544
v 3.572950 -5.122597 2.814508
v 3.762094 -5.166809 2.594187
v 3.504187 -5.143953 3.521349
v 3.088007 -5.157445 3.890342
v 3.277578 -5.202569 3.696953
v 3.068785 -5.209036 3.872005
v 2.340620 -5.215234 3.934332
v 2.788465 -5.207476 3.630930
v 2.714357 -5.216109 3.906995
v 2.657598 -5.168997 4.190943
v 2.856916 -5.215000 4.029661
v 2.638380 -5.220570 4.172613
v 1.559652 -5.232191 4.347217
v 2.214872 -5.228077 4.207679
v 2.026945 -5.226479 4.115070
v 2.408831 -5.225861 4.303921
v 1.934141 -5.184499 4.563994
v 2.165773 -5.230988 4.426921
v 1.017176 -5.243423 4.616033
v 4.042116 -5.176177 2.834734
v 3.731039 -5.181462 2.948442
v 3.904371 -5.173519 2.716339
v 3.928266 -5.158113 2.335214
v 4.124754 -5.145649 1.955251
v 4.356329 -5.155724 2.339787
v 4.500795 -5.146554 2.060439
v 4.067286 -5.165108 2.466157
v 4.352369 -5.159444 2.334202
v 4.201872 -5.168040 2.593164
v 4.382597 -5.126998 1.379176
v 4.676298 -5.104769 0.689745
v 4.642794 -5.137021 1.768520
v 3.556978 -5.070440 2.802588
v 4.663607 -5.017337 1.233544
v 4.662008 -5.068973 1.230366
v 4.660410 -5.120592 1.227190
v 3.593462 -5.178807 2.830190
v 3.766642 -5.170861 2.597957
v 2.992842 -5.196952 3.452218
v 3.405851 -5.186547 3.052542
v 4.445047 -5.029131 1.726447
v 4.094324 -5.037452 1.934524
v 3.909933 -5.073284 3.106101
v 4.128565 -5.149754 1.960491
v 4.441595 -5.140692 1.719582
v 4.240438 -5.154598 2.147295
v 1.467344 -5.136281 4.588190
v 1.001768 -5.191330 4.605831
v 1.465746 -5.187930 4.585012
v 1.017710 -5.243446 4.617576
v 1.464148 -5.239562 4.581835
v 2.852118 -5.218768 4.025404
v 3.523413 -5.092355 3.539688
v 3.868631 -5.184117 3.066703
v 3.543337 -5.189198 3.170712
v 3.484961 -5.195552 3.503008
v 4.659765 -5.013482 1.242736
v 4.351091 -5.018881 1.360900
v 4.678377 -5.030050 1.805976
v 4.539091 -5.039388 2.092346
v 4.637117 -5.140880 1.766560
v 4.498194 -5.150194 2.052189
v 4.385073 -5.131203 1.387456
v 4.655653 -5.125093 1.237360
v 2.218328 -5.116516 4.214545
v 2.199171 -5.124022 4.463587
v 2.754068 -5.095186 3.605263
v 2.717813 -5.104549 3.913859
v 2.572004 -5.209386 3.784776
v 2.157053 -5.234870 4.424614
v 1.862608 -5.235527 4.386840
v 2.962999 -5.088718 3.430326
v 2.542200 -5.101158 3.762916
v 3.342649 -5.196650 3.380554
v 3.205076 -5.193994 3.262308
v 3.896322 -5.053805 2.311375
v 3.932718 -5.162174 2.339171
v 1.866060 -5.123964 4.393706
v 1.954435 -5.128959 4.579436
v 1.532930 -5.123907 4.323820
v 1.476366 -5.131966 4.584099
v 1.568136 -5.236181 4.349064
v 1.474554 -5.243494 4.576432
v 1.035891 -5.247201 4.612817
v 1.913187 -5.239788 4.540050
v 4.662008 -5.052622 0.678272
v 4.646185 -5.000486 0.666364
v 4.393515 -5.048623 2.373878
v 4.677824 -5.104761 0.690174
v 2.402800 -5.229674 4.300289
v 3.724009 -5.084902 3.329768
v 2.997393 -5.201011 3.455992
v 2.633413 -5.224351 4.168420
v 2.310949 -5.107007 3.912421
v 2.021128 -5.222435 4.111891
v 1.914938 -5.236037 4.545676
v 3.272829 -5.206326 3.692735
v 3.480223 -5.199305 3.498803
v 3.680826 -5.191853 3.288888
v 3.732244 -5.058571 2.572289
v 1.992300 -5.114193 4.089542
v 0.985823 -5.139218 4.594075
v 0.986418 -5.137821 4.593179
v 0.984499 -5.139482 4.594005
v 0.988642 -5.137645 4.593366
v 0.988596 -5.136507 4.592174
v 0.985094 -5.137914 4.592842
v 0.987112 -5.136914 4.592055
v 0.995024 -5.135298 4.588753
v 0.995390 -5.135348 4.590491
v 0.998289 -5.134976 4.588761
v 0.991396 -5.136204 4.589405
v 0.991507 -5.135820 4.590665
v 0.991999 -5.136286 4.592107
v 0.988337 -5.136471 4.591028
v 0.986093 -5.137779 4.591888
v 0.987963 -5.137555 4.590616
v 0.984182 -5.139444 4.592991
v 4.645231 -4.999143 0.667202
v 4.645502 -4.999056 0.669453
v 4.646070 -5.000669 0.665033
v 4.644854 -4.999192 0.665875
v 4.644247 -4.997966 0.669625
v 4.644312 -4.997876 0.673126
v 4.644094 -4.998315 0.668080
v 4.644354 -5.000468 0.665908
v 4.643953 -4.999139 0.666963
v 4.645079 -5.000661 0.664786
v 4.642778 -4.999047 0.668950
v 4.643106 -4.997965 0.669440
v 4.642794 -4.997130 0.676826
v 4.641058 -4.997131 0.676571
v 4.641172 -4.996929 0.679989
v 4.642836 -4.997450 0.672779
v 4.641623 -4.997876 0.672694
v 1.019594 -5.245020 4.617279
v 1.021856 -5.244944 4.617298
v 1.015837 -5.243800 4.617355
v 1.018217 -5.245045 4.617076
v 1.022966 -5.246079 4.616602
v 1.026773 -5.246186 4.616296
v 1.021112 -5.245772 4.616493
v 1.019361 -5.244994 4.616147
v 1.021376 -5.244888 4.614880
v 1.022810 -5.246051 4.615572
v 1.031698 -5.246977 4.614722
v 1.031507 -5.246936 4.613138
v 1.026907 -5.246577 4.615124
v 1.026407 -5.246123 4.613863
v 4.677710 -5.106387 0.692080
v 4.676996 -5.104942 0.688618
v 4.677832 -5.106412 0.694391
v 4.677259 -5.107599 0.695522
v 4.677446 -5.106361 0.690688
v 4.677046 -5.107226 0.693648
v 4.674261 -5.108890 0.704409
v 4.675852 -5.108884 0.704512
v 4.674162 -5.109327 0.708876
v 4.674700 -5.107872 0.699205
v 4.676004 -5.108297 0.699610
v 4.677141 -5.107860 0.699425
v 4.676229 -5.107604 0.695426
v 4.676580 -5.106394 0.691918
v 4.675417 -5.106424 0.694056
v 3.522684 -5.088791 3.539186
v 3.723284 -5.081338 3.329269
v 3.523451 -5.089637 3.539815
v 3.724047 -5.082184 3.329896
v 3.523706 -5.090892 3.539992
v 3.724302 -5.083437 3.330071
v 3.315294 -5.095808 3.733122
v 3.316061 -5.096659 3.733754
v 3.316320 -5.097913 3.733933
v 3.370283 -5.074534 3.025856
v 3.557894 -5.066794 2.803503
v 3.369474 -5.075378 3.025131
v 3.557081 -5.067639 2.802777
v 3.369154 -5.076660 3.024809
v 3.731066 -5.058849 2.571266
v 3.730253 -5.059694 2.570538
v 3.556761 -5.068919 2.802456
v 4.084574 -5.065663 2.875116
v 3.911089 -5.073599 3.107084
v 4.085340 -5.066513 2.875743
v 3.911852 -5.074447 3.107710
v 4.085592 -5.067766 2.875919
v 3.912104 -5.075700 3.107885
v 3.169508 -5.081983 3.235621
v 2.961821 -5.088996 3.429301
v 3.168695 -5.082827 3.234894
v 2.961004 -5.089840 3.428572
v 3.168371 -5.084109 3.234572
v 2.960680 -5.091122 3.428248
v 2.752882 -5.095466 3.604234
v 2.541006 -5.101438 3.761879
v 2.752066 -5.096310 3.603500
v 2.540182 -5.102284 3.761140
v 2.751738 -5.097593 3.603174
v 2.539850 -5.103567 3.760810
v 3.106485 -5.102282 3.908162
v 3.107260 -5.103132 3.908799
v 3.107519 -5.104387 3.908980
v 2.894602 -5.108254 4.065804
v 2.895384 -5.109108 4.066447
v 2.895651 -5.110366 4.066631
v 2.675981 -5.113836 4.208783
v 2.676805 -5.114690 4.209409
v 2.677099 -5.115952 4.209581
v 2.445906 -5.119149 4.340362
v 2.447000 -5.119998 4.340843
v 2.447473 -5.121260 4.340918
v 2.309706 -5.107287 3.911405
v 1.990736 -5.114479 4.088693
v 2.308836 -5.108135 3.910682
v 1.989592 -5.115333 4.088113
v 2.308474 -5.109419 3.910363
v 1.989050 -5.116625 4.087889
v 1.954462 -5.129302 4.580959
v 1.472956 -5.132350 4.585742
v 1.954264 -5.130185 4.582040
v 1.470041 -5.133305 4.587097
v 1.953871 -5.131473 4.582514
v 1.468069 -5.134685 4.587957
v 2.201536 -5.124315 4.464001
v 2.203318 -5.125155 4.464142
v 2.204248 -5.126413 4.463989
v 1.530558 -5.124212 4.323373
v 1.528734 -5.125080 4.323133
v 1.527739 -5.126381 4.323137
v 3.897192 -5.050159 2.312385
v 3.896406 -5.051002 2.311609
v 3.729933 -5.060974 2.570216
v 4.093367 -5.037716 1.933054
v 4.092741 -5.038550 1.931946
v 3.896101 -5.052284 2.311254
v 4.394434 -5.048953 2.375283
v 4.244280 -5.057530 2.633637
v 4.394995 -5.049817 2.376267
v 4.245016 -5.058381 2.634310
v 4.395113 -5.051083 2.376679
v 4.245253 -5.059636 2.634516
v 4.661276 -5.013688 1.239296
v 4.662535 -5.014491 1.236341
v 4.663351 -5.015773 1.234321
v 4.679907 -5.030340 1.806090
v 4.680983 -5.031173 1.805977
v 4.681444 -5.032423 1.805656
v 4.350546 -5.019116 1.358492
v 4.350271 -5.019924 1.356589
v 4.092546 -5.039824 1.931370
v 4.350309 -5.021179 1.355482
v 4.539587 -5.039746 2.094584
v 4.539785 -5.040636 2.096275
v 4.539659 -5.041920 2.097158
v 3.684759 -5.189557 3.292351
v 3.484163 -5.197008 3.502272
v 3.683580 -5.190780 3.291296
v 3.482985 -5.198233 3.501215
v 3.682199 -5.191587 3.290079
v 3.481600 -5.199040 3.499996
v 3.276781 -5.204027 3.696216
v 3.275598 -5.205253 3.695155
v 3.274210 -5.206059 3.693933
v 3.589647 -5.176283 2.826994
v 3.402037 -5.184025 3.049348
v 3.590761 -5.177592 2.827908
v 3.403151 -5.185332 3.050261
v 3.592100 -5.178477 2.829030
v 3.404493 -5.186220 3.051383
v 3.762815 -5.168341 2.594754
v 3.763933 -5.169648 2.595669
v 3.765276 -5.170534 2.596794
v 3.872560 -5.181820 3.070166
v 4.046049 -5.173880 2.838201
v 3.871386 -5.183043 3.069110
v 4.044874 -5.175105 2.837144
v 3.870005 -5.183849 3.067894
v 4.043489 -5.175912 2.835927
v 2.993563 -5.198485 3.452785
v 3.201258 -5.191474 3.259110
v 2.994680 -5.199794 3.453701
v 3.202372 -5.192781 3.260024
v 2.996027 -5.200682 3.454828
v 3.203714 -5.193669 3.261147
v 2.572729 -5.210922 3.785346
v 2.784620 -5.204950 3.627711
v 2.573858 -5.212234 3.786270
v 2.785742 -5.206262 3.628630
v 2.575212 -5.213122 3.787407
v 2.787092 -5.207148 3.629761
v 3.067984 -5.210494 3.871266
v 3.066797 -5.211721 3.870201
v 3.065401 -5.212529 3.868974
v 2.856115 -5.216464 4.028920
v 2.854921 -5.217692 4.027850
v 2.853518 -5.218503 4.026615
v 2.637564 -5.222036 4.171875
v 2.636335 -5.223269 4.170819
v 2.634878 -5.224081 4.169606
v 2.407930 -5.227333 4.303225
v 2.406469 -5.228572 4.302290
v 2.404669 -5.229397 4.301259
v 2.021944 -5.223970 4.112414
v 2.341356 -5.216770 3.934897
v 2.023340 -5.225279 4.113202
v 2.342520 -5.218081 3.935805
v 2.025095 -5.226157 4.114134
v 2.343927 -5.218971 3.936919
v 1.464903 -5.241134 4.581345
v 1.914362 -5.237512 4.544826
v 1.467142 -5.242434 4.580146
v 1.913828 -5.238743 4.543458
v 1.470533 -5.243262 4.578421
v 1.913412 -5.239542 4.541781
v 2.164667 -5.232469 4.426325
v 2.162622 -5.233727 4.425677
v 2.159945 -5.234569 4.425076
v 1.560675 -5.233724 4.347639
v 1.562647 -5.235021 4.348138
v 1.565268 -5.235884 4.348638
v 3.928980 -5.159647 2.335794
v 3.930078 -5.160957 2.336751
v 3.931391 -5.161846 2.337936
v 4.125418 -5.147186 1.955931
v 4.126375 -5.148505 1.957165
v 4.127481 -5.149407 1.958766
v 4.205717 -5.165744 2.596798
v 4.355589 -5.157180 2.338944
v 4.204557 -5.166971 2.595701
v 4.354578 -5.158400 2.337587
v 4.203207 -5.167776 2.594425
v 4.353445 -5.159195 2.335922
v 4.660009 -5.122210 1.227885
v 4.658964 -5.123635 1.230062
v 4.657434 -5.124647 1.233389
v 4.641920 -5.138497 1.767951
v 4.640535 -5.139748 1.767379
v 4.638849 -5.140585 1.766891
v 4.383162 -5.128543 1.380087
v 4.383829 -5.129885 1.381980
v 4.384500 -5.130819 1.384568
v 4.500158 -5.148008 2.059394
v 4.499441 -5.149211 2.057459
v 4.498754 -5.149979 2.054929
v 4.661879 -5.052581 0.676893
v 0.999773 -5.191330 4.605412
v 2.745069 -4.364702 4.982550
v 2.833712 -4.029459 4.961710
v 2.985205 -4.202737 4.987247
v 3.217035 -4.028690 4.994198
v 3.416990 -3.815447 5.044009
v 3.196302 -4.005165 5.043041
v 3.064367 -3.854051 4.964596
v 3.133879 -3.491421 4.940079
v 3.285135 -3.664428 4.965576
v 3.532122 -3.077283 4.939933
v 3.715193 -2.878259 4.989520
v 3.705545 -2.867036 4.935682
v 3.685713 -3.252951 4.961832
v 4.010736 -3.216098 4.983134
v 3.837194 -3.426213 4.987367
v 2.986517 -4.204254 4.991339
v 2.965788 -4.180729 5.040179
v 2.680109 -3.853784 4.939811
v 2.432257 -4.033590 4.988195
v 2.689756 -3.865006 4.993649
v 3.131758 -3.489005 4.943714
v 3.349630 -3.297722 4.996539
v 3.339983 -3.286497 4.942700
v 3.644793 -3.635129 4.990090
v 3.436415 -3.837461 4.991077
v 3.342112 -3.288919 4.939067
v 3.493441 -3.462011 4.964576
v 3.871355 -2.665275 4.983753
v 3.861708 -2.654053 4.929916
v 4.310896 -2.785230 4.974064
v 4.147512 -2.981146 5.030303
v 4.168245 -3.004672 4.981459
v 4.012068 -3.217636 4.987222
v 3.817781 -3.404210 5.040300
v 3.838514 -3.427740 4.991452
v 4.018743 -2.431200 4.978251
v 4.009100 -2.419979 4.924415
v 4.189955 -2.098493 4.982363
v 4.180307 -2.087270 4.928528
v 4.590380 -2.311286 4.954028
v 4.428202 -2.531414 5.013747
v 4.448935 -2.554938 4.964906
v 3.859201 -3.042776 4.957590
v 4.166903 -3.003122 4.977366
v 4.411962 -1.606110 5.003713
v 4.402319 -1.594888 4.949878
v 4.663504 -1.022153 5.035279
v 4.653856 -1.010932 4.981442
v 4.732470 -2.063657 4.942372
v 4.569651 -2.287763 5.002867
v 4.160395 -2.603046 4.945374
v 4.448069 -2.552509 4.960968
v 4.309610 -2.783555 4.969989
v 2.746523 -4.366135 4.986653
v 2.725794 -4.342613 5.035487
v 2.490141 -4.518402 4.979954
v 2.469416 -4.494886 5.028780
v 2.044561 -4.222546 4.922475
v 1.480829 -4.497350 4.955004
v 2.054209 -4.233768 4.976311
v 2.913027 -3.680948 4.939085
v 2.212194 -4.665579 4.971227
v 2.191473 -4.642068 5.020042
v 1.921690 -4.810434 4.961374
v 1.900976 -4.786929 5.010175
v 1.471182 -4.486130 4.901171
v 0.794546 -4.797972 4.928284
v 2.267752 -4.370917 4.947341
v 2.424887 -4.024709 4.930728
v 2.584963 -4.194693 4.956638
v 3.396254 -3.791917 5.092858
v 3.175570 -3.981638 5.091889
v 3.673834 -3.239766 5.072241
v 3.966204 -3.165570 5.088039
v 3.847322 -3.029591 5.067998
v 3.541769 -3.088504 4.993772
v 3.724840 -2.889480 5.043359
v 3.884657 -2.680692 5.042200
v 4.148516 -2.589862 5.055783
v 4.031988 -2.446789 5.036677
v 2.945055 -4.157203 5.089022
v 2.705065 -4.319091 5.084325
v 3.141405 -3.500230 4.997553
v 2.930197 -3.700979 5.050398
v 3.151052 -3.511454 5.051394
v 3.359278 -3.308943 5.050380
v 2.920549 -3.689757 4.996559
v 2.699404 -3.876228 5.047488
v 3.625372 -3.613119 5.043022
v 3.991331 -3.194110 5.036068
v 3.797049 -3.380684 5.089149
v 3.970598 -3.170582 5.084916
v 4.028391 -2.442423 5.032089
v 3.728476 -2.893650 5.047964
v 4.003496 -2.816618 5.062232
v 4.290163 -2.761705 5.022906
v 4.126780 -2.957621 5.079149
v 4.269434 -2.738177 5.071750
v 4.421614 -1.617331 5.057552
v 4.303141 -2.308360 5.053261
v 4.202711 -2.115137 5.040618
v 4.407473 -2.507889 5.062589
v 4.711740 -2.040134 4.991212
v 4.548918 -2.264237 5.051708
v 4.673151 -1.033374 5.089115
v 2.940672 -4.152205 5.092151
v 3.052488 -3.840868 5.075003
v 2.821833 -4.016276 5.072118
v 2.441904 -4.044811 5.042032
v 2.063856 -4.244990 5.030145
v 2.448690 -4.471366 5.077611
v 2.170752 -4.618553 5.068864
v 2.573084 -4.181510 5.067045
v 2.442930 -4.467151 5.080714
v 2.700499 -4.314196 5.087455
v 1.490477 -4.508572 5.008838
v 0.804193 -4.809194 4.982116
v 1.880255 -4.763418 5.058986
v 2.910902 -3.678534 4.942719
v 1.351297 -4.799413 4.918049
v 1.345800 -4.793309 4.969154
v 1.340303 -4.787210 5.020240
v 2.933798 -3.705114 5.054997
v 2.703012 -3.880368 5.052089
v 3.551416 -3.099727 5.047611
v 3.154654 -3.515586 5.055993
v 1.842092 -4.576302 4.932318
v 2.047857 -4.224376 4.918876
v 3.215727 -4.027179 4.990111
v 2.068930 -4.248385 5.034799
v 1.830214 -4.563117 5.042728
v 2.255873 -4.357736 5.057750
v 4.695017 -1.533404 4.962322
v 4.665400 -1.022546 5.035301
v 4.689535 -1.527321 5.013263
v 4.674902 -1.033755 5.089070
v 4.684053 -1.521238 5.064200
v 4.122374 -2.952591 5.082271
v 3.646109 -3.636647 4.994173
v 3.171194 -3.976647 5.095015
v 3.273256 -3.651248 5.075985
v 3.604639 -3.589590 5.091871
v 1.360636 -4.795847 4.914282
v 1.476915 -4.486855 4.897662
v 1.922659 -4.807933 4.957330
v 2.207628 -4.665836 4.967010
v 1.878111 -4.757442 5.062237
v 2.162344 -4.615716 5.071893
v 1.498575 -4.510597 5.013606
v 1.350237 -4.781987 5.024746
v 4.315020 -2.321545 4.942852
v 4.590399 -2.307301 4.950379
v 3.707701 -2.869486 4.932051
v 4.015375 -2.829801 4.951823
v 3.881002 -2.676496 5.037589
v 4.546175 -2.256261 5.055382
v 4.484869 -1.940344 5.058495
v 3.534258 -3.079714 4.936301
v 3.863882 -2.656526 4.926287
v 3.481562 -3.448828 5.074984
v 3.362883 -3.313084 5.054980
v 2.422609 -4.022368 4.934359
v 2.445700 -4.048854 5.046641
v 4.496748 -1.953528 4.948087
v 4.731844 -2.060856 4.939162
v 4.403238 -1.600294 4.945799
v 4.691801 -1.541670 4.957875
v 4.423696 -1.625137 5.061602
v 4.679483 -1.529414 5.068260
v 4.671633 -1.049593 5.092436
v 4.687399 -2.010240 5.044233
v 0.795000 -4.799640 4.928455
v 0.785364 -4.788566 4.874649
v 2.487738 -4.517521 4.975817
v 0.804628 -4.810707 4.982261
v 4.403662 -2.501767 5.065914
v 3.437723 -3.838974 4.995161
v 3.555033 -3.103877 5.052213
v 4.265097 -2.732995 5.074900
v 4.713652 -2.031623 4.991246
v 4.734060 -2.054936 4.942804
v 4.011229 -2.422594 4.920769
v 4.199602 -2.109714 5.036199
v 4.693243 -2.008305 5.039709
v 3.792665 -3.375682 5.092272
v 3.600264 -3.584597 5.094994
v 3.391882 -3.786929 5.095982
v 2.682238 -3.856204 4.936176
v 4.182058 -2.090732 4.924745
v 4.655886 -1.011339 4.981550
v 4.655104 -1.011901 4.980017
v 4.655657 -1.010018 4.981738
v 4.655504 -1.013992 4.979831
v 4.654371 -1.014012 4.978624
v 4.654634 -1.010676 4.980118
v 4.654558 -1.009795 4.981681
v 4.654093 -1.012632 4.979066
v 4.651556 -1.020174 4.977185
v 4.653318 -1.020405 4.977238
v 4.651850 -1.023189 4.976762
v 4.651834 -1.016787 4.978224
v 4.653143 -1.016807 4.977834
v 4.654604 -1.017175 4.978318
v 4.653192 -1.013847 4.978584
v 4.653757 -1.011686 4.979965
v 4.652639 -1.013541 4.979718
v 4.733992 -2.056999 4.942858
v 4.734434 -2.056200 4.941278
v 4.733664 -2.059380 4.942796
v 4.734259 -2.058226 4.941320
v 4.734144 -2.057769 4.940050
v 4.734083 -2.060059 4.941310
v 4.734278 -2.059359 4.940131
v 4.733168 -2.063506 4.940997
v 4.733129 -2.061717 4.942625
v 4.733290 -2.062920 4.939904
v 4.733644 -2.061762 4.941181
v 4.733908 -2.061595 4.940067
v 4.733671 -2.060640 4.939596
v 4.732824 -2.061988 4.939259
v 4.733232 -2.059405 4.939307
v 0.786261 -4.787729 4.873266
v 0.788511 -4.787985 4.873302
v 0.784025 -4.788446 4.874762
v 0.784929 -4.787358 4.873223
v 0.788729 -4.786832 4.872115
v 0.792231 -4.786871 4.872187
v 0.787168 -4.786663 4.872382
v 0.784903 -4.786750 4.874451
v 0.786013 -4.786460 4.873139
v 0.783773 -4.787463 4.874655
v 0.787992 -4.785279 4.873032
v 0.788534 -4.785698 4.872007
v 0.795954 -4.785390 4.871475
v 0.795687 -4.783666 4.871312
v 0.799116 -4.783768 4.871273
v 0.791895 -4.785442 4.871618
v 0.791780 -4.784196 4.871930
v 4.674646 -1.035247 5.090612
v 4.674917 -1.037409 5.090490
v 4.673826 -1.032231 5.089312
v 4.674280 -1.033960 5.090674
v 4.674223 -1.038214 5.091647
v 4.674303 -1.041701 5.091628
v 4.673933 -1.036550 5.091381
v 4.673429 -1.035076 5.090624
v 4.672323 -1.037055 5.090513
v 4.673140 -1.038097 5.091651
v 4.673147 -1.045982 5.092312
v 4.671499 -1.045832 5.092310
v 4.673082 -1.041721 5.092067
v 4.671743 -1.041430 5.091635
v 4.692289 -2.008768 5.041240
v 4.692987 -2.010274 5.039925
v 4.690844 -2.009298 5.042639
v 4.691999 -2.010397 5.041304
v 4.692472 -2.012541 5.040066
v 4.691053 -2.011641 5.042139
v 4.691706 -2.011980 5.041343
v 4.688494 -2.011825 5.043726
v 4.689127 -2.009817 5.043689
v 4.690432 -2.012440 5.042507
v 4.689810 -2.011150 5.043143
v 4.690992 -2.010564 5.042456
v 4.691774 -2.014767 5.040111
v 4.690447 -2.015273 5.041463
v 4.691008 -2.016609 5.040052
v 4.691103 -2.013558 5.041414
v 4.689566 -2.013593 5.042753
v 0.806459 -4.810435 4.983955
v 0.803301 -4.810700 4.982378
v 0.808767 -4.810533 4.984092
v 0.809843 -4.809852 4.985272
v 0.805071 -4.810185 4.983843
v 0.807985 -4.809687 4.984798
v 0.818651 -4.806667 4.986686
v 0.818762 -4.808255 4.986822
v 0.823095 -4.806495 4.987307
v 0.813501 -4.807242 4.985480
v 0.813890 -4.808501 4.986035
v 0.813730 -4.809672 4.985693
v 0.809744 -4.808822 4.985183
v 0.806292 -4.809308 4.983854
v 0.808424 -4.808129 4.983876
v 3.645765 -3.636243 4.990548
v 3.437384 -3.838573 4.991534
v 3.646357 -3.636923 4.991484
v 3.437971 -3.839249 4.992471
v 3.646479 -3.637063 4.992758
v 3.438093 -3.839389 4.993745
v 3.838171 -3.427331 4.987824
v 3.838762 -3.428012 4.988763
v 3.838884 -3.428156 4.990035
v 3.132841 -3.490235 4.940209
v 2.911985 -3.679760 4.939214
v 3.132074 -3.489359 4.940944
v 2.911219 -3.678885 4.939950
v 3.131693 -3.488930 4.942176
v 2.681196 -3.855014 4.936305
v 2.680426 -3.854138 4.937041
v 2.910837 -3.678455 4.941181
v 2.986177 -4.203853 4.987705
v 3.216696 -4.028289 4.990569
v 2.986769 -4.204531 4.988644
v 3.217287 -4.028968 4.991507
v 2.986887 -4.204672 4.989920
v 3.217405 -4.029109 4.992781
v 3.341070 -3.287728 4.939195
v 3.533216 -3.078520 4.936428
v 3.340300 -3.286853 4.939930
v 3.532442 -3.077639 4.937164
v 3.339918 -3.286420 4.941161
v 3.532057 -3.077205 4.938394
v 3.706652 -2.868286 4.932178
v 3.862825 -2.655316 4.926412
v 3.705873 -2.867397 4.932913
v 3.862040 -2.654421 4.927147
v 3.705484 -2.866959 4.934143
v 3.861647 -2.653978 4.928376
v 4.011713 -3.217219 4.983592
v 4.012312 -3.217904 4.984531
v 4.012434 -3.218051 4.985805
v 4.167887 -3.004247 4.977826
v 4.168486 -3.004937 4.978766
v 4.168612 -3.005087 4.980041
v 4.310572 -2.784730 4.970442
v 4.311155 -2.785459 4.971375
v 4.311270 -2.785633 4.972646
v 4.448870 -2.553971 4.961369
v 4.449316 -2.554948 4.962257
v 4.449339 -2.555288 4.963500
v 4.010191 -2.421329 4.920902
v 4.181162 -2.089143 4.924929
v 4.009417 -2.420389 4.921641
v 4.180517 -2.087930 4.925713
v 4.009035 -2.419916 4.922875
v 4.180216 -2.087273 4.926976
v 4.693171 -1.538664 4.958268
v 4.694265 -1.536037 4.959254
v 4.694914 -1.534191 4.960676
v 4.590860 -2.309359 4.950667
v 4.591021 -2.310841 4.951463
v 4.590853 -2.311516 4.952643
v 4.402658 -1.597963 4.946098
v 4.402281 -1.596115 4.946977
v 4.402163 -1.595035 4.948304
v 2.423788 -4.023550 4.930854
v 2.422972 -4.022697 4.931589
v 2.680044 -3.853704 4.938272
v 2.046370 -4.223411 4.918990
v 2.045221 -4.222726 4.919714
v 2.422556 -4.022284 4.932820
v 2.489130 -4.518393 4.976289
v 2.746096 -4.365787 4.983011
v 2.490072 -4.518866 4.977241
v 2.746733 -4.366439 4.983952
v 2.490431 -4.518869 4.978528
v 2.746881 -4.366562 4.985231
v 1.357199 -4.797361 4.914466
v 1.354216 -4.798568 4.915247
v 1.352144 -4.799290 4.916506
v 1.922762 -4.809428 4.957758
v 1.922617 -4.810431 4.958678
v 1.922239 -4.810783 4.959947
v 1.474497 -4.486315 4.897741
v 1.472555 -4.485987 4.898435
v 2.044584 -4.222424 4.920938
v 1.471392 -4.485921 4.899640
v 2.209848 -4.666276 4.967508
v 2.211496 -4.666383 4.968485
v 2.212320 -4.666138 4.969791
v 3.395452 -3.791006 5.094200
v 3.603838 -3.588678 5.093214
v 3.394339 -3.789737 5.095266
v 3.602724 -3.587409 5.094278
v 3.393087 -3.788306 5.095892
v 3.601469 -3.585978 5.094904
v 3.796244 -3.379771 5.090492
v 3.795130 -3.378500 5.091557
v 3.793871 -3.377064 5.092181
v 2.930696 -3.701556 5.052010
v 3.151552 -3.512031 5.053005
v 2.931559 -3.702546 5.053450
v 3.152410 -3.513018 5.054446
v 2.932646 -3.703794 5.054499
v 3.153501 -3.514269 5.055494
v 2.699903 -3.876807 5.049100
v 2.700766 -3.877797 5.050541
v 2.701857 -3.879048 5.051590
v 3.174768 -3.980723 5.093232
v 2.944250 -4.156289 5.090368
v 3.173655 -3.979455 5.094298
v 2.943136 -4.155018 5.091434
v 3.172399 -3.978025 5.094924
v 2.941881 -4.153586 5.092060
v 3.551916 -3.100309 5.049223
v 3.359777 -3.309522 5.051993
v 3.552782 -3.101298 5.050664
v 3.360640 -3.310511 5.053433
v 3.553873 -3.102553 5.051714
v 3.361731 -3.311762 5.054482
v 3.881506 -2.677077 5.039202
v 3.725344 -2.890060 5.044972
v 3.882380 -2.678080 5.040645
v 3.726210 -2.891058 5.046414
v 3.883486 -2.679350 5.041698
v 3.727308 -2.892317 5.047465
v 3.969797 -3.169668 5.086259
v 3.968679 -3.168394 5.087324
v 3.967417 -3.166953 5.087949
v 4.125975 -2.956704 5.080492
v 4.124853 -2.955427 5.081558
v 4.123590 -2.953982 5.082182
v 4.268633 -2.737250 5.073096
v 4.267527 -2.735939 5.074168
v 4.266287 -2.734445 5.074800
v 4.406710 -2.506889 5.063950
v 4.405722 -2.505375 5.065059
v 4.404650 -2.503575 5.065749
v 4.200067 -2.110392 5.037800
v 4.028891 -2.443020 5.033700
v 4.200819 -2.111659 5.039201
v 4.029753 -2.444060 5.035138
v 4.201750 -2.113325 5.040190
v 4.030836 -2.445383 5.036183
v 4.683569 -1.521705 5.065817
v 4.682528 -1.523420 5.067158
v 4.681093 -1.526127 5.068014
v 4.548239 -2.263097 5.053095
v 4.547480 -2.261181 5.054281
v 4.546755 -2.258781 5.055084
v 4.421995 -1.618189 5.059123
v 4.422529 -1.619975 5.060445
v 4.423124 -1.622414 5.061314
v 2.442419 -4.045380 5.043646
v 2.443319 -4.046351 5.045089
v 2.444471 -4.047568 5.046140
v 2.064470 -4.245513 5.031764
v 2.065649 -4.246339 5.033216
v 2.067213 -4.247349 5.034282
v 2.704245 -4.318185 5.085671
v 2.447779 -4.470510 5.078957
v 2.703093 -4.316936 5.086738
v 2.446363 -4.469409 5.080020
v 2.701776 -4.315532 5.087365
v 2.444662 -4.468229 5.080637
v 1.340925 -4.786660 5.021845
v 1.343031 -4.785475 5.023266
v 1.346300 -4.783834 5.024284
v 1.879618 -4.762426 5.060351
v 1.878988 -4.760942 5.061447
v 1.878458 -4.759193 5.062109
v 1.491320 -4.508989 5.010464
v 1.493154 -4.509521 5.011943
v 1.495703 -4.510086 5.013046
v 2.169638 -4.617800 5.070208
v 2.167650 -4.616998 5.071255
v 2.165091 -4.616266 5.071847
v 0.793055 -4.799174 4.928271
v 4.664164 -1.020981 5.035344
v 4.665190 -1.021196 5.035358
v 4.712542 -2.038344 4.991161
v 4.713186 -2.036096 4.991150
v 4.713575 -2.033737 4.991178
vt 0.336424 0.637200
vt 0.287361 0.640446
vt 0.336120 0.636819
vt 0.287085 0.641161
vt 0.247115 0.613089
vt 0.287174 0.640809
vt 0.318395 0.527867
vt 0.354354 0.587006
vt 0.318203 0.528613
vt 0.259284 0.562355
vt 0.258941 0.562084
vt 0.336730 0.637587
vt 0.287251 0.640829
vt 0.258888 0.562147
vt 0.246654 0.613256
vt 0.353848 0.587067
vt 0.318016 0.529348
vt 0.247573 0.612923
vt 0.287272 0.640422
vt 0.259670 0.562652
vt 0.354816 0.587031
vt 0.354368 0.587106
vt 0.353861 0.587186
vt 0.259224 0.562431
vt 0.354841 0.587006
vt 0.354855 0.587039
vt 0.354811 0.587008
vt 0.354832 0.586986
vt 0.354874 0.586998
vt 0.354911 0.587041
vt 0.354856 0.586982
vt 0.354803 0.586947
vt 0.354834 0.586964
vt 0.354805 0.586971
vt 0.354838 0.586928
vt 0.354868 0.586961
vt 0.354807 0.586990
vt 0.354989 0.587024
vt 0.354972 0.586901
vt 0.355093 0.586938
vt 0.354916 0.586973
vt 0.354891 0.586910
vt 0.287152 0.641179
vt 0.287129 0.641196
vt 0.287134 0.641172
vt 0.287153 0.641211
vt 0.287120 0.641222
vt 0.287114 0.641187
vt 0.287119 0.641167
vt 0.287109 0.641206
vt 0.287039 0.641289
vt 0.287126 0.641312
vt 0.287061 0.641379
vt 0.287050 0.641228
vt 0.287096 0.641252
vt 0.287148 0.641255
vt 0.287091 0.641214
vt 0.287096 0.641187
vt 0.287067 0.641187
vt 0.287104 0.641164
vt 0.258880 0.562114
vt 0.258904 0.562132
vt 0.258852 0.562135
vt 0.258857 0.562092
vt 0.258898 0.562102
vt 0.258917 0.562118
vt 0.258880 0.562088
vt 0.258823 0.561965
vt 0.258750 0.562055
vt 0.258708 0.561936
vt 0.258886 0.562011
vt 0.258834 0.562050
vt 0.258805 0.562108
vt 0.258880 0.562064
vt 0.258906 0.562083
vt 0.258921 0.562052
vt 0.258928 0.562103
vt 0.287337 0.640415
vt 0.287366 0.640411
vt 0.287333 0.640443
vt 0.287322 0.640415
vt 0.287340 0.640389
vt 0.287368 0.640371
vt 0.287326 0.640397
vt 0.287308 0.640407
vt 0.287297 0.640433
vt 0.287286 0.640389
vt 0.287319 0.640383
vt 0.287315 0.640440
vt 0.287368 0.640324
vt 0.287328 0.640313
vt 0.287362 0.640267
vt 0.287336 0.640360
vt 0.287303 0.640354
vt 0.353828 0.587149
vt 0.353864 0.587149
vt 0.353816 0.587183
vt 0.353795 0.587146
vt 0.353831 0.587129
vt 0.353863 0.587125
vt 0.353808 0.587132
vt 0.353706 0.587119
vt 0.353712 0.587168
vt 0.353647 0.587154
vt 0.353758 0.587096
vt 0.353760 0.587137
vt 0.353768 0.587177
vt 0.353792 0.587120
vt 0.353823 0.587110
vt 0.353804 0.587080
vt 0.353858 0.587101
vt 0.259601 0.562741
vt 0.259647 0.562728
vt 0.259639 0.562762
vt 0.259616 0.562711
vt 0.259653 0.562710
vt 0.259675 0.562742
vt 0.259682 0.562782
vt 0.259671 0.562724
vt 0.259669 0.562699
vt 0.259644 0.562674
vt 0.259699 0.562683
vt 0.259690 0.562722
vt 0.259629 0.562691
vt 0.259734 0.562803
vt 0.259764 0.562765
vt 0.259796 0.562824
vt 0.259708 0.562752
vt 0.259730 0.562719
vt 0.336769 0.637637
vt 0.336808 0.637685
vt 0.336847 0.637735
vt 0.336886 0.637784
vt 0.246595 0.613278
vt 0.246536 0.613299
vt 0.246477 0.613320
vt 0.246419 0.613342
vt 0.318468 0.527582
vt 0.318444 0.527678
vt 0.318419 0.527772
vt 0.318493 0.527488
vt 0.336006 0.636675
vt 0.336044 0.636722
vt 0.336082 0.636770
vt 0.335968 0.636627
vt 0.247745 0.612861
vt 0.247688 0.612881
vt 0.247630 0.612902
vt 0.247802 0.612840
vt 0.317992 0.529440
vt 0.317969 0.529532
vt 0.317945 0.529624
vt 0.317922 0.529715
vt 0.287195 0.640814
vt 0.287213 0.640819
vt 0.287230 0.640823
vt 0.354357 0.587033
vt 0.354360 0.587056
vt 0.354364 0.587078
vt 0.259268 0.562376
vt 0.259255 0.562393
vt 0.259241 0.562410
vt 0.358565 0.663201
vt 0.369808 0.687823
vt 0.369182 0.688176
vt 0.409012 0.687191
vt 0.418579 0.670739
vt 0.411193 0.688963
vt 0.368197 0.646826
vt 0.397770 0.646487
vt 0.397796 0.647305
vt 0.390640 0.709746
vt 0.385809 0.708947
vt 0.390587 0.709027
vt 0.357456 0.653834
vt 0.368224 0.646947
vt 0.369580 0.651044
vt 0.430632 0.651280
vt 0.429693 0.651807
vt 0.389354 0.732064
vt 0.397119 0.725535
vt 0.389273 0.733590
vt 0.368132 0.645989
vt 0.351393 0.646863
vt 0.368060 0.645052
vt 0.413590 0.690842
vt 0.414800 0.654354
vt 0.397704 0.647426
vt 0.429621 0.651898
vt 0.356521 0.663924
vt 0.363070 0.691841
vt 0.344933 0.651582
vt 0.421517 0.675481
vt 0.427047 0.664638
vt 0.420704 0.679492
vt 0.351769 0.648657
vt 0.343894 0.651024
vt 0.351594 0.647824
vt 0.393162 0.715881
vt 0.389319 0.730653
vt 0.383511 0.711634
vt 0.431806 0.650616
vt 0.342698 0.650492
vt 0.389230 0.653074
vt 0.392696 0.650514
vt 0.360896 0.658248
vt 0.359362 0.663061
vt 0.358583 0.663006
vt 0.362915 0.691944
vt 0.343823 0.651179
vt 0.344820 0.651609
vt 0.364192 0.654022
vt 0.389097 0.653863
vt 0.364568 0.654676
vt 0.408894 0.687109
vt 0.417643 0.664574
vt 0.418350 0.664558
vt 0.416456 0.659940
vt 0.413510 0.656400
vt 0.413904 0.655807
vt 0.389419 0.730807
vt 0.396359 0.724738
vt 0.413586 0.691203
vt 0.413169 0.693959
vt 0.360787 0.658151
vt 0.389118 0.653209
vt 0.413369 0.656307
vt 0.389247 0.730798
vt 0.362230 0.692404
vt 0.351848 0.648758
vt 0.385310 0.709535
vt 0.384968 0.710251
vt 0.396198 0.709368
vt 0.408303 0.686817
vt 0.403607 0.711160
vt 0.403886 0.712441
vt 0.421172 0.659800
vt 0.422256 0.671447
vt 0.396255 0.709578
vt 0.390730 0.710631
vt 0.396036 0.709470
vt 0.395621 0.708822
vt 0.395695 0.724050
vt 0.418346 0.664380
vt 0.415879 0.660251
vt 0.366416 0.689826
vt 0.403552 0.710930
vt 0.395635 0.723862
vt 0.404197 0.713887
vt 0.389163 0.732055
vt 0.361457 0.692922
vt 0.400949 0.706756
vt 0.422239 0.671847
vt 0.427211 0.661812
vt 0.412690 0.697074
vt 0.416610 0.659910
vt 0.364032 0.654118
vt 0.361518 0.658625
vt 0.427262 0.659232
vt 0.427322 0.659442
vt 0.430712 0.651410
vt 0.397743 0.645570
vt 0.431894 0.650758
vt 0.385651 0.708866
vt 0.360101 0.663099
vt 0.364413 0.654765
vt 0.362123 0.658994
vt 0.413136 0.656961
vt 0.416972 0.664586
vt 0.395775 0.708720
vt 0.407712 0.686525
vt 0.364034 0.653880
vt 0.413947 0.655586
vt 0.390692 0.710486
vt 0.385480 0.709617
vt 0.389077 0.654516
vt 0.364911 0.655303
vt 0.413003 0.656874
vt 0.417639 0.664404
vt 0.415312 0.660551
vt 0.384899 0.710471
vt 0.342623 0.650657
vt 0.418546 0.664464
vt 0.395220 0.708213
vt 0.369030 0.688264
vt 0.358349 0.663159
vt 0.359351 0.663248
vt 0.370434 0.687471
vt 0.358519 0.663190
vt 0.358561 0.663156
vt 0.358464 0.663174
vt 0.358514 0.663148
vt 0.358561 0.663103
vt 0.358482 0.663120
vt 0.358513 0.663110
vt 0.358392 0.663140
vt 0.358406 0.663161
vt 0.358449 0.663103
vt 0.358434 0.663138
vt 0.358466 0.663110
vt 0.358472 0.663142
vt 0.358569 0.663050
vt 0.358517 0.663052
vt 0.358512 0.663079
vt 0.385077 0.710368
vt 0.385102 0.710322
vt 0.385148 0.710331
vt 0.385000 0.710406
vt 0.385050 0.710359
vt 0.385052 0.710304
vt 0.385000 0.710386
vt 0.385023 0.710344
vt 0.384925 0.710418
vt 0.384937 0.710440
vt 0.384943 0.710357
vt 0.384960 0.710403
vt 0.384974 0.710366
vt 0.385005 0.710278
vt 0.384955 0.710299
vt 0.384990 0.710324
vt 0.384999 0.710367
vt 0.413803 0.655682
vt 0.413795 0.655726
vt 0.413756 0.655711
vt 0.413861 0.655651
vt 0.413834 0.655695
vt 0.413836 0.655749
vt 0.413877 0.655689
vt 0.413861 0.655712
vt 0.413930 0.655632
vt 0.413912 0.655618
vt 0.413919 0.655691
vt 0.413902 0.655652
vt 0.413897 0.655687
vt 0.413871 0.655670
vt 0.413874 0.655778
vt 0.413913 0.655754
vt 0.413887 0.655730
vt 0.344828 0.651562
vt 0.344868 0.651605
vt 0.344840 0.651528
vt 0.344871 0.651569
vt 0.344903 0.651597
vt 0.344895 0.651553
vt 0.344900 0.651569
vt 0.344908 0.651503
vt 0.344858 0.651498
vt 0.344888 0.651467
vt 0.344920 0.651533
vt 0.344887 0.651526
vt 0.344877 0.651545
vt 0.344915 0.651564
vt 0.344928 0.651558
vt 0.344924 0.651588
vt 0.344906 0.651546
vt 0.429692 0.651854
vt 0.429657 0.651836
vt 0.429724 0.651834
vt 0.429711 0.651870
vt 0.429673 0.651872
vt 0.429636 0.651862
vt 0.429693 0.651877
vt 0.429758 0.651918
vt 0.429718 0.651890
vt 0.429752 0.651882
vt 0.429690 0.651917
vt 0.429722 0.651920
vt 0.429740 0.651857
vt 0.429624 0.651883
vt 0.429657 0.651910
vt 0.429664 0.651888
vt 0.429692 0.651891
vt 0.389373 0.730819
vt 0.389399 0.730763
vt 0.389337 0.730820
vt 0.389362 0.730775
vt 0.389351 0.730742
vt 0.389376 0.730724
vt 0.389335 0.730752
vt 0.389305 0.730766
vt 0.389299 0.730815
vt 0.389264 0.730738
vt 0.389317 0.730732
vt 0.389335 0.730779
vt 0.389351 0.730689
vt 0.389304 0.730667
vt 0.389331 0.730710
vt 0.389285 0.730695
vt 0.418394 0.664402
vt 0.418355 0.664421
vt 0.418448 0.664431
vt 0.418400 0.664436
vt 0.418359 0.664469
vt 0.418428 0.664467
vt 0.418401 0.664468
vt 0.418502 0.664477
vt 0.418501 0.664453
vt 0.418450 0.664502
vt 0.418471 0.664466
vt 0.418441 0.664483
vt 0.418440 0.664451
vt 0.418357 0.664517
vt 0.418397 0.664533
vt 0.418401 0.664500
vt 0.396079 0.709454
vt 0.396097 0.709498
vt 0.396125 0.709429
vt 0.396127 0.709484
vt 0.396165 0.709525
vt 0.396153 0.709466
vt 0.396171 0.709507
vt 0.396210 0.709419
vt 0.396166 0.709398
vt 0.396220 0.709479
vt 0.396182 0.709445
vt 0.396173 0.709488
vt 0.396220 0.709552
vt 0.396235 0.709535
vt 0.396205 0.709520
vt 0.396195 0.709487
vt 0.364151 0.654036
vt 0.364152 0.653989
vt 0.364106 0.654058
vt 0.364117 0.654002
vt 0.364104 0.653953
vt 0.364076 0.653990
vt 0.364087 0.653971
vt 0.364034 0.654052
vt 0.364065 0.654087
vt 0.364040 0.653980
vt 0.364059 0.654032
vt 0.364059 0.653984
vt 0.364087 0.654017
vt 0.364062 0.653916
vt 0.364042 0.653921
vt 0.364062 0.653948
vt 0.364917 0.655340
vt 0.364872 0.655316
vt 0.364914 0.655376
vt 0.364878 0.655352
vt 0.364833 0.655335
vt 0.364879 0.655379
vt 0.364848 0.655363
vt 0.364891 0.655442
vt 0.364871 0.655405
vt 0.364905 0.655409
vt 0.364855 0.655436
vt 0.364844 0.655398
vt 0.364857 0.655380
vt 0.364796 0.655357
vt 0.364791 0.655407
vt 0.364763 0.655383
vt 0.364822 0.655382
vt 0.364822 0.655425
vt 0.413040 0.656890
vt 0.412995 0.656909
vt 0.413075 0.656911
vt 0.413031 0.656923
vt 0.412995 0.656944
vt 0.413058 0.656937
vt 0.413028 0.656949
vt 0.413109 0.656983
vt 0.413108 0.656934
vt 0.413078 0.656997
vt 0.413082 0.656956
vt 0.413060 0.656970
vt 0.413013 0.657009
vt 0.413034 0.656975
vt 0.413046 0.657005
vt 0.413001 0.656977
vt 0.413049 0.656952
vt 0.395210 0.708177
vt 0.395258 0.708195
vt 0.395208 0.708140
vt 0.395247 0.708160
vt 0.395296 0.708172
vt 0.395243 0.708132
vt 0.395277 0.708144
vt 0.395224 0.708068
vt 0.395249 0.708104
vt 0.395213 0.708104
vt 0.395261 0.708071
vt 0.395277 0.708109
vt 0.395265 0.708128
vt 0.395331 0.708145
vt 0.395330 0.708093
vt 0.395361 0.708115
vt 0.395302 0.708122
vt 0.395297 0.708078
vt 0.385767 0.708934
vt 0.385814 0.708908
vt 0.385726 0.708916
vt 0.385774 0.708897
vt 0.385811 0.708871
vt 0.385742 0.708885
vt 0.385774 0.708868
vt 0.385680 0.708840
vt 0.385686 0.708893
vt 0.385713 0.708820
vt 0.385713 0.708866
vt 0.385736 0.708849
vt 0.385785 0.708801
vt 0.385765 0.708841
vt 0.385748 0.708808
vt 0.385801 0.708835
vt 0.385751 0.708867
vt 0.360088 0.663232
vt 0.360131 0.663264
vt 0.360093 0.663275
vt 0.360087 0.663186
vt 0.360124 0.663222
vt 0.360164 0.663245
vt 0.360122 0.663188
vt 0.360151 0.663210
vt 0.360137 0.663113
vt 0.360092 0.663142
vt 0.360168 0.663134
vt 0.360127 0.663154
vt 0.360152 0.663167
vt 0.360217 0.663190
vt 0.360172 0.663189
vt 0.360194 0.663160
vt 0.360192 0.663220
vt 0.360142 0.663188
vt 0.416976 0.664465
vt 0.416936 0.664438
vt 0.416969 0.664426
vt 0.416979 0.664506
vt 0.416944 0.664475
vt 0.416907 0.664456
vt 0.416948 0.664506
vt 0.416920 0.664487
vt 0.416938 0.664575
vt 0.416978 0.664547
vt 0.416908 0.664558
vt 0.416945 0.664538
vt 0.416921 0.664526
vt 0.416861 0.664507
vt 0.416902 0.664507
vt 0.416883 0.664535
vt 0.416883 0.664479
vt 0.416929 0.664507
vt 0.368201 0.646862
vt 0.397777 0.647369
vt 0.368207 0.646894
vt 0.397748 0.647399
vt 0.368215 0.646922
vt 0.397792 0.647339
vt 0.395671 0.724016
vt 0.403596 0.711100
vt 0.395656 0.723971
vt 0.403586 0.711037
vt 0.395644 0.723918
vt 0.403572 0.710979
vt 0.362953 0.691919
vt 0.362992 0.691893
vt 0.363030 0.691867
vt 0.343849 0.651139
vt 0.343867 0.651105
vt 0.343881 0.651069
vt 0.342650 0.650615
vt 0.342670 0.650579
vt 0.342684 0.650540
vt 0.389301 0.732061
vt 0.389258 0.732059
vt 0.389215 0.732057
vt 0.389217 0.733587
vt 0.389172 0.733585
vt 0.389126 0.733582
vt 0.430647 0.651319
vt 0.430663 0.651349
vt 0.430684 0.651378
vt 0.431823 0.650659
vt 0.431841 0.650692
vt 0.431864 0.650723
vt 0.389188 0.653107
vt 0.389152 0.653140
vt 0.389127 0.653174
vt 0.390717 0.710600
vt 0.390706 0.710566
vt 0.390697 0.710527
vt 0.369072 0.688239
vt 0.369112 0.688216
vt 0.369148 0.688195
vt 0.427325 0.659347
vt 0.427318 0.659275
vt 0.427297 0.659236
vt 0.422267 0.671696
vt 0.422284 0.671569
vt 0.422282 0.671482
vt 0.413604 0.691080
vt 0.413615 0.690970
vt 0.413612 0.690888
vt 0.416568 0.659912
vt 0.416528 0.659917
vt 0.416491 0.659926
vt 0.408983 0.687168
vt 0.408955 0.687146
vt 0.408925 0.687126
vt 0.351780 0.648690
vt 0.351798 0.648718
vt 0.351821 0.648739
vt 0.360808 0.658176
vt 0.360833 0.658200
vt 0.360862 0.658225
vt 0.389076 0.654550
vt 0.389075 0.654585
vt 0.389073 0.654620
vt 0.389072 0.654654
vt 0.390585 0.708991
vt 0.390582 0.708954
vt 0.390579 0.708918
vt 0.390577 0.708881
vt 0.370467 0.687452
vt 0.370500 0.687434
vt 0.370533 0.687415
vt 0.370566 0.687396
vt 0.415282 0.660566
vt 0.415253 0.660582
vt 0.415224 0.660597
vt 0.415195 0.660613
vt 0.407681 0.686509
vt 0.407649 0.686494
vt 0.407618 0.686478
vt 0.407587 0.686462
vt 0.362154 0.659013
vt 0.362185 0.659032
vt 0.362216 0.659051
vt 0.362247 0.659069
vt 0.395657 0.708798
vt 0.395698 0.708771
vt 0.395738 0.708745
vt 0.417640 0.664444
vt 0.417641 0.664489
vt 0.417642 0.664534
vt 0.413476 0.656378
vt 0.413439 0.656354
vt 0.413402 0.656329
vt 0.364449 0.654744
vt 0.364490 0.654720
vt 0.364531 0.654697
vt 0.359353 0.663204
vt 0.359356 0.663154
vt 0.359359 0.663105
vt 0.385350 0.709555
vt 0.385395 0.709576
vt 0.385439 0.709598
vt 0.389070 0.733580
vt 0.448686 0.293482
vt 0.454072 0.294569
vt 0.451449 0.297118
vt 0.523929 0.015985
vt 0.536304 0.017580
vt 0.524099 0.018425
vt 0.457023 0.298085
vt 0.462844 0.298939
vt 0.460166 0.301459
vt 0.562555 0.040464
vt 0.574199 0.038477
vt 0.574241 0.040873
vt 0.466863 0.307618
vt 0.467517 0.312749
vt 0.464161 0.310081
vt 0.511783 0.017259
vt 0.511973 0.019701
vt 0.513048 0.043112
vt 0.499709 0.042817
vt 0.512818 0.040723
vt 0.537893 0.040857
vt 0.550255 0.038049
vt 0.550365 0.040445
vt 0.460796 0.307137
vt 0.457505 0.303962
vt 0.466178 0.302157
vt 0.463477 0.304654
vt 0.585544 0.039277
vt 0.585549 0.041677
vt 0.593867 0.017287
vt 0.582958 0.018503
vt 0.582915 0.016058
vt 0.571816 0.015237
vt 0.560442 0.017247
vt 0.560345 0.014805
vt 0.597336 0.040589
vt 0.597301 0.042988
vt 0.612860 0.042953
vt 0.612793 0.045342
vt 0.616313 0.021052
vt 0.604916 0.021406
vt 0.604933 0.018950
vt 0.470237 0.310307
vt 0.470893 0.315165
vt 0.634705 0.046797
vt 0.634622 0.049184
vt 0.660102 0.051375
vt 0.659872 0.053685
vt 0.627898 0.023424
vt 0.616272 0.023515
vt 0.477200 0.315025
vt 0.477976 0.319424
vt 0.474352 0.317375
vt 0.499660 0.018921
vt 0.499867 0.021369
vt 0.487111 0.020994
vt 0.487340 0.023454
vt 0.482118 0.049087
vt 0.456097 0.052946
vt 0.481784 0.046757
vt 0.459680 0.295543
vt 0.473771 0.023563
vt 0.474048 0.026028
vt 0.460246 0.026685
vt 0.460728 0.029068
vt 0.456386 0.055239
vt 0.425786 0.059150
vt 0.448118 0.285932
vt 0.453798 0.288060
vt 0.451237 0.290779
vt 0.536450 0.020011
vt 0.524269 0.020859
vt 0.561455 0.027624
vt 0.571988 0.020437
vt 0.573039 0.028039
vt 0.562478 0.038069
vt 0.574155 0.036072
vt 0.585503 0.036545
vt 0.595604 0.030132
vt 0.597323 0.037858
vt 0.512164 0.022138
vt 0.500075 0.023814
vt 0.537749 0.038460
vt 0.525055 0.036946
vt 0.537606 0.036059
vt 0.550144 0.035646
vt 0.525236 0.039347
vt 0.512587 0.038325
vt 0.548505 0.017200
vt 0.571886 0.017679
vt 0.560537 0.019683
vt 0.571956 0.020115
vt 0.597371 0.038183
vt 0.574123 0.035749
vt 0.584248 0.028847
vt 0.593880 0.019736
vt 0.582999 0.020941
vt 0.593891 0.022178
vt 0.634788 0.044406
vt 0.608876 0.032187
vt 0.612827 0.040227
vt 0.604896 0.023856
vt 0.627847 0.025896
vt 0.616228 0.025977
vt 0.660159 0.049075
vt 0.512177 0.022460
vt 0.524658 0.028848
vt 0.512372 0.030172
vt 0.499415 0.040424
vt 0.481444 0.044424
vt 0.487570 0.025907
vt 0.474321 0.028476
vt 0.499749 0.032055
vt 0.487512 0.026244
vt 0.500076 0.024139
vt 0.455799 0.050670
vt 0.425969 0.056433
vt 0.461028 0.031425
vt 0.525418 0.041739
vt 0.440686 0.040199
vt 0.460400 0.029212
vt 0.441790 0.042005
vt 0.460595 0.029295
vt 0.525036 0.036622
vt 0.512570 0.038000
vt 0.562400 0.035667
vt 0.537583 0.035735
vt 0.444378 0.279435
vt 0.450246 0.282272
vt 0.454382 0.300611
vt 0.481502 0.044094
vt 0.465121 0.039871
vt 0.484536 0.035152
vt 0.492938 0.323621
vt 0.500085 0.324848
vt 0.492921 0.324421
vt 0.499776 0.325634
vt 0.492902 0.325221
vt 0.583035 0.021264
vt 0.548384 0.014759
vt 0.524287 0.021180
vt 0.537021 0.027978
vt 0.548625 0.019635
vt 0.440269 0.272161
vt 0.445478 0.273557
vt 0.440577 0.281010
vt 0.443248 0.285326
vt 0.461127 0.031719
vt 0.474152 0.028835
vt 0.455994 0.050329
vt 0.443368 0.043829
vt 0.481512 0.317448
vt 0.481808 0.321341
vt 0.472979 0.307855
vt 0.473629 0.312746
vt 0.585539 0.036870
vt 0.616454 0.026338
vt 0.625480 0.035193
vt 0.469585 0.305142
vt 0.476390 0.310318
vt 0.549374 0.027588
vt 0.550119 0.035323
vt 0.500001 0.045199
vt 0.499410 0.040099
vt 0.486919 0.320264
vt 0.485518 0.323041
vt 0.492113 0.319370
vt 0.492804 0.323513
vt 0.634562 0.044053
vt 0.643614 0.038658
vt 0.659455 0.048634
vt 0.627699 0.028666
vt 0.440163 0.272032
vt 0.439062 0.263354
vt 0.439897 0.263176
vt 0.445985 0.289580
vt 0.439358 0.272016
vt 0.438218 0.263557
vt 0.604996 0.024191
vt 0.536158 0.015140
vt 0.562371 0.035344
vt 0.593938 0.022504
vt 0.485763 0.323981
vt 0.485527 0.323131
vt 0.480074 0.312676
vt 0.612927 0.040559
vt 0.485995 0.324833
vt 0.560566 0.020004
vt 0.548651 0.019956
vt 0.536471 0.020332
vt 0.456710 0.292004
vt 0.485069 0.315507
vt 0.500343 0.324033
vt 0.500335 0.324007
vt 0.500363 0.324037
vt 0.500300 0.324004
vt 0.500303 0.323979
vt 0.500358 0.324006
vt 0.500326 0.323983
vt 0.500202 0.323916
vt 0.500195 0.323942
vt 0.500152 0.323913
vt 0.500263 0.323927
vt 0.500258 0.323949
vt 0.500249 0.323973
vt 0.500310 0.323961
vt 0.659827 0.053736
vt 0.659731 0.053727
vt 0.659926 0.053682
vt 0.659888 0.053742
vt 0.659717 0.053776
vt 0.659570 0.053757
vt 0.500348 0.323985
vt 0.459928 0.026762
vt 0.459995 0.026805
vt 0.459922 0.026843
vt 0.440531 0.280973
vt 0.440510 0.280982
vt 0.440509 0.280953
vt 0.460002 0.026726
vt 0.460083 0.026762
vt 0.460018 0.026660
vt 0.460071 0.026695
vt 0.440545 0.281013
vt 0.440552 0.280993
vt 0.440562 0.281030
vt 0.440538 0.281029
vt 0.440529 0.280996
vt 0.440528 0.281013
vt 0.460171 0.026720
vt 0.460205 0.026629
vt 0.460136 0.026663
vt 0.460156 0.026591
vt 0.460063 0.026656
vt 0.460102 0.026622
vt 0.439925 0.263186
vt 0.439926 0.263221
vt 0.439897 0.263144
vt 0.439927 0.263163
vt 0.439953 0.263220
vt 0.439957 0.263275
vt 0.439949 0.263196
vt 0.426079 0.061536
vt 0.426128 0.061587
vt 0.426024 0.061536
vt 0.426221 0.061574
vt 0.426239 0.061622
vt 0.426066 0.061594
vt 0.425995 0.061538
vt 0.439947 0.263174
vt 0.439987 0.263330
vt 0.440013 0.263323
vt 0.440015 0.263374
vt 0.439982 0.263266
vt 0.440003 0.263261
vt 0.439970 0.263213
vt 0.499747 0.325657
vt 0.499712 0.325653
vt 0.499805 0.325642
vt 0.499768 0.325660
vt 0.499695 0.325672
vt 0.499637 0.325671
vt 0.499723 0.325672
vt 0.660098 0.048981
vt 0.660214 0.049072
vt 0.659998 0.048969
vt 0.659972 0.048889
vt 0.660161 0.048983
vt 0.660052 0.048912
vt 0.659648 0.048677
vt 0.659613 0.048736
vt 0.499633 0.325690
vt 0.499558 0.325688
vt 0.659821 0.048793
vt 0.659805 0.048852
vt 0.499697 0.325688
vt 0.425914 0.056279
vt 0.426035 0.056271
vt 0.425874 0.056349
vt 0.426107 0.056204
vt 0.426174 0.056217
vt 0.425996 0.056320
vt 0.426116 0.056264
vt 0.426491 0.056111
vt 0.426465 0.056070
vt 0.426623 0.056034
vt 0.407536 0.225281
vt 0.407524 0.225221
vt 0.407731 0.225192
vt 0.426326 0.056168
vt 0.426292 0.056134
vt 0.426193 0.056253
vt 0.426061 0.056330
vt 0.426167 0.056328
vt 0.425864 0.056390
vt 0.426346 0.056221
vt 0.460475 0.029173
vt 0.460562 0.029132
vt 0.460651 0.029095
vt 0.460778 0.307154
vt 0.457488 0.303979
vt 0.460763 0.307168
vt 0.457473 0.303993
vt 0.460749 0.307183
vt 0.457458 0.304007
vt 0.548382 0.014695
vt 0.536155 0.015076
vt 0.464143 0.310097
vt 0.464128 0.310112
vt 0.464114 0.310127
vt 0.560345 0.014741
vt 0.462863 0.298922
vt 0.459698 0.295526
vt 0.462878 0.298907
vt 0.525429 0.041863
vt 0.537896 0.040923
vt 0.537899 0.040981
vt 0.456728 0.291986
vt 0.459714 0.295511
vt 0.513065 0.043235
vt 0.525423 0.041805
vt 0.451431 0.297135
vt 0.454365 0.300628
vt 0.451416 0.297149
vt 0.454350 0.300642
vt 0.451401 0.297162
vt 0.511777 0.017195
vt 0.454335 0.300655
vt 0.523924 0.015921
vt 0.466196 0.302140
vt 0.469603 0.305125
vt 0.466212 0.302125
vt 0.469619 0.305110
vt 0.562551 0.040588
vt 0.550367 0.040511
vt 0.562555 0.040530
vt 0.550366 0.040569
vt 0.472998 0.307838
vt 0.476409 0.310301
vt 0.473014 0.307823
vt 0.476425 0.310286
vt 0.585536 0.041800
vt 0.574240 0.040940
vt 0.585546 0.041743
vt 0.574233 0.040998
vt 0.467499 0.312765
vt 0.467484 0.312780
vt 0.467471 0.312795
vt 0.571816 0.015172
vt 0.470875 0.315182
vt 0.470860 0.315197
vt 0.470848 0.315213
vt 0.582917 0.015994
vt 0.474333 0.317391
vt 0.474317 0.317405
vt 0.474305 0.317422
vt 0.593871 0.017222
vt 0.477952 0.319438
vt 0.477932 0.319450
vt 0.477918 0.319465
vt 0.604941 0.018886
vt 0.480094 0.312659
vt 0.485094 0.315494
vt 0.480111 0.312644
vt 0.485115 0.315482
vt 0.612756 0.045461
vt 0.597296 0.043053
vt 0.612783 0.045407
vt 0.597281 0.043110
vt 0.485518 0.323065
vt 0.492855 0.323542
vt 0.485519 0.323086
vt 0.492899 0.323570
vt 0.485521 0.323108
vt 0.492928 0.323596
vt 0.481772 0.321348
vt 0.481742 0.321355
vt 0.481721 0.321368
vt 0.627894 0.023356
vt 0.616330 0.020989
vt 0.492150 0.319364
vt 0.492181 0.319358
vt 0.634604 0.049248
vt 0.634555 0.049297
vt 0.453815 0.288041
vt 0.456744 0.291972
vt 0.500028 0.045319
vt 0.513056 0.043178
vt 0.450260 0.282248
vt 0.453831 0.288026
vt 0.482164 0.049201
vt 0.500012 0.045263
vt 0.482134 0.049150
vt 0.445972 0.289604
vt 0.448669 0.293500
vt 0.445960 0.289623
vt 0.448655 0.293514
vt 0.445946 0.289638
vt 0.487099 0.020931
vt 0.448639 0.293527
vt 0.499653 0.018857
vt 0.440242 0.272112
vt 0.440215 0.272071
vt 0.440189 0.272042
vt 0.440672 0.040127
vt 0.445484 0.273519
vt 0.450273 0.282227
vt 0.456462 0.055345
vt 0.456410 0.055299
vt 0.445491 0.273487
vt 0.426382 0.061599
vt 0.443242 0.285361
vt 0.440551 0.281048
vt 0.443237 0.285390
vt 0.440540 0.281068
vt 0.473750 0.023501
vt 0.443227 0.285412
vt 0.536454 0.020087
vt 0.548630 0.019712
vt 0.536460 0.020171
vt 0.548636 0.019795
vt 0.536466 0.020255
vt 0.548644 0.019879
vt 0.560542 0.019759
vt 0.560549 0.019843
vt 0.560558 0.019927
vt 0.525050 0.036869
vt 0.537601 0.035982
vt 0.525045 0.036785
vt 0.537595 0.035898
vt 0.525040 0.036701
vt 0.537589 0.035813
vt 0.512581 0.038248
vt 0.512576 0.038164
vt 0.512573 0.038079
vt 0.524274 0.020935
vt 0.512169 0.022215
vt 0.524279 0.021019
vt 0.512173 0.022299
vt 0.524283 0.021103
vt 0.512175 0.022383
vt 0.562396 0.035590
vt 0.550140 0.035569
vt 0.562389 0.035507
vt 0.550134 0.035486
vt 0.562380 0.035422
vt 0.550126 0.035402
vt 0.585535 0.036792
vt 0.574151 0.035996
vt 0.585527 0.036708
vt 0.574144 0.035911
vt 0.585515 0.036624
vt 0.574133 0.035827
vt 0.571960 0.020192
vt 0.571968 0.020276
vt 0.571978 0.020360
vt 0.583003 0.021017
vt 0.583012 0.021102
vt 0.583023 0.021187
vt 0.593895 0.022255
vt 0.593906 0.022341
vt 0.593921 0.022426
vt 0.604904 0.023934
vt 0.604926 0.024021
vt 0.604959 0.024110
vt 0.612921 0.040481
vt 0.597367 0.038106
vt 0.612898 0.040396
vt 0.597357 0.038021
vt 0.612865 0.040309
vt 0.597341 0.037936
vt 0.492889 0.325246
vt 0.486002 0.324860
vt 0.492852 0.325269
vt 0.486006 0.324889
vt 0.492796 0.325292
vt 0.486009 0.324918
vt 0.627735 0.028600
vt 0.643803 0.038692
vt 0.616245 0.026058
vt 0.616294 0.026150
vt 0.616368 0.026247
vt 0.627793 0.028369
vt 0.627785 0.028446
vt 0.627765 0.028525
vt 0.634772 0.044327
vt 0.634723 0.044237
vt 0.634648 0.044143
vt 0.499408 0.040347
vt 0.499406 0.040263
vt 0.499407 0.040178
vt 0.481441 0.044348
vt 0.481452 0.044263
vt 0.484103 0.222718
vt 0.465984 0.222401
vt 0.484124 0.222636
vt 0.466029 0.222327
vt 0.484146 0.222561
vt 0.500080 0.023890
vt 0.487570 0.025985
vt 0.500081 0.023975
vt 0.487559 0.026073
vt 0.500079 0.024061
vt 0.487538 0.026162
vt 0.442904 0.043831
vt 0.442963 0.043870
vt 0.443069 0.043877
vt 0.443210 0.043860
vt 0.461045 0.031498
vt 0.461069 0.031576
vt 0.461097 0.031652
vt 0.455809 0.050594
vt 0.455850 0.050507
vt 0.465944 0.222482
vt 0.439214 0.223442
vt 0.439310 0.223365
vt 0.439130 0.223525
vt 0.407892 0.225112
vt 0.474313 0.028555
vt 0.474278 0.028648
vt 0.474220 0.028744
vt 0.425723 0.059156
vt 0.425897 0.056412
vt 0.438215 0.263536
vt 0.439062 0.263332
vt 0.660186 0.051384
vt 0.659955 0.053684
vt 0.500107 0.324849
vt 0.660158 0.051385
vt 0.499796 0.325639
vt 0.438550 0.272004
vt 0.439895 0.263155
vt 0.407370 0.225296
vt 0.589948 0.193340
vt 0.633707 0.183044
vt 0.590817 0.194208
vt 0.676552 0.134225
vt 0.601727 0.092739
vt 0.695698 0.138552
vt 0.519680 0.103003
vt 0.552985 0.142417
vt 0.552184 0.143148
vt 0.523652 0.104804
vt 0.553788 0.141689
vt 0.584668 0.170079
vt 0.591523 0.134208
vt 0.616731 0.148219
vt 0.535285 0.281588
vt 0.489729 0.210577
vt 0.494937 0.209480
vt 0.633433 0.181582
vt 0.683050 0.175694
vt 0.556387 0.231062
vt 0.535241 0.275572
vt 0.555301 0.230654
vt 0.594946 0.116298
vt 0.648763 0.126381
vt 0.571088 0.290181
vt 0.650126 0.252673
vt 0.557384 0.304836
vt 0.495727 0.129052
vt 0.536977 0.159626
vt 0.496941 0.131336
vt 0.592979 0.234507
vt 0.630529 0.234052
vt 0.593485 0.272055
vt 0.567510 0.188905
vt 0.536229 0.160418
vt 0.701368 0.158760
vt 0.654101 0.256774
vt 0.488494 0.110445
vt 0.483910 0.211794
vt 0.481814 0.091853
vt 0.538635 0.300359
vt 0.646291 0.248725
vt 0.683194 0.175907
vt 0.686716 0.173581
vt 0.578958 0.237287
vt 0.590689 0.194338
vt 0.580043 0.237494
vt 0.582522 0.179678
vt 0.540331 0.146498
vt 0.546523 0.144707
vt 0.602618 0.087591
vt 0.715871 0.143211
vt 0.589691 0.193221
vt 0.634693 0.175538
vt 0.633453 0.181379
vt 0.571738 0.289459
vt 0.644882 0.247359
vt 0.476043 0.096570
vt 0.455374 0.146625
vt 0.443365 0.111236
vt 0.575851 0.186678
vt 0.540157 0.146691
vt 0.581154 0.185190
vt 0.631246 0.163670
vt 0.626973 0.159219
vt 0.573080 0.238835
vt 0.578756 0.237314
vt 0.635958 0.168963
vt 0.715982 0.143585
vt 0.635885 0.168707
vt 0.569838 0.188450
vt 0.568677 0.188765
vt 0.495501 0.129204
vt 0.496639 0.208947
vt 0.495258 0.209394
vt 0.500813 0.096992
vt 0.482039 0.091538
vt 0.535090 0.277993
vt 0.535134 0.280725
vt 0.557475 0.231468
vt 0.535347 0.277986
vt 0.585338 0.189045
vt 0.566619 0.240439
vt 0.581377 0.185246
vt 0.495222 0.128407
vt 0.538852 0.153044
vt 0.537799 0.158654
vt 0.583840 0.173830
vt 0.542686 0.320105
vt 0.680040 0.177794
vt 0.633977 0.184494
vt 0.583805 0.173548
vt 0.584062 0.172365
vt 0.600845 0.097694
vt 0.672726 0.134256
vt 0.600420 0.099223
vt 0.445040 0.171652
vt 0.477719 0.156987
vt 0.479394 0.217403
vt 0.519799 0.102776
vt 0.521923 0.103785
vt 0.583989 0.173588
vt 0.626215 0.157948
vt 0.626834 0.159064
vt 0.566364 0.240366
vt 0.561718 0.235774
vt 0.537728 0.158836
vt 0.568629 0.188592
vt 0.542327 0.319928
vt 0.410687 0.125901
vt 0.581309 0.185029
vt 0.584312 0.171226
vt 0.600003 0.100737
vt 0.523743 0.104605
vt 0.670180 0.134319
vt 0.581128 0.237697
vt 0.680158 0.177969
vt 0.573137 0.287267
vt 0.643502 0.246009
vt 0.496724 0.131463
vt 0.498009 0.208506
vt 0.567557 0.189072
vt 0.535025 0.275579
vt 0.687423 0.172928
vt 0.646540 0.248975
vt 0.571497 0.289321
vt 0.572914 0.287121
vt 0.574182 0.285235
vt 0.591654 0.195044
vt 0.570071 0.188290
vt 0.566397 0.189665
vt 0.531152 0.198962
vt 0.533076 0.170164
vt 0.513554 0.203603
vt 0.499786 0.150683
vt 0.552001 0.143226
vt 0.519003 0.102537
vt 0.562887 0.138132
vt 0.541128 0.106216
vt 0.584238 0.172403
vt 0.625595 0.156834
vt 0.630040 0.196486
vt 0.667572 0.196049
vt 0.592472 0.196923
vt 0.617856 0.221688
vt 0.557634 0.231597
vt 0.546851 0.223110
vt 0.527323 0.256523
vt 0.497943 0.133329
vt 0.600923 0.097365
vt 0.672722 0.134495
vt 0.675709 0.134365
vt 0.670182 0.134538
vt 0.589907 0.193364
vt 0.589877 0.193316
vt 0.589869 0.193395
vt 0.589849 0.193333
vt 0.589795 0.193288
vt 0.589827 0.193354
vt 0.589797 0.193309
vt 0.589790 0.193405
vt 0.589839 0.193434
vt 0.589816 0.193476
vt 0.589761 0.193325
vt 0.589807 0.193376
vt 0.589758 0.193287
vt 0.589734 0.193255
vt 0.589727 0.193263
vt 0.495630 0.129028
vt 0.495538 0.128858
vt 0.495505 0.128856
vt 0.495401 0.128722
vt 0.495370 0.128665
vt 0.495450 0.128872
vt 0.495523 0.129095
vt 0.495344 0.128641
vt 0.495434 0.128882
vt 0.686589 0.173355
vt 0.686856 0.173289
vt 0.686671 0.173387
vt 0.687307 0.173013
vt 0.687250 0.173021
vt 0.686733 0.173488
vt 0.686933 0.173323
vt 0.686881 0.173312
vt 0.686915 0.173318
vt 0.687047 0.173185
vt 0.687148 0.173129
vt 0.571530 0.289410
vt 0.571409 0.289575
vt 0.571432 0.289616
vt 0.571350 0.289770
vt 0.571305 0.289841
vt 0.571467 0.289666
vt 0.571638 0.289476
vt 0.571479 0.289681
vt 0.571282 0.289902
vt 0.571328 0.289809
vt 0.571456 0.289637
vt 0.571575 0.289457
vt 0.675744 0.134297
vt 0.675915 0.134320
vt 0.675755 0.134243
vt 0.675951 0.134239
vt 0.675939 0.134274
vt 0.676085 0.134249
vt 0.676119 0.134260
vt 0.675696 0.134126
vt 0.675980 0.134216
vt 0.675742 0.134190
vt 0.676002 0.134204
vt 0.676260 0.134237
vt 0.676159 0.134247
vt 0.676355 0.134253
vt 0.676418 0.134227
vt 0.569862 0.188283
vt 0.569813 0.188310
vt 0.569789 0.188271
vt 0.569936 0.188315
vt 0.569879 0.188311
vt 0.569888 0.188340
vt 0.569831 0.188355
vt 0.569923 0.188330
vt 0.569960 0.188346
vt 0.569981 0.188314
vt 0.570020 0.188309
vt 0.570017 0.188299
vt 0.569947 0.188298
vt 0.569839 0.188403
vt 0.569895 0.188402
vt 0.569895 0.188369
vt 0.569942 0.188337
vt 0.535341 0.280990
vt 0.535326 0.280790
vt 0.535397 0.280736
vt 0.535288 0.281182
vt 0.535302 0.281011
vt 0.535206 0.280789
vt 0.535231 0.281037
vt 0.535266 0.280806
vt 0.535248 0.281033
vt 0.535286 0.281223
vt 0.535275 0.281308
vt 0.535272 0.281015
vt 0.535282 0.281146
vt 0.583942 0.173648
vt 0.583941 0.173592
vt 0.583880 0.173699
vt 0.583910 0.173649
vt 0.583893 0.173586
vt 0.583872 0.173680
vt 0.583880 0.173644
vt 0.583846 0.173775
vt 0.583858 0.173694
vt 0.583860 0.173738
vt 0.583856 0.173778
vt 0.583890 0.173716
vt 0.583846 0.173571
vt 0.583822 0.173622
vt 0.583851 0.173637
vt 0.583841 0.173705
vt 0.519481 0.102802
vt 0.519662 0.102917
vt 0.519479 0.102835
vt 0.519319 0.102695
vt 0.519332 0.102702
vt 0.519714 0.102814
vt 0.519500 0.102728
vt 0.519674 0.102859
vt 0.519494 0.102775
vt 0.519493 0.102747
vt 0.519248 0.102649
vt 0.542557 0.320196
vt 0.542593 0.320075
vt 0.476090 0.096608
vt 0.476081 0.096604
vt 0.476093 0.096571
vt 0.542447 0.320171
vt 0.542502 0.320038
vt 0.476061 0.096558
vt 0.476062 0.096589
vt 0.542171 0.320163
vt 0.542315 0.320198
vt 0.542273 0.320375
vt 0.476077 0.096562
vt 0.476072 0.096543
vt 0.542415 0.319988
vt 0.542257 0.319979
vt 0.542352 0.320104
vt 0.542222 0.320038
vt 0.542424 0.320229
vt 0.715901 0.143162
vt 0.716001 0.143267
vt 0.715911 0.143305
vt 0.715961 0.143128
vt 0.715940 0.143396
vt 0.716075 0.143259
vt 0.716045 0.143358
vt 0.479407 0.217422
vt 0.479382 0.217412
vt 0.479412 0.217397
vt 0.479427 0.217424
vt 0.479404 0.217436
vt 0.479377 0.217415
vt 0.479422 0.217433
vt 0.715961 0.143489
vt 0.716058 0.143605
vt 0.716057 0.143459
vt 0.716114 0.143572
vt 0.716089 0.143344
vt 0.716121 0.143418
vt 0.581317 0.185242
vt 0.581370 0.185187
vt 0.581261 0.185231
vt 0.581316 0.185188
vt 0.581357 0.185133
vt 0.581280 0.185153
vt 0.581310 0.185145
vt 0.581186 0.185141
vt 0.581207 0.185214
vt 0.581222 0.185100
vt 0.581232 0.185167
vt 0.581273 0.185184
vt 0.581291 0.185107
vt 0.581262 0.185063
vt 0.581337 0.185081
vt 0.581257 0.185132
vt 0.481716 0.091834
vt 0.481867 0.091766
vt 0.481628 0.091774
vt 0.481773 0.091681
vt 0.481921 0.091688
vt 0.481727 0.091602
vt 0.481829 0.091593
vt 0.481589 0.091384
vt 0.481721 0.091496
vt 0.481519 0.091638
vt 0.481831 0.091266
vt 0.481828 0.091491
vt 0.481789 0.091554
vt 0.481899 0.091529
vt 0.482026 0.091455
vt 0.481978 0.091612
vt 0.680033 0.177874
vt 0.679968 0.177859
vt 0.680125 0.177860
vt 0.680073 0.177894
vt 0.679985 0.177919
vt 0.679908 0.177922
vt 0.680026 0.177923
vt 0.680075 0.177939
vt 0.680144 0.177898
vt 0.680056 0.178006
vt 0.680010 0.177961
vt 0.679854 0.177983
vt 0.679887 0.178041
vt 0.681105 0.178458
vt 0.679939 0.177974
vt 0.679969 0.178027
vt 0.591673 0.195085
vt 0.591616 0.195070
vt 0.591687 0.195126
vt 0.591637 0.195107
vt 0.591584 0.195099
vt 0.591654 0.195210
vt 0.591695 0.195168
vt 0.590260 0.193769
vt 0.591612 0.195201
vt 0.591653 0.195167
vt 0.591555 0.195131
vt 0.591571 0.195188
vt 0.591530 0.195169
vt 0.591593 0.195151
vt 0.574266 0.285227
vt 0.574221 0.285294
vt 0.574250 0.285159
vt 0.574313 0.285176
vt 0.574288 0.285268
vt 0.574317 0.285218
vt 0.574438 0.285073
vt 0.574377 0.285039
vt 0.574996 0.286178
vt 0.574424 0.285158
vt 0.574369 0.285128
vt 0.574314 0.285096
vt 0.574356 0.285201
vt 0.574367 0.285356
vt 0.574335 0.285269
vt 0.574404 0.285249
vt 0.574293 0.285342
vt 0.567530 0.188945
vt 0.567474 0.188931
vt 0.567544 0.188985
vt 0.567495 0.188967
vt 0.567443 0.188959
vt 0.567507 0.188995
vt 0.567470 0.188986
vt 0.567512 0.189068
vt 0.567553 0.189027
vt 0.567471 0.189060
vt 0.567511 0.189026
vt 0.567480 0.189023
vt 0.567416 0.188991
vt 0.567431 0.189046
vt 0.569145 0.188665
vt 0.567452 0.189011
vt 0.567486 0.189001
vt 0.497908 0.133402
vt 0.497874 0.133334
vt 0.497976 0.133419
vt 0.497927 0.133462
vt 0.497864 0.133404
vt 0.497890 0.133449
vt 0.497952 0.133611
vt 0.498011 0.133574
vt 0.497010 0.133239
vt 0.497890 0.133565
vt 0.497940 0.133529
vt 0.497996 0.133498
vt 0.497885 0.133489
vt 0.497758 0.133434
vt 0.497841 0.133443
vt 0.497828 0.133511
vt 0.497802 0.133376
vt 0.535175 0.275522
vt 0.535223 0.275473
vt 0.535178 0.275602
vt 0.535136 0.275546
vt 0.535162 0.275455
vt 0.535201 0.275387
vt 0.535137 0.275488
vt 0.535096 0.275522
vt 0.535094 0.275605
vt 0.535049 0.275470
vt 0.535112 0.275454
vt 0.535178 0.275306
vt 0.535109 0.275303
vt 0.534517 0.275917
vt 0.535140 0.275386
vt 0.535077 0.275383
vt 0.670147 0.134465
vt 0.670226 0.134469
vt 0.670096 0.134514
vt 0.670072 0.134460
vt 0.670163 0.134435
vt 0.670236 0.134430
vt 0.670105 0.134439
vt 0.669908 0.134434
vt 0.669911 0.134482
vt 0.670528 0.133600
vt 0.669998 0.134400
vt 0.670001 0.134449
vt 0.670005 0.134496
vt 0.670145 0.134406
vt 0.670087 0.134362
vt 0.670226 0.134391
vt 0.670069 0.134425
vt 0.584436 0.171262
vt 0.584475 0.171219
vt 0.584481 0.171263
vt 0.584394 0.171256
vt 0.584433 0.171221
vt 0.584464 0.171178
vt 0.584407 0.171196
vt 0.584428 0.171190
vt 0.584335 0.171189
vt 0.584353 0.171244
vt 0.584362 0.171156
vt 0.584373 0.171207
vt 0.584390 0.171182
vt 0.584402 0.171218
vt 0.584449 0.171139
vt 0.584392 0.171127
vt 0.584143 0.172992
vt 0.584414 0.171162
vt 0.523712 0.104747
vt 0.523733 0.104812
vt 0.523646 0.104726
vt 0.523655 0.104689
vt 0.523774 0.104769
vt 0.523817 0.104827
vt 0.523711 0.104716
vt 0.523755 0.104739
vt 0.523737 0.104699
vt 0.523677 0.104659
vt 0.523804 0.104679
vt 0.523790 0.104739
vt 0.523903 0.104848
vt 0.523925 0.104807
vt 0.523517 0.103594
vt 0.523838 0.104785
vt 0.523862 0.104745
vt 0.635962 0.168892
vt 0.635952 0.168826
vt 0.635926 0.168765
vt 0.540180 0.146623
vt 0.540266 0.146526
vt 0.540216 0.146568
vt 0.410687 0.125925
vt 0.602687 0.087205
vt 0.481974 0.091373
vt 0.445035 0.171670
vt 0.602662 0.087331
vt 0.566420 0.240410
vt 0.566482 0.240437
vt 0.566548 0.240446
vt 0.477737 0.156993
vt 0.479430 0.217388
vt 0.477771 0.156995
vt 0.479445 0.217378
vt 0.654194 0.256871
vt 0.477756 0.156997
vt 0.542701 0.320200
vt 0.476031 0.096547
vt 0.483535 0.211873
vt 0.483786 0.211818
vt 0.410688 0.125873
vt 0.443360 0.111210
vt 0.483659 0.211844
vt 0.633428 0.181534
vt 0.686811 0.173267
vt 0.633432 0.181484
vt 0.687060 0.173163
vt 0.633441 0.181433
vt 0.687155 0.173096
vt 0.571173 0.290019
vt 0.578810 0.237299
vt 0.578860 0.237288
vt 0.578910 0.237283
vt 0.646476 0.248908
vt 0.646414 0.248846
vt 0.646354 0.248786
vt 0.571174 0.290060
vt 0.537756 0.158799
vt 0.537776 0.158756
vt 0.537789 0.158708
vt 0.495308 0.128538
vt 0.557518 0.231490
vt 0.557558 0.231520
vt 0.535287 0.281264
vt 0.557596 0.231556
vt 0.535294 0.281420
vt 0.535277 0.281446
vt 0.495022 0.209461
vt 0.495102 0.209441
vt 0.495178 0.209419
vt 0.495282 0.128532
vt 0.626933 0.159181
vt 0.626896 0.159144
vt 0.676161 0.134269
vt 0.626862 0.159105
vt 0.552055 0.143213
vt 0.552103 0.143197
vt 0.552146 0.143176
vt 0.519142 0.102618
vt 0.519272 0.102673
vt 0.519136 0.102592
vt 0.600906 0.097451
vt 0.600887 0.097533
vt 0.600867 0.097613
vt 0.633968 0.184634
vt 0.633978 0.184586
vt 0.633982 0.184539
vt 0.633170 0.187976
vt 0.581175 0.237701
vt 0.581222 0.237698
vt 0.581271 0.237688
vt 0.584473 0.236845
vt 0.643443 0.245951
vt 0.643385 0.245893
vt 0.643326 0.245835
vt 0.640448 0.243237
vt 0.534682 0.163435
vt 0.536166 0.160539
vt 0.536181 0.160494
vt 0.536202 0.160453
vt 0.555184 0.230570
vt 0.555220 0.230605
vt 0.555260 0.230633
vt 0.552650 0.228981
vt 0.498085 0.208481
vt 0.498160 0.208458
vt 0.498235 0.208435
vt 0.502034 0.207303
vt 0.625568 0.156795
vt 0.625534 0.156758
vt 0.625495 0.156724
vt 0.623754 0.154355
vt 0.553824 0.141662
vt 0.553866 0.141640
vt 0.553912 0.141624
vt 0.556683 0.140019
vt 0.599982 0.100814
vt 0.599962 0.100892
vt 0.599943 0.100969
vt 0.599080 0.104568
vt 0.590786 0.194241
vt 0.590754 0.194273
vt 0.590722 0.194305
vt 0.573072 0.287225
vt 0.573028 0.287196
vt 0.574253 0.285323
vt 0.572982 0.287165
vt 0.495567 0.129044
vt 0.496839 0.131411
vt 0.496792 0.131435
vt 0.496881 0.131381
vt 0.497835 0.133349
vt 0.535269 0.277988
vt 0.535137 0.275610
vt 0.535165 0.277991
vt 0.535216 0.277990
vt 0.584106 0.172374
vt 0.584150 0.172384
vt 0.584194 0.172393
vt 0.672737 0.134374
vt 0.672732 0.134424
vt 0.672736 0.134326
vt 0.680097 0.177830
vt 0.683151 0.175844
vt 0.683093 0.175758
vt 0.686715 0.173429
vt 0.683123 0.175801
vt 0.568665 0.188722
vt 0.568653 0.188679
vt 0.568641 0.188636
vt 0.521854 0.103935
vt 0.521894 0.103847
vt 0.521875 0.103891
vt 0.521825 0.103999
vt 0.535286 0.281334
vt 0.495339 0.128613
vt 0.519218 0.102645
vt 0.476053 0.096531
vt 0.716077 0.143044
vt 0.676269 0.134259
vt 0.589781 0.193325
vt 0.495395 0.128709
vt 0.591650 0.195136
vt 0.591612 0.195126
vt 0.591622 0.195164
vt 0.571246 0.289923
vt 0.477066 0.262927
vt 0.481773 0.265699
vt 0.478478 0.267251
vt 0.504415 0.053371
vt 0.516811 0.053521
vt 0.504867 0.055700
vt 0.483421 0.269956
vt 0.488626 0.272602
vt 0.485313 0.274133
vt 0.545630 0.075713
vt 0.558314 0.073224
vt 0.558421 0.075879
vt 0.489735 0.282041
vt 0.488779 0.287116
vt 0.486411 0.283545
vt 0.493138 0.056115
vt 0.493617 0.058325
vt 0.496280 0.079483
vt 0.484587 0.079596
vt 0.496007 0.077330
vt 0.519957 0.076744
vt 0.532511 0.073506
vt 0.532696 0.076000
vt 0.484128 0.279704
vt 0.482010 0.275658
vt 0.490764 0.276668
vt 0.487443 0.278188
vt 0.571057 0.073826
vt 0.571111 0.076546
vt 0.579658 0.048254
vt 0.567169 0.050372
vt 0.566944 0.047591
vt 0.554347 0.047572
vt 0.542027 0.050795
vt 0.541694 0.048164
vt 0.584591 0.075096
vt 0.584589 0.077871
vt 0.602769 0.077607
vt 0.602739 0.080425
vt 0.606365 0.051612
vt 0.592822 0.052490
vt 0.592727 0.049590
vt 0.492113 0.285630
vt 0.491249 0.290451
vt 0.628800 0.081554
vt 0.628789 0.084409
vt 0.659651 0.085970
vt 0.659657 0.088844
vt 0.620366 0.054513
vt 0.606359 0.054558
vt 0.497302 0.292251
vt 0.496695 0.296690
vt 0.493866 0.293616
vt 0.482565 0.059213
vt 0.483057 0.061302
vt 0.472374 0.062660
vt 0.472871 0.064637
vt 0.470432 0.085460
vt 0.450717 0.089897
vt 0.470076 0.083614
vt 0.486728 0.268412
vt 0.462261 0.066461
vt 0.462782 0.068338
vt 0.452380 0.070704
vt 0.453041 0.072423
vt 0.451003 0.091551
vt 0.430748 0.095368
vt 0.479027 0.255674
vt 0.483628 0.259505
vt 0.480344 0.261221
vt 0.517207 0.055953
vt 0.505297 0.058023
vt 0.543902 0.061921
vt 0.554956 0.053339
vt 0.556605 0.061706
vt 0.545481 0.073132
vt 0.558191 0.070560
vt 0.570942 0.070721
vt 0.582304 0.063051
vt 0.584522 0.071921
vt 0.494072 0.060530
vt 0.483527 0.063389
vt 0.519742 0.074349
vt 0.507257 0.073361
vt 0.519506 0.071948
vt 0.532309 0.071005
vt 0.507522 0.075649
vt 0.495709 0.075169
vt 0.529312 0.051877
vt 0.554630 0.050283
vt 0.542342 0.053418
vt 0.554897 0.052984
vt 0.584584 0.072312
vt 0.558145 0.070202
vt 0.569231 0.062047
vt 0.579820 0.051097
vt 0.567379 0.053141
vt 0.579967 0.053927
vt 0.628807 0.078703
vt 0.597831 0.065053
vt 0.602670 0.074409
vt 0.592903 0.055377
vt 0.620089 0.057439
vt 0.606340 0.057477
vt 0.659645 0.083095
vt 0.494116 0.060822
vt 0.506392 0.065647
vt 0.495012 0.067817
vt 0.484242 0.077577
vt 0.469700 0.081764
vt 0.473348 0.066613
vt 0.463287 0.070206
vt 0.484008 0.070473
vt 0.473339 0.066916
vt 0.483559 0.063673
vt 0.450409 0.088248
vt 0.430868 0.094517
vt 0.453677 0.074101
vt 0.507765 0.077931
vt 0.439377 0.083057
vt 0.440427 0.084137
vt 0.441461 0.085227
vt 0.507227 0.073059
vt 0.495679 0.074879
vt 0.545314 0.070545
vt 0.519470 0.071623
vt 0.477712 0.248428
vt 0.482188 0.252951
vt 0.480123 0.271494
vt 0.469734 0.081477
vt 0.457022 0.079523
vt 0.471659 0.074286
vt 0.642181 0.066621
vt 0.661766 0.080868
vt 0.640960 0.068990
vt 0.659719 0.082891
vt 0.639734 0.071353
vt 0.567441 0.053503
vt 0.528936 0.049336
vt 0.505346 0.058327
vt 0.518457 0.063894
vt 0.529668 0.054411
vt 0.476284 0.240354
vt 0.480549 0.243302
vt 0.473908 0.248697
vt 0.474810 0.253530
vt 0.453739 0.074184
vt 0.463236 0.070560
vt 0.450643 0.087897
vt 0.442023 0.085135
vt 0.500694 0.295889
vt 0.499779 0.299741
vt 0.495468 0.284138
vt 0.494594 0.288987
vt 0.570990 0.071096
vt 0.606567 0.057981
vt 0.617424 0.068153
vt 0.493076 0.280529
vt 0.497961 0.287519
vt 0.531075 0.062649
vt 0.532268 0.070670
vt 0.484908 0.081604
vt 0.484215 0.077281
vt 0.505100 0.300266
vt 0.502891 0.302660
vt 0.510371 0.300743
vt 0.509885 0.304948
vt 0.628516 0.078303
vt 0.639057 0.071461
vt 0.658706 0.082645
vt 0.619783 0.060432
vt 0.430505 0.094978
vt 0.429471 0.094758
vt 0.475855 0.258387
vt 0.431299 0.095121
vt 0.593027 0.055797
vt 0.516395 0.051080
vt 0.545270 0.070200
vt 0.580043 0.054302
vt 0.500760 0.290884
vt 0.602794 0.074789
vt 0.619809 0.060294
vt 0.542400 0.053765
vt 0.529724 0.054744
vt 0.517260 0.056271
vt 0.485077 0.264142
vt 0.504701 0.295087
vt 0.516899 0.307286
vt 0.516895 0.307253
vt 0.516924 0.307293
vt 0.516856 0.307244
vt 0.516863 0.307218
vt 0.516921 0.307255
vt 0.516888 0.307225
vt 0.516782 0.307137
vt 0.516769 0.307160
vt 0.516735 0.307122
vt 0.516834 0.307162
vt 0.516825 0.307180
vt 0.516811 0.307201
vt 0.516873 0.307201
vt 0.659603 0.088909
vt 0.659484 0.088901
vt 0.659725 0.088837
vt 0.659676 0.088914
vt 0.516892 0.307191
vt 0.516912 0.307229
vt 0.478671 0.231811
vt 0.478686 0.231835
vt 0.478669 0.231867
vt 0.478682 0.231792
vt 0.478698 0.231819
vt 0.478694 0.231879
vt 0.478680 0.231933
vt 0.478703 0.231856
vt 0.430642 0.096466
vt 0.430665 0.096609
vt 0.430362 0.096127
vt 0.478728 0.231869
vt 0.478713 0.231881
vt 0.478711 0.231835
vt 0.478702 0.231792
vt 0.478691 0.231997
vt 0.478718 0.232000
vt 0.478703 0.232050
vt 0.478706 0.231933
vt 0.478728 0.231936
vt 0.659573 0.082903
vt 0.659482 0.082832
vt 0.659772 0.083053
vt 0.659630 0.082964
vt 0.659393 0.082852
vt 0.659219 0.082756
vt 0.659473 0.082905
vt 0.659546 0.082980
vt 0.659730 0.083075
vt 0.659420 0.082990
vt 0.659373 0.082899
vt 0.658951 0.082684
vt 0.658915 0.082757
vt 0.659177 0.082803
vt 0.659165 0.082876
vt 0.431130 0.094932
vt 0.431226 0.094914
vt 0.431112 0.094949
vt 0.431059 0.094871
vt 0.431094 0.094830
vt 0.431056 0.094853
vt 0.431114 0.094816
vt 0.431111 0.094812
vt 0.431149 0.094795
vt 0.431055 0.094826
vt 0.431069 0.094839
vt 0.431079 0.094858
vt 0.431035 0.094837
vt 0.431007 0.094760
vt 0.430974 0.094764
vt 0.431144 0.094765
vt 0.484106 0.279715
vt 0.481988 0.275668
vt 0.484087 0.279723
vt 0.481969 0.275677
vt 0.516375 0.050962
vt 0.528927 0.049269
vt 0.516384 0.051016
vt 0.486388 0.283555
vt 0.528921 0.049153
vt 0.541685 0.048035
vt 0.528921 0.049212
vt 0.541687 0.048095
vt 0.488649 0.272591
vt 0.486750 0.268402
vt 0.488668 0.272582
vt 0.507778 0.078049
vt 0.519963 0.076810
vt 0.519967 0.076868
vt 0.485099 0.264131
vt 0.486770 0.268393
vt 0.496298 0.079594
vt 0.507771 0.077994
vt 0.478456 0.267261
vt 0.480100 0.271504
vt 0.478437 0.267270
vt 0.504390 0.053258
vt 0.493124 0.056057
vt 0.493110 0.056009
vt 0.480082 0.271513
vt 0.504402 0.053310
vt 0.490787 0.276657
vt 0.493099 0.280519
vt 0.490806 0.276648
vt 0.493119 0.280509
vt 0.490825 0.276637
vt 0.493137 0.280498
vt 0.532699 0.076069
vt 0.545632 0.075784
vt 0.532702 0.076129
vt 0.495491 0.284128
vt 0.497985 0.287508
vt 0.495510 0.284118
vt 0.498004 0.287498
vt 0.495529 0.284107
vt 0.498022 0.287486
vt 0.558422 0.075952
vt 0.571109 0.076621
vt 0.488756 0.287126
vt 0.541687 0.047976
vt 0.554343 0.047440
vt 0.554341 0.047501
vt 0.491226 0.290461
vt 0.554351 0.047378
vt 0.566947 0.047455
vt 0.566941 0.047517
vt 0.493843 0.293625
vt 0.566961 0.047392
vt 0.579670 0.048116
vt 0.579659 0.048179
vt 0.496668 0.296695
vt 0.579693 0.048054
vt 0.592760 0.049451
vt 0.592734 0.049514
vt 0.500784 0.290875
vt 0.504729 0.295082
vt 0.500804 0.290865
vt 0.504752 0.295076
vt 0.500822 0.290853
vt 0.504772 0.295065
vt 0.584584 0.077947
vt 0.602729 0.080503
vt 0.502883 0.302682
vt 0.509927 0.304987
vt 0.502880 0.302704
vt 0.509962 0.305025
vt 0.502879 0.302726
vt 0.642188 0.066531
vt 0.620371 0.054431
vt 0.509983 0.305057
vt 0.509987 0.305084
vt 0.499741 0.299737
vt 0.592803 0.049392
vt 0.606440 0.051478
vt 0.606384 0.051536
vt 0.606528 0.051428
vt 0.620355 0.054359
vt 0.510408 0.300748
vt 0.510439 0.300750
vt 0.510464 0.300746
vt 0.628769 0.084486
vt 0.483650 0.259493
vt 0.485119 0.264122
vt 0.484934 0.081705
vt 0.496288 0.079543
vt 0.482209 0.252933
vt 0.483670 0.259484
vt 0.470473 0.085550
vt 0.484919 0.081658
vt 0.475835 0.258405
vt 0.477044 0.262939
vt 0.475818 0.258419
vt 0.482532 0.059114
vt 0.472355 0.062609
vt 0.472329 0.062570
vt 0.477026 0.262947
vt 0.482549 0.059159
vt 0.476273 0.240296
vt 0.476262 0.240247
vt 0.476246 0.240211
vt 0.429488 0.094666
vt 0.473884 0.248693
vt 0.473864 0.248687
vt 0.473845 0.248677
vt 0.439357 0.083009
vt 0.480567 0.243268
vt 0.482227 0.252918
vt 0.451061 0.091625
vt 0.470447 0.085510
vt 0.451022 0.091594
vt 0.480583 0.243240
vt 0.430873 0.096538
vt 0.430759 0.096527
vt 0.474793 0.253562
vt 0.462192 0.066386
vt 0.452363 0.070656
vt 0.452360 0.070611
vt 0.474778 0.253588
vt 0.462236 0.066415
vt 0.517219 0.056028
vt 0.529680 0.054490
vt 0.517233 0.056111
vt 0.529694 0.054577
vt 0.517247 0.056194
vt 0.529710 0.054664
vt 0.542353 0.053501
vt 0.542367 0.053591
vt 0.542384 0.053682
vt 0.507249 0.073290
vt 0.519498 0.071870
vt 0.507242 0.073211
vt 0.519489 0.071786
vt 0.507234 0.073132
vt 0.519479 0.071702
vt 0.495700 0.075100
vt 0.495692 0.075025
vt 0.495685 0.074949
vt 0.505309 0.058095
vt 0.494084 0.060599
vt 0.505322 0.058174
vt 0.494095 0.060675
vt 0.505335 0.058254
vt 0.494106 0.060752
vt 0.545307 0.070462
vt 0.532301 0.070926
vt 0.545296 0.070373
vt 0.532291 0.070839
vt 0.545283 0.070283
vt 0.532279 0.070751
vt 0.570985 0.071006
vt 0.558185 0.070474
vt 0.570973 0.070909
vt 0.558173 0.070382
vt 0.570958 0.070812
vt 0.558159 0.070289
vt 0.554907 0.053068
vt 0.554922 0.053161
vt 0.554939 0.053254
vt 0.567389 0.053227
vt 0.567404 0.053322
vt 0.567423 0.053416
vt 0.579977 0.054016
vt 0.579995 0.054114
vt 0.580019 0.054212
vt 0.592914 0.055476
vt 0.592942 0.055584
vt 0.592982 0.055695
vt 0.602784 0.074700
vt 0.584578 0.072219
vt 0.602757 0.074601
vt 0.584564 0.072118
vt 0.602716 0.074502
vt 0.584544 0.072016
vt 0.639650 0.071427
vt 0.619817 0.060330
vt 0.639497 0.071463
vt 0.619814 0.060370
vt 0.639292 0.071470
vt 0.619802 0.060407
vt 0.606350 0.057593
vt 0.606398 0.057722
vt 0.606476 0.057855
vt 0.628783 0.078613
vt 0.628719 0.078510
vt 0.628625 0.078404
vt 0.484231 0.077507
vt 0.484223 0.077431
vt 0.484218 0.077353
vt 0.469696 0.081698
vt 0.469701 0.081625
vt 0.469715 0.081549
vt 0.483538 0.063455
vt 0.473357 0.066682
vt 0.483547 0.063529
vt 0.473358 0.066760
vt 0.483554 0.063604
vt 0.473351 0.066840
vt 0.441560 0.085239
vt 0.441693 0.085224
vt 0.441851 0.085186
vt 0.453686 0.074123
vt 0.453701 0.074147
vt 0.453720 0.074169
vt 0.450439 0.088172
vt 0.450491 0.088084
vt 0.450562 0.087990
vt 0.463302 0.070282
vt 0.463295 0.070372
vt 0.463271 0.070467
vt 0.430678 0.095270
vt 0.431036 0.094642
vt 0.430618 0.095175
vt 0.430036 0.095684
vt 0.429746 0.095231
vt 0.430561 0.095080
vt 0.659754 0.085975
vt 0.659760 0.088833
vt 0.516583 0.308287
vt 0.659720 0.085978
vt 0.516231 0.309313
vt 0.516557 0.308286
vt 0.663822 0.078855
vt 0.478692 0.231785
vt 0.659784 0.082990
vt 0.620335 0.054289
vt 0.516206 0.309307
vt 0.459050 0.279989
vt 0.464411 0.281227
vt 0.461703 0.283704
vt 0.573171 0.364001
vt 0.561093 0.362348
vt 0.573019 0.361617
vt 0.467258 0.284848
vt 0.473074 0.285908
vt 0.470291 0.288341
vt 0.535798 0.339721
vt 0.524382 0.341415
vt 0.524395 0.339066
vt 0.476757 0.294774
vt 0.477202 0.299931
vt 0.473955 0.297127
vt 0.585044 0.362800
vt 0.584862 0.360416
vt 0.583887 0.337663
vt 0.596836 0.338018
vt 0.584097 0.339985
vt 0.559764 0.339675
vt 0.547728 0.342258
vt 0.547654 0.339928
vt 0.470707 0.294051
vt 0.467535 0.290752
vt 0.476297 0.289272
vt 0.473489 0.291669
vt 0.513255 0.340357
vt 0.513323 0.338000
vt 0.504767 0.362039
vt 0.515498 0.360870
vt 0.515521 0.363266
vt 0.526367 0.364195
vt 0.537510 0.362386
vt 0.537572 0.364775
vt 0.501627 0.338696
vt 0.501784 0.336339
vt 0.486101 0.335877
vt 0.486345 0.333569
vt 0.481919 0.359176
vt 0.493644 0.358220
vt 0.493672 0.360651
vt 0.480020 0.297603
vt 0.480479 0.302488
vt 0.464285 0.331672
vt 0.464531 0.329411
vt 0.438971 0.327507
vt 0.439009 0.325076
vt 0.469994 0.357423
vt 0.481915 0.356730
vt 0.486813 0.302610
vt 0.487415 0.307202
vt 0.483853 0.304866
vt 0.596865 0.361154
vt 0.596653 0.358769
vt 0.608999 0.359001
vt 0.608756 0.356615
vt 0.613972 0.331879
vt 0.639655 0.327567
vt 0.614296 0.334176
vt 0.470012 0.282382
vt 0.621753 0.356285
vt 0.621485 0.353898
vt 0.634851 0.353212
vt 0.634569 0.350824
vt 0.639312 0.325283
vt 0.669598 0.319581
vt 0.458709 0.272446
vt 0.464328 0.274678
vt 0.461681 0.277349
vt 0.560973 0.359973
vt 0.572866 0.359240
vt 0.536663 0.352245
vt 0.526264 0.359107
vt 0.525338 0.351655
vt 0.535829 0.342054
vt 0.524374 0.343774
vt 0.513216 0.343050
vt 0.503107 0.349231
vt 0.501503 0.341394
vt 0.584679 0.358039
vt 0.596440 0.356391
vt 0.559880 0.342003
vt 0.572192 0.343576
vt 0.559996 0.344337
vt 0.547803 0.344596
vt 0.572032 0.341242
vt 0.584307 0.342316
vt 0.549172 0.362588
vt 0.526329 0.361805
vt 0.537450 0.360004
vt 0.526291 0.359421
vt 0.501468 0.341072
vt 0.524399 0.344092
vt 0.514338 0.350678
vt 0.504746 0.359629
vt 0.515478 0.358477
vt 0.504728 0.357217
vt 0.464028 0.333919
vt 0.489761 0.347005
vt 0.485932 0.338517
vt 0.493621 0.355787
vt 0.470155 0.355052
vt 0.481910 0.354295
vt 0.439331 0.330111
vt 0.584666 0.357725
vt 0.572532 0.351454
vt 0.584493 0.350226
vt 0.597108 0.340346
vt 0.614622 0.336480
vt 0.608512 0.354234
vt 0.621217 0.351515
vt 0.596767 0.348418
vt 0.608569 0.353906
vt 0.596439 0.356075
vt 0.639998 0.329856
vt 0.669842 0.321861
vt 0.634284 0.348435
vt 0.571872 0.338918
vt 0.451066 0.258912
vt 0.450819 0.267268
vt 0.450283 0.258934
vt 0.449973 0.267072
vt 0.449499 0.258958
vt 0.572208 0.343890
vt 0.584321 0.342631
vt 0.535864 0.344396
vt 0.560015 0.344651
vt 0.455223 0.266028
vt 0.460895 0.268852
vt 0.464528 0.287291
vt 0.614564 0.336808
vt 0.630585 0.340627
vt 0.611539 0.345376
vt 0.452323 0.345371
vt 0.437227 0.331705
vt 0.453218 0.343516
vt 0.439271 0.330257
vt 0.454106 0.341666
vt 0.515446 0.358162
vt 0.549261 0.364975
vt 0.572851 0.358927
vt 0.560489 0.352202
vt 0.549083 0.360208
vt 0.451172 0.259041
vt 0.456259 0.260329
vt 0.451750 0.267468
vt 0.454001 0.271708
vt 0.634176 0.348147
vt 0.621396 0.351159
vt 0.639806 0.330216
vt 0.651768 0.335272
vt 0.491159 0.305236
vt 0.491210 0.309603
vt 0.482860 0.295266
vt 0.483313 0.300181
vt 0.513189 0.342728
vt 0.481730 0.353950
vt 0.473000 0.343864
vt 0.479582 0.292413
vt 0.486166 0.297865
vt 0.548449 0.352447
vt 0.547824 0.344911
vt 0.596566 0.335702
vt 0.597111 0.340663
vt 0.496828 0.308336
vt 0.494998 0.311958
vt 0.502426 0.307095
vt 0.503114 0.311723
vt 0.464221 0.334240
vt 0.454513 0.341625
vt 0.439896 0.330453
vt 0.470212 0.352379
vt 0.449790 0.250598
vt 0.450665 0.250442
vt 0.456495 0.276020
vt 0.448997 0.250860
vt 0.493528 0.355457
vt 0.561213 0.364734
vt 0.535887 0.344712
vt 0.504684 0.356898
vt 0.469824 0.354916
vt 0.469663 0.357262
vt 0.489778 0.300352
vt 0.485848 0.338194
vt 0.469983 0.352597
vt 0.537426 0.359691
vt 0.549062 0.359895
vt 0.560955 0.359661
vt 0.467140 0.278725
vt 0.494892 0.303274
vt 0.511363 0.311545
vt 0.511351 0.311519
vt 0.511385 0.311543
vt 0.511319 0.311520
vt 0.511319 0.311494
vt 0.511370 0.311515
vt 0.511396 0.311536
vt 0.511342 0.311496
vt 0.511220 0.311440
vt 0.511215 0.311467
vt 0.511172 0.311442
vt 0.511278 0.311445
vt 0.511274 0.311468
vt 0.511267 0.311493
vt 0.511325 0.311476
vt 0.439050 0.325022
vt 0.439138 0.325032
vt 0.511364 0.311497
vt 0.439150 0.324981
vt 0.439283 0.324997
vt 0.469739 0.357299
vt 0.469677 0.357344
vt 0.469828 0.357344
vt 0.469755 0.357381
vt 0.469714 0.357421
vt 0.469822 0.357452
vt 0.469777 0.357447
vt 0.469961 0.357479
vt 0.469918 0.357387
vt 0.469921 0.357514
vt 0.469892 0.357446
vt 0.469825 0.357414
vt 0.469865 0.357487
vt 0.495000 0.311987
vt 0.494980 0.311972
vt 0.495020 0.311980
vt 0.495019 0.312001
vt 0.494984 0.311994
vt 0.494964 0.311982
vt 0.495002 0.312003
vt 0.450691 0.250455
vt 0.450692 0.250490
vt 0.450669 0.250407
vt 0.450693 0.250436
vt 0.450718 0.250490
vt 0.450722 0.250544
vt 0.450714 0.250466
vt 0.450703 0.250418
vt 0.450712 0.250443
vt 0.450683 0.250408
vt 0.450748 0.250464
vt 0.450736 0.250484
vt 0.450751 0.250598
vt 0.450776 0.250592
vt 0.450779 0.250642
vt 0.450745 0.250537
vt 0.450764 0.250533
vt 0.439377 0.330255
vt 0.439440 0.330319
vt 0.439231 0.330153
vt 0.439346 0.330210
vt 0.439496 0.330297
vt 0.439598 0.330372
vt 0.439447 0.330255
vt 0.439403 0.330198
vt 0.439264 0.330132
vt 0.439496 0.330197
vt 0.439513 0.330261
vt 0.439755 0.330422
vt 0.439783 0.330371
vt 0.439626 0.330334
vt 0.439644 0.330284
vt 0.470035 0.352544
vt 0.470058 0.352625
vt 0.470095 0.352487
vt 0.470096 0.352569
vt 0.470146 0.352657
vt 0.470164 0.352552
vt 0.470155 0.352594
vt 0.470237 0.352456
vt 0.470156 0.352430
vt 0.470206 0.352546
vt 0.470182 0.352489
vt 0.470133 0.352521
vt 0.470234 0.352687
vt 0.470290 0.352632
vt 0.470311 0.352711
vt 0.470220 0.352612
vt 0.470264 0.352544
vt 0.448975 0.250890
vt 0.448993 0.250841
vt 0.448978 0.250924
vt 0.448959 0.250942
vt 0.448972 0.250868
vt 0.448960 0.250913
vt 0.669307 0.322240
vt 0.669344 0.322294
vt 0.669160 0.322351
vt 0.669494 0.322112
vt 0.669515 0.322172
vt 0.669556 0.322208
vt 0.669662 0.322062
vt 0.669689 0.322098
vt 0.669785 0.321960
vt 0.669683 0.321980
vt 0.669922 0.321864
vt 0.669849 0.321953
vt 0.669743 0.322033
vt 0.470689 0.294066
vt 0.467517 0.290768
vt 0.470674 0.294080
vt 0.467502 0.290782
vt 0.470659 0.294094
vt 0.467487 0.290796
vt 0.549263 0.365037
vt 0.561216 0.364796
vt 0.473937 0.297143
vt 0.473921 0.297157
vt 0.473907 0.297171
vt 0.537572 0.364837
vt 0.473093 0.285892
vt 0.470031 0.282365
vt 0.473110 0.285877
vt 0.470047 0.282350
vt 0.473126 0.285863
vt 0.559761 0.339611
vt 0.467159 0.278708
vt 0.467175 0.278693
vt 0.470064 0.282336
vt 0.571867 0.338854
vt 0.461685 0.283720
vt 0.464510 0.287307
vt 0.461670 0.283734
vt 0.464494 0.287321
vt 0.461653 0.283746
vt 0.585050 0.362863
vt 0.464479 0.287334
vt 0.573175 0.364063
vt 0.476316 0.289256
vt 0.479601 0.292397
vt 0.476333 0.289241
vt 0.479618 0.292382
vt 0.476349 0.289226
vt 0.479633 0.292367
vt 0.547653 0.339863
vt 0.535799 0.339657
vt 0.482880 0.295250
vt 0.486185 0.297849
vt 0.482897 0.295235
vt 0.486202 0.297834
vt 0.513340 0.337879
vt 0.524397 0.339001
vt 0.513328 0.337935
vt 0.524405 0.338944
vt 0.477183 0.299947
vt 0.477168 0.299960
vt 0.477154 0.299976
vt 0.526366 0.364258
vt 0.480460 0.302504
vt 0.480444 0.302518
vt 0.480431 0.302533
vt 0.515519 0.363328
vt 0.483833 0.304881
vt 0.483817 0.304895
vt 0.483804 0.304911
vt 0.504764 0.362102
vt 0.487391 0.307214
vt 0.487372 0.307225
vt 0.487357 0.307239
vt 0.493666 0.360713
vt 0.489798 0.300336
vt 0.494918 0.303261
vt 0.489816 0.300322
vt 0.494939 0.303249
vt 0.486390 0.333455
vt 0.501793 0.336275
vt 0.486360 0.333506
vt 0.501811 0.336221
vt 0.503160 0.311747
vt 0.495045 0.311999
vt 0.503201 0.311770
vt 0.495070 0.312018
vt 0.452314 0.345444
vt 0.503230 0.311794
vt 0.503244 0.311818
vt 0.491177 0.309610
vt 0.491151 0.309615
vt 0.491131 0.309624
vt 0.494947 0.311991
vt 0.481906 0.359237
vt 0.502463 0.307087
vt 0.502495 0.307079
vt 0.464553 0.329350
vt 0.464603 0.329301
vt 0.464346 0.274660
vt 0.464362 0.274644
vt 0.467192 0.278680
vt 0.583880 0.337599
vt 0.460909 0.268828
vt 0.460922 0.268808
vt 0.464379 0.274631
vt 0.596556 0.335638
vt 0.456481 0.276043
vt 0.459032 0.280006
vt 0.456469 0.276062
vt 0.459017 0.280020
vt 0.456454 0.276077
vt 0.609011 0.359063
vt 0.459001 0.280033
vt 0.596873 0.361216
vt 0.451144 0.258992
vt 0.451117 0.258949
vt 0.451091 0.258921
vt 0.451727 0.267471
vt 0.451706 0.267472
vt 0.451686 0.267473
vt 0.451663 0.267468
vt 0.456264 0.260291
vt 0.456270 0.260260
vt 0.460937 0.268792
vt 0.639287 0.325223
vt 0.613956 0.331817
vt 0.456281 0.260237
vt 0.669150 0.317253
vt 0.453995 0.271743
vt 0.453988 0.271773
vt 0.634854 0.353277
vt 0.453978 0.271794
vt 0.621774 0.356345
vt 0.560969 0.359899
vt 0.549080 0.360134
vt 0.560964 0.359818
vt 0.549075 0.360052
vt 0.560959 0.359736
vt 0.549069 0.359970
vt 0.537446 0.359930
vt 0.537441 0.359848
vt 0.537433 0.359766
vt 0.572197 0.343650
vt 0.560000 0.344411
vt 0.572201 0.343732
vt 0.560005 0.344493
vt 0.572205 0.343814
vt 0.560010 0.344575
vt 0.584312 0.342391
vt 0.584316 0.342472
vt 0.584319 0.342555
vt 0.572862 0.359166
vt 0.584674 0.357965
vt 0.572858 0.359084
vt 0.584670 0.357883
vt 0.572854 0.359002
vt 0.584667 0.357800
vt 0.535866 0.344471
vt 0.547806 0.344671
vt 0.535872 0.344553
vt 0.547812 0.344753
vt 0.535879 0.344635
vt 0.547818 0.344835
vt 0.513190 0.342804
vt 0.524376 0.343849
vt 0.513196 0.342887
vt 0.524382 0.343932
vt 0.513205 0.342971
vt 0.524390 0.344015
vt 0.526288 0.359346
vt 0.526282 0.359264
vt 0.526273 0.359182
vt 0.515474 0.358402
vt 0.515467 0.358320
vt 0.515456 0.358237
vt 0.504724 0.357141
vt 0.504714 0.357058
vt 0.504699 0.356974
vt 0.493613 0.355710
vt 0.493592 0.355624
vt 0.493562 0.355537
vt 0.485850 0.338269
vt 0.501468 0.341148
vt 0.485867 0.338352
vt 0.501475 0.341231
vt 0.485897 0.338437
vt 0.501488 0.341316
vt 0.454157 0.341620
vt 0.454249 0.341601
vt 0.454373 0.341605
vt 0.481896 0.354217
vt 0.481856 0.354127
vt 0.481798 0.354034
vt 0.464038 0.333992
vt 0.464079 0.334074
vt 0.464144 0.334159
vt 0.597113 0.340421
vt 0.597115 0.340503
vt 0.597114 0.340586
vt 0.614624 0.336555
vt 0.614613 0.336640
vt 0.614592 0.336726
vt 0.596436 0.356316
vt 0.608512 0.354158
vt 0.596435 0.356234
vt 0.608523 0.354073
vt 0.596436 0.356151
vt 0.608543 0.353986
vt 0.449475 0.258971
vt 0.448961 0.251002
vt 0.652097 0.335201
vt 0.651943 0.335228
vt 0.634270 0.348362
vt 0.652213 0.335201
vt 0.634243 0.348286
vt 0.634211 0.348212
vt 0.639991 0.329933
vt 0.639951 0.330024
vt 0.639885 0.330122
vt 0.621226 0.351437
vt 0.621263 0.351345
vt 0.621323 0.351249
vt 0.669653 0.319570
vt 0.669897 0.321859
vt 0.669358 0.317277
vt 0.669386 0.317281
vt 0.449791 0.250576
vt 0.438952 0.325076
vt 0.438910 0.327508
vt 0.438879 0.327513
vt 0.511752 0.312471
vt 0.437182 0.331666
vt 0.435456 0.333205
vt 0.435416 0.333166
vt 0.439238 0.330195
vt 0.470078 0.355031
vt 0.469989 0.354997
vt 0.469900 0.354957
vt 0.669302 0.317278
vt 0.450665 0.250419
vt 0.535805 0.339600
vt 0.449452 0.259006
vt 0.449947 0.267066
vn -0.813400 -0.417700 0.404900
vn -0.726200 -0.538400 0.427400
vn -0.752400 -0.472900 0.458600
vn 0.237700 -0.392500 -0.888500
vn 0.404800 -0.397500 -0.823500
vn 0.336200 -0.462800 -0.820300
vn 0.345900 0.865300 0.362800
vn 0.336200 0.807400 0.484900
vn 0.404500 0.812400 0.420000
vn 0.468700 0.810300 0.351800
vn 0.398800 0.881200 0.253800
vn -0.866500 -0.358600 0.347200
vn -0.809500 -0.481800 0.335400
vn 0.399500 -0.229100 -0.887600
vn 0.345900 -0.338500 -0.875100
vn 0.430200 0.724300 0.538900
vn 0.459400 0.751600 0.473400
vn 0.459900 -0.452500 -0.764000
vn 0.430000 -0.518800 -0.738800
vn 0.525300 0.725600 0.444500
vn -0.880200 -0.250600 0.403100
vn -0.809800 -0.349800 0.471000
vn -0.726500 -0.443900 0.524600
vn 0.469400 -0.328900 -0.819400
vn -0.937200 0.173000 0.302700
vn -0.974600 -0.067600 0.213500
vn -0.823000 0.025600 0.567400
vn -0.882000 0.302000 0.361800
vn -0.898300 0.439300 0.006800
vn -0.970500 0.221000 -0.096400
vn -0.699700 0.692000 0.177800
vn 0.237100 0.877400 0.417100
vn -0.185100 0.931700 0.312500
vn -0.040500 0.815600 0.577200
vn 0.056700 0.972200 0.227400
vn -0.447200 0.894300 0.013200
vn -0.313800 0.874500 0.369800
vn -0.239000 0.681500 0.691700
vn -0.820200 0.479800 -0.311400
vn -0.483600 0.819900 -0.306500
vn -0.629500 0.629000 -0.456300
vn -0.690100 0.686700 -0.228500
vn -0.228100 0.969900 -0.085800
vn -0.879700 -0.411800 0.237800
vn -0.936500 -0.299200 -0.182900
vn -0.822500 -0.567200 -0.042600
vn -0.974400 -0.216800 0.060100
vn -0.897600 0.003900 -0.440800
vn -0.880900 -0.355000 -0.313000
vn -0.691400 -0.680100 -0.243700
vn -0.699300 -0.159000 -0.696900
vn -0.483400 0.328900 -0.811300
vn -0.819700 0.323900 -0.472400
vn -0.628800 0.473400 -0.616800
vn -0.228500 0.112400 -0.967000
vn -0.689800 0.246200 -0.680800
vn -0.970300 0.101000 -0.219600
vn -0.447200 0.010700 -0.894400
vn -0.185200 -0.286900 -0.939900
vn 0.056400 -0.200600 -0.978000
vn -0.040200 -0.554400 -0.831300
vn -0.314800 -0.346100 -0.883800
vn 0.290500 0.193900 -0.937000
vn 0.559900 0.049900 -0.827100
vn 0.206200 -0.048800 -0.977300
vn -0.009400 0.454500 -0.890700
vn 0.348200 0.323500 -0.879900
vn 0.676200 0.248500 -0.693500
vn 0.156800 0.708500 -0.688100
vn -0.326400 0.822800 -0.465200
vn -0.326800 0.487600 -0.809600
vn -0.472700 0.631600 -0.614500
vn -0.107500 0.972300 -0.207500
vn -0.247200 0.694700 -0.675500
vn -0.108200 0.234500 -0.966100
vn -0.009200 0.903200 -0.429200
vn 0.289800 0.942400 -0.167100
vn 0.206500 0.975500 0.076000
vn 0.559300 0.828500 -0.026700
vn 0.348000 0.888900 -0.298000
vn -0.362700 -0.865100 0.346500
vn -0.483500 -0.673500 0.559200
vn -0.643500 -0.743800 0.181000
vn -0.061000 -0.995100 -0.077500
vn -0.006100 -0.891700 0.452500
vn -0.125600 -0.756600 0.641700
vn 0.155900 -0.978100 0.137600
vn 0.358100 -0.852800 -0.380100
vn 0.188000 -0.730200 -0.656900
vn 0.565500 -0.656300 -0.499600
vn 0.466900 -0.884000 -0.024500
vn -0.021900 -0.838000 -0.545200
vn 0.269500 -0.746700 0.608100
vn 0.622500 -0.741000 0.252000
vn 0.528900 -0.676100 0.513100
vn 0.376000 -0.854200 0.359000
vn 0.652800 -0.743900 -0.143200
vn -0.363400 -0.373000 0.853700
vn -0.644000 -0.203500 0.737400
vn -0.483600 -0.579100 0.656400
vn -0.005900 -0.478100 0.878300
vn -0.060900 0.048100 0.997000
vn -0.532900 0.005700 0.846200
vn 0.155700 -0.166300 0.973700
vn 0.622600 -0.272700 0.733500
vn 0.269600 -0.628800 0.729400
vn 0.528900 -0.531300 0.661900
vn 0.652800 0.122500 0.747500
vn 0.375900 -0.383200 0.843700
vn -0.125600 -0.663300 0.737700
vn 0.467200 0.000100 0.884100
vn 0.358700 0.356200 0.862800
vn 0.565800 0.481200 0.669600
vn 0.188100 0.636900 0.747600
vn 0.525500 -0.423800 -0.737700
vn 0.856600 -0.355300 -0.374100
vn 0.661500 -0.561100 -0.497600
vn 0.735500 -0.182400 -0.652500
vn 0.949000 -0.150800 -0.277000
vn 0.885000 -0.465200 -0.019000
vn 0.746900 -0.649600 -0.141800
vn 0.976600 -0.154100 0.149800
vn 0.856600 0.364300 0.365400
vn 0.735300 0.647500 0.200300
vn 0.661500 0.481700 0.574700
vn 0.885000 0.006200 0.465600
vn 0.948900 0.273100 0.158300
vn 0.841900 0.539600 -0.012100
vn 0.741500 -0.621200 0.253300
vn 0.741500 -0.270500 0.614000
vn 0.674300 -0.529300 0.515000
vn 0.851400 -0.376300 0.365400
vn 0.746900 0.123900 0.653200
vn -0.974200 -0.162500 0.156500
vn -0.986200 0.117900 -0.115800
vn -0.848100 0.379500 -0.369900
vn -0.728900 0.490400 -0.477700
vn 0.151800 -0.144500 -0.977800
vn -0.124500 0.130600 -0.983600
vn -0.382300 0.386400 -0.839400
vn -0.491600 0.494500 -0.716800
vn -0.382400 0.849700 -0.363000
vn -0.124600 0.986800 -0.103400
vn 0.151900 0.973400 0.171800
vn -0.491700 0.730200 -0.474500
vn 0.226200 -0.698500 0.679000
vn -0.164000 -0.707500 0.687400
vn -0.529000 -0.608900 0.591100
vn 0.411800 -0.653400 0.635200
vn 0.692100 -0.690800 0.209100
vn 0.697500 -0.693300 -0.181000
vn 0.596600 -0.590100 -0.543800
vn 0.649300 -0.649500 0.395700
vn 0.596200 0.527700 0.605000
vn 0.697400 0.162400 0.698100
vn 0.692300 -0.227400 0.684800
vn 0.649500 -0.413200 0.638300
vn 0.265600 -0.523100 -0.809900
vn -0.158400 -0.762600 -0.627200
vn -0.239300 -0.673100 -0.699800
vn -0.615700 -0.770400 -0.165800
vn -0.159000 -0.762800 -0.626800
vn -0.615400 -0.770500 -0.166000
vn -0.798700 -0.540700 0.263900
vn 0.265900 0.795400 0.544600
vn -0.159300 0.605300 0.779900
vn -0.021800 0.522100 0.852600
vn -0.616900 0.142800 0.774000
vn -0.799200 -0.279700 0.531900
vn -0.159800 0.604900 0.780100
vn -0.692200 0.224200 0.686000
vn -0.616500 0.143300 0.774200
vn 0.528000 0.801300 0.281500
vn 0.766600 0.624400 -0.149900
vn 0.675900 0.700300 -0.229400
vn 0.766400 0.166800 -0.620300
vn 0.529000 -0.258400 -0.808300
vn 0.766800 0.624000 -0.150600
vn 0.766600 0.167400 -0.619900
vn -0.532000 -0.846200 -0.030600
vn 0.842300 0.027100 -0.538400
vn -0.723300 -0.539600 0.430900
vn -0.814200 -0.418000 0.403000
vn -0.735700 -0.487200 0.470500
vn 0.616700 -0.504700 0.604100
vn 0.580400 -0.585000 0.566400
vn 0.579100 -0.587000 0.565800
vn -0.404400 0.393900 0.825400
vn -0.464800 0.450300 0.762300
vn -0.434900 0.422000 0.795500
vn -0.399500 0.403800 0.823000
vn -0.363800 0.292800 0.884200
vn -0.340700 0.344500 0.874800
vn 0.582000 -0.581800 0.568100
vn 0.512200 -0.514500 0.687700
vn 0.582700 -0.583800 0.565300
vn -0.572600 0.425400 0.700800
vn -0.549700 0.359100 0.754200
vn -0.350300 -0.797800 -0.490700
vn -0.417900 -0.802600 -0.425500
vn -0.349900 -0.797900 -0.490800
vn -0.440400 0.429500 0.788400
vn -0.440100 0.441800 0.781800
vn -0.440300 0.429200 0.788600
vn 0.539800 -0.657500 0.525600
vn 0.583100 -0.584200 0.564500
vn 0.498400 -0.501100 0.707500
vn 0.358800 -0.581500 0.730100
vn 0.588000 -0.577600 0.566300
vn 0.587400 -0.579700 0.564700
vn 0.518400 -0.516500 0.681500
vn -0.422200 -0.797900 -0.430200
vn -0.431500 -0.787400 -0.440200
vn -0.422100 -0.798000 -0.430100
vn -0.403300 0.400200 0.822900
vn -0.402900 0.538800 0.739800
vn -0.441300 0.441400 0.781300
vn 0.580800 -0.585000 0.566000
vn 0.753800 -0.565300 0.335100
vn 0.587700 -0.581500 0.562600
vn -0.566400 0.430600 0.702700
vn -0.405700 0.534900 0.741200
vn 0.620500 -0.620800 0.479200
vn 0.583100 -0.583800 0.564900
vn -0.370800 -0.853000 -0.367300
vn -0.467000 -0.809700 -0.355400
vn -0.395200 -0.862000 -0.317500
vn 0.808600 0.422500 -0.409400
vn 0.747800 0.537500 -0.389700
vn 0.762500 0.525100 -0.378000
vn 0.423700 -0.505400 -0.751700
vn 0.404500 -0.398800 -0.823000
vn 0.348000 -0.453000 -0.820800
vn 0.464500 0.751500 0.468600
vn 0.461500 0.810900 0.359800
vn 0.514800 0.737500 0.437200
vn 0.867900 0.373000 -0.328000
vn 0.812600 0.378700 -0.443000
vn 0.877100 0.318500 -0.359500
vn -0.288200 -0.855900 -0.429500
vn -0.417900 -0.802700 -0.425500
vn -0.354100 -0.861700 -0.363500
vn -0.418500 -0.802100 -0.426100
vn 0.522200 -0.681200 0.513100
vn 0.458400 -0.452800 -0.764800
vn 0.458400 -0.341500 -0.820500
vn 0.845500 0.297900 -0.443100
vn 0.790400 0.440400 -0.425900
vn 0.519800 -0.519500 0.678200
vn -0.811800 -0.361900 0.458200
vn -0.723000 -0.449200 0.524900
vn 0.430400 0.737300 0.520700
vn 0.409800 0.812200 0.415200
vn -0.355100 -0.861000 -0.364100
vn 0.582500 -0.584100 0.565200
vn 0.542800 -0.654300 0.526600
vn 0.581000 -0.541600 0.607500
vn 0.527100 -0.530000 0.664200
vn -0.300900 0.383800 0.873000
vn -0.343400 0.457100 0.820400
vn -0.355300 -0.860900 -0.364200
vn 0.874200 0.400700 -0.274200
vn 0.813900 0.433700 -0.386600
vn 0.588400 -0.579100 0.564300
vn 0.539300 -0.658100 0.525400
vn 0.539100 -0.658100 0.525500
vn 0.811500 0.349100 -0.468700
vn 0.790500 0.440500 -0.425500
vn 0.578900 -0.587300 0.565600
vn -0.355200 -0.860400 -0.365500
vn -0.431300 -0.787500 -0.440300
vn 0.658100 -0.539800 0.524900
vn -0.317000 -0.862700 -0.394000
vn -0.414400 -0.812200 -0.410500
vn 0.546100 -0.651700 0.526400
vn -0.361300 -0.854200 -0.373800
vn -0.520700 -0.754200 -0.400000
vn -0.465000 0.449600 0.762600
vn -0.511600 -0.756600 -0.407200
vn -0.738000 -0.446800 0.505700
vn -0.374300 -0.876800 -0.302000
vn -0.358300 -0.809600 -0.464900
vn -0.355800 -0.865400 -0.352700
vn 0.876900 0.322700 -0.356200
vn 0.511300 0.732800 0.449000
vn 0.354200 0.809100 0.468900
vn 0.464900 0.750900 0.469100
vn 0.582200 -0.625900 0.518900
vn 0.620000 -0.581700 0.526500
vn -0.354300 0.358200 0.863800
vn -0.454000 0.348100 0.820200
vn 0.459400 -0.453900 -0.763500
vn 0.434000 -0.502100 -0.748000
vn 0.508800 -0.425800 -0.748200
vn 0.810000 0.484700 -0.330100
vn 0.867000 0.374200 -0.329200
vn 0.553100 -0.591100 0.587100
vn 0.749700 0.530500 -0.395700
vn 0.620500 -0.542200 0.566500
vn -0.289900 0.364900 0.884800
vn 0.524500 -0.609900 0.594000
vn 0.551800 -0.602100 0.577000
vn -0.811500 -0.470600 0.346300
vn -0.753700 -0.472800 0.456500
vn -0.410700 -0.695400 0.589700
vn -0.666400 -0.682300 0.300600
vn 0.016700 -0.783000 0.621800
vn -0.368700 -0.809300 0.457200
vn -0.559100 -0.817600 0.137700
vn -0.260900 -0.795000 0.547600
vn -0.326900 -0.863200 0.384700
vn 0.402500 -0.726800 0.556600
vn 0.350500 -0.677000 0.647200
vn 0.139100 -0.674300 0.725300
vn 0.241500 -0.712900 0.658400
vn -0.016500 -0.710400 0.703600
vn -0.059000 -0.852800 0.518900
vn -0.450400 -0.887800 -0.094600
vn -0.226000 -0.970000 -0.089400
vn -0.208600 -0.946100 0.247900
vn -0.027800 -0.975500 0.218100
vn -0.208100 0.075000 0.975200
vn -0.440100 0.081500 0.894300
vn -0.379700 0.307400 0.872600
vn 0.133400 -0.727100 0.673400
vn -0.197900 -0.262500 0.944400
vn -0.013900 -0.232600 0.972500
vn -0.553300 -0.154500 0.818500
vn -0.018000 -0.705200 0.708800
vn -0.319600 -0.400400 0.858800
vn 0.354600 -0.661300 0.661000
vn 0.408000 -0.570600 0.712700
vn 0.022600 -0.640800 0.767300
vn 0.245000 -0.668300 0.702400
vn -0.050900 -0.534300 0.843800
vn -0.663800 -0.320400 0.675900
vn -0.408600 -0.610700 0.678300
vn -0.360500 -0.478700 0.800600
vn -0.256800 -0.557400 0.789500
vn 0.677500 -0.558700 -0.478300
vn 0.678700 -0.300700 -0.670100
vn 0.510700 -0.420300 -0.750000
vn 0.819700 -0.572500 -0.016800
vn 0.835900 -0.415800 -0.358400
vn 0.821200 -0.109500 -0.560000
vn 0.920400 -0.316200 -0.229800
vn 0.904000 -0.257400 -0.341400
vn 0.770200 -0.503700 0.391300
vn 0.722000 -0.602500 0.340200
vn 0.938300 -0.327400 0.111600
vn 0.822900 -0.515300 0.239500
vn 0.896100 -0.440500 -0.053800
vn 0.924200 -0.381600 -0.014300
vn 0.884000 0.120100 -0.451800
vn 0.987700 0.066100 -0.141700
vn 0.962500 -0.152800 -0.224200
vn 0.658600 0.744800 -0.107200
vn 0.807000 0.501600 -0.311600
vn 0.536200 0.842600 0.049900
vn 0.715300 0.694200 -0.080000
vn 0.874400 0.433800 -0.217200
vn 0.667600 0.737900 0.098900
vn 0.776800 0.594700 0.207200
vn -0.194200 0.399300 0.896000
vn -0.112000 0.732100 0.671900
vn -0.369700 0.498300 0.784200
vn 0.039000 0.167300 0.985100
vn -0.000100 0.653000 0.757400
vn 0.056800 0.838200 0.542400
vn 0.196100 0.724000 0.661400
vn 0.074500 0.720700 0.689300
vn 0.768800 0.339300 0.542000
vn 0.702200 0.366400 0.610500
vn 0.469000 -0.054400 0.881500
vn 0.910000 0.397200 0.118600
vn 0.303000 0.500100 0.811200
vn 0.661800 0.490600 0.566800
vn -0.568700 0.029400 0.822000
vn -0.459000 0.284400 0.841700
vn -0.743900 0.105000 0.660000
vn -0.649000 -0.109900 0.752800
vn -0.518700 0.011600 0.854900
vn -0.291200 0.059400 0.954800
vn -0.552900 -0.187600 0.811900
vn -0.456900 -0.836500 -0.302500
vn -0.468000 -0.875900 0.117800
vn -0.677400 -0.733600 -0.055200
vn 0.076800 -0.971300 0.225000
vn -0.254000 -0.965200 -0.062300
vn -0.785300 -0.610900 0.100500
vn -0.475600 -0.801400 0.362800
vn -0.534200 -0.820500 0.203400
vn -0.002400 -0.277300 0.960800
vn 0.262600 -0.811000 0.522800
vn 0.052100 -0.643900 0.763400
vn -0.036100 -0.542100 0.839500
vn 0.076500 -0.769100 0.634600
vn 0.012800 -0.785500 -0.618800
vn -0.065300 -0.967200 -0.245600
vn 0.196100 -0.677700 -0.708700
vn 0.186800 -0.879000 -0.438700
vn 0.482300 -0.863000 -0.150400
vn 0.233200 -0.970600 0.059900
vn 0.605600 -0.737400 -0.299100
vn 0.888900 -0.020800 -0.457500
vn 0.781300 0.027300 -0.623500
vn 0.901700 0.224300 -0.369600
vn 0.925900 -0.293500 -0.237900
vn 0.829600 -0.165500 -0.533300
vn 0.640000 -0.169400 -0.749500
vn 0.864100 -0.221100 -0.452100
vn 0.543500 -0.811100 0.216100
vn 0.963800 -0.266500 -0.003900
vn 0.783900 -0.620700 0.015900
vn 0.972200 0.031900 -0.231800
vn 0.984500 0.171700 -0.034700
vn 0.874800 0.477800 -0.080700
vn 0.934200 -0.105100 0.340900
vn 0.953800 0.241500 0.178900
vn 0.810400 0.569100 0.138900
vn 0.922500 0.244500 0.298800
vn 0.899600 0.337000 0.277800
vn 0.719000 -0.356900 0.596300
vn 0.766200 -0.401300 0.501800
vn 0.816000 0.007800 0.578000
vn 0.818000 -0.245400 0.520200
vn 0.916500 0.036300 0.398400
vn 0.888100 0.053300 0.456500
vn 0.673500 0.666300 0.320200
vn 0.678200 0.462100 0.571400
vn 0.825900 0.356700 0.436700
vn -0.091600 0.457100 0.884700
vn -0.063900 0.196600 0.978400
vn 0.132800 0.564000 0.815000
vn 0.193700 0.238400 0.951700
vn 0.365500 -0.071700 0.928000
vn 0.321700 0.357200 0.876900
vn 0.539500 0.093200 0.836800
vn 0.569600 0.471100 0.673500
vn 0.306900 0.669300 0.676600
vn 0.603400 0.050200 0.795900
vn 0.432200 0.387200 0.814400
vn 0.427000 0.310100 0.849400
vn 0.531600 -0.376200 0.758800
vn 0.636200 -0.319300 0.702400
vn 0.589800 -0.198100 0.782900
vn 0.455200 0.084200 0.886400
vn 0.298500 -0.664700 -0.684900
vn 0.562100 -0.665000 -0.491700
vn 0.121800 -0.805700 -0.579700
vn 0.423200 -0.809700 -0.406700
vn 0.597900 -0.798100 -0.074700
vn 0.421100 -0.844900 -0.330000
vn 0.447600 -0.888000 -0.105600
vn -0.079700 -0.973700 -0.213600
vn -0.105100 -0.876400 -0.470000
vn 0.355900 -0.933200 0.050000
vn 0.183600 -0.948900 -0.256700
vn 0.536700 -0.836000 -0.114200
vn 0.312800 -0.872100 -0.376400
vn 0.636000 -0.712000 0.297500
vn 0.527900 -0.770600 0.357200
vn 0.587400 -0.789900 0.175900
vn 0.568600 -0.637200 -0.520300
vn 0.286000 -0.624100 -0.727200
vn 0.656300 -0.731100 -0.186500
vn 0.416000 -0.751400 -0.512200
vn 0.058100 -0.760700 -0.646500
vn 0.511700 -0.826400 -0.234900
vn 0.197000 -0.860000 -0.470700
vn 0.560100 -0.739400 0.373600
vn 0.476600 -0.876400 0.069200
vn 0.641900 -0.744700 0.182700
vn 0.409400 -0.861700 0.299700
vn 0.228300 -0.969200 -0.092300
vn 0.312300 -0.905500 -0.287400
vn -0.161400 -0.849700 -0.502000
vn -0.107100 -0.977800 -0.180000
vn -0.305100 -0.875100 -0.375600
vn 0.024400 -0.948800 -0.315000
vn 0.148900 -0.986500 0.068000
vn 0.633000 -0.272700 -0.724500
vn 0.642000 -0.560100 -0.523600
vn 0.767800 -0.042700 -0.639300
vn 0.757900 -0.403600 -0.512500
vn 0.735200 -0.650400 -0.191100
vn 0.865900 -0.181600 -0.466100
vn 0.832000 -0.502300 -0.235700
vn 0.978400 0.123400 -0.165800
vn 0.854500 0.176900 -0.488500
vn 0.987300 -0.138800 0.077600
vn 0.952000 -0.008800 -0.306100
vn 0.972200 -0.217400 -0.086700
vn 0.741200 -0.559900 0.370300
vn 0.880000 -0.470100 0.068800
vn 0.863200 -0.405700 0.300500
vn 0.747900 -0.639600 0.177400
vn 0.910700 -0.300100 -0.283700
vn -0.092700 0.165500 0.981800
vn -0.147600 0.488300 0.860100
vn 0.159400 -0.084100 0.983600
vn 0.037300 0.297500 0.954000
vn 0.070400 0.631400 0.772300
vn 0.238200 0.073700 0.968400
vn 0.208700 0.451900 0.867300
vn 0.562700 -0.388300 0.729800
vn 0.482500 -0.087300 0.871500
vn 0.414900 -0.315400 0.853400
vn 0.645000 -0.199600 0.737700
vn 0.518900 0.215600 0.827200
vn 0.322000 0.267900 0.908000
vn 0.296200 0.712000 0.636700
vn 0.575100 0.502800 0.645400
vn 0.441300 0.733900 0.516400
vn 0.425600 0.493600 0.758400
vn 0.660700 0.168800 0.731400
vn -0.490900 0.147200 0.858700
vn -0.168000 0.095300 0.981200
vn -0.636100 -0.071700 0.768300
vn -0.302700 -0.037400 0.952300
vn 0.080500 -0.160200 0.983800
vn -0.458900 -0.209900 0.863300
vn -0.079800 -0.240500 0.967400
vn -0.509100 -0.580600 0.635400
vn -0.716700 -0.299100 0.630000
vn -0.175100 -0.666800 0.724400
vn -0.500700 -0.428700 0.752000
vn -0.222300 -0.523200 0.822700
vn 0.383100 -0.567000 0.729200
vn 0.081000 -0.486300 0.870000
vn 0.193100 -0.650000 0.735000
vn 0.310200 -0.418100 0.853800
vn -0.274000 -0.324900 0.905200
vn -0.716000 -0.636500 0.286600
vn -0.506100 -0.652700 0.563700
vn -0.736100 -0.519900 0.433400
vn -0.637500 -0.768200 0.059300
vn -0.498300 -0.762000 0.413500
vn -0.175100 -0.742400 0.646700
vn -0.458800 -0.866800 0.195500
vn -0.222800 -0.834100 0.504600
vn -0.176800 -0.978400 -0.106700
vn -0.496000 -0.853600 -0.159100
vn 0.071900 -0.986900 0.144300
vn -0.306600 -0.951600 0.023300
vn -0.084300 -0.971300 0.222500
vn 0.377700 -0.745400 0.549300
vn 0.077400 -0.880900 0.466900
vn 0.303900 -0.864500 0.400400
vn 0.190600 -0.752200 0.630800
vn -0.275900 -0.910800 0.307100
vn 0.851000 0.506900 -0.137500
vn 0.978500 0.187300 -0.086100
vn 0.877800 0.389900 -0.278300
vn 0.762100 0.642400 0.080600
vn 0.948900 0.312600 0.043800
vn 0.985000 -0.066800 0.158800
vn 0.860900 0.460700 0.215800
vn 0.967300 0.086900 0.238400
vn 0.644300 0.500800 0.577900
vn 0.628600 0.715200 0.305700
vn 0.734600 0.168500 0.657300
vn 0.753600 0.495800 0.431500
vn 0.826500 0.219300 0.518500
vn 0.739900 -0.384000 0.552400
vn 0.875000 -0.080300 0.477400
vn 0.745400 -0.198400 0.636400
vn 0.860300 -0.306300 0.407600
vn 0.904800 0.275600 0.324500
vn -0.278000 0.268100 0.922400
vn -0.127600 0.116200 0.985000
vn -0.052400 0.043700 0.997700
vn -0.000700 -0.009300 1.000000
vn 0.080700 -0.088500 0.992800
vn 0.430300 -0.433400 0.791800
vn -0.329600 0.317300 0.889200
vn 0.396200 -0.401200 0.825800
vn -0.148900 -0.975600 -0.161200
vn -0.147700 -0.976000 -0.160000
vn 0.137200 -0.982900 0.122500
vn 0.139200 -0.982400 0.124300
vn 0.389900 -0.841100 0.375000
vn 0.391000 -0.840100 0.376000
vn 0.864400 0.361100 -0.349800
vn 0.943200 0.238800 -0.230800
vn 0.935400 -0.253000 0.247100
vn 0.975500 0.158400 -0.152800
vn 0.982500 -0.132100 0.131300
vn 0.635300 0.759900 -0.138100
vn 0.501400 0.863200 0.058700
vn 0.051800 0.864300 0.500300
vn -0.148200 0.761500 0.631000
vn 0.643600 0.750000 -0.152400
vn 0.501800 0.863000 0.058300
vn 0.054000 0.865200 0.498600
vn -0.156400 0.756300 0.635300
vn 0.145000 -0.596900 -0.789100
vn 0.610600 -0.136900 -0.780000
vn 0.799900 0.278900 -0.531400
vn -0.278500 -0.785900 -0.552100
vn -0.279500 -0.786000 -0.551500
vn 0.144600 -0.597200 -0.788900
vn 0.610600 -0.136700 -0.780000
vn 0.610600 -0.136800 -0.780000
vn 0.800100 0.280200 -0.530300
vn -0.790800 0.170600 0.587800
vn -0.860500 -0.078600 0.503300
vn -0.868700 -0.494700 0.025400
vn -0.755800 -0.634200 -0.162900
vn -0.785400 0.178700 0.592600
vn -0.889000 -0.032800 0.456800
vn -0.888600 -0.031600 0.457600
vn -0.868800 -0.494400 0.026000
vn -0.741100 -0.646200 -0.182100
vn 0.693500 -0.692100 0.200000
vn 0.695700 -0.692300 -0.191700
vn 0.593200 -0.588300 -0.549600
vn 0.328700 -0.331300 0.884400
vn 0.044500 -0.044400 0.998000
vn -0.201100 0.203600 0.958200
vn 0.130500 -0.131200 0.982700
vn 0.304500 -0.682900 0.664100
vn -0.048800 -0.716700 0.695700
vn -0.454800 -0.639700 0.619600
vn -0.135000 -0.978800 -0.154200
vn 0.163900 -0.976400 0.140600
vn 0.408400 -0.827300 0.385700
vn -0.138000 -0.978500 -0.153100
vn 0.153900 -0.978700 0.135800
vn 0.401000 -0.832200 0.382800
vn -0.143800 -0.977100 -0.156800
vn 0.144200 -0.981100 0.128600
vn 0.394000 -0.837600 0.378300
vn 0.845500 -0.377700 0.377400
vn 0.984800 -0.113000 0.132000
vn 0.975500 0.172400 -0.136600
vn 0.692800 -0.231700 0.682900
vn 0.700700 0.159500 0.695400
vn 0.601000 0.526900 0.601000
vn -0.264000 0.259700 0.928900
vn -0.020500 0.017200 0.999600
vn 0.292400 -0.294300 0.909900
vn 0.313200 -0.898200 0.308400
vn 0.109700 -0.988100 0.107500
vn 0.022600 -0.999500 0.021100
vn -0.220700 -0.950400 -0.219100
vn 0.596100 -0.591300 -0.543200
vn 0.697200 -0.693800 -0.180200
vn 0.692000 -0.690700 0.210000
vn 0.649300 -0.649000 0.396400
vn -0.147200 0.149300 0.977800
vn 0.127200 -0.127800 0.983600
vn 0.382300 -0.385500 0.839800
vn 0.490200 -0.494500 0.717800
vn -0.530500 -0.609100 0.589600
vn -0.164900 -0.707800 0.686900
vn 0.225000 -0.698600 0.679200
vn 0.410800 -0.653600 0.635700
vn 0.974200 0.176500 -0.140600
vn 0.986200 -0.107100 0.126500
vn 0.848200 -0.374500 0.374500
vn 0.728700 -0.489300 0.479200
vn 0.700500 0.161500 0.695100
vn 0.693400 -0.228300 0.683400
vn 0.649600 -0.413800 0.637800
vn -0.161600 -0.973600 -0.160900
vn 0.115700 -0.986800 0.113200
vn 0.375800 -0.849500 0.370400
vn 0.486700 -0.729800 0.480100
vn -0.188000 0.583500 0.790000
vn 0.004600 0.701700 0.712500
vn 0.198500 0.778900 0.594900
vn 0.777200 0.604300 -0.175400
vn 0.699400 0.714500 0.015200
vn 0.584400 0.785100 0.205400
vn 0.785100 0.221100 -0.578600
vn 0.708500 0.021300 -0.705400
vn 0.588300 -0.179700 -0.788400
vn -0.202400 -0.778600 -0.593900
vn -0.007000 -0.699600 -0.714500
vn 0.190200 -0.580200 -0.792000
vn -0.782500 -0.593200 0.189400
vn -0.708000 -0.706200 -0.005000
vn -0.592500 -0.780600 -0.199300
vn -0.782400 -0.204600 0.588200
vn -0.704600 -0.007400 0.709500
vn -0.584000 0.190000 0.789200
vn 0.811700 0.350500 -0.467200
vn 0.655400 0.755200 -0.012300
vn -0.378400 -0.908100 0.179200
vn -0.170700 -0.637400 0.751400
vn 0.268100 -0.834400 -0.481500
vn 0.982500 -0.132000 0.131300
vn 0.144800 -0.597000 -0.789100
vn 0.610600 -0.136700 -0.780100
vn -0.994000 -0.061100 0.090200
vn -0.999900 -0.006000 0.011400
vn -0.993900 -0.066300 0.087700
vn 0.365400 -0.616800 0.697200
vn 0.455100 -0.629600 0.629700
vn 0.455100 -0.590200 0.666700
vn -0.999900 -0.006300 0.011300
vn -0.996600 0.060600 -0.055800
vn 0.261200 0.754500 -0.602100
vn 0.353000 0.761900 -0.543000
vn 0.258400 0.787200 -0.559900
vn -0.999900 -0.006300 0.011200
vn -0.994100 -0.085600 0.067200
vn -0.994000 -0.082500 0.071700
vn 0.364500 -0.575400 0.732100
vn 0.453900 -0.550700 0.700500
vn 0.260800 0.588700 -0.765100
vn 0.352000 0.506700 -0.787000
vn 0.356100 0.569700 -0.740700
vn 0.263100 0.680300 -0.684100
vn 0.357400 0.696400 -0.622300
vn 0.262300 0.720000 -0.642500
vn -0.994100 -0.078500 0.075500
vn -0.994100 -0.074200 0.079500
vn -0.996600 0.064400 -0.052100
vn 0.348900 0.795100 -0.496000
vn 0.254500 0.821000 -0.511000
vn 0.347400 -0.824700 0.446400
vn 0.443000 -0.761900 0.472500
vn 0.353300 -0.794500 0.493800
vn 0.358200 -0.762300 0.539100
vn 0.451500 -0.698800 0.554800
vn 0.361200 -0.729800 0.580400
vn 0.343300 0.827900 -0.443500
vn 0.249500 0.854300 -0.456000
vn 0.337900 0.851200 -0.401600
vn 0.245800 0.877200 -0.412300
vn 0.338800 -0.865800 0.368300
vn 0.429500 -0.817400 0.384000
vn 0.342100 -0.849800 0.401100
vn -0.993900 -0.090500 0.063000
vn 0.335200 0.861300 -0.381900
vn 0.244100 0.887000 -0.391900
vn 0.360200 0.697000 -0.620000
vn 0.078700 0.857600 -0.508300
vn 0.279200 -0.947200 0.157800
vn 0.423800 -0.834100 0.353000
vn -0.993600 -0.098700 0.054200
vn -0.993900 -0.093600 0.058100
vn 0.362500 -0.535700 0.762600
vn 0.451600 -0.512800 0.730200
vn 0.360300 -0.502100 0.786200
vn 0.448900 -0.480500 0.753400
vn 0.253400 0.459300 -0.851400
vn 0.342700 0.413500 -0.843500
vn 0.346300 0.445300 -0.825700
vn -0.996600 0.056500 -0.059800
vn 0.361000 -0.479800 0.799700
vn 0.446900 -0.459700 0.767400
vn 0.363700 -0.438700 0.821800
vn 0.435400 -0.430300 0.790700
vn 0.251700 0.426600 -0.868700
vn 0.361100 0.644300 -0.674100
vn -1.000000 0.002100 0.008700
vn -0.996600 0.049600 -0.065900
vn -0.999900 -0.003800 0.011400
vn 0.526100 -0.601600 0.601100
vn 0.526200 -0.563800 0.636500
vn 0.999900 0.006300 -0.011300
vn 0.997500 -0.061200 0.036300
vn 0.355700 0.730000 -0.583600
vn 0.433700 0.733600 -0.523100
vn 0.995500 0.076700 -0.055400
vn 0.995500 0.079800 -0.051200
vn 0.524600 -0.526300 0.669200
vn 0.522300 -0.490300 0.697700
vn 0.358100 0.658000 -0.662400
vn 0.438400 0.593100 -0.675300
vn 0.439000 0.633100 -0.637600
vn 0.437900 0.670200 -0.599300
vn 0.357800 0.616400 -0.701400
vn 0.436600 0.548200 -0.713400
vn 0.453900 -0.666000 0.592000
vn 0.448000 -0.730400 0.515600
vn 0.522700 -0.667900 0.529900
vn 0.519200 -0.698400 0.492600
vn 0.422800 0.798700 -0.428100
vn 0.995500 0.073500 -0.059300
vn 0.436600 -0.791800 0.427200
vn 0.514400 -0.729000 0.451700
vn 0.507900 -0.758300 0.408700
vn 0.412800 0.832500 -0.369600
vn 0.995300 0.084300 -0.048500
vn 0.500500 -0.783600 0.368100
vn 0.374500 -0.913200 0.160700
vn 0.493600 -0.800900 0.338900
vn 0.519100 0.637000 -0.569800
vn 0.997600 -0.044300 0.053400
vn 0.999900 0.006000 -0.011300
vn 0.432300 0.487300 -0.758700
vn 0.425000 0.427900 -0.797700
vn 0.518900 -0.460100 0.720400
vn 0.514900 -0.440900 0.735200
vn 0.999900 0.003700 -0.011100
vn 0.996900 -0.043400 0.065800
vn 0.997500 -0.041600 0.057200
vn 0.420000 0.397800 -0.815700
vn 0.525100 0.592000 -0.611500
vn 0.477700 -0.245300 0.843500
vn 0.262700 0.637200 -0.724600
vn -0.052000 -0.016200 0.998500
vn 0.348600 -0.053100 0.935800
vn 0.048600 -0.048600 0.997600
vn 0.384500 -0.259100 0.886000
vn 0.995500 0.060300 -0.072400
vn 0.995600 0.055600 -0.076000
vn 0.435800 0.702800 -0.562200
vn 0.995600 0.063700 -0.069000
vn -1.000000 0.009700 0.001500
vn -0.996100 0.051300 -0.072300
vn -0.994000 -0.070200 0.083700
vn 0.995700 0.036300 -0.085100
vn 0.999900 -0.011700 0.002600
vn 1.000000 -0.002900 -0.007000
vn -0.062700 -0.997800 -0.023400
vn -0.235000 -0.970200 -0.058800
vn 0.040500 -0.999100 0.009300
vn -0.090000 -0.995900 -0.009800
vn 0.141100 -0.989600 0.027100
vn 0.997400 -0.064500 0.032400
vn 0.364000 -0.695800 0.619200
vn 0.997600 -0.047700 0.050100
vn 0.524900 -0.636400 0.565200
vn -0.995300 0.014000 0.096300
vn -0.995000 0.055900 -0.083300
vn -0.991200 -0.021200 0.130900
vn -0.995800 -0.044900 0.080200
vn 0.992800 -0.044100 0.111800
vn 0.995500 -0.050400 0.080300
vn 0.996100 0.027900 -0.083200
vn 0.994600 -0.023100 0.101100
vn -0.993300 -0.103200 0.051700
vn -0.996500 0.071200 -0.044200
vn 0.429200 0.766200 -0.478200
vn 0.996900 -0.075400 0.023000
vn 0.999900 0.006400 -0.011400
vn -0.996500 0.067800 -0.048000
vn -0.996400 0.075200 -0.039900
vn 0.995600 0.067200 -0.065600
vn 0.257900 0.523100 -0.812300
vn 0.995600 0.047100 -0.081100
vn -0.999900 -0.006300 0.011400
vn -0.992600 -0.116100 0.034700
vn -0.995900 0.085600 -0.029700
vn -0.994700 -0.102500 0.007300
vn 0.995100 0.087400 -0.047200
vn 0.996000 -0.088500 -0.008400
vn 0.999000 -0.008100 -0.044300
vn 0.996200 -0.086100 0.010200
vn -0.252100 0.026500 0.967300
vn -0.419700 0.088800 0.903300
vn -0.994600 -0.053900 0.088800
vn -0.092600 -0.017300 0.995600
vn 0.997100 -0.071800 0.024900
vn 0.364600 -0.658100 0.658800
vn 0.995500 0.070700 -0.062700
vn 0.997300 -0.068000 0.028500
vn -0.996200 0.079200 -0.035000
vn 0.416300 0.822200 -0.388100
vn 0.449300 -0.877900 0.165500
vn 0.997500 -0.057800 0.039500
vn 0.997600 -0.054600 0.042900
vn 0.997600 -0.051500 0.046500
vn -0.996700 0.052100 -0.062900
vn -0.996000 0.083400 -0.031400
vn -0.417700 -0.899800 -0.125900
vn -0.719000 -0.667400 -0.194100
vn -0.410500 -0.894500 -0.177100
vn -0.599700 -0.797100 -0.070700
vn -0.910100 -0.381100 -0.162800
vn -0.712500 -0.657500 -0.245100
vn -0.881300 -0.392000 -0.264100
vn -0.937100 0.299800 -0.178900
vn -0.965200 -0.256600 -0.050500
vn -0.999400 -0.001000 -0.035000
vn -0.915800 0.331300 -0.227200
vn -0.988500 -0.005300 -0.151300
vn -0.843300 -0.535400 -0.047300
vn -0.977600 -0.001500 -0.210400
vn -0.455100 0.699100 -0.551500
vn -0.170900 0.877000 -0.449100
vn -0.532400 -0.012200 -0.846400
vn -0.463500 0.549500 -0.695100
vn -0.487600 0.747100 -0.451800
vn -0.325900 0.866400 -0.378300
vn -0.735700 0.424600 -0.527600
vn -0.050300 -0.064200 0.996700
vn 0.301500 -0.147400 0.942000
vn 0.270600 -0.041800 0.961800
vn -0.519000 -0.033100 0.854200
vn 0.076300 -0.156700 0.984700
vn 0.316000 -0.242600 0.917200
vn 0.003300 -0.105100 0.994500
vn 0.150100 -0.242800 0.958400
vn -0.746500 -0.143600 0.649700
vn -0.903500 -0.047900 0.425900
vn -0.895800 -0.144800 0.420200
vn -0.649600 -0.209100 0.730900
vn -0.672900 -0.116400 0.730500
vn -0.448400 -0.219100 0.866600
vn 0.350100 -0.336600 0.874100
vn 0.040300 -0.435600 0.899300
vn 0.144800 -0.331300 0.932300
vn -0.113000 -0.424600 0.898300
vn 0.073800 -0.397400 0.914700
vn -0.715500 0.172600 0.677000
vn -0.601100 0.049800 0.797600
vn -0.420800 0.141300 0.896100
vn -0.712300 0.222500 0.665700
vn -0.905000 0.163500 0.392700
vn -0.840800 0.045200 0.539400
vn -0.875600 0.259800 0.407200
vn 0.094900 0.534700 -0.839700
vn -0.449500 0.586800 -0.673500
vn -0.186300 0.603600 -0.775200
vn -0.161400 0.489500 -0.856900
vn -0.478200 0.491600 -0.727800
vn -0.546800 0.834500 0.068000
vn -0.467400 0.717500 -0.516500
vn -0.546900 0.795600 0.260600
vn -0.735600 0.554800 -0.388700
vn -0.963500 0.065000 0.259900
vn -0.931500 0.216000 -0.292800
vn -0.998100 0.061800 -0.000100
vn -0.984400 0.175100 0.017000
vn -0.911100 0.263000 -0.317400
vn -0.972900 0.230300 0.018300
vn 0.500100 -0.860400 -0.098100
vn 0.230200 -0.973100 -0.004800
vn -0.087300 -0.994900 -0.050500
vn 0.536300 -0.828100 -0.162900
vn 0.508800 -0.860500 -0.024400
vn 0.726800 -0.686700 -0.015900
vn 0.834300 -0.513300 -0.201300
vn 0.745000 0.555500 -0.369400
vn 0.516500 0.503600 -0.692500
vn 0.631200 0.700600 -0.332800
vn 0.919600 0.310500 -0.240500
vn 0.464100 0.717200 -0.519900
vn 0.909200 0.286600 -0.302100
vn 0.862700 0.411800 -0.293700
vn 0.948700 -0.313300 -0.042700
vn 0.964600 0.220600 -0.144700
vn 0.991300 -0.035900 -0.126900
vn 0.852300 0.467700 -0.234200
vn 0.987400 -0.043000 -0.152300
vn 0.503400 0.066000 0.861500
vn -0.094900 0.026100 0.995100
vn 0.225100 -0.032100 0.973800
vn 0.509700 -0.014100 0.860300
vn 0.534900 0.132900 0.834400
vn 0.835700 0.172300 0.521400
vn 0.969100 0.128800 -0.210400
vn 0.947200 0.005700 0.320700
vn 0.999700 0.016300 0.016900
vn 0.858500 0.233100 -0.456700
vn 0.993900 0.101400 0.043500
vn 0.722300 -0.027500 0.691000
vn 0.925500 0.234000 -0.297900
vn 0.990100 0.130100 0.053100
vn 0.753000 0.380600 -0.536700
vn 0.639500 0.348600 -0.685200
vn 0.516300 0.711000 -0.477400
vn 0.464300 0.546300 -0.697100
vn 0.914500 0.298300 -0.273300
vn 0.340500 -0.151300 0.928000
vn 0.347000 -0.258400 0.901600
vn 0.387500 -0.356400 0.850200
vn -0.896700 -0.327900 0.297400
vn -0.896500 -0.310400 0.316100
vn -0.760600 -0.481700 0.435300
vn -0.760100 -0.456600 0.462400
vn -0.240600 -0.684400 0.688200
vn 0.015600 -0.745800 0.666000
vn 0.016000 -0.705600 0.708400
vn -0.896300 -0.344200 0.279600
vn -0.760100 -0.505000 0.408900
vn -0.242100 -0.723400 0.646600
vn 0.013600 -0.781200 0.624100
vn -0.914100 0.288500 -0.285000
vn -0.914200 0.269800 -0.302500
vn -0.788100 0.436500 -0.434000
vn -0.332200 0.624200 -0.707100
vn -0.086200 0.703400 -0.705600
vn -0.331000 0.666600 -0.667900
vn -0.914300 0.249600 -0.319100
vn -0.788700 0.407500 -0.460300
vn -0.331800 0.577300 -0.746100
vn -0.087300 0.658500 -0.747500
vn -0.895700 -0.272800 0.351000
vn -0.896500 -0.291300 0.333800
vn -0.759000 -0.401200 0.512800
vn -0.240400 -0.641700 0.728300
vn 0.016600 -0.617500 0.786400
vn -0.240800 -0.598300 0.764200
vn -0.760400 -0.428500 0.488000
vn 0.017100 -0.661800 0.749500
vn -0.913800 0.305700 -0.267500
vn -0.913100 0.321700 -0.250700
vn -0.788000 0.462500 -0.406400
vn -0.786500 0.486200 -0.380900
vn -0.331200 0.738600 -0.587200
vn -0.086000 0.744600 -0.661900
vn -0.086900 0.779900 -0.619800
vn -0.329600 0.705900 -0.626900
vn -0.912700 0.335800 -0.232800
vn -0.911500 0.352100 -0.212500
vn -0.785600 0.508000 -0.353300
vn -0.782500 0.533200 -0.321500
vn -0.328200 0.802700 -0.498000
vn -0.087800 0.813200 -0.575300
vn -0.088800 0.847100 -0.523900
vn -0.330000 0.770300 -0.545700
vn -0.896100 -0.359400 0.260600
vn -0.758900 -0.527600 0.381600
vn -0.241600 -0.758000 0.605900
vn 0.011900 -0.814700 0.579700
vn -0.894200 -0.377300 0.240900
vn -0.756400 -0.551100 0.352300
vn -0.243100 -0.790400 0.562200
vn 0.008900 -0.847600 0.530600
vn -0.893300 -0.392300 0.219300
vn -0.754200 -0.572700 0.321300
vn -0.243600 -0.822400 0.514000
vn 0.008000 -0.877600 0.479200
vn -0.889100 -0.411700 0.200200
vn -0.746400 -0.596600 0.294900
vn -0.239900 -0.853000 0.463600
vn 0.007000 -0.902500 0.430700
vn -0.909600 0.369200 -0.190600
vn -0.906100 0.385600 -0.174300
vn -0.777800 0.559200 -0.287000
vn -0.771300 0.580300 -0.261300
vn -0.322000 0.857000 -0.402200
vn -0.089200 0.880300 -0.465900
vn -0.087300 0.903100 -0.420500
vn -0.325500 0.834500 -0.444600
vn -0.884000 -0.455100 0.106900
vn -0.922900 -0.385000 -0.005100
vn -0.533000 -0.829100 0.168600
vn -0.700700 -0.713200 -0.021000
vn -0.056100 -0.983400 0.172800
vn -0.360900 -0.932000 -0.033200
vn -0.976900 -0.192400 0.092700
vn -0.737200 -0.617000 0.275400
vn -0.236700 -0.878900 0.414200
vn 0.013600 -0.918600 0.394900
vn -0.728800 -0.629400 0.269600
vn -0.219200 -0.898200 0.380900
vn -0.903500 0.394900 -0.166800
vn -0.766300 0.591300 -0.251400
vn -0.083500 0.912700 -0.400000
vn -0.315600 0.868600 -0.382000
vn -0.914000 0.225800 -0.337200
vn -0.787600 0.377100 -0.487300
vn -0.328800 0.516600 -0.790600
vn -0.088300 0.607900 -0.789100
vn -0.908800 0.209700 -0.360700
vn -0.785200 0.337200 -0.519300
vn -0.321500 0.460100 -0.827600
vn -0.088100 0.540500 -0.836700
vn -0.083700 0.475400 -0.875800
vn -0.896800 -0.236000 0.374100
vn -0.895800 -0.253700 0.365000
vn -0.758200 -0.352800 0.548400
vn -0.238500 -0.556600 0.795800
vn 0.016700 -0.538600 0.842400
vn -0.235200 -0.519600 0.821400
vn -0.758100 -0.374800 0.533700
vn 0.016700 -0.574800 0.818200
vn -0.922800 0.013300 0.385100
vn -0.692000 0.009200 0.721900
vn -0.346900 0.003100 0.937900
vn -0.901100 0.205000 -0.382000
vn -0.774300 0.305400 -0.554200
vn -0.310900 0.429600 -0.847800
vn -0.076500 0.443200 -0.893200
vn -0.762000 0.294800 -0.576600
vn -0.314400 0.423000 -0.849800
vn -0.900700 -0.222200 0.373300
vn -0.749300 -0.298700 0.591000
vn -0.228300 -0.497400 0.836900
vn 0.020400 -0.515000 0.857000
vn -0.761200 -0.335800 0.554800
vn 0.697200 -0.507800 0.506000
vn 0.696500 -0.537200 0.475700
vn 0.857200 -0.365500 0.362600
vn 0.857000 -0.386900 0.340500
vn 0.959800 -0.200600 0.196500
vn 0.959700 -0.212300 0.183900
vn 0.694600 -0.564500 0.446000
vn 0.855800 -0.407100 0.319100
vn 0.959300 -0.223800 0.172000
vn 0.636200 0.508600 -0.580200
vn 0.636500 0.542800 -0.548000
vn 0.825700 0.371100 -0.424800
vn 0.825700 0.396000 -0.401700
vn 0.949000 0.206400 -0.238200
vn 0.949100 0.219800 -0.225500
vn 0.634600 0.470400 -0.613200
vn 0.824900 0.343300 -0.449000
vn 0.948900 0.190900 -0.251400
vn 0.697100 -0.475900 0.536200
vn 0.695400 -0.444600 0.564600
vn 0.857100 -0.342700 0.384700
vn 0.856200 -0.320100 0.405500
vn 0.959700 -0.187700 0.208900
vn 0.959600 -0.175100 0.220400
vn 0.633800 0.603200 -0.484200
vn 0.635300 0.575000 -0.515600
vn 0.824300 0.440300 -0.355900
vn 0.825200 0.419500 -0.378200
vn 0.948500 0.244800 -0.201200
vn 0.949100 0.232600 -0.212600
vn 0.627800 0.659400 -0.413500
vn 0.631700 0.630400 -0.451300
vn 0.820900 0.482400 -0.305700
vn 0.823000 0.460500 -0.332500
vn 0.947700 0.267700 -0.173700
vn 0.948300 0.255600 -0.188200
vn 0.691700 -0.591000 0.415000
vn 0.854500 -0.426400 0.296800
vn 0.958900 -0.234700 0.159600
vn 0.688000 -0.617800 0.380700
vn 0.851800 -0.447400 0.272600
vn 0.957900 -0.246900 0.146500
vn 0.682100 -0.644700 0.345100
vn 0.848400 -0.468000 0.247400
vn 0.956700 -0.259300 0.132500
vn 0.674700 -0.668900 0.312000
vn 0.842900 -0.489000 0.224300
vn 0.954800 -0.272000 0.119800
vn 0.614600 0.712500 -0.338600
vn 0.622200 0.689100 -0.371500
vn 0.811800 0.526000 -0.253600
vn 0.817000 0.506100 -0.276300
vn 0.944400 0.294400 -0.146700
vn 0.946600 0.281100 -0.158200
vn 0.423600 -0.905600 0.022100
vn 0.641200 -0.753400 0.145700
vn 0.732300 -0.680900 0.012400
vn 0.826100 -0.553600 0.105300
vn 0.931600 -0.363600 0.000700
vn 0.948200 -0.312500 0.056900
vn 0.666800 -0.687200 0.288500
vn 0.836600 -0.506500 0.208900
vn 0.952200 -0.284100 0.112100
vn 0.609300 0.723900 -0.323700
vn 0.807000 0.537800 -0.243800
vn 0.942400 0.302900 -0.141800
vn 0.631100 0.417900 -0.653500
vn 0.822700 0.304900 -0.479800
vn 0.948200 0.168400 -0.269300
vn 0.622400 0.367400 -0.691100
vn 0.816700 0.268100 -0.511000
vn 0.946400 0.146200 -0.288200
vn 0.693400 -0.414500 0.589400
vn 0.688400 -0.390500 0.611300
vn 0.854500 -0.299000 0.424800
vn 0.849500 -0.283800 0.444600
vn 0.958700 -0.164000 0.232400
vn 0.955900 -0.157900 0.247600
vn 0.148400 -0.066700 0.986700
vn 0.426100 -0.066500 0.902200
vn 0.728400 -0.057600 0.682700
vn 0.926300 -0.040800 0.374500
vn 0.655500 -0.218400 0.722900
vn 0.825500 -0.167200 0.539100
vn 0.939900 -0.106100 0.324500
vn 0.615600 0.342400 -0.709800
vn 0.812100 0.249500 -0.527500
vn 0.945300 0.133800 -0.297600
vn 0.681100 -0.376600 0.627900
vn 0.841300 -0.277800 0.463800
vn 0.950200 -0.159800 0.267600
vn 0.347700 0.828600 -0.438800
vn 0.351600 0.500500 -0.791100
vn 0.178600 0.946300 0.269700
vn 0.178600 0.946300 0.269600
vn -0.246600 0.065900 0.966900
vn 0.346900 0.809300 -0.473900
vn 0.198400 -0.238700 -0.950600
vn -0.229500 -0.968400 -0.097200
vn 0.353600 0.466700 -0.810700
vn -0.211500 0.786900 -0.579800
vn -0.533000 -0.218900 -0.817300
vn 0.869000 0.295500 -0.396800
vn 0.126200 0.990700 -0.050500
vn -0.003800 0.999800 0.020000
vn -0.005500 0.996900 -0.078100
vn 0.007500 -1.000000 0.001700
vn 0.006000 -0.999900 -0.013100
vn 0.005700 -0.999900 -0.014700
vn 0.095700 -0.062300 -0.993500
vn -0.011400 0.018700 -0.999800
vn -0.010700 -0.074400 -0.997200
vn 0.038300 -0.189100 -0.981200
vn -0.010700 -0.079500 -0.996800
vn -0.091300 -0.989200 -0.114300
vn 0.006200 -0.999800 -0.018800
vn -0.093800 -0.995400 -0.017600
vn 0.006900 -0.029100 0.999600
vn 0.009900 -0.018500 0.999800
vn 0.094900 -0.101900 0.990300
vn 0.103400 0.994400 0.020500
vn -0.002700 0.994900 0.100800
vn -0.999900 -0.004700 0.010800
vn -0.979600 -0.111000 0.167700
vn -0.994000 -0.006400 0.108900
vn 0.075400 -0.996000 0.048700
vn -0.022900 -0.998400 0.051300
vn 0.999900 -0.010100 -0.001900
vn 0.999900 0.010700 -0.001300
vn 1.000000 0.003600 0.002400
vn 0.094100 0.995300 0.022600
vn -0.005000 0.999800 0.018600
vn 0.077200 0.997000 0.000900
vn 0.994000 0.006400 -0.109500
vn 0.996200 -0.065700 0.056700
vn 0.996700 -0.069200 -0.043500
vn -0.100500 0.988200 0.115700
vn -0.003900 0.993200 0.116300
vn 1.000000 0.006600 -0.003900
vn 0.990200 0.103800 -0.093000
vn 0.010700 -0.019800 0.999700
vn -0.136800 0.127500 0.982400
vn -0.168400 -0.023100 0.985500
vn 0.011400 -0.019400 0.999700
vn 0.080300 -0.717600 0.691800
vn 0.008500 -0.661600 0.749800
vn 0.027900 -0.684100 0.728900
vn 0.093500 0.018500 -0.995500
vn -0.011700 0.115700 -0.993200
vn -0.011400 0.018100 -0.999800
vn 0.004500 -0.999900 -0.016000
vn 0.007300 -0.996400 0.084600
vn 0.005500 -0.999900 -0.013800
vn 0.154700 -0.984600 -0.082000
vn 0.999200 0.032600 -0.023800
vn 1.000000 0.004900 0.004400
vn 0.995500 0.094400 0.007200
vn -0.073500 -0.753200 0.653700
vn 0.009300 -0.720300 0.693600
vn -0.421600 0.772900 -0.474200
vn -0.579800 0.581600 -0.570600
vn -0.609100 0.610200 -0.506700
vn 0.010800 -0.019500 0.999800
vn 0.012000 -0.113500 0.993500
vn 0.109200 -0.111500 0.987700
vn 0.006000 -0.999900 -0.012800
vn -0.083000 -0.996500 -0.011600
vn 1.000000 0.004900 -0.005000
vn 0.995300 0.006300 -0.096400
vn 0.995700 -0.092400 0.001600
vn 0.981300 -0.037900 -0.188800
vn 0.103900 -0.994500 -0.013100
vn -0.987700 0.064000 0.142800
vn -0.995500 0.093700 0.013000
vn 0.776300 -0.616000 -0.133900
vn 0.710500 -0.699200 -0.078600
vn 0.712400 -0.700000 -0.049700
vn 0.007500 -0.999900 -0.014800
vn -0.158500 -0.986400 0.043500
vn 0.653200 -0.756300 -0.035000
vn 0.674300 -0.734600 0.075100
vn -0.993200 -0.006800 0.116100
vn -0.996300 -0.085300 0.008900
vn 0.999900 0.011800 -0.003500
vn 0.994100 0.003200 0.108600
vn 0.992800 -0.081700 0.087600
vn 0.023200 -0.015300 0.999600
vn 0.011700 -0.020200 0.999700
vn 0.011300 0.073900 0.997200
vn -0.019500 -0.999100 -0.037200
vn 0.936200 0.350800 0.020600
vn 0.156500 0.980200 0.121400
vn 0.095400 0.995300 0.018700
vn -0.081400 -0.106600 -0.991000
vn -0.108900 0.018000 -0.993900
vn 0.713900 -0.115500 0.690600
vn 0.653700 -0.144900 0.742800
vn 0.715900 -0.079400 0.693700
vn -0.601700 0.534500 -0.593500
vn -0.526700 0.607100 -0.594900
vn -0.491600 0.510600 -0.705400
vn 0.785900 -0.053400 0.616100
vn 0.838200 -0.001500 0.545400
vn -0.989400 -0.131400 -0.061300
vn -0.999900 -0.006400 0.011300
vn -0.994000 -0.108600 0.009900
vn 0.108600 -0.019400 0.993900
vn 0.011200 -0.020300 0.999700
vn -0.004200 0.996500 0.082900
vn -0.103000 0.994500 0.019200
vn 0.023400 0.170400 0.985100
vn -0.727400 0.498900 -0.471100
vn 0.117700 -0.988300 0.097000
vn -0.107300 -0.079300 -0.991100
vn 0.707600 -0.175200 0.684500
vn 0.734700 -0.216100 0.643000
vn 0.677100 -0.288500 0.677000
vn 0.086800 0.018500 -0.996100
vn 0.167900 -0.634300 0.754700
vn 0.010700 -0.774300 0.632700
vn 0.107700 -0.716600 0.689100
vn 0.762100 -0.633000 -0.136200
vn 0.711700 -0.702200 0.019700
vn -0.989800 0.090600 0.109600
vn 0.628600 -0.766500 0.131700
vn 0.999900 0.006500 0.010100
vn 0.991900 -0.086700 0.092800
vn -0.038100 -0.033700 -0.998700
vn -0.011000 -0.063000 -0.998000
vn 0.148600 -0.085200 -0.985200
vn 0.091400 0.992700 -0.078200
vn -0.011200 0.001200 0.999900
vn -0.085800 0.078300 0.993200
vn 0.011400 -0.018100 0.999800
vn 0.010800 0.080000 0.996700
vn 0.081900 -0.087800 0.992800
vn 0.090100 0.013900 0.995800
vn 0.005000 -0.992700 -0.120100
vn 0.023500 -0.999500 -0.019500
vn 0.005000 -0.993200 -0.116300
vn 0.079400 -0.995600 -0.050500
vn -0.996200 -0.004500 -0.086700
vn -0.992800 -0.119800 0.009100
vn 0.994700 0.102300 -0.009300
vn 0.997400 0.033600 0.063700
vn 0.988900 0.103800 -0.106200
vn 0.999900 0.004600 -0.011300
vn -0.078800 -0.020700 0.996700
vn -0.087100 -0.018500 0.996000
vn -0.019700 -0.092100 0.995600
vn 0.114200 0.979200 0.167500
vn 0.112200 -0.989600 0.090200
vn -0.995700 -0.020900 0.090500
vn -0.993700 -0.094100 0.061000
vn -0.986400 -0.163000 0.023400
vn 0.239700 0.914300 -0.326600
vn 0.505600 0.858300 -0.087500
vn 0.531700 0.611200 -0.586300
vn 0.644700 0.665800 -0.375600
vn 0.851700 0.499400 -0.158600
vn 0.642300 0.403400 -0.651700
vn 0.801600 0.428600 -0.416800
vn 0.503600 0.124100 -0.855000
vn 0.234000 0.365100 -0.901100
vn 0.119900 0.090000 -0.988700
vn 0.820800 0.175500 -0.543600
vn 0.950000 0.246400 -0.191800
vn 0.980300 0.156600 -0.120600
vn 0.362700 0.641500 0.676000
vn 0.362400 0.641700 0.675900
vn 0.429300 -0.899200 -0.084700
vn 0.429400 -0.899100 -0.084800
vn 0.773800 -0.238000 0.587000
vn -0.446300 0.894100 0.037200
vn -0.436200 0.896900 0.072200
vn -0.435900 0.897000 0.073400
vn 0.130400 0.988700 0.074200
vn 0.600700 0.778000 0.183900
vn 0.256800 0.951000 0.172000
vn -0.960100 0.179600 -0.214300
vn -0.826600 0.370700 -0.423400
vn -0.974300 0.143200 -0.174100
vn 0.233000 -0.583300 0.778100
vn 0.455900 -0.632700 0.626000
vn 0.745700 0.376900 0.549400
vn 0.796400 0.554900 0.240500
vn 0.259000 0.862100 -0.435600
vn 0.258900 0.862200 -0.435500
vn 0.945500 0.322700 0.042800
vn 0.160400 -0.143100 -0.976600
vn 0.016100 -0.037700 -0.999200
vn 0.025900 -0.474600 0.879800
vn -0.079100 -0.755200 0.650700
vn 0.113700 -0.817400 0.564800
vn -0.115800 0.507400 -0.853900
vn 0.806800 -0.542500 -0.234100
vn 0.806900 -0.542500 -0.233700
vn -0.956200 -0.251600 0.149800
vn -0.771200 -0.611500 0.177100
vn -0.552300 -0.795000 0.251000
vn -0.472800 -0.862100 0.182600
vn -0.619200 -0.784200 -0.039800
vn 0.669600 -0.214200 0.711100
vn 0.669900 -0.356300 0.651300
vn 0.586400 -0.343900 0.733400
vn -0.558000 -0.829600 -0.019500
vn -0.186500 -0.857100 0.480300
vn -0.459600 0.800900 -0.383900
vn -0.306400 0.918200 -0.251200
vn -0.293100 0.925600 -0.239500
vn -0.104600 0.845400 0.523800
vn -0.346900 0.900000 0.263900
vn -0.074300 0.986200 0.147800
vn -0.163400 0.473600 0.865400
vn -0.385200 0.643000 0.661900
vn -0.594800 0.583800 0.552700
vn -0.416900 0.400600 0.815900
vn -0.539400 0.174800 0.823700
vn -0.186800 0.217800 0.958000
vn -0.109400 0.124600 0.986200
vn -0.905200 0.336500 0.259700
vn -0.849600 0.091300 0.519500
vn -0.653500 0.371500 0.659500
vn -0.641300 -0.434400 0.632500
vn -0.841200 -0.210600 0.498000
vn -0.874500 -0.155700 0.459300
vn -0.349800 -0.324100 0.879000
vn -0.345000 -0.256800 0.902800
vn -0.421700 -0.273000 0.864600
vn 0.569000 -0.775900 0.272500
vn 0.642000 -0.647600 0.410600
vn -0.202800 -0.538400 0.817900
vn -0.687900 0.097100 0.719300
vn -0.724800 0.147800 0.673000
vn -0.860700 -0.498900 -0.100900
vn -0.909700 -0.239300 -0.339500
vn -0.544200 -0.816900 -0.191100
vn -0.663900 -0.634100 -0.396400
vn -0.605300 -0.520600 -0.602100
vn -0.436700 -0.782600 -0.443600
vn -0.399300 -0.627700 -0.668200
vn -0.196300 -0.959200 -0.203300
vn -0.192800 -0.841400 -0.504800
vn -0.191900 -0.948800 -0.250700
vn -0.355800 -0.224900 -0.907100
vn -0.117100 -0.480300 -0.869200
vn 0.286000 -0.646600 -0.707200
vn 0.393000 -0.723400 -0.567600
vn 0.329000 -0.652200 -0.682900
vn 0.444600 -0.816300 0.368800
vn 0.699900 -0.663200 0.265200
vn 0.393500 -0.775400 -0.493900
vn -0.239700 -0.466400 -0.851500
vn -0.196100 -0.540900 -0.817900
vn -0.241900 -0.462400 -0.853000
vn 0.668000 0.743500 0.031500
vn 0.877500 0.156100 0.453400
vn 0.686500 0.589600 -0.425600
vn 0.278700 0.776400 -0.565300
vn 0.557100 0.691800 0.459400
vn 0.697900 0.137200 0.702900
vn 0.000400 0.999600 -0.026600
vn 0.022000 0.858500 -0.512300
vn -0.576700 0.808100 -0.120300
vn -0.418800 0.898900 0.128800
vn 0.371700 0.106000 0.922300
vn -0.252800 0.460900 0.850700
vn 0.291500 0.434800 0.852000
vn -0.256200 0.597400 0.759900
vn 0.089800 0.595900 0.798000
vn 0.167500 -0.880400 -0.443600
vn 0.391400 -0.907900 -0.150200
vn -0.313800 -0.739300 -0.595800
vn -0.399700 -0.712800 -0.576300
vn 0.707800 -0.699100 -0.101400
vn 0.089000 -0.825900 -0.556700
vn 0.392100 -0.885100 -0.250700
vn -0.378600 0.413400 -0.828100
vn -0.588600 0.289600 -0.754700
vn -0.263700 0.607900 -0.749000
vn -0.183600 0.507700 -0.841700
vn -0.479100 0.256400 -0.839500
vn -0.659500 0.062600 -0.749100
vn 0.165400 -0.099000 -0.981300
vn 0.164900 -0.099500 -0.981300
vn 0.346700 0.094600 -0.933200
vn 0.919900 -0.364800 -0.143900
vn 0.904800 0.077500 -0.418800
vn 0.907000 -0.147000 -0.394500
vn 0.689900 0.205100 -0.694200
vn 0.899400 -0.362300 -0.244400
vn 0.860600 -0.059000 -0.505800
vn 0.920900 -0.118300 0.371300
vn 0.923900 -0.364600 0.116200
vn 0.715300 -0.111800 0.689800
vn 0.870200 -0.346300 0.350500
vn 0.729600 -0.678400 0.085800
vn 0.595300 -0.569900 0.566400
vn 0.693400 -0.639000 0.333000
vn 0.140700 -0.394700 0.908000
vn 0.402000 -0.135900 0.905500
vn 0.124600 -0.705500 0.697600
vn 0.382100 -0.364800 0.849100
vn 0.682800 -0.321500 0.656100
vn 0.353800 -0.864000 0.358200
vn 0.152900 -0.917300 0.367700
vn 0.378600 -0.918200 0.116600
vn 0.346800 -0.667800 0.658600
vn -0.467500 0.214000 0.857700
vn -0.107900 -0.357100 0.927800
vn -0.583300 0.276300 0.763800
vn -0.331300 -0.158100 0.930200
vn -0.063200 -0.672300 0.737500
vn -0.432500 -0.067900 0.899100
vn -0.226700 -0.340700 0.912400
vn -0.867400 0.377600 -0.324100
vn -0.777100 0.601300 -0.186000
vn -0.778500 0.151000 -0.609200
vn -0.861900 0.058700 -0.503700
vn -0.872700 0.481000 -0.083700
vn -0.746200 0.665600 0.012700
vn -0.944800 -0.177900 0.275100
vn -0.944500 -0.174800 0.278100
vn -0.922200 -0.383000 0.052500
vn -0.388000 -0.893600 0.225900
vn -0.297700 -0.954000 -0.036100
vn -0.098900 -0.918400 0.383200
vn -0.289500 -0.850600 0.439100
vn -0.488900 -0.847700 0.205600
vn 0.546900 0.784400 0.292500
vn 0.421100 0.902100 0.094600
vn 0.218600 0.949700 0.224400
vn 0.595600 0.713300 0.369300
vn 0.829000 0.497200 0.256200
vn 0.764100 0.641100 0.072200
vn 0.809700 0.220600 0.543800
vn 0.555700 -0.368700 0.745200
vn 0.156600 -0.591000 0.791300
vn 0.432100 -0.591900 0.680400
vn 0.834700 -0.177700 0.521200
vn 0.189700 0.246700 0.950300
vn 0.523500 -0.079900 0.848300
vn 0.102400 0.363700 0.925900
vn 0.943400 0.320700 0.084200
vn 0.947600 -0.163900 0.274300
vn 0.963600 0.105000 0.245900
vn 0.772200 -0.410700 0.484700
vn 0.373400 0.923900 -0.083300
vn 0.089100 0.928000 -0.361700
vn 0.697800 0.707800 -0.110300
vn 0.392300 0.833500 -0.389000
vn 0.105400 0.716000 -0.690100
vn 0.915800 0.108400 -0.386800
vn 0.917500 0.384800 -0.100200
vn 0.693800 0.132200 -0.707900
vn 0.818100 0.411400 -0.401900
vn 0.085400 0.396400 -0.914100
vn 0.367700 0.115900 -0.922700
vn 0.086200 0.115600 -0.989600
vn 0.389100 0.417300 -0.821200
vn 0.539700 -0.265600 -0.798900
vn 0.210100 -0.190200 -0.959000
vn 0.413700 -0.062700 -0.908300
vn 0.823900 -0.242200 -0.512300
vn 0.587700 -0.344200 -0.732200
vn 0.805100 -0.539800 -0.245800
vn 0.946800 -0.286500 0.146200
vn 0.940500 -0.078400 -0.330600
vn 0.772700 -0.504000 0.385900
vn 0.961300 -0.247600 -0.120900
vn 0.758800 -0.052500 -0.649200
vn 0.833100 -0.531800 0.152300
vn 0.169600 -0.778500 0.604300
vn 0.555100 -0.760900 0.335900
vn 0.433100 -0.704200 0.562600
vn 0.183800 -0.940900 -0.284400
vn 0.520400 -0.852800 0.043800
vn -0.381600 0.916700 0.118200
vn -0.097600 0.913300 0.395500
vn -0.706200 0.699000 0.112600
vn -0.373300 0.840700 0.392400
vn -0.087600 0.690800 0.717700
vn -0.659800 0.651600 0.374300
vn -0.350700 0.647300 0.676700
vn -0.916700 0.086000 0.390300
vn -0.921100 0.372100 0.114300
vn -0.696700 0.075800 0.713400
vn -0.846400 0.362600 0.390000
vn -0.655100 0.339000 0.675200
vn -0.088900 0.361100 0.928300
vn -0.368800 0.079200 0.926100
vn -0.366000 0.356400 0.859700
vn 0.311100 0.796400 0.518700
vn 0.225200 0.952300 0.205700
vn 0.086700 0.896500 0.434400
vn 0.246300 0.739800 0.626200
vn 0.388800 0.734600 0.556100
vn 0.425400 0.613100 0.665700
vn 0.315900 -0.185300 0.930500
vn 0.100900 0.306500 0.946500
vn 0.545900 -0.434600 0.716300
vn 0.277500 0.096500 0.955900
vn 0.076400 0.631400 0.771700
vn 0.369000 0.050500 0.928000
vn 0.300400 0.205100 0.931500
vn 0.788300 -0.614600 0.028500
vn 0.809700 -0.369300 0.456200
vn 0.736600 -0.597400 0.317000
vn 0.961300 0.274000 0.029100
vn 0.968000 0.013100 0.250600
vn 0.895800 -0.276400 0.348200
vn 0.743000 -0.376700 0.553200
vn 0.769800 -0.133100 0.624200
vn -0.779900 -0.295800 0.551600
vn -0.897200 -0.092700 0.431900
vn -0.476000 -0.862200 0.173300
vn -0.641600 -0.569000 0.514300
vn -0.487400 -0.272300 0.829700
vn -0.630400 -0.084500 0.771700
vn -0.214300 -0.562500 0.798500
vn 0.368100 -0.763400 0.530700
vn 0.534500 -0.821200 0.199900
vn 0.590000 -0.698700 0.404700
vn 0.184600 -0.546000 0.817200
vn 0.264100 -0.771300 0.579100
vn -0.307200 -0.106600 0.945700
vn 0.175000 -0.303100 0.936700
vn -0.092500 -0.271400 0.958000
vn 0.416100 -0.511000 0.752100
vn -0.907600 -0.418500 0.033500
vn -0.990800 -0.131800 0.031800
vn -0.886100 -0.462100 0.037100
vn -0.739100 -0.672700 0.034900
vn -0.476700 -0.749700 0.459000
vn -0.330800 -0.714700 0.616300
vn -0.538600 -0.769800 0.342500
vn -0.322800 -0.710800 0.624900
vn -0.427500 -0.795400 0.429600
vn 0.172600 -0.955800 0.238100
vn -0.321000 -0.945800 0.048900
vn 0.384500 -0.784900 0.485900
vn -0.107700 -0.951800 0.287400
vn -0.670100 -0.741900 0.024800
vn 0.557300 -0.480700 0.677000
vn 0.525400 -0.624600 0.577800
vn 0.423100 -0.371600 0.826400
vn 0.192000 -0.357200 0.914100
vn 0.269200 -0.828400 0.491200
vn 0.839100 -0.540200 0.064300
vn 0.839100 -0.540200 0.064200
vn -0.924200 -0.096100 -0.369700
vn -0.919400 -0.382100 -0.093800
vn -0.990900 -0.101800 -0.087800
vn -0.711800 -0.083000 -0.697400
vn -0.851300 -0.371600 -0.370400
vn -0.701200 -0.706300 -0.097400
vn -0.666700 -0.346700 -0.659800
vn -0.661000 -0.658600 -0.359500
vn -0.104900 -0.361300 -0.926500
vn -0.388300 -0.082400 -0.917900
vn -0.095400 -0.691300 -0.716300
vn -0.380500 -0.359600 -0.852000
vn -0.358300 -0.651300 -0.668900
vn -0.373500 -0.921000 -0.110600
vn -0.095800 -0.914000 -0.394200
vn -0.372400 -0.844400 -0.385100
vn 0.194400 -0.492900 -0.848100
vn 0.069900 -0.442600 -0.894000
vn 0.274300 -0.252200 -0.928000
vn 0.464300 -0.504900 -0.727700
vn 0.101200 -0.628300 -0.771400
vn 0.029600 -0.723400 -0.689800
vn 0.328900 -0.724800 -0.605400
vn 0.328900 -0.724700 -0.605500
vn 0.329000 -0.724800 -0.605400
vn 0.693400 -0.601300 0.397100
vn 0.858700 -0.273800 0.433100
vn 0.681700 -0.543000 0.490300
vn 0.587300 -0.768600 0.253700
vn 0.841600 -0.518500 0.151300
vn 0.068800 -0.936500 -0.343800
vn 0.285500 -0.944800 0.161000
vn 0.084600 -0.882200 -0.463200
vn 0.537600 -0.807000 0.244500
vn 0.553400 -0.738100 0.386000
vn 0.926300 -0.376800 -0.003100
vn 0.711000 -0.703100 -0.008000
vn 0.389000 -0.921100 -0.012700
vn 0.011500 -0.385300 0.922700
vn 0.010200 -0.924200 0.381800
vn 0.009600 -0.703200 0.710900
vn -0.689600 0.226600 -0.687800
vn -0.717700 -0.157100 -0.678400
vn -0.704400 -0.047100 -0.708200
vn -0.505500 -0.687500 -0.521300
vn 0.390300 -0.016300 0.920500
vn 0.712300 -0.010100 0.701800
vn 0.916400 -0.002900 0.400200
vn -0.158400 0.707000 -0.689300
vn 0.040100 0.687500 -0.725100
vn 0.671800 0.533400 -0.514000
vn 0.473600 0.633400 -0.612000
vn -0.688700 0.687000 -0.232000
vn -0.655300 0.753400 0.054000
vn -0.277500 0.268000 0.922600
vn -0.709200 0.704900 -0.012300
vn 0.406500 0.913400 0.020400
vn 0.732600 0.680400 0.017500
vn 0.932700 0.360400 0.012200
vn 0.965600 0.259700 0.010300
vn 0.762900 0.646200 0.016900
vn 0.991700 -0.102600 -0.077800
vn 0.929600 0.010900 -0.368400
vn 0.723200 0.015700 -0.690500
vn 0.871200 0.044500 -0.488900
vn 0.693600 0.016200 -0.720200
vn 0.394200 0.018400 -0.918800
vn 0.948800 -0.222900 0.223800
vn 0.876200 -0.343200 0.338400
vn 0.697800 -0.512200 0.500600
vn 0.597800 -0.574800 0.558800
vn 0.298000 -0.686200 0.663600
vn 0.730600 -0.488000 0.477500
vn 0.653400 -0.542100 0.528500
vn -0.000300 0.925900 0.377600
vn 0.005400 0.663500 0.748200
vn 0.009400 0.319100 0.947700
vn 0.005200 0.668800 0.743400
vn 0.007900 0.477400 0.878600
vn 0.107000 0.067300 0.992000
vn -0.992900 -0.050900 0.107200
vn -0.913800 -0.012400 0.406100
vn -0.865700 -0.014100 0.500300
vn -0.696800 -0.017800 0.717100
vn -0.552900 -0.019500 0.833000
vn -0.353400 -0.020700 0.935300
vn 0.012200 -0.132800 0.991100
vn 0.334100 -0.336000 0.880600
vn 0.362500 -0.363300 0.858300
vn 0.551900 -0.547700 0.628800
vn 0.689500 -0.679800 0.250000
vn 0.488600 -0.587600 0.645100
vn 0.596700 -0.591000 0.542800
vn -0.225900 -0.974100 -0.009500
vn -0.351800 -0.936000 -0.007600
vn -0.676000 -0.736900 -0.001500
vn -0.913800 -0.406000 0.007200
vn -0.124000 -0.979400 -0.159600
vn 0.001200 -0.910300 -0.414000
vn -0.003900 -0.677100 -0.735900
vn -0.008300 -0.350400 -0.936500
vn 0.121200 -0.985700 -0.117200
vn -0.000400 -0.858200 -0.513300
vn -0.007300 -0.439900 -0.898000
vn 0.376700 -0.859500 0.345400
vn 0.492100 -0.671600 0.553900
vn 0.586500 -0.587500 0.557600
vn 0.633800 -0.482000 0.605000
vn 0.687200 -0.303800 0.660000
vn 0.260700 -0.936400 0.235000
vn 0.421600 -0.817100 0.393300
vn 0.922400 0.386300 -0.002800
vn 0.704000 0.710200 0.006200
vn 0.379500 0.925100 0.014200
vn 0.372000 0.018500 -0.928100
vn 0.699000 0.016100 -0.715000
vn 0.919600 0.011100 -0.392700
vn 0.392000 -0.664100 0.636600
vn 0.714300 -0.506500 0.482900
vn 0.928000 -0.271500 0.255300
vn 0.008600 0.365500 0.930800
vn 0.004500 0.693800 0.720200
vn -0.000300 0.916700 0.399500
vn -0.372700 -0.018500 0.927800
vn -0.699000 -0.016100 0.715000
vn -0.919600 -0.011200 0.392700
vn 0.673700 -0.667100 0.318100
vn 0.525400 -0.523300 0.670900
vn 0.289400 -0.292100 0.911500
vn -0.922800 -0.384900 0.014800
vn -0.703100 -0.711100 -0.005300
vn -0.381100 -0.924400 -0.012900
vn -0.008100 -0.365300 -0.930800
vn -0.003600 -0.693700 -0.720300
vn 0.001400 -0.916700 -0.399600
vn 0.647400 -0.443700 0.619700
vn 0.492900 -0.737400 0.461900
vn 0.271700 -0.931600 0.241600
vn -0.008500 0.931200 -0.364300
vn -0.011200 0.721800 -0.692000
vn -0.011200 0.720600 -0.693300
vn -0.012200 0.400000 -0.916500
vn 0.010200 -0.823300 0.567600
vn 0.158400 -0.813300 0.559900
vn -0.000200 -0.916700 -0.399600
vn 0.096100 -0.911700 -0.399600
vn -0.000300 -0.916500 -0.400000
vn -0.010500 -0.143800 -0.989600
vn 0.369700 0.927800 -0.050300
vn 0.906600 0.395500 -0.147400
vn 0.906000 0.395000 -0.151900
vn 0.906000 0.395000 -0.152300
vn 0.914000 -0.367400 -0.172200
vn 0.155100 0.987800 -0.015500
vn 0.915300 0.397200 -0.066200
vn 0.807600 -0.567000 -0.162000
vn -0.973700 -0.167000 0.155200
vn -0.377100 -0.926100 -0.012800
vn -0.374700 -0.923300 0.084700
vn 0.589800 -0.807300 -0.020800
vn -0.986200 -0.165300 0.007300
vn -0.377000 -0.926100 -0.012800
vn -0.393100 0.014800 -0.919400
vn -0.715300 0.008700 -0.698700
vn -0.715400 0.008700 -0.698700
vn -0.928200 0.001200 -0.372100
vn 0.587300 -0.154700 0.794400
vn -0.820400 -0.108400 0.561400
vn -0.377100 -0.174000 0.909700
vn -0.826200 -0.107000 0.553100
vn -0.373900 -0.175100 0.910800
vn -0.373300 -0.184100 0.909300
vn -0.984800 -0.036000 0.169700
vn 0.006300 0.364600 0.931100
vn -0.002000 0.983500 0.180900
vn 0.006300 0.365100 0.930900
vn 0.008700 -0.598600 0.801000
vn -0.925600 0.378100 0.017400
vn -0.710300 0.703600 0.020900
vn -0.710700 0.703200 0.020900
vn -0.387100 0.921800 0.021100
vn 0.930200 -0.001300 0.367000
vn 0.373700 0.027500 -0.927100
vn 0.373200 0.019800 -0.927500
vn 0.930100 0.006600 0.367200
vn 0.982000 0.015300 0.188400
vn 0.539900 0.031900 -0.841100
vn 0.181600 0.023400 -0.983100
vn 0.327200 -0.842900 -0.427200
vn 0.591400 -0.041100 -0.805300
vn 0.591500 -0.041200 -0.805300
vn 0.529100 -0.730400 0.432000
vn 0.522900 -0.510900 0.682300
vn -0.004300 0.997700 0.067400
vn 0.708600 -0.695300 -0.120200
vn 0.398900 -0.897500 -0.188200
vn -0.797000 0.398600 -0.453700
vn 0.669300 0.272600 0.691100
vn -0.471700 0.788700 -0.394200
vn -0.591600 -0.474600 0.651700
vn 0.440500 -0.022900 0.897500
vn -0.030100 -0.287400 -0.957300
vn -0.880500 0.043400 0.472100
vn 0.568300 0.590900 -0.572600
vn 0.430000 0.171500 0.886400
vn 0.828400 -0.560100 -0.007300
vn 0.733600 -0.204200 0.648200
vn -0.504600 -0.806700 0.307700
vn 0.361200 -0.863300 0.352500
vn -0.076800 0.512100 -0.855500
vn -0.986100 -0.165700 0.007300
vn 0.006300 0.365200 0.930900
vn 0.077900 0.993600 0.081200
vn -0.006200 0.999500 0.029600
vn 0.073300 0.993700 0.085100
vn 0.734400 -0.365900 0.571600
vn 0.669200 -0.457500 0.585500
vn 0.704200 -0.455900 0.544400
vn -0.075900 0.996600 -0.033200
vn -0.635600 -0.254600 -0.728800
vn -0.575200 -0.345600 -0.741500
vn -0.595100 -0.250600 -0.763600
vn 0.054700 0.992800 0.107000
vn 0.057900 0.993100 0.102100
vn 0.767600 -0.363400 0.528000
vn 0.736200 -0.453000 0.502700
vn -0.789300 -0.262400 -0.555100
vn -0.804300 -0.355200 -0.476400
vn -0.762300 -0.356900 -0.539900
vn -0.713500 -0.260400 -0.650500
vn -0.650900 -0.353000 -0.672100
vn -0.674000 -0.258000 -0.692200
vn 0.062200 0.993200 0.098700
vn 0.065800 0.993400 0.094200
vn -0.073300 0.996600 -0.038300
vn -0.530100 -0.339900 -0.776900
vn -0.547900 -0.245500 -0.799700
vn 0.494200 -0.358200 0.792100
vn 0.518900 -0.451400 0.725900
vn 0.540300 -0.362400 0.759400
vn 0.583900 -0.365300 0.725000
vn 0.598000 -0.456900 0.658500
vn 0.623400 -0.367400 0.690200
vn -0.479400 -0.332400 -0.812200
vn -0.494900 -0.239100 -0.835400
vn -0.438900 -0.325800 -0.837400
vn -0.452600 -0.233200 -0.860700
vn 0.418300 -0.351800 0.837400
vn 0.433100 -0.440800 0.786200
vn 0.450300 -0.353900 0.819800
vn 0.049500 0.992700 0.110000
vn -0.419800 -0.322500 -0.848400
vn -0.432800 -0.231100 -0.871400
vn -0.521800 -0.339600 -0.782600
vn -0.550800 -0.067800 -0.831900
vn 0.211400 -0.297500 0.931000
vn 0.402900 -0.436100 0.804600
vn -0.006100 0.999500 0.029600
vn 0.041400 0.992000 0.119600
vn 0.045800 0.992300 0.115500
vn 0.798000 -0.359600 0.483600
vn 0.765900 -0.449000 0.460300
vn 0.823800 -0.356000 0.441100
vn 0.791600 -0.444100 0.419700
vn -0.867100 -0.259400 -0.425200
vn -0.854400 -0.349500 -0.384500
vn -0.838700 -0.351900 -0.415600
vn -0.080100 0.996400 -0.029300
vn 0.840200 -0.354000 0.410900
vn 0.808300 -0.440200 0.391100
vn 0.936200 -0.299300 0.184000
vn 0.900400 -0.395100 0.182200
vn -0.882300 -0.259200 -0.393000
vn -0.699000 -0.358800 -0.618500
vn -0.087600 0.996000 -0.018200
vn 0.640500 -0.528500 0.557200
vn 0.674100 -0.526600 0.518000
vn 0.006200 -0.999500 -0.029600
vn 0.057000 -0.997800 0.035300
vn 0.006100 -0.999500 -0.029600
vn -0.614000 -0.349800 -0.707600
vn -0.552600 -0.426300 -0.716200
vn -0.041800 -0.994300 -0.097700
vn -0.037600 -0.994200 -0.101000
vn 0.704700 -0.524100 0.478200
vn 0.733300 -0.520200 0.437800
vn -0.688900 -0.355400 -0.631700
vn -0.697100 -0.437200 -0.568200
vn -0.661700 -0.435800 -0.610100
vn -0.625300 -0.433200 -0.649100
vn -0.725800 -0.356700 -0.588200
vn -0.732400 -0.437500 -0.521700
vn 0.633400 -0.457800 0.623900
vn 0.560400 -0.454800 0.692200
vn 0.572800 -0.527600 0.627400
vn 0.536900 -0.525900 0.659700
vn -0.461000 -0.412600 -0.785600
vn -0.045200 -0.994500 -0.094100
vn 0.475100 -0.446500 0.758200
vn 0.497700 -0.522000 0.692600
vn 0.456200 -0.517400 0.724000
vn -0.404800 -0.399900 -0.822300
vn -0.035500 -0.993700 -0.106100
vn 0.416700 -0.511400 0.751600
vn 0.224300 -0.366800 0.902900
vn 0.388500 -0.505400 0.770500
vn -0.479800 -0.471900 -0.739700
vn 0.072800 -0.997200 0.017200
vn -0.773400 -0.435400 -0.460700
vn -0.808000 -0.430200 -0.402500
vn 0.758300 -0.515000 0.399700
vn 0.775400 -0.509500 0.373100
vn 0.079800 -0.996800 0.010200
vn 0.076200 -0.997000 0.013600
vn -0.824100 -0.426200 -0.373000
vn -0.793300 -0.463300 -0.395100
vn 0.864600 -0.467800 0.183500
vn -0.751700 -0.261400 -0.605500
vn 0.997400 0.071000 -0.014300
vn 0.999400 -0.031900 0.014300
vn 0.990800 -0.132300 0.028500
vn -0.058300 -0.995000 -0.080700
vn -0.060700 -0.995300 -0.076000
vn -0.589800 -0.430300 -0.683400
vn -0.054500 -0.995000 -0.083900
vn -0.093000 0.995600 -0.013400
vn 0.069700 0.993500 0.089700
vn -0.069600 -0.995300 -0.066900
vn 0.026900 0.038700 0.998900
vn -0.089400 0.188400 0.978000
vn 0.057500 -0.096800 0.993600
vn -0.040800 0.001900 0.999200
vn 0.075900 -0.200500 0.976700
vn 0.053100 -0.997900 0.038400
vn 0.660500 -0.368400 0.654200
vn 0.070300 -0.997300 0.021500
vn 0.606400 -0.528800 0.593900
vn 0.090300 0.995600 0.026300
vn -0.098300 0.995100 -0.011400
vn 0.101700 0.993300 0.055600
vn 0.085300 0.993600 0.074500
vn 0.096800 -0.995300 -0.006000
vn 0.082700 -0.996500 0.008200
vn -0.074300 -0.995100 -0.065100
vn 0.101300 -0.994500 -0.026200
vn 0.039100 0.991600 0.123500
vn -0.065500 0.996800 -0.045100
vn -0.509500 -0.420300 -0.750800
vn 0.044600 -0.997700 0.050700
vn 0.006000 -0.999500 -0.029700
vn -0.068900 0.996800 -0.041200
vn -0.061100 0.996900 -0.048900
vn -0.051000 -0.994900 -0.087200
vn -0.832300 -0.261300 -0.488800
vn -0.063800 -0.995500 -0.070500
vn -0.006000 0.999500 0.029700
vn 0.022900 0.990200 0.137800
vn -0.052000 0.996800 -0.061300
vn -0.005000 0.992100 0.125300
vn -0.033900 -0.993600 -0.108000
vn 0.013800 -0.997800 0.064600
vn -0.025700 -0.999600 -0.012300
vn 0.032200 -0.997600 0.061400
vn 0.961200 0.272100 -0.046200
vn 0.885000 0.454300 -0.102300
vn 0.081500 0.993700 0.076600
vn 0.963500 -0.066200 -0.259300
vn 0.046100 -0.997900 0.046500
vn 0.698000 -0.367700 0.614500
vn -0.048700 -0.994600 -0.091200
vn 0.049600 -0.997900 0.042600
vn -0.056400 0.997000 -0.053000
vn -0.422500 -0.404900 -0.810900
vn 0.224700 -0.432500 0.873200
vn 0.060300 -0.997700 0.031900
vn 0.063100 -0.997600 0.028200
vn 0.066700 -0.997500 0.025000
vn -0.083100 0.996300 -0.024000
vn -0.053100 0.996900 -0.057400
vn -0.088000 0.392600 0.915500
vn -0.172300 0.699800 0.693300
vn -0.138400 0.382800 0.913400
vn -0.040700 0.579700 0.813800
vn -0.159600 0.897700 0.410600
vn -0.223500 0.692100 0.686300
vn -0.259800 0.867200 0.424900
vn -0.210500 0.940000 -0.268700
vn -0.054500 0.958000 0.281400
vn -0.052500 0.998300 0.025800
vn -0.260100 0.918600 -0.297400
vn -0.168500 0.985000 0.036500
vn -0.034900 0.829500 0.557400
vn -0.227400 0.973100 0.035700
vn -0.594600 0.460400 -0.659100
vn -0.496500 0.182300 -0.848700
vn -0.853600 0.516400 0.068800
vn -0.730300 0.462800 -0.502400
vn -0.498400 0.494500 -0.712100
vn -0.428200 0.337500 -0.838300
vn -0.562500 0.735000 -0.378500
vn 0.646200 0.746100 -0.160600
vn 0.778100 0.626300 -0.048900
vn 0.748500 0.547600 -0.374100
vn 0.585100 0.746100 -0.317800
vn 0.361600 0.922900 -0.132100
vn 0.515800 0.856300 -0.024500
vn 0.373100 0.899100 -0.228900
vn -0.863200 -0.092600 -0.496300
vn -0.718700 0.453200 -0.527400
vn -0.765600 0.269100 -0.584300
vn -0.884900 0.156400 -0.438700
vn -0.768300 0.474200 -0.429900
vn -0.692000 0.414000 -0.591400
vn -0.440200 0.748500 -0.496000
vn 0.239700 0.970400 -0.028400
vn -0.315700 0.935600 -0.158200
vn -0.013100 0.999800 -0.015200
vn -0.011600 0.991800 -0.127000
vn -0.345300 0.916000 -0.204200
vn -0.012200 0.983300 -0.181400
vn -0.051500 -0.520200 0.852500
vn 0.049300 -0.252000 0.966500
vn -0.132400 0.034000 0.990600
vn -0.123500 -0.434900 0.892000
vn 0.029200 -0.527700 0.848900
vn 0.032400 -0.743000 0.668500
vn -0.159900 -0.850000 0.501900
vn -0.365600 -0.744400 -0.558700
vn -0.548400 -0.480400 -0.684500
vn -0.357200 -0.621600 -0.697200
vn -0.239800 -0.916900 -0.319000
vn -0.409100 -0.731900 -0.544900
vn -0.300400 -0.907500 -0.293500
vn -0.009500 -0.956100 0.292900
vn -0.138600 -0.962200 -0.234600
vn -0.107200 -0.994000 0.019200
vn -0.243100 -0.845800 -0.475000
vn -0.132400 -0.990800 0.026500
vn 0.874000 -0.468600 -0.128900
vn 0.873800 -0.357600 -0.329500
vn 0.979900 -0.199200 -0.005900
vn 0.876100 -0.481200 -0.029300
vn 0.981800 0.040100 -0.185400
vn 0.529600 -0.820700 -0.214600
vn 0.637800 -0.758100 -0.136000
vn -0.208700 -0.964800 -0.159800
vn 0.327900 -0.943000 -0.057700
vn 0.020400 -0.997900 -0.061700
vn -0.456100 -0.855400 -0.245600
vn 0.048100 -0.988600 -0.142500
vn 0.702600 -0.711100 -0.025900
vn -0.298700 -0.920100 -0.253200
vn 0.051300 -0.984200 -0.169200
vn -0.550700 -0.756500 -0.352700
vn -0.689800 -0.640000 -0.338500
vn -0.769000 -0.474500 -0.428300
vn -0.509700 -0.771900 -0.379900
vn -0.282300 -0.906200 -0.314800
vn 0.298200 0.894200 0.333900
vn 0.315600 0.895000 0.315200
vn 0.445700 0.757700 0.476700
vn 0.471200 0.758600 0.449900
vn 0.718300 0.236800 0.654200
vn 0.703800 -0.021000 0.710100
vn 0.744000 -0.020100 0.667900
vn 0.281500 0.893000 0.351200
vn 0.422200 0.754400 0.502600
vn 0.678900 0.236100 0.695200
vn 0.663700 -0.020000 0.747800
vn -0.315200 0.915200 -0.251100
vn -0.332300 0.914100 -0.232300
vn -0.469800 0.789600 -0.394800
vn -0.744300 0.332200 -0.579400
vn -0.742300 0.089100 -0.664200
vn -0.707000 0.333600 -0.623600
vn -0.347900 0.913600 -0.210300
vn -0.495400 0.788000 -0.365500
vn -0.780700 0.330800 -0.530200
vn -0.781900 0.088000 -0.617200
vn 0.349400 0.895400 0.275900
vn 0.333200 0.895300 0.295800
vn 0.520800 0.757700 0.393200
vn 0.756200 0.238300 0.609500
vn 0.817700 -0.016500 0.575500
vn 0.790400 0.239600 0.563800
vn 0.497000 0.758200 0.422000
vn 0.782700 -0.018200 0.622200
vn -0.299500 0.915000 -0.270300
vn -0.282700 0.915600 -0.285800
vn -0.443900 0.790200 -0.422500
vn -0.419100 0.790300 -0.447000
vn -0.630200 0.336500 -0.699700
vn -0.701000 0.090700 -0.707400
vn -0.660600 0.093500 -0.744900
vn -0.668300 0.334600 -0.664400
vn -0.265800 0.915600 -0.301700
vn -0.246300 0.915500 -0.318200
vn -0.392600 0.790200 -0.470600
vn -0.362900 0.788100 -0.497200
vn -0.544000 0.338300 -0.767900
vn -0.617900 0.095500 -0.780400
vn -0.568100 0.098600 -0.817000
vn -0.590400 0.336800 -0.733500
vn 0.263700 0.891600 0.368100
vn 0.394900 0.753700 0.525300
vn 0.639400 0.236900 0.731500
vn 0.620900 -0.019800 0.783600
vn 0.243600 0.890300 0.384700
vn 0.366700 0.750300 0.550100
vn 0.597600 0.235100 0.766600
vn 0.573700 -0.019500 0.818800
vn 0.223800 0.887400 0.403100
vn 0.337100 0.746300 0.573900
vn 0.551400 0.233300 0.801000
vn 0.523800 -0.019100 0.851600
vn 0.204800 0.883700 0.420900
vn 0.311100 0.739700 0.596800
vn 0.502400 0.230200 0.833400
vn 0.476600 -0.020700 0.878900
vn -0.225200 0.914300 -0.336700
vn -0.209700 0.911500 -0.353800
vn -0.329300 0.784900 -0.524900
vn -0.304500 0.779200 -0.547800
vn -0.451600 0.333300 -0.827600
vn -0.512200 0.100500 -0.853000
vn -0.468000 0.099800 -0.878100
vn -0.492400 0.337500 -0.802300
vn 0.114500 0.875100 0.470100
vn -0.001700 0.913700 0.406300
vn 0.201700 0.516400 0.832300
vn 0.003400 0.683800 0.729700
vn 0.222100 0.036800 0.974300
vn 0.008400 0.338300 0.941000
vn 0.084100 0.974100 0.209700
vn 0.293900 0.727600 0.619900
vn 0.454700 0.221900 0.862500
vn 0.442000 -0.027200 0.896600
vn 0.288900 0.719100 0.632000
vn 0.422500 0.205700 0.882700
vn -0.203100 0.908700 -0.364800
vn -0.295000 0.774800 -0.559200
vn -0.447900 0.096900 -0.888800
vn -0.431600 0.328300 -0.840200
vn -0.367200 0.912000 -0.183000
vn -0.520600 0.786400 -0.332400
vn -0.822000 0.326100 -0.466900
vn -0.820700 0.086900 -0.564600
vn -0.389900 0.906800 -0.160200
vn -0.552100 0.782100 -0.288900
vn -0.856400 0.316600 -0.407700
vn -0.864800 0.084000 -0.495000
vn 0.382600 0.892900 0.237500
vn 0.365600 0.894900 0.256000
vn 0.563900 0.752900 0.339400
vn 0.821900 0.240000 0.516700
vn 0.875800 -0.016500 0.482300
vn 0.851500 0.231800 0.470400
vn 0.542100 0.757500 0.363900
vn 0.849300 -0.014400 0.527700
vn 0.374600 0.927100 0.015000
vn 0.706700 0.707500 -0.002000
vn 0.929400 0.368600 -0.018600
vn 0.439200 0.888100 0.135800
vn 0.820700 0.532600 0.207000
vn 0.977100 0.041400 0.208600
vn -0.406700 0.901200 -0.149700
vn -0.585400 0.771000 -0.250700
vn -0.874300 0.307400 -0.375700
vn -0.900200 0.077500 -0.428600
vn -0.915500 0.070500 -0.396100
vn -0.604800 0.760600 -0.235900
vn -0.876300 0.310700 -0.368100
vn 0.398400 0.888700 0.227000
vn 0.871500 0.218100 0.439300
vn 0.584900 0.744200 0.322600
vn 0.893100 -0.021500 0.449400
vn 0.543600 -0.699300 0.464100
vn 0.515000 -0.699400 0.495500
vn 0.395700 -0.858800 0.325500
vn 0.375000 -0.859100 0.348400
vn 0.223100 -0.960400 0.166900
vn 0.211200 -0.960900 0.179300
vn 0.486800 -0.698700 0.524200
vn 0.354400 -0.859200 0.369000
vn 0.200100 -0.960900 0.191200
vn -0.594400 -0.634900 -0.493500
vn -0.563900 -0.634100 -0.529200
vn -0.428600 -0.824900 -0.368600
vn -0.406800 -0.823900 -0.394600
vn -0.232100 -0.948200 -0.217000
vn -0.219900 -0.947800 -0.230900
vn -0.624500 -0.635700 -0.453800
vn -0.450500 -0.825500 -0.340000
vn -0.243400 -0.948900 -0.200900
vn 0.572300 -0.697600 0.431100
vn 0.598700 -0.695300 0.397700
vn 0.416300 -0.857800 0.301400
vn 0.436000 -0.856000 0.277600
vn 0.235000 -0.959800 0.153700
vn 0.245500 -0.959300 0.139900
vn -0.503300 -0.628900 -0.592600
vn -0.533000 -0.631800 -0.562700
vn -0.363500 -0.820500 -0.441200
vn -0.384700 -0.822400 -0.419100
vn -0.196800 -0.946200 -0.256900
vn -0.207700 -0.947300 -0.244100
vn -0.435800 -0.620200 -0.652200
vn -0.472100 -0.625100 -0.621600
vn -0.315600 -0.815100 -0.485800
vn -0.341200 -0.818300 -0.462500
vn -0.170800 -0.944300 -0.281400
vn -0.184100 -0.945700 -0.268000
vn 0.456800 -0.697500 0.552100
vn 0.333300 -0.858300 0.390100
vn 0.188400 -0.960800 0.203300
vn 0.424300 -0.694500 0.581100
vn 0.310200 -0.856700 0.412100
vn 0.175600 -0.960500 0.215700
vn 0.390000 -0.690100 0.609600
vn 0.286000 -0.854200 0.434200
vn 0.162600 -0.959700 0.229000
vn 0.357600 -0.684400 0.635400
vn 0.264000 -0.849800 0.456300
vn 0.150600 -0.958300 0.242800
vn -0.363900 -0.604200 -0.708900
vn -0.395400 -0.613000 -0.684000
vn -0.265900 -0.804000 -0.531800
vn -0.287700 -0.809900 -0.511200
vn -0.145000 -0.939900 -0.309200
vn -0.155900 -0.942500 -0.295700
vn 0.076200 -0.443500 0.893000
vn 0.195600 -0.655500 0.729400
vn 0.060200 -0.749900 0.658800
vn 0.148800 -0.830900 0.536200
vn 0.034300 -0.947300 0.318600
vn 0.090600 -0.950300 0.297900
vn 0.335400 -0.676700 0.655500
vn 0.249600 -0.843800 0.475100
vn 0.143100 -0.956400 0.254500
vn -0.349700 -0.598200 -0.721000
vn -0.256800 -0.798900 -0.543900
vn -0.140200 -0.938000 -0.317100
vn -0.660800 -0.633600 -0.402300
vn -0.477800 -0.824400 -0.303500
vn -0.257300 -0.949200 -0.180900
vn -0.694200 -0.626700 -0.354100
vn -0.506000 -0.819000 -0.270700
vn -0.275800 -0.947000 -0.164800
vn 0.623800 -0.691600 0.364000
vn 0.646800 -0.686300 0.332700
vn 0.455100 -0.853500 0.253600
vn 0.474300 -0.849300 0.231900
vn 0.256500 -0.958200 0.126600
vn 0.268600 -0.956400 0.114800
vn 0.910300 -0.413500 0.018100
vn 0.690100 -0.723700 0.001900
vn 0.375200 -0.926800 -0.014700
vn 0.741200 -0.653100 0.155300
vn 0.546500 -0.830900 0.104900
vn 0.315000 -0.947900 0.047400
vn -0.712300 -0.619100 -0.330600
vn -0.524000 -0.812600 -0.255300
vn -0.288400 -0.944500 -0.157200
vn 0.664200 -0.679600 0.311500
vn 0.490000 -0.844000 0.217900
vn 0.278500 -0.954400 0.107600
vn -0.481700 -0.337800 -0.808600
vn 0.867600 0.155200 -0.472400
vn -0.807200 -0.355200 -0.471400
vn 0.238500 -0.146700 -0.960000
vn 0.960200 0.267100 -0.081200
vn -0.504000 -0.336300 -0.795500
vn -0.934900 -0.213200 0.283600
vn -0.202200 0.156900 0.966700
vn -0.620700 -0.352200 -0.700500
vn -0.624100 0.219000 -0.750000
vn -0.813300 0.513200 0.274300
vn 0.197800 0.603400 -0.772500
vn -0.075500 -0.789800 0.608600
vn 0.125500 -0.163500 -0.978500
vn 0.074400 -0.081500 -0.993900
vn 0.130000 -0.159500 -0.978600
vn 0.558100 -0.694100 0.454800
vn 0.567700 -0.621200 0.540200
vn 0.526800 -0.656500 0.539800
vn 0.010800 -0.011800 -0.999900
vn -0.742800 0.649000 0.164600
vn -0.759000 0.596700 0.260400
vn -0.777000 0.608200 0.162400
vn 0.150700 -0.140100 -0.978600
vn 0.146600 -0.143800 -0.978700
vn 0.515000 -0.727900 0.452700
vn 0.485500 -0.689100 0.538000
vn -0.570300 0.804400 0.166300
vn -0.495800 0.828100 0.261500
vn -0.559100 0.785900 0.264000
vn -0.665200 0.728000 0.166100
vn -0.690500 0.673400 0.264100
vn -0.706500 0.687900 0.166200
vn 0.143000 -0.148000 -0.978600
vn 0.138800 -0.152000 -0.978600
vn 0.007100 -0.015900 -0.999800
vn -0.796100 0.548000 0.256900
vn -0.814700 0.557500 0.159500
vn 0.769900 -0.465200 0.436800
vn 0.706500 -0.472000 0.527300
vn 0.744000 -0.501000 0.442100
vn 0.710700 -0.543100 0.447200
vn 0.640300 -0.549700 0.536500
vn 0.676100 -0.582600 0.451200
vn -0.840200 0.480800 0.250800
vn -0.858400 0.489400 0.153600
vn -0.876200 0.415800 0.243700
vn -0.892900 0.425100 0.148500
vn 0.787300 -0.434600 0.437300
vn 0.746100 -0.418200 0.518100
vn 0.783200 -0.443800 0.435400
vn 0.154900 -0.136300 -0.978500
vn -0.892700 0.381800 0.239500
vn -0.908100 0.392400 0.146500
vn -0.874100 0.419900 0.244100
vn -0.873800 0.485700 0.023400
vn 0.807200 -0.393500 0.439900
vn 0.751600 -0.410100 0.516600
vn 0.075500 -0.068100 -0.994800
vn 0.125900 -0.108500 -0.986100
vn 0.153100 -0.129900 -0.979600
vn 0.470600 -0.758800 0.450200
vn 0.443400 -0.719300 0.534700
vn 0.428800 -0.785500 0.446200
vn 0.403300 -0.745700 0.530300
vn -0.440800 0.882800 0.162200
vn -0.404000 0.878400 0.255500
vn -0.435100 0.862700 0.257800
vn 0.015200 -0.008200 -0.999900
vn 0.398500 -0.801600 0.445700
vn 0.374900 -0.763000 0.526600
vn 0.174900 -0.904600 0.388800
vn 0.168700 -0.860500 0.480600
vn -0.408500 0.898100 0.162600
vn -0.504400 0.822500 0.262800
vn 0.074400 -0.081400 -0.993900
vn 0.026300 -0.000900 -0.999700
vn 0.536200 -0.586900 0.606600
vn 0.496900 -0.620200 0.607000
vn -0.074400 0.081500 0.993900
vn -0.009000 0.031100 0.999500
vn -0.725600 0.636100 0.262600
vn -0.737300 0.581500 0.343800
vn -0.144300 0.124500 0.981700
vn -0.071500 0.063200 0.995400
vn -0.153100 0.097700 0.983400
vn 0.458000 -0.652000 0.604300
vn 0.417800 -0.681000 0.601400
vn -0.650400 0.711900 0.264900
vn -0.590600 0.727800 0.348600
vn -0.632300 0.691900 0.348500
vn -0.670800 0.655100 0.347700
vn -0.607200 0.749100 0.265000
vn -0.544500 0.763200 0.348000
vn 0.605800 -0.585200 0.539000
vn 0.673900 -0.512100 0.532700
vn 0.605900 -0.518600 0.603300
vn 0.638200 -0.482900 0.599600
vn -0.818600 0.467900 0.333100
vn -0.138400 0.131300 0.981600
vn -0.074500 0.079000 0.994100
vn 0.732100 -0.438000 0.521700
vn 0.669800 -0.444700 0.594700
vn 0.695100 -0.412500 0.588800
vn -0.872700 0.368200 0.320500
vn -0.050900 0.028000 0.998300
vn -0.160500 0.057800 0.985300
vn 0.710000 -0.394600 0.583300
vn 0.774500 -0.375100 0.509300
vn 0.718700 -0.388600 0.576600
vn -0.835600 0.393800 0.383100
vn -0.027100 0.014900 0.999500
vn -0.483400 0.804700 0.344700
vn -0.425300 0.838900 0.339800
vn 0.379900 -0.706700 0.596900
vn 0.353600 -0.724200 0.592100
vn -0.034100 0.008100 0.999400
vn -0.030500 0.011500 0.999500
vn -0.395800 0.855100 0.334800
vn -0.595200 0.670300 0.443200
vn 0.166500 -0.818500 0.549800
vn -0.620300 0.766400 0.166800
vn -0.006200 -0.999900 0.016100
vn 0.017800 -0.992600 0.120500
vn 0.027400 -0.975000 0.220700
vn -0.125100 0.144300 0.981600
vn -0.121100 0.147500 0.981600
vn -0.704600 0.619100 0.346800
vn -0.128900 0.141200 0.981500
vn 0.030700 0.005200 -0.999500
vn 0.134600 -0.156100 -0.978500
vn -0.111700 0.156000 0.981400
vn 0.998100 0.062100 0.000400
vn 0.983400 0.114000 -0.141500
vn 0.994200 0.029200 0.103600
vn 0.930500 0.328300 0.162600
vn 0.980100 0.008200 0.198200
vn -0.005500 0.034000 0.999400
vn 0.640400 -0.619800 0.453600
vn -0.023200 0.018200 0.999600
vn 0.572800 -0.552300 0.605600
vn 0.071400 -0.176800 -0.981700
vn 0.032700 0.010300 -0.999400
vn 0.100400 -0.188500 -0.976900
vn 0.119300 -0.171500 -0.977900
vn -0.049800 -0.012400 0.998700
vn -0.035800 0.004700 0.999300
vn -0.109800 0.160200 0.981000
vn -0.070500 -0.008600 0.997500
vn 0.062400 -0.035700 -0.997400
vn 0.063900 -0.068000 -0.995600
vn -0.000000 -0.023200 -0.999700
vn 0.074900 -0.080000 -0.994000
vn -0.773800 0.534600 0.339700
vn 0.102700 -0.032900 0.994200
vn -0.003200 -0.014000 0.999900
vn 0.003500 -0.019500 -0.999800
vn -0.001200 -0.024800 -0.999700
vn -0.074400 0.081400 0.993900
vn -0.132300 0.137900 0.981600
vn -0.504100 0.847800 0.164500
vn -0.115700 0.151000 0.981700
vn 0.024200 0.006500 -0.999700
vn 0.060700 -0.004300 -0.998100
vn -0.036100 0.057000 -0.997700
vn 0.101000 0.038700 -0.994100
vn -0.123300 0.013200 0.992300
vn 0.119800 -0.039900 0.992000
vn 0.003200 -0.009100 1.000000
vn 0.203100 -0.057900 0.977400
vn -0.102900 -0.978400 -0.179500
vn -0.079100 -0.922700 -0.377200
vn 0.121700 -0.168200 -0.978200
vn 0.005000 -0.999400 -0.035300
vn 0.037000 0.007900 0.999300
vn 0.601000 -0.657600 0.454200
vn -0.135600 0.134800 0.981600
vn 0.003800 0.030000 0.999500
vn 0.923200 -0.000200 0.384400
vn 0.955300 0.024500 0.294600
vn 0.003800 -0.011000 -0.999900
vn -0.855800 0.402400 0.325200
vn 0.892700 -0.020000 0.450200
vn -0.012500 0.027800 0.999500
vn -0.015900 0.025200 0.999600
vn -0.019600 0.021600 0.999600
vn 0.020000 -0.004700 -0.999800
vn -0.002000 0.022200 -0.999800
vn 0.932400 0.169000 -0.319600
vn 0.710300 0.259500 -0.654300
vn 0.786600 0.459400 -0.412600
vn 0.839900 0.130500 -0.526900
vn 0.423600 0.231900 -0.875700
vn 0.618400 0.438800 -0.651900
vn 0.198600 0.858100 -0.473500
vn 0.415400 0.337900 -0.844500
vn -0.269000 0.228900 -0.935600
vn 0.296100 0.114900 -0.948200
vn 0.029300 0.090300 -0.995500
vn -0.614600 0.358500 -0.702700
vn 0.039500 0.214700 -0.975900
vn 0.585100 0.113200 -0.803000
vn 0.022200 0.272400 -0.961900
vn -0.674500 0.560100 -0.481000
vn -0.860400 0.450100 -0.238900
vn -0.842700 0.536500 0.043500
vn -0.631100 0.618900 -0.467600
vn -0.709300 0.468400 -0.526800
vn -0.392500 0.557200 -0.731700
vn 0.936100 -0.084700 0.341400
vn 0.999300 0.015400 -0.034100
vn 0.903200 -0.176000 0.391500
vn 0.990500 -0.069900 0.118400
vn 0.989300 0.013400 -0.145000
vn 0.966900 -0.189000 0.171400
vn 0.984700 -0.174100 -0.009900
vn 0.905500 -0.408800 0.113800
vn 0.859300 -0.288000 0.422600
vn 0.920600 -0.388700 -0.038500
vn 0.927800 -0.294700 0.228900
vn 0.974600 -0.222400 0.027200
vn 0.434600 -0.067500 -0.898100
vn 0.351500 -0.121300 -0.928300
vn 0.350400 0.006400 -0.936600
vn 0.619200 0.021200 -0.785000
vn 0.632500 -0.208400 -0.746000
vn 0.541000 -0.280000 -0.793100
vn 0.974900 -0.084400 -0.206200
vn -0.123800 -0.710700 -0.692500
vn -0.016800 -0.830400 -0.556900
vn -0.127100 -0.920000 -0.370800
vn -0.173400 -0.702300 -0.690500
vn -0.088900 -0.441700 -0.892800
vn 0.016700 -0.589200 -0.807800
vn -0.186700 -0.452000 -0.872300
vn -0.503300 0.864100 -0.005700
vn -0.509800 0.670900 -0.538500
vn -0.549000 0.783300 -0.291500
vn -0.435600 0.863400 -0.254400
vn -0.412000 0.718900 -0.559900
vn -0.775000 -0.065100 -0.628600
vn -0.641500 0.531400 -0.553300
vn -0.743500 -0.257600 -0.617200
vn -0.463600 0.368100 -0.806000
vn 0.016500 -0.324100 -0.945900
vn -0.117300 0.230000 -0.966100
vn 0.029600 -0.075000 -0.996700
vn -0.082100 -0.077000 -0.993600
vn -0.164300 0.260500 -0.951400
vn -0.137600 -0.074400 -0.987700
vn 0.825100 0.168900 0.539200
vn 0.951300 0.041300 0.305500
vn 0.841200 0.527200 0.120200
vn 0.961600 0.273000 0.026900
vn 0.819500 0.052200 0.570600
vn 0.667100 0.008900 0.744900
vn 0.515000 0.208900 0.831300
vn -0.594800 0.349300 0.724000
vn -0.803600 0.434400 0.406800
vn -0.748100 0.326500 0.577700
vn -0.332300 0.222800 0.916500
vn -0.545600 0.383100 0.745300
vn -0.295900 0.298600 0.907300
vn 0.309000 0.006400 0.951000
vn -0.250700 0.106500 0.962200
vn 0.030800 0.089600 0.995500
vn -0.504400 0.207700 0.838100
vn 0.056400 0.121700 0.991000
vn 0.782500 -0.055400 0.620200
vn 0.862000 -0.114000 0.493800
vn 0.624400 -0.044800 0.779900
vn 0.776900 -0.115000 0.619100
vn 0.828200 -0.203900 0.522000
vn 0.680200 -0.170900 0.712900
vn 0.764500 -0.190400 0.615900
vn 0.382300 -0.145700 0.912500
vn 0.426000 -0.064700 0.902400
vn 0.600400 -0.212500 0.771000
vn 0.512100 -0.134200 0.848400
vn 0.654600 -0.098000 0.749600
vn 0.785600 -0.282800 0.550400
vn 0.662500 -0.297100 0.687600
vn 0.743500 -0.364300 0.560800
vn 0.709500 -0.252600 0.657900
vn 0.532500 -0.239300 0.811900
vn -0.122800 -0.828100 0.546900
vn -0.037800 -0.998300 -0.043500
vn -0.009500 -0.958900 0.283700
vn -0.045800 -0.831200 0.554000
vn -0.189700 -0.799600 0.569800
vn -0.249400 -0.454900 0.854900
vn -0.203700 0.290600 0.934900
vn -0.098100 -0.245100 0.964500
vn -0.105900 0.066000 0.992200
vn -0.285800 0.526900 0.800400
vn -0.186000 0.036800 0.981900
vn -0.054000 -0.637900 0.768200
vn -0.295600 0.375800 0.878300
vn -0.212800 0.033000 0.976500
vn -0.411000 0.606000 0.681100
vn -0.370100 0.740600 0.560900
vn -0.715400 0.543800 0.438700
vn -0.539000 0.746600 0.389900
vn -0.356700 0.354900 0.864200
vn 0.375100 -0.372700 -0.848700
vn 0.357300 -0.391000 -0.848200
vn 0.513100 -0.506900 -0.692700
vn 0.487200 -0.533300 -0.691500
vn 0.667600 -0.730600 -0.143200
vn 0.711900 -0.692800 0.115000
vn 0.670100 -0.733300 0.114700
vn 0.392600 -0.356000 -0.848000
vn 0.538900 -0.483000 -0.690100
vn 0.708700 -0.691000 -0.142700
vn 0.749200 -0.652700 0.112300
vn -0.211400 0.231300 -0.949600
vn -0.192100 0.248000 -0.949500
vn -0.360100 0.393800 -0.845800
vn -0.567300 0.706800 -0.422600
vn -0.662900 0.725500 -0.185000
vn -0.611400 0.669300 -0.422200
vn -0.171000 0.264400 -0.949100
vn -0.331200 0.420000 -0.844900
vn -0.518200 0.743600 -0.422600
vn -0.616400 0.765500 -0.184700
vn 0.317700 -0.424500 -0.847900
vn 0.337400 -0.408100 -0.848300
vn 0.429400 -0.582000 -0.690600
vn 0.623300 -0.768800 -0.142900
vn 0.578100 -0.807900 0.114500
vn 0.577900 -0.803500 -0.142700
vn 0.457900 -0.558000 -0.692100
vn 0.624600 -0.772400 0.115500
vn -0.229100 0.214200 -0.949500
vn -0.245300 0.197900 -0.949000
vn -0.388000 0.368200 -0.844900
vn -0.412000 0.343100 -0.844100
vn -0.686600 0.591200 -0.423100
vn -0.705900 0.683700 -0.185200
vn -0.743100 0.642900 -0.185900
vn -0.651300 0.629500 -0.423700
vn -0.260400 0.180700 -0.948400
vn -0.273300 0.163100 -0.948000
vn -0.435000 0.316100 -0.843100
vn -0.459000 0.288000 -0.840500
vn -0.753500 0.504100 -0.422200
vn -0.777900 0.600000 -0.186800
vn -0.815100 0.548000 -0.188000
vn -0.719100 0.551000 -0.423400
vn 0.408900 -0.337900 -0.847700
vn 0.561600 -0.456200 -0.690300
vn 0.744600 -0.651500 -0.145300
vn 0.785000 -0.609600 0.110000
vn 0.426200 -0.319100 -0.846500
vn 0.586000 -0.428000 -0.688100
vn 0.779700 -0.609000 -0.145600
vn 0.818800 -0.564000 0.106900
vn 0.433300 -0.300800 -0.849600
vn 0.601000 -0.402700 -0.690400
vn 0.812200 -0.564700 -0.146800
vn 0.844900 -0.524700 0.104000
vn 0.409800 -0.277100 -0.869100
vn 0.590100 -0.379000 -0.712800
vn 0.837400 -0.526300 -0.147300
vn 0.858400 -0.502900 0.100700
vn -0.278400 0.156700 -0.947600
vn -0.295000 0.171700 -0.939900
vn -0.478000 0.265800 -0.837200
vn -0.501900 0.263900 -0.823700
vn -0.816200 0.409500 -0.407500
vn -0.854300 0.484200 -0.189000
vn -0.884100 0.429800 -0.183300
vn -0.788600 0.451700 -0.417200
vn 0.378000 0.062800 -0.923700
vn 0.566000 0.059000 -0.822300
vn 0.730800 0.080600 -0.677900
vn 0.947800 0.083100 -0.307900
vn 0.118400 -0.111600 -0.986700
vn 0.546400 -0.350100 -0.760800
vn 0.848600 -0.506100 -0.153800
vn 0.863700 -0.494300 0.098500
vn 0.547000 -0.349800 -0.760600
vn 0.851600 -0.498000 -0.164000
vn -0.329700 0.191700 -0.924400
vn -0.706700 0.342600 -0.619100
vn -0.898400 0.403600 -0.173200
vn -0.143100 0.283200 -0.948300
vn -0.299100 0.446100 -0.843500
vn -0.455900 0.786300 -0.417100
vn -0.564100 0.804800 -0.184600
vn -0.121100 0.306700 -0.944100
vn -0.255700 0.478100 -0.840300
vn -0.397200 0.821500 -0.409100
vn -0.494800 0.849700 -0.182200
vn 0.279400 -0.458200 -0.843800
vn 0.297600 -0.440400 -0.847000
vn 0.375700 -0.625300 -0.683900
vn 0.531100 -0.835200 -0.142600
vn 0.485400 -0.866800 0.114200
vn 0.484600 -0.864100 -0.136100
vn 0.400600 -0.603900 -0.689100
vn 0.530500 -0.840000 0.113700
vn 0.058400 -0.454900 -0.888600
vn 0.033200 -0.766500 -0.641400
vn 0.002700 -0.958100 -0.286600
vn 0.177600 -0.514400 -0.839000
vn 0.234900 -0.862500 -0.448200
vn 0.214900 -0.975100 0.054600
vn -0.110700 0.323800 -0.939600
vn -0.218300 0.512100 -0.830700
vn -0.366000 0.840500 -0.399500
vn -0.429100 0.885900 -0.176300
vn -0.397100 0.902300 -0.168000
vn -0.203800 0.532100 -0.821800
vn -0.357900 0.842200 -0.403200
vn 0.268700 -0.472900 -0.839200
vn 0.452700 -0.883600 -0.120000
vn 0.358600 -0.644900 -0.674800
vn 0.452300 -0.883600 0.121600
vn 0.435000 -0.476200 0.764200
vn 0.466500 -0.447200 0.763200
vn 0.288800 -0.316200 0.903600
vn 0.311500 -0.295200 0.903200
vn 0.124800 -0.136400 0.982800
vn 0.137300 -0.124800 0.982600
vn 0.494900 -0.419000 0.761300
vn 0.332300 -0.274600 0.902300
vn 0.149100 -0.113500 0.982300
vn -0.524100 0.643200 0.558200
vn -0.559800 0.612700 0.557800
vn -0.407200 0.495900 0.767000
vn -0.432700 0.473500 0.767200
vn -0.260100 0.312100 0.913800
vn -0.274000 0.299600 0.913900
vn -0.485000 0.673700 0.557600
vn -0.378800 0.518200 0.766800
vn -0.244600 0.324200 0.913800
vn 0.402100 -0.504700 0.763900
vn 0.369200 -0.531900 0.762100
vn 0.265300 -0.337100 0.903300
vn 0.241000 -0.356500 0.902700
vn 0.111600 -0.148200 0.982600
vn 0.098100 -0.159400 0.982300
vn -0.622200 0.550900 0.556300
vn -0.592900 0.581200 0.557400
vn -0.478500 0.429600 0.765800
vn -0.456900 0.451000 0.766800
vn -0.299000 0.276200 0.913400
vn -0.287000 0.287700 0.913700
vn -0.683900 0.478600 0.550600
vn -0.650700 0.519100 0.554200
vn -0.525800 0.377000 0.762500
vn -0.499300 0.406800 0.765000
vn -0.327100 0.246300 0.912300
vn -0.310300 0.263600 0.913400
vn 0.523000 -0.389300 0.758200
vn 0.353600 -0.253600 0.900300
vn 0.161400 -0.102000 0.981600
vn 0.551000 -0.357700 0.753900
vn 0.375100 -0.231400 0.897600
vn 0.173400 -0.089300 0.980800
vn 0.574700 -0.331300 0.748300
vn 0.395100 -0.213600 0.893500
vn 0.188400 -0.081400 0.978700
vn 0.594700 -0.319900 0.737500
vn 0.424800 -0.213600 0.879700
vn 0.227200 -0.093600 0.969300
vn -0.765900 0.352400 0.537800
vn -0.728800 0.417300 0.542800
vn -0.599300 0.267100 0.754600
vn -0.566100 0.326400 0.756900
vn -0.381100 0.158900 0.910800
vn -0.352600 0.206600 0.912700
vn 0.892200 -0.006900 0.451600
vn 0.688100 -0.024800 0.725200
vn 0.404300 -0.039300 0.913800
vn 0.616000 -0.322900 0.718500
vn 0.468200 -0.231600 0.852700
vn 0.295600 -0.128100 0.946700
vn -0.783100 0.318100 0.534400
vn -0.604000 0.228900 0.763400
vn -0.370700 0.120700 0.920900
vn -0.433400 0.710400 0.554600
vn -0.342300 0.545400 0.765100
vn -0.224700 0.338500 0.913800
vn -0.385000 0.743100 0.547300
vn -0.309600 0.573600 0.758300
vn -0.208300 0.356100 0.910900
vn 0.335700 -0.557300 0.759500
vn 0.304700 -0.581100 0.754600
vn 0.217300 -0.376000 0.900800
vn 0.195800 -0.395600 0.897300
vn 0.085300 -0.170800 0.981600
vn 0.073200 -0.182500 0.980500
vn 0.003900 -0.869900 0.493200
vn -0.027200 -0.623600 0.781300
vn -0.054500 -0.291500 0.955000
vn 0.129500 -0.679600 0.722100
vn 0.070300 -0.470200 0.879700
vn 0.006700 -0.232700 0.972500
vn -0.361700 0.761000 0.538500
vn -0.294000 0.590800 0.751300
vn -0.200400 0.368400 0.907800
vn 0.283900 -0.599000 0.748800
vn 0.182400 -0.412300 0.892600
vn 0.066500 -0.193600 0.978800
vn -0.608000 0.747700 0.266800
vn -0.484900 0.834700 0.261000
vn -0.965300 -0.234200 0.115800
vn -0.215000 -0.963100 -0.161700
vn 0.186300 0.967900 0.168700
vn 0.199600 0.965800 0.165600
vn 0.199500 0.965800 0.165600
vn 0.186100 0.967900 0.168800
vn 0.978700 0.156100 -0.133500
vn -0.849400 0.465400 0.249000
vn 0.822100 -0.291600 0.489100
vn 0.865600 -0.196000 0.460800
vn 0.898800 -0.098700 0.427000
vn 0.603900 0.134600 0.785600
vn -0.346200 0.472100 0.810700
usemtl Holocron_Corners.001
f 649/649/696 650/650/697 651/651/698
f 652/652/699 653/653/700 654/654/701
f 655/655/702 656/656/703 657/657/702
f 658/658/704 659/659/705 660/660/706
f 661/661/707 662/662/708 663/663/709
f 664/664/710 654/654/701 665/665/711
f 666/666/712 667/667/713 668/668/714
f 669/669/715 670/670/716 671/671/717
f 657/657/702 672/672/718 673/673/719
f 674/674/720 661/661/707 675/675/702
f 660/660/706 676/676/721 677/677/722
f 678/678/723 679/679/724 680/680/725
f 681/681/726 682/682/727 683/683/728
f 677/677/722 684/684/729 685/685/730
f 685/685/730 686/686/731 687/687/732
f 688/688/733 689/689/734 690/690/735
f 691/691/702 692/692/736 662/662/708
f 687/687/732 693/693/737 694/694/738
f 694/694/738 695/695/739 696/696/740
f 697/697/741 698/698/742 688/688/733
f 699/699/702 700/700/743 701/701/744
f 702/702/745 665/665/711 703/703/746
f 704/704/747 703/703/746 705/705/748
f 706/706/749 707/707/750 708/708/751
f 650/650/697 709/709/752 655/655/702
f 710/710/753 705/705/748 711/711/754
f 712/712/755 711/711/754 713/713/756
f 714/714/757 715/715/758 707/707/750
f 716/716/759 717/717/760 718/718/761
f 654/654/701 719/719/762 720/720/763
f 721/721/764 722/722/765 723/723/764
f 724/724/766 725/725/767 659/659/705
f 726/726/768 727/727/764 728/728/769
f 703/703/746 729/729/770 730/730/771
f 731/731/772 732/732/773 733/733/774
f 731/731/772 734/734/775 670/670/716
f 735/735/776 736/736/777 732/732/773
f 737/737/778 719/719/762 653/653/700
f 738/738/779 739/739/780 682/682/727
f 679/679/724 740/740/781 738/738/779
f 676/676/721 741/741/782 684/684/729
f 742/742/783 743/743/764 726/726/768
f 744/744/784 745/745/785 679/679/724
f 689/689/734 746/746/786 744/744/784
f 686/686/731 747/747/787 693/693/737
f 728/728/769 748/748/764 749/749/788
f 698/698/742 750/750/789 689/689/734
f 751/751/790 752/752/791 698/698/742
f 693/693/737 753/753/792 695/695/739
f 754/754/793 755/755/764 756/756/794
f 668/668/714 757/757/795 736/736/777
f 667/667/713 758/758/796 757/757/795
f 711/711/754 759/759/797 760/760/798
f 761/761/799 762/762/800 763/763/801
f 708/708/751 764/764/802 758/758/796
f 707/707/750 765/765/803 764/764/802
f 713/713/756 760/760/798 766/766/804
f 767/767/805 668/668/714 735/735/776
f 768/768/806 769/769/807 770/770/808
f 769/769/807 771/771/809 766/766/804
f 756/756/794 772/772/810 773/773/811
f 656/656/703 675/675/702 657/657/702
f 671/671/717 724/724/766 658/658/704
f 670/670/716 774/774/812 724/724/766
f 755/755/764 775/775/813 772/772/810
f 776/776/814 777/777/815 716/716/759
f 651/651/698 655/655/702 778/778/816
f 665/665/711 720/720/763 729/729/770
f 779/779/817 780/780/818 781/781/819
f 680/680/725 738/738/779 681/681/726
f 782/782/820 783/783/821 784/784/822
f 784/784/822 785/785/823 786/786/824
f 723/723/764 787/787/825 743/743/764
f 683/683/728 737/737/778 788/788/826
f 669/669/715 735/735/776 731/731/772
f 789/789/827 790/790/764 755/755/764
f 682/682/727 791/791/828 737/737/778
f 792/792/829 793/793/830 776/776/814
f 794/794/831 776/776/814 795/795/832
f 780/780/818 796/796/833 797/797/834
f 798/798/835 799/799/836 780/780/818
f 800/800/702 801/801/837 700/700/743
f 802/802/838 803/803/702 691/691/702
f 659/659/705 804/804/839 676/676/721
f 748/748/764 805/805/840 806/806/841
f 807/807/842 691/691/702 661/661/707
f 808/808/843 699/699/702 803/803/702
f 809/809/764 775/775/813 790/790/764
f 721/721/764 810/810/844 809/809/764
f 811/811/845 708/708/751 667/667/713
f 756/756/794 763/763/801 754/754/793
f 812/812/846 781/781/819 761/761/799
f 813/813/847 814/814/848 801/801/837
f 815/815/849 816/816/850 813/813/847
f 817/817/851 818/818/852 819/819/853
f 806/806/841 820/820/854 818/818/852
f 768/821/806 821/822/855 822/823/856
f 823/824/857 718/718/761 649/649/696
f 705/705/748 730/730/771 759/759/797
f 770/825/808 824/826/858 821/822/855
f 690/690/735 744/744/784 678/678/723
f 795/795/832 716/716/759 823/824/857
f 781/781/819 797/797/834 762/762/800
f 727/727/764 825/827/859 748/748/764
f 803/803/702 701/701/744 692/692/736
f 788/788/826 653/653/700 826/828/860
f 827/829/861 723/723/764 742/742/783
f 743/743/764 828/830/862 727/727/764
f 782/782/820 751/831/790 697/832/741
f 829/833/863 800/800/702 699/699/702
f 684/684/729 830/834/864 686/686/731
f 784/784/822 831/835/865 751/831/790
f 778/778/816 657/657/702 673/673/719
f 675/675/702 663/663/709 672/672/718
f 832/836/866 809/809/764 833/837/867
f 833/837/867 790/790/764 834/838/868
f 718/718/761 835/839/869 650/650/697
f 836/840/870 813/813/847 800/800/702
f 749/749/788 806/806/841 817/817/851
f 773/773/811 761/761/799 756/756/794
f 837/841/871 838/842/872 839/843/873
f 840/844/874 841/845/875 838/842/872
f 839/843/873 838/842/872 842/846/876
f 838/842/872 843/847/877 842/846/876
f 844/848/878 845/849/879 846/850/880
f 847/851/881 848/852/882 844/848/878
f 848/852/882 849/853/883 845/849/879
f 850/854/884 841/845/875 848/852/882
f 696/696/740 851/855/885 852/856/886
f 853/857/887 842/858/888 851/855/885
f 852/856/886 850/859/889 847/860/890
f 851/861/885 843/847/891 850/854/889
f 854/862/892 855/863/893 856/864/894
f 857/865/895 858/866/896 854/867/892
f 858/868/896 859/869/897 855/863/893
f 858/868/896 860/870/898 861/871/899
f 794/794/831 862/872/900 863/873/901
f 864/874/902 865/875/903 862/872/900
f 863/873/901 860/876/904 857/865/895
f 862/872/900 861/877/905 860/876/904
f 866/878/906 867/879/907 712/712/755
f 859/869/897 868/880/908 866/878/906
f 868/880/908 869/881/909 867/879/907
f 868/880/908 861/882/899 865/883/910
f 822/823/856 870/884/911 871/885/912
f 872/886/913 873/887/914 870/884/911
f 871/885/912 874/888/915 875/889/916
f 870/884/911 876/890/917 874/888/915
f 877/891/918 878/892/919 879/893/920
f 880/894/921 881/895/922 878/892/919
f 879/893/923 873/896/924 872/897/925
f 878/898/919 876/890/926 873/887/924
f 882/899/927 883/900/928 884/901/929
f 875/889/916 885/902/930 882/899/927
f 885/902/930 886/903/931 883/900/928
f 874/888/915 881/904/932 885/902/930
f 785/785/823 887/905/933 888/906/934
f 889/907/935 890/908/936 887/905/933
f 888/906/934 891/909/937 892/910/938
f 887/905/933 893/911/939 891/909/937
f 753/753/792 894/912/940 889/913/941
f 895/914/942 896/915/943 894/912/940
f 889/913/941 894/912/940 890/916/944
f 894/912/940 893/917/945 890/916/946
f 897/918/947 898/919/948 819/819/853
f 892/910/938 899/920/949 897/921/947
f 899/922/949 900/923/950 898/919/948
f 891/909/951 896/924/943 899/920/949
f 824/925/858 901/926/952 902/927/953
f 903/928/954 904/929/955 901/926/952
f 902/927/953 901/926/952 905/930/956
f 901/926/952 906/931/957 905/930/956
f 907/932/958 908/933/959 909/934/960
f 910/935/961 911/936/962 907/937/958
f 911/938/962 912/939/963 908/933/959
f 913/940/964 904/929/965 911/938/962
f 765/765/803 914/941/966 915/942/967
f 902/943/968 905/930/969 914/941/966
f 915/942/967 913/940/964 910/944/961
f 914/941/966 906/931/970 913/940/964
f 769/769/807 916/945/971 771/771/809
f 916/945/971 917/946/972 771/771/809
f 917/946/972 918/947/973 771/771/809
f 918/947/973 713/713/756 771/771/809
f 673/673/719 919/948/974 920/949/975
f 920/949/975 921/950/976 922/951/977
f 922/951/978 923/952/979 924/953/980
f 923/954/979 826/828/860 924/955/980
f 672/672/718 925/956/981 919/948/974
f 919/948/974 926/957/982 921/950/976
f 921/950/983 927/958/984 923/952/979
f 927/959/984 788/788/826 923/954/979
f 709/709/752 928/960/985 656/656/703
f 929/961/986 930/962/987 928/960/985
f 931/963/988 932/964/989 930/965/990
f 932/964/989 767/767/805 669/669/715
f 835/839/869 929/961/986 709/709/752
f 933/966/991 931/967/992 929/961/986
f 934/968/993 935/969/994 931/963/988
f 935/969/994 666/666/712 767/767/805
f 778/778/816 936/970/995 651/651/698
f 937/971/996 938/972/997 936/970/995
f 939/973/998 940/974/999 938/972/1000
f 940/975/999 652/652/699 664/664/710
f 673/673/719 937/971/996 778/778/816
f 920/949/975 939/973/1001 937/971/996
f 922/951/978 941/976/1002 939/973/998
f 941/977/1002 826/828/860 652/652/699
f 807/807/842 942/978/1003 943/979/1004
f 943/979/1004 944/980/1005 945/981/1006
f 945/982/1007 946/983/1008 947/984/1009
f 946/983/1008 658/658/704 947/984/1009
f 674/674/720 928/960/985 942/978/1003
f 942/978/1003 930/962/987 944/980/1005
f 944/985/1010 932/964/989 946/983/1008
f 932/964/989 671/671/717 946/983/1008
f 808/808/843 948/986/1011 949/987/1012
f 949/987/1012 950/988/1013 951/989/1014
f 951/990/1015 952/991/1016 953/992/1017
f 952/991/1016 677/677/722 953/992/1017
f 802/802/838 943/979/1004 948/986/1011
f 948/986/1011 945/981/1006 950/988/1013
f 950/993/1018 947/984/1009 952/991/1016
f 947/984/1009 660/660/706 952/991/1016
f 663/663/709 954/994/1019 925/956/981
f 925/956/981 955/995/1020 926/957/982
f 926/957/1021 956/996/1022 927/958/984
f 956/997/1022 683/683/728 927/959/984
f 662/662/708 957/998/1023 954/994/1019
f 954/994/1019 958/999/1024 955/995/1020
f 955/995/1025 959/1000/1026 956/996/1022
f 959/1001/1026 681/681/726 956/997/1022
f 692/692/736 960/1002/1027 957/998/1023
f 957/998/1023 961/1003/1028 958/999/1024
f 958/999/1029 962/1004/1030 959/1000/1026
f 962/1005/1030 680/680/725 959/1001/1026
f 701/701/744 963/1006/1031 960/1002/1027
f 960/1002/1027 964/1007/1032 961/1003/1028
f 961/1003/1033 965/1008/1034 962/1004/1030
f 965/1009/1034 678/678/723 962/1005/1030
f 836/840/870 966/1010/1035 967/1011/1036
f 967/1011/1036 968/1012/1037 969/1013/1038
f 969/1014/1039 970/1015/1040 971/1016/1041
f 970/1015/1040 687/687/732 971/1016/1041
f 829/833/863 949/987/1012 966/1010/1035
f 966/1010/1035 951/989/1014 968/1012/1037
f 968/1017/1042 953/992/1017 970/1015/1040
f 953/992/1017 685/685/730 970/1015/1040
f 816/816/850 972/1018/1043 814/814/848
f 973/1019/1044 974/1020/1045 972/1018/1043
f 975/1021/1046 976/1022/1047 974/1020/1045
f 977/1023/1048 697/832/741 976/1022/1047
f 846/850/880 973/1019/1044 816/816/850
f 845/849/879 975/1021/1046 973/1019/1044
f 849/853/883 977/1023/1048 975/1021/1046
f 840/844/874 782/782/820 977/1023/1048
f 700/700/743 978/1024/1049 963/1006/1031
f 963/1006/1031 979/1025/1050 964/1007/1032
f 964/1007/1051 980/1026/1052 965/1008/1034
f 965/1009/1034 688/688/733 690/690/735
f 801/801/837 972/1018/1043 978/1024/1049
f 978/1024/1053 974/1020/1045 979/1025/1050
f 979/1025/1054 976/1022/1047 980/1026/1052
f 976/1027/1047 688/688/733 980/1028/1052
f 846/850/880 981/1029/1055 844/848/878
f 844/848/878 982/1030/1056 847/851/881
f 847/860/890 983/1031/1057 852/856/886
f 852/856/886 694/694/738 696/696/740
f 815/815/849 967/1011/1036 981/1029/1055
f 981/1029/1055 969/1013/1038 982/1030/1056
f 982/1032/1058 971/1016/1041 983/1031/1057
f 983/1031/1057 687/687/732 694/694/738
f 717/717/760 933/966/991 835/839/869
f 984/1033/1059 934/1034/1060 933/966/991
f 985/1035/1061 986/1036/1062 934/968/993
f 986/1036/1062 811/811/845 666/666/712
f 777/777/815 984/1033/1059 717/717/760
f 987/1037/1063 985/1038/1064 984/1033/1059
f 988/1039/1065 989/1040/1066 985/1035/1061
f 990/1041/1067 811/811/845 989/1040/1066
f 649/649/696 991/1042/1068 823/824/857
f 992/1043/1069 993/1044/1070 991/1042/1068
f 994/1045/1071 995/1046/1072 993/1044/1073
f 995/1047/1072 702/702/745 704/704/747
f 651/651/698 992/1043/1069 649/649/696
f 936/970/995 994/1045/1074 992/1043/1069
f 938/972/1000 996/1048/1075 994/1045/1071
f 996/1049/1075 664/664/710 702/702/745
f 884/901/929 997/1050/1076 882/899/927
f 882/899/927 998/1051/1077 875/889/916
f 875/889/916 999/1052/1078 871/885/912
f 871/885/912 768/821/806 822/823/856
f 792/792/829 863/873/901 997/1050/1076
f 997/1050/1076 857/865/895 998/1051/1077
f 998/1051/1077 854/867/892 999/1052/1078
f 999/1053/1078 856/864/894 768/768/806
f 793/793/830 987/1037/1063 777/777/815
f 1000/1054/1079 988/1055/1080 987/1037/1063
f 1001/1056/1081 990/1041/1067 988/1039/1065
f 1002/1057/1082 706/706/749 990/1041/1067
f 884/901/929 1000/1054/1079 793/793/830
f 883/900/928 1001/1058/1083 1000/1054/1079
f 886/1059/1084 1002/1057/1082 1001/1056/1081
f 880/894/921 714/714/757 1002/1057/1082
f 795/795/832 864/874/902 794/794/831
f 1003/1060/1085 869/1061/1086 864/874/902
f 1004/1062/1087 867/1063/907 869/1061/909
f 1005/1064/1088 712/712/755 867/879/907
f 823/824/857 1003/1060/1085 795/795/832
f 991/1042/1068 1004/1062/1089 1003/1060/1085
f 993/1044/1073 1005/1065/1088 1004/1062/1087
f 995/1047/1072 710/710/753 1005/1064/1088
f 791/791/828 1006/1066/1090 719/719/762
f 1007/1067/1091 1008/1068/1092 1006/1066/1090
f 1009/1069/1093 1010/1070/1094 1008/1068/1092
f 1011/1071/1095 834/838/868 1010/1070/1094
f 739/739/780 1007/1067/1091 791/791/828
f 1012/1072/1096 1009/1069/1093 1007/1067/1091
f 1013/1073/1097 1011/1071/1095 1009/1069/1093
f 1014/1074/1098 833/837/867 1011/1071/1095
f 733/733/774 1015/1075/1099 1016/1076/1100
f 1016/1076/1100 1017/1077/1101 1018/1078/1102
f 1018/1078/1102 1019/1079/1103 1020/1080/1104
f 1020/1080/1104 772/772/810 775/775/813
f 732/732/773 1021/1081/1105 1015/1075/1099
f 1015/1075/1099 1022/1082/1106 1017/1077/1101
f 1017/1077/1101 1023/1083/1107 1019/1079/1103
f 1019/1079/1103 773/773/811 772/772/810
f 729/729/770 1024/1084/1108 1025/1085/1109
f 1025/1085/1109 1026/1086/1110 1027/1087/1111
f 1027/1087/1111 1028/1088/1112 1029/1089/1113
f 1029/1089/1113 789/789/827 754/754/793
f 720/720/763 1006/1066/1090 1024/1084/1108
f 1024/1084/1108 1008/1068/1092 1026/1086/1110
f 1026/1086/1110 1010/1070/1094 1028/1088/1112
f 1028/1088/1112 834/838/868 789/789/827
f 734/734/775 1030/1090/1114 774/774/812
f 1031/1091/1115 1032/1092/1116 1030/1090/1114
f 1033/1093/1117 1034/1094/1118 1032/1092/1116
f 1035/1095/1119 827/829/861 1034/1094/1118
f 733/733/774 1031/1091/1115 734/734/775
f 1016/1076/1100 1033/1093/1117 1031/1091/1115
f 1018/1078/1102 1035/1095/1119 1033/1093/1117
f 1020/1080/1104 810/810/844 1035/1095/1119
f 725/725/767 1036/1096/1120 804/804/839
f 1037/1097/1121 1038/1098/1122 1036/1096/1120
f 1039/1099/1123 1040/1100/1124 1038/1098/1122
f 1041/1101/1125 726/726/768 1040/1100/1124
f 774/774/812 1037/1097/1121 725/725/767
f 1030/1090/1114 1039/1099/1123 1037/1097/1121
f 1032/1092/1116 1041/1101/1125 1039/1099/1123
f 1034/1094/1118 742/742/783 1041/1101/1125
f 740/740/781 1012/1072/1096 739/739/780
f 1042/1102/1126 1013/1073/1097 1012/1072/1096
f 1043/1103/1127 1014/1074/1098 1013/1073/1097
f 1044/1104/1128 832/836/866 1014/1074/1098
f 745/745/785 1042/1102/1126 740/740/781
f 1045/1105/1129 1043/1103/1127 1042/1102/1126
f 1046/1106/1130 1044/1104/1128 1043/1103/1127
f 1047/1107/1131 722/722/765 1044/1104/1128
f 746/746/786 1045/1105/1129 745/745/785
f 1048/1108/1132 1046/1106/1130 1045/1105/1129
f 1049/1109/1133 1047/1107/1131 1046/1106/1130
f 1050/1110/1134 787/787/825 1047/1107/1131
f 750/750/789 1048/1108/1132 746/746/786
f 1051/1111/1135 1049/1109/1133 1048/1108/1132
f 1052/1112/1136 1050/1110/1134 1049/1109/1133
f 1053/1113/1137 828/830/862 1050/1110/1134
f 741/741/782 1054/1114/1138 830/834/864
f 1055/1115/1139 1056/1116/1140 1054/1114/1138
f 1057/1117/1141 1058/1118/1142 1056/1116/1140
f 1059/1119/1143 749/749/788 1058/1118/1142
f 804/804/839 1055/1115/1139 741/741/782
f 1036/1096/1120 1057/1117/1141 1055/1115/1139
f 1038/1098/1122 1059/1119/1143 1057/1117/1141
f 1040/1100/1124 728/728/769 1059/1119/1143
f 831/835/865 1060/1120/1144 1061/1121/1145
f 1061/1121/1145 1062/1122/1146 1063/1123/1147
f 1063/1123/1147 1064/1124/1148 1065/1125/1149
f 1065/1126/1149 818/818/852 820/820/854
f 786/786/824 888/906/934 1060/1120/1144
f 1060/1120/1144 892/910/938 1062/1122/1146
f 1062/1122/1146 897/921/947 1064/1124/1148
f 1064/1127/1148 819/819/853 818/818/852
f 752/752/791 1051/1111/1135 750/750/789
f 1066/1128/1150 1052/1112/1136 1051/1111/1135
f 1067/1129/1151 1053/1113/1137 1052/1112/1136
f 1068/1130/1152 825/827/859 1053/1113/1137
f 831/1131/865 1066/1128/1150 752/752/791
f 1061/1132/1145 1067/1129/1151 1066/1128/1150
f 1063/1133/1147 1068/1130/1152 1067/1129/1151
f 1065/1126/1149 805/805/840 1068/1130/1152
f 747/747/787 895/914/942 753/753/792
f 1069/1134/1153 900/923/950 895/914/942
f 1070/1135/1154 898/919/948 900/923/950
f 1071/1136/1155 819/819/853 898/919/948
f 830/834/864 1069/1134/1153 747/747/787
f 1054/1114/1138 1070/1135/1154 1069/1134/1153
f 1056/1116/1140 1071/1136/1155 1070/1135/1154
f 1058/1118/1142 817/817/851 1071/1136/1155
f 736/736/777 1072/1137/1156 1021/1081/1105
f 1021/1081/1105 1073/1138/1157 1022/1082/1106
f 1022/1082/1106 1074/1139/1158 1023/1083/1107
f 1023/1083/1107 812/812/846 773/773/811
f 757/757/795 1075/1140/1159 1072/1137/1156
f 1072/1137/1156 1076/1141/1160 1073/1138/1157
f 1073/1142/1157 1077/1143/1161 1074/1144/1158
f 1074/1144/1158 779/1145/817 812/1146/846
f 759/759/797 1078/1147/1162 1079/1148/1163
f 1079/1148/1163 1080/1149/1164 1081/1150/1165
f 1081/1150/1165 1082/1151/1166 1083/1152/1167
f 1083/1152/1167 763/763/801 762/762/800
f 730/730/771 1025/1085/1109 1078/1147/1162
f 1078/1147/1162 1027/1087/1111 1080/1149/1164
f 1080/1149/1164 1029/1089/1113 1082/1151/1166
f 1082/1151/1166 754/754/793 763/763/801
f 1084/1153/1168 903/928/954 824/925/858
f 1085/1154/1169 912/939/963 903/928/954
f 1086/1155/1170 908/933/959 912/939/963
f 1087/1156/1171 909/934/960 908/933/959
f 766/766/804 1085/1154/1169 1084/1153/1168
f 1088/1157/1172 1086/1155/1170 1085/1154/1169
f 1089/1158/1173 1087/1156/1171 1086/1155/1170
f 1090/1159/1174 799/799/836 1087/1156/1171
f 758/758/796 1091/1160/1175 1075/1140/1159
f 1075/1140/1159 1092/1161/1176 1076/1141/1160
f 1076/1162/1160 1093/1163/1177 1077/1143/1161
f 1077/1143/1161 798/1164/835 779/1145/817
f 764/764/802 915/942/967 1091/1160/1175
f 1091/1160/1175 910/944/961 1092/1161/1176
f 1092/1165/1176 907/937/958 1093/1163/1177
f 1093/1163/1177 909/1166/960 798/1164/835
f 766/766/804 1094/1167/1178 1088/1157/1172
f 1088/1157/1172 1095/1168/1179 1089/1158/1173
f 1089/1158/1173 1096/1169/1180 1090/1159/1174
f 1090/1159/1174 797/797/834 796/796/833
f 760/760/798 1079/1148/1163 1094/1167/1178
f 1094/1167/1178 1081/1150/1165 1095/1168/1179
f 1095/1168/1179 1083/1152/1167 1096/1169/1180
f 1096/1169/1180 762/762/800 797/797/834
f 713/713/756 866/878/906 712/712/755
f 918/947/973 859/869/897 866/878/906
f 917/946/972 855/863/893 859/869/897
f 916/945/971 856/864/894 855/863/893
f 765/765/803 1097/1170/1181 902/1171/968
f 902/1172/953 821/822/855 824/826/858
f 715/715/758 879/893/1182 1097/1170/1181
f 1097/1170/1183 879/893/1184 872/897/1183
f 1097/1173/1185 822/823/856 821/822/855
f 695/695/739 853/857/1186 696/696/740
f 853/857/1187 1098/1174/1187 839/1175/1187
f 1098/1176/1188 837/841/871 839/843/873
f 753/753/792 1098/1177/1189 695/695/739
f 889/1178/935 783/783/821 1098/1176/1188
f 649/649/696 718/718/761 650/650/697
f 652/652/699 826/828/860 653/653/700
f 655/655/702 709/709/752 656/656/703
f 658/658/704 724/724/766 659/659/705
f 661/661/707 691/691/702 662/662/708
f 664/664/710 652/652/699 654/654/701
f 666/666/712 811/811/845 667/667/713
f 669/669/715 731/731/772 670/670/716
f 657/657/702 675/675/702 672/672/718
f 674/674/720 807/807/842 661/661/707
f 660/660/706 659/659/705 676/676/721
f 678/678/723 744/744/784 679/679/724
f 681/681/726 738/738/779 682/682/727
f 677/677/722 676/676/721 684/684/729
f 685/685/730 684/684/729 686/686/731
f 688/688/733 698/698/742 689/689/734
f 691/691/702 803/803/702 692/692/736
f 687/687/732 686/686/731 693/693/737
f 694/694/738 693/693/737 695/695/739
f 697/697/741 751/751/790 698/698/742
f 699/699/702 800/800/702 700/700/743
f 702/702/745 664/664/710 665/665/711
f 704/704/747 702/702/745 703/703/746
f 706/706/749 714/714/757 707/707/750
f 650/650/697 835/839/869 709/709/752
f 710/710/753 704/704/747 705/705/748
f 712/712/755 710/710/753 711/711/754
f 714/714/757 877/891/918 715/715/758
f 716/716/759 777/777/815 717/717/760
f 654/654/701 653/653/700 719/719/762
f 721/721/764 832/836/866 722/722/765
f 724/724/766 774/774/812 725/725/767
f 726/726/768 743/743/764 727/727/764
f 703/703/746 665/665/711 729/729/770
f 731/731/772 735/735/776 732/732/773
f 731/731/772 733/733/774 734/734/775
f 735/735/776 668/668/714 736/736/777
f 737/737/778 791/791/828 719/719/762
f 738/738/779 740/740/781 739/739/780
f 679/679/724 745/745/785 740/740/781
f 676/676/721 804/804/839 741/741/782
f 742/742/783 723/723/764 743/743/764
f 744/744/784 746/746/786 745/745/785
f 689/689/734 750/750/789 746/746/786
f 686/686/731 830/834/864 747/747/787
f 728/728/769 727/727/764 748/748/764
f 698/698/742 752/752/791 750/750/789
f 751/751/790 831/1131/865 752/752/791
f 693/693/737 747/747/787 753/753/792
f 754/754/793 789/789/827 755/755/764
f 668/668/714 667/667/713 757/757/795
f 667/667/713 708/708/751 758/758/796
f 711/711/754 705/705/748 759/759/797
f 761/761/799 781/781/819 762/762/800
f 708/708/751 707/707/750 764/764/802
f 707/707/750 715/715/758 765/765/803
f 766/766/804 771/771/809 713/713/756
f 713/713/756 711/711/754 760/760/798
f 767/767/805 666/666/712 668/668/714
f 768/768/806 856/864/894 769/769/807
f 1084/1153/1168 770/770/808 766/766/804
f 770/770/808 769/769/807 766/766/804
f 756/756/794 755/755/764 772/772/810
f 656/656/703 674/674/720 675/675/702
f 671/671/717 670/670/716 724/724/766
f 670/670/716 734/734/775 774/774/812
f 755/755/764 790/790/764 775/775/813
f 776/776/814 793/793/830 777/777/815
f 651/651/698 650/650/697 655/655/702
f 665/665/711 654/654/701 720/720/763
f 779/779/817 798/798/835 780/780/818
f 680/680/725 679/679/724 738/738/779
f 782/782/820 837/841/871 783/783/821
f 784/784/822 783/783/821 785/785/823
f 723/723/764 722/722/765 787/787/825
f 683/683/728 682/682/727 737/737/778
f 669/669/715 767/767/805 735/735/776
f 789/789/827 834/838/868 790/790/764
f 682/682/727 739/739/780 791/791/828
f 792/792/829 884/901/929 793/793/830
f 794/794/831 792/792/829 776/776/814
f 780/780/818 799/799/836 796/796/833
f 798/798/835 909/934/960 799/799/836
f 800/800/702 813/813/847 801/801/837
f 802/802/838 808/808/843 803/803/702
f 659/659/705 725/725/767 804/804/839
f 748/748/764 825/827/859 805/805/840
f 807/807/842 802/802/838 691/691/702
f 808/808/843 829/833/863 699/699/702
f 809/809/764 810/810/844 775/775/813
f 721/721/764 827/829/861 810/810/844
f 811/811/845 706/706/749 708/708/751
f 756/756/794 761/761/799 763/763/801
f 812/812/846 779/779/817 781/781/819
f 813/813/847 816/816/850 814/814/848
f 815/815/849 846/850/880 816/816/850
f 817/817/851 806/806/841 818/818/852
f 806/806/841 805/805/840 820/820/854
f 768/821/806 770/825/808 821/822/855
f 823/824/857 716/716/759 718/718/761
f 705/705/748 703/703/746 730/730/771
f 770/825/808 1084/1179/1168 824/826/858
f 690/690/735 689/689/734 744/744/784
f 795/795/832 776/776/814 716/716/759
f 781/781/819 780/780/818 797/797/834
f 727/727/764 828/830/862 825/827/859
f 803/803/702 699/699/702 701/701/744
f 788/788/826 737/737/778 653/653/700
f 827/829/861 721/721/764 723/723/764
f 743/743/764 787/787/825 828/830/862
f 782/782/820 784/784/822 751/831/790
f 829/833/863 836/840/870 800/800/702
f 684/684/729 741/741/782 830/834/864
f 784/784/822 786/786/824 831/835/865
f 778/778/816 655/655/702 657/657/702
f 675/675/702 661/661/707 663/663/709
f 832/836/866 721/721/764 809/809/764
f 833/837/867 809/809/764 790/790/764
f 718/718/761 717/717/760 835/839/869
f 836/840/870 815/815/849 813/813/847
f 749/749/788 748/748/764 806/806/841
f 773/773/811 812/812/846 761/761/799
f 837/841/871 840/844/874 838/842/872
f 840/844/874 849/853/883 841/845/875
f 838/842/872 841/845/875 843/847/877
f 844/848/878 848/852/882 845/849/879
f 847/851/881 850/854/884 848/852/882
f 848/852/882 841/845/875 849/853/883
f 850/854/884 843/847/877 841/845/875
f 696/696/740 853/857/1190 851/855/885
f 853/857/887 839/1175/1191 842/858/888
f 852/856/886 851/855/885 850/859/889
f 851/861/885 842/846/888 843/847/891
f 854/862/892 858/868/896 855/863/893
f 857/865/895 860/876/898 858/866/896
f 858/868/896 861/871/899 859/869/897
f 794/794/831 864/874/902 862/872/900
f 864/874/902 869/1061/1086 865/875/903
f 863/873/901 862/872/900 860/876/904
f 862/872/900 865/875/903 861/877/905
f 866/878/906 868/880/908 867/879/907
f 859/869/897 861/871/899 868/880/908
f 868/880/908 865/883/910 869/881/909
f 822/823/856 872/1180/913 870/884/911
f 871/885/912 870/884/911 874/888/915
f 870/884/911 873/887/914 876/890/917
f 877/891/918 880/894/921 878/892/919
f 880/894/921 886/1059/1084 881/895/922
f 879/893/923 878/892/919 873/896/924
f 878/898/919 881/904/922 876/890/926
f 882/899/927 885/902/930 883/900/928
f 875/889/916 874/888/915 885/902/930
f 885/902/930 881/904/932 886/903/931
f 874/888/915 876/890/917 881/904/932
f 785/785/823 889/1178/935 887/905/933
f 888/906/934 887/905/933 891/909/937
f 887/905/933 890/908/936 893/911/939
f 753/753/792 895/914/942 894/912/940
f 895/914/942 900/923/950 896/915/943
f 894/912/940 896/915/943 893/917/945
f 897/918/947 899/922/949 898/919/948
f 892/910/938 891/909/951 899/920/949
f 899/922/949 896/915/943 900/923/950
f 891/909/951 893/911/945 896/924/943
f 824/925/858 903/928/954 901/926/952
f 903/928/954 912/939/963 904/929/955
f 901/926/952 904/929/955 906/931/957
f 907/932/958 911/938/962 908/933/959
f 910/935/961 913/1181/964 911/936/962
f 911/938/962 904/929/965 912/939/963
f 913/940/964 906/931/970 904/929/965
f 765/765/803 902/1171/968 914/941/966
f 915/942/967 914/941/966 913/940/964
f 914/941/966 905/930/1192 906/931/970
f 673/673/719 672/672/718 919/948/974
f 920/949/975 919/948/974 921/950/976
f 922/951/978 921/950/983 923/952/979
f 923/954/979 788/788/826 826/828/860
f 672/672/718 663/663/709 925/956/981
f 919/948/974 925/956/981 926/957/982
f 921/950/983 926/957/1021 927/958/984
f 927/959/984 683/683/728 788/788/826
f 709/709/752 929/961/986 928/960/985
f 929/961/986 931/967/992 930/962/987
f 931/963/988 935/969/994 932/964/989
f 932/964/989 935/969/994 767/767/805
f 835/839/869 933/966/991 929/961/986
f 933/966/991 934/1034/1060 931/967/992
f 934/968/993 986/1036/1062 935/969/994
f 935/969/994 986/1036/1062 666/666/712
f 778/778/816 937/971/996 936/970/995
f 937/971/996 939/973/1001 938/972/997
f 939/973/998 941/976/1002 940/974/999
f 940/975/999 941/977/1002 652/652/699
f 673/673/719 920/949/975 937/971/996
f 920/949/975 922/951/977 939/973/1001
f 922/951/978 924/953/980 941/976/1002
f 941/977/1002 924/955/980 826/828/860
f 807/807/842 674/674/720 942/978/1003
f 943/979/1004 942/978/1003 944/980/1005
f 945/982/1007 944/985/1010 946/983/1008
f 946/983/1008 671/671/717 658/658/704
f 674/674/720 656/656/703 928/960/985
f 942/978/1003 928/960/985 930/962/987
f 944/985/1010 930/965/990 932/964/989
f 932/964/989 669/669/715 671/671/717
f 808/808/843 802/802/838 948/986/1011
f 949/987/1012 948/986/1011 950/988/1013
f 951/990/1015 950/993/1018 952/991/1016
f 952/991/1016 660/660/706 677/677/722
f 802/802/838 807/807/842 943/979/1004
f 948/986/1011 943/979/1004 945/981/1006
f 950/993/1018 945/982/1007 947/984/1009
f 947/984/1009 658/658/704 660/660/706
f 663/663/709 662/662/708 954/994/1019
f 925/956/981 954/994/1019 955/995/1020
f 926/957/1021 955/995/1025 956/996/1022
f 956/997/1022 681/681/726 683/683/728
f 662/662/708 692/692/736 957/998/1023
f 954/994/1019 957/998/1023 958/999/1024
f 955/995/1025 958/999/1029 959/1000/1026
f 959/1001/1026 680/680/725 681/681/726
f 692/692/736 701/701/744 960/1002/1027
f 957/998/1023 960/1002/1027 961/1003/1028
f 958/999/1029 961/1003/1033 962/1004/1030
f 962/1005/1030 678/678/723 680/680/725
f 701/701/744 700/700/743 963/1006/1031
f 960/1002/1027 963/1006/1031 964/1007/1032
f 961/1003/1033 964/1007/1051 965/1008/1034
f 965/1009/1034 690/690/735 678/678/723
f 836/840/870 829/833/863 966/1010/1035
f 967/1011/1036 966/1010/1035 968/1012/1037
f 969/1014/1039 968/1017/1042 970/1015/1040
f 970/1015/1040 685/685/730 687/687/732
f 829/833/863 808/808/843 949/987/1012
f 966/1010/1035 949/987/1012 951/989/1014
f 968/1017/1042 951/990/1015 953/992/1017
f 953/992/1017 677/677/722 685/685/730
f 816/816/850 973/1019/1044 972/1018/1043
f 973/1019/1044 975/1021/1046 974/1020/1045
f 975/1021/1046 977/1023/1048 976/1022/1047
f 977/1023/1048 782/782/820 697/832/741
f 846/850/880 845/849/879 973/1019/1044
f 845/849/879 849/853/883 975/1021/1046
f 849/853/883 840/844/874 977/1023/1048
f 840/844/874 837/841/871 782/782/820
f 700/700/743 801/801/837 978/1024/1049
f 963/1006/1031 978/1024/1053 979/1025/1050
f 964/1007/1051 979/1025/1054 980/1026/1052
f 965/1009/1034 980/1028/1052 688/688/733
f 801/801/837 814/814/848 972/1018/1043
f 978/1024/1053 972/1018/1043 974/1020/1045
f 979/1025/1054 974/1020/1045 976/1022/1047
f 976/1027/1047 697/697/741 688/688/733
f 846/850/880 815/815/849 981/1029/1055
f 844/848/878 981/1029/1055 982/1030/1056
f 847/860/890 982/1032/1058 983/1031/1057
f 852/856/886 983/1031/1057 694/694/738
f 815/815/849 836/840/870 967/1011/1036
f 981/1029/1055 967/1011/1036 969/1013/1038
f 982/1032/1058 969/1014/1039 971/1016/1041
f 983/1031/1057 971/1016/1041 687/687/732
f 717/717/760 984/1033/1059 933/966/991
f 984/1033/1059 985/1038/1064 934/1034/1060
f 985/1035/1061 989/1040/1066 986/1036/1062
f 986/1036/1062 989/1040/1066 811/811/845
f 777/777/815 987/1037/1063 984/1033/1059
f 987/1037/1063 988/1055/1080 985/1038/1064
f 988/1039/1065 990/1041/1067 989/1040/1066
f 990/1041/1067 706/706/749 811/811/845
f 649/649/696 992/1043/1069 991/1042/1068
f 992/1043/1069 994/1045/1074 993/1044/1070
f 994/1045/1071 996/1048/1075 995/1046/1072
f 995/1047/1072 996/1049/1075 702/702/745
f 651/651/698 936/970/995 992/1043/1069
f 936/970/995 938/972/997 994/1045/1074
f 938/972/1000 940/974/999 996/1048/1075
f 996/1049/1075 940/975/999 664/664/710
f 884/901/929 792/792/829 997/1050/1076
f 882/899/927 997/1050/1076 998/1051/1077
f 875/889/916 998/1051/1077 999/1052/1078
f 871/885/912 999/1052/1078 768/821/806
f 792/792/829 794/794/831 863/873/901
f 997/1050/1076 863/873/901 857/865/895
f 998/1051/1077 857/865/895 854/867/892
f 999/1053/1078 854/862/892 856/864/894
f 793/793/830 1000/1054/1079 987/1037/1063
f 1000/1054/1079 1001/1058/1083 988/1055/1080
f 1001/1056/1081 1002/1057/1082 990/1041/1067
f 1002/1057/1082 714/714/757 706/706/749
f 884/901/929 883/900/928 1000/1054/1079
f 883/900/928 886/903/931 1001/1058/1083
f 886/1059/1084 880/894/921 1002/1057/1082
f 880/894/921 877/891/918 714/714/757
f 795/795/832 1003/1060/1085 864/874/902
f 1003/1060/1085 1004/1062/1089 869/1061/1086
f 1004/1062/1087 1005/1065/1088 867/1063/907
f 1005/1064/1088 710/710/753 712/712/755
f 823/824/857 991/1042/1068 1003/1060/1085
f 991/1042/1068 993/1044/1070 1004/1062/1089
f 993/1044/1073 995/1046/1072 1005/1065/1088
f 995/1047/1072 704/704/747 710/710/753
f 791/791/828 1007/1067/1091 1006/1066/1090
f 1007/1067/1091 1009/1069/1093 1008/1068/1092
f 1009/1069/1093 1011/1071/1095 1010/1070/1094
f 1011/1071/1095 833/837/867 834/838/868
f 739/739/780 1012/1072/1096 1007/1067/1091
f 1012/1072/1096 1013/1073/1097 1009/1069/1093
f 1013/1073/1097 1014/1074/1098 1011/1071/1095
f 1014/1074/1098 832/836/866 833/837/867
f 733/733/774 732/732/773 1015/1075/1099
f 1016/1076/1100 1015/1075/1099 1017/1077/1101
f 1018/1078/1102 1017/1077/1101 1019/1079/1103
f 1020/1080/1104 1019/1079/1103 772/772/810
f 732/732/773 736/736/777 1021/1081/1105
f 1015/1075/1099 1021/1081/1105 1022/1082/1106
f 1017/1077/1101 1022/1082/1106 1023/1083/1107
f 1019/1079/1103 1023/1083/1107 773/773/811
f 729/729/770 720/720/763 1024/1084/1108
f 1025/1085/1109 1024/1084/1108 1026/1086/1110
f 1027/1087/1111 1026/1086/1110 1028/1088/1112
f 1029/1089/1113 1028/1088/1112 789/789/827
f 720/720/763 719/719/762 1006/1066/1090
f 1024/1084/1108 1006/1066/1090 1008/1068/1092
f 1026/1086/1110 1008/1068/1092 1010/1070/1094
f 1028/1088/1112 1010/1070/1094 834/838/868
f 734/734/775 1031/1091/1115 1030/1090/1114
f 1031/1091/1115 1033/1093/1117 1032/1092/1116
f 1033/1093/1117 1035/1095/1119 1034/1094/1118
f 1035/1095/1119 810/810/844 827/829/861
f 733/733/774 1016/1076/1100 1031/1091/1115
f 1016/1076/1100 1018/1078/1102 1033/1093/1117
f 1018/1078/1102 1020/1080/1104 1035/1095/1119
f 1020/1080/1104 775/775/813 810/810/844
f 725/725/767 1037/1097/1121 1036/1096/1120
f 1037/1097/1121 1039/1099/1123 1038/1098/1122
f 1039/1099/1123 1041/1101/1125 1040/1100/1124
f 1041/1101/1125 742/742/783 726/726/768
f 774/774/812 1030/1090/1114 1037/1097/1121
f 1030/1090/1114 1032/1092/1116 1039/1099/1123
f 1032/1092/1116 1034/1094/1118 1041/1101/1125
f 1034/1094/1118 827/829/861 742/742/783
f 740/740/781 1042/1102/1126 1012/1072/1096
f 1042/1102/1126 1043/1103/1127 1013/1073/1097
f 1043/1103/1127 1044/1104/1128 1014/1074/1098
f 1044/1104/1128 722/722/765 832/836/866
f 745/745/785 1045/1105/1129 1042/1102/1126
f 1045/1105/1129 1046/1106/1130 1043/1103/1127
f 1046/1106/1130 1047/1107/1131 1044/1104/1128
f 1047/1107/1131 787/787/825 722/722/765
f 746/746/786 1048/1108/1132 1045/1105/1129
f 1048/1108/1132 1049/1109/1133 1046/1106/1130
f 1049/1109/1133 1050/1110/1134 1047/1107/1131
f 1050/1110/1134 828/830/862 787/787/825
f 750/750/789 1051/1111/1135 1048/1108/1132
f 1051/1111/1135 1052/1112/1136 1049/1109/1133
f 1052/1112/1136 1053/1113/1137 1050/1110/1134
f 1053/1113/1137 825/827/859 828/830/862
f 741/741/782 1055/1115/1139 1054/1114/1138
f 1055/1115/1139 1057/1117/1141 1056/1116/1140
f 1057/1117/1141 1059/1119/1143 1058/1118/1142
f 1059/1119/1143 728/728/769 749/749/788
f 804/804/839 1036/1096/1120 1055/1115/1139
f 1036/1096/1120 1038/1098/1122 1057/1117/1141
f 1038/1098/1122 1040/1100/1124 1059/1119/1143
f 1040/1100/1124 726/726/768 728/728/769
f 831/835/865 786/786/824 1060/1120/1144
f 1061/1121/1145 1060/1120/1144 1062/1122/1146
f 1063/1123/1147 1062/1122/1146 1064/1124/1148
f 1065/1126/1149 1064/1127/1148 818/818/852
f 786/786/824 785/785/823 888/906/934
f 1060/1120/1144 888/906/934 892/910/938
f 1062/1122/1146 892/910/938 897/921/947
f 1064/1127/1148 897/918/947 819/819/853
f 752/752/791 1066/1128/1150 1051/1111/1135
f 1066/1128/1150 1067/1129/1151 1052/1112/1136
f 1067/1129/1151 1068/1130/1152 1053/1113/1137
f 1068/1130/1152 805/805/840 825/827/859
f 831/1131/865 1061/1132/1145 1066/1128/1150
f 1061/1132/1145 1063/1133/1147 1067/1129/1151
f 1063/1133/1147 1065/1126/1149 1068/1130/1152
f 1065/1126/1149 820/820/854 805/805/840
f 747/747/787 1069/1134/1153 895/914/942
f 1069/1134/1153 1070/1135/1154 900/923/950
f 1070/1135/1154 1071/1136/1155 898/919/948
f 1071/1136/1155 817/817/851 819/819/853
f 830/834/864 1054/1114/1138 1069/1134/1153
f 1054/1114/1138 1056/1116/1140 1070/1135/1154
f 1056/1116/1140 1058/1118/1142 1071/1136/1155
f 1058/1118/1142 749/749/788 817/817/851
f 736/736/777 757/757/795 1072/1137/1156
f 1021/1081/1105 1072/1137/1156 1073/1138/1157
f 1022/1082/1106 1073/1138/1157 1074/1139/1158
f 1023/1083/1107 1074/1139/1158 812/812/846
f 757/757/795 758/758/796 1075/1140/1159
f 1072/1137/1156 1075/1140/1159 1076/1141/1160
f 1073/1142/1157 1076/1162/1160 1077/1143/1161
f 1074/1144/1158 1077/1143/1161 779/1145/817
f 759/759/797 730/730/771 1078/1147/1162
f 1079/1148/1163 1078/1147/1162 1080/1149/1164
f 1081/1150/1165 1080/1149/1164 1082/1151/1166
f 1083/1152/1167 1082/1151/1166 763/763/801
f 730/730/771 729/729/770 1025/1085/1109
f 1078/1147/1162 1025/1085/1109 1027/1087/1111
f 1080/1149/1164 1027/1087/1111 1029/1089/1113
f 1082/1151/1166 1029/1089/1113 754/754/793
f 1084/1153/1168 1085/1154/1169 903/928/954
f 1085/1154/1169 1086/1155/1170 912/939/963
f 1086/1155/1170 1087/1156/1171 908/933/959
f 1087/1156/1171 799/799/836 909/934/960
f 766/766/804 1088/1157/1172 1085/1154/1169
f 1088/1157/1172 1089/1158/1173 1086/1155/1170
f 1089/1158/1173 1090/1159/1174 1087/1156/1171
f 1090/1159/1174 796/796/833 799/799/836
f 758/758/796 764/764/802 1091/1160/1175
f 1075/1140/1159 1091/1160/1175 1092/1161/1176
f 1076/1162/1160 1092/1165/1176 1093/1163/1177
f 1077/1143/1161 1093/1163/1177 798/1164/835
f 764/764/802 765/765/803 915/942/967
f 1091/1160/1175 915/942/967 910/944/961
f 1092/1165/1176 910/935/961 907/937/958
f 1093/1163/1177 907/937/958 909/1166/960
f 766/766/804 760/760/798 1094/1167/1178
f 1088/1157/1172 1094/1167/1178 1095/1168/1179
f 1089/1158/1173 1095/1168/1179 1096/1169/1180
f 1090/1159/1174 1096/1169/1180 797/797/834
f 760/760/798 759/759/797 1079/1148/1163
f 1094/1167/1178 1079/1148/1163 1081/1150/1165
f 1095/1168/1179 1081/1150/1165 1083/1152/1167
f 1096/1169/1180 1083/1152/1167 762/762/800
f 713/713/756 918/947/973 866/878/906
f 918/947/973 917/946/972 859/869/897
f 917/946/972 916/945/971 855/863/893
f 916/945/971 769/769/807 856/864/894
f 765/765/803 715/715/758 1097/1170/1181
f 902/1172/953 1097/1173/1185 821/822/855
f 715/715/758 877/891/918 879/893/1182
f 1097/1173/1185 872/1180/913 822/823/856
f 695/695/739 1098/1177/1189 853/857/1186
f 1098/1176/1188 783/783/821 837/841/871
f 753/753/792 889/913/941 1098/1177/1189
f 889/1178/935 785/785/823 783/783/821
f 1099/1182/1193 1100/1183/1194 1101/1184/1195
f 1102/1185/1196 1103/1186/1197 1104/1187/1198
f 1105/1188/1199 1106/1189/1200 1107/1190/1201
f 1106/1189/1200 1108/1191/1202 1109/1192/1203
f 1110/1193/1204 1111/1194/1205 1112/1195/1206
f 1113/1196/1207 1114/1197/1208 1115/1198/1209
f 1116/1199/1210 1117/1200/1211 1100/1183/1194
f 1118/1201/1212 1119/1202/1213 1120/1203/1214
f 1112/1195/1206 1121/1204/1215 1122/1205/1216
f 1123/1206/1217 1124/1207/1218 1125/1208/1219
f 1126/1209/1220 1127/1210/1221 1128/1211/1222
f 1129/1212/1223 1130/1213/1224 1131/1214/1225
f 1127/1210/1221 1132/1215/1226 1133/1216/1227
f 1134/1217/1228 1135/1218/1229 1124/1207/1218
f 1136/1219/1230 1137/1220/1231 1138/1221/1232
f 1139/1222/1233 1137/1220/1231 1114/1197/1208
f 1140/1223/1234 1141/1224/1235 1142/1225/1236
f 1143/1226/1237 1144/1227/1238 1145/1228/1239
f 1146/1229/1240 1147/1230/1241 1148/1231/1205
f 1104/1187/1198 1149/1232/1242 1150/1233/1243
f 1151/1234/1244 1152/1235/1245 1153/1236/1246
f 1154/1237/1247 1155/1238/1248 1140/1223/1234
f 1156/1239/1249 1157/1240/1250 1158/1241/1251
f 1159/1242/1252 1160/1243/1253 1161/1244/1254
f 1102/1185/1196 1162/1245/1255 1163/1246/1256
f 1123/1206/1217 1164/1247/1257 1165/1248/1258
f 1134/1217/1228 1166/1249/1259 1167/1250/1260
f 1104/1187/1198 1168/1251/1261 1162/1245/1255
f 1169/1252/1262 1118/1201/1212 1170/1253/1263
f 1171/1254/1264 1172/1255/1265 1173/1256/1266
f 1174/1257/1267 1149/1232/1242 1103/1186/1197
f 1174/1257/1267 1147/1230/1241 1175/1258/1268
f 1173/1256/1266 1176/1259/1269 1177/1260/1270
f 1178/1261/1271 1179/1262/1272 1118/1201/1212
f 1180/1263/1273 1181/1264/1274 1182/1265/1275
f 1125/1208/1219 1181/1264/1274 1164/1247/1257
f 1183/1266/1276 1184/1267/1277 1185/1268/1278
f 1186/1269/1279 1162/1245/1255 1146/1229/1240
f 1125/1208/1219 1135/1218/1229 1187/1270/1280
f 1100/1183/1194 1188/1271/1281 1189/1272/1282
f 1190/1273/1283 1106/1189/1200 1191/1274/1284
f 1192/1275/1285 1193/1276/1286 1194/1277/1287
f 1195/1278/1288 1196/1279/1289 1197/1280/1290
f 1180/1263/1273 1166/1249/1259 1152/1235/1245
f 1198/1281/1291 1194/1277/1287 1199/1282/1292
f 1200/1283/1293 1201/1284/1294 1202/1285/1295
f 1159/1242/1252 1203/1286/1296 1204/1287/1297
f 1136/1219/1230 1160/1243/1253 1184/1267/1277
f 1205/1288/1298 1206/1289/1299 1127/1210/1221
f 1139/1222/1233 1203/1286/1296 1207/1290/1300
f 1158/1241/1251 1195/1278/1288 1208/1291/1301
f 1146/1229/1240 1168/1251/1261 1209/1292/1302
f 1191/1274/1284 1109/1192/1203 1210/1293/1303
f 1199/1282/1292 1211/1294/1304 1212/1295/1305
f 1194/1277/1287 1213/1296/1306 1211/1294/1304
f 1144/1227/1238 1214/1297/1307 1145/1228/1239
f 1155/1238/1248 1215/1298/1308 1141/1224/1235
f 1216/1299/1309 1217/1300/1310 1155/1238/1248
f 1218/1301/1311 1219/1302/1312 1172/1255/1265
f 1170/1253/1263 1120/1203/1214 1220/1303/1313
f 1172/1255/1265 1221/1304/1314 1176/1259/1269
f 1222/1305/1315 1124/1207/1218 1223/1306/1316
f 1224/1307/1317 1145/1228/1239 1225/1308/1318
f 1145/1228/1239 1226/1309/1319 1225/1308/1318
f 1101/1184/1195 1189/1272/1282 1227/1310/1320
f 1183/1266/1276 1114/1197/1208 1136/1219/1230
f 1228/1311/1321 1184/1267/1277 1159/1242/1252
f 1229/1312/1322 1230/1313/1323 1231/1314/1324
f 1231/1314/1324 1232/1315/1325 1233/1316/1326
f 1186/1269/1279 1148/1231/1205 1234/1317/1327
f 1235/1318/1328 1148/1231/1205 1174/1257/1267
f 1121/1204/1215 1236/1319/1329 1237/1320/1330
f 1238/1321/1331 1239/1322/1332 1201/1284/1294
f 1151/1234/1244 1164/1247/1257 1180/1263/1273
f 1222/1305/1315 1152/1235/1245 1134/1217/1228
f 1130/1213/1224 1240/1323/1333 1241/1324/1334
f 1242/1325/1335 1243/1326/1336 1129/1212/1223
f 1228/1311/1321 1204/1287/1297 1244/1327/1337
f 1113/1196/1207 1204/1287/1297 1139/1222/1233
f 1232/1315/1325 1245/1328/1338 1246/1329/1339
f 1128/1211/1222 1133/1216/1227 1247/1330/1340
f 1235/1318/1328 1103/1186/1197 1248/1331/1341
f 1202/1285/1295 1249/1332/1342 1250/1333/1343
f 1201/1284/1294 1251/1334/1344 1249/1332/1342
f 1252/1335/1345 1253/1336/1346 1099/1182/1193
f 1254/1337/1347 1255/1338/1348 1252/1335/1345
f 1255/1338/1348 1256/1339/1349 1253/1336/1346
f 1255/1338/1348 1257/1340/1350 1258/1341/1351
f 1259/1342/1352 1260/1343/1353 1261/1344/1354
f 1262/1345/1355 1257/1346/1350 1259/1342/1352
f 1260/1343/1353 1257/1340/1350 1254/1337/1347
f 1256/1339/1349 1263/1347/1356 1264/1348/1357
f 1263/1347/1356 1262/1345/1355 1264/1349/1357
f 1126/1209/1358 1265/1350/1359 1266/1351/1358
f 1266/1352/1360 1267/1353/1361 1268/1354/1361
f 1171/1254/1362 1266/1355/1362 1265/1356/1362
f 1269/1357/1363 1267/1353/1364 1266/1358/1365
f 1270/1359/1366 1271/1360/1367 1272/1361/1368
f 1273/1362/1369 1274/1363/1370 1222/1305/1371
f 1142/1225/1236 1275/1364/1372 1276/1365/1373
f 1275/1364/1374 1271/1366/1367 1276/1367/1375
f 1276/1367/1376 1277/1368/1377 1278/1369/1376
f 1276/1367/1375 1271/1366/1367 1277/1368/1378
f 1224/1307/1317 1279/1370/1379 1280/1371/1380
f 1280/1372/1381 1281/1373/1381 1282/1374/1381
f 1154/1237/1247 1280/1375/1382 1283/1376/1383
f 1280/1377/1384 1284/1378/1384 1282/1379/1384
f 1283/1376/1385 1280/1380/1386 1279/1381/1385
f 1250/1333/1343 1285/1382/1387 1286/1383/1388
f 1285/1384/1387 1287/1385/1389 1286/1386/1388
f 1286/1386/1388 1288/1387/1390 1289/1388/1391
f 1290/1389/1392 1287/1390/1393 1291/1391/1394
f 1287/1392/1389 1292/1393/1395 1289/1394/1391
f 1291/1391/1396 1287/1385/1396 1285/1384/1396
f 1287/1390/1389 1289/1394/1391 1288/1387/1390
f 1293/1395/1397 1294/1396/1398 1102/1185/1399
f 1295/1397/1400 1296/1398/1401 1297/1399/1402
f 1295/1397/1400 1298/1400/1403 1299/1401/1404
f 1296/1398/1401 1299/1402/1404 1300/1403/1405
f 1299/1401/1404 1298/1400/1403 1301/1404/1406
f 1302/1405/1407 1303/1406/1408 1304/1407/1409
f 1304/1408/1409 1303/1406/1408 1298/1409/1403
f 1303/1406/1408 1301/1404/1406 1298/1400/1403
f 1305/1410/1410 1306/1411/1411 1169/1252/1262
f 1300/1403/1405 1307/1412/1412 1305/1410/1410
f 1307/1412/1412 1302/1405/1407 1306/1411/1411
f 1307/1412/1412 1299/1402/1404 1301/1413/1406
f 1308/1414/1413 1309/1415/1414 1310/1416/1415
f 1308/1414/1416 1311/1417/1417 1312/1418/1418
f 1177/1260/1270 1313/1419/1419 1312/1420/1420
f 1313/1419/1421 1309/1421/1421 1312/1422/1421
f 1312/1422/1418 1314/1423/1422 1315/1424/1423
f 1312/1425/1418 1311/1426/1417 1314/1423/1422
f 1316/1427/1424 1317/1428/1425 1200/1283/1293
f 1316/1427/1424 1318/1429/1426 1319/1430/1427
f 1319/1430/1427 1320/1431/1428 1317/1428/1425
f 1319/1430/1427 1321/1432/1429 1322/1433/1430
f 1323/1434/1431 1324/1435/1432 1325/1436/1433
f 1323/1437/1431 1325/1436/1433 1318/1438/1426
f 1324/1435/1432 1318/1429/1426 1325/1436/1433
f 1326/1439/1434 1327/1440/1435 1190/1273/1283
f 1326/1439/1434 1320/1431/1428 1322/1441/1430
f 1327/1440/1435 1322/1441/1430 1324/1442/1432
f 1322/1433/1430 1321/1432/1429 1324/1435/1432
f 1105/1188/1436 1328/1443/1437 1329/1444/1438
f 1328/1445/1439 1330/1446/1439 1331/1447/1439
f 1198/1281/1440 1329/1448/1440 1332/1449/1440
f 1329/1450/1438 1328/1451/1437 1332/1452/1441
f 1331/1447/1442 1333/1453/1443 1332/1452/1444
f 1187/1270/1280 1334/1454/1445 1335/1455/1446
f 1336/1456/1447 1337/1457/1448 1334/1458/1445
f 1335/1455/1446 1338/1459/1449 1339/1460/1450
f 1156/1239/1249 1340/1461/1451 1341/1462/1452
f 1342/1463/1453 1343/1464/1454 1340/1465/1451
f 1341/1462/1452 1334/1466/1445 1337/1457/1448
f 1340/1461/1451 1338/1467/1449 1334/1466/1445
f 1344/1468/1455 1345/1469/1456 1207/1290/1300
f 1339/1460/1450 1346/1470/1457 1344/1468/1455
f 1346/1470/1457 1347/1471/1458 1345/1469/1456
f 1346/1470/1457 1338/1472/1449 1343/1464/1459
f 1150/1473/1243 1348/1474/1460 1349/1475/1461
f 1350/1476/1462 1348/1474/1460 1150/1473/1463
f 1348/1474/1460 1351/1477/1464 1349/1475/1461
f 1348/1474/1460 1352/1478/1465 1353/1479/1466
f 1197/1280/1290 1354/1480/1467 1355/1481/1468
f 1356/1482/1469 1357/1483/1470 1354/1480/1467
f 1355/1481/1468 1352/1484/1471 1350/1485/1472
f 1354/1480/1473 1353/1486/1474 1352/1484/1475
f 1358/1487/1476 1359/1488/1477 1167/1250/1260
f 1351/1477/1464 1360/1489/1478 1358/1487/1476
f 1360/1489/1478 1361/1490/1479 1359/1488/1477
f 1360/1489/1478 1353/1491/1480 1357/1492/1481
f 1362/1493/1482 1363/1494/1483 1182/1265/1275
f 1364/1495/1484 1365/1496/1485 1362/1493/1482
f 1365/1496/1485 1366/1497/1486 1363/1494/1483
f 1365/1496/1485 1367/1498/1487 1368/1499/1488
f 1369/1500/1489 1370/1501/1490 1161/1244/1254
f 1371/1502/1491 1372/1503/1492 1369/1500/1489
f 1372/1503/1492 1364/1495/1484 1370/1501/1490
f 1372/1503/1492 1367/1498/1487 1373/1504/1493
f 1209/1292/1302 1374/1505/1494 1375/1506/1495
f 1376/1507/1496 1368/1499/1488 1374/1505/1494
f 1374/1505/1494 1371/1502/1491 1375/1506/1495
f 1374/1505/1494 1367/1498/1487 1377/1508/1497
f 1378/1509/1498 1379/1510/1499 1138/1221/1232
f 1380/1511/1500 1381/1512/1501 1378/1509/1498
f 1381/1512/1501 1382/1513/1502 1379/1510/1499
f 1381/1512/1501 1383/1514/1503 1384/1515/1504
f 1208/1516/1301 1385/1517/1505 1386/1518/1506
f 1387/1519/1507 1388/1520/1508 1385/1517/1505
f 1386/1518/1506 1383/1514/1509 1380/1511/1510
f 1385/1517/1511 1384/1521/1512 1383/1514/1513
f 1175/1258/1268 1389/1522/1514 1390/1523/1515
f 1391/1524/1516 1384/1515/1517 1389/1522/1514
f 1390/1523/1515 1389/1522/1514 1388/1520/1518
f 1389/1522/1514 1384/1521/1517 1388/1520/1518
f 1188/1271/1281 1392/1525/1519 1393/1526/1520
f 1394/1527/1521 1395/1528/1522 1392/1525/1519
f 1393/1526/1520 1396/1529/1523 1397/1530/1524
f 1392/1525/1519 1398/1531/1525 1396/1529/1523
f 1215/1298/1308 1399/1532/1526 1400/1533/1527
f 1401/1534/1528 1402/1535/1529 1399/1532/1526
f 1400/1533/1530 1395/1528/1531 1394/1527/1532
f 1399/1532/1526 1398/1531/1525 1395/1528/1531
f 1403/1536/1533 1404/1537/1534 1241/1538/1334
f 1397/1530/1524 1405/1539/1535 1403/1536/1533
f 1405/1539/1535 1406/1540/1536 1404/1537/1534
f 1396/1529/1523 1402/1535/1529 1405/1539/1535
f 1407/1541/1537 1408/1542/1538 1227/1310/1320
f 1409/1543/1539 1410/1544/1540 1407/1541/1537
f 1410/1544/1540 1411/1545/1541 1408/1542/1538
f 1412/1546/1542 1413/1547/1543 1242/1548/1335
f 1414/1549/1544 1415/1550/1545 1412/1546/1542
f 1415/1550/1545 1409/1543/1539 1413/1547/1543
f 1416/1551/1546 1417/1552/1547 1418/1553/1548
f 1411/1545/1541 1419/1554/1549 1416/1551/1546
f 1419/1554/1549 1414/1549/1544 1417/1552/1547
f 1226/1309/1319 1420/1555/1550 1421/1556/1551
f 1422/1557/1552 1423/1558/1553 1420/1555/1550
f 1421/1556/1551 1420/1555/1550 1424/1559/1554
f 1420/1555/1550 1425/1560/1555 1424/1559/1554
f 1426/1561/1556 1427/1562/1557 1131/1563/1225
f 1428/1564/1558 1429/1565/1559 1426/1561/1556
f 1429/1565/1559 1430/1566/1560 1427/1562/1557
f 1431/1567/1561 1423/1558/1553 1429/1565/1559
f 1432/1568/1562 1433/1569/1563 1434/1570/1564
f 1435/1571/1565 1424/1559/1566 1433/1569/1563
f 1434/1570/1564 1431/1567/1561 1428/1564/1558
f 1433/1569/1563 1425/1560/1555 1431/1567/1561
f 1436/1572/1567 1437/1573/1568 1132/1215/1226
f 1438/1574/1569 1439/1575/1570 1436/1572/1567
f 1439/1575/1570 1440/1576/1571 1437/1573/1568
f 1439/1575/1570 1441/1577/1572 1442/1578/1573
f 1443/1579/1574 1444/1580/1575 1220/1303/1313
f 1445/1581/1576 1446/1582/1577 1443/1579/1574
f 1446/1582/1577 1438/1574/1569 1444/1580/1575
f 1447/1583/1578 1441/1577/1572 1446/1582/1577
f 1448/1584/1579 1449/1585/1580 1229/1586/1322
f 1440/1576/1571 1450/1587/1581 1448/1584/1579
f 1450/1587/1581 1445/1581/1576 1449/1585/1580
f 1450/1587/1581 1442/1588/1573 1447/1583/1578
f 1247/1330/1340 1451/1589/1582 1452/1590/1583
f 1453/1591/1584 1454/1592/1585 1451/1589/1582
f 1452/1590/1583 1451/1589/1582 1455/1593/1586
f 1451/1589/1582 1456/1594/1587 1455/1593/1586
f 1457/1595/1588 1458/1596/1589 1233/1597/1326
f 1459/1598/1590 1460/1599/1591 1457/1595/1588
f 1460/1599/1591 1461/1600/1592 1458/1596/1589
f 1462/1601/1593 1454/1592/1594 1460/1599/1591
f 1463/1602/1595 1464/1603/1596 1465/1604/1597
f 1466/1605/1598 1455/1593/1599 1464/1603/1600
f 1465/1604/1597 1462/1601/1601 1459/1598/1590
f 1464/1603/1596 1456/1594/1602 1462/1601/1601
f 1119/1202/1213 1467/1606/1603 1468/1607/1604
f 1469/1608/1605 1470/1609/1606 1467/1606/1603
f 1468/1607/1604 1471/1610/1607 1472/1611/1608
f 1467/1606/1603 1473/1612/1609 1471/1610/1607
f 1221/1304/1314 1474/1613/1610 1475/1614/1611
f 1476/1615/1612 1477/1616/1613 1474/1613/1610
f 1475/1614/1611 1474/1613/1610 1470/1609/1614
f 1474/1613/1610 1473/1612/1609 1470/1609/1614
f 1478/1617/1615 1479/1618/1616 1246/1619/1339
f 1472/1611/1608 1480/1620/1617 1478/1617/1615
f 1480/1620/1617 1481/1621/1618 1479/1618/1616
f 1471/1610/1607 1477/1616/1613 1480/1620/1617
f 1251/1334/1344 1482/1622/1619 1483/1623/1620
f 1484/1624/1621 1485/1625/1622 1482/1622/1619
f 1483/1623/1623 1486/1626/1624 1487/1627/1625
f 1482/1622/1626 1488/1628/1627 1486/1626/1624
f 1489/1629/1628 1490/1630/1629 1122/1631/1216
f 1491/1632/1630 1492/1633/1631 1489/1629/1628
f 1492/1633/1631 1493/1634/1632 1490/1630/1629
f 1213/1296/1306 1486/1635/1633 1494/1636/1634
f 1495/1637/1635 1487/1627/1636 1486/1635/1633
f 1494/1636/1634 1485/1638/1637 1491/1632/1630
f 1486/1626/1638 1488/1628/1639 1485/1638/1638
f 1496/1639/1640 1497/1640/1641 1498/1641/1642
f 1499/1642/1643 1500/1643/1644 1496/1639/1640
f 1500/1643/1644 1501/1644/1645 1497/1640/1641
f 1500/1643/1644 1502/1645/1646 1503/1646/1647
f 1504/1647/1648 1505/1648/1649 1210/1293/1303
f 1506/1649/1650 1507/1650/1651 1504/1647/1648
f 1507/1650/1651 1499/1642/1643 1505/1648/1649
f 1507/1650/1651 1508/1651/1652 1502/1652/1646
f 1509/1653/1653 1510/1654/1654 1110/1655/1204
f 1501/1644/1645 1511/1656/1655 1509/1653/1653
f 1511/1656/1655 1506/1649/1650 1510/1654/1654
f 1503/1646/1647 1508/1651/1652 1511/1656/1655
f 1108/1191/1202 1512/1657/1656 1513/1658/1657
f 1514/1659/1658 1515/1660/1659 1512/1657/1656
f 1513/1658/1657 1516/1661/1660 1517/1662/1661
f 1512/1663/1662 1518/1664/1663 1516/1661/1664
f 1212/1295/1305 1512/1665/1665 1519/1666/1666
f 1520/1667/1667 1516/1668/1668 1512/1665/1665
f 1519/1666/1666 1512/1663/1665 1515/1660/1669
f 1521/1669/1670 1522/1670/1671 1237/1671/1330
f 1517/1662/1661 1523/1672/1672 1521/1669/1670
f 1523/1672/1673 1524/1673/1674 1522/1670/1671
f 1167/1250/1260 1525/1674/1675 1358/1487/1476
f 1358/1487/1476 1526/1675/1676 1351/1477/1464
f 1526/1675/1676 1349/1475/1461 1351/1477/1464
f 1527/1676/1677 1150/1233/1243 1349/1475/1461
f 1166/1249/1259 1363/1494/1483 1525/1674/1675
f 1525/1674/1675 1366/1497/1486 1526/1675/1676
f 1366/1497/1486 1527/1676/1677 1526/1675/1676
f 1376/1507/1496 1168/1251/1261 1527/1676/1677
f 1160/1243/1253 1369/1500/1489 1161/1244/1254
f 1528/1677/1678 1371/1502/1491 1369/1500/1489
f 1371/1502/1491 1529/1678/1679 1375/1506/1495
f 1375/1506/1495 1147/1230/1241 1209/1292/1302
f 1138/1221/1232 1528/1677/1678 1160/1243/1253
f 1379/1510/1499 1530/1679/1680 1528/1677/1678
f 1382/1513/1502 1529/1678/1679 1530/1679/1680
f 1529/1678/1679 1175/1258/1268 1147/1230/1241
f 1195/1278/1288 1387/1680/1507 1208/1291/1301
f 1531/1681/1681 1390/1682/1682 1387/1519/1507
f 1390/1523/1515 1149/1232/1242 1175/1258/1268
f 1195/1278/1288 1355/1481/1468 1531/1683/1681
f 1531/1681/1681 1350/1476/1472 1149/1684/1683
f 1149/1684/1684 1350/1476/1462 1150/1473/1463
f 1207/1290/1300 1532/1685/1685 1344/1468/1455
f 1344/1468/1455 1533/1686/1686 1339/1460/1450
f 1533/1686/1686 1335/1455/1446 1339/1460/1450
f 1534/1687/1687 1187/1270/1280 1335/1455/1446
f 1203/1286/1296 1370/1501/1490 1532/1685/1685
f 1532/1685/1685 1364/1495/1484 1533/1686/1686
f 1364/1495/1484 1534/1687/1687 1533/1686/1686
f 1362/1493/1482 1181/1264/1274 1534/1687/1687
f 1196/1279/1289 1356/1482/1469 1197/1280/1290
f 1535/1688/1688 1361/1689/1689 1356/1482/1469
f 1361/1689/1689 1536/1690/1690 1359/1691/1691
f 1536/1692/1690 1167/1250/1260 1359/1488/1477
f 1196/1279/1289 1341/1462/1452 1535/1688/1688
f 1535/1688/1688 1337/1457/1448 1536/1693/1690
f 1536/1693/1690 1337/1457/1448 1336/1456/1447
f 1336/1694/1447 1135/1218/1229 1536/1692/1690
f 1158/1241/1251 1342/1695/1453 1156/1239/1249
f 1537/1696/1692 1347/1471/1693 1342/1463/1453
f 1347/1471/1458 1538/1697/1694 1345/1469/1456
f 1538/1697/1694 1207/1290/1300 1345/1469/1456
f 1158/1241/1251 1386/1698/1506 1537/1699/1692
f 1537/1696/1692 1380/1511/1510 1538/1700/1695
f 1538/1700/1694 1380/1511/1500 1378/1509/1498
f 1538/1697/1694 1138/1221/1232 1137/1220/1231
f 1270/1359/1366 1539/1701/1696 1271/1702/1367
f 1271/1702/1367 1540/1703/1697 1277/1704/1378
f 1541/1705/1698 1274/1363/1699 1278/1706/1700
f 1274/1363/1699 1153/1236/1246 1222/1305/1315
f 1099/1182/1193 1539/1701/1696 1116/1199/1210
f 1253/1336/1346 1540/1703/1697 1539/1701/1696
f 1256/1339/1349 1541/1705/1698 1540/1703/1697
f 1264/1348/1357 1153/1236/1246 1541/1705/1698
f 1165/1248/1258 1542/1707/1701 1123/1206/1217
f 1543/1708/1702 1544/1709/1703 1282/1374/1704
f 1544/1709/1703 1280/1371/1705 1282/1374/1704
f 1545/1710/1706 1224/1307/1317 1280/1371/1380
f 1165/1248/1258 1264/1349/1357 1543/1708/1702
f 1543/1708/1702 1262/1345/1355 1544/1709/1703
f 1544/1709/1703 1259/1342/1352 1545/1710/1706
f 1545/1710/1706 1261/1344/1354 1143/1226/1237
f 1223/1306/1316 1273/1362/1707 1222/1305/1315
f 1546/1711/1708 1278/1369/1709 1273/1362/1707
f 1547/1712/1710 1276/1365/1373 1278/1369/1709
f 1548/1713/1711 1142/1225/1236 1276/1365/1373
f 1223/1306/1316 1542/1714/1701 1546/1711/1708
f 1546/1711/1708 1284/1378/1712 1547/1712/1710
f 1547/1712/1710 1280/1377/1713 1548/1713/1711
f 1548/1713/1711 1154/1237/1247 1140/1223/1234
f 1297/1399/1402 1549/1715/1714 1295/1397/1400
f 1295/1397/1400 1550/1716/1715 1298/1409/1403
f 1298/1409/1403 1551/1717/1716 1304/1408/1409
f 1304/1408/1409 1185/1268/1278 1228/1311/1321
f 1126/1209/1220 1549/1715/1714 1205/1288/1298
f 1266/1351/1717 1550/1716/1715 1549/1715/1714
f 1268/1354/1718 1551/1717/1716 1550/1716/1715
f 1552/1718/1719 1185/1268/1278 1551/1717/1716
f 1310/1416/1720 1553/1719/1721 1308/1414/1722
f 1308/1414/1722 1554/1720/1723 1314/1721/1724
f 1314/1721/1724 1555/1722/1725 1556/1723/1726
f 1556/1723/1726 1244/1327/1337 1113/1196/1207
f 1169/1252/1262 1553/1719/1721 1178/1261/1271
f 1306/1411/1411 1554/1720/1723 1553/1719/1721
f 1302/1405/1407 1555/1722/1725 1554/1720/1723
f 1304/1407/1409 1244/1327/1337 1555/1722/1725
f 1115/1198/1209 1556/1724/1726 1113/1196/1207
f 1557/1725/1727 1315/1424/1728 1556/1724/1726
f 1558/1726/1729 1312/1420/1420 1315/1424/1728
f 1559/1727/1730 1177/1260/1270 1312/1420/1420
f 1115/1198/1209 1552/1728/1719 1557/1725/1727
f 1557/1725/1727 1269/1357/1731 1558/1726/1729
f 1558/1726/1729 1266/1358/1732 1559/1727/1730
f 1559/1727/1730 1171/1254/1264 1173/1256/1266
f 1163/1246/1256 1293/1395/1733 1102/1185/1196
f 1560/1729/1734 1561/1730/1735 1289/1731/1391
f 1561/1730/1735 1286/1383/1388 1289/1731/1391
f 1562/1732/1736 1250/1333/1343 1286/1383/1388
f 1163/1246/1256 1323/1437/1737 1560/1729/1734
f 1560/1729/1734 1318/1438/1426 1561/1730/1735
f 1561/1730/1735 1316/1427/1424 1562/1732/1736
f 1562/1732/1736 1200/1283/1293 1202/1285/1295
f 1234/1317/1327 1323/1434/1737 1186/1269/1279
f 1563/1733/1738 1324/1442/1432 1323/1434/1737
f 1564/1734/1739 1327/1440/1435 1324/1442/1432
f 1565/1735/1740 1190/1273/1283 1327/1440/1435
f 1234/1317/1327 1566/1736/1741 1563/1733/1738
f 1563/1733/1738 1330/1737/1742 1564/1734/1739
f 1564/1734/1739 1328/1445/1743 1565/1735/1740
f 1565/1735/1740 1105/1188/1199 1107/1190/1201
f 1248/1331/1341 1566/1738/1741 1235/1318/1328
f 1567/1739/1744 1333/1453/1745 1566/1738/1741
f 1568/1740/1746 1332/1449/1747 1333/1453/1745
f 1569/1741/1748 1198/1281/1291 1332/1449/1747
f 1248/1331/1341 1294/1396/1749 1567/1739/1744
f 1567/1739/1744 1292/1393/1750 1568/1740/1746
f 1568/1740/1746 1287/1392/1393 1569/1741/1748
f 1569/1741/1748 1290/1389/1392 1192/1275/1285
f 1241/1538/1334 1570/1742/1751 1403/1536/1533
f 1403/1536/1533 1571/1743/1752 1397/1530/1524
f 1397/1530/1524 1572/1744/1753 1393/1526/1520
f 1393/1526/1520 1189/1272/1282 1188/1271/1281
f 1240/1745/1333 1413/1547/1543 1570/1742/1751
f 1570/1742/1751 1409/1543/1539 1571/1743/1752
f 1571/1743/1752 1407/1541/1537 1572/1744/1753
f 1572/1744/1753 1227/1310/1320 1189/1272/1282
f 1214/1297/1307 1422/1557/1552 1226/1309/1319
f 1573/1746/1754 1430/1566/1560 1422/1557/1552
f 1574/1747/1755 1427/1562/1557 1430/1566/1560
f 1575/1748/1756 1131/1563/1225 1427/1562/1557
f 1418/1553/1548 1573/1746/1754 1214/1297/1307
f 1417/1552/1547 1574/1747/1755 1573/1746/1754
f 1414/1549/1544 1575/1748/1756 1574/1747/1755
f 1412/1546/1542 1129/1749/1223 1575/1748/1756
f 1217/1300/1310 1401/1534/1528 1215/1298/1308
f 1576/1750/1757 1406/1540/1536 1401/1534/1528
f 1577/1751/1758 1404/1537/1534 1406/1540/1536
f 1578/1752/1759 1241/1538/1334 1404/1537/1534
f 1217/1300/1310 1434/1570/1564 1576/1750/1757
f 1576/1750/1757 1428/1564/1558 1577/1751/1758
f 1577/1751/1758 1426/1561/1556 1578/1752/1759
f 1578/1752/1759 1131/1563/1225 1130/1753/1224
f 1231/1754/1324 1448/1584/1579 1229/1586/1322
f 1579/1755/1760 1440/1576/1571 1448/1584/1579
f 1580/1756/1761 1437/1573/1568 1440/1576/1571
f 1581/1757/1762 1132/1215/1226 1437/1573/1568
f 1233/1597/1326 1579/1755/1760 1231/1754/1324
f 1458/1596/1589 1580/1756/1761 1579/1755/1760
f 1461/1600/1592 1581/1757/1762 1580/1756/1761
f 1453/1591/1584 1133/1216/1227 1581/1757/1762
f 1246/1619/1339 1582/1758/1763 1478/1617/1615
f 1478/1617/1615 1583/1759/1764 1472/1611/1608
f 1472/1611/1608 1584/1760/1765 1468/1607/1604
f 1468/1607/1604 1120/1203/1214 1119/1202/1213
f 1245/1761/1338 1449/1585/1580 1582/1758/1763
f 1582/1758/1763 1445/1581/1576 1583/1759/1764
f 1583/1759/1764 1443/1579/1574 1584/1760/1765
f 1584/1760/1765 1220/1303/1313 1120/1203/1214
f 1219/1302/1312 1476/1615/1612 1221/1304/1314
f 1585/1762/1766 1481/1621/1618 1476/1615/1612
f 1586/1763/1767 1479/1618/1616 1481/1621/1618
f 1587/1764/1768 1246/1619/1339 1479/1618/1616
f 1219/1302/1312 1465/1604/1597 1585/1762/1766
f 1585/1762/1766 1459/1598/1590 1586/1763/1767
f 1586/1763/1767 1457/1595/1588 1587/1764/1768
f 1587/1764/1768 1233/1597/1326 1232/1765/1325
f 1239/1322/1332 1484/1624/1621 1251/1334/1344
f 1588/1766/1769 1493/1634/1632 1484/1624/1621
f 1589/1767/1770 1490/1630/1629 1493/1634/1632
f 1590/1768/1771 1122/1631/1216 1490/1630/1629
f 1498/1641/1642 1588/1766/1769 1239/1322/1332
f 1497/1640/1641 1589/1767/1770 1588/1766/1769
f 1501/1644/1645 1590/1768/1771 1589/1767/1770
f 1509/1653/1653 1112/1769/1206 1590/1768/1771
f 1210/1293/1303 1591/1770/1772 1504/1647/1648
f 1504/1647/1648 1592/1771/1773 1506/1649/1650
f 1506/1649/1650 1593/1772/1774 1510/1654/1654
f 1510/1654/1654 1236/1773/1329 1110/1655/1204
f 1109/1192/1203 1513/1658/1657 1591/1770/1772
f 1591/1770/1772 1517/1662/1661 1592/1771/1773
f 1592/1771/1773 1521/1669/1670 1593/1772/1774
f 1593/1772/1774 1237/1671/1330 1236/1773/1329
f 1211/1294/1304 1520/1667/1667 1212/1295/1305
f 1594/1774/1775 1524/1673/1674 1520/1667/1667
f 1595/1775/1776 1522/1670/1671 1524/1673/1674
f 1596/1776/1777 1237/1671/1330 1522/1670/1671
f 1211/1294/1304 1494/1636/1634 1594/1774/1775
f 1594/1774/1775 1491/1632/1630 1595/1775/1776
f 1595/1775/1776 1489/1629/1628 1596/1776/1777
f 1596/1776/1777 1122/1631/1216 1121/1777/1215
f 1101/1184/1195 1252/1335/1345 1099/1182/1193
f 1597/1778/1778 1254/1337/1779 1252/1335/1345
f 1598/1779/1780 1260/1343/1353 1254/1337/1779
f 1599/1780/1781 1261/1344/1354 1260/1343/1353
f 1227/1310/1320 1597/1778/1778 1101/1184/1195
f 1408/1542/1538 1598/1779/1780 1597/1778/1778
f 1411/1545/1541 1599/1780/1781 1598/1779/1780
f 1416/1551/1546 1144/1227/1238 1599/1780/1781
f 1432/1568/1562 1600/1781/1782 1435/1571/1783
f 1435/1571/1565 1601/1782/1784 1421/1783/1785
f 1421/1556/1551 1225/1308/1318 1226/1309/1319
f 1216/1299/1309 1283/1376/1383 1600/1781/1782
f 1600/1781/1784 1279/1381/1786 1601/1782/1784
f 1601/1784/1787 1224/1307/1317 1225/1308/1318
f 1128/1211/1222 1265/1350/1788 1126/1209/1220
f 1265/1785/1789 1602/1786/1790 1603/1787/1791
f 1265/1356/1792 1218/1301/1311 1171/1254/1264
f 1247/1330/1340 1602/1788/1793 1128/1211/1222
f 1452/1789/1794 1603/1787/1791 1602/1786/1790
f 1603/1787/1795 1463/1602/1595 1218/1301/1311
f 1179/1262/1272 1469/1608/1796 1119/1202/1213
f 1604/1790/1797 1475/1791/1798 1469/1608/1605
f 1605/1792/1799 1221/1304/1314 1475/1614/1611
f 1310/1416/1720 1604/1790/1800 1179/1262/1272
f 1604/1790/1797 1309/1421/1797 1605/1793/1801
f 1605/1793/1801 1309/1421/1797 1313/1419/1797
f 1313/1419/1419 1176/1259/1269 1605/1792/1799
f 1190/1273/1283 1606/1794/1802 1326/1439/1434
f 1326/1439/1434 1607/1795/1803 1320/1431/1804
f 1320/1431/1804 1608/1796/1805 1317/1428/1425
f 1317/1428/1425 1238/1321/1331 1200/1283/1293
f 1191/1274/1284 1505/1648/1649 1606/1794/1802
f 1606/1794/1802 1499/1642/1643 1607/1795/1803
f 1607/1795/1803 1496/1639/1640 1608/1796/1805
f 1608/1796/1805 1498/1641/1642 1238/1321/1331
f 1193/1276/1286 1495/1637/1635 1213/1296/1306
f 1495/1637/1635 1609/1797/1806 1487/1627/1636
f 1487/1627/1807 1610/1798/1808 1483/1623/1809
f 1483/1623/1620 1249/1332/1342 1251/1334/1344
f 1290/1389/1392 1609/1799/1806 1193/1276/1286
f 1609/1799/1810 1291/1391/1811 1285/1384/1811
f 1609/1797/1810 1285/1382/1811 1610/1798/1808
f 1610/1798/1812 1250/1333/1343 1249/1332/1342
f 1117/1200/1211 1394/1800/1521 1188/1271/1281
f 1394/1527/1532 1611/1801/1813 1400/1533/1530
f 1400/1533/1527 1141/1224/1235 1215/1298/1308
f 1270/1359/1366 1612/1802/1814 1117/1200/1211
f 1272/1803/1815 1611/1801/1813 1612/1804/1813
f 1611/1801/1816 1142/1225/1236 1141/1224/1235
f 1170/1253/1263 1305/1410/1410 1169/1252/1262
f 1613/1805/1817 1300/1403/1818 1305/1410/1410
f 1614/1806/1819 1296/1398/1401 1300/1403/1818
f 1615/1807/1820 1297/1399/1402 1296/1398/1401
f 1220/1303/1313 1613/1805/1817 1170/1253/1263
f 1613/1805/1817 1438/1574/1569 1614/1806/1819
f 1438/1574/1569 1615/1807/1820 1614/1806/1819
f 1615/1807/1820 1132/1215/1226 1206/1289/1299
f 1199/1282/1292 1329/1448/1821 1198/1281/1291
f 1616/1808/1822 1105/1188/1199 1329/1444/1823
f 1199/1282/1292 1519/1666/1666 1616/1809/1824
f 1616/1809/1824 1519/1666/1666 1515/1660/1825
f 1616/1810/1822 1515/1660/1826 1514/1659/1658
f 1514/1659/1658 1617/1811/1827 1616/1808/1822
f 1332/1452/1441 1328/1451/1437 1331/1447/1828
f 1556/1723/1829 1315/1812/1829 1314/1721/1830
f 1552/1718/1719 1268/1354/1831 1269/1813/1731
f 1566/1736/1741 1333/1814/1745 1330/1737/1832
f 1340/1461/1451 1156/1239/1249 1342/1695/1453
f 1338/1467/1449 1340/1461/1451 1343/1815/1459
f 1102/1185/1196 1248/1331/1341 1103/1186/1197
f 1110/1193/1204 1236/1319/1329 1111/1194/1205
f 1113/1196/1207 1139/1222/1233 1114/1197/1208
f 1118/1201/1212 1179/1262/1272 1119/1202/1213
f 1112/1195/1206 1111/1194/1205 1121/1204/1215
f 1126/1209/1220 1205/1288/1298 1127/1210/1221
f 1127/1210/1221 1206/1289/1299 1132/1215/1226
f 1136/1219/1230 1114/1197/1208 1137/1220/1231
f 1139/1222/1233 1207/1290/1300 1137/1220/1231
f 1146/1229/1240 1209/1292/1302 1147/1230/1241
f 1104/1187/1198 1103/1186/1197 1149/1232/1242
f 1156/1239/1249 1196/1279/1289 1157/1240/1250
f 1159/1242/1252 1184/1267/1277 1160/1243/1253
f 1102/1185/1196 1104/1187/1198 1162/1245/1255
f 1104/1187/1198 1150/1233/1243 1168/1251/1261
f 1169/1252/1262 1178/1261/1271 1118/1201/1212
f 1171/1254/1264 1218/1301/1311 1172/1255/1265
f 1174/1257/1267 1175/1258/1268 1149/1232/1242
f 1174/1257/1267 1148/1231/1205 1147/1230/1241
f 1173/1256/1266 1172/1255/1265 1176/1259/1269
f 1178/1261/1271 1310/1416/1720 1179/1262/1272
f 1183/1266/1276 1136/1219/1230 1184/1267/1277
f 1186/1269/1279 1163/1246/1256 1162/1245/1255
f 1200/1283/1293 1238/1321/1331 1201/1284/1294
f 1159/1242/1252 1161/1244/1254 1203/1286/1296
f 1136/1219/1230 1138/1221/1232 1160/1243/1253
f 1205/1288/1298 1297/1399/1402 1206/1289/1299
f 1139/1222/1233 1204/1287/1297 1203/1286/1296
f 1158/1241/1251 1157/1240/1250 1195/1278/1288
f 1146/1229/1240 1162/1245/1255 1168/1251/1261
f 1218/1301/1311 1463/1602/1595 1219/1302/1312
f 1170/1253/1263 1118/1201/1212 1120/1203/1214
f 1172/1255/1265 1219/1302/1312 1221/1304/1314
f 1183/1266/1276 1115/1198/1209 1114/1197/1208
f 1228/1311/1321 1185/1268/1278 1184/1267/1277
f 1229/1312/1322 1245/1328/1338 1230/1313/1323
f 1231/1314/1324 1230/1313/1323 1232/1315/1325
f 1186/1269/1279 1146/1229/1240 1148/1231/1205
f 1235/1318/1328 1234/1317/1327 1148/1231/1205
f 1121/1204/1215 1111/1194/1205 1236/1319/1329
f 1238/1321/1331 1498/1641/1642 1239/1322/1332
f 1228/1311/1321 1159/1242/1252 1204/1287/1297
f 1113/1196/1207 1244/1327/1337 1204/1287/1297
f 1232/1315/1325 1230/1313/1323 1245/1328/1338
f 1128/1211/1222 1127/1210/1221 1133/1216/1227
f 1235/1318/1328 1174/1257/1267 1103/1186/1197
f 1202/1285/1295 1201/1284/1294 1249/1332/1342
f 1201/1284/1294 1239/1322/1332 1251/1334/1344
f 1526/1675/1676 1527/1676/1677 1349/1475/1461
f 1376/1507/1496 1209/1292/1302 1168/1251/1261
f 1160/1243/1253 1528/1677/1678 1369/1500/1489
f 1371/1502/1491 1530/1679/1680 1529/1678/1679
f 1375/1506/1495 1529/1678/1679 1147/1230/1241
f 1379/1510/1499 1382/1513/1502 1530/1679/1680
f 1382/1513/1502 1391/1524/1516 1529/1678/1679
f 1529/1678/1679 1391/1524/1516 1175/1258/1268
f 1531/1681/1681 1149/1684/1683 1390/1682/1682
f 1531/1681/1681 1355/1816/1468 1350/1476/1472
f 1344/1468/1455 1532/1685/1685 1533/1686/1686
f 1534/1687/1687 1181/1264/1274 1187/1270/1280
f 1364/1495/1484 1362/1493/1482 1534/1687/1687
f 1158/1241/1251 1537/1699/1692 1342/1695/1453
f 1537/1696/1692 1538/1700/1695 1347/1471/1693
f 1538/1697/1694 1137/1220/1231 1207/1290/1300
f 1158/1241/1251 1208/1291/1301 1386/1698/1506
f 1537/1696/1692 1386/1518/1506 1380/1511/1510
f 1538/1697/1694 1378/1509/1498 1138/1221/1232
f 1297/1399/1402 1205/1288/1298 1549/1715/1714
f 1298/1409/1403 1550/1716/1715 1551/1717/1716
f 1126/1209/1220 1266/1351/1833 1549/1715/1714
f 1268/1354/1718 1552/1718/1719 1551/1717/1716
f 1310/1416/1720 1178/1261/1271 1553/1719/1721
f 1308/1414/1722 1553/1719/1721 1554/1720/1723
f 1314/1721/1724 1554/1720/1723 1555/1722/1725
f 1556/1723/1726 1555/1722/1725 1244/1327/1337
f 1169/1252/1262 1306/1411/1411 1553/1719/1721
f 1302/1405/1407 1304/1407/1409 1555/1722/1725
f 1558/1726/1729 1559/1727/1730 1312/1420/1420
f 1115/1198/1209 1183/1266/1276 1552/1728/1719
f 1558/1726/1729 1269/1357/1731 1266/1358/1732
f 1559/1727/1730 1266/1358/1834 1171/1254/1264
f 1163/1246/1256 1560/1729/1734 1293/1395/1733
f 1292/1817/1395 1293/1395/1733 1289/1731/1391
f 1293/1395/1733 1560/1729/1734 1289/1731/1391
f 1561/1730/1735 1562/1732/1736 1286/1383/1388
f 1163/1246/1256 1186/1269/1279 1323/1437/1737
f 1561/1730/1735 1318/1438/1426 1316/1427/1424
f 1562/1732/1736 1316/1427/1424 1200/1283/1293
f 1248/1331/1341 1567/1739/1744 1566/1738/1741
f 1569/1741/1748 1192/1275/1285 1198/1281/1291
f 1579/1755/1760 1580/1756/1761 1440/1576/1571
f 1580/1756/1761 1581/1757/1762 1437/1573/1568
f 1233/1597/1326 1458/1596/1589 1579/1755/1760
f 1453/1591/1584 1247/1330/1340 1133/1216/1227
f 1468/1607/1604 1584/1760/1765 1120/1203/1214
f 1582/1758/1763 1449/1585/1580 1445/1581/1576
f 1583/1759/1764 1445/1581/1576 1443/1579/1574
f 1584/1760/1765 1443/1579/1574 1220/1303/1313
f 1239/1322/1332 1588/1766/1769 1484/1624/1621
f 1590/1768/1771 1112/1769/1206 1122/1631/1216
f 1497/1640/1641 1501/1644/1645 1589/1767/1770
f 1501/1644/1645 1509/1653/1653 1590/1768/1771
f 1509/1653/1653 1110/1655/1204 1112/1769/1206
f 1099/1182/1193 1116/1199/1210 1100/1183/1194
f 1105/1188/1199 1617/1811/1827 1106/1189/1200
f 1106/1189/1200 1617/1811/1827 1108/1191/1202
f 1116/1199/1210 1270/1359/1366 1117/1200/1211
f 1123/1206/1217 1223/1306/1316 1124/1207/1218
f 1129/1212/1223 1243/1326/1336 1130/1213/1224
f 1134/1217/1228 1167/1250/1260 1135/1218/1229
f 1140/1223/1234 1155/1238/1248 1141/1224/1235
f 1143/1226/1237 1261/1344/1354 1144/1227/1238
f 1151/1234/1244 1180/1263/1273 1152/1235/1245
f 1154/1237/1247 1216/1299/1309 1155/1238/1248
f 1123/1206/1217 1125/1208/1219 1164/1247/1257
f 1134/1217/1228 1152/1235/1245 1166/1249/1259
f 1180/1263/1273 1164/1247/1257 1181/1264/1274
f 1125/1208/1219 1187/1270/1280 1181/1264/1274
f 1125/1208/1219 1124/1207/1218 1135/1218/1229
f 1100/1183/1194 1117/1200/1211 1188/1271/1281
f 1190/1273/1283 1107/1190/1201 1106/1189/1200
f 1192/1275/1285 1290/1389/1392 1193/1276/1286
f 1195/1278/1288 1157/1240/1250 1196/1279/1289
f 1180/1263/1273 1182/1265/1275 1166/1249/1259
f 1198/1281/1291 1192/1275/1285 1194/1277/1287
f 1191/1274/1284 1106/1189/1200 1109/1192/1203
f 1199/1282/1292 1194/1277/1287 1211/1294/1304
f 1194/1277/1287 1193/1276/1286 1213/1296/1306
f 1144/1227/1238 1418/1553/1548 1214/1297/1307
f 1155/1238/1248 1217/1300/1310 1215/1298/1308
f 1216/1299/1309 1432/1568/1562 1217/1300/1310
f 1222/1305/1315 1134/1217/1228 1124/1207/1218
f 1224/1307/1317 1143/1226/1237 1145/1228/1239
f 1145/1228/1239 1214/1297/1307 1226/1309/1319
f 1101/1184/1195 1100/1183/1194 1189/1272/1282
f 1151/1234/1244 1165/1248/1258 1164/1247/1257
f 1222/1305/1315 1153/1236/1246 1152/1235/1245
f 1130/1213/1224 1243/1326/1336 1240/1323/1333
f 1242/1325/1335 1240/1323/1333 1243/1326/1336
f 1252/1335/1345 1255/1338/1348 1253/1336/1346
f 1254/1337/1347 1257/1340/1350 1255/1338/1348
f 1255/1338/1348 1258/1341/1351 1256/1339/1349
f 1259/1342/1352 1257/1346/1350 1260/1343/1353
f 1262/1345/1355 1258/1818/1351 1257/1346/1350
f 1256/1339/1349 1258/1341/1351 1263/1347/1356
f 1263/1347/1356 1258/1818/1351 1262/1345/1355
f 1269/1357/1363 1268/1819/1835 1267/1353/1364
f 1273/1362/1369 1278/1706/1836 1274/1363/1370
f 1275/1364/1374 1272/1803/1837 1271/1366/1367
f 1286/1386/1388 1287/1385/1389 1288/1387/1390
f 1293/1395/1397 1292/1817/1838 1294/1396/1398
f 1295/1397/1400 1299/1401/1404 1296/1398/1401
f 1302/1405/1407 1301/1413/1406 1303/1406/1408
f 1305/1410/1410 1307/1412/1412 1306/1411/1411
f 1300/1403/1405 1299/1402/1404 1307/1412/1412
f 1307/1412/1412 1301/1413/1406 1302/1405/1407
f 1308/1414/1413 1312/1418/1839 1309/1415/1414
f 1308/1414/1416 1314/1423/1422 1311/1417/1417
f 1316/1427/1424 1319/1430/1427 1317/1428/1425
f 1319/1430/1427 1322/1433/1430 1320/1431/1428
f 1319/1430/1427 1318/1429/1426 1321/1432/1429
f 1324/1435/1432 1321/1432/1429 1318/1429/1426
f 1326/1439/1434 1322/1441/1430 1327/1440/1435
f 1331/1447/1442 1330/1446/1840 1333/1453/1443
f 1187/1270/1280 1336/1694/1447 1334/1454/1445
f 1335/1455/1446 1334/1454/1445 1338/1459/1449
f 1342/1463/1453 1347/1471/1693 1343/1464/1454
f 1341/1462/1452 1340/1461/1451 1334/1466/1445
f 1344/1468/1455 1346/1470/1457 1345/1469/1456
f 1339/1460/1450 1338/1459/1449 1346/1470/1457
f 1346/1470/1457 1343/1464/1459 1347/1471/1458
f 1350/1476/1462 1352/1478/1465 1348/1474/1460
f 1348/1474/1460 1353/1479/1466 1351/1477/1464
f 1197/1280/1290 1356/1482/1469 1354/1480/1467
f 1356/1482/1469 1361/1689/1689 1357/1483/1470
f 1355/1481/1468 1354/1480/1467 1352/1484/1471
f 1354/1480/1473 1357/1483/1841 1353/1486/1474
f 1358/1487/1476 1360/1489/1478 1359/1488/1477
f 1351/1477/1464 1353/1479/1480 1360/1489/1478
f 1360/1489/1478 1357/1492/1481 1361/1490/1479
f 1362/1493/1482 1365/1496/1485 1363/1494/1483
f 1364/1495/1484 1373/1504/1493 1365/1496/1485
f 1365/1496/1485 1368/1499/1488 1366/1497/1486
f 1365/1496/1485 1373/1504/1493 1367/1498/1487
f 1369/1500/1489 1372/1503/1492 1370/1501/1490
f 1371/1502/1491 1377/1508/1497 1372/1503/1492
f 1372/1503/1492 1373/1504/1493 1364/1495/1484
f 1372/1503/1492 1377/1508/1497 1367/1498/1487
f 1209/1292/1302 1376/1507/1496 1374/1505/1494
f 1376/1507/1496 1366/1497/1486 1368/1499/1488
f 1374/1505/1494 1377/1508/1497 1371/1502/1491
f 1374/1505/1494 1368/1499/1488 1367/1498/1487
f 1378/1509/1498 1381/1512/1501 1379/1510/1499
f 1380/1511/1500 1383/1514/1503 1381/1512/1501
f 1381/1512/1501 1384/1515/1504 1382/1513/1502
f 1208/1516/1301 1387/1519/1507 1385/1517/1505
f 1387/1519/1507 1390/1682/1682 1388/1520/1508
f 1386/1518/1506 1385/1517/1505 1383/1514/1509
f 1385/1517/1511 1388/1520/1842 1384/1521/1512
f 1175/1258/1268 1391/1524/1516 1389/1522/1514
f 1391/1524/1516 1382/1513/1502 1384/1515/1517
f 1188/1271/1281 1394/1800/1521 1392/1525/1519
f 1393/1526/1520 1392/1525/1519 1396/1529/1523
f 1392/1525/1519 1395/1528/1522 1398/1531/1525
f 1215/1298/1308 1401/1534/1528 1399/1532/1526
f 1401/1534/1528 1406/1540/1536 1402/1535/1529
f 1400/1533/1530 1399/1532/1526 1395/1528/1531
f 1399/1532/1526 1402/1535/1529 1398/1531/1525
f 1403/1536/1533 1405/1539/1535 1404/1537/1534
f 1397/1530/1524 1396/1529/1523 1405/1539/1535
f 1405/1539/1535 1402/1535/1529 1406/1540/1536
f 1396/1529/1523 1398/1531/1525 1402/1535/1529
f 1407/1541/1537 1410/1544/1540 1408/1542/1538
f 1409/1543/1539 1618/1820/1843 1410/1544/1540
f 1410/1544/1540 1618/1821/1843 1411/1545/1541
f 1412/1546/1542 1415/1550/1545 1413/1547/1543
f 1414/1549/1544 1618/1822/1843 1415/1550/1545
f 1415/1550/1545 1618/1820/1843 1409/1543/1539
f 1416/1551/1546 1419/1554/1549 1417/1552/1547
f 1411/1545/1541 1618/1821/1843 1419/1554/1549
f 1419/1554/1549 1618/1822/1843 1414/1549/1544
f 1226/1309/1319 1422/1557/1552 1420/1555/1550
f 1422/1557/1552 1430/1566/1560 1423/1558/1553
f 1420/1555/1550 1423/1558/1553 1425/1560/1555
f 1426/1561/1556 1429/1565/1559 1427/1562/1557
f 1428/1564/1558 1431/1567/1561 1429/1565/1559
f 1429/1565/1559 1423/1558/1553 1430/1566/1560
f 1431/1567/1561 1425/1560/1555 1423/1558/1553
f 1432/1568/1562 1435/1571/1783 1433/1569/1563
f 1435/1571/1565 1421/1783/1785 1424/1559/1566
f 1434/1570/1564 1433/1569/1563 1431/1567/1561
f 1433/1569/1563 1424/1559/1566 1425/1560/1555
f 1436/1572/1567 1439/1575/1570 1437/1573/1568
f 1438/1574/1569 1441/1577/1572 1439/1575/1570
f 1439/1575/1570 1442/1578/1573 1440/1576/1571
f 1443/1579/1574 1446/1582/1577 1444/1580/1575
f 1445/1581/1576 1447/1583/1578 1446/1582/1577
f 1446/1582/1577 1441/1577/1572 1438/1574/1569
f 1447/1583/1578 1442/1588/1573 1441/1577/1572
f 1448/1584/1579 1450/1587/1581 1449/1585/1580
f 1440/1576/1571 1442/1578/1573 1450/1587/1581
f 1450/1587/1581 1447/1583/1578 1445/1581/1576
f 1247/1330/1340 1453/1591/1584 1451/1589/1582
f 1453/1591/1584 1461/1600/1592 1454/1592/1585
f 1451/1589/1582 1454/1592/1585 1456/1594/1587
f 1457/1595/1588 1460/1599/1591 1458/1596/1589
f 1459/1598/1590 1462/1601/1593 1460/1599/1591
f 1460/1599/1591 1454/1592/1594 1461/1600/1592
f 1462/1601/1593 1456/1594/1844 1454/1592/1594
f 1463/1602/1595 1466/1605/1845 1464/1603/1596
f 1466/1605/1598 1452/1789/1794 1455/1593/1599
f 1465/1604/1597 1464/1603/1596 1462/1601/1601
f 1464/1603/1596 1455/1593/1846 1456/1594/1602
f 1119/1202/1213 1469/1608/1796 1467/1606/1603
f 1469/1608/1605 1475/1791/1798 1470/1609/1606
f 1468/1607/1604 1467/1606/1603 1471/1610/1607
f 1467/1606/1603 1470/1609/1606 1473/1612/1609
f 1221/1304/1314 1476/1615/1612 1474/1613/1610
f 1476/1615/1612 1481/1621/1618 1477/1616/1613
f 1474/1613/1610 1477/1616/1613 1473/1612/1609
f 1478/1617/1615 1480/1620/1617 1479/1618/1616
f 1472/1611/1608 1471/1610/1607 1480/1620/1617
f 1480/1620/1617 1477/1616/1613 1481/1621/1618
f 1471/1610/1607 1473/1612/1609 1477/1616/1613
f 1251/1334/1344 1484/1624/1621 1482/1622/1619
f 1484/1624/1621 1493/1634/1632 1485/1625/1622
f 1483/1623/1623 1482/1622/1626 1486/1626/1624
f 1482/1622/1626 1485/1625/1847 1488/1628/1627
f 1489/1629/1628 1492/1633/1631 1490/1630/1629
f 1491/1632/1630 1485/1638/1637 1492/1633/1631
f 1492/1633/1631 1485/1625/1622 1493/1634/1632
f 1213/1296/1306 1495/1637/1635 1486/1635/1633
f 1494/1636/1634 1486/1635/1848 1485/1638/1637
f 1496/1639/1640 1500/1643/1644 1497/1640/1641
f 1499/1642/1643 1502/1652/1646 1500/1643/1644
f 1500/1643/1644 1503/1646/1647 1501/1644/1645
f 1504/1647/1648 1507/1650/1651 1505/1648/1649
f 1506/1649/1650 1508/1651/1652 1507/1650/1651
f 1507/1650/1651 1502/1652/1646 1499/1642/1643
f 1509/1653/1653 1511/1656/1655 1510/1654/1654
f 1501/1644/1645 1503/1646/1647 1511/1656/1655
f 1511/1656/1655 1508/1651/1652 1506/1649/1650
f 1503/1646/1647 1502/1645/1646 1508/1651/1652
f 1108/1191/1202 1514/1659/1658 1512/1657/1656
f 1513/1658/1657 1512/1657/1656 1516/1661/1660
f 1212/1295/1305 1520/1667/1667 1512/1665/1665
f 1520/1667/1667 1524/1673/1674 1516/1668/1668
f 1521/1669/1670 1523/1672/1672 1522/1670/1671
f 1517/1662/1661 1516/1661/1660 1523/1672/1672
f 1523/1672/1673 1516/1668/1668 1524/1673/1674
f 1167/1250/1260 1166/1249/1259 1525/1674/1675
f 1358/1487/1476 1525/1674/1675 1526/1675/1676
f 1527/1676/1677 1168/1251/1261 1150/1233/1243
f 1166/1249/1259 1182/1265/1275 1363/1494/1483
f 1525/1674/1675 1363/1494/1483 1366/1497/1486
f 1366/1497/1486 1376/1507/1496 1527/1676/1677
f 1528/1677/1678 1530/1679/1680 1371/1502/1491
f 1138/1221/1232 1379/1510/1499 1528/1677/1678
f 1195/1278/1288 1531/1683/1681 1387/1680/1507
f 1195/1278/1288 1197/1280/1290 1355/1481/1468
f 1207/1290/1300 1203/1286/1296 1532/1685/1685
f 1533/1686/1686 1534/1687/1687 1335/1455/1446
f 1203/1286/1296 1161/1244/1254 1370/1501/1490
f 1532/1685/1685 1370/1501/1490 1364/1495/1484
f 1362/1493/1482 1182/1265/1275 1181/1264/1274
f 1196/1279/1289 1535/1688/1688 1356/1482/1469
f 1535/1688/1688 1536/1693/1690 1361/1689/1689
f 1536/1692/1690 1135/1218/1229 1167/1250/1260
f 1196/1279/1289 1156/1239/1249 1341/1462/1452
f 1535/1688/1688 1341/1462/1452 1337/1457/1448
f 1336/1694/1447 1187/1270/1280 1135/1218/1229
f 1270/1359/1366 1116/1199/1210 1539/1701/1696
f 1271/1702/1367 1539/1701/1696 1540/1703/1697
f 1278/1706/1700 1277/1704/1378 1541/1705/1698
f 1277/1704/1378 1540/1703/1697 1541/1705/1698
f 1274/1363/1699 1541/1705/1698 1153/1236/1246
f 1099/1182/1193 1253/1336/1346 1539/1701/1696
f 1253/1336/1346 1256/1339/1349 1540/1703/1697
f 1256/1339/1349 1264/1348/1357 1541/1705/1698
f 1264/1348/1357 1151/1234/1244 1153/1236/1246
f 1165/1248/1258 1543/1708/1702 1542/1707/1701
f 1284/1823/1849 1542/1707/1701 1282/1374/1704
f 1542/1707/1701 1543/1708/1702 1282/1374/1704
f 1544/1709/1703 1545/1710/1706 1280/1371/1705
f 1545/1710/1706 1143/1226/1237 1224/1307/1317
f 1165/1248/1258 1151/1234/1244 1264/1349/1357
f 1543/1708/1702 1264/1349/1357 1262/1345/1355
f 1544/1709/1703 1262/1345/1355 1259/1342/1352
f 1545/1710/1706 1259/1342/1352 1261/1344/1354
f 1223/1306/1316 1546/1711/1708 1273/1362/1707
f 1546/1711/1708 1547/1712/1710 1278/1369/1709
f 1547/1712/1710 1548/1713/1711 1276/1365/1373
f 1548/1713/1711 1140/1223/1234 1142/1225/1236
f 1223/1306/1316 1123/1206/1217 1542/1714/1701
f 1546/1711/1708 1542/1714/1701 1284/1378/1712
f 1547/1712/1710 1284/1378/1712 1280/1377/1713
f 1548/1713/1711 1280/1377/1382 1154/1237/1247
f 1295/1397/1400 1549/1715/1714 1550/1716/1715
f 1304/1408/1409 1551/1717/1716 1185/1268/1278
f 1266/1351/1717 1268/1354/1718 1550/1716/1715
f 1552/1718/1719 1183/1266/1276 1185/1268/1278
f 1306/1411/1411 1302/1405/1407 1554/1720/1723
f 1304/1407/1409 1228/1311/1321 1244/1327/1337
f 1115/1198/1209 1557/1725/1727 1556/1724/1726
f 1557/1725/1727 1558/1726/1729 1315/1424/1728
f 1559/1727/1730 1173/1256/1266 1177/1260/1270
f 1557/1725/1727 1552/1728/1719 1269/1357/1731
f 1562/1732/1736 1202/1285/1295 1250/1333/1343
f 1560/1729/1734 1323/1437/1737 1318/1438/1426
f 1234/1317/1327 1563/1733/1738 1323/1434/1737
f 1563/1733/1738 1564/1734/1739 1324/1442/1432
f 1564/1734/1739 1565/1735/1740 1327/1440/1435
f 1565/1735/1740 1107/1190/1201 1190/1273/1283
f 1234/1317/1327 1235/1318/1328 1566/1736/1741
f 1563/1733/1738 1566/1736/1741 1330/1737/1742
f 1564/1734/1739 1330/1737/1742 1328/1445/1743
f 1565/1735/1740 1328/1445/1743 1105/1188/1199
f 1567/1739/1744 1568/1740/1746 1333/1453/1745
f 1568/1740/1746 1569/1741/1748 1332/1449/1747
f 1248/1331/1341 1102/1185/1196 1294/1396/1749
f 1567/1739/1744 1294/1396/1749 1292/1393/1750
f 1568/1740/1746 1292/1393/1750 1287/1392/1393
f 1569/1741/1748 1287/1392/1393 1290/1389/1392
f 1241/1538/1334 1240/1745/1333 1570/1742/1751
f 1403/1536/1533 1570/1742/1751 1571/1743/1752
f 1397/1530/1524 1571/1743/1752 1572/1744/1753
f 1393/1526/1520 1572/1744/1753 1189/1272/1282
f 1240/1745/1333 1242/1548/1335 1413/1547/1543
f 1570/1742/1751 1413/1547/1543 1409/1543/1539
f 1571/1743/1752 1409/1543/1539 1407/1541/1537
f 1572/1744/1753 1407/1541/1537 1227/1310/1320
f 1214/1297/1307 1573/1746/1754 1422/1557/1552
f 1573/1746/1754 1574/1747/1755 1430/1566/1560
f 1574/1747/1755 1575/1748/1756 1427/1562/1557
f 1575/1748/1756 1129/1749/1223 1131/1563/1225
f 1418/1553/1548 1417/1552/1547 1573/1746/1754
f 1417/1552/1547 1414/1549/1544 1574/1747/1755
f 1414/1549/1544 1412/1546/1542 1575/1748/1756
f 1412/1546/1542 1242/1548/1335 1129/1749/1223
f 1217/1300/1310 1576/1750/1757 1401/1534/1528
f 1576/1750/1757 1577/1751/1758 1406/1540/1536
f 1577/1751/1758 1578/1752/1759 1404/1537/1534
f 1578/1752/1759 1130/1753/1224 1241/1538/1334
f 1217/1300/1310 1432/1568/1562 1434/1570/1564
f 1576/1750/1757 1434/1570/1564 1428/1564/1558
f 1577/1751/1758 1428/1564/1558 1426/1561/1556
f 1578/1752/1759 1426/1561/1556 1131/1563/1225
f 1231/1754/1324 1579/1755/1760 1448/1584/1579
f 1581/1757/1762 1133/1216/1227 1132/1215/1226
f 1458/1596/1589 1461/1600/1592 1580/1756/1761
f 1461/1600/1592 1453/1591/1584 1581/1757/1762
f 1246/1619/1339 1245/1761/1338 1582/1758/1763
f 1478/1617/1615 1582/1758/1763 1583/1759/1764
f 1472/1611/1608 1583/1759/1764 1584/1760/1765
f 1245/1761/1338 1229/1586/1322 1449/1585/1580
f 1219/1302/1312 1585/1762/1766 1476/1615/1612
f 1585/1762/1766 1586/1763/1767 1481/1621/1618
f 1586/1763/1767 1587/1764/1768 1479/1618/1616
f 1587/1764/1768 1232/1765/1325 1246/1619/1339
f 1219/1302/1312 1463/1602/1595 1465/1604/1597
f 1585/1762/1766 1465/1604/1597 1459/1598/1590
f 1586/1763/1767 1459/1598/1590 1457/1595/1588
f 1587/1764/1768 1457/1595/1588 1233/1597/1326
f 1588/1766/1769 1589/1767/1770 1493/1634/1632
f 1589/1767/1770 1590/1768/1771 1490/1630/1629
f 1498/1641/1642 1497/1640/1641 1588/1766/1769
f 1210/1293/1303 1109/1192/1203 1591/1770/1772
f 1504/1647/1648 1591/1770/1772 1592/1771/1773
f 1506/1649/1650 1592/1771/1773 1593/1772/1774
f 1510/1654/1654 1593/1772/1774 1236/1773/1329
f 1109/1192/1203 1108/1191/1202 1513/1658/1657
f 1591/1770/1772 1513/1658/1657 1517/1662/1661
f 1592/1771/1773 1517/1662/1661 1521/1669/1670
f 1593/1772/1774 1521/1669/1670 1237/1671/1330
f 1211/1294/1304 1594/1774/1775 1520/1667/1667
f 1594/1774/1775 1595/1775/1776 1524/1673/1674
f 1595/1775/1776 1596/1776/1777 1522/1670/1671
f 1596/1776/1777 1121/1777/1215 1237/1671/1330
f 1211/1294/1304 1213/1296/1306 1494/1636/1634
f 1594/1774/1775 1494/1636/1634 1491/1632/1630
f 1595/1775/1776 1491/1632/1630 1489/1629/1628
f 1596/1776/1777 1489/1629/1628 1122/1631/1216
f 1101/1184/1195 1597/1778/1778 1252/1335/1345
f 1597/1778/1778 1598/1779/1780 1254/1337/1779
f 1598/1779/1780 1599/1780/1781 1260/1343/1353
f 1599/1780/1781 1144/1227/1238 1261/1344/1354
f 1227/1310/1320 1408/1542/1538 1597/1778/1778
f 1408/1542/1538 1411/1545/1541 1598/1779/1780
f 1411/1545/1541 1416/1551/1546 1599/1780/1781
f 1416/1551/1546 1418/1553/1548 1144/1227/1238
f 1432/1568/1562 1216/1299/1309 1600/1781/1782
f 1435/1571/1565 1600/1781/1784 1601/1782/1784
f 1421/1556/1551 1601/1784/1787 1225/1308/1318
f 1216/1299/1309 1154/1237/1247 1283/1376/1383
f 1600/1781/1784 1283/1376/1786 1279/1381/1786
f 1601/1784/1787 1279/1370/1379 1224/1307/1317
f 1128/1211/1222 1602/1788/1793 1265/1350/1788
f 1265/1356/1792 1603/1787/1795 1218/1301/1311
f 1247/1330/1340 1452/1590/1583 1602/1788/1793
f 1452/1789/1794 1466/1605/1598 1603/1787/1791
f 1603/1787/1795 1466/1605/1845 1463/1602/1595
f 1179/1262/1272 1604/1790/1800 1469/1608/1796
f 1604/1790/1797 1605/1793/1801 1475/1791/1798
f 1605/1792/1799 1176/1259/1269 1221/1304/1314
f 1310/1416/1720 1309/1415/1850 1604/1790/1800
f 1313/1419/1419 1177/1260/1270 1176/1259/1269
f 1190/1273/1283 1191/1274/1284 1606/1794/1802
f 1326/1439/1434 1606/1794/1802 1607/1795/1803
f 1320/1431/1804 1607/1795/1803 1608/1796/1805
f 1317/1428/1425 1608/1796/1805 1238/1321/1331
f 1191/1274/1284 1210/1293/1303 1505/1648/1649
f 1606/1794/1802 1505/1648/1649 1499/1642/1643
f 1607/1795/1803 1499/1642/1643 1496/1639/1640
f 1608/1796/1805 1496/1639/1640 1498/1641/1642
f 1193/1276/1286 1609/1799/1806 1495/1637/1635
f 1487/1627/1807 1609/1797/1810 1610/1798/1808
f 1483/1623/1620 1610/1798/1812 1249/1332/1342
f 1290/1389/1392 1291/1391/1394 1609/1799/1806
f 1610/1798/1812 1285/1382/1387 1250/1333/1343
f 1117/1200/1211 1612/1802/1814 1394/1800/1521
f 1394/1527/1532 1612/1804/1813 1611/1801/1813
f 1400/1533/1527 1611/1801/1816 1141/1224/1235
f 1270/1359/1366 1272/1361/1368 1612/1802/1814
f 1272/1803/1815 1275/1364/1851 1611/1801/1813
f 1611/1801/1816 1275/1364/1372 1142/1225/1236
f 1170/1253/1263 1613/1805/1817 1305/1410/1410
f 1613/1805/1817 1614/1806/1819 1300/1403/1818
f 1614/1806/1819 1615/1807/1820 1296/1398/1401
f 1615/1807/1820 1206/1289/1299 1297/1399/1402
f 1220/1303/1313 1444/1580/1575 1613/1805/1817
f 1613/1805/1817 1444/1580/1575 1438/1574/1569
f 1438/1574/1569 1436/1572/1567 1615/1807/1820
f 1615/1807/1820 1436/1572/1567 1132/1215/1226
f 1199/1282/1292 1616/1809/1824 1329/1448/1821
f 1616/1808/1822 1617/1811/1827 1105/1188/1199
f 1199/1282/1292 1212/1295/1305 1519/1666/1666
f 1514/1659/1658 1108/1191/1202 1617/1811/1827
f 1619/1824/1852 1620/1825/1853 1621/1826/1854
f 1622/1827/1855 1623/1828/1856 1624/1829/1857
f 1625/1830/1853 1626/1831/1858 1627/1832/1853
f 1628/1833/1859 1629/1834/1860 1630/1835/1861
f 1631/1836/1853 1632/1837/1862 1633/1838/1863
f 1634/1839/1864 1624/1829/1857 1635/1840/1865
f 1636/1841/1866 1637/1842/1867 1638/1843/1868
f 1639/1844/1869 1640/1845/1870 1641/1846/1871
f 1627/1832/1853 1642/1847/1872 1643/1848/1873
f 1644/1849/1874 1631/1836/1853 1645/1850/1853
f 1630/1835/1861 1646/1851/1875 1647/1852/1876
f 1648/1853/1877 1649/1854/1878 1650/1855/1879
f 1651/1856/1880 1652/1857/1881 1653/1858/1882
f 1647/1852/1876 1654/1859/1883 1655/1860/1884
f 1655/1860/1884 1656/1861/1885 1657/1862/1886
f 1658/1863/1887 1659/1864/1888 1660/1865/1889
f 1661/1866/1853 1662/1867/1890 1632/1837/1862
f 1657/1862/1886 1663/1868/1891 1664/1869/1892
f 1664/1869/1892 1665/1870/1893 1666/1871/1894
f 1667/1872/1895 1668/1873/1896 1658/1863/1887
f 1669/1874/1897 1670/1875/1898 1671/1876/1899
f 1672/1877/1900 1635/1840/1865 1673/1878/1901
f 1674/1879/1902 1673/1878/1901 1675/1880/1903
f 1676/1881/1904 1677/1882/1905 1678/1883/1906
f 1620/1825/1853 1679/1884/1907 1625/1830/1853
f 1680/1885/1908 1675/1880/1903 1681/1886/1909
f 1682/1887/1910 1681/1886/1909 1683/1888/1911
f 1684/1889/1912 1685/1890/1913 1677/1882/1905
f 1686/1891/1853 1687/1892/1914 1688/1893/1853
f 1624/1829/1857 1689/1894/1915 1690/1895/1916
f 1691/1896/1917 1692/1897/1918 1693/1898/1919
f 1694/1899/1920 1695/1900/1921 1629/1834/1860
f 1696/1901/1922 1697/1902/1919 1698/1903/1923
f 1673/1878/1901 1699/1904/1924 1700/1905/1925
f 1701/1906/1926 1702/1907/1927 1703/1908/1928
f 1701/1906/1926 1704/1909/1929 1640/1845/1870
f 1705/1910/1930 1706/1911/1931 1702/1907/1927
f 1707/1912/1932 1689/1894/1915 1623/1828/1856
f 1708/1913/1933 1709/1914/1934 1652/1857/1881
f 1649/1854/1878 1710/1915/1935 1708/1913/1933
f 1646/1851/1875 1711/1916/1936 1654/1859/1883
f 1712/1917/1937 1713/1918/1917 1696/1901/1922
f 1714/1919/1938 1715/1920/1939 1649/1854/1878
f 1659/1864/1888 1716/1921/1940 1714/1919/1938
f 1656/1861/1885 1717/1922/1941 1663/1868/1891
f 1698/1903/1923 1718/1923/1919 1719/1924/1942
f 1668/1873/1896 1720/1925/1943 1659/1864/1888
f 1721/1926/1944 1722/1927/1945 1668/1873/1896
f 1663/1868/1891 1723/1928/1946 1665/1870/1893
f 1724/1929/1947 1725/1930/1917 1726/1931/1917
f 1638/1843/1868 1727/1932/1948 1706/1911/1931
f 1637/1842/1867 1728/1933/1949 1727/1932/1948
f 1681/1886/1909 1729/1934/1950 1730/1935/1951
f 1731/1936/1917 1732/1937/1952 1733/1938/1953
f 1678/1883/1906 1734/1939/1954 1728/1933/1949
f 1677/1882/1905 1735/1940/1955 1734/1939/1954
f 1683/1888/1911 1730/1935/1951 1736/1941/1956
f 1737/1942/1957 1638/1843/1868 1705/1910/1930
f 1738/1943/1958 1683/1888/1911 1739/1944/1959
f 1739/1944/1959 1736/1941/1956 1740/1945/1960
f 1726/1931/1917 1741/1946/1961 1742/1947/1962
f 1626/1831/1858 1645/1850/1853 1627/1832/1853
f 1641/1846/1871 1694/1899/1920 1628/1833/1859
f 1640/1845/1870 1743/1948/1963 1694/1899/1920
f 1725/1930/1917 1744/1949/1964 1741/1946/1961
f 1745/1950/1853 1746/1951/1965 1686/1891/1853
f 1621/1826/1854 1625/1830/1853 1747/1952/1966
f 1635/1840/1865 1690/1895/1916 1699/1904/1924
f 1748/1953/1967 1749/1954/1917 1750/1955/1917
f 1650/1855/1879 1708/1913/1933 1651/1856/1880
f 1751/1956/1968 1752/1957/1969 1753/1958/1970
f 1753/1958/1970 1754/1959/1971 1755/1960/1972
f 1693/1898/1919 1756/1961/1973 1713/1918/1917
f 1653/1858/1882 1707/1912/1932 1757/1962/1974
f 1639/1844/1869 1705/1910/1930 1701/1906/1926
f 1758/1963/1975 1759/1964/1917 1725/1930/1917
f 1652/1857/1881 1760/1965/1976 1707/1912/1932
f 1761/1966/1977 1762/1967/1978 1745/1950/1853
f 1763/1968/1979 1745/1950/1853 1764/1969/1980
f 1749/1954/1917 1765/1970/1981 1766/1971/1982
f 1767/1972/1983 1768/1973/1984 1749/1954/1917
f 1769/1974/1897 1770/1975/1985 1670/1875/1898
f 1771/1976/1986 1772/1977/1897 1661/1866/1853
f 1629/1834/1860 1773/1978/1987 1646/1851/1875
f 1718/1923/1919 1774/1979/1988 1775/1980/1989
f 1776/1981/1990 1661/1866/1853 1631/1836/1853
f 1777/1982/1991 1669/1874/1897 1772/1977/1897
f 1778/1983/1917 1744/1949/1964 1759/1964/1917
f 1691/1896/1917 1779/1984/1992 1778/1983/1917
f 1780/1985/1993 1678/1883/1906 1637/1842/1867
f 1726/1931/1917 1733/1938/1953 1724/1929/1947
f 1781/1986/1994 1750/1955/1917 1731/1936/1917
f 1782/1987/1995 1783/1988/1996 1770/1975/1985
f 1784/1989/1997 1785/1990/1998 1782/1987/1995
f 1786/1991/1999 1787/1992/2000 1788/1993/2001
f 1775/1980/1989 1789/1994/2002 1787/1992/2000
f 1738/1943/1958 1790/1995/2003 1791/1996/2004
f 1792/1997/2005 1688/1893/1853 1619/1824/1852
f 1675/1880/1903 1700/1905/1925 1729/1934/1950
f 1739/1944/1959 1793/1998/2006 1790/1995/2003
f 1660/1865/1889 1714/1919/1938 1648/1853/1877
f 1764/1969/1980 1686/1891/1853 1792/1997/2005
f 1750/1955/1917 1766/1971/1982 1732/1937/1952
f 1697/1902/1919 1794/1999/2007 1718/1923/1919
f 1772/1977/1897 1671/1876/1899 1662/1867/1890
f 1757/1962/1974 1623/1828/1856 1795/2000/2008
f 1796/2001/2009 1693/1898/1919 1712/1917/1937
f 1713/1918/1917 1797/2002/2010 1697/1902/1919
f 1751/1956/1968 1721/1926/1944 1667/1872/1895
f 1798/2003/2011 1769/1974/1897 1669/1874/1897
f 1654/1859/1883 1799/2004/2012 1656/1861/1885
f 1753/1958/1970 1800/2005/2013 1721/1926/1944
f 1747/1952/1966 1627/1832/1853 1643/1848/1873
f 1645/1850/1853 1633/1838/1863 1642/1847/1872
f 1801/2006/2014 1778/1983/1917 1802/2007/2015
f 1802/2007/2015 1759/1964/1917 1803/2008/2016
f 1688/1893/1853 1804/2009/2017 1620/1825/1853
f 1805/2010/2018 1782/1987/1995 1769/1974/1897
f 1719/1924/1942 1775/1980/1989 1786/1991/1999
f 1742/1947/1962 1731/1936/1917 1726/1931/1917
f 1806/2011/2019 1807/2012/2020 1808/2013/2021
f 1809/2014/2022 1810/2015/2023 1807/2012/2020
f 1808/2013/2021 1807/2012/2020 1811/2016/2024
f 1807/2012/2020 1812/2017/2025 1811/2016/2024
f 1813/2018/2026 1814/2019/2027 1815/2020/2028
f 1816/2021/2029 1817/2022/2030 1813/2018/2026
f 1817/2022/2030 1818/2023/2031 1814/2019/2027
f 1819/2024/2032 1810/2015/2023 1817/2022/2030
f 1666/1871/1894 1820/2025/2033 1821/2026/2034
f 1822/2027/2035 1811/2028/2036 1820/2025/2033
f 1821/2029/2034 1819/2024/2037 1816/2021/2038
f 1820/2030/2033 1812/2017/2039 1819/2024/2037
f 1791/2031/2004 1823/2032/2040 1824/2033/2041
f 1825/2034/2042 1826/2035/2043 1823/2032/2040
f 1824/2033/2041 1827/2036/2044 1828/2037/2045
f 1823/2032/2040 1829/2038/2046 1827/2036/2044
f 1830/2039/2047 1831/2040/2048 1832/2041/2049
f 1833/2042/2050 1834/2043/2051 1831/2044/2048
f 1832/2045/2049 1831/2044/2048 1826/2035/2052
f 1831/2044/2048 1829/2038/2053 1826/2035/2052
f 1835/2046/2054 1836/2047/2055 1837/2048/2056
f 1828/2037/2045 1838/2049/2057 1835/2046/2054
f 1838/2049/2057 1839/2050/2058 1836/2047/2055
f 1827/2036/2044 1834/2043/2059 1838/2049/2057
f 1754/1959/1971 1840/2051/2060 1841/2052/2061
f 1842/2053/2062 1843/2054/2063 1840/2051/2060
f 1841/2052/2061 1844/2055/2064 1845/2056/2065
f 1840/2051/2060 1846/2057/2066 1844/2055/2064
f 1723/1928/1946 1847/2058/2067 1842/2059/2068
f 1848/2060/2069 1849/2061/2070 1847/2058/2067
f 1842/2059/2068 1847/2058/2067 1843/2054/2071
f 1847/2058/2067 1846/2057/2072 1843/2054/2071
f 1850/2062/2073 1851/2063/2074 1788/1993/2001
f 1845/2056/2065 1852/2064/2075 1850/2062/2073
f 1852/2064/2075 1853/2065/2076 1851/2063/2074
f 1844/2055/2077 1849/2061/2070 1852/2064/2075
f 1793/1998/2006 1854/2066/2078 1855/2067/2079
f 1856/2068/2080 1857/2069/2081 1854/2066/2078
f 1855/2067/2079 1854/2066/2078 1858/2070/2082
f 1854/2066/2078 1859/2071/2083 1858/2070/2084
f 1860/2072/2085 1861/2073/2086 1862/2074/2087
f 1863/2075/2088 1864/2076/2089 1860/2072/2085
f 1864/2076/2089 1865/2077/2090 1861/2073/2086
f 1866/2078/2091 1857/2069/2092 1864/2076/2089
f 1735/1940/1955 1867/2079/2093 1868/2080/2094
f 1855/2081/2095 1858/2070/2096 1867/2079/2093
f 1868/2080/2094 1866/2078/2091 1863/2075/2088
f 1867/2079/2093 1859/2071/2097 1866/2078/2091
f 1643/1848/1873 1869/2082/2098 1870/2083/2099
f 1870/2083/2099 1871/2084/2100 1872/2085/2101
f 1872/2086/2102 1873/2087/2103 1874/2088/2104
f 1873/2087/2103 1795/2000/2008 1874/2088/2104
f 1642/1847/1872 1875/2089/2105 1869/2082/2098
f 1869/2090/2098 1876/2091/2106 1871/2092/2100
f 1871/2092/2107 1877/2093/2108 1873/2087/2103
f 1877/2093/2108 1757/1962/1974 1873/2087/2103
f 1679/1884/1907 1878/2094/2109 1626/1831/1858
f 1879/2095/2110 1880/2096/2111 1878/2094/2109
f 1881/2097/2112 1882/2098/2113 1880/2099/2114
f 1882/2098/2113 1737/1942/1957 1639/1844/1869
f 1804/2009/2017 1879/2095/2110 1679/1884/1907
f 1883/2100/2115 1881/2101/2116 1879/2095/2110
f 1884/2102/2117 1885/2103/2118 1881/2097/2112
f 1885/2103/2118 1636/1841/1866 1737/1942/1957
f 1747/1952/1966 1886/2104/2119 1621/1826/1854
f 1887/2105/2120 1888/2106/2121 1886/2104/2119
f 1889/2107/2122 1890/2108/2123 1888/2109/2124
f 1890/2108/2123 1622/1827/1855 1634/1839/1864
f 1643/1848/1873 1887/2105/2120 1747/1952/1966
f 1870/2083/2099 1889/2110/2125 1887/2105/2120
f 1872/2086/2102 1891/2111/2126 1889/2107/2122
f 1891/2111/2126 1795/2000/2008 1622/1827/1855
f 1776/1981/1990 1892/2112/2127 1893/2113/2128
f 1893/2113/2128 1894/2114/2129 1895/2115/2130
f 1895/2115/2131 1896/2116/2132 1897/2117/2133
f 1896/2118/2132 1628/1833/1859 1897/2119/2133
f 1644/1849/1874 1878/2094/2109 1892/2112/2127
f 1892/2112/2127 1880/2096/2111 1894/2114/2129
f 1894/2120/2134 1882/2098/2113 1896/2118/2132
f 1882/2098/2113 1641/1846/1871 1896/2118/2132
f 1777/1982/1991 1898/2121/2135 1899/2122/2136
f 1899/2122/2136 1900/2123/2137 1901/2124/2138
f 1901/2124/2139 1902/2125/2140 1903/2126/2141
f 1902/2127/2140 1647/1852/1876 1903/2128/2141
f 1771/1976/1986 1893/2113/2128 1898/2121/2135
f 1898/2121/2135 1895/2115/2130 1900/2123/2137
f 1900/2123/2142 1897/2117/2133 1902/2125/2140
f 1897/2119/2133 1630/1835/1861 1902/2127/2140
f 1633/1838/1863 1904/2129/2143 1875/2089/2105
f 1875/2130/2105 1905/2131/2144 1876/2091/2106
f 1876/2091/2145 1906/2132/2146 1877/2093/2108
f 1906/2132/2146 1653/1858/1882 1877/2093/2108
f 1632/1837/1862 1907/2133/2147 1904/2129/2143
f 1904/2134/2143 1908/2135/2148 1905/2131/2144
f 1905/2131/2149 1909/2136/2150 1906/2132/2146
f 1909/2136/2150 1651/1856/1880 1906/2132/2146
f 1662/1867/1890 1910/2137/2151 1907/2133/2147
f 1907/2138/2147 1911/2139/2152 1908/2135/2148
f 1908/2135/2153 1912/2140/2154 1909/2136/2150
f 1912/2140/2154 1650/1855/1879 1909/2136/2150
f 1671/1876/1899 1913/2141/2155 1910/2137/2151
f 1910/2142/2151 1914/2143/2156 1911/2139/2152
f 1911/2139/2157 1915/2144/2158 1912/2140/2154
f 1915/2144/2158 1648/1853/1877 1912/2140/2154
f 1805/2010/2018 1916/2145/2159 1917/2146/2160
f 1917/2146/2160 1918/2147/2161 1919/2148/2162
f 1919/2148/2163 1920/2149/2164 1921/2150/2165
f 1920/2151/2164 1657/1862/1886 1921/2152/2165
f 1798/2003/2011 1899/2122/2136 1916/2145/2159
f 1916/2145/2159 1901/2124/2138 1918/2147/2161
f 1918/2147/2166 1903/2126/2141 1920/2149/2164
f 1903/2128/2141 1655/1860/1884 1920/2151/2164
f 1785/1990/1998 1922/2153/2167 1783/1988/1996
f 1923/2154/2168 1924/2155/2169 1922/2153/2167
f 1925/2156/2170 1926/2157/2171 1924/2155/2169
f 1927/2158/2172 1667/1872/1895 1926/2159/2171
f 1815/2020/2028 1923/2154/2168 1785/1990/1998
f 1814/2019/2027 1925/2156/2170 1923/2154/2168
f 1818/2023/2031 1927/2160/2172 1925/2156/2170
f 1809/2014/2022 1751/2161/1968 1927/2160/2172
f 1670/1875/1898 1928/2162/2173 1913/2141/2155
f 1913/2163/2155 1929/2164/2174 1914/2143/2156
f 1914/2143/2175 1930/2165/2176 1915/2144/2158
f 1915/2144/2158 1658/1863/1887 1660/1865/1889
f 1770/1975/1985 1922/2153/2167 1928/2162/2173
f 1928/2166/2177 1924/2167/2169 1929/2164/2174
f 1929/2164/2178 1926/2159/2171 1930/2165/2176
f 1926/2159/2171 1658/1863/1887 1930/2165/2176
f 1815/2020/2028 1931/2168/2179 1813/2018/2026
f 1813/2018/2026 1932/2169/2180 1816/2021/2029
f 1816/2021/2038 1933/2170/2181 1821/2029/2034
f 1821/2026/2034 1664/1869/1892 1666/1871/1894
f 1784/1989/1997 1917/2146/2160 1931/2168/2179
f 1931/2168/2179 1919/2148/2162 1932/2169/2180
f 1932/2169/2182 1921/2150/2165 1933/2170/2181
f 1933/2171/2181 1657/1862/1886 1664/1869/1892
f 1687/1892/1914 1883/2100/2115 1804/2009/2017
f 1934/2172/2183 1884/2173/2184 1883/2100/2115
f 1935/2174/2185 1936/2175/2186 1884/2102/2117
f 1936/2175/2186 1780/1985/1993 1636/1841/1866
f 1746/1951/1965 1934/2172/2183 1687/1892/1914
f 1937/2176/2187 1935/2177/2188 1934/2172/2183
f 1938/2178/2189 1939/2179/2190 1935/2174/2185
f 1939/2179/2190 1676/1881/1904 1780/1985/1993
f 1619/1824/1852 1940/2180/2191 1792/1997/2005
f 1941/2181/2192 1942/2182/2193 1940/2180/2191
f 1943/2183/2194 1944/2184/2195 1942/2185/2196
f 1944/2184/2195 1672/1877/1900 1674/1879/1902
f 1621/1826/1854 1941/2181/2192 1619/1824/1852
f 1886/2104/2119 1943/2186/2197 1941/2181/2192
f 1888/2109/2124 1945/2187/2198 1943/2183/2194
f 1945/2187/2198 1634/1839/1864 1672/1877/1900
f 1837/2048/2056 1946/2188/2199 1835/2046/2054
f 1835/2046/2054 1947/2189/2200 1828/2037/2045
f 1828/2037/2045 1948/2190/2201 1824/2033/2041
f 1824/2191/2041 1738/1943/1958 1791/1996/2004
f 1761/1966/1977 1949/2192/2202 1946/2188/2199
f 1946/2188/2199 1950/2193/2203 1947/2189/2200
f 1947/2189/2200 1951/2194/2204 1948/2190/2201
f 1948/2195/2201 1682/1887/1910 1738/1943/1958
f 1762/1967/1978 1937/2176/2187 1746/1951/1965
f 1952/2196/2205 1938/2197/2206 1937/2176/2187
f 1953/2198/2207 1954/2199/2208 1938/2178/2189
f 1955/2200/2209 1676/1881/1904 1954/2199/2208
f 1837/2048/2056 1952/2196/2205 1762/1967/1978
f 1836/2047/2055 1953/2201/2210 1952/2196/2205
f 1839/2202/2211 1955/2200/2209 1953/2198/2207
f 1833/2203/2050 1684/1889/1912 1955/2200/2209
f 1764/1969/1980 1949/2192/2202 1763/1968/1979
f 1956/2204/2212 1950/2193/2203 1949/2192/2202
f 1957/2205/2213 1951/2206/2204 1950/2207/2203
f 1951/2206/2204 1680/1885/1908 1682/1887/1910
f 1792/1997/2005 1956/2204/2212 1764/1969/1980
f 1940/2180/2191 1957/2208/2214 1956/2204/2212
f 1942/2185/2196 1958/2209/2215 1957/2205/2213
f 1944/2184/2195 1680/1885/1908 1958/2209/2215
f 1760/1965/1976 1959/2210/2216 1689/1894/1915
f 1960/2211/2217 1961/2212/2218 1959/2210/2216
f 1962/2213/2219 1963/2214/2220 1961/2212/2218
f 1964/2215/2221 1803/2008/2016 1963/2214/2220
f 1709/1914/1934 1960/2211/2217 1760/1965/1976
f 1965/2216/2222 1962/2213/2219 1960/2211/2217
f 1966/2217/2223 1964/2215/2221 1962/2213/2219
f 1967/2218/2224 1802/2007/2015 1964/2215/2221
f 1703/1908/1928 1968/2219/2225 1969/2220/2226
f 1969/2220/2226 1970/2221/2227 1971/2222/2228
f 1971/2222/2228 1972/2223/2229 1973/2224/2230
f 1973/2224/2230 1741/1946/1961 1744/1949/1964
f 1702/1907/1927 1974/2225/2231 1968/2219/2225
f 1968/2219/2225 1975/2226/2232 1970/2221/2227
f 1970/2221/2227 1976/2227/2233 1972/2223/2229
f 1972/2223/2229 1742/1947/1962 1741/1946/1961
f 1699/1904/1924 1977/2228/2234 1978/2229/2235
f 1978/2229/2235 1979/2230/2236 1980/2231/2237
f 1980/2231/2237 1981/2232/2238 1982/2233/2239
f 1982/2233/2239 1758/1963/1975 1724/1929/1947
f 1690/1895/1916 1959/2210/2216 1977/2228/2234
f 1977/2228/2234 1961/2212/2218 1979/2230/2236
f 1979/2230/2236 1963/2214/2220 1981/2232/2238
f 1981/2232/2238 1803/2008/2016 1758/1963/1975
f 1704/1909/1929 1983/2234/2240 1743/1948/1963
f 1984/2235/2241 1985/2236/2242 1983/2234/2240
f 1986/2237/2243 1987/2238/2244 1985/2236/2242
f 1988/2239/2245 1796/2001/2009 1987/2238/2244
f 1703/1908/1928 1984/2235/2241 1704/1909/1929
f 1969/2220/2226 1986/2237/2243 1984/2235/2241
f 1971/2222/2228 1988/2239/2245 1986/2237/2243
f 1973/2224/2230 1779/1984/1992 1988/2239/2245
f 1695/1900/1921 1989/2240/2246 1773/1978/1987
f 1990/2241/2247 1991/2242/2248 1989/2240/2246
f 1992/2243/2249 1993/2244/2250 1991/2242/2248
f 1994/2245/2251 1696/1901/1922 1993/2244/2250
f 1743/1948/1963 1990/2241/2247 1695/1900/1921
f 1983/2234/2240 1992/2243/2249 1990/2241/2247
f 1985/2236/2242 1994/2245/2251 1992/2243/2249
f 1987/2238/2244 1712/1917/1937 1994/2245/2251
f 1710/1915/1935 1965/2216/2222 1709/1914/1934
f 1995/2246/2252 1966/2217/2223 1965/2216/2222
f 1996/2247/2253 1967/2218/2224 1966/2217/2223
f 1997/2248/2254 1801/2006/2014 1967/2218/2224
f 1715/1920/1939 1995/2246/2252 1710/1915/1935
f 1998/2249/2255 1996/2247/2253 1995/2246/2252
f 1999/2250/2256 1997/2248/2254 1996/2247/2253
f 2000/2251/2257 1692/1897/1918 1997/2248/2254
f 1716/1921/1940 1998/2249/2255 1715/1920/1939
f 2001/2252/2258 1999/2250/2256 1998/2249/2255
f 2002/2253/2259 2000/2251/2257 1999/2250/2256
f 2003/2254/2260 1756/1961/1973 2000/2251/2257
f 1720/1925/1943 2001/2252/2258 1716/1921/1940
f 2004/2255/2261 2002/2253/2259 2001/2252/2258
f 2005/2256/2262 2003/2254/2260 2002/2253/2259
f 2006/2257/2263 1797/2002/2010 2003/2254/2260
f 1711/1916/1936 2007/2258/2264 1799/2004/2012
f 2008/2259/2265 2009/2260/2266 2007/2258/2264
f 2010/2261/2267 2011/2262/2268 2009/2260/2266
f 2012/2263/2269 1719/1924/1942 2011/2262/2268
f 1773/1978/1987 2008/2259/2265 1711/1916/1936
f 1989/2240/2246 2010/2261/2267 2008/2259/2265
f 1991/2242/2248 2012/2263/2269 2010/2261/2267
f 1993/2244/2250 1698/1903/1923 2012/2263/2269
f 1800/2005/2013 2013/2264/2270 2014/2265/2271
f 2014/2265/2271 2015/2266/2272 2016/2267/2273
f 2016/2267/2273 2017/2268/2274 2018/2269/2275
f 2018/2269/2275 1787/1992/2000 1789/1994/2002
f 1755/1960/1972 1841/2052/2061 2013/2264/2270
f 2013/2264/2270 1845/2056/2065 2015/2266/2272
f 2015/2266/2272 1850/2062/2073 2017/2268/2274
f 2017/2268/2274 1788/1993/2001 1787/1992/2000
f 1722/1927/1945 2004/2255/2261 1720/1925/1943
f 2019/2270/2276 2005/2256/2262 2004/2255/2261
f 2020/2271/2277 2006/2257/2263 2005/2256/2262
f 2021/2272/2278 1794/1999/2007 2006/2257/2263
f 1800/2005/2013 2019/2270/2276 1722/1927/1945
f 2014/2265/2271 2020/2271/2277 2019/2270/2276
f 2016/2267/2273 2021/2272/2278 2020/2271/2277
f 2018/2269/2275 1774/1979/1988 2021/2272/2278
f 1717/1922/1941 1848/2060/2069 1723/1928/1946
f 2022/2273/2279 1853/2065/2076 1848/2060/2069
f 2023/2274/2280 1851/2063/2074 1853/2065/2076
f 2024/2275/2281 1788/1993/2001 1851/2063/2074
f 1799/2004/2012 2022/2273/2279 1717/1922/1941
f 2007/2258/2264 2023/2274/2280 2022/2273/2279
f 2009/2260/2266 2024/2275/2281 2023/2274/2280
f 2011/2262/2268 1786/1991/1999 2024/2275/2281
f 1706/1911/1931 2025/2276/2282 1974/2225/2231
f 1974/2225/2231 2026/2277/2283 1975/2226/2232
f 1975/2226/2232 2027/2278/2284 1976/2227/2233
f 1976/2227/2233 1781/1986/1994 1742/1947/1962
f 1727/1932/1948 2028/2279/2285 2025/2276/2282
f 2025/2276/2282 2029/2280/2286 2026/2277/2283
f 2026/2277/2283 2030/2281/2287 2027/2278/2284
f 2027/2278/2284 1748/1953/1967 1781/1986/1994
f 1729/1934/1950 2031/2282/2288 2032/2283/2289
f 2032/2283/2289 2033/2284/2290 2034/2285/2291
f 2034/2285/2291 2035/2286/2292 2036/2287/2293
f 2036/2287/2293 1733/1938/1953 1732/1937/1952
f 1700/1905/1925 1978/2229/2235 2031/2282/2288
f 2031/2282/2288 1980/2231/2237 2033/2284/2290
f 2033/2284/2290 1982/2233/2239 2035/2286/2292
f 2035/2286/2292 1724/1929/1947 1733/1938/1953
f 1740/1945/1960 1856/2068/2080 1793/1998/2006
f 2037/2288/2294 1865/2077/2090 1856/2068/2080
f 2038/2289/2295 1861/2073/2086 1865/2077/2090
f 2039/2290/2296 1862/2074/2087 1861/2073/2086
f 1736/1941/1956 2037/2288/2294 1740/1945/1960
f 2040/2291/2297 2038/2289/2295 2037/2288/2294
f 2041/2292/2298 2039/2290/2296 2038/2289/2295
f 2042/2293/2299 1768/1973/1984 2039/2290/2296
f 1728/1933/1949 2043/2294/2300 2028/2279/2285
f 2028/2279/2285 2044/2295/2301 2029/2280/2286
f 2029/2280/2286 2045/2296/2302 2030/2281/2287
f 2030/2281/2287 1767/1972/1983 1748/1953/1967
f 1734/1939/1954 1868/2080/2094 2043/2294/2300
f 2043/2294/2300 1863/2075/2088 2044/2295/2301
f 2044/2295/2301 1860/2072/2085 2045/2296/2302
f 2045/2296/2302 1862/2074/2087 1767/1972/1983
f 1736/1941/1956 2046/2297/2303 2040/2291/2297
f 2040/2291/2297 2047/2298/2304 2041/2292/2298
f 2041/2292/2298 2048/2299/2305 2042/2293/2299
f 2042/2293/2299 1766/1971/1982 1765/1970/1981
f 1730/1935/1951 2032/2283/2289 2046/2297/2303
f 2046/2297/2303 2034/2285/2291 2047/2298/2304
f 2047/2298/2304 2036/2287/2293 2048/2299/2305
f 2048/2299/2305 1732/1937/1952 1766/1971/1982
f 1735/1940/1955 2049/2300/2306 1855/2301/2095
f 1855/2067/2307 1790/1995/2003 1793/1998/2006
f 1685/1890/1913 1832/2041/2308 2049/2300/2306
f 2049/2302/2309 1832/2303/2309 1825/2304/2309
f 2049/2305/2310 1791/1996/2004 1790/1995/2003
f 1665/1870/1893 1822/2027/2311 1666/1871/1894
f 1822/2027/2312 2050/2306/2312 1808/2307/2312
f 2050/2308/2313 1806/2011/2019 1808/2013/2021
f 1723/1928/1946 2050/2309/2314 1665/1870/1893
f 1842/2310/2062 1752/2311/1969 2050/2308/2313
f 1628/1833/1859 1694/1899/1920 1629/1834/1860
f 1636/1841/1866 1780/1985/1993 1637/1842/1867
f 1639/1844/1869 1701/1906/1926 1640/1845/1870
f 1630/1835/1861 1629/1834/1860 1646/1851/1875
f 1647/1852/1876 1646/1851/1875 1654/1859/1883
f 1655/1860/1884 1654/1859/1883 1656/1861/1885
f 1657/1862/1886 1656/1861/1885 1663/1868/1891
f 1664/1869/1892 1663/1868/1891 1665/1870/1893
f 1691/1896/1917 1801/2006/2014 1692/1897/1918
f 1694/1899/1920 1743/1948/1963 1695/1900/1921
f 1696/1901/1922 1713/1918/1917 1697/1902/1919
f 1701/1906/1926 1705/1910/1930 1702/1907/1927
f 1701/1906/1926 1703/1908/1928 1704/1909/1929
f 1705/1910/1930 1638/1843/1868 1706/1911/1931
f 1708/1913/1933 1710/1915/1935 1709/1914/1934
f 1646/1851/1875 1773/1978/1987 1711/1916/1936
f 1712/1917/1937 1693/1898/1919 1713/1918/1917
f 1656/1861/1885 1799/2004/2012 1717/1922/1941
f 1698/1903/1923 1697/1902/1919 1718/1923/1919
f 1668/1873/1896 1722/1927/1945 1720/1925/1943
f 1721/1926/1944 1800/2005/2013 1722/1927/1945
f 1663/1868/1891 1717/1922/1941 1723/1928/1946
f 1724/1929/1947 1758/1963/1975 1725/1930/1917
f 1638/1843/1868 1637/1842/1867 1727/1932/1948
f 1637/1842/1867 1678/1883/1906 1728/1933/1949
f 1731/1936/1917 1750/1955/1917 1732/1937/1952
f 1678/1883/1906 1677/1882/1905 1734/1939/1954
f 1677/1882/1905 1685/1890/1913 1735/1940/1955
f 1737/1942/1957 1636/1841/1866 1638/1843/1868
f 1726/1931/1917 1725/1930/1917 1741/1946/1961
f 1641/1846/1871 1640/1845/1870 1694/1899/1920
f 1640/1845/1870 1704/1909/1929 1743/1948/1963
f 1725/1930/1917 1759/1964/1917 1744/1949/1964
f 1748/1953/1967 1767/1972/1983 1749/1954/1917
f 1693/1898/1919 1692/1897/1918 1756/1961/1973
f 1639/1844/1869 1737/1942/1957 1705/1910/1930
f 1758/1963/1975 1803/2008/2016 1759/1964/1917
f 1749/1954/1917 1768/1973/1984 1765/1970/1981
f 1767/1972/1983 1862/2074/2087 1768/1973/1984
f 1629/1834/1860 1695/1900/1921 1773/1978/1987
f 1718/1923/1919 1794/1999/2007 1774/1979/1988
f 1778/1983/1917 1779/1984/1992 1744/1949/1964
f 1691/1896/1917 1796/2001/2009 1779/1984/1992
f 1780/1985/1993 1676/1881/1904 1678/1883/1906
f 1726/1931/1917 1731/1936/1917 1733/1938/1953
f 1781/1986/1994 1748/1953/1967 1750/1955/1917
f 1786/1991/1999 1775/1980/1989 1787/1992/2000
f 1775/1980/1989 1774/1979/1988 1789/1994/2002
f 1660/1865/1889 1659/1864/1888 1714/1919/1938
f 1750/1955/1917 1749/1954/1917 1766/1971/1982
f 1697/1902/1919 1797/2002/2010 1794/1999/2007
f 1796/2001/2009 1691/1896/1917 1693/1898/1919
f 1713/1918/1917 1756/1961/1973 1797/2002/2010
f 1654/1859/1883 1711/1916/1936 1799/2004/2012
f 1753/1958/1970 1755/1960/1972 1800/2005/2013
f 1801/2006/2014 1691/1896/1917 1778/1983/1917
f 1802/2007/2015 1778/1983/1917 1759/1964/1917
f 1719/1924/1942 1718/1923/1919 1775/1980/1989
f 1742/1947/1962 1781/1986/1994 1731/1936/1917
f 1966/2217/2223 1967/2218/2224 1964/2215/2221
f 1983/2234/2240 1985/2236/2242 1992/2243/2249
f 2001/2252/2258 2002/2253/2259 1999/2250/2256
f 2016/2267/2273 2015/2266/2272 2017/2268/2274
f 2020/2271/2277 2021/2272/2278 2006/2257/2263
f 2024/2275/2281 1786/1991/1999 1788/1993/2001
f 2009/2260/2266 2011/2262/2268 2024/2275/2281
f 1727/1932/1948 1728/1933/1949 2028/2279/2285
f 2026/2277/2283 2029/2280/2286 2030/2281/2287
f 2034/2285/2291 2033/2284/2290 2035/2286/2292
f 2030/2281/2287 2045/2296/2302 1767/1972/1983
f 2043/2294/2300 1868/2080/2094 1863/2075/2088
f 1619/1824/1852 1688/1893/1853 1620/1825/1853
f 1622/1827/1855 1795/2000/2008 1623/1828/1856
f 1625/1830/1853 1679/1884/1907 1626/1831/1858
f 1631/1836/1853 1661/1866/1853 1632/1837/1862
f 1634/1839/1864 1622/1827/1855 1624/1829/1857
f 1627/1832/1853 1645/1850/1853 1642/1847/1872
f 1644/1849/1874 1776/1981/1990 1631/1836/1853
f 1648/1853/1877 1714/1919/1938 1649/1854/1878
f 1651/1856/1880 1708/1913/1933 1652/1857/1881
f 1658/1863/1887 1668/1873/1896 1659/1864/1888
f 1661/1866/1853 1772/1977/1897 1662/1867/1890
f 1667/1872/1895 1721/1926/1944 1668/1873/1896
f 1669/1874/1897 1769/1974/1897 1670/1875/1898
f 1672/1877/1900 1634/1839/1864 1635/1840/1865
f 1674/1879/1902 1672/1877/1900 1673/1878/1901
f 1676/1881/1904 1684/1889/1912 1677/1882/1905
f 1620/1825/1853 1804/2009/2017 1679/1884/1907
f 1680/1885/1908 1674/1879/1902 1675/1880/1903
f 1682/1887/1910 1680/1885/1908 1681/1886/1909
f 1684/1889/1912 1830/2039/2047 1685/1890/1913
f 1686/1891/1853 1746/1951/1965 1687/1892/1914
f 1624/1829/1857 1623/1828/1856 1689/1894/1915
f 1673/1878/1901 1635/1840/1865 1699/1904/1924
f 1707/1912/1932 1760/1965/1976 1689/1894/1915
f 1649/1854/1878 1715/1920/1939 1710/1915/1935
f 1714/1919/1938 1716/1921/1940 1715/1920/1939
f 1659/1864/1888 1720/1925/1943 1716/1921/1940
f 1681/1886/1909 1675/1880/1903 1729/1934/1950
f 1683/1888/1911 1681/1886/1909 1730/1935/1951
f 1738/1943/1958 1682/1887/1910 1683/1888/1911
f 1739/1944/1959 1683/1888/1911 1736/1941/1956
f 1626/1831/1858 1644/1849/1874 1645/1850/1853
f 1745/1950/1853 1762/1967/1978 1746/1951/1965
f 1621/1826/1854 1620/1825/1853 1625/1830/1853
f 1635/1840/1865 1624/1829/1857 1690/1895/1916
f 1650/1855/1879 1649/1854/1878 1708/1913/1933
f 1751/1956/1968 1806/2312/2019 1752/1957/1969
f 1753/1958/1970 1752/1957/1969 1754/1959/1971
f 1653/1858/1882 1652/1857/1881 1707/1912/1932
f 1652/1857/1881 1709/1914/1934 1760/1965/1976
f 1761/1966/1977 1837/2048/2056 1762/1967/1978
f 1763/1968/1979 1761/1966/1977 1745/1950/1853
f 1769/1974/1897 1782/1987/1995 1770/1975/1985
f 1771/1976/1986 1777/1982/1991 1772/1977/1897
f 1776/1981/1990 1771/1976/1986 1661/1866/1853
f 1777/1982/1991 1798/2003/2011 1669/1874/1897
f 1782/1987/1995 1785/1990/1998 1783/1988/1996
f 1784/1989/1997 1815/2020/2028 1785/1990/1998
f 1738/1943/1958 1739/1944/1959 1790/1995/2003
f 1792/1997/2005 1686/1891/1853 1688/1893/1853
f 1675/1880/1903 1673/1878/1901 1700/1905/1925
f 1739/1944/1959 1740/1945/1960 1793/1998/2006
f 1764/1969/1980 1745/1950/1853 1686/1891/1853
f 1772/1977/1897 1669/1874/1897 1671/1876/1899
f 1757/1962/1974 1707/1912/1932 1623/1828/1856
f 1751/1956/1968 1753/1958/1970 1721/1926/1944
f 1798/2003/2011 1805/2010/2018 1769/1974/1897
f 1747/1952/1966 1625/1830/1853 1627/1832/1853
f 1645/1850/1853 1631/1836/1853 1633/1838/1863
f 1688/1893/1853 1687/1892/1914 1804/2009/2017
f 1805/2010/2018 1784/1989/1997 1782/1987/1995
f 1806/2011/2019 1809/2014/2022 1807/2012/2020
f 1809/2014/2022 1818/2023/2031 1810/2015/2023
f 1807/2012/2020 1810/2015/2023 1812/2017/2025
f 1813/2018/2026 1817/2022/2030 1814/2019/2027
f 1816/2021/2029 1819/2024/2032 1817/2022/2030
f 1817/2022/2030 1810/2015/2023 1818/2023/2031
f 1819/2024/2032 1812/2017/2025 1810/2015/2023
f 1666/1871/1894 1822/2027/2315 1820/2025/2033
f 1822/2027/2035 1808/2307/2316 1811/2028/2036
f 1821/2029/2034 1820/2030/2033 1819/2024/2037
f 1820/2030/2033 1811/2016/2036 1812/2017/2039
f 1791/2031/2004 1825/2034/2042 1823/2032/2040
f 1825/2034/2042 1832/2313/2317 1826/2035/2043
f 1824/2033/2041 1823/2032/2040 1827/2036/2044
f 1823/2032/2040 1826/2035/2043 1829/2038/2046
f 1830/2039/2047 1833/2203/2050 1831/2040/2048
f 1833/2042/2050 1839/2050/2211 1834/2043/2051
f 1831/2044/2048 1834/2043/2051 1829/2038/2053
f 1835/2046/2054 1838/2049/2057 1836/2047/2055
f 1828/2037/2045 1827/2036/2044 1838/2049/2057
f 1838/2049/2057 1834/2043/2059 1839/2050/2058
f 1827/2036/2044 1829/2038/2046 1834/2043/2059
f 1754/1959/1971 1842/2314/2062 1840/2051/2060
f 1841/2052/2061 1840/2051/2060 1844/2055/2064
f 1840/2051/2060 1843/2054/2318 1846/2057/2066
f 1723/1928/1946 1848/2060/2069 1847/2058/2067
f 1848/2060/2069 1853/2065/2076 1849/2061/2070
f 1847/2058/2067 1849/2061/2070 1846/2057/2072
f 1850/2062/2073 1852/2064/2075 1851/2063/2074
f 1845/2056/2065 1844/2055/2077 1852/2064/2075
f 1852/2064/2075 1849/2061/2070 1853/2065/2076
f 1844/2055/2077 1846/2057/2072 1849/2061/2070
f 1793/1998/2006 1856/2068/2080 1854/2066/2078
f 1856/2068/2080 1865/2077/2090 1857/2069/2081
f 1854/2066/2078 1857/2069/2081 1859/2071/2083
f 1860/2072/2085 1864/2076/2089 1861/2073/2086
f 1863/2075/2088 1866/2078/2091 1864/2076/2089
f 1864/2076/2089 1857/2069/2092 1865/2077/2090
f 1866/2078/2091 1859/2071/2097 1857/2069/2092
f 1735/1940/1955 1855/2301/2095 1867/2079/2093
f 1868/2080/2094 1867/2079/2093 1866/2078/2091
f 1867/2079/2093 1858/2070/2096 1859/2071/2097
f 1643/1848/1873 1642/1847/1872 1869/2082/2098
f 1870/2083/2099 1869/2082/2098 1871/2084/2100
f 1872/2086/2102 1871/2092/2107 1873/2087/2103
f 1873/2087/2103 1757/1962/1974 1795/2000/2008
f 1642/1847/1872 1633/1838/1863 1875/2089/2105
f 1869/2090/2098 1875/2130/2105 1876/2091/2106
f 1871/2092/2107 1876/2091/2145 1877/2093/2108
f 1877/2093/2108 1653/1858/1882 1757/1962/1974
f 1679/1884/1907 1879/2095/2110 1878/2094/2109
f 1879/2095/2110 1881/2101/2116 1880/2096/2111
f 1881/2097/2112 1885/2103/2118 1882/2098/2113
f 1882/2098/2113 1885/2103/2118 1737/1942/1957
f 1804/2009/2017 1883/2100/2115 1879/2095/2110
f 1883/2100/2115 1884/2173/2184 1881/2101/2116
f 1884/2102/2117 1936/2175/2186 1885/2103/2118
f 1885/2103/2118 1936/2175/2186 1636/1841/1866
f 1747/1952/1966 1887/2105/2120 1886/2104/2119
f 1887/2105/2120 1889/2110/2125 1888/2106/2121
f 1889/2107/2122 1891/2111/2126 1890/2108/2123
f 1890/2108/2123 1891/2111/2126 1622/1827/1855
f 1643/1848/1873 1870/2083/2099 1887/2105/2120
f 1870/2083/2099 1872/2085/2101 1889/2110/2125
f 1872/2086/2102 1874/2088/2104 1891/2111/2126
f 1891/2111/2126 1874/2088/2104 1795/2000/2008
f 1776/1981/1990 1644/1849/1874 1892/2112/2127
f 1893/2113/2128 1892/2112/2127 1894/2114/2129
f 1895/2115/2131 1894/2114/2134 1896/2116/2132
f 1896/2118/2132 1641/1846/1871 1628/1833/1859
f 1644/1849/1874 1626/1831/1858 1878/2094/2109
f 1892/2112/2127 1878/2094/2109 1880/2096/2111
f 1894/2120/2134 1880/2099/2114 1882/2098/2113
f 1882/2098/2113 1639/1844/1869 1641/1846/1871
f 1777/1982/1991 1771/1976/1986 1898/2121/2135
f 1899/2122/2136 1898/2121/2135 1900/2123/2137
f 1901/2124/2139 1900/2123/2142 1902/2125/2140
f 1902/2127/2140 1630/1835/1861 1647/1852/1876
f 1771/1976/1986 1776/1981/1990 1893/2113/2128
f 1898/2121/2135 1893/2113/2128 1895/2115/2130
f 1900/2123/2142 1895/2115/2131 1897/2117/2133
f 1897/2119/2133 1628/1833/1859 1630/1835/1861
f 1633/1838/1863 1632/1837/1862 1904/2129/2143
f 1875/2130/2105 1904/2134/2143 1905/2131/2144
f 1876/2091/2145 1905/2131/2149 1906/2132/2146
f 1906/2132/2146 1651/1856/1880 1653/1858/1882
f 1632/1837/1862 1662/1867/1890 1907/2133/2147
f 1904/2134/2143 1907/2138/2147 1908/2135/2148
f 1905/2131/2149 1908/2135/2153 1909/2136/2150
f 1909/2136/2150 1650/1855/1879 1651/1856/1880
f 1662/1867/1890 1671/1876/1899 1910/2137/2151
f 1907/2138/2147 1910/2142/2151 1911/2139/2152
f 1908/2135/2153 1911/2139/2157 1912/2140/2154
f 1912/2140/2154 1648/1853/1877 1650/1855/1879
f 1671/1876/1899 1670/1875/1898 1913/2141/2155
f 1910/2142/2151 1913/2163/2155 1914/2143/2156
f 1911/2139/2157 1914/2143/2175 1915/2144/2158
f 1915/2144/2158 1660/1865/1889 1648/1853/1877
f 1805/2010/2018 1798/2003/2011 1916/2145/2159
f 1917/2146/2160 1916/2145/2159 1918/2147/2161
f 1919/2148/2163 1918/2147/2166 1920/2149/2164
f 1920/2151/2164 1655/1860/1884 1657/1862/1886
f 1798/2003/2011 1777/1982/1991 1899/2122/2136
f 1916/2145/2159 1899/2122/2136 1901/2124/2138
f 1918/2147/2166 1901/2124/2139 1903/2126/2141
f 1903/2128/2141 1647/1852/1876 1655/1860/1884
f 1785/1990/1998 1923/2154/2168 1922/2153/2167
f 1923/2154/2168 1925/2156/2170 1924/2155/2169
f 1925/2156/2170 1927/2160/2172 1926/2157/2171
f 1927/2158/2172 1751/1956/1968 1667/1872/1895
f 1815/2020/2028 1814/2019/2027 1923/2154/2168
f 1814/2019/2027 1818/2023/2031 1925/2156/2170
f 1818/2023/2031 1809/2014/2022 1927/2160/2172
f 1809/2014/2022 1806/2011/2019 1751/2161/1968
f 1670/1875/1898 1770/1975/1985 1928/2162/2173
f 1913/2163/2155 1928/2166/2177 1929/2164/2174
f 1914/2143/2175 1929/2164/2178 1930/2165/2176
f 1915/2144/2158 1930/2165/2176 1658/1863/1887
f 1770/1975/1985 1783/1988/1996 1922/2153/2167
f 1928/2166/2177 1922/2315/2167 1924/2167/2169
f 1929/2164/2178 1924/2167/2169 1926/2159/2171
f 1926/2159/2171 1667/1872/1895 1658/1863/1887
f 1815/2020/2028 1784/1989/1997 1931/2168/2179
f 1813/2018/2026 1931/2168/2179 1932/2169/2180
f 1816/2021/2038 1932/2169/2182 1933/2170/2181
f 1821/2026/2034 1933/2171/2181 1664/1869/1892
f 1784/1989/1997 1805/2010/2018 1917/2146/2160
f 1931/2168/2179 1917/2146/2160 1919/2148/2162
f 1932/2169/2182 1919/2148/2163 1921/2150/2165
f 1933/2171/2181 1921/2152/2165 1657/1862/1886
f 1687/1892/1914 1934/2172/2183 1883/2100/2115
f 1934/2172/2183 1935/2177/2188 1884/2173/2184
f 1935/2174/2185 1939/2179/2190 1936/2175/2186
f 1936/2175/2186 1939/2179/2190 1780/1985/1993
f 1746/1951/1965 1937/2176/2187 1934/2172/2183
f 1937/2176/2187 1938/2197/2206 1935/2177/2188
f 1938/2178/2189 1954/2199/2208 1939/2179/2190
f 1939/2179/2190 1954/2199/2208 1676/1881/1904
f 1619/1824/1852 1941/2181/2192 1940/2180/2191
f 1941/2181/2192 1943/2186/2197 1942/2182/2193
f 1943/2183/2194 1945/2187/2198 1944/2184/2195
f 1944/2184/2195 1945/2187/2198 1672/1877/1900
f 1621/1826/1854 1886/2104/2119 1941/2181/2192
f 1886/2104/2119 1888/2106/2121 1943/2186/2197
f 1888/2109/2124 1890/2108/2123 1945/2187/2198
f 1945/2187/2198 1890/2108/2123 1634/1839/1864
f 1837/2048/2056 1761/1966/1977 1946/2188/2199
f 1835/2046/2054 1946/2188/2199 1947/2189/2200
f 1828/2037/2045 1947/2189/2200 1948/2190/2201
f 1824/2191/2041 1948/2195/2201 1738/1943/1958
f 1761/1966/1977 1763/1968/1979 1949/2192/2202
f 1946/2188/2199 1949/2192/2202 1950/2193/2203
f 1947/2189/2200 1950/2193/2203 1951/2194/2204
f 1948/2195/2201 1951/2206/2204 1682/1887/1910
f 1762/1967/1978 1952/2196/2205 1937/2176/2187
f 1952/2196/2205 1953/2201/2210 1938/2197/2206
f 1953/2198/2207 1955/2200/2209 1954/2199/2208
f 1955/2200/2209 1684/1889/1912 1676/1881/1904
f 1837/2048/2056 1836/2047/2055 1952/2196/2205
f 1836/2047/2055 1839/2050/2058 1953/2201/2210
f 1839/2202/2211 1833/2203/2050 1955/2200/2209
f 1833/2203/2050 1830/2039/2047 1684/1889/1912
f 1764/1969/1980 1956/2204/2212 1949/2192/2202
f 1956/2204/2212 1957/2208/2214 1950/2193/2203
f 1957/2205/2213 1958/2209/2215 1951/2206/2204
f 1951/2206/2204 1958/2209/2215 1680/1885/1908
f 1792/1997/2005 1940/2180/2191 1956/2204/2212
f 1940/2180/2191 1942/2182/2193 1957/2208/2214
f 1942/2185/2196 1944/2184/2195 1958/2209/2215
f 1944/2184/2195 1674/1879/1902 1680/1885/1908
f 1760/1965/1976 1960/2211/2217 1959/2210/2216
f 1960/2211/2217 1962/2213/2219 1961/2212/2218
f 1962/2213/2219 1964/2215/2221 1963/2214/2220
f 1964/2215/2221 1802/2007/2015 1803/2008/2016
f 1709/1914/1934 1965/2216/2222 1960/2211/2217
f 1965/2216/2222 1966/2217/2223 1962/2213/2219
f 1967/2218/2224 1801/2006/2014 1802/2007/2015
f 1703/1908/1928 1702/1907/1927 1968/2219/2225
f 1969/2220/2226 1968/2219/2225 1970/2221/2227
f 1971/2222/2228 1970/2221/2227 1972/2223/2229
f 1973/2224/2230 1972/2223/2229 1741/1946/1961
f 1702/1907/1927 1706/1911/1931 1974/2225/2231
f 1968/2219/2225 1974/2225/2231 1975/2226/2232
f 1970/2221/2227 1975/2226/2232 1976/2227/2233
f 1972/2223/2229 1976/2227/2233 1742/1947/1962
f 1699/1904/1924 1690/1895/1916 1977/2228/2234
f 1978/2229/2235 1977/2228/2234 1979/2230/2236
f 1980/2231/2237 1979/2230/2236 1981/2232/2238
f 1982/2233/2239 1981/2232/2238 1758/1963/1975
f 1690/1895/1916 1689/1894/1915 1959/2210/2216
f 1977/2228/2234 1959/2210/2216 1961/2212/2218
f 1979/2230/2236 1961/2212/2218 1963/2214/2220
f 1981/2232/2238 1963/2214/2220 1803/2008/2016
f 1704/1909/1929 1984/2235/2241 1983/2234/2240
f 1984/2235/2241 1986/2237/2243 1985/2236/2242
f 1986/2237/2243 1988/2239/2245 1987/2238/2244
f 1988/2239/2245 1779/1984/1992 1796/2001/2009
f 1703/1908/1928 1969/2220/2226 1984/2235/2241
f 1969/2220/2226 1971/2222/2228 1986/2237/2243
f 1971/2222/2228 1973/2224/2230 1988/2239/2245
f 1973/2224/2230 1744/1949/1964 1779/1984/1992
f 1695/1900/1921 1990/2241/2247 1989/2240/2246
f 1990/2241/2247 1992/2243/2249 1991/2242/2248
f 1992/2243/2249 1994/2245/2251 1993/2244/2250
f 1994/2245/2251 1712/1917/1937 1696/1901/1922
f 1743/1948/1963 1983/2234/2240 1990/2241/2247
f 1985/2236/2242 1987/2238/2244 1994/2245/2251
f 1987/2238/2244 1796/2001/2009 1712/1917/1937
f 1710/1915/1935 1995/2246/2252 1965/2216/2222
f 1995/2246/2252 1996/2247/2253 1966/2217/2223
f 1996/2247/2253 1997/2248/2254 1967/2218/2224
f 1997/2248/2254 1692/1897/1918 1801/2006/2014
f 1715/1920/1939 1998/2249/2255 1995/2246/2252
f 1998/2249/2255 1999/2250/2256 1996/2247/2253
f 1999/2250/2256 2000/2251/2257 1997/2248/2254
f 2000/2251/2257 1756/1961/1973 1692/1897/1918
f 1716/1921/1940 2001/2252/2258 1998/2249/2255
f 2002/2253/2259 2003/2254/2260 2000/2251/2257
f 2003/2254/2260 1797/2002/2010 1756/1961/1973
f 1720/1925/1943 2004/2255/2261 2001/2252/2258
f 2004/2255/2261 2005/2256/2262 2002/2253/2259
f 2005/2256/2262 2006/2257/2263 2003/2254/2260
f 2006/2257/2263 1794/1999/2007 1797/2002/2010
f 1711/1916/1936 2008/2259/2265 2007/2258/2264
f 2008/2259/2265 2010/2261/2267 2009/2260/2266
f 2010/2261/2267 2012/2263/2269 2011/2262/2268
f 2012/2263/2269 1698/1903/1923 1719/1924/1942
f 1773/1978/1987 1989/2240/2246 2008/2259/2265
f 1989/2240/2246 1991/2242/2248 2010/2261/2267
f 1991/2242/2248 1993/2244/2250 2012/2263/2269
f 1993/2244/2250 1696/1901/1922 1698/1903/1923
f 1800/2005/2013 1755/1960/1972 2013/2264/2270
f 2014/2265/2271 2013/2264/2270 2015/2266/2272
f 2018/2269/2275 2017/2268/2274 1787/1992/2000
f 1755/1960/1972 1754/1959/1971 1841/2052/2061
f 2013/2264/2270 1841/2052/2061 1845/2056/2065
f 2015/2266/2272 1845/2056/2065 1850/2062/2073
f 2017/2268/2274 1850/2062/2073 1788/1993/2001
f 1722/1927/1945 2019/2270/2276 2004/2255/2261
f 2019/2270/2276 2020/2271/2277 2005/2256/2262
f 2021/2272/2278 1774/1979/1988 1794/1999/2007
f 1800/2005/2013 2014/2265/2271 2019/2270/2276
f 2014/2265/2271 2016/2267/2273 2020/2271/2277
f 2016/2267/2273 2018/2269/2275 2021/2272/2278
f 2018/2269/2275 1789/1994/2002 1774/1979/1988
f 1717/1922/1941 2022/2273/2279 1848/2060/2069
f 2022/2273/2279 2023/2274/2280 1853/2065/2076
f 2023/2274/2280 2024/2275/2281 1851/2063/2074
f 1799/2004/2012 2007/2258/2264 2022/2273/2279
f 2007/2258/2264 2009/2260/2266 2023/2274/2280
f 2011/2262/2268 1719/1924/1942 1786/1991/1999
f 1706/1911/1931 1727/1932/1948 2025/2276/2282
f 1974/2225/2231 2025/2276/2282 2026/2277/2283
f 1975/2226/2232 2026/2277/2283 2027/2278/2284
f 1976/2227/2233 2027/2278/2284 1781/1986/1994
f 2025/2276/2282 2028/2279/2285 2029/2280/2286
f 2027/2278/2284 2030/2281/2287 1748/1953/1967
f 1729/1934/1950 1700/1905/1925 2031/2282/2288
f 2032/2283/2289 2031/2282/2288 2033/2284/2290
f 2036/2287/2293 2035/2286/2292 1733/1938/1953
f 1700/1905/1925 1699/1904/1924 1978/2229/2235
f 2031/2282/2288 1978/2229/2235 1980/2231/2237
f 2033/2284/2290 1980/2231/2237 1982/2233/2239
f 2035/2286/2292 1982/2233/2239 1724/1929/1947
f 1740/1945/1960 2037/2288/2294 1856/2068/2080
f 2037/2288/2294 2038/2289/2295 1865/2077/2090
f 2038/2289/2295 2039/2290/2296 1861/2073/2086
f 2039/2290/2296 1768/1973/1984 1862/2074/2087
f 1736/1941/1956 2040/2291/2297 2037/2288/2294
f 2040/2291/2297 2041/2292/2298 2038/2289/2295
f 2041/2292/2298 2042/2293/2299 2039/2290/2296
f 2042/2293/2299 1765/1970/1981 1768/1973/1984
f 1728/1933/1949 1734/1939/1954 2043/2294/2300
f 2028/2279/2285 2043/2294/2300 2044/2295/2301
f 2029/2280/2286 2044/2295/2301 2045/2296/2302
f 1734/1939/1954 1735/1940/1955 1868/2080/2094
f 2044/2295/2301 1863/2075/2088 1860/2072/2085
f 2045/2296/2302 1860/2072/2085 1862/2074/2087
f 1736/1941/1956 1730/1935/1951 2046/2297/2303
f 2040/2291/2297 2046/2297/2303 2047/2298/2304
f 2041/2292/2298 2047/2298/2304 2048/2299/2305
f 2042/2293/2299 2048/2299/2305 1766/1971/1982
f 1730/1935/1951 1729/1934/1950 2032/2283/2289
f 2046/2297/2303 2032/2283/2289 2034/2285/2291
f 2047/2298/2304 2034/2285/2291 2036/2287/2293
f 2048/2299/2305 2036/2287/2293 1732/1937/1952
f 1735/1940/1955 1685/1890/1913 2049/2300/2306
f 1855/2067/2307 2049/2305/2310 1790/1995/2003
f 1685/1890/1913 1830/2039/2047 1832/2041/2308
f 2049/2305/2310 1825/2304/2042 1791/1996/2004
f 1665/1870/1893 2050/2309/2314 1822/2027/2311
f 2050/2308/2313 1752/2311/1969 1806/2011/2019
f 1723/1928/1946 1842/2059/2068 2050/2309/2314
f 1842/2310/2062 1754/2316/1971 1752/2311/1969
f 2051/2317/2319 2052/2318/2320 2053/2319/2321
f 2054/2320/2322 2055/2321/2323 2056/2322/2324
f 2057/2323/2320 2058/2324/2325 2059/2325/2320
f 2060/2326/2326 2061/2327/2327 2062/2328/2328
f 2063/2329/2320 2064/2330/2329 2065/2331/2330
f 2066/2332/2331 2056/2322/2324 2067/2333/2332
f 2068/2334/2333 2069/2335/2334 2070/2336/2335
f 2071/2337/2336 2072/2338/2337 2073/2339/2338
f 2059/2325/2320 2074/2340/2339 2075/2341/2340
f 2076/2342/2341 2063/2329/2320 2077/2343/2320
f 2062/2328/2328 2078/2344/2342 2079/2345/2343
f 2080/2346/2344 2081/2347/2345 2082/2348/2346
f 2083/2349/2347 2084/2350/2348 2085/2351/2349
f 2079/2345/2343 2086/2352/2350 2087/2353/2351
f 2087/2353/2351 2088/2354/2352 2089/2355/2353
f 2090/2356/2354 2091/2357/2355 2092/2358/2356
f 2093/2359/2320 2094/2360/2357 2064/2330/2329
f 2089/2355/2353 2095/2361/2358 2096/2362/2359
f 2096/2362/2359 2097/2363/2360 2098/2364/2361
f 2099/2365/2362 2100/2366/2363 2090/2356/2354
f 2101/2367/2364 2102/2368/2365 2103/2369/2366
f 2104/2370/2367 2067/2333/2332 2105/2371/2368
f 2106/2372/2369 2105/2371/2368 2107/2373/2370
f 2108/2374/2371 2109/2375/2372 2110/2376/2373
f 2052/2318/2320 2111/2377/2374 2057/2323/2320
f 2112/2378/2375 2107/2373/2370 2113/2379/2376
f 2114/2380/2377 2113/2379/2376 2115/2381/2378
f 2116/2382/2379 2117/2383/2380 2109/2375/2372
f 2118/2384/2381 2119/2385/2382 2120/2386/2320
f 2056/2322/2324 2121/2387/2383 2122/2388/2384
f 2123/2389/2385 2124/2390/2386 2125/2391/2385
f 2126/2392/2387 2127/2393/2388 2061/2327/2327
f 2128/2394/2389 2129/2395/2390 2130/2396/2391
f 2105/2371/2368 2131/2397/2392 2132/2398/2393
f 2133/2399/2394 2134/2400/2395 2135/2401/2396
f 2133/2399/2394 2136/2402/2397 2072/2338/2337
f 2137/2403/2398 2138/2404/2399 2134/2400/2395
f 2139/2405/2400 2121/2387/2383 2055/2321/2323
f 2140/2406/2401 2141/2407/2402 2084/2350/2348
f 2081/2347/2345 2142/2408/2403 2140/2406/2401
f 2078/2344/2342 2143/2409/2404 2086/2352/2350
f 2144/2410/2405 2145/2411/2406 2128/2394/2389
f 2146/2412/2407 2147/2413/2408 2081/2347/2345
f 2091/2357/2355 2148/2414/2409 2146/2412/2407
f 2088/2354/2352 2149/2415/2410 2095/2361/2358
f 2130/2396/2391 2150/2416/2411 2151/2417/2412
f 2100/2366/2363 2152/2418/2413 2091/2357/2355
f 2153/2419/2414 2154/2420/2415 2100/2366/2363
f 2095/2361/2358 2155/2421/2416 2097/2363/2360
f 2156/2422/2417 2157/2423/2385 2158/2424/2385
f 2070/2336/2335 2159/2425/2418 2138/2404/2399
f 2069/2335/2334 2160/2426/2419 2159/2425/2418
f 2113/2379/2376 2161/2427/2420 2162/2428/2421
f 2163/2429/2385 2164/2430/2422 2165/2431/2423
f 2110/2376/2373 2166/2432/2424 2160/2426/2419
f 2109/2375/2372 2167/2433/2425 2166/2432/2424
f 2115/2381/2378 2162/2428/2421 2168/2434/2426
f 2169/2435/2427 2070/2336/2335 2137/2403/2398
f 2170/2436/2428 2115/2437/2378 2171/2438/2429
f 2171/2438/2429 2168/2439/2426 2172/2440/2430
f 2158/2424/2385 2173/2441/2431 2174/2442/2432
f 2058/2324/2325 2077/2343/2320 2059/2325/2320
f 2073/2339/2338 2126/2392/2387 2060/2326/2326
f 2072/2338/2337 2175/2443/2433 2126/2392/2387
f 2157/2423/2385 2176/2444/2434 2173/2441/2431
f 2177/2445/2320 2178/2446/2435 2118/2384/2381
f 2053/2319/2321 2057/2323/2320 2179/2447/2436
f 2067/2333/2332 2122/2388/2384 2131/2397/2392
f 2180/2448/2437 2181/2449/2385 2182/2450/2385
f 2082/2348/2346 2140/2406/2401 2083/2349/2347
f 2183/2451/2438 2184/2452/2439 2185/2453/2440
f 2185/2453/2440 2186/2454/2441 2187/2455/2442
f 2125/2391/2385 2188/2456/2443 2145/2411/2406
f 2085/2351/2349 2139/2405/2400 2189/2457/2444
f 2071/2337/2336 2137/2403/2398 2133/2399/2394
f 2190/2458/2445 2191/2459/2385 2157/2423/2385
f 2084/2350/2348 2192/2460/2446 2139/2405/2400
f 2193/2461/2447 2194/2462/2448 2177/2445/2320
f 2195/2463/2449 2177/2445/2320 2196/2464/2450
f 2181/2449/2385 2197/2465/2451 2198/2466/2452
f 2199/2467/2453 2200/2468/2454 2181/2449/2385
f 2201/2469/2455 2202/2470/2456 2102/2368/2365
f 2203/2471/2457 2204/2472/2458 2093/2359/2320
f 2061/2327/2327 2205/2473/2459 2078/2344/2342
f 2150/2416/2411 2206/2474/2460 2207/2475/2461
f 2208/2476/2462 2093/2359/2320 2063/2329/2320
f 2209/2477/2463 2101/2367/2364 2204/2472/2458
f 2210/2478/2464 2176/2444/2434 2191/2459/2385
f 2123/2389/2385 2211/2479/2465 2210/2478/2464
f 2212/2480/2466 2110/2376/2373 2069/2335/2334
f 2158/2424/2385 2165/2431/2423 2156/2422/2417
f 2213/2481/2467 2182/2450/2385 2163/2429/2385
f 2214/2482/2468 2215/2483/2469 2202/2470/2456
f 2216/2484/2470 2217/2485/2471 2214/2482/2468
f 2218/2486/2472 2219/2487/2473 2220/2488/2474
f 2207/2475/2461 2221/2489/2475 2219/2487/2473
f 2170/2436/2428 2222/2490/2476 2223/2491/2477
f 2224/2492/2478 2120/2386/2320 2051/2317/2319
f 2107/2373/2370 2132/2398/2393 2161/2427/2420
f 2171/2438/2429 2225/2493/2479 2222/2490/2476
f 2092/2358/2356 2146/2412/2407 2080/2346/2344
f 2196/2464/2450 2118/2384/2381 2224/2492/2478
f 2182/2450/2385 2198/2466/2452 2164/2430/2422
f 2129/2395/2390 2226/2494/2480 2150/2416/2411
f 2204/2472/2458 2103/2369/2366 2094/2360/2357
f 2189/2457/2444 2055/2321/2323 2227/2495/2481
f 2228/2496/2482 2125/2391/2385 2144/2410/2405
f 2145/2411/2406 2229/2497/2483 2129/2395/2390
f 2183/2451/2438 2230/2498/2484 2231/2499/2485
f 2232/2500/2486 2201/2469/2455 2101/2367/2364
f 2086/2352/2350 2233/2501/2487 2088/2354/2352
f 2185/2453/2440 2234/2502/2488 2230/2498/2484
f 2179/2447/2436 2059/2325/2320 2075/2341/2340
f 2077/2343/2320 2065/2331/2330 2074/2340/2339
f 2235/2503/2489 2210/2478/2464 2236/2504/2490
f 2236/2504/2490 2191/2459/2385 2237/2505/2491
f 2120/2386/2320 2238/2506/2492 2052/2318/2320
f 2239/2507/2493 2214/2482/2468 2201/2469/2455
f 2151/2417/2412 2207/2475/2461 2218/2486/2472
f 2174/2442/2432 2163/2429/2385 2158/2424/2385
f 2240/2508/2494 2241/2509/2495 2242/2510/2496
f 2243/2511/2497 2244/2512/2498 2241/2509/2495
f 2242/2510/2496 2245/2513/2499 2246/2514/2500
f 2241/2509/2495 2247/2515/2501 2245/2513/2499
f 2248/2516/2502 2249/2517/2503 2250/2518/2504
f 2251/2519/2505 2252/2520/2506 2248/2516/2502
f 2252/2520/2506 2253/2521/2507 2249/2517/2503
f 2254/2522/2508 2244/2512/2498 2252/2520/2506
f 2098/2364/2361 2255/2523/2509 2256/2524/2510
f 2246/2514/2511 2245/2513/2512 2255/2525/2509
f 2256/2524/2510 2254/2526/2513 2251/2527/2505
f 2255/2525/2509 2247/2515/2514 2254/2522/2513
f 2257/2528/2515 2258/2529/2516 2231/2499/2485
f 2259/2530/2517 2260/2531/2518 2257/2528/2515
f 2260/2531/2518 2261/2532/2519 2258/2529/2516
f 2260/2531/2518 2262/2533/2520 2263/2534/2521
f 2264/2535/2522 2265/2536/2523 2099/2365/2362
f 2266/2537/2524 2267/2538/2525 2264/2535/2522
f 2265/2536/2523 2262/2539/2520 2259/2530/2517
f 2267/2538/2525 2268/2540/2526 2262/2539/2520
f 2215/2483/2469 2269/2541/2527 2270/2542/2528
f 2271/2543/2529 2263/2544/2530 2269/2541/2527
f 2270/2542/2528 2268/2545/2531 2266/2546/2532
f 2269/2541/2533 2262/2547/2520 2268/2545/2526
f 2223/2491/2477 2272/2548/2534 2273/2549/2535
f 2274/2550/2536 2275/2551/2537 2272/2548/2534
f 2273/2549/2535 2276/2552/2538 2277/2553/2539
f 2272/2548/2534 2278/2554/2540 2276/2552/2538
f 2279/2555/2541 2280/2556/2542 2281/2557/2543
f 2282/2558/2544 2283/2559/2545 2280/2556/2542
f 2281/2557/2546 2275/2551/2547 2274/2550/2548
f 2280/2556/2542 2278/2554/2549 2275/2551/2547
f 2284/2560/2550 2285/2561/2551 2286/2562/2552
f 2277/2553/2539 2287/2563/2553 2284/2560/2550
f 2287/2563/2553 2288/2564/2554 2285/2561/2551
f 2276/2552/2538 2283/2559/2555 2287/2563/2553
f 2186/2454/2441 2289/2565/2556 2290/2566/2557
f 2291/2567/2558 2292/2568/2559 2289/2565/2556
f 2290/2566/2557 2293/2569/2560 2294/2570/2561
f 2289/2565/2556 2295/2571/2562 2293/2569/2560
f 2155/2421/2416 2296/2572/2563 2291/2573/2564
f 2297/2574/2565 2298/2575/2566 2296/2572/2563
f 2291/2573/2564 2296/2572/2563 2292/2568/2567
f 2296/2572/2563 2295/2571/2568 2292/2568/2567
f 2299/2576/2569 2300/2577/2570 2220/2488/2474
f 2294/2570/2561 2301/2578/2571 2299/2576/2569
f 2301/2578/2571 2302/2579/2572 2300/2577/2570
f 2293/2569/2573 2298/2575/2566 2301/2578/2571
f 2303/2580/2574 2304/2581/2575 2234/2502/2488
f 2305/2582/2576 2306/2583/2577 2303/2580/2574
f 2306/2583/2577 2307/2584/2578 2304/2581/2575
f 2306/2583/2577 2308/2585/2579 2309/2586/2580
f 2310/2587/2581 2311/2588/2582 2221/2489/2475
f 2310/2587/2581 2312/2589/2583 2313/2590/2584
f 2313/2590/2584 2305/2582/2576 2311/2588/2582
f 2313/2590/2584 2308/2585/2579 2314/2591/2585
f 2315/2592/2586 2316/2593/2587 2317/2594/2588
f 2307/2584/2578 2318/2595/2589 2315/2592/2586
f 2318/2595/2589 2319/2596/2590 2316/2593/2587
f 2309/2586/2580 2312/2589/2583 2318/2595/2589
f 2225/2493/2479 2320/2597/2591 2321/2598/2592
f 2322/2599/2593 2323/2600/2594 2320/2597/2591
f 2321/2598/2592 2320/2597/2591 2324/2601/2595
f 2320/2597/2591 2325/2602/2596 2324/2601/2595
f 2326/2603/2597 2327/2604/2598 2328/2605/2599
f 2329/2606/2600 2330/2607/2601 2326/2603/2597
f 2330/2607/2601 2331/2608/2602 2327/2604/2598
f 2332/2609/2603 2323/2610/2604 2330/2607/2601
f 2167/2433/2425 2333/2611/2605 2334/2612/2606
f 2321/2613/2607 2324/2614/2608 2333/2611/2605
f 2334/2612/2606 2332/2609/2603 2329/2606/2600
f 2333/2611/2605 2325/2615/2609 2332/2609/2603
f 2075/2341/2340 2335/2616/2610 2336/2617/2611
f 2336/2617/2611 2337/2618/2612 2338/2619/2613
f 2338/2619/2614 2339/2620/2615 2340/2621/2616
f 2339/2622/2615 2227/2495/2481 2340/2623/2616
f 2074/2340/2339 2341/2624/2617 2335/2616/2610
f 2335/2616/2610 2342/2625/2618 2337/2618/2612
f 2337/2618/2619 2343/2626/2620 2339/2620/2615
f 2343/2627/2620 2189/2457/2444 2339/2622/2615
f 2111/2377/2374 2344/2628/2621 2058/2324/2325
f 2345/2629/2622 2346/2630/2623 2344/2628/2621
f 2347/2631/2624 2348/2632/2625 2346/2630/2626
f 2348/2633/2625 2169/2435/2427 2071/2337/2336
f 2238/2506/2492 2345/2629/2622 2111/2377/2374
f 2349/2634/2627 2347/2631/2628 2345/2629/2622
f 2350/2635/2629 2351/2636/2630 2347/2631/2624
f 2351/2637/2630 2068/2334/2333 2169/2435/2427
f 2179/2447/2436 2352/2638/2631 2053/2319/2321
f 2353/2639/2632 2354/2640/2633 2352/2638/2631
f 2355/2641/2634 2356/2642/2635 2354/2640/2636
f 2356/2643/2635 2054/2320/2322 2066/2332/2331
f 2075/2341/2340 2353/2639/2632 2179/2447/2436
f 2336/2617/2611 2355/2641/2637 2353/2639/2632
f 2338/2619/2614 2357/2644/2638 2355/2641/2634
f 2357/2645/2638 2227/2495/2481 2054/2320/2322
f 2208/2476/2462 2358/2646/2639 2359/2647/2640
f 2359/2647/2640 2360/2648/2641 2361/2649/2642
f 2361/2649/2643 2362/2650/2644 2363/2651/2645
f 2362/2652/2644 2060/2326/2326 2363/2653/2645
f 2076/2342/2341 2344/2628/2621 2358/2646/2639
f 2358/2646/2639 2346/2630/2623 2360/2648/2641
f 2360/2648/2646 2348/2632/2625 2362/2650/2644
f 2348/2633/2625 2073/2339/2338 2362/2652/2644
f 2209/2477/2463 2364/2654/2647 2365/2655/2648
f 2365/2655/2648 2366/2656/2649 2367/2657/2650
f 2367/2658/2651 2368/2659/2652 2369/2660/2653
f 2368/2659/2652 2079/2345/2343 2369/2660/2653
f 2203/2471/2457 2359/2647/2640 2364/2654/2647
f 2364/2654/2647 2361/2649/2642 2366/2656/2649
f 2366/2661/2654 2363/2653/2645 2368/2659/2652
f 2363/2653/2645 2062/2328/2328 2368/2659/2652
f 2065/2331/2330 2370/2662/2655 2341/2624/2617
f 2341/2624/2617 2371/2663/2656 2342/2625/2618
f 2342/2625/2657 2372/2664/2658 2343/2626/2620
f 2372/2665/2658 2085/2351/2349 2343/2627/2620
f 2064/2330/2329 2373/2666/2659 2370/2662/2655
f 2370/2662/2655 2374/2667/2660 2371/2663/2656
f 2371/2663/2661 2375/2668/2662 2372/2664/2658
f 2375/2669/2662 2083/2349/2347 2372/2665/2658
f 2094/2360/2357 2376/2670/2663 2373/2666/2659
f 2373/2666/2659 2377/2671/2664 2374/2667/2660
f 2374/2667/2665 2378/2672/2666 2375/2668/2662
f 2378/2673/2666 2082/2348/2346 2375/2669/2662
f 2103/2369/2366 2379/2674/2667 2376/2670/2663
f 2376/2670/2663 2380/2675/2668 2377/2671/2664
f 2377/2671/2669 2381/2676/2670 2378/2672/2666
f 2381/2677/2670 2080/2346/2344 2378/2673/2666
f 2239/2507/2493 2382/2678/2671 2383/2679/2672
f 2383/2679/2672 2384/2680/2673 2385/2681/2674
f 2385/2682/2675 2386/2683/2676 2387/2684/2677
f 2387/2684/2677 2087/2353/2351 2089/2355/2353
f 2232/2500/2486 2365/2655/2648 2382/2678/2671
f 2382/2678/2671 2367/2657/2650 2384/2680/2673
f 2384/2685/2678 2369/2660/2653 2386/2683/2676
f 2369/2660/2653 2087/2353/2351 2386/2683/2676
f 2217/2485/2471 2271/2543/2529 2215/2483/2469
f 2388/2686/2679 2261/2687/2680 2271/2543/2529
f 2389/2688/2681 2258/2689/2516 2261/2687/2519
f 2390/2690/2682 2231/2499/2485 2258/2529/2516
f 2250/2518/2504 2388/2686/2679 2217/2485/2471
f 2249/2517/2503 2389/2688/2681 2388/2686/2679
f 2253/2521/2507 2390/2691/2682 2389/2688/2681
f 2243/2511/2497 2183/2692/2438 2390/2691/2682
f 2102/2368/2365 2391/2693/2683 2379/2674/2667
f 2379/2674/2667 2392/2694/2684 2380/2675/2668
f 2380/2675/2685 2393/2695/2686 2381/2676/2670
f 2381/2677/2670 2090/2356/2354 2092/2358/2356
f 2202/2470/2456 2270/2542/2528 2391/2693/2683
f 2391/2693/2687 2266/2546/2532 2392/2694/2684
f 2392/2694/2688 2264/2696/2522 2393/2695/2686
f 2393/2697/2686 2099/2365/2362 2090/2356/2354
f 2250/2518/2504 2394/2698/2689 2248/2516/2502
f 2248/2516/2502 2395/2699/2690 2251/2519/2505
f 2251/2527/2505 2396/2700/2691 2256/2524/2510
f 2256/2524/2510 2096/2362/2359 2098/2364/2361
f 2216/2484/2470 2383/2679/2672 2394/2698/2689
f 2394/2698/2689 2385/2681/2674 2395/2699/2690
f 2395/2701/2690 2387/2684/2677 2396/2700/2691
f 2396/2700/2691 2089/2355/2353 2096/2362/2359
f 2119/2385/2382 2349/2634/2627 2238/2506/2492
f 2397/2702/2692 2350/2635/2693 2349/2634/2627
f 2398/2703/2694 2399/2704/2695 2350/2635/2629
f 2399/2705/2695 2212/2480/2466 2068/2334/2333
f 2178/2446/2435 2397/2702/2692 2119/2385/2382
f 2400/2706/2696 2398/2703/2697 2397/2702/2692
f 2401/2707/2698 2402/2708/2699 2398/2703/2694
f 2402/2709/2699 2108/2374/2371 2212/2480/2466
f 2051/2317/2319 2403/2710/2700 2224/2492/2478
f 2404/2711/2701 2405/2712/2702 2403/2710/2700
f 2406/2713/2703 2407/2714/2704 2405/2712/2705
f 2407/2715/2704 2104/2370/2367 2106/2372/2369
f 2053/2319/2321 2404/2711/2701 2051/2317/2319
f 2352/2638/2631 2406/2713/2706 2404/2711/2701
f 2354/2640/2636 2408/2716/2707 2406/2713/2703
f 2408/2717/2707 2066/2332/2331 2104/2370/2367
f 2286/2562/2552 2409/2718/2708 2284/2560/2550
f 2284/2560/2550 2410/2719/2709 2277/2553/2539
f 2277/2553/2539 2411/2720/2710 2273/2549/2535
f 2273/2549/2535 2170/2436/2428 2223/2491/2477
f 2193/2461/2447 2412/2721/2711 2409/2718/2708
f 2409/2718/2708 2413/2722/2712 2410/2719/2709
f 2410/2719/2709 2414/2723/2713 2411/2720/2710
f 2411/2720/2710 2114/2724/2377 2170/2436/2428
f 2194/2462/2448 2400/2706/2696 2178/2446/2435
f 2415/2725/2714 2401/2707/2715 2400/2706/2696
f 2416/2726/2716 2417/2727/2717 2401/2707/2698
f 2418/2728/2718 2108/2374/2371 2417/2729/2717
f 2286/2562/2552 2415/2725/2714 2194/2462/2448
f 2285/2561/2551 2416/2726/2719 2415/2725/2714
f 2288/2564/2720 2418/2730/2718 2416/2726/2716
f 2282/2731/2544 2116/2382/2379 2418/2728/2718
f 2196/2464/2450 2412/2721/2711 2195/2463/2449
f 2419/2732/2721 2413/2722/2712 2412/2721/2711
f 2420/2733/2722 2414/2723/2713 2413/2722/2712
f 2414/2734/2713 2112/2378/2375 2114/2380/2377
f 2224/2492/2478 2419/2732/2721 2196/2464/2450
f 2403/2710/2700 2420/2733/2723 2419/2732/2721
f 2405/2712/2705 2421/2735/2724 2420/2733/2722
f 2407/2715/2704 2112/2378/2375 2421/2736/2724
f 2192/2460/2446 2422/2737/2725 2121/2387/2383
f 2423/2738/2726 2424/2739/2727 2422/2737/2725
f 2425/2740/2728 2426/2741/2729 2424/2739/2727
f 2427/2742/2730 2237/2505/2491 2426/2741/2729
f 2141/2407/2402 2423/2738/2726 2192/2460/2446
f 2428/2743/2731 2425/2740/2728 2423/2738/2726
f 2429/2744/2732 2427/2742/2730 2425/2740/2728
f 2430/2745/2733 2236/2504/2490 2427/2742/2730
f 2135/2401/2396 2431/2746/2734 2432/2747/2735
f 2432/2747/2735 2433/2748/2736 2434/2749/2737
f 2434/2749/2737 2435/2750/2738 2436/2751/2739
f 2436/2751/2739 2173/2441/2431 2176/2444/2434
f 2134/2400/2395 2437/2752/2740 2431/2746/2734
f 2431/2746/2734 2438/2753/2741 2433/2748/2736
f 2433/2748/2736 2439/2754/2742 2435/2750/2738
f 2435/2750/2738 2174/2442/2432 2173/2441/2431
f 2131/2397/2392 2440/2755/2743 2441/2756/2744
f 2441/2756/2744 2442/2757/2745 2443/2758/2746
f 2443/2758/2746 2444/2759/2747 2445/2760/2748
f 2445/2760/2748 2190/2458/2445 2156/2422/2417
f 2122/2388/2384 2422/2737/2725 2440/2755/2743
f 2440/2755/2743 2424/2739/2727 2442/2757/2745
f 2442/2757/2745 2426/2741/2729 2444/2759/2747
f 2444/2759/2747 2237/2505/2491 2190/2458/2445
f 2136/2402/2397 2446/2761/2749 2175/2443/2433
f 2447/2762/2750 2448/2763/2751 2446/2761/2749
f 2449/2764/2752 2450/2765/2753 2448/2763/2751
f 2451/2766/2754 2228/2496/2482 2450/2765/2753
f 2135/2401/2396 2447/2762/2750 2136/2402/2397
f 2432/2747/2735 2449/2764/2752 2447/2762/2750
f 2434/2749/2737 2451/2766/2754 2449/2764/2752
f 2436/2751/2739 2211/2479/2465 2451/2766/2754
f 2127/2393/2388 2452/2767/2755 2205/2473/2459
f 2453/2768/2756 2454/2769/2757 2452/2767/2755
f 2455/2770/2758 2456/2771/2759 2454/2769/2757
f 2457/2772/2760 2128/2394/2389 2456/2771/2759
f 2175/2443/2433 2453/2768/2756 2127/2393/2388
f 2446/2761/2749 2455/2770/2758 2453/2768/2756
f 2448/2763/2751 2457/2772/2760 2455/2770/2758
f 2450/2765/2753 2144/2410/2405 2457/2772/2760
f 2142/2408/2403 2428/2743/2731 2141/2407/2402
f 2458/2773/2761 2429/2744/2732 2428/2743/2731
f 2459/2774/2762 2430/2745/2733 2429/2744/2732
f 2460/2775/2763 2235/2503/2489 2430/2745/2733
f 2147/2413/2408 2458/2773/2761 2142/2408/2403
f 2461/2776/2764 2459/2774/2762 2458/2773/2761
f 2462/2777/2765 2460/2775/2763 2459/2774/2762
f 2463/2778/2766 2124/2390/2386 2460/2775/2763
f 2148/2414/2409 2461/2776/2764 2147/2413/2408
f 2464/2779/2767 2462/2777/2765 2461/2776/2764
f 2465/2780/2768 2463/2778/2766 2462/2777/2765
f 2466/2781/2769 2188/2456/2443 2463/2778/2766
f 2152/2418/2413 2464/2779/2767 2148/2414/2409
f 2467/2782/2770 2465/2780/2768 2464/2779/2767
f 2468/2783/2771 2466/2781/2769 2465/2780/2768
f 2469/2784/2772 2229/2497/2483 2466/2781/2769
f 2143/2409/2404 2470/2785/2773 2233/2501/2487
f 2471/2786/2774 2472/2787/2775 2470/2785/2773
f 2473/2788/2776 2474/2789/2777 2472/2787/2775
f 2475/2790/2778 2151/2417/2412 2474/2789/2777
f 2205/2473/2459 2471/2786/2774 2143/2409/2404
f 2452/2767/2755 2473/2788/2776 2471/2786/2774
f 2454/2769/2757 2475/2790/2778 2473/2788/2776
f 2456/2771/2759 2130/2396/2391 2475/2790/2778
f 2234/2502/2488 2476/2791/2779 2303/2580/2574
f 2303/2580/2574 2477/2792/2780 2305/2582/2576
f 2305/2582/2576 2478/2793/2781 2311/2588/2582
f 2311/2588/2582 2219/2487/2473 2221/2489/2475
f 2187/2455/2442 2290/2566/2557 2476/2791/2779
f 2476/2791/2779 2294/2570/2561 2477/2792/2780
f 2477/2792/2780 2299/2576/2569 2478/2793/2781
f 2478/2793/2781 2220/2488/2474 2219/2487/2473
f 2154/2420/2415 2467/2782/2770 2152/2418/2413
f 2479/2794/2782 2468/2783/2771 2467/2782/2770
f 2480/2795/2783 2469/2784/2772 2468/2783/2771
f 2481/2796/2784 2226/2494/2480 2469/2784/2772
f 2317/2594/2588 2479/2794/2782 2154/2420/2415
f 2316/2593/2587 2480/2795/2783 2479/2794/2782
f 2319/2596/2590 2481/2796/2784 2480/2795/2783
f 2310/2587/2581 2206/2474/2460 2481/2796/2784
f 2149/2415/2410 2297/2574/2565 2155/2421/2416
f 2482/2797/2785 2302/2579/2572 2297/2574/2565
f 2483/2798/2786 2300/2577/2570 2302/2579/2572
f 2484/2799/2787 2220/2488/2474 2300/2577/2570
f 2233/2501/2487 2482/2797/2785 2149/2415/2410
f 2470/2785/2773 2483/2798/2786 2482/2797/2785
f 2472/2787/2775 2484/2799/2787 2483/2798/2786
f 2474/2789/2777 2218/2486/2472 2484/2799/2787
f 2138/2404/2399 2485/2800/2788 2437/2752/2740
f 2437/2752/2740 2486/2801/2789 2438/2753/2741
f 2438/2753/2741 2487/2802/2790 2439/2754/2742
f 2439/2754/2742 2213/2481/2467 2174/2442/2432
f 2159/2425/2418 2488/2803/2791 2485/2800/2788
f 2485/2800/2788 2489/2804/2792 2486/2801/2789
f 2486/2801/2789 2490/2805/2793 2487/2802/2790
f 2487/2802/2790 2180/2448/2437 2213/2481/2467
f 2161/2427/2420 2491/2806/2794 2492/2807/2795
f 2492/2807/2795 2493/2808/2796 2494/2809/2797
f 2494/2809/2797 2495/2810/2798 2496/2811/2799
f 2496/2811/2799 2165/2431/2423 2164/2430/2422
f 2132/2398/2393 2441/2756/2744 2491/2806/2794
f 2491/2806/2794 2443/2758/2746 2493/2808/2796
f 2493/2808/2796 2445/2760/2748 2495/2810/2798
f 2495/2810/2798 2156/2422/2417 2165/2431/2423
f 2172/2440/2430 2322/2599/2593 2225/2493/2479
f 2497/2812/2800 2331/2813/2602 2322/2599/2593
f 2498/2814/2801 2327/2604/2598 2331/2608/2602
f 2499/2815/2802 2328/2605/2599 2327/2604/2598
f 2168/2439/2426 2497/2812/2800 2172/2440/2430
f 2500/2816/2803 2498/2814/2801 2497/2817/2800
f 2501/2818/2804 2499/2815/2802 2498/2814/2801
f 2502/2819/2805 2200/2468/2454 2499/2815/2802
f 2160/2426/2419 2503/2820/2806 2488/2803/2791
f 2488/2803/2791 2504/2821/2807 2489/2804/2792
f 2489/2804/2792 2505/2822/2808 2490/2805/2793
f 2490/2805/2793 2199/2467/2453 2180/2448/2437
f 2166/2432/2424 2334/2612/2606 2503/2820/2806
f 2503/2820/2806 2329/2606/2600 2504/2821/2807
f 2504/2821/2807 2326/2603/2597 2505/2822/2808
f 2505/2822/2808 2328/2605/2599 2199/2467/2453
f 2168/2434/2426 2506/2823/2809 2500/2816/2803
f 2500/2816/2803 2507/2824/2810 2501/2818/2804
f 2501/2818/2804 2508/2825/2811 2502/2819/2805
f 2502/2819/2805 2198/2466/2452 2197/2465/2451
f 2162/2428/2421 2492/2807/2795 2506/2823/2809
f 2506/2823/2809 2494/2809/2797 2507/2824/2810
f 2507/2824/2810 2496/2811/2799 2508/2825/2811
f 2508/2825/2811 2164/2430/2422 2198/2466/2452
f 2167/2433/2425 2509/2826/2812 2321/2827/2607
f 2321/2598/2592 2222/2490/2476 2225/2493/2479
f 2117/2383/2380 2281/2828/2813 2509/2826/2812
f 2509/2826/2814 2281/2828/2814 2274/2829/2814
f 2509/2830/2815 2223/2491/2477 2222/2490/2476
f 2097/2363/2360 2246/2831/2511 2098/2364/2361
f 2246/2831/2816 2510/2832/2817 2511/2833/2818
f 2246/2514/2816 2511/2834/2818 2242/2510/2819
f 2511/2835/2820 2240/2836/2494 2242/2837/2496
f 2155/2421/2416 2510/2832/2821 2097/2363/2360
f 2510/2832/2817 2291/2567/2818 2511/2833/2818
f 2291/2838/2558 2184/2452/2439 2511/2835/2820
f 2317/2594/2588 2512/2839/2822 2315/2592/2586
f 2315/2592/2586 2513/2840/2823 2307/2584/2578
f 2307/2584/2578 2514/2841/2824 2304/2581/2575
f 2304/2581/2575 2230/2498/2484 2234/2502/2488
f 2153/2419/2414 2265/2536/2523 2512/2839/2822
f 2512/2839/2822 2259/2530/2517 2513/2840/2823
f 2513/2840/2823 2257/2528/2515 2514/2841/2824
f 2514/2841/2824 2231/2499/2485 2230/2498/2484
f 2060/2326/2326 2126/2392/2387 2061/2327/2327
f 2066/2332/2331 2054/2320/2322 2056/2322/2324
f 2068/2334/2333 2212/2480/2466 2069/2335/2334
f 2071/2337/2336 2133/2399/2394 2072/2338/2337
f 2062/2328/2328 2061/2327/2327 2078/2344/2342
f 2079/2345/2343 2078/2344/2342 2086/2352/2350
f 2087/2353/2351 2086/2352/2350 2088/2354/2352
f 2089/2355/2353 2088/2354/2352 2095/2361/2358
f 2108/2374/2371 2116/2382/2379 2109/2375/2372
f 2056/2322/2324 2055/2321/2323 2121/2387/2383
f 2123/2389/2385 2235/2503/2489 2124/2390/2386
f 2126/2392/2387 2175/2443/2433 2127/2393/2388
f 2128/2394/2389 2145/2411/2406 2129/2395/2390
f 2105/2371/2368 2067/2333/2332 2131/2397/2392
f 2133/2399/2394 2137/2403/2398 2134/2400/2395
f 2133/2399/2394 2135/2401/2396 2136/2402/2397
f 2137/2403/2398 2070/2336/2335 2138/2404/2399
f 2078/2344/2342 2205/2473/2459 2143/2409/2404
f 2144/2410/2405 2125/2391/2385 2145/2411/2406
f 2088/2354/2352 2233/2501/2487 2149/2415/2410
f 2130/2396/2391 2129/2395/2390 2150/2416/2411
f 2095/2361/2358 2149/2415/2410 2155/2421/2416
f 2156/2422/2417 2190/2458/2445 2157/2423/2385
f 2070/2336/2335 2069/2335/2334 2159/2425/2418
f 2069/2335/2334 2110/2376/2373 2160/2426/2419
f 2113/2379/2376 2107/2373/2370 2161/2427/2420
f 2163/2429/2385 2182/2450/2385 2164/2430/2422
f 2110/2376/2373 2109/2375/2372 2166/2432/2424
f 2109/2375/2372 2117/2383/2380 2167/2433/2425
f 2115/2381/2378 2113/2379/2376 2162/2428/2421
f 2169/2435/2427 2068/2334/2333 2070/2336/2335
f 2158/2424/2385 2157/2423/2385 2173/2441/2431
f 2073/2339/2338 2072/2338/2337 2126/2392/2387
f 2072/2338/2337 2136/2402/2397 2175/2443/2433
f 2157/2423/2385 2191/2459/2385 2176/2444/2434
f 2067/2333/2332 2056/2322/2324 2122/2388/2384
f 2180/2448/2437 2199/2467/2453 2181/2449/2385
f 2125/2391/2385 2124/2390/2386 2188/2456/2443
f 2085/2351/2349 2084/2350/2348 2139/2405/2400
f 2071/2337/2336 2169/2435/2427 2137/2403/2398
f 2190/2458/2445 2237/2505/2491 2191/2459/2385
f 2084/2350/2348 2141/2407/2402 2192/2460/2446
f 2181/2449/2385 2200/2468/2454 2197/2465/2451
f 2199/2467/2453 2328/2605/2599 2200/2468/2454
f 2061/2327/2327 2127/2393/2388 2205/2473/2459
f 2150/2416/2411 2226/2494/2480 2206/2474/2460
f 2210/2478/2464 2211/2479/2465 2176/2444/2434
f 2123/2389/2385 2228/2496/2482 2211/2479/2465
f 2212/2480/2466 2108/2374/2371 2110/2376/2373
f 2158/2424/2385 2163/2429/2385 2165/2431/2423
f 2213/2481/2467 2180/2448/2437 2182/2450/2385
f 2218/2486/2472 2207/2475/2461 2219/2487/2473
f 2207/2475/2461 2206/2474/2460 2221/2489/2475
f 2107/2373/2370 2105/2371/2368 2132/2398/2393
f 2182/2450/2385 2181/2449/2385 2198/2466/2452
f 2129/2395/2390 2229/2497/2483 2226/2494/2480
f 2189/2457/2444 2139/2405/2400 2055/2321/2323
f 2228/2496/2482 2123/2389/2385 2125/2391/2385
f 2145/2411/2406 2188/2456/2443 2229/2497/2483
f 2086/2352/2350 2143/2409/2404 2233/2501/2487
f 2235/2503/2489 2123/2389/2385 2210/2478/2464
f 2236/2504/2490 2210/2478/2464 2191/2459/2385
f 2151/2417/2412 2150/2416/2411 2207/2475/2461
f 2174/2442/2432 2213/2481/2467 2163/2429/2385
f 2423/2738/2726 2425/2740/2728 2424/2739/2727
f 2134/2400/2395 2138/2404/2399 2437/2752/2740
f 2136/2402/2397 2447/2762/2750 2446/2761/2749
f 2449/2764/2752 2451/2766/2754 2450/2765/2753
f 2434/2749/2737 2436/2751/2739 2451/2766/2754
f 2127/2393/2388 2453/2768/2756 2452/2767/2755
f 2455/2770/2758 2457/2772/2760 2456/2771/2759
f 2448/2763/2751 2450/2765/2753 2457/2772/2760
f 2475/2790/2778 2130/2396/2391 2151/2417/2412
f 2482/2797/2785 2483/2798/2786 2302/2579/2572
f 2483/2798/2786 2484/2799/2787 2300/2577/2570
f 2233/2501/2487 2470/2785/2773 2482/2797/2785
f 2470/2785/2773 2472/2787/2775 2483/2798/2786
f 2138/2404/2399 2159/2425/2418 2485/2800/2788
f 2486/2801/2789 2489/2804/2792 2490/2805/2793
f 2502/2819/2805 2197/2465/2451 2200/2468/2454
f 2488/2803/2791 2503/2820/2806 2504/2821/2807
f 2051/2317/2319 2120/2386/2320 2052/2318/2320
f 2054/2320/2322 2227/2495/2481 2055/2321/2323
f 2057/2323/2320 2111/2377/2374 2058/2324/2325
f 2063/2329/2320 2093/2359/2320 2064/2330/2329
f 2059/2325/2320 2077/2343/2320 2074/2340/2339
f 2076/2342/2341 2208/2476/2462 2063/2329/2320
f 2080/2346/2344 2146/2412/2407 2081/2347/2345
f 2083/2349/2347 2140/2406/2401 2084/2350/2348
f 2090/2356/2354 2100/2366/2363 2091/2357/2355
f 2093/2359/2320 2204/2472/2458 2094/2360/2357
f 2096/2362/2359 2095/2361/2358 2097/2363/2360
f 2099/2365/2362 2153/2419/2414 2100/2366/2363
f 2101/2367/2364 2201/2469/2455 2102/2368/2365
f 2104/2370/2367 2066/2332/2331 2067/2333/2332
f 2106/2372/2369 2104/2370/2367 2105/2371/2368
f 2052/2318/2320 2238/2506/2492 2111/2377/2374
f 2112/2378/2375 2106/2372/2369 2107/2373/2370
f 2114/2380/2377 2112/2378/2375 2113/2379/2376
f 2116/2382/2379 2279/2842/2541 2117/2383/2380
f 2118/2384/2381 2178/2446/2435 2119/2385/2382
f 2139/2405/2400 2192/2460/2446 2121/2387/2383
f 2140/2406/2401 2142/2408/2403 2141/2407/2402
f 2081/2347/2345 2147/2413/2408 2142/2408/2403
f 2146/2412/2407 2148/2414/2409 2147/2413/2408
f 2091/2357/2355 2152/2418/2413 2148/2414/2409
f 2100/2366/2363 2154/2420/2415 2152/2418/2413
f 2153/2419/2414 2317/2594/2588 2154/2420/2415
f 2170/2436/2428 2114/2724/2377 2115/2437/2378
f 2171/2438/2429 2115/2437/2378 2168/2439/2426
f 2058/2324/2325 2076/2342/2341 2077/2343/2320
f 2177/2445/2320 2194/2462/2448 2178/2446/2435
f 2053/2319/2321 2052/2318/2320 2057/2323/2320
f 2082/2348/2346 2081/2347/2345 2140/2406/2401
f 2183/2451/2438 2240/2836/2494 2184/2452/2439
f 2185/2453/2440 2184/2452/2439 2186/2454/2441
f 2193/2461/2447 2286/2562/2552 2194/2462/2448
f 2195/2463/2449 2193/2461/2447 2177/2445/2320
f 2201/2469/2455 2214/2482/2468 2202/2470/2456
f 2203/2471/2457 2209/2477/2463 2204/2472/2458
f 2208/2476/2462 2203/2471/2457 2093/2359/2320
f 2209/2477/2463 2232/2500/2486 2101/2367/2364
f 2214/2482/2468 2217/2485/2471 2215/2483/2469
f 2216/2484/2470 2250/2518/2504 2217/2485/2471
f 2170/2436/2428 2171/2438/2429 2222/2490/2476
f 2224/2492/2478 2118/2384/2381 2120/2386/2320
f 2171/2438/2429 2172/2440/2430 2225/2493/2479
f 2092/2358/2356 2091/2357/2355 2146/2412/2407
f 2196/2464/2450 2177/2445/2320 2118/2384/2381
f 2204/2472/2458 2101/2367/2364 2103/2369/2366
f 2183/2451/2438 2185/2453/2440 2230/2498/2484
f 2232/2500/2486 2239/2507/2493 2201/2469/2455
f 2185/2453/2440 2187/2455/2442 2234/2502/2488
f 2179/2447/2436 2057/2323/2320 2059/2325/2320
f 2077/2343/2320 2063/2329/2320 2065/2331/2330
f 2120/2386/2320 2119/2385/2382 2238/2506/2492
f 2239/2507/2493 2216/2484/2470 2214/2482/2468
f 2240/2508/2494 2243/2511/2497 2241/2509/2495
f 2243/2511/2497 2253/2521/2507 2244/2512/2498
f 2242/2510/2496 2241/2509/2495 2245/2513/2499
f 2241/2509/2495 2244/2512/2498 2247/2515/2501
f 2248/2516/2502 2252/2520/2506 2249/2517/2503
f 2251/2519/2505 2254/2522/2508 2252/2520/2506
f 2252/2520/2506 2244/2512/2498 2253/2521/2507
f 2254/2522/2508 2247/2515/2501 2244/2512/2498
f 2098/2364/2361 2246/2831/2511 2255/2523/2509
f 2256/2524/2510 2255/2523/2509 2254/2526/2513
f 2255/2525/2509 2245/2513/2512 2247/2515/2514
f 2257/2528/2515 2260/2531/2518 2258/2529/2516
f 2259/2530/2517 2262/2539/2520 2260/2531/2518
f 2260/2531/2518 2263/2534/2521 2261/2532/2519
f 2264/2535/2522 2267/2538/2525 2265/2536/2523
f 2266/2537/2524 2268/2540/2526 2267/2538/2525
f 2265/2536/2523 2267/2538/2525 2262/2539/2520
f 2215/2483/2469 2271/2543/2529 2269/2541/2527
f 2271/2543/2529 2261/2687/2680 2263/2544/2530
f 2270/2542/2528 2269/2541/2527 2268/2545/2531
f 2269/2541/2533 2263/2544/2521 2262/2547/2520
f 2223/2491/2477 2274/2843/2536 2272/2548/2534
f 2273/2549/2535 2272/2548/2534 2276/2552/2538
f 2272/2548/2534 2275/2551/2537 2278/2554/2540
f 2279/2555/2541 2282/2558/2544 2280/2556/2542
f 2282/2558/2544 2288/2564/2720 2283/2559/2545
f 2281/2557/2546 2280/2556/2542 2275/2551/2547
f 2280/2556/2542 2283/2559/2545 2278/2554/2549
f 2284/2560/2550 2287/2563/2553 2285/2561/2551
f 2277/2553/2539 2276/2552/2538 2287/2563/2553
f 2287/2563/2553 2283/2559/2555 2288/2564/2554
f 2276/2552/2538 2278/2554/2540 2283/2559/2555
f 2186/2454/2441 2291/2838/2558 2289/2565/2556
f 2290/2566/2557 2289/2565/2556 2293/2569/2560
f 2289/2565/2556 2292/2568/2825 2295/2571/2562
f 2155/2421/2416 2297/2574/2565 2296/2572/2563
f 2297/2574/2565 2302/2579/2572 2298/2575/2566
f 2296/2572/2563 2298/2575/2566 2295/2571/2568
f 2299/2576/2569 2301/2578/2571 2300/2577/2570
f 2294/2570/2561 2293/2569/2573 2301/2578/2571
f 2301/2578/2571 2298/2575/2566 2302/2579/2572
f 2293/2569/2573 2295/2571/2568 2298/2575/2566
f 2303/2580/2574 2306/2583/2577 2304/2581/2575
f 2305/2582/2576 2314/2591/2585 2306/2583/2577
f 2306/2583/2577 2309/2586/2580 2307/2584/2578
f 2306/2583/2577 2314/2591/2585 2308/2585/2579
f 2310/2587/2581 2313/2590/2584 2311/2588/2582
f 2310/2587/2581 2319/2596/2590 2312/2589/2583
f 2313/2590/2584 2314/2591/2585 2305/2582/2576
f 2313/2590/2584 2312/2589/2583 2308/2585/2579
f 2315/2592/2586 2318/2595/2589 2316/2593/2587
f 2307/2584/2578 2309/2586/2580 2318/2595/2589
f 2318/2595/2589 2312/2589/2583 2319/2596/2590
f 2309/2586/2580 2308/2585/2579 2312/2589/2583
f 2225/2493/2479 2322/2599/2593 2320/2597/2591
f 2322/2599/2593 2331/2813/2602 2323/2600/2594
f 2320/2597/2591 2323/2600/2594 2325/2602/2596
f 2326/2603/2597 2330/2607/2601 2327/2604/2598
f 2329/2606/2600 2332/2609/2603 2330/2607/2601
f 2330/2607/2601 2323/2610/2604 2331/2608/2602
f 2332/2609/2603 2325/2615/2609 2323/2610/2604
f 2167/2433/2425 2321/2827/2607 2333/2611/2605
f 2334/2612/2606 2333/2611/2605 2332/2609/2603
f 2333/2611/2605 2324/2614/2826 2325/2615/2609
f 2075/2341/2340 2074/2340/2339 2335/2616/2610
f 2336/2617/2611 2335/2616/2610 2337/2618/2612
f 2338/2619/2614 2337/2618/2619 2339/2620/2615
f 2339/2622/2615 2189/2457/2444 2227/2495/2481
f 2074/2340/2339 2065/2331/2330 2341/2624/2617
f 2335/2616/2610 2341/2624/2617 2342/2625/2618
f 2337/2618/2619 2342/2625/2657 2343/2626/2620
f 2343/2627/2620 2085/2351/2349 2189/2457/2444
f 2111/2377/2374 2345/2629/2622 2344/2628/2621
f 2345/2629/2622 2347/2631/2628 2346/2630/2623
f 2347/2631/2624 2351/2636/2630 2348/2632/2625
f 2348/2633/2625 2351/2637/2630 2169/2435/2427
f 2238/2506/2492 2349/2634/2627 2345/2629/2622
f 2349/2634/2627 2350/2635/2693 2347/2631/2628
f 2350/2635/2629 2399/2704/2695 2351/2636/2630
f 2351/2637/2630 2399/2705/2695 2068/2334/2333
f 2179/2447/2436 2353/2639/2632 2352/2638/2631
f 2353/2639/2632 2355/2641/2637 2354/2640/2633
f 2355/2641/2634 2357/2644/2638 2356/2642/2635
f 2356/2643/2635 2357/2645/2638 2054/2320/2322
f 2075/2341/2340 2336/2617/2611 2353/2639/2632
f 2336/2617/2611 2338/2619/2613 2355/2641/2637
f 2338/2619/2614 2340/2621/2616 2357/2644/2638
f 2357/2645/2638 2340/2623/2616 2227/2495/2481
f 2208/2476/2462 2076/2342/2341 2358/2646/2639
f 2359/2647/2640 2358/2646/2639 2360/2648/2641
f 2361/2649/2643 2360/2648/2646 2362/2650/2644
f 2362/2652/2644 2073/2339/2338 2060/2326/2326
f 2076/2342/2341 2058/2324/2325 2344/2628/2621
f 2358/2646/2639 2344/2628/2621 2346/2630/2623
f 2360/2648/2646 2346/2630/2626 2348/2632/2625
f 2348/2633/2625 2071/2337/2336 2073/2339/2338
f 2209/2477/2463 2203/2471/2457 2364/2654/2647
f 2365/2655/2648 2364/2654/2647 2366/2656/2649
f 2367/2658/2651 2366/2661/2654 2368/2659/2652
f 2368/2659/2652 2062/2328/2328 2079/2345/2343
f 2203/2471/2457 2208/2476/2462 2359/2647/2640
f 2364/2654/2647 2359/2647/2640 2361/2649/2642
f 2366/2661/2654 2361/2844/2643 2363/2653/2645
f 2363/2653/2645 2060/2326/2326 2062/2328/2328
f 2065/2331/2330 2064/2330/2329 2370/2662/2655
f 2341/2624/2617 2370/2662/2655 2371/2663/2656
f 2342/2625/2657 2371/2663/2661 2372/2664/2658
f 2372/2665/2658 2083/2349/2347 2085/2351/2349
f 2064/2330/2329 2094/2360/2357 2373/2666/2659
f 2370/2662/2655 2373/2666/2659 2374/2667/2660
f 2371/2663/2661 2374/2667/2665 2375/2668/2662
f 2375/2669/2662 2082/2348/2346 2083/2349/2347
f 2094/2360/2357 2103/2369/2366 2376/2670/2663
f 2373/2666/2659 2376/2670/2663 2377/2671/2664
f 2374/2667/2665 2377/2671/2669 2378/2672/2666
f 2378/2673/2666 2080/2346/2344 2082/2348/2346
f 2103/2369/2366 2102/2368/2365 2379/2674/2667
f 2376/2670/2663 2379/2674/2667 2380/2675/2668
f 2377/2671/2669 2380/2675/2685 2381/2676/2670
f 2381/2677/2670 2092/2358/2356 2080/2346/2344
f 2239/2507/2493 2232/2500/2486 2382/2678/2671
f 2383/2679/2672 2382/2678/2671 2384/2680/2673
f 2385/2682/2675 2384/2685/2678 2386/2683/2676
f 2387/2684/2677 2386/2683/2676 2087/2353/2351
f 2232/2500/2486 2209/2477/2463 2365/2655/2648
f 2382/2678/2671 2365/2655/2648 2367/2657/2650
f 2384/2685/2678 2367/2658/2651 2369/2660/2653
f 2369/2660/2653 2079/2345/2343 2087/2353/2351
f 2217/2485/2471 2388/2686/2679 2271/2543/2529
f 2388/2686/2679 2389/2688/2681 2261/2687/2680
f 2389/2688/2681 2390/2691/2682 2258/2689/2516
f 2390/2690/2682 2183/2451/2438 2231/2499/2485
f 2250/2518/2504 2249/2517/2503 2388/2686/2679
f 2249/2517/2503 2253/2521/2507 2389/2688/2681
f 2253/2521/2507 2243/2511/2497 2390/2691/2682
f 2243/2511/2497 2240/2508/2494 2183/2692/2438
f 2102/2368/2365 2202/2470/2456 2391/2693/2683
f 2379/2674/2667 2391/2693/2687 2392/2694/2684
f 2380/2675/2685 2392/2694/2688 2393/2695/2686
f 2381/2677/2670 2393/2697/2686 2090/2356/2354
f 2202/2470/2456 2215/2483/2469 2270/2542/2528
f 2391/2693/2687 2270/2542/2528 2266/2546/2532
f 2392/2694/2688 2266/2546/2524 2264/2696/2522
f 2393/2697/2686 2264/2535/2522 2099/2365/2362
f 2250/2518/2504 2216/2484/2470 2394/2698/2689
f 2248/2516/2502 2394/2698/2689 2395/2699/2690
f 2251/2527/2505 2395/2701/2690 2396/2700/2691
f 2256/2524/2510 2396/2700/2691 2096/2362/2359
f 2216/2484/2470 2239/2507/2493 2383/2679/2672
f 2394/2698/2689 2383/2679/2672 2385/2681/2674
f 2395/2701/2690 2385/2682/2675 2387/2684/2677
f 2396/2700/2691 2387/2684/2677 2089/2355/2353
f 2119/2385/2382 2397/2702/2692 2349/2634/2627
f 2397/2702/2692 2398/2703/2697 2350/2635/2693
f 2398/2703/2694 2402/2708/2699 2399/2704/2695
f 2399/2705/2695 2402/2709/2699 2212/2480/2466
f 2178/2446/2435 2400/2706/2696 2397/2702/2692
f 2400/2706/2696 2401/2707/2715 2398/2703/2697
f 2401/2707/2698 2417/2727/2717 2402/2708/2699
f 2402/2709/2699 2417/2729/2717 2108/2374/2371
f 2051/2317/2319 2404/2711/2701 2403/2710/2700
f 2404/2711/2701 2406/2713/2706 2405/2712/2702
f 2406/2713/2703 2408/2716/2707 2407/2714/2704
f 2407/2715/2704 2408/2717/2707 2104/2370/2367
f 2053/2319/2321 2352/2638/2631 2404/2711/2701
f 2352/2638/2631 2354/2640/2633 2406/2713/2706
f 2354/2640/2636 2356/2642/2635 2408/2716/2707
f 2408/2717/2707 2356/2643/2635 2066/2332/2331
f 2286/2562/2552 2193/2461/2447 2409/2718/2708
f 2284/2560/2550 2409/2718/2708 2410/2719/2709
f 2277/2553/2539 2410/2719/2709 2411/2720/2710
f 2273/2549/2535 2411/2720/2710 2170/2436/2428
f 2193/2461/2447 2195/2463/2449 2412/2721/2711
f 2409/2718/2708 2412/2721/2711 2413/2722/2712
f 2410/2719/2709 2413/2722/2712 2414/2723/2713
f 2411/2720/2710 2414/2723/2713 2114/2724/2377
f 2194/2462/2448 2415/2725/2714 2400/2706/2696
f 2415/2725/2714 2416/2726/2719 2401/2707/2715
f 2416/2726/2716 2418/2730/2718 2417/2727/2717
f 2418/2728/2718 2116/2382/2379 2108/2374/2371
f 2286/2562/2552 2285/2561/2551 2415/2725/2714
f 2285/2561/2551 2288/2564/2554 2416/2726/2719
f 2288/2564/2720 2282/2558/2544 2418/2730/2718
f 2282/2731/2544 2279/2842/2541 2116/2382/2379
f 2196/2464/2450 2419/2732/2721 2412/2721/2711
f 2419/2732/2721 2420/2733/2723 2413/2722/2712
f 2420/2733/2722 2421/2735/2724 2414/2723/2713
f 2414/2734/2713 2421/2736/2724 2112/2378/2375
f 2224/2492/2478 2403/2710/2700 2419/2732/2721
f 2403/2710/2700 2405/2712/2702 2420/2733/2723
f 2405/2712/2705 2407/2714/2704 2421/2735/2724
f 2407/2715/2704 2106/2372/2369 2112/2378/2375
f 2192/2460/2446 2423/2738/2726 2422/2737/2725
f 2425/2740/2728 2427/2742/2730 2426/2741/2729
f 2427/2742/2730 2236/2504/2490 2237/2505/2491
f 2141/2407/2402 2428/2743/2731 2423/2738/2726
f 2428/2743/2731 2429/2744/2732 2425/2740/2728
f 2429/2744/2732 2430/2745/2733 2427/2742/2730
f 2430/2745/2733 2235/2503/2489 2236/2504/2490
f 2135/2401/2396 2134/2400/2395 2431/2746/2734
f 2432/2747/2735 2431/2746/2734 2433/2748/2736
f 2434/2749/2737 2433/2748/2736 2435/2750/2738
f 2436/2751/2739 2435/2750/2738 2173/2441/2431
f 2431/2746/2734 2437/2752/2740 2438/2753/2741
f 2433/2748/2736 2438/2753/2741 2439/2754/2742
f 2435/2750/2738 2439/2754/2742 2174/2442/2432
f 2131/2397/2392 2122/2388/2384 2440/2755/2743
f 2441/2756/2744 2440/2755/2743 2442/2757/2745
f 2443/2758/2746 2442/2757/2745 2444/2759/2747
f 2445/2760/2748 2444/2759/2747 2190/2458/2445
f 2122/2388/2384 2121/2387/2383 2422/2737/2725
f 2440/2755/2743 2422/2737/2725 2424/2739/2727
f 2442/2757/2745 2424/2739/2727 2426/2741/2729
f 2444/2759/2747 2426/2741/2729 2237/2505/2491
f 2447/2762/2750 2449/2764/2752 2448/2763/2751
f 2451/2766/2754 2211/2479/2465 2228/2496/2482
f 2135/2401/2396 2432/2747/2735 2447/2762/2750
f 2432/2747/2735 2434/2749/2737 2449/2764/2752
f 2436/2751/2739 2176/2444/2434 2211/2479/2465
f 2453/2768/2756 2455/2770/2758 2454/2769/2757
f 2457/2772/2760 2144/2410/2405 2128/2394/2389
f 2175/2443/2433 2446/2761/2749 2453/2768/2756
f 2446/2761/2749 2448/2763/2751 2455/2770/2758
f 2450/2765/2753 2228/2496/2482 2144/2410/2405
f 2142/2408/2403 2458/2773/2761 2428/2743/2731
f 2458/2773/2761 2459/2774/2762 2429/2744/2732
f 2459/2774/2762 2460/2775/2763 2430/2745/2733
f 2460/2775/2763 2124/2390/2386 2235/2503/2489
f 2147/2413/2408 2461/2776/2764 2458/2773/2761
f 2461/2776/2764 2462/2777/2765 2459/2774/2762
f 2462/2777/2765 2463/2778/2766 2460/2775/2763
f 2463/2778/2766 2188/2456/2443 2124/2390/2386
f 2148/2414/2409 2464/2779/2767 2461/2776/2764
f 2464/2779/2767 2465/2780/2768 2462/2777/2765
f 2465/2780/2768 2466/2781/2769 2463/2778/2766
f 2466/2781/2769 2229/2497/2483 2188/2456/2443
f 2152/2418/2413 2467/2782/2770 2464/2779/2767
f 2467/2782/2770 2468/2783/2771 2465/2780/2768
f 2468/2783/2771 2469/2784/2772 2466/2781/2769
f 2469/2784/2772 2226/2494/2480 2229/2497/2483
f 2143/2409/2404 2471/2786/2774 2470/2785/2773
f 2471/2786/2774 2473/2788/2776 2472/2787/2775
f 2473/2788/2776 2475/2790/2778 2474/2789/2777
f 2205/2473/2459 2452/2767/2755 2471/2786/2774
f 2452/2767/2755 2454/2769/2757 2473/2788/2776
f 2454/2769/2757 2456/2771/2759 2475/2790/2778
f 2456/2771/2759 2128/2394/2389 2130/2396/2391
f 2234/2502/2488 2187/2455/2442 2476/2791/2779
f 2303/2580/2574 2476/2791/2779 2477/2792/2780
f 2305/2582/2576 2477/2792/2780 2478/2793/2781
f 2311/2588/2582 2478/2793/2781 2219/2487/2473
f 2187/2455/2442 2186/2454/2441 2290/2566/2557
f 2476/2791/2779 2290/2566/2557 2294/2570/2561
f 2477/2792/2780 2294/2570/2561 2299/2576/2569
f 2478/2793/2781 2299/2576/2569 2220/2488/2474
f 2154/2420/2415 2479/2794/2782 2467/2782/2770
f 2479/2794/2782 2480/2795/2783 2468/2783/2771
f 2480/2795/2783 2481/2796/2784 2469/2784/2772
f 2481/2796/2784 2206/2474/2460 2226/2494/2480
f 2317/2594/2588 2316/2593/2587 2479/2794/2782
f 2316/2593/2587 2319/2596/2590 2480/2795/2783
f 2319/2596/2590 2310/2587/2581 2481/2796/2784
f 2310/2587/2581 2221/2489/2475 2206/2474/2460
f 2149/2415/2410 2482/2797/2785 2297/2574/2565
f 2484/2799/2787 2218/2486/2472 2220/2488/2474
f 2472/2787/2775 2474/2789/2777 2484/2799/2787
f 2474/2789/2777 2151/2417/2412 2218/2486/2472
f 2437/2752/2740 2485/2800/2788 2486/2801/2789
f 2438/2753/2741 2486/2801/2789 2487/2802/2790
f 2439/2754/2742 2487/2802/2790 2213/2481/2467
f 2159/2425/2418 2160/2426/2419 2488/2803/2791
f 2485/2800/2788 2488/2803/2791 2489/2804/2792
f 2487/2802/2790 2490/2805/2793 2180/2448/2437
f 2161/2427/2420 2132/2398/2393 2491/2806/2794
f 2492/2807/2795 2491/2806/2794 2493/2808/2796
f 2494/2809/2797 2493/2808/2796 2495/2810/2798
f 2496/2811/2799 2495/2810/2798 2165/2431/2423
f 2132/2398/2393 2131/2397/2392 2441/2756/2744
f 2491/2806/2794 2441/2756/2744 2443/2758/2746
f 2493/2808/2796 2443/2758/2746 2445/2760/2748
f 2495/2810/2798 2445/2760/2748 2156/2422/2417
f 2172/2440/2430 2497/2812/2800 2322/2599/2593
f 2497/2812/2800 2498/2845/2801 2331/2813/2602
f 2498/2814/2801 2499/2815/2802 2327/2604/2598
f 2499/2815/2802 2200/2468/2454 2328/2605/2599
f 2168/2439/2426 2500/2846/2803 2497/2812/2800
f 2500/2816/2803 2501/2818/2804 2498/2814/2801
f 2501/2818/2804 2502/2819/2805 2499/2815/2802
f 2160/2426/2419 2166/2432/2424 2503/2820/2806
f 2489/2804/2792 2504/2821/2807 2505/2822/2808
f 2490/2805/2793 2505/2822/2808 2199/2467/2453
f 2166/2432/2424 2167/2433/2425 2334/2612/2606
f 2503/2820/2806 2334/2612/2606 2329/2606/2600
f 2504/2821/2807 2329/2606/2600 2326/2603/2597
f 2505/2822/2808 2326/2603/2597 2328/2605/2599
f 2168/2434/2426 2162/2428/2421 2506/2823/2809
f 2500/2816/2803 2506/2823/2809 2507/2824/2810
f 2501/2818/2804 2507/2824/2810 2508/2825/2811
f 2502/2819/2805 2508/2825/2811 2198/2466/2452
f 2162/2428/2421 2161/2427/2420 2492/2807/2795
f 2506/2823/2809 2492/2807/2795 2494/2809/2797
f 2507/2824/2810 2494/2809/2797 2496/2811/2799
f 2508/2825/2811 2496/2811/2799 2164/2430/2422
f 2167/2433/2425 2117/2383/2380 2509/2826/2812
f 2321/2598/2592 2509/2830/2815 2222/2490/2476
f 2117/2383/2380 2279/2842/2541 2281/2828/2813
f 2509/2830/2815 2274/2843/2536 2223/2491/2477
f 2097/2363/2360 2510/2832/2821 2246/2831/2511
f 2511/2835/2820 2184/2452/2439 2240/2836/2494
f 2155/2421/2416 2291/2573/2564 2510/2832/2821
f 2291/2838/2558 2186/2454/2441 2184/2452/2439
f 2317/2594/2588 2153/2419/2414 2512/2839/2822
f 2315/2592/2586 2512/2839/2822 2513/2840/2823
f 2307/2584/2578 2513/2840/2823 2514/2841/2824
f 2304/2581/2575 2514/2841/2824 2230/2498/2484
f 2153/2419/2414 2099/2365/2362 2265/2536/2523
f 2512/2839/2822 2265/2536/2523 2259/2530/2517
f 2513/2840/2823 2259/2530/2517 2257/2528/2515
f 2514/2841/2824 2257/2528/2515 2231/2499/2485
usemtl Holocron_Main.001
f 1/1/1 2/2/2 3/3/3
f 4/4/4 5/5/5 6/6/6
f 7/7/7 8/8/8 9/9/9
f 7/7/7 10/10/10 11/11/11
f 12/12/12 13/13/13 1/1/1
f 14/14/14 5/5/5 15/15/15
f 9/9/9 16/16/16 17/17/17
f 6/6/6 18/18/18 19/19/19
f 9/9/9 20/20/20 10/10/10
f 21/21/21 1/1/1 22/22/22
f 22/22/22 3/3/3 23/23/23
f 24/24/24 18/18/18 5/5/5
f 21/21/21 25/25/25 26/26/26
f 27/27/27 28/28/28 25/25/25
f 26/26/26 29/29/29 30/30/30
f 25/25/25 31/31/31 29/29/29
f 32/32/32 33/33/33 34/34/34
f 35/35/35 36/36/36 33/33/33
f 34/34/34 28/28/37 37/37/38
f 33/33/33 31/31/31 28/28/37
f 38/38/39 39/39/40 40/40/41
f 30/30/30 41/41/42 38/38/39
f 41/41/42 42/42/43 39/39/40
f 29/29/29 36/36/36 41/41/42
f 43/43/44 44/44/45 45/45/46
f 46/46/47 47/47/48 44/44/45
f 45/45/46 48/48/49 49/49/50
f 44/44/45 50/50/51 48/48/49
f 51/51/52 52/52/53 53/53/54
f 54/54/55 55/55/56 51/51/52
f 55/55/56 56/56/57 52/52/53
f 57/57/58 47/47/48 55/55/56
f 4/4/4 58/58/59 59/59/60
f 60/60/61 48/48/62 58/58/59
f 59/59/60 57/57/58 54/54/55
f 58/58/59 50/50/51 57/57/58
f 14/14/14 61/61/63 62/62/64
f 63/63/65 64/64/66 61/61/63
f 62/62/64 65/65/67 66/66/68
f 61/61/63 67/67/69 65/65/67
f 68/68/70 69/69/71 70/70/72
f 71/71/73 72/72/74 68/68/70
f 72/72/74 73/73/75 69/69/71
f 74/74/76 64/64/66 72/72/74
f 11/11/11 75/75/77 76/76/78
f 77/77/79 65/65/80 75/75/77
f 76/76/78 74/74/76 71/71/73
f 75/75/77 67/67/69 74/74/76
f 2/2/2 78/78/81 79/79/82
f 80/80/83 81/81/84 78/78/81
f 79/79/82 82/82/85 83/83/86
f 78/78/81 84/84/87 82/82/85
f 19/19/19 85/85/88 86/86/89
f 87/87/90 88/88/91 85/85/88
f 86/86/89 81/81/84 89/89/92
f 85/85/88 84/84/87 81/81/84
f 90/90/93 91/91/94 92/92/95
f 83/83/86 93/93/96 90/90/93
f 93/93/96 94/94/97 91/91/94
f 82/82/85 88/88/91 93/93/96
f 23/23/23 95/95/98 96/96/99
f 97/97/100 98/98/101 95/95/98
f 96/96/99 99/99/102 100/100/103
f 95/95/98 101/101/104 99/99/102
f 102/102/105 103/103/106 104/104/107
f 105/105/108 106/106/109 102/102/105
f 106/106/109 107/107/110 103/103/106
f 108/108/111 98/98/101 106/106/109
f 16/16/16 109/109/112 110/110/113
f 111/111/114 99/99/102 109/109/112
f 110/110/113 108/108/111 105/105/108
f 109/109/112 101/101/104 108/108/111
f 112/112/115 113/113/116 114/114/117
f 115/115/118 116/116/119 113/113/116
f 114/114/117 117/117/120 118/118/121
f 113/113/116 119/119/122 117/117/120
f 20/20/20 120/120/123 121/121/124
f 122/122/125 123/123/126 120/120/123
f 121/121/124 116/116/127 124/124/128
f 120/120/123 119/119/122 116/116/127
f 125/125/129 126/126/130 127/127/131
f 118/118/121 128/128/132 125/125/129
f 128/128/132 129/129/133 126/126/130
f 117/117/120 123/123/126 128/128/132
f 12/12/12 46/46/47 43/43/44
f 130/130/134 56/56/57 46/46/47
f 131/131/135 52/52/53 56/56/57
f 132/132/136 53/53/54 52/52/53
f 12/12/12 26/26/26 130/130/134
f 130/130/134 30/30/30 131/131/135
f 131/131/135 38/38/39 132/132/136
f 132/132/136 40/40/41 133/133/137
f 15/15/15 63/63/65 14/14/14
f 134/134/138 73/73/75 63/63/65
f 135/135/139 69/69/71 73/73/75
f 136/136/140 70/70/72 69/69/71
f 15/15/15 59/59/60 134/134/138
f 134/134/138 54/54/55 135/135/139
f 135/135/139 51/51/52 136/136/140
f 136/136/140 53/53/54 137/137/141
f 70/70/72 138/138/142 68/68/70
f 68/68/70 139/139/143 71/71/73
f 71/71/73 140/140/144 76/76/78
f 76/76/78 7/7/7 11/11/11
f 40/40/41 138/138/142 141/141/145
f 39/39/40 139/139/143 138/138/142
f 42/42/43 140/140/144 139/139/143
f 35/35/35 7/7/7 140/140/144
f 92/92/95 142/142/146 90/90/93
f 90/90/93 143/143/147 83/83/86
f 83/83/86 144/144/148 79/79/82
f 79/79/82 3/3/3 2/2/2
f 104/104/107 142/142/146 145/145/149
f 103/103/106 143/143/147 142/142/146
f 107/107/110 144/144/148 143/143/147
f 97/97/100 3/3/3 144/144/148
f 127/127/131 146/146/150 125/125/129
f 125/125/129 147/147/151 118/118/121
f 118/118/121 148/148/152 114/114/117
f 114/114/117 18/18/18 112/112/115
f 92/92/95 146/146/150 149/149/153
f 91/91/94 147/147/151 146/146/150
f 94/94/97 148/148/152 147/147/151
f 87/87/90 18/18/18 148/148/152
f 17/17/17 122/122/125 20/20/20
f 150/150/154 129/129/133 122/122/125
f 151/151/155 126/126/130 129/129/133
f 152/152/156 127/127/131 126/126/130
f 17/17/17 110/110/113 150/150/154
f 150/150/154 105/105/108 151/151/155
f 151/151/155 102/102/105 152/152/156
f 152/152/156 104/104/107 153/153/157
f 4/4/4 154/154/158 60/60/61
f 60/60/61 155/155/159 49/49/160
f 155/155/161 45/45/46 49/49/50
f 45/45/46 13/13/13 43/43/44
f 19/19/19 154/154/158 6/6/6
f 86/86/89 155/155/159 154/154/162
f 155/155/161 80/80/83 156/156/163
f 156/156/164 2/2/2 13/13/13
f 16/16/16 157/157/165 111/111/114
f 111/111/114 158/158/166 100/100/167
f 158/158/168 96/96/99 100/100/103
f 159/159/169 23/23/23 96/96/99
f 8/8/8 34/34/34 157/157/165
f 34/34/34 158/158/166 157/157/170
f 37/37/171 159/159/172 158/158/168
f 27/27/27 22/22/22 159/159/169
f 11/11/11 160/160/173 77/77/79
f 77/77/79 161/161/174 66/66/175
f 161/161/176 62/62/64 66/66/68
f 162/162/177 14/14/14 62/62/64
f 20/20/20 160/160/173 10/10/10
f 121/121/124 161/161/174 160/160/178
f 161/161/176 115/115/118 162/162/179
f 162/162/177 112/112/115 24/24/24
f 1/1/1 13/13/13 2/2/2
f 4/4/4 15/15/15 5/5/5
f 7/7/7 32/32/32 8/8/8
f 7/7/7 9/9/9 10/10/10
f 12/12/12 43/43/44 13/13/13
f 14/14/14 24/24/24 5/5/5
f 9/9/9 8/8/8 16/16/16
f 6/6/6 5/5/5 18/18/18
f 9/9/9 17/17/17 20/20/20
f 21/21/21 12/12/12 1/1/1
f 22/22/22 1/1/1 3/3/3
f 24/24/24 112/112/115 18/18/18
f 21/21/21 27/27/27 25/25/25
f 27/27/27 37/37/171 28/28/28
f 26/26/26 25/25/25 29/29/29
f 25/25/25 28/28/28 31/31/31
f 32/32/32 35/35/35 33/33/33
f 35/35/35 42/42/43 36/36/36
f 34/34/34 33/33/33 28/28/37
f 33/33/33 36/36/36 31/31/31
f 38/38/39 41/41/42 39/39/40
f 30/30/30 29/29/29 41/41/42
f 41/41/42 36/36/36 42/42/43
f 29/29/29 31/31/31 36/36/36
f 43/43/44 46/46/47 44/44/45
f 46/46/47 56/56/57 47/47/48
f 45/45/46 44/44/45 48/48/49
f 44/44/45 47/47/48 50/50/51
f 51/51/52 55/55/56 52/52/53
f 54/54/55 57/57/58 55/55/56
f 55/55/56 47/47/48 56/56/57
f 57/57/58 50/50/51 47/47/48
f 4/4/4 60/60/61 58/58/59
f 60/60/61 49/49/160 48/48/62
f 59/59/60 58/58/59 57/57/58
f 58/58/59 48/48/62 50/50/51
f 14/14/14 63/63/65 61/61/63
f 63/63/65 73/73/75 64/64/66
f 62/62/64 61/61/63 65/65/67
f 61/61/63 64/64/66 67/67/69
f 68/68/70 72/72/74 69/69/71
f 71/71/73 74/74/76 72/72/74
f 72/72/74 64/64/66 73/73/75
f 74/74/76 67/67/69 64/64/66
f 11/11/11 77/77/79 75/75/77
f 77/77/79 66/66/175 65/65/80
f 76/76/78 75/75/77 74/74/76
f 75/75/77 65/65/80 67/67/69
f 2/2/2 80/80/83 78/78/81
f 80/80/83 89/89/180 81/81/84
f 79/79/82 78/78/81 82/82/85
f 78/78/81 81/81/84 84/84/87
f 19/19/19 87/87/90 85/85/88
f 87/87/90 94/94/97 88/88/91
f 86/86/89 85/85/88 81/81/84
f 85/85/88 88/88/91 84/84/87
f 90/90/93 93/93/96 91/91/94
f 83/83/86 82/82/85 93/93/96
f 93/93/96 88/88/91 94/94/97
f 82/82/85 84/84/87 88/88/91
f 23/23/23 97/97/100 95/95/98
f 97/97/100 107/107/110 98/98/101
f 96/96/99 95/95/98 99/99/102
f 95/95/98 98/98/101 101/101/104
f 102/102/105 106/106/109 103/103/106
f 105/105/108 108/108/111 106/106/109
f 106/106/109 98/98/101 107/107/110
f 108/108/111 101/101/104 98/98/101
f 16/16/16 111/111/114 109/109/112
f 111/111/114 100/100/167 99/99/102
f 110/110/113 109/109/112 108/108/111
f 109/109/112 99/99/102 101/101/104
f 112/112/115 115/115/118 113/113/116
f 115/115/118 124/124/181 116/116/119
f 114/114/117 113/113/116 117/117/120
f 113/113/116 116/116/119 119/119/122
f 20/20/20 122/122/125 120/120/123
f 122/122/125 129/129/133 123/123/126
f 121/121/124 120/120/123 116/116/127
f 120/120/123 123/123/126 119/119/122
f 125/125/129 128/128/132 126/126/130
f 118/118/121 117/117/120 128/128/132
f 128/128/132 123/123/126 129/129/133
f 117/117/120 119/119/122 123/123/126
f 12/12/12 130/130/134 46/46/47
f 130/130/134 131/131/135 56/56/57
f 131/131/135 132/132/136 52/52/53
f 132/132/136 133/133/137 53/53/54
f 12/12/12 21/21/21 26/26/26
f 130/130/134 26/26/26 30/30/30
f 131/131/135 30/30/30 38/38/39
f 132/132/136 38/38/39 40/40/41
f 15/15/15 134/134/138 63/63/65
f 134/134/138 135/135/139 73/73/75
f 135/135/139 136/136/140 69/69/71
f 136/136/140 137/137/141 70/70/72
f 15/15/15 4/4/4 59/59/60
f 134/134/138 59/59/60 54/54/55
f 135/135/139 54/54/55 51/51/52
f 136/136/140 51/51/52 53/53/54
f 70/70/72 141/141/145 138/138/142
f 68/68/70 138/138/142 139/139/143
f 71/71/73 139/139/143 140/140/144
f 76/76/78 140/140/144 7/7/7
f 40/40/41 39/39/40 138/138/142
f 39/39/40 42/42/43 139/139/143
f 42/42/43 35/35/35 140/140/144
f 35/35/35 32/32/32 7/7/7
f 92/92/95 145/145/149 142/142/146
f 90/90/93 142/142/146 143/143/147
f 83/83/86 143/143/147 144/144/148
f 79/79/82 144/144/148 3/3/3
f 104/104/107 103/103/106 142/142/146
f 103/103/106 107/107/110 143/143/147
f 107/107/110 97/97/100 144/144/148
f 97/97/100 23/23/23 3/3/3
f 127/127/131 149/149/153 146/146/150
f 125/125/129 146/146/150 147/147/151
f 118/118/121 147/147/151 148/148/152
f 114/114/117 148/148/152 18/18/18
f 92/92/95 91/91/94 146/146/150
f 91/91/94 94/94/97 147/147/151
f 94/94/97 87/87/90 148/148/152
f 87/87/90 19/19/19 18/18/18
f 17/17/17 150/150/154 122/122/125
f 150/150/154 151/151/155 129/129/133
f 151/151/155 152/152/156 126/126/130
f 152/152/156 153/153/157 127/127/131
f 17/17/17 16/16/16 110/110/113
f 150/150/154 110/110/113 105/105/108
f 151/151/155 105/105/108 102/102/105
f 152/152/156 102/102/105 104/104/107
f 4/4/4 6/6/6 154/154/158
f 60/60/61 154/154/162 155/155/159
f 155/155/161 156/156/163 45/45/46
f 45/45/46 156/156/164 13/13/13
f 19/19/19 86/86/89 154/154/158
f 86/86/89 89/89/92 155/155/159
f 155/155/161 89/89/180 80/80/83
f 156/156/164 80/80/83 2/2/2
f 16/16/16 8/8/8 157/157/165
f 111/111/114 157/157/170 158/158/166
f 158/158/168 159/159/172 96/96/99
f 159/159/169 22/22/22 23/23/23
f 8/8/8 32/32/32 34/34/34
f 34/34/34 37/37/38 158/158/166
f 37/37/171 27/27/27 159/159/172
f 27/27/27 21/21/21 22/22/22
f 11/11/11 10/10/10 160/160/173
f 77/77/79 160/160/178 161/161/174
f 161/161/176 162/162/179 62/62/64
f 162/162/177 24/24/24 14/14/14
f 20/20/20 121/121/124 160/160/173
f 121/121/124 124/124/128 161/161/174
f 161/161/176 124/124/181 115/115/118
f 162/162/177 115/115/118 112/112/115
f 163/163/182 164/164/183 165/165/184
f 166/166/185 167/167/186 168/168/187
f 169/169/188 170/170/189 171/171/190
f 172/172/191 173/173/192 174/174/193
f 175/175/194 176/176/195 177/177/196
f 171/171/190 178/178/197 179/179/198
f 180/180/199 181/181/200 182/182/201
f 183/183/202 184/184/203 185/185/204
f 167/167/186 186/186/205 168/168/187
f 187/187/206 188/188/207 189/189/208
f 190/190/209 191/191/210 192/192/211
f 193/193/212 194/194/213 195/195/214
f 196/196/215 197/197/216 198/198/217
f 199/199/218 200/200/219 201/201/220
f 170/170/189 202/202/221 178/178/197
f 198/198/217 203/203/222 184/184/203
f 204/204/223 177/177/196 205/205/224
f 206/206/225 207/207/226 208/208/227
f 209/209/228 210/210/229 211/211/230
f 212/212/231 213/213/232 214/214/233
f 215/215/234 216/216/235 217/217/236
f 218/218/237 219/219/238 220/220/239
f 221/221/240 222/222/241 180/180/199
f 223/223/242 193/193/212 224/224/243
f 225/225/244 190/190/209 175/175/194
f 226/226/245 227/227/246 213/213/232
f 228/228/247 229/229/248 209/209/228
f 175/175/194 192/192/211 230/230/249
f 165/165/184 231/231/250 232/232/251
f 233/233/252 234/234/253 215/215/234
f 235/235/254 224/224/243 236/236/241
f 237/237/255 238/238/256 167/167/186
f 239/239/257 199/199/218 240/240/258
f 241/241/259 172/172/191 242/242/260
f 243/243/261 236/236/241 222/222/241
f 244/244/262 245/245/263 218/218/237
f 201/201/220 191/191/210 246/246/264
f 199/199/218 247/247/265 248/248/266
f 222/222/241 249/249/241 181/181/200
f 250/250/267 251/251/268 229/229/248
f 252/252/269 186/186/205 247/247/265
f 253/253/270 254/254/271 193/193/212
f 224/224/243 195/195/214 255/255/243
f 236/236/241 255/255/243 249/249/241
f 256/256/272 187/187/206 237/237/255
f 257/257/273 258/258/274 206/206/225
f 169/169/188 198/198/217 183/183/202
f 187/187/206 259/259/275 237/237/255
f 260/260/276 261/261/277 254/254/271
f 205/205/224 176/176/195 188/188/207
f 183/183/202 262/262/278 170/170/189
f 254/254/271 263/263/279 194/194/213
f 164/164/183 264/264/280 231/231/250
f 258/258/274 265/265/281 207/207/226
f 266/266/282 267/267/283 258/258/274
f 245/245/263 268/268/284 219/219/238
f 234/234/253 269/269/285 216/216/235
f 270/270/286 271/271/287 234/234/253
f 272/272/288 175/175/194 177/177/196
f 273/273/289 205/205/224 187/187/206
f 274/274/290 275/275/291 172/172/191
f 214/214/233 276/276/292 277/277/293
f 213/213/232 278/278/294 276/276/292
f 279/279/295 280/280/296 245/245/263
f 166/166/185 252/252/269 239/239/257
f 240/240/258 201/201/220 281/281/297
f 229/229/248 282/282/298 210/210/229
f 283/283/299 237/237/255 167/167/186
f 242/242/260 174/174/193 284/284/300
f 281/281/297 246/246/264 285/285/301
f 285/285/301 190/190/209 286/286/302
f 287/287/303 288/288/304 164/164/183
f 289/289/305 290/290/306 163/163/182
f 291/291/307 292/292/308 289/289/305
f 292/292/308 293/293/309 290/290/306
f 292/292/308 294/294/310 295/295/311
f 296/296/312 297/297/313 286/286/302
f 298/298/314 299/299/315 296/296/312
f 299/299/315 291/291/307 297/297/313
f 300/300/316 301/301/317 299/299/315
f 302/302/318 303/303/319 208/208/227
f 293/293/309 304/304/320 302/302/318
f 304/304/320 298/298/314 303/303/321
f 295/295/311 300/300/316 304/304/320
f 305/305/322 306/306/323 307/307/324
f 308/308/325 309/309/326 305/305/327
f 309/309/326 310/310/328 306/306/323
f 311/311/329 312/312/330 309/309/326
f 313/313/331 314/314/332 281/281/297
f 315/315/333 316/316/334 313/313/331
f 316/316/334 308/308/325 314/314/332
f 317/317/335 311/311/329 316/316/334
f 318/318/336 319/319/337 232/232/251
f 310/310/328 320/320/338 318/318/336
f 320/320/338 315/315/333 319/319/337
f 320/320/338 321/321/339 317/317/335
f 322/322/340 323/323/341 324/324/342
f 325/325/343 326/326/344 322/322/340
f 326/326/344 327/327/345 323/323/341
f 326/326/344 328/328/346 329/329/347
f 330/330/348 331/331/349 273/273/289
f 332/332/350 333/333/351 330/330/348
f 333/333/351 325/325/343 331/331/349
f 334/334/352 335/335/353 333/333/351
f 336/336/354 337/337/355 220/220/239
f 327/327/345 338/338/356 336/336/354
f 338/338/356 332/332/350 337/337/355
f 338/338/356 328/328/346 334/334/352
f 339/339/357 340/340/358 211/211/230
f 341/341/359 342/342/360 339/339/357
f 342/342/360 343/343/361 340/340/358
f 342/342/360 344/344/362 345/345/363
f 346/346/364 347/347/365 348/348/366
f 349/349/367 350/350/368 346/346/364
f 350/350/368 341/341/369 347/347/365
f 350/350/368 344/344/370 351/351/371
f 192/192/372 352/352/373 353/353/374
f 354/354/375 345/345/363 352/352/373
f 353/353/374 355/355/376 349/349/367
f 352/352/373 344/344/377 355/355/376
f 179/179/198 356/356/378 357/357/379
f 358/358/380 359/359/381 356/356/378
f 357/357/379 360/360/382 361/361/383
f 356/356/378 362/362/384 360/360/382
f 363/363/385 364/364/386 365/365/387
f 366/366/388 364/364/386 367/367/389
f 364/364/386 368/368/390 365/365/387
f 364/364/386 362/362/391 359/359/392
f 369/369/393 370/370/394 189/189/208
f 361/361/383 371/371/395 369/369/393
f 371/371/395 366/366/388 370/370/394
f 360/360/396 372/372/397 371/371/395
f 373/373/398 374/374/399 221/221/240
f 375/375/400 376/376/401 373/373/398
f 374/374/399 377/377/402 378/378/403
f 376/376/401 379/379/404 377/377/402
f 228/228/247 380/380/405 381/381/406
f 382/382/407 383/383/408 380/380/405
f 381/381/406 384/384/409 375/375/410
f 380/380/405 379/379/411 384/384/409
f 385/385/412 386/386/413 200/200/219
f 378/378/403 387/387/414 385/385/412
f 387/387/414 388/388/415 386/386/413
f 377/377/402 383/383/408 387/387/414
f 389/389/416 390/390/417 244/244/262
f 391/391/418 392/392/419 389/389/416
f 392/392/419 393/393/420 390/390/417
f 392/392/419 394/394/421 395/395/422
f 396/396/423 397/397/424 283/283/299
f 398/398/425 399/399/426 396/396/423
f 399/399/426 391/391/418 397/397/424
f 400/400/427 401/401/428 399/399/426
f 402/402/429 403/403/430 217/217/236
f 393/393/420 404/404/431 402/402/429
f 404/404/431 398/398/425 403/403/430
f 395/395/422 400/400/427 404/404/431
f 405/405/432 406/406/433 241/241/259
f 407/407/434 408/408/435 405/405/432
f 408/408/435 409/409/436 406/406/433
f 410/410/437 411/411/438 408/408/435
f 412/412/439 413/413/440 233/233/252
f 414/414/441 415/415/442 412/412/439
f 415/415/442 407/407/434 413/413/440
f 415/415/442 416/416/443 410/410/437
f 417/417/444 418/418/445 239/239/257
f 409/409/436 419/419/446 417/417/444
f 419/419/446 414/414/441 418/418/445
f 411/411/438 420/420/447 419/419/446
f 421/421/448 422/422/449 212/212/231
f 423/423/450 424/424/451 421/421/448
f 424/424/451 425/425/452 422/422/449
f 424/424/451 426/426/453 427/427/454
f 428/428/455 429/429/456 257/257/273
f 430/430/457 431/431/458 428/428/455
f 431/431/458 423/423/450 429/429/456
f 432/432/459 433/433/460 431/431/458
f 434/434/461 435/435/462 272/272/288
f 425/425/452 436/436/463 434/434/461
f 436/436/463 430/430/457 435/435/462
f 427/427/454 432/432/459 436/436/463
f 437/437/464 438/438/465 277/277/293
f 439/439/466 440/440/467 437/437/464
f 440/440/467 441/441/468 438/438/465
f 442/442/469 443/443/470 440/440/467
f 444/444/471 445/445/472 446/446/473
f 447/447/474 448/448/475 445/445/472
f 446/446/473 442/442/469 439/439/466
f 445/445/472 449/449/476 442/442/469
f 450/450/477 451/451/478 452/452/479
f 441/441/468 453/453/480 450/450/477
f 453/453/480 454/454/481 451/451/478
f 443/443/470 448/448/475 453/453/480
f 455/455/482 456/456/483 278/278/294
f 457/457/484 458/458/485 455/455/482
f 458/458/485 459/459/486 456/456/483
f 460/460/487 461/461/488 458/458/485
f 462/462/489 463/463/490 268/268/284
f 464/464/491 465/465/492 462/462/489
f 465/465/492 457/457/484 463/463/490
f 466/466/493 460/460/487 465/465/492
f 467/467/494 468/468/495 469/469/496
f 470/470/497 461/461/488 468/468/495
f 469/469/496 466/466/493 464/464/491
f 468/468/495 471/471/498 466/466/493
f 472/472/499 473/473/500 284/284/300
f 474/474/501 475/475/502 472/472/499
f 475/475/502 476/476/503 473/473/500
f 477/477/504 478/478/505 475/475/502
f 479/479/506 480/480/507 481/481/508
f 482/482/509 483/483/510 480/480/507
f 481/481/508 477/477/504 474/474/501
f 480/480/507 484/484/511 477/477/504
f 485/485/512 486/486/513 487/487/514
f 476/476/503 488/488/515 485/485/512
f 488/488/515 489/489/516 486/486/513
f 478/478/505 483/483/510 488/488/515
f 490/490/517 491/491/518 173/173/192
f 492/492/519 493/493/520 490/490/517
f 493/493/520 494/494/521 491/491/518
f 495/495/522 496/496/523 493/493/520
f 497/497/524 498/498/525 264/264/280
f 499/499/526 500/500/527 497/497/524
f 500/500/527 492/492/519 498/498/525
f 501/501/528 495/495/522 500/500/527
f 502/502/529 503/503/530 504/504/531
f 505/505/532 496/496/523 503/503/530
f 504/504/531 501/501/528 499/499/526
f 503/503/530 506/506/533 501/501/528
f 507/507/534 508/508/535 509/509/536
f 510/510/537 511/511/538 507/507/534
f 511/511/538 512/512/539 508/508/535
f 513/513/540 514/514/541 511/511/538
f 515/515/542 516/516/543 265/265/281
f 517/517/544 518/518/545 515/515/542
f 518/518/545 510/510/537 516/516/543
f 519/519/546 513/513/540 518/518/545
f 520/520/547 521/521/548 522/522/549
f 523/523/550 514/514/541 521/521/548
f 522/522/549 519/519/546 517/517/544
f 521/521/548 524/524/551 519/519/546
f 525/525/552 526/526/553 527/527/554
f 528/528/555 529/529/556 525/525/552
f 529/529/556 530/530/557 526/526/553
f 531/531/558 532/532/559 529/529/556
f 533/533/560 534/534/561 269/269/285
f 535/535/562 536/536/563 533/533/560
f 536/536/563 528/528/555 534/534/561
f 537/537/564 531/531/558 536/536/563
f 538/538/565 539/539/566 540/540/567
f 541/541/568 532/532/559 539/539/566
f 540/540/567 537/537/564 535/535/562
f 539/539/566 542/542/569 537/537/564
f 171/171/190 543/543/570 169/169/188
f 543/543/570 544/544/571 545/545/572
f 545/545/572 546/546/573 547/547/574
f 547/547/575 188/188/207 176/176/195
f 171/171/190 357/357/379 548/548/576
f 548/548/576 361/361/383 544/544/571
f 544/544/571 369/369/393 546/546/573
f 546/546/577 189/189/208 188/188/207
f 235/235/254 549/549/578 550/550/579
f 550/550/579 551/551/580 552/552/581
f 552/552/581 553/553/582 554/554/583
f 554/554/583 248/248/266 247/247/265
f 243/243/261 374/374/399 549/549/578
f 549/549/578 378/378/403 551/551/580
f 551/551/580 385/385/412 553/553/582
f 553/553/582 200/200/219 248/248/266
f 209/209/228 382/382/407 228/228/247
f 555/555/584 388/388/415 382/382/407
f 556/556/585 386/386/413 388/388/415
f 557/557/586 200/200/219 386/386/413
f 211/211/230 555/555/584 209/209/228
f 340/340/358 556/556/585 555/555/584
f 343/343/361 557/557/587 556/556/585
f 354/354/588 191/191/586 557/557/586
f 211/211/230 558/558/589 339/339/357
f 339/339/357 559/559/590 341/341/359
f 559/559/591 347/347/365 341/341/369
f 560/560/592 348/348/366 347/347/365
f 210/210/229 561/561/593 558/558/589
f 558/558/589 562/562/594 559/559/590
f 562/562/595 560/560/592 559/559/591
f 563/563/596 197/197/216 560/560/592
f 180/180/199 373/373/398 221/221/240
f 564/564/597 375/375/400 373/373/398
f 565/565/598 381/381/406 375/375/410
f 566/566/599 228/228/247 381/381/406
f 180/180/199 567/567/600 564/564/601
f 567/567/602 565/565/597 564/564/597
f 568/568/603 566/566/604 565/565/598
f 569/569/605 250/250/267 566/566/599
f 179/179/198 570/570/606 358/358/380
f 570/570/606 368/368/607 358/358/380
f 571/571/608 365/365/387 368/368/390
f 572/572/609 363/363/385 365/365/387
f 178/178/197 573/573/610 570/570/606
f 570/570/606 574/574/611 571/571/612
f 574/574/613 572/572/609 571/571/608
f 575/575/614 261/261/277 572/572/609
f 272/272/288 576/576/615 434/434/461
f 434/434/461 577/577/616 425/425/452
f 577/577/616 422/422/449 425/425/452
f 578/578/617 212/212/231 422/422/449
f 204/204/223 331/331/349 576/576/615
f 576/576/615 325/325/343 577/577/616
f 577/577/616 322/322/340 578/578/617
f 578/578/617 324/324/342 226/226/245
f 240/240/258 417/417/444 239/239/257
f 579/579/618 409/409/436 417/417/444
f 580/580/619 406/406/433 409/409/436
f 581/581/620 241/241/259 406/406/433
f 240/240/258 314/314/332 579/579/618
f 579/579/618 308/308/621 580/580/619
f 580/580/619 305/305/322 581/581/620
f 581/581/620 307/307/324 274/274/290
f 285/285/301 313/313/331 281/281/297
f 582/582/622 315/315/333 313/313/331
f 583/583/623 319/319/337 315/315/333
f 584/584/624 232/232/251 319/319/337
f 285/285/301 297/297/313 582/582/622
f 582/582/622 291/291/307 583/583/623
f 583/583/623 289/289/305 584/584/624
f 584/584/624 163/163/182 165/165/184
f 363/363/385 585/585/625 367/367/389
f 367/367/389 586/586/626 366/366/388
f 366/366/388 587/587/627 370/370/394
f 587/587/627 189/189/208 370/370/394
f 260/260/276 588/588/628 585/585/625
f 585/585/625 589/589/629 586/586/626
f 586/586/626 590/590/630 587/587/627
f 587/587/627 238/238/256 259/259/275
f 253/253/270 591/591/631 588/588/628
f 588/588/628 592/592/632 589/589/629
f 589/589/629 593/593/633 590/590/630
f 590/590/630 186/186/205 238/238/256
f 223/223/242 550/550/579 591/591/631
f 591/591/631 552/552/581 592/592/632
f 592/592/632 554/554/583 593/593/633
f 593/593/633 247/247/265 186/186/205
f 256/256/272 330/330/348 273/273/289
f 594/594/634 332/332/350 330/330/348
f 595/595/635 337/337/355 332/332/350
f 596/596/636 220/220/239 337/337/355
f 256/256/272 397/397/424 594/594/634
f 594/594/634 391/391/418 595/595/635
f 595/595/635 389/389/416 596/596/636
f 596/596/636 244/244/262 218/218/237
f 166/166/185 396/396/423 283/283/299
f 597/597/637 398/398/425 396/396/423
f 598/598/638 403/403/430 398/398/425
f 599/599/639 217/217/236 403/403/430
f 166/166/185 418/418/445 597/597/637
f 597/597/637 414/414/441 598/598/638
f 598/598/638 412/412/439 599/599/639
f 599/599/639 233/233/252 215/215/234
f 348/348/366 600/600/640 346/346/364
f 346/346/364 601/601/641 349/349/367
f 601/601/641 353/353/374 349/349/367
f 602/602/642 192/192/211 353/353/374
f 169/169/188 600/600/640 196/196/215
f 543/543/570 601/601/641 600/600/640
f 545/545/572 602/602/642 601/601/641
f 547/547/575 230/230/249 602/602/642
f 225/225/244 296/296/312 286/286/302
f 603/603/643 298/298/644 296/296/312
f 604/604/645 303/303/319 298/298/644
f 605/605/646 208/208/227 303/303/319
f 225/225/244 435/435/462 603/603/643
f 603/603/643 430/430/457 604/604/645
f 604/604/645 428/428/455 605/605/646
f 605/605/646 257/257/273 206/206/225
f 277/277/293 606/606/647 437/437/464
f 437/437/464 607/607/648 439/439/466
f 439/439/466 608/608/649 446/446/473
f 446/446/473 609/609/650 444/444/471
f 278/278/294 606/606/647 276/276/292
f 456/456/483 607/607/648 606/606/647
f 459/459/486 608/608/649 607/607/648
f 470/470/497 609/609/650 608/608/649
f 284/284/300 610/610/651 472/472/499
f 472/472/499 611/611/652 474/474/501
f 474/474/501 612/612/653 481/481/508
f 481/481/508 613/613/654 479/479/506
f 173/173/192 610/610/651 174/174/193
f 491/491/518 611/611/652 610/610/651
f 494/494/521 612/612/653 611/611/652
f 505/505/532 613/613/654 612/612/653
f 264/264/280 614/614/655 497/497/524
f 497/497/524 615/615/656 499/499/526
f 499/499/526 616/616/657 504/504/531
f 504/504/531 617/617/658 502/502/529
f 509/509/536 614/614/655 288/288/304
f 508/508/535 615/615/656 614/614/655
f 512/512/539 616/616/657 615/615/656
f 523/523/550 617/617/658 616/616/657
f 268/268/284 618/618/659 462/462/489
f 462/462/489 619/619/660 464/464/491
f 464/464/491 620/620/661 469/469/496
f 469/469/496 621/621/662 467/467/494
f 527/527/554 618/618/659 280/280/296
f 526/526/553 619/619/660 618/618/659
f 530/530/557 620/620/661 619/619/660
f 541/541/568 621/621/662 620/620/661
f 269/269/285 622/622/639 533/533/560
f 533/533/560 623/623/663 535/535/562
f 535/535/562 624/624/664 540/540/567
f 540/540/567 625/625/665 538/538/565
f 487/487/514 622/622/639 271/271/287
f 486/486/513 623/623/663 622/622/639
f 489/489/516 624/624/664 623/623/663
f 482/482/509 625/625/665 624/624/664
f 265/265/281 626/626/666 515/515/542
f 515/515/542 627/627/667 517/517/544
f 517/517/544 628/628/668 522/522/549
f 522/522/549 629/629/669 520/520/547
f 452/452/479 626/626/666 267/267/283
f 451/451/478 627/627/667 626/626/666
f 454/454/481 628/628/668 627/627/667
f 447/447/474 629/629/669 628/628/668
f 242/242/260 405/405/432 241/241/259
f 630/630/670 407/407/434 405/405/432
f 631/631/671 413/413/440 407/407/434
f 632/632/672 233/233/252 413/413/440
f 284/284/300 630/630/670 242/242/260
f 473/473/500 631/631/671 630/630/670
f 476/476/503 632/632/672 631/631/671
f 632/632/672 487/487/514 270/270/286
f 527/527/554 633/633/673 525/525/552
f 525/525/552 634/634/674 528/528/555
f 528/528/555 635/635/675 534/534/561
f 534/534/561 216/216/235 269/269/285
f 279/279/295 390/390/417 633/633/673
f 633/633/673 393/393/420 634/634/674
f 634/634/674 402/402/429 635/635/675
f 635/635/675 217/217/236 216/216/235
f 220/220/239 636/636/676 336/336/354
f 336/336/354 637/637/677 327/327/345
f 327/327/345 638/638/678 323/323/341
f 323/323/341 227/227/246 324/324/342
f 219/219/238 463/463/490 636/636/676
f 636/636/676 457/457/484 637/637/677
f 637/637/677 455/455/482 638/638/678
f 455/455/482 227/227/246 638/638/678
f 452/452/479 639/639/679 450/450/477
f 450/450/477 640/640/680 441/441/468
f 441/441/468 641/641/681 438/438/465
f 641/641/681 277/277/293 438/438/465
f 266/266/282 429/429/456 639/639/679
f 639/639/679 423/423/450 640/640/680
f 640/640/680 421/421/448 641/641/681
f 641/641/681 212/212/231 214/214/233
f 509/509/536 642/642/682 507/507/534
f 507/507/534 643/643/683 510/510/537
f 510/510/537 644/644/684 516/516/543
f 516/516/543 207/207/226 265/265/281
f 287/287/303 290/290/306 642/642/682
f 642/642/682 293/293/309 643/643/683
f 643/643/683 302/302/318 644/644/684
f 644/644/684 208/208/227 207/207/226
f 231/231/250 318/318/336 232/232/251
f 645/645/685 310/310/328 318/318/336
f 646/646/686 306/306/323 310/310/328
f 647/647/687 307/307/324 306/306/323
f 264/264/280 645/645/685 231/231/250
f 498/498/525 646/646/686 645/645/685
f 492/492/519 647/647/687 646/646/686
f 490/490/517 275/275/291 647/647/687
f 163/163/182 287/287/303 164/164/183
f 166/166/185 283/283/299 167/167/186
f 169/169/188 183/183/202 170/170/189
f 172/172/191 275/275/291 173/173/192
f 175/175/194 230/230/249 176/176/195
f 171/171/190 170/170/189 178/178/197
f 180/180/199 222/222/241 181/181/200
f 183/183/202 198/198/217 184/184/203
f 167/167/186 238/238/256 186/186/205
f 187/187/206 205/205/224 188/188/207
f 190/190/209 246/246/264 191/191/210
f 193/193/212 254/254/271 194/194/213
f 196/196/215 348/348/366 197/197/216
f 199/199/218 248/248/266 200/200/219
f 170/170/189 262/262/278 202/202/221
f 198/198/217 197/197/216 203/203/222
f 204/204/223 272/272/288 177/177/196
f 206/206/225 258/258/274 207/207/226
f 209/209/228 229/229/248 210/210/229
f 212/212/231 226/226/245 213/213/232
f 215/215/234 234/234/253 216/216/235
f 218/218/237 245/245/263 219/219/238
f 221/221/240 243/243/261 222/222/241
f 223/223/242 253/253/270 193/193/212
f 225/225/244 286/286/302 190/190/209
f 226/226/245 324/324/342 227/227/246
f 228/228/247 250/250/267 229/229/248
f 175/175/194 190/190/209 192/192/211
f 165/165/184 164/164/183 231/231/250
f 233/233/252 270/270/286 234/234/253
f 235/235/254 223/223/242 224/224/243
f 237/237/255 259/259/275 238/238/256
f 239/239/257 252/252/269 199/199/218
f 241/241/259 274/274/290 172/172/191
f 243/243/261 235/235/254 236/236/241
f 244/244/262 279/279/295 245/245/263
f 201/201/220 200/200/219 191/191/210
f 199/199/218 252/252/269 247/247/265
f 222/222/241 236/236/241 249/249/241
f 250/250/267 648/648/688 251/251/268
f 252/252/269 168/168/187 186/186/205
f 253/253/270 260/260/276 254/254/271
f 224/224/243 193/193/212 195/195/214
f 236/236/241 224/224/243 255/255/243
f 256/256/272 273/273/289 187/187/206
f 257/257/273 266/266/282 258/258/274
f 169/169/188 196/196/215 198/198/217
f 187/187/206 189/189/208 259/259/275
f 260/260/276 363/363/385 261/261/277
f 205/205/224 177/177/196 176/176/195
f 183/183/202 185/185/204 262/262/278
f 254/254/271 261/261/277 263/263/279
f 164/164/183 288/288/304 264/264/280
f 258/258/274 267/267/283 265/265/281
f 266/266/282 452/452/479 267/267/283
f 245/245/263 280/280/296 268/268/284
f 234/234/253 271/271/287 269/269/285
f 270/270/286 487/487/514 271/271/287
f 272/272/288 225/225/244 175/175/194
f 273/273/289 204/204/223 205/205/224
f 274/274/290 307/307/324 275/275/291
f 214/214/233 213/213/232 276/276/292
f 213/213/232 227/227/246 278/278/294
f 279/279/295 527/527/554 280/280/296
f 166/166/185 168/168/187 252/252/269
f 240/240/258 199/199/218 201/201/220
f 229/229/248 251/251/268 282/282/298
f 283/283/299 256/256/272 237/237/255
f 242/242/260 172/172/191 174/174/193
f 281/281/297 201/201/220 246/246/264
f 285/285/301 246/246/264 190/190/209
f 287/287/303 509/509/536 288/288/304
f 289/289/305 292/292/308 290/290/306
f 291/291/307 301/301/317 292/292/308
f 292/292/308 295/295/311 293/293/309
f 292/292/308 301/301/317 294/294/310
f 296/296/312 299/299/315 297/297/313
f 298/298/314 300/300/316 299/299/315
f 299/299/315 301/301/317 291/291/307
f 300/300/316 294/294/310 301/301/317
f 302/302/318 304/304/320 303/303/319
f 293/293/309 295/295/311 304/304/320
f 304/304/320 300/300/316 298/298/314
f 295/295/311 294/294/310 300/300/316
f 305/305/322 309/309/326 306/306/323
f 308/308/325 311/311/329 309/309/326
f 309/309/326 312/312/330 310/310/328
f 311/311/329 321/321/339 312/312/330
f 313/313/331 316/316/334 314/314/332
f 315/315/333 317/317/335 316/316/334
f 316/316/334 311/311/329 308/308/325
f 317/317/335 321/321/339 311/311/329
f 318/318/336 320/320/338 319/319/337
f 310/310/328 312/312/330 320/320/338
f 320/320/338 317/317/335 315/315/333
f 320/320/338 312/312/330 321/321/339
f 322/322/340 326/326/344 323/323/341
f 325/325/343 335/335/353 326/326/344
f 326/326/344 329/329/347 327/327/345
f 326/326/344 335/335/353 328/328/346
f 330/330/348 333/333/351 331/331/349
f 332/332/350 334/334/352 333/333/351
f 333/333/351 335/335/353 325/325/343
f 334/334/352 328/328/346 335/335/353
f 336/336/354 338/338/356 337/337/355
f 327/327/345 329/329/347 338/338/356
f 338/338/356 334/334/352 332/332/350
f 338/338/356 329/329/347 328/328/346
f 339/339/357 342/342/360 340/340/358
f 341/341/359 351/351/689 342/342/360
f 342/342/360 345/345/363 343/343/361
f 342/342/360 351/351/689 344/344/362
f 346/346/364 350/350/368 347/347/365
f 349/349/367 355/355/376 350/350/368
f 350/350/368 351/351/371 341/341/369
f 350/350/368 355/355/376 344/344/370
f 192/192/372 354/354/375 352/352/373
f 354/354/375 343/343/361 345/345/363
f 353/353/374 352/352/373 355/355/376
f 352/352/373 345/345/363 344/344/377
f 179/179/198 358/358/380 356/356/378
f 358/358/380 368/368/607 359/359/381
f 357/357/379 356/356/378 360/360/382
f 356/356/378 359/359/381 362/362/384
f 363/363/385 367/367/389 364/364/386
f 366/366/388 372/372/690 364/364/386
f 364/364/386 359/359/392 368/368/390
f 364/364/386 372/372/690 362/362/391
f 369/369/393 371/371/395 370/370/394
f 361/361/383 360/360/396 371/371/395
f 371/371/395 372/372/397 366/366/388
f 360/360/396 362/362/691 372/372/397
f 373/373/398 376/376/401 374/374/399
f 375/375/400 384/384/692 376/376/401
f 374/374/399 376/376/401 377/377/402
f 376/376/401 384/384/692 379/379/404
f 228/228/247 382/382/407 380/380/405
f 382/382/407 388/388/415 383/383/408
f 381/381/406 380/380/405 384/384/409
f 380/380/405 383/383/408 379/379/411
f 385/385/412 387/387/414 386/386/413
f 378/378/403 377/377/402 387/387/414
f 387/387/414 383/383/408 388/388/415
f 377/377/402 379/379/404 383/383/408
f 389/389/416 392/392/419 390/390/417
f 391/391/418 401/401/428 392/392/419
f 392/392/419 395/395/422 393/393/420
f 392/392/419 401/401/428 394/394/421
f 396/396/423 399/399/426 397/397/424
f 398/398/425 400/400/427 399/399/426
f 399/399/426 401/401/428 391/391/418
f 400/400/427 394/394/421 401/401/428
f 402/402/429 404/404/431 403/403/430
f 393/393/420 395/395/422 404/404/431
f 404/404/431 400/400/427 398/398/425
f 395/395/422 394/394/421 400/400/427
f 405/405/432 408/408/435 406/406/433
f 407/407/434 410/410/437 408/408/435
f 408/408/435 411/411/438 409/409/436
f 410/410/437 416/416/443 411/411/438
f 412/412/439 415/415/442 413/413/440
f 414/414/441 420/420/447 415/415/442
f 415/415/442 410/410/437 407/407/434
f 415/415/442 420/420/447 416/416/443
f 417/417/444 419/419/446 418/418/445
f 409/409/436 411/411/438 419/419/446
f 419/419/446 420/420/447 414/414/441
f 411/411/438 416/416/443 420/420/447
f 421/421/448 424/424/451 422/422/449
f 423/423/450 433/433/460 424/424/451
f 424/424/451 427/427/454 425/425/452
f 424/424/451 433/433/460 426/426/453
f 428/428/455 431/431/458 429/429/456
f 430/430/457 432/432/459 431/431/458
f 431/431/458 433/433/460 423/423/450
f 432/432/459 426/426/453 433/433/460
f 434/434/461 436/436/463 435/435/462
f 425/425/452 427/427/454 436/436/463
f 436/436/463 432/432/459 430/430/457
f 427/427/454 426/426/453 432/432/459
f 437/437/464 440/440/467 438/438/465
f 439/439/466 442/442/469 440/440/467
f 440/440/467 443/443/470 441/441/468
f 442/442/469 449/449/476 443/443/470
f 444/444/471 447/447/474 445/445/472
f 447/447/474 454/454/481 448/448/475
f 446/446/473 445/445/472 442/442/469
f 445/445/472 448/448/475 449/449/476
f 450/450/477 453/453/480 451/451/478
f 441/441/468 443/443/470 453/453/480
f 453/453/480 448/448/475 454/454/481
f 443/443/470 449/449/476 448/448/475
f 455/455/482 458/458/485 456/456/483
f 457/457/484 460/460/487 458/458/485
f 458/458/485 461/461/488 459/459/486
f 460/460/487 471/471/498 461/461/488
f 462/462/489 465/465/492 463/463/490
f 464/464/491 466/466/493 465/465/492
f 465/465/492 460/460/487 457/457/484
f 466/466/493 471/471/498 460/460/487
f 467/467/494 470/470/497 468/468/495
f 470/470/497 459/459/486 461/461/488
f 469/469/496 468/468/495 466/466/493
f 468/468/495 461/461/488 471/471/498
f 472/472/499 475/475/502 473/473/500
f 474/474/501 477/477/504 475/475/502
f 475/475/502 478/478/505 476/476/503
f 477/477/504 484/484/511 478/478/505
f 479/479/506 482/482/509 480/480/507
f 482/482/509 489/489/516 483/483/510
f 481/481/508 480/480/507 477/477/504
f 480/480/507 483/483/510 484/484/511
f 485/485/512 488/488/515 486/486/513
f 476/476/503 478/478/505 488/488/515
f 488/488/515 483/483/510 489/489/516
f 478/478/505 484/484/511 483/483/510
f 490/490/517 493/493/520 491/491/518
f 492/492/519 495/495/522 493/493/520
f 493/493/520 496/496/523 494/494/521
f 495/495/522 506/506/533 496/496/523
f 497/497/524 500/500/527 498/498/525
f 499/499/526 501/501/528 500/500/527
f 500/500/527 495/495/522 492/492/519
f 501/501/528 506/506/533 495/495/522
f 502/502/529 505/505/532 503/503/530
f 505/505/532 494/494/521 496/496/523
f 504/504/531 503/503/530 501/501/528
f 503/503/530 496/496/523 506/506/533
f 507/507/534 511/511/538 508/508/535
f 510/510/537 513/513/540 511/511/538
f 511/511/538 514/514/541 512/512/539
f 513/513/540 524/524/551 514/514/541
f 515/515/542 518/518/545 516/516/543
f 517/517/544 519/519/546 518/518/545
f 518/518/545 513/513/540 510/510/537
f 519/519/546 524/524/551 513/513/540
f 520/520/547 523/523/550 521/521/548
f 523/523/550 512/512/539 514/514/541
f 522/522/549 521/521/548 519/519/546
f 521/521/548 514/514/541 524/524/551
f 525/525/552 529/529/556 526/526/553
f 528/528/555 531/531/558 529/529/556
f 529/529/556 532/532/559 530/530/557
f 531/531/558 542/542/569 532/532/559
f 533/533/560 536/536/563 534/534/561
f 535/535/562 537/537/564 536/536/563
f 536/536/563 531/531/558 528/528/555
f 537/537/564 542/542/569 531/531/558
f 538/538/565 541/541/568 539/539/566
f 541/541/568 530/530/557 532/532/559
f 540/540/567 539/539/566 537/537/564
f 539/539/566 532/532/559 542/542/569
f 171/171/190 548/548/576 543/543/570
f 543/543/570 548/548/576 544/544/571
f 545/545/572 544/544/571 546/546/573
f 547/547/575 546/546/577 188/188/207
f 171/171/190 179/179/198 357/357/379
f 548/548/576 357/357/379 361/361/383
f 544/544/571 361/361/383 369/369/393
f 546/546/577 369/369/393 189/189/208
f 235/235/254 243/243/261 549/549/578
f 550/550/579 549/549/578 551/551/580
f 552/552/581 551/551/580 553/553/582
f 554/554/583 553/553/582 248/248/266
f 243/243/261 221/221/240 374/374/399
f 549/549/578 374/374/399 378/378/403
f 551/551/580 378/378/403 385/385/412
f 553/553/582 385/385/412 200/200/219
f 209/209/228 555/555/584 382/382/407
f 555/555/584 556/556/585 388/388/415
f 556/556/585 557/557/587 386/386/413
f 557/557/586 191/191/586 200/200/219
f 211/211/230 340/340/358 555/555/584
f 340/340/358 343/343/361 556/556/585
f 343/343/361 354/354/375 557/557/587
f 354/354/588 192/192/693 191/191/586
f 211/211/230 210/210/229 558/558/589
f 339/339/357 558/558/589 559/559/590
f 559/559/591 560/560/592 347/347/365
f 560/560/592 197/197/216 348/348/366
f 210/210/229 282/282/298 561/561/593
f 558/558/589 561/561/593 562/562/594
f 562/562/595 563/563/596 560/560/592
f 563/563/596 203/203/222 197/197/216
f 180/180/199 564/564/601 373/373/398
f 564/564/597 565/565/597 375/375/400
f 565/565/598 566/566/604 381/381/406
f 566/566/599 250/250/267 228/228/247
f 180/180/199 182/182/201 567/567/600
f 567/567/602 568/568/694 565/565/597
f 568/568/603 569/569/695 566/566/604
f 569/569/605 648/648/688 250/250/267
f 179/179/198 178/178/197 570/570/606
f 570/570/606 571/571/612 368/368/607
f 571/571/608 572/572/609 365/365/387
f 572/572/609 261/261/277 363/363/385
f 178/178/197 202/202/221 573/573/610
f 570/570/606 573/573/610 574/574/611
f 574/574/613 575/575/614 572/572/609
f 575/575/614 263/263/279 261/261/277
f 272/272/288 204/204/223 576/576/615
f 434/434/461 576/576/615 577/577/616
f 577/577/616 578/578/617 422/422/449
f 578/578/617 226/226/245 212/212/231
f 204/204/223 273/273/289 331/331/349
f 576/576/615 331/331/349 325/325/343
f 577/577/616 325/325/343 322/322/340
f 578/578/617 322/322/340 324/324/342
f 240/240/258 579/579/618 417/417/444
f 579/579/618 580/580/619 409/409/436
f 580/580/619 581/581/620 406/406/433
f 581/581/620 274/274/290 241/241/259
f 240/240/258 281/281/297 314/314/332
f 579/579/618 314/314/332 308/308/621
f 580/580/619 308/308/621 305/305/322
f 581/581/620 305/305/322 307/307/324
f 285/285/301 582/582/622 313/313/331
f 582/582/622 583/583/623 315/315/333
f 583/583/623 584/584/624 319/319/337
f 584/584/624 165/165/184 232/232/251
f 285/285/301 286/286/302 297/297/313
f 582/582/622 297/297/313 291/291/307
f 583/583/623 291/291/307 289/289/305
f 584/584/624 289/289/305 163/163/182
f 363/363/385 260/260/276 585/585/625
f 367/367/389 585/585/625 586/586/626
f 366/366/388 586/586/626 587/587/627
f 587/587/627 259/259/275 189/189/208
f 260/260/276 253/253/270 588/588/628
f 585/585/625 588/588/628 589/589/629
f 586/586/626 589/589/629 590/590/630
f 587/587/627 590/590/630 238/238/256
f 253/253/270 223/223/242 591/591/631
f 588/588/628 591/591/631 592/592/632
f 589/589/629 592/592/632 593/593/633
f 590/590/630 593/593/633 186/186/205
f 223/223/242 235/235/254 550/550/579
f 591/591/631 550/550/579 552/552/581
f 592/592/632 552/552/581 554/554/583
f 593/593/633 554/554/583 247/247/265
f 256/256/272 594/594/634 330/330/348
f 594/594/634 595/595/635 332/332/350
f 595/595/635 596/596/636 337/337/355
f 596/596/636 218/218/237 220/220/239
f 256/256/272 283/283/299 397/397/424
f 594/594/634 397/397/424 391/391/418
f 595/595/635 391/391/418 389/389/416
f 596/596/636 389/389/416 244/244/262
f 166/166/185 597/597/637 396/396/423
f 597/597/637 598/598/638 398/398/425
f 598/598/638 599/599/639 403/403/430
f 599/599/639 215/215/234 217/217/236
f 166/166/185 239/239/257 418/418/445
f 597/597/637 418/418/445 414/414/441
f 598/598/638 414/414/441 412/412/439
f 599/599/639 412/412/439 233/233/252
f 348/348/366 196/196/215 600/600/640
f 346/346/364 600/600/640 601/601/641
f 601/601/641 602/602/642 353/353/374
f 602/602/642 230/230/249 192/192/211
f 169/169/188 543/543/570 600/600/640
f 543/543/570 545/545/572 601/601/641
f 545/545/572 547/547/574 602/602/642
f 547/547/575 176/176/195 230/230/249
f 225/225/244 603/603/643 296/296/312
f 603/603/643 604/604/645 298/298/644
f 604/604/645 605/605/646 303/303/319
f 605/605/646 206/206/225 208/208/227
f 225/225/244 272/272/288 435/435/462
f 603/603/643 435/435/462 430/430/457
f 604/604/645 430/430/457 428/428/455
f 605/605/646 428/428/455 257/257/273
f 277/277/293 276/276/292 606/606/647
f 437/437/464 606/606/647 607/607/648
f 439/439/466 607/607/648 608/608/649
f 446/446/473 608/608/649 609/609/650
f 278/278/294 456/456/483 606/606/647
f 456/456/483 459/459/486 607/607/648
f 459/459/486 470/470/497 608/608/649
f 470/470/497 467/467/494 609/609/650
f 284/284/300 174/174/193 610/610/651
f 472/472/499 610/610/651 611/611/652
f 474/474/501 611/611/652 612/612/653
f 481/481/508 612/612/653 613/613/654
f 173/173/192 491/491/518 610/610/651
f 491/491/518 494/494/521 611/611/652
f 494/494/521 505/505/532 612/612/653
f 505/505/532 502/502/529 613/613/654
f 264/264/280 288/288/304 614/614/655
f 497/497/524 614/614/655 615/615/656
f 499/499/526 615/615/656 616/616/657
f 504/504/531 616/616/657 617/617/658
f 509/509/536 508/508/535 614/614/655
f 508/508/535 512/512/539 615/615/656
f 512/512/539 523/523/550 616/616/657
f 523/523/550 520/520/547 617/617/658
f 268/268/284 280/280/296 618/618/659
f 462/462/489 618/618/659 619/619/660
f 464/464/491 619/619/660 620/620/661
f 469/469/496 620/620/661 621/621/662
f 527/527/554 526/526/553 618/618/659
f 526/526/553 530/530/557 619/619/660
f 530/530/557 541/541/568 620/620/661
f 541/541/568 538/538/565 621/621/662
f 269/269/285 271/271/287 622/622/639
f 533/533/560 622/622/639 623/623/663
f 535/535/562 623/623/663 624/624/664
f 540/540/567 624/624/664 625/625/665
f 487/487/514 486/486/513 622/622/639
f 486/486/513 489/489/516 623/623/663
f 489/489/516 482/482/509 624/624/664
f 482/482/509 479/479/506 625/625/665
f 265/265/281 267/267/283 626/626/666
f 515/515/542 626/626/666 627/627/667
f 517/517/544 627/627/667 628/628/668
f 522/522/549 628/628/668 629/629/669
f 452/452/479 451/451/478 626/626/666
f 451/451/478 454/454/481 627/627/667
f 454/454/481 447/447/474 628/628/668
f 447/447/474 444/444/471 629/629/669
f 242/242/260 630/630/670 405/405/432
f 630/630/670 631/631/671 407/407/434
f 631/631/671 632/632/672 413/413/440
f 632/632/672 270/270/286 233/233/252
f 284/284/300 473/473/500 630/630/670
f 473/473/500 476/476/503 631/631/671
f 476/476/503 485/485/512 632/632/672
f 632/632/672 485/485/512 487/487/514
f 527/527/554 279/279/295 633/633/673
f 525/525/552 633/633/673 634/634/674
f 528/528/555 634/634/674 635/635/675
f 534/534/561 635/635/675 216/216/235
f 279/279/295 244/244/262 390/390/417
f 633/633/673 390/390/417 393/393/420
f 634/634/674 393/393/420 402/402/429
f 635/635/675 402/402/429 217/217/236
f 220/220/239 219/219/238 636/636/676
f 336/336/354 636/636/676 637/637/677
f 327/327/345 637/637/677 638/638/678
f 323/323/341 638/638/678 227/227/246
f 219/219/238 268/268/284 463/463/490
f 636/636/676 463/463/490 457/457/484
f 637/637/677 457/457/484 455/455/482
f 455/455/482 278/278/294 227/227/246
f 452/452/479 266/266/282 639/639/679
f 450/450/477 639/639/679 640/640/680
f 441/441/468 640/640/680 641/641/681
f 641/641/681 214/214/233 277/277/293
f 266/266/282 257/257/273 429/429/456
f 639/639/679 429/429/456 423/423/450
f 640/640/680 423/423/450 421/421/448
f 641/641/681 421/421/448 212/212/231
f 509/509/536 287/287/303 642/642/682
f 507/507/534 642/642/682 643/643/683
f 510/510/537 643/643/683 644/644/684
f 516/516/543 644/644/684 207/207/226
f 287/287/303 163/163/182 290/290/306
f 642/642/682 290/290/306 293/293/309
f 643/643/683 293/293/309 302/302/318
f 644/644/684 302/302/318 208/208/227
f 231/231/250 645/645/685 318/318/336
f 645/645/685 646/646/686 310/310/328
f 646/646/686 647/647/687 306/306/323
f 647/647/687 275/275/291 307/307/324
f 264/264/280 498/498/525 645/645/685
f 498/498/525 492/492/519 646/646/686
f 492/492/519 490/490/517 647/647/687
f 490/490/517 173/173/192 275/275/291
