# Holocron_Esquina_SupDerFre
# origen puesto en el pivote de la pieza
# pivote en coordenadas del modelo: -47.98773 5.37640 0.65458
mtllib Holocron.mtl
o Holocron_Esquina_SupDerFre
v 5.012358 2.575189 2.642439
v 5.000288 5.012637 0.279328
v 4.997171 2.560394 2.626963
v 2.622908 5.001721 2.711688
v 5.012464 5.030457 0.294868
v 5.027651 5.045255 0.310345
v 2.619783 2.546399 5.062269
v 5.006227 0.122887 4.993089
v 2.604597 2.531603 5.046792
v 0.202970 4.940320 5.100498
v 0.218157 4.955117 5.115974
v 5.030664 5.042231 0.310281
v 5.027544 2.589988 2.657915
v 0.218161 4.958188 5.113031
v 2.607721 4.986924 2.696212
v 2.589411 2.516806 5.031317
v 2.592535 4.972129 2.680736
v 4.997278 5.015662 0.279392
v 0.187780 4.925523 5.085022
v 5.024427 0.137742 5.005550
v 5.009241 0.122947 4.990074
v 4.994055 0.108149 4.974598
v 0.187788 4.928593 5.082079
v 5.024729 0.138300 5.007387
v 5.025106 0.139309 5.006152
v 5.024199 0.136794 5.006683
v 5.024225 0.137729 5.008362
v 5.024916 0.139719 5.007984
v 5.025152 0.141067 5.006770
v 5.024389 0.138988 5.008552
v 5.021414 0.137682 5.008563
v 5.023241 0.138271 5.008878
v 5.022566 0.136762 5.008313
v 5.021986 0.139245 5.009273
v 5.023806 0.139697 5.009094
v 5.023542 0.136452 5.007653
v 5.024557 0.142752 5.007310
v 5.023066 0.142722 5.008800
v 5.023416 0.144103 5.007686
v 5.024191 0.141147 5.008401
v 5.022566 0.141015 5.009358
v 0.218760 4.958449 5.114861
v 0.217237 4.957936 5.114178
v 0.219744 4.958850 5.113612
v 0.220194 4.958619 5.115428
v 0.218206 4.957929 5.115834
v 0.216909 4.957266 5.115140
v 0.219473 4.958083 5.116000
v 0.223211 4.956742 5.116135
v 0.223211 4.958266 5.114678
v 0.224569 4.957112 5.115000
v 0.221514 4.956235 5.116719
v 0.221628 4.957884 5.115797
v 0.221518 4.958876 5.114190
v 0.220194 4.957488 5.116513
v 0.218760 4.956931 5.116316
v 0.219740 4.955664 5.116662
v 0.217234 4.956275 5.115770
v 5.031084 5.044330 0.310693
v 5.030508 5.043479 0.309242
v 5.031271 5.043035 0.311682
v 5.031099 5.044783 0.312155
v 5.030531 5.045112 0.310345
v 5.029879 5.044490 0.308889
v 5.030714 5.045270 0.311496
v 5.029566 5.045202 0.315191
v 5.030718 5.044044 0.315167
v 5.029646 5.044097 0.316721
v 5.029161 5.045811 0.313443
v 5.030638 5.045152 0.313525
v 5.031290 5.043673 0.313397
v 5.030245 5.045642 0.312173
v 5.029760 5.045660 0.310721
v 5.028486 5.045829 0.311741
v 5.028875 5.045114 0.309276
v 4.998777 5.012853 0.277769
v 4.999010 5.011605 0.278806
v 5.000132 5.013885 0.278289
v 4.998323 5.013729 0.277521
v 4.997492 5.012038 0.277904
v 4.997431 5.010684 0.278891
v 4.997496 5.012903 0.277642
v 4.997454 5.014182 0.277798
v 4.998503 5.015520 0.278324
v 4.996229 5.014397 0.278865
v 4.996637 5.012896 0.277922
v 4.999506 5.014897 0.277937
v 4.995794 5.010015 0.279571
v 4.994642 5.011171 0.279595
v 4.994348 5.009702 0.280741
v 4.996168 5.011562 0.278391
v 4.995306 5.012822 0.278936
v 4.992540 0.106587 4.974742
v 4.993895 0.107056 4.975797
v 4.992773 0.107676 4.973540
v 4.991255 0.106761 4.973930
v 4.992086 0.106302 4.975606
v 4.993265 0.106663 4.976794
v 4.991259 0.106460 4.974783
v 4.988409 0.108497 4.973129
v 4.989561 0.108520 4.971975
v 4.988119 0.109708 4.971708
v 4.989069 0.107765 4.974749
v 4.989931 0.107272 4.973470
v 4.991198 0.107807 4.972618
v 4.990400 0.106744 4.974785
v 4.991041 0.108088 4.977610
v 4.991217 0.106561 4.976066
v 4.989992 0.107622 4.976322
v 4.992262 0.107025 4.977429
v 0.186224 4.927085 5.082223
v 0.187288 4.927339 5.081003
v 0.186720 4.928414 5.083299
v 0.185953 4.926612 5.083082
v 0.186377 4.925814 5.081378
v 0.187395 4.925780 5.080044
v 0.186094 4.925803 5.082237
v 0.186220 4.925735 5.083517
v 0.186716 4.926753 5.084892
v 0.187284 4.924501 5.083722
v 0.186377 4.924943 5.082214
v 0.186342 4.927767 5.084287
v 0.188093 4.924155 5.079347
v 0.188089 4.922980 5.080474
v 0.189272 4.922714 5.079020
v 0.186876 4.924499 5.080878
v 0.187391 4.923610 5.082125
v 5.028223 2.591037 2.659011
v 5.028269 2.592186 2.660212
v 5.027674 2.593263 2.661333
v 5.026533 2.594099 2.662205
v 2.623983 5.002372 2.712776
v 2.625158 5.002387 2.713951
v 2.626257 5.001767 2.715035
v 2.627108 5.000604 2.715862
v 2.623136 2.549733 5.062468
v 2.622038 2.548626 5.063040
v 2.620863 2.547456 5.062969
v 2.623991 2.550608 5.061343
v 4.992750 2.559231 2.625738
v 4.994410 2.559196 2.625706
v 4.995962 2.559604 2.626136
v 4.991232 2.559702 2.626226
v 2.591330 4.967736 2.679440
v 2.591299 4.969399 2.679446
v 2.591722 4.970941 2.679900
v 2.591806 4.966206 2.679884
v 2.588602 2.516023 5.030094
v 2.588182 2.515637 5.028534
v 2.588213 2.515704 5.026872
v 2.588694 2.516212 5.025366
v 5.013620 5.030246 0.293941
v 5.014597 5.029595 0.293603
v 5.015249 5.028609 0.293906
v 5.015478 5.027436 0.294804
v 5.007380 0.121965 4.992839
v 5.008356 0.121654 4.992178
v 5.009012 0.122000 4.991206
v 0.201727 4.942469 5.099664
v 0.202051 4.943141 5.098703
v 0.202047 4.941478 5.100295
v 0.202974 4.943391 5.097555
v 3.881079 2.169062 4.226332
v 3.036798 2.972430 4.227662
v 3.054773 2.990088 4.245914
v 3.052175 4.149077 3.133810
v 3.651690 4.255210 2.440847
v 2.973574 4.260346 3.102448
v 4.424639 2.192403 3.667695
v 4.395834 3.147900 2.708678
v 4.421537 3.171537 2.727008
v 2.208616 3.954518 4.092573
v 2.189520 3.781844 4.226084
v 2.190645 3.936861 4.074322
v 4.200560 1.959440 4.119512
v 4.425108 2.196451 3.670561
v 4.287744 2.299412 3.705840
v 4.387892 4.386466 1.520415
v 4.416613 4.411680 1.536188
v 1.414461 4.333743 4.493397
v 1.665445 4.314330 4.193999
v 1.390787 4.309489 4.468996
v 4.400946 2.170942 3.647169
v 4.375238 1.614824 4.139720
v 4.374594 2.147075 3.624343
v 2.890837 4.379861 3.067139
v 4.243391 3.860884 2.242938
v 4.422491 3.172686 2.732163
v 4.418249 4.413154 1.540293
v 3.854589 2.127861 4.297063
v 2.930944 2.869700 4.486828
v 4.423071 1.383746 4.454244
v 3.448748 4.370162 2.456789
v 3.851541 4.352846 2.005213
v 3.287752 4.342913 2.569697
v 4.424654 1.653467 4.186507
v 4.398813 1.367268 4.425829
v 4.401293 1.635197 4.164388
v 2.022490 4.136909 4.158048
v 1.440035 4.354241 4.519569
v 2.190359 3.788598 4.329776
v 4.356161 4.358613 1.502992
v 4.371962 1.351064 4.399698
v 4.194757 3.015361 3.105900
v 4.299467 3.077798 2.943616
v 4.035788 2.166794 4.074850
v 3.869143 2.148415 4.205001
v 3.887117 2.166074 4.223252
v 2.927755 2.867052 4.485255
v 4.395716 1.367233 4.428911
v 4.419733 1.381708 4.452256
v 4.187483 2.170590 3.920481
v 4.170904 2.993244 3.090451
v 4.169508 2.152932 3.902230
v 3.052175 4.143174 3.132293
v 3.855631 4.138404 2.293263
v 3.873602 4.156062 2.311514
v 4.033449 4.005195 2.301233
v 4.169241 3.839573 2.275855
v 4.187212 3.857230 2.294105
v 1.435713 4.355512 4.515298
v 1.693369 4.338656 4.214145
v 2.875730 4.381018 3.073549
v 2.766607 4.357638 3.139608
v 4.040281 2.166585 4.077879
v 4.188879 3.010903 3.108702
v 4.172300 3.833556 2.278672
v 1.435728 4.352462 4.518255
v 2.905119 2.848934 4.462627
v 4.424925 1.658821 4.188316
v 2.210493 3.793455 4.247243
v 2.228464 3.811114 4.265494
v 2.230745 4.130285 3.953071
v 3.034201 4.125514 3.114042
v 2.170938 4.368464 3.779163
v 2.119181 4.346160 3.787812
v 4.049536 4.178109 2.125707
v 3.610907 4.393468 2.346567
v 2.227499 4.136144 3.957846
v 2.226370 3.976701 4.113903
v 2.227709 4.127193 3.959063
v 2.209738 4.109536 3.940812
v 1.718435 4.360494 4.232227
v 3.879683 4.153157 2.308361
v 4.015478 3.987535 2.282982
v 2.999544 2.936311 4.357201
v 2.180647 4.367259 3.778103
v 1.726233 4.359280 4.233041
v 2.061510 4.321307 3.797448
v 1.414473 4.330686 4.496343
v 2.879847 2.828713 4.437370
v 2.317869 4.231677 3.775455
v 3.593367 4.394637 2.355367
v 3.972898 4.380618 1.932378
v 2.645033 4.331589 3.213208
v 4.036173 4.010911 2.300288
v 4.184462 2.167511 3.926451
v 4.017817 2.149134 4.056600
v 4.093462 4.404286 1.864290
v 4.082216 4.405638 1.866771
v 4.384775 4.389521 1.520516
v 4.367346 3.121695 2.688354
v 4.353044 4.361681 1.503096
v 2.192518 3.775797 4.228991
v 3.851171 2.130758 4.186750
v 4.166491 2.149854 3.908200
v 3.999845 2.131475 4.038349
v 4.151266 3.821914 2.257603
v 3.837660 4.120745 2.275012
v 2.212774 4.112628 3.934820
v 3.016230 4.107858 3.095791
v 4.193331 2.167285 3.925132
v 4.196146 3.856977 2.292863
v 2.226587 3.972177 4.110824
v 2.207495 3.799502 4.244334
v 4.152933 2.975585 3.072200
v 4.151537 2.135273 3.883979
v 4.154329 3.815897 2.260421
v 3.861711 4.135499 2.290110
v 3.997503 3.969876 2.264731
v 2.225237 3.814550 4.272445
v 4.368849 1.351038 4.402798
v 3.879084 4.162055 2.307562
v 2.191767 4.091877 3.922561
v 3.054918 2.990253 4.252774
v 3.884516 2.165878 4.233133
v 3.863108 2.151403 4.208082
v 3.018827 2.954772 4.209411
v 3.882467 2.169189 4.227608
v 3.882463 2.167911 4.226074
v 3.883608 2.168630 4.229347
v 3.883642 2.168156 4.227344
v 3.884096 2.166941 4.225398
v 3.884916 2.167673 4.228041
v 3.884710 2.167424 4.226930
v 3.884996 2.166687 4.231385
v 3.884329 2.167466 4.231288
v 3.885660 2.167010 4.228893
v 3.884878 2.167516 4.229926
v 3.885397 2.167419 4.228458
v 3.884478 2.168125 4.228678
v 3.885733 2.166294 4.224406
v 3.886404 2.166795 4.226036
v 3.885584 2.166993 4.226551
v 2.226191 3.816459 4.265319
v 2.225683 3.815765 4.263719
v 2.225466 3.817160 4.262584
v 2.226404 3.815717 4.268154
v 2.226393 3.815618 4.265836
v 2.226332 3.814128 4.264671
v 2.226820 3.815431 4.267729
v 2.226824 3.814734 4.266205
v 2.226831 3.814369 4.270561
v 2.226068 3.815046 4.270656
v 2.228006 3.813652 4.268577
v 2.226904 3.814916 4.269193
v 2.227518 3.814508 4.267936
v 2.227308 3.812493 4.265293
v 2.228579 3.812508 4.266799
v 2.227549 3.813670 4.266585
v 2.227072 3.814942 4.267309
v 4.191477 3.853178 2.296622
v 4.190042 3.852609 2.295799
v 4.190275 3.851212 2.296923
v 4.193014 3.854964 2.295744
v 4.191217 3.854178 2.295811
v 4.189375 3.854243 2.294869
v 4.191687 3.855714 2.295360
v 4.190760 3.855153 2.295248
v 4.194197 3.857127 2.294071
v 4.194654 3.856297 2.294424
v 4.191812 3.857228 2.294732
v 4.193251 3.856375 2.294920
v 4.191835 3.856457 2.295149
v 4.192369 3.855450 2.295599
v 4.188383 3.855864 2.294274
v 4.189360 3.857264 2.294744
v 4.190176 3.856187 2.294887
v 4.420767 1.380690 4.451863
v 4.420881 1.382367 4.453255
v 4.421717 1.380342 4.451144
v 4.421911 1.381486 4.452838
v 4.421919 1.382986 4.453985
v 4.423193 1.381713 4.452915
v 4.422838 1.382148 4.453550
v 4.423716 1.382284 4.450579
v 4.422441 1.380720 4.450208
v 4.422831 1.381763 4.449199
v 4.424074 1.382845 4.452021
v 4.423273 1.381451 4.451546
v 4.422750 1.381027 4.452314
v 4.423391 1.382746 4.453544
v 4.423849 1.383358 4.453309
v 4.422689 1.383470 4.454333
v 4.423769 1.382089 4.452699
v 4.417219 4.413379 1.536390
v 4.417662 4.412075 1.537512
v 4.416185 4.412701 1.535172
v 4.416647 4.414412 1.535779
v 4.417906 4.413918 1.537455
v 4.418341 4.412494 1.538757
v 4.417208 4.414577 1.536782
v 4.413500 4.414714 1.536285
v 4.415754 4.414960 1.536285
v 4.414499 4.414344 1.535225
v 4.415899 4.415343 1.538381
v 4.414606 4.415398 1.537273
v 4.415441 4.413636 1.534835
v 4.418550 4.412871 1.539734
v 4.417177 4.414553 1.539441
v 4.417711 4.414253 1.538427
v 4.416853 4.415139 1.537299
v 1.434782 4.355258 4.516440
v 1.436792 4.356177 4.516382
v 1.434462 4.354588 4.517403
v 1.435957 4.355777 4.517488
v 1.437056 4.355935 4.518415
v 1.437990 4.356169 4.517575
v 1.436571 4.355404 4.518748
v 1.436121 4.354258 4.518800
v 1.434793 4.353606 4.518040
v 1.437159 4.352996 4.519110
v 1.437262 4.354798 4.519314
v 1.435537 4.355256 4.518329
v 1.439131 4.355489 4.518694
v 1.439489 4.353958 4.519821
v 1.438196 4.355157 4.519129
v 1.438482 4.353522 4.519660
v 3.879679 4.155263 2.309100
v 3.878283 4.154284 2.308646
v 3.879560 4.157693 2.309207
v 3.878572 4.156051 2.309325
v 3.876635 4.155232 2.309345
v 3.878050 4.157527 2.309895
v 3.877520 4.156602 2.309756
v 3.878469 4.160514 2.309111
v 3.879354 4.160078 2.308667
v 3.877214 4.158833 2.310406
v 3.878637 4.159104 2.309512
v 3.877752 4.158194 2.310189
v 3.878798 4.157690 2.309657
v 3.874990 4.155856 2.310352
v 3.875505 4.157269 2.311250
v 3.876524 4.157035 2.310382
v 2.227949 4.128363 3.957694
v 2.228456 4.129605 3.958768
v 2.228609 4.129361 3.956075
v 2.228662 4.130271 3.957822
v 2.228678 4.132153 3.958432
v 2.229074 4.130759 3.956873
v 2.229071 4.131984 3.957905
v 2.230642 4.131462 3.954809
v 2.229589 4.130036 3.954452
v 2.229994 4.132990 3.956327
v 2.229734 4.131194 3.955871
v 2.229284 4.131729 3.957288
v 2.228338 4.134450 3.958110
v 2.228888 4.134633 3.957393
v 2.229078 4.133345 3.957652
v 2.229647 4.132365 3.956965
v 4.187254 2.169419 3.921845
v 4.188681 2.170448 3.922210
v 4.186598 2.168423 3.923457
v 4.188425 2.169534 3.923253
v 4.190214 2.169772 3.923702
v 4.188978 2.169071 3.924646
v 4.189604 2.169429 3.924330
v 4.186888 2.168239 3.926121
v 4.185617 2.167752 3.925074
v 4.189424 2.168454 3.925754
v 4.187532 2.168453 3.925182
v 4.189245 2.168847 3.925247
v 4.188005 2.168869 3.924241
v 4.191847 2.168660 3.924728
v 4.191690 2.168117 3.925408
v 4.190584 2.168855 3.924989
v 4.150263 2.134453 3.883252
v 4.151377 2.134029 3.885339
v 4.148687 2.133788 3.883096
v 4.150026 2.133159 3.884664
v 4.150743 2.133007 3.886951
v 4.148741 2.132686 3.884476
v 4.149569 2.132371 3.886025
v 4.145609 2.133298 3.884496
v 4.147417 2.132292 3.884893
v 4.147055 2.133385 3.883532
v 4.145899 2.132205 3.885817
v 4.147886 2.131811 3.886172
v 4.148745 2.132200 3.885517
v 4.149740 2.132364 3.888570
v 4.147470 2.131608 3.888767
v 4.148519 2.132195 3.889948
v 4.148699 2.131805 3.887291
v 4.146551 2.131613 3.887316
v 4.154161 3.817297 2.259235
v 4.153059 3.815193 2.259573
v 4.153521 3.818931 2.258282
v 4.152815 3.816645 2.258339
v 4.151484 3.815045 2.258907
v 4.152349 3.818023 2.257610
v 4.151533 3.816461 2.257860
v 4.150228 3.820752 2.256969
v 4.152502 3.820553 2.257709
v 4.149317 3.819299 2.256914
v 4.151468 3.819291 2.257100
v 4.150660 3.818169 2.257060
v 4.148382 3.816416 2.258486
v 4.150202 3.816874 2.257488
v 4.148668 3.817777 2.257447
v 4.149839 3.815474 2.258525
v 4.151525 3.817514 2.257419
v 2.191164 4.090845 3.921376
v 2.191931 4.093118 3.921192
v 2.191149 4.089942 3.919910
v 2.191355 4.092090 3.919905
v 2.192564 4.094142 3.919574
v 2.191343 4.091290 3.918774
v 2.191915 4.092975 3.918640
v 2.192797 4.089028 3.917046
v 2.191809 4.090837 3.917481
v 2.191721 4.089304 3.918391
v 2.192881 4.090487 3.916097
v 2.192205 4.092168 3.917074
v 2.191732 4.092156 3.918124
v 2.193575 4.094791 3.917950
v 2.193968 4.093701 3.915839
v 2.194803 4.094968 3.916570
v 2.192690 4.093449 3.917271
v 2.193293 4.092127 3.915674
v 2.189672 3.780450 4.227287
v 2.188910 3.780692 4.225020
v 2.190298 3.778811 4.228263
v 2.189093 3.779199 4.226224
v 2.188887 3.779259 4.224073
v 2.189642 3.777914 4.227071
v 2.189074 3.778094 4.225388
v 2.191683 3.775105 4.227707
v 2.191298 3.777178 4.228861
v 2.191008 3.774982 4.226128
v 2.190412 3.776539 4.227502
v 2.189928 3.776377 4.226215
v 2.190527 3.776430 4.223068
v 2.189531 3.776816 4.224897
v 2.190603 3.775447 4.224499
v 2.189455 3.777761 4.223387
v 2.189459 3.777423 4.226238
v 3.846521 2.132521 4.189648
v 3.844423 2.132934 4.188535
v 3.845137 2.133746 4.189832
v 3.848154 2.131524 4.188998
v 3.845861 2.131663 4.188277
v 3.844278 2.132285 4.186941
v 3.847239 2.130894 4.187804
v 3.845682 2.131201 4.186980
v 3.850000 2.130174 4.185689
v 3.849787 2.130905 4.187980
v 3.848547 2.130174 4.184764
v 3.848516 2.130349 4.186921
v 3.847395 2.130351 4.186105
v 3.845690 2.131835 4.183841
v 3.846106 2.130823 4.185642
v 3.847033 2.130757 4.184115
v 3.844721 2.131901 4.185293
v 3.846731 2.130727 4.186973
v 3.842337 4.119046 2.272065
v 3.842569 4.116791 2.271247
v 3.843740 4.117841 2.271859
v 3.840685 4.120023 2.272737
v 3.841066 4.117997 2.271482
v 3.841124 4.115853 2.271225
v 3.839773 4.118845 2.272072
v 3.839949 4.117171 2.271465
v 3.836950 4.119474 2.274160
v 3.839045 4.120619 2.273772
v 3.836821 4.117907 2.273455
v 3.838392 4.119275 2.272869
v 3.838224 4.117995 2.272360
v 3.838274 4.114848 2.272874
v 3.838663 4.116683 2.271929
v 3.837286 4.116282 2.273003
v 3.839613 4.115171 2.271796
v 3.839277 4.118017 2.271877
v 4.425489 2.193449 3.668619
v 4.422972 3.172937 2.729343
v 4.425878 2.194586 3.669489
v 4.422979 3.173034 2.730801
v 4.425745 2.195639 3.670171
v 4.422464 3.172412 2.728011
v 1.719904 4.361164 4.232922
v 2.173490 4.369154 3.778780
v 1.721903 4.361171 4.233320
v 2.176229 4.369165 3.778444
v 1.724127 4.360507 4.233362
v 2.178743 4.368502 3.778206
v 2.928804 2.867899 4.486181
v 2.929781 2.868700 4.486803
v 2.930532 2.869332 4.487032
v 4.396891 1.366299 4.428655
v 4.397894 1.365980 4.427980
v 4.398569 1.366320 4.426986
v 4.370028 1.350107 4.402540
v 4.371035 1.349782 4.401860
v 4.371710 1.350118 4.400862
v 1.413538 4.333493 4.494544
v 1.413218 4.332826 4.495508
v 1.413546 4.331838 4.496139
v 1.389864 4.309242 4.470144
v 1.389544 4.308575 4.471107
v 1.389872 4.307589 4.471737
v 4.387648 4.387654 1.519505
v 4.386969 4.388654 1.519204
v 4.385962 4.389308 1.519560
v 4.355917 4.359804 1.502083
v 4.355238 4.360805 1.501783
v 4.354227 4.361462 1.502139
v 4.193266 3.014396 3.107738
v 4.191622 3.013211 3.108916
v 4.190081 3.011984 3.109254
v 2.227205 3.975711 4.113491
v 2.227545 3.974505 4.112762
v 2.227324 3.973264 4.111824
v 3.055616 2.990931 4.250914
v 3.055834 2.991138 4.248957
v 3.055536 2.990842 4.247202
v 4.086763 4.406379 1.864367
v 4.090498 4.406382 1.863050
v 4.092852 4.405650 1.863023
v 3.599722 4.395396 2.351176
v 3.605288 4.395442 2.348032
v 3.609217 4.394764 2.346414
v 2.880701 4.381749 3.070749
v 2.885313 4.381785 3.068548
v 2.888876 4.381123 3.067280
v 4.035883 4.009465 2.301416
v 4.035265 4.007871 2.301992
v 4.034410 4.006371 2.301927
v 3.052927 4.147560 3.133996
v 3.053194 4.145903 3.133773
v 3.052927 4.144364 3.133175
v 4.425501 1.654519 4.187427
v 4.425848 1.655907 4.188093
v 4.425650 1.657418 4.188407
v 4.039320 2.167405 4.077486
v 4.038126 2.167734 4.076772
v 4.036886 2.167518 4.075847
v 4.151728 2.974789 3.071379
v 4.150175 2.974375 3.070953
v 4.148512 2.974402 3.070988
v 4.146994 2.974869 3.071478
v 2.189966 3.935805 4.073231
v 2.189920 3.934652 4.072036
v 2.190515 3.933575 4.070917
v 2.191660 3.932738 4.070049
v 3.018019 2.953983 4.208194
v 3.017595 2.953588 4.206633
v 3.017626 2.953648 4.204973
v 3.018103 2.954152 4.203461
v 3.996428 3.968815 2.264037
v 3.995256 3.967640 2.263974
v 3.994158 3.966531 2.264551
v 3.993307 3.965657 2.265682
v 3.015421 4.106664 3.094962
v 3.015001 4.105120 3.094514
v 3.015036 4.103457 3.094515
v 3.015516 4.101931 3.094964
v 3.998770 2.130819 4.037266
v 3.997595 2.130793 4.036093
v 3.996492 2.131409 4.035008
v 3.995638 2.132565 4.034177
v 2.209974 4.110704 3.939442
v 2.210638 4.111702 3.937822
v 2.211618 4.112377 3.936199
v 3.860308 4.136626 2.290394
v 3.858660 4.137573 2.291092
v 3.857016 4.138198 2.292100
v 4.170412 3.838210 2.276026
v 4.171408 3.836588 2.276621
v 4.172071 3.834954 2.277550
v 4.167643 2.150093 3.906822
v 4.168623 2.150761 3.905205
v 4.169279 2.151759 3.903591
v 3.864492 2.150256 4.207825
v 3.866125 2.149286 4.207150
v 3.867762 2.148639 4.206157
v 2.209337 3.794836 4.247043
v 2.208361 3.796470 4.246421
v 2.207716 3.798108 4.245469
v 1.390799 4.306435 4.471940
v 2.831755 4.966467 4.304952
v 2.911406 4.974063 3.966903
v 3.068048 4.969075 4.137382
v 3.296003 4.975857 3.958281
v 3.494902 5.031775 3.745566
v 3.278872 5.028394 3.940544
v 3.137823 4.977048 3.786061
v 3.197531 4.985410 3.420955
v 3.353941 4.980426 3.591178
v 3.585726 4.997203 2.997552
v 3.768080 5.052745 2.799444
v 3.753813 5.001334 2.783009
v 3.744215 4.988182 3.169972
v 4.069033 4.987321 3.126004
v 3.900835 4.983192 3.340423
v 3.069727 4.972871 4.139277
v 3.052595 5.025408 4.121542
v 2.752905 4.983083 3.794474
v 2.513658 5.031825 3.985489
v 2.767176 5.034498 3.810910
v 3.195669 4.989438 3.418999
v 3.413122 5.044612 3.227900
v 3.398855 4.993193 3.211464
v 3.713694 4.979196 3.554045
v 3.510355 4.975446 3.761408
v 3.400721 4.989165 3.213425
v 3.557203 4.984179 3.383733
v 3.918779 5.057034 2.582527
v 3.904512 5.005626 2.566093
v 4.357252 4.999955 2.687954
v 4.204332 5.047938 2.893303
v 4.221457 4.995417 2.911033
v 4.070742 4.991123 3.127932
v 3.885401 5.039525 3.324601
v 3.902529 4.986991 3.342336
v 4.060766 5.061831 2.346395
v 4.046499 5.010425 2.329963
v 4.227873 5.068583 2.021307
v 4.213606 5.017182 2.004875
v 4.596086 5.010044 2.207322
v 4.463926 5.057311 2.436525
v 4.481047 5.004815 2.454247
v 3.912367 4.992310 2.955499
v 4.219732 4.991608 2.909086
v 4.448111 5.078423 1.552446
v 4.433844 5.027023 1.536015
v 4.699182 5.090024 1.001539
v 4.684916 5.038623 0.985108
v 4.706629 5.015485 1.952764
v 4.578974 5.062526 2.189604
v 4.201967 5.001259 2.508989
v 4.479788 5.001002 2.451318
v 4.355577 4.996136 2.685873
v 2.833574 4.970270 4.306760
v 2.816446 5.022799 4.289026
v 2.580729 4.967994 4.464956
v 2.563604 5.020512 4.447224
v 2.125883 4.977628 4.177908
v 1.572565 5.025777 4.470973
v 2.140154 5.029038 4.194342
v 2.981329 4.982034 3.615745
v 2.306124 4.965953 4.618512
v 2.289000 5.018464 4.600785
v 2.018866 4.964043 4.770009
v 2.001749 5.016539 4.752287
v 1.558294 4.974365 4.454538
v 0.892801 5.022232 4.787173
v 2.353395 4.968888 4.321461
v 2.501406 4.976382 3.970939
v 2.666571 4.971423 4.137935
v 3.477770 5.084318 3.727828
v 3.261740 5.080935 3.922806
v 3.741178 5.099957 3.168616
v 4.032232 5.100171 3.087902
v 3.909327 5.104086 2.954143
v 3.599997 5.048614 3.013987
v 3.782351 5.104157 2.815878
v 3.937143 5.112290 2.603488
v 4.198931 5.113034 2.507633
v 4.079065 5.117081 2.367523
v 3.035467 5.077945 4.103804
v 2.799318 5.075333 4.271291
v 3.209940 5.040854 3.435435
v 3.008009 5.088895 3.646659
v 3.224211 5.092269 3.451871
v 3.427393 5.096025 3.244336
v 2.993738 5.037476 3.630223
v 2.781446 5.085915 3.827347
v 3.698248 5.035527 3.538210
v 4.053614 5.043649 3.110199
v 3.868269 5.092061 3.306865
v 4.036486 5.096181 3.092465
v 4.075033 5.113236 2.362828
v 3.786425 5.108003 2.820384
v 4.060038 5.108375 2.737237
v 4.340132 5.052461 2.670226
v 4.187208 5.100463 2.875571
v 4.323008 5.104977 2.652498
v 4.462374 5.129824 1.568877
v 4.344381 5.118836 2.228238
v 4.245649 5.123813 2.043516
v 4.446810 5.109815 2.418800
v 4.689524 5.067951 1.935052
v 4.561861 5.115016 2.171884
v 4.713449 5.141422 1.017970
v 3.031244 5.081927 4.099279
v 3.134787 5.088824 3.784705
v 2.908369 5.085841 3.965548
v 2.527929 5.083240 4.001924
v 2.154425 5.080453 4.210778
v 2.546476 5.073040 4.429492
v 2.271879 5.070981 4.583056
v 2.663534 5.083200 4.136579
v 2.540899 5.077021 4.425787
v 2.794920 5.079318 4.266873
v 1.586832 5.077189 4.487408
v 0.907068 5.073644 4.803607
v 1.984629 5.069045 4.734561
v 2.979467 4.986062 3.613787
v 1.446737 4.967641 4.771260
v 1.445330 5.019376 4.770633
v 1.443926 5.071093 4.770007
v 3.012056 5.092734 3.651136
v 2.785505 5.089756 3.831832
v 3.614264 5.100028 3.030422
v 3.228258 5.096110 3.456346
v 1.932302 4.966232 4.536557
v 2.128904 4.973603 4.179254
v 3.294325 4.972063 3.956388
v 2.159929 5.084306 4.214483
v 1.929266 5.078009 4.535201
v 2.350363 5.080664 4.320106
v 4.696650 5.027278 1.466964
v 4.700914 5.090001 1.002044
v 4.695246 5.079028 1.466337
v 4.715010 5.141383 1.018452
v 4.693842 5.130759 1.465710
v 4.182928 5.104462 2.870983
v 3.715380 4.982990 3.555947
v 3.257524 5.084914 3.918286
v 3.350904 5.092202 3.589823
v 3.681120 5.088067 3.520473
v 1.455656 4.963538 4.767052
v 1.563730 4.970354 4.454728
v 2.019438 4.960220 4.767076
v 2.301226 4.962109 4.618464
v 1.982618 5.073069 4.729018
v 2.263678 5.074952 4.580792
v 1.595331 5.081060 4.489676
v 1.454084 5.075322 4.764988
v 4.347422 5.007061 2.229593
v 4.595808 5.006263 2.202244
v 3.755697 4.997300 2.784995
v 4.063074 4.996598 2.738593
v 3.933046 5.108443 2.598960
v 4.559404 5.119130 2.163312
v 4.512022 5.126363 1.870347
v 3.587603 4.993170 2.999522
v 3.906420 5.001590 2.568097
v 3.554167 5.095957 3.382377
v 3.431448 5.099866 3.248816
v 2.499388 4.980410 3.969054
v 2.532171 5.087083 4.006307
v 4.515058 5.014588 1.871703
v 4.703653 5.011554 1.953884
v 4.434309 5.022912 1.541143
v 4.692709 5.022948 1.476045
v 4.464640 5.133597 1.577358
v 4.688925 5.134690 1.476355
v 4.710985 5.144976 1.036845
v 4.666868 5.124404 1.915836
v 0.893301 5.022189 4.788835
v 0.879049 4.970790 4.772551
v 2.577974 4.964173 4.463721
v 0.907549 5.073593 4.805114
v 4.443117 5.113858 2.412962
v 3.512033 4.979237 3.763303
v 3.618330 5.103870 3.034913
v 4.318792 5.108989 2.647738
v 4.048357 5.006382 2.332102
v 4.242140 5.119986 2.037738
v 4.672415 5.120427 1.917336
v 3.864035 5.096043 3.302321
v 3.676893 5.092048 3.515944
v 3.473555 5.088296 3.723306
v 2.754774 4.979053 3.796439
v 4.215055 5.013118 2.007870
v 4.686811 5.038619 0.985630
v 4.685884 5.037248 0.986230
v 4.686708 5.038912 0.984314
v 4.686140 5.037023 0.988443
v 4.684908 5.035929 0.988419
v 4.685511 5.037375 0.984922
v 4.685682 5.038913 0.984032
v 4.684751 5.036366 0.986948
v 4.681662 5.034726 0.994938
v 4.683409 5.034709 0.995242
v 4.681765 5.034345 0.998194
v 4.682222 5.035672 0.991308
v 4.683474 5.035242 0.991366
v 4.684946 5.035650 0.991818
v 4.683752 5.035938 0.988201
v 4.684584 5.037256 0.985952
v 4.683367 5.037042 0.987856
v 0.879808 4.969434 4.771550
v 0.882063 4.969265 4.771743
v 0.877722 4.971021 4.772484
v 0.878469 4.969537 4.771215
v 0.882154 4.968192 4.770466
v 0.885649 4.967982 4.770411
v 0.880617 4.968598 4.770370
v 0.878534 4.970822 4.770738
v 0.879526 4.969462 4.770281
v 0.877443 4.971038 4.771503
v 0.881472 4.969323 4.769038
v 0.881933 4.968221 4.769333
v 0.889269 4.967135 4.768755
v 0.888960 4.967176 4.767030
v 0.892366 4.966854 4.767029
v 0.885241 4.967593 4.768939
v 0.885130 4.968043 4.767736
v 4.714827 5.142936 1.020374
v 4.714918 5.142817 1.022636
v 4.714182 5.141691 1.016885
v 4.714582 5.142990 1.019003
v 4.714300 5.143956 1.023786
v 4.714125 5.144006 1.027600
v 4.714121 5.143685 1.021930
v 4.713690 5.142953 1.020178
v 4.712488 5.142854 1.022230
v 4.713266 5.143966 1.023661
v 4.712744 5.144763 1.032590
v 4.711153 5.144777 1.032445
v 4.712973 5.144433 1.027779
v 4.711679 5.144030 1.027313
v 0.909506 5.075156 4.804964
v 0.906233 5.073815 4.805158
v 0.911818 5.075096 4.805010
v 0.912970 5.076255 4.804421
v 0.908106 5.075181 4.804746
v 0.911077 5.075949 4.804262
v 0.921797 5.077288 4.801145
v 0.921949 5.077250 4.802734
v 0.926268 5.077572 4.800908
v 0.916578 5.076445 4.801741
v 0.917040 5.076831 4.803039
v 0.916876 5.076382 4.804174
v 0.912840 5.076280 4.803392
v 0.909307 5.075187 4.803839
v 0.911406 5.075165 4.802606
v 3.714727 4.979455 3.555175
v 3.511385 4.975704 3.762535
v 3.715414 4.980267 3.555933
v 3.512068 4.976518 3.763292
v 3.715643 4.981509 3.556204
v 3.512293 4.977757 3.763561
v 3.901873 4.983453 3.341558
v 3.902559 4.984265 3.342320
v 3.902792 4.985509 3.342593
v 3.196485 4.985743 3.419821
v 2.980280 4.982368 3.614610
v 3.195765 4.986626 3.419050
v 2.979559 4.983251 3.613839
v 3.195478 4.987925 3.418762
v 2.753725 4.979390 3.795302
v 2.753000 4.980273 3.794529
v 2.979273 4.984550 3.613550
v 3.069078 4.969336 4.138510
v 3.295355 4.972323 3.957515
v 3.069761 4.970149 4.139266
v 3.296038 4.973136 3.958270
v 3.069986 4.971390 4.139536
v 3.296263 4.974376 3.958539
v 3.399672 4.989500 3.212290
v 3.586550 4.993506 2.998383
v 3.398947 4.990385 3.211518
v 3.585825 4.994389 2.997608
v 3.398661 4.991681 3.211228
v 3.585535 4.995688 2.997317
v 3.754641 4.997636 2.783848
v 3.905352 5.001925 2.566944
v 3.753912 4.998522 2.783069
v 3.904615 5.002811 2.566158
v 3.753618 4.999820 2.782774
v 3.904322 5.004112 2.565860
v 4.070074 4.987580 3.127145
v 4.070768 4.988395 3.127912
v 4.071001 4.989638 3.128189
v 4.220781 4.991869 2.910235
v 4.221479 4.992684 2.911009
v 4.221716 4.993932 2.911289
v 4.356607 4.996397 2.687074
v 4.357290 4.997214 2.687892
v 4.357519 4.998463 2.688200
v 4.480661 5.001256 2.452846
v 4.481207 5.002070 2.453938
v 4.481340 5.003320 2.454431
v 4.047308 5.006721 2.330897
v 4.214167 5.013463 2.006337
v 4.046591 5.007607 2.330067
v 4.213579 5.014356 2.005230
v 4.046305 5.008908 2.329740
v 4.213385 5.015662 2.004716
v 4.705191 5.011845 1.953865
v 4.694254 5.023337 1.472584
v 4.706293 5.012694 1.953645
v 4.695543 5.024296 1.469644
v 4.706800 5.013971 1.953259
v 4.696386 5.025679 1.467669
v 4.596308 5.006499 2.204594
v 4.596537 5.007302 2.206385
v 4.596460 5.008546 2.207343
v 4.433794 5.023276 1.538794
v 4.433523 5.024184 1.536995
v 4.433542 5.025500 1.536019
v 2.500299 4.976717 3.969833
v 2.499525 4.977600 3.969085
v 2.752714 4.981570 3.794238
v 2.127413 4.973936 4.178353
v 2.126318 4.974818 4.177780
v 2.499208 4.978896 3.968812
v 2.579416 4.964438 4.464598
v 2.832842 4.966728 4.306047
v 2.580450 4.965257 4.465140
v 2.833567 4.967542 4.306775
v 2.580912 4.966506 4.465266
v 2.833826 4.968787 4.307026
v 1.452276 4.963836 4.768678
v 1.449396 4.964721 4.770049
v 1.447451 4.966055 4.770955
v 2.019609 4.960478 4.768605
v 2.019564 4.961297 4.769699
v 2.019300 4.962548 4.770192
v 1.561316 4.970683 4.454270
v 1.559435 4.971559 4.454072
v 2.125780 4.976114 4.177624
v 1.558374 4.972854 4.454167
v 2.303492 4.962379 4.618888
v 2.305220 4.963204 4.619046
v 2.306143 4.964461 4.618914
v 3.477060 5.085812 3.727082
v 3.680407 5.089560 3.519726
v 3.476011 5.087092 3.725961
v 3.679358 5.090844 3.518603
v 3.474779 5.087964 3.724635
v 3.678122 5.091716 3.517275
v 3.867559 5.093556 3.306116
v 3.866503 5.094839 3.304991
v 3.865267 5.095712 3.303658
v 3.008650 5.090392 3.647385
v 3.224852 5.093768 3.452596
v 3.009645 5.091649 3.648491
v 3.225847 5.095025 3.453702
v 3.010843 5.092471 3.649808
v 3.227045 5.095847 3.455019
v 2.782091 5.087415 3.828074
v 2.783087 5.088672 3.829181
v 2.784288 5.089493 3.830501
v 3.261030 5.082429 3.922060
v 3.034758 5.079440 4.103057
v 3.259981 5.083711 3.920939
v 3.033705 5.080721 4.101935
v 3.258749 5.084582 3.919613
v 3.032473 5.081594 4.100608
v 3.614912 5.101529 3.031150
v 3.428038 5.097524 3.245063
v 3.615908 5.102785 3.032258
v 3.429033 5.098780 3.246169
v 3.617109 5.103607 3.033580
v 3.430231 5.099603 3.247487
v 3.933695 5.109945 2.599691
v 3.782995 5.105658 2.816607
v 3.934702 5.111203 2.600808
v 3.783995 5.106915 2.817719
v 3.935911 5.112027 2.602141
v 3.785200 5.107737 2.819046
v 4.035772 5.097678 3.091714
v 4.034716 5.098963 3.090584
v 4.033468 5.099837 3.089245
v 4.186491 5.101964 2.874818
v 4.185427 5.103251 2.873681
v 4.184175 5.104127 2.872334
v 4.322298 5.106482 2.651731
v 4.321245 5.107774 2.650557
v 4.320013 5.108653 2.649155
v 4.446135 5.111325 2.417949
v 4.445196 5.112625 2.416541
v 4.444139 5.113513 2.414790
v 4.242743 5.121488 2.038565
v 4.075674 5.114739 2.363572
v 4.243620 5.122743 2.039953
v 4.076670 5.115998 2.364726
v 4.244642 5.123559 2.041692
v 4.077856 5.116820 2.366113
v 4.693430 5.132333 1.466506
v 4.671595 5.121941 1.916813
v 4.692354 5.133633 1.468808
v 4.670256 5.123227 1.916345
v 4.690771 5.134459 1.472267
v 4.668596 5.124093 1.916001
v 4.561281 5.116536 2.170824
v 4.560610 5.117850 2.168822
v 4.559954 5.118763 2.166185
v 4.462881 5.131323 1.569910
v 4.463491 5.132564 1.571885
v 4.464106 5.133365 1.574500
v 2.528585 5.084739 4.002644
v 2.529623 5.085996 4.003729
v 2.530882 5.086819 4.005015
v 2.155180 5.081953 4.211446
v 2.156488 5.083213 4.212384
v 2.158155 5.084037 4.213451
v 2.798593 5.076829 4.270552
v 2.545664 5.074538 4.428807
v 2.797502 5.078112 4.269452
v 2.544317 5.075821 4.427862
v 2.796213 5.078986 4.268161
v 2.542646 5.076692 4.426801
v 1.444662 5.072692 4.769610
v 1.446856 5.074058 4.768516
v 1.450163 5.074982 4.766893
v 1.984083 5.070553 4.733734
v 1.983511 5.071847 4.732390
v 1.982996 5.072732 4.730735
v 1.587812 5.078692 4.487966
v 1.589773 5.079955 4.488593
v 1.592417 5.080787 4.489194
v 2.270864 5.072481 4.582479
v 2.268949 5.073765 4.581846
v 2.266424 5.074632 4.581254
v 0.891916 5.022200 4.788752
v 4.700800 5.090033 1.000650
v 4.657770 5.122220 2.922422
v 4.659773 5.040635 4.750907
v 4.660097 5.084111 4.751944
v 5.136393 4.698745 1.054104
v 5.134863 2.722559 2.735994
v 5.136026 4.940667 0.585630
v 5.129133 1.044493 4.658789
v 5.082560 2.796965 4.705530
v 5.130598 2.822026 4.704540
v 5.076570 0.993772 4.660774
v 5.034536 2.771912 4.706520
v 5.040792 4.602204 4.746076
v 5.033808 3.411235 3.492306
v 5.040831 4.646041 2.909107
v 0.963110 4.628414 5.216855
v 2.687910 2.652547 5.175459
v 2.800943 2.770735 5.178902
v 4.655443 5.160328 1.092901
v 4.657446 5.081525 2.921436
v 0.976492 4.624943 5.174320
v 2.815908 4.612096 5.136900
v 2.815882 4.611104 5.177724
v 5.030317 2.816608 2.866331
v 5.040861 4.689837 1.073911
v 0.980734 5.106828 4.759232
v 2.698156 5.139249 2.795153
v 0.500753 5.102394 4.992151
v 4.634130 0.926519 5.137048
v 4.646830 2.760265 5.137299
v 4.634157 0.927556 5.093565
v 2.826567 5.006649 4.749018
v 2.825125 5.050242 2.922603
v 0.999739 5.020353 4.748271
v 4.659529 4.594011 5.137552
v 4.646856 2.761303 5.093817
v 4.895563 5.176108 0.598156
v 2.575907 5.142640 2.671061
v 4.884054 0.444188 5.127723
v 2.574896 2.534376 5.172014
v 5.129259 -0.024689 5.114498
v 0.491770 4.860902 5.223192
v 4.652426 5.160371 1.091653
v 2.822466 5.093064 2.920645
v 4.652105 5.122461 1.090716
v 2.825121 5.093339 4.755375
v 4.655516 5.040566 4.755164
v 2.824797 5.052081 4.754377
v 5.137697 4.839452 4.995492
v 5.136526 2.522432 5.173088
v 5.135698 2.671950 4.940925
v 5.134832 2.579629 2.613267
v 5.135656 5.182644 0.117042
v 4.664659 5.088136 4.760883
v 4.897581 5.128396 2.798295
v 4.662352 5.126515 2.920169
v 2.822790 5.131536 2.921593
v 0.992830 5.063670 4.750575
v 2.575232 5.139190 2.670270
v 2.574415 2.533852 5.168504
v 0.018293 5.094451 5.226091
v 4.899286 4.834591 5.234720
v 5.131891 2.521928 5.177473
v 5.134493 5.068539 5.240447
v 5.136862 4.890057 2.790561
v 5.136373 4.654422 2.904820
v 2.700178 5.091540 4.995290
v 2.822775 5.097483 4.760045
v 5.132807 5.130277 2.676420
v 5.131056 5.187320 0.116957
v 5.137350 5.125704 2.676298
v 2.815859 4.610116 5.218548
v 4.655272 4.597266 5.181129
v 4.655249 4.596227 5.224606
v 2.803152 2.773146 5.174711
v 4.631132 0.926328 5.093529
v 2.803179 2.774136 5.133888
v 5.133699 0.504453 4.886360
v 5.134008 -0.024171 5.110172
v 0.975203 4.621004 5.212412
v 0.975229 4.621947 5.174247
v 0.976469 4.624001 5.212489
v 4.899599 5.080685 4.998431
v 2.577578 5.085599 5.230541
v 5.134535 5.073233 5.235976
v 4.638811 0.913147 5.140951
v 4.891672 2.639390 5.181222
v 4.651422 2.756865 5.184971
v 5.136354 4.610138 4.754962
v 0.020754 5.097964 5.225077
v 4.655123 5.122414 1.091963
v 4.657125 5.040830 2.920448
v 5.088560 4.601828 4.750327
v 5.132067 4.601579 4.750317
v 5.130873 2.866140 2.861167
v 5.088633 4.691008 1.066665
v 5.082594 2.840956 2.862163
v 5.131357 2.578588 2.612680
v 5.132174 5.183929 0.114442
v 5.129812 1.042777 4.655126
v 5.076563 0.991422 4.657158
v 5.132071 4.605941 4.746167
v 5.088606 4.650077 2.907065
v 5.132105 4.649827 2.907060
v 2.577490 5.080958 5.234987
v 2.695528 4.847748 5.228956
v 4.646803 2.759228 5.180784
v 4.659506 4.592974 5.181035
v 0.020502 5.093354 5.229528
v 5.130541 -0.026753 5.110916
v 3.427000 3.417211 3.483820
v 5.139040 5.068732 5.235987
v 5.045053 4.602078 4.750335
v 5.034334 2.815777 2.863159
v 5.023333 0.940088 4.659185
v 5.045130 4.691237 1.066649
v 4.655191 4.997090 4.754127
v 2.824472 5.010823 4.753380
v 4.651785 5.084552 1.089780
v 0.992510 5.024637 4.749618
v 2.822145 5.054595 2.919699
v 4.631155 0.927365 5.050050
v 2.803205 2.775127 5.093065
v 4.655298 4.598302 5.137651
v 0.975252 4.622887 5.136078
v 4.660067 5.164895 1.079360
v 2.820406 5.135862 2.919243
v 0.994402 5.102634 4.754546
v 0.994078 5.063594 4.753590
v 0.993757 5.024556 4.752631
v 4.659449 4.997159 4.749870
v 4.664064 4.600628 5.228991
v 4.655272 4.594145 5.133291
v 3.421991 3.382943 5.103668
v 4.642611 2.763558 5.089605
v 2.806246 2.778214 5.088878
v 4.629965 0.934728 5.045963
v 5.134871 2.821523 4.708684
v 5.133387 1.033367 4.662422
v 5.030279 2.771909 4.702400
v 5.019773 0.943364 4.658764
v 5.045076 4.606438 4.746177
v 5.045114 4.650327 2.907070
v 4.652830 5.036551 2.922472
v 4.650511 5.080129 1.096935
v 4.655153 4.992931 4.749767
v 3.434545 5.031157 3.531072
v 2.813578 4.614512 5.222923
v 2.818018 4.607923 5.132540
v 0.982542 4.621684 5.131791
v 4.634180 0.928594 5.050081
v 5.134890 2.865521 2.858751
v 5.132139 4.693714 1.067953
v 5.088644 4.693966 1.067957
v 5.045149 4.694216 1.067963
v 4.659777 5.084075 4.753574
v 4.660456 5.085696 4.753928
v 4.658854 5.084049 4.754957
v 4.660139 5.085617 4.754953
v 4.661447 5.087018 4.756324
v 4.658808 5.085596 4.756271
v 4.660151 5.086465 4.756306
v 4.657774 5.085655 4.756590
v 4.657473 5.084039 4.755878
v 4.655844 5.084044 4.756202
v 4.660124 5.086997 4.757615
v 4.661512 5.087438 4.757701
v 4.662542 5.087870 4.759123
v 4.633234 0.924394 5.136993
v 4.634272 0.923143 5.138536
v 4.633718 0.922281 5.138572
v 4.634996 0.920960 5.139740
v 4.631105 0.925289 5.137007
v 4.636179 0.918517 5.140284
v 4.637007 0.916437 5.140722
v 4.637892 0.915710 5.140705
v 4.655600 5.161979 1.089502
v 4.655210 5.160362 1.091499
v 4.656454 5.163327 1.086992
v 4.655996 5.162889 1.087900
v 4.653578 5.160383 1.090825
v 4.657213 5.163499 1.085562
v 0.992273 5.102666 4.753664
v 0.991426 5.104268 4.754934
v 0.989351 5.105090 4.755136
v 0.987780 5.105618 4.755949
v 0.993154 5.102702 4.751532
v 0.990450 5.104231 4.754234
v 5.132139 4.693523 1.066551
v 5.133673 4.693662 1.064273
v 5.132139 4.691935 1.065863
v 5.134588 4.694403 1.062841
v 5.135027 4.694911 1.061890
v 5.132135 4.690781 1.066682
v 5.135149 4.695746 1.060396
v 4.659834 4.593838 5.226196
v 4.659166 4.593568 5.224555
v 4.659479 4.591936 5.224519
v 4.660833 4.596156 5.227636
v 4.659521 4.594867 5.226161
v 4.658251 4.594956 5.224584
v 4.659517 4.597461 5.227660
v 4.660902 4.597512 5.228118
v 4.661940 4.598904 5.228624
v 4.656877 4.595891 5.224602
v 4.657167 4.596520 5.226250
v 4.658201 4.596195 5.226187
v 4.659536 4.596178 5.227069
v 0.973471 4.624320 5.214120
v 0.975065 4.623782 5.212482
v 0.971441 4.624482 5.214942
v 0.972425 4.623414 5.214093
v 0.974382 4.622162 5.212442
v 0.968527 4.625883 5.215989
v 5.133703 4.606221 4.748117
v 5.132071 4.605578 4.747791
v 5.135092 4.607118 4.750472
v 5.133646 4.605877 4.749128
v 5.132074 4.604621 4.749149
v 5.134523 4.605846 4.750448
v 5.133646 4.604533 4.750407
v 5.135088 4.605815 4.751722
v 5.135546 4.607148 4.751818
v 5.136023 4.608140 4.753217
v 5.132071 4.603217 4.750036
v 5.133699 4.603509 4.750704
v 5.130758 1.041925 4.658939
v 5.130022 1.043360 4.658432
v 5.132338 1.038448 4.660163
v 5.132151 1.039862 4.659349
v 5.130465 1.042634 4.657611
v 5.130388 1.042430 4.656450
v 5.131350 1.041306 4.658047
v 0.019686 5.097705 5.224550
v 0.020697 5.097571 5.226824
v 0.018843 5.096947 5.224558
v 0.018789 5.097178 5.226579
v 0.020628 5.096558 5.228283
v 0.017553 5.096571 5.226519
v 0.017584 5.095990 5.227678
v 0.017649 5.095212 5.226866
v 0.018354 5.095803 5.225098
v 0.018320 5.093423 5.227398
v 0.017511 5.094817 5.228214
v 0.018705 5.094853 5.228824
v 0.019514 5.092828 5.229258
v 0.020559 5.095078 5.229233
v 0.018747 5.092852 5.228511
v 5.135389 5.182167 0.115928
v 5.135305 5.184436 0.117038
v 5.134634 5.182244 0.115043
v 5.134901 5.184262 0.115075
v 5.134310 5.185952 0.117020
v 5.134287 5.184265 0.113796
v 5.133718 5.185450 0.113867
v 5.132925 5.184670 0.113876
v 5.133505 5.182863 0.114521
v 5.131144 5.185259 0.114540
v 5.132544 5.186033 0.113798
v 5.132814 5.186966 0.116992
v 5.130537 5.187092 0.115900
v 5.132585 5.186610 0.115059
v 5.130568 5.186368 0.115050
v 5.134527 5.072839 5.237718
v 5.136267 5.072877 5.235996
v 5.134516 5.071809 5.239179
v 5.136198 5.072333 5.237664
v 5.137732 5.071898 5.236003
v 5.137129 5.071227 5.238590
v 5.137537 5.071660 5.237624
v 5.136240 5.068566 5.240107
v 5.134504 5.070298 5.240138
v 5.137716 5.068612 5.239141
v 5.136187 5.070259 5.239642
v 5.136148 5.071620 5.238996
v 5.138704 5.070441 5.235999
v 5.138700 5.068671 5.237694
v 5.138205 5.070330 5.237654
v 5.137529 5.070244 5.238981
v 5.130873 -0.026392 5.113705
v 5.131083 -0.024582 5.114159
v 5.128851 -0.026301 5.113405
v 5.128775 -0.025591 5.114193
v 5.132624 -0.024445 5.113220
v 5.130854 -0.027558 5.113060
v 5.132463 -0.026757 5.112974
v 5.131266 -0.027417 5.111723
v 5.129469 -0.026707 5.112253
v 5.131868 -0.026732 5.109979
v 5.132631 -0.027525 5.111393
v 5.133650 -0.024301 5.111820
v 5.133749 -0.025335 5.109577
v 5.133245 -0.026261 5.111507
v 5.132997 -0.026233 5.109510
v 4.654798 5.084500 1.091026
v 4.654173 5.082854 1.090072
v 4.654272 5.082851 1.091904
v 4.654173 5.084571 1.088276
v 4.654760 5.084546 1.089166
v 4.653349 5.081707 1.091348
v 4.653273 5.081443 1.093335
v 4.653242 5.082066 1.090414
v 4.652845 5.082880 1.089525
v 4.653128 5.084573 1.088491
v 4.651484 5.082900 1.090752
v 4.651953 5.080487 1.095101
v 4.650797 5.080506 1.094624
v 4.652288 5.080933 1.092670
v 4.651136 5.081479 1.092453
v 4.659109 4.995532 4.749830
v 4.659124 4.997123 4.751498
v 4.658174 4.994158 4.749797
v 4.658720 4.995454 4.751500
v 4.658201 4.997097 4.752881
v 4.657965 4.994338 4.751388
v 4.657972 4.995518 4.752626
v 4.655157 4.993218 4.751404
v 4.656786 4.993244 4.749774
v 4.655169 4.994109 4.752807
v 4.656832 4.993594 4.751455
v 4.656755 4.994319 4.752597
v 4.656820 4.997084 4.753803
v 4.655180 4.995467 4.753764
v 4.656851 4.995423 4.753371
v 0.992071 5.023009 4.751519
v 0.991896 5.024571 4.752593
v 0.994661 5.022933 4.752076
v 0.994127 5.021793 4.751137
v 0.991003 5.024592 4.752006
v 0.993185 5.022138 4.751034
v 0.997423 5.020688 4.748563
v 0.997900 5.020657 4.749717
v 0.995234 5.021621 4.748924
v 0.995459 5.021058 4.750062
v 0.996119 5.021563 4.751054
v 0.993509 5.023005 4.749294
v 0.991220 5.024615 4.750963
v 4.659216 4.595643 5.137590
v 4.659204 4.594052 5.135920
v 4.658304 4.597031 5.137621
v 4.658827 4.595728 5.135919
v 4.658285 4.594092 5.134538
v 4.658087 4.596855 5.136029
v 4.658079 4.595675 5.134792
v 4.655298 4.598018 5.136012
v 4.656927 4.597966 5.137643
v 4.655291 4.597126 5.134609
v 4.656965 4.597613 5.135963
v 4.656877 4.596893 5.134821
v 4.656900 4.594126 5.133614
v 4.655283 4.595767 5.133652
v 4.656954 4.595786 5.134044
v 4.633097 0.926968 5.048454
v 4.634130 0.926735 5.050035
v 4.633673 0.929553 5.048471
v 4.632757 0.929058 5.047293
v 4.633535 0.925847 5.050013
v 4.632643 0.928110 5.047607
v 4.630236 0.932402 5.046232
v 4.631391 0.932874 5.046242
v 4.630552 0.930186 5.047103
v 4.631712 0.930423 5.046575
v 4.632692 0.931055 5.047125
v 4.630877 0.928417 5.048443
v 4.632490 0.926069 5.050018
v 0.976519 4.625886 5.136150
v 0.976206 4.625247 5.134561
v 0.977907 4.625590 5.134512
v 0.975115 4.625666 5.136144
v 0.975122 4.624747 5.134589
v 0.977346 4.624596 5.133287
v 0.979540 4.624689 5.133109
v 0.976297 4.624273 5.133661
v 0.975519 4.623623 5.134523
v 0.974432 4.624045 5.136105
v 0.976461 4.622168 5.134431
v 0.976805 4.623315 5.133256
v 0.981165 4.623317 5.132154
v 0.980406 4.621518 5.132112
v 0.978758 4.623261 5.132623
v 0.978270 4.621688 5.133038
v 5.043570 4.693554 1.067639
v 5.045149 4.694019 1.066557
v 5.043516 4.693868 1.069343
v 5.042307 4.692859 1.068767
v 5.043608 4.693070 1.066548
v 5.045137 4.692408 1.065846
v 5.042688 4.692560 1.067714
v 5.041185 4.689710 1.071773
v 5.041197 4.691497 1.072563
v 5.042112 4.689933 1.069644
v 5.041670 4.691489 1.070155
v 5.042128 4.692912 1.070959
v 5.042303 4.691586 1.068205
v 5.043562 4.691939 1.066926
v 5.043497 4.690469 1.067843
v 5.045076 4.606076 4.747800
v 5.043447 4.606123 4.746169
v 5.045073 4.605119 4.749159
v 5.043402 4.605694 4.747831
v 5.042059 4.605208 4.746146
v 5.043482 4.604916 4.748938
v 5.042273 4.604953 4.747730
v 5.043425 4.602095 4.750011
v 5.045065 4.603715 4.750050
v 5.042040 4.602126 4.749088
v 5.043394 4.603775 4.749659
v 5.042265 4.603715 4.748909
v 5.041128 4.603831 4.746115
v 5.041117 4.602162 4.747707
v 5.041517 4.603830 4.747787
v 5.024027 0.943074 4.662759
v 5.022669 0.940906 4.662061
v 5.022398 0.943127 4.662534
v 5.024675 0.940574 4.661619
v 5.024607 0.941644 4.662418
v 5.021021 0.943200 4.661697
v 5.022760 0.939436 4.661402
v 5.021200 0.940565 4.661430
v 5.022451 0.939481 4.660080
v 5.024229 0.940027 4.660484
v 5.021963 0.940145 4.658361
v 5.021105 0.939529 4.659849
v 5.021624 0.939626 4.660955
v 5.020098 0.943284 4.660372
v 5.020040 0.941917 4.658131
v 5.020494 0.941038 4.660018
v 5.020807 0.940790 4.657991
v 5.134546 5.129940 2.675688
v 5.136023 5.128953 2.675409
v 5.137007 5.127465 2.675622
v 5.133669 2.521269 5.177116
v 5.136175 2.521542 5.174743
v 5.135176 2.521135 5.176159
v 5.132688 2.578143 2.612180
v 5.133814 2.578184 2.612116
v 2.576796 5.082698 5.234685
v 2.576567 5.084192 5.233733
v 2.576841 5.085210 5.232278
v 2.574747 5.140530 2.669821
v 2.574705 5.141656 2.669813
v 2.573915 2.533339 5.169826
v 2.573835 2.533258 5.170958
v 4.658129 5.123852 2.922283
v 4.659124 5.125241 2.921806
v 4.660608 5.126178 2.921063
v 4.658308 5.164494 1.082640
v 0.983629 5.106526 4.758184
v 2.823683 5.097203 4.758289
v 2.824450 5.096318 4.756786
v 2.824953 5.094960 4.755761
v 2.821329 5.135512 2.920174
v 2.822107 5.134568 2.920949
v 2.822618 5.133172 2.921446
v 0.986364 5.106082 4.756603
v 4.647158 2.759016 5.182409
v 4.648157 2.758494 5.183775
v 4.649656 2.757739 5.184675
v 2.815683 4.610418 5.220186
v 2.815187 4.611359 5.221593
v 0.969881 4.625247 5.215572
v 2.814447 4.612798 5.222554
v 0.965879 4.627425 5.216499
v 2.801790 2.771627 5.178604
v 2.802507 2.772399 5.177703
v 2.802984 2.772931 5.176336
v 5.136068 4.696857 1.057484
v 5.136045 4.652655 2.905677
v 5.135118 4.651162 2.906404
v 5.133738 4.650170 2.906889
v 5.134542 2.822398 4.707071
v 5.133615 2.822801 4.705717
v 5.132231 2.822670 4.704828
v 5.133112 1.035804 4.661774
v 5.134584 2.866402 2.859650
v 5.133715 2.866829 2.860425
v 5.132410 2.866737 2.860959
v 4.654463 5.036881 2.921667
v 4.655851 5.037811 2.920998
v 4.656786 5.039198 2.920570
v 2.824621 5.009200 4.753017
v 2.825071 5.007836 4.752060
v 2.825754 5.006941 4.750655
v 2.822363 5.052958 2.919888
v 2.823004 5.051556 2.920506
v 2.823973 5.050602 2.921461
v 4.644236 2.762727 5.089912
v 4.645613 2.762006 5.090820
v 4.646532 2.761506 5.092191
v 2.817213 4.609551 5.132903
v 2.816526 4.610917 5.133860
v 2.816069 4.611810 5.135263
v 2.803438 2.775393 5.091440
v 2.804098 2.776074 5.090073
v 2.805082 2.777064 5.089174
v 5.043482 4.650010 2.907226
v 5.042093 4.649082 2.907667
v 5.041162 4.647689 2.908328
v 5.032904 2.771229 4.706234
v 5.030600 2.771226 4.704004
v 5.031523 2.770986 4.705351
v 5.032793 2.815196 2.863426
v 5.031488 2.815149 2.864121
v 5.030619 2.815644 2.865142
v 4.659449 5.040601 4.752537
v 4.658525 5.040577 4.753919
v 4.657145 5.040564 4.754842
v 0.992002 5.063649 4.751727
v 0.992678 5.063609 4.753360
v 4.633917 0.926157 5.093530
v 4.632277 0.925492 5.093511
v 0.975088 4.624725 5.174312
v 0.974405 4.623103 5.174272
v 5.088564 4.603467 4.750043
v 5.088572 4.604871 4.749154
v 5.088572 4.605828 4.747794
v 5.088575 4.606190 4.746173
v 5.088636 4.692172 1.065855
v 5.088644 4.693771 1.066554
v 4.654890 5.122447 1.090562
v 4.653257 5.122472 1.089888
v 4.656900 4.596928 5.181123
v 4.658277 4.595996 5.181104
v 4.659193 4.594605 5.181072
v 5.076559 0.990628 4.659653
v 5.076563 0.991775 4.660455
v 5.076559 0.990503 4.658497
v 4.990686 4.231802 2.827211
v 4.989729 3.893472 2.906021
v 4.992361 4.063622 3.063077
v 4.997732 3.883817 3.290516
v 5.050734 3.669049 3.488004
v 5.049429 3.864594 3.272464
v 4.991220 3.712039 3.131983
v 4.989897 3.346696 3.190788
v 4.992529 3.516590 3.347608
v 4.995813 2.922136 3.577853
v 5.048593 2.722023 3.758834
v 4.996492 2.707135 3.745401
v 4.994513 3.094339 3.736830
v 4.997824 3.049586 4.061521
v 4.997145 3.264462 3.893862
v 4.996241 4.065402 3.064697
v 5.047937 4.046182 3.046646
v 4.991030 3.721259 2.747037
v 5.041311 3.911380 2.507395
v 5.043138 3.736147 2.760472
v 4.993834 3.344627 3.188855
v 5.047037 3.151440 3.404951
v 4.994928 3.136553 3.391516
v 4.996260 3.478588 3.707258
v 4.995161 3.686492 3.504435
v 4.990992 3.138625 3.393454
v 4.993624 3.308604 3.550353
v 5.049067 2.504690 3.908993
v 4.996965 2.489803 3.895561
v 5.002474 2.610617 4.348583
v 5.053869 2.814866 4.195299
v 5.002188 2.834080 4.213345
v 5.001707 3.051398 4.063172
v 5.052721 3.247041 3.877445
v 5.001024 3.266260 3.895497
v 5.049334 2.268156 4.050389
v 4.997240 2.253270 4.036958
v 5.049379 1.942582 4.216687
v 4.997286 1.927698 4.203256
v 5.002504 2.129287 4.586221
v 5.054235 2.357346 4.453755
v 5.002573 2.376552 4.471792
v 4.995184 2.879409 3.904442
v 4.998293 2.832249 4.211679
v 5.049192 1.473071 4.435755
v 4.997099 1.458187 4.422324
v 5.048883 0.921422 4.685459
v 4.996790 0.906537 4.672030
v 5.002352 1.874398 4.696130
v 5.054152 2.110085 4.568187
v 4.995932 2.432090 4.192928
v 4.998655 2.373741 4.470590
v 4.998568 2.608653 4.346966
v 4.994574 4.233491 2.828968
v 5.046267 4.214274 2.810919
v 4.992674 4.392333 2.576525
v 5.044359 4.373117 2.558479
v 4.986258 4.106290 2.120991
v 5.033659 4.399237 1.567543
v 5.038362 4.121178 2.134424
v 4.988588 3.542052 2.975076
v 4.990519 4.546586 2.302310
v 5.042189 4.527375 2.284268
v 4.988211 4.698810 2.015439
v 5.039869 4.679604 1.997401
v 4.981554 4.384350 1.554109
v 5.027945 4.717145 0.888591
v 4.985548 4.249453 2.348914
v 4.985270 3.898486 2.496049
v 4.987978 4.065133 2.661620
v 5.102438 3.649828 3.469950
v 5.101133 3.845373 3.254411
v 5.106131 3.089724 3.731904
v 5.108877 3.008297 4.022743
v 5.106810 2.874794 3.899515
v 5.047918 2.937024 3.591288
v 5.100698 2.736911 3.772268
v 5.105211 2.523980 3.926465
v 5.107553 2.427474 4.188001
v 5.105482 2.287613 4.067796
v 5.099642 4.026959 3.028594
v 5.097963 4.195056 2.792870
v 5.045938 3.359517 3.202290
v 5.096743 3.569762 3.000010
v 5.098051 3.374406 3.215724
v 5.099146 3.166331 3.418386
v 5.044634 3.554871 2.986576
v 5.095243 3.751037 2.773906
v 5.051832 3.461154 3.690830
v 5.053400 3.032179 4.045122
v 5.104422 3.227822 3.859396
v 5.105093 3.012963 4.027075
v 5.101431 2.283043 4.063820
v 5.104742 2.741293 3.776288
v 5.107279 2.657470 4.049683
v 5.054144 2.591408 4.330540
v 5.105558 2.795651 4.177254
v 5.105822 2.572195 4.312498
v 5.101286 1.487956 4.449186
v 5.107618 2.147656 4.332759
v 5.105524 1.963123 4.233575
v 5.105902 2.338140 4.435715
v 5.053984 1.855203 4.678103
v 5.105806 2.090884 4.550152
v 5.100973 0.936305 4.698890
v 5.103415 4.022330 3.024298
v 5.102842 3.707425 3.127057
v 5.101347 3.888858 2.901096
v 5.093420 3.926268 2.520830
v 5.090467 4.136069 2.147858
v 5.096048 4.353902 2.540431
v 5.093870 4.508163 2.266224
v 5.099600 4.060519 2.656695
v 5.099825 4.350098 2.534780
v 5.101744 4.190533 2.788395
v 5.085760 4.414126 1.580976
v 5.080046 4.732034 0.902024
v 5.091539 4.660395 1.979361
v 4.992525 3.539983 2.973141
v 4.982225 4.701419 1.443335
v 5.033892 4.699283 1.441055
v 5.085535 4.697148 1.438776
v 5.100779 3.574115 3.004004
v 5.099283 3.755399 2.777908
v 5.100027 2.951915 3.604721
v 5.102087 3.378756 3.219716
v 4.982115 4.465614 1.928368
v 4.982325 4.107747 2.124082
v 4.993853 3.882039 3.288898
v 5.094519 4.139645 2.153304
v 5.093737 4.460999 1.923443
v 5.097174 4.244841 2.343989
v 4.999754 1.388488 4.684949
v 5.048902 0.921923 4.687193
v 5.051432 1.386350 4.682668
v 5.100973 0.936787 4.700450
v 5.103086 1.384216 4.680390
v 5.109346 2.790957 4.172900
v 5.000132 3.480374 3.708884
v 5.104910 3.840749 3.250120
v 5.104151 3.511975 3.342683
v 5.103537 3.441933 3.672778
v 4.978155 4.697310 1.452314
v 4.977644 4.384642 1.559611
v 4.984316 4.695988 2.016068
v 4.986589 4.546661 2.297480
v 5.095365 4.654742 1.977274
v 5.097635 4.505805 2.257955
v 5.089838 4.416259 1.589414
v 5.089788 4.691981 1.448853
v 4.995996 2.152272 4.337683
v 4.998571 2.124322 4.585994
v 4.992552 2.709234 3.747360
v 4.995657 2.662083 4.054609
v 5.101168 2.519577 3.922425
v 5.109629 2.082200 4.547611
v 5.107485 1.789270 4.499509
v 4.991877 2.924220 3.579800
v 4.993025 2.491919 3.897537
v 5.105246 3.303989 3.545429
v 5.103182 3.170686 3.422383
v 4.989206 3.896490 2.493962
v 5.097460 3.930526 2.525016
v 4.995863 1.793887 4.504433
v 4.998404 1.875638 4.693222
v 4.993151 1.463434 4.422869
v 4.995626 1.397701 4.681099
v 5.105341 1.496319 4.451401
v 5.107248 1.394753 4.675431
v 5.105036 0.955075 4.696405
v 5.109457 1.834402 4.654456
v 5.027956 4.718808 0.889095
v 4.975870 4.704070 0.875679
v 4.988775 4.391218 2.573831
v 5.080046 4.733539 0.902506
v 5.109709 2.332196 4.431945
v 4.999033 3.688270 3.506056
v 5.104067 2.956280 3.608729
v 5.109621 2.567332 4.308203
v 4.993292 2.255521 4.038888
v 5.101473 1.957467 4.230118
v 5.105623 1.836005 4.660071
v 5.108198 3.223174 3.855082
v 5.107313 3.437299 3.668480
v 5.106214 3.645202 3.465657
v 4.987089 3.723337 2.748978
v 4.993338 1.930806 4.204777
v 4.996836 0.907056 4.673922
v 4.995462 0.907698 4.673023
v 4.997087 0.905732 4.673813
v 4.995310 0.909916 4.673286
v 4.994192 0.909925 4.672072
v 4.995546 0.906387 4.672642
v 4.994585 0.908443 4.671908
v 4.993128 0.916488 4.668858
v 4.993151 0.916787 4.670606
v 4.992846 0.919751 4.668975
v 4.993978 0.912829 4.669398
v 4.993570 0.912896 4.670654
v 4.994017 0.913333 4.672120
v 4.994177 0.909712 4.670917
v 4.995443 0.907422 4.671721
v 4.995264 0.909335 4.670512
v 4.997061 0.905452 4.672787
v 4.974501 4.703106 0.876458
v 4.974371 4.703299 0.878715
v 4.976076 4.703997 0.874348
v 4.974569 4.702771 0.875119
v 4.973265 4.702052 0.878822
v 4.973112 4.701995 0.882322
v 4.973642 4.701949 0.877279
v 4.975840 4.702256 0.875158
v 4.974485 4.701836 0.876173
v 4.976061 4.703018 0.874066
v 4.974340 4.700595 0.878114
v 4.973253 4.700921 0.878596
v 4.972277 4.700355 0.885952
v 4.972261 4.698632 0.885633
v 4.971998 4.698630 0.889050
v 4.972673 4.700537 0.881914
v 4.973085 4.699321 0.881793
v 5.102575 0.938661 4.700249
v 5.102529 0.940925 4.700347
v 5.101309 0.934918 4.700169
v 5.102587 0.937291 4.699999
v 5.103685 0.942043 4.699711
v 5.103846 0.945854 4.699540
v 5.103361 0.940195 4.699529
v 5.102568 0.938468 4.699109
v 5.102510 0.940524 4.697912
v 5.103678 0.941920 4.698675
v 5.104727 0.950823 4.698157
v 5.104708 0.950682 4.696567
v 5.104261 0.946022 4.698383
v 5.103823 0.945574 4.697098
v 5.081636 4.733340 0.904437
v 5.080248 4.733580 0.901186
v 5.081617 4.733382 0.906752
v 5.082777 4.732755 0.907882
v 5.081633 4.733125 0.903036
v 5.082434 4.732612 0.905996
v 5.083864 4.729429 0.916681
v 5.083872 4.731017 0.916841
v 5.084211 4.729173 0.921149
v 5.082949 4.730061 0.911479
v 5.083380 4.731347 0.911937
v 5.082960 4.732495 0.911784
v 5.082769 4.731726 0.907750
v 5.081633 4.732215 0.904235
v 5.081610 4.730978 0.906332
v 4.996569 3.479709 3.708289
v 4.995470 3.687609 3.505465
v 4.997412 3.480441 3.708960
v 4.996313 3.688339 3.506134
v 4.998663 3.480674 3.709169
v 4.997564 3.688571 3.506342
v 4.997454 3.265588 3.894896
v 4.998301 3.266324 3.895571
v 4.999556 3.266560 3.895783
v 4.990179 3.345554 3.189733
v 4.988874 3.540912 2.974021
v 4.991030 3.344760 3.188995
v 4.989721 3.540117 2.973282
v 4.992311 3.344436 3.188687
v 4.987375 3.722192 2.747920
v 4.988226 3.721396 2.747180
v 4.991003 3.539792 2.972974
v 4.992674 4.064739 3.064106
v 4.994165 3.883156 3.289927
v 4.993521 4.065470 3.064776
v 4.995008 3.883884 3.290595
v 4.994772 4.065701 3.064983
v 4.996263 3.884117 3.290802
v 4.991278 3.137483 3.392399
v 4.992163 2.923073 3.578739
v 4.992125 3.136688 3.391659
v 4.993010 2.922274 3.577997
v 4.993406 3.136361 3.391350
v 4.994291 2.921946 3.577687
v 4.992834 2.708081 3.746295
v 4.993307 2.490760 3.896465
v 4.993685 2.707278 3.745549
v 4.994158 2.489951 3.895713
v 4.994966 2.706946 3.745235
v 4.995443 2.489614 3.895395
v 4.998133 3.050716 4.062564
v 4.998980 3.051458 4.063243
v 5.000235 3.051697 4.063456
v 4.998606 2.833388 4.212727
v 4.999453 2.834136 4.213413
v 5.000711 2.834378 4.213630
v 4.998880 2.609843 4.347996
v 4.999735 2.610635 4.348665
v 5.000994 2.610907 4.348871
v 4.998968 2.375256 4.471463
v 4.999823 2.376325 4.471998
v 5.001089 2.376779 4.472113
v 4.993578 2.254310 4.037833
v 4.993620 1.929267 4.203880
v 4.994429 2.253457 4.037097
v 4.994471 1.928134 4.203275
v 4.995714 2.253093 4.036789
v 4.995756 1.927584 4.203057
v 4.998720 1.875607 4.694752
v 4.995935 1.394226 4.682627
v 4.999582 1.875359 4.695842
v 4.996832 1.391257 4.683896
v 5.000856 1.874935 4.696326
v 4.998171 1.389240 4.684712
v 4.998888 2.126664 4.586496
v 4.999746 2.128431 4.586715
v 5.001017 2.129351 4.586618
v 4.993437 1.461077 4.422344
v 4.994287 1.459250 4.422056
v 4.995573 1.458238 4.422049
v 4.985552 3.897374 2.494935
v 4.986399 3.896603 2.494147
v 4.989508 3.721067 2.746870
v 4.982607 4.106841 2.122584
v 4.983450 4.106246 2.121470
v 4.987680 3.896293 2.493805
v 4.989088 4.392082 2.575273
v 4.990999 4.232885 2.828294
v 4.989943 4.392598 2.576292
v 4.991846 4.233588 2.829008
v 4.991201 4.392686 2.576731
v 4.993101 4.233802 2.829245
v 4.978441 4.698935 1.448934
v 4.979315 4.700287 1.446041
v 4.980646 4.701159 1.444075
v 4.984621 4.697509 2.016242
v 4.985468 4.698578 2.016183
v 4.986731 4.699035 2.015901
v 4.977915 4.384181 1.557191
v 4.978754 4.383962 1.555295
v 4.984735 4.106053 2.120911
v 4.980032 4.384024 1.554213
v 4.986910 4.547072 2.299741
v 4.987768 4.547202 2.301453
v 4.989035 4.547030 2.302355
v 5.103899 3.649039 3.469215
v 5.104998 3.441144 3.672042
v 5.105127 3.647883 3.468139
v 5.106226 3.439986 3.670965
v 5.105940 3.646536 3.466892
v 5.107038 3.438636 3.669715
v 5.105883 3.227032 3.858658
v 5.107115 3.225869 3.857579
v 5.107927 3.224516 3.856323
v 5.098272 3.570442 3.000630
v 5.099577 3.375088 3.216343
v 5.099577 3.571509 3.001606
v 5.100882 3.376152 3.217319
v 5.100454 3.572799 3.002791
v 5.101763 3.377442 3.218503
v 5.096777 3.751719 2.774526
v 5.098078 3.752787 2.775504
v 5.098959 3.754079 2.776691
v 5.102594 3.844584 3.253675
v 5.101103 4.026172 3.027858
v 5.103823 3.843430 3.252602
v 5.102331 4.025016 3.026783
v 5.104635 3.842082 3.251353
v 5.103144 4.023665 3.025533
v 5.101557 2.952597 3.605343
v 5.100676 3.167011 3.419006
v 5.102861 2.953665 3.606322
v 5.101976 3.168077 3.419983
v 5.103743 2.954958 3.607509
v 5.102858 3.169370 3.421169
v 5.102697 2.520263 3.923047
v 5.102228 2.737594 3.772889
v 5.104006 2.521341 3.924034
v 5.103537 2.738665 3.773872
v 5.104887 2.522645 3.925235
v 5.104414 2.739965 3.775066
v 5.106558 3.012172 4.026335
v 5.107790 3.011006 4.025252
v 5.108602 3.009644 4.023989
v 5.107023 2.794855 4.176512
v 5.108259 2.793686 4.175422
v 5.109076 2.792317 4.174155
v 5.107294 2.571385 4.311760
v 5.108530 2.570178 4.310684
v 5.109346 2.568754 4.309435
v 5.107374 2.337246 4.435015
v 5.108614 2.335803 4.434053
v 5.109434 2.334030 4.432975
v 5.103006 1.958249 4.230696
v 5.102964 2.283740 4.064439
v 5.104319 1.959597 4.231558
v 5.104277 2.284856 4.065411
v 5.105200 1.961308 4.232569
v 5.105158 2.286216 4.066592
v 5.104677 1.384964 4.679956
v 5.107107 1.835440 4.659229
v 5.106028 1.387232 4.678860
v 5.108355 1.834936 4.657865
v 5.106928 1.390667 4.677272
v 5.109182 1.834573 4.656190
v 5.107286 2.089781 4.549543
v 5.108530 2.087744 4.548847
v 5.109350 2.085080 4.548167
v 5.102819 1.488944 4.449671
v 5.104132 1.490880 4.450261
v 5.105017 1.493470 4.450870
v 5.094950 3.926941 2.521464
v 5.096254 3.927987 2.522482
v 5.097136 3.929246 2.523729
v 5.092001 4.136689 2.148588
v 5.093306 4.137588 2.149879
v 5.094191 4.138625 2.151535
v 5.099424 4.194275 2.792119
v 5.097513 4.353175 2.539591
v 5.100656 4.193142 2.791005
v 5.098745 4.352197 2.538221
v 5.101469 4.191828 2.789697
v 5.099558 4.351116 2.536532
v 5.087137 4.696702 1.439487
v 5.088507 4.695563 1.441651
v 5.089437 4.693906 1.444941
v 5.093016 4.659526 1.978789
v 5.094259 4.658145 1.978192
v 5.095083 4.656466 1.977660
v 5.087297 4.414637 1.581934
v 5.088610 4.415224 1.583874
v 5.089502 4.415793 1.586500
v 5.095335 4.507544 2.265183
v 5.096567 4.506881 2.263246
v 5.097372 4.506270 2.260708
v 5.027941 4.718730 0.887712
v 5.048887 0.919944 4.686703
v 4.236166 2.661234 5.109779
v 3.902456 2.754761 5.085897
v 4.077013 2.903076 5.119943
v 3.905645 3.136694 5.131846
v 3.693899 3.337450 5.184729
v 3.880957 3.114562 5.179487
v 3.729788 2.987363 5.093672
v 3.368540 3.062246 5.064940
v 3.542826 3.210331 5.098933
v 2.959253 3.465427 5.071190
v 2.761526 3.649141 5.123513
v 2.751211 3.641528 5.069175
v 3.136297 3.615937 5.101713
v 3.102926 3.940450 5.133766
v 3.310839 3.764238 5.135759
v 4.078470 2.904226 5.124108
v 4.053781 2.882096 5.171745
v 3.725405 2.604243 5.055369
v 3.901297 2.352607 5.098298
v 3.735723 2.611857 5.109710
v 3.366034 3.060030 5.068455
v 3.176393 3.278308 5.125384
v 3.166075 3.270693 5.071041
v 3.517359 3.569249 5.135553
v 3.717134 3.358432 5.132930
v 3.168589 3.272918 5.067529
v 3.342962 3.421074 5.101538
v 2.550570 3.808077 5.119324
v 2.540251 3.800462 5.064989
v 2.675905 4.245889 5.127312
v 2.868776 4.078442 5.181388
v 2.893465 4.100573 5.133746
v 3.104406 3.941623 5.137930
v 3.287615 3.743266 5.187560
v 3.312307 3.765400 5.139917
v 2.317675 3.959159 5.113127
v 2.307356 3.951547 5.058792
v 1.981825 4.138909 5.106083
v 1.971510 4.131296 5.051751
v 2.205450 4.525697 5.107790
v 2.422705 4.363125 5.166239
v 2.447390 4.385255 5.118601
v 2.928324 3.792099 5.099714
v 2.891970 4.099389 5.129579
v 1.479212 4.377414 5.099323
v 1.468897 4.369800 5.044994
v 0.880766 4.650128 5.092890
v 0.870447 4.642514 5.038560
v 1.959520 4.665391 5.096011
v 2.180765 4.503568 5.155426
v 2.492147 4.099242 5.089208
v 2.444941 4.384602 5.114474
v 2.674276 4.244766 5.123147
v 4.237535 2.662524 5.113956
v 4.212854 2.640398 5.161587
v 4.386835 2.404640 5.101039
v 4.362154 2.382518 5.148661
v 4.086824 1.965103 5.022459
v 4.354223 1.397166 5.040171
v 4.097143 1.972719 5.076798
v 3.555403 2.839196 5.059660
v 4.530828 2.125338 5.085242
v 4.506155 2.103220 5.132855
v 4.672365 1.833557 5.067833
v 4.647699 1.811446 5.115434
v 4.343904 1.389550 4.985833
v 4.647089 0.708508 4.994841
v 4.237352 2.185401 5.057900
v 3.893415 2.347362 5.040453
v 4.064779 2.504286 5.075113
v 3.669210 3.315320 5.232367
v 3.856272 3.092433 5.227124
v 3.120893 3.600370 5.211375
v 3.049898 3.892915 5.236089
v 2.912920 3.776530 5.209374
v 2.969572 3.473042 5.125530
v 2.771849 3.656758 5.177851
v 2.565039 3.819131 5.178478
v 2.476744 4.083676 5.198869
v 2.332327 3.970143 5.172279
v 4.029097 2.859968 5.219380
v 4.188169 2.618270 5.209217
v 3.376352 3.067644 5.122795
v 3.573534 2.852209 5.171858
v 3.386671 3.075261 5.177138
v 3.186712 3.285922 5.179724
v 3.563215 2.844592 5.117515
v 3.746042 2.619472 5.164051
v 3.494127 3.548268 5.187353
v 3.079714 3.919488 5.185572
v 3.262934 3.721139 5.235192
v 3.055037 3.897365 5.233198
v 2.327993 3.966774 5.167460
v 2.775976 3.660176 5.182664
v 2.701971 3.935475 5.205187
v 2.651216 4.223757 5.174951
v 2.844099 4.056322 5.229006
v 2.626547 4.201640 5.222558
v 1.489527 4.385029 5.153654
v 2.194563 4.243233 5.190991
v 1.997610 4.149337 5.165194
v 2.398039 4.341017 5.213833
v 1.934835 4.643261 5.143648
v 1.906446 4.623293 5.191027
v 2.156111 4.481464 5.203006
v 0.891081 4.657740 5.147221
v 4.023985 2.855539 5.222265
v 3.714384 2.971793 5.203332
v 3.887053 2.739193 5.195556
v 3.911615 2.360221 5.152639
v 4.107462 1.980334 5.131136
v 4.337477 2.360392 5.196286
v 4.481478 2.081100 5.180473
v 4.049372 2.488718 5.184773
v 4.333136 2.354580 5.199112
v 4.183157 2.613658 5.212097
v 4.364542 1.404779 5.094507
v 4.657408 0.716123 5.049178
v 4.623030 1.789329 5.163041
v 3.552896 2.836980 5.063174
v 4.655363 1.265214 5.004250
v 4.648230 1.258007 5.055009
v 4.641104 1.250806 5.105747
v 3.577623 2.855595 5.176657
v 3.750139 2.622866 5.168854
v 2.979895 3.480658 5.179870
v 3.390760 3.078647 5.181938
v 4.437891 1.757975 5.031683
v 4.088758 1.968497 5.019012
v 3.904192 3.135546 5.127688
v 4.110826 1.985196 5.136028
v 4.422487 1.742409 5.141342
v 4.221949 2.169834 5.167560
v 1.411089 4.655835 5.067523
v 0.881231 4.651881 5.093058
v 1.403975 4.648646 5.118159
v 0.891554 4.659367 5.147447
v 1.396841 4.641435 5.168963
v 2.838942 4.051852 5.231900
v 3.518816 3.570401 5.139708
v 3.851164 3.088010 5.230008
v 3.527422 3.194764 5.208594
v 3.469439 3.526138 5.234988
v 4.651979 1.274721 5.000749
v 4.344767 1.395391 4.982544
v 4.669950 1.834696 5.063781
v 4.531107 2.120919 5.080871
v 4.616964 1.787144 5.166106
v 4.478483 2.072624 5.183152
v 4.366571 1.412680 5.099597
v 4.635916 1.260640 5.110505
v 2.209967 4.258801 5.081330
v 2.201223 4.526038 5.103746
v 2.753752 3.643777 5.065666
v 2.717375 3.951045 5.095526
v 2.560888 3.815692 5.173661
v 2.147593 4.478856 5.206099
v 1.822287 4.432706 5.182204
v 2.961782 3.467661 5.067678
v 2.542818 3.802729 5.061480
v 3.327558 3.405503 5.211199
v 3.190809 3.289314 5.184528
v 3.890978 2.344992 5.043958
v 3.915617 2.363802 5.157452
v 1.837690 4.448274 5.072545
v 1.956778 4.664874 5.092225
v 1.474638 4.370615 5.041386
v 1.419989 4.652370 5.063508
v 1.497610 4.386646 5.158358
v 1.405722 4.636247 5.173193
v 0.908632 4.655072 5.151903
v 1.903673 4.617390 5.194634
v 4.648760 0.708935 4.995058
v 4.638590 0.701329 4.940751
v 4.386003 2.402394 5.096802
v 4.658922 0.716536 5.049365
v 2.391676 4.337209 5.216809
v 3.718588 3.359582 5.137086
v 2.983999 3.484060 5.184675
v 2.621218 4.197249 5.225470
v 1.926485 4.645416 5.143247
v 1.951017 4.667283 5.095859
v 2.310072 3.953763 5.055280
v 1.992144 4.146524 5.160414
v 3.257811 3.716701 5.238078
v 3.464331 3.521712 5.237873
v 3.664106 3.310897 5.235252
v 3.727919 2.606466 5.051855
v 1.975130 4.133073 5.048207
v 0.870943 4.644410 5.038853
v 0.871691 4.643655 5.037369
v 0.869604 4.644264 5.038978
v 0.873907 4.643933 5.037365
v 0.874002 4.642841 5.036110
v 0.870382 4.643264 5.037344
v 0.869337 4.643239 5.038820
v 0.872503 4.642636 5.036418
v 0.880575 4.639741 5.035066
v 0.880865 4.641485 5.035243
v 0.883799 4.639884 5.034932
v 0.876909 4.640189 5.035803
v 0.876993 4.641490 5.035498
v 0.877394 4.642907 5.036096
v 0.873796 4.641690 5.035984
v 0.871428 4.642352 5.037211
v 0.873350 4.641164 5.037030
v 1.953028 4.667123 5.096051
v 1.952349 4.667647 5.094433
v 1.955347 4.666707 5.096148
v 1.954271 4.667376 5.094608
v 1.953913 4.667317 5.093242
v 1.956026 4.667130 5.094726
v 1.955400 4.667379 5.093476
v 1.959383 4.666131 5.094619
v 1.957628 4.666098 5.096133
v 1.958811 4.666293 5.093410
v 1.957678 4.666642 5.094696
v 1.957529 4.666934 5.093547
v 1.956629 4.666738 5.092939
v 1.957895 4.665852 5.092570
v 1.955465 4.666343 5.092467
v 4.637789 0.702280 4.939387
v 4.638071 0.704528 4.939506
v 4.638453 0.699989 4.940816
v 4.637403 0.700958 4.939288
v 4.636942 0.704799 4.938308
v 4.637022 0.708297 4.938504
v 4.636747 0.703232 4.938514
v 4.636770 0.700895 4.940504
v 4.636518 0.702054 4.939227
v 4.637468 0.699755 4.940683
v 4.635366 0.704053 4.939170
v 4.635809 0.704625 4.938171
v 4.635599 0.712061 4.937895
v 4.633875 0.711820 4.937691
v 4.634020 0.715247 4.937774
v 4.635599 0.707998 4.937896
v 4.634348 0.707890 4.938182
v 0.893145 4.658992 5.149055
v 0.895334 4.659132 5.149134
v 0.889662 4.658999 5.147586
v 0.891825 4.658713 5.148972
v 0.896276 4.658366 5.150266
v 0.899908 4.658232 5.150573
v 0.894548 4.658194 5.149842
v 0.892988 4.657827 5.148934
v 0.895014 4.656646 5.148880
v 0.896200 4.657317 5.150171
v 0.904577 4.656807 5.151546
v 0.904512 4.655201 5.151415
v 0.900057 4.657016 5.150905
v 0.899733 4.655751 5.150353
v 4.658640 0.718309 5.051118
v 4.658079 0.714980 5.049333
v 4.658766 0.720610 5.051337
v 4.658071 0.721650 5.052542
v 4.658377 0.716926 5.050952
v 4.657896 0.719814 5.051999
v 4.654970 0.730442 5.054207
v 4.656553 0.730530 5.054376
v 4.654837 0.734865 5.054981
v 4.655504 0.725327 5.052830
v 4.656755 0.725686 5.053424
v 4.657934 0.725524 5.053097
v 4.657045 0.721566 5.052429
v 4.657515 0.718159 5.050989
v 4.656363 0.720300 5.051066
v 1.933050 4.644077 5.143563
v 1.929281 4.643761 5.146965
v 1.930838 4.644773 5.143456
v 1.928534 4.645243 5.143345
v 3.518476 3.570189 5.136064
v 3.718248 3.359373 5.133443
v 3.519144 3.570740 5.137036
v 3.718920 3.359923 5.134412
v 3.519262 3.570814 5.138315
v 3.719038 3.359996 5.135690
v 3.311960 3.765183 5.136272
v 3.312632 3.765736 5.137243
v 3.312754 3.765811 5.138521
v 3.367338 3.061219 5.065009
v 3.554205 2.838169 5.059729
v 3.366442 3.060438 5.065703
v 3.553305 2.837388 5.060423
v 3.365980 3.060020 5.066911
v 3.726713 2.605437 5.051925
v 3.725813 2.604651 5.052617
v 3.552847 2.836968 5.061631
v 4.078131 2.904017 5.120457
v 3.905310 3.136487 5.128199
v 4.078798 2.904567 5.121429
v 3.905973 3.137034 5.129170
v 4.078917 2.904640 5.122710
v 3.906095 3.137107 5.130450
v 3.167387 3.271888 5.067599
v 2.960573 3.466628 5.067746
v 3.166487 3.271103 5.068290
v 2.959669 3.465839 5.068437
v 3.166025 3.270683 5.069500
v 2.959208 3.465418 5.069648
v 2.752539 3.642736 5.065734
v 2.541594 3.801683 5.061547
v 2.751627 3.641944 5.066425
v 2.540678 3.800885 5.062237
v 2.751162 3.641520 5.067632
v 2.540205 3.800456 5.063445
v 3.104052 3.941400 5.134281
v 3.104727 3.941954 5.135253
v 3.104853 3.942034 5.136534
v 2.893103 4.100343 5.130094
v 2.893782 4.100904 5.131067
v 2.893911 4.100985 5.132350
v 2.675459 4.245697 5.123660
v 2.676184 4.246238 5.124633
v 2.676340 4.246304 5.125915
v 2.446436 4.385355 5.114973
v 2.447428 4.385743 5.115933
v 2.447763 4.385709 5.117207
v 2.308790 3.952736 5.055348
v 1.973501 4.132214 5.048285
v 2.307825 3.951955 5.056039
v 1.972242 4.131575 5.048987
v 2.307322 3.951537 5.057247
v 1.971540 4.131252 5.050204
v 1.416761 4.653878 5.063759
v 1.413938 4.655068 5.064610
v 1.411947 4.655755 5.065932
v 2.203402 4.526410 5.104212
v 2.204969 4.526476 5.105145
v 2.205690 4.526225 5.106401
v 1.472197 4.370125 5.041488
v 1.470247 4.369798 5.042210
v 1.469088 4.369684 5.043441
v 3.892240 2.346277 5.040519
v 3.891367 2.345445 5.041209
v 3.725355 2.604234 5.053828
v 4.087778 1.967019 5.019056
v 4.087065 1.965855 5.019727
v 3.890924 2.344993 5.042416
v 4.386885 2.403757 5.097338
v 4.237249 2.662229 5.110296
v 4.387350 2.404663 5.098333
v 4.237894 2.662825 5.111271
v 4.387335 2.404972 5.099632
v 4.237993 2.662928 5.112556
v 4.653448 1.271260 5.000840
v 4.654608 1.268238 5.001539
v 4.655279 1.266116 5.002735
v 4.671442 1.834768 5.064240
v 4.672422 1.834576 5.065171
v 4.672750 1.834152 5.066433
v 4.344194 1.392978 4.982528
v 4.343828 1.391018 4.983146
v 4.086729 1.965183 5.020921
v 4.343729 1.389816 4.984308
v 4.531565 2.123115 5.081455
v 4.531671 2.124728 5.082492
v 4.531412 2.125506 5.083822
v 3.668264 3.314483 5.233667
v 3.468492 3.525299 5.236291
v 3.666960 3.313347 5.234670
v 3.467184 3.524163 5.237294
v 3.665503 3.312088 5.235226
v 3.465727 3.522902 5.237851
v 3.261980 3.720298 5.236493
v 3.260675 3.719159 5.237499
v 3.259211 3.717896 5.238056
v 3.574087 2.852646 5.173497
v 3.387224 3.075698 5.178777
v 3.575060 2.853442 5.174986
v 3.388197 3.076494 5.180266
v 3.576300 2.854478 5.176096
v 3.389437 3.077530 5.181376
v 3.746595 2.619910 5.165692
v 3.747568 2.620707 5.167180
v 3.748816 2.621745 5.168290
v 3.855322 3.091596 5.228424
v 4.028147 2.859129 5.220680
v 3.854017 3.090461 5.229430
v 4.026842 2.857993 5.221686
v 3.852560 3.089201 5.229985
v 4.025381 2.856732 5.222242
v 2.980448 3.481095 5.181512
v 3.187269 3.286359 5.181364
v 2.981424 3.481895 5.183000
v 3.188242 3.287157 5.182853
v 2.982672 3.482937 5.184112
v 3.189486 3.288195 5.183964
v 2.561445 3.816132 5.175304
v 2.772406 3.657197 5.179494
v 2.562429 3.816941 5.176797
v 2.773382 3.658000 5.180983
v 2.563692 3.817994 5.177912
v 2.774637 3.659045 5.182098
v 3.054083 3.896522 5.234502
v 3.052771 3.895381 5.235510
v 3.051302 3.894114 5.236067
v 2.843145 4.055476 5.230312
v 2.841829 4.054330 5.231321
v 2.840353 4.053058 5.231879
v 2.625574 4.200801 5.223869
v 2.624224 4.199672 5.224882
v 2.622690 4.198424 5.225445
v 2.396990 4.340218 5.215153
v 2.395411 4.339214 5.216182
v 2.393545 4.338157 5.216763
v 1.992800 4.146917 5.162056
v 2.328566 3.967211 5.169102
v 1.994070 4.147590 5.163541
v 2.329588 3.968003 5.170595
v 1.995760 4.148440 5.164643
v 2.330912 3.969033 5.171712
v 1.905664 4.622331 5.192407
v 1.399206 4.639678 5.171869
v 1.904860 4.620871 5.193576
v 1.402151 4.638056 5.172807
v 1.904161 4.619138 5.194358
v 1.397345 4.640863 5.170518
v 2.154890 4.480756 5.204339
v 2.152845 4.480011 5.205395
v 2.150282 4.479344 5.206013
v 1.490385 4.385330 5.155289
v 1.492224 4.385743 5.156759
v 1.494760 4.386205 5.157836
v 3.912161 2.360671 5.154279
v 3.913115 2.361512 5.155772
v 3.914328 2.362611 5.156884
v 4.107962 1.980882 5.132784
v 4.108774 1.981999 5.134291
v 4.109781 1.983516 5.135431
v 4.187227 2.617418 5.210520
v 4.336584 2.359446 5.197586
v 4.185945 2.616240 5.211525
v 4.335443 2.358010 5.198580
v 4.184515 2.614921 5.212077
v 4.334234 2.356301 5.199116
v 4.640532 1.251376 5.107363
v 4.639345 1.253445 5.108836
v 4.637724 1.256698 5.109939
v 4.622004 1.788658 5.164365
v 4.620489 1.788007 5.165410
v 4.618723 1.787474 5.166023
v 4.364939 1.405559 5.096172
v 4.365465 1.407336 5.097721
v 4.366037 1.409836 5.098924
v 4.480688 2.079948 5.181762
v 4.479837 2.077935 5.182725
v 4.479067 2.075362 5.183213
v 4.647730 0.707332 4.994778
v 0.879602 4.650806 5.092890
vt 0.280764 0.710399
vt 0.274747 0.722411
vt 0.280628 0.710427
vt 0.263214 0.727148
vt 0.274803 0.722504
vt 0.274871 0.722575
vt 0.256649 0.703306
vt 0.270257 0.701364
vt 0.256753 0.703403
vt 0.255731 0.716908
vt 0.255637 0.716935
vt 0.274885 0.722561
vt 0.280903 0.710370
vt 0.255642 0.716953
vt 0.263250 0.727025
vt 0.256855 0.703498
vt 0.263285 0.726903
vt 0.274729 0.722428
vt 0.255834 0.716877
vt 0.270307 0.701269
vt 0.270280 0.701370
vt 0.270249 0.701483
vt 0.255841 0.716901
vt 0.270304 0.701261
vt 0.270313 0.701262
vt 0.270302 0.701268
vt 0.270299 0.701261
vt 0.270306 0.701254
vt 0.270318 0.701250
vt 0.270301 0.701256
vt 0.270289 0.701264
vt 0.270295 0.701259
vt 0.270294 0.701265
vt 0.270288 0.701254
vt 0.270298 0.701251
vt 0.270298 0.701267
vt 0.270322 0.701232
vt 0.270296 0.701224
vt 0.270316 0.701204
vt 0.270305 0.701243
vt 0.270289 0.701242
vt 0.255635 0.716950
vt 0.255641 0.716948
vt 0.255635 0.716958
vt 0.255628 0.716951
vt 0.255635 0.716946
vt 0.255641 0.716944
vt 0.255630 0.716947
vt 0.255601 0.716942
vt 0.255608 0.716966
vt 0.255583 0.716959
vt 0.255617 0.716936
vt 0.255618 0.716950
vt 0.255624 0.716963
vt 0.255626 0.716944
vt 0.255633 0.716941
vt 0.255629 0.716935
vt 0.255639 0.716940
vt 0.274884 0.722570
vt 0.274880 0.722565
vt 0.274891 0.722566
vt 0.274889 0.722575
vt 0.274881 0.722571
vt 0.274877 0.722567
vt 0.274884 0.722575
vt 0.274896 0.722600
vt 0.274909 0.722588
vt 0.274918 0.722610
vt 0.274883 0.722590
vt 0.274892 0.722583
vt 0.274899 0.722575
vt 0.274884 0.722579
vt 0.274879 0.722575
vt 0.274875 0.722581
vt 0.274874 0.722570
vt 0.274737 0.722412
vt 0.274740 0.722405
vt 0.274743 0.722417
vt 0.274735 0.722416
vt 0.274732 0.722408
vt 0.274732 0.722399
vt 0.274732 0.722412
vt 0.274731 0.722417
vt 0.274735 0.722424
vt 0.274724 0.722420
vt 0.274727 0.722412
vt 0.274740 0.722421
vt 0.274721 0.722392
vt 0.274713 0.722400
vt 0.274707 0.722386
vt 0.274725 0.722405
vt 0.274719 0.722411
vt 0.270238 0.701487
vt 0.270242 0.701480
vt 0.270245 0.701493
vt 0.270235 0.701494
vt 0.270234 0.701485
vt 0.270236 0.701478
vt 0.270233 0.701490
vt 0.270221 0.701511
vt 0.270232 0.701514
vt 0.270222 0.701526
vt 0.270221 0.701497
vt 0.270230 0.701501
vt 0.270239 0.701503
vt 0.270229 0.701492
vt 0.270223 0.701476
vt 0.270230 0.701485
vt 0.270222 0.701486
vt 0.270231 0.701477
vt 0.255844 0.716891
vt 0.255849 0.716897
vt 0.255837 0.716894
vt 0.255842 0.716888
vt 0.255851 0.716888
vt 0.255859 0.716892
vt 0.255847 0.716886
vt 0.255842 0.716883
vt 0.255834 0.716884
vt 0.255843 0.716876
vt 0.255849 0.716882
vt 0.255835 0.716890
vt 0.255869 0.716885
vt 0.255866 0.716875
vt 0.255881 0.716876
vt 0.255857 0.716883
vt 0.255854 0.716875
vt 0.280920 0.710366
vt 0.280937 0.710362
vt 0.280955 0.710359
vt 0.280972 0.710355
vt 0.263210 0.727163
vt 0.263205 0.727179
vt 0.263201 0.727194
vt 0.263196 0.727210
vt 0.256610 0.703269
vt 0.256623 0.703282
vt 0.256636 0.703294
vt 0.256597 0.703257
vt 0.280577 0.710438
vt 0.280594 0.710435
vt 0.280611 0.710431
vt 0.280560 0.710442
vt 0.263298 0.726858
vt 0.263294 0.726873
vt 0.263289 0.726888
vt 0.263303 0.726843
vt 0.256868 0.703510
vt 0.256880 0.703522
vt 0.256893 0.703534
vt 0.256906 0.703546
vt 0.274808 0.722500
vt 0.274811 0.722497
vt 0.274815 0.722494
vt 0.274819 0.722490
vt 0.270264 0.701366
vt 0.270269 0.701367
vt 0.270274 0.701368
vt 0.255734 0.716918
vt 0.255735 0.716923
vt 0.255733 0.716913
vt 0.255737 0.716928
vt 0.283989 0.811460
vt 0.283910 0.837813
vt 0.283222 0.837799
vt 0.315896 0.856927
vt 0.335060 0.848494
vt 0.316816 0.859963
vt 0.300117 0.802240
vt 0.327390 0.817359
vt 0.326998 0.818172
vt 0.288295 0.866780
vt 0.284567 0.863756
vt 0.288627 0.866186
vt 0.287154 0.802412
vt 0.300052 0.802436
vt 0.299099 0.806393
vt 0.360151 0.838434
vt 0.359845 0.838851
vt 0.276541 0.887153
vt 0.285267 0.884185
vt 0.276687 0.887936
vt 0.300535 0.801463
vt 0.285887 0.792055
vt 0.301000 0.800599
vt 0.317857 0.863210
vt 0.340424 0.832356
vt 0.326832 0.818251
vt 0.360069 0.838558
vt 0.282045 0.810846
vt 0.276440 0.837845
vt 0.277623 0.789458
vt 0.334583 0.854482
vt 0.346973 0.848324
vt 0.331254 0.857561
vt 0.284996 0.793630
vt 0.277659 0.789396
vt 0.285415 0.792889
vt 0.286788 0.873499
vt 0.276631 0.886819
vt 0.281624 0.865012
vt 0.360564 0.837833
vt 0.277900 0.788753
vt 0.316289 0.819303
vt 0.320857 0.818656
vt 0.288368 0.808490
vt 0.284716 0.811571
vt 0.284267 0.811075
vt 0.276226 0.837857
vt 0.277481 0.789467
vt 0.277976 0.789515
vt 0.293156 0.806218
vt 0.315780 0.819849
vt 0.293013 0.806854
vt 0.315865 0.856856
vt 0.337764 0.843005
vt 0.338232 0.843432
vt 0.338795 0.838165
vt 0.338110 0.833423
vt 0.338752 0.833293
vt 0.276464 0.886569
vt 0.284941 0.883237
vt 0.317620 0.863508
vt 0.315586 0.865673
vt 0.288399 0.808460
vt 0.316131 0.819270
vt 0.338072 0.833275
vt 0.276881 0.886866
vt 0.275372 0.837915
vt 0.285083 0.793847
vt 0.284032 0.864126
vt 0.283410 0.864337
vt 0.292934 0.869692
vt 0.315519 0.856267
vt 0.297696 0.874852
vt 0.297265 0.876112
vt 0.343748 0.840665
vt 0.337791 0.851306
vt 0.292606 0.870016
vt 0.287977 0.867423
vt 0.292445 0.869662
vt 0.292637 0.869012
vt 0.284648 0.882390
vt 0.338439 0.843012
vt 0.338128 0.838148
vt 0.280147 0.837808
vt 0.297759 0.874600
vt 0.284739 0.882106
vt 0.296781 0.877516
vt 0.276335 0.887064
vt 0.274417 0.837980
vt 0.297804 0.870120
vt 0.337554 0.851701
vt 0.349114 0.845823
vt 0.313318 0.868090
vt 0.338802 0.838201
vt 0.292666 0.806250
vt 0.288706 0.809081
vt 0.351078 0.843495
vt 0.351032 0.843621
vt 0.360120 0.838674
vt 0.327825 0.816456
vt 0.360511 0.839310
vt 0.284611 0.863939
vt 0.285131 0.812049
vt 0.292860 0.806892
vt 0.289041 0.809666
vt 0.337505 0.833531
vt 0.337336 0.842602
vt 0.292794 0.869049
vt 0.315174 0.855678
vt 0.292827 0.805904
vt 0.338984 0.833026
vt 0.287959 0.867381
vt 0.284146 0.864235
vt 0.315429 0.820427
vt 0.292872 0.807444
vt 0.337636 0.833675
vt 0.337806 0.842859
vt 0.337468 0.838132
vt 0.283292 0.864788
vt 0.276796 0.789417
vt 0.338637 0.843251
vt 0.292825 0.868404
vt 0.283120 0.837779
vt 0.283894 0.811035
vt 0.284601 0.811678
vt 0.284597 0.837825
vt 0.283957 0.811334
vt 0.284074 0.811356
vt 0.283936 0.811217
vt 0.284024 0.811266
vt 0.284149 0.811251
vt 0.284029 0.811180
vt 0.284074 0.811205
vt 0.283943 0.811081
vt 0.283917 0.811117
vt 0.284026 0.811111
vt 0.283968 0.811135
vt 0.284029 0.811147
vt 0.283991 0.811192
vt 0.284214 0.811156
vt 0.284140 0.811109
vt 0.284105 0.811155
vt 0.283561 0.864705
vt 0.283638 0.864653
vt 0.283694 0.864736
vt 0.283441 0.864705
vt 0.283524 0.864656
vt 0.283571 0.864555
vt 0.283443 0.864668
vt 0.283491 0.864605
vt 0.283322 0.864700
vt 0.283349 0.864739
vt 0.283347 0.864592
vt 0.283378 0.864681
vt 0.283403 0.864619
vt 0.283494 0.864446
vt 0.283373 0.864468
vt 0.283439 0.864541
vt 0.283444 0.864631
vt 0.338684 0.832911
vt 0.338597 0.832970
vt 0.338547 0.832853
vt 0.338807 0.832966
vt 0.338714 0.832986
vt 0.338650 0.833088
vt 0.338788 0.833044
vt 0.338738 0.833057
vt 0.338914 0.833049
vt 0.338908 0.833005
vt 0.338849 0.833104
vt 0.338861 0.833031
vt 0.338818 0.833069
vt 0.338801 0.833010
vt 0.338702 0.833198
vt 0.338795 0.833190
vt 0.338768 0.833122
vt 0.277870 0.789643
vt 0.277838 0.789483
vt 0.277759 0.789735
vt 0.277762 0.789576
vt 0.277740 0.789461
vt 0.277664 0.789587
vt 0.277685 0.789537
vt 0.277517 0.789711
vt 0.277635 0.789804
vt 0.277484 0.789852
vt 0.277548 0.789605
vt 0.277619 0.789677
vt 0.277694 0.789637
vt 0.277634 0.789527
vt 0.277584 0.789524
vt 0.277671 0.789452
vt 0.277617 0.789591
vt 0.359886 0.838656
vt 0.359967 0.838751
vt 0.359765 0.838687
vt 0.359857 0.838556
vt 0.359957 0.838612
vt 0.360031 0.838674
vt 0.359918 0.838565
vt 0.359829 0.838222
vt 0.359873 0.838459
vt 0.359763 0.838386
vt 0.359990 0.838441
vt 0.359926 0.838343
vt 0.359743 0.838537
vt 0.360062 0.838614
vt 0.360034 0.838517
vt 0.359997 0.838569
vt 0.359939 0.838514
vt 0.276608 0.886599
vt 0.276519 0.886687
vt 0.276719 0.886654
vt 0.276614 0.886699
vt 0.276626 0.886760
vt 0.276570 0.886764
vt 0.276664 0.886767
vt 0.276733 0.886786
vt 0.276809 0.886738
vt 0.276757 0.886873
vt 0.276680 0.886805
vt 0.276683 0.886726
vt 0.276609 0.886808
vt 0.276649 0.886846
vt 0.276642 0.886809
vt 0.276686 0.886865
vt 0.338472 0.843108
vt 0.338387 0.843099
vt 0.338517 0.843186
vt 0.338444 0.843171
vt 0.338334 0.843203
vt 0.338460 0.843243
vt 0.338415 0.843232
vt 0.338570 0.843277
vt 0.338574 0.843234
vt 0.338477 0.843319
vt 0.338526 0.843254
vt 0.338471 0.843276
vt 0.338488 0.843219
vt 0.338281 0.843316
vt 0.338362 0.843375
vt 0.338391 0.843301
vt 0.292550 0.869666
vt 0.292530 0.869757
vt 0.292671 0.869674
vt 0.292598 0.869765
vt 0.292589 0.869854
vt 0.292665 0.869768
vt 0.292627 0.869839
vt 0.292833 0.869790
vt 0.292803 0.869682
vt 0.292737 0.869877
vt 0.292744 0.869779
vt 0.292660 0.869821
vt 0.292614 0.869944
vt 0.292659 0.869952
vt 0.292649 0.869897
vt 0.292690 0.869849
vt 0.293025 0.806230
vt 0.293053 0.806122
vt 0.292893 0.806238
vt 0.292965 0.806134
vt 0.292956 0.806038
vt 0.292882 0.806092
vt 0.292911 0.806065
vt 0.292752 0.806156
vt 0.292772 0.806246
vt 0.292812 0.806060
vt 0.292820 0.806148
vt 0.292849 0.806075
vt 0.292886 0.806145
vt 0.292879 0.805966
vt 0.292836 0.805973
vt 0.292870 0.806018
vt 0.292931 0.807426
vt 0.292928 0.807474
vt 0.292980 0.807424
vt 0.292961 0.807457
vt 0.292973 0.807489
vt 0.292991 0.807453
vt 0.292988 0.807473
vt 0.293055 0.807460
vt 0.293016 0.807459
vt 0.293021 0.807436
vt 0.293037 0.807471
vt 0.293015 0.807471
vt 0.292998 0.807467
vt 0.293013 0.807495
vt 0.293035 0.807481
vt 0.293051 0.807489
vt 0.293013 0.807480
vt 0.293030 0.807477
vt 0.337584 0.833636
vt 0.337629 0.833611
vt 0.337547 0.833602
vt 0.337585 0.833596
vt 0.337611 0.833563
vt 0.337557 0.833579
vt 0.337577 0.833565
vt 0.337523 0.833538
vt 0.337522 0.833568
vt 0.337532 0.833536
vt 0.337538 0.833558
vt 0.337547 0.833550
vt 0.337547 0.833501
vt 0.337560 0.833542
vt 0.337539 0.833524
vt 0.337583 0.833526
vt 0.337559 0.833564
vt 0.292809 0.868409
vt 0.292789 0.868398
vt 0.292805 0.868410
vt 0.292790 0.868411
vt 0.292752 0.868404
vt 0.292792 0.868417
vt 0.292767 0.868417
vt 0.292835 0.868421
vt 0.292796 0.868428
vt 0.292814 0.868413
vt 0.292803 0.868449
vt 0.292771 0.868436
vt 0.292777 0.868423
vt 0.292709 0.868420
vt 0.292715 0.868466
vt 0.292655 0.868451
vt 0.292742 0.868434
vt 0.292763 0.868464
vt 0.284589 0.863784
vt 0.284570 0.863768
vt 0.284602 0.863821
vt 0.284575 0.863787
vt 0.284568 0.863768
vt 0.284580 0.863813
vt 0.284566 0.863786
vt 0.284561 0.863890
vt 0.284610 0.863871
vt 0.284533 0.863841
vt 0.284577 0.863845
vt 0.284558 0.863817
vt 0.284531 0.863740
vt 0.284552 0.863787
vt 0.284523 0.863791
vt 0.284556 0.863757
vt 0.284568 0.863804
vt 0.285168 0.811936
vt 0.285120 0.811915
vt 0.285171 0.811870
vt 0.285161 0.811984
vt 0.285134 0.811960
vt 0.285089 0.811962
vt 0.285138 0.811993
vt 0.285114 0.811988
vt 0.285130 0.812039
vt 0.285150 0.812021
vt 0.285124 0.812040
vt 0.285134 0.812019
vt 0.285122 0.812020
vt 0.285078 0.812063
vt 0.285105 0.812018
vt 0.285108 0.812049
vt 0.285075 0.812011
vt 0.285124 0.812001
vt 0.337223 0.842699
vt 0.337219 0.842729
vt 0.337205 0.842730
vt 0.337250 0.842671
vt 0.337237 0.842713
vt 0.337227 0.842738
vt 0.337258 0.842695
vt 0.337246 0.842725
vt 0.337331 0.842665
vt 0.337285 0.842639
vt 0.337313 0.842714
vt 0.337287 0.842679
vt 0.337278 0.842711
vt 0.337249 0.842784
vt 0.337260 0.842736
vt 0.337286 0.842754
vt 0.337236 0.842755
vt 0.337260 0.842711
vt 0.300099 0.802277
vt 0.326929 0.818222
vt 0.300086 0.802312
vt 0.326883 0.818238
vt 0.300068 0.802374
vt 0.326968 0.818200
vt 0.284658 0.882328
vt 0.297716 0.874788
vt 0.284679 0.882259
vt 0.297738 0.874722
vt 0.284708 0.882184
vt 0.297754 0.874658
vt 0.276280 0.837854
vt 0.276333 0.837851
vt 0.276387 0.837848
vt 0.277528 0.789448
vt 0.277571 0.789432
vt 0.277613 0.789415
vt 0.277058 0.789224
vt 0.277329 0.789052
vt 0.277607 0.788894
vt 0.276487 0.887131
vt 0.276437 0.887110
vt 0.276388 0.887089
vt 0.276388 0.887825
vt 0.276102 0.887697
vt 0.275843 0.887494
vt 0.360143 0.838495
vt 0.360134 0.838553
vt 0.360128 0.838610
vt 0.360582 0.838205
vt 0.360577 0.838572
vt 0.360555 0.838940
vt 0.316236 0.819286
vt 0.316189 0.819274
vt 0.316153 0.819268
vt 0.287967 0.867414
vt 0.287960 0.867404
vt 0.287958 0.867393
vt 0.283150 0.837784
vt 0.283178 0.837789
vt 0.283201 0.837794
vt 0.351093 0.843562
vt 0.351127 0.843519
vt 0.351124 0.843495
vt 0.337670 0.851571
vt 0.337759 0.851455
vt 0.337803 0.851365
vt 0.317714 0.863416
vt 0.317794 0.863330
vt 0.317845 0.863259
vt 0.338800 0.838186
vt 0.338798 0.838174
vt 0.338797 0.838166
vt 0.315891 0.856907
vt 0.315885 0.856889
vt 0.315876 0.856871
vt 0.285005 0.793683
vt 0.285023 0.793738
vt 0.285050 0.793792
vt 0.288386 0.808466
vt 0.288376 0.808473
vt 0.288370 0.808481
vt 0.315410 0.820441
vt 0.315391 0.820456
vt 0.315372 0.820470
vt 0.315353 0.820484
vt 0.288641 0.866155
vt 0.288655 0.866123
vt 0.288669 0.866092
vt 0.288683 0.866060
vt 0.284626 0.837831
vt 0.284656 0.837837
vt 0.284685 0.837843
vt 0.284714 0.837848
vt 0.337445 0.838134
vt 0.337422 0.838136
vt 0.337399 0.838139
vt 0.337376 0.838142
vt 0.315157 0.855656
vt 0.315139 0.855634
vt 0.315122 0.855612
vt 0.315105 0.855590
vt 0.289052 0.809695
vt 0.289063 0.809723
vt 0.289074 0.809752
vt 0.289085 0.809781
vt 0.292674 0.869020
vt 0.292715 0.869030
vt 0.292756 0.869039
vt 0.337796 0.842894
vt 0.337785 0.842932
vt 0.337773 0.842970
vt 0.338101 0.833388
vt 0.338091 0.833349
vt 0.338080 0.833311
vt 0.292896 0.806883
vt 0.292937 0.806873
vt 0.292977 0.806864
vt 0.284629 0.811653
vt 0.284659 0.811624
vt 0.284688 0.811596
vt 0.284060 0.864151
vt 0.284090 0.864180
vt 0.284119 0.864209
vt 0.275593 0.887272
vt 0.024689 0.243520
vt 0.022089 0.239058
vt 0.025522 0.239321
vt 0.314703 0.122046
vt 0.311195 0.134322
vt 0.312211 0.121843
vt 0.022742 0.234777
vt 0.019737 0.230086
vt 0.023202 0.230447
vt 0.283990 0.157528
vt 0.284306 0.169694
vt 0.281854 0.169389
vt 0.023520 0.221865
vt 0.026821 0.218292
vt 0.026929 0.222312
vt 0.315292 0.109576
vt 0.312797 0.109391
vt 0.288969 0.106791
vt 0.291465 0.093316
vt 0.291432 0.106946
vt 0.287341 0.132371
vt 0.288303 0.145365
vt 0.285846 0.145112
vt 0.026871 0.226510
vt 0.026627 0.230802
vt 0.020000 0.225696
vt 0.023454 0.226109
vt 0.281859 0.181146
vt 0.279411 0.180810
vt 0.303084 0.192695
vt 0.303380 0.181466
vt 0.305863 0.181770
vt 0.308286 0.170643
vt 0.307915 0.158824
vt 0.310404 0.159088
vt 0.278862 0.192968
vt 0.276428 0.192604
vt 0.274378 0.208392
vt 0.271970 0.208030
vt 0.296135 0.214900
vt 0.297378 0.203311
vt 0.299868 0.203670
vt 0.023419 0.217798
vt 0.026544 0.214407
vt 0.268065 0.229920
vt 0.265673 0.229614
vt 0.261491 0.255166
vt 0.259097 0.254903
vt 0.291918 0.226386
vt 0.293633 0.214502
vt 0.022674 0.209888
vt 0.025455 0.206698
vt 0.026093 0.210577
vt 0.315482 0.097096
vt 0.312983 0.096926
vt 0.315290 0.084214
vt 0.312777 0.084050
vt 0.287895 0.074326
vt 0.287783 0.046477
vt 0.290371 0.074377
vt 0.019274 0.234469
vt 0.314736 0.070523
vt 0.312203 0.070367
vt 0.313950 0.056491
vt 0.311473 0.056214
vt 0.285311 0.046453
vt 0.284298 0.013465
vt 0.019763 0.248642
vt 0.017682 0.243344
vt 0.021199 0.243427
vt 0.308712 0.134100
vt 0.309723 0.121641
vt 0.297229 0.158316
vt 0.302989 0.170064
vt 0.295109 0.170027
vt 0.286445 0.157806
vt 0.286763 0.169999
vt 0.284647 0.181492
vt 0.289775 0.192657
vt 0.281636 0.193332
vt 0.310306 0.109207
vt 0.310485 0.096757
vt 0.289798 0.132595
vt 0.293306 0.119952
vt 0.292258 0.132819
vt 0.290763 0.145618
vt 0.290842 0.119758
vt 0.293901 0.107101
vt 0.309738 0.146737
vt 0.305800 0.170360
vt 0.305430 0.158561
vt 0.303320 0.170078
vt 0.281299 0.193335
vt 0.287098 0.170013
vt 0.292679 0.181305
vt 0.300599 0.192365
vt 0.300901 0.181162
vt 0.298120 0.192033
vt 0.270449 0.230226
vt 0.285857 0.205805
vt 0.277129 0.208698
vt 0.294894 0.202949
vt 0.289491 0.225792
vt 0.291158 0.214102
vt 0.263885 0.255429
vt 0.309978 0.109170
vt 0.301579 0.120804
vt 0.302168 0.108165
vt 0.293941 0.093418
vt 0.292850 0.074428
vt 0.310265 0.083891
vt 0.309686 0.070212
vt 0.302276 0.095107
vt 0.309934 0.083775
vt 0.310157 0.096707
vt 0.290260 0.046502
vt 0.286774 0.013498
vt 0.308957 0.055929
vt 0.288382 0.119566
vt 0.310543 0.031937
vt 0.308278 0.032171
vt 0.306013 0.032408
vt 0.293638 0.119983
vt 0.294232 0.107137
vt 0.288903 0.158084
vt 0.292589 0.132846
vt 0.017559 0.255313
vt 0.015885 0.249477
vt 0.026171 0.235086
vt 0.293185 0.074545
vt 0.300021 0.058393
vt 0.301596 0.079204
vt 0.279479 0.243026
vt 0.265484 0.257419
vt 0.277661 0.241747
vt 0.264067 0.255504
vt 0.275842 0.240465
vt 0.300568 0.181152
vt 0.312228 0.146981
vt 0.309395 0.121610
vt 0.300550 0.133464
vt 0.307252 0.146493
vt 0.014994 0.262694
vt 0.012832 0.258269
vt 0.020889 0.256851
vt 0.022315 0.252340
vt 0.308633 0.055983
vt 0.309347 0.069961
vt 0.290608 0.046767
vt 0.297881 0.035055
vt 0.021876 0.205255
vt 0.024619 0.202678
vt 0.019980 0.217289
vt 0.023148 0.213865
vt 0.284311 0.181483
vt 0.290762 0.214278
vt 0.280639 0.222044
vt 0.020076 0.221404
vt 0.019711 0.213308
vt 0.299070 0.146054
vt 0.291095 0.145640
vt 0.288997 0.093215
vt 0.294273 0.093467
vt 0.020681 0.199509
vt 0.023689 0.198737
vt 0.016751 0.196468
vt 0.019384 0.193377
vt 0.270824 0.230033
vt 0.275893 0.239930
vt 0.264399 0.254669
vt 0.286840 0.225071
vt 0.304852 0.008036
vt 0.307123 0.007129
vt 0.023629 0.247821
vt 0.302577 0.008960
vt 0.294541 0.203003
vt 0.313686 0.134545
vt 0.289236 0.158102
vt 0.297783 0.192035
vt 0.019216 0.209183
vt 0.276782 0.208758
vt 0.287118 0.225207
vt 0.305100 0.158543
vt 0.306923 0.146471
vt 0.308383 0.134073
vt 0.018615 0.238799
vt 0.018276 0.203814
vt 0.015110 0.188075
vt 0.015103 0.188116
vt 0.015078 0.188058
vt 0.015134 0.188141
vt 0.015116 0.188160
vt 0.015080 0.188107
vt 0.015057 0.188057
vt 0.015098 0.188144
vt 0.015139 0.188261
vt 0.015160 0.188250
vt 0.015167 0.188296
vt 0.015112 0.188216
vt 0.015127 0.188207
vt 0.015148 0.188197
vt 0.015101 0.188169
vt 0.015050 0.188110
vt 0.015078 0.188131
vt 0.015083 0.188169
vt 0.307201 0.007151
vt 0.307216 0.007250
vt 0.009048 0.268621
vt 0.009066 0.268598
vt 0.009086 0.268595
vt 0.009119 0.268578
vt 0.009107 0.268555
vt 0.009149 0.268522
vt 0.009087 0.268569
vt 0.009048 0.268593
vt 0.009068 0.268578
vt 0.009044 0.268612
vt 0.009074 0.268544
vt 0.009094 0.268544
vt 0.009171 0.268463
vt 0.009150 0.268448
vt 0.009185 0.268413
vt 0.009129 0.268507
vt 0.009113 0.268495
vt 0.264082 0.255356
vt 0.264163 0.255275
vt 0.263938 0.255564
vt 0.264023 0.255400
vt 0.264152 0.255194
vt 0.264254 0.255061
vt 0.264095 0.255260
vt 0.264014 0.255323
vt 0.263907 0.255524
vt 0.264023 0.255201
vt 0.264112 0.255170
vt 0.264340 0.254852
vt 0.264286 0.254815
vt 0.264218 0.255020
vt 0.264158 0.255000
vt 0.302521 0.009054
vt 0.302560 0.008903
vt 0.008015 0.270020
vt 0.008001 0.270044
vt 0.008003 0.269986
vt 0.008007 0.269930
vt 0.007994 0.269965
vt 0.007994 0.270014
vt 0.287083 0.014106
vt 0.287147 0.014075
vt 0.287177 0.014282
vt 0.286978 0.013894
vt 0.287041 0.013880
vt 0.007998 0.270112
vt 0.008015 0.270104
vt 0.008016 0.270188
vt 0.286951 0.013716
vt 0.286992 0.013694
vt 0.286868 0.013574
vt 0.286872 0.013682
vt 0.286793 0.013413
vt 0.286871 0.013508
vt 0.286936 0.013630
vt 0.026894 0.226512
vt 0.026650 0.230804
vt 0.313863 0.134564
vt 0.312349 0.146997
vt 0.313807 0.134557
vt 0.312294 0.146988
vt 0.313751 0.134552
vt 0.026952 0.222315
vt 0.312404 0.147007
vt 0.310524 0.159107
vt 0.310469 0.159096
vt 0.019713 0.230084
vt 0.019250 0.234467
vt 0.019693 0.230082
vt 0.019230 0.234465
vt 0.019672 0.230080
vt 0.019186 0.234459
vt 0.019649 0.230078
vt 0.018591 0.238797
vt 0.018571 0.238795
vt 0.019209 0.234462
vt 0.018528 0.238788
vt 0.025545 0.239322
vt 0.314881 0.122056
vt 0.315414 0.109580
vt 0.315470 0.109577
vt 0.314825 0.122054
vt 0.315358 0.109580
vt 0.026194 0.235088
vt 0.314769 0.122051
vt 0.019977 0.225694
vt 0.020052 0.221401
vt 0.019956 0.225692
vt 0.020031 0.221399
vt 0.019935 0.225690
vt 0.020011 0.221398
vt 0.019987 0.221399
vt 0.019912 0.225690
vt 0.019956 0.217286
vt 0.019687 0.213304
vt 0.019936 0.217283
vt 0.019666 0.213302
vt 0.019915 0.217283
vt 0.019645 0.213302
vt 0.019622 0.213306
vt 0.019892 0.217285
vt 0.026843 0.218295
vt 0.310578 0.159122
vt 0.308405 0.170666
vt 0.308351 0.170653
vt 0.026567 0.214410
vt 0.308459 0.170686
vt 0.305982 0.181797
vt 0.305929 0.181781
vt 0.026116 0.210582
vt 0.306035 0.181821
vt 0.303203 0.192729
vt 0.303150 0.192708
vt 0.025479 0.206708
vt 0.303252 0.192758
vt 0.299982 0.203719
vt 0.299933 0.203687
vt 0.019192 0.209179
vt 0.018252 0.203804
vt 0.019171 0.209176
vt 0.018230 0.203797
vt 0.019151 0.209176
vt 0.018210 0.203795
vt 0.018187 0.203799
vt 0.019128 0.209181
vt 0.023707 0.198723
vt 0.019371 0.193325
vt 0.023721 0.198708
vt 0.019363 0.193278
vt 0.023733 0.198691
vt 0.279554 0.243042
vt 0.291986 0.226400
vt 0.019363 0.193242
vt 0.019374 0.193220
vt 0.024646 0.202701
vt 0.300026 0.203765
vt 0.296239 0.214982
vt 0.296197 0.214926
vt 0.296269 0.215063
vt 0.292049 0.226396
vt 0.016725 0.196445
vt 0.016702 0.196427
vt 0.016681 0.196418
vt 0.016658 0.196420
vt 0.017658 0.243343
vt 0.017637 0.243342
vt 0.018550 0.238792
vt 0.017594 0.243334
vt 0.015860 0.249483
vt 0.015837 0.249487
vt 0.017617 0.243339
vt 0.288929 0.093217
vt 0.023654 0.247815
vt 0.315660 0.097086
vt 0.315413 0.084195
vt 0.315468 0.084167
vt 0.315604 0.097095
vt 0.315357 0.084211
vt 0.024712 0.243521
vt 0.315548 0.097098
vt 0.014976 0.262746
vt 0.014963 0.262793
vt 0.307317 0.007396
vt 0.310617 0.031959
vt 0.020908 0.256866
vt 0.020921 0.256880
vt 0.310700 0.032035
vt 0.314017 0.056500
vt 0.012802 0.258289
vt 0.012776 0.258305
vt 0.015816 0.249486
vt 0.285244 0.046469
vt 0.287827 0.074332
vt 0.012752 0.258312
vt 0.281772 0.013598
vt 0.314910 0.070405
vt 0.314075 0.056510
vt 0.314131 0.056530
vt 0.314859 0.070470
vt 0.022343 0.252321
vt 0.314803 0.070512
vt 0.308634 0.134093
vt 0.307174 0.146486
vt 0.308548 0.134086
vt 0.307088 0.146480
vt 0.308462 0.134079
vt 0.307002 0.146475
vt 0.305352 0.158555
vt 0.305266 0.158550
vt 0.305179 0.158546
vt 0.293385 0.119958
vt 0.292337 0.132826
vt 0.293471 0.119966
vt 0.292423 0.132833
vt 0.293558 0.119975
vt 0.292509 0.132840
vt 0.293980 0.107107
vt 0.294066 0.107116
vt 0.294152 0.107127
vt 0.309646 0.121634
vt 0.310228 0.109200
vt 0.309560 0.121626
vt 0.310142 0.109191
vt 0.309474 0.121618
vt 0.310057 0.109180
vt 0.288982 0.158091
vt 0.290841 0.145625
vt 0.289068 0.158097
vt 0.290927 0.145631
vt 0.289155 0.158100
vt 0.291014 0.145636
vt 0.284390 0.181491
vt 0.286842 0.170006
vt 0.284477 0.181494
vt 0.286929 0.170010
vt 0.284565 0.181494
vt 0.287016 0.170012
vt 0.303242 0.170071
vt 0.303155 0.170067
vt 0.303068 0.170065
vt 0.300823 0.181155
vt 0.300736 0.181152
vt 0.300649 0.181151
vt 0.298041 0.192027
vt 0.297954 0.192026
vt 0.297865 0.192030
vt 0.294814 0.202946
vt 0.294723 0.202956
vt 0.294629 0.202977
vt 0.276861 0.208761
vt 0.281378 0.193342
vt 0.276950 0.208749
vt 0.281465 0.193343
vt 0.277042 0.208726
vt 0.281553 0.193339
vt 0.275806 0.240397
vt 0.287045 0.225185
vt 0.275810 0.240275
vt 0.286970 0.225153
vt 0.275843 0.240113
vt 0.286900 0.225114
vt 0.291074 0.214108
vt 0.290973 0.214144
vt 0.290866 0.214205
vt 0.270530 0.230218
vt 0.270625 0.230177
vt 0.270726 0.230111
vt 0.294020 0.093424
vt 0.294106 0.093436
vt 0.294192 0.093451
vt 0.292930 0.074439
vt 0.293017 0.074465
vt 0.293104 0.074502
vt 0.310407 0.096750
vt 0.310186 0.083878
vt 0.310321 0.096737
vt 0.310100 0.083852
vt 0.310235 0.096722
vt 0.310013 0.083816
vt 0.302537 0.009155
vt 0.010285 0.278143
vt 0.010269 0.278184
vt 0.297865 0.034862
vt 0.012612 0.286374
vt 0.010307 0.278125
vt 0.012584 0.286374
vt 0.012553 0.286375
vt 0.010258 0.278243
vt 0.308708 0.055958
vt 0.290340 0.046523
vt 0.290430 0.046581
vt 0.290522 0.046667
vt 0.309606 0.070189
vt 0.308877 0.055929
vt 0.309517 0.070133
vt 0.308792 0.055939
vt 0.309428 0.070053
vt 0.284295 0.013406
vt 0.286781 0.013438
vt 0.281832 0.013383
vt 0.008555 0.269228
vt 0.304845 0.007975
vt 0.013688 0.188034
vt 0.015049 0.188077
vt 0.015743 0.186649
vt 0.012326 0.187959
vt 0.013693 0.188002
vt 0.016433 0.185193
vt 0.015783 0.186654
vt 0.281825 0.013443
vt 0.266894 0.259343
vt 0.307108 0.007072
vt 0.263987 0.255550
vt 0.292111 0.226388
vt 0.305947 0.032452
vt 0.012522 0.286377
vt 0.012325 0.187926
vt 0.016469 0.185207
vt 0.213771 0.100178
vt 0.179987 0.133906
vt 0.178735 0.133547
vt 0.233452 0.034725
vt 0.139804 0.027773
vt 0.253043 0.028160
vt 0.074143 0.072757
vt 0.121012 0.102083
vt 0.121029 0.103435
vt 0.077648 0.072419
vt 0.121016 0.100698
vt 0.162952 0.114355
vt 0.153020 0.074361
vt 0.185471 0.076802
vt 0.174114 0.243925
vt 0.091218 0.199166
vt 0.095586 0.195535
vt 0.259236 0.065460
vt 0.214500 0.101031
vt 0.172487 0.240873
vt 0.165730 0.186345
vt 0.166838 0.186174
vt 0.148061 0.054394
vt 0.207968 0.039286
vt 0.212040 0.234727
vt 0.265870 0.158078
vt 0.207506 0.255525
vt 0.058556 0.111875
vt 0.112079 0.125365
vt 0.060605 0.113448
vt 0.202691 0.171037
vt 0.238820 0.151192
vt 0.222585 0.207136
vt 0.155649 0.140239
vt 0.111780 0.126486
vt 0.266799 0.043952
vt 0.272243 0.159825
vt 0.043794 0.095353
vt 0.086374 0.203191
vt 0.029162 0.077983
vt 0.187568 0.260340
vt 0.259485 0.065610
vt 0.258442 0.156026
vt 0.258390 0.067670
vt 0.191037 0.180371
vt 0.179934 0.134093
vt 0.192117 0.180018
vt 0.165208 0.124596
vt 0.110539 0.111008
vt 0.116269 0.106864
vt 0.137944 0.021584
vt 0.273561 0.021481
vt 0.178432 0.133568
vt 0.212156 0.093918
vt 0.213690 0.099974
vt 0.259768 0.156400
vt 0.212391 0.231413
vt 0.138263 0.308105
vt 0.132723 0.242487
vt 0.193802 0.279759
vt 0.162356 0.134239
vt 0.110423 0.111260
vt 0.166499 0.130437
vt 0.203403 0.084955
vt 0.197346 0.083349
vt 0.186321 0.184922
vt 0.190863 0.180503
vt 0.210294 0.087096
vt 0.273917 0.021750
vt 0.210090 0.086894
vt 0.167946 0.185998
vt 0.156690 0.139543
vt 0.157644 0.138678
vt 0.095875 0.195290
vt 0.060448 0.113651
vt 0.096982 0.194321
vt 0.051341 0.075041
vt 0.029370 0.077624
vt 0.173488 0.243156
vt 0.172243 0.241019
vt 0.173758 0.243017
vt 0.172309 0.131900
vt 0.181129 0.189790
vt 0.166739 0.130381
vt 0.057707 0.111370
vt 0.111386 0.118039
vt 0.112371 0.124033
vt 0.163711 0.118519
vt 0.202427 0.277348
vt 0.258151 0.067548
vt 0.215226 0.101887
vt 0.163236 0.117016
vt 0.163544 0.118264
vt 0.141317 0.033410
vt 0.230113 0.036326
vt 0.141123 0.035143
vt 0.077184 0.270834
vt 0.082723 0.336452
vt 0.074170 0.072491
vt 0.077686 0.072185
vt 0.163737 0.118215
vt 0.196210 0.082490
vt 0.197139 0.083269
vt 0.180852 0.189859
vt 0.174097 0.187879
vt 0.112380 0.124245
vt 0.156561 0.139401
vt 0.202032 0.277481
vt 0.071645 0.205215
vt 0.116057 0.273809
vt 0.166571 0.130210
vt 0.162944 0.115806
vt 0.140941 0.036912
vt 0.080691 0.071741
vt 0.227937 0.037456
vt 0.181144 0.134431
vt 0.193197 0.179660
vt 0.257492 0.069448
vt 0.212562 0.229384
vt 0.257127 0.155656
vt 0.062159 0.115015
vt 0.098078 0.193361
vt 0.155774 0.140375
vt 0.171129 0.239155
vt 0.259801 0.064701
vt 0.260130 0.156500
vt 0.211953 0.233790
vt 0.212126 0.231393
vt 0.212315 0.229366
vt 0.181195 0.134251
vt 0.157786 0.138416
vt 0.154950 0.141782
vt 0.126541 0.166895
vt 0.114870 0.139234
vt 0.112357 0.179433
vt 0.074828 0.136689
vt 0.120928 0.103603
vt 0.073456 0.072611
vt 0.125536 0.091918
vt 0.088155 0.069502
vt 0.163125 0.115763
vt 0.195279 0.081716
vt 0.218934 0.115065
vt 0.255054 0.095248
vt 0.182779 0.134902
vt 0.220157 0.145767
vt 0.168162 0.186035
vt 0.152416 0.181999
vt 0.149885 0.222176
vt 0.062308 0.114825
vt 0.141306 0.033056
vt 0.232704 0.035276
vt 0.230243 0.036578
vt 0.228047 0.037669
vt 0.178709 0.133590
vt 0.178656 0.133561
vt 0.178690 0.133639
vt 0.178638 0.133591
vt 0.178565 0.133577
vt 0.178628 0.133622
vt 0.178577 0.133595
vt 0.178620 0.133689
vt 0.178680 0.133691
vt 0.178680 0.133742
vt 0.178570 0.133619
vt 0.178621 0.133653
vt 0.178590 0.133611
vt 0.178529 0.133595
vt 0.178490 0.133578
vt 0.178487 0.133589
vt 0.178551 0.133629
vt 0.058466 0.111903
vt 0.058322 0.111766
vt 0.058416 0.111944
vt 0.058248 0.111808
vt 0.058275 0.111786
vt 0.058115 0.111679
vt 0.058405 0.112107
vt 0.058213 0.111814
vt 0.058394 0.112006
vt 0.058194 0.111820
vt 0.057983 0.111600
vt 0.058083 0.111665
vt 0.057878 0.111477
vt 0.057824 0.111468
vt 0.259477 0.065244
vt 0.259335 0.065446
vt 0.259429 0.065244
vt 0.259605 0.065052
vt 0.259582 0.065087
vt 0.259449 0.065511
vt 0.259559 0.065262
vt 0.259402 0.065463
vt 0.259539 0.065255
vt 0.259661 0.064975
vt 0.212030 0.233854
vt 0.212004 0.234074
vt 0.212042 0.234099
vt 0.212059 0.234304
vt 0.212054 0.234384
vt 0.212242 0.233792
vt 0.212103 0.234123
vt 0.212160 0.233858
vt 0.212124 0.234127
vt 0.212055 0.234324
vt 0.212076 0.234104
vt 0.232719 0.035177
vt 0.232919 0.035083
vt 0.232702 0.035110
vt 0.232919 0.035035
vt 0.233069 0.034934
vt 0.233151 0.034888
vt 0.232552 0.035025
vt 0.232913 0.034974
vt 0.232654 0.035061
vt 0.232910 0.034956
vt 0.233188 0.034854
vt 0.233101 0.034914
vt 0.157587 0.138507
vt 0.157553 0.138557
vt 0.157510 0.138530
vt 0.157673 0.138482
vt 0.157616 0.138527
vt 0.157638 0.138550
vt 0.157591 0.138592
vt 0.157709 0.138522
vt 0.157713 0.138482
vt 0.157747 0.138459
vt 0.157740 0.138450
vt 0.157622 0.138634
vt 0.157675 0.138605
vt 0.157658 0.138574
vt 0.157687 0.138521
vt 0.173844 0.243310
vt 0.173717 0.243114
vt 0.173904 0.243547
vt 0.173821 0.243348
vt 0.173597 0.243179
vt 0.173758 0.243412
vt 0.173666 0.243163
vt 0.173775 0.243398
vt 0.173952 0.243655
vt 0.163722 0.118294
vt 0.163694 0.118241
vt 0.163705 0.118385
vt 0.163691 0.118311
vt 0.163645 0.118259
vt 0.163670 0.118359
vt 0.163661 0.118320
vt 0.163652 0.118398
vt 0.163686 0.118421
vt 0.163691 0.118464
vt 0.163702 0.118461
vt 0.163594 0.118266
vt 0.163594 0.118327
vt 0.163629 0.118327
vt 0.073934 0.072656
vt 0.074063 0.072695
vt 0.073940 0.072688
vt 0.073735 0.072632
vt 0.073813 0.072620
vt 0.073935 0.072626
vt 0.074047 0.072627
vt 0.074076 0.072558
vt 0.073914 0.072563
vt 0.073923 0.072594
vt 0.073794 0.072619
vt 0.073706 0.072606
vt 0.202496 0.277413
vt 0.202328 0.277391
vt 0.202538 0.277504
vt 0.202373 0.277520
vt 0.202231 0.277427
vt 0.202381 0.277622
vt 0.202270 0.277569
vt 0.193827 0.279756
vt 0.193808 0.279787
vt 0.193803 0.279727
vt 0.193838 0.279731
vt 0.193841 0.279775
vt 0.193810 0.279804
vt 0.193846 0.279750
vt 0.202161 0.277580
vt 0.202006 0.277569
vt 0.202133 0.277455
vt 0.202034 0.277641
vt 0.202285 0.277630
vt 0.202200 0.277665
vt 0.273577 0.021385
vt 0.273661 0.021539
vt 0.273630 0.021301
vt 0.273740 0.021418
vt 0.273755 0.021600
vt 0.273813 0.021345
vt 0.273855 0.021464
vt 0.082718 0.336464
vt 0.082696 0.336434
vt 0.082752 0.336469
vt 0.082738 0.336480
vt 0.273733 0.021199
vt 0.273932 0.021298
vt 0.273891 0.021400
vt 0.273839 0.021669
vt 0.274021 0.021726
vt 0.273950 0.021553
vt 0.274117 0.021656
vt 0.274010 0.021433
vt 0.166680 0.130407
vt 0.166704 0.130329
vt 0.166622 0.130425
vt 0.166653 0.130357
vt 0.166665 0.130284
vt 0.166603 0.130342
vt 0.166627 0.130319
vt 0.166507 0.130375
vt 0.166562 0.130435
vt 0.166522 0.130318
vt 0.166564 0.130378
vt 0.166610 0.130374
vt 0.166621 0.130245
vt 0.166543 0.130263
vt 0.166591 0.130292
vt 0.166571 0.130332
vt 0.029089 0.077839
vt 0.029205 0.077888
vt 0.029013 0.077958
vt 0.029078 0.077997
vt 0.029253 0.077797
vt 0.029009 0.077786
vt 0.029118 0.077729
vt 0.071637 0.205191
vt 0.071672 0.205199
vt 0.029128 0.077441
vt 0.029078 0.077602
vt 0.028966 0.077531
vt 0.071654 0.205170
vt 0.071696 0.205187
vt 0.071636 0.205172
vt 0.029310 0.077711
vt 0.029313 0.077545
vt 0.029189 0.077638
vt 0.029236 0.077492
vt 0.029057 0.077705
vt 0.257271 0.069334
vt 0.257332 0.069406
vt 0.257257 0.069427
vt 0.257401 0.069343
vt 0.257360 0.069332
vt 0.257305 0.069475
vt 0.257236 0.069521
vt 0.257339 0.069455
vt 0.257386 0.069436
vt 0.257435 0.069370
vt 0.257405 0.069513
vt 0.257337 0.069495
vt 0.257367 0.069406
vt 0.257209 0.069617
vt 0.257253 0.069645
vt 0.258729 0.069562
vt 0.257283 0.069547
vt 0.257327 0.069577
vt 0.181234 0.134279
vt 0.181173 0.134295
vt 0.181268 0.134310
vt 0.181212 0.134319
vt 0.181158 0.134338
vt 0.181239 0.134339
vt 0.181198 0.134349
vt 0.181281 0.134405
vt 0.181298 0.134345
vt 0.179113 0.133738
vt 0.181237 0.134420
vt 0.181258 0.134366
vt 0.181221 0.134356
vt 0.181148 0.134383
vt 0.181192 0.134428
vt 0.181193 0.134383
vt 0.181227 0.134379
vt 0.212404 0.229337
vt 0.212389 0.229414
vt 0.212352 0.229281
vt 0.212417 0.229263
vt 0.212434 0.229356
vt 0.212430 0.229426
vt 0.212436 0.229299
vt 0.212462 0.229093
vt 0.212409 0.229093
vt 0.213646 0.229963
vt 0.212489 0.229189
vt 0.212436 0.229191
vt 0.212383 0.229189
vt 0.212466 0.229340
vt 0.212522 0.229283
vt 0.212473 0.229421
vt 0.212455 0.229264
vt 0.155688 0.140268
vt 0.155627 0.140281
vt 0.155720 0.140299
vt 0.155664 0.140306
vt 0.155610 0.140323
vt 0.155690 0.140327
vt 0.155649 0.140336
vt 0.155730 0.140394
vt 0.155749 0.140334
vt 0.155686 0.140407
vt 0.155709 0.140355
vt 0.155672 0.140343
vt 0.155599 0.140367
vt 0.155641 0.140413
vt 0.157417 0.138951
vt 0.155644 0.140369
vt 0.155677 0.140366
vt 0.062283 0.114912
vt 0.062229 0.114859
vt 0.062357 0.114900
vt 0.062336 0.114963
vt 0.062252 0.114926
vt 0.062197 0.114885
vt 0.062297 0.114959
vt 0.062451 0.115091
vt 0.062479 0.115049
vt 0.060770 0.115818
vt 0.062357 0.115061
vt 0.062384 0.115017
vt 0.062415 0.114974
vt 0.062248 0.114961
vt 0.062263 0.115037
vt 0.062178 0.114923
vt 0.062315 0.114993
vt 0.171335 0.239031
vt 0.171244 0.239018
vt 0.171264 0.238944
vt 0.171291 0.239094
vt 0.171219 0.239062
vt 0.171195 0.238960
vt 0.171196 0.238873
vt 0.171189 0.239006
vt 0.171168 0.239061
vt 0.171211 0.239142
vt 0.171093 0.239036
vt 0.171146 0.238986
vt 0.171130 0.238808
vt 0.171062 0.238842
vt 0.170446 0.239927
vt 0.171136 0.238905
vt 0.171074 0.238936
vt 0.227963 0.037632
vt 0.228042 0.037592
vt 0.227940 0.037706
vt 0.227890 0.037656
vt 0.227964 0.037582
vt 0.228027 0.037548
vt 0.227909 0.037613
vt 0.227713 0.037687
vt 0.227753 0.037752
vt 0.227981 0.036783
vt 0.227773 0.037613
vt 0.227810 0.037672
vt 0.227845 0.037732
vt 0.227862 0.037608
vt 0.227920 0.037555
vt 0.227843 0.037537
vt 0.163081 0.115783
vt 0.163098 0.115723
vt 0.163038 0.115797
vt 0.163059 0.115744
vt 0.163069 0.115689
vt 0.163028 0.115757
vt 0.163040 0.115717
vt 0.162950 0.115759
vt 0.162993 0.115804
vt 0.162961 0.115715
vt 0.162995 0.115760
vt 0.163022 0.115734
vt 0.163035 0.115659
vt 0.162977 0.115674
vt 0.163269 0.116962
vt 0.163014 0.115697
vt 0.163000 0.115727
vt 0.080655 0.071971
vt 0.080704 0.071877
vt 0.080729 0.071953
vt 0.080641 0.071854
vt 0.080636 0.071903
vt 0.080784 0.071926
vt 0.080702 0.071833
vt 0.080744 0.071855
vt 0.080716 0.071800
vt 0.080655 0.071807
vt 0.080763 0.071759
vt 0.080752 0.071811
vt 0.080731 0.071831
vt 0.080830 0.071893
vt 0.080840 0.071809
vt 0.079331 0.072103
vt 0.080784 0.071838
vt 0.080805 0.071781
vt 0.210263 0.087025
vt 0.210220 0.086967
vt 0.210162 0.086924
vt 0.110424 0.111187
vt 0.110482 0.111061
vt 0.110443 0.111120
vt 0.071620 0.205223
vt 0.137820 0.021199
vt 0.137902 0.021458
vt 0.077158 0.270830
vt 0.137858 0.021329
vt 0.180928 0.189870
vt 0.181000 0.189862
vt 0.181066 0.189835
vt 0.138280 0.308128
vt 0.082778 0.336474
vt 0.272382 0.159863
vt 0.138294 0.308139
vt 0.272524 0.159901
vt 0.132737 0.242463
vt 0.193803 0.279701
vt 0.132758 0.242432
vt 0.193802 0.279684
vt 0.086262 0.203283
vt 0.132749 0.242444
vt 0.071714 0.205181
vt 0.213742 0.100135
vt 0.213720 0.100086
vt 0.259628 0.065008
vt 0.213704 0.100033
vt 0.259704 0.064856
vt 0.212038 0.234546
vt 0.190905 0.180460
vt 0.190945 0.180424
vt 0.190989 0.180393
vt 0.259734 0.064842
vt 0.260035 0.156474
vt 0.259946 0.156449
vt 0.259859 0.156425
vt 0.212056 0.234572
vt 0.212063 0.234429
vt 0.112388 0.124195
vt 0.112388 0.124143
vt 0.112381 0.124090
vt 0.058065 0.111638
vt 0.057973 0.111563
vt 0.167998 0.185995
vt 0.168052 0.186002
vt 0.173942 0.243611
vt 0.168105 0.186016
vt 0.174032 0.243757
vt 0.174026 0.243789
vt 0.095662 0.195472
vt 0.095734 0.195411
vt 0.095803 0.195352
vt 0.233299 0.034818
vt 0.197287 0.083335
vt 0.197233 0.083319
vt 0.197183 0.083298
vt 0.120974 0.103568
vt 0.121006 0.103530
vt 0.121024 0.103485
vt 0.073596 0.072631
vt 0.073582 0.072606
vt 0.141327 0.033145
vt 0.141331 0.033233
vt 0.141326 0.033320
vt 0.233315 0.034788
vt 0.215294 0.102028
vt 0.215277 0.101976
vt 0.215255 0.101928
vt 0.216503 0.105251
vt 0.193243 0.179640
vt 0.193286 0.179611
vt 0.193328 0.179576
vt 0.196132 0.177484
vt 0.257041 0.155632
vt 0.256955 0.155608
vt 0.256868 0.155583
vt 0.252999 0.154501
vt 0.112420 0.130245
vt 0.111779 0.126637
vt 0.111772 0.126585
vt 0.111772 0.126534
vt 0.165574 0.186329
vt 0.165627 0.186342
vt 0.165679 0.186348
vt 0.162153 0.185447
vt 0.098146 0.193301
vt 0.098213 0.193241
vt 0.098281 0.193181
vt 0.101229 0.190183
vt 0.195236 0.081688
vt 0.195188 0.081666
vt 0.195135 0.081650
vt 0.192593 0.079756
vt 0.121021 0.100647
vt 0.121064 0.100562
vt 0.122011 0.095843
vt 0.121037 0.100602
vt 0.140931 0.037000
vt 0.140923 0.037088
vt 0.140922 0.037173
vt 0.144229 0.042783
vt 0.179974 0.133953
vt 0.179961 0.134000
vt 0.179947 0.134046
vt 0.212312 0.231407
vt 0.212204 0.231399
vt 0.212094 0.233874
vt 0.212257 0.231403
vt 0.060559 0.113508
vt 0.060527 0.113549
vt 0.060495 0.113590
vt 0.172415 0.240917
vt 0.171255 0.239124
vt 0.172315 0.240976
vt 0.172365 0.240946
vt 0.163283 0.117005
vt 0.163329 0.116993
vt 0.163375 0.116982
vt 0.163422 0.116970
vt 0.230151 0.036400
vt 0.227999 0.037509
vt 0.230204 0.036502
vt 0.230177 0.036450
vt 0.258221 0.067584
vt 0.258318 0.067634
vt 0.258269 0.067609
vt 0.156657 0.139507
vt 0.156625 0.139472
vt 0.156593 0.139437
vt 0.077726 0.072295
vt 0.077699 0.072349
vt 0.077723 0.072245
vt 0.212063 0.234248
vt 0.212052 0.234458
vt 0.233217 0.034852
vt 0.173978 0.243677
vt 0.259665 0.064942
vt 0.157671 0.138503
vt 0.173916 0.243567
vt 0.163686 0.118373
vt 0.163663 0.118379
vt 0.071617 0.205188
vt 0.054750 0.243297
vt 0.052061 0.238850
vt 0.055507 0.239061
vt 0.403768 0.121458
vt 0.400360 0.134172
vt 0.401194 0.121300
vt 0.052659 0.234541
vt 0.049584 0.229871
vt 0.053070 0.230186
vt 0.372731 0.158093
vt 0.373021 0.170446
vt 0.370536 0.170122
vt 0.053262 0.221545
vt 0.056528 0.217877
vt 0.056711 0.221938
vt 0.404079 0.108565
vt 0.401498 0.108442
vt 0.376972 0.106488
vt 0.378966 0.092745
vt 0.379475 0.106563
vt 0.375931 0.132515
vt 0.377057 0.145714
vt 0.374560 0.145477
vt 0.056716 0.226176
vt 0.056521 0.230503
vt 0.049782 0.225460
vt 0.053265 0.225820
vt 0.370428 0.182046
vt 0.367955 0.181674
vt 0.391944 0.194184
vt 0.392407 0.182627
vt 0.394960 0.182965
vt 0.397529 0.171527
vt 0.397154 0.159376
vt 0.399712 0.159641
vt 0.367188 0.193963
vt 0.364741 0.193544
vt 0.362266 0.209371
vt 0.359868 0.208931
vt 0.384185 0.216909
vt 0.385831 0.205004
vt 0.388384 0.205443
vt 0.053084 0.217447
vt 0.056164 0.213956
vt 0.355245 0.230649
vt 0.352827 0.230265
vt 0.348024 0.256008
vt 0.345322 0.256167
vt 0.379277 0.228246
vt 0.381629 0.216381
vt 0.052153 0.209502
vt 0.054852 0.206217
vt 0.055612 0.210100
vt 0.403894 0.095640
vt 0.401297 0.095557
vt 0.403127 0.082270
vt 0.400519 0.082242
vt 0.374554 0.073991
vt 0.373498 0.047329
vt 0.376975 0.073928
vt 0.049176 0.234277
vt 0.401701 0.068140
vt 0.399076 0.068202
vt 0.399318 0.053860
vt 0.396853 0.054184
vt 0.371037 0.047236
vt 0.372417 0.017162
vt 0.049868 0.248501
vt 0.047674 0.243215
vt 0.051229 0.243251
vt 0.397801 0.133976
vt 0.398627 0.121142
vt 0.386209 0.158876
vt 0.392087 0.170912
vt 0.384021 0.170841
vt 0.375222 0.158372
vt 0.375516 0.170770
vt 0.373253 0.182435
vt 0.378291 0.193887
vt 0.369986 0.194393
vt 0.398923 0.108322
vt 0.398707 0.095477
vt 0.378433 0.132705
vt 0.381761 0.119756
vt 0.380941 0.132896
vt 0.379562 0.145952
vt 0.379246 0.119618
vt 0.381991 0.106636
vt 0.398973 0.146951
vt 0.394974 0.171227
vt 0.394603 0.159111
vt 0.392427 0.170928
vt 0.369645 0.194388
vt 0.375856 0.170787
vt 0.381440 0.182343
vt 0.389391 0.193801
vt 0.389863 0.182288
vt 0.386849 0.193416
vt 0.357641 0.231034
vt 0.373969 0.207174
vt 0.365014 0.209770
vt 0.383291 0.204563
vt 0.376896 0.227552
vt 0.379108 0.215864
vt 0.350635 0.255231
vt 0.398584 0.108293
vt 0.390237 0.120451
vt 0.390501 0.107482
vt 0.381466 0.092738
vt 0.379397 0.073853
vt 0.397922 0.082216
vt 0.396490 0.068256
vt 0.390136 0.094115
vt 0.397576 0.082115
vt 0.398367 0.095437
vt 0.375964 0.047391
vt 0.373450 0.019819
vt 0.394444 0.054493
vt 0.376742 0.119482
vt 0.387265 0.033306
vt 0.385390 0.034526
vt 0.383498 0.035705
vt 0.382100 0.119780
vt 0.382330 0.106661
vt 0.377723 0.158653
vt 0.381280 0.132918
vt 0.047824 0.255130
vt 0.045997 0.249400
vt 0.056098 0.234807
vt 0.379728 0.073952
vt 0.385842 0.057705
vt 0.388666 0.078031
vt 0.048713 0.192910
vt 0.045201 0.187081
vt 0.049294 0.192434
vt 0.045954 0.186766
vt 0.049879 0.191960
vt 0.389521 0.182275
vt 0.401533 0.147184
vt 0.398289 0.121117
vt 0.389417 0.133435
vt 0.396419 0.146718
vt 0.045741 0.262590
vt 0.043283 0.258268
vt 0.051082 0.256504
vt 0.052468 0.252166
vt 0.394145 0.054578
vt 0.396132 0.068031
vt 0.376274 0.047620
vt 0.383485 0.036166
vt 0.051235 0.204890
vt 0.053875 0.202258
vt 0.049609 0.217005
vt 0.052726 0.213490
vt 0.372912 0.182421
vt 0.378700 0.216028
vt 0.368139 0.223375
vt 0.049784 0.221142
vt 0.049255 0.213010
vt 0.388037 0.146331
vt 0.379901 0.145973
vt 0.376480 0.092747
vt 0.381802 0.092772
vt 0.049933 0.199258
vt 0.052817 0.198535
vt 0.046064 0.196122
vt 0.048719 0.193072
vt 0.358015 0.230856
vt 0.362756 0.241007
vt 0.351137 0.254549
vt 0.374289 0.226726
vt 0.372640 0.017106
vt 0.371152 0.013841
vt 0.053745 0.247638
vt 0.373599 0.019782
vt 0.382927 0.204609
vt 0.402929 0.134371
vt 0.378062 0.158671
vt 0.386503 0.193412
vt 0.366228 0.244199
vt 0.048668 0.208883
vt 0.364664 0.209819
vt 0.364461 0.242867
vt 0.374561 0.226874
vt 0.394264 0.159093
vt 0.396081 0.146698
vt 0.397463 0.133952
vt 0.048570 0.238637
vt 0.047624 0.203528
vt 0.044439 0.187444
vt 0.044427 0.187470
vt 0.044425 0.187426
vt 0.044449 0.187496
vt 0.044429 0.187513
vt 0.044412 0.187456
vt 0.044415 0.187493
vt 0.044449 0.187620
vt 0.044471 0.187609
vt 0.044478 0.187656
vt 0.044421 0.187572
vt 0.044438 0.187562
vt 0.044461 0.187553
vt 0.044412 0.187520
vt 0.345273 0.256115
vt 0.345293 0.256014
vt 0.044403 0.187430
vt 0.044401 0.187475
vt 0.044391 0.187516
vt 0.040132 0.268910
vt 0.040131 0.268879
vt 0.040164 0.268858
vt 0.040098 0.268922
vt 0.040111 0.268888
vt 0.040147 0.268834
vt 0.040186 0.268794
vt 0.040127 0.268851
vt 0.370928 0.013962
vt 0.370866 0.013993
vt 0.370979 0.013886
vt 0.040111 0.268825
vt 0.040131 0.268823
vt 0.040107 0.268866
vt 0.040092 0.268911
vt 0.040204 0.268734
vt 0.040182 0.268721
vt 0.040215 0.268684
vt 0.040164 0.268782
vt 0.040148 0.268770
vt 0.350789 0.255313
vt 0.350815 0.255176
vt 0.350893 0.255105
vt 0.350669 0.255330
vt 0.350759 0.255211
vt 0.350886 0.255031
vt 0.350986 0.254911
vt 0.350831 0.255089
vt 0.350756 0.255142
vt 0.350651 0.255300
vt 0.350768 0.255032
vt 0.350851 0.255008
vt 0.351074 0.254720
vt 0.351025 0.254684
vt 0.350953 0.254872
vt 0.350899 0.254852
vt 0.373601 0.019906
vt 0.373541 0.019755
vt 0.373657 0.019981
vt 0.373641 0.020045
vt 0.373557 0.019864
vt 0.373602 0.019985
vt 0.373712 0.020366
vt 0.373760 0.020341
vt 0.373790 0.020500
vt 0.373627 0.020203
vt 0.373677 0.020192
vt 0.373710 0.020163
vt 0.373608 0.020059
vt 0.373542 0.019926
vt 0.373538 0.020025
vt 0.373513 0.019751
vt 0.056739 0.226178
vt 0.056544 0.230505
vt 0.056758 0.226180
vt 0.056563 0.230506
vt 0.056778 0.226181
vt 0.056582 0.230508
vt 0.401600 0.147191
vt 0.402996 0.134377
vt 0.056735 0.221940
vt 0.056754 0.221942
vt 0.056773 0.221942
vt 0.399779 0.159650
vt 0.049560 0.229869
vt 0.049152 0.234275
vt 0.049539 0.229867
vt 0.049132 0.234273
vt 0.049519 0.229866
vt 0.375862 0.132510
vt 0.048546 0.238636
vt 0.048525 0.238634
vt 0.049111 0.234271
vt 0.376673 0.119478
vt 0.055530 0.239063
vt 0.056121 0.234809
vt 0.055550 0.239064
vt 0.056140 0.234811
vt 0.055569 0.239067
vt 0.056182 0.234816
vt 0.055591 0.239071
vt 0.056160 0.234813
vt 0.056605 0.230510
vt 0.049758 0.225457
vt 0.049760 0.221140
vt 0.049738 0.225455
vt 0.049739 0.221138
vt 0.049717 0.225454
vt 0.049718 0.221137
vt 0.374491 0.145469
vt 0.372662 0.158083
vt 0.049585 0.217002
vt 0.049231 0.213006
vt 0.049564 0.217000
vt 0.049210 0.213004
vt 0.049544 0.217000
vt 0.049190 0.213005
vt 0.370468 0.170111
vt 0.367887 0.181660
vt 0.056551 0.217880
vt 0.056571 0.217881
vt 0.056590 0.217881
vt 0.397596 0.171537
vt 0.056188 0.213959
vt 0.056207 0.213960
vt 0.056227 0.213959
vt 0.395027 0.182977
vt 0.055636 0.210104
vt 0.055656 0.210106
vt 0.055675 0.210104
vt 0.392011 0.194198
vt 0.054877 0.206226
vt 0.054898 0.206233
vt 0.054918 0.206234
vt 0.388450 0.205463
vt 0.048644 0.208879
vt 0.047600 0.203518
vt 0.048623 0.208877
vt 0.047578 0.203511
vt 0.048602 0.208877
vt 0.047557 0.203509
vt 0.364675 0.193528
vt 0.359803 0.208911
vt 0.052835 0.198522
vt 0.048707 0.193018
vt 0.052849 0.198508
vt 0.048700 0.192970
vt 0.052864 0.198493
vt 0.366302 0.244218
vt 0.379345 0.228264
vt 0.048701 0.192933
vt 0.053903 0.202280
vt 0.053927 0.202297
vt 0.053948 0.202305
vt 0.384247 0.216938
vt 0.046037 0.196099
vt 0.046014 0.196081
vt 0.045992 0.196071
vt 0.352764 0.230238
vt 0.047650 0.243214
vt 0.047629 0.243213
vt 0.048505 0.238631
vt 0.376903 0.106488
vt 0.045971 0.249407
vt 0.045949 0.249411
vt 0.047609 0.243210
vt 0.376412 0.092750
vt 0.053770 0.247632
vt 0.054773 0.243297
vt 0.053791 0.247628
vt 0.054793 0.243298
vt 0.053811 0.247628
vt 0.403195 0.082264
vt 0.054812 0.243300
vt 0.054834 0.243305
vt 0.045726 0.262643
vt 0.045716 0.262691
vt 0.045714 0.262728
vt 0.371296 0.013896
vt 0.051100 0.256517
vt 0.051114 0.256531
vt 0.051129 0.256544
vt 0.387340 0.033291
vt 0.043253 0.258290
vt 0.043228 0.258307
vt 0.045928 0.249412
vt 0.370971 0.047250
vt 0.374487 0.074000
vt 0.043204 0.258315
vt 0.370853 0.014099
vt 0.052496 0.252147
vt 0.052520 0.252132
vt 0.399386 0.053852
vt 0.052542 0.252125
vt 0.401768 0.068123
vt 0.397721 0.133970
vt 0.396339 0.146712
vt 0.397633 0.133964
vt 0.396251 0.146706
vt 0.397544 0.133958
vt 0.396162 0.146701
vt 0.394523 0.159104
vt 0.394435 0.159099
vt 0.394346 0.159096
vt 0.381842 0.119761
vt 0.381022 0.132902
vt 0.381929 0.119767
vt 0.381109 0.132908
vt 0.382018 0.119774
vt 0.381198 0.132913
vt 0.382071 0.106640
vt 0.382159 0.106646
vt 0.382248 0.106653
vt 0.398547 0.121137
vt 0.398842 0.108317
vt 0.398458 0.121130
vt 0.398754 0.108310
vt 0.398370 0.121123
vt 0.398665 0.108302
vt 0.377803 0.158660
vt 0.379642 0.145959
vt 0.377891 0.158665
vt 0.379730 0.145964
vt 0.377980 0.158669
vt 0.379819 0.145969
vt 0.372993 0.182430
vt 0.375597 0.170778
vt 0.373081 0.182435
vt 0.375685 0.170783
vt 0.373170 0.182436
vt 0.375774 0.170786
vt 0.392347 0.170921
vt 0.392259 0.170916
vt 0.392169 0.170913
vt 0.389783 0.182281
vt 0.389694 0.182276
vt 0.389604 0.182275
vt 0.386768 0.193408
vt 0.386678 0.193406
vt 0.386586 0.193408
vt 0.383209 0.204558
vt 0.383115 0.204566
vt 0.383018 0.204585
vt 0.364743 0.209824
vt 0.369724 0.194398
vt 0.364833 0.209815
vt 0.369813 0.194400
vt 0.364926 0.209796
vt 0.369902 0.194398
vt 0.362652 0.241456
vt 0.374489 0.226849
vt 0.362660 0.241339
vt 0.374416 0.226814
vt 0.362700 0.241183
vt 0.374347 0.226772
vt 0.362683 0.241524
vt 0.379023 0.215866
vt 0.378920 0.215900
vt 0.378808 0.215957
vt 0.357720 0.231028
vt 0.357815 0.230991
vt 0.357917 0.230929
vt 0.381546 0.092740
vt 0.381633 0.092748
vt 0.381721 0.092760
vt 0.379474 0.073860
vt 0.379560 0.073882
vt 0.379647 0.073914
vt 0.398627 0.095472
vt 0.397841 0.082208
vt 0.398538 0.095462
vt 0.397750 0.082185
vt 0.398448 0.095450
vt 0.397660 0.082153
vt 0.383460 0.035761
vt 0.383450 0.035865
vt 0.383461 0.036006
vt 0.394369 0.054506
vt 0.394290 0.054525
vt 0.394214 0.054550
vt 0.376035 0.047409
vt 0.376115 0.047459
vt 0.376197 0.047534
vt 0.396408 0.068239
vt 0.396315 0.068190
vt 0.396220 0.068117
vt 0.372484 0.017127
vt 0.373487 0.019765
vt 0.371023 0.013878
vt 0.372561 0.017116
vt 0.345322 0.256231
vt 0.348037 0.256107
vt 0.345332 0.256263
vt 0.045187 0.187066
vt 0.348029 0.256075
vt 0.045945 0.186749
vt 0.044413 0.187421
vt 0.040111 0.268922
vt 0.350705 0.255346
vt 0.403963 0.095639
vt 0.371067 0.013870
vt 0.028880 0.213574
vt 0.031519 0.218128
vt 0.028018 0.217863
vt 0.359078 0.118585
vt 0.355802 0.130946
vt 0.356577 0.118426
vt 0.030870 0.222486
vt 0.033964 0.227212
vt 0.030447 0.226892
vt 0.329069 0.154813
vt 0.329695 0.166982
vt 0.327243 0.166732
vt 0.030291 0.235627
vt 0.027023 0.239366
vt 0.026799 0.235258
vt 0.359459 0.106073
vt 0.356951 0.105926
vt 0.332905 0.103738
vt 0.335102 0.090156
vt 0.335381 0.103840
vt 0.331828 0.129487
vt 0.333097 0.142514
vt 0.330628 0.142320
vt 0.026769 0.230964
vt 0.026953 0.226575
vt 0.033777 0.231656
vt 0.030262 0.231307
vt 0.327455 0.178489
vt 0.325001 0.178184
vt 0.349029 0.189678
vt 0.349039 0.178366
vt 0.351539 0.178612
vt 0.353712 0.167384
vt 0.353050 0.155546
vt 0.355545 0.155750
vt 0.324543 0.190491
vt 0.322090 0.190118
vt 0.319812 0.206754
vt 0.317380 0.206317
vt 0.343245 0.212847
vt 0.343726 0.200727
vt 0.346243 0.200988
vt 0.030509 0.239761
vt 0.027448 0.243313
vt 0.312311 0.230221
vt 0.309887 0.229749
vt 0.303300 0.257804
vt 0.300999 0.257178
vt 0.340166 0.224859
vt 0.340719 0.212586
vt 0.031540 0.247757
vt 0.028782 0.251138
vt 0.028031 0.247195
vt 0.359473 0.093527
vt 0.356952 0.093392
vt 0.359088 0.080516
vt 0.356546 0.080406
vt 0.331317 0.071330
vt 0.331364 0.044341
vt 0.333745 0.071361
vt 0.034389 0.222776
vt 0.358198 0.066675
vt 0.355621 0.066629
vt 0.356538 0.052499
vt 0.354080 0.052671
vt 0.328978 0.044265
vt 0.329357 0.012520
vt 0.033934 0.208412
vt 0.036015 0.213792
vt 0.032438 0.213689
vt 0.353310 0.130773
vt 0.354079 0.118268
vt 0.342345 0.155288
vt 0.348385 0.166929
vt 0.340497 0.167075
vt 0.331536 0.155031
vt 0.332157 0.167233
vt 0.330258 0.178797
vt 0.335582 0.189997
vt 0.327351 0.190857
vt 0.354445 0.105781
vt 0.354434 0.093261
vt 0.334302 0.129657
vt 0.337555 0.116875
vt 0.336779 0.129828
vt 0.335571 0.142709
vt 0.335075 0.116733
vt 0.337864 0.103942
vt 0.354602 0.143403
vt 0.351212 0.167160
vt 0.350557 0.155341
vt 0.348717 0.166935
vt 0.327010 0.190864
vt 0.332493 0.167240
vt 0.338300 0.178449
vt 0.346522 0.189420
vt 0.346542 0.178120
vt 0.344017 0.189160
vt 0.314742 0.230693
vt 0.331750 0.203782
vt 0.322608 0.207130
vt 0.341210 0.200463
vt 0.337637 0.224597
vt 0.335064 0.224519
vt 0.338196 0.212324
vt 0.305658 0.258244
vt 0.354116 0.105750
vt 0.345883 0.117576
vt 0.346225 0.104868
vt 0.337585 0.090210
vt 0.336174 0.071384
vt 0.354009 0.080301
vt 0.353077 0.066582
vt 0.346085 0.091749
vt 0.353674 0.080192
vt 0.354103 0.093215
vt 0.333734 0.044407
vt 0.332120 0.013122
vt 0.351671 0.052837
vt 0.332603 0.116592
vt 0.346165 0.030792
vt 0.344202 0.031672
vt 0.342235 0.032549
vt 0.337889 0.116899
vt 0.338197 0.103971
vt 0.334007 0.155250
vt 0.337112 0.129848
vt 0.036159 0.201741
vt 0.037864 0.207583
vt 0.027373 0.222195
vt 0.336503 0.071496
vt 0.343075 0.055508
vt 0.345103 0.075866
vt 0.035241 0.264990
vt 0.039248 0.271334
vt 0.034711 0.265485
vt 0.038525 0.271621
vt 0.034177 0.265982
vt 0.346208 0.178118
vt 0.357100 0.143593
vt 0.353749 0.118243
vt 0.345113 0.130301
vt 0.352108 0.143214
vt 0.038484 0.194165
vt 0.040834 0.198599
vt 0.032909 0.200305
vt 0.031403 0.204662
vt 0.351366 0.052903
vt 0.352733 0.066346
vt 0.334059 0.044668
vt 0.342176 0.033055
vt 0.032568 0.252473
vt 0.029728 0.255173
vt 0.034018 0.240173
vt 0.030914 0.243741
vt 0.329920 0.178793
vt 0.337810 0.212494
vt 0.326419 0.221434
vt 0.033805 0.236005
vt 0.034413 0.244189
vt 0.343905 0.142957
vt 0.335904 0.142724
vt 0.332627 0.090099
vt 0.337918 0.090253
vt 0.034039 0.258319
vt 0.030803 0.258977
vt 0.038054 0.261735
vt 0.035240 0.264840
vt 0.315133 0.230508
vt 0.320471 0.240947
vt 0.306189 0.257627
vt 0.334746 0.224407
vt 0.333999 0.011597
vt 0.335711 0.010095
vt 0.029999 0.209200
vt 0.332283 0.013090
vt 0.340855 0.200527
vt 0.358301 0.131119
vt 0.334342 0.155260
vt 0.343678 0.189170
vt 0.030296 0.259694
vt 0.030784 0.259079
vt 0.035064 0.248352
vt 0.322253 0.207193
vt 0.029818 0.260311
vt 0.350227 0.155330
vt 0.351779 0.143199
vt 0.352981 0.130753
vt 0.035041 0.218390
vt 0.036281 0.253886
vt 0.039955 0.270994
vt 0.039969 0.270972
vt 0.039964 0.271010
vt 0.039949 0.270946
vt 0.039968 0.270931
vt 0.039983 0.270986
vt 0.039972 0.271017
vt 0.039980 0.270951
vt 0.039950 0.270824
vt 0.039928 0.270836
vt 0.039922 0.270789
vt 0.039980 0.270872
vt 0.039961 0.270882
vt 0.039939 0.270891
vt 0.039984 0.270926
vt 0.300953 0.257124
vt 0.300975 0.257029
vt 0.300986 0.257262
vt 0.300937 0.257183
vt 0.300925 0.257007
vt 0.300966 0.256858
vt 0.300914 0.257080
vt 0.030768 0.259057
vt 0.030791 0.259054
vt 0.030750 0.259030
vt 0.030777 0.259033
vt 0.030794 0.259029
vt 0.030773 0.259005
vt 0.030782 0.259014
vt 0.030746 0.258971
vt 0.030735 0.259001
vt 0.030723 0.258973
vt 0.030764 0.258972
vt 0.030755 0.258993
vt 0.030765 0.259014
vt 0.030770 0.258990
vt 0.030782 0.258996
vt 0.030782 0.258975
vt 0.030797 0.259004
vt 0.044356 0.187652
vt 0.044367 0.187678
vt 0.044343 0.187704
vt 0.044377 0.187630
vt 0.044383 0.187664
vt 0.044361 0.187722
vt 0.044327 0.187762
vt 0.044375 0.187702
vt 0.326867 0.012473
vt 0.326811 0.012519
vt 0.326874 0.012417
vt 0.326810 0.012617
vt 0.326758 0.012631
vt 0.326810 0.012457
vt 0.326876 0.012387
vt 0.326764 0.012556
vt 0.044310 0.187822
vt 0.044333 0.187836
vt 0.044297 0.187875
vt 0.044349 0.187773
vt 0.044366 0.187783
vt 0.044377 0.187729
vt 0.038494 0.271616
vt 0.038476 0.271592
vt 0.038538 0.271645
vt 0.038504 0.271633
vt 0.038453 0.271592
vt 0.038421 0.271554
vt 0.038469 0.271611
vt 0.305761 0.258202
vt 0.305652 0.258301
vt 0.305786 0.258102
vt 0.305869 0.258092
vt 0.305750 0.258265
vt 0.305835 0.258169
vt 0.038363 0.271513
vt 0.038346 0.271528
vt 0.038310 0.271481
vt 0.038405 0.271563
vt 0.038394 0.271579
vt 0.038443 0.271603
vt 0.332276 0.013224
vt 0.332218 0.013038
vt 0.332333 0.013311
vt 0.332311 0.013381
vt 0.332231 0.013174
vt 0.332272 0.013311
vt 0.332368 0.013755
vt 0.332424 0.013730
vt 0.332446 0.013915
vt 0.332284 0.013559
vt 0.332340 0.013552
vt 0.332380 0.013522
vt 0.332272 0.013395
vt 0.332212 0.013241
vt 0.332199 0.013352
vt 0.332179 0.013020
vt 0.030225 0.259599
vt 0.030243 0.259619
vt 0.030229 0.259688
vt 0.030262 0.259645
vt 0.030281 0.259671
vt 0.026745 0.230961
vt 0.026930 0.226573
vt 0.026726 0.230960
vt 0.026910 0.226571
vt 0.026706 0.230959
vt 0.026891 0.226570
vt 0.357165 0.143599
vt 0.358367 0.131124
vt 0.026775 0.235255
vt 0.026756 0.235254
vt 0.026736 0.235254
vt 0.355611 0.155757
vt 0.033988 0.227214
vt 0.332414 0.116586
vt 0.331700 0.129477
vt 0.331639 0.129471
vt 0.332475 0.116587
vt 0.331760 0.129482
vt 0.034413 0.222778
vt 0.332716 0.103744
vt 0.332777 0.103739
vt 0.332534 0.116588
vt 0.027994 0.217861
vt 0.027350 0.222193
vt 0.027975 0.217859
vt 0.027331 0.222191
vt 0.027955 0.217856
vt 0.359525 0.106076
vt 0.027311 0.222189
vt 0.359144 0.118588
vt 0.033801 0.231658
vt 0.033829 0.236008
vt 0.328883 0.154779
vt 0.330500 0.142305
vt 0.328943 0.154794
vt 0.330560 0.142313
vt 0.329002 0.154805
vt 0.330440 0.142295
vt 0.034042 0.240176
vt 0.034438 0.244192
vt 0.034063 0.240177
vt 0.034459 0.244193
vt 0.324877 0.178154
vt 0.327175 0.166722
vt 0.324934 0.178172
vt 0.327058 0.166691
vt 0.327117 0.166708
vt 0.027000 0.239364
vt 0.026980 0.239362
vt 0.026961 0.239363
vt 0.353777 0.167391
vt 0.027424 0.243310
vt 0.027405 0.243309
vt 0.027385 0.243310
vt 0.026938 0.239367
vt 0.028007 0.247192
vt 0.027988 0.247190
vt 0.027968 0.247191
vt 0.027363 0.243314
vt 0.028757 0.251130
vt 0.028737 0.251123
vt 0.028717 0.251122
vt 0.027946 0.247196
vt 0.035088 0.248357
vt 0.036306 0.253896
vt 0.035110 0.248359
vt 0.036328 0.253904
vt 0.317263 0.206259
vt 0.322024 0.190103
vt 0.317315 0.206296
vt 0.321968 0.190079
vt 0.035249 0.264889
vt 0.035254 0.264933
vt 0.035253 0.264967
vt 0.029701 0.255155
vt 0.029679 0.255140
vt 0.029659 0.255133
vt 0.029638 0.255137
vt 0.028696 0.251128
vt 0.038081 0.261759
vt 0.038105 0.261778
vt 0.309824 0.229719
vt 0.309780 0.229659
vt 0.035065 0.218392
vt 0.332440 0.090122
vt 0.332499 0.090109
vt 0.332837 0.103737
vt 0.036040 0.213793
vt 0.331138 0.071394
vt 0.331193 0.071359
vt 0.332559 0.090101
vt 0.029974 0.209206
vt 0.028857 0.213573
vt 0.029952 0.209209
vt 0.028837 0.213572
vt 0.029932 0.209209
vt 0.359155 0.080512
vt 0.028818 0.213568
vt 0.359539 0.093529
vt 0.038500 0.194111
vt 0.038511 0.194062
vt 0.038513 0.194024
vt 0.038503 0.193999
vt 0.032892 0.200291
vt 0.032877 0.200278
vt 0.032863 0.200263
vt 0.346241 0.030790
vt 0.037890 0.207576
vt 0.328808 0.044399
vt 0.328859 0.044326
vt 0.331251 0.071337
vt 0.328913 0.044280
vt 0.040865 0.198578
vt 0.326717 0.012951
vt 0.326762 0.012788
vt 0.031374 0.204680
vt 0.031349 0.204695
vt 0.356606 0.052496
vt 0.031327 0.204701
vt 0.358265 0.066661
vt 0.353232 0.130768
vt 0.352030 0.143209
vt 0.353146 0.130762
vt 0.351944 0.143205
vt 0.353059 0.130757
vt 0.351858 0.143201
vt 0.350479 0.155336
vt 0.350393 0.155333
vt 0.350306 0.155331
vt 0.337634 0.116880
vt 0.336858 0.129833
vt 0.337721 0.116886
vt 0.336944 0.129838
vt 0.337808 0.116893
vt 0.337031 0.129843
vt 0.337943 0.103947
vt 0.338029 0.103954
vt 0.338117 0.103962
vt 0.354000 0.118263
vt 0.354367 0.105775
vt 0.353914 0.118256
vt 0.354281 0.105768
vt 0.353828 0.118249
vt 0.354194 0.105759
vt 0.334086 0.155255
vt 0.335650 0.142715
vt 0.334173 0.155258
vt 0.335736 0.142719
vt 0.334261 0.155260
vt 0.335823 0.142722
vt 0.330000 0.178799
vt 0.332236 0.167239
vt 0.330087 0.178801
vt 0.332323 0.167241
vt 0.330176 0.178800
vt 0.332411 0.167241
vt 0.348638 0.166930
vt 0.348552 0.166928
vt 0.348464 0.166928
vt 0.346463 0.178115
vt 0.346376 0.178114
vt 0.346288 0.178115
vt 0.343937 0.189155
vt 0.343849 0.189157
vt 0.343760 0.189162
vt 0.341128 0.200463
vt 0.341036 0.200476
vt 0.340942 0.200499
vt 0.322334 0.207197
vt 0.327089 0.190872
vt 0.322425 0.207185
vt 0.327178 0.190872
vt 0.322519 0.207161
vt 0.327267 0.190866
vt 0.029805 0.260333
vt 0.034118 0.265982
vt 0.029790 0.260357
vt 0.034072 0.265963
vt 0.029773 0.260381
vt 0.034022 0.265936
vt 0.029757 0.260400
vt 0.034153 0.265989
vt 0.338112 0.212331
vt 0.338012 0.212367
vt 0.337908 0.212425
vt 0.334984 0.224505
vt 0.334899 0.224480
vt 0.334816 0.224446
vt 0.314825 0.230689
vt 0.305928 0.257931
vt 0.314924 0.230651
vt 0.306067 0.257764
vt 0.315029 0.230587
vt 0.337665 0.090215
vt 0.337751 0.090225
vt 0.337837 0.090238
vt 0.336252 0.071394
vt 0.336338 0.071419
vt 0.336423 0.071455
vt 0.354355 0.093254
vt 0.353929 0.080290
vt 0.354269 0.093244
vt 0.353842 0.080266
vt 0.354182 0.093230
vt 0.353754 0.080231
vt 0.342188 0.032607
vt 0.342167 0.032720
vt 0.342165 0.032877
vt 0.351595 0.052845
vt 0.351515 0.052859
vt 0.351436 0.052879
vt 0.333811 0.044429
vt 0.333895 0.044487
vt 0.333980 0.044571
vt 0.352996 0.066562
vt 0.352907 0.066510
vt 0.352816 0.066434
vt 0.329360 0.012454
vt 0.332152 0.013051
vt 0.043028 0.186601
vt 0.043692 0.187139
vt 0.043014 0.186616
vt 0.043708 0.187126
vt 0.300992 0.257233
vt 0.039261 0.271350
vt 0.303281 0.257861
vt 0.038534 0.271637
vt 0.337405 0.224761
vt 0.044369 0.187636
vn -0.815700 0.400600 0.417400
vn -0.729100 0.422800 0.538100
vn -0.755200 0.453800 0.473000
vn 0.347300 -0.877100 0.331800
vn 0.337400 -0.823400 0.456200
vn 0.276000 -0.892800 0.356000
vn 0.350100 0.368000 -0.861400
vn 0.340300 0.490200 -0.802400
vn 0.408500 0.425300 -0.807600
vn 0.473200 0.356800 -0.805500
vn 0.403700 0.259400 -0.877300
vn -0.884100 0.271900 0.380100
vn -0.868600 0.343200 0.357500
vn 0.401600 -0.888300 0.222700
vn 0.405800 -0.825900 0.391400
vn 0.463300 0.478500 -0.745900
vn 0.460500 -0.766600 0.447500
vn 0.430800 -0.742100 0.513600
vn 0.529000 0.448500 -0.720400
vn -0.882000 0.399600 0.249900
vn -0.811900 0.467000 0.350300
vn -0.728700 0.520200 0.445300
vn 0.525800 -0.740300 0.418900
vn -0.937300 0.301900 -0.174200
vn -0.975100 0.211700 0.065800
vn -0.823800 0.566300 -0.025200
vn -0.881500 0.362400 -0.302800
vn -0.896500 0.008700 -0.443000
vn -0.969600 -0.095900 -0.225300
vn -0.697200 0.180800 -0.693700
vn 0.241100 0.422500 -0.873700
vn -0.180800 0.317500 -0.930900
vn -0.037100 0.582300 -0.812100
vn 0.061000 0.233200 -0.970500
vn -0.442900 0.017900 -0.896400
vn -0.310400 0.374600 -0.873700
vn -0.237100 0.696300 -0.677500
vn -0.817700 -0.309000 -0.485700
vn -0.479300 -0.301800 -0.824100
vn -0.625800 -0.452900 -0.635000
vn -0.686700 -0.224700 -0.691300
vn -0.223200 -0.079700 -0.971500
vn 0.294200 -0.934400 -0.200800
vn 0.562000 -0.825300 -0.054100
vn 0.209600 -0.977000 0.040200
vn -0.004200 -0.886800 -0.462200
vn 0.351400 -0.876800 -0.328100
vn 0.678600 -0.690500 -0.250400
vn 0.163000 -0.683000 -0.712000
vn -0.321700 -0.459600 -0.827800
vn -0.322600 -0.806500 -0.495500
vn -0.468600 -0.610400 -0.638700
vn -0.102700 -0.201400 -0.974100
vn -0.242500 -0.670800 -0.700900
vn -0.104600 -0.964200 -0.243700
vn -0.003100 -0.423800 -0.905700
vn 0.296000 -0.160900 -0.941500
vn 0.211400 0.082200 -0.973900
vn 0.563800 -0.020500 -0.825700
vn 0.353400 -0.292100 -0.888700
vn -0.934200 -0.212300 0.286800
vn -0.835000 -0.007900 0.550200
vn -0.983000 0.069600 0.169800
vn -0.904600 -0.425800 -0.017600
vn -0.827100 -0.407000 0.387600
vn -0.728100 -0.225700 0.647300
vn -0.703400 -0.702700 0.106900
vn -0.464800 -0.808900 -0.360100
vn -0.818100 -0.454000 -0.352800
vn -0.623500 -0.610600 -0.488300
vn -0.196200 -0.973300 -0.119300
vn -0.692500 -0.684500 -0.227700
vn -0.976300 -0.190100 -0.103200
vn -0.429900 -0.902500 -0.027300
vn -0.210100 -0.939200 0.271600
vn 0.069400 -0.986600 0.147600
vn -0.000200 -0.845900 0.533300
vn -0.402400 -0.833700 0.378200
vn -0.366400 0.341100 0.865700
vn -0.486700 0.553600 0.675700
vn -0.646700 0.175000 0.742400
vn -0.063000 -0.084400 0.994400
vn -0.009600 0.446500 0.894700
vn -0.128900 0.635600 0.761200
vn 0.152800 0.131300 0.979500
vn 0.357500 -0.386200 0.850300
vn 0.187800 -0.662700 0.725000
vn 0.565600 -0.503200 0.653400
vn 0.465200 -0.030600 0.884700
vn -0.021800 -0.552800 0.833000
vn 0.265700 0.602800 0.752400
vn 0.619500 0.247600 0.744900
vn 0.525400 0.508700 0.682100
vn 0.373000 0.353600 0.857800
vn 0.651400 -0.147600 0.744300
vn -0.365200 0.850500 0.378500
vn -0.645300 0.735300 0.207200
vn -0.486300 0.651700 0.582100
vn -0.008700 0.874200 0.485500
vn -0.270900 0.946600 0.174600
vn -0.533700 0.845700 -0.001000
vn 0.154900 0.972300 0.174800
vn 0.620900 0.732200 0.280100
vn 0.266000 0.724900 0.635500
vn 0.525900 0.658400 0.538400
vn 0.653200 0.748500 -0.114400
vn 0.374100 0.840900 0.391000
vn -0.128800 0.732600 0.668400
vn 0.467700 0.883800 0.009100
vn 0.434100 0.543700 -0.718200
vn 0.361400 0.864800 -0.348600
vn 0.568500 0.672700 -0.473500
vn 0.192000 0.752000 -0.630500
vn 0.155500 0.955000 -0.252600
vn 0.856600 -0.376200 0.353100
vn 0.661500 -0.501500 0.557600
vn 0.736500 -0.652400 0.178700
vn 0.949100 -0.277500 0.149200
vn 0.884200 -0.021300 0.466600
vn 0.745800 -0.145700 0.650000
vn 0.976300 0.148700 0.157200
vn 0.858300 0.366600 -0.359200
vn 0.738400 0.204000 -0.642800
vn 0.663700 0.577100 -0.476000
vn 0.885200 0.465100 -0.000200
vn 0.950000 0.159100 -0.268800
vn 0.844100 -0.009000 -0.536100
vn 0.739400 0.250200 0.625000
vn 0.740000 0.612800 0.277500
vn 0.671400 0.512200 0.535500
vn 0.850300 0.363200 0.380900
vn 0.747500 0.653900 -0.116600
vn -0.975100 0.153900 0.159600
vn -0.985800 -0.115500 -0.122100
vn -0.846700 -0.367300 -0.385000
vn -0.726600 -0.474500 -0.496800
vn 0.153200 -0.978800 0.135700
vn -0.122100 -0.982500 -0.140500
vn -0.379000 -0.836800 -0.395200
vn -0.488200 -0.713800 -0.502200
vn -0.378100 -0.358000 -0.853800
vn -0.119800 -0.097400 -0.988000
vn 0.156700 0.177700 -0.971500
vn -0.487700 -0.469800 -0.735900
vn 0.222700 0.674200 0.704200
vn -0.167200 0.682000 0.712000
vn -0.532200 0.585900 0.611200
vn 0.408400 0.631000 0.659500
vn 0.689800 0.204500 0.694500
vn 0.696000 -0.185100 0.693800
vn 0.596300 -0.547000 0.587500
vn 0.646800 0.391300 0.654600
vn 0.599100 0.608800 -0.520100
vn 0.698100 0.699400 -0.153600
vn 0.690800 0.683600 0.235800
vn 0.647000 0.635800 0.420900
vn 0.268000 -0.814000 0.515300
vn -0.156700 -0.632300 0.758700
vn -0.215600 -0.740600 0.636400
vn -0.616900 -0.170700 0.768300
vn -0.801600 0.259600 0.538600
vn -0.157900 -0.631600 0.759100
vn -0.616200 -0.171800 0.768700
vn -0.812000 0.330500 0.481000
vn 0.269700 0.550200 -0.790300
vn -0.157100 0.783700 -0.601000
vn -0.018400 0.856100 -0.516500
vn -0.617400 0.774200 -0.139500
vn -0.801200 0.528300 0.281000
vn -0.157300 0.783800 -0.600800
vn -0.691200 0.687300 -0.223200
vn -0.617000 0.774400 -0.140100
vn 0.769800 -0.144600 -0.621600
vn 0.679300 -0.222900 -0.699200
vn 0.768400 -0.617000 -0.169700
vn 0.530800 -0.809200 0.252100
vn 0.532700 0.286100 -0.796500
vn 0.770100 -0.145300 -0.621200
vn 0.768600 -0.616600 -0.170300
vn 0.470900 -0.821100 0.322700
vn -0.535000 -0.037600 0.844000
vn 0.843600 -0.536000 -0.030300
vn 0.434100 0.545700 -0.716800
vn 0.403900 0.425800 -0.809700
vn 0.472400 0.492900 -0.730700
vn 0.613000 0.488100 0.621300
vn 0.576100 0.569400 0.586500
vn 0.575400 0.571300 0.585200
vn 0.818800 -0.397100 -0.414500
vn 0.754700 -0.451900 -0.475600
vn 0.788400 -0.424300 -0.445400
vn 0.816300 -0.407100 -0.409800
vn 0.878800 -0.297700 -0.372900
vn 0.868800 -0.349600 -0.350600
vn 0.577700 0.566100 0.588000
vn 0.696100 0.498400 0.516800
vn 0.575000 0.568100 0.588800
vn 0.693300 -0.425000 -0.582000
vn 0.747200 -0.359800 -0.558700
vn -0.483200 0.808800 -0.335100
vn -0.418100 0.814000 -0.403300
vn -0.482700 0.809000 -0.335400
vn 0.781200 -0.431700 -0.451000
vn 0.774400 -0.444000 -0.450900
vn 0.781300 -0.431500 -0.450900
vn 0.536200 0.642400 0.547500
vn 0.574200 0.568500 0.589100
vn 0.715900 0.484800 0.502400
vn 0.738100 0.568000 0.364000
vn 0.575900 0.561800 0.593900
vn 0.574400 0.563900 0.593400
vn 0.690100 0.500400 0.522900
vn -0.422900 0.809300 -0.407600
vn -0.433000 0.799100 -0.417000
vn -0.422800 0.809400 -0.407500
vn 0.816200 -0.403400 -0.413700
vn 0.731300 -0.541600 -0.414600
vn 0.773800 -0.443600 -0.452100
vn 0.575700 0.569300 0.586900
vn 0.344700 0.549000 0.761400
vn 0.572300 0.565700 0.593700
vn 0.694700 -0.429900 -0.576700
vn 0.732800 -0.537200 -0.417600
vn 0.489500 0.605400 0.627600
vn 0.574500 0.568100 0.589200
vn -0.358800 0.863200 -0.355200
vn -0.347800 0.820900 -0.452900
vn -0.309400 0.871600 -0.380300
vn -0.410100 -0.430200 0.804200
vn -0.392400 -0.544400 0.741400
vn -0.380500 -0.532700 0.756000
vn -0.743400 0.507700 0.435500
vn -0.816300 0.402100 0.414800
vn -0.813800 0.456700 0.359500
vn 0.462400 -0.763600 0.450700
vn 0.352800 -0.822200 0.446600
vn 0.430600 -0.750800 0.500800
vn -0.328200 -0.382700 0.863600
vn -0.443300 -0.385900 0.809000
vn -0.359100 -0.327700 0.873900
vn -0.421100 0.865000 -0.273000
vn -0.418200 0.813900 -0.403300
vn -0.355300 0.871100 -0.339000
vn -0.418800 0.813300 -0.403900
vn 0.523100 0.667800 0.529600
vn -0.757000 0.454700 0.469300
vn -0.814100 0.343800 0.468000
vn -0.442300 -0.305700 0.843100
vn -0.427100 -0.447600 0.785700
vn 0.686500 0.503700 0.524400
vn 0.458200 0.369300 -0.808500
vn 0.526500 0.454100 -0.718700
vn 0.514000 -0.749600 0.417000
vn 0.407700 -0.823300 0.395100
vn -0.355500 0.870700 -0.339800
vn 0.574900 0.568400 0.588500
vn 0.536900 0.639600 0.550100
vn 0.616700 0.525500 0.586100
vn 0.673100 0.513900 0.531800
vn 0.866900 -0.389400 -0.311200
vn 0.813300 -0.461300 -0.354600
vn -0.355600 0.870900 -0.339200
vn -0.274400 -0.410900 0.869400
vn -0.387600 -0.441700 0.809100
vn 0.574000 0.563300 0.594300
vn 0.535800 0.643300 0.546900
vn 0.535800 0.643400 0.546700
vn -0.418100 0.813900 -0.403300
vn -0.468600 -0.356300 0.808400
vn -0.426700 -0.447700 0.785800
vn 0.575300 0.571600 0.585000
vn -0.356800 0.870200 -0.339800
vn -0.433100 0.799100 -0.416900
vn -0.418700 0.813300 -0.403900
vn 0.534600 0.523600 0.663400
vn -0.384800 0.872300 -0.301700
vn -0.403000 0.823300 -0.399800
vn 0.537000 0.636600 0.553500
vn -0.365500 0.864200 -0.345800
vn -0.393300 0.766700 -0.507500
vn 0.755000 -0.451200 -0.475800
vn -0.400400 0.769000 -0.498300
vn 0.507400 0.452500 -0.733400
vn -0.293400 0.885900 -0.359200
vn -0.457300 0.820400 -0.343200
vn -0.343900 0.875200 -0.340200
vn -0.355600 -0.332300 0.873600
vn 0.442900 -0.745800 0.497700
vn 0.461200 -0.820000 0.339000
vn 0.462500 -0.763400 0.450900
vn 0.529400 0.610500 0.589100
vn 0.536200 0.565800 0.626400
vn 0.857800 -0.362700 -0.364100
vn 0.813800 -0.350700 -0.463400
vn -0.755600 0.455800 0.470400
vn -0.739800 0.503900 0.445800
vn -0.740700 0.426200 0.519300
vn -0.332100 -0.493300 0.804000
vn -0.329300 -0.383800 0.862700
vn 0.596700 0.575500 0.559300
vn -0.398100 -0.537700 0.743300
vn 0.575900 0.525800 0.626000
vn 0.879000 -0.370800 -0.299800
vn 0.603700 0.594700 0.530900
vn 0.586700 0.586800 0.558000
vn 0.348300 0.478600 -0.806000
vn 0.458400 0.479200 -0.748500
vn 0.595700 0.694700 -0.403100
vn 0.304700 0.689200 -0.657400
vn 0.631200 0.775200 0.025900
vn 0.464900 0.809500 -0.358500
vn 0.144600 0.824700 -0.546800
vn 0.555100 0.792900 -0.251400
vn 0.393400 0.863800 -0.314700
vn 0.566900 0.713800 0.411200
vn 0.656300 0.664300 0.357700
vn 0.733600 0.663800 0.145600
vn 0.667600 0.701700 0.248800
vn 0.711300 0.702800 -0.008600
vn 0.528900 0.847300 -0.049100
vn -0.086500 0.895600 -0.436300
vn -0.079000 0.974400 -0.210600
vn 0.258000 0.946300 -0.195100
vn 0.229300 0.973300 -0.013500
vn 0.973300 -0.082800 -0.214200
vn 0.891100 -0.084700 -0.445900
vn 0.867000 -0.311600 -0.389000
vn 0.682300 0.717300 0.141200
vn 0.946400 0.254800 -0.198600
vn 0.974900 0.222300 -0.014900
vn 0.817600 0.153500 -0.555000
vn 0.716700 0.697300 -0.010500
vn 0.861900 0.395700 -0.317200
vn 0.670200 0.648300 0.361300
vn 0.721100 0.556200 0.413200
vn 0.774900 0.631500 0.028200
vn 0.711000 0.656600 0.251500
vn 0.849400 0.525600 -0.047100
vn 0.676100 0.322600 -0.662400
vn 0.683200 0.609200 -0.402800
vn 0.804300 0.474700 -0.357500
vn 0.794200 0.552600 -0.252600
vn -0.469000 0.553900 0.687900
vn -0.663600 0.297900 0.686200
vn -0.742900 0.421100 0.520400
vn -0.006400 0.560000 0.828500
vn -0.349900 0.407500 0.843500
vn -0.554500 0.103400 0.825700
vn -0.221900 0.304000 0.926500
vn -0.333900 0.247400 0.909600
vn 0.401000 0.487000 0.775900
vn 0.350900 0.587400 0.729300
vn 0.120300 0.312300 0.942300
vn 0.250200 0.499200 0.829600
vn -0.044700 0.426700 0.903300
vn -0.006500 0.366800 0.930300
vn -0.449000 -0.128200 0.884300
vn -0.137500 -0.079600 0.987300
vn -0.217500 0.140000 0.966000
vn -0.113200 -0.753800 0.647300
vn -0.313200 -0.511000 0.800500
vn 0.042900 -0.851500 0.522600
vn -0.084600 -0.704800 0.704300
vn -0.217600 -0.444700 0.868800
vn 0.093300 -0.749600 0.655200
vn 0.204900 -0.608700 0.766500
vn 0.890300 -0.406600 -0.204900
vn 0.662900 -0.737900 -0.126700
vn 0.776600 -0.501500 -0.381400
vn 0.983300 -0.178900 0.031800
vn 0.749700 -0.661700 -0.013700
vn 0.532800 -0.845200 0.041600
vn 0.654700 -0.734100 0.180300
vn 0.680200 -0.730500 0.060300
vn 0.543700 -0.356800 0.759700
vn 0.609900 -0.384100 0.693100
vn 0.884300 0.036900 0.465400
vn 0.119400 -0.412500 0.903100
vn 0.807300 -0.513200 0.291300
vn 0.564700 -0.507400 0.650900
vn 0.818700 -0.030200 -0.573500
vn 0.835700 -0.287400 -0.468000
vn 0.655100 -0.101100 -0.748700
vn 0.751000 0.111100 -0.650900
vn 0.851500 -0.014200 -0.524100
vn 0.952600 -0.066000 -0.297100
vn 0.811200 0.187000 -0.554100
vn -0.294600 0.847200 -0.442100
vn 0.125900 0.881500 -0.455000
vn -0.049400 0.744200 -0.666100
vn 0.236900 0.967200 0.091100
vn -0.051900 0.969800 -0.238300
vn 0.104500 0.620900 -0.776900
vn 0.370200 0.804000 -0.465300
vn 0.210600 0.825800 -0.523100
vn 0.963900 0.266200 -0.002900
vn 0.533000 0.800900 0.273000
vn 0.770400 0.635000 0.057800
vn 0.845500 0.533000 -0.032800
vn 0.643600 0.760700 0.084600
vn -0.609600 0.792200 0.028200
vn -0.234600 0.970800 -0.049300
vn -0.699800 0.682800 0.210000
vn -0.427500 0.881100 0.202400
vn -0.137900 0.856900 0.496700
vn 0.072900 0.966000 0.248200
vn -0.288100 0.730700 0.618900
vn -0.452900 0.012600 0.891500
vn -0.619900 -0.032400 0.784000
vn -0.367500 -0.234200 0.900100
vn -0.229900 0.281700 0.931500
vn -0.527600 0.159000 0.834500
vn -0.743800 0.167600 0.647000
vn -0.444800 0.213200 0.869900
vn 0.228900 0.799900 0.554900
vn 0.004200 0.251000 0.968000
vn 0.027900 0.608500 0.793100
vn -0.226900 -0.043900 0.972900
vn -0.032000 -0.186400 0.982000
vn -0.081900 -0.490100 0.867800
vn 0.346700 0.086400 0.934000
vn 0.180500 -0.258100 0.949100
vn 0.136200 -0.583300 0.800800
vn 0.300000 -0.262300 0.917200
vn 0.278800 -0.354600 0.892500
vn 0.603300 0.338800 0.722000
vn 0.509700 0.383400 0.770200
vn 0.581700 -0.026600 0.813000
vn 0.526700 0.227100 0.819200
vn 0.402000 -0.054700 0.914000
vn 0.460100 -0.072500 0.884900
vn 0.315600 -0.680700 0.661100
vn 0.569400 -0.479000 0.668200
vn 0.436600 -0.374500 0.818000
vn 0.878800 -0.465900 -0.102800
vn 0.975700 -0.206800 -0.072400
vn 0.809000 -0.575500 0.119900
vn 0.949800 -0.252500 0.184900
vn 0.930400 0.055500 0.362300
vn 0.874300 -0.372400 0.311200
vn 0.838100 -0.111200 0.534000
vn 0.670500 -0.487600 0.559200
vn 0.670200 -0.681800 0.293300
vn 0.798200 -0.068700 0.598500
vn 0.812100 -0.403100 0.421800
vn 0.848200 -0.326000 0.417500
vn 0.766000 0.358900 0.533300
vn 0.709100 0.301300 0.637500
vn 0.788200 0.179800 0.588600
vn 0.887700 -0.101400 0.449100
vn -0.675500 0.668200 0.311700
vn -0.481100 0.662000 0.574700
vn -0.569600 0.810400 0.137200
vn -0.394900 0.807700 0.437900
vn -0.062100 0.789500 0.610700
vn -0.317700 0.841800 0.436500
vn -0.093600 0.881900 0.462100
vn -0.203000 0.977200 -0.062800
vn -0.460000 0.883400 -0.089500
vn 0.063300 0.926500 0.371100
vn -0.244500 0.948700 0.200300
vn -0.101400 0.828800 0.550300
vn -0.363800 0.871600 0.328500
vn 0.309900 0.697900 0.645700
vn 0.369400 0.757500 0.538300
vn 0.188200 0.778400 0.598800
vn -0.510200 0.634000 0.581200
vn -0.718200 0.628200 0.299300
vn -0.174800 0.723000 0.668300
vn -0.501200 0.750800 0.430200
vn -0.637200 0.767300 0.072700
vn -0.222500 0.821500 0.525000
vn -0.459500 0.862400 0.212600
vn 0.385100 0.726200 0.569600
vn 0.082000 0.868300 0.489200
vn 0.195000 0.732400 0.652400
vn 0.311700 0.851900 0.421000
vn -0.079500 0.966600 0.243800
vn -0.274700 0.904000 0.327600
vn -0.492800 0.857900 -0.145500
vn -0.168800 0.981400 -0.091000
vn -0.367000 0.884200 -0.289100
vn -0.303400 0.952000 0.040600
vn 0.080700 0.983100 0.164100
vn -0.718200 0.271300 0.640700
vn -0.513800 0.556200 0.653300
vn -0.635000 0.038600 0.771600
vn -0.504200 0.397800 0.766500
vn -0.179900 0.641300 0.745900
vn -0.459200 0.174400 0.871100
vn -0.225800 0.491800 0.840900
vn -0.162300 -0.136600 0.977200
vn -0.486800 -0.184500 0.853800
vn 0.083700 0.122500 0.988900
vn -0.301100 -0.001900 0.953600
vn -0.079600 0.203500 0.975800
vn 0.380200 0.544000 0.748000
vn 0.078600 0.455400 0.886800
vn 0.309500 0.388500 0.867900
vn 0.188300 0.626000 0.756800
vn -0.275700 0.289100 0.916800
vn 0.979400 -0.175500 -0.100300
vn 0.853500 -0.496100 -0.159300
vn 0.985300 0.070200 0.155700
vn 0.950600 -0.309200 0.027800
vn 0.765200 -0.641300 0.056500
vn 0.968600 -0.089100 0.232000
vn 0.863000 -0.465300 0.197000
vn 0.737100 0.370800 0.565000
vn 0.874900 0.069800 0.479300
vn 0.859200 0.299000 0.415300
vn 0.743100 0.180900 0.644300
vn 0.826900 -0.233300 0.511600
vn 0.906500 -0.282900 0.313300
vn 0.629700 -0.723900 0.281800
vn 0.642300 -0.519000 0.563900
vn 0.509800 -0.746800 0.427200
vn 0.754600 -0.508900 0.414200
vn 0.732500 -0.187100 0.654500
vn 0.854600 -0.149700 -0.497300
vn 0.979200 -0.104000 -0.174400
vn 0.765900 0.073000 -0.638800
vn 0.951100 0.030800 -0.307300
vn 0.986000 0.147300 0.078100
vn 0.863300 0.207300 -0.460100
vn 0.969700 0.230400 -0.080700
vn 0.640000 0.581100 -0.502700
vn 0.629700 0.302900 -0.715400
vn 0.731300 0.661000 -0.168500
vn 0.754300 0.427800 -0.498000
vn 0.827400 0.517000 -0.219200
vn 0.737700 0.552400 0.388300
vn 0.876100 0.474700 0.083900
vn 0.743500 0.638300 0.199300
vn 0.860200 0.403000 0.312400
vn 0.907300 0.318400 -0.274600
vn 0.290400 0.644200 -0.707500
vn 0.568900 0.653800 -0.498900
vn 0.435800 0.526100 -0.730300
vn 0.065200 0.777200 -0.625900
vn 0.420000 0.764700 -0.488800
vn 0.654400 0.737500 -0.166900
vn 0.203200 0.871500 -0.446300
vn 0.512900 0.831700 -0.212700
vn -0.096300 0.982200 -0.161300
vn -0.151300 0.863000 -0.482000
vn 0.155600 0.984000 0.086300
vn 0.032400 0.955800 -0.292200
vn 0.233200 0.969900 -0.070700
vn 0.560100 0.732500 0.386900
vn 0.477800 0.874100 0.088200
vn 0.411900 0.854800 0.315600
vn 0.640600 0.741600 0.199100
vn 0.316900 0.911300 -0.262800
vn -0.139400 -0.518100 0.843900
vn -0.083000 -0.201200 0.976000
vn -0.278900 -0.400200 0.872900
vn 0.076700 -0.654800 0.751900
vn 0.044900 -0.327600 0.943700
vn 0.164300 0.049500 0.985200
vn 0.214700 -0.476300 0.852700
vn 0.241700 -0.104700 0.964700
vn 0.575200 -0.516900 0.633900
vn 0.300300 -0.728300 0.616000
vn 0.659000 -0.187300 0.728400
vn 0.429300 -0.512100 0.744000
vn 0.520300 -0.237700 0.820200
vn 0.560200 0.366100 0.743100
vn 0.482300 0.061500 0.873800
vn 0.642200 0.179400 0.745300
vn 0.415400 0.288000 0.862900
vn 0.325500 -0.294100 0.898700
vn 0.917800 -0.274500 -0.286800
vn 0.983000 -0.125500 -0.134000
vn 0.996800 -0.054700 -0.058300
vn 1.000000 -0.001600 -0.005100
vn 0.994100 0.075800 0.077000
vn 0.798800 0.417400 0.433300
vn 0.883600 -0.322800 -0.339300
vn 0.832500 0.385100 0.398300
vn -0.150600 0.979600 -0.132900
vn -0.148900 0.980100 -0.131000
vn 0.134500 0.979300 0.151100
vn 0.136300 0.978700 0.153600
vn 0.387000 0.830200 0.401200
vn 0.387400 0.829700 0.401900
vn -0.349400 -0.370100 0.860800
vn -0.229200 -0.250800 0.940500
vn 0.253800 0.234400 0.938400
vn -0.150600 -0.172600 0.973400
vn 0.139600 0.119500 0.983000
vn -0.143900 -0.767800 0.624300
vn 0.051300 -0.871300 0.488100
vn 0.490200 -0.870900 0.035800
vn 0.620900 -0.766800 -0.162800
vn -0.158200 -0.758100 0.632700
vn 0.049500 -0.871100 0.488500
vn 0.488800 -0.871600 0.037700
vn 0.625500 -0.761200 -0.171200
vn -0.781300 0.603900 0.157600
vn -0.775500 0.136800 0.616400
vn -0.530500 -0.285300 0.798200
vn -0.543400 0.796800 -0.264200
vn -0.544000 0.796500 -0.264000
vn -0.781400 0.603700 0.158000
vn -0.781300 0.603900 0.157900
vn -0.775200 0.136100 0.616900
vn -0.530000 -0.285800 0.798400
vn 0.582400 -0.165200 -0.795900
vn 0.499500 0.086500 -0.862000
vn 0.026100 0.508600 -0.860600
vn -0.159100 0.647700 -0.745100
vn 0.586200 -0.173700 -0.791300
vn 0.452300 0.040500 -0.891000
vn 0.453800 0.040100 -0.890200
vn 0.026800 0.507600 -0.861200
vn -0.177900 0.659400 -0.730500
vn 0.211400 0.678900 0.703100
vn -0.180400 0.683600 0.707200
vn -0.539600 0.585500 0.605000
vn 0.889900 0.315700 0.329200
vn 0.998700 0.032100 0.040300
vn 0.954800 -0.211600 -0.209000
vn 0.984900 0.117700 0.127300
vn 0.673500 0.670200 0.311800
vn 0.703700 0.709300 -0.041300
vn 0.624600 0.639400 -0.448400
vn -0.143300 0.982500 -0.118900
vn 0.152500 0.972300 0.177300
vn 0.397300 0.816400 0.419000
vn -0.142000 0.982300 -0.121900
vn 0.147900 0.974600 0.168300
vn 0.394300 0.821300 0.412300
vn -0.146200 0.980900 -0.128200
vn 0.140700 0.977200 0.158700
vn 0.390200 0.826900 0.405000
vn 0.386100 0.360300 0.849200
vn 0.138200 0.096200 0.985700
vn -0.133900 -0.186100 0.973400
vn 0.688800 0.213300 0.692800
vn 0.696900 -0.178600 0.694500
vn 0.597900 -0.543000 0.589700
vn 0.924600 -0.266300 -0.272600
vn 0.999300 -0.028500 -0.026200
vn 0.914800 0.279000 0.292200
vn 0.320400 0.889700 0.325300
vn 0.119400 0.985100 0.124200
vn 0.033100 0.998700 0.037800
vn -0.209300 0.956100 -0.205000
vn -0.532800 0.588500 0.608000
vn -0.168800 0.685000 0.708800
vn 0.221200 0.677300 0.701700
vn 0.407200 0.634200 0.657200
vn 0.975200 -0.158500 -0.154600
vn 0.985600 0.114500 0.124200
vn 0.846000 0.369800 0.384000
vn 0.725700 0.478500 0.494300
vn 0.594000 0.610300 -0.524100
vn 0.694100 0.702300 -0.157800
vn 0.688400 0.687300 0.231900
vn 0.645700 0.640000 0.416500
vn -0.137900 -0.190100 0.972000
vn 0.132500 0.090100 0.987100
vn 0.383100 0.357000 0.851900
vn 0.488800 0.472600 0.733300
vn 0.597700 -0.542900 0.589900
vn 0.696500 -0.180600 0.694400
vn 0.689500 0.209300 0.693400
vn 0.646000 0.395900 0.652700
vn -0.150100 0.977900 -0.145500
vn 0.125500 0.983500 0.130400
vn 0.382300 0.839100 0.386900
vn 0.490500 0.717300 0.494800
vn 0.782200 -0.589700 -0.201300
vn 0.704200 -0.709900 -0.009900
vn 0.586700 -0.788800 0.183400
vn -0.179000 -0.614100 0.768700
vn 0.010000 -0.725400 0.688300
vn 0.199300 -0.796500 0.570800
vn -0.577100 -0.226400 0.784600
vn -0.702000 -0.024200 0.711700
vn -0.783200 0.179500 0.595300
vn -0.585800 0.788500 -0.187100
vn -0.706100 0.708100 0.007300
vn -0.784000 0.586300 0.203900
vn 0.192900 0.602700 -0.774300
vn -0.000300 0.717300 -0.696700
vn -0.192700 0.791900 -0.579500
vn 0.586700 0.209900 -0.782100
vn 0.706100 0.009800 -0.708000
vn 0.783900 -0.190300 -0.591000
vn -0.467400 -0.357300 0.808600
vn -0.017700 -0.765500 0.643200
vn 0.188100 0.911900 -0.364900
vn 0.757900 0.631600 -0.163400
vn -0.470300 0.835700 0.283500
vn 0.048200 -0.997200 0.057700
vn -0.005900 -0.999700 -0.023900
vn 0.052700 -0.997100 0.054300
vn 0.607900 0.332900 0.720900
vn 0.623000 0.424900 0.656800
vn 0.582900 0.424100 0.693100
vn -0.070800 -0.993300 -0.091400
vn -0.740000 0.290800 -0.606500
vn -0.747300 0.381400 -0.544200
vn -0.773400 0.287800 -0.564900
vn 0.072600 -0.996800 0.033600
vn 0.069000 -0.996900 0.037900
vn 0.565200 0.331200 0.755500
vn 0.542300 0.422100 0.726500
vn -0.571000 0.295000 -0.766100
vn -0.489700 0.385800 -0.781900
vn -0.551700 0.389000 -0.737800
vn -0.664100 0.295500 -0.686800
vn -0.680300 0.387600 -0.622100
vn -0.704500 0.293300 -0.646200
vn 0.064800 -0.997000 0.041600
vn 0.060800 -0.997100 0.045700
vn -0.075000 -0.993300 -0.087800
vn -0.781400 0.376100 -0.498000
vn -0.808200 0.282800 -0.516600
vn 0.820300 0.321000 0.473400
vn 0.758100 0.416600 0.501800
vn 0.789200 0.326100 0.520400
vn 0.756200 0.329400 0.565400
vn 0.693500 0.423000 0.583200
vn 0.722900 0.331900 0.605900
vn -0.815300 0.369000 -0.446400
vn -0.842400 0.276200 -0.462700
vn -0.839300 0.362500 -0.405100
vn -0.866400 0.270600 -0.419600
vn 0.862700 0.314600 0.396000
vn 0.815000 0.405500 0.413900
vn 0.846100 0.316900 0.428500
vn -0.005900 -0.999700 -0.023800
vn 0.076900 -0.996600 0.029700
vn -0.849900 0.359200 -0.385700
vn -0.876500 0.268800 -0.399500
vn -0.680500 0.390400 -0.620000
vn -0.846700 0.106800 -0.521200
vn 0.947400 0.261100 0.185100
vn 0.832300 0.400700 0.383000
vn 0.086400 -0.996000 0.021000
vn 0.081600 -0.996400 0.024900
vn 0.521800 0.328700 0.787200
vn 0.500700 0.419000 0.757500
vn 0.480200 0.325900 0.814300
vn 0.460900 0.415100 0.784400
vn -0.444000 0.289700 -0.847900
vn -0.399800 0.377900 -0.835100
vn -0.430300 0.381000 -0.818300
vn -0.066700 -0.993200 -0.095200
vn 0.450400 0.324900 0.831600
vn 0.432700 0.411800 0.802000
vn 0.225100 0.276000 0.934400
vn 0.225500 0.372400 0.900300
vn -0.412500 0.288100 -0.864200
vn -0.627400 0.392500 -0.672500
vn -0.056100 -0.993100 -0.103300
vn 0.596300 0.497000 0.630400
vn 0.558000 0.496300 0.665100
vn 0.005900 0.999700 0.023900
vn 0.072400 0.994700 0.072500
vn -0.714600 0.385000 -0.584000
vn -0.718600 0.460200 -0.521400
vn -0.063700 0.997700 -0.021700
vn 0.005900 0.999700 0.023800
vn -0.067000 0.997600 -0.017600
vn 0.519400 0.494300 0.697000
vn 0.479700 0.491300 0.727000
vn -0.641100 0.389300 -0.661400
vn -0.575000 0.469000 -0.670400
vn -0.615800 0.468300 -0.633600
vn -0.653500 0.466900 -0.595700
vn -0.598800 0.389800 -0.699600
vn -0.529800 0.468400 -0.707100
vn 0.660100 0.424500 0.619800
vn 0.725800 0.420500 0.544400
vn 0.663900 0.495600 0.560000
vn 0.695000 0.493400 0.523000
vn -0.785400 0.447600 -0.427600
vn -0.061100 0.997800 -0.026000
vn 0.788700 0.411400 0.456800
vn 0.726500 0.488900 0.482900
vn 0.756400 0.483700 0.440400
vn -0.820600 0.435500 -0.370100
vn -0.071500 0.997300 -0.014900
vn 0.782400 0.477700 0.399600
vn 0.914400 0.357100 0.190600
vn 0.800200 0.471400 0.370900
vn -0.789500 0.472500 -0.391700
vn 0.055100 0.994500 0.089300
vn -0.470100 0.465200 -0.750100
vn -0.413400 0.458600 -0.786600
vn 0.442600 0.486900 0.753000
vn 0.415900 0.482400 0.770900
vn 0.048100 0.994200 0.096500
vn 0.051300 0.994400 0.092500
vn -0.384800 0.453000 -0.804200
vn -0.573700 0.554700 -0.602700
vn 0.228200 0.445800 0.865500
vn -0.620200 0.296000 -0.726400
vn 0.016000 -0.088400 0.996000
vn 0.048200 0.013500 0.998700
vn 0.065700 0.113200 0.991400
vn -0.047100 0.998200 -0.038500
vn -0.042900 0.998200 -0.041600
vn -0.686800 0.464200 -0.559300
vn -0.050700 0.998100 -0.035100
vn -0.051700 -0.992600 -0.109800
vn 0.056900 -0.997100 0.050300
vn -0.034200 0.998100 -0.051000
vn 0.997200 -0.074000 -0.007200
vn 0.969400 -0.240400 -0.050500
vn 0.999200 0.027500 0.029100
vn 0.966800 0.093300 -0.237800
vn 0.990500 0.127800 0.050300
vn 0.076000 0.994700 0.068900
vn 0.688200 0.333300 0.644500
vn 0.058800 0.994600 0.086100
vn 0.631800 0.497100 0.594800
vn -0.005900 -0.997300 0.072900
vn -0.049800 -0.992100 -0.115000
vn 0.023500 -0.996300 0.083200
vn 0.041900 -0.996900 0.066000
vn 0.032300 0.993000 0.113300
vn 0.046100 0.994000 0.099200
vn -0.032200 0.998000 -0.055100
vn 0.012300 0.992900 0.118500
vn 0.089900 -0.995800 0.018500
vn -0.082100 -0.993400 -0.080400
vn -0.751900 0.455200 -0.476900
vn 0.086800 0.994500 0.059100
vn 0.005800 0.999700 0.023700
vn -0.079100 -0.993300 -0.084800
vn -0.085600 -0.993400 -0.075900
vn -0.054300 0.998000 -0.032100
vn -0.506400 0.292500 -0.811200
vn -0.037800 0.998200 -0.045500
vn -0.005800 -0.999700 -0.023700
vn 0.104200 -0.994600 0.001800
vn -0.098500 -0.992900 -0.067000
vn 0.090200 -0.995600 -0.025800
vn -0.074500 0.997100 -0.013800
vn 0.100800 0.994500 0.028300
vn 0.020800 0.999700 -0.008700
vn 0.098000 0.994100 0.046900
vn -0.022600 -0.291900 0.956200
vn -0.089300 -0.465700 0.880400
vn 0.044000 -0.997100 0.062100
vn 0.023000 -0.140500 0.989800
vn 0.083500 0.994600 0.061500
vn 0.649600 0.333700 0.683100
vn -0.057400 0.997900 -0.028700
vn 0.079300 0.994700 0.064800
vn -0.090500 -0.993300 -0.071200
vn -0.809700 0.440000 -0.388200
vn 0.879900 0.432300 0.197300
vn 0.068800 0.994800 0.075600
vn 0.065700 0.994700 0.079100
vn 0.062300 0.994600 0.082500
vn -0.062300 -0.993100 -0.099700
vn -0.094800 -0.993100 -0.068300
vn 0.896600 -0.424800 -0.124800
vn 0.661900 -0.720300 -0.207500
vn 0.770600 -0.489300 -0.408300
vn 0.791000 -0.606900 -0.077500
vn 0.372600 -0.908600 -0.188600
vn 0.601500 -0.703700 -0.378200
vn 0.228300 -0.507300 -0.831000
vn 0.385300 -0.876500 -0.288500
vn -0.308200 -0.926300 -0.216700
vn 0.245200 -0.966200 -0.079800
vn -0.011300 -0.997500 -0.070200
vn -0.338600 -0.902600 -0.265900
vn -0.004500 -0.982500 -0.186100
vn 0.526700 -0.847400 -0.067200
vn -0.007300 -0.969400 -0.245200
vn -0.694400 -0.425600 -0.580300
vn -0.870600 -0.144100 -0.470500
vn -0.736300 -0.243400 -0.631400
vn -0.664700 -0.382300 -0.641900
vn -0.745000 -0.461400 -0.481600
vn -0.863200 -0.300500 -0.405800
vn -0.423800 -0.711100 -0.561000
vn -0.165700 -0.751500 0.638600
vn -0.045200 -0.638200 0.768600
vn -0.137600 -0.457300 0.878600
vn -0.215400 -0.745300 0.630900
vn -0.153000 -0.924700 0.348600
vn -0.037400 -0.864200 0.501800
vn -0.248500 -0.897900 0.363500
vn -0.521000 0.125000 -0.844300
vn -0.565800 -0.421400 -0.708800
vn -0.588900 -0.164200 -0.791400
vn -0.473400 -0.126400 -0.871700
vn -0.471100 -0.446200 -0.760900
vn -0.822900 -0.567700 0.022500
vn -0.695700 -0.439800 -0.568000
vn -0.786300 -0.579500 0.214300
vn -0.536000 -0.722300 -0.437100
vn -0.054600 -0.973000 0.224400
vn -0.200900 -0.923900 -0.325700
vn -0.050800 -0.998300 -0.029400
vn -0.162100 -0.986500 -0.023900
vn -0.247700 -0.902000 -0.353500
vn -0.216900 -0.975900 -0.023900
vn 0.868700 0.487000 -0.090800
vn 0.975900 0.217200 0.021100
vn 0.900700 0.053500 -0.431100
vn 0.984100 -0.012000 -0.177400
vn 0.867200 0.497800 0.009300
vn 0.694700 0.719000 0.022200
vn 0.524400 0.835700 -0.162800
vn -0.545300 0.771300 -0.328200
vn -0.761600 0.490700 -0.423400
vn -0.686200 0.651600 -0.323400
vn -0.295200 0.931300 -0.213700
vn -0.498000 0.792100 -0.352900
vn -0.270300 0.922600 -0.275300
vn 0.325400 0.945600 -0.003500
vn -0.205700 0.971900 -0.114800
vn 0.049800 0.994600 -0.091100
vn -0.452500 0.866100 -0.212600
vn 0.056700 0.991500 -0.117100
vn -0.060300 0.465700 0.882900
vn -0.018100 -0.145100 0.989200
vn 0.033700 0.181100 0.982900
vn 0.016500 0.466800 0.884200
vn -0.125100 0.495600 0.859500
vn -0.169100 0.819800 0.547100
vn -0.132200 0.973500 -0.186700
vn -0.013700 0.938600 0.344900
vn -0.025900 0.998900 0.039400
vn -0.229800 0.871600 -0.433100
vn -0.105700 0.992000 0.069700
vn 0.022400 0.699400 0.714400
vn -0.230400 0.933600 -0.274400
vn -0.132800 0.988400 0.074000
vn -0.366500 0.772200 -0.519100
vn -0.338400 0.663400 -0.667400
vn -0.691400 0.543700 -0.475700
vn -0.520900 0.507000 -0.686700
vn -0.291800 0.921600 -0.255900
vn 0.311500 -0.910600 0.271600
vn 0.293900 -0.910800 0.290000
vn 0.464900 -0.780700 0.417700
vn 0.439100 -0.781100 0.443900
vn 0.668500 -0.273100 0.691800
vn 0.733000 -0.016900 0.680000
vn 0.692200 -0.016800 0.721500
vn 0.328000 -0.909800 0.254300
vn 0.488200 -0.779900 0.391800
vn 0.708200 -0.272700 0.651200
vn 0.769300 -0.017500 0.638600
vn -0.293500 -0.900200 -0.321800
vn -0.274800 -0.899900 -0.338800
vn -0.437600 -0.767200 -0.469000
vn -0.615600 -0.298000 -0.729500
vn -0.691000 -0.052800 -0.720900
vn -0.658000 -0.298000 -0.691600
vn -0.253900 -0.899000 -0.356800
vn -0.408600 -0.766700 -0.495100
vn -0.566900 -0.298000 -0.768000
vn -0.645600 -0.051900 -0.761900
vn 0.255600 -0.910400 0.325200
vn 0.274900 -0.910600 0.308600
vn 0.382800 -0.780700 0.494000
vn 0.625000 -0.273300 0.731200
vn 0.602300 -0.018300 0.798000
vn 0.581100 -0.273700 0.766400
vn 0.411100 -0.781000 0.470200
vn 0.647700 -0.017400 0.761700
vn -0.311800 -0.899700 -0.305400
vn -0.327500 -0.899700 -0.288600
vn -0.465200 -0.765900 -0.443700
vn -0.488000 -0.766800 -0.417000
vn -0.731600 -0.299700 -0.612300
vn -0.732800 -0.054200 -0.678300
vn -0.769000 -0.055500 -0.636800
vn -0.697500 -0.299400 -0.651000
vn -0.342700 -0.899500 -0.271000
vn -0.358300 -0.899300 -0.250900
vn -0.511900 -0.765400 -0.390000
vn -0.536200 -0.763800 -0.359300
vn -0.796900 -0.300900 -0.523700
vn -0.803200 -0.057800 -0.592800
vn -0.838200 -0.059700 -0.542000
vn -0.763700 -0.301700 -0.570700
vn 0.344300 -0.908800 0.235800
vn 0.511500 -0.778100 0.364500
vn 0.743800 -0.272000 0.610600
vn 0.803800 -0.019000 0.594600
vn 0.360900 -0.907300 0.216000
vn 0.534500 -0.775700 0.335500
vn 0.776900 -0.272900 0.567500
vn 0.837600 -0.019300 0.545900
vn 0.378600 -0.904800 0.194800
vn 0.558300 -0.771600 0.305100
vn 0.809800 -0.271400 0.520100
vn 0.868400 -0.020600 0.495400
vn 0.396900 -0.900700 0.176700
vn 0.581100 -0.764300 0.279600
vn 0.840500 -0.268400 0.470700
vn 0.894200 -0.018800 0.447300
vn -0.376200 -0.897700 -0.229300
vn -0.392900 -0.894500 -0.213100
vn -0.562300 -0.760700 -0.324200
vn -0.584600 -0.754200 -0.299100
vn -0.853100 -0.296800 -0.429100
vn -0.872200 -0.061800 -0.485100
vn -0.896000 -0.061100 -0.439800
vn -0.829500 -0.299700 -0.471200
vn 0.443200 -0.892500 0.084100
vn 0.373700 -0.927000 -0.030500
vn 0.819900 -0.548300 0.164900
vn 0.704700 -0.708700 -0.032500
vn 0.979200 -0.074400 0.188800
vn 0.928100 -0.371200 -0.028700
vn 0.177900 -0.982200 0.060800
vn 0.603400 -0.753700 0.260600
vn 0.868600 -0.260200 0.421800
vn 0.911000 -0.012500 0.412200
vn 0.615200 -0.745900 0.255300
vn 0.888200 -0.243900 0.389400
vn -0.403600 -0.891400 -0.206200
vn -0.595700 -0.749500 -0.288800
vn -0.905900 -0.058300 -0.419500
vn -0.864900 -0.291800 -0.408500
vn -0.226800 -0.898700 -0.375300
vn -0.376400 -0.765100 -0.522400
vn -0.504700 -0.295100 -0.811300
vn -0.593800 -0.052500 -0.802900
vn -0.204800 -0.893500 -0.399700
vn -0.334200 -0.762200 -0.554400
vn -0.446500 -0.287000 -0.847500
vn -0.525600 -0.052000 -0.849100
vn 0.218200 -0.907000 0.360200
vn 0.235900 -0.910000 0.340900
vn 0.330500 -0.773800 0.540400
vn 0.534500 -0.271400 0.800400
vn 0.511100 -0.016300 0.859400
vn 0.489400 -0.264100 0.831100
vn 0.354700 -0.779600 0.516200
vn 0.555200 -0.018900 0.831500
vn -0.005400 -0.933400 0.358700
vn -0.003700 -0.719200 0.694800
vn -0.001000 -0.384300 0.923200
vn 0.118700 -0.899700 0.420100
vn 0.215100 -0.553900 0.804300
vn 0.239100 -0.066400 0.968700
vn -0.194500 -0.888100 -0.416400
vn -0.296500 -0.751700 -0.589100
vn -0.415200 -0.276300 -0.866700
vn -0.460500 -0.046300 -0.886500
vn -0.428500 -0.039200 -0.902700
vn -0.281900 -0.742200 -0.608000
vn -0.407000 -0.282100 -0.868800
vn 0.208200 -0.903100 0.375500
vn 0.459700 -0.247600 0.852900
vn 0.314900 -0.766100 0.560300
vn 0.479000 -0.009500 0.877800
vn 0.506200 0.672700 0.539700
vn 0.536600 0.672400 0.509800
vn 0.368300 0.839900 0.398600
vn 0.390600 0.839500 0.377800
vn 0.208100 0.949900 0.233200
vn 0.219900 0.950100 0.221500
vn 0.564100 0.671500 0.480500
vn 0.410600 0.839400 0.356200
vn 0.231100 0.950100 0.209300
vn -0.490000 0.662100 -0.567000
vn -0.524900 0.661700 -0.535300
vn -0.353200 0.844600 -0.402400
vn -0.378400 0.844400 -0.379300
vn -0.190400 0.959400 -0.208100
vn -0.204300 0.959100 -0.195900
vn -0.451700 0.661700 -0.598400
vn -0.325500 0.844500 -0.425300
vn -0.175300 0.959500 -0.220700
vn 0.473700 0.672200 0.569100
vn 0.441500 0.670400 0.596300
vn 0.345000 0.839100 0.420500
vn 0.321800 0.838000 0.440700
vn 0.194700 0.949700 0.245300
vn 0.182000 0.949000 0.257400
vn -0.586300 0.658100 -0.472400
vn -0.557400 0.660300 -0.503300
vn -0.423500 0.842000 -0.334300
vn -0.402300 0.843100 -0.356900
vn -0.229100 0.958200 -0.171300
vn -0.217500 0.958500 -0.184200
vn -0.643900 0.650300 -0.403100
vn -0.614200 0.654700 -0.440600
vn -0.466900 0.837000 -0.285300
vn -0.444100 0.840000 -0.311700
vn -0.253200 0.956400 -0.145300
vn -0.241200 0.957200 -0.160000
vn 0.591100 0.669800 0.449500
vn 0.431000 0.838200 0.334200
vn 0.243100 0.949700 0.197400
vn 0.619000 0.665900 0.416400
vn 0.451900 0.836300 0.310500
vn 0.255200 0.949200 0.184400
vn 0.645900 0.661500 0.381100
vn 0.473100 0.833400 0.285600
vn 0.267900 0.948200 0.170600
vn 0.670800 0.655100 0.347700
vn 0.494200 0.828700 0.262800
vn 0.280800 0.946600 0.158300
vn -0.698900 0.634700 -0.329800
vn -0.674800 0.643100 -0.362100
vn -0.511800 0.826500 -0.234600
vn -0.490700 0.832800 -0.256400
vn -0.280000 0.952600 -0.118700
vn -0.266500 0.955000 -0.130300
vn 0.910100 0.410800 0.053700
vn 0.757900 0.626400 0.182000
vn 0.689200 0.722800 0.050700
vn 0.561000 0.815100 0.144600
vn 0.373900 0.926600 0.040200
vn 0.322600 0.941700 0.096000
vn 0.689300 0.647900 0.324300
vn 0.512300 0.822400 0.247500
vn 0.293200 0.944100 0.150900
vn -0.710600 0.629100 -0.315000
vn -0.523600 0.821700 -0.225100
vn -0.289100 0.950400 -0.114400
vn -0.401100 0.659000 -0.636300
vn -0.289800 0.842700 -0.453700
vn -0.156300 0.959100 -0.236100
vn -0.354700 0.650700 -0.671400
vn -0.258100 0.836900 -0.482700
vn -0.140200 0.957000 -0.253800
vn 0.408200 0.667300 0.622900
vn 0.378000 0.663100 0.646100
vn 0.298300 0.836000 0.460500
vn 0.276900 0.832600 0.479700
vn 0.168900 0.948400 0.268400
vn 0.157300 0.946700 0.281000
vn 0.062500 0.396200 0.916000
vn 0.050000 0.710600 0.701800
vn 0.030400 0.919900 0.390900
vn 0.202500 0.634000 0.746400
vn 0.152100 0.816400 0.557000
vn 0.091300 0.939800 0.329400
vn -0.331900 0.642500 -0.690700
vn -0.243400 0.830300 -0.501300
vn -0.133100 0.954500 -0.266900
vn 0.356800 0.656500 0.664600
vn 0.263500 0.827200 0.496300
vn 0.150400 0.944900 0.290600
vn -0.812300 0.374200 -0.447400
vn -0.485500 0.385800 -0.784500
vn -0.945800 0.175700 0.273300
vn -0.945900 0.175800 0.272800
vn -0.059600 -0.286700 0.956200
vn -0.795900 0.373400 -0.476600
vn 0.259200 0.228300 -0.938400
vn 0.968700 -0.232800 -0.085500
vn -0.449300 0.387600 -0.804900
vn 0.632600 0.770000 -0.083200
vn -0.288300 0.881200 -0.374700
vn -0.995100 0.099200 0.003300
vn -0.995300 0.009800 -0.096500
vn -0.988100 0.139000 -0.066700
vn 1.000000 -0.005300 0.008100
vn 1.000000 -0.000400 0.000200
vn 1.000000 -0.000900 -0.001200
vn -0.013500 0.056500 -0.998300
vn -0.033600 0.024900 -0.999100
vn 0.065700 0.025300 -0.997500
vn -0.124700 0.090500 -0.988100
vn 0.065100 0.023800 -0.997600
vn 0.989900 -0.100600 -0.099600
vn 1.000000 -0.005700 -0.000100
vn 0.994600 -0.103600 -0.002400
vn 0.012000 -0.030500 0.999500
vn -0.004200 -0.025200 0.999700
vn 0.087500 0.066300 0.994000
vn -0.993100 0.103500 0.055300
vn -1.000000 0.007900 0.001400
vn 0.073100 -0.997000 -0.024600
vn -0.007500 -0.997200 0.074300
vn -0.007500 -0.999700 -0.024300
vn 0.995500 0.062900 0.071500
vn 0.996600 -0.038500 0.073100
vn 0.015300 0.999600 0.022300
vn 0.005500 0.999700 0.021800
vn 0.003300 0.999700 0.023600
vn -0.992800 0.109000 0.049300
vn -1.000000 0.006900 -0.000400
vn -0.996100 0.088300 0.001500
vn 0.007500 0.997200 -0.074300
vn 0.080900 0.992000 0.097100
vn 0.077500 0.996900 -0.010700
vn -0.991200 -0.092600 0.094400
vn -0.995200 0.004600 0.097500
vn 0.004500 0.999700 0.023900
vn -0.144700 0.981300 -0.127300
vn -0.001500 -0.027400 0.999600
vn -0.165200 -0.186500 0.968500
vn -0.011500 -0.224900 0.974300
vn -0.000900 -0.025500 0.999700
vn 0.656200 -0.202800 0.726800
vn 0.707200 -0.023300 0.706700
vn 0.647300 -0.024300 0.761800
vn 0.001100 0.128800 -0.991700
vn -0.097200 0.024500 -0.995000
vn 0.000600 0.024200 -0.999700
vn 1.000000 -0.003300 -0.002400
vn 0.994900 -0.003400 0.100400
vn 1.000000 -0.000800 -0.004100
vn 0.968000 -0.174000 -0.180900
vn 0.987400 0.057400 -0.147100
vn -0.017400 0.999800 0.004000
vn 0.003000 0.999800 0.021300
vn -0.085400 0.996100 0.021100
vn 0.705600 0.056500 0.706300
vn 0.762100 -0.022200 0.647100
vn -0.606300 -0.503900 -0.615200
vn -0.604500 -0.591500 -0.533600
vn -0.744600 -0.459100 -0.484600
vn -0.000400 -0.024500 0.999700
vn 0.097100 -0.024600 0.995000
vn 0.093900 0.072600 0.992900
vn 1.000000 -0.002700 -0.000300
vn 0.995600 -0.093700 -0.002200
vn 0.005000 0.999600 0.027800
vn 0.005000 0.997000 -0.077600
vn 0.101400 0.994600 0.021800
vn 0.025000 0.984300 -0.174900
vn 0.995400 0.095700 0.001600
vn -0.007800 -0.996800 0.079100
vn -0.105800 -0.994100 -0.023800
vn -0.078900 -0.991200 0.106200
vn 0.708800 0.699400 0.091500
vn 0.652100 0.757900 0.018500
vn 0.711000 0.703000 0.017500
vn 1.000000 0.000200 -0.000900
vn 0.988100 -0.139800 0.064600
vn 0.742300 0.659800 0.116800
vn 0.765500 0.643200 0.016400
vn 0.036600 -0.997000 0.068700
vn 0.005700 0.999700 0.024500
vn 0.004600 0.992200 0.124500
vn 0.102100 0.987300 0.121600
vn -0.003100 -0.014300 0.999900
vn 0.003800 -0.024200 0.999700
vn -0.085100 -0.023300 0.996100
vn 0.999400 -0.024500 -0.024000
vn -0.193300 0.980400 0.039100
vn -0.996500 0.006400 0.082800
vn -0.994300 0.106200 0.003800
vn -0.000800 -0.073100 -0.997300
vn 0.127200 -0.045400 -0.990800
vn -0.251500 0.677600 0.691100
vn 0.002100 0.637300 0.770600
vn -0.329400 0.658200 0.677000
vn -0.515300 -0.593100 -0.618700
vn -0.462200 -0.448200 -0.765200
vn -0.570900 0.603900 0.556200
vn -0.578500 0.621500 0.528300
vn 0.121800 -0.988100 -0.094300
vn -0.005700 -0.999700 -0.023900
vn 0.099400 -0.994800 -0.023700
vn -0.002000 0.071800 0.997400
vn -0.003100 -0.027400 0.999600
vn -0.994400 0.004400 0.105600
vn -0.995800 -0.091000 -0.002800
vn -0.188700 -0.021000 0.981800
vn -0.469700 -0.733700 -0.490900
vn -0.578600 -0.564400 -0.588800
vn 0.990600 0.093600 0.099500
vn 0.096400 -0.073600 -0.992600
vn -0.233500 0.674500 0.700300
vn -0.414800 0.771000 0.483200
vn 0.161600 0.604600 0.780000
vn -0.095800 0.121000 -0.988000
vn 0.001300 0.122000 -0.992500
vn 0.687900 0.137000 0.712800
vn 0.727300 0.185300 0.660800
vn 0.704600 0.074900 0.705600
vn 0.660300 0.716600 0.224500
vn 0.707500 0.697300 0.115300
vn -0.104200 -0.991900 0.073100
vn 0.770900 0.612500 0.174900
vn -0.000900 0.999500 0.032600
vn 0.094900 0.989300 0.110400
vn 0.105700 0.119200 -0.987200
vn 0.081700 0.023800 -0.996400
vn 0.050700 0.230800 -0.971700
vn -0.989800 0.107200 -0.093900
vn -0.022500 -0.044000 0.998800
vn -0.097800 -0.119500 0.988000
vn -0.000600 -0.023900 0.999700
vn -0.099000 -0.023100 0.994800
vn 0.068900 0.045000 0.996600
vn -0.030400 0.050400 0.998300
vn 0.994900 0.001800 -0.101300
vn 0.999900 0.013400 -0.005300
vn 0.995100 -0.003400 -0.098600
vn 0.991200 0.115900 -0.064000
vn 0.091300 -0.988500 -0.120200
vn 0.091600 -0.995500 -0.023800
vn -0.092600 0.995400 0.023900
vn -0.021200 0.995300 0.094100
vn -0.089800 0.993200 -0.073700
vn 0.007500 0.999700 0.023900
vn -0.004100 -0.120100 0.992700
vn -0.001300 -0.121900 0.992500
vn 0.073600 -0.054700 0.995800
vn -0.976900 0.050900 0.207800
vn 0.992900 0.083300 0.085400
vn -0.024200 -0.999400 0.026300
vn -0.005600 -0.998300 0.057200
vn 0.153500 -0.984800 0.080600
vn -0.905000 0.258300 -0.338000
vn -0.850600 0.517300 -0.093700
vn -0.593200 0.553100 -0.584900
vn -0.652100 0.659900 -0.373200
vn -0.512600 0.846400 -0.144000
vn -0.380900 0.663000 -0.644500
vn -0.410900 0.816500 -0.405500
vn -0.100800 0.531200 -0.841300
vn -0.343000 0.267200 -0.900500
vn -0.070000 0.155200 -0.985400
vn -0.161700 0.867800 -0.469900
vn -0.182700 0.958300 -0.219500
vn -0.116500 0.986200 -0.118000
vn -0.682700 0.270900 0.678600
vn -0.666200 0.292800 0.685900
vn -0.562700 0.354200 0.746900
vn -0.490500 0.346900 0.799400
vn -0.441100 0.317300 0.839500
vn 0.263700 0.615400 0.742800
vn -0.781800 -0.250700 0.570900
vn -0.513800 -0.032200 0.857300
vn -0.678100 -0.125600 0.724100
vn -0.246000 -0.277200 -0.928800
vn -0.151200 -0.161500 -0.975200
vn -0.135300 -0.142200 -0.980500
vn -0.868200 0.495600 0.023100
vn -0.952600 0.256400 0.164000
vn 0.271300 0.806300 0.525600
vn 0.582800 -0.051000 0.811000
vn 0.636500 -0.316900 0.703200
vn -0.231200 0.777700 0.584600
vn -0.231200 0.777800 0.584500
vn -0.804100 -0.365400 -0.468900
vn -0.800600 -0.373800 -0.468200
vn -0.737400 -0.502800 -0.451000
vn 0.288300 0.683500 -0.670600
vn 0.315200 0.685900 -0.655900
vn 0.348900 0.734100 -0.582600
vn 0.375400 0.917500 0.131500
vn 0.673900 0.679100 0.290900
vn 0.673800 0.679100 0.291100
vn -0.201500 0.583500 -0.786700
vn -0.118600 0.679000 -0.724500
vn -0.230500 0.546100 -0.805400
vn 0.336500 0.790200 -0.512300
vn 0.172200 -0.976000 0.133400
vn 0.037000 -0.998900 0.030000
vn 0.813800 -0.231900 0.532900
vn 0.090400 0.858700 0.504400
vn -0.071700 0.662700 0.745400
vn -0.068300 0.661200 0.747100
vn 0.118600 0.575500 0.809200
vn -0.061500 -0.869400 -0.490200
vn -0.505800 -0.734800 -0.451900
vn -0.089800 -0.866500 -0.491000
vn -0.856000 -0.108900 0.505400
vn -0.909100 -0.344000 0.235100
vn -0.989400 -0.067000 0.129000
vn -0.527000 -0.155700 0.835500
vn -0.660900 -0.398600 0.635900
vn -0.602800 -0.605400 0.519600
vn -0.170400 -0.507700 0.844500
vn -0.193400 -0.261800 0.945600
vn -0.120500 -0.164000 0.979100
vn -0.352600 -0.909300 0.221200
vn -0.112700 -0.866300 0.486700
vn -0.392800 -0.671200 0.628700
vn -0.422400 -0.438600 0.793200
vn 0.439900 -0.633700 0.636300
vn 0.196200 -0.858600 0.473600
vn 0.137400 -0.893400 0.427800
vn 0.330700 -0.333400 0.882900
vn 0.368900 -0.073200 0.926600
vn 0.318300 -0.391600 0.863400
vn 0.780100 0.547300 0.303300
vn 0.648300 0.618400 0.444100
vn 0.530000 -0.243900 0.812200
vn -0.035000 -0.644200 0.764100
vn -0.113800 -0.735500 0.667900
vn -0.030700 -0.638900 0.768700
vn 0.498400 -0.857300 -0.128700
vn 0.236500 -0.899300 -0.367900
vn 0.815500 -0.550300 -0.178900
vn 0.639300 -0.651900 -0.408000
vn 0.528700 -0.585300 -0.614800
vn 0.799100 -0.416200 -0.433900
vn 0.640900 -0.376300 -0.669100
vn 0.849500 -0.161400 -0.502300
vn 0.949200 -0.193800 -0.248000
vn 0.980500 -0.125000 -0.151600
vn 0.240400 -0.322500 -0.915500
vn 0.502000 -0.086800 -0.860500
vn 0.792000 0.520100 0.319900
vn 0.824300 0.550300 0.132700
vn 0.824800 0.510000 0.244100
vn 0.499100 0.480400 0.721100
vn 0.499100 0.480400 0.721200
vn 0.854900 0.518500 -0.018600
vn 0.892000 0.337500 -0.300600
vn 0.885500 0.381100 -0.265800
vn 0.823800 0.562100 0.073400
vn 0.573400 -0.350100 -0.740700
vn -0.492500 0.845200 -0.207400
vn -0.121300 0.913100 0.389300
vn -0.605000 0.754200 -0.255500
vn -0.361100 0.896300 0.257300
vn -0.124400 0.690900 0.712100
vn -0.417200 0.807800 0.416400
vn -0.340800 0.657000 0.672500
vn -0.942000 -0.223400 -0.250600
vn -0.785500 -0.180400 -0.592000
vn -0.786400 -0.576400 -0.222300
vn -0.944500 -0.305600 -0.120400
vn -0.942300 -0.082500 -0.324600
vn -0.749400 0.007400 -0.662000
vn -0.998100 -0.028100 -0.054200
vn -0.377600 0.235300 0.895600
vn -0.505600 -0.297000 0.810100
vn -0.121000 0.364700 0.923200
vn -0.629000 -0.291600 0.720700
vn -0.428100 0.397800 0.811500
vn 0.863700 -0.218300 -0.454300
vn 0.922700 0.369100 -0.111700
vn 0.762500 -0.241600 -0.600200
vn 0.903700 0.251000 -0.346800
vn 0.708800 0.697600 -0.105300
vn 0.820100 0.416200 -0.392700
vn 0.675200 0.668500 -0.311700
vn -0.210600 -0.203200 -0.956200
vn -0.183800 -0.567300 -0.802800
vn -0.579600 -0.173700 -0.796200
vn -0.299000 -0.067900 -0.951800
vn -0.071500 -0.291400 -0.953900
vn -0.002000 -0.646500 -0.762900
vn -0.006100 -0.004800 -1.000000
vn 0.380500 0.919200 -0.101800
vn -0.248300 0.850600 -0.463400
vn 0.261700 0.905000 -0.335300
vn -0.248700 0.769300 -0.588400
vn 0.427300 0.816700 -0.387700
vn 0.126500 0.903100 0.410500
vn 0.388200 0.909800 0.146900
vn 0.106900 0.685900 0.719800
vn 0.359700 0.849600 0.385600
vn 0.701500 0.701300 0.127000
vn 0.571300 0.565500 0.594800
vn 0.664800 0.661300 0.347400
vn 0.379500 0.102400 0.919500
vn 0.121700 0.365000 0.923000
vn 0.694800 0.090900 0.713400
vn 0.354800 0.343200 0.869700
vn 0.321500 0.651800 0.686800
vn 0.913000 0.384700 0.135400
vn 0.910300 0.117000 0.397100
vn 0.854800 0.357000 0.376700
vn 0.661800 0.313000 0.681200
vn 0.172500 -0.392700 0.903300
vn 0.363300 -0.144400 0.920400
vn -0.138300 -0.677300 0.722600
vn -0.117800 -0.479700 0.869500
vn 0.679200 -0.109200 0.725800
vn 0.081200 -0.483900 0.871400
vn 0.356700 -0.250500 0.900000
vn -0.329100 -0.878300 -0.346800
vn -0.583400 -0.774800 -0.243500
vn -0.167100 -0.780700 -0.602200
vn -0.073000 -0.885800 -0.458200
vn -0.453600 -0.878900 -0.147600
vn -0.659000 -0.747900 -0.079700
vn 0.253800 -0.934600 0.249200
vn 0.250000 -0.934700 0.252700
vn 0.446600 -0.893700 0.042800
vn 0.910100 -0.132200 0.392800
vn 0.882300 -0.422100 -0.208300
vn 0.916800 -0.345800 0.200000
vn 0.782900 -0.566800 -0.256500
vn 0.888700 -0.237400 0.392300
vn 0.891400 -0.441100 0.104100
vn -0.985600 0.167700 0.021500
vn -0.905100 0.423100 0.042000
vn -0.885500 0.463500 0.031100
vn -0.553600 0.601700 0.575700
vn -0.380000 0.684300 0.622400
vn -0.712900 0.506500 0.485000
vn -0.735900 0.674500 0.058500
vn -0.673900 0.737000 0.051200
vn -0.441800 0.741700 0.504600
vn -0.522100 0.773600 0.359100
vn 0.648100 0.305600 0.697500
vn 0.524400 0.058500 0.849400
vn 0.554100 0.518900 0.651000
vn 0.299800 0.766700 0.567700
vn 0.390300 0.819200 0.420200
vn 0.176300 0.492200 0.852400
vn 0.176300 0.491800 0.852700
vn 0.846900 0.521800 0.102200
vn -0.317900 0.944000 0.088700
vn 0.188700 0.935300 0.299400
vn -0.438300 0.892500 0.106400
vn 0.271800 0.790900 0.548300
vn 0.407000 0.720000 0.562100
vn -0.917700 0.387700 -0.086700
vn -0.920200 0.113100 -0.374800
vn -0.699000 0.711300 -0.073800
vn -0.846700 0.388800 -0.363200
vn -0.703700 0.114200 -0.701300
vn -0.656500 0.674300 -0.338100
vn -0.658300 0.376300 -0.652000
vn -0.089800 0.929900 -0.356700
vn -0.371300 0.925500 -0.074800
vn -0.086100 0.721300 -0.687200
vn -0.367100 0.860700 -0.352900
vn -0.349700 0.679000 -0.645500
vn -0.377300 0.122100 -0.918000
vn -0.094200 0.401100 -0.911200
vn -0.370500 0.396800 -0.839800
vn 0.204000 0.528600 -0.824000
vn 0.285100 0.290500 -0.913400
vn 0.080400 0.481300 -0.872900
vn 0.110500 0.660800 -0.742400
vn 0.473600 0.534700 -0.699900
vn 0.336900 0.747400 -0.572700
vn 0.283800 0.937000 0.203900
vn 0.074300 0.950300 -0.302400
vn 0.554000 0.717100 0.422800
vn 0.536000 0.794700 0.284800
vn 0.090700 0.900900 -0.424400
vn 0.038300 0.752100 -0.658000
vn 0.688500 0.582500 0.431900
vn 0.676700 0.518600 0.522700
vn 0.769200 0.348000 0.536000
vn 0.839700 0.510600 0.185000
vn 0.584800 0.756200 0.293700
vn -0.923300 -0.374100 0.087600
vn -0.921500 -0.099600 0.375400
vn -0.709200 -0.701000 0.074600
vn -0.852300 -0.376000 0.363500
vn -0.705300 -0.103500 0.701300
vn -0.666000 -0.664600 0.338700
vn -0.664100 -0.366100 0.651900
vn -0.104600 -0.928600 0.356100
vn -0.385100 -0.919800 0.075000
vn -0.097500 -0.720200 0.686800
vn -0.379900 -0.855200 0.352600
vn -0.359900 -0.674700 0.644400
vn -0.379400 -0.116600 0.917800
vn -0.100300 -0.399600 0.911200
vn -0.376700 -0.390900 0.839800
vn -0.835500 0.194300 0.513900
vn -0.913900 0.165900 0.370500
vn -0.884400 0.074000 0.460900
vn -0.757900 0.095200 0.645400
vn -0.709500 0.462500 0.531700
vn -0.587800 0.318900 0.743500
vn 0.180800 0.250900 0.951000
vn -0.325300 0.047000 0.944400
vn 0.408400 0.527000 0.745300
vn 0.269100 0.508400 0.818000
vn -0.445200 0.066200 0.893000
vn -0.672400 0.022800 0.739800
vn 0.421200 0.667000 0.614500
vn 0.513500 0.656800 0.552200
vn 0.455900 0.841000 0.291300
vn 0.176500 0.822100 0.541300
vn 0.278600 0.559000 0.780900
vn 0.096400 -0.986100 0.135100
vn 0.276100 -0.802600 0.528800
vn 0.074000 -0.913100 0.400900
vn 0.852900 -0.493000 0.171900
vn 0.551400 -0.667200 0.500900
vn 0.250400 -0.519100 0.817200
vn 0.062400 -0.658000 0.750500
vn 0.544600 -0.248800 0.801000
vn 0.757400 0.339600 0.557600
vn 0.824000 0.516200 0.233400
vn 0.697900 0.566200 0.438500
vn 0.532500 0.148900 0.833300
vn 0.763100 0.234400 0.602300
vn 0.085300 -0.340800 0.936200
vn 0.287700 0.138500 0.947700
vn 0.252100 -0.129000 0.959100
vn 0.501500 0.382900 0.775800
vn 0.543600 -0.796800 0.263800
vn 0.142300 -0.980300 0.137000
vn 0.418700 -0.906200 0.059200
vn 0.826500 -0.508200 0.242300
vn 0.180700 -0.503500 0.844900
vn 0.512900 -0.665900 0.541700
vn 0.095100 -0.402600 0.910400
vn 0.805300 -0.242800 0.540900
vn 0.944900 0.150500 0.290700
vn 0.942000 -0.325800 0.080300
vn 0.768400 0.388600 0.508500
vn 0.961000 -0.116500 0.250800
vn 0.762400 -0.645100 0.052100
vn 0.830100 0.155600 0.535400
vn 0.550700 0.337200 0.763600
vn 0.427300 0.562900 0.707500
vn 0.223300 0.506900 0.832600
vn 0.597100 0.232500 0.767700
vn 0.092100 -0.911900 -0.399900
vn 0.372800 -0.920300 -0.119000
vn 0.087900 -0.687400 -0.721000
vn 0.368400 -0.842400 -0.393300
vn 0.700200 -0.705700 -0.108500
vn 0.350900 -0.646800 -0.677200
vn 0.657000 -0.656500 -0.370700
vn 0.377700 -0.077500 -0.922700
vn 0.095200 -0.357000 -0.929200
vn 0.703500 -0.079200 -0.706300
vn 0.371000 -0.355300 -0.858000
vn 0.658600 -0.342600 -0.669900
vn 0.918500 -0.380900 -0.106300
vn 0.920000 -0.093500 -0.380700
vn 0.847300 -0.368900 -0.382000
vn 0.003300 0.134200 -0.990900
vn 0.167300 0.332100 -0.928300
vn 0.339800 0.127300 -0.931900
vn -0.243200 0.524200 -0.816100
vn -0.215100 0.407000 -0.887700
vn 0.684800 0.102600 -0.721400
vn 0.134700 0.448300 -0.883700
vn 0.350500 0.309500 -0.884000
vn -0.116600 0.976600 0.180600
vn -0.548500 0.825700 0.132000
vn -0.054800 0.803000 0.593500
vn 0.075100 0.966000 0.247500
vn -0.375700 0.926700 -0.005300
vn -0.632400 0.765200 -0.120400
vn 0.110800 0.992100 -0.059500
vn 0.166600 0.986000 -0.005400
vn 0.917000 0.114800 -0.382100
vn 0.915200 0.365400 0.169700
vn 0.931400 0.302700 -0.202300
vn 0.847700 0.485500 0.213700
vn 0.873600 0.298700 -0.384300
vn 0.889600 0.424800 -0.167800
vn 0.385800 0.922400 0.020300
vn 0.709500 0.704600 0.015200
vn 0.924800 0.380300 0.007900
vn 0.368100 -0.023000 0.929500
vn 0.918000 -0.010700 0.396600
vn 0.689900 -0.016800 0.723800
vn -0.238300 -0.672100 -0.701100
vn 0.044800 -0.737700 -0.673700
vn 0.874100 -0.336500 -0.350300
vn -0.016100 -0.692000 -0.721700
vn -0.000200 0.361400 0.932400
vn 0.001800 0.691700 0.722200
vn 0.003600 0.914500 0.404500
vn -0.683900 -0.241500 -0.688400
vn -0.658800 0.004800 -0.752300
vn -0.287500 0.918500 -0.271500
vn -0.706200 -0.031000 -0.707300
vn -0.676700 -0.674700 -0.294700
vn -0.753500 -0.655800 -0.046500
vn -0.318200 -0.337800 0.885800
vn -0.704600 -0.701100 -0.109300
vn -0.607900 -0.617800 0.498800
vn -0.918600 0.395200 0.009400
vn -0.694000 0.719800 0.015900
vn -0.575300 0.817800 0.017800
vn -0.359800 0.932800 0.019900
vn 0.008000 0.989800 0.142200
vn 0.099600 0.994800 -0.019000
vn 0.004900 0.948200 -0.317600
vn 0.004600 0.873800 -0.486200
vn 0.019200 0.744000 -0.667900
vn 0.003200 0.554000 -0.832500
vn 0.002600 0.426400 -0.904500
vn 0.327200 0.884500 0.332500
vn 0.438600 0.777100 0.451300
vn 0.519600 0.670200 0.529900
vn 0.541200 0.634900 0.551300
vn 0.656300 0.362400 0.661800
vn 0.452500 0.688100 0.567200
vn 0.628900 0.447400 0.635800
vn 0.775700 -0.012000 0.631000
vn -0.917200 -0.003100 0.398400
vn -0.699300 -0.012200 0.714700
vn -0.355800 -0.019900 0.934400
vn -0.870000 -0.005600 0.493000
vn -0.218800 -0.021800 0.975500
vn -0.008200 -0.926300 0.376600
vn -0.008200 -0.880900 0.473200
vn -0.007600 -0.706600 0.707600
vn -0.006600 -0.477700 0.878500
vn -0.006000 -0.391000 0.920400
vn 0.102000 -0.103000 0.989400
vn 0.312900 0.291200 0.904100
vn 0.476300 0.534500 0.698200
vn 0.545800 0.526800 0.651600
vn 0.680700 0.659900 0.318200
vn 0.204200 0.182400 0.961800
vn 0.469000 0.448200 0.761100
vn 0.650800 0.635200 0.415900
vn 0.633400 0.769400 0.082700
vn 0.992200 0.013600 0.124300
vn 0.931200 -0.364300 -0.008700
vn 0.836800 -0.547300 -0.013100
vn 0.726700 -0.686700 -0.016300
vn 0.660500 -0.750600 -0.017800
vn 0.399000 -0.916700 -0.021800
vn 0.921700 0.009200 -0.387700
vn 0.696900 0.017900 -0.717000
vn 0.358800 0.023700 -0.933100
vn 0.985700 0.073100 -0.152100
vn 0.872500 0.011700 -0.488500
vn 0.559600 0.020800 -0.828500
vn 0.869100 0.346600 0.352900
vn 0.652600 0.531000 0.540500
vn 0.672500 0.518700 0.527900
vn 0.485000 0.613200 0.623600
vn 0.450000 0.626300 0.636600
vn -0.172900 0.691000 0.701900
vn -0.563300 0.580000 0.588500
vn 0.796000 0.424400 0.431500
vn 0.661800 0.525700 0.534500
vn 0.235400 0.681600 0.692800
vn -0.379400 0.924900 0.022600
vn -0.699300 0.714600 0.018000
vn -0.918800 0.394600 0.010600
vn 0.003500 0.404600 -0.914500
vn 0.005800 0.723600 -0.690200
vn 0.007200 0.932700 -0.360500
vn 0.654400 0.369100 0.660000
vn 0.499800 0.690800 0.522500
vn 0.281600 0.912700 0.296100
vn -0.383700 -0.019400 0.923300
vn -0.705100 -0.012000 0.709000
vn -0.922200 -0.002800 0.386600
vn -0.003400 -0.404600 0.914500
vn -0.005700 -0.723700 0.690000
vn -0.007100 -0.932600 0.360700
vn 0.655400 0.639200 0.402300
vn 0.501500 0.479600 0.720100
vn 0.273200 0.248800 0.929200
vn 0.377100 -0.925900 -0.022100
vn 0.703400 -0.710600 -0.016900
vn 0.921700 -0.387800 -0.009200
vn 0.356800 0.020300 -0.934000
vn 0.921800 0.004000 -0.387700
vn 0.695200 0.013200 -0.718700
vn 0.105500 0.687500 0.718500
vn 0.195900 0.729200 0.655600
vn 0.581600 0.560800 0.589300
vn 0.906900 0.288800 0.307000
vn -0.924100 0.016000 -0.381700
vn -0.707200 0.022200 -0.706600
vn -0.707200 0.022200 -0.706700
vn -0.382300 0.024900 -0.923700
vn 0.813300 -0.021200 0.581500
vn 0.925900 -0.007100 -0.377700
vn 0.982400 -0.023800 0.185500
vn 0.979200 -0.023600 0.201300
vn 0.549800 0.005400 -0.835300
vn 0.167800 0.022500 -0.985600
vn 0.924200 0.012600 -0.381800
vn 0.923900 -0.006800 -0.382500
vn -0.985300 0.171000 0.003300
vn -0.921300 0.388800 0.001300
vn -0.376500 0.925900 0.031600
vn -0.380600 0.924600 0.014100
vn -0.376600 0.926300 0.014100
vn 0.584800 0.810900 0.019400
vn 0.387000 0.922000 0.014700
vn -0.822800 0.568400 0.003200
vn 0.207400 0.978200 0.014000
vn 0.153200 -0.987900 -0.024300
vn 0.152900 -0.980400 0.124600
vn 0.921500 -0.388300 -0.009000
vn 0.916800 -0.389400 0.088200
vn 0.814700 0.579700 0.014800
vn 0.154500 -0.987700 -0.024300
vn 0.921300 -0.388700 -0.009000
vn -0.002200 -0.359700 -0.933100
vn -0.004100 -0.688600 -0.725100
vn -0.004000 -0.689400 -0.724300
vn -0.005300 -0.914500 -0.404500
vn -0.005700 -0.992600 -0.121300
vn 0.002800 0.571700 0.820400
vn -0.002300 -0.400800 0.916200
vn -0.002300 -0.400700 0.916200
vn -0.002400 -0.397900 0.917400
vn -0.005700 -0.990600 0.136700
vn -0.986900 0.004300 0.161400
vn -0.989300 0.143400 0.025400
vn -0.386500 -0.033800 0.921700
vn -0.825200 -0.018400 0.564500
vn -0.834500 -0.017400 0.550700
vn 0.201600 -0.036800 0.978800
vn 0.582000 -0.025200 0.812800
vn -0.381700 -0.019600 0.924100
vn -0.381800 -0.034000 0.923600
vn -0.389600 -0.920700 -0.022200
vn -0.712200 -0.701800 -0.017200
vn -0.712900 -0.701100 -0.017200
vn -0.926600 -0.375900 -0.009500
vn -0.614600 0.654900 0.439700
vn -0.693400 0.715900 -0.081600
vn -0.694000 0.715900 -0.077100
vn -0.693400 0.715900 -0.081700
vn -0.504100 0.494200 -0.708200
vn -0.504600 0.495300 -0.707100
vn -0.504100 0.494200 -0.708300
vn -0.188800 0.157700 -0.969300
vn -0.612600 0.652400 0.446200
vn -0.504300 0.495100 -0.707500
vn -0.187400 0.155800 -0.969900
vn 0.290300 0.843900 -0.451200
vn 0.493400 0.499300 0.712200
vn -0.539400 -0.715500 -0.444000
vn 0.807700 0.572900 0.139300
vn 0.484000 0.626200 0.611200
vn -0.730600 -0.514400 -0.449000
vn -0.261800 -0.296500 -0.918400
vn -0.112800 0.685000 -0.719700
vn 0.482500 -0.577000 0.659000
vn 0.375300 0.006000 0.926900
vn -0.359000 -0.907300 0.218700
vn -0.433700 0.893800 -0.113800
vn -0.446600 -0.147900 0.882400
vn 0.895700 -0.111500 -0.430500
vn -0.106700 0.905000 -0.411800
vn 0.035300 -0.897600 0.439300
vn -0.270800 0.674500 0.686800
vn 0.384300 0.548500 -0.742600
vn 0.744100 0.537700 -0.396500
vn 0.923900 -0.025300 0.381700
vn 0.383200 0.011100 -0.923600
vn -0.830900 0.556400 0.003300
vn -0.002300 -0.397500 0.917600
vn -0.994000 0.087500 0.065300
vn -0.999900 0.005400 0.010900
vn -0.994200 0.082700 0.069300
vn 0.363900 0.709300 0.603800
vn 0.454300 0.642500 0.617000
vn 0.453900 0.678900 0.577100
vn -0.996600 -0.062500 -0.054400
vn 0.260600 -0.612900 -0.745900
vn 0.352600 -0.553200 -0.754800
vn 0.257600 -0.571200 -0.779400
vn -0.994000 0.062800 0.089700
vn -0.994100 0.066700 0.085600
vn 0.362000 0.744100 0.561400
vn 0.452200 0.712400 0.536600
vn 0.263000 -0.772700 -0.577700
vn 0.354500 -0.791500 -0.497800
vn 0.357900 -0.747400 -0.559700
vn 0.263800 -0.693600 -0.670300
vn 0.357800 -0.631400 -0.688000
vn 0.262500 -0.652500 -0.710900
vn -0.994100 0.070800 0.081900
vn -0.994100 0.074700 0.078000
vn -0.996500 -0.058800 -0.058800
vn 0.348100 -0.506800 -0.788700
vn 0.254400 -0.522500 -0.813800
vn 0.349000 0.461800 0.815500
vn 0.443800 0.487400 0.752000
vn 0.354300 0.508800 0.784600
vn 0.358400 0.553700 0.751700
vn 0.451500 0.568800 0.687500
vn 0.361800 0.594100 0.718400
vn 0.342000 -0.454900 -0.822300
vn 0.248200 -0.468400 -0.847900
vn 0.336300 -0.413400 -0.846200
vn 0.243900 -0.425100 -0.871700
vn 0.340500 0.384300 0.858100
vn 0.431000 0.399800 0.809000
vn 0.343600 0.416900 0.841500
vn -0.993900 0.058400 0.093700
vn 0.333400 -0.393800 -0.856600
vn 0.241900 -0.404900 -0.881800
vn 0.348000 -0.498000 -0.794300
vn 0.077100 -0.521800 -0.849600
vn 0.282700 0.174900 0.943100
vn 0.425700 0.369000 0.826200
vn -0.993500 0.049600 0.102800
vn -0.993700 0.053700 0.098000
vn 0.360700 0.775800 0.517700
vn 0.449300 0.743600 0.495100
vn 0.357500 0.803300 0.476400
vn 0.445600 0.770700 0.455400
vn 0.256300 -0.855000 -0.450800
vn 0.346500 -0.844800 -0.407800
vn 0.349600 -0.828000 -0.438300
vn -0.996500 -0.066400 -0.050500
vn 0.356400 0.820700 0.446600
vn 0.442300 0.788500 0.427400
vn 0.306500 0.925500 0.222300
vn 0.402300 0.888400 0.221000
vn 0.255100 -0.871400 -0.419000
vn 0.362000 -0.681600 -0.635900
vn -0.996400 -0.074300 -0.039600
vn 0.525300 0.614000 0.589100
vn 0.525200 0.648600 0.550900
vn 0.999900 -0.005400 -0.010900
vn 0.997500 0.043000 0.055500
vn 0.355700 -0.593200 -0.722200
vn 0.433000 -0.532500 -0.727300
vn 0.995400 -0.050800 -0.080700
vn 0.995300 -0.046700 -0.084300
vn 0.523100 0.681000 0.512400
vn 0.520500 0.710900 0.472900
vn 0.359000 -0.670800 -0.649000
vn 0.439700 -0.682100 -0.584300
vn 0.439700 -0.645300 -0.624700
vn 0.438200 -0.607400 -0.662600
vn 0.359100 -0.709200 -0.606700
vn 0.438400 -0.719200 -0.539100
vn 0.453500 0.605400 0.654100
vn 0.448300 0.530000 0.719800
vn 0.522800 0.543600 0.656600
vn 0.519500 0.506900 0.687800
vn 0.421800 -0.438400 -0.793600
vn 0.995500 -0.054700 -0.077700
vn 0.437800 0.442600 0.782600
vn 0.515100 0.466500 0.719000
vn 0.509200 0.423900 0.749000
vn 0.411100 -0.380500 -0.828400
vn 0.999900 -0.005400 -0.011000
vn 0.995100 -0.044100 -0.088600
vn 0.502300 0.383600 0.774900
vn 0.377800 0.177800 0.908700
vn 0.495700 0.354800 0.792700
vn 0.479400 -0.459000 -0.748000
vn 0.997500 0.060100 0.038300
vn 0.434700 -0.762200 -0.479600
vn 0.427800 -0.798900 -0.422700
vn 0.515900 0.737500 0.435800
vn 0.511900 0.755300 0.409300
vn 0.997300 0.067000 0.031400
vn 0.997400 0.063400 0.034800
vn 0.423000 -0.816000 -0.394000
vn 0.527300 -0.617200 -0.584000
vn 0.474500 0.851700 0.222500
vn 0.263500 -0.733500 -0.626600
vn -0.058600 0.998100 0.019500
vn 0.043500 0.997800 0.050100
vn 0.143500 0.987500 0.065800
vn 0.995600 -0.067900 -0.064300
vn 0.995700 -0.070600 -0.059700
vn 0.436300 -0.570400 -0.695900
vn 0.995600 -0.064500 -0.067700
vn -0.996200 -0.079800 -0.035000
vn -0.994100 0.079100 0.073800
vn 0.995500 -0.079500 -0.050700
vn -0.057300 -0.007600 0.998300
vn -0.207900 -0.121500 0.970600
vn 0.045200 0.025800 0.998600
vn -0.021700 -0.076100 0.996900
vn 0.145700 0.044000 0.988400
vn 0.997500 0.039300 0.058700
vn 0.363300 0.632600 0.684000
vn 0.997500 0.056500 0.042000
vn 0.524600 0.578500 0.624600
vn -0.994800 0.101300 0.011100
vn -0.995800 -0.085200 -0.033200
vn -0.992900 0.112100 0.040500
vn -0.993700 0.095300 0.059100
vn 0.996300 0.084700 0.015900
vn 0.997100 0.070600 0.029700
vn 0.995200 -0.084300 -0.049400
vn 0.995900 0.089900 -0.004200
vn -0.999900 0.005400 0.011000
vn -0.993100 0.047500 0.107200
vn -0.996500 -0.051200 -0.065500
vn 0.428400 -0.488100 -0.760400
vn 0.997000 0.030200 0.070600
vn 0.999900 -0.005500 -0.011000
vn -0.996500 -0.055100 -0.062200
vn -0.996500 -0.046900 -0.069400
vn 0.995600 -0.061000 -0.071300
vn 0.260500 -0.818000 -0.512900
vn 0.995700 -0.074300 -0.054700
vn -0.999900 0.005500 0.011000
vn -0.992300 0.030600 0.120400
vn -0.996000 -0.037000 -0.081000
vn -0.994300 0.003100 0.106600
vn 0.994900 -0.042500 -0.091100
vn 0.996500 -0.001000 0.083700
vn 0.999300 -0.038000 0.004400
vn 0.996500 0.017600 0.081200
vn -0.264200 0.964300 -0.015100
vn -0.441600 0.893600 -0.080800
vn -0.993900 0.091700 0.061400
vn -0.111400 0.993400 0.027300
vn 0.997200 0.032600 0.066900
vn 0.364300 0.671400 0.645300
vn 0.995500 -0.057900 -0.074400
vn 0.997400 0.035700 0.062900
vn -0.996400 -0.042300 -0.073800
vn 0.414900 -0.399000 -0.817700
vn 0.452500 0.182400 0.872900
vn 0.997500 0.046700 0.052400
vn 0.997500 0.050000 0.049300
vn 0.997500 0.053300 0.045700
vn -0.996500 -0.069900 -0.045500
vn -0.996200 -0.038700 -0.077800
vn -0.410800 -0.114700 0.904500
vn -0.714400 -0.187400 0.674200
vn -0.401400 -0.164500 0.901000
vn -0.595200 -0.061500 0.801200
vn -0.907400 -0.162600 0.387500
vn -0.707300 -0.237500 0.665900
vn -0.877700 -0.264000 0.399900
vn -0.937300 -0.188800 -0.293000
vn -0.963900 -0.052200 0.261100
vn -0.999100 -0.041400 0.005200
vn -0.915600 -0.237800 -0.324100
vn -0.987500 -0.157000 0.011900
vn -0.840200 -0.043500 0.540600
vn -0.976200 -0.216800 0.008300
vn -0.454200 -0.565400 -0.688500
vn -0.172000 -0.464100 -0.868900
vn -0.527800 -0.848900 0.030000
vn -0.461200 -0.706400 -0.537000
vn -0.486900 -0.466700 -0.738300
vn -0.327000 -0.394300 -0.858800
vn -0.733500 -0.539300 -0.413700
vn -0.735300 0.660500 -0.152000
vn -0.616500 0.786700 -0.033200
vn -0.433900 0.891600 -0.129900
vn -0.729500 0.653700 -0.201300
vn -0.916200 0.376600 -0.136600
vn -0.849500 0.527200 -0.022000
vn -0.890600 0.391200 -0.232000
vn 0.091600 -0.846000 -0.525200
vn -0.451700 -0.694100 -0.560500
vn -0.196600 -0.784100 -0.588700
vn -0.159800 -0.866500 -0.472800
vn -0.475500 -0.746600 -0.465300
vn -0.580200 0.041000 -0.813400
vn -0.467800 -0.552000 -0.690300
vn -0.585500 0.232700 -0.776600
vn -0.743700 -0.414400 -0.524700
vn -0.966800 0.252700 -0.037700
vn -0.936200 -0.298000 -0.186300
vn -0.999400 -0.000300 -0.034000
vn -0.989300 0.005500 -0.145600
vn -0.916000 -0.326500 -0.233200
vn -0.979700 0.006000 -0.200200
vn 0.503800 -0.088000 0.859300
vn 0.234500 0.012200 0.972000
vn -0.054600 -0.166600 0.984500
vn 0.417500 -0.160400 0.894400
vn 0.513300 -0.007500 0.858200
vn 0.730800 -0.000400 0.682600
vn 0.838900 -0.188300 0.510700
vn 0.750200 -0.355400 -0.557600
vn 0.486600 -0.529600 -0.694800
vn 0.629600 -0.340200 -0.698500
vn 0.919800 -0.239900 -0.310400
vn 0.737800 -0.399000 -0.544500
vn 0.909500 -0.301600 -0.286300
vn 0.950300 -0.031900 0.309600
vn 0.964500 -0.142500 -0.222300
vn 0.992200 -0.120300 0.033500
vn 0.851700 -0.236600 -0.467600
vn 0.988500 -0.145400 0.041500
vn 0.489200 0.869600 -0.066700
vn -0.116800 0.993100 -0.013200
vn 0.210600 0.977000 0.032400
vn 0.493500 0.869700 0.010300
vn 0.517600 0.845500 -0.131600
vn 0.831800 0.524400 -0.182000
vn 0.965400 -0.214200 -0.148900
vn 0.947600 0.318300 -0.028600
vn 0.999100 0.010000 -0.042400
vn 0.854500 -0.457700 -0.245700
vn 0.991600 0.041300 -0.122200
vn 0.719900 0.694000 0.012000
vn 0.921200 -0.300700 -0.246900
vn 0.987700 0.046400 -0.149000
vn 0.750100 -0.540900 -0.380500
vn 0.637900 -0.685600 -0.350800
vn 0.518100 -0.489500 -0.701400
vn 0.479000 -0.699300 -0.530600
vn 0.909500 -0.280300 -0.307000
vn -0.896800 0.297500 0.327400
vn -0.896900 0.315700 0.309900
vn -0.760600 0.438700 0.478600
vn -0.760700 0.465200 0.452700
vn -0.241100 0.697900 0.674400
vn 0.015500 0.678200 0.734700
vn 0.016000 0.719900 0.693900
vn -0.896600 0.279600 0.343500
vn -0.759500 0.413300 0.502300
vn -0.240700 0.657300 0.714200
vn 0.014000 0.636700 0.771000
vn -0.913700 -0.295200 -0.279200
vn -0.913600 -0.312200 -0.260500
vn -0.787200 -0.446100 -0.425900
vn -0.329300 -0.719300 -0.611700
vn -0.085300 -0.717400 -0.691400
vn -0.329400 -0.680600 -0.654400
vn -0.913400 -0.329200 -0.239500
vn -0.787400 -0.471900 -0.396500
vn -0.330200 -0.757400 -0.563300
vn -0.085600 -0.758700 -0.645900
vn -0.896400 0.350600 0.271300
vn -0.896500 0.334200 0.290900
vn -0.759400 0.515600 0.396800
vn -0.240900 0.737200 0.631300
vn 0.015200 0.796700 0.604200
vn -0.240100 0.773100 0.587100
vn -0.760000 0.491700 0.425100
vn 0.015800 0.760100 0.649600
vn -0.913600 -0.277700 -0.297100
vn -0.913100 -0.261500 -0.313000
vn -0.787600 -0.418600 -0.452200
vn -0.786200 -0.393700 -0.476400
vn -0.330300 -0.601100 -0.727700
vn -0.086200 -0.674500 -0.733200
vn -0.087100 -0.632900 -0.769300
vn -0.330000 -0.640500 -0.693500
vn -0.912900 -0.243600 -0.327600
vn -0.911900 -0.223800 -0.344000
vn -0.785400 -0.366200 -0.499000
vn -0.783300 -0.335000 -0.523600
vn -0.330400 -0.512300 -0.792700
vn -0.088800 -0.589000 -0.803300
vn -0.090000 -0.537900 -0.838200
vn -0.330600 -0.559900 -0.759700
vn -0.895600 0.261400 0.360000
vn -0.758300 0.386100 0.525300
vn -0.242700 0.616400 0.749100
vn 0.012400 0.592500 0.805500
vn -0.894300 0.241400 0.376800
vn -0.756400 0.356400 0.548500
vn -0.241700 0.573400 0.782800
vn 0.010600 0.544400 0.838700
vn -0.892300 0.220400 0.393900
vn -0.752500 0.326300 0.572100
vn -0.241900 0.526000 0.815400
vn 0.008600 0.493400 0.869700
vn -0.888600 0.201400 0.412000
vn -0.746100 0.300000 0.594400
vn -0.240900 0.475500 0.846100
vn 0.009600 0.445300 0.895300
vn -0.910100 -0.202100 -0.361800
vn -0.907200 -0.185600 -0.377700
vn -0.778600 -0.300900 -0.550600
vn -0.772800 -0.275000 -0.572000
vn -0.323200 -0.418300 -0.848900
vn -0.091100 -0.480700 -0.872200
vn -0.089000 -0.435800 -0.895600
vn -0.327900 -0.459800 -0.825300
vn -0.882200 0.109100 0.458000
vn -0.921100 -0.004400 0.389200
vn -0.530000 0.178800 0.828900
vn -0.697300 -0.013600 0.716700
vn -0.052600 0.188500 0.980700
vn -0.356100 -0.020200 0.934200
vn -0.976600 0.089500 0.195500
vn -0.735600 0.281300 0.616300
vn -0.233000 0.427100 0.873700
vn 0.015000 0.409900 0.912000
vn -0.727600 0.275700 0.628200
vn -0.217100 0.393800 0.893200
vn -0.904100 -0.178800 -0.388100
vn -0.767300 -0.265600 -0.583700
vn -0.085900 -0.414900 -0.905800
vn -0.317500 -0.397500 -0.860900
vn -0.912700 -0.349100 -0.212500
vn -0.785900 -0.499100 -0.365100
vn -0.327700 -0.800800 -0.501300
vn -0.086000 -0.799300 -0.594700
vn -0.908100 -0.372800 -0.190600
vn -0.782900 -0.531900 -0.322700
vn -0.319100 -0.837600 -0.443400
vn -0.085900 -0.845800 -0.526500
vn -0.892700 0.384900 0.234300
vn -0.895000 0.368100 0.252100
vn -0.753000 0.560300 0.345000
vn -0.239400 0.806400 0.540700
vn 0.017500 0.858100 0.513100
vn -0.231100 0.837200 0.495700
vn -0.757200 0.539100 0.368800
vn 0.015700 0.830200 0.557300
vn -0.922600 0.385700 0.011100
vn -0.698700 0.715400 0.009900
vn -0.357100 0.934000 0.007400
vn -0.885100 0.445400 0.134800
vn -0.526400 0.819700 0.225900
vn -0.034200 0.969700 0.242000
vn -0.903300 -0.389300 -0.180300
vn -0.773300 -0.566400 -0.284900
vn -0.307000 -0.857700 -0.412500
vn -0.080900 -0.883500 -0.461400
vn -0.072700 -0.900200 -0.429300
vn -0.764100 -0.585700 -0.270500
vn -0.313700 -0.858900 -0.404800
vn -0.887800 0.401600 0.224600
vn -0.215500 0.858200 0.465800
vn -0.743200 0.582500 0.329200
vn 0.024000 0.876500 0.480800
vn 0.696800 0.518300 0.495800
vn 0.696600 0.488100 0.525900
vn 0.857200 0.373100 0.355100
vn 0.857200 0.351300 0.376600
vn 0.959600 0.205100 0.192500
vn 0.959600 0.193100 0.204600
vn 0.695100 0.459000 0.553300
vn 0.856400 0.330400 0.396900
vn 0.959400 0.181400 0.216000
vn 0.637400 -0.584400 -0.502300
vn 0.637000 -0.553200 -0.536900
vn 0.826600 -0.425800 -0.368100
vn 0.826200 -0.403200 -0.393500
vn 0.949300 -0.236200 -0.207500
vn 0.949300 -0.223700 -0.220900
vn 0.636400 -0.616400 -0.463800
vn 0.826100 -0.449000 -0.340600
vn 0.949400 -0.248400 -0.192100
vn 0.696200 0.547900 0.463800
vn 0.694600 0.575700 0.431400
vn 0.856700 0.394800 0.331900
vn 0.855900 0.415100 0.308500
vn 0.959700 0.216700 0.179100
vn 0.959200 0.228600 0.166200
vn 0.634200 -0.490000 -0.598000
vn 0.636000 -0.520700 -0.569500
vn 0.824200 -0.358100 -0.438600
vn 0.825800 -0.379700 -0.417000
vn 0.948500 -0.199500 -0.246100
vn 0.949000 -0.211000 -0.234100
vn 0.627300 -0.420400 -0.655500
vn 0.631200 -0.457700 -0.626100
vn 0.820400 -0.308600 -0.481300
vn 0.822900 -0.335000 -0.459000
vn 0.947300 -0.172600 -0.269800
vn 0.948100 -0.186900 -0.257300
vn 0.692200 0.428500 0.580800
vn 0.854900 0.308400 0.417300
vn 0.959100 0.168700 0.227200
vn 0.688400 0.395000 0.608400
vn 0.852300 0.285000 0.438600
vn 0.958300 0.155900 0.239400
vn 0.683200 0.359700 0.635600
vn 0.849200 0.260000 0.459600
vn 0.957200 0.142300 0.252000
vn 0.676500 0.326600 0.660100
vn 0.844200 0.237000 0.480800
vn 0.955200 0.130100 0.265800
vn 0.613000 -0.346600 -0.710000
vn 0.620900 -0.378900 -0.686300
vn 0.810600 -0.257300 -0.526100
vn 0.816300 -0.279500 -0.505500
vn 0.943800 -0.145900 -0.296600
vn 0.946100 -0.157100 -0.283200
vn 0.427500 0.039300 0.903100
vn 0.643800 0.161700 0.747900
vn 0.735500 0.027800 0.677000
vn 0.828200 0.119200 0.547600
vn 0.933400 0.012200 0.358600
vn 0.949400 0.067700 0.306700
vn 0.668400 0.303700 0.678900
vn 0.837800 0.222100 0.498800
vn 0.953000 0.122300 0.277300
vn 0.607500 -0.331700 -0.721700
vn 0.805800 -0.247700 -0.537900
vn 0.941900 -0.141000 -0.304700
vn 0.633200 -0.654200 -0.413600
vn 0.824200 -0.477200 -0.304800
vn 0.949000 -0.263700 -0.172900
vn 0.624400 -0.689600 -0.366900
vn 0.817700 -0.506700 -0.273200
vn 0.946600 -0.281700 -0.156900
vn 0.691900 0.602100 0.398400
vn 0.687500 0.626100 0.367900
vn 0.854000 0.435200 0.285100
vn 0.850700 0.454700 0.263800
vn 0.958600 0.240000 0.153300
vn 0.957200 0.252400 0.141800
vn 0.424300 0.903700 0.057700
vn 0.731900 0.680300 0.039500
vn 0.931300 0.363900 0.015600
vn 0.659000 0.726900 0.193200
vn 0.835200 0.532000 0.139400
vn 0.950300 0.301800 0.076100
vn 0.616800 -0.707900 -0.344000
vn 0.811300 -0.524600 -0.258200
vn 0.943700 -0.294800 -0.149800
vn 0.681700 0.644100 0.346900
vn 0.845600 0.471400 0.250600
vn 0.955300 0.262900 0.135100
vn 0.347000 -0.454800 -0.820200
vn 0.354400 -0.794100 -0.493800
vn 0.167500 0.270200 -0.948100
vn 0.167600 0.270600 -0.948000
vn -0.259900 0.964300 -0.051500
vn 0.345400 -0.480400 -0.806100
vn 0.196400 -0.946900 0.254500
vn -0.177500 -0.234300 0.955800
vn 0.357800 -0.600100 -0.715400
vn -0.212600 -0.594000 -0.775900
vn -0.528200 -0.815400 0.236900
vn 0.777800 -0.107000 0.619400
vn 0.864300 -0.400400 -0.304300
vn 0.183800 0.157800 -0.970200
vn 0.101100 0.108100 -0.989000
vn 0.179800 0.162400 -0.970200
vn 0.692200 0.533200 0.486400
vn 0.617700 0.540600 0.571200
vn 0.652500 0.499300 0.570100
vn 0.031300 0.046000 -0.998400
vn -0.660900 -0.739800 0.126300
vn -0.610500 -0.760100 0.222500
vn -0.620200 -0.774600 0.123900
vn 0.160600 0.183400 -0.969800
vn 0.164300 0.179300 -0.970000
vn 0.725500 0.489700 0.483600
vn 0.684500 0.457700 0.567400
vn -0.814200 -0.565600 0.131200
vn -0.838800 -0.494200 0.228500
vn -0.797400 -0.558100 0.229600
vn -0.738700 -0.661400 0.129800
vn -0.686500 -0.690800 0.227200
vn -0.699300 -0.703200 0.128600
vn 0.168300 0.175200 -0.970000
vn 0.172200 0.171300 -0.970000
vn 0.034500 0.041600 -0.998500
vn -0.562900 -0.797100 0.218600
vn -0.570600 -0.812400 0.120300
vn 0.463500 0.750300 0.471400
vn 0.470100 0.681900 0.560400
vn 0.501100 0.721900 0.477300
vn 0.543100 0.687700 0.481900
vn 0.547000 0.614200 0.568800
vn 0.582000 0.652700 0.485000
vn -0.500600 -0.839200 0.212600
vn -0.506300 -0.854600 0.115400
vn -0.443500 -0.872200 0.206400
vn -0.448200 -0.886900 0.111500
vn 0.423900 0.775400 0.467900
vn 0.410000 0.727300 0.550300
vn 0.437600 0.767200 0.468900
vn 0.156500 0.187200 -0.969800
vn -0.414900 -0.886900 0.203100
vn -0.419600 -0.901000 0.109900
vn -0.451000 -0.868100 0.207300
vn -0.518300 -0.853800 -0.048000
vn 0.385300 0.795400 0.467800
vn 0.397400 0.736200 0.547900
vn 0.095900 0.108100 -0.989500
vn 0.142000 0.176600 -0.974000
vn 0.151700 0.187500 -0.970500
vn 0.755800 0.445100 0.480200
vn 0.714400 0.415400 0.563200
vn 0.781900 0.402900 0.475700
vn 0.740300 0.375000 0.557900
vn -0.890900 -0.434900 0.131300
vn -0.887800 -0.401600 0.224900
vn -0.872500 -0.433000 0.226400
vn 0.027500 0.050300 -0.998400
vn 0.798200 0.372700 0.473300
vn 0.757300 0.346600 0.553500
vn 0.899000 0.149700 0.411600
vn 0.853300 0.140900 0.502000
vn -0.905900 -0.402600 0.131000
vn -0.871700 -0.434600 0.226500
vn 0.020000 0.061100 -0.997900
vn 0.581600 0.507100 0.636100
vn 0.615000 0.468000 0.634600
vn -0.101100 -0.108100 0.989000
vn -0.049800 -0.043400 0.997800
vn -0.649500 -0.726300 0.225100
vn -0.596700 -0.741400 0.307000
vn -0.146400 -0.175400 0.973500
vn -0.093800 -0.106400 0.989900
vn -0.133800 -0.182600 0.974000
vn 0.645600 0.428000 0.632400
vn 0.674700 0.388000 0.627900
vn -0.724400 -0.650300 0.228700
vn -0.741200 -0.593200 0.314300
vn -0.705800 -0.635400 0.313200
vn -0.669400 -0.674300 0.311800
vn -0.761100 -0.606600 0.229500
vn -0.776200 -0.546700 0.314200
vn 0.582100 0.579200 0.570700
vn 0.509900 0.648300 0.565400
vn 0.514100 0.577600 0.634000
vn 0.479300 0.610800 0.630300
vn -0.490200 -0.819600 0.296600
vn -0.151800 -0.171300 0.973500
vn -0.100500 -0.108200 0.989000
vn 0.434300 0.709700 0.554800
vn 0.441200 0.643200 0.625700
vn 0.407500 0.670800 0.619600
vn -0.406600 -0.868400 0.283800
vn -0.079200 -0.096300 0.992200
vn -0.113600 -0.184200 0.976300
vn 0.384800 0.688700 0.614500
vn 0.371800 0.758700 0.534900
vn 0.184200 0.813200 0.552100
vn 0.373600 0.699200 0.609600
vn -0.492400 -0.792500 0.359900
vn -0.034100 -0.061700 0.997500
vn -0.816600 -0.485200 0.312700
vn -0.850200 -0.426400 0.308800
vn 0.699700 0.350100 0.622700
vn 0.716800 0.323400 0.617800
vn -0.027200 -0.069000 0.997200
vn -0.030800 -0.065400 0.997400
vn -0.866000 -0.396500 0.304700
vn -0.839500 -0.418500 0.346500
vn 0.809900 0.136800 0.570400
vn -0.776700 -0.616100 0.131100
vn 0.999200 -0.019300 0.034800
vn 0.994700 0.001400 0.102500
vn 0.980400 0.008000 0.197100
vn -0.164000 -0.157400 0.973800
vn -0.167300 -0.153300 0.973900
vn -0.634000 -0.708700 0.309500
vn -0.161100 -0.161300 0.973700
vn 0.013800 0.065700 -0.997700
vn 0.175600 0.166500 -0.970300
vn -0.176100 -0.144200 0.973800
vn -0.010500 0.999100 0.040300
vn -0.286100 0.955100 -0.076900
vn 0.013200 0.989700 0.142500
vn -0.101300 0.990200 0.096600
vn 0.024500 0.969800 0.242900
vn -0.053000 -0.039400 0.997800
vn 0.618900 0.616200 0.487100
vn -0.037300 -0.058000 0.997600
vn 0.547900 0.544400 0.635200
vn 0.196400 0.103500 -0.975000
vn 0.009300 0.067900 -0.997600
vn 0.207600 0.132000 -0.969300
vn 0.191600 0.151300 -0.969700
vn -0.010200 -0.085100 0.996300
vn -0.024000 -0.070700 0.997200
vn -0.180300 -0.142200 0.973300
vn -0.006400 -0.105200 0.994400
vn 0.082600 0.101400 -0.991400
vn 0.123500 0.147900 -0.981300
vn 0.041800 0.034400 -0.998500
vn 0.100500 0.108300 -0.989000
vn -0.550700 -0.777800 0.302800
vn -0.028200 0.016800 0.999500
vn -0.060900 -0.073500 0.995400
vn 0.038200 0.038000 -0.998500
vn 0.045100 0.031700 -0.998500
vn -0.158300 -0.165100 0.973500
vn -0.856600 -0.499000 0.131200
vn -0.170800 -0.148200 0.974100
vn 0.064400 0.083200 -0.994500
vn 0.086000 0.177300 -0.980400
vn 0.017800 0.006100 -0.999800
vn 0.050700 0.172000 -0.983800
vn -0.095100 -0.171600 0.980600
vn -0.045000 0.032200 0.998500
vn -0.081300 -0.065700 0.994500
vn -0.022700 0.071600 0.997200
vn 0.956700 -0.272900 -0.101600
vn 0.929600 -0.078600 -0.360100
vn 0.187600 0.153500 -0.970200
vn 0.939900 -0.201600 0.275700
vn -0.045800 -0.016000 0.998800
vn 0.656000 0.576200 0.487500
vn -0.154700 -0.168000 0.973600
vn -0.053900 -0.033800 0.998000
vn 0.002200 0.913900 0.405800
vn -0.002700 0.944100 0.329500
vn 0.042700 0.030600 -0.998600
vn -0.434400 -0.853400 0.288200
vn -0.046800 -0.047300 0.997800
vn -0.043900 -0.050700 0.997700
vn -0.039900 -0.053700 0.997800
vn 0.023800 0.055000 -0.998200
vn 0.031900 0.024300 -0.999200
vn -0.096200 0.947800 -0.304100
vn -0.154600 0.748700 -0.644600
vn -0.509300 0.621200 -0.595600
vn -0.036800 0.862600 -0.504600
vn -0.122600 0.475200 -0.871300
vn -0.324800 0.682200 -0.655000
vn -0.783100 0.290700 -0.549700
vn -0.226200 0.481900 -0.846500
vn -0.148000 -0.216800 -0.964900
vn -0.011100 0.346800 -0.937900
vn 0.002800 0.084500 -0.996400
vn -0.198100 -0.250100 -0.947700
vn -0.114600 0.097700 -0.988600
vn -0.008500 0.623300 -0.781900
vn -0.173400 0.091400 -0.980600
vn -0.534200 -0.638400 -0.554100
vn -0.450400 -0.843700 -0.292100
vn -0.557500 -0.830200 0.003900
vn -0.598000 -0.606900 -0.523500
vn -0.437400 -0.683700 -0.584200
vn -0.374300 -0.818800 -0.435200
vn -0.498000 -0.340000 -0.797700
vn 0.099200 0.922400 0.373200
vn 0.038900 0.999200 0.012000
vn 0.183200 0.889200 0.419200
vn 0.106900 0.983100 0.148300
vn 0.043500 0.880700 -0.471800
vn 0.211600 0.957000 0.198400
vn 0.217700 0.975900 0.018500
vn 0.409000 0.900000 0.150900
vn 0.287000 0.846500 0.448400
vn 0.407400 0.913200 -0.004400
vn 0.309400 0.918500 0.246300
vn 0.245000 0.968600 0.043100
vn 0.159700 0.550000 -0.819800
vn 0.195700 0.460100 -0.866000
vn 0.092700 0.461300 -0.882400
vn 0.070900 0.698500 -0.712100
vn 0.285900 0.694200 -0.660600
vn 0.337700 0.630900 -0.698500
vn 0.147000 0.975300 -0.164800
vn 0.722200 -0.108300 -0.683200
vn 0.840000 -0.007900 -0.542500
vn 0.793700 -0.139600 -0.592100
vn 0.713200 -0.157600 -0.683000
vn 0.457300 -0.063000 -0.887100
vn 0.604200 0.037400 -0.796000
vn 0.466600 -0.160700 -0.869700
vn -0.869700 -0.492000 -0.038900
vn -0.667300 -0.482500 -0.567400
vn -0.783900 -0.529100 -0.324800
vn -0.864100 -0.415000 -0.284700
vn -0.713400 -0.383200 -0.586700
vn 0.066000 -0.753900 -0.653600
vn -0.528600 -0.615300 -0.584800
vn 0.258500 -0.725500 -0.637800
vn -0.360200 -0.431000 -0.827300
vn 0.341900 0.045400 -0.938600
vn -0.213500 -0.080500 -0.973600
vn 0.093900 0.063500 -0.993600
vn 0.094400 -0.048500 -0.994300
vn -0.245500 -0.127800 -0.960900
vn 0.092400 -0.103400 -0.990300
vn -0.137400 0.792000 0.594800
vn -0.017300 0.936600 0.350000
vn -0.199200 0.978600 0.052300
vn -0.205300 0.804000 0.558100
vn -0.051700 0.787700 0.613900
vn -0.042600 0.608500 0.792400
vn -0.244600 0.426100 0.871000
vn -0.404300 -0.629800 0.663200
vn -0.565500 -0.737400 0.369300
vn -0.378800 -0.760300 0.527700
vn -0.292900 -0.393400 0.871500
vn -0.450900 -0.617000 0.645000
vn -0.358000 -0.368100 0.858100
vn -0.077700 0.233000 0.969400
vn -0.189200 -0.299200 0.935200
vn -0.170700 -0.049600 0.984100
vn -0.283300 -0.545700 0.788600
vn -0.198600 -0.038400 0.979300
vn 0.817400 -0.175000 0.548900
vn 0.829900 -0.365700 0.421400
vn 0.953000 -0.031600 0.301300
vn 0.819000 -0.076500 0.568600
vn 0.979900 -0.193000 0.049600
vn 0.434400 -0.285300 0.854300
vn 0.550100 -0.202000 0.810300
vn -0.310300 -0.232700 0.921700
vn 0.225600 -0.134900 0.964800
vn -0.086200 -0.139800 0.986400
vn -0.545200 -0.307100 0.780000
vn -0.057800 -0.219900 0.973800
vn 0.622700 -0.088900 0.777400
vn -0.395600 -0.321700 0.860200
vn -0.053200 -0.246600 0.967700
vn -0.628500 -0.405200 0.663900
vn -0.755000 -0.380400 0.534100
vn -0.814300 -0.453200 0.362700
vn -0.589100 -0.433400 0.682000
vn -0.375900 -0.382400 0.844100
vn 0.302000 0.823300 0.480500
vn 0.206300 0.860500 0.465900
vn 0.206500 0.879900 0.427900
vn 0.100000 0.907100 0.408900
vn 0.393700 0.400200 -0.827600
vn 0.410700 0.381400 -0.828100
vn 0.526700 0.531100 -0.663700
vn 0.551200 0.503300 -0.665400
vn 0.740800 0.663300 -0.106300
vn 0.699100 0.698800 0.151100
vn 0.738900 0.656400 0.151900
vn 0.376000 0.417000 -0.827500
vn 0.501100 0.555300 -0.663700
vn 0.701700 0.704300 -0.107700
vn 0.659000 0.736800 0.150900
vn -0.215900 -0.175000 -0.960600
vn -0.232100 -0.155600 -0.960200
vn -0.383500 -0.326400 -0.863900
vn -0.705200 -0.543200 -0.455600
vn -0.729700 -0.647100 -0.221000
vn -0.668300 -0.587800 -0.455900
vn -0.248300 -0.133900 -0.959400
vn -0.408000 -0.296400 -0.863600
vn -0.742100 -0.494400 -0.452700
vn -0.769200 -0.599900 -0.219900
vn 0.444000 0.341900 -0.828300
vn 0.427900 0.361700 -0.828300
vn 0.599300 0.445800 -0.664900
vn 0.778600 0.618300 -0.107100
vn 0.812500 0.563500 0.149500
vn 0.813000 0.572400 -0.107100
vn 0.576700 0.475000 -0.664700
vn 0.777500 0.610400 0.151100
vn -0.198900 -0.192800 -0.960900
vn -0.182900 -0.209500 -0.960600
vn -0.356000 -0.352700 -0.865300
vn -0.331800 -0.378000 -0.864300
vn -0.591900 -0.664200 -0.456600
vn -0.688600 -0.690300 -0.222100
vn -0.648300 -0.728000 -0.222900
vn -0.629500 -0.628100 -0.457400
vn -0.166200 -0.224900 -0.960100
vn -0.146900 -0.240200 -0.959600
vn -0.305800 -0.401700 -0.863200
vn -0.275800 -0.427700 -0.860800
vn -0.504200 -0.732700 -0.457100
vn -0.605500 -0.763600 -0.224200
vn -0.553700 -0.801400 -0.226000
vn -0.551600 -0.697600 -0.457200
vn 0.358700 0.434200 -0.826300
vn 0.475400 0.579500 -0.661900
vn 0.662700 0.741400 -0.105700
vn 0.617100 0.772800 0.148000
vn 0.339200 0.450500 -0.825800
vn 0.447000 0.603000 -0.660800
vn 0.621300 0.776000 -0.108500
vn 0.571200 0.807700 0.145900
vn 0.322000 0.462000 -0.826400
vn 0.422000 0.622300 -0.659300
vn 0.576200 0.810100 -0.108300
vn 0.530200 0.835800 0.142200
vn 0.305400 0.457400 -0.835200
vn 0.401900 0.625600 -0.668700
vn 0.536600 0.836800 -0.108700
vn 0.503000 0.852900 0.139800
vn -0.130000 -0.255000 -0.958200
vn -0.124700 -0.275300 -0.953300
vn -0.243700 -0.455100 -0.856500
vn -0.225200 -0.483500 -0.845800
vn -0.401300 -0.801600 -0.443200
vn -0.489500 -0.842300 -0.225700
vn -0.434600 -0.873400 -0.219900
vn -0.448500 -0.770700 -0.452600
vn 0.037100 0.450300 -0.892100
vn 0.016100 0.774000 -0.632900
vn -0.007200 0.964600 -0.263800
vn 0.168300 0.217900 -0.961400
vn 0.384700 0.612500 -0.690500
vn 0.510100 0.852900 -0.111100
vn 0.488800 0.861300 0.139000
vn 0.383400 0.615200 -0.688900
vn 0.496900 0.860400 -0.113500
vn -0.129100 -0.299400 -0.945300
vn -0.223200 -0.506500 -0.832900
vn -0.409000 -0.887500 -0.212300
vn -0.378700 -0.818800 -0.431500
vn -0.267000 -0.106600 -0.957800
vn -0.433300 -0.263100 -0.862000
vn -0.783300 -0.430800 -0.448100
vn -0.807900 -0.547400 -0.218300
vn -0.290600 -0.084100 -0.953200
vn -0.465100 -0.220400 -0.857400
vn -0.817900 -0.372200 -0.438700
vn -0.851800 -0.477500 -0.215400
vn 0.477000 0.302900 -0.825100
vn 0.460000 0.321400 -0.827700
vn 0.642600 0.391800 -0.658500
vn 0.844000 0.525300 -0.108200
vn 0.870200 0.470100 0.147700
vn 0.872400 0.477900 -0.102600
vn 0.621400 0.416400 -0.663700
vn 0.843900 0.515700 0.147500
vn 0.472200 0.083800 -0.877500
vn 0.778600 0.046000 -0.625800
vn 0.963400 0.000500 -0.268000
vn 0.532300 0.200500 -0.822500
vn 0.873300 0.239400 -0.424300
vn 0.976400 0.200600 0.079400
vn -0.307300 -0.073700 -0.948800
vn -0.499700 -0.182700 -0.846700
vn -0.837500 -0.341400 -0.426600
vn -0.887500 -0.411500 -0.207200
vn -0.903600 -0.379600 -0.198600
vn -0.519000 -0.168400 -0.838000
vn -0.838700 -0.333200 -0.430700
vn 0.491900 0.291800 -0.820300
vn 0.890900 0.445700 -0.087400
vn 0.661900 0.373800 -0.649700
vn 0.886400 0.437000 0.152800
vn 0.467000 0.402300 0.787500
vn 0.438700 0.434000 0.786900
vn 0.302600 0.253300 0.918900
vn 0.282000 0.276300 0.918800
vn 0.120100 0.089200 0.988700
vn 0.108000 0.101600 0.988900
vn 0.410500 0.462700 0.785700
vn 0.262400 0.297900 0.917800
vn 0.097200 0.113700 0.988700
vn -0.659900 -0.535200 0.527400
vn -0.629500 -0.571300 0.526600
vn -0.515200 -0.427500 0.742800
vn -0.493300 -0.453400 0.742400
vn -0.332100 -0.287800 0.898300
vn -0.320500 -0.302000 0.897800
vn -0.690000 -0.495700 0.527400
vn -0.537100 -0.398900 0.743200
vn -0.344100 -0.272200 0.898600
vn 0.495600 0.369300 0.786200
vn 0.521900 0.335600 0.784300
vn 0.323200 0.229200 0.918100
vn 0.342900 0.205200 0.916700
vn 0.131000 0.075300 0.988500
vn 0.142200 0.061800 0.987900
vn -0.568600 -0.634400 0.523700
vn -0.598800 -0.604700 0.525200
vn -0.449600 -0.499800 0.740300
vn -0.471100 -0.477700 0.741500
vn -0.296700 -0.327400 0.897100
vn -0.308700 -0.315500 0.897300
vn -0.498400 -0.695700 0.517300
vn -0.537400 -0.663000 0.521200
vn -0.399200 -0.545700 0.736800
vn -0.427600 -0.521000 0.738800
vn -0.268800 -0.353400 0.896000
vn -0.285000 -0.339200 0.896500
vn 0.381500 0.491700 0.782800
vn 0.241600 0.319600 0.916200
vn 0.085900 0.126400 0.988300
vn 0.350100 0.520400 0.778900
vn 0.219400 0.341700 0.913800
vn 0.073600 0.139200 0.987500
vn 0.322800 0.546500 0.772700
vn 0.200800 0.363300 0.909800
vn 0.063600 0.152900 0.986200
vn 0.304700 0.565000 0.766800
vn 0.192400 0.385000 0.902600
vn 0.064000 0.176300 0.982200
vn -0.395700 -0.769700 0.501000
vn -0.445500 -0.735400 0.510600
vn -0.319400 -0.608800 0.726200
vn -0.359400 -0.579400 0.731500
vn -0.215000 -0.393800 0.893700
vn -0.243900 -0.375600 0.894100
vn 0.149200 0.686100 0.712100
vn -0.010600 0.622400 0.782700
vn 0.095100 0.500500 0.860500
vn -0.029100 0.310200 0.950200
vn 0.036200 0.291500 0.955900
vn 0.010200 0.861500 0.507600
vn 0.299900 0.582500 0.755500
vn 0.196000 0.412800 0.889500
vn 0.078200 0.214300 0.973600
vn -0.370400 -0.785100 0.496500
vn -0.297300 -0.620500 0.725600
vn -0.195500 -0.395600 0.897400
vn -0.725700 -0.443700 0.525800
vn -0.563800 -0.361900 0.742400
vn -0.358500 -0.252500 0.898700
vn -0.758100 -0.394800 0.519000
vn -0.591300 -0.328600 0.736500
vn -0.375800 -0.235700 0.896200
vn 0.547400 0.302200 0.780400
vn 0.570400 0.271000 0.775400
vn 0.361500 0.180900 0.914700
vn 0.381100 0.159400 0.910700
vn 0.152900 0.048400 0.987100
vn 0.165300 0.036700 0.985600
vn 0.860600 -0.024300 0.508600
vn 0.608200 -0.062400 0.791300
vn 0.273700 -0.091500 0.957500
vn 0.667200 0.095500 0.738700
vn 0.454700 0.033600 0.890000
vn 0.212400 -0.030300 0.976700
vn -0.775300 -0.370500 0.511500
vn -0.608200 -0.312600 0.729600
vn -0.388600 -0.227900 0.892800
vn 0.587700 0.249800 0.769500
vn 0.397400 0.145900 0.906000
vn 0.175800 0.029800 0.984000
vn -0.850300 -0.474400 0.228000
vn 0.874900 -0.474500 -0.097400
vn 0.875400 -0.473500 -0.097600
vn -0.846700 -0.480600 0.228300
vn 0.218200 -0.971300 0.094700
vn 0.846700 -0.525100 -0.085600
vn -0.962000 0.227800 0.150800
vn -0.546600 0.837200 -0.016900
vn -0.116800 0.988300 -0.098000
vn -0.494300 -0.843100 0.212000
vn 0.982100 -0.107600 -0.154300
usemtl Holocron_Corners.001
f 649/649/697 650/650/698 651/651/699
f 652/652/700 653/653/701 654/654/702
f 655/655/698 656/656/703 657/657/698
f 658/658/704 659/659/705 660/660/706
f 661/661/698 662/662/707 663/663/708
f 664/664/709 654/654/702 665/665/710
f 666/666/711 667/667/712 668/668/713
f 669/669/714 670/670/715 671/671/716
f 657/657/698 672/672/717 673/673/718
f 674/674/719 661/661/698 675/675/698
f 660/660/706 676/676/720 677/677/721
f 678/678/722 679/679/723 680/680/724
f 681/681/725 682/682/726 683/683/727
f 677/677/721 684/684/728 685/685/729
f 685/685/729 686/686/730 687/687/731
f 688/688/732 689/689/733 690/690/734
f 691/691/735 692/692/736 662/662/707
f 687/687/731 693/693/737 694/694/738
f 694/694/738 695/695/739 696/696/740
f 697/697/741 698/698/742 688/688/732
f 699/699/735 700/700/743 701/701/744
f 702/702/745 665/665/710 703/703/746
f 704/704/747 703/703/746 705/705/748
f 706/706/749 707/707/750 708/708/751
f 650/650/698 709/709/752 655/655/698
f 710/710/753 705/705/748 711/711/754
f 712/712/755 711/711/754 713/713/756
f 714/714/757 715/715/758 707/707/750
f 716/716/698 717/717/759 718/718/698
f 654/654/702 719/719/760 720/720/761
f 721/721/762 722/722/763 723/723/762
f 724/724/764 725/725/765 659/659/705
f 726/726/766 727/727/767 728/728/768
f 703/703/746 729/729/769 730/730/770
f 731/731/771 732/732/772 733/733/773
f 731/731/771 734/734/774 670/670/715
f 735/735/775 736/736/776 732/732/772
f 737/737/777 719/719/760 653/653/701
f 738/738/778 739/739/779 682/682/726
f 679/679/723 740/740/780 738/738/778
f 676/676/720 741/741/781 684/684/728
f 742/742/782 743/743/767 726/726/766
f 744/744/783 745/745/784 679/679/723
f 689/689/733 746/746/785 744/744/783
f 686/686/730 747/747/786 693/693/737
f 728/728/768 748/748/767 749/749/787
f 698/698/742 750/750/788 689/689/733
f 751/751/789 752/752/790 698/698/742
f 693/693/737 753/753/791 695/695/739
f 754/754/792 755/755/762 756/756/762
f 668/668/713 757/757/793 736/736/776
f 667/667/712 758/758/794 757/757/793
f 711/711/754 759/759/795 760/760/796
f 761/761/762 762/762/797 763/763/798
f 708/708/751 764/764/799 758/758/794
f 707/707/750 765/765/800 764/764/799
f 713/713/756 760/760/796 766/766/801
f 767/767/802 668/668/713 735/735/775
f 768/768/803 713/713/756 769/769/804
f 769/769/804 766/766/801 770/770/805
f 756/756/762 771/771/806 772/772/807
f 656/656/703 675/675/698 657/657/698
f 671/671/716 724/724/764 658/658/704
f 670/670/715 773/773/808 724/724/764
f 755/755/762 774/774/809 771/771/806
f 775/775/698 776/776/810 716/716/698
f 651/651/699 655/655/698 777/777/811
f 665/665/710 720/720/761 729/729/769
f 778/778/812 779/779/762 780/780/762
f 680/680/724 738/738/778 681/681/725
f 781/781/813 782/782/814 783/783/815
f 783/783/815 784/784/816 785/785/817
f 723/723/762 786/786/818 743/743/767
f 683/683/727 737/737/777 787/787/819
f 669/669/714 735/735/775 731/731/771
f 788/788/820 789/789/762 755/755/762
f 682/682/726 790/790/821 737/737/777
f 791/791/822 792/792/823 775/775/698
f 793/793/824 775/775/698 794/794/825
f 779/779/762 795/795/826 796/796/827
f 797/797/828 798/798/829 779/779/762
f 799/799/735 800/800/830 700/700/743
f 801/801/831 802/802/698 691/691/735
f 659/659/705 803/803/832 676/676/720
f 748/748/767 804/804/833 805/805/834
f 806/806/835 691/691/735 661/661/698
f 807/807/836 699/699/735 802/802/698
f 808/808/762 774/774/809 789/789/762
f 721/721/762 809/809/837 808/808/762
f 810/810/838 708/708/751 667/667/712
f 756/756/762 763/763/798 754/754/792
f 811/811/839 780/780/762 761/761/762
f 812/812/840 813/813/841 800/800/830
f 814/814/842 815/815/843 812/812/840
f 816/816/844 817/817/845 818/818/846
f 805/805/834 819/819/847 817/817/845
f 768/768/803 820/820/848 821/821/849
f 822/822/850 718/718/698 649/649/697
f 705/705/748 730/730/770 759/759/795
f 769/769/804 823/823/851 820/820/848
f 690/690/734 744/744/783 678/678/722
f 794/794/825 716/716/698 822/822/850
f 780/780/762 796/796/827 762/762/797
f 727/727/767 824/824/852 748/748/767
f 802/802/698 701/701/744 692/692/736
f 787/787/819 653/653/701 825/825/853
f 826/826/854 723/723/762 742/742/782
f 743/743/767 827/827/855 727/727/767
f 781/781/813 751/751/789 697/697/741
f 828/828/856 799/799/735 699/699/735
f 684/684/728 829/829/857 686/686/730
f 783/783/815 830/830/858 751/751/789
f 777/777/811 657/657/698 673/673/718
f 675/675/698 663/663/708 672/672/717
f 831/831/859 808/808/762 832/832/860
f 832/832/860 789/789/762 833/833/861
f 718/718/698 834/834/862 650/650/698
f 835/835/863 812/812/840 799/799/735
f 749/749/787 805/805/834 816/816/844
f 772/772/807 761/761/762 756/756/762
f 836/836/864 837/837/865 838/838/866
f 839/839/867 840/840/868 837/837/865
f 838/838/866 841/841/869 842/842/870
f 837/837/865 843/843/871 841/841/869
f 844/844/872 845/845/873 846/846/874
f 847/847/875 848/848/876 844/844/872
f 848/848/876 849/849/877 845/845/873
f 850/850/878 840/840/868 848/848/876
f 696/851/740 851/852/879 852/853/880
f 842/842/881 841/841/882 851/852/879
f 852/853/880 850/850/883 847/847/884
f 851/852/879 843/843/885 850/850/883
f 821/821/849 853/854/886 854/855/887
f 855/856/888 856/857/889 853/858/886
f 854/859/887 857/860/890 858/861/891
f 853/858/886 859/862/892 857/860/890
f 860/863/893 861/864/894 862/865/895
f 863/866/896 864/867/897 861/864/894
f 862/865/898 856/857/899 855/856/900
f 861/864/894 859/862/901 856/857/899
f 865/868/902 866/869/903 867/870/904
f 858/861/891 868/871/905 865/868/902
f 868/871/905 869/872/906 866/869/903
f 857/860/890 864/867/907 868/871/905
f 784/784/816 870/873/908 871/874/909
f 872/875/910 873/876/911 870/873/908
f 871/874/909 874/877/912 875/878/913
f 870/873/908 876/879/914 874/877/912
f 753/753/791 877/880/915 872/881/916
f 878/882/917 879/883/918 877/880/915
f 872/881/916 877/880/915 873/876/919
f 877/880/915 876/879/920 873/876/919
f 880/884/921 881/885/922 818/818/846
f 875/878/913 882/886/923 880/884/921
f 882/886/923 883/887/924 881/885/922
f 874/877/925 879/883/918 882/886/923
f 823/823/851 884/888/926 885/889/927
f 886/890/928 887/891/929 884/892/926
f 885/893/927 884/892/926 888/894/930
f 884/892/926 889/895/931 888/894/930
f 890/896/932 891/897/933 892/898/934
f 893/899/935 894/900/936 890/896/932
f 894/901/936 895/902/937 891/903/933
f 896/904/938 887/905/939 894/900/936
f 765/765/800 897/906/940 898/907/941
f 885/908/942 888/909/943 897/906/940
f 898/907/941 896/904/938 893/899/935
f 897/906/940 889/910/944 896/904/938
f 673/673/718 899/911/945 900/912/946
f 900/913/946 901/914/947 902/915/948
f 902/915/949 903/916/950 904/917/951
f 903/916/950 825/825/853 904/917/951
f 672/672/717 905/918/952 899/911/945
f 899/919/945 906/920/953 901/914/947
f 901/914/954 907/921/955 903/916/950
f 907/921/955 787/787/819 903/916/950
f 709/709/752 908/922/956 656/656/703
f 909/923/957 910/924/958 908/922/956
f 911/925/959 912/926/960 910/924/961
f 912/926/960 767/927/802 669/928/714
f 834/834/862 909/923/957 709/709/752
f 913/929/962 911/925/963 909/923/957
f 914/930/964 915/931/965 911/925/959
f 915/931/965 666/932/711 767/927/802
f 777/777/811 916/933/966 651/651/699
f 917/934/967 918/935/968 916/936/966
f 919/937/969 920/938/970 918/935/971
f 920/938/970 652/652/700 664/664/709
f 673/673/718 917/939/967 777/777/811
f 900/913/946 919/937/972 917/934/967
f 902/915/949 921/940/973 919/937/969
f 921/940/973 825/825/853 652/652/700
f 806/806/835 922/941/974 923/942/975
f 923/942/975 924/943/976 925/944/977
f 925/944/978 926/945/979 927/946/980
f 926/945/979 658/947/704 927/946/980
f 674/674/719 908/922/956 922/941/974
f 922/941/974 910/924/958 924/943/976
f 924/943/981 912/926/960 926/945/979
f 912/926/960 671/948/716 926/945/979
f 807/807/836 928/949/982 929/950/983
f 929/950/983 930/951/984 931/952/985
f 931/952/986 932/953/987 933/954/988
f 932/953/987 677/955/721 933/954/988
f 801/801/831 923/942/975 928/949/982
f 928/949/982 925/944/977 930/951/984
f 930/951/989 927/946/980 932/953/987
f 927/946/980 660/956/706 932/953/987
f 663/663/708 934/957/990 905/918/952
f 905/958/952 935/959/991 906/920/953
f 906/920/992 936/960/993 907/921/955
f 936/960/993 683/683/727 907/921/955
f 662/662/707 937/961/994 934/957/990
f 934/962/990 938/963/995 935/959/991
f 935/959/996 939/964/997 936/960/993
f 939/964/997 681/681/725 936/960/993
f 692/692/736 940/965/998 937/961/994
f 937/966/994 941/967/999 938/963/995
f 938/963/1000 942/968/1001 939/964/997
f 942/968/1001 680/680/724 939/964/997
f 701/701/744 943/969/1002 940/965/998
f 940/970/998 944/971/1003 941/967/999
f 941/967/1004 945/972/1005 942/968/1001
f 945/972/1005 678/678/722 942/968/1001
f 835/835/863 946/973/1006 947/974/1007
f 947/974/1007 948/975/1008 949/976/1009
f 949/976/1010 950/977/1011 951/978/1012
f 950/977/1011 687/979/731 951/978/1012
f 828/828/856 929/950/983 946/973/1006
f 946/973/1006 931/952/985 948/975/1008
f 948/975/1013 933/954/988 950/977/1011
f 933/954/988 685/980/729 950/977/1011
f 815/815/843 952/981/1014 813/813/841
f 953/982/1015 954/983/1016 952/981/1014
f 955/984/1017 956/985/1018 954/983/1016
f 957/986/1019 697/697/741 956/987/1018
f 846/846/874 953/982/1015 815/815/843
f 845/845/873 955/984/1017 953/982/1015
f 849/849/877 957/988/1019 955/984/1017
f 839/839/867 781/989/813 957/988/1019
f 700/700/743 958/990/1020 943/969/1002
f 943/991/1002 959/992/1021 944/971/1003
f 944/971/1022 960/993/1023 945/972/1005
f 945/972/1005 688/688/732 690/690/734
f 800/800/830 952/981/1014 958/990/1020
f 958/994/1024 954/995/1016 959/992/1021
f 959/992/1025 956/987/1018 960/993/1023
f 956/987/1018 688/688/732 960/993/1023
f 846/846/874 961/996/1026 844/844/872
f 844/844/872 962/997/1027 847/847/875
f 847/847/884 963/998/1028 852/853/880
f 852/853/880 694/999/738 696/851/740
f 814/814/842 947/974/1007 961/996/1026
f 961/996/1026 949/976/1009 962/997/1027
f 962/997/1029 951/978/1012 963/998/1028
f 963/998/1028 687/979/731 694/999/738
f 717/717/759 913/929/962 834/834/862
f 964/1000/1030 914/930/1031 913/929/962
f 965/1001/1032 966/1002/1033 914/930/964
f 966/1002/1033 810/1003/838 666/932/711
f 776/776/810 964/1000/1030 717/717/759
f 967/1004/1034 965/1001/1035 964/1000/1030
f 968/1005/1036 969/1006/1037 965/1001/1032
f 969/1007/1037 706/706/749 810/810/838
f 649/649/697 970/1008/1038 822/822/850
f 971/1009/1039 972/1010/1040 970/1011/1038
f 973/1012/1041 974/1013/1042 972/1010/1043
f 974/1013/1042 702/702/745 704/704/747
f 651/651/699 971/1014/1039 649/649/697
f 916/936/966 973/1012/1044 971/1009/1039
f 918/935/971 975/1015/1045 973/1012/1041
f 975/1015/1045 664/664/709 702/702/745
f 867/870/904 976/1016/1046 865/868/902
f 865/868/902 977/1017/1047 858/861/891
f 858/1018/891 978/1019/1048 854/855/887
f 854/855/887 768/768/803 821/821/849
f 791/791/822 979/1020/1049 976/1016/1046
f 976/1016/1046 980/1021/1050 977/1017/1047
f 977/1022/1047 981/1023/1051 978/1019/1048
f 978/1019/1048 712/712/755 768/768/803
f 792/792/823 967/1004/1034 776/776/810
f 982/1024/1052 968/1005/1053 967/1004/1034
f 983/1025/1054 984/1026/1055 968/1005/1036
f 985/1027/1056 706/706/749 984/1028/1055
f 867/870/904 982/1024/1052 792/792/823
f 866/869/903 983/1025/1057 982/1024/1052
f 869/872/1058 985/1029/1056 983/1025/1054
f 863/1030/896 714/714/757 985/1027/1056
f 794/794/825 979/1020/1049 793/793/824
f 986/1031/1059 980/1032/1050 979/1033/1049
f 987/1034/1060 981/1023/1051 980/1032/1050
f 981/1023/1051 710/710/753 712/712/755
f 822/822/850 986/1035/1059 794/794/825
f 970/1011/1038 987/1034/1061 986/1031/1059
f 972/1010/1043 988/1036/1062 987/1034/1060
f 974/1013/1042 710/710/753 988/1036/1062
f 790/790/821 989/1037/1063 719/719/760
f 990/1038/1064 991/1039/1065 989/1037/1063
f 992/1040/1066 993/1041/1067 991/1039/1065
f 994/1042/1068 833/833/861 993/1041/1067
f 739/739/779 990/1038/1064 790/790/821
f 995/1043/1069 992/1040/1066 990/1038/1064
f 996/1044/1070 994/1042/1068 992/1040/1066
f 997/1045/1071 832/832/860 994/1042/1068
f 733/733/773 998/1046/1072 999/1047/1073
f 999/1047/1073 1000/1048/1074 1001/1049/1075
f 1001/1049/1075 1002/1050/1076 1003/1051/1077
f 1003/1051/1077 771/771/806 774/774/809
f 732/732/772 1004/1052/1078 998/1046/1072
f 998/1046/1072 1005/1053/1079 1000/1048/1074
f 1000/1048/1074 1006/1054/1080 1002/1050/1076
f 1002/1050/1076 772/772/807 771/771/806
f 729/729/769 1007/1055/1081 1008/1056/1082
f 1008/1056/1082 1009/1057/1083 1010/1058/1084
f 1010/1058/1084 1011/1059/1085 1012/1060/1086
f 1012/1060/1086 788/788/820 754/754/792
f 720/720/761 989/1037/1063 1007/1055/1081
f 1007/1055/1081 991/1039/1065 1009/1057/1083
f 1009/1057/1083 993/1041/1067 1011/1059/1085
f 1011/1059/1085 833/833/861 788/788/820
f 734/734/774 1013/1061/1087 773/773/808
f 1014/1062/1088 1015/1063/1089 1013/1061/1087
f 1016/1064/1090 1017/1065/1091 1015/1063/1089
f 1018/1066/1092 826/826/854 1017/1065/1091
f 733/733/773 1014/1062/1088 734/734/774
f 999/1047/1073 1016/1064/1090 1014/1062/1088
f 1001/1049/1075 1018/1066/1092 1016/1064/1090
f 1003/1051/1077 809/809/837 1018/1066/1092
f 725/725/765 1019/1067/1093 803/803/832
f 1020/1068/1094 1021/1069/1095 1019/1067/1093
f 1022/1070/1096 1023/1071/1097 1021/1069/1095
f 1024/1072/1098 726/726/766 1023/1071/1097
f 773/773/808 1020/1068/1094 725/725/765
f 1013/1061/1087 1022/1070/1096 1020/1068/1094
f 1015/1063/1089 1024/1072/1098 1022/1070/1096
f 1017/1065/1091 742/742/782 1024/1072/1098
f 740/740/780 995/1043/1069 739/739/779
f 1025/1073/1099 996/1044/1070 995/1043/1069
f 1026/1074/1100 997/1045/1071 996/1044/1070
f 1027/1075/1101 831/831/859 997/1045/1071
f 745/745/784 1025/1073/1099 740/740/780
f 1028/1076/1102 1026/1074/1100 1025/1073/1099
f 1029/1077/1103 1027/1075/1101 1026/1074/1100
f 1030/1078/1104 722/722/763 1027/1075/1101
f 746/746/785 1028/1076/1102 745/745/784
f 1031/1079/1105 1029/1077/1103 1028/1076/1102
f 1032/1080/1106 1030/1078/1104 1029/1077/1103
f 1033/1081/1107 786/786/818 1030/1078/1104
f 750/750/788 1031/1079/1105 746/746/785
f 1034/1082/1108 1032/1080/1106 1031/1079/1105
f 1035/1083/1109 1033/1081/1107 1032/1080/1106
f 1036/1084/1110 827/827/855 1033/1081/1107
f 741/741/781 1037/1085/1111 829/829/857
f 1038/1086/1112 1039/1087/1113 1037/1085/1111
f 1040/1088/1114 1041/1089/1115 1039/1087/1113
f 1042/1090/1116 749/749/787 1041/1089/1115
f 803/803/832 1038/1086/1112 741/741/781
f 1019/1067/1093 1040/1088/1114 1038/1086/1112
f 1021/1069/1095 1042/1090/1116 1040/1088/1114
f 1023/1071/1097 728/728/768 1042/1090/1116
f 830/830/858 1043/1091/1117 1044/1092/1118
f 1044/1092/1118 1045/1093/1119 1046/1094/1120
f 1046/1094/1120 1047/1095/1121 1048/1096/1122
f 1048/1096/1122 817/817/845 819/819/847
f 785/785/817 871/874/909 1043/1091/1117
f 1043/1091/1117 875/878/913 1045/1093/1119
f 1045/1093/1119 880/884/921 1047/1095/1121
f 1047/1095/1121 818/818/846 817/817/845
f 752/752/790 1034/1082/1108 750/750/788
f 1049/1097/1123 1035/1083/1109 1034/1082/1108
f 1050/1098/1124 1036/1084/1110 1035/1083/1109
f 1051/1099/1125 824/824/852 1036/1084/1110
f 830/830/858 1049/1097/1123 752/752/790
f 1044/1092/1118 1050/1098/1124 1049/1097/1123
f 1046/1094/1120 1051/1099/1125 1050/1098/1124
f 1048/1096/1122 804/804/833 1051/1099/1125
f 747/747/786 878/882/917 753/753/791
f 1052/1100/1126 883/887/924 878/882/917
f 1053/1101/1127 881/885/922 883/887/924
f 1054/1102/1128 818/818/846 881/885/922
f 829/829/857 1052/1100/1126 747/747/786
f 1037/1085/1111 1053/1101/1127 1052/1100/1126
f 1039/1087/1113 1054/1102/1128 1053/1101/1127
f 1041/1089/1115 816/816/844 1054/1102/1128
f 736/736/776 1055/1103/1129 1004/1052/1078
f 1004/1052/1078 1056/1104/1130 1005/1053/1079
f 1005/1053/1079 1057/1105/1131 1006/1054/1080
f 1006/1054/1080 811/811/839 772/772/807
f 757/757/793 1058/1106/1132 1055/1103/1129
f 1055/1103/1129 1059/1107/1133 1056/1104/1130
f 1056/1104/1130 1060/1108/1134 1057/1105/1131
f 1057/1105/1131 778/778/812 811/811/839
f 759/759/795 1061/1109/1135 1062/1110/1136
f 1062/1110/1136 1063/1111/1137 1064/1112/1138
f 1064/1112/1138 1065/1113/1139 1066/1114/1140
f 1066/1114/1140 763/763/798 762/762/797
f 730/730/770 1008/1056/1082 1061/1109/1135
f 1061/1109/1135 1010/1058/1084 1063/1111/1137
f 1063/1111/1137 1012/1060/1086 1065/1113/1139
f 1065/1113/1139 754/754/792 763/763/798
f 770/770/805 886/1115/928 823/823/851
f 1067/1116/1141 895/902/937 886/890/928
f 1068/1117/1142 891/903/933 895/902/937
f 1069/1118/1143 892/898/934 891/897/933
f 766/1119/801 1067/1116/1141 770/1120/805
f 1070/1121/1144 1068/1117/1142 1067/1116/1141
f 1071/1122/1145 1069/1123/1143 1068/1117/1142
f 1072/1124/1146 798/798/829 1069/1118/1143
f 758/758/794 1073/1125/1147 1058/1106/1132
f 1058/1106/1132 1074/1126/1148 1059/1107/1133
f 1059/1107/1133 1075/1127/1149 1060/1108/1134
f 1060/1108/1134 797/797/828 778/778/812
f 764/764/799 898/907/941 1073/1125/1147
f 1073/1125/1147 893/899/935 1074/1126/1148
f 1074/1126/1148 890/896/932 1075/1127/1149
f 1075/1127/1149 892/898/934 797/797/828
f 766/766/801 1076/1128/1150 1070/1129/1144
f 1070/1129/1144 1077/1130/1151 1071/1131/1145
f 1071/1131/1145 1078/1132/1152 1072/1124/1146
f 1072/1124/1146 796/796/827 795/795/826
f 760/760/796 1062/1110/1136 1076/1128/1150
f 1076/1128/1150 1064/1112/1138 1077/1130/1151
f 1077/1130/1151 1066/1114/1140 1078/1132/1152
f 1078/1132/1152 762/762/797 796/796/827
f 765/765/800 1079/1133/1153 885/1134/942
f 885/889/927 820/820/848 823/823/851
f 715/715/758 862/1135/1154 1079/1133/1153
f 1079/1136/1155 862/865/1155 855/856/1156
f 1079/1137/1157 821/821/849 820/820/848
f 695/1138/739 842/1139/1158 696/851/740
f 842/842/1159 1080/1140/1159 838/838/1159
f 1080/1140/1160 836/836/864 838/838/866
f 753/1141/791 1080/1142/1161 695/1138/739
f 872/1143/910 782/1144/814 1080/1140/1160
f 664/664/709 652/652/700 654/654/702
f 685/685/729 684/684/728 686/686/730
f 694/694/738 693/693/737 695/695/739
f 710/710/753 704/704/747 705/705/748
f 654/654/702 653/653/701 719/719/760
f 721/721/762 831/831/859 722/722/763
f 724/724/764 773/773/808 725/725/765
f 726/726/766 743/743/767 727/727/767
f 703/703/746 665/665/710 729/729/769
f 731/731/771 735/735/775 732/732/772
f 738/738/778 740/740/780 739/739/779
f 676/676/720 803/803/832 741/741/781
f 742/742/782 723/723/762 743/743/767
f 686/686/730 829/829/857 747/747/786
f 728/728/768 727/727/767 748/748/767
f 693/693/737 747/747/786 753/753/791
f 754/754/792 788/788/820 755/755/762
f 668/668/713 667/667/712 757/757/793
f 667/667/712 708/708/751 758/758/794
f 711/711/754 705/705/748 759/759/795
f 761/761/762 780/780/762 762/762/797
f 713/713/756 711/711/754 760/760/796
f 756/756/762 755/755/762 771/771/806
f 670/670/715 734/734/774 773/773/808
f 755/755/762 789/789/762 774/774/809
f 665/665/710 654/654/702 720/720/761
f 778/778/812 797/797/828 779/779/762
f 723/723/762 722/722/763 786/786/818
f 788/788/820 833/833/861 789/789/762
f 682/682/726 739/739/779 790/790/821
f 779/779/762 798/798/829 795/795/826
f 797/797/828 892/898/934 798/798/829
f 659/659/705 725/725/765 803/803/832
f 748/748/767 824/824/852 804/804/833
f 808/808/762 809/809/837 774/774/809
f 721/721/762 826/826/854 809/809/837
f 756/756/762 761/761/762 763/763/798
f 811/811/839 778/778/812 780/780/762
f 816/816/844 805/805/834 817/817/845
f 805/805/834 804/804/833 819/819/847
f 705/705/748 703/703/746 730/730/770
f 780/780/762 779/779/762 796/796/827
f 727/727/767 827/827/855 824/824/852
f 826/826/854 721/721/762 723/723/762
f 743/743/767 786/786/818 827/827/855
f 684/684/728 741/741/781 829/829/857
f 831/831/859 721/721/762 808/808/762
f 832/832/860 808/808/762 789/789/762
f 749/749/787 748/748/767 805/805/834
f 772/772/807 811/811/839 761/761/762
f 997/1045/1071 831/831/859 832/832/860
f 1000/1048/1074 1005/1053/1079 1006/1054/1080
f 1009/1057/1083 991/1039/1065 993/1041/1067
f 1017/1065/1091 826/826/854 742/742/782
f 1030/1078/1104 786/786/818 722/722/763
f 1033/1081/1107 827/827/855 786/786/818
f 1040/1088/1114 1042/1090/1116 1041/1089/1115
f 803/803/832 1019/1067/1093 1038/1086/1112
f 747/747/786 1052/1100/1126 878/882/917
f 1041/1089/1115 749/749/787 816/816/844
f 1055/1103/1129 1058/1106/1132 1059/1107/1133
f 1066/1114/1140 1065/1113/1139 763/763/798
f 1061/1109/1135 1008/1056/1082 1010/1058/1084
f 1073/1125/1147 898/907/941 893/899/935
f 649/649/697 718/718/698 650/650/698
f 652/652/700 825/825/853 653/653/701
f 655/655/698 709/709/752 656/656/703
f 658/658/704 724/724/764 659/659/705
f 661/661/698 691/691/735 662/662/707
f 666/666/711 810/810/838 667/667/712
f 669/669/714 731/731/771 670/670/715
f 657/657/698 675/675/698 672/672/717
f 674/674/719 806/806/835 661/661/698
f 660/660/706 659/659/705 676/676/720
f 678/678/722 744/744/783 679/679/723
f 681/681/725 738/738/778 682/682/726
f 677/677/721 676/676/720 684/684/728
f 688/688/732 698/698/742 689/689/733
f 691/691/735 802/802/698 692/692/736
f 687/687/731 686/686/730 693/693/737
f 697/697/741 751/751/789 698/698/742
f 699/699/735 799/799/735 700/700/743
f 702/702/745 664/664/709 665/665/710
f 704/704/747 702/702/745 703/703/746
f 706/706/749 714/714/757 707/707/750
f 650/650/698 834/834/862 709/709/752
f 712/712/755 710/710/753 711/711/754
f 714/714/757 860/1145/893 715/715/758
f 716/716/698 776/776/810 717/717/759
f 731/731/771 733/733/773 734/734/774
f 735/735/775 668/668/713 736/736/776
f 737/737/777 790/790/821 719/719/760
f 679/679/723 745/745/784 740/740/780
f 744/744/783 746/746/785 745/745/784
f 689/689/733 750/750/788 746/746/785
f 698/698/742 752/752/790 750/750/788
f 751/751/789 830/830/858 752/752/790
f 708/708/751 707/707/750 764/764/799
f 707/707/750 715/715/758 765/765/800
f 767/767/802 666/666/711 668/668/713
f 768/768/803 712/712/755 713/713/756
f 769/769/804 713/713/756 766/766/801
f 656/656/703 674/674/719 675/675/698
f 671/671/716 670/670/715 724/724/764
f 775/775/698 792/792/823 776/776/810
f 651/651/699 650/650/698 655/655/698
f 680/680/724 679/679/723 738/738/778
f 781/781/813 836/1146/864 782/782/814
f 783/783/815 782/782/814 784/784/816
f 683/683/727 682/682/726 737/737/777
f 669/669/714 767/767/802 735/735/775
f 791/791/822 867/870/904 792/792/823
f 793/793/824 791/791/822 775/775/698
f 799/799/735 812/812/840 800/800/830
f 801/801/831 807/807/836 802/802/698
f 806/806/835 801/801/831 691/691/735
f 807/807/836 828/828/856 699/699/735
f 810/810/838 706/706/749 708/708/751
f 812/812/840 815/815/843 813/813/841
f 814/814/842 846/846/874 815/815/843
f 768/768/803 769/769/804 820/820/848
f 822/822/850 716/716/698 718/718/698
f 769/769/804 770/770/805 823/823/851
f 690/690/734 689/689/733 744/744/783
f 794/794/825 775/775/698 716/716/698
f 802/802/698 699/699/735 701/701/744
f 787/787/819 737/737/777 653/653/701
f 781/781/813 783/783/815 751/751/789
f 828/828/856 835/835/863 799/799/735
f 783/783/815 785/785/817 830/830/858
f 777/777/811 655/655/698 657/657/698
f 675/675/698 661/661/698 663/663/708
f 718/718/698 717/717/759 834/834/862
f 835/835/863 814/814/842 812/812/840
f 836/836/864 839/839/867 837/837/865
f 839/839/867 849/849/877 840/840/868
f 838/838/866 837/837/865 841/841/869
f 837/837/865 840/840/868 843/843/871
f 844/844/872 848/848/876 845/845/873
f 847/847/875 850/850/878 848/848/876
f 848/848/876 840/840/868 849/849/877
f 850/850/878 843/843/871 840/840/868
f 696/851/740 842/1139/881 851/852/879
f 852/853/880 851/852/879 850/850/883
f 851/852/879 841/841/882 843/843/885
f 821/821/849 855/1147/888 853/854/886
f 854/859/887 853/858/886 857/860/890
f 853/858/886 856/857/889 859/862/892
f 860/863/893 863/866/896 861/864/894
f 863/866/896 869/872/1058 864/867/897
f 862/865/898 861/864/894 856/857/899
f 861/864/894 864/867/897 859/862/901
f 865/868/902 868/871/905 866/869/903
f 858/861/891 857/860/890 868/871/905
f 868/871/905 864/867/907 869/872/906
f 857/860/890 859/862/892 864/867/907
f 784/784/816 872/1148/910 870/873/908
f 871/874/909 870/873/908 874/877/912
f 870/873/908 873/876/1162 876/879/914
f 753/753/791 878/882/917 877/880/915
f 878/882/917 883/887/924 879/883/918
f 877/880/915 879/883/918 876/879/920
f 880/884/921 882/886/923 881/885/922
f 875/878/913 874/877/925 882/886/923
f 882/886/923 879/883/918 883/887/924
f 874/877/925 876/879/920 879/883/918
f 823/823/851 886/1115/928 884/888/926
f 886/890/928 895/902/937 887/891/929
f 884/892/926 887/891/929 889/895/931
f 890/896/932 894/900/936 891/897/933
f 893/899/935 896/904/938 894/900/936
f 894/901/936 887/891/939 895/902/937
f 896/904/938 889/910/944 887/905/939
f 765/765/800 885/1134/942 897/906/940
f 898/907/941 897/906/940 896/904/938
f 897/906/940 888/909/1163 889/910/944
f 673/673/718 672/672/717 899/911/945
f 900/913/946 899/919/945 901/914/947
f 902/915/949 901/914/954 903/916/950
f 903/916/950 787/787/819 825/825/853
f 672/672/717 663/663/708 905/918/952
f 899/919/945 905/958/952 906/920/953
f 901/914/954 906/920/992 907/921/955
f 907/921/955 683/683/727 787/787/819
f 709/709/752 909/923/957 908/922/956
f 909/923/957 911/925/963 910/924/958
f 911/925/959 915/931/965 912/926/960
f 912/926/960 915/931/965 767/927/802
f 834/834/862 913/929/962 909/923/957
f 913/929/962 914/930/1031 911/925/963
f 914/930/964 966/1002/1033 915/931/965
f 915/931/965 966/1002/1033 666/932/711
f 777/777/811 917/939/967 916/933/966
f 917/934/967 919/937/972 918/935/968
f 919/937/969 921/940/973 920/938/970
f 920/938/970 921/940/973 652/652/700
f 673/673/718 900/912/946 917/939/967
f 900/913/946 902/915/948 919/937/972
f 902/915/949 904/917/951 921/940/973
f 921/940/973 904/917/951 825/825/853
f 806/806/835 674/674/719 922/941/974
f 923/942/975 922/941/974 924/943/976
f 925/944/978 924/943/981 926/945/979
f 926/945/979 671/948/716 658/947/704
f 674/674/719 656/656/703 908/922/956
f 922/941/974 908/922/956 910/924/958
f 924/943/981 910/924/961 912/926/960
f 912/926/960 669/928/714 671/948/716
f 807/807/836 801/801/831 928/949/982
f 929/950/983 928/949/982 930/951/984
f 931/952/986 930/951/989 932/953/987
f 932/953/987 660/956/706 677/955/721
f 801/801/831 806/806/835 923/942/975
f 928/949/982 923/942/975 925/944/977
f 930/951/989 925/944/978 927/946/980
f 927/946/980 658/947/704 660/956/706
f 663/663/708 662/662/707 934/957/990
f 905/958/952 934/962/990 935/959/991
f 906/920/992 935/959/996 936/960/993
f 936/960/993 681/681/725 683/683/727
f 662/662/707 692/692/736 937/961/994
f 934/962/990 937/966/994 938/963/995
f 935/959/996 938/963/1000 939/964/997
f 939/964/997 680/680/724 681/681/725
f 692/692/736 701/701/744 940/965/998
f 937/966/994 940/970/998 941/967/999
f 938/963/1000 941/967/1004 942/968/1001
f 942/968/1001 678/678/722 680/680/724
f 701/701/744 700/700/743 943/969/1002
f 940/970/998 943/991/1002 944/971/1003
f 941/967/1004 944/971/1022 945/972/1005
f 945/972/1005 690/690/734 678/678/722
f 835/835/863 828/828/856 946/973/1006
f 947/974/1007 946/973/1006 948/975/1008
f 949/976/1010 948/975/1013 950/977/1011
f 950/977/1011 685/980/729 687/979/731
f 828/828/856 807/807/836 929/950/983
f 946/973/1006 929/950/983 931/952/985
f 948/975/1013 931/952/986 933/954/988
f 933/954/988 677/955/721 685/980/729
f 815/815/843 953/982/1015 952/981/1014
f 953/982/1015 955/984/1017 954/983/1016
f 955/984/1017 957/988/1019 956/985/1018
f 957/986/1019 781/781/813 697/697/741
f 846/846/874 845/845/873 953/982/1015
f 845/845/873 849/849/877 955/984/1017
f 849/849/877 839/839/867 957/988/1019
f 839/839/867 836/836/864 781/989/813
f 700/700/743 800/800/830 958/990/1020
f 943/991/1002 958/994/1024 959/992/1021
f 944/971/1022 959/992/1025 960/993/1023
f 945/972/1005 960/993/1023 688/688/732
f 800/800/830 813/813/841 952/981/1014
f 958/994/1024 952/1149/1014 954/995/1016
f 959/992/1025 954/995/1016 956/987/1018
f 956/987/1018 697/697/741 688/688/732
f 846/846/874 814/814/842 961/996/1026
f 844/844/872 961/996/1026 962/997/1027
f 847/847/884 962/997/1029 963/998/1028
f 852/853/880 963/998/1028 694/999/738
f 814/814/842 835/835/863 947/974/1007
f 961/996/1026 947/974/1007 949/976/1009
f 962/997/1029 949/976/1010 951/978/1012
f 963/998/1028 951/978/1012 687/979/731
f 717/717/759 964/1000/1030 913/929/962
f 964/1000/1030 965/1001/1035 914/930/1031
f 965/1001/1032 969/1006/1037 966/1002/1033
f 966/1002/1033 969/1006/1037 810/1003/838
f 776/776/810 967/1004/1034 964/1000/1030
f 967/1004/1034 968/1005/1053 965/1001/1035
f 968/1005/1036 984/1026/1055 969/1006/1037
f 969/1007/1037 984/1028/1055 706/706/749
f 649/649/697 971/1014/1039 970/1008/1038
f 971/1009/1039 973/1012/1044 972/1010/1040
f 973/1012/1041 975/1015/1045 974/1013/1042
f 974/1013/1042 975/1015/1045 702/702/745
f 651/651/699 916/933/966 971/1014/1039
f 916/936/966 918/935/968 973/1012/1044
f 918/935/971 920/938/970 975/1015/1045
f 975/1015/1045 920/938/970 664/664/709
f 867/870/904 791/791/822 976/1016/1046
f 865/868/902 976/1016/1046 977/1017/1047
f 858/1018/891 977/1022/1047 978/1019/1048
f 854/855/887 978/1019/1048 768/768/803
f 791/791/822 793/793/824 979/1020/1049
f 976/1016/1046 979/1020/1049 980/1021/1050
f 977/1022/1047 980/1032/1050 981/1023/1051
f 978/1019/1048 981/1023/1051 712/712/755
f 792/792/823 982/1024/1052 967/1004/1034
f 982/1024/1052 983/1025/1057 968/1005/1053
f 983/1025/1054 985/1029/1056 984/1026/1055
f 985/1027/1056 714/714/757 706/706/749
f 867/870/904 866/869/903 982/1024/1052
f 866/869/903 869/872/906 983/1025/1057
f 869/872/1058 863/866/896 985/1029/1056
f 863/1030/896 860/1145/893 714/714/757
f 794/794/825 986/1035/1059 979/1020/1049
f 986/1031/1059 987/1034/1061 980/1032/1050
f 987/1034/1060 988/1036/1062 981/1023/1051
f 981/1023/1051 988/1036/1062 710/710/753
f 822/822/850 970/1008/1038 986/1035/1059
f 970/1011/1038 972/1010/1040 987/1034/1061
f 972/1010/1043 974/1013/1042 988/1036/1062
f 974/1013/1042 704/704/747 710/710/753
f 790/790/821 990/1038/1064 989/1037/1063
f 990/1038/1064 992/1040/1066 991/1039/1065
f 992/1040/1066 994/1042/1068 993/1041/1067
f 994/1042/1068 832/832/860 833/833/861
f 739/739/779 995/1043/1069 990/1038/1064
f 995/1043/1069 996/1044/1070 992/1040/1066
f 996/1044/1070 997/1045/1071 994/1042/1068
f 733/733/773 732/732/772 998/1046/1072
f 999/1047/1073 998/1046/1072 1000/1048/1074
f 1001/1049/1075 1000/1048/1074 1002/1050/1076
f 1003/1051/1077 1002/1050/1076 771/771/806
f 732/732/772 736/736/776 1004/1052/1078
f 998/1046/1072 1004/1052/1078 1005/1053/1079
f 1002/1050/1076 1006/1054/1080 772/772/807
f 729/729/769 720/720/761 1007/1055/1081
f 1008/1056/1082 1007/1055/1081 1009/1057/1083
f 1010/1058/1084 1009/1057/1083 1011/1059/1085
f 1012/1060/1086 1011/1059/1085 788/788/820
f 720/720/761 719/719/760 989/1037/1063
f 1007/1055/1081 989/1037/1063 991/1039/1065
f 1011/1059/1085 993/1041/1067 833/833/861
f 734/734/774 1014/1062/1088 1013/1061/1087
f 1014/1062/1088 1016/1064/1090 1015/1063/1089
f 1016/1064/1090 1018/1066/1092 1017/1065/1091
f 1018/1066/1092 809/809/837 826/826/854
f 733/733/773 999/1047/1073 1014/1062/1088
f 999/1047/1073 1001/1049/1075 1016/1064/1090
f 1001/1049/1075 1003/1051/1077 1018/1066/1092
f 1003/1051/1077 774/774/809 809/809/837
f 725/725/765 1020/1068/1094 1019/1067/1093
f 1020/1068/1094 1022/1070/1096 1021/1069/1095
f 1022/1070/1096 1024/1072/1098 1023/1071/1097
f 1024/1072/1098 742/742/782 726/726/766
f 773/773/808 1013/1061/1087 1020/1068/1094
f 1013/1061/1087 1015/1063/1089 1022/1070/1096
f 1015/1063/1089 1017/1065/1091 1024/1072/1098
f 740/740/780 1025/1073/1099 995/1043/1069
f 1025/1073/1099 1026/1074/1100 996/1044/1070
f 1026/1074/1100 1027/1075/1101 997/1045/1071
f 1027/1075/1101 722/722/763 831/831/859
f 745/745/784 1028/1076/1102 1025/1073/1099
f 1028/1076/1102 1029/1077/1103 1026/1074/1100
f 1029/1077/1103 1030/1078/1104 1027/1075/1101
f 746/746/785 1031/1079/1105 1028/1076/1102
f 1031/1079/1105 1032/1080/1106 1029/1077/1103
f 1032/1080/1106 1033/1081/1107 1030/1078/1104
f 750/750/788 1034/1082/1108 1031/1079/1105
f 1034/1082/1108 1035/1083/1109 1032/1080/1106
f 1035/1083/1109 1036/1084/1110 1033/1081/1107
f 1036/1084/1110 824/824/852 827/827/855
f 741/741/781 1038/1086/1112 1037/1085/1111
f 1038/1086/1112 1040/1088/1114 1039/1087/1113
f 1042/1090/1116 728/728/768 749/749/787
f 1019/1067/1093 1021/1069/1095 1040/1088/1114
f 1021/1069/1095 1023/1071/1097 1042/1090/1116
f 1023/1071/1097 726/726/766 728/728/768
f 830/830/858 785/785/817 1043/1091/1117
f 1044/1092/1118 1043/1091/1117 1045/1093/1119
f 1046/1094/1120 1045/1093/1119 1047/1095/1121
f 1048/1096/1122 1047/1095/1121 817/817/845
f 785/785/817 784/784/816 871/874/909
f 1043/1091/1117 871/874/909 875/878/913
f 1045/1093/1119 875/878/913 880/884/921
f 1047/1095/1121 880/884/921 818/818/846
f 752/752/790 1049/1097/1123 1034/1082/1108
f 1049/1097/1123 1050/1098/1124 1035/1083/1109
f 1050/1098/1124 1051/1099/1125 1036/1084/1110
f 1051/1099/1125 804/804/833 824/824/852
f 830/830/858 1044/1092/1118 1049/1097/1123
f 1044/1092/1118 1046/1094/1120 1050/1098/1124
f 1046/1094/1120 1048/1096/1122 1051/1099/1125
f 1048/1096/1122 819/819/847 804/804/833
f 1052/1100/1126 1053/1101/1127 883/887/924
f 1053/1101/1127 1054/1102/1128 881/885/922
f 1054/1102/1128 816/816/844 818/818/846
f 829/829/857 1037/1085/1111 1052/1100/1126
f 1037/1085/1111 1039/1087/1113 1053/1101/1127
f 1039/1087/1113 1041/1089/1115 1054/1102/1128
f 736/736/776 757/757/793 1055/1103/1129
f 1004/1052/1078 1055/1103/1129 1056/1104/1130
f 1005/1053/1079 1056/1104/1130 1057/1105/1131
f 1006/1054/1080 1057/1105/1131 811/811/839
f 757/757/793 758/758/794 1058/1106/1132
f 1056/1104/1130 1059/1107/1133 1060/1108/1134
f 1057/1105/1131 1060/1108/1134 778/778/812
f 759/759/795 730/730/770 1061/1109/1135
f 1062/1110/1136 1061/1109/1135 1063/1111/1137
f 1064/1112/1138 1063/1111/1137 1065/1113/1139
f 730/730/770 729/729/769 1008/1056/1082
f 1063/1111/1137 1010/1058/1084 1012/1060/1086
f 1065/1113/1139 1012/1060/1086 754/754/792
f 770/770/805 1067/1150/1141 886/1115/928
f 1067/1116/1141 1068/1117/1142 895/902/937
f 1068/1117/1142 1069/1123/1143 891/903/933
f 1069/1118/1143 798/798/829 892/898/934
f 766/1119/801 1070/1121/1144 1067/1116/1141
f 1070/1121/1144 1071/1122/1145 1068/1117/1142
f 1071/1122/1145 1072/1151/1146 1069/1123/1143
f 1072/1124/1146 795/795/826 798/798/829
f 758/758/794 764/764/799 1073/1125/1147
f 1058/1106/1132 1073/1125/1147 1074/1126/1148
f 1059/1107/1133 1074/1126/1148 1075/1127/1149
f 1060/1108/1134 1075/1127/1149 797/797/828
f 764/764/799 765/765/800 898/907/941
f 1074/1126/1148 893/899/935 890/896/932
f 1075/1127/1149 890/896/932 892/898/934
f 766/766/801 760/760/796 1076/1128/1150
f 1070/1129/1144 1076/1128/1150 1077/1130/1151
f 1071/1131/1145 1077/1130/1151 1078/1132/1152
f 1072/1124/1146 1078/1132/1152 796/796/827
f 760/760/796 759/759/795 1062/1110/1136
f 1076/1128/1150 1062/1110/1136 1064/1112/1138
f 1077/1130/1151 1064/1112/1138 1066/1114/1140
f 1078/1132/1152 1066/1114/1140 762/762/797
f 765/765/800 715/715/758 1079/1133/1153
f 885/889/927 1079/1137/1157 820/820/848
f 715/715/758 860/1145/893 862/1135/1154
f 1079/1137/1157 855/1147/888 821/821/849
f 695/1138/739 1080/1142/1161 842/1139/1158
f 1080/1140/1160 782/1144/814 836/836/864
f 753/1141/791 872/1152/916 1080/1142/1161
f 872/1143/910 784/1153/816 782/1144/814
f 1081/1154/1164 1082/1155/1165 1083/1156/1166
f 1084/1157/1167 1085/1158/1168 1086/1159/1169
f 1087/1160/1170 1088/1161/1171 1089/1162/1172
f 1090/1163/1173 1091/1164/1174 1088/1161/1171
f 1092/1165/1175 1093/1166/1176 1094/1167/1177
f 1095/1168/1178 1096/1169/1179 1097/1170/1180
f 1098/1171/1181 1099/1172/1182 1081/1154/1164
f 1100/1173/1183 1101/1174/1184 1102/1175/1185
f 1094/1167/1177 1103/1176/1186 1104/1177/1187
f 1105/1178/1188 1106/1179/1189 1107/1180/1190
f 1108/1181/1191 1109/1182/1192 1110/1183/1193
f 1111/1184/1194 1112/1185/1195 1113/1186/1196
f 1109/1182/1192 1114/1187/1197 1115/1188/1198
f 1116/1189/1199 1117/1190/1200 1106/1179/1189
f 1118/1191/1201 1119/1192/1202 1120/1193/1203
f 1121/1194/1204 1119/1192/1202 1096/1169/1179
f 1122/1195/1205 1123/1196/1206 1124/1197/1207
f 1125/1198/1208 1126/1199/1209 1127/1200/1210
f 1128/1201/1211 1129/1202/1212 1130/1203/1213
f 1086/1159/1169 1131/1204/1214 1132/1205/1215
f 1133/1206/1216 1134/1207/1217 1135/1208/1218
f 1136/1209/1219 1137/1210/1220 1123/1196/1206
f 1138/1211/1221 1139/1212/1222 1140/1213/1223
f 1141/1214/1224 1142/1215/1225 1143/1216/1226
f 1084/1157/1167 1144/1217/1227 1145/1218/1228
f 1105/1178/1188 1146/1219/1229 1147/1220/1230
f 1116/1189/1199 1148/1221/1231 1149/1222/1232
f 1086/1159/1169 1150/1223/1233 1144/1217/1227
f 1151/1224/1234 1152/1225/1235 1153/1226/1236
f 1154/1227/1237 1155/1228/1238 1156/1229/1239
f 1157/1230/1240 1131/1204/1214 1085/1158/1168
f 1157/1230/1240 1129/1202/1212 1158/1231/1241
f 1159/1232/1242 1156/1229/1239 1160/1233/1243
f 1161/1234/1244 1102/1175/1185 1151/1224/1234
f 1162/1235/1245 1163/1236/1246 1164/1237/1247
f 1107/1180/1190 1163/1236/1246 1146/1219/1229
f 1165/1238/1248 1166/1239/1249 1167/1240/1250
f 1168/1241/1251 1144/1217/1227 1128/1201/1211
f 1107/1180/1190 1117/1190/1200 1169/1242/1252
f 1170/1243/1253 1171/1244/1254 1099/1172/1182
f 1089/1162/1172 1172/1245/1255 1173/1246/1256
f 1174/1247/1257 1175/1248/1258 1176/1249/1259
f 1177/1250/1260 1138/1211/1221 1178/1251/1261
f 1162/1235/1245 1148/1221/1231 1134/1207/1217
f 1179/1252/1262 1176/1249/1259 1180/1253/1263
f 1181/1254/1264 1182/1255/1265 1183/1256/1266
f 1141/1214/1224 1184/1257/1267 1185/1258/1268
f 1118/1191/1201 1142/1215/1225 1166/1239/1249
f 1186/1259/1269 1187/1260/1270 1109/1182/1192
f 1121/1194/1204 1184/1257/1267 1188/1261/1271
f 1189/1262/1272 1190/1263/1273 1177/1250/1260
f 1128/1201/1211 1150/1223/1233 1191/1264/1274
f 1088/1161/1171 1192/1265/1275 1172/1245/1255
f 1180/1253/1263 1193/1266/1276 1194/1267/1277
f 1176/1249/1259 1195/1268/1278 1193/1266/1276
f 1127/1200/1210 1196/1269/1279 1197/1270/1280
f 1123/1196/1206 1198/1271/1281 1124/1197/1207
f 1123/1196/1206 1199/1272/1282 1200/1273/1283
f 1156/1229/1239 1201/1274/1284 1202/1275/1285
f 1102/1175/1185 1203/1276/1286 1152/1225/1235
f 1160/1233/1243 1202/1275/1285 1204/1277/1287
f 1205/1278/1288 1106/1179/1189 1206/1279/1289
f 1207/1280/1290 1127/1200/1210 1208/1281/1291
f 1208/1281/1291 1197/1270/1280 1209/1282/1292
f 1099/1172/1182 1210/1283/1293 1082/1155/1165
f 1165/1238/1248 1096/1169/1179 1118/1191/1201
f 1211/1284/1294 1166/1239/1249 1141/1214/1224
f 1212/1285/1295 1213/1286/1296 1214/1287/1297
f 1214/1287/1297 1215/1288/1298 1216/1289/1299
f 1168/1241/1251 1130/1203/1213 1217/1290/1300
f 1218/1291/1301 1130/1203/1213 1157/1230/1240
f 1103/1176/1186 1219/1292/1302 1220/1293/1303
f 1182/1255/1265 1221/1294/1304 1222/1295/1305
f 1133/1206/1216 1146/1219/1229 1162/1235/1245
f 1205/1278/1288 1134/1207/1217 1116/1189/1199
f 1112/1185/1195 1223/1296/1306 1224/1297/1307
f 1225/1298/1308 1226/1299/1309 1111/1184/1194
f 1211/1284/1294 1185/1258/1268 1227/1300/1310
f 1095/1168/1178 1185/1258/1268 1121/1194/1204
f 1215/1288/1298 1228/1301/1311 1229/1302/1312
f 1109/1182/1192 1230/1303/1313 1110/1183/1193
f 1218/1291/1301 1085/1158/1168 1231/1304/1314
f 1232/1305/1315 1182/1255/1265 1233/1306/1316
f 1182/1255/1265 1234/1307/1317 1233/1306/1316
f 1235/1308/1318 1236/1309/1319 1083/1156/1166
f 1237/1310/1320 1238/1311/1321 1235/1308/1318
f 1238/1311/1321 1239/1312/1322 1236/1309/1319
f 1238/1311/1321 1240/1313/1323 1241/1314/1324
f 1242/1315/1325 1243/1316/1326 1244/1317/1327
f 1242/1315/1325 1245/1318/1328 1240/1319/1323
f 1243/1316/1326 1240/1313/1323 1237/1310/1320
f 1240/1319/1323 1245/1318/1328 1241/1320/1324
f 1239/1312/1322 1246/1321/1329 1247/1322/1330
f 1247/1323/1330 1246/1321/1329 1245/1324/1328
f 1246/1321/1329 1241/1320/1324 1245/1318/1328
f 1108/1181/1331 1248/1325/1332 1249/1326/1333
f 1248/1327/1332 1250/1328/1334 1249/1329/1333
f 1249/1329/1333 1250/1328/1334 1251/1330/1335
f 1252/1331/1336 1250/1332/1336 1248/1333/1336
f 1250/1334/1337 1253/1335/1338 1251/1336/1339
f 1254/1337/1340 1255/1338/1341 1165/1238/1342
f 1098/1171/1181 1256/1339/1343 1257/1340/1344
f 1256/1341/1345 1258/1342/1345 1259/1343/1345
f 1122/1195/1205 1260/1344/1346 1256/1345/1347
f 1260/1344/1348 1257/1346/1349 1256/1347/1348
f 1256/1347/1350 1258/1342/1351 1261/1348/1352
f 1207/1280/1353 1262/1349/1354 1263/1350/1355
f 1263/1351/1356 1264/1352/1356 1265/1353/1356
f 1266/1354/1357 1267/1355/1358 1262/1356/1357
f 1267/1357/1359 1265/1358/1360 1264/1352/1361
f 1262/1356/1354 1267/1355/1362 1263/1359/1355
f 1232/1305/1315 1268/1360/1363 1269/1361/1364
f 1268/1360/1365 1270/1362/1365 1269/1363/1365
f 1269/1363/1366 1271/1364/1366 1272/1365/1366
f 1273/1366/1367 1269/1367/1368 1270/1368/1369
f 1269/1369/1370 1274/1370/1371 1272/1371/1372
f 1275/1372/1373 1276/1373/1374 1277/1374/1375
f 1278/1375/1376 1279/1376/1377 1275/1372/1373
f 1276/1373/1374 1279/1377/1377 1280/1378/1378
f 1281/1379/1379 1282/1380/1380 1283/1381/1381
f 1282/1380/1380 1278/1375/1376 1283/1382/1381
f 1284/1383/1382 1285/1384/1383 1153/1226/1236
f 1280/1378/1378 1286/1385/1384 1284/1383/1382
f 1286/1385/1384 1281/1379/1379 1285/1384/1383
f 1286/1385/1384 1279/1377/1377 1287/1386/1385
f 1288/1387/1386 1289/1388/1387 1161/1234/1388
f 1288/1387/1389 1290/1389/1390 1291/1390/1391
f 1159/1232/1242 1292/1391/1392 1291/1392/1393
f 1292/1391/1394 1289/1393/1394 1291/1394/1394
f 1290/1389/1395 1293/1395/1396 1291/1394/1397
f 1294/1396/1398 1295/1397/1399 1181/1254/1264
f 1296/1398/1400 1297/1399/1401 1294/1396/1398
f 1297/1399/1401 1298/1400/1402 1295/1397/1399
f 1297/1399/1401 1299/1401/1403 1300/1402/1404
f 1301/1403/1405 1302/1404/1406 1303/1405/1407
f 1302/1404/1406 1296/1398/1400 1303/1406/1407
f 1304/1407/1408 1305/1408/1409 1173/1246/1256
f 1304/1407/1408 1298/1400/1402 1300/1409/1404
f 1300/1409/1404 1301/1403/1405 1305/1408/1409
f 1087/1160/1410 1306/1410/1411 1307/1411/1412
f 1306/1412/1413 1308/1413/1413 1309/1414/1414
f 1307/1411/1412 1306/1415/1411 1310/1416/1415
f 1179/1252/1416 1311/1417/1417 1312/1418/1418
f 1310/1416/1415 1312/1419/1418 1311/1417/1417
f 1312/1419/1419 1309/1420/1419 1308/1421/1419
f 1313/1422/1420 1314/1423/1421 1169/1242/1252
f 1315/1424/1422 1316/1425/1423 1313/1422/1420
f 1316/1425/1423 1317/1426/1424 1314/1423/1421
f 1316/1425/1423 1318/1427/1425 1319/1428/1426
f 1140/1213/1223 1320/1429/1427 1321/1430/1428
f 1322/1431/1429 1323/1432/1430 1320/1429/1427
f 1321/1430/1428 1318/1433/1431 1315/1434/1432
f 1320/1429/1427 1319/1435/1433 1318/1433/1431
f 1188/1261/1271 1324/1436/1434 1325/1437/1435
f 1317/1426/1424 1324/1436/1434 1326/1438/1436
f 1324/1436/1434 1327/1439/1437 1325/1437/1435
f 1324/1436/1434 1319/1440/1426 1323/1441/1438
f 1328/1442/1439 1329/1443/1440 1132/1205/1215
f 1330/1444/1441 1331/1445/1442 1328/1442/1439
f 1331/1445/1442 1332/1446/1443 1329/1443/1440
f 1331/1445/1442 1333/1447/1444 1334/1448/1445
f 1178/1251/1261 1335/1449/1446 1336/1450/1447
f 1337/1451/1448 1338/1452/1449 1335/1449/1446
f 1336/1453/1447 1333/1447/1450 1330/1444/1451
f 1335/1454/1446 1334/1455/1452 1333/1447/1450
f 1339/1456/1453 1340/1457/1454 1149/1222/1232
f 1332/1446/1443 1341/1458/1455 1339/1456/1453
f 1341/1458/1455 1342/1459/1456 1340/1457/1454
f 1341/1458/1455 1334/1455/1445 1338/1460/1457
f 1343/1461/1458 1344/1462/1459 1164/1237/1247
f 1345/1463/1460 1346/1464/1461 1343/1461/1458
f 1346/1464/1461 1347/1465/1462 1344/1462/1459
f 1346/1464/1461 1348/1466/1463 1349/1467/1464
f 1350/1468/1465 1351/1469/1466 1143/1216/1226
f 1352/1470/1467 1353/1471/1468 1350/1468/1465
f 1353/1471/1468 1345/1463/1460 1351/1469/1466
f 1353/1471/1468 1348/1466/1463 1354/1472/1469
f 1355/1473/1470 1356/1474/1471 1191/1264/1274
f 1347/1465/1462 1357/1475/1472 1355/1473/1470
f 1357/1475/1472 1352/1470/1467 1356/1474/1471
f 1357/1475/1472 1348/1466/1463 1358/1476/1473
f 1120/1193/1203 1359/1477/1474 1360/1478/1475
f 1361/1479/1476 1359/1477/1474 1362/1480/1477
f 1359/1477/1474 1363/1481/1478 1360/1478/1475
f 1359/1477/1474 1364/1482/1479 1365/1483/1480
f 1189/1262/1272 1366/1484/1481 1367/1485/1482
f 1368/1486/1483 1369/1487/1484 1366/1488/1481
f 1367/1485/1482 1364/1489/1485 1361/1490/1486
f 1366/1484/1487 1365/1491/1488 1364/1489/1489
f 1370/1492/1490 1371/1493/1491 1158/1231/1241
f 1363/1481/1478 1372/1494/1492 1370/1492/1490
f 1372/1494/1492 1373/1495/1493 1371/1493/1491
f 1372/1494/1492 1365/1496/1494 1369/1487/1495
f 1374/1497/1496 1375/1498/1497 1376/1499/1498
f 1377/1500/1499 1375/1498/1500 1378/1501/1501
f 1376/1499/1498 1379/1502/1502 1380/1503/1503
f 1375/1498/1500 1381/1504/1504 1379/1502/1505
f 1198/1271/1281 1382/1505/1506 1383/1506/1507
f 1384/1507/1508 1379/1508/1509 1382/1505/1510
f 1383/1506/1511 1382/1509/1512 1377/1500/1511
f 1382/1505/1513 1379/1508/1513 1381/1504/1513
f 1385/1510/1514 1386/1511/1515 1224/1512/1307
f 1380/1503/1503 1387/1513/1516 1385/1510/1514
f 1387/1513/1517 1388/1514/1518 1386/1511/1515
f 1389/1515/1519 1390/1516/1520 1210/1283/1293
f 1391/1517/1521 1392/1518/1522 1389/1515/1519
f 1392/1518/1522 1393/1519/1523 1390/1516/1520
f 1394/1520/1524 1395/1521/1525 1392/1518/1522
f 1396/1522/1526 1397/1523/1527 1225/1524/1308
f 1398/1525/1528 1399/1526/1529 1396/1522/1526
f 1399/1526/1529 1391/1517/1521 1397/1523/1527
f 1399/1526/1529 1400/1527/1530 1394/1520/1524
f 1401/1528/1531 1402/1529/1532 1196/1269/1279
f 1393/1519/1523 1403/1530/1533 1401/1528/1531
f 1403/1530/1533 1398/1525/1528 1402/1529/1532
f 1403/1530/1533 1395/1521/1525 1400/1531/1530
f 1209/1282/1292 1404/1532/1534 1405/1533/1535
f 1406/1534/1536 1407/1535/1537 1404/1532/1534
f 1405/1533/1535 1404/1536/1534 1408/1537/1538
f 1404/1532/1539 1407/1535/1539 1409/1538/1539
f 1410/1539/1540 1411/1540/1541 1113/1541/1196
f 1412/1542/1542 1413/1543/1543 1410/1539/1540
f 1413/1543/1544 1414/1544/1545 1411/1540/1541
f 1199/1272/1282 1404/1545/1546 1415/1546/1547
f 1416/1547/1548 1408/1537/1549 1404/1545/1546
f 1415/1546/1547 1407/1548/1550 1412/1542/1542
f 1417/1549/1551 1418/1550/1552 1114/1187/1197
f 1419/1551/1553 1420/1552/1554 1417/1549/1551
f 1420/1552/1554 1421/1553/1555 1418/1550/1552
f 1422/1554/1556 1423/1555/1557 1420/1552/1554
f 1424/1556/1558 1425/1557/1559 1203/1276/1286
f 1426/1558/1560 1427/1559/1561 1424/1556/1558
f 1427/1559/1561 1419/1551/1553 1425/1557/1559
f 1427/1559/1561 1428/1560/1562 1422/1554/1556
f 1429/1561/1563 1430/1562/1564 1212/1563/1295
f 1421/1553/1555 1431/1564/1565 1429/1561/1563
f 1431/1564/1565 1426/1558/1560 1430/1562/1564
f 1431/1564/1565 1423/1555/1557 1428/1565/1562
f 1230/1303/1313 1432/1566/1566 1433/1567/1567
f 1434/1568/1568 1435/1569/1569 1432/1566/1566
f 1433/1567/1567 1432/1570/1566 1436/1571/1570
f 1432/1566/1571 1435/1569/1571 1437/1572/1571
f 1438/1573/1572 1439/1574/1573 1216/1575/1299
f 1440/1576/1574 1441/1577/1575 1438/1573/1572
f 1441/1577/1576 1442/1578/1577 1439/1574/1573
f 1201/1274/1284 1432/1579/1578 1443/1580/1579
f 1444/1581/1580 1436/1571/1581 1432/1579/1578
f 1443/1580/1579 1435/1582/1582 1440/1576/1574
f 1445/1583/1583 1446/1584/1584 1447/1585/1585
f 1448/1586/1586 1449/1587/1587 1446/1584/1584
f 1447/1585/1585 1450/1588/1588 1451/1589/1589
f 1446/1584/1584 1452/1590/1590 1450/1588/1588
f 1204/1277/1287 1453/1591/1591 1454/1592/1592
f 1455/1593/1593 1456/1594/1594 1453/1591/1591
f 1454/1592/1592 1453/1591/1591 1449/1587/1595
f 1453/1591/1591 1452/1590/1590 1449/1587/1595
f 1457/1595/1596 1458/1596/1597 1229/1597/1312
f 1451/1589/1589 1459/1598/1598 1457/1595/1596
f 1459/1598/1598 1460/1599/1599 1458/1596/1597
f 1450/1588/1588 1456/1594/1594 1459/1598/1598
f 1234/1307/1317 1461/1600/1600 1462/1601/1601
f 1463/1602/1602 1464/1603/1603 1461/1600/1600
f 1462/1601/1604 1465/1604/1605 1466/1605/1606
f 1461/1600/1600 1467/1606/1607 1465/1604/1605
f 1468/1607/1608 1469/1608/1609 1104/1609/1187
f 1470/1610/1610 1471/1611/1611 1468/1607/1608
f 1471/1611/1611 1472/1612/1612 1469/1608/1609
f 1473/1613/1613 1464/1603/1603 1471/1611/1611
f 1195/1268/1278 1474/1614/1614 1475/1615/1615
f 1466/1605/1616 1465/1604/1617 1474/1614/1614
f 1475/1615/1615 1473/1613/1613 1470/1610/1610
f 1474/1614/1614 1467/1606/1607 1473/1613/1613
f 1476/1616/1618 1477/1617/1619 1221/1294/1304
f 1478/1618/1620 1479/1619/1621 1476/1616/1618
f 1479/1619/1621 1480/1620/1622 1477/1617/1619
f 1481/1621/1623 1482/1622/1624 1479/1619/1621
f 1483/1623/1625 1484/1624/1626 1192/1265/1275
f 1485/1625/1627 1486/1626/1628 1483/1623/1625
f 1486/1626/1628 1478/1618/1620 1484/1624/1626
f 1486/1626/1628 1487/1627/1629 1481/1621/1623
f 1488/1628/1630 1489/1629/1631 1092/1630/1175
f 1480/1620/1622 1490/1631/1632 1488/1628/1630
f 1490/1631/1632 1485/1625/1627 1489/1629/1631
f 1490/1631/1632 1482/1622/1624 1487/1632/1629
f 1491/1633/1633 1492/1634/1634 1493/1635/1635
f 1494/1636/1636 1492/1634/1634 1495/1637/1637
f 1492/1634/1634 1496/1638/1638 1493/1635/1635
f 1497/1639/1639 1498/1640/1640 1492/1634/1634
f 1194/1267/1277 1499/1641/1641 1500/1642/1642
f 1501/1643/1643 1502/1644/1644 1499/1641/1641
f 1500/1642/1642 1497/1639/1645 1494/1636/1646
f 1499/1641/1641 1503/1645/1647 1497/1639/1648
f 1504/1646/1649 1505/1647/1650 1220/1648/1303
f 1496/1638/1638 1506/1649/1651 1504/1646/1649
f 1506/1649/1651 1507/1650/1652 1505/1647/1650
f 1498/1640/1653 1502/1644/1654 1506/1649/1651
f 1149/1222/1232 1508/1651/1655 1339/1456/1453
f 1339/1456/1453 1509/1652/1656 1332/1446/1443
f 1509/1652/1656 1329/1443/1440 1332/1446/1443
f 1510/1653/1657 1132/1205/1215 1329/1443/1440
f 1148/1221/1231 1344/1462/1459 1508/1651/1655
f 1508/1651/1655 1347/1465/1462 1509/1652/1656
f 1347/1465/1462 1510/1653/1657 1509/1652/1656
f 1355/1473/1470 1150/1223/1233 1510/1653/1657
f 1142/1215/1225 1350/1468/1465 1143/1216/1226
f 1511/1654/1658 1352/1470/1467 1350/1468/1465
f 1352/1470/1467 1512/1655/1659 1356/1474/1471
f 1356/1474/1471 1129/1202/1212 1191/1264/1274
f 1120/1193/1203 1511/1654/1658 1142/1215/1225
f 1360/1478/1475 1513/1656/1660 1511/1654/1658
f 1513/1656/1660 1370/1492/1490 1512/1655/1659
f 1512/1655/1659 1158/1231/1241 1129/1202/1212
f 1177/1250/1260 1368/1657/1483 1189/1262/1272
f 1514/1658/1661 1373/1495/1662 1368/1486/1483
f 1373/1495/1493 1515/1659/1663 1371/1493/1491
f 1515/1659/1663 1158/1231/1241 1371/1493/1491
f 1177/1250/1260 1336/1450/1447 1514/1660/1661
f 1514/1658/1661 1330/1444/1451 1515/1661/1664
f 1515/1661/1663 1330/1444/1441 1328/1442/1439
f 1515/1659/1663 1132/1205/1215 1131/1204/1214
f 1188/1261/1271 1516/1662/1665 1326/1438/1436
f 1326/1438/1436 1517/1663/1666 1317/1426/1424
f 1517/1663/1666 1314/1423/1421 1317/1426/1424
f 1518/1664/1667 1169/1242/1252 1314/1423/1421
f 1184/1257/1267 1351/1469/1466 1516/1662/1665
f 1516/1662/1665 1345/1463/1460 1517/1663/1666
f 1345/1463/1460 1518/1664/1667 1517/1663/1666
f 1343/1461/1458 1163/1236/1246 1518/1664/1667
f 1138/1211/1221 1337/1451/1448 1178/1251/1261
f 1519/1665/1668 1342/1666/1669 1337/1451/1448
f 1342/1459/1456 1520/1667/1670 1340/1457/1454
f 1520/1667/1670 1149/1222/1232 1340/1457/1454
f 1138/1211/1221 1321/1430/1428 1519/1665/1668
f 1519/1665/1668 1315/1434/1432 1520/1668/1671
f 1520/1669/1670 1315/1424/1422 1313/1422/1420
f 1520/1667/1670 1169/1242/1252 1117/1190/1200
f 1139/1212/1222 1322/1431/1429 1140/1213/1223
f 1521/1670/1672 1327/1671/1673 1322/1431/1429
f 1327/1671/1437 1522/1672/1674 1325/1673/1435
f 1522/1674/1674 1188/1261/1271 1325/1437/1435
f 1139/1212/1222 1367/1485/1482 1521/1670/1672
f 1521/1670/1672 1361/1490/1486 1522/1675/1675
f 1522/1675/1676 1361/1490/1676 1362/1676/1676
f 1522/1674/1674 1120/1193/1203 1119/1192/1202
f 1098/1171/1181 1523/1677/1677 1256/1341/1343
f 1256/1341/1343 1524/1678/1678 1258/1679/1679
f 1258/1679/1679 1525/1680/1680 1526/1681/1681
f 1526/1681/1681 1135/1208/1218 1205/1278/1288
f 1083/1156/1166 1523/1677/1677 1081/1154/1164
f 1236/1309/1319 1524/1678/1678 1523/1677/1677
f 1239/1312/1322 1525/1680/1680 1524/1678/1678
f 1247/1322/1330 1135/1208/1218 1525/1680/1680
f 1147/1220/1230 1527/1682/1682 1105/1178/1188
f 1528/1683/1683 1265/1353/1684 1527/1682/1682
f 1529/1684/1685 1263/1350/1686 1265/1353/1684
f 1530/1685/1687 1207/1280/1290 1263/1350/1686
f 1147/1220/1230 1247/1323/1330 1528/1683/1683
f 1528/1683/1683 1245/1324/1328 1529/1684/1685
f 1529/1684/1685 1242/1315/1325 1530/1685/1687
f 1530/1685/1687 1244/1317/1327 1125/1198/1208
f 1206/1279/1289 1526/1686/1681 1205/1278/1288
f 1531/1687/1688 1261/1348/1689 1526/1686/1681
f 1532/1688/1690 1256/1345/1691 1261/1348/1689
f 1533/1689/1692 1122/1195/1205 1256/1345/1347
f 1206/1279/1289 1527/1690/1682 1531/1687/1688
f 1531/1687/1688 1534/1691/1693 1532/1688/1690
f 1532/1688/1690 1267/1357/1694 1533/1689/1692
f 1533/1689/1692 1266/1354/1695 1136/1209/1219
f 1277/1374/1375 1535/1692/1696 1275/1372/1373
f 1275/1372/1373 1536/1693/1697 1278/1375/1376
f 1278/1375/1376 1537/1694/1698 1283/1382/1381
f 1283/1382/1381 1167/1240/1250 1211/1284/1294
f 1108/1181/1191 1535/1692/1696 1186/1259/1269
f 1249/1326/1699 1536/1693/1697 1535/1692/1696
f 1251/1695/1339 1253/1696/1338 1537/1694/1698
f 1254/1337/1700 1167/1240/1250 1537/1694/1698
f 1161/1234/1244 1538/1697/1701 1288/1387/1702
f 1288/1387/1702 1539/1698/1703 1540/1699/1704
f 1540/1699/1704 1541/1700/1705 1542/1701/1706
f 1542/1701/1706 1227/1300/1310 1095/1168/1178
f 1153/1226/1236 1538/1697/1701 1151/1224/1234
f 1285/1384/1383 1539/1698/1703 1538/1697/1701
f 1281/1379/1379 1541/1700/1705 1539/1698/1703
f 1283/1381/1381 1227/1300/1310 1541/1700/1705
f 1097/1170/1180 1542/1702/1706 1095/1168/1178
f 1543/1703/1707 1293/1395/1708 1542/1702/1706
f 1544/1704/1709 1291/1392/1393 1293/1395/1708
f 1545/1705/1710 1159/1232/1242 1291/1392/1393
f 1097/1170/1180 1255/1338/1711 1543/1703/1707
f 1543/1703/1707 1253/1335/1712 1544/1704/1709
f 1544/1704/1709 1250/1334/1713 1545/1705/1710
f 1545/1705/1710 1252/1331/1714 1154/1227/1237
f 1145/1218/1228 1546/1706/1715 1084/1157/1167
f 1547/1707/1716 1272/1365/1717 1546/1706/1715
f 1548/1708/1718 1269/1361/1719 1272/1365/1717
f 1549/1709/1720 1232/1305/1315 1269/1361/1364
f 1145/1218/1228 1303/1406/1407 1547/1707/1716
f 1547/1707/1716 1296/1398/1400 1548/1708/1718
f 1548/1708/1718 1294/1396/1398 1549/1709/1720
f 1549/1709/1720 1181/1254/1264 1183/1256/1266
f 1217/1290/1300 1303/1405/1407 1168/1241/1251
f 1550/1710/1721 1301/1403/1405 1303/1405/1407
f 1551/1711/1722 1305/1408/1409 1301/1403/1405
f 1552/1712/1723 1173/1246/1256 1305/1408/1409
f 1217/1290/1300 1553/1713/1724 1550/1710/1721
f 1550/1710/1721 1308/1413/1725 1551/1711/1722
f 1551/1711/1722 1306/1412/1726 1552/1712/1723
f 1552/1712/1723 1087/1160/1170 1089/1162/1172
f 1231/1304/1314 1553/1714/1724 1218/1291/1301
f 1554/1715/1727 1308/1421/1728 1553/1714/1729
f 1555/1716/1730 1312/1418/1731 1308/1421/1728
f 1556/1717/1732 1179/1252/1262 1312/1418/1733
f 1231/1304/1314 1546/1718/1715 1554/1715/1727
f 1554/1715/1727 1274/1370/1734 1555/1716/1730
f 1555/1716/1730 1269/1369/1735 1556/1717/1736
f 1556/1717/1732 1273/1366/1367 1174/1247/1257
f 1224/1512/1307 1557/1719/1737 1385/1510/1514
f 1385/1510/1514 1558/1720/1738 1380/1503/1503
f 1380/1503/1503 1559/1721/1739 1376/1499/1498
f 1376/1499/1498 1171/1244/1254 1374/1497/1496
f 1223/1722/1306 1397/1523/1527 1557/1719/1737
f 1557/1719/1737 1391/1517/1521 1558/1720/1738
f 1558/1720/1738 1389/1515/1519 1559/1721/1739
f 1559/1721/1739 1210/1283/1293 1171/1244/1254
f 1197/1270/1280 1406/1534/1536 1209/1282/1292
f 1560/1723/1740 1414/1544/1545 1406/1534/1536
f 1561/1724/1741 1411/1540/1541 1414/1544/1545
f 1562/1725/1742 1113/1541/1196 1411/1540/1541
f 1196/1269/1279 1560/1723/1740 1197/1270/1280
f 1402/1529/1532 1561/1724/1741 1560/1723/1740
f 1398/1525/1528 1562/1725/1742 1561/1724/1741
f 1396/1522/1526 1111/1726/1194 1562/1725/1742
f 1200/1273/1283 1384/1507/1508 1198/1271/1281
f 1563/1727/1743 1388/1514/1518 1384/1507/1508
f 1564/1728/1744 1386/1511/1515 1388/1514/1518
f 1565/1729/1745 1224/1512/1307 1386/1511/1515
f 1200/1273/1283 1415/1546/1547 1563/1727/1743
f 1563/1727/1743 1412/1542/1542 1564/1728/1744
f 1564/1728/1744 1410/1539/1540 1565/1729/1745
f 1565/1729/1745 1113/1541/1196 1112/1730/1195
f 1214/1731/1297 1429/1561/1563 1212/1563/1295
f 1566/1732/1746 1421/1553/1555 1429/1561/1563
f 1567/1733/1747 1418/1550/1552 1421/1553/1555
f 1568/1734/1748 1114/1187/1197 1418/1550/1552
f 1216/1575/1299 1566/1732/1746 1214/1731/1297
f 1439/1574/1573 1567/1733/1747 1566/1732/1746
f 1442/1578/1577 1568/1734/1748 1567/1733/1747
f 1434/1568/1568 1115/1188/1198 1568/1734/1748
f 1229/1597/1312 1569/1735/1749 1457/1595/1596
f 1457/1595/1596 1570/1736/1750 1451/1589/1589
f 1451/1589/1589 1571/1737/1751 1447/1585/1585
f 1447/1585/1585 1101/1174/1184 1445/1583/1583
f 1228/1738/1311 1430/1562/1564 1569/1735/1749
f 1569/1735/1749 1426/1558/1560 1570/1736/1750
f 1570/1736/1750 1424/1556/1558 1571/1737/1751
f 1571/1737/1751 1203/1276/1286 1101/1174/1184
f 1202/1275/1285 1455/1593/1593 1204/1277/1287
f 1572/1739/1752 1460/1599/1599 1455/1593/1593
f 1573/1740/1753 1458/1596/1597 1460/1599/1599
f 1574/1741/1754 1229/1597/1312 1458/1596/1597
f 1202/1275/1285 1443/1580/1579 1572/1739/1752
f 1572/1739/1752 1440/1576/1574 1573/1740/1753
f 1573/1740/1753 1438/1573/1572 1574/1741/1754
f 1574/1741/1754 1216/1575/1299 1215/1742/1298
f 1222/1295/1305 1463/1602/1602 1234/1307/1317
f 1575/1743/1755 1472/1612/1612 1463/1602/1602
f 1576/1744/1756 1469/1608/1609 1472/1612/1612
f 1577/1745/1757 1104/1609/1187 1469/1608/1609
f 1221/1294/1304 1575/1743/1755 1222/1295/1305
f 1477/1617/1619 1576/1744/1756 1575/1743/1755
f 1480/1620/1622 1577/1745/1757 1576/1744/1756
f 1488/1628/1630 1094/1746/1177 1577/1745/1757
f 1091/1164/1174 1483/1623/1625 1192/1265/1275
f 1578/1747/1758 1485/1625/1627 1483/1623/1625
f 1485/1625/1627 1579/1748/1759 1489/1629/1631
f 1489/1629/1631 1219/1749/1302 1092/1630/1175
f 1491/1633/1633 1578/1747/1758 1091/1164/1174
f 1493/1635/1635 1580/1750/1760 1578/1747/1758
f 1580/1750/1760 1504/1646/1649 1579/1748/1759
f 1579/1748/1759 1220/1648/1303 1219/1749/1302
f 1194/1267/1277 1581/1751/1761 1501/1643/1643
f 1581/1751/1761 1507/1650/1762 1501/1643/1643
f 1582/1752/1763 1505/1647/1650 1507/1650/1652
f 1583/1753/1764 1220/1648/1303 1505/1647/1650
f 1193/1266/1276 1475/1615/1615 1581/1751/1761
f 1581/1751/1761 1470/1610/1610 1582/1752/1763
f 1582/1752/1763 1468/1607/1608 1583/1753/1764
f 1583/1753/1764 1104/1609/1187 1103/1754/1186
f 1083/1156/1166 1584/1755/1765 1235/1308/1318
f 1235/1308/1318 1585/1756/1766 1237/1310/1767
f 1237/1310/1767 1586/1757/1768 1243/1316/1326
f 1586/1757/1768 1244/1317/1327 1243/1316/1326
f 1082/1155/1165 1390/1516/1520 1584/1755/1765
f 1584/1755/1765 1393/1519/1523 1585/1756/1766
f 1393/1519/1523 1586/1757/1768 1585/1756/1766
f 1401/1528/1531 1126/1199/1209 1586/1757/1768
f 1199/1272/1282 1587/1758/1769 1416/1547/1548
f 1587/1758/1770 1408/1537/1771 1416/1547/1772
f 1408/1537/1773 1588/1759/1774 1405/1533/1535
f 1588/1759/1774 1209/1282/1292 1405/1533/1535
f 1266/1354/1695 1587/1758/1769 1137/1210/1220
f 1587/1758/1770 1262/1760/1775 1588/1761/1776
f 1588/1759/1774 1207/1280/1290 1208/1281/1291
f 1108/1181/1191 1589/1762/1777 1248/1325/1778
f 1248/1325/1779 1589/1762/1780 1590/1763/1781
f 1590/1764/1782 1252/1331/1714 1248/1333/1783
f 1230/1303/1313 1589/1762/1777 1110/1183/1193
f 1589/1762/1780 1436/1571/1784 1590/1763/1781
f 1590/1763/1782 1436/1571/1785 1444/1581/1580
f 1590/1764/1782 1201/1274/1284 1155/1228/1238
f 1445/1583/1583 1591/1765/1786 1448/1586/1787
f 1591/1765/1788 1454/1766/1789 1448/1586/1586
f 1592/1767/1790 1204/1277/1287 1454/1592/1592
f 1100/1173/1183 1289/1388/1791 1591/1765/1786
f 1591/1765/1788 1289/1393/1792 1592/1768/1788
f 1592/1768/1788 1289/1393/1792 1292/1391/1792
f 1292/1391/1392 1160/1233/1243 1592/1767/1790
f 1172/1245/1255 1304/1407/1408 1173/1246/1256
f 1593/1769/1793 1298/1400/1794 1304/1407/1408
f 1594/1770/1795 1295/1397/1399 1298/1400/1794
f 1595/1771/1796 1181/1254/1264 1295/1397/1399
f 1192/1265/1275 1593/1769/1793 1172/1245/1255
f 1484/1624/1626 1594/1770/1795 1593/1769/1793
f 1478/1618/1620 1595/1771/1796 1594/1770/1795
f 1476/1616/1618 1596/1772/1797 1595/1771/1796
f 1195/1268/1278 1597/1773/1798 1466/1774/1616
f 1466/1605/1606 1598/1775/1799 1462/1601/1604
f 1462/1601/1601 1233/1306/1316 1234/1307/1317
f 1175/1248/1258 1270/1368/1369 1597/1773/1798
f 1597/1776/1800 1268/1360/1801 1598/1775/1799
f 1598/1775/1802 1232/1305/1315 1233/1306/1316
f 1374/1497/1496 1599/1777/1803 1378/1501/1804
f 1599/1777/1805 1377/1500/1806 1378/1501/1807
f 1377/1500/1808 1600/1778/1809 1383/1506/1507
f 1600/1778/1809 1198/1271/1281 1383/1506/1507
f 1170/1243/1253 1257/1340/1344 1599/1777/1803
f 1599/1777/1805 1257/1346/1810 1600/1779/1811
f 1600/1779/1811 1257/1346/1810 1260/1344/1810
f 1600/1778/1809 1122/1195/1205 1124/1197/1207
f 1153/1226/1236 1601/1780/1812 1284/1383/1382
f 1284/1383/1382 1602/1781/1813 1280/1378/1814
f 1280/1378/1814 1603/1782/1815 1276/1373/1374
f 1276/1373/1374 1187/1260/1270 1277/1374/1375
f 1152/1225/1235 1425/1557/1559 1601/1780/1812
f 1601/1780/1812 1419/1551/1553 1602/1781/1813
f 1602/1781/1813 1417/1549/1551 1603/1782/1815
f 1603/1782/1815 1114/1187/1197 1187/1260/1270
f 1180/1253/1263 1311/1417/1816 1179/1252/1262
f 1311/1417/1817 1604/1783/1818 1310/1416/1819
f 1310/1416/1820 1605/1784/1821 1307/1411/1822
f 1307/1411/1823 1090/1163/1173 1087/1160/1170
f 1194/1267/1277 1606/1785/1824 1180/1253/1263
f 1606/1785/1818 1494/1636/1646 1604/1783/1818
f 1604/1783/1825 1495/1637/1637 1605/1784/1821
f 1605/1784/1826 1491/1633/1633 1090/1163/1173
f 1267/1355/1362 1264/1786/1827 1263/1359/1355
f 1527/1682/1682 1265/1353/1828 1534/1787/1693
f 1546/1706/1829 1272/1365/1372 1274/1788/1371
f 1312/1419/1418 1306/1415/1411 1309/1414/1830
f 1542/1701/1706 1293/1789/1708 1540/1699/1831
f 1526/1681/1832 1261/1790/1352 1258/1679/1351
f 1081/1154/1164 1099/1172/1182 1082/1155/1165
f 1095/1168/1178 1121/1194/1204 1096/1169/1179
f 1098/1171/1181 1170/1243/1253 1099/1172/1182
f 1105/1178/1188 1206/1279/1289 1106/1179/1189
f 1108/1181/1191 1186/1259/1269 1109/1182/1192
f 1111/1184/1194 1226/1299/1309 1112/1185/1195
f 1109/1182/1192 1187/1260/1270 1114/1187/1197
f 1116/1189/1199 1149/1222/1232 1117/1190/1200
f 1118/1191/1201 1096/1169/1179 1119/1192/1202
f 1121/1194/1204 1188/1261/1271 1119/1192/1202
f 1133/1206/1216 1162/1235/1245 1134/1207/1217
f 1141/1214/1224 1166/1239/1249 1142/1215/1225
f 1105/1178/1188 1107/1180/1190 1146/1219/1229
f 1116/1189/1199 1134/1207/1217 1148/1221/1231
f 1151/1224/1234 1102/1175/1185 1152/1225/1235
f 1154/1227/1237 1252/1331/1714 1155/1228/1238
f 1159/1232/1242 1154/1227/1237 1156/1229/1239
f 1161/1234/1244 1100/1173/1183 1102/1175/1185
f 1162/1235/1245 1146/1219/1229 1163/1236/1246
f 1107/1180/1190 1169/1242/1252 1163/1236/1246
f 1165/1238/1248 1118/1191/1201 1166/1239/1249
f 1107/1180/1190 1106/1179/1189 1117/1190/1200
f 1170/1243/1253 1374/1497/1496 1171/1244/1254
f 1162/1235/1245 1164/1237/1247 1148/1221/1231
f 1141/1214/1224 1143/1216/1226 1184/1257/1267
f 1118/1191/1201 1120/1193/1203 1142/1215/1225
f 1186/1259/1269 1277/1374/1375 1187/1260/1270
f 1121/1194/1204 1185/1258/1268 1184/1257/1267
f 1189/1262/1272 1139/1212/1222 1190/1263/1273
f 1128/1201/1211 1144/1217/1227 1150/1223/1233
f 1156/1229/1239 1155/1228/1238 1201/1274/1284
f 1160/1233/1243 1156/1229/1239 1202/1275/1285
f 1205/1278/1288 1116/1189/1199 1106/1179/1189
f 1099/1172/1182 1171/1244/1254 1210/1283/1293
f 1165/1238/1248 1097/1170/1180 1096/1169/1179
f 1211/1284/1294 1167/1240/1250 1166/1239/1249
f 1212/1285/1295 1228/1301/1311 1213/1286/1296
f 1214/1287/1297 1213/1286/1296 1215/1288/1298
f 1133/1206/1216 1147/1220/1230 1146/1219/1229
f 1205/1278/1288 1135/1208/1218 1134/1207/1217
f 1112/1185/1195 1226/1299/1309 1223/1296/1306
f 1225/1298/1308 1223/1296/1306 1226/1299/1309
f 1211/1284/1294 1141/1214/1224 1185/1258/1268
f 1095/1168/1178 1227/1300/1310 1185/1258/1268
f 1215/1288/1298 1213/1286/1296 1228/1301/1311
f 1109/1182/1192 1115/1188/1198 1230/1303/1313
f 1347/1465/1462 1355/1473/1470 1510/1653/1657
f 1355/1473/1470 1191/1264/1274 1150/1223/1233
f 1142/1215/1225 1511/1654/1658 1350/1468/1465
f 1352/1470/1467 1513/1656/1660 1512/1655/1659
f 1512/1655/1659 1370/1492/1490 1158/1231/1241
f 1188/1261/1271 1184/1257/1267 1516/1662/1665
f 1326/1438/1436 1516/1662/1665 1517/1663/1666
f 1517/1663/1666 1518/1664/1667 1314/1423/1421
f 1518/1664/1667 1163/1236/1246 1169/1242/1252
f 1184/1257/1267 1143/1216/1226 1351/1469/1466
f 1516/1662/1665 1351/1469/1466 1345/1463/1460
f 1345/1463/1460 1343/1461/1458 1518/1664/1667
f 1343/1461/1458 1164/1237/1247 1163/1236/1246
f 1520/1667/1670 1117/1190/1200 1149/1222/1232
f 1520/1667/1670 1313/1422/1420 1169/1242/1252
f 1139/1212/1222 1521/1670/1672 1322/1431/1429
f 1522/1674/1674 1119/1192/1202 1188/1261/1271
f 1139/1212/1222 1189/1262/1272 1367/1485/1482
f 1521/1670/1672 1367/1485/1482 1361/1490/1486
f 1522/1674/1674 1362/1480/1477 1120/1193/1203
f 1098/1171/1181 1081/1154/1164 1523/1677/1677
f 1258/1679/1679 1524/1678/1678 1525/1680/1680
f 1526/1681/1681 1525/1680/1680 1135/1208/1218
f 1083/1156/1166 1236/1309/1319 1523/1677/1677
f 1236/1309/1319 1239/1312/1322 1524/1678/1678
f 1239/1312/1322 1247/1322/1330 1525/1680/1680
f 1247/1322/1330 1133/1206/1216 1135/1208/1218
f 1147/1220/1230 1528/1683/1683 1527/1682/1682
f 1528/1683/1683 1529/1684/1685 1265/1353/1684
f 1206/1279/1289 1531/1687/1688 1526/1686/1681
f 1532/1688/1690 1533/1689/1692 1256/1345/1691
f 1206/1279/1289 1105/1178/1188 1527/1690/1682
f 1532/1688/1690 1534/1691/1693 1267/1357/1694
f 1277/1374/1375 1186/1259/1269 1535/1692/1696
f 1275/1372/1373 1535/1692/1696 1536/1693/1697
f 1278/1375/1376 1536/1693/1697 1537/1694/1698
f 1249/1326/1699 1251/1695/1339 1536/1693/1697
f 1537/1694/1698 1536/1693/1697 1251/1695/1339
f 1253/1696/1338 1254/1337/1700 1537/1694/1698
f 1254/1337/1700 1165/1238/1248 1167/1240/1250
f 1153/1226/1236 1285/1384/1383 1538/1697/1701
f 1285/1384/1383 1281/1379/1379 1539/1698/1703
f 1281/1379/1379 1283/1381/1381 1541/1700/1705
f 1097/1170/1180 1543/1703/1707 1542/1702/1706
f 1543/1703/1707 1544/1704/1709 1293/1395/1708
f 1544/1704/1709 1545/1705/1710 1291/1392/1393
f 1543/1703/1707 1255/1338/1711 1253/1335/1712
f 1224/1512/1307 1223/1722/1306 1557/1719/1737
f 1380/1503/1503 1558/1720/1738 1559/1721/1739
f 1223/1722/1306 1225/1524/1308 1397/1523/1527
f 1558/1720/1738 1391/1517/1521 1389/1515/1519
f 1563/1727/1743 1564/1728/1744 1388/1514/1518
f 1565/1729/1745 1112/1730/1195 1224/1512/1307
f 1563/1727/1743 1415/1546/1547 1412/1542/1542
f 1565/1729/1745 1410/1539/1540 1113/1541/1196
f 1214/1731/1297 1566/1732/1746 1429/1561/1563
f 1566/1732/1746 1567/1733/1747 1421/1553/1555
f 1567/1733/1747 1568/1734/1748 1418/1550/1552
f 1568/1734/1748 1115/1188/1198 1114/1187/1197
f 1442/1578/1577 1434/1568/1568 1568/1734/1748
f 1572/1739/1752 1573/1740/1753 1460/1599/1599
f 1573/1740/1753 1574/1741/1754 1458/1596/1597
f 1574/1741/1754 1215/1742/1298 1229/1597/1312
f 1572/1739/1752 1443/1580/1579 1440/1576/1574
f 1573/1740/1753 1440/1576/1574 1438/1573/1572
f 1084/1157/1167 1231/1304/1314 1085/1158/1168
f 1087/1160/1170 1090/1163/1173 1088/1161/1171
f 1090/1163/1173 1491/1633/1633 1091/1164/1174
f 1092/1165/1175 1219/1292/1302 1093/1166/1176
f 1100/1173/1183 1445/1583/1583 1101/1174/1184
f 1094/1167/1177 1093/1166/1176 1103/1176/1186
f 1122/1195/1205 1136/1209/1219 1123/1196/1206
f 1125/1198/1208 1244/1317/1327 1126/1199/1209
f 1128/1201/1211 1191/1264/1274 1129/1202/1212
f 1086/1159/1169 1085/1158/1168 1131/1204/1214
f 1136/1209/1219 1266/1354/1695 1137/1210/1220
f 1138/1211/1221 1190/1263/1273 1139/1212/1222
f 1084/1157/1167 1086/1159/1169 1144/1217/1227
f 1086/1159/1169 1132/1205/1215 1150/1223/1233
f 1157/1230/1240 1158/1231/1241 1131/1204/1214
f 1157/1230/1240 1130/1203/1213 1129/1202/1212
f 1168/1241/1251 1145/1218/1228 1144/1217/1227
f 1089/1162/1172 1088/1161/1171 1172/1245/1255
f 1174/1247/1257 1273/1366/1367 1175/1248/1258
f 1177/1250/1260 1190/1263/1273 1138/1211/1221
f 1179/1252/1262 1174/1247/1257 1176/1249/1259
f 1181/1254/1264 1596/1772/1797 1182/1255/1265
f 1088/1161/1171 1091/1164/1174 1192/1265/1275
f 1180/1253/1263 1176/1249/1259 1193/1266/1276
f 1176/1249/1259 1175/1248/1258 1195/1268/1278
f 1127/1200/1210 1126/1199/1209 1196/1269/1279
f 1123/1196/1206 1200/1273/1283 1198/1271/1281
f 1123/1196/1206 1137/1210/1220 1199/1272/1282
f 1102/1175/1185 1101/1174/1184 1203/1276/1286
f 1207/1280/1290 1125/1198/1208 1127/1200/1210
f 1208/1281/1291 1127/1200/1210 1197/1270/1280
f 1168/1241/1251 1128/1201/1211 1130/1203/1213
f 1218/1291/1301 1217/1290/1300 1130/1203/1213
f 1103/1176/1186 1093/1166/1176 1219/1292/1302
f 1182/1255/1265 1596/1772/1797 1221/1294/1304
f 1218/1291/1301 1157/1230/1240 1085/1158/1168
f 1232/1305/1315 1183/1256/1266 1182/1255/1265
f 1182/1255/1265 1222/1295/1305 1234/1307/1317
f 1235/1308/1318 1238/1311/1321 1236/1309/1319
f 1237/1310/1320 1240/1313/1323 1238/1311/1321
f 1238/1311/1321 1241/1314/1324 1239/1312/1322
f 1242/1315/1325 1240/1319/1323 1243/1316/1326
f 1239/1312/1322 1241/1314/1324 1246/1321/1329
f 1254/1337/1340 1253/1696/1833 1255/1338/1341
f 1267/1357/1359 1534/1691/1834 1265/1358/1360
f 1275/1372/1373 1279/1376/1377 1276/1373/1374
f 1278/1375/1376 1287/1791/1385 1279/1376/1377
f 1281/1379/1379 1287/1386/1385 1282/1380/1380
f 1282/1380/1380 1287/1791/1385 1278/1375/1376
f 1284/1383/1382 1286/1385/1384 1285/1384/1383
f 1280/1378/1378 1279/1377/1377 1286/1385/1384
f 1286/1385/1384 1287/1386/1385 1281/1379/1379
f 1288/1387/1386 1291/1390/1835 1289/1388/1387
f 1288/1387/1389 1540/1792/1836 1290/1389/1390
f 1290/1389/1395 1540/1792/1837 1293/1395/1396
f 1294/1396/1398 1297/1399/1401 1295/1397/1399
f 1296/1398/1400 1299/1793/1403 1297/1399/1401
f 1297/1399/1401 1300/1402/1404 1298/1400/1402
f 1301/1403/1405 1299/1794/1403 1302/1404/1406
f 1302/1404/1406 1299/1793/1403 1296/1398/1400
f 1304/1407/1408 1300/1409/1404 1305/1408/1409
f 1300/1409/1404 1299/1794/1403 1301/1403/1405
f 1310/1416/1415 1306/1415/1411 1312/1419/1418
f 1313/1422/1420 1316/1425/1423 1314/1423/1421
f 1315/1424/1422 1318/1427/1838 1316/1425/1423
f 1316/1425/1423 1319/1428/1426 1317/1426/1424
f 1140/1213/1223 1322/1431/1429 1320/1429/1427
f 1322/1431/1429 1327/1671/1673 1323/1432/1430
f 1321/1430/1428 1320/1429/1427 1318/1433/1431
f 1320/1429/1427 1323/1432/1430 1319/1435/1433
f 1188/1261/1271 1326/1438/1436 1324/1436/1434
f 1317/1426/1424 1319/1428/1426 1324/1436/1434
f 1324/1436/1434 1323/1441/1839 1327/1439/1437
f 1328/1442/1439 1331/1445/1442 1329/1443/1440
f 1330/1444/1441 1333/1447/1840 1331/1445/1442
f 1331/1445/1442 1334/1448/1445 1332/1446/1443
f 1178/1251/1261 1337/1451/1448 1335/1449/1446
f 1337/1451/1448 1342/1666/1669 1338/1452/1449
f 1336/1453/1447 1335/1454/1446 1333/1447/1450
f 1335/1454/1446 1338/1460/1449 1334/1455/1452
f 1339/1456/1453 1341/1458/1455 1340/1457/1454
f 1332/1446/1443 1334/1448/1445 1341/1458/1455
f 1341/1458/1455 1338/1460/1841 1342/1459/1456
f 1343/1461/1458 1346/1464/1461 1344/1462/1459
f 1345/1463/1460 1354/1472/1469 1346/1464/1461
f 1346/1464/1461 1349/1467/1464 1347/1465/1462
f 1346/1464/1461 1354/1472/1469 1348/1466/1463
f 1350/1468/1465 1353/1471/1468 1351/1469/1466
f 1352/1470/1467 1358/1476/1473 1353/1471/1468
f 1353/1471/1468 1354/1472/1469 1345/1463/1460
f 1353/1471/1468 1358/1476/1473 1348/1466/1463
f 1355/1473/1470 1357/1475/1472 1356/1474/1471
f 1347/1465/1462 1349/1467/1464 1357/1475/1472
f 1357/1475/1472 1358/1476/1473 1352/1470/1467
f 1357/1475/1472 1349/1467/1464 1348/1466/1463
f 1120/1193/1203 1362/1480/1477 1359/1477/1474
f 1361/1479/1476 1364/1482/1479 1359/1477/1474
f 1359/1477/1474 1365/1483/1480 1363/1481/1478
f 1189/1262/1272 1368/1657/1483 1366/1484/1481
f 1368/1486/1483 1373/1495/1662 1369/1487/1484
f 1367/1485/1482 1366/1484/1481 1364/1489/1485
f 1366/1484/1487 1369/1795/1842 1365/1491/1488
f 1370/1492/1490 1372/1494/1492 1371/1493/1491
f 1363/1481/1478 1365/1483/1494 1372/1494/1492
f 1372/1494/1492 1369/1487/1495 1373/1495/1493
f 1374/1497/1496 1378/1501/1804 1375/1498/1497
f 1377/1500/1499 1382/1509/1843 1375/1498/1500
f 1376/1499/1498 1375/1498/1497 1379/1502/1502
f 1375/1498/1500 1382/1509/1843 1381/1504/1504
f 1198/1271/1281 1384/1507/1508 1382/1505/1506
f 1384/1507/1508 1388/1514/1518 1379/1508/1509
f 1385/1510/1514 1387/1513/1516 1386/1511/1515
f 1380/1503/1503 1379/1502/1502 1387/1513/1516
f 1387/1513/1517 1379/1508/1509 1388/1514/1518
f 1389/1515/1519 1392/1518/1522 1390/1516/1520
f 1391/1517/1521 1394/1520/1524 1392/1518/1522
f 1392/1518/1522 1395/1521/1525 1393/1519/1523
f 1394/1520/1524 1400/1527/1530 1395/1521/1525
f 1396/1522/1526 1399/1526/1529 1397/1523/1527
f 1398/1525/1528 1400/1531/1530 1399/1526/1529
f 1399/1526/1529 1394/1520/1524 1391/1517/1521
f 1401/1528/1531 1403/1530/1533 1402/1529/1532
f 1393/1519/1523 1395/1521/1525 1403/1530/1533
f 1403/1530/1533 1400/1531/1530 1398/1525/1528
f 1209/1282/1292 1406/1534/1536 1404/1532/1534
f 1406/1534/1536 1414/1544/1545 1407/1535/1537
f 1410/1539/1540 1413/1543/1544 1411/1540/1541
f 1412/1542/1542 1407/1548/1550 1413/1543/1543
f 1413/1543/1544 1407/1535/1537 1414/1544/1545
f 1199/1272/1282 1416/1547/1548 1404/1545/1546
f 1415/1546/1547 1404/1545/1546 1407/1548/1550
f 1417/1549/1551 1420/1552/1554 1418/1550/1552
f 1419/1551/1553 1422/1554/1556 1420/1552/1554
f 1420/1552/1554 1423/1555/1557 1421/1553/1555
f 1422/1554/1556 1428/1560/1562 1423/1555/1557
f 1424/1556/1558 1427/1559/1561 1425/1557/1559
f 1426/1558/1560 1428/1565/1562 1427/1559/1561
f 1427/1559/1561 1422/1554/1556 1419/1551/1553
f 1429/1561/1563 1431/1564/1565 1430/1562/1564
f 1421/1553/1555 1423/1555/1557 1431/1564/1565
f 1431/1564/1565 1428/1565/1562 1426/1558/1560
f 1230/1303/1313 1434/1568/1568 1432/1566/1566
f 1434/1568/1568 1442/1578/1577 1435/1569/1569
f 1438/1573/1572 1441/1577/1576 1439/1574/1573
f 1440/1576/1574 1435/1582/1582 1441/1577/1575
f 1441/1577/1576 1435/1569/1569 1442/1578/1577
f 1201/1274/1284 1444/1581/1580 1432/1579/1578
f 1443/1580/1579 1432/1579/1578 1435/1582/1582
f 1445/1583/1583 1448/1586/1787 1446/1584/1584
f 1448/1586/1586 1454/1766/1789 1449/1587/1587
f 1447/1585/1585 1446/1584/1584 1450/1588/1588
f 1446/1584/1584 1449/1587/1587 1452/1590/1590
f 1204/1277/1287 1455/1593/1593 1453/1591/1591
f 1455/1593/1593 1460/1599/1599 1456/1594/1594
f 1453/1591/1591 1456/1594/1594 1452/1590/1590
f 1457/1595/1596 1459/1598/1598 1458/1596/1597
f 1451/1589/1589 1450/1588/1588 1459/1598/1598
f 1459/1598/1598 1456/1594/1594 1460/1599/1599
f 1450/1588/1588 1452/1590/1590 1456/1594/1594
f 1234/1307/1317 1463/1602/1602 1461/1600/1600
f 1463/1602/1602 1472/1612/1612 1464/1603/1603
f 1462/1601/1604 1461/1600/1600 1465/1604/1605
f 1461/1600/1600 1464/1603/1603 1467/1606/1607
f 1468/1607/1608 1471/1611/1611 1469/1608/1609
f 1470/1610/1610 1473/1613/1613 1471/1611/1611
f 1471/1611/1611 1464/1603/1603 1472/1612/1612
f 1473/1613/1613 1467/1606/1607 1464/1603/1603
f 1195/1268/1278 1466/1774/1616 1474/1614/1614
f 1475/1615/1615 1474/1614/1614 1473/1613/1613
f 1474/1614/1614 1465/1604/1617 1467/1606/1607
f 1476/1616/1618 1479/1619/1621 1477/1617/1619
f 1478/1618/1620 1481/1621/1623 1479/1619/1621
f 1479/1619/1621 1482/1622/1624 1480/1620/1622
f 1481/1621/1623 1487/1627/1629 1482/1622/1624
f 1483/1623/1625 1486/1626/1628 1484/1624/1626
f 1485/1625/1627 1487/1632/1629 1486/1626/1628
f 1486/1626/1628 1481/1621/1623 1478/1618/1620
f 1488/1628/1630 1490/1631/1632 1489/1629/1631
f 1480/1620/1622 1482/1622/1624 1490/1631/1632
f 1490/1631/1632 1487/1632/1629 1485/1625/1627
f 1491/1633/1633 1495/1637/1637 1492/1634/1634
f 1494/1636/1636 1497/1639/1639 1492/1634/1634
f 1492/1634/1634 1498/1640/1640 1496/1638/1638
f 1497/1639/1639 1503/1645/1844 1498/1640/1640
f 1194/1267/1277 1501/1643/1643 1499/1641/1641
f 1501/1643/1643 1507/1650/1762 1502/1644/1644
f 1500/1642/1642 1499/1641/1641 1497/1639/1645
f 1499/1641/1641 1502/1644/1644 1503/1645/1647
f 1504/1646/1649 1506/1649/1651 1505/1647/1650
f 1496/1638/1638 1498/1640/1653 1506/1649/1651
f 1506/1649/1651 1502/1644/1654 1507/1650/1652
f 1498/1640/1653 1503/1645/1845 1502/1644/1654
f 1149/1222/1232 1148/1221/1231 1508/1651/1655
f 1339/1456/1453 1508/1651/1655 1509/1652/1656
f 1509/1652/1656 1510/1653/1657 1329/1443/1440
f 1510/1653/1657 1150/1223/1233 1132/1205/1215
f 1148/1221/1231 1164/1237/1247 1344/1462/1459
f 1508/1651/1655 1344/1462/1459 1347/1465/1462
f 1511/1654/1658 1513/1656/1660 1352/1470/1467
f 1356/1474/1471 1512/1655/1659 1129/1202/1212
f 1120/1193/1203 1360/1478/1475 1511/1654/1658
f 1360/1478/1475 1363/1481/1478 1513/1656/1660
f 1513/1656/1660 1363/1481/1478 1370/1492/1490
f 1177/1250/1260 1514/1660/1661 1368/1657/1483
f 1514/1658/1661 1515/1661/1664 1373/1495/1662
f 1515/1659/1663 1131/1204/1214 1158/1231/1241
f 1177/1250/1260 1178/1251/1261 1336/1450/1447
f 1514/1658/1661 1336/1453/1447 1330/1444/1451
f 1515/1659/1663 1328/1442/1439 1132/1205/1215
f 1138/1211/1221 1519/1665/1668 1337/1451/1448
f 1519/1665/1668 1520/1668/1671 1342/1666/1669
f 1138/1211/1221 1140/1213/1223 1321/1430/1428
f 1519/1665/1668 1321/1430/1428 1315/1434/1432
f 1521/1670/1672 1522/1675/1675 1327/1671/1673
f 1256/1341/1343 1523/1677/1677 1524/1678/1678
f 1529/1684/1685 1530/1685/1687 1263/1350/1686
f 1530/1685/1687 1125/1198/1208 1207/1280/1290
f 1147/1220/1230 1133/1206/1216 1247/1323/1330
f 1528/1683/1683 1247/1323/1330 1245/1324/1328
f 1529/1684/1685 1245/1324/1328 1242/1315/1325
f 1530/1685/1687 1242/1315/1325 1244/1317/1327
f 1531/1687/1688 1532/1688/1690 1261/1348/1689
f 1533/1689/1692 1136/1209/1219 1122/1195/1205
f 1531/1687/1688 1527/1690/1682 1534/1691/1693
f 1533/1689/1692 1267/1357/1694 1266/1354/1695
f 1283/1382/1381 1537/1694/1698 1167/1240/1250
f 1108/1181/1191 1249/1326/1699 1535/1692/1696
f 1161/1234/1244 1151/1224/1234 1538/1697/1701
f 1288/1387/1702 1538/1697/1701 1539/1698/1703
f 1540/1699/1704 1539/1698/1703 1541/1700/1705
f 1542/1701/1706 1541/1700/1705 1227/1300/1310
f 1283/1381/1381 1211/1284/1294 1227/1300/1310
f 1545/1705/1710 1154/1227/1237 1159/1232/1242
f 1097/1170/1180 1165/1238/1248 1255/1338/1711
f 1544/1704/1709 1253/1335/1712 1250/1334/1713
f 1545/1705/1710 1250/1334/1713 1252/1331/1714
f 1145/1218/1228 1547/1707/1716 1546/1706/1715
f 1547/1707/1716 1548/1708/1718 1272/1365/1717
f 1548/1708/1718 1549/1709/1720 1269/1361/1719
f 1549/1709/1720 1183/1256/1266 1232/1305/1315
f 1145/1218/1228 1168/1241/1251 1303/1406/1407
f 1547/1707/1716 1303/1406/1407 1296/1398/1400
f 1548/1708/1718 1296/1398/1400 1294/1396/1398
f 1549/1709/1720 1294/1396/1398 1181/1254/1264
f 1217/1290/1300 1550/1710/1721 1303/1405/1407
f 1550/1710/1721 1551/1711/1722 1301/1403/1405
f 1551/1711/1722 1552/1712/1723 1305/1408/1409
f 1552/1712/1723 1089/1162/1172 1173/1246/1256
f 1217/1290/1300 1218/1291/1301 1553/1713/1724
f 1550/1710/1721 1553/1713/1724 1308/1413/1725
f 1551/1711/1722 1308/1413/1725 1306/1412/1726
f 1552/1712/1723 1306/1412/1726 1087/1160/1170
f 1231/1304/1314 1554/1715/1727 1553/1714/1724
f 1554/1715/1727 1555/1716/1730 1308/1421/1728
f 1555/1716/1730 1556/1717/1736 1312/1418/1731
f 1556/1717/1732 1174/1247/1257 1179/1252/1262
f 1231/1304/1314 1084/1157/1167 1546/1718/1715
f 1554/1715/1727 1546/1718/1715 1274/1370/1734
f 1555/1716/1730 1274/1370/1734 1269/1369/1735
f 1556/1717/1732 1269/1369/1368 1273/1366/1367
f 1385/1510/1514 1557/1719/1737 1558/1720/1738
f 1376/1499/1498 1559/1721/1739 1171/1244/1254
f 1557/1719/1737 1397/1523/1527 1391/1517/1521
f 1559/1721/1739 1389/1515/1519 1210/1283/1293
f 1197/1270/1280 1560/1723/1740 1406/1534/1536
f 1560/1723/1740 1561/1724/1741 1414/1544/1545
f 1561/1724/1741 1562/1725/1742 1411/1540/1541
f 1562/1725/1742 1111/1726/1194 1113/1541/1196
f 1196/1269/1279 1402/1529/1532 1560/1723/1740
f 1402/1529/1532 1398/1525/1528 1561/1724/1741
f 1398/1525/1528 1396/1522/1526 1562/1725/1742
f 1396/1522/1526 1225/1524/1308 1111/1726/1194
f 1200/1273/1283 1563/1727/1743 1384/1507/1508
f 1564/1728/1744 1565/1729/1745 1386/1511/1515
f 1200/1273/1283 1199/1272/1282 1415/1546/1547
f 1564/1728/1744 1412/1542/1542 1410/1539/1540
f 1216/1575/1299 1439/1574/1573 1566/1732/1746
f 1439/1574/1573 1442/1578/1577 1567/1733/1747
f 1434/1568/1568 1230/1303/1313 1115/1188/1198
f 1229/1597/1312 1228/1738/1311 1569/1735/1749
f 1457/1595/1596 1569/1735/1749 1570/1736/1750
f 1451/1589/1589 1570/1736/1750 1571/1737/1751
f 1447/1585/1585 1571/1737/1751 1101/1174/1184
f 1228/1738/1311 1212/1563/1295 1430/1562/1564
f 1569/1735/1749 1430/1562/1564 1426/1558/1560
f 1570/1736/1750 1426/1558/1560 1424/1556/1558
f 1571/1737/1751 1424/1556/1558 1203/1276/1286
f 1202/1275/1285 1572/1739/1752 1455/1593/1593
f 1202/1275/1285 1201/1274/1284 1443/1580/1579
f 1574/1741/1754 1438/1573/1572 1216/1575/1299
f 1222/1295/1305 1575/1743/1755 1463/1602/1602
f 1575/1743/1755 1576/1744/1756 1472/1612/1612
f 1576/1744/1756 1577/1745/1757 1469/1608/1609
f 1577/1745/1757 1094/1746/1177 1104/1609/1187
f 1221/1294/1304 1477/1617/1619 1575/1743/1755
f 1477/1617/1619 1480/1620/1622 1576/1744/1756
f 1480/1620/1622 1488/1628/1630 1577/1745/1757
f 1488/1628/1630 1092/1630/1175 1094/1746/1177
f 1091/1164/1174 1578/1747/1758 1483/1623/1625
f 1578/1747/1758 1580/1750/1760 1485/1625/1627
f 1485/1625/1627 1580/1750/1760 1579/1748/1759
f 1489/1629/1631 1579/1748/1759 1219/1749/1302
f 1491/1633/1633 1493/1635/1635 1578/1747/1758
f 1493/1635/1635 1496/1638/1638 1580/1750/1760
f 1580/1750/1760 1496/1638/1638 1504/1646/1649
f 1579/1748/1759 1504/1646/1649 1220/1648/1303
f 1194/1267/1277 1193/1266/1276 1581/1751/1761
f 1581/1751/1761 1582/1752/1763 1507/1650/1762
f 1582/1752/1763 1583/1753/1764 1505/1647/1650
f 1583/1753/1764 1103/1754/1186 1220/1648/1303
f 1193/1266/1276 1195/1268/1278 1475/1615/1615
f 1581/1751/1761 1475/1615/1615 1470/1610/1610
f 1582/1752/1763 1470/1610/1610 1468/1607/1608
f 1583/1753/1764 1468/1607/1608 1104/1609/1187
f 1083/1156/1166 1082/1155/1165 1584/1755/1765
f 1235/1308/1318 1584/1755/1765 1585/1756/1766
f 1237/1310/1767 1585/1756/1766 1586/1757/1768
f 1586/1757/1768 1126/1199/1209 1244/1317/1327
f 1082/1155/1165 1210/1283/1293 1390/1516/1520
f 1584/1755/1765 1390/1516/1520 1393/1519/1523
f 1393/1519/1523 1401/1528/1531 1586/1757/1768
f 1401/1528/1531 1196/1269/1279 1126/1199/1209
f 1199/1272/1282 1137/1210/1220 1587/1758/1769
f 1587/1758/1770 1588/1761/1776 1408/1537/1771
f 1588/1759/1774 1208/1281/1291 1209/1282/1292
f 1266/1354/1695 1262/1356/1846 1587/1758/1769
f 1588/1759/1774 1262/1349/1847 1207/1280/1290
f 1108/1181/1191 1110/1183/1193 1589/1762/1777
f 1590/1764/1782 1155/1228/1238 1252/1331/1714
f 1230/1303/1313 1433/1567/1567 1589/1762/1777
f 1589/1762/1780 1433/1567/1848 1436/1571/1784
f 1590/1764/1782 1444/1581/1580 1201/1274/1284
f 1445/1583/1583 1100/1173/1183 1591/1765/1786
f 1591/1765/1788 1592/1768/1788 1454/1766/1789
f 1592/1767/1790 1160/1233/1243 1204/1277/1287
f 1100/1173/1183 1161/1234/1244 1289/1388/1791
f 1292/1391/1392 1159/1232/1242 1160/1233/1243
f 1172/1245/1255 1593/1769/1793 1304/1407/1408
f 1593/1769/1793 1594/1770/1795 1298/1400/1794
f 1594/1770/1795 1595/1771/1796 1295/1397/1399
f 1595/1771/1796 1596/1772/1797 1181/1254/1264
f 1192/1265/1275 1484/1624/1626 1593/1769/1793
f 1484/1624/1626 1478/1618/1620 1594/1770/1795
f 1478/1618/1620 1476/1616/1618 1595/1771/1796
f 1476/1616/1618 1221/1294/1304 1596/1772/1797
f 1195/1268/1278 1175/1248/1258 1597/1773/1798
f 1466/1605/1606 1597/1776/1800 1598/1775/1799
f 1462/1601/1601 1598/1775/1802 1233/1306/1316
f 1175/1248/1258 1273/1366/1367 1270/1368/1369
f 1597/1776/1800 1270/1362/1849 1268/1360/1801
f 1598/1775/1802 1268/1360/1363 1232/1305/1315
f 1374/1497/1496 1170/1243/1253 1599/1777/1803
f 1599/1777/1805 1600/1779/1811 1377/1500/1806
f 1600/1778/1809 1124/1197/1207 1198/1271/1281
f 1170/1243/1253 1098/1171/1181 1257/1340/1344
f 1600/1778/1809 1260/1344/1346 1122/1195/1205
f 1153/1226/1236 1152/1225/1235 1601/1780/1812
f 1284/1383/1382 1601/1780/1812 1602/1781/1813
f 1280/1378/1814 1602/1781/1813 1603/1782/1815
f 1276/1373/1374 1603/1782/1815 1187/1260/1270
f 1152/1225/1235 1203/1276/1286 1425/1557/1559
f 1601/1780/1812 1425/1557/1559 1419/1551/1553
f 1602/1781/1813 1419/1551/1553 1417/1549/1551
f 1603/1782/1815 1417/1549/1551 1114/1187/1197
f 1180/1253/1263 1606/1785/1824 1311/1417/1816
f 1311/1417/1817 1606/1785/1818 1604/1783/1818
f 1310/1416/1820 1604/1783/1825 1605/1784/1821
f 1307/1411/1823 1605/1784/1826 1090/1163/1173
f 1194/1267/1277 1500/1642/1642 1606/1785/1824
f 1606/1785/1818 1500/1642/1642 1494/1636/1646
f 1604/1783/1825 1494/1636/1636 1495/1637/1637
f 1605/1784/1826 1495/1637/1637 1491/1633/1633
f 1607/1796/1850 1608/1797/1851 1609/1798/1852
f 1610/1799/1853 1611/1800/1854 1612/1801/1855
f 1613/1802/1851 1614/1803/1856 1615/1804/1851
f 1616/1805/1857 1617/1806/1858 1618/1807/1859
f 1619/1808/1851 1620/1809/1860 1621/1810/1861
f 1622/1811/1862 1612/1801/1855 1623/1812/1863
f 1624/1813/1864 1625/1814/1865 1626/1815/1866
f 1627/1816/1867 1628/1817/1868 1629/1818/1869
f 1615/1804/1851 1630/1819/1870 1631/1820/1871
f 1632/1821/1872 1619/1808/1851 1633/1822/1851
f 1618/1807/1859 1634/1823/1873 1635/1824/1874
f 1636/1825/1875 1637/1826/1876 1638/1827/1877
f 1639/1828/1878 1640/1829/1879 1641/1830/1880
f 1635/1824/1874 1642/1831/1881 1643/1832/1882
f 1643/1832/1882 1644/1833/1883 1645/1834/1884
f 1646/1835/1885 1647/1836/1886 1648/1837/1887
f 1649/1838/1851 1650/1839/1888 1620/1809/1860
f 1645/1834/1884 1651/1840/1889 1652/1841/1890
f 1652/1841/1890 1653/1842/1891 1654/1843/1892
f 1655/1844/1893 1656/1845/1894 1646/1835/1885
f 1657/1846/1851 1658/1847/1895 1659/1848/1896
f 1660/1849/1897 1623/1812/1863 1661/1850/1898
f 1662/1851/1899 1661/1850/1898 1663/1852/1900
f 1664/1853/1901 1665/1854/1902 1666/1855/1903
f 1608/1797/1851 1667/1856/1904 1613/1802/1851
f 1668/1857/1905 1663/1852/1900 1669/1858/1906
f 1670/1859/1907 1669/1858/1906 1671/1860/1908
f 1672/1861/1909 1673/1862/1910 1665/1854/1902
f 1674/1863/1851 1675/1864/1911 1676/1865/1851
f 1612/1801/1855 1677/1866/1912 1678/1867/1913
f 1679/1868/1914 1680/1869/1915 1681/1870/1914
f 1682/1871/1916 1683/1872/1917 1617/1806/1858
f 1684/1873/1918 1685/1874/1914 1686/1875/1919
f 1661/1850/1898 1687/1876/1920 1688/1877/1921
f 1689/1878/1922 1690/1879/1923 1691/1880/1924
f 1689/1878/1922 1692/1881/1925 1628/1817/1868
f 1693/1882/1926 1694/1883/1927 1690/1879/1923
f 1695/1884/1928 1677/1866/1912 1611/1800/1854
f 1696/1885/1929 1697/1886/1930 1640/1829/1879
f 1637/1826/1876 1698/1887/1931 1696/1885/1929
f 1634/1823/1873 1699/1888/1932 1642/1831/1881
f 1700/1889/1933 1701/1890/1914 1684/1873/1918
f 1702/1891/1934 1703/1892/1935 1637/1826/1876
f 1647/1836/1886 1704/1893/1936 1702/1891/1934
f 1644/1833/1883 1705/1894/1937 1651/1840/1889
f 1686/1875/1919 1706/1895/1938 1707/1896/1939
f 1656/1845/1894 1708/1897/1940 1647/1836/1886
f 1709/1898/1941 1710/1899/1942 1656/1845/1894
f 1651/1840/1889 1711/1900/1943 1653/1842/1891
f 1712/1901/1944 1713/1902/1914 1714/1903/1914
f 1626/1815/1866 1715/1904/1945 1694/1883/1927
f 1625/1814/1865 1716/1905/1946 1715/1904/1945
f 1669/1858/1906 1717/1906/1947 1718/1907/1948
f 1719/1908/1914 1720/1909/1949 1721/1910/1950
f 1666/1855/1903 1722/1911/1951 1716/1905/1946
f 1665/1854/1902 1723/1912/1952 1722/1911/1951
f 1671/1860/1908 1718/1907/1948 1724/1913/1953
f 1725/1914/1954 1626/1815/1866 1693/1882/1926
f 1726/1915/1955 1671/1860/1908 1727/1916/1956
f 1727/1916/1956 1724/1913/1953 1728/1917/1957
f 1714/1903/1914 1729/1918/1958 1730/1919/1959
f 1614/1803/1856 1633/1822/1851 1615/1804/1851
f 1629/1818/1869 1682/1871/1916 1616/1805/1857
f 1628/1817/1868 1731/1920/1960 1682/1871/1916
f 1713/1902/1914 1732/1921/1961 1729/1918/1958
f 1733/1922/1851 1734/1923/1962 1674/1863/1851
f 1609/1798/1852 1613/1802/1851 1735/1924/1963
f 1623/1812/1863 1678/1867/1913 1687/1876/1920
f 1736/1925/1964 1737/1926/1914 1738/1927/1914
f 1638/1827/1877 1696/1885/1929 1639/1828/1878
f 1739/1928/1965 1740/1929/1966 1741/1930/1967
f 1741/1930/1967 1742/1931/1968 1743/1932/1969
f 1681/1870/1914 1744/1933/1970 1701/1890/1914
f 1641/1830/1880 1695/1884/1928 1745/1934/1971
f 1627/1816/1867 1693/1882/1926 1689/1878/1922
f 1746/1935/1972 1747/1936/1914 1713/1902/1914
f 1640/1829/1879 1748/1937/1973 1695/1884/1928
f 1749/1938/1974 1750/1939/1975 1733/1922/1851
f 1751/1940/1976 1733/1922/1851 1752/1941/1977
f 1737/1926/1914 1753/1942/1978 1754/1943/1979
f 1755/1944/1980 1756/1945/1981 1737/1926/1914
f 1757/1946/1982 1758/1947/1983 1658/1847/1895
f 1759/1948/1984 1760/1949/1851 1649/1838/1851
f 1617/1806/1858 1761/1950/1985 1634/1823/1873
f 1706/1895/1938 1762/1951/1986 1763/1952/1987
f 1764/1953/1988 1649/1838/1851 1619/1808/1851
f 1765/1954/1989 1657/1846/1851 1760/1949/1851
f 1766/1955/1914 1732/1921/1961 1747/1936/1914
f 1679/1868/1914 1767/1956/1990 1766/1955/1914
f 1768/1957/1991 1666/1855/1903 1625/1814/1865
f 1714/1903/1914 1721/1910/1950 1712/1901/1944
f 1769/1958/1992 1738/1927/1914 1719/1908/1914
f 1770/1959/1993 1771/1960/1994 1758/1947/1983
f 1772/1961/1995 1773/1962/1996 1770/1959/1993
f 1774/1963/1997 1775/1964/1998 1776/1965/1999
f 1763/1952/1987 1777/1966/2000 1775/1964/1998
f 1726/1915/1955 1778/1967/2001 1779/1968/2002
f 1780/1969/2003 1676/1865/1851 1607/1796/1850
f 1663/1852/1900 1688/1877/1921 1717/1906/1947
f 1727/1916/1956 1781/1970/2004 1778/1967/2001
f 1648/1837/1887 1702/1891/1934 1636/1825/1875
f 1752/1941/1977 1674/1863/1851 1780/1969/2003
f 1738/1927/1914 1754/1943/1979 1720/1909/1949
f 1685/1874/1914 1782/1971/2005 1706/1895/1938
f 1760/1949/1851 1659/1848/1896 1650/1839/1888
f 1745/1934/1971 1611/1800/1854 1783/1972/2006
f 1784/1973/2007 1681/1870/1914 1700/1889/1933
f 1701/1890/1914 1785/1974/2008 1685/1874/1914
f 1739/1975/1965 1709/1898/1941 1655/1844/1893
f 1786/1976/2009 1757/1946/1982 1657/1846/1851
f 1642/1831/1881 1787/1977/2010 1644/1833/1883
f 1741/1978/1967 1788/1979/2011 1709/1898/1941
f 1735/1924/1963 1615/1804/1851 1631/1820/1871
f 1633/1822/1851 1621/1810/1861 1630/1819/1870
f 1789/1980/2012 1766/1955/1914 1790/1981/2013
f 1790/1981/2013 1747/1936/1914 1791/1982/2014
f 1676/1865/1851 1792/1983/2015 1608/1797/1851
f 1793/1984/2016 1770/1959/1993 1757/1946/1982
f 1707/1896/1939 1763/1952/1987 1774/1963/1997
f 1730/1919/1959 1719/1908/1914 1714/1903/1914
f 1794/1985/2017 1795/1986/2018 1796/1987/2019
f 1797/1988/2020 1798/1989/2021 1795/1986/2018
f 1796/1987/2019 1795/1986/2018 1799/1990/2022
f 1795/1986/2018 1800/1991/2023 1799/1990/2022
f 1801/1992/2024 1802/1993/2025 1803/1994/2026
f 1804/1995/2027 1805/1996/2028 1801/1992/2024
f 1805/1996/2028 1806/1997/2029 1802/1993/2025
f 1807/1998/2030 1798/1989/2021 1805/1996/2028
f 1654/1843/1892 1808/1999/2031 1809/2000/2032
f 1810/2001/2033 1799/1990/2034 1808/2002/2031
f 1809/2003/2032 1807/1998/2035 1804/1995/2036
f 1808/2002/2031 1800/1991/2037 1807/1998/2035
f 1779/2004/2002 1811/2005/2038 1812/2006/2039
f 1813/2007/2040 1814/2008/2041 1811/2005/2038
f 1812/2006/2039 1815/2009/2042 1816/2010/2043
f 1811/2005/2038 1817/2011/2044 1815/2009/2042
f 1818/2012/2045 1819/2013/2046 1820/2014/2047
f 1821/2015/2048 1822/2016/2049 1819/2017/2046
f 1820/2018/2050 1814/2008/2051 1813/2007/2052
f 1819/2017/2046 1817/2011/2053 1814/2008/2051
f 1823/2019/2054 1824/2020/2055 1825/2021/2056
f 1816/2010/2043 1826/2022/2057 1823/2019/2054
f 1826/2022/2057 1827/2023/2058 1824/2020/2055
f 1815/2009/2042 1822/2016/2059 1826/2022/2057
f 1742/2024/1968 1828/2025/2060 1829/2026/2061
f 1830/2027/2062 1831/2028/2063 1828/2025/2060
f 1829/2026/2061 1832/2029/2064 1833/2030/2065
f 1828/2025/2060 1834/2031/2066 1832/2029/2064
f 1711/1900/1943 1835/2032/2067 1830/2033/2068
f 1836/2034/2069 1837/2035/2070 1835/2032/2067
f 1830/2033/2068 1835/2032/2067 1831/2028/2071
f 1835/2032/2067 1834/2031/2072 1831/2028/2071
f 1838/2036/2073 1839/2037/2074 1776/1965/1999
f 1833/2030/2065 1840/2038/2075 1838/2036/2073
f 1840/2038/2075 1841/2039/2076 1839/2037/2074
f 1832/2029/2077 1837/2035/2070 1840/2038/2075
f 1781/1970/2004 1842/2040/2078 1843/2041/2079
f 1844/2042/2080 1845/2043/2081 1842/2040/2078
f 1843/2041/2079 1842/2040/2078 1846/2044/2082
f 1842/2040/2078 1847/2045/2083 1846/2044/2082
f 1848/2046/2084 1849/2047/2085 1850/2048/2086
f 1851/2049/2087 1852/2050/2088 1848/2046/2084
f 1852/2050/2088 1853/2051/2089 1849/2047/2085
f 1854/2052/2090 1845/2043/2091 1852/2050/2088
f 1723/1912/1952 1855/2053/2092 1856/2054/2093
f 1843/2055/2094 1846/2044/2095 1855/2053/2092
f 1856/2054/2093 1854/2052/2090 1851/2049/2087
f 1855/2053/2092 1847/2045/2096 1854/2052/2090
f 1631/1820/1871 1857/2056/2097 1858/2057/2098
f 1858/2057/2098 1859/2058/2099 1860/2059/2100
f 1860/2059/2101 1861/2060/2102 1862/2061/2103
f 1861/2062/2102 1783/1972/2006 1862/2063/2103
f 1630/1819/1870 1863/2064/2104 1857/2056/2097
f 1857/2056/2097 1864/2065/2105 1859/2058/2099
f 1859/2058/2106 1865/2066/2107 1861/2060/2102
f 1865/2067/2107 1745/1934/1971 1861/2062/2102
f 1667/1856/1904 1866/2068/2108 1614/1803/1856
f 1867/2069/2109 1868/2070/2110 1866/2068/2108
f 1869/2071/2111 1870/2072/2112 1868/2070/2113
f 1870/2073/2112 1725/1914/1954 1627/1816/1867
f 1792/1983/2015 1867/2069/2109 1667/1856/1904
f 1871/2074/2114 1869/2071/2115 1867/2069/2109
f 1872/2075/2116 1873/2076/2117 1869/2071/2111
f 1873/2077/2117 1624/1813/1864 1725/1914/1954
f 1735/1924/1963 1874/2078/2118 1609/1798/1852
f 1875/2079/2119 1876/2080/2120 1874/2078/2118
f 1877/2081/2121 1878/2082/2122 1876/2080/2123
f 1878/2082/2122 1610/2083/1853 1622/2084/1862
f 1631/1820/1871 1875/2079/2119 1735/1924/1963
f 1858/2057/2098 1877/2081/2124 1875/2079/2119
f 1860/2059/2101 1879/2085/2125 1877/2081/2121
f 1879/2085/2125 1783/2086/2006 1610/2083/1853
f 1764/1953/1988 1880/2087/2126 1881/2088/2127
f 1881/2088/2127 1882/2089/2128 1883/2090/2129
f 1883/2090/2130 1884/2091/2131 1885/2092/2132
f 1884/2093/2131 1616/1805/1857 1885/2094/2132
f 1632/1821/1872 1866/2068/2108 1880/2087/2126
f 1880/2087/2126 1868/2070/2110 1882/2089/2128
f 1882/2089/2133 1870/2072/2112 1884/2091/2131
f 1870/2073/2112 1629/1818/1869 1884/2093/2131
f 1765/1954/1989 1886/2095/2134 1887/2096/2135
f 1887/2096/2135 1888/2097/2136 1889/2098/2137
f 1889/2098/2138 1890/2099/2139 1891/2100/2140
f 1890/2101/2139 1635/1824/1874 1891/2102/2140
f 1759/1948/1984 1881/2088/2127 1886/2095/2134
f 1886/2095/2134 1883/2090/2129 1888/2097/2136
f 1888/2097/2141 1885/2092/2132 1890/2099/2139
f 1885/2094/2132 1618/1807/1859 1890/2101/2139
f 1621/1810/1861 1892/2103/2142 1863/2064/2104
f 1863/2064/2104 1893/2104/2143 1864/2065/2105
f 1864/2065/2144 1894/2105/2145 1865/2066/2107
f 1894/2106/2145 1641/1830/1880 1865/2067/2107
f 1620/1809/1860 1895/2107/2146 1892/2103/2142
f 1892/2103/2142 1896/2108/2147 1893/2104/2143
f 1893/2104/2148 1897/2109/2149 1894/2105/2145
f 1897/2110/2149 1639/1828/1878 1894/2106/2145
f 1650/1839/1888 1898/2111/2150 1895/2107/2146
f 1895/2107/2146 1899/2112/2151 1896/2108/2147
f 1896/2108/2152 1900/2113/2153 1897/2109/2149
f 1900/2114/2153 1638/1827/1877 1897/2110/2149
f 1659/1848/1896 1901/2115/2154 1898/2111/2150
f 1898/2111/2150 1902/2116/2155 1899/2112/2151
f 1899/2112/2156 1903/2117/2157 1900/2113/2153
f 1903/2118/2157 1636/1825/1875 1900/2114/2153
f 1793/1984/2016 1904/2119/2158 1905/2120/2159
f 1905/2120/2159 1906/2121/2160 1907/2122/2161
f 1907/2122/2162 1908/2123/2163 1909/2124/2164
f 1908/2125/2163 1645/1834/1884 1909/2126/2164
f 1786/1976/2009 1887/2096/2135 1904/2119/2158
f 1904/2119/2158 1889/2098/2137 1906/2121/2160
f 1906/2121/2165 1891/2100/2140 1908/2123/2163
f 1891/2102/2140 1643/1832/1882 1908/2125/2163
f 1773/1962/1996 1910/2127/2166 1771/1960/1994
f 1911/2128/2167 1912/2129/2168 1910/2127/2166
f 1913/2130/2169 1914/2131/2170 1912/2129/2168
f 1915/2132/2171 1655/1844/1893 1914/2133/2170
f 1803/1994/2026 1911/2128/2167 1773/1962/1996
f 1802/1993/2025 1913/2130/2169 1911/2128/2167
f 1806/1997/2029 1915/2134/2171 1913/2130/2169
f 1797/1988/2020 1739/1928/1965 1915/2134/2171
f 1658/1847/1895 1916/2135/2172 1901/2115/2154
f 1901/2115/2154 1917/2136/2173 1902/2116/2155
f 1902/2116/2174 1918/2137/2175 1903/2117/2157
f 1903/2118/2157 1646/1835/1885 1648/1837/1887
f 1758/1947/1983 1910/2127/2166 1916/2135/2172
f 1916/2135/2176 1912/2129/2168 1917/2136/2173
f 1917/2136/2177 1914/2131/2170 1918/2137/2175
f 1914/2133/2170 1646/1835/1885 1918/2138/2175
f 1803/1994/2026 1919/2139/2178 1801/1992/2024
f 1801/1992/2024 1920/2140/2179 1804/1995/2027
f 1804/1995/2036 1921/2141/2180 1809/2003/2032
f 1809/2000/2032 1652/1841/1890 1654/1843/1892
f 1772/1961/1995 1905/2120/2159 1919/2139/2178
f 1919/2139/2178 1907/2122/2161 1920/2140/2179
f 1920/2140/2181 1909/2124/2164 1921/2141/2180
f 1921/2142/2180 1645/1834/1884 1652/1841/1890
f 1675/1864/1911 1871/2074/2114 1792/1983/2015
f 1922/2143/2182 1872/2075/2183 1871/2074/2114
f 1923/2144/2184 1924/2145/2185 1872/2075/2116
f 1924/2146/2185 1768/1957/1991 1624/1813/1864
f 1734/1923/1962 1922/2143/2182 1675/1864/1911
f 1925/2147/2186 1923/2144/2187 1922/2143/2182
f 1926/2148/2188 1927/2149/2189 1923/2144/2184
f 1927/2150/2189 1664/1853/1901 1768/1957/1991
f 1607/1796/1850 1928/2151/2190 1780/1969/2003
f 1929/2152/2191 1930/2153/2192 1928/2151/2190
f 1931/2154/2193 1932/2155/2194 1930/2153/2195
f 1932/2156/2194 1660/1849/1897 1662/1851/1899
f 1609/1798/1852 1929/2152/2191 1607/1796/1850
f 1874/2078/2118 1931/2154/2196 1929/2152/2191
f 1876/2080/2123 1933/2157/2197 1931/2154/2193
f 1933/2157/2197 1622/2084/1862 1660/2158/1897
f 1825/2021/2056 1934/2159/2198 1823/2019/2054
f 1823/2019/2054 1935/2160/2199 1816/2010/2043
f 1816/2010/2043 1936/2161/2200 1812/2006/2039
f 1812/2162/2039 1726/1915/1955 1779/1968/2002
f 1749/1938/1974 1937/2163/2201 1934/2159/2198
f 1934/2159/2198 1938/2164/2202 1935/2160/2199
f 1935/2160/2199 1939/2165/2203 1936/2161/2200
f 1936/2166/2200 1670/1859/1907 1726/1915/1955
f 1750/1939/1975 1925/2147/2186 1734/1923/1962
f 1940/2167/2204 1926/2148/2205 1925/2147/2186
f 1941/2168/2206 1942/2169/2207 1926/2148/2188
f 1943/2170/2208 1664/1853/1901 1942/2171/2207
f 1825/2021/2056 1940/2167/2204 1750/1939/1975
f 1824/2020/2055 1941/2168/2209 1940/2167/2204
f 1827/2023/2210 1943/2172/2208 1941/2168/2206
f 1821/2173/2048 1672/1861/1909 1943/2170/2208
f 1752/1941/1977 1937/2163/2201 1751/1940/1976
f 1944/2174/2211 1938/2164/2202 1937/2163/2201
f 1945/2175/2212 1939/2165/2203 1938/2164/2202
f 1939/2176/2203 1668/1857/1905 1670/1859/1907
f 1780/1969/2003 1944/2174/2211 1752/1941/1977
f 1928/2151/2190 1945/2175/2213 1944/2174/2211
f 1930/2153/2195 1946/2177/2214 1945/2175/2212
f 1932/2156/2194 1668/1857/1905 1946/2178/2214
f 1748/1937/1973 1947/2179/2215 1677/1866/1912
f 1948/2180/2216 1949/2181/2217 1947/2179/2215
f 1950/2182/2218 1951/2183/2219 1949/2181/2217
f 1952/2184/2220 1791/1982/2014 1951/2183/2219
f 1697/1886/1930 1948/2180/2216 1748/1937/1973
f 1953/2185/2221 1950/2182/2218 1948/2180/2216
f 1954/2186/2222 1952/2184/2220 1950/2182/2218
f 1955/2187/2223 1790/1981/2013 1952/2184/2220
f 1691/1880/1924 1956/2188/2224 1957/2189/2225
f 1957/2189/2225 1958/2190/2226 1959/2191/2227
f 1959/2191/2227 1960/2192/2228 1961/2193/2229
f 1961/2193/2229 1729/1918/1958 1732/1921/1961
f 1690/1879/1923 1962/2194/2230 1956/2188/2224
f 1956/2188/2224 1963/2195/2231 1958/2190/2226
f 1958/2190/2226 1964/2196/2232 1960/2192/2228
f 1960/2192/2228 1730/1919/1959 1729/1918/1958
f 1687/1876/1920 1965/2197/2233 1966/2198/2234
f 1966/2198/2234 1967/2199/2235 1968/2200/2236
f 1968/2200/2236 1969/2201/2237 1970/2202/2238
f 1970/2202/2238 1746/1935/1972 1712/1901/1944
f 1678/1867/1913 1947/2179/2215 1965/2197/2233
f 1965/2197/2233 1949/2181/2217 1967/2199/2235
f 1967/2199/2235 1951/2183/2219 1969/2201/2237
f 1969/2201/2237 1791/1982/2014 1746/1935/1972
f 1692/1881/1925 1971/2203/2239 1731/1920/1960
f 1972/2204/2240 1973/2205/2241 1971/2203/2239
f 1974/2206/2242 1975/2207/2243 1973/2205/2241
f 1976/2208/2244 1784/1973/2007 1975/2207/2243
f 1691/1880/1924 1972/2204/2240 1692/1881/1925
f 1957/2189/2225 1974/2206/2242 1972/2204/2240
f 1959/2191/2227 1976/2208/2244 1974/2206/2242
f 1961/2193/2229 1767/1956/1990 1976/2208/2244
f 1683/1872/1917 1977/2209/2245 1761/1950/1985
f 1978/2210/2246 1979/2211/2247 1977/2209/2245
f 1980/2212/2248 1981/2213/2249 1979/2211/2247
f 1982/2214/2250 1684/1873/1918 1981/2213/2249
f 1731/1920/1960 1978/2210/2246 1683/1872/1917
f 1971/2203/2239 1980/2212/2248 1978/2210/2246
f 1973/2205/2241 1982/2214/2250 1980/2212/2248
f 1975/2207/2243 1700/1889/1933 1982/2214/2250
f 1698/1887/1931 1953/2185/2221 1697/1886/1930
f 1983/2215/2251 1954/2186/2222 1953/2185/2221
f 1984/2216/2252 1955/2187/2223 1954/2186/2222
f 1985/2217/2253 1789/1980/2012 1955/2187/2223
f 1703/1892/1935 1983/2215/2251 1698/1887/1931
f 1986/2218/2254 1984/2216/2252 1983/2215/2251
f 1987/2219/2255 1985/2217/2253 1984/2216/2252
f 1988/2220/2256 1680/1869/1915 1985/2217/2253
f 1704/1893/1936 1986/2218/2254 1703/1892/1935
f 1989/2221/2257 1987/2219/2255 1986/2218/2254
f 1990/2222/2258 1988/2220/2256 1987/2219/2255
f 1991/2223/2259 1744/1933/1970 1988/2220/2256
f 1708/1897/1940 1989/2221/2257 1704/1893/1936
f 1992/2224/2260 1990/2222/2258 1989/2221/2257
f 1993/2225/2261 1991/2223/2259 1990/2222/2258
f 1994/2226/2262 1785/1974/2008 1991/2223/2259
f 1699/1888/1932 1995/2227/2263 1787/1977/2010
f 1996/2228/2264 1997/2229/2265 1995/2227/2263
f 1998/2230/2266 1999/2231/2267 1997/2229/2265
f 2000/2232/2268 1707/1896/1939 1999/2231/2267
f 1761/1950/1985 1996/2228/2264 1699/1888/1932
f 1977/2209/2245 1998/2230/2266 1996/2228/2264
f 1979/2211/2247 2000/2232/2268 1998/2230/2266
f 1981/2213/2249 1686/1875/1919 2000/2232/2268
f 1788/1979/2011 2001/2233/2269 2002/2234/2270
f 2002/2234/2270 2003/2235/2271 2004/2236/2272
f 2004/2236/2272 2005/2237/2273 2006/2238/2274
f 2006/2238/2274 1775/1964/1998 1777/1966/2000
f 1743/2239/1969 1829/2026/2061 2001/2233/2269
f 2001/2233/2269 1833/2030/2065 2003/2235/2271
f 2003/2235/2271 1838/2036/2073 2005/2237/2273
f 2005/2237/2273 1776/1965/1999 1775/1964/1998
f 1710/1899/1942 1992/2224/2260 1708/1897/1940
f 2007/2240/2275 1993/2225/2261 1992/2224/2260
f 2008/2241/2276 1994/2226/2262 1993/2225/2261
f 2009/2242/2277 1782/1971/2005 1994/2226/2262
f 1788/1979/2011 2007/2240/2275 1710/1899/1942
f 2002/2234/2270 2008/2241/2276 2007/2240/2275
f 2004/2236/2272 2009/2242/2277 2008/2241/2276
f 2006/2238/2274 1762/1951/1986 2009/2242/2277
f 1705/1894/1937 1836/2034/2069 1711/1900/1943
f 2010/2243/2278 1841/2039/2076 1836/2034/2069
f 2011/2244/2279 1839/2037/2074 1841/2039/2076
f 2012/2245/2280 1776/1965/1999 1839/2037/2074
f 1787/1977/2010 2010/2243/2278 1705/1894/1937
f 1995/2227/2263 2011/2244/2279 2010/2243/2278
f 1997/2229/2265 2012/2245/2280 2011/2244/2279
f 1999/2231/2267 1774/1963/1997 2012/2245/2280
f 1694/1883/1927 2013/2246/2281 1962/2194/2230
f 1962/2194/2230 2014/2247/2282 1963/2195/2231
f 1963/2195/2231 2015/2248/2283 1964/2196/2232
f 1964/2196/2232 1769/1958/1992 1730/1919/1959
f 1715/1904/1945 2016/2249/2284 2013/2246/2281
f 2013/2246/2281 2017/2250/2285 2014/2247/2282
f 2014/2247/2282 2018/2251/2286 2015/2248/2283
f 2015/2248/2283 1736/1925/1964 1769/1958/1992
f 1717/1906/1947 2019/2252/2287 2020/2253/2288
f 2020/2253/2288 2021/2254/2289 2022/2255/2290
f 2022/2255/2290 2023/2256/2291 2024/2257/2292
f 2024/2257/2292 1721/1910/1950 1720/1909/1949
f 1688/1877/1921 1966/2198/2234 2019/2252/2287
f 2019/2252/2287 1968/2200/2236 2021/2254/2289
f 2021/2254/2289 1970/2202/2238 2023/2256/2291
f 2023/2256/2291 1712/1901/1944 1721/1910/1950
f 1728/1917/1957 1844/2042/2080 1781/1970/2004
f 2025/2258/2293 1853/2051/2089 1844/2042/2080
f 2026/2259/2294 1849/2047/2085 1853/2051/2089
f 2027/2260/2295 1850/2048/2086 1849/2047/2085
f 1724/1913/1953 2025/2258/2293 1728/1917/1957
f 2028/2261/2296 2026/2259/2294 2025/2258/2293
f 2029/2262/2297 2027/2260/2295 2026/2259/2294
f 2030/2263/2298 1756/1945/1981 2027/2260/2295
f 1716/1905/1946 2031/2264/2299 2016/2249/2284
f 2016/2249/2284 2032/2265/2300 2017/2250/2285
f 2017/2250/2285 2033/2266/2301 2018/2251/2286
f 2018/2251/2286 1755/1944/1980 1736/1925/1964
f 1722/1911/1951 1856/2054/2093 2031/2264/2299
f 2031/2264/2299 1851/2049/2087 2032/2265/2300
f 2032/2265/2300 1848/2046/2084 2033/2266/2301
f 2033/2266/2301 1850/2048/2086 1755/1944/1980
f 1724/1913/1953 2034/2267/2302 2028/2261/2296
f 2028/2261/2296 2035/2268/2303 2029/2262/2297
f 2029/2262/2297 2036/2269/2304 2030/2263/2298
f 2030/2263/2298 1754/1943/1979 1753/1942/1978
f 1718/1907/1948 2020/2253/2288 2034/2267/2302
f 2034/2267/2302 2022/2255/2290 2035/2268/2303
f 2035/2268/2303 2024/2257/2292 2036/2269/2304
f 2036/2269/2304 1720/1909/1949 1754/1943/1979
f 1723/1912/1952 2037/2270/2305 1843/2271/2094
f 1843/2041/2079 1778/1967/2001 1781/1970/2004
f 1673/1862/1910 1820/2014/2306 2037/2270/2305
f 2037/2270/2307 1820/2014/2308 1813/2272/2307
f 2037/2273/2309 1779/1968/2002 1778/1967/2001
f 1653/1842/1891 1810/2274/2310 1654/1843/1892
f 1810/2274/2311 2038/2275/2311 1796/2276/2311
f 2038/2277/2312 1794/1985/2017 1796/1987/2019
f 1711/1900/1943 2038/2278/2313 1653/1842/1891
f 1830/2279/2062 1740/1929/1966 2038/2277/2312
f 1607/1796/1850 1676/1865/1851 1608/1797/1851
f 1610/1799/1853 1783/1972/2006 1611/1800/1854
f 1613/1802/1851 1667/1856/1904 1614/1803/1856
f 1616/1805/1857 1682/1871/1916 1617/1806/1858
f 1619/1808/1851 1649/1838/1851 1620/1809/1860
f 1622/1811/1862 1610/1799/1853 1612/1801/1855
f 1624/1813/1864 1768/1957/1991 1625/1814/1865
f 1627/1816/1867 1689/1878/1922 1628/1817/1868
f 1615/1804/1851 1633/1822/1851 1630/1819/1870
f 1632/1821/1872 1764/1953/1988 1619/1808/1851
f 1618/1807/1859 1617/1806/1858 1634/1823/1873
f 1636/1825/1875 1702/1891/1934 1637/1826/1876
f 1639/1828/1878 1696/1885/1929 1640/1829/1879
f 1635/1824/1874 1634/1823/1873 1642/1831/1881
f 1643/1832/1882 1642/1831/1881 1644/1833/1883
f 1646/1835/1885 1656/1845/1894 1647/1836/1886
f 1649/1838/1851 1760/1949/1851 1650/1839/1888
f 1645/1834/1884 1644/1833/1883 1651/1840/1889
f 1652/1841/1890 1651/1840/1889 1653/1842/1891
f 1655/1844/1893 1709/1898/1941 1656/1845/1894
f 1657/1846/1851 1757/1946/1982 1658/1847/1895
f 1660/1849/1897 1622/1811/1862 1623/1812/1863
f 1662/1851/1899 1660/1849/1897 1661/1850/1898
f 1664/1853/1901 1672/1861/1909 1665/1854/1902
f 1608/1797/1851 1792/1983/2015 1667/1856/1904
f 1668/1857/1905 1662/1851/1899 1663/1852/1900
f 1670/1859/1907 1668/1857/1905 1669/1858/1906
f 1672/1861/1909 1818/2012/2045 1673/1862/1910
f 1674/1863/1851 1734/1923/1962 1675/1864/1911
f 1612/1801/1855 1611/1800/1854 1677/1866/1912
f 1679/1868/1914 1789/1980/2012 1680/1869/1915
f 1682/1871/1916 1731/1920/1960 1683/1872/1917
f 1684/1873/1918 1701/1890/1914 1685/1874/1914
f 1661/1850/1898 1623/1812/1863 1687/1876/1920
f 1689/1878/1922 1693/1882/1926 1690/1879/1923
f 1689/1878/1922 1691/1880/1924 1692/1881/1925
f 1693/1882/1926 1626/1815/1866 1694/1883/1927
f 1695/1884/1928 1748/1937/1973 1677/1866/1912
f 1696/1885/1929 1698/1887/1931 1697/1886/1930
f 1637/1826/1876 1703/1892/1935 1698/1887/1931
f 1634/1823/1873 1761/1950/1985 1699/1888/1932
f 1700/1889/1933 1681/1870/1914 1701/1890/1914
f 1702/1891/1934 1704/1893/1936 1703/1892/1935
f 1647/1836/1886 1708/1897/1940 1704/1893/1936
f 1644/1833/1883 1787/1977/2010 1705/1894/1937
f 1686/1875/1919 1685/1874/1914 1706/1895/1938
f 1656/1845/1894 1710/1899/1942 1708/1897/1940
f 1709/1898/1941 1788/1979/2011 1710/1899/1942
f 1651/1840/1889 1705/1894/1937 1711/1900/1943
f 1712/1901/1944 1746/1935/1972 1713/1902/1914
f 1626/1815/1866 1625/1814/1865 1715/1904/1945
f 1625/1814/1865 1666/1855/1903 1716/1905/1946
f 1669/1858/1906 1663/1852/1900 1717/1906/1947
f 1719/1908/1914 1738/1927/1914 1720/1909/1949
f 1666/1855/1903 1665/1854/1902 1722/1911/1951
f 1665/1854/1902 1673/1862/1910 1723/1912/1952
f 1671/1860/1908 1669/1858/1906 1718/1907/1948
f 1725/1914/1954 1624/1813/1864 1626/1815/1866
f 1726/1915/1955 1670/1859/1907 1671/1860/1908
f 1727/1916/1956 1671/1860/1908 1724/1913/1953
f 1714/1903/1914 1713/1902/1914 1729/1918/1958
f 1614/1803/1856 1632/1821/1872 1633/1822/1851
f 1629/1818/1869 1628/1817/1868 1682/1871/1916
f 1628/1817/1868 1692/1881/1925 1731/1920/1960
f 1713/1902/1914 1747/1936/1914 1732/1921/1961
f 1733/1922/1851 1750/1939/1975 1734/1923/1962
f 1609/1798/1852 1608/1797/1851 1613/1802/1851
f 1623/1812/1863 1612/1801/1855 1678/1867/1913
f 1736/1925/1964 1755/1944/1980 1737/1926/1914
f 1638/1827/1877 1637/1826/1876 1696/1885/1929
f 1739/1928/1965 1794/1985/2017 1740/1929/1966
f 1741/1930/1967 1740/1929/1966 1742/1931/1968
f 1681/1870/1914 1680/1869/1915 1744/1933/1970
f 1641/1830/1880 1640/1829/1879 1695/1884/1928
f 1627/1816/1867 1725/1914/1954 1693/1882/1926
f 1746/1935/1972 1791/1982/2014 1747/1936/1914
f 1640/1829/1879 1697/1886/1930 1748/1937/1973
f 1749/1938/1974 1825/2021/2056 1750/1939/1975
f 1751/1940/1976 1749/1938/1974 1733/1922/1851
f 1737/1926/1914 1756/1945/1981 1753/1942/1978
f 1755/1944/1980 1850/2048/2086 1756/1945/1981
f 1757/1946/1982 1770/1959/1993 1758/1947/1983
f 1759/1948/1984 1765/1954/1989 1760/1949/1851
f 1617/1806/1858 1683/1872/1917 1761/1950/1985
f 1706/1895/1938 1782/1971/2005 1762/1951/1986
f 1764/1953/1988 1759/1948/1984 1649/1838/1851
f 1765/1954/1989 1786/1976/2009 1657/1846/1851
f 1766/1955/1914 1767/1956/1990 1732/1921/1961
f 1679/1868/1914 1784/1973/2007 1767/1956/1990
f 1768/1957/1991 1664/1853/1901 1666/1855/1903
f 1714/1903/1914 1719/1908/1914 1721/1910/1950
f 1769/1958/1992 1736/1925/1964 1738/1927/1914
f 1770/1959/1993 1773/1962/1996 1771/1960/1994
f 1772/1961/1995 1803/1994/2026 1773/1962/1996
f 1774/1963/1997 1763/1952/1987 1775/1964/1998
f 1763/1952/1987 1762/1951/1986 1777/1966/2000
f 1726/1915/1955 1727/1916/1956 1778/1967/2001
f 1780/1969/2003 1674/1863/1851 1676/1865/1851
f 1663/1852/1900 1661/1850/1898 1688/1877/1921
f 1727/1916/1956 1728/1917/1957 1781/1970/2004
f 1648/1837/1887 1647/1836/1886 1702/1891/1934
f 1752/1941/1977 1733/1922/1851 1674/1863/1851
f 1738/1927/1914 1737/1926/1914 1754/1943/1979
f 1685/1874/1914 1785/1974/2008 1782/1971/2005
f 1760/1949/1851 1657/1846/1851 1659/1848/1896
f 1745/1934/1971 1695/1884/1928 1611/1800/1854
f 1784/1973/2007 1679/1868/1914 1681/1870/1914
f 1701/1890/1914 1744/1933/1970 1785/1974/2008
f 1739/1975/1965 1741/1978/1967 1709/1898/1941
f 1786/1976/2009 1793/1984/2016 1757/1946/1982
f 1642/1831/1881 1699/1888/1932 1787/1977/2010
f 1741/1978/1967 1743/2239/1969 1788/1979/2011
f 1735/1924/1963 1613/1802/1851 1615/1804/1851
f 1633/1822/1851 1619/1808/1851 1621/1810/1861
f 1789/1980/2012 1679/1868/1914 1766/1955/1914
f 1790/1981/2013 1766/1955/1914 1747/1936/1914
f 1676/1865/1851 1675/1864/1911 1792/1983/2015
f 1793/1984/2016 1772/1961/1995 1770/1959/1993
f 1707/1896/1939 1706/1895/1938 1763/1952/1987
f 1730/1919/1959 1769/1958/1992 1719/1908/1914
f 1794/1985/2017 1797/1988/2020 1795/1986/2018
f 1797/1988/2020 1806/1997/2029 1798/1989/2021
f 1795/1986/2018 1798/1989/2021 1800/1991/2023
f 1801/1992/2024 1805/1996/2028 1802/1993/2025
f 1804/1995/2027 1807/1998/2030 1805/1996/2028
f 1805/1996/2028 1798/1989/2021 1806/1997/2029
f 1807/1998/2030 1800/1991/2023 1798/1989/2021
f 1654/1843/1892 1810/2274/2314 1808/1999/2031
f 1810/2001/2033 1796/2280/2315 1799/1990/2034
f 1809/2003/2032 1808/2002/2031 1807/1998/2035
f 1808/2002/2031 1799/1990/2034 1800/1991/2037
f 1779/2004/2002 1813/2281/2040 1811/2005/2038
f 1812/2006/2039 1811/2005/2038 1815/2009/2042
f 1811/2005/2038 1814/2008/2041 1817/2011/2044
f 1818/2012/2045 1821/2173/2048 1819/2013/2046
f 1821/2015/2048 1827/2023/2210 1822/2016/2049
f 1820/2018/2050 1819/2017/2046 1814/2008/2051
f 1819/2017/2046 1822/2016/2049 1817/2011/2053
f 1823/2019/2054 1826/2022/2057 1824/2020/2055
f 1816/2010/2043 1815/2009/2042 1826/2022/2057
f 1826/2022/2057 1822/2016/2059 1827/2023/2058
f 1815/2009/2042 1817/2011/2044 1822/2016/2059
f 1742/2024/1968 1830/2282/2062 1828/2025/2060
f 1829/2026/2061 1828/2025/2060 1832/2029/2064
f 1828/2025/2060 1831/2028/2316 1834/2031/2066
f 1711/1900/1943 1836/2034/2069 1835/2032/2067
f 1836/2034/2069 1841/2039/2076 1837/2035/2070
f 1835/2032/2067 1837/2035/2070 1834/2031/2072
f 1838/2036/2073 1840/2038/2075 1839/2037/2074
f 1833/2030/2065 1832/2029/2077 1840/2038/2075
f 1840/2038/2075 1837/2035/2070 1841/2039/2076
f 1832/2029/2077 1834/2031/2072 1837/2035/2070
f 1781/1970/2004 1844/2042/2080 1842/2040/2078
f 1844/2042/2080 1853/2051/2089 1845/2043/2081
f 1842/2040/2078 1845/2043/2081 1847/2045/2083
f 1848/2046/2084 1852/2050/2088 1849/2047/2085
f 1851/2049/2087 1854/2052/2090 1852/2050/2088
f 1852/2050/2088 1845/2043/2091 1853/2051/2089
f 1854/2052/2090 1847/2045/2096 1845/2043/2091
f 1723/1912/1952 1843/2271/2094 1855/2053/2092
f 1856/2054/2093 1855/2053/2092 1854/2052/2090
f 1855/2053/2092 1846/2044/2317 1847/2045/2096
f 1631/1820/1871 1630/1819/1870 1857/2056/2097
f 1858/2057/2098 1857/2056/2097 1859/2058/2099
f 1860/2059/2101 1859/2058/2106 1861/2060/2102
f 1861/2062/2102 1745/1934/1971 1783/1972/2006
f 1630/1819/1870 1621/1810/1861 1863/2064/2104
f 1857/2056/2097 1863/2064/2104 1864/2065/2105
f 1859/2058/2106 1864/2065/2144 1865/2066/2107
f 1865/2067/2107 1641/1830/1880 1745/1934/1971
f 1667/1856/1904 1867/2069/2109 1866/2068/2108
f 1867/2069/2109 1869/2071/2115 1868/2070/2110
f 1869/2071/2111 1873/2076/2117 1870/2072/2112
f 1870/2073/2112 1873/2077/2117 1725/1914/1954
f 1792/1983/2015 1871/2074/2114 1867/2069/2109
f 1871/2074/2114 1872/2075/2183 1869/2071/2115
f 1872/2075/2116 1924/2145/2185 1873/2076/2117
f 1873/2077/2117 1924/2146/2185 1624/1813/1864
f 1735/1924/1963 1875/2079/2119 1874/2078/2118
f 1875/2079/2119 1877/2081/2124 1876/2080/2120
f 1877/2081/2121 1879/2085/2125 1878/2082/2122
f 1878/2082/2122 1879/2085/2125 1610/2083/1853
f 1631/1820/1871 1858/2057/2098 1875/2079/2119
f 1858/2057/2098 1860/2059/2100 1877/2081/2124
f 1860/2059/2101 1862/2061/2103 1879/2085/2125
f 1879/2085/2125 1862/2061/2103 1783/2086/2006
f 1764/1953/1988 1632/1821/1872 1880/2087/2126
f 1881/2088/2127 1880/2087/2126 1882/2089/2128
f 1883/2090/2130 1882/2089/2133 1884/2091/2131
f 1884/2093/2131 1629/1818/1869 1616/1805/1857
f 1632/1821/1872 1614/1803/1856 1866/2068/2108
f 1880/2087/2126 1866/2068/2108 1868/2070/2110
f 1882/2089/2133 1868/2070/2113 1870/2072/2112
f 1870/2073/2112 1627/1816/1867 1629/1818/1869
f 1765/1954/1989 1759/1948/1984 1886/2095/2134
f 1887/2096/2135 1886/2095/2134 1888/2097/2136
f 1889/2098/2138 1888/2097/2141 1890/2099/2139
f 1890/2101/2139 1618/1807/1859 1635/1824/1874
f 1759/1948/1984 1764/1953/1988 1881/2088/2127
f 1886/2095/2134 1881/2088/2127 1883/2090/2129
f 1888/2097/2141 1883/2090/2130 1885/2092/2132
f 1885/2094/2132 1616/1805/1857 1618/1807/1859
f 1621/1810/1861 1620/1809/1860 1892/2103/2142
f 1863/2064/2104 1892/2103/2142 1893/2104/2143
f 1864/2065/2144 1893/2104/2148 1894/2105/2145
f 1894/2106/2145 1639/1828/1878 1641/1830/1880
f 1620/1809/1860 1650/1839/1888 1895/2107/2146
f 1892/2103/2142 1895/2107/2146 1896/2108/2147
f 1893/2104/2148 1896/2108/2152 1897/2109/2149
f 1897/2110/2149 1638/1827/1877 1639/1828/1878
f 1650/1839/1888 1659/1848/1896 1898/2111/2150
f 1895/2107/2146 1898/2111/2150 1899/2112/2151
f 1896/2108/2152 1899/2112/2156 1900/2113/2153
f 1900/2114/2153 1636/1825/1875 1638/1827/1877
f 1659/1848/1896 1658/1847/1895 1901/2115/2154
f 1898/2111/2150 1901/2115/2154 1902/2116/2155
f 1899/2112/2156 1902/2116/2174 1903/2117/2157
f 1903/2118/2157 1648/1837/1887 1636/1825/1875
f 1793/1984/2016 1786/1976/2009 1904/2119/2158
f 1905/2120/2159 1904/2119/2158 1906/2121/2160
f 1907/2122/2162 1906/2121/2165 1908/2123/2163
f 1908/2125/2163 1643/1832/1882 1645/1834/1884
f 1786/1976/2009 1765/1954/1989 1887/2096/2135
f 1904/2119/2158 1887/2096/2135 1889/2098/2137
f 1906/2121/2165 1889/2098/2138 1891/2100/2140
f 1891/2102/2140 1635/1824/1874 1643/1832/1882
f 1773/1962/1996 1911/2128/2167 1910/2127/2166
f 1911/2128/2167 1913/2130/2169 1912/2129/2168
f 1913/2130/2169 1915/2134/2171 1914/2131/2170
f 1915/2132/2171 1739/1975/1965 1655/1844/1893
f 1803/1994/2026 1802/1993/2025 1911/2128/2167
f 1802/1993/2025 1806/1997/2029 1913/2130/2169
f 1806/1997/2029 1797/1988/2020 1915/2134/2171
f 1797/1988/2020 1794/1985/2017 1739/1928/1965
f 1658/1847/1895 1758/1947/1983 1916/2135/2172
f 1901/2115/2154 1916/2135/2176 1917/2136/2173
f 1902/2116/2174 1917/2136/2177 1918/2137/2175
f 1903/2118/2157 1918/2138/2175 1646/1835/1885
f 1758/1947/1983 1771/1960/1994 1910/2127/2166
f 1916/2135/2176 1910/2127/2166 1912/2129/2168
f 1917/2136/2177 1912/2129/2168 1914/2131/2170
f 1914/2133/2170 1655/1844/1893 1646/1835/1885
f 1803/1994/2026 1772/1961/1995 1919/2139/2178
f 1801/1992/2024 1919/2139/2178 1920/2140/2179
f 1804/1995/2036 1920/2140/2181 1921/2141/2180
f 1809/2000/2032 1921/2142/2180 1652/1841/1890
f 1772/1961/1995 1793/1984/2016 1905/2120/2159
f 1919/2139/2178 1905/2120/2159 1907/2122/2161
f 1920/2140/2181 1907/2122/2162 1909/2124/2164
f 1921/2142/2180 1909/2126/2164 1645/1834/1884
f 1675/1864/1911 1922/2143/2182 1871/2074/2114
f 1922/2143/2182 1923/2144/2187 1872/2075/2183
f 1923/2144/2184 1927/2149/2189 1924/2145/2185
f 1924/2146/2185 1927/2150/2189 1768/1957/1991
f 1734/1923/1962 1925/2147/2186 1922/2143/2182
f 1925/2147/2186 1926/2148/2205 1923/2144/2187
f 1926/2148/2188 1942/2169/2207 1927/2149/2189
f 1927/2150/2189 1942/2171/2207 1664/1853/1901
f 1607/1796/1850 1929/2152/2191 1928/2151/2190
f 1929/2152/2191 1931/2154/2196 1930/2153/2192
f 1931/2154/2193 1933/2157/2197 1932/2155/2194
f 1932/2156/2194 1933/2283/2197 1660/1849/1897
f 1609/1798/1852 1874/2078/2118 1929/2152/2191
f 1874/2078/2118 1876/2080/2120 1931/2154/2196
f 1876/2080/2123 1878/2082/2122 1933/2157/2197
f 1933/2157/2197 1878/2082/2122 1622/2084/1862
f 1825/2021/2056 1749/1938/1974 1934/2159/2198
f 1823/2019/2054 1934/2159/2198 1935/2160/2199
f 1816/2010/2043 1935/2160/2199 1936/2161/2200
f 1812/2162/2039 1936/2166/2200 1726/1915/1955
f 1749/1938/1974 1751/1940/1976 1937/2163/2201
f 1934/2159/2198 1937/2163/2201 1938/2164/2202
f 1935/2160/2199 1938/2164/2202 1939/2165/2203
f 1936/2166/2200 1939/2176/2203 1670/1859/1907
f 1750/1939/1975 1940/2167/2204 1925/2147/2186
f 1940/2167/2204 1941/2168/2209 1926/2148/2205
f 1941/2168/2206 1943/2172/2208 1942/2169/2207
f 1943/2170/2208 1672/1861/1909 1664/1853/1901
f 1825/2021/2056 1824/2020/2055 1940/2167/2204
f 1824/2020/2055 1827/2023/2058 1941/2168/2209
f 1827/2023/2210 1821/2015/2048 1943/2172/2208
f 1821/2173/2048 1818/2012/2045 1672/1861/1909
f 1752/1941/1977 1944/2174/2211 1937/2163/2201
f 1944/2174/2211 1945/2175/2213 1938/2164/2202
f 1945/2175/2212 1946/2177/2214 1939/2165/2203
f 1939/2176/2203 1946/2178/2214 1668/1857/1905
f 1780/1969/2003 1928/2151/2190 1944/2174/2211
f 1928/2151/2190 1930/2153/2192 1945/2175/2213
f 1930/2153/2195 1932/2155/2194 1946/2177/2214
f 1932/2156/2194 1662/1851/1899 1668/1857/1905
f 1748/1937/1973 1948/2180/2216 1947/2179/2215
f 1948/2180/2216 1950/2182/2218 1949/2181/2217
f 1950/2182/2218 1952/2184/2220 1951/2183/2219
f 1952/2184/2220 1790/1981/2013 1791/1982/2014
f 1697/1886/1930 1953/2185/2221 1948/2180/2216
f 1953/2185/2221 1954/2186/2222 1950/2182/2218
f 1954/2186/2222 1955/2187/2223 1952/2184/2220
f 1955/2187/2223 1789/1980/2012 1790/1981/2013
f 1691/1880/1924 1690/1879/1923 1956/2188/2224
f 1957/2189/2225 1956/2188/2224 1958/2190/2226
f 1959/2191/2227 1958/2190/2226 1960/2192/2228
f 1961/2193/2229 1960/2192/2228 1729/1918/1958
f 1690/1879/1923 1694/1883/1927 1962/2194/2230
f 1956/2188/2224 1962/2194/2230 1963/2195/2231
f 1958/2190/2226 1963/2195/2231 1964/2196/2232
f 1960/2192/2228 1964/2196/2232 1730/1919/1959
f 1687/1876/1920 1678/1867/1913 1965/2197/2233
f 1966/2198/2234 1965/2197/2233 1967/2199/2235
f 1968/2200/2236 1967/2199/2235 1969/2201/2237
f 1970/2202/2238 1969/2201/2237 1746/1935/1972
f 1678/1867/1913 1677/1866/1912 1947/2179/2215
f 1965/2197/2233 1947/2179/2215 1949/2181/2217
f 1967/2199/2235 1949/2181/2217 1951/2183/2219
f 1969/2201/2237 1951/2183/2219 1791/1982/2014
f 1692/1881/1925 1972/2204/2240 1971/2203/2239
f 1972/2204/2240 1974/2206/2242 1973/2205/2241
f 1974/2206/2242 1976/2208/2244 1975/2207/2243
f 1976/2208/2244 1767/1956/1990 1784/1973/2007
f 1691/1880/1924 1957/2189/2225 1972/2204/2240
f 1957/2189/2225 1959/2191/2227 1974/2206/2242
f 1959/2191/2227 1961/2193/2229 1976/2208/2244
f 1961/2193/2229 1732/1921/1961 1767/1956/1990
f 1683/1872/1917 1978/2210/2246 1977/2209/2245
f 1978/2210/2246 1980/2212/2248 1979/2211/2247
f 1980/2212/2248 1982/2214/2250 1981/2213/2249
f 1982/2214/2250 1700/1889/1933 1684/1873/1918
f 1731/1920/1960 1971/2203/2239 1978/2210/2246
f 1971/2203/2239 1973/2205/2241 1980/2212/2248
f 1973/2205/2241 1975/2207/2243 1982/2214/2250
f 1975/2207/2243 1784/1973/2007 1700/1889/1933
f 1698/1887/1931 1983/2215/2251 1953/2185/2221
f 1983/2215/2251 1984/2216/2252 1954/2186/2222
f 1984/2216/2252 1985/2217/2253 1955/2187/2223
f 1985/2217/2253 1680/1869/1915 1789/1980/2012
f 1703/1892/1935 1986/2218/2254 1983/2215/2251
f 1986/2218/2254 1987/2219/2255 1984/2216/2252
f 1987/2219/2255 1988/2220/2256 1985/2217/2253
f 1988/2220/2256 1744/1933/1970 1680/1869/1915
f 1704/1893/1936 1989/2221/2257 1986/2218/2254
f 1989/2221/2257 1990/2222/2258 1987/2219/2255
f 1990/2222/2258 1991/2223/2259 1988/2220/2256
f 1991/2223/2259 1785/1974/2008 1744/1933/1970
f 1708/1897/1940 1992/2224/2260 1989/2221/2257
f 1992/2224/2260 1993/2225/2261 1990/2222/2258
f 1993/2225/2261 1994/2226/2262 1991/2223/2259
f 1994/2226/2262 1782/1971/2005 1785/1974/2008
f 1699/1888/1932 1996/2228/2264 1995/2227/2263
f 1996/2228/2264 1998/2230/2266 1997/2229/2265
f 1998/2230/2266 2000/2232/2268 1999/2231/2267
f 2000/2232/2268 1686/1875/1919 1707/1896/1939
f 1761/1950/1985 1977/2209/2245 1996/2228/2264
f 1977/2209/2245 1979/2211/2247 1998/2230/2266
f 1979/2211/2247 1981/2213/2249 2000/2232/2268
f 1981/2213/2249 1684/1873/1918 1686/1875/1919
f 1788/1979/2011 1743/2239/1969 2001/2233/2269
f 2002/2234/2270 2001/2233/2269 2003/2235/2271
f 2004/2236/2272 2003/2235/2271 2005/2237/2273
f 2006/2238/2274 2005/2237/2273 1775/1964/1998
f 1743/2239/1969 1742/2024/1968 1829/2026/2061
f 2001/2233/2269 1829/2026/2061 1833/2030/2065
f 2003/2235/2271 1833/2030/2065 1838/2036/2073
f 2005/2237/2273 1838/2036/2073 1776/1965/1999
f 1710/1899/1942 2007/2240/2275 1992/2224/2260
f 2007/2240/2275 2008/2241/2276 1993/2225/2261
f 2008/2241/2276 2009/2242/2277 1994/2226/2262
f 2009/2242/2277 1762/1951/1986 1782/1971/2005
f 1788/1979/2011 2002/2234/2270 2007/2240/2275
f 2002/2234/2270 2004/2236/2272 2008/2241/2276
f 2004/2236/2272 2006/2238/2274 2009/2242/2277
f 2006/2238/2274 1777/1966/2000 1762/1951/1986
f 1705/1894/1937 2010/2243/2278 1836/2034/2069
f 2010/2243/2278 2011/2244/2279 1841/2039/2076
f 2011/2244/2279 2012/2245/2280 1839/2037/2074
f 2012/2245/2280 1774/1963/1997 1776/1965/1999
f 1787/1977/2010 1995/2227/2263 2010/2243/2278
f 1995/2227/2263 1997/2229/2265 2011/2244/2279
f 1997/2229/2265 1999/2231/2267 2012/2245/2280
f 1999/2231/2267 1707/1896/1939 1774/1963/1997
f 1694/1883/1927 1715/1904/1945 2013/2246/2281
f 1962/2194/2230 2013/2246/2281 2014/2247/2282
f 1963/2195/2231 2014/2247/2282 2015/2248/2283
f 1964/2196/2232 2015/2248/2283 1769/1958/1992
f 1715/1904/1945 1716/1905/1946 2016/2249/2284
f 2013/2246/2281 2016/2249/2284 2017/2250/2285
f 2014/2247/2282 2017/2250/2285 2018/2251/2286
f 2015/2248/2283 2018/2251/2286 1736/1925/1964
f 1717/1906/1947 1688/1877/1921 2019/2252/2287
f 2020/2253/2288 2019/2252/2287 2021/2254/2289
f 2022/2255/2290 2021/2254/2289 2023/2256/2291
f 2024/2257/2292 2023/2256/2291 1721/1910/1950
f 1688/1877/1921 1687/1876/1920 1966/2198/2234
f 2019/2252/2287 1966/2198/2234 1968/2200/2236
f 2021/2254/2289 1968/2200/2236 1970/2202/2238
f 2023/2256/2291 1970/2202/2238 1712/1901/1944
f 1728/1917/1957 2025/2258/2293 1844/2042/2080
f 2025/2258/2293 2026/2259/2294 1853/2051/2089
f 2026/2259/2294 2027/2260/2295 1849/2047/2085
f 2027/2260/2295 1756/1945/1981 1850/2048/2086
f 1724/1913/1953 2028/2261/2296 2025/2258/2293
f 2028/2261/2296 2029/2262/2297 2026/2259/2294
f 2029/2262/2297 2030/2263/2298 2027/2260/2295
f 2030/2263/2298 1753/1942/1978 1756/1945/1981
f 1716/1905/1946 1722/1911/1951 2031/2264/2299
f 2016/2249/2284 2031/2264/2299 2032/2265/2300
f 2017/2250/2285 2032/2265/2300 2033/2266/2301
f 2018/2251/2286 2033/2266/2301 1755/1944/1980
f 1722/1911/1951 1723/1912/1952 1856/2054/2093
f 2031/2264/2299 1856/2054/2093 1851/2049/2087
f 2032/2265/2300 1851/2049/2087 1848/2046/2084
f 2033/2266/2301 1848/2046/2084 1850/2048/2086
f 1724/1913/1953 1718/1907/1948 2034/2267/2302
f 2028/2261/2296 2034/2267/2302 2035/2268/2303
f 2029/2262/2297 2035/2268/2303 2036/2269/2304
f 2030/2263/2298 2036/2269/2304 1754/1943/1979
f 1718/1907/1948 1717/1906/1947 2020/2253/2288
f 2034/2267/2302 2020/2253/2288 2022/2255/2290
f 2035/2268/2303 2022/2255/2290 2024/2257/2292
f 2036/2269/2304 2024/2257/2292 1720/1909/1949
f 1723/1912/1952 1673/1862/1910 2037/2270/2305
f 1843/2041/2079 2037/2273/2309 1778/1967/2001
f 1673/1862/1910 1818/2012/2045 1820/2014/2306
f 2037/2273/2309 1813/2284/2040 1779/1968/2002
f 1653/1842/1891 2038/2278/2313 1810/2274/2310
f 2038/2277/2312 1740/1929/1966 1794/1985/2017
f 1711/1900/1943 1830/2033/2068 2038/2278/2313
f 1830/2279/2062 1742/1931/1968 1740/1929/1966
f 2039/2285/2318 2040/2286/2319 2041/2287/2320
f 2042/2288/2321 2043/2289/2322 2044/2290/2323
f 2045/2291/2319 2046/2292/2324 2047/2293/2319
f 2048/2294/2325 2049/2295/2326 2050/2296/2327
f 2051/2297/2319 2052/2298/2328 2053/2299/2329
f 2054/2300/2330 2044/2290/2323 2055/2301/2331
f 2056/2302/2332 2057/2303/2333 2058/2304/2334
f 2059/2305/2335 2060/2306/2336 2061/2307/2337
f 2047/2293/2319 2062/2308/2338 2063/2309/2339
f 2064/2310/2340 2051/2297/2319 2065/2311/2319
f 2050/2296/2327 2066/2312/2341 2067/2313/2342
f 2068/2314/2343 2069/2315/2344 2070/2316/2345
f 2071/2317/2346 2072/2318/2347 2073/2319/2348
f 2067/2313/2342 2074/2320/2349 2075/2321/2350
f 2075/2321/2350 2076/2322/2351 2077/2323/2352
f 2078/2324/2353 2079/2325/2354 2080/2326/2355
f 2081/2327/2319 2082/2328/2356 2052/2298/2328
f 2077/2323/2352 2083/2329/2357 2084/2330/2358
f 2084/2330/2358 2085/2331/2359 2086/2332/2360
f 2087/2333/2361 2088/2334/2362 2078/2324/2353
f 2089/2335/2363 2090/2336/2364 2091/2337/2365
f 2092/2338/2366 2055/2301/2331 2093/2339/2367
f 2094/2340/2368 2093/2339/2367 2095/2341/2369
f 2096/2342/2370 2097/2343/2371 2098/2344/2372
f 2040/2286/2319 2099/2345/2373 2045/2291/2319
f 2100/2346/2374 2095/2341/2369 2101/2347/2375
f 2102/2348/2376 2101/2347/2375 2103/2349/2377
f 2104/2350/2378 2105/2351/2379 2097/2343/2371
f 2106/2352/2319 2107/2353/2380 2108/2354/2319
f 2044/2290/2323 2109/2355/2381 2110/2356/2382
f 2111/2357/2383 2112/2358/2384 2113/2359/2383
f 2114/2360/2385 2115/2361/2386 2049/2295/2326
f 2116/2362/2387 2117/2363/2388 2118/2364/2389
f 2093/2339/2367 2119/2365/2390 2120/2366/2391
f 2121/2367/2392 2122/2368/2393 2123/2369/2394
f 2121/2367/2392 2124/2370/2395 2060/2306/2336
f 2125/2371/2396 2126/2372/2397 2122/2368/2393
f 2127/2373/2398 2109/2355/2381 2043/2289/2322
f 2128/2374/2399 2129/2375/2400 2072/2318/2347
f 2069/2315/2344 2130/2376/2401 2128/2374/2399
f 2066/2312/2341 2131/2377/2402 2074/2320/2349
f 2132/2378/2403 2133/2379/2404 2116/2362/2387
f 2134/2380/2405 2135/2381/2406 2069/2315/2344
f 2079/2325/2354 2136/2382/2407 2134/2380/2405
f 2076/2322/2351 2137/2383/2408 2083/2329/2357
f 2118/2364/2389 2138/2384/2409 2139/2385/2410
f 2088/2334/2362 2140/2386/2411 2079/2325/2354
f 2141/2387/2412 2142/2388/2413 2143/2389/2414
f 2083/2329/2357 2144/2390/2415 2085/2331/2359
f 2145/2391/2416 2146/2392/2383 2147/2393/2383
f 2058/2304/2334 2148/2394/2417 2126/2372/2397
f 2057/2303/2333 2149/2395/2418 2148/2394/2417
f 2101/2347/2375 2150/2396/2419 2151/2397/2420
f 2152/2398/2383 2153/2399/2421 2154/2400/2422
f 2098/2344/2372 2155/2401/2423 2149/2395/2418
f 2097/2343/2371 2156/2402/2424 2155/2401/2423
f 2103/2349/2377 2151/2397/2420 2157/2403/2425
f 2158/2404/2426 2058/2304/2334 2125/2371/2396
f 2159/2405/2427 2103/2349/2377 2160/2406/2428
f 2160/2406/2428 2157/2403/2425 2161/2407/2429
f 2147/2393/2383 2162/2408/2430 2163/2409/2431
f 2046/2292/2324 2065/2311/2319 2047/2293/2319
f 2061/2307/2337 2114/2360/2385 2048/2294/2325
f 2060/2306/2336 2164/2410/2432 2114/2360/2385
f 2146/2392/2383 2165/2411/2433 2162/2408/2430
f 2166/2412/2319 2167/2413/2434 2106/2352/2319
f 2041/2287/2320 2045/2291/2319 2168/2414/2435
f 2055/2301/2331 2110/2356/2382 2119/2365/2390
f 2169/2415/2436 2170/2416/2383 2171/2417/2383
f 2070/2316/2345 2128/2374/2399 2071/2317/2346
f 2172/2418/2437 2173/2419/2438 2174/2420/2439
f 2174/2420/2439 2175/2421/2440 2176/2422/2441
f 2113/2359/2383 2177/2423/2442 2133/2379/2404
f 2073/2319/2348 2127/2373/2398 2178/2424/2443
f 2059/2305/2335 2125/2371/2396 2121/2367/2392
f 2179/2425/2444 2180/2426/2383 2146/2392/2383
f 2072/2318/2347 2181/2427/2445 2127/2373/2398
f 2182/2428/2446 2183/2429/2447 2166/2412/2319
f 2184/2430/2448 2166/2412/2319 2185/2431/2449
f 2170/2416/2383 2186/2432/2450 2187/2433/2451
f 2188/2434/2452 2189/2435/2453 2170/2416/2383
f 2190/2436/2454 2191/2437/2455 2090/2336/2364
f 2192/2438/2456 2193/2439/2457 2081/2327/2319
f 2049/2295/2326 2194/2440/2458 2066/2312/2341
f 2138/2384/2409 2195/2441/2459 2196/2442/2460
f 2197/2443/2461 2081/2327/2319 2051/2297/2319
f 2198/2444/2462 2089/2335/2363 2193/2439/2457
f 2199/2445/2383 2165/2411/2433 2180/2426/2383
f 2111/2357/2383 2200/2446/2463 2199/2445/2383
f 2201/2447/2464 2098/2344/2372 2057/2303/2333
f 2147/2393/2383 2154/2400/2422 2145/2391/2416
f 2202/2448/2465 2171/2417/2383 2152/2398/2383
f 2203/2449/2466 2204/2450/2467 2191/2437/2455
f 2205/2451/2468 2206/2452/2469 2203/2449/2466
f 2207/2453/2470 2208/2454/2471 2209/2455/2472
f 2196/2442/2460 2210/2456/2473 2208/2454/2471
f 2159/2405/2427 2211/2457/2474 2212/2458/2475
f 2213/2459/2476 2108/2354/2319 2039/2285/2318
f 2095/2341/2369 2120/2366/2391 2150/2396/2419
f 2160/2406/2428 2214/2460/2477 2211/2457/2474
f 2080/2326/2355 2134/2380/2405 2068/2314/2343
f 2185/2431/2449 2106/2352/2319 2213/2459/2476
f 2171/2417/2383 2187/2433/2451 2153/2399/2421
f 2117/2363/2388 2215/2461/2478 2138/2384/2409
f 2193/2439/2457 2091/2337/2365 2082/2328/2356
f 2178/2424/2443 2043/2289/2322 2216/2462/2479
f 2217/2463/2480 2113/2359/2383 2132/2378/2403
f 2133/2379/2404 2218/2464/2481 2117/2363/2388
f 2172/2418/2437 2219/2465/2482 2220/2466/2483
f 2221/2467/2484 2190/2436/2454 2089/2335/2363
f 2074/2320/2349 2222/2468/2485 2076/2322/2351
f 2174/2420/2439 2176/2422/2441 2142/2469/2413
f 2168/2414/2435 2047/2293/2319 2063/2309/2339
f 2065/2311/2319 2053/2299/2329 2062/2308/2338
f 2223/2470/2486 2199/2445/2383 2224/2471/2487
f 2224/2471/2487 2180/2426/2383 2225/2472/2488
f 2108/2354/2319 2226/2473/2489 2040/2286/2319
f 2227/2474/2490 2203/2449/2466 2190/2436/2454
f 2139/2385/2410 2196/2442/2460 2207/2453/2470
f 2163/2409/2431 2152/2398/2383 2147/2393/2383
f 2228/2475/2491 2229/2476/2492 2230/2477/2493
f 2231/2478/2494 2232/2479/2495 2229/2476/2492
f 2230/2477/2493 2233/2480/2496 2234/2481/2497
f 2229/2476/2492 2235/2482/2498 2233/2480/2496
f 2236/2483/2499 2237/2484/2500 2238/2485/2501
f 2239/2486/2502 2240/2487/2503 2236/2483/2499
f 2240/2487/2503 2241/2488/2504 2237/2484/2500
f 2242/2489/2505 2232/2479/2495 2240/2487/2503
f 2086/2332/2360 2243/2490/2506 2244/2491/2507
f 2234/2492/2508 2233/2493/2509 2243/2490/2506
f 2244/2491/2507 2242/2494/2510 2239/2495/2511
f 2243/2490/2506 2235/2496/2512 2242/2494/2510
f 2245/2497/2513 2246/2498/2514 2220/2466/2483
f 2247/2499/2515 2248/2500/2516 2245/2497/2513
f 2248/2500/2516 2249/2501/2517 2246/2498/2514
f 2248/2500/2516 2250/2502/2518 2251/2503/2519
f 2252/2504/2520 2253/2505/2521 2087/2506/2361
f 2254/2507/2522 2255/2508/2523 2252/2504/2520
f 2253/2505/2521 2250/2509/2518 2247/2499/2515
f 2255/2508/2523 2256/2510/2524 2250/2509/2518
f 2204/2450/2467 2257/2511/2525 2258/2512/2526
f 2259/2513/2527 2251/2503/2528 2257/2511/2525
f 2258/2512/2526 2256/2510/2529 2254/2507/2530
f 2257/2511/2531 2250/2502/2518 2256/2510/2524
f 2212/2514/2475 2260/2515/2532 2261/2516/2533
f 2262/2517/2534 2263/2518/2535 2260/2515/2532
f 2261/2516/2533 2264/2519/2536 2265/2520/2537
f 2260/2515/2532 2266/2521/2538 2264/2519/2536
f 2267/2522/2539 2268/2523/2540 2269/2524/2541
f 2270/2525/2542 2271/2526/2543 2268/2523/2540
f 2269/2524/2544 2263/2527/2545 2262/2528/2546
f 2268/2523/2540 2266/2529/2547 2263/2527/2545
f 2272/2530/2548 2273/2531/2549 2274/2532/2550
f 2265/2520/2537 2275/2533/2551 2272/2530/2548
f 2275/2533/2551 2276/2534/2552 2273/2531/2549
f 2264/2519/2536 2271/2535/2553 2275/2533/2551
f 2175/2421/2440 2277/2536/2554 2278/2537/2555
f 2279/2538/2556 2280/2539/2557 2277/2536/2554
f 2278/2537/2555 2281/2540/2558 2282/2541/2559
f 2277/2536/2554 2283/2542/2560 2281/2540/2558
f 2144/2390/2415 2284/2543/2561 2279/2544/2562
f 2285/2545/2563 2286/2546/2564 2284/2543/2561
f 2279/2544/2562 2284/2543/2561 2280/2547/2565
f 2284/2543/2561 2283/2548/2566 2280/2547/2565
f 2287/2549/2567 2288/2550/2568 2209/2551/2472
f 2282/2541/2559 2289/2552/2569 2287/2549/2567
f 2289/2552/2569 2290/2553/2570 2288/2550/2568
f 2281/2540/2571 2286/2554/2564 2289/2552/2569
f 2214/2460/2477 2291/2555/2572 2292/2556/2573
f 2293/2557/2574 2294/2558/2575 2291/2555/2572
f 2292/2556/2573 2291/2555/2572 2295/2559/2576
f 2291/2555/2572 2296/2560/2577 2295/2559/2578
f 2297/2561/2579 2298/2562/2580 2299/2563/2581
f 2300/2564/2582 2301/2565/2583 2297/2561/2579
f 2301/2565/2583 2302/2566/2584 2298/2562/2580
f 2303/2567/2585 2294/2558/2586 2301/2565/2583
f 2156/2402/2424 2304/2568/2587 2305/2569/2588
f 2292/2570/2589 2295/2559/2590 2304/2568/2587
f 2305/2569/2588 2303/2567/2585 2300/2564/2582
f 2304/2568/2587 2296/2560/2591 2303/2567/2585
f 2141/2571/2412 2306/2572/2592 2307/2573/2593
f 2306/2572/2592 2308/2574/2594 2307/2573/2593
f 2308/2574/2594 2309/2575/2595 2307/2573/2593
f 2309/2575/2595 2219/2465/2482 2307/2573/2593
f 2063/2309/2339 2310/2576/2596 2311/2577/2597
f 2311/2577/2597 2312/2578/2598 2313/2579/2599
f 2313/2579/2600 2314/2580/2601 2315/2581/2602
f 2314/2582/2601 2216/2462/2479 2315/2583/2602
f 2062/2308/2338 2316/2584/2603 2310/2576/2596
f 2310/2576/2596 2317/2585/2604 2312/2578/2598
f 2312/2578/2605 2318/2586/2606 2314/2580/2601
f 2318/2587/2606 2178/2424/2443 2314/2582/2601
f 2099/2345/2373 2319/2588/2607 2046/2292/2324
f 2320/2589/2608 2321/2590/2609 2319/2591/2607
f 2322/2592/2610 2323/2593/2611 2321/2590/2612
f 2323/2593/2611 2158/2404/2426 2059/2305/2335
f 2226/2473/2489 2320/2594/2608 2099/2345/2373
f 2324/2595/2613 2322/2592/2614 2320/2589/2608
f 2325/2596/2615 2326/2597/2616 2322/2592/2610
f 2326/2597/2616 2056/2302/2332 2158/2404/2426
f 2168/2414/2435 2327/2598/2617 2041/2287/2320
f 2328/2599/2618 2329/2600/2619 2327/2598/2617
f 2330/2601/2620 2331/2602/2621 2329/2600/2622
f 2331/2603/2621 2042/2288/2321 2054/2300/2330
f 2063/2309/2339 2328/2599/2618 2168/2414/2435
f 2311/2577/2597 2330/2601/2623 2328/2599/2618
f 2313/2579/2600 2332/2604/2624 2330/2601/2620
f 2332/2605/2624 2216/2462/2479 2042/2288/2321
f 2197/2443/2461 2333/2606/2625 2334/2607/2626
f 2334/2608/2626 2335/2609/2627 2336/2610/2628
f 2336/2610/2629 2337/2611/2630 2338/2612/2631
f 2337/2611/2630 2048/2294/2325 2338/2612/2631
f 2064/2310/2340 2319/2588/2607 2333/2606/2625
f 2333/2613/2625 2321/2590/2609 2335/2609/2627
f 2335/2609/2632 2323/2593/2611 2337/2611/2630
f 2323/2593/2611 2061/2307/2337 2337/2611/2630
f 2198/2444/2462 2339/2614/2633 2340/2615/2634
f 2340/2615/2634 2341/2616/2635 2342/2617/2636
f 2342/2618/2637 2343/2619/2638 2344/2620/2639
f 2343/2619/2638 2067/2313/2342 2344/2620/2639
f 2192/2438/2456 2334/2607/2626 2339/2614/2633
f 2339/2621/2633 2336/2610/2628 2341/2622/2635
f 2341/2622/2640 2338/2612/2631 2343/2619/2638
f 2338/2612/2631 2050/2296/2327 2343/2619/2638
f 2053/2299/2329 2345/2623/2641 2316/2584/2603
f 2316/2584/2603 2346/2624/2642 2317/2585/2604
f 2317/2585/2643 2347/2625/2644 2318/2586/2606
f 2347/2626/2644 2073/2319/2348 2318/2587/2606
f 2052/2298/2328 2348/2627/2645 2345/2623/2641
f 2345/2623/2641 2349/2628/2646 2346/2624/2642
f 2346/2624/2647 2350/2629/2648 2347/2625/2644
f 2350/2629/2648 2071/2630/2346 2347/2625/2644
f 2082/2328/2356 2351/2631/2649 2348/2627/2645
f 2348/2627/2645 2352/2632/2650 2349/2628/2646
f 2349/2628/2651 2353/2633/2652 2350/2629/2648
f 2353/2633/2652 2070/2634/2345 2350/2629/2648
f 2091/2337/2365 2354/2635/2653 2351/2631/2649
f 2351/2631/2649 2355/2636/2654 2352/2632/2650
f 2352/2632/2655 2356/2637/2656 2353/2633/2652
f 2356/2637/2656 2068/2638/2343 2353/2633/2652
f 2227/2474/2490 2357/2639/2657 2358/2640/2658
f 2358/2640/2658 2359/2641/2659 2360/2642/2660
f 2360/2643/2661 2361/2644/2662 2362/2645/2663
f 2361/2644/2662 2077/2323/2352 2362/2645/2663
f 2221/2467/2484 2340/2615/2634 2357/2639/2657
f 2357/2639/2657 2342/2617/2636 2359/2641/2659
f 2359/2646/2664 2344/2620/2639 2361/2644/2662
f 2344/2620/2639 2075/2321/2350 2361/2644/2662
f 2206/2452/2469 2259/2513/2527 2204/2450/2467
f 2363/2647/2665 2249/2501/2517 2259/2513/2527
f 2364/2648/2666 2246/2498/2514 2249/2501/2517
f 2365/2649/2667 2220/2466/2483 2246/2498/2514
f 2238/2485/2501 2363/2647/2665 2206/2452/2469
f 2237/2484/2500 2364/2648/2666 2363/2647/2665
f 2241/2488/2504 2365/2649/2667 2364/2648/2666
f 2231/2478/2494 2172/2418/2437 2365/2649/2667
f 2090/2336/2364 2366/2650/2668 2354/2635/2653
f 2354/2635/2653 2367/2651/2669 2355/2636/2654
f 2355/2636/2670 2368/2652/2671 2356/2637/2656
f 2356/2637/2656 2078/2653/2353 2080/2654/2355
f 2191/2437/2455 2258/2512/2526 2366/2650/2668
f 2366/2650/2672 2254/2507/2530 2367/2651/2669
f 2367/2651/2673 2252/2504/2520 2368/2652/2671
f 2368/2652/2671 2087/2506/2361 2078/2653/2353
f 2238/2485/2501 2369/2655/2674 2236/2483/2499
f 2236/2483/2499 2370/2656/2675 2239/2486/2502
f 2239/2495/2511 2371/2657/2676 2244/2491/2507
f 2244/2491/2507 2084/2330/2358 2086/2332/2360
f 2205/2451/2468 2358/2640/2658 2369/2655/2674
f 2369/2655/2674 2360/2642/2660 2370/2656/2675
f 2370/2658/2677 2362/2645/2663 2371/2657/2676
f 2371/2657/2676 2077/2323/2352 2084/2330/2358
f 2107/2353/2380 2324/2659/2613 2226/2473/2489
f 2372/2660/2678 2325/2596/2679 2324/2595/2613
f 2373/2661/2680 2374/2662/2681 2325/2596/2615
f 2374/2662/2681 2201/2447/2464 2056/2302/2332
f 2167/2413/2434 2372/2663/2678 2107/2353/2380
f 2375/2664/2682 2373/2661/2683 2372/2660/2678
f 2376/2665/2684 2377/2666/2685 2373/2661/2680
f 2377/2666/2685 2096/2342/2370 2201/2447/2464
f 2039/2285/2318 2378/2667/2686 2213/2459/2476
f 2379/2668/2687 2380/2669/2688 2378/2667/2686
f 2381/2670/2689 2382/2671/2690 2380/2669/2691
f 2382/2672/2690 2092/2338/2366 2094/2340/2368
f 2041/2287/2320 2379/2668/2687 2039/2285/2318
f 2327/2598/2617 2381/2670/2692 2379/2668/2687
f 2329/2600/2622 2383/2673/2693 2381/2670/2689
f 2383/2674/2693 2054/2300/2330 2092/2338/2366
f 2274/2532/2550 2384/2675/2694 2272/2530/2548
f 2272/2530/2548 2385/2676/2695 2265/2520/2537
f 2265/2520/2537 2386/2677/2696 2261/2516/2533
f 2261/2516/2533 2159/2678/2427 2212/2514/2475
f 2182/2428/2446 2387/2679/2697 2384/2675/2694
f 2384/2675/2694 2388/2680/2698 2385/2676/2695
f 2385/2676/2695 2389/2681/2699 2386/2677/2696
f 2386/2682/2696 2102/2348/2376 2159/2405/2427
f 2183/2429/2447 2375/2683/2682 2167/2413/2434
f 2390/2684/2700 2376/2665/2701 2375/2664/2682
f 2391/2685/2702 2392/2686/2703 2376/2665/2684
f 2393/2687/2704 2096/2342/2370 2392/2686/2703
f 2274/2532/2550 2390/2688/2700 2183/2429/2447
f 2273/2689/2549 2391/2685/2705 2390/2684/2700
f 2276/2690/2706 2393/2687/2704 2391/2685/2702
f 2270/2525/2542 2104/2350/2378 2393/2687/2704
f 2185/2431/2449 2387/2679/2697 2184/2430/2448
f 2394/2691/2707 2388/2680/2698 2387/2679/2697
f 2395/2692/2708 2389/2681/2699 2388/2680/2698
f 2389/2693/2699 2100/2346/2374 2102/2348/2376
f 2213/2459/2476 2394/2691/2707 2185/2431/2449
f 2378/2667/2686 2395/2692/2709 2394/2691/2707
f 2380/2669/2691 2396/2694/2710 2395/2692/2708
f 2382/2672/2690 2100/2346/2374 2396/2695/2710
f 2181/2427/2445 2397/2696/2711 2109/2355/2381
f 2398/2697/2712 2399/2698/2713 2397/2696/2711
f 2400/2699/2714 2401/2700/2715 2399/2698/2713
f 2402/2701/2716 2225/2472/2488 2401/2700/2715
f 2129/2375/2400 2398/2697/2712 2181/2427/2445
f 2403/2702/2717 2400/2699/2714 2398/2697/2712
f 2404/2703/2718 2402/2701/2716 2400/2699/2714
f 2405/2704/2719 2224/2471/2487 2402/2701/2716
f 2123/2369/2394 2406/2705/2720 2407/2706/2721
f 2407/2706/2721 2408/2707/2722 2409/2708/2723
f 2409/2708/2723 2410/2709/2724 2411/2710/2725
f 2411/2710/2725 2162/2408/2430 2165/2411/2433
f 2122/2368/2393 2412/2711/2726 2406/2705/2720
f 2406/2705/2720 2413/2712/2727 2408/2707/2722
f 2408/2707/2722 2414/2713/2728 2410/2709/2724
f 2410/2709/2724 2163/2409/2431 2162/2408/2430
f 2119/2365/2390 2415/2714/2729 2416/2715/2730
f 2416/2715/2730 2417/2716/2731 2418/2717/2732
f 2418/2717/2732 2419/2718/2733 2420/2719/2734
f 2420/2719/2734 2179/2425/2444 2145/2391/2416
f 2110/2356/2382 2397/2696/2711 2415/2714/2729
f 2415/2714/2729 2399/2698/2713 2417/2716/2731
f 2417/2716/2731 2401/2700/2715 2419/2718/2733
f 2419/2718/2733 2225/2472/2488 2179/2425/2444
f 2124/2370/2395 2421/2720/2735 2164/2410/2432
f 2422/2721/2736 2423/2722/2737 2421/2720/2735
f 2424/2723/2738 2425/2724/2739 2423/2722/2737
f 2426/2725/2740 2217/2463/2480 2425/2724/2739
f 2123/2369/2394 2422/2721/2736 2124/2370/2395
f 2407/2706/2721 2424/2723/2738 2422/2721/2736
f 2409/2708/2723 2426/2725/2740 2424/2723/2738
f 2411/2710/2725 2200/2446/2463 2426/2725/2740
f 2115/2361/2386 2427/2726/2741 2194/2440/2458
f 2428/2727/2742 2429/2728/2743 2427/2726/2741
f 2430/2729/2744 2431/2730/2745 2429/2728/2743
f 2432/2731/2746 2116/2362/2387 2431/2730/2745
f 2164/2410/2432 2428/2727/2742 2115/2361/2386
f 2421/2720/2735 2430/2729/2744 2428/2727/2742
f 2423/2722/2737 2432/2731/2746 2430/2729/2744
f 2425/2724/2739 2132/2378/2403 2432/2731/2746
f 2130/2376/2401 2403/2702/2717 2129/2375/2400
f 2433/2732/2747 2404/2703/2718 2403/2702/2717
f 2434/2733/2748 2405/2704/2719 2404/2703/2718
f 2435/2734/2749 2223/2470/2486 2405/2704/2719
f 2135/2381/2406 2433/2732/2747 2130/2376/2401
f 2436/2735/2750 2434/2733/2748 2433/2732/2747
f 2437/2736/2751 2435/2734/2749 2434/2733/2748
f 2438/2737/2752 2112/2358/2384 2435/2734/2749
f 2136/2382/2407 2436/2735/2750 2135/2381/2406
f 2439/2738/2753 2437/2736/2751 2436/2735/2750
f 2440/2739/2754 2438/2737/2752 2437/2736/2751
f 2441/2740/2755 2177/2423/2442 2438/2737/2752
f 2140/2386/2411 2439/2738/2753 2136/2382/2407
f 2442/2741/2756 2440/2739/2754 2439/2738/2753
f 2443/2742/2757 2441/2740/2755 2440/2739/2754
f 2444/2743/2758 2218/2464/2481 2441/2740/2755
f 2131/2377/2402 2445/2744/2759 2222/2468/2485
f 2446/2745/2760 2447/2746/2761 2445/2744/2759
f 2448/2747/2762 2449/2748/2763 2447/2746/2761
f 2450/2749/2764 2139/2385/2410 2449/2748/2763
f 2194/2440/2458 2446/2745/2760 2131/2377/2402
f 2427/2726/2741 2448/2747/2762 2446/2745/2760
f 2429/2728/2743 2450/2749/2764 2448/2747/2762
f 2431/2730/2745 2118/2364/2389 2450/2749/2764
f 2176/2422/2441 2451/2750/2765 2142/2469/2413
f 2451/2750/2765 2452/2751/2766 2453/2752/2767
f 2453/2752/2767 2454/2753/2768 2455/2754/2769
f 2455/2754/2769 2208/2755/2471 2210/2756/2473
f 2176/2422/2441 2278/2537/2555 2456/2757/2770
f 2456/2757/2770 2282/2541/2559 2452/2751/2766
f 2452/2751/2766 2287/2549/2567 2454/2753/2768
f 2454/2753/2768 2209/2551/2472 2208/2755/2471
f 2143/2389/2414 2442/2741/2756 2140/2386/2411
f 2457/2758/2771 2443/2742/2757 2442/2741/2756
f 2458/2759/2772 2444/2743/2758 2443/2742/2757
f 2459/2760/2773 2215/2461/2478 2444/2743/2758
f 2142/2388/2413 2457/2758/2771 2143/2389/2414
f 2451/2761/2765 2458/2759/2772 2457/2758/2771
f 2453/2762/2767 2459/2760/2773 2458/2759/2772
f 2455/2763/2769 2195/2441/2459 2459/2760/2773
f 2137/2383/2408 2285/2545/2563 2144/2390/2415
f 2460/2764/2774 2290/2765/2570 2285/2545/2563
f 2461/2766/2775 2288/2767/2568 2290/2765/2570
f 2462/2768/2776 2209/2455/2472 2288/2767/2568
f 2222/2468/2485 2460/2764/2774 2137/2383/2408
f 2445/2744/2759 2461/2766/2775 2460/2764/2774
f 2447/2746/2761 2462/2768/2776 2461/2766/2775
f 2449/2748/2763 2207/2453/2470 2462/2768/2776
f 2126/2372/2397 2463/2769/2777 2412/2711/2726
f 2412/2711/2726 2464/2770/2778 2413/2712/2727
f 2413/2712/2727 2465/2771/2779 2414/2713/2728
f 2414/2713/2728 2202/2448/2465 2163/2409/2431
f 2148/2394/2417 2466/2772/2780 2463/2769/2777
f 2463/2769/2777 2467/2773/2781 2464/2770/2778
f 2464/2770/2778 2468/2774/2782 2465/2771/2779
f 2465/2771/2779 2169/2415/2436 2202/2448/2465
f 2150/2396/2419 2469/2775/2783 2470/2776/2784
f 2470/2776/2784 2471/2777/2785 2472/2778/2786
f 2472/2778/2786 2473/2779/2787 2474/2780/2788
f 2474/2780/2788 2154/2400/2422 2153/2399/2421
f 2120/2366/2391 2416/2715/2730 2469/2775/2783
f 2469/2775/2783 2418/2717/2732 2471/2777/2785
f 2471/2777/2785 2420/2719/2734 2473/2779/2787
f 2473/2779/2787 2145/2391/2416 2154/2400/2422
f 2161/2407/2429 2293/2557/2574 2214/2460/2477
f 2475/2781/2789 2302/2566/2584 2293/2557/2574
f 2476/2782/2790 2298/2562/2580 2302/2566/2584
f 2477/2783/2791 2299/2563/2581 2298/2562/2580
f 2157/2403/2425 2475/2781/2789 2161/2407/2429
f 2478/2784/2792 2476/2782/2790 2475/2781/2789
f 2479/2785/2793 2477/2783/2791 2476/2782/2790
f 2480/2786/2794 2189/2435/2453 2477/2783/2791
f 2149/2395/2418 2481/2787/2795 2466/2772/2780
f 2466/2772/2780 2482/2788/2796 2467/2773/2781
f 2467/2773/2781 2483/2789/2797 2468/2774/2782
f 2468/2774/2782 2188/2434/2452 2169/2415/2436
f 2155/2401/2423 2305/2569/2588 2481/2787/2795
f 2481/2787/2795 2300/2564/2582 2482/2788/2796
f 2482/2788/2796 2297/2561/2579 2483/2789/2797
f 2483/2789/2797 2299/2563/2581 2188/2434/2452
f 2157/2403/2425 2484/2790/2798 2478/2784/2792
f 2478/2784/2792 2485/2791/2799 2479/2785/2793
f 2479/2785/2793 2486/2792/2800 2480/2786/2794
f 2480/2786/2794 2187/2433/2451 2186/2432/2450
f 2151/2397/2420 2470/2776/2784 2484/2790/2798
f 2484/2790/2798 2472/2778/2786 2485/2791/2799
f 2485/2791/2799 2474/2780/2788 2486/2792/2800
f 2486/2792/2800 2153/2399/2421 2187/2433/2451
f 2156/2402/2424 2487/2793/2801 2292/2794/2589
f 2292/2795/2802 2211/2796/2474 2214/2797/2803
f 2105/2351/2379 2269/2524/2804 2487/2793/2801
f 2487/2793/2805 2269/2524/2805 2262/2528/2805
f 2487/2798/2806 2212/2514/2475 2211/2796/2474
f 2085/2331/2359 2234/2799/2508 2086/2332/2360
f 2234/2481/2807 2488/2800/2807 2230/2477/2807
f 2488/2800/2808 2228/2475/2491 2230/2477/2809
f 2144/2390/2415 2488/2801/2810 2085/2331/2359
f 2279/2802/2556 2173/2419/2438 2488/2800/2808
f 2141/2571/2412 2253/2505/2521 2306/2572/2592
f 2306/2572/2592 2247/2499/2515 2308/2574/2594
f 2308/2574/2594 2245/2497/2513 2309/2575/2595
f 2309/2575/2595 2220/2466/2483 2219/2465/2482
f 2042/2288/2321 2216/2462/2479 2043/2289/2322
f 2054/2300/2330 2042/2288/2321 2044/2290/2323
f 2068/2314/2343 2134/2380/2405 2069/2315/2344
f 2071/2317/2346 2128/2374/2399 2072/2318/2347
f 2078/2324/2353 2088/2334/2362 2079/2325/2354
f 2092/2338/2366 2054/2300/2330 2055/2301/2331
f 2094/2340/2368 2092/2338/2366 2093/2339/2367
f 2100/2346/2374 2094/2340/2368 2095/2341/2369
f 2044/2290/2323 2043/2289/2322 2109/2355/2381
f 2111/2357/2383 2223/2470/2486 2112/2358/2384
f 2114/2360/2385 2164/2410/2432 2115/2361/2386
f 2116/2362/2387 2133/2379/2404 2117/2363/2388
f 2093/2339/2367 2055/2301/2331 2119/2365/2390
f 2121/2367/2392 2125/2371/2396 2122/2368/2393
f 2121/2367/2392 2123/2369/2394 2124/2370/2395
f 2125/2371/2396 2058/2304/2334 2126/2372/2397
f 2127/2373/2398 2181/2427/2445 2109/2355/2381
f 2128/2374/2399 2130/2376/2401 2129/2375/2400
f 2069/2315/2344 2135/2381/2406 2130/2376/2401
f 2132/2378/2403 2113/2359/2383 2133/2379/2404
f 2134/2380/2405 2136/2382/2407 2135/2381/2406
f 2079/2325/2354 2140/2386/2411 2136/2382/2407
f 2118/2364/2389 2117/2363/2388 2138/2384/2409
f 2088/2334/2362 2143/2389/2414 2140/2386/2411
f 2143/2389/2414 2088/2334/2362 2141/2387/2412
f 2141/2387/2412 2307/2803/2593 2142/2388/2413
f 2145/2391/2416 2179/2425/2444 2146/2392/2383
f 2058/2304/2334 2057/2303/2333 2148/2394/2417
f 2057/2303/2333 2098/2344/2372 2149/2395/2418
f 2152/2398/2383 2171/2417/2383 2153/2399/2421
f 2098/2344/2372 2097/2343/2371 2155/2401/2423
f 2097/2343/2371 2105/2351/2379 2156/2402/2424
f 2158/2404/2426 2056/2302/2332 2058/2304/2334
f 2147/2393/2383 2146/2392/2383 2162/2408/2430
f 2060/2306/2336 2124/2370/2395 2164/2410/2432
f 2146/2392/2383 2180/2426/2383 2165/2411/2433
f 2055/2301/2331 2044/2290/2323 2110/2356/2382
f 2169/2415/2436 2188/2434/2452 2170/2416/2383
f 2070/2316/2345 2069/2315/2344 2128/2374/2399
f 2113/2359/2383 2112/2358/2384 2177/2423/2442
f 2073/2319/2348 2072/2318/2347 2127/2373/2398
f 2179/2425/2444 2225/2472/2488 2180/2426/2383
f 2072/2318/2347 2129/2375/2400 2181/2427/2445
f 2170/2416/2383 2189/2435/2453 2186/2432/2450
f 2188/2434/2452 2299/2563/2581 2189/2435/2453
f 2049/2295/2326 2115/2361/2386 2194/2440/2458
f 2138/2384/2409 2215/2461/2478 2195/2441/2459
f 2199/2445/2383 2200/2446/2463 2165/2411/2433
f 2111/2357/2383 2217/2463/2480 2200/2446/2463
f 2147/2393/2383 2152/2398/2383 2154/2400/2422
f 2202/2448/2465 2169/2415/2436 2171/2417/2383
f 2207/2453/2470 2196/2442/2460 2208/2454/2471
f 2196/2442/2460 2195/2441/2459 2210/2456/2473
f 2160/2406/2428 2161/2407/2429 2214/2460/2477
f 2080/2326/2355 2079/2325/2354 2134/2380/2405
f 2171/2417/2383 2170/2416/2383 2187/2433/2451
f 2117/2363/2388 2218/2464/2481 2215/2461/2478
f 2178/2424/2443 2127/2373/2398 2043/2289/2322
f 2217/2463/2480 2111/2357/2383 2113/2359/2383
f 2133/2379/2404 2177/2423/2442 2218/2464/2481
f 2223/2470/2486 2111/2357/2383 2199/2445/2383
f 2224/2471/2487 2199/2445/2383 2180/2426/2383
f 2139/2385/2410 2138/2384/2409 2196/2442/2460
f 2163/2409/2431 2202/2448/2465 2152/2398/2383
f 2409/2708/2723 2408/2707/2722 2410/2709/2724
f 2406/2705/2720 2412/2711/2726 2413/2712/2727
f 2419/2718/2733 2401/2700/2715 2225/2472/2488
f 2164/2410/2432 2421/2720/2735 2428/2727/2742
f 2135/2381/2406 2436/2735/2750 2433/2732/2747
f 2441/2740/2755 2218/2464/2481 2177/2423/2442
f 2442/2741/2756 2443/2742/2757 2440/2739/2754
f 2412/2711/2726 2463/2769/2777 2464/2770/2778
f 2471/2777/2785 2418/2717/2732 2420/2719/2734
f 2467/2773/2781 2482/2788/2796 2483/2789/2797
f 2483/2789/2797 2297/2561/2579 2299/2563/2581
f 2480/2786/2794 2486/2792/2800 2187/2433/2451
f 2039/2285/2318 2108/2354/2319 2040/2286/2319
f 2045/2291/2319 2099/2345/2373 2046/2292/2324
f 2048/2294/2325 2114/2360/2385 2049/2295/2326
f 2051/2297/2319 2081/2327/2319 2052/2298/2328
f 2056/2302/2332 2201/2447/2464 2057/2303/2333
f 2059/2305/2335 2121/2367/2392 2060/2306/2336
f 2047/2293/2319 2065/2311/2319 2062/2308/2338
f 2064/2310/2340 2197/2443/2461 2051/2297/2319
f 2050/2296/2327 2049/2295/2326 2066/2312/2341
f 2067/2313/2342 2066/2312/2341 2074/2320/2349
f 2075/2321/2350 2074/2320/2349 2076/2322/2351
f 2081/2327/2319 2193/2439/2457 2082/2328/2356
f 2077/2323/2352 2076/2322/2351 2083/2329/2357
f 2084/2330/2358 2083/2329/2357 2085/2331/2359
f 2087/2333/2361 2141/2387/2412 2088/2334/2362
f 2089/2335/2363 2190/2436/2454 2090/2336/2364
f 2096/2342/2370 2104/2350/2378 2097/2343/2371
f 2040/2286/2319 2226/2473/2489 2099/2345/2373
f 2102/2348/2376 2100/2346/2374 2101/2347/2375
f 2104/2350/2378 2267/2522/2539 2105/2351/2379
f 2106/2352/2319 2167/2413/2434 2107/2353/2380
f 2066/2312/2341 2194/2440/2458 2131/2377/2402
f 2076/2322/2351 2222/2468/2485 2137/2383/2408
f 2083/2329/2357 2137/2383/2408 2144/2390/2415
f 2101/2347/2375 2095/2341/2369 2150/2396/2419
f 2103/2349/2377 2101/2347/2375 2151/2397/2420
f 2159/2405/2427 2102/2348/2376 2103/2349/2377
f 2160/2406/2428 2103/2349/2377 2157/2403/2425
f 2046/2292/2324 2064/2310/2340 2065/2311/2319
f 2061/2307/2337 2060/2306/2336 2114/2360/2385
f 2166/2412/2319 2183/2429/2447 2167/2413/2434
f 2041/2287/2320 2040/2286/2319 2045/2291/2319
f 2172/2418/2437 2228/2475/2491 2173/2419/2438
f 2174/2420/2439 2173/2419/2438 2175/2421/2440
f 2059/2305/2335 2158/2404/2426 2125/2371/2396
f 2182/2428/2446 2274/2532/2550 2183/2429/2447
f 2184/2430/2448 2182/2428/2446 2166/2412/2319
f 2190/2436/2454 2203/2449/2466 2191/2437/2455
f 2192/2438/2456 2198/2444/2462 2193/2439/2457
f 2197/2443/2461 2192/2438/2456 2081/2327/2319
f 2198/2444/2462 2221/2467/2484 2089/2335/2363
f 2201/2447/2464 2096/2342/2370 2098/2344/2372
f 2203/2449/2466 2206/2452/2469 2204/2450/2467
f 2205/2451/2468 2238/2485/2501 2206/2452/2469
f 2159/2405/2427 2160/2406/2428 2211/2457/2474
f 2213/2459/2476 2106/2352/2319 2108/2354/2319
f 2095/2341/2369 2093/2339/2367 2120/2366/2391
f 2185/2431/2449 2166/2412/2319 2106/2352/2319
f 2193/2439/2457 2089/2335/2363 2091/2337/2365
f 2172/2418/2437 2174/2420/2439 2219/2465/2482
f 2221/2467/2484 2227/2474/2490 2190/2436/2454
f 2074/2320/2349 2131/2377/2402 2222/2468/2485
f 2142/2469/2413 2307/2573/2593 2219/2465/2482
f 2219/2465/2482 2174/2420/2439 2142/2469/2413
f 2168/2414/2435 2045/2291/2319 2047/2293/2319
f 2065/2311/2319 2051/2297/2319 2053/2299/2329
f 2108/2354/2319 2107/2353/2380 2226/2473/2489
f 2227/2474/2490 2205/2451/2468 2203/2449/2466
f 2228/2475/2491 2231/2478/2494 2229/2476/2492
f 2231/2478/2494 2241/2488/2504 2232/2479/2495
f 2230/2477/2493 2229/2476/2492 2233/2480/2496
f 2229/2476/2492 2232/2479/2495 2235/2482/2498
f 2236/2483/2499 2240/2487/2503 2237/2484/2500
f 2239/2486/2502 2242/2489/2505 2240/2487/2503
f 2240/2487/2503 2232/2479/2495 2241/2488/2504
f 2242/2489/2505 2235/2482/2498 2232/2479/2495
f 2086/2332/2360 2234/2799/2508 2243/2490/2506
f 2244/2491/2507 2243/2490/2506 2242/2494/2510
f 2243/2490/2506 2233/2493/2509 2235/2496/2512
f 2245/2497/2513 2248/2500/2516 2246/2498/2514
f 2247/2499/2515 2250/2509/2518 2248/2500/2516
f 2248/2500/2516 2251/2503/2519 2249/2501/2517
f 2252/2504/2520 2255/2508/2523 2253/2505/2521
f 2254/2507/2522 2256/2510/2524 2255/2508/2523
f 2253/2505/2521 2255/2508/2523 2250/2509/2518
f 2204/2450/2467 2259/2513/2527 2257/2511/2525
f 2259/2513/2527 2249/2501/2517 2251/2503/2528
f 2258/2512/2526 2257/2511/2525 2256/2510/2529
f 2257/2511/2531 2251/2503/2519 2250/2502/2518
f 2212/2514/2475 2262/2804/2534 2260/2515/2532
f 2261/2516/2533 2260/2515/2532 2264/2519/2536
f 2260/2515/2532 2263/2518/2535 2266/2521/2538
f 2267/2522/2539 2270/2525/2542 2268/2523/2540
f 2270/2525/2542 2276/2690/2706 2271/2526/2543
f 2269/2524/2544 2268/2523/2540 2263/2527/2545
f 2268/2523/2540 2271/2526/2543 2266/2529/2547
f 2272/2530/2548 2275/2533/2551 2273/2531/2549
f 2265/2520/2537 2264/2519/2536 2275/2533/2551
f 2275/2533/2551 2271/2535/2553 2276/2534/2552
f 2264/2519/2536 2266/2521/2538 2271/2535/2553
f 2175/2421/2440 2279/2802/2556 2277/2536/2554
f 2278/2537/2555 2277/2536/2554 2281/2540/2558
f 2277/2536/2554 2280/2539/2557 2283/2542/2560
f 2144/2390/2415 2285/2545/2563 2284/2543/2561
f 2285/2545/2563 2290/2765/2570 2286/2546/2564
f 2284/2543/2561 2286/2546/2564 2283/2548/2566
f 2287/2549/2567 2289/2552/2569 2288/2550/2568
f 2282/2541/2559 2281/2540/2571 2289/2552/2569
f 2289/2552/2569 2286/2554/2564 2290/2553/2570
f 2281/2540/2571 2283/2542/2566 2286/2554/2564
f 2214/2460/2477 2293/2557/2574 2291/2555/2572
f 2293/2557/2574 2302/2566/2584 2294/2558/2575
f 2291/2555/2572 2294/2558/2575 2296/2560/2577
f 2297/2561/2579 2301/2565/2583 2298/2562/2580
f 2300/2564/2582 2303/2567/2585 2301/2565/2583
f 2301/2565/2583 2294/2558/2586 2302/2566/2584
f 2303/2567/2585 2296/2560/2591 2294/2558/2586
f 2156/2402/2424 2292/2794/2589 2304/2568/2587
f 2305/2569/2588 2304/2568/2587 2303/2567/2585
f 2304/2568/2587 2295/2559/2590 2296/2560/2591
f 2063/2309/2339 2062/2308/2338 2310/2576/2596
f 2311/2577/2597 2310/2576/2596 2312/2578/2598
f 2313/2579/2600 2312/2578/2605 2314/2580/2601
f 2314/2582/2601 2178/2424/2443 2216/2462/2479
f 2062/2308/2338 2053/2299/2329 2316/2584/2603
f 2310/2576/2596 2316/2584/2603 2317/2585/2604
f 2312/2578/2605 2317/2585/2643 2318/2586/2606
f 2318/2587/2606 2073/2319/2348 2178/2424/2443
f 2099/2345/2373 2320/2594/2608 2319/2588/2607
f 2320/2589/2608 2322/2592/2614 2321/2590/2609
f 2322/2592/2610 2326/2597/2616 2323/2593/2611
f 2323/2593/2611 2326/2597/2616 2158/2404/2426
f 2226/2473/2489 2324/2659/2613 2320/2594/2608
f 2324/2595/2613 2325/2596/2679 2322/2592/2614
f 2325/2596/2615 2374/2662/2681 2326/2597/2616
f 2326/2597/2616 2374/2662/2681 2056/2302/2332
f 2168/2414/2435 2328/2599/2618 2327/2598/2617
f 2328/2599/2618 2330/2601/2623 2329/2600/2619
f 2330/2601/2620 2332/2604/2624 2331/2602/2621
f 2331/2603/2621 2332/2605/2624 2042/2288/2321
f 2063/2309/2339 2311/2577/2597 2328/2599/2618
f 2311/2577/2597 2313/2579/2599 2330/2601/2623
f 2313/2579/2600 2315/2581/2602 2332/2604/2624
f 2332/2605/2624 2315/2583/2602 2216/2462/2479
f 2197/2443/2461 2064/2310/2340 2333/2606/2625
f 2334/2608/2626 2333/2613/2625 2335/2609/2627
f 2336/2610/2629 2335/2609/2632 2337/2611/2630
f 2337/2611/2630 2061/2307/2337 2048/2294/2325
f 2064/2310/2340 2046/2292/2324 2319/2588/2607
f 2333/2613/2625 2319/2591/2607 2321/2590/2609
f 2335/2609/2632 2321/2590/2612 2323/2593/2611
f 2323/2593/2611 2059/2305/2335 2061/2307/2337
f 2198/2444/2462 2192/2438/2456 2339/2614/2633
f 2340/2615/2634 2339/2614/2633 2341/2616/2635
f 2342/2618/2637 2341/2622/2640 2343/2619/2638
f 2343/2619/2638 2050/2296/2327 2067/2313/2342
f 2192/2438/2456 2197/2443/2461 2334/2607/2626
f 2339/2621/2633 2334/2608/2626 2336/2610/2628
f 2341/2622/2640 2336/2610/2629 2338/2612/2631
f 2338/2612/2631 2048/2294/2325 2050/2296/2327
f 2053/2299/2329 2052/2298/2328 2345/2623/2641
f 2316/2584/2603 2345/2623/2641 2346/2624/2642
f 2317/2585/2643 2346/2624/2647 2347/2625/2644
f 2347/2626/2644 2071/2317/2346 2073/2319/2348
f 2052/2298/2328 2082/2328/2356 2348/2627/2645
f 2345/2623/2641 2348/2627/2645 2349/2628/2646
f 2346/2624/2647 2349/2628/2651 2350/2629/2648
f 2350/2629/2648 2070/2634/2345 2071/2630/2346
f 2082/2328/2356 2091/2337/2365 2351/2631/2649
f 2348/2627/2645 2351/2631/2649 2352/2632/2650
f 2349/2628/2651 2352/2632/2655 2353/2633/2652
f 2353/2633/2652 2068/2638/2343 2070/2634/2345
f 2091/2337/2365 2090/2336/2364 2354/2635/2653
f 2351/2631/2649 2354/2635/2653 2355/2636/2654
f 2352/2632/2655 2355/2636/2670 2356/2637/2656
f 2356/2637/2656 2080/2654/2355 2068/2638/2343
f 2227/2474/2490 2221/2467/2484 2357/2639/2657
f 2358/2640/2658 2357/2639/2657 2359/2641/2659
f 2360/2643/2661 2359/2646/2664 2361/2644/2662
f 2361/2644/2662 2075/2321/2350 2077/2323/2352
f 2221/2467/2484 2198/2444/2462 2340/2615/2634
f 2357/2639/2657 2340/2615/2634 2342/2617/2636
f 2359/2646/2664 2342/2618/2637 2344/2620/2639
f 2344/2620/2639 2067/2313/2342 2075/2321/2350
f 2206/2452/2469 2363/2647/2665 2259/2513/2527
f 2363/2647/2665 2364/2648/2666 2249/2501/2517
f 2364/2648/2666 2365/2649/2667 2246/2498/2514
f 2365/2649/2667 2172/2418/2437 2220/2466/2483
f 2238/2485/2501 2237/2484/2500 2363/2647/2665
f 2237/2484/2500 2241/2488/2504 2364/2648/2666
f 2241/2488/2504 2231/2478/2494 2365/2649/2667
f 2231/2478/2494 2228/2475/2491 2172/2418/2437
f 2090/2336/2364 2191/2437/2455 2366/2650/2668
f 2354/2635/2653 2366/2650/2672 2367/2651/2669
f 2355/2636/2670 2367/2651/2673 2368/2652/2671
f 2356/2637/2656 2368/2652/2671 2078/2653/2353
f 2191/2437/2455 2204/2450/2467 2258/2512/2526
f 2366/2650/2672 2258/2512/2526 2254/2507/2530
f 2367/2651/2673 2254/2507/2522 2252/2504/2520
f 2368/2652/2671 2252/2504/2520 2087/2506/2361
f 2238/2485/2501 2205/2451/2468 2369/2655/2674
f 2236/2483/2499 2369/2655/2674 2370/2656/2675
f 2239/2495/2511 2370/2658/2677 2371/2657/2676
f 2244/2491/2507 2371/2657/2676 2084/2330/2358
f 2205/2451/2468 2227/2474/2490 2358/2640/2658
f 2369/2655/2674 2358/2640/2658 2360/2642/2660
f 2370/2658/2677 2360/2643/2661 2362/2645/2663
f 2371/2657/2676 2362/2645/2663 2077/2323/2352
f 2107/2353/2380 2372/2663/2678 2324/2659/2613
f 2372/2660/2678 2373/2661/2683 2325/2596/2679
f 2373/2661/2680 2377/2666/2685 2374/2662/2681
f 2374/2662/2681 2377/2666/2685 2201/2447/2464
f 2167/2413/2434 2375/2683/2682 2372/2663/2678
f 2375/2664/2682 2376/2665/2701 2373/2661/2683
f 2376/2665/2684 2392/2686/2703 2377/2666/2685
f 2377/2666/2685 2392/2686/2703 2096/2342/2370
f 2039/2285/2318 2379/2668/2687 2378/2667/2686
f 2379/2668/2687 2381/2670/2692 2380/2669/2688
f 2381/2670/2689 2383/2673/2693 2382/2671/2690
f 2382/2672/2690 2383/2674/2693 2092/2338/2366
f 2041/2287/2320 2327/2598/2617 2379/2668/2687
f 2327/2598/2617 2329/2600/2619 2381/2670/2692
f 2329/2600/2622 2331/2602/2621 2383/2673/2693
f 2383/2674/2693 2331/2603/2621 2054/2300/2330
f 2274/2532/2550 2182/2428/2446 2384/2675/2694
f 2272/2530/2548 2384/2675/2694 2385/2676/2695
f 2265/2520/2537 2385/2676/2695 2386/2677/2696
f 2261/2516/2533 2386/2677/2696 2159/2678/2427
f 2182/2428/2446 2184/2430/2448 2387/2679/2697
f 2384/2675/2694 2387/2679/2697 2388/2680/2698
f 2385/2676/2695 2388/2680/2698 2389/2681/2699
f 2386/2682/2696 2389/2693/2699 2102/2348/2376
f 2183/2429/2447 2390/2688/2700 2375/2683/2682
f 2390/2684/2700 2391/2685/2705 2376/2665/2701
f 2391/2685/2702 2393/2687/2704 2392/2686/2703
f 2393/2687/2704 2104/2350/2378 2096/2342/2370
f 2274/2532/2550 2273/2531/2549 2390/2688/2700
f 2273/2689/2549 2276/2690/2552 2391/2685/2705
f 2276/2690/2706 2270/2525/2542 2393/2687/2704
f 2270/2525/2542 2267/2522/2539 2104/2350/2378
f 2185/2431/2449 2394/2691/2707 2387/2679/2697
f 2394/2691/2707 2395/2692/2709 2388/2680/2698
f 2395/2692/2708 2396/2694/2710 2389/2681/2699
f 2389/2693/2699 2396/2695/2710 2100/2346/2374
f 2213/2459/2476 2378/2667/2686 2394/2691/2707
f 2378/2667/2686 2380/2669/2688 2395/2692/2709
f 2380/2669/2691 2382/2671/2690 2396/2694/2710
f 2382/2672/2690 2094/2340/2368 2100/2346/2374
f 2181/2427/2445 2398/2697/2712 2397/2696/2711
f 2398/2697/2712 2400/2699/2714 2399/2698/2713
f 2400/2699/2714 2402/2701/2716 2401/2700/2715
f 2402/2701/2716 2224/2471/2487 2225/2472/2488
f 2129/2375/2400 2403/2702/2717 2398/2697/2712
f 2403/2702/2717 2404/2703/2718 2400/2699/2714
f 2404/2703/2718 2405/2704/2719 2402/2701/2716
f 2405/2704/2719 2223/2470/2486 2224/2471/2487
f 2123/2369/2394 2122/2368/2393 2406/2705/2720
f 2407/2706/2721 2406/2705/2720 2408/2707/2722
f 2411/2710/2725 2410/2709/2724 2162/2408/2430
f 2122/2368/2393 2126/2372/2397 2412/2711/2726
f 2408/2707/2722 2413/2712/2727 2414/2713/2728
f 2410/2709/2724 2414/2713/2728 2163/2409/2431
f 2119/2365/2390 2110/2356/2382 2415/2714/2729
f 2416/2715/2730 2415/2714/2729 2417/2716/2731
f 2418/2717/2732 2417/2716/2731 2419/2718/2733
f 2420/2719/2734 2419/2718/2733 2179/2425/2444
f 2110/2356/2382 2109/2355/2381 2397/2696/2711
f 2415/2714/2729 2397/2696/2711 2399/2698/2713
f 2417/2716/2731 2399/2698/2713 2401/2700/2715
f 2124/2370/2395 2422/2721/2736 2421/2720/2735
f 2422/2721/2736 2424/2723/2738 2423/2722/2737
f 2424/2723/2738 2426/2725/2740 2425/2724/2739
f 2426/2725/2740 2200/2446/2463 2217/2463/2480
f 2123/2369/2394 2407/2706/2721 2422/2721/2736
f 2407/2706/2721 2409/2708/2723 2424/2723/2738
f 2409/2708/2723 2411/2710/2725 2426/2725/2740
f 2411/2710/2725 2165/2411/2433 2200/2446/2463
f 2115/2361/2386 2428/2727/2742 2427/2726/2741
f 2428/2727/2742 2430/2729/2744 2429/2728/2743
f 2430/2729/2744 2432/2731/2746 2431/2730/2745
f 2432/2731/2746 2132/2378/2403 2116/2362/2387
f 2421/2720/2735 2423/2722/2737 2430/2729/2744
f 2423/2722/2737 2425/2724/2739 2432/2731/2746
f 2425/2724/2739 2217/2463/2480 2132/2378/2403
f 2130/2376/2401 2433/2732/2747 2403/2702/2717
f 2433/2732/2747 2434/2733/2748 2404/2703/2718
f 2434/2733/2748 2435/2734/2749 2405/2704/2719
f 2435/2734/2749 2112/2358/2384 2223/2470/2486
f 2436/2735/2750 2437/2736/2751 2434/2733/2748
f 2437/2736/2751 2438/2737/2752 2435/2734/2749
f 2438/2737/2752 2177/2423/2442 2112/2358/2384
f 2136/2382/2407 2439/2738/2753 2436/2735/2750
f 2439/2738/2753 2440/2739/2754 2437/2736/2751
f 2440/2739/2754 2441/2740/2755 2438/2737/2752
f 2140/2386/2411 2442/2741/2756 2439/2738/2753
f 2443/2742/2757 2444/2743/2758 2441/2740/2755
f 2444/2743/2758 2215/2461/2478 2218/2464/2481
f 2131/2377/2402 2446/2745/2760 2445/2744/2759
f 2446/2745/2760 2448/2747/2762 2447/2746/2761
f 2448/2747/2762 2450/2749/2764 2449/2748/2763
f 2450/2749/2764 2118/2364/2389 2139/2385/2410
f 2194/2440/2458 2427/2726/2741 2446/2745/2760
f 2427/2726/2741 2429/2728/2743 2448/2747/2762
f 2429/2728/2743 2431/2730/2745 2450/2749/2764
f 2431/2730/2745 2116/2362/2387 2118/2364/2389
f 2176/2422/2441 2456/2757/2770 2451/2750/2765
f 2451/2750/2765 2456/2757/2770 2452/2751/2766
f 2453/2752/2767 2452/2751/2766 2454/2753/2768
f 2455/2754/2769 2454/2753/2768 2208/2755/2471
f 2176/2422/2441 2175/2421/2440 2278/2537/2555
f 2456/2757/2770 2278/2537/2555 2282/2541/2559
f 2452/2751/2766 2282/2541/2559 2287/2549/2567
f 2454/2753/2768 2287/2549/2567 2209/2551/2472
f 2143/2389/2414 2457/2758/2771 2442/2741/2756
f 2457/2758/2771 2458/2759/2772 2443/2742/2757
f 2458/2759/2772 2459/2760/2773 2444/2743/2758
f 2459/2760/2773 2195/2441/2459 2215/2461/2478
f 2142/2388/2413 2451/2761/2765 2457/2758/2771
f 2451/2761/2765 2453/2762/2767 2458/2759/2772
f 2453/2762/2767 2455/2763/2769 2459/2760/2773
f 2455/2763/2769 2210/2456/2473 2195/2441/2459
f 2137/2383/2408 2460/2764/2774 2285/2545/2563
f 2460/2764/2774 2461/2766/2775 2290/2765/2570
f 2461/2766/2775 2462/2768/2776 2288/2767/2568
f 2462/2768/2776 2207/2453/2470 2209/2455/2472
f 2222/2468/2485 2445/2744/2759 2460/2764/2774
f 2445/2744/2759 2447/2746/2761 2461/2766/2775
f 2447/2746/2761 2449/2748/2763 2462/2768/2776
f 2449/2748/2763 2139/2385/2410 2207/2453/2470
f 2126/2372/2397 2148/2394/2417 2463/2769/2777
f 2413/2712/2727 2464/2770/2778 2465/2771/2779
f 2414/2713/2728 2465/2771/2779 2202/2448/2465
f 2148/2394/2417 2149/2395/2418 2466/2772/2780
f 2463/2769/2777 2466/2772/2780 2467/2773/2781
f 2464/2770/2778 2467/2773/2781 2468/2774/2782
f 2465/2771/2779 2468/2774/2782 2169/2415/2436
f 2150/2396/2419 2120/2366/2391 2469/2775/2783
f 2470/2776/2784 2469/2775/2783 2471/2777/2785
f 2472/2778/2786 2471/2777/2785 2473/2779/2787
f 2474/2780/2788 2473/2779/2787 2154/2400/2422
f 2120/2366/2391 2119/2365/2390 2416/2715/2730
f 2469/2775/2783 2416/2715/2730 2418/2717/2732
f 2473/2779/2787 2420/2719/2734 2145/2391/2416
f 2161/2407/2429 2475/2781/2789 2293/2557/2574
f 2475/2781/2789 2476/2782/2790 2302/2566/2584
f 2476/2782/2790 2477/2783/2791 2298/2562/2580
f 2477/2783/2791 2189/2435/2453 2299/2563/2581
f 2157/2403/2425 2478/2784/2792 2475/2781/2789
f 2478/2784/2792 2479/2785/2793 2476/2782/2790
f 2479/2785/2793 2480/2786/2794 2477/2783/2791
f 2480/2786/2794 2186/2432/2450 2189/2435/2453
f 2149/2395/2418 2155/2401/2423 2481/2787/2795
f 2466/2772/2780 2481/2787/2795 2482/2788/2796
f 2468/2774/2782 2483/2789/2797 2188/2434/2452
f 2155/2401/2423 2156/2402/2424 2305/2569/2588
f 2481/2787/2795 2305/2569/2588 2300/2564/2582
f 2482/2788/2796 2300/2564/2582 2297/2561/2579
f 2157/2403/2425 2151/2397/2420 2484/2790/2798
f 2478/2784/2792 2484/2790/2798 2485/2791/2799
f 2479/2785/2793 2485/2791/2799 2486/2792/2800
f 2151/2397/2420 2150/2396/2419 2470/2776/2784
f 2484/2790/2798 2470/2776/2784 2472/2778/2786
f 2485/2791/2799 2472/2778/2786 2474/2780/2788
f 2486/2792/2800 2474/2780/2788 2153/2399/2421
f 2156/2402/2424 2105/2351/2379 2487/2793/2801
f 2292/2795/2802 2487/2798/2806 2211/2796/2474
f 2105/2351/2379 2267/2522/2539 2269/2524/2804
f 2487/2798/2806 2262/2804/2811 2212/2514/2475
f 2085/2331/2359 2488/2801/2810 2234/2799/2508
f 2488/2800/2808 2173/2419/2438 2228/2475/2491
f 2144/2390/2415 2279/2544/2562 2488/2801/2810
f 2279/2802/2556 2175/2421/2440 2173/2419/2438
f 2141/2571/2412 2087/2506/2361 2253/2505/2521
f 2306/2572/2592 2253/2505/2521 2247/2499/2515
f 2308/2574/2594 2247/2499/2515 2245/2497/2513
f 2309/2575/2595 2245/2497/2513 2220/2466/2483
usemtl Holocron_Main.001
f 1/1/1 2/2/2 3/3/3
f 4/4/4 5/5/5 6/6/6
f 7/7/7 8/8/8 9/9/9
f 7/7/7 10/10/10 11/11/11
f 12/12/12 1/1/1 13/13/13
f 14/14/14 15/15/15 4/4/4
f 8/8/8 16/16/16 9/9/9
f 5/5/5 17/17/17 18/18/18
f 10/10/10 16/16/16 19/19/19
f 20/20/20 1/1/1 21/21/21
f 1/1/1 22/22/22 21/21/21
f 15/15/15 23/23/23 17/17/17
f 20/20/20 24/24/24 25/25/25
f 26/26/26 27/27/27 24/24/24
f 25/25/25 28/28/28 29/29/29
f 24/24/24 30/30/30 28/28/28
f 31/31/31 32/32/32 33/33/33
f 34/34/34 35/35/35 32/32/32
f 33/33/33 27/27/36 36/36/37
f 32/32/32 30/30/30 27/27/36
f 37/37/38 38/38/39 39/39/40
f 29/29/29 40/40/41 37/37/38
f 40/40/41 41/41/42 38/38/39
f 28/28/28 35/35/35 40/40/41
f 14/14/14 42/42/43 43/43/44
f 44/44/45 45/45/46 42/42/43
f 43/43/44 46/46/47 47/47/48
f 42/42/43 48/48/49 46/46/47
f 49/49/50 50/50/51 51/51/52
f 52/52/53 53/53/54 49/49/50
f 53/53/54 54/54/55 50/50/51
f 55/55/56 45/45/46 53/53/54
f 11/11/11 56/56/57 57/57/58
f 58/58/59 46/46/60 56/56/57
f 57/57/58 55/55/56 52/52/53
f 56/56/57 48/48/49 55/55/56
f 12/12/12 59/59/61 60/60/62
f 61/61/63 62/62/64 59/59/61
f 60/60/62 63/63/65 64/64/66
f 59/59/61 65/65/67 63/63/65
f 66/66/68 67/67/69 68/68/70
f 69/69/71 70/70/72 66/66/68
f 70/70/72 71/71/73 67/67/69
f 72/72/74 62/62/64 70/70/72
f 6/6/6 73/73/75 74/74/76
f 75/75/77 63/63/78 73/73/75
f 74/74/76 72/72/74 69/69/71
f 73/73/75 65/65/67 72/72/74
f 2/2/2 76/76/79 77/77/80
f 78/78/81 79/79/82 76/76/79
f 77/77/80 80/80/83 81/81/84
f 76/76/79 82/82/85 80/80/83
f 18/18/18 83/83/86 84/84/87
f 85/85/88 86/86/89 83/83/86
f 84/84/87 79/79/82 87/87/90
f 83/83/86 82/82/85 79/79/82
f 88/88/91 89/89/92 90/90/93
f 81/81/84 91/91/94 88/88/91
f 91/91/94 92/92/95 89/89/92
f 80/80/83 86/86/89 91/91/94
f 22/22/22 93/93/96 94/94/97
f 95/95/98 96/96/99 93/93/96
f 94/94/97 97/97/100 98/98/101
f 93/93/96 99/99/102 97/97/100
f 100/100/103 101/101/104 102/102/105
f 103/103/106 104/104/107 100/100/103
f 104/104/107 105/105/108 101/101/104
f 106/106/109 96/96/99 104/104/107
f 107/107/110 108/108/111 109/109/112
f 110/110/113 97/97/114 108/108/111
f 109/109/112 106/106/109 103/103/106
f 108/108/111 99/99/102 106/106/109
f 23/23/23 111/111/115 112/112/116
f 113/113/117 114/114/118 111/111/115
f 112/112/116 115/115/119 116/116/120
f 111/111/115 117/117/121 115/115/119
f 19/19/19 118/118/122 119/119/123
f 120/120/124 121/121/125 118/118/122
f 119/119/123 114/114/126 122/122/127
f 118/118/122 117/117/121 114/114/126
f 123/123/128 124/124/129 125/125/130
f 116/116/120 126/126/131 123/123/128
f 126/126/131 127/127/132 124/124/129
f 115/115/119 121/121/125 126/126/131
f 13/13/13 61/61/63 12/12/12
f 128/128/133 71/71/73 61/61/63
f 129/129/134 67/67/69 71/71/73
f 130/130/135 68/68/70 67/67/69
f 13/13/13 25/25/25 128/128/133
f 128/128/133 29/29/29 129/129/134
f 129/129/134 37/37/38 130/130/135
f 130/130/135 39/39/40 131/131/136
f 4/4/4 44/44/45 14/14/14
f 132/132/137 54/54/55 44/44/45
f 133/133/138 50/50/51 54/54/55
f 134/134/139 51/51/52 50/50/51
f 4/4/4 74/74/76 132/132/137
f 132/132/137 69/69/71 133/133/138
f 133/133/138 66/66/68 134/134/139
f 134/134/139 68/68/70 135/135/140
f 51/51/52 136/136/141 49/49/50
f 49/49/50 137/137/142 52/52/53
f 52/52/53 138/138/143 57/57/58
f 57/57/58 7/7/7 11/11/11
f 39/39/40 136/136/141 139/139/144
f 38/38/39 137/137/142 136/136/141
f 41/41/42 138/138/143 137/137/142
f 34/34/34 7/7/7 138/138/143
f 90/90/93 140/140/145 88/88/91
f 88/88/91 141/141/146 81/81/84
f 81/81/84 142/142/147 77/77/80
f 77/77/80 3/3/3 2/2/2
f 102/102/105 140/140/145 143/143/148
f 101/101/104 141/141/146 140/140/145
f 105/105/108 142/142/147 141/141/146
f 95/95/98 3/3/3 142/142/147
f 125/125/130 144/144/149 123/123/128
f 123/123/128 145/145/150 116/116/120
f 116/116/120 146/146/151 112/112/116
f 112/112/116 17/17/17 23/23/23
f 90/90/93 144/144/149 147/147/152
f 89/89/92 145/145/150 144/144/149
f 92/92/95 146/146/151 145/145/150
f 85/85/88 17/17/17 146/146/151
f 16/16/16 120/120/124 19/19/19
f 148/148/153 127/127/132 120/120/124
f 149/149/154 124/124/129 127/127/132
f 150/150/155 125/125/130 124/124/129
f 16/16/16 109/109/112 148/148/153
f 148/148/153 103/103/106 149/149/154
f 149/149/154 100/100/103 150/150/155
f 150/150/155 102/102/105 151/151/156
f 6/6/6 152/152/157 75/75/77
f 75/75/77 153/153/158 64/64/159
f 153/153/160 60/60/62 64/64/66
f 154/154/161 12/12/12 60/60/62
f 18/18/18 152/152/157 5/5/5
f 84/84/87 153/153/158 152/152/162
f 153/153/160 78/78/81 154/154/163
f 154/154/161 2/2/2 155/155/164
f 107/107/110 156/156/165 110/110/113
f 110/110/113 157/157/166 98/98/167
f 157/157/168 94/94/97 98/98/101
f 158/158/169 22/22/22 94/94/97
f 31/31/31 156/156/165 8/8/8
f 156/156/170 36/36/37 157/157/166
f 36/36/171 158/158/172 157/157/168
f 158/158/169 20/20/20 21/21/21
f 10/10/10 58/58/59 11/11/11
f 58/58/59 159/159/173 47/47/174
f 159/159/175 43/43/44 47/47/48
f 160/160/176 14/14/14 43/43/44
f 19/19/19 161/161/177 10/10/10
f 119/119/123 159/159/173 161/161/178
f 159/159/175 113/113/117 160/160/179
f 160/160/176 23/23/23 162/162/180
f 1/1/1 155/155/164 2/2/2
f 4/4/4 15/15/15 5/5/5
f 7/7/7 31/31/31 8/8/8
f 7/7/7 9/9/9 10/10/10
f 12/12/12 155/155/164 1/1/1
f 14/14/14 162/162/180 15/15/15
f 8/8/8 107/107/110 16/16/16
f 5/5/5 15/15/15 17/17/17
f 10/10/10 9/9/9 16/16/16
f 20/20/20 13/13/13 1/1/1
f 1/1/1 3/3/3 22/22/22
f 15/15/15 162/162/180 23/23/23
f 20/20/20 26/26/26 24/24/24
f 26/26/26 36/36/171 27/27/27
f 25/25/25 24/24/24 28/28/28
f 24/24/24 27/27/27 30/30/30
f 31/31/31 34/34/34 32/32/32
f 34/34/34 41/41/42 35/35/35
f 33/33/33 32/32/32 27/27/36
f 32/32/32 35/35/35 30/30/30
f 37/37/38 40/40/41 38/38/39
f 29/29/29 28/28/28 40/40/41
f 40/40/41 35/35/35 41/41/42
f 28/28/28 30/30/30 35/35/35
f 14/14/14 44/44/45 42/42/43
f 44/44/45 54/54/55 45/45/46
f 43/43/44 42/42/43 46/46/47
f 42/42/43 45/45/46 48/48/49
f 49/49/50 53/53/54 50/50/51
f 52/52/53 55/55/56 53/53/54
f 53/53/54 45/45/46 54/54/55
f 55/55/56 48/48/49 45/45/46
f 11/11/11 58/58/59 56/56/57
f 58/58/59 47/47/174 46/46/60
f 57/57/58 56/56/57 55/55/56
f 56/56/57 46/46/60 48/48/49
f 12/12/12 61/61/63 59/59/61
f 61/61/63 71/71/73 62/62/64
f 60/60/62 59/59/61 63/63/65
f 59/59/61 62/62/64 65/65/67
f 66/66/68 70/70/72 67/67/69
f 69/69/71 72/72/74 70/70/72
f 70/70/72 62/62/64 71/71/73
f 72/72/74 65/65/67 62/62/64
f 6/6/6 75/75/77 73/73/75
f 75/75/77 64/64/159 63/63/78
f 74/74/76 73/73/75 72/72/74
f 73/73/75 63/63/78 65/65/67
f 2/2/2 78/78/81 76/76/79
f 78/78/81 87/87/181 79/79/82
f 77/77/80 76/76/79 80/80/83
f 76/76/79 79/79/82 82/82/85
f 18/18/18 85/85/88 83/83/86
f 85/85/88 92/92/95 86/86/89
f 84/84/87 83/83/86 79/79/82
f 83/83/86 86/86/89 82/82/85
f 88/88/91 91/91/94 89/89/92
f 81/81/84 80/80/83 91/91/94
f 91/91/94 86/86/89 92/92/95
f 80/80/83 82/82/85 86/86/89
f 22/22/22 95/95/98 93/93/96
f 95/95/98 105/105/108 96/96/99
f 94/94/97 93/93/96 97/97/100
f 93/93/96 96/96/99 99/99/102
f 100/100/103 104/104/107 101/101/104
f 103/103/106 106/106/109 104/104/107
f 104/104/107 96/96/99 105/105/108
f 106/106/109 99/99/102 96/96/99
f 107/107/110 110/110/113 108/108/111
f 110/110/113 98/98/167 97/97/114
f 109/109/112 108/108/111 106/106/109
f 108/108/111 97/97/114 99/99/102
f 23/23/23 113/113/117 111/111/115
f 113/113/117 122/122/182 114/114/118
f 112/112/116 111/111/115 115/115/119
f 111/111/115 114/114/118 117/117/121
f 19/19/19 120/120/124 118/118/122
f 120/120/124 127/127/132 121/121/125
f 119/119/123 118/118/122 114/114/126
f 118/118/122 121/121/125 117/117/121
f 123/123/128 126/126/131 124/124/129
f 116/116/120 115/115/119 126/126/131
f 126/126/131 121/121/125 127/127/132
f 115/115/119 117/117/121 121/121/125
f 13/13/13 128/128/133 61/61/63
f 128/128/133 129/129/134 71/71/73
f 129/129/134 130/130/135 67/67/69
f 130/130/135 131/131/136 68/68/70
f 13/13/13 20/20/20 25/25/25
f 128/128/133 25/25/25 29/29/29
f 129/129/134 29/29/29 37/37/38
f 130/130/135 37/37/38 39/39/40
f 4/4/4 132/132/137 44/44/45
f 132/132/137 133/133/138 54/54/55
f 133/133/138 134/134/139 50/50/51
f 134/134/139 135/135/140 51/51/52
f 4/4/4 6/6/6 74/74/76
f 132/132/137 74/74/76 69/69/71
f 133/133/138 69/69/71 66/66/68
f 134/134/139 66/66/68 68/68/70
f 51/51/52 139/139/144 136/136/141
f 49/49/50 136/136/141 137/137/142
f 52/52/53 137/137/142 138/138/143
f 57/57/58 138/138/143 7/7/7
f 39/39/40 38/38/39 136/136/141
f 38/38/39 41/41/42 137/137/142
f 41/41/42 34/34/34 138/138/143
f 34/34/34 31/31/31 7/7/7
f 90/90/93 143/143/148 140/140/145
f 88/88/91 140/140/145 141/141/146
f 81/81/84 141/141/146 142/142/147
f 77/77/80 142/142/147 3/3/3
f 102/102/105 101/101/104 140/140/145
f 101/101/104 105/105/108 141/141/146
f 105/105/108 95/95/98 142/142/147
f 95/95/98 22/22/22 3/3/3
f 125/125/130 147/147/152 144/144/149
f 123/123/128 144/144/149 145/145/150
f 116/116/120 145/145/150 146/146/151
f 112/112/116 146/146/151 17/17/17
f 90/90/93 89/89/92 144/144/149
f 89/89/92 92/92/95 145/145/150
f 92/92/95 85/85/88 146/146/151
f 85/85/88 18/18/18 17/17/17
f 16/16/16 148/148/153 120/120/124
f 148/148/153 149/149/154 127/127/132
f 149/149/154 150/150/155 124/124/129
f 150/150/155 151/151/156 125/125/130
f 16/16/16 107/107/110 109/109/112
f 148/148/153 109/109/112 103/103/106
f 149/149/154 103/103/106 100/100/103
f 150/150/155 100/100/103 102/102/105
f 6/6/6 5/5/5 152/152/157
f 75/75/77 152/152/162 153/153/158
f 153/153/160 154/154/163 60/60/62
f 154/154/161 155/155/164 12/12/12
f 18/18/18 84/84/87 152/152/157
f 84/84/87 87/87/90 153/153/158
f 153/153/160 87/87/181 78/78/81
f 154/154/161 78/78/81 2/2/2
f 107/107/110 8/8/8 156/156/165
f 110/110/113 156/156/170 157/157/166
f 157/157/168 158/158/172 94/94/97
f 158/158/169 21/21/21 22/22/22
f 31/31/31 33/33/33 156/156/165
f 156/156/170 33/33/33 36/36/37
f 36/36/171 26/26/26 158/158/172
f 158/158/169 26/26/26 20/20/20
f 10/10/10 161/161/177 58/58/59
f 58/58/59 161/161/178 159/159/173
f 159/159/175 160/160/179 43/43/44
f 160/160/176 162/162/180 14/14/14
f 19/19/19 119/119/123 161/161/177
f 119/119/123 122/122/127 159/159/173
f 159/159/175 122/122/182 113/113/117
f 160/160/176 113/113/117 23/23/23
f 163/163/183 164/164/184 165/165/185
f 166/166/186 167/167/187 168/168/188
f 169/169/189 170/170/190 171/171/191
f 172/172/192 173/173/193 174/174/194
f 175/175/195 176/176/196 177/177/197
f 171/171/191 178/178/198 179/179/199
f 180/180/200 181/181/201 182/182/202
f 183/183/203 184/184/204 185/185/205
f 167/167/187 186/186/206 168/168/188
f 187/187/207 188/188/208 189/189/209
f 190/190/210 191/191/211 192/192/212
f 193/193/213 194/194/214 195/195/215
f 196/196/216 197/197/217 198/198/218
f 199/199/219 200/200/220 201/201/221
f 170/170/190 202/202/222 178/178/198
f 198/198/218 203/203/223 184/184/204
f 204/204/224 177/177/197 205/205/225
f 206/206/226 207/207/227 208/208/228
f 209/209/229 210/210/230 211/211/231
f 212/212/232 213/213/233 214/214/234
f 215/215/235 216/216/236 217/217/237
f 218/218/238 219/219/239 220/220/240
f 221/221/241 222/222/242 180/180/200
f 223/223/243 193/193/213 224/224/244
f 225/225/245 190/190/210 175/175/195
f 226/226/246 227/227/247 213/213/233
f 228/228/248 229/229/249 209/209/229
f 175/175/195 192/192/212 230/230/250
f 165/165/185 231/231/251 232/232/252
f 233/233/253 234/234/254 215/215/235
f 235/235/255 224/224/244 236/236/242
f 237/237/256 238/238/257 167/167/187
f 239/239/258 199/199/219 240/240/259
f 241/241/260 172/172/192 242/242/261
f 243/243/262 236/236/242 222/222/242
f 244/244/263 245/245/264 218/218/238
f 201/201/221 191/191/211 246/246/265
f 199/199/219 247/247/266 248/248/267
f 222/222/242 249/249/268 181/181/201
f 250/250/269 251/251/270 229/229/249
f 252/252/271 186/186/206 247/247/266
f 253/253/272 254/254/273 193/193/213
f 224/224/244 195/195/215 255/255/274
f 236/236/242 255/255/274 249/249/268
f 256/256/275 187/187/207 237/237/256
f 257/257/276 258/258/277 206/206/226
f 169/169/189 198/198/218 183/183/203
f 187/187/207 259/259/278 237/237/256
f 260/260/279 261/261/280 254/254/273
f 205/205/225 176/176/196 188/188/208
f 183/183/203 262/262/281 170/170/190
f 254/254/273 263/263/282 194/194/214
f 164/164/184 264/264/283 231/231/251
f 258/258/277 265/265/284 207/207/227
f 266/266/285 267/267/286 258/258/277
f 245/245/264 268/268/287 219/219/239
f 234/234/254 269/269/288 216/216/236
f 270/270/289 271/271/290 234/234/254
f 272/272/291 175/175/195 177/177/197
f 273/273/292 205/205/225 187/187/207
f 274/274/293 275/275/294 172/172/192
f 214/214/234 276/276/295 277/277/296
f 213/213/233 278/278/297 276/276/295
f 279/279/298 280/280/299 245/245/264
f 166/166/186 252/252/271 239/239/258
f 240/240/259 201/201/221 281/281/300
f 229/229/249 282/282/301 210/210/230
f 283/283/302 237/237/256 167/167/187
f 242/242/261 174/174/194 284/284/303
f 281/281/300 246/246/265 285/285/304
f 285/285/304 190/190/210 286/286/305
f 287/287/306 288/288/307 164/164/184
f 289/289/308 290/290/309 163/163/183
f 291/291/310 292/292/311 289/289/308
f 292/292/311 293/293/312 290/290/309
f 292/292/311 294/294/313 295/295/314
f 296/296/315 297/297/316 286/286/305
f 298/298/317 299/299/318 296/296/315
f 299/299/318 291/291/310 297/297/316
f 300/300/319 301/301/320 299/299/318
f 302/302/321 303/303/322 208/208/228
f 293/293/312 304/304/323 302/302/321
f 304/304/323 298/298/317 303/303/324
f 295/295/314 300/300/319 304/304/323
f 305/305/325 306/306/326 307/307/327
f 308/308/328 309/309/329 305/305/330
f 309/309/329 310/310/331 306/306/326
f 311/311/332 312/312/333 309/309/329
f 313/313/334 314/314/335 281/281/300
f 315/315/336 316/316/337 313/313/334
f 316/316/337 308/308/328 314/314/335
f 317/317/338 311/311/332 316/316/337
f 318/318/339 319/319/340 232/232/252
f 310/310/331 320/320/341 318/318/339
f 320/320/341 315/315/336 319/319/340
f 320/320/341 321/321/342 317/317/338
f 322/322/343 323/323/344 324/324/345
f 325/325/346 326/326/347 322/322/343
f 326/326/347 327/327/348 323/323/344
f 326/326/347 328/328/349 329/329/350
f 330/330/351 331/331/352 273/273/292
f 332/332/353 333/333/354 330/330/351
f 333/333/354 325/325/346 331/331/352
f 334/334/355 335/335/356 333/333/354
f 336/336/357 337/337/358 220/220/240
f 327/327/348 338/338/359 336/336/357
f 338/338/359 332/332/353 337/337/358
f 338/338/359 328/328/349 334/334/355
f 339/339/360 340/340/361 211/211/231
f 341/341/362 342/342/363 339/339/360
f 342/342/363 343/343/364 340/340/361
f 342/342/363 344/344/365 345/345/366
f 346/346/367 347/347/368 348/348/369
f 349/349/370 350/350/371 346/346/367
f 350/350/371 341/341/372 347/347/368
f 350/350/371 344/344/373 351/351/374
f 192/192/375 352/352/376 353/353/377
f 354/354/378 345/345/366 352/352/376
f 353/353/377 355/355/379 349/349/370
f 352/352/376 344/344/380 355/355/379
f 179/179/199 356/356/381 357/357/382
f 358/358/383 359/359/384 356/356/381
f 357/357/382 360/360/385 361/361/386
f 356/356/381 362/362/387 360/360/385
f 363/363/388 364/364/389 365/365/390
f 366/366/391 364/364/389 367/367/392
f 364/364/389 368/368/393 365/365/390
f 364/364/389 362/362/394 359/359/395
f 369/369/396 370/370/397 189/189/209
f 361/361/386 371/371/398 369/369/396
f 371/371/398 366/366/391 370/370/397
f 360/360/399 372/372/400 371/371/398
f 373/373/401 374/374/402 221/221/241
f 375/375/403 376/376/404 373/373/401
f 374/374/402 377/377/405 378/378/406
f 376/376/404 379/379/407 377/377/405
f 228/228/248 380/380/408 381/381/409
f 382/382/410 383/383/411 380/380/408
f 381/381/409 384/384/412 375/375/413
f 380/380/408 379/379/414 384/384/412
f 385/385/415 386/386/416 200/200/220
f 378/378/406 387/387/417 385/385/415
f 387/387/417 388/388/418 386/386/416
f 377/377/405 383/383/411 387/387/417
f 389/389/419 390/390/420 244/244/263
f 391/391/421 392/392/422 389/389/419
f 392/392/422 393/393/423 390/390/420
f 392/392/422 394/394/424 395/395/425
f 396/396/426 397/397/427 283/283/302
f 398/398/428 399/399/429 396/396/426
f 399/399/429 391/391/421 397/397/427
f 400/400/430 401/401/431 399/399/429
f 402/402/432 403/403/433 217/217/237
f 393/393/423 404/404/434 402/402/432
f 404/404/434 398/398/428 403/403/433
f 395/395/425 400/400/430 404/404/434
f 405/405/435 406/406/436 241/241/260
f 407/407/437 408/408/438 405/405/435
f 408/408/438 409/409/439 406/406/436
f 410/410/440 411/411/441 408/408/438
f 412/412/442 413/413/443 233/233/253
f 414/414/444 415/415/445 412/412/442
f 415/415/445 407/407/437 413/413/443
f 415/415/445 416/416/446 410/410/440
f 417/417/447 418/418/448 239/239/258
f 409/409/439 419/419/449 417/417/447
f 419/419/449 414/414/444 418/418/448
f 411/411/441 420/420/450 419/419/449
f 421/421/451 422/422/452 212/212/232
f 423/423/453 424/424/454 421/421/451
f 424/424/454 425/425/455 422/422/452
f 424/424/454 426/426/456 427/427/457
f 428/428/458 429/429/459 257/257/276
f 430/430/460 431/431/461 428/428/458
f 431/431/461 423/423/453 429/429/459
f 432/432/462 433/433/463 431/431/461
f 434/434/464 435/435/465 272/272/291
f 425/425/455 436/436/466 434/434/464
f 436/436/466 430/430/460 435/435/465
f 427/427/457 432/432/462 436/436/466
f 437/437/467 438/438/468 277/277/296
f 439/439/469 440/440/470 437/437/467
f 440/440/470 441/441/471 438/438/468
f 442/442/472 443/443/473 440/440/470
f 444/444/474 445/445/475 446/446/476
f 447/447/477 448/448/478 445/445/475
f 446/446/476 442/442/472 439/439/469
f 445/445/475 449/449/479 442/442/472
f 450/450/480 451/451/481 452/452/482
f 441/441/471 453/453/483 450/450/480
f 453/453/483 454/454/484 451/451/481
f 443/443/473 448/448/478 453/453/483
f 455/455/485 456/456/486 278/278/297
f 457/457/487 458/458/488 455/455/485
f 458/458/488 459/459/489 456/456/486
f 460/460/490 461/461/491 458/458/488
f 462/462/492 463/463/493 268/268/287
f 464/464/494 465/465/495 462/462/492
f 465/465/495 457/457/487 463/463/493
f 466/466/496 460/460/490 465/465/495
f 467/467/497 468/468/498 469/469/499
f 470/470/500 461/461/491 468/468/498
f 469/469/499 466/466/496 464/464/494
f 468/468/498 471/471/501 466/466/496
f 472/472/502 473/473/503 284/284/303
f 474/474/504 475/475/505 472/472/502
f 475/475/505 476/476/506 473/473/503
f 477/477/507 478/478/508 475/475/505
f 479/479/509 480/480/510 481/481/511
f 482/482/512 483/483/513 480/480/510
f 481/481/511 477/477/507 474/474/504
f 480/480/510 484/484/514 477/477/507
f 485/485/515 486/486/516 487/487/517
f 476/476/506 488/488/518 485/485/515
f 488/488/518 489/489/519 486/486/516
f 478/478/508 483/483/513 488/488/518
f 490/490/520 491/491/521 173/173/193
f 492/492/522 493/493/523 490/490/520
f 493/493/523 494/494/524 491/491/521
f 495/495/525 496/496/526 493/493/523
f 497/497/527 498/498/528 264/264/283
f 499/499/529 500/500/530 497/497/527
f 500/500/530 492/492/522 498/498/528
f 501/501/531 495/495/525 500/500/530
f 502/502/532 503/503/533 504/504/534
f 505/505/535 496/496/526 503/503/533
f 504/504/534 501/501/531 499/499/529
f 503/503/533 506/506/536 501/501/531
f 507/507/537 508/508/538 509/509/539
f 510/510/540 511/511/541 507/507/537
f 511/511/541 512/512/542 508/508/538
f 513/513/543 514/514/544 511/511/541
f 515/515/545 516/516/546 265/265/284
f 517/517/547 518/518/548 515/515/545
f 518/518/548 510/510/540 516/516/546
f 519/519/549 513/513/543 518/518/548
f 520/520/550 521/521/551 522/522/552
f 523/523/553 514/514/544 521/521/551
f 522/522/552 519/519/549 517/517/547
f 521/521/551 524/524/554 519/519/549
f 525/525/555 526/526/556 527/527/557
f 528/528/558 529/529/559 525/525/555
f 529/529/559 530/530/560 526/526/556
f 531/531/561 532/532/562 529/529/559
f 533/533/563 534/534/564 269/269/288
f 535/535/565 536/536/566 533/533/563
f 536/536/566 528/528/558 534/534/564
f 537/537/567 531/531/561 536/536/566
f 538/538/568 539/539/569 540/540/570
f 541/541/571 532/532/562 539/539/569
f 540/540/570 537/537/567 535/535/565
f 539/539/569 542/542/572 537/537/567
f 171/171/191 543/543/573 169/169/189
f 543/543/573 544/544/574 545/545/575
f 545/545/575 546/546/576 547/547/577
f 547/547/578 188/188/208 176/176/196
f 171/171/191 357/357/382 548/548/579
f 548/548/579 361/361/386 544/544/574
f 544/544/574 369/369/396 546/546/576
f 546/546/580 189/189/209 188/188/208
f 235/235/255 549/549/581 550/550/582
f 550/550/582 551/551/583 552/552/584
f 552/552/584 553/553/585 554/554/586
f 554/554/586 248/248/267 247/247/266
f 243/243/262 374/374/402 549/549/581
f 549/549/581 378/378/406 551/551/583
f 551/551/583 385/385/415 553/553/585
f 553/553/585 200/200/220 248/248/267
f 209/209/229 382/382/410 228/228/248
f 555/555/587 388/388/418 382/382/410
f 556/556/588 386/386/416 388/388/418
f 557/557/589 200/200/220 386/386/416
f 211/211/231 555/555/587 209/209/229
f 340/340/361 556/556/588 555/555/587
f 343/343/364 557/557/590 556/556/588
f 354/354/591 191/191/589 557/557/589
f 211/211/231 558/558/592 339/339/360
f 339/339/360 559/559/593 341/341/362
f 559/559/594 347/347/368 341/341/372
f 560/560/595 348/348/369 347/347/368
f 210/210/230 561/561/596 558/558/592
f 558/558/592 562/562/597 559/559/593
f 562/562/598 560/560/595 559/559/594
f 563/563/599 197/197/217 560/560/595
f 180/180/200 373/373/401 221/221/241
f 564/564/600 375/375/403 373/373/401
f 565/565/601 381/381/409 375/375/413
f 566/566/602 228/228/248 381/381/409
f 180/180/200 567/567/603 564/564/604
f 567/567/605 565/565/606 564/564/600
f 568/568/607 566/566/601 565/565/601
f 569/569/608 250/250/269 566/566/602
f 179/179/199 570/570/609 358/358/383
f 570/570/609 368/368/610 358/358/383
f 571/571/611 365/365/390 368/368/393
f 572/572/612 363/363/388 365/365/390
f 178/178/198 573/573/613 570/570/609
f 570/570/609 574/574/614 571/571/615
f 574/574/616 572/572/612 571/571/611
f 575/575/617 261/261/280 572/572/612
f 272/272/291 576/576/618 434/434/464
f 434/434/464 577/577/619 425/425/455
f 577/577/619 422/422/452 425/425/455
f 578/578/620 212/212/232 422/422/452
f 204/204/224 331/331/352 576/576/618
f 576/576/618 325/325/346 577/577/619
f 577/577/619 322/322/343 578/578/620
f 578/578/620 324/324/345 226/226/246
f 240/240/259 417/417/447 239/239/258
f 579/579/621 409/409/439 417/417/447
f 580/580/622 406/406/436 409/409/439
f 581/581/623 241/241/260 406/406/436
f 240/240/259 314/314/335 579/579/621
f 579/579/621 308/308/624 580/580/622
f 580/580/622 305/305/325 581/581/623
f 581/581/623 307/307/327 274/274/293
f 285/285/304 313/313/334 281/281/300
f 582/582/625 315/315/336 313/313/334
f 583/583/626 319/319/340 315/315/336
f 584/584/627 232/232/252 319/319/340
f 285/285/304 297/297/316 582/582/625
f 582/582/625 291/291/310 583/583/626
f 583/583/626 289/289/308 584/584/627
f 584/584/627 163/163/183 165/165/185
f 363/363/388 585/585/628 367/367/392
f 367/367/392 586/586/629 366/366/391
f 366/366/391 587/587/630 370/370/397
f 587/587/630 189/189/209 370/370/397
f 260/260/279 588/588/631 585/585/628
f 585/585/628 589/589/632 586/586/629
f 586/586/629 590/590/633 587/587/630
f 587/587/630 238/238/257 259/259/278
f 253/253/272 591/591/634 588/588/631
f 588/588/631 592/592/635 589/589/632
f 589/589/632 593/593/636 590/590/633
f 590/590/633 186/186/206 238/238/257
f 223/223/243 550/550/582 591/591/634
f 591/591/634 552/552/584 592/592/635
f 592/592/635 554/554/586 593/593/636
f 593/593/636 247/247/266 186/186/206
f 256/256/275 330/330/351 273/273/292
f 594/594/637 332/332/353 330/330/351
f 595/595/638 337/337/358 332/332/353
f 596/596/639 220/220/240 337/337/358
f 256/256/275 397/397/427 594/594/637
f 594/594/637 391/391/421 595/595/638
f 595/595/638 389/389/419 596/596/639
f 596/596/639 244/244/263 218/218/238
f 166/166/186 396/396/426 283/283/302
f 597/597/640 398/398/428 396/396/426
f 598/598/641 403/403/433 398/398/428
f 599/599/642 217/217/237 403/403/433
f 166/166/186 418/418/448 597/597/640
f 597/597/640 414/414/444 598/598/641
f 598/598/641 412/412/442 599/599/642
f 599/599/642 233/233/253 215/215/235
f 348/348/369 600/600/643 346/346/367
f 346/346/367 601/601/644 349/349/370
f 601/601/644 353/353/377 349/349/370
f 602/602/645 192/192/212 353/353/377
f 169/169/189 600/600/643 196/196/216
f 543/543/573 601/601/644 600/600/643
f 545/545/575 602/602/645 601/601/644
f 547/547/578 230/230/250 602/602/645
f 225/225/245 296/296/315 286/286/305
f 603/603/646 298/298/647 296/296/315
f 604/604/648 303/303/322 298/298/647
f 605/605/649 208/208/228 303/303/322
f 225/225/245 435/435/465 603/603/646
f 603/603/646 430/430/460 604/604/648
f 604/604/648 428/428/458 605/605/649
f 605/605/649 257/257/276 206/206/226
f 277/277/296 606/606/650 437/437/467
f 437/437/467 607/607/651 439/439/469
f 439/439/469 608/608/652 446/446/476
f 446/446/476 609/609/653 444/444/474
f 278/278/297 606/606/650 276/276/295
f 456/456/486 607/607/651 606/606/650
f 459/459/489 608/608/652 607/607/651
f 470/470/500 609/609/653 608/608/652
f 284/284/303 610/610/654 472/472/502
f 472/472/502 611/611/655 474/474/504
f 474/474/504 612/612/656 481/481/511
f 481/481/511 613/613/657 479/479/509
f 173/173/193 610/610/654 174/174/194
f 491/491/521 611/611/655 610/610/654
f 494/494/524 612/612/656 611/611/655
f 505/505/535 613/613/657 612/612/656
f 264/264/283 614/614/658 497/497/527
f 497/497/527 615/615/659 499/499/529
f 499/499/529 616/616/660 504/504/534
f 504/504/534 617/617/661 502/502/532
f 509/509/539 614/614/658 288/288/307
f 508/508/538 615/615/659 614/614/658
f 512/512/542 616/616/660 615/615/659
f 523/523/553 617/617/661 616/616/660
f 268/268/287 618/618/662 462/462/492
f 462/462/492 619/619/663 464/464/494
f 464/464/494 620/620/664 469/469/499
f 469/469/499 621/621/665 467/467/497
f 527/527/557 618/618/662 280/280/299
f 526/526/556 619/619/663 618/618/662
f 530/530/560 620/620/664 619/619/663
f 541/541/571 621/621/665 620/620/664
f 269/269/288 622/622/666 533/533/563
f 533/533/563 623/623/667 535/535/565
f 535/535/565 624/624/668 540/540/570
f 540/540/570 625/625/669 538/538/568
f 487/487/517 622/622/666 271/271/290
f 486/486/516 623/623/667 622/622/666
f 489/489/519 624/624/668 623/623/667
f 482/482/512 625/625/669 624/624/668
f 265/265/284 626/626/670 515/515/545
f 515/515/545 627/627/671 517/517/547
f 517/517/547 628/628/672 522/522/552
f 522/522/552 629/629/673 520/520/550
f 452/452/482 626/626/670 267/267/286
f 451/451/481 627/627/671 626/626/670
f 454/454/484 628/628/672 627/627/671
f 447/447/477 629/629/673 628/628/672
f 242/242/261 405/405/435 241/241/260
f 630/630/674 407/407/437 405/405/435
f 631/631/675 413/413/443 407/407/437
f 632/632/676 233/233/253 413/413/443
f 284/284/303 630/630/674 242/242/261
f 473/473/503 631/631/675 630/630/674
f 476/476/506 632/632/676 631/631/675
f 632/632/676 487/487/517 270/270/289
f 527/527/557 633/633/677 525/525/555
f 525/525/555 634/634/678 528/528/558
f 528/528/558 635/635/679 534/534/564
f 534/534/564 216/216/236 269/269/288
f 279/279/298 390/390/420 633/633/677
f 633/633/677 393/393/423 634/634/678
f 634/634/678 402/402/432 635/635/679
f 635/635/679 217/217/237 216/216/236
f 220/220/240 636/636/680 336/336/357
f 336/336/357 637/637/681 327/327/348
f 327/327/348 638/638/682 323/323/344
f 323/323/344 227/227/247 324/324/345
f 219/219/239 463/463/493 636/636/680
f 636/636/680 457/457/487 637/637/681
f 637/637/681 455/455/485 638/638/682
f 455/455/485 227/227/247 638/638/682
f 452/452/482 639/639/683 450/450/480
f 450/450/480 640/640/684 441/441/471
f 441/441/471 641/641/685 438/438/468
f 641/641/685 277/277/296 438/438/468
f 266/266/285 429/429/459 639/639/683
f 639/639/683 423/423/453 640/640/684
f 640/640/684 421/421/451 641/641/685
f 641/641/685 212/212/232 214/214/234
f 509/509/539 642/642/686 507/507/537
f 507/507/537 643/643/687 510/510/540
f 510/510/540 644/644/688 516/516/546
f 516/516/546 207/207/227 265/265/284
f 287/287/306 290/290/309 642/642/686
f 642/642/686 293/293/312 643/643/687
f 643/643/687 302/302/321 644/644/688
f 644/644/688 208/208/228 207/207/227
f 231/231/251 318/318/339 232/232/252
f 645/645/689 310/310/331 318/318/339
f 646/646/690 306/306/326 310/310/331
f 647/647/691 307/307/327 306/306/326
f 264/264/283 645/645/689 231/231/251
f 498/498/528 646/646/690 645/645/689
f 492/492/522 647/647/691 646/646/690
f 490/490/520 275/275/294 647/647/691
f 163/163/183 287/287/306 164/164/184
f 166/166/186 283/283/302 167/167/187
f 169/169/189 183/183/203 170/170/190
f 172/172/192 275/275/294 173/173/193
f 175/175/195 230/230/250 176/176/196
f 171/171/191 170/170/190 178/178/198
f 180/180/200 222/222/242 181/181/201
f 183/183/203 198/198/218 184/184/204
f 167/167/187 238/238/257 186/186/206
f 187/187/207 205/205/225 188/188/208
f 190/190/210 246/246/265 191/191/211
f 193/193/213 254/254/273 194/194/214
f 196/196/216 348/348/369 197/197/217
f 199/199/219 248/248/267 200/200/220
f 170/170/190 262/262/281 202/202/222
f 198/198/218 197/197/217 203/203/223
f 204/204/224 272/272/291 177/177/197
f 206/206/226 258/258/277 207/207/227
f 209/209/229 229/229/249 210/210/230
f 212/212/232 226/226/246 213/213/233
f 215/215/235 234/234/254 216/216/236
f 218/218/238 245/245/264 219/219/239
f 221/221/241 243/243/262 222/222/242
f 223/223/243 253/253/272 193/193/213
f 225/225/245 286/286/305 190/190/210
f 226/226/246 324/324/345 227/227/247
f 228/228/248 250/250/269 229/229/249
f 175/175/195 190/190/210 192/192/212
f 165/165/185 164/164/184 231/231/251
f 233/233/253 270/270/289 234/234/254
f 235/235/255 223/223/243 224/224/244
f 237/237/256 259/259/278 238/238/257
f 239/239/258 252/252/271 199/199/219
f 241/241/260 274/274/293 172/172/192
f 243/243/262 235/235/255 236/236/242
f 244/244/263 279/279/298 245/245/264
f 201/201/221 200/200/220 191/191/211
f 199/199/219 252/252/271 247/247/266
f 222/222/242 236/236/242 249/249/268
f 250/250/269 648/648/692 251/251/270
f 252/252/271 168/168/188 186/186/206
f 253/253/272 260/260/279 254/254/273
f 224/224/244 193/193/213 195/195/215
f 236/236/242 224/224/244 255/255/274
f 256/256/275 273/273/292 187/187/207
f 257/257/276 266/266/285 258/258/277
f 169/169/189 196/196/216 198/198/218
f 187/187/207 189/189/209 259/259/278
f 260/260/279 363/363/388 261/261/280
f 205/205/225 177/177/197 176/176/196
f 183/183/203 185/185/205 262/262/281
f 254/254/273 261/261/280 263/263/282
f 164/164/184 288/288/307 264/264/283
f 258/258/277 267/267/286 265/265/284
f 266/266/285 452/452/482 267/267/286
f 245/245/264 280/280/299 268/268/287
f 234/234/254 271/271/290 269/269/288
f 270/270/289 487/487/517 271/271/290
f 272/272/291 225/225/245 175/175/195
f 273/273/292 204/204/224 205/205/225
f 274/274/293 307/307/327 275/275/294
f 214/214/234 213/213/233 276/276/295
f 213/213/233 227/227/247 278/278/297
f 279/279/298 527/527/557 280/280/299
f 166/166/186 168/168/188 252/252/271
f 240/240/259 199/199/219 201/201/221
f 229/229/249 251/251/270 282/282/301
f 283/283/302 256/256/275 237/237/256
f 242/242/261 172/172/192 174/174/194
f 281/281/300 201/201/221 246/246/265
f 285/285/304 246/246/265 190/190/210
f 287/287/306 509/509/539 288/288/307
f 289/289/308 292/292/311 290/290/309
f 291/291/310 301/301/320 292/292/311
f 292/292/311 295/295/314 293/293/312
f 292/292/311 301/301/320 294/294/313
f 296/296/315 299/299/318 297/297/316
f 298/298/317 300/300/319 299/299/318
f 299/299/318 301/301/320 291/291/310
f 300/300/319 294/294/313 301/301/320
f 302/302/321 304/304/323 303/303/322
f 293/293/312 295/295/314 304/304/323
f 304/304/323 300/300/319 298/298/317
f 295/295/314 294/294/313 300/300/319
f 305/305/325 309/309/329 306/306/326
f 308/308/328 311/311/332 309/309/329
f 309/309/329 312/312/333 310/310/331
f 311/311/332 321/321/342 312/312/333
f 313/313/334 316/316/337 314/314/335
f 315/315/336 317/317/338 316/316/337
f 316/316/337 311/311/332 308/308/328
f 317/317/338 321/321/342 311/311/332
f 318/318/339 320/320/341 319/319/340
f 310/310/331 312/312/333 320/320/341
f 320/320/341 317/317/338 315/315/336
f 320/320/341 312/312/333 321/321/342
f 322/322/343 326/326/347 323/323/344
f 325/325/346 335/335/356 326/326/347
f 326/326/347 329/329/350 327/327/348
f 326/326/347 335/335/356 328/328/349
f 330/330/351 333/333/354 331/331/352
f 332/332/353 334/334/355 333/333/354
f 333/333/354 335/335/356 325/325/346
f 334/334/355 328/328/349 335/335/356
f 336/336/357 338/338/359 337/337/358
f 327/327/348 329/329/350 338/338/359
f 338/338/359 334/334/355 332/332/353
f 338/338/359 329/329/350 328/328/349
f 339/339/360 342/342/363 340/340/361
f 341/341/362 351/351/693 342/342/363
f 342/342/363 345/345/366 343/343/364
f 342/342/363 351/351/693 344/344/365
f 346/346/367 350/350/371 347/347/368
f 349/349/370 355/355/379 350/350/371
f 350/350/371 351/351/374 341/341/372
f 350/350/371 355/355/379 344/344/373
f 192/192/375 354/354/378 352/352/376
f 354/354/378 343/343/364 345/345/366
f 353/353/377 352/352/376 355/355/379
f 352/352/376 345/345/366 344/344/380
f 179/179/199 358/358/383 356/356/381
f 358/358/383 368/368/610 359/359/384
f 357/357/382 356/356/381 360/360/385
f 356/356/381 359/359/384 362/362/387
f 363/363/388 367/367/392 364/364/389
f 366/366/391 372/372/694 364/364/389
f 364/364/389 359/359/395 368/368/393
f 364/364/389 372/372/694 362/362/394
f 369/369/396 371/371/398 370/370/397
f 361/361/386 360/360/399 371/371/398
f 371/371/398 372/372/400 366/366/391
f 360/360/399 362/362/695 372/372/400
f 373/373/401 376/376/404 374/374/402
f 375/375/403 384/384/696 376/376/404
f 374/374/402 376/376/404 377/377/405
f 376/376/404 384/384/696 379/379/407
f 228/228/248 382/382/410 380/380/408
f 382/382/410 388/388/418 383/383/411
f 381/381/409 380/380/408 384/384/412
f 380/380/408 383/383/411 379/379/414
f 385/385/415 387/387/417 386/386/416
f 378/378/406 377/377/405 387/387/417
f 387/387/417 383/383/411 388/388/418
f 377/377/405 379/379/407 383/383/411
f 389/389/419 392/392/422 390/390/420
f 391/391/421 401/401/431 392/392/422
f 392/392/422 395/395/425 393/393/423
f 392/392/422 401/401/431 394/394/424
f 396/396/426 399/399/429 397/397/427
f 398/398/428 400/400/430 399/399/429
f 399/399/429 401/401/431 391/391/421
f 400/400/430 394/394/424 401/401/431
f 402/402/432 404/404/434 403/403/433
f 393/393/423 395/395/425 404/404/434
f 404/404/434 400/400/430 398/398/428
f 395/395/425 394/394/424 400/400/430
f 405/405/435 408/408/438 406/406/436
f 407/407/437 410/410/440 408/408/438
f 408/408/438 411/411/441 409/409/439
f 410/410/440 416/416/446 411/411/441
f 412/412/442 415/415/445 413/413/443
f 414/414/444 420/420/450 415/415/445
f 415/415/445 410/410/440 407/407/437
f 415/415/445 420/420/450 416/416/446
f 417/417/447 419/419/449 418/418/448
f 409/409/439 411/411/441 419/419/449
f 419/419/449 420/420/450 414/414/444
f 411/411/441 416/416/446 420/420/450
f 421/421/451 424/424/454 422/422/452
f 423/423/453 433/433/463 424/424/454
f 424/424/454 427/427/457 425/425/455
f 424/424/454 433/433/463 426/426/456
f 428/428/458 431/431/461 429/429/459
f 430/430/460 432/432/462 431/431/461
f 431/431/461 433/433/463 423/423/453
f 432/432/462 426/426/456 433/433/463
f 434/434/464 436/436/466 435/435/465
f 425/425/455 427/427/457 436/436/466
f 436/436/466 432/432/462 430/430/460
f 427/427/457 426/426/456 432/432/462
f 437/437/467 440/440/470 438/438/468
f 439/439/469 442/442/472 440/440/470
f 440/440/470 443/443/473 441/441/471
f 442/442/472 449/449/479 443/443/473
f 444/444/474 447/447/477 445/445/475
f 447/447/477 454/454/484 448/448/478
f 446/446/476 445/445/475 442/442/472
f 445/445/475 448/448/478 449/449/479
f 450/450/480 453/453/483 451/451/481
f 441/441/471 443/443/473 453/453/483
f 453/453/483 448/448/478 454/454/484
f 443/443/473 449/449/479 448/448/478
f 455/455/485 458/458/488 456/456/486
f 457/457/487 460/460/490 458/458/488
f 458/458/488 461/461/491 459/459/489
f 460/460/490 471/471/501 461/461/491
f 462/462/492 465/465/495 463/463/493
f 464/464/494 466/466/496 465/465/495
f 465/465/495 460/460/490 457/457/487
f 466/466/496 471/471/501 460/460/490
f 467/467/497 470/470/500 468/468/498
f 470/470/500 459/459/489 461/461/491
f 469/469/499 468/468/498 466/466/496
f 468/468/498 461/461/491 471/471/501
f 472/472/502 475/475/505 473/473/503
f 474/474/504 477/477/507 475/475/505
f 475/475/505 478/478/508 476/476/506
f 477/477/507 484/484/514 478/478/508
f 479/479/509 482/482/512 480/480/510
f 482/482/512 489/489/519 483/483/513
f 481/481/511 480/480/510 477/477/507
f 480/480/510 483/483/513 484/484/514
f 485/485/515 488/488/518 486/486/516
f 476/476/506 478/478/508 488/488/518
f 488/488/518 483/483/513 489/489/519
f 478/478/508 484/484/514 483/483/513
f 490/490/520 493/493/523 491/491/521
f 492/492/522 495/495/525 493/493/523
f 493/493/523 496/496/526 494/494/524
f 495/495/525 506/506/536 496/496/526
f 497/497/527 500/500/530 498/498/528
f 499/499/529 501/501/531 500/500/530
f 500/500/530 495/495/525 492/492/522
f 501/501/531 506/506/536 495/495/525
f 502/502/532 505/505/535 503/503/533
f 505/505/535 494/494/524 496/496/526
f 504/504/534 503/503/533 501/501/531
f 503/503/533 496/496/526 506/506/536
f 507/507/537 511/511/541 508/508/538
f 510/510/540 513/513/543 511/511/541
f 511/511/541 514/514/544 512/512/542
f 513/513/543 524/524/554 514/514/544
f 515/515/545 518/518/548 516/516/546
f 517/517/547 519/519/549 518/518/548
f 518/518/548 513/513/543 510/510/540
f 519/519/549 524/524/554 513/513/543
f 520/520/550 523/523/553 521/521/551
f 523/523/553 512/512/542 514/514/544
f 522/522/552 521/521/551 519/519/549
f 521/521/551 514/514/544 524/524/554
f 525/525/555 529/529/559 526/526/556
f 528/528/558 531/531/561 529/529/559
f 529/529/559 532/532/562 530/530/560
f 531/531/561 542/542/572 532/532/562
f 533/533/563 536/536/566 534/534/564
f 535/535/565 537/537/567 536/536/566
f 536/536/566 531/531/561 528/528/558
f 537/537/567 542/542/572 531/531/561
f 538/538/568 541/541/571 539/539/569
f 541/541/571 530/530/560 532/532/562
f 540/540/570 539/539/569 537/537/567
f 539/539/569 532/532/562 542/542/572
f 171/171/191 548/548/579 543/543/573
f 543/543/573 548/548/579 544/544/574
f 545/545/575 544/544/574 546/546/576
f 547/547/578 546/546/580 188/188/208
f 171/171/191 179/179/199 357/357/382
f 548/548/579 357/357/382 361/361/386
f 544/544/574 361/361/386 369/369/396
f 546/546/580 369/369/396 189/189/209
f 235/235/255 243/243/262 549/549/581
f 550/550/582 549/549/581 551/551/583
f 552/552/584 551/551/583 553/553/585
f 554/554/586 553/553/585 248/248/267
f 243/243/262 221/221/241 374/374/402
f 549/549/581 374/374/402 378/378/406
f 551/551/583 378/378/406 385/385/415
f 553/553/585 385/385/415 200/200/220
f 209/209/229 555/555/587 382/382/410
f 555/555/587 556/556/588 388/388/418
f 556/556/588 557/557/590 386/386/416
f 557/557/589 191/191/589 200/200/220
f 211/211/231 340/340/361 555/555/587
f 340/340/361 343/343/364 556/556/588
f 343/343/364 354/354/378 557/557/590
f 354/354/591 192/192/591 191/191/589
f 211/211/231 210/210/230 558/558/592
f 339/339/360 558/558/592 559/559/593
f 559/559/594 560/560/595 347/347/368
f 560/560/595 197/197/217 348/348/369
f 210/210/230 282/282/301 561/561/596
f 558/558/592 561/561/596 562/562/597
f 562/562/598 563/563/599 560/560/595
f 563/563/599 203/203/223 197/197/217
f 180/180/200 564/564/604 373/373/401
f 564/564/600 565/565/606 375/375/403
f 565/565/601 566/566/601 381/381/409
f 566/566/602 250/250/269 228/228/248
f 180/180/200 182/182/202 567/567/603
f 567/567/605 568/568/605 565/565/606
f 568/568/607 569/569/607 566/566/601
f 569/569/608 648/648/692 250/250/269
f 179/179/199 178/178/198 570/570/609
f 570/570/609 571/571/615 368/368/610
f 571/571/611 572/572/612 365/365/390
f 572/572/612 261/261/280 363/363/388
f 178/178/198 202/202/222 573/573/613
f 570/570/609 573/573/613 574/574/614
f 574/574/616 575/575/617 572/572/612
f 575/575/617 263/263/282 261/261/280
f 272/272/291 204/204/224 576/576/618
f 434/434/464 576/576/618 577/577/619
f 577/577/619 578/578/620 422/422/452
f 578/578/620 226/226/246 212/212/232
f 204/204/224 273/273/292 331/331/352
f 576/576/618 331/331/352 325/325/346
f 577/577/619 325/325/346 322/322/343
f 578/578/620 322/322/343 324/324/345
f 240/240/259 579/579/621 417/417/447
f 579/579/621 580/580/622 409/409/439
f 580/580/622 581/581/623 406/406/436
f 581/581/623 274/274/293 241/241/260
f 240/240/259 281/281/300 314/314/335
f 579/579/621 314/314/335 308/308/624
f 580/580/622 308/308/624 305/305/325
f 581/581/623 305/305/325 307/307/327
f 285/285/304 582/582/625 313/313/334
f 582/582/625 583/583/626 315/315/336
f 583/583/626 584/584/627 319/319/340
f 584/584/627 165/165/185 232/232/252
f 285/285/304 286/286/305 297/297/316
f 582/582/625 297/297/316 291/291/310
f 583/583/626 291/291/310 289/289/308
f 584/584/627 289/289/308 163/163/183
f 363/363/388 260/260/279 585/585/628
f 367/367/392 585/585/628 586/586/629
f 366/366/391 586/586/629 587/587/630
f 587/587/630 259/259/278 189/189/209
f 260/260/279 253/253/272 588/588/631
f 585/585/628 588/588/631 589/589/632
f 586/586/629 589/589/632 590/590/633
f 587/587/630 590/590/633 238/238/257
f 253/253/272 223/223/243 591/591/634
f 588/588/631 591/591/634 592/592/635
f 589/589/632 592/592/635 593/593/636
f 590/590/633 593/593/636 186/186/206
f 223/223/243 235/235/255 550/550/582
f 591/591/634 550/550/582 552/552/584
f 592/592/635 552/552/584 554/554/586
f 593/593/636 554/554/586 247/247/266
f 256/256/275 594/594/637 330/330/351
f 594/594/637 595/595/638 332/332/353
f 595/595/638 596/596/639 337/337/358
f 596/596/639 218/218/238 220/220/240
f 256/256/275 283/283/302 397/397/427
f 594/594/637 397/397/427 391/391/421
f 595/595/638 391/391/421 389/389/419
f 596/596/639 389/389/419 244/244/263
f 166/166/186 597/597/640 396/396/426
f 597/597/640 598/598/641 398/398/428
f 598/598/641 599/599/642 403/403/433
f 599/599/642 215/215/235 217/217/237
f 166/166/186 239/239/258 418/418/448
f 597/597/640 418/418/448 414/414/444
f 598/598/641 414/414/444 412/412/442
f 599/599/642 412/412/442 233/233/253
f 348/348/369 196/196/216 600/600/643
f 346/346/367 600/600/643 601/601/644
f 601/601/644 602/602/645 353/353/377
f 602/602/645 230/230/250 192/192/212
f 169/169/189 543/543/573 600/600/643
f 543/543/573 545/545/575 601/601/644
f 545/545/575 547/547/577 602/602/645
f 547/547/578 176/176/196 230/230/250
f 225/225/245 603/603/646 296/296/315
f 603/603/646 604/604/648 298/298/647
f 604/604/648 605/605/649 303/303/322
f 605/605/649 206/206/226 208/208/228
f 225/225/245 272/272/291 435/435/465
f 603/603/646 435/435/465 430/430/460
f 604/604/648 430/430/460 428/428/458
f 605/605/649 428/428/458 257/257/276
f 277/277/296 276/276/295 606/606/650
f 437/437/467 606/606/650 607/607/651
f 439/439/469 607/607/651 608/608/652
f 446/446/476 608/608/652 609/609/653
f 278/278/297 456/456/486 606/606/650
f 456/456/486 459/459/489 607/607/651
f 459/459/489 470/470/500 608/608/652
f 470/470/500 467/467/497 609/609/653
f 284/284/303 174/174/194 610/610/654
f 472/472/502 610/610/654 611/611/655
f 474/474/504 611/611/655 612/612/656
f 481/481/511 612/612/656 613/613/657
f 173/173/193 491/491/521 610/610/654
f 491/491/521 494/494/524 611/611/655
f 494/494/524 505/505/535 612/612/656
f 505/505/535 502/502/532 613/613/657
f 264/264/283 288/288/307 614/614/658
f 497/497/527 614/614/658 615/615/659
f 499/499/529 615/615/659 616/616/660
f 504/504/534 616/616/660 617/617/661
f 509/509/539 508/508/538 614/614/658
f 508/508/538 512/512/542 615/615/659
f 512/512/542 523/523/553 616/616/660
f 523/523/553 520/520/550 617/617/661
f 268/268/287 280/280/299 618/618/662
f 462/462/492 618/618/662 619/619/663
f 464/464/494 619/619/663 620/620/664
f 469/469/499 620/620/664 621/621/665
f 527/527/557 526/526/556 618/618/662
f 526/526/556 530/530/560 619/619/663
f 530/530/560 541/541/571 620/620/664
f 541/541/571 538/538/568 621/621/665
f 269/269/288 271/271/290 622/622/666
f 533/533/563 622/622/666 623/623/667
f 535/535/565 623/623/667 624/624/668
f 540/540/570 624/624/668 625/625/669
f 487/487/517 486/486/516 622/622/666
f 486/486/516 489/489/519 623/623/667
f 489/489/519 482/482/512 624/624/668
f 482/482/512 479/479/509 625/625/669
f 265/265/284 267/267/286 626/626/670
f 515/515/545 626/626/670 627/627/671
f 517/517/547 627/627/671 628/628/672
f 522/522/552 628/628/672 629/629/673
f 452/452/482 451/451/481 626/626/670
f 451/451/481 454/454/484 627/627/671
f 454/454/484 447/447/477 628/628/672
f 447/447/477 444/444/474 629/629/673
f 242/242/261 630/630/674 405/405/435
f 630/630/674 631/631/675 407/407/437
f 631/631/675 632/632/676 413/413/443
f 632/632/676 270/270/289 233/233/253
f 284/284/303 473/473/503 630/630/674
f 473/473/503 476/476/506 631/631/675
f 476/476/506 485/485/515 632/632/676
f 632/632/676 485/485/515 487/487/517
f 527/527/557 279/279/298 633/633/677
f 525/525/555 633/633/677 634/634/678
f 528/528/558 634/634/678 635/635/679
f 534/534/564 635/635/679 216/216/236
f 279/279/298 244/244/263 390/390/420
f 633/633/677 390/390/420 393/393/423
f 634/634/678 393/393/423 402/402/432
f 635/635/679 402/402/432 217/217/237
f 220/220/240 219/219/239 636/636/680
f 336/336/357 636/636/680 637/637/681
f 327/327/348 637/637/681 638/638/682
f 323/323/344 638/638/682 227/227/247
f 219/219/239 268/268/287 463/463/493
f 636/636/680 463/463/493 457/457/487
f 637/637/681 457/457/487 455/455/485
f 455/455/485 278/278/297 227/227/247
f 452/452/482 266/266/285 639/639/683
f 450/450/480 639/639/683 640/640/684
f 441/441/471 640/640/684 641/641/685
f 641/641/685 214/214/234 277/277/296
f 266/266/285 257/257/276 429/429/459
f 639/639/683 429/429/459 423/423/453
f 640/640/684 423/423/453 421/421/451
f 641/641/685 421/421/451 212/212/232
f 509/509/539 287/287/306 642/642/686
f 507/507/537 642/642/686 643/643/687
f 510/510/540 643/643/687 644/644/688
f 516/516/546 644/644/688 207/207/227
f 287/287/306 163/163/183 290/290/309
f 642/642/686 290/290/309 293/293/312
f 643/643/687 293/293/312 302/302/321
f 644/644/688 302/302/321 208/208/228
f 231/231/251 645/645/689 318/318/339
f 645/645/689 646/646/690 310/310/331
f 646/646/690 647/647/691 306/306/326
f 647/647/691 275/275/294 307/307/327
f 264/264/283 498/498/528 645/645/689
f 498/498/528 492/492/522 646/646/690
f 492/492/522 490/490/520 647/647/691
f 490/490/520 173/173/193 275/275/294
