# Holocron_Esquina_InfDerTra
# origen puesto en el pivote de la pieza
# pivote en coordenadas del modelo: -47.98773 5.37640 0.65458
mtllib Holocron.mtl
o Holocron_Esquina_InfDerTra
v 2.574499 -2.481847 -5.098134
v 0.073133 -4.955629 -5.141430
v 0.088324 -4.970440 -5.156889
v 0.103514 -4.985250 -5.172348
v 5.075861 -5.070439 -0.204938
v 2.574499 -5.014566 -2.671714
v 5.060671 -5.055628 -0.189478
v 2.589689 -2.496657 -5.113594
v 5.060675 0.006747 -5.039378
v 2.589689 -5.029375 -2.687174
v 0.088327 -4.973503 -5.153950
v 5.078875 -2.537770 -2.628347
v 5.063684 -5.052601 -0.189416
v 5.063684 -2.522959 -2.612888
v 5.045485 0.021558 -5.023919
v 2.559309 -2.467037 -5.082674
v 5.045481 -5.040818 -0.174019
v 2.559309 -4.999756 -2.656255
v 5.063684 0.006685 -5.036360
v 5.078875 -0.008126 -5.051820
v 5.048494 0.021493 -5.020900
v 5.048494 -2.508148 -2.597428
v 5.078875 -5.067413 -0.204875
v 5.079180 -5.069228 -0.205509
v 5.078646 -5.068586 -0.203976
v 5.079554 -5.067950 -0.206462
v 5.079367 -5.069765 -0.206949
v 5.078672 -5.070227 -0.204979
v 5.077993 -5.069573 -0.203673
v 5.078840 -5.070365 -0.206243
v 5.077513 -5.070460 -0.209976
v 5.079004 -5.068967 -0.209944
v 5.077856 -5.069291 -0.211309
v 5.077013 -5.071090 -0.208297
v 5.078642 -5.070125 -0.208390
v 5.079599 -5.068496 -0.208242
v 5.078257 -5.070878 -0.206973
v 5.077688 -5.070723 -0.205540
v 5.076433 -5.071082 -0.206528
v 5.077013 -5.070223 -0.204010
v 5.079180 -0.008683 -5.053660
v 5.079554 -0.009691 -5.052424
v 5.078646 -0.007179 -5.052953
v 5.078676 -0.008114 -5.054633
v 5.079367 -0.010101 -5.054258
v 5.079599 -0.011449 -5.053043
v 5.078840 -0.009372 -5.054826
v 5.075865 -0.008063 -5.054838
v 5.077688 -0.008653 -5.055152
v 5.077017 -0.007147 -5.054588
v 5.076433 -0.009628 -5.055549
v 5.078257 -0.010080 -5.055368
v 5.077993 -0.006835 -5.053924
v 5.079000 -0.013131 -5.053583
v 5.077513 -0.013104 -5.055076
v 5.077856 -0.014486 -5.053963
v 5.078642 -0.011530 -5.054674
v 5.077013 -0.011398 -5.055632
v 0.104116 -4.987062 -5.172690
v 0.105101 -4.985796 -5.173034
v 0.102591 -4.986406 -5.172146
v 0.103567 -4.988059 -5.172210
v 0.105555 -4.987619 -5.172886
v 0.106878 -4.986365 -5.173089
v 0.104834 -4.988214 -5.172374
v 0.103518 -4.988313 -5.169409
v 0.104120 -4.988579 -5.171236
v 0.102594 -4.988065 -5.170556
v 0.105104 -4.988975 -5.169987
v 0.105555 -4.988749 -5.171802
v 0.102270 -4.987395 -5.171517
v 0.108576 -4.986872 -5.172504
v 0.108576 -4.988393 -5.171047
v 0.109938 -4.987239 -5.171368
v 0.106993 -4.988012 -5.172168
v 0.106878 -4.989003 -5.170562
v 5.048494 -5.037791 -0.173956
v 5.046980 -5.038006 -0.172398
v 5.047216 -5.036758 -0.173433
v 5.048338 -5.039038 -0.172918
v 5.046526 -5.038883 -0.172149
v 5.045698 -5.037192 -0.172532
v 5.045637 -5.035838 -0.173518
v 5.045698 -5.038057 -0.172270
v 5.045656 -5.039337 -0.172425
v 5.046705 -5.040676 -0.172952
v 5.044432 -5.039555 -0.173491
v 5.044840 -5.038051 -0.172550
v 5.047708 -5.040051 -0.172565
v 5.044001 -5.035172 -0.174197
v 5.042849 -5.036330 -0.174221
v 5.042555 -5.034860 -0.175366
v 5.044371 -5.036718 -0.173018
v 5.043509 -5.037978 -0.173562
v 5.046984 0.023059 -5.021047
v 5.048338 0.022587 -5.022103
v 5.047216 0.021970 -5.019844
v 5.045698 0.022887 -5.020238
v 5.046530 0.023344 -5.021911
v 5.047708 0.022981 -5.023097
v 5.045702 0.023186 -5.021090
v 5.042849 0.021156 -5.019440
v 5.044001 0.021131 -5.018285
v 5.042555 0.019946 -5.018019
v 5.043509 0.021886 -5.021061
v 5.044371 0.022378 -5.019780
v 5.045637 0.021841 -5.018925
v 5.044840 0.022906 -5.021095
v 5.045660 0.023085 -5.022374
v 5.044435 0.022027 -5.022633
v 5.046705 0.022620 -5.023735
v 0.071573 -4.955839 -5.139927
v 0.072065 -4.956860 -5.141302
v 0.072638 -4.954608 -5.140129
v 0.071730 -4.955046 -5.138623
v 0.071306 -4.956717 -5.139493
v 0.071691 -4.957873 -5.140699
v 0.071447 -4.955905 -5.138647
v 0.073450 -4.954253 -5.135755
v 0.073450 -4.953081 -5.136880
v 0.074633 -4.952809 -5.135426
v 0.072752 -4.955879 -5.136453
v 0.072229 -4.954598 -5.137287
v 0.072748 -4.953713 -5.138531
v 0.071730 -4.955916 -5.137789
v 0.073137 -4.958693 -5.138491
v 0.071573 -4.957187 -5.138635
v 0.072641 -4.957438 -5.137414
v 0.072069 -4.958517 -5.139712
v 5.079554 -2.538820 -2.629443
v 5.079599 -2.539970 -2.630642
v 5.079004 -2.541047 -2.631764
v 5.077856 -2.541887 -2.632637
v 2.593042 -2.499990 -5.113791
v 2.591944 -2.498884 -5.114362
v 2.590765 -2.497714 -5.114292
v 2.593893 -2.500862 -5.112666
v 2.593042 -5.029427 -2.690515
v 2.591944 -5.030047 -2.689433
v 2.590765 -5.030029 -2.688260
v 2.593893 -5.028264 -2.691341
v 5.044073 -2.506982 -2.596206
v 5.045732 -2.506949 -2.596174
v 5.047285 -2.507358 -2.596603
v 5.042555 -2.507455 -2.596695
v 2.558496 -2.466255 -5.081453
v 2.558077 -2.465866 -5.079891
v 2.558107 -2.465930 -5.078232
v 2.558588 -2.466437 -5.076722
v 2.558496 -4.998567 -2.655421
v 2.558077 -4.997024 -2.654966
v 2.558107 -4.995363 -2.654960
v 2.558584 -4.993835 -2.655403
v 5.062803 -5.054762 -0.188213
v 5.063456 -5.053775 -0.188517
v 5.061823 -5.055412 -0.188551
v 5.061827 0.007665 -5.039128
v 5.062803 0.007975 -5.038464
v 5.063456 0.007631 -5.037492
v 0.087404 -4.973255 -5.155097
v 0.087076 -4.972585 -5.156058
v 0.087400 -4.971596 -5.156687
v 4.160208 -3.840166 -2.307903
v 4.150221 -2.979532 -3.093662
v 4.168211 -2.997137 -3.111948
v 3.039522 -2.970674 -4.254488
v 2.344919 -3.567868 -4.362938
v 3.006586 -2.889799 -4.363655
v 3.601126 -4.383125 -2.334370
v 2.628447 -4.334652 -3.275152
v 2.646429 -4.359859 -3.299575
v 4.001249 -2.131310 -4.056451
v 4.137239 -2.115774 -3.885363
v 3.983259 -2.113703 -4.038165
v 4.056322 -4.163892 -2.103381
v 3.603929 -4.383510 -2.338468
v 3.637766 -4.244057 -2.439078
v 1.422464 -4.301203 -4.496036
v 1.437864 -4.329401 -4.522062
v 4.396811 -1.329521 -4.424989
v 4.097651 -1.580849 -4.406431
v 4.372770 -1.306350 -4.399905
v 3.580919 -4.359877 -2.312134
v 4.081438 -4.345625 -1.762759
v 3.558447 -4.334020 -2.287403
v 2.969583 -2.804619 -4.480919
v 2.152529 -4.167559 -3.978060
v 2.651564 -4.360788 -3.300817
v 1.441946 -4.331008 -4.523627
v 4.231531 -3.814532 -2.267190
v 4.410871 -2.875818 -2.992522
v 4.399244 -4.398209 -1.537274
v 2.359262 -3.362606 -4.473905
v 1.907862 -3.765665 -4.458376
v 2.472605 -3.202206 -4.444980
v 4.127649 -4.394238 -1.803081
v 4.371077 -4.374294 -1.519893
v 4.105803 -4.371257 -1.784019
v 4.064146 -1.941471 -4.235898
v 4.422678 -1.354672 -4.446384
v 4.240824 -2.116474 -3.893626
v 1.405455 -4.270055 -4.467288
v 4.345190 -4.347779 -1.502763
v 3.027601 -4.136349 -3.144241
v 2.864401 -4.239749 -3.206475
v 4.008726 -3.994889 -2.306635
v 4.139181 -3.828659 -2.286710
v 4.157167 -3.846263 -2.304996
v 4.409338 -2.872684 -2.989786
v 4.374163 -4.371197 -1.519836
v 4.397287 -4.394914 -1.535139
v 3.854269 -4.146469 -2.311328
v 3.012480 -4.112956 -3.121418
v 3.836283 -4.128863 -2.293042
v 3.038092 -2.970796 -4.248565
v 2.198969 -3.774170 -4.248237
v 2.216959 -3.791776 -4.266523
v 2.208803 -3.954691 -4.118845
v 2.185774 -4.093861 -3.955705
v 2.203760 -4.111467 -3.973990
v 4.418390 -1.350320 -4.447504
v 4.117434 -1.608267 -4.431617
v 2.975981 -2.789494 -4.481857
v 3.042402 -2.680877 -4.457190
v 4.011755 -3.999385 -2.306563
v 3.030470 -4.130561 -3.139703
v 2.188677 -4.097048 -3.949794
v 4.421392 -1.350402 -4.444498
v 4.386980 -2.850422 -2.970883
v 4.129377 -4.394397 -1.808467
v 4.158224 -2.136501 -3.897707
v 4.176210 -2.154107 -3.915992
v 3.859224 -2.149815 -4.230606
v 3.020102 -2.953190 -4.230278
v 3.681921 -2.085118 -4.464973
v 3.690905 -2.033827 -4.441734
v 2.030798 -3.967213 -4.289506
v 2.248671 -3.524250 -4.498955
v 3.863916 -2.146447 -4.236464
v 4.022253 -2.148603 -4.079298
v 3.865259 -2.146845 -4.227539
v 3.847269 -2.129239 -4.209254
v 4.135191 -1.632877 -4.454222
v 2.213846 -3.797916 -4.263699
v 2.190813 -3.937086 -4.100559
v 4.280279 -2.943028 -3.058655
v 3.680872 -2.094849 -4.463952
v 4.136019 -1.640698 -4.453181
v 3.700914 -1.976681 -4.415843
v 4.399801 -1.329597 -4.421977
v 4.362028 -2.825574 -2.949783
v 3.680140 -2.234831 -4.331199
v 2.257456 -3.506689 -4.499888
v 1.834597 -3.886426 -4.487589
v 3.116407 -2.559862 -4.429708
v 2.207777 -3.957298 -4.124603
v 3.860285 -4.143513 -2.308274
v 3.990736 -3.977283 -2.288349
v 1.766138 -4.006473 -4.512748
v 1.768602 -3.995203 -4.513903
v 1.422522 -4.298026 -4.499027
v 2.608515 -4.306704 -3.248076
v 1.405516 -4.266872 -4.470292
v 4.140234 -2.118898 -3.879422
v 4.121191 -3.811054 -2.268424
v 3.842298 -4.125908 -2.289989
v 3.972750 -3.959678 -2.270064
v 2.167784 -4.076256 -3.937418
v 2.180983 -3.756565 -4.229951
v 3.841234 -2.132211 -4.212321
v 3.002111 -2.935585 -4.211993
v 3.858969 -4.152386 -2.308213
v 2.202520 -4.120405 -3.973903
v 4.019239 -2.148915 -4.074737
v 4.155230 -2.133378 -3.903648
v 2.994490 -4.095350 -3.103132
v 3.818293 -4.111259 -2.274757
v 2.170687 -4.079443 -3.931508
v 2.195856 -3.780310 -4.245413
v 2.172827 -3.919481 -4.082273
v 4.183115 -2.150811 -3.919463
v 4.348291 -4.344671 -1.502718
v 2.212919 -3.797130 -4.272569
v 3.829283 -2.111634 -4.190968
v 4.175070 -2.997281 -3.112215
v 4.167051 -3.843667 -2.304888
v 4.142221 -3.822562 -2.289617
v 4.132231 -2.961927 -3.075376
v 4.161482 -3.841551 -2.308078
v 4.159967 -3.841574 -2.306778
v 4.163229 -3.842704 -2.307567
v 4.161234 -3.842748 -2.307065
v 4.159304 -3.843228 -2.305831
v 4.161936 -3.844032 -2.306619
v 4.160830 -3.843831 -2.306349
v 4.165293 -3.844132 -2.305683
v 4.165186 -3.843447 -2.306447
v 4.162794 -3.844788 -2.305983
v 4.163824 -3.843998 -2.306488
v 4.162355 -3.844518 -2.306381
v 4.162565 -3.843585 -2.307072
v 4.158319 -3.844874 -2.305205
v 4.159945 -3.845536 -2.305741
v 4.160456 -3.844714 -2.305932
v 4.175962 -2.151726 -3.921287
v 4.174372 -2.151233 -3.920561
v 4.173220 -2.150984 -3.921934
v 4.178808 -2.151954 -3.920590
v 4.176493 -2.151943 -3.920459
v 4.175344 -2.151914 -3.918950
v 4.178385 -2.152373 -3.920307
v 4.176870 -2.152391 -3.919587
v 4.181231 -2.152409 -3.919286
v 4.181318 -2.151633 -3.919949
v 4.179258 -2.153597 -3.918564
v 4.179857 -2.152468 -3.919815
v 4.178606 -2.153090 -3.919401
v 4.175993 -2.152924 -3.917345
v 4.177496 -2.154193 -3.917408
v 4.177267 -2.153140 -3.918545
v 4.177973 -2.152635 -3.919817
v 2.206331 -4.115817 -3.970066
v 2.205523 -4.114391 -3.969453
v 2.206663 -4.114653 -3.968079
v 2.205427 -4.117318 -3.971870
v 2.205507 -4.115535 -3.971047
v 2.204565 -4.113694 -3.971059
v 2.205034 -4.115974 -3.972586
v 2.204931 -4.115057 -3.972003
v 2.203726 -4.118453 -3.974030
v 2.204092 -4.118929 -3.973217
v 2.204386 -4.116070 -3.974092
v 2.204584 -4.117524 -3.973271
v 2.204813 -4.116107 -3.973327
v 2.205278 -4.116660 -3.972340
v 2.203951 -4.112667 -3.972653
v 2.204397 -4.113616 -3.974077
v 2.204557 -4.114454 -3.973019
v 4.396910 -4.395967 -1.534137
v 4.398275 -4.396049 -1.535836
v 4.396193 -4.396924 -1.533799
v 4.397871 -4.397096 -1.534970
v 4.398996 -4.397074 -1.536487
v 4.397943 -4.398370 -1.535225
v 4.398573 -4.398008 -1.535660
v 4.395601 -4.398885 -1.535773
v 4.395254 -4.397641 -1.534177
v 4.394228 -4.398008 -1.535213
v 4.397036 -4.399231 -1.536361
v 4.396582 -4.398459 -1.534944
v 4.397352 -4.397944 -1.534519
v 4.398561 -4.398552 -1.536269
v 4.398313 -4.398994 -1.536888
v 4.399336 -4.397832 -1.536992
v 4.397726 -4.398940 -1.535609
v 1.438040 -4.329969 -4.523773
v 1.439180 -4.330440 -4.522496
v 1.436834 -4.328950 -4.523059
v 1.437414 -4.329376 -4.524787
v 1.439096 -4.330644 -4.524344
v 1.440420 -4.331110 -4.522946
v 1.438414 -4.329936 -4.524977
v 1.437918 -4.326224 -4.525030
v 1.437914 -4.328474 -4.525323
v 1.436865 -4.327230 -4.524666
v 1.440004 -4.328610 -4.525739
v 1.438894 -4.327317 -4.525753
v 1.436483 -4.328188 -4.523973
v 1.441389 -4.331309 -4.523343
v 1.441072 -4.329905 -4.524993
v 1.440065 -4.330444 -4.524688
v 1.438925 -4.329569 -4.525539
v 4.419538 -1.349398 -4.447246
v 4.419466 -1.351387 -4.448207
v 4.420507 -1.349089 -4.446584
v 4.420576 -1.350559 -4.447805
v 4.421499 -1.351656 -4.447998
v 4.420660 -1.352587 -4.448241
v 4.421843 -1.351183 -4.447464
v 4.421907 -1.350756 -4.446309
v 4.421160 -1.349442 -4.445620
v 4.422239 -1.351820 -4.445073
v 4.422419 -1.351883 -4.446881
v 4.421423 -1.350154 -4.447289
v 4.421785 -1.353740 -4.447601
v 4.422934 -1.354130 -4.446094
v 4.422228 -1.352812 -4.447254
v 4.422781 -1.353130 -4.445634
v 2.214556 -3.797866 -4.265815
v 2.214117 -3.796491 -4.264801
v 2.214628 -3.797699 -4.268243
v 2.214769 -3.796743 -4.266583
v 2.214800 -3.794823 -4.265725
v 2.215319 -3.796194 -4.268057
v 2.215193 -3.795680 -4.267119
v 2.214491 -3.796549 -4.271040
v 2.214052 -3.797441 -4.270615
v 2.215811 -3.795328 -4.269353
v 2.214910 -3.796748 -4.269640
v 2.215605 -3.795882 -4.268723
v 2.215078 -3.796934 -4.268231
v 2.215799 -3.793167 -4.266330
v 2.216677 -3.793652 -4.267768
v 2.215811 -3.794674 -4.267541
v 3.863874 -2.147060 -4.228693
v 3.864931 -2.147540 -4.229961
v 3.862242 -2.147699 -4.229682
v 3.863974 -2.147733 -4.230617
v 3.864557 -2.147710 -4.232508
v 3.863020 -2.148136 -4.231101
v 3.864031 -2.148106 -4.232340
v 3.860945 -2.149691 -4.231806
v 3.860605 -2.148667 -4.230354
v 3.862440 -2.149007 -4.233341
v 3.862009 -2.148785 -4.231534
v 3.863417 -2.148327 -4.232080
v 3.864202 -2.147325 -4.234792
v 3.863481 -2.147868 -4.234977
v 3.863760 -2.148087 -4.233696
v 3.863089 -2.148677 -4.232719
v 3.855650 -4.146265 -2.310171
v 3.856005 -4.147671 -2.311236
v 3.857279 -4.145631 -2.309185
v 3.857058 -4.147434 -2.310330
v 3.857504 -4.149217 -2.310611
v 3.858458 -4.147997 -2.309899
v 3.858137 -4.148616 -2.310266
v 3.859945 -4.145923 -2.309048
v 3.858908 -4.144665 -2.308518
v 3.859575 -4.148457 -2.309308
v 3.859003 -4.146564 -2.309259
v 3.859064 -4.148267 -2.309691
v 3.858057 -4.147029 -2.309672
v 3.858545 -4.150873 -2.309550
v 3.859232 -4.150725 -2.309015
v 3.858805 -4.149608 -2.309722
v 3.817579 -4.110001 -2.273899
v 3.819674 -4.111123 -2.273529
v 3.817434 -4.108441 -2.273200
v 3.819010 -4.109790 -2.272621
v 3.821299 -4.110513 -2.272518
v 3.818830 -4.108518 -2.272118
v 3.820383 -4.109349 -2.271843
v 3.818842 -4.105372 -2.272668
v 3.819250 -4.107202 -2.271703
v 3.817877 -4.106815 -2.272768
v 3.820177 -4.105684 -2.271600
v 3.820539 -4.107678 -2.271251
v 3.819880 -4.108529 -2.271647
v 3.822927 -4.109523 -2.271876
v 3.823137 -4.107270 -2.271077
v 3.824308 -4.108303 -2.271703
v 3.821657 -4.108492 -2.271279
v 3.821688 -4.106350 -2.271041
v 2.169481 -4.079246 -3.932886
v 2.169847 -4.078186 -3.930766
v 2.168505 -4.078571 -3.934494
v 2.168592 -4.077912 -3.932194
v 2.169184 -4.076613 -3.930575
v 2.167845 -4.077418 -3.933551
v 2.168119 -4.076632 -3.931978
v 2.167166 -4.075241 -3.936227
v 2.167910 -4.077521 -3.936085
v 2.167131 -4.074359 -3.934755
v 2.167318 -4.076512 -3.934794
v 2.167295 -4.075728 -3.933655
v 2.168745 -4.073487 -3.931877
v 2.167742 -4.075294 -3.932357
v 2.167688 -4.073743 -3.933228
v 2.168798 -4.074962 -3.930965
v 2.167662 -4.076606 -3.933024
v 3.828112 -2.111053 -4.189908
v 3.827894 -2.111774 -4.192193
v 3.826658 -2.111056 -4.188983
v 3.826624 -2.111221 -4.191135
v 3.826261 -2.112387 -4.193207
v 3.825502 -2.111226 -4.190318
v 3.825346 -2.111760 -4.192014
v 3.823809 -2.112722 -4.188062
v 3.824217 -2.111699 -4.189857
v 3.825148 -2.111642 -4.188335
v 3.822836 -2.112779 -4.189509
v 3.823790 -2.112070 -4.191189
v 3.824842 -2.111595 -4.191184
v 3.824629 -2.113382 -4.193853
v 3.822535 -2.113798 -4.192741
v 3.823244 -2.114606 -4.194035
v 3.823969 -2.112526 -4.192484
v 3.822390 -2.113156 -4.191151
v 4.138464 -2.115956 -3.883989
v 4.136190 -2.115188 -3.884182
v 4.139460 -2.116614 -3.882378
v 4.137419 -2.115399 -3.882710
v 4.135267 -2.115194 -3.882735
v 4.138285 -2.115976 -3.881450
v 4.136599 -2.115405 -3.881594
v 4.138960 -2.118073 -3.878694
v 4.140081 -2.117647 -3.880774
v 4.137384 -2.117403 -3.878534
v 4.138735 -2.116773 -3.880098
v 4.137449 -2.116293 -3.879907
v 4.134302 -2.116890 -3.879927
v 4.136126 -2.115890 -3.880320
v 4.135748 -2.116987 -3.878967
v 4.134603 -2.115791 -3.881241
v 4.137457 -2.115802 -3.880944
v 4.124063 -3.806367 -2.270134
v 4.122946 -3.804261 -2.270487
v 4.124231 -3.804957 -2.271331
v 4.123430 -3.808021 -2.269161
v 4.122705 -3.805726 -2.269242
v 4.121363 -3.804129 -2.269814
v 4.122244 -3.807117 -2.268495
v 4.121416 -3.805555 -2.268758
v 4.120138 -3.809893 -2.267802
v 4.122419 -3.809667 -2.268561
v 4.119215 -3.808441 -2.267758
v 4.121370 -3.808406 -2.267964
v 4.120550 -3.807286 -2.267932
v 4.118269 -3.805550 -2.269347
v 4.120085 -3.805986 -2.268370
v 4.118555 -3.806914 -2.268301
v 4.119719 -3.804581 -2.269414
v 4.121416 -3.806616 -2.268305
v 2.178057 -3.761276 -4.228308
v 2.177271 -3.761558 -4.226045
v 2.177870 -3.762705 -4.227127
v 2.178717 -3.759606 -4.229259
v 2.177488 -3.760028 -4.227224
v 2.177263 -3.760128 -4.225078
v 2.178068 -3.758720 -4.228053
v 2.177484 -3.758930 -4.226375
v 2.180147 -3.755886 -4.228654
v 2.179743 -3.757953 -4.229836
v 2.179464 -3.755787 -4.227075
v 2.178858 -3.757328 -4.228466
v 2.178369 -3.757186 -4.227176
v 2.178926 -3.757303 -4.224039
v 2.177958 -3.757653 -4.225866
v 2.179037 -3.756284 -4.225455
v 2.177847 -3.758634 -4.224374
v 2.177885 -3.758239 -4.227213
v 3.602034 -4.383955 -2.335447
v 2.648741 -4.361267 -3.301039
v 3.602888 -4.384319 -2.336604
v 2.650198 -4.361274 -3.301157
v 3.603552 -4.384163 -2.337665
v 2.647417 -4.360771 -3.300483
v 4.135874 -1.634334 -4.454933
v 3.681524 -2.087655 -4.465708
v 4.136274 -1.636331 -4.454985
v 3.681189 -2.090395 -4.465773
v 4.136324 -1.638565 -4.454370
v 3.680960 -2.092921 -4.465156
v 4.410253 -2.873716 -2.990668
v 4.410864 -2.874674 -2.991497
v 4.411081 -2.875412 -2.992148
v 4.373919 -4.372394 -1.518924
v 4.373247 -4.373402 -1.518615
v 4.372251 -4.374069 -1.518955
v 4.348047 -4.345868 -1.501806
v 4.347372 -4.346880 -1.501494
v 4.346369 -4.347551 -1.501830
v 4.397963 -1.328608 -4.424738
v 4.398939 -1.328299 -4.424077
v 4.399580 -1.328646 -4.423107
v 4.373922 -1.305433 -4.399654
v 4.374895 -1.305126 -4.398994
v 4.375540 -1.305475 -4.398025
v 1.421537 -4.300935 -4.497208
v 1.421221 -4.300237 -4.498187
v 1.421568 -4.299215 -4.498826
v 1.404528 -4.269785 -4.468461
v 1.404215 -4.269085 -4.469443
v 1.404558 -4.268062 -4.470086
v 3.029451 -4.134874 -3.143273
v 3.030649 -4.133256 -3.142071
v 3.031004 -4.131742 -3.140817
v 4.021852 -2.149460 -4.078320
v 4.021143 -2.149820 -4.077110
v 4.020224 -2.149629 -4.075852
v 4.173201 -2.997965 -3.112881
v 4.171240 -2.998178 -3.113064
v 4.169489 -2.997887 -3.112736
v 1.766184 -3.999735 -4.514704
v 1.764868 -4.003469 -4.514766
v 1.764852 -4.005835 -4.514079
v 2.253252 -3.513028 -4.500719
v 2.250105 -3.518592 -4.500834
v 2.248495 -3.522532 -4.500214
v 2.973169 -2.794447 -4.482650
v 2.970964 -2.799058 -4.482749
v 2.969706 -2.802631 -4.482141
v 2.208925 -3.957040 -4.123167
v 2.209524 -3.956453 -4.121568
v 2.209478 -3.955629 -4.120051
v 3.039732 -2.971459 -4.252989
v 3.039530 -2.971759 -4.251337
v 3.038958 -2.971525 -4.249783
v 4.128553 -4.395063 -1.804166
v 4.129198 -4.395383 -1.805570
v 4.129488 -4.395149 -1.807080
v 4.011351 -3.998404 -2.307358
v 4.010633 -3.997204 -2.307651
v 4.009714 -3.995970 -2.307397
v 2.993681 -4.094160 -3.102299
v 2.993261 -4.092616 -3.101846
v 2.993296 -4.090954 -3.101840
v 2.993780 -4.089428 -3.102283
v 3.982183 -2.113047 -4.037081
v 3.981005 -2.113027 -4.035909
v 3.979902 -2.113644 -4.034828
v 3.979048 -2.114805 -4.034003
v 4.131025 -2.961132 -3.074553
v 4.129473 -2.960719 -3.074127
v 4.127809 -2.960747 -3.074164
v 4.126291 -2.961214 -3.074657
v 2.172148 -3.918429 -4.081178
v 2.172102 -3.917279 -4.079978
v 2.172697 -3.916205 -4.078856
v 2.173838 -3.915371 -4.077981
v 3.001303 -2.934801 -4.210773
v 3.000875 -2.934414 -4.209214
v 3.000902 -2.934482 -4.207553
v 3.001371 -2.934995 -4.206044
v 3.971674 -3.958617 -2.269368
v 3.970503 -3.957441 -2.269303
v 3.969408 -3.956329 -2.269878
v 3.968565 -3.955451 -2.271007
v 3.845884 -2.129454 -4.210407
v 3.844252 -2.130093 -4.211395
v 3.842619 -2.131062 -4.212067
v 2.196127 -3.778884 -4.246515
v 2.196810 -3.777216 -4.247438
v 2.197809 -3.775561 -4.248043
v 2.185965 -4.095062 -3.954369
v 2.186583 -4.096090 -3.952776
v 2.187532 -4.096787 -3.951169
v 3.840918 -4.127057 -2.290231
v 3.839289 -4.128021 -2.290897
v 3.837660 -4.128656 -2.291884
v 4.141981 -3.823971 -2.288495
v 4.141317 -3.825623 -2.287548
v 4.140333 -3.827270 -2.286922
v 4.158003 -2.135319 -3.899061
v 4.157358 -2.134309 -3.900665
v 4.156382 -2.133628 -3.902276
v 4.375761 -1.306429 -4.396895
v 4.229071 -2.799965 -5.039244
v 3.890837 -2.879161 -5.041106
v 4.061186 -3.035981 -5.044793
v 3.881685 -3.263535 -5.053993
v 3.667444 -3.460582 -5.110639
v 3.862722 -3.244856 -5.105568
v 3.709688 -3.105289 -5.046423
v 3.344408 -3.164518 -5.047816
v 3.514502 -3.321102 -5.051497
v 2.920351 -3.551956 -5.060899
v 2.720743 -3.732483 -5.117033
v 2.705557 -3.719721 -5.064847
v 3.092733 -3.710741 -5.060660
v 3.048388 -4.035415 -5.068294
v 3.263056 -3.867534 -5.064346
v 4.062990 -3.037549 -5.048683
v 4.044027 -3.018870 -5.100253
v 3.718443 -2.720367 -5.041343
v 3.908548 -2.479897 -5.087579
v 3.733633 -2.733128 -5.093534
v 3.342360 -3.162538 -5.051740
v 3.149725 -3.378166 -5.108701
v 3.134535 -3.365405 -5.056511
v 3.476953 -3.680715 -5.059954
v 3.684603 -3.477693 -5.055180
v 3.136591 -3.367388 -5.052586
v 3.306768 -3.524050 -5.056269
v 2.503592 -3.882867 -5.120568
v 2.488409 -3.870108 -5.068387
v 2.609793 -4.322888 -5.078931
v 2.814135 -4.168742 -5.127291
v 2.833090 -4.187414 -5.075735
v 3.050219 -4.037013 -5.072191
v 3.245916 -3.850443 -5.119806
v 3.264875 -3.869118 -5.068237
v 2.267233 -4.024515 -5.123897
v 2.252050 -4.011757 -5.071718
v 1.941862 -4.191166 -5.127794
v 1.926680 -4.178408 -5.075618
v 2.128752 -4.561046 -5.084558
v 2.356932 -4.427686 -5.133381
v 2.375879 -4.446351 -5.081847
v 2.878012 -3.878573 -5.064606
v 2.831236 -4.185800 -5.071830
v 1.472624 -4.410747 -5.132905
v 1.457437 -4.397989 -5.080730
v 0.921274 -4.661057 -5.138720
v 0.906092 -4.648298 -5.086545
v 1.873995 -4.671236 -5.087166
v 2.109808 -4.542389 -5.136077
v 2.431044 -4.167530 -5.071400
v 2.373045 -4.445202 -5.077931
v 2.607805 -4.321322 -5.075017
v 4.230787 -2.801671 -5.043142
v 4.211828 -2.782996 -5.094706
v 4.389315 -2.549093 -5.037210
v 4.370356 -2.530419 -5.088767
v 4.102697 -2.093997 -5.026616
v 4.395235 -1.539667 -5.065470
v 4.117884 -2.106758 -5.078806
v 3.539499 -2.948620 -5.042740
v 4.543226 -2.274753 -5.030770
v 4.524275 -2.256084 -5.082316
v 4.695089 -1.987762 -5.024036
v 4.676146 -1.969098 -5.075568
v 4.380049 -1.526907 -5.013283
v 4.712297 -0.860484 -5.049499
v 4.246130 -2.321751 -5.027999
v 3.895338 -2.469270 -5.031468
v 4.062193 -2.634608 -5.035356
v 3.648478 -3.441901 -5.162218
v 3.843760 -3.226176 -5.157144
v 3.088716 -3.704417 -5.172234
v 3.007650 -3.995289 -5.179074
v 2.873991 -3.872250 -5.176180
v 2.935537 -3.564716 -5.113088
v 2.735929 -3.745244 -5.169219
v 2.523207 -3.899611 -5.176823
v 2.427027 -4.161207 -5.182974
v 2.287016 -4.041195 -5.180150
v 4.025064 -3.000191 -5.151827
v 4.192865 -2.764317 -5.146276
v 3.357546 -3.175299 -5.103931
v 3.567823 -2.972162 -5.151047
v 3.372732 -3.188060 -5.156123
v 3.164907 -3.390927 -5.160892
v 3.552637 -2.959399 -5.098854
v 3.748819 -2.745889 -5.145725
v 3.459799 -3.663613 -5.115413
v 3.031260 -4.018339 -5.123754
v 3.226953 -3.831763 -5.171379
v 3.012300 -3.999662 -5.175320
v 2.282415 -4.037273 -5.176077
v 2.740335 -3.749208 -5.173288
v 2.656855 -4.022643 -5.179717
v 2.590837 -4.304221 -5.130477
v 2.795176 -4.150069 -5.178851
v 2.571886 -4.285552 -5.182028
v 1.487802 -4.423506 -5.185081
v 2.147390 -4.306265 -5.186375
v 1.962728 -4.207324 -5.184036
v 2.337980 -4.409021 -5.184920
v 1.855059 -4.652585 -5.138668
v 2.090864 -4.523728 -5.187605
v 0.936457 -4.673813 -5.190896
v 4.020452 -2.995852 -5.155573
v 3.705671 -3.098967 -5.157998
v 3.886820 -2.872837 -5.152681
v 3.923735 -2.492658 -5.139770
v 4.133070 -2.119517 -5.130994
v 4.351400 -2.511744 -5.140330
v 4.505320 -2.237414 -5.133871
v 4.058180 -2.628285 -5.146929
v 4.347609 -2.506051 -5.144057
v 4.188360 -2.759801 -5.150023
v 4.410421 -1.552427 -5.117657
v 4.727484 -0.873243 -5.101688
v 4.657194 -1.950431 -5.127112
v 3.537451 -2.946640 -5.046664
v 4.696985 -1.415776 -5.010846
v 4.695127 -1.412849 -5.062488
v 4.693266 -1.409924 -5.114113
v 3.572203 -2.976099 -5.155109
v 3.753206 -2.749833 -5.149789
v 2.950724 -3.577477 -5.165276
v 3.377111 -3.191995 -5.160186
v 4.461763 -1.901037 -5.018107
v 4.104135 -2.097134 -5.022716
v 3.879885 -3.261968 -5.050109
v 4.136675 -2.124909 -5.135093
v 4.457746 -1.894713 -5.129681
v 4.242113 -2.315427 -5.139574
v 1.388067 -4.660638 -5.087058
v 0.921778 -4.662789 -5.138762
v 1.386206 -4.657709 -5.138715
v 0.936937 -4.675373 -5.190915
v 1.384348 -4.654784 -5.190351
v 2.790499 -4.145671 -5.182610
v 3.478762 -3.682292 -5.063841
v 3.839148 -3.221841 -5.160888
v 3.510488 -3.314778 -5.163073
v 3.440832 -3.644933 -5.166989
v 4.692865 -1.424811 -5.006909
v 4.380331 -1.532458 -5.009441
v 4.692251 -1.988444 -5.020162
v 4.543276 -2.269972 -5.026781
v 4.651556 -1.948302 -5.130943
v 4.502970 -2.229102 -5.137544
v 4.412588 -1.560811 -5.121829
v 4.688139 -1.419952 -5.118517
v 2.151407 -4.312589 -5.074801
v 2.123766 -4.560876 -5.080649
v 2.707636 -3.721728 -5.060919
v 2.660871 -4.028966 -5.068143
v 2.518778 -3.895626 -5.172752
v 2.082201 -4.521149 -5.191439
v 1.789206 -4.473407 -5.190278
v 2.922415 -3.553948 -5.056974
v 2.490503 -3.872134 -5.064455
v 3.302752 -3.517726 -5.167844
v 3.169291 -3.394866 -5.164956
v 3.893362 -2.467136 -5.035390
v 3.928019 -2.496788 -5.143839
v 1.793222 -4.479731 -5.078704
v 1.875216 -4.668379 -5.083177
v 1.462664 -4.398579 -5.076759
v 1.397253 -4.656829 -5.082834
v 1.496187 -4.425662 -5.189119
v 1.394903 -4.649761 -5.194391
v 0.955244 -4.671257 -5.194825
v 1.834532 -4.628266 -5.193957
v 4.713961 -0.860987 -5.049512
v 4.698923 -0.848243 -4.997341
v 4.388174 -2.546449 -5.033283
v 4.728991 -0.873725 -5.101687
v 2.332052 -4.405208 -5.188713
v 3.686407 -3.479260 -5.059066
v 2.955114 -3.581427 -5.169342
v 2.567038 -4.281214 -5.185797
v 2.254282 -4.013733 -5.067782
v 1.957048 -4.203923 -5.179972
v 1.836119 -4.633927 -5.190182
v 3.222322 -3.827409 -5.175127
v 3.436216 -3.640591 -5.170733
v 3.643869 -3.437566 -5.165960
v 3.720503 -2.722354 -5.037420
v 1.929769 -4.179977 -5.071671
v 0.906614 -4.650191 -5.086611
v 0.907248 -4.649309 -5.085227
v 0.905291 -4.650078 -5.086868
v 0.909464 -4.649572 -5.085064
v 0.909468 -4.648370 -5.083932
v 0.905935 -4.648926 -5.085312
v 0.905008 -4.649052 -5.086832
v 0.907988 -4.648204 -5.084330
v 0.916018 -4.645163 -5.082790
v 0.916319 -4.646913 -5.082833
v 0.919283 -4.645279 -5.082490
v 0.912363 -4.645694 -5.083666
v 0.912432 -4.646957 -5.083275
v 0.912870 -4.648419 -5.083737
v 0.909250 -4.647215 -5.083902
v 0.906969 -4.648005 -5.085190
v 0.908876 -4.646795 -5.084985
v 4.697950 -0.849043 -4.995985
v 4.698149 -0.851300 -4.995886
v 4.698851 -0.846911 -4.997532
v 4.697618 -0.847702 -4.996041
v 4.696894 -0.851422 -4.994786
v 4.696840 -0.854923 -4.994676
v 4.696791 -0.849876 -4.995145
v 4.697111 -0.847726 -4.997315
v 4.696684 -0.848757 -4.995973
v 4.697870 -0.846629 -4.997516
v 4.695440 -0.850701 -4.995863
v 4.695761 -0.851197 -4.994779
v 4.695200 -0.858565 -4.993899
v 4.693476 -0.858248 -4.993889
v 4.693480 -0.861670 -4.993666
v 4.695379 -0.854522 -4.994242
v 4.694166 -0.854398 -4.994661
v 0.938826 -4.675149 -5.192504
v 0.941088 -4.675243 -5.192445
v 0.935625 -4.675382 -5.191170
v 0.937452 -4.674898 -5.192519
v 0.942209 -4.674592 -5.193589
v 0.946024 -4.674416 -5.193725
v 0.940359 -4.674421 -5.193270
v 0.938627 -4.674010 -5.192483
v 0.940683 -4.672814 -5.192398
v 0.942087 -4.673560 -5.193567
v 0.950994 -4.673016 -5.194561
v 0.950850 -4.671430 -5.194525
v 0.946192 -4.673253 -5.194124
v 0.945738 -4.671975 -5.193673
v 4.728800 -0.875636 -5.103301
v 4.728216 -0.872142 -5.101870
v 4.728846 -0.877950 -5.103311
v 4.728228 -0.879067 -5.104489
v 4.728582 -0.874234 -5.103279
v 4.728079 -0.877185 -5.104122
v 4.724916 -0.887852 -5.105703
v 4.726503 -0.888013 -5.105705
v 4.724668 -0.892317 -5.106110
v 4.725538 -0.882661 -5.104718
v 4.726828 -0.883114 -5.105150
v 4.727972 -0.882968 -5.104722
v 4.727198 -0.878935 -5.104487
v 4.727674 -0.875435 -5.103299
v 4.726438 -0.877530 -5.103308
v 3.478075 -3.681744 -5.060271
v 3.685724 -3.478715 -5.055496
v 3.478811 -3.682403 -5.061121
v 3.686460 -3.479372 -5.056346
v 3.479052 -3.682596 -5.062375
v 3.686697 -3.479564 -5.057599
v 3.264181 -3.868566 -5.064665
v 3.264925 -3.869229 -5.065516
v 3.265169 -3.869422 -5.066769
v 3.343267 -3.163460 -5.048094
v 3.538359 -2.947562 -5.043018
v 3.342478 -3.162713 -5.048937
v 3.537569 -2.946815 -5.043861
v 3.342161 -3.162389 -5.050217
v 3.719358 -2.721294 -5.037697
v 3.718565 -2.720544 -5.038541
v 3.537249 -2.946491 -5.045141
v 4.062307 -3.037005 -5.045111
v 3.881002 -3.262991 -5.050426
v 4.063044 -3.037662 -5.045960
v 3.881739 -3.263647 -5.051276
v 4.063284 -3.037854 -5.047215
v 3.881979 -3.263839 -5.052529
v 3.135447 -3.366329 -5.052863
v 2.921267 -3.552886 -5.057251
v 3.134657 -3.365580 -5.053705
v 2.920473 -3.552135 -5.058094
v 3.134336 -3.365256 -5.054986
v 2.920153 -3.551808 -5.059375
v 2.706484 -3.720663 -5.061196
v 2.489347 -3.871059 -5.064732
v 2.705683 -3.719904 -5.062040
v 2.488539 -3.870296 -5.065577
v 2.705358 -3.719576 -5.063322
v 2.488211 -3.869963 -5.066860
v 3.049520 -4.036453 -5.068613
v 3.050268 -4.037121 -5.069464
v 3.050512 -4.037317 -5.070721
v 2.832376 -4.186844 -5.072149
v 2.833132 -4.187517 -5.073003
v 2.833380 -4.187719 -5.074262
v 2.608999 -4.322348 -5.075336
v 2.609796 -4.323009 -5.076192
v 2.610075 -4.323196 -5.077455
v 2.374563 -4.446071 -5.078246
v 2.375635 -4.446594 -5.079103
v 2.376097 -4.446692 -5.080366
v 2.253069 -4.012677 -5.068062
v 1.928228 -4.179075 -5.071952
v 2.252222 -4.011929 -5.068907
v 1.927103 -4.178461 -5.072802
v 2.251863 -4.011607 -5.070191
v 1.926558 -4.178229 -5.074088
v 1.875185 -4.669903 -5.083513
v 1.393782 -4.658360 -5.083184
v 1.874945 -4.670983 -5.084388
v 1.390818 -4.659619 -5.084110
v 1.874525 -4.671451 -5.085672
v 1.388811 -4.660419 -5.085470
v 2.126112 -4.561372 -5.080959
v 2.127882 -4.561579 -5.081810
v 2.128809 -4.561465 -5.083073
v 1.460306 -4.398051 -5.077049
v 1.458487 -4.397755 -5.077906
v 1.457479 -4.397734 -5.079199
v 3.894224 -2.468156 -5.031743
v 3.893457 -2.467357 -5.032585
v 3.718245 -2.720218 -5.039821
v 4.103228 -2.095634 -5.022983
v 4.102636 -2.094511 -5.023820
v 3.893156 -2.467001 -5.033866
v 4.389040 -2.547885 -5.033611
v 4.230158 -2.801043 -5.039562
v 4.389563 -2.548892 -5.034472
v 4.230867 -2.801746 -5.040415
v 4.389658 -2.549317 -5.035736
v 4.231089 -2.801966 -5.041671
v 4.694487 -1.421425 -5.007146
v 4.695841 -1.418520 -5.007976
v 4.696718 -1.416536 -5.009277
v 4.693773 -1.988612 -5.020461
v 4.694845 -1.988540 -5.021302
v 4.695311 -1.988243 -5.022557
v 4.379866 -1.530034 -5.009684
v 4.379652 -1.528128 -5.010502
v 4.102449 -2.093938 -5.025094
v 4.379713 -1.527030 -5.011764
v 4.543688 -2.272228 -5.027130
v 4.543825 -2.273930 -5.028009
v 4.543661 -2.274817 -5.029288
v 3.647699 -3.441148 -5.163670
v 3.440054 -3.644179 -5.168444
v 3.646547 -3.440059 -5.164892
v 3.438902 -3.643089 -5.169666
v 3.645205 -3.438801 -5.165696
v 3.437551 -3.641828 -5.170470
v 3.226171 -3.831009 -5.172834
v 3.225016 -3.829916 -5.174058
v 3.223661 -3.828650 -5.174863
v 3.568510 -2.972761 -5.152580
v 3.373423 -3.188659 -5.157656
v 3.569586 -2.973719 -5.153890
v 3.374498 -3.189617 -5.158966
v 3.570883 -2.974892 -5.154778
v 3.375792 -3.190788 -5.159855
v 3.749510 -2.746488 -5.147259
v 3.750586 -2.747449 -5.148570
v 3.751883 -2.748624 -5.149457
v 3.842977 -3.225422 -5.158598
v 4.024282 -2.999437 -5.153282
v 3.841825 -3.224334 -5.159820
v 4.023130 -2.998347 -5.154505
v 3.840483 -3.223078 -5.160624
v 4.021788 -2.997089 -5.155310
v 2.951414 -3.578077 -5.166811
v 3.165598 -3.391526 -5.162425
v 2.952490 -3.579039 -5.168123
v 3.166674 -3.392483 -5.163737
v 2.953791 -3.580214 -5.169012
v 3.167971 -3.393658 -5.164625
v 2.519472 -3.896231 -5.174288
v 2.736620 -3.745845 -5.170754
v 2.520555 -3.897200 -5.175603
v 2.737699 -3.746808 -5.172066
v 2.521868 -3.898388 -5.176493
v 2.739004 -3.747991 -5.172956
v 3.011518 -3.998906 -5.176778
v 3.010359 -3.997809 -5.178004
v 3.009001 -3.996539 -5.178809
v 2.794390 -4.149309 -5.180311
v 2.793222 -4.148206 -5.181538
v 2.791857 -4.146931 -5.182346
v 2.571085 -4.284795 -5.183491
v 2.569880 -4.283705 -5.184723
v 2.568460 -4.282447 -5.185533
v 2.337095 -4.408302 -5.186388
v 2.335661 -4.407327 -5.187626
v 2.333887 -4.406239 -5.188442
v 1.957834 -4.204484 -5.181510
v 2.283125 -4.037870 -5.177614
v 1.959192 -4.205325 -5.182822
v 2.284246 -4.038828 -5.178929
v 1.960913 -4.206322 -5.183709
v 2.285612 -4.039993 -5.179818
v 1.385107 -4.654329 -5.191931
v 1.835562 -4.633068 -5.191658
v 1.387377 -4.653215 -5.193253
v 1.835066 -4.631688 -5.192893
v 1.390818 -4.651613 -5.194117
v 1.834703 -4.630003 -5.193701
v 2.089769 -4.523103 -5.189081
v 2.087736 -4.522392 -5.190328
v 2.085081 -4.521706 -5.191156
v 1.488798 -4.423970 -5.186618
v 1.490740 -4.424544 -5.187926
v 1.493338 -4.425137 -5.188803
v 3.924417 -2.493272 -5.141305
v 3.925470 -2.494272 -5.142617
v 3.926733 -2.495508 -5.143507
v 4.133699 -2.120227 -5.132531
v 4.134607 -2.121501 -5.133849
v 4.135653 -2.123145 -5.134751
v 4.192091 -2.763551 -5.147732
v 4.350679 -2.510887 -5.141787
v 4.190966 -2.762421 -5.148955
v 4.349707 -2.509503 -5.143007
v 4.189653 -2.761104 -5.149760
v 4.348627 -2.507805 -5.143804
v 4.692831 -1.410614 -5.115724
v 4.691702 -1.412763 -5.117128
v 4.690054 -1.416042 -5.118108
v 4.656332 -1.949842 -5.128583
v 4.654955 -1.949231 -5.129827
v 4.653280 -1.948690 -5.130656
v 4.410944 -1.553366 -5.119201
v 4.411539 -1.555288 -5.120536
v 4.412115 -1.557903 -5.121457
v 4.504705 -2.236355 -5.135326
v 4.504045 -2.234403 -5.136534
v 4.503439 -2.231856 -5.137314
v 4.712980 -0.859333 -5.049474
v 0.920111 -4.661734 -5.138736
v 4.670801 -4.624311 -5.221224
v 2.840860 -4.620606 -5.177627
v 4.670801 -4.625260 -5.177736
v 0.999529 -5.100217 -4.765699
v 2.728628 -5.133898 -2.792079
v 0.515295 -5.098735 -4.998443
v 4.694731 -5.136041 -2.913349
v 4.695597 -5.135851 -1.079573
v 4.687880 -5.101297 -2.915656
v 4.682150 -5.109519 -1.085076
v 4.681028 -5.066553 -2.917963
v 4.675943 -5.019012 -4.750700
v 3.450941 -5.046339 -3.530444
v 2.838449 -5.016704 -4.750644
v 5.161821 -0.941990 -4.668598
v 5.169016 -2.697918 -2.750439
v 5.168344 -2.837577 -2.885422
v 1.010920 -4.614998 -5.221006
v 2.840860 -4.619654 -5.221115
v 5.112749 -2.795052 -4.704525
v 5.070520 -0.956023 -4.664232
v 5.069254 -2.795022 -4.704523
v 2.839331 -5.059984 -2.921193
v 1.002737 -5.014401 -4.750591
v 4.682131 -0.945595 -5.144896
v 2.718058 -2.651550 -5.182335
v 4.922041 -0.447041 -5.134144
v 5.170629 -4.728327 -1.114890
v 5.115396 -4.681564 -2.918133
v 5.119299 -4.724706 -1.095886
v 4.672060 -2.793847 -5.089847
v 2.845129 -2.790080 -5.089758
v 4.673315 -0.967408 -5.049837
v 5.067984 -4.638376 -4.740652
v 5.067984 -4.679747 -2.908690
v 0.514074 -4.856060 -5.230528
v 2.596361 -2.520674 -5.179542
v 5.173895 -4.950408 -0.607215
v 5.169687 -2.558286 -2.615484
v 5.172914 -5.167911 -0.111981
v 5.164137 -0.445429 -4.893662
v 1.009676 -4.611979 -5.220939
v 2.842123 -2.786016 -5.137438
v 1.009676 -4.612932 -5.177454
v 4.676321 -2.789730 -5.181032
v 4.675062 -4.621012 -5.177644
v 4.676321 -2.790684 -5.137548
v 4.919504 -5.109039 -4.996578
v 5.161383 -5.137900 -2.671570
v 4.930735 -5.139052 -2.791146
v 2.599783 -5.134636 -2.671570
v 0.031050 -5.097254 -5.231195
v 4.679625 -4.628750 -5.225582
v 2.715532 -4.860005 -5.230619
v 2.838488 -4.624112 -5.225473
v 2.842123 -2.785062 -5.180925
v 4.674566 -0.959100 -5.097422
v 2.595743 -2.519930 -5.176046
v 5.166223 -2.557269 -2.614614
v 5.163034 0.053936 -5.119856
v 5.159082 -4.871010 -4.990427
v 5.165922 -5.133668 -2.671621
v 5.158930 -5.099428 -5.231460
v 2.717401 -5.103888 -4.997511
v 2.842173 -5.107257 -4.763693
v 4.919516 -2.655496 -5.182428
v 4.680868 -2.787131 -5.185240
v 2.592577 -5.095904 -5.235765
v 0.030886 -5.092624 -5.235689
v 2.592630 -5.100517 -5.231321
v 5.156248 -2.795083 -4.704525
v 5.111486 -4.634053 -4.744817
v 5.154982 -4.634084 -4.744819
v 5.170820 -4.725293 -1.113399
v 5.116663 -2.838305 -2.877745
v 5.164137 -2.840122 -2.887199
v 4.941965 -5.169062 -0.585713
v 5.168333 -5.172016 -0.112048
v 5.114023 -0.954887 -4.661209
v 5.157526 -0.954928 -4.661221
v 5.157515 -0.956082 -4.664232
v 4.916994 -4.863950 -5.230713
v 5.158159 -2.523868 -5.179617
v 5.154367 -5.099157 -5.235843
v 5.174871 -4.732830 -1.102616
v 5.166487 -4.910709 -2.798821
v 5.167055 -4.687665 -2.926070
v 4.684576 -5.114302 -4.761709
v 5.161928 0.051458 -5.123389
v 1.010920 -4.615951 -5.177520
v 2.840860 -4.621558 -5.134144
v 4.680124 -5.110203 -4.752855
v 4.680159 -5.066740 -4.751829
v 1.011320 -5.096107 -4.757770
v 2.848188 -5.096599 -2.916599
v 2.858705 -5.128955 -2.915194
v 2.598932 -5.131133 -2.670806
v 0.028463 -5.093783 -5.232233
v 4.692221 -5.135860 -1.078611
v 4.705492 -5.161797 -1.073186
v 2.844206 -5.103067 -4.758957
v 4.675882 -5.066651 -4.756090
v 2.840452 -5.061962 -4.757030
v 5.162695 -2.523928 -5.175094
v 5.161612 -2.658219 -4.942045
v 5.162809 -4.683379 -2.927575
v 5.111490 -4.638413 -4.740652
v 5.166456 0.051113 -5.118719
v 5.169416 -5.168482 -0.109363
v 3.453630 -3.402779 -3.487160
v 5.154409 -5.103778 -5.231426
v 4.680197 -5.023276 -4.750799
v 4.678953 -5.109934 -1.084032
v 1.003794 -5.057330 -4.754953
v 2.837675 -5.064248 -2.918004
v 4.675062 -4.621966 -5.134159
v 4.676321 -2.791634 -5.094063
v 1.009676 -4.613884 -5.133970
v 2.842123 -2.786969 -5.093952
v 5.119307 -4.721664 -1.094335
v 5.069197 -2.836486 -2.868292
v 5.067987 -4.634023 -4.744817
v 5.070520 -0.954847 -4.661200
v 0.997251 -4.619500 -5.225364
v 2.839762 -2.782433 -5.185129
v 4.677580 -0.959400 -5.140936
v 4.677580 -0.960352 -5.097449
v 4.677580 -0.961304 -5.053965
v 4.670801 -4.626214 -5.134252
v 5.159235 -4.642489 -4.749286
v 5.063726 -4.634116 -4.740558
v 5.064573 -3.436975 -3.493275
v 5.063730 -4.675277 -2.909871
v 5.064993 -2.839274 -2.870529
v 5.063734 -4.716400 -1.080940
v 4.700094 -5.140204 -2.910719
v 4.715635 -5.166111 -1.059290
v 4.675940 -5.062310 -2.920363
v 4.675940 -5.105568 -1.091779
v 4.675936 -5.023171 -4.755060
v 2.836702 -5.020857 -4.755102
v 2.842993 -4.617396 -5.129789
v 1.016939 -4.612752 -5.129680
v 4.670805 -4.622048 -5.129900
v 3.453100 -3.400148 -5.103126
v 5.160528 -2.792541 -4.708940
v 5.064993 -2.797253 -4.700311
v 5.066256 -0.962166 -4.660105
v 5.067976 -4.721088 -1.076883
v 2.857462 -5.133163 -2.912575
v 1.012621 -5.096011 -4.760782
v 1.005106 -5.057278 -4.757972
v 0.997587 -5.018542 -4.755159
v 4.672430 -4.623991 -5.221216
v 4.672747 -4.624622 -5.222862
v 4.673811 -4.623069 -5.221197
v 4.673773 -4.624306 -5.222797
v 4.675108 -4.624871 -5.224069
v 4.675409 -4.621946 -5.222803
v 4.674738 -4.621690 -5.221166
v 4.675062 -4.620062 -5.221132
v 4.676397 -4.624258 -5.224235
v 4.675089 -4.622983 -5.222769
v 4.677523 -4.627024 -5.225219
v 4.676474 -4.625627 -5.224718
v 5.171015 -4.728156 -1.113523
v 5.172262 -4.728824 -1.111888
v 5.171186 -4.727519 -1.112760
v 5.173532 -4.729361 -1.109789
v 5.173643 -4.729856 -1.108502
v 5.172380 -4.727715 -1.111383
v 5.171118 -4.726515 -1.112716
v 5.174108 -4.730384 -1.107767
v 5.174559 -4.731261 -1.105246
v 1.007490 -4.615103 -5.222582
v 1.009520 -4.614763 -5.221000
v 1.004930 -4.615927 -5.223898
v 1.005857 -4.615473 -5.223469
v 1.008848 -4.613129 -5.220964
v 1.002871 -4.616902 -5.224512
v 4.677351 -0.957998 -5.140904
v 4.677927 -0.956352 -5.142500
v 4.675718 -0.957321 -5.140888
v 4.677214 -0.955411 -5.142422
v 4.678099 -0.954273 -5.143275
v 4.678549 -0.953365 -5.143681
v 4.674566 -0.958148 -5.140908
v 4.679270 -0.951951 -5.143788
v 1.011229 -5.096209 -4.760570
v 1.009752 -5.097624 -4.761255
v 1.010527 -5.096262 -4.758939
v 1.008734 -5.097670 -4.760402
v 1.007265 -5.098774 -4.761846
v 1.006262 -5.098992 -4.762354
v 1.002668 -5.099901 -4.763914
v 1.005003 -5.099443 -4.763048
v 5.156622 -4.638723 -4.742624
v 5.154993 -4.638083 -4.742277
v 5.154997 -4.638449 -4.740654
v 5.157995 -4.639587 -4.744955
v 5.156561 -4.638374 -4.743616
v 5.154989 -4.637126 -4.743639
v 5.157991 -4.638297 -4.746164
v 5.158445 -4.639606 -4.746256
v 5.158915 -4.640910 -4.747295
v 5.154985 -4.635721 -4.744531
v 5.156610 -4.636019 -4.745188
v 5.156557 -4.637036 -4.744886
v 5.157434 -4.638340 -4.744919
v 5.159056 -0.952409 -4.664004
v 5.157518 -0.954689 -4.663975
v 5.160395 -0.950007 -4.665108
v 5.159975 -0.950953 -4.664671
v 5.157526 -0.954065 -4.662346
v 5.160540 -0.948535 -4.665831
v 4.677759 -5.111756 -4.757499
v 4.677462 -5.110130 -4.756792
v 4.675825 -5.110127 -4.757120
v 4.680098 -5.113122 -4.758505
v 4.678789 -5.111701 -4.757177
v 4.678850 -5.110145 -4.755869
v 4.680120 -5.112582 -4.757196
v 4.680120 -5.111724 -4.755846
v 4.682493 -5.114016 -4.759981
v 4.681414 -5.113144 -4.757173
v 4.681467 -5.113573 -4.758568
v 4.679785 -5.110171 -4.754486
v 4.680449 -5.111803 -4.754806
v 4.710161 -5.163674 -1.070779
v 4.708548 -5.161704 -1.072767
v 4.709047 -5.162184 -1.074069
v 4.711073 -5.164641 -1.067661
v 4.709024 -5.163264 -1.070024
v 4.707697 -5.161461 -1.072142
v 4.710516 -5.164231 -1.068608
v 4.706625 -5.161492 -1.072289
v 4.711729 -5.164950 -1.066772
v 5.161406 0.052551 -5.123102
v 5.163671 0.051396 -5.123038
v 5.161436 0.053406 -5.122328
v 5.163443 0.053357 -5.122587
v 5.165144 0.051308 -5.122025
v 5.163401 0.054632 -5.121947
v 5.164980 0.053727 -5.121807
v 5.163786 0.054512 -5.120583
v 5.162008 0.053891 -5.121187
v 5.164358 0.053808 -5.118805
v 5.165132 0.054554 -5.120186
v 5.166121 0.051209 -5.120508
v 5.166212 0.052281 -5.118191
v 5.165731 0.053226 -5.120245
v 5.165476 0.053226 -5.118220
v 0.029943 -5.097011 -5.230669
v 0.031012 -5.096897 -5.232946
v 0.029062 -5.096265 -5.230682
v 0.029055 -5.096501 -5.232706
v 0.030966 -5.095891 -5.234417
v 0.027781 -5.095894 -5.232651
v 0.027830 -5.095312 -5.233816
v 0.027861 -5.094531 -5.233005
v 0.028543 -5.095132 -5.231230
v 0.028521 -5.092738 -5.233543
v 0.027750 -5.094129 -5.234356
v 0.030924 -5.094392 -5.235380
v 0.029829 -5.092110 -5.235412
v 0.028997 -5.094165 -5.234968
v 0.028997 -5.092150 -5.234659
v 5.156115 -5.099207 -5.235510
v 5.154375 -5.100894 -5.235536
v 5.157595 -5.099275 -5.234560
v 5.156057 -5.100872 -5.235048
v 5.154386 -5.102380 -5.234590
v 5.157000 -5.101833 -5.234009
v 5.156019 -5.102211 -5.234407
v 5.158083 -5.100964 -5.233091
v 5.158583 -5.099353 -5.233137
v 5.157610 -5.102488 -5.231458
v 5.158586 -5.101080 -5.231462
v 5.157404 -5.100872 -5.234396
v 5.154398 -5.103393 -5.233146
v 5.156141 -5.103434 -5.231443
v 5.156073 -5.102906 -5.233093
v 5.157412 -5.102258 -5.233057
v 5.172640 -5.167318 -0.110710
v 5.172552 -5.169460 -0.112006
v 5.171881 -5.167218 -0.109766
v 5.172148 -5.169191 -0.109963
v 5.171556 -5.170784 -0.112028
v 5.171537 -5.169090 -0.108636
v 5.171389 -5.170612 -0.109606
v 5.170183 -5.169370 -0.108739
v 5.170744 -5.167627 -0.109293
v 5.168406 -5.169821 -0.109451
v 5.169806 -5.170692 -0.108730
v 5.170973 -5.170196 -0.108781
v 5.170073 -5.171682 -0.112042
v 5.167822 -5.171734 -0.110903
v 5.169847 -5.171295 -0.110052
v 5.167845 -5.170964 -0.109992
v 1.010920 -4.616901 -5.134035
v 1.010008 -4.616324 -5.132351
v 1.011839 -4.616426 -5.132395
v 1.009062 -4.616859 -5.134035
v 1.008169 -4.616270 -5.134022
v 1.011312 -4.615537 -5.131208
v 1.013308 -4.615468 -5.130991
v 1.010370 -4.615419 -5.131540
v 1.009462 -4.614997 -5.132322
v 1.008387 -4.615225 -5.133999
v 1.010691 -4.613636 -5.132334
v 1.015097 -4.614178 -5.130037
v 1.014620 -4.613022 -5.130012
v 1.012655 -4.614499 -5.130436
v 1.012426 -4.613334 -5.130943
v 4.670801 -4.625926 -5.132616
v 4.672430 -4.625894 -5.134247
v 4.670801 -4.625031 -5.131212
v 4.672472 -4.625538 -5.132566
v 4.673815 -4.624973 -5.134226
v 4.672388 -4.624814 -5.131426
v 4.673597 -4.624791 -5.132635
v 4.672434 -4.622046 -5.130224
v 4.670801 -4.623670 -5.130258
v 4.673815 -4.622028 -5.131147
v 4.672472 -4.623706 -5.130651
v 4.673597 -4.623608 -5.131399
v 4.674738 -4.623594 -5.134195
v 4.674738 -4.622000 -5.132530
v 4.674345 -4.623669 -5.132526
v 4.676970 -0.960426 -5.052273
v 4.677542 -0.959442 -5.053923
v 4.677065 -0.962258 -5.052355
v 4.675299 -0.961401 -5.051169
v 4.676958 -0.958553 -5.053904
v 4.676043 -0.960806 -5.051493
v 4.673605 -0.965082 -5.050110
v 4.674757 -0.965562 -5.050122
v 4.673941 -0.962867 -5.050986
v 4.675096 -0.963112 -5.050459
v 4.676073 -0.963753 -5.051005
v 4.674566 -0.960053 -5.053938
v 4.675646 -0.959877 -5.052262
v 4.674280 -0.961102 -5.052328
v 4.675913 -0.958766 -5.053910
v 5.067984 -4.638016 -4.742275
v 5.066355 -4.638052 -4.740644
v 5.067987 -4.637061 -4.743635
v 5.066313 -4.637623 -4.742307
v 5.064974 -4.637129 -4.740625
v 5.066401 -4.636850 -4.743416
v 5.065191 -4.636876 -4.742204
v 5.066359 -4.634029 -4.744493
v 5.067987 -4.635660 -4.744529
v 5.064974 -4.634048 -4.743570
v 5.066317 -4.635709 -4.744138
v 5.065191 -4.635638 -4.743387
v 5.064051 -4.635745 -4.740595
v 5.064051 -4.634080 -4.742189
v 5.064444 -4.635749 -4.742265
v 5.066534 -4.720309 -1.075982
v 5.068277 -4.720908 -1.075486
v 5.066351 -4.720613 -1.077827
v 5.065176 -4.719501 -1.076622
v 5.066622 -4.719815 -1.074796
v 5.068350 -4.720263 -1.074689
v 5.065592 -4.719213 -1.075623
v 5.064043 -4.716187 -1.079024
v 5.064054 -4.718076 -1.080022
v 5.064920 -4.716422 -1.077274
v 5.064508 -4.718052 -1.077688
v 5.064974 -4.719556 -1.078929
v 5.065153 -4.718165 -1.075915
v 5.067793 -4.718033 -1.075272
v 5.066477 -4.718627 -1.075094
v 5.066240 -4.717071 -1.075957
v 5.068178 -4.719254 -1.074614
v 5.068945 -0.955729 -4.663546
v 5.068888 -0.957418 -4.663937
v 5.070520 -0.954628 -4.663973
v 5.068987 -0.954662 -4.663016
v 5.067686 -0.956887 -4.662897
v 5.067503 -0.959076 -4.663050
v 5.068071 -0.955850 -4.662554
v 5.068949 -0.955092 -4.661902
v 5.070520 -0.953991 -4.662331
v 5.068891 -0.956074 -4.660475
v 5.067686 -0.956384 -4.661600
v 5.066580 -0.960743 -4.661703
v 5.066580 -0.960035 -4.659882
v 5.067053 -0.958336 -4.661589
v 5.067507 -0.957896 -4.660013
v 0.997007 -5.017067 -4.754371
v 0.995455 -5.018788 -4.754291
v 0.998770 -5.016925 -4.754717
v 0.997919 -5.015765 -4.753595
v 0.995890 -5.017152 -4.753860
v 0.996904 -5.016179 -4.753296
v 1.000715 -5.014721 -4.750387
v 1.001554 -5.014684 -4.752245
v 0.998777 -5.015625 -4.750612
v 0.999186 -5.015147 -4.752191
v 1.000166 -5.015571 -4.753692
v 0.997328 -5.015789 -4.752279
v 0.996271 -5.018555 -4.752134
v 0.996271 -5.017086 -4.752712
v 0.997217 -5.016971 -4.751224
v 4.677568 -5.023180 -4.754736
v 4.675940 -5.021547 -4.754698
v 4.678949 -5.023204 -4.753813
v 4.677610 -5.021518 -4.754305
v 4.675940 -5.020187 -4.753740
v 4.678732 -5.021621 -4.753557
v 4.677526 -5.020412 -4.753530
v 4.679872 -5.021647 -4.750761
v 4.679872 -5.023237 -4.752430
v 4.678953 -5.020262 -4.750728
v 4.679483 -5.021564 -4.752432
v 4.678736 -5.020441 -4.752321
v 4.675940 -5.019296 -4.752336
v 4.677572 -5.019337 -4.750707
v 4.677610 -5.019690 -4.752386
v 4.680654 -5.107998 -1.085004
v 4.681082 -5.108033 -1.086600
v 4.681726 -5.109228 -1.083738
v 4.680117 -5.108027 -1.083977
v 4.679487 -5.106964 -1.086283
v 4.679525 -5.106759 -1.088408
v 4.679323 -5.107303 -1.085220
v 4.679045 -5.108133 -1.084364
v 4.679995 -5.109453 -1.083173
v 4.677710 -5.108305 -1.085242
v 4.678278 -5.107027 -1.085742
v 4.680967 -5.109203 -1.083069
v 4.677721 -5.105894 -1.090227
v 4.676081 -5.105940 -1.089434
v 4.677938 -5.106409 -1.087757
v 4.676702 -5.106904 -1.087138
v 2.591856 -5.097649 -5.235460
v 2.591612 -5.099138 -5.234504
v 2.591886 -5.100144 -5.233053
v 5.165571 -5.135279 -2.670882
v 5.163115 -5.137569 -2.670852
v 5.164587 -5.136650 -2.670611
v 2.598463 -5.132478 -2.670355
v 2.598459 -5.133616 -2.670342
v 5.162355 -2.523133 -5.176809
v 5.161375 -2.522844 -5.178270
v 5.159899 -2.523102 -5.179256
v 2.595255 -2.519434 -5.177366
v 2.595201 -2.519403 -5.178495
v 5.167551 -2.556821 -2.614138
v 5.168676 -2.556856 -2.614134
v 5.169424 -2.557370 -2.614607
v 2.840681 -4.619963 -5.222751
v 2.840166 -4.620919 -5.224157
v 2.839395 -4.622377 -5.225113
v 1.000563 -4.617743 -5.225004
v 4.681078 -0.948532 -5.144636
v 4.679125 -2.788098 -5.184934
v 4.677652 -2.788930 -5.184028
v 4.676668 -2.789503 -5.182657
v 2.840666 -2.783411 -5.184826
v 2.841429 -2.784254 -5.183920
v 2.841940 -2.784834 -5.182550
v 5.164438 -4.683754 -2.927721
v 5.165815 -4.684701 -2.927486
v 5.166735 -4.686072 -2.926907
v 5.157881 -2.794890 -4.704860
v 5.159265 -2.794339 -4.705818
v 5.160196 -2.793515 -4.707250
v 5.161478 -0.945014 -4.667589
v 5.168020 -2.838601 -2.886357
v 5.167109 -2.839444 -2.887024
v 5.165743 -2.839976 -2.887321
v 2.843069 -5.106959 -4.761942
v 2.843771 -5.106057 -4.760425
v 2.844168 -5.104691 -4.759378
v 4.698294 -5.139894 -2.911640
v 4.696646 -5.138994 -2.912464
v 4.695391 -5.137641 -2.913064
v 4.714201 -5.165775 -1.062552
v 2.858355 -5.132837 -2.913521
v 2.858904 -5.131924 -2.914351
v 2.859030 -5.130561 -2.914938
v 2.842176 -4.619018 -5.130151
v 2.841486 -4.620378 -5.131105
v 2.841021 -4.621269 -5.132507
v 4.675997 -2.791832 -5.092436
v 4.675074 -2.792321 -5.091062
v 4.673689 -2.793029 -5.090154
v 2.842352 -2.787234 -5.092329
v 2.843004 -2.787918 -5.090959
v 2.843981 -2.788918 -5.090059
v 5.064051 -4.676936 -2.909160
v 5.064974 -4.678369 -2.908685
v 5.066355 -4.679357 -2.908519
v 5.065317 -2.796399 -4.701925
v 5.066240 -2.795675 -4.703291
v 5.067625 -2.795192 -4.704202
v 5.067587 -2.836648 -2.868205
v 5.066225 -2.837236 -2.868601
v 5.065313 -2.838158 -2.869416
v 2.836718 -5.019235 -4.754701
v 2.837053 -5.017877 -4.753713
v 2.837664 -5.016988 -4.752289
v 4.680387 -5.064946 -2.918231
v 4.679193 -5.063574 -2.918781
v 4.677633 -5.062649 -2.919529
v 2.837385 -5.062637 -2.918303
v 2.837595 -5.061262 -2.919013
v 2.838278 -5.060329 -2.920028
v 4.672430 -4.624940 -5.177730
v 4.673815 -4.624021 -5.177709
v 4.674738 -4.622642 -5.177681
v 4.675722 -0.958274 -5.097403
v 4.677351 -0.958952 -5.097418
v 5.119303 -4.724507 -1.094378
v 5.119307 -4.723860 -1.093554
v 5.114016 -0.956052 -4.664232
v 5.114019 -0.953946 -4.663309
v 4.679831 -5.066708 -4.753458
v 4.678900 -5.066680 -4.754841
v 4.677511 -5.066660 -4.755766
v 1.002924 -5.057287 -4.757087
v 1.009520 -4.615717 -5.177515
v 1.008848 -4.614082 -5.177479
v 5.111483 -4.635689 -4.744529
v 5.111486 -4.637092 -4.743635
v 5.111486 -4.638048 -4.742273
v 4.693518 -5.135883 -1.077646
v 4.695345 -5.135877 -1.078167
v 4.712507 -5.165292 -1.065347
v 2.766520 -4.978723 -4.333272
v 2.853380 -4.987759 -3.997040
v 3.006330 -4.985478 -4.170894
v 3.237986 -4.996257 -3.996808
v 3.440470 -5.055674 -3.788468
v 3.220331 -5.048496 -3.978688
v 3.083601 -4.994718 -3.821178
v 3.151106 -5.004172 -3.457459
v 3.303823 -5.001894 -3.631054
v 3.548178 -5.022796 -3.042621
v 3.733812 -5.081544 -2.848523
v 3.720804 -5.029893 -2.831794
v 3.703001 -5.016520 -3.218458
v 4.028666 -5.021330 -3.181586
v 3.855928 -5.014239 -3.392287
v 3.007902 -4.989301 -4.172826
v 2.990248 -5.041534 -4.154707
v 2.698545 -4.994035 -3.821193
v 2.454374 -5.038566 -4.006933
v 2.711554 -5.045688 -3.837924
v 3.149218 -5.008168 -3.455462
v 3.369791 -5.067154 -3.269138
v 3.356783 -5.015500 -3.252407
v 3.664274 -5.006949 -3.601777
v 3.456552 -4.999619 -3.804656
v 3.358675 -5.011503 -3.254409
v 3.511473 -5.009226 -3.428091
v 3.889109 -5.088494 -2.634944
v 3.876101 -5.036845 -2.618215
v 4.326139 -5.039037 -2.749897
v 4.167932 -5.084335 -2.951876
v 4.185587 -5.032105 -2.969994
v 4.030272 -5.025149 -3.183554
v 3.839865 -5.070295 -3.376118
v 3.857519 -5.018057 -3.394238
v 4.036108 -5.095360 -2.401395
v 4.023108 -5.044159 -2.385207
v 4.210123 -5.101996 -2.076038
v 4.197191 -5.053898 -2.063616
v 4.575983 -5.053472 -2.273536
v 4.441496 -5.094785 -2.498324
v 4.455091 -5.046112 -2.518692
v 3.875692 -5.023612 -3.007703
v 4.183962 -5.028282 -2.968004
v 4.440325 -5.108270 -1.602402
v 4.427595 -5.067711 -1.598979
v 4.690653 -5.083872 -1.052517
v 4.703020 -5.114283 -1.044290
v 4.690721 -5.060898 -2.025198
v 4.570864 -5.094571 -2.248567
v 4.174765 -5.037678 -2.567614
v 4.453737 -5.042276 -2.516016
v 4.324541 -5.035210 -2.747807
v 2.768232 -4.982554 -4.335118
v 2.750582 -5.034783 -4.317002
v 2.512075 -4.975841 -4.487762
v 2.494429 -5.028061 -4.469650
v 2.063501 -4.977580 -4.190860
v 1.503164 -5.016029 -4.471777
v 2.076509 -5.029232 -4.207589
v 2.930799 -4.996994 -3.647489
v 2.234266 -4.968990 -4.635293
v 2.216619 -5.021199 -4.617184
v 1.943850 -4.962044 -4.780490
v 1.926207 -5.014240 -4.762385
v 1.490156 -4.964375 -4.455047
v 0.816835 -5.000575 -4.773075
v 2.287947 -4.972793 -4.339343
v 2.443411 -4.982919 -3.992131
v 2.604956 -4.980821 -4.162690
v 3.422811 -5.107921 -3.770345
v 3.202673 -5.100738 -3.960566
v 3.698046 -5.128226 -3.217011
v 3.990755 -5.133530 -3.142681
v 3.870737 -5.135318 -3.006255
v 3.561186 -5.074449 -3.059351
v 3.746820 -5.133191 -2.865252
v 3.906050 -5.144057 -2.656295
v 4.170340 -5.148503 -2.565278
v 4.052984 -5.150479 -2.422337
v 2.972593 -5.093774 -4.136587
v 2.732927 -5.087015 -4.298884
v 3.162226 -5.059822 -3.472193
v 2.954927 -5.104299 -3.678952
v 3.175234 -5.111478 -3.488924
v 3.382799 -5.118806 -3.285869
v 2.941915 -5.052646 -3.662220
v 2.724565 -5.097343 -3.854655
v 3.648195 -5.063003 -3.585596
v 4.012617 -5.077387 -3.165435
v 3.822203 -5.122545 -3.357994
v 3.994955 -5.129634 -3.147312
v 4.049101 -5.146557 -2.417581
v 3.750734 -5.137108 -2.869852
v 4.026045 -5.142268 -2.792686
v 4.308996 -5.090822 -2.731496
v 4.150274 -5.136585 -2.933753
v 4.291845 -5.142627 -2.713089
v 4.453062 -5.148849 -1.605826
v 4.325464 -5.150727 -2.282906
v 4.226496 -5.154008 -2.094013
v 4.427885 -5.143496 -2.477943
v 4.696531 -5.091901 -1.994372
v 4.565733 -5.135762 -2.223540
v 4.715410 -5.144760 -1.036045
v 2.968409 -5.097675 -4.131975
v 3.078646 -5.106424 -3.819730
v 2.848425 -5.099465 -3.995592
v 2.467382 -5.090221 -4.023663
v 2.089518 -5.080885 -4.224320
v 2.476778 -5.080288 -4.451534
v 2.198973 -5.073414 -4.599072
v 2.600000 -5.092527 -4.161243
v 2.471220 -5.084166 -4.447711
v 2.728563 -5.090919 -4.294376
v 1.516172 -5.067678 -4.488506
v 0.829840 -5.052226 -4.789804
v 1.908564 -5.066445 -4.744278
v 2.928907 -5.000990 -3.645490
v 1.371851 -4.955659 -4.769262
v 1.369558 -5.007364 -4.768592
v 1.367266 -5.059052 -4.767922
v 2.958811 -5.108210 -3.683517
v 2.728456 -5.101252 -3.859229
v 3.574194 -5.126100 -3.076081
v 3.179121 -5.115388 -3.493488
v 1.862371 -4.962760 -4.545204
v 2.066561 -4.973611 -4.192274
v 3.236414 -4.992440 -3.994879
v 2.094873 -5.084831 -4.228145
v 1.857412 -5.074465 -4.543756
v 2.282991 -5.084499 -4.337896
v 4.692598 -5.083692 -1.052798
v 4.702044 -5.103087 -1.514645
v 4.692942 -5.072480 -1.534049
v 4.704958 -5.114221 -1.044534
v 4.711142 -5.133683 -1.495249
v 4.146059 -5.140478 -2.929105
v 3.665853 -5.010763 -3.603717
v 3.198496 -5.104637 -3.955962
v 3.298872 -5.113602 -3.629606
v 3.630537 -5.115251 -3.567472
v 1.380930 -4.951715 -4.765250
v 1.495657 -4.960461 -4.455357
v 1.944548 -4.958234 -4.777571
v 2.229437 -4.965060 -4.635138
v 1.906618 -5.070432 -4.738693
v 2.190763 -5.077240 -4.596632
v 1.524553 -5.071696 -4.490958
v 1.377459 -5.063456 -4.763125
v 4.326151 -5.046055 -2.291455
v 4.575052 -5.049596 -2.269531
v 3.722719 -5.025893 -2.833821
v 4.031000 -5.030562 -2.794134
v 3.902117 -5.140135 -2.651672
v 4.564070 -5.139819 -2.214626
v 4.509787 -5.146281 -1.913664
v 3.550077 -5.018799 -3.044633
v 3.878035 -5.032841 -2.620261
v 3.506514 -5.120931 -3.426643
v 3.386686 -5.122718 -3.290438
v 2.441366 -4.986912 -3.990202
v 2.471464 -5.094135 -4.028137
v 4.501402 -5.056559 -1.937304
v 4.688181 -5.056804 -2.023580
v 4.427744 -5.063520 -1.605061
v 4.687464 -5.068075 -1.545613
v 4.455580 -5.152736 -1.613092
v 4.708002 -5.138019 -1.501703
v 4.714460 -5.148661 -1.050267
v 4.701551 -5.127454 -1.953708
v 0.817297 -5.000542 -4.774750
v 0.804304 -4.948901 -4.758170
v 2.509417 -4.971976 -4.486469
v 0.830290 -5.052186 -4.791322
v 4.424490 -5.147446 -2.471902
v 3.458128 -5.003435 -3.806589
v 3.578093 -5.130015 -3.080662
v 4.287725 -5.146531 -2.708255
v 4.699141 -5.091992 -1.983081
v 4.693247 -5.061276 -2.013559
v 4.024981 -5.040145 -2.387416
v 4.223051 -5.150092 -2.088458
v 4.705030 -5.122693 -1.952619
v 3.818018 -5.126437 -3.353378
v 3.626356 -5.119145 -3.562865
v 3.418634 -5.111815 -3.765742
v 2.700441 -4.990039 -3.823199
v 4.198568 -5.049833 -2.066897
v 4.691351 -5.082043 -1.054152
v 4.692289 -5.083352 -1.051528
v 4.691660 -5.082099 -1.056186
v 4.690264 -5.080931 -1.056907
v 4.690966 -5.082041 -1.052929
v 4.691236 -5.083448 -1.051375
v 4.690168 -5.081271 -1.055326
v 4.686888 -5.079751 -1.063923
v 4.688494 -5.079746 -1.064215
v 4.686747 -5.079347 -1.067635
v 4.687681 -5.080751 -1.059750
v 4.688757 -5.080298 -1.060150
v 4.690222 -5.080713 -1.060195
v 4.689184 -5.080949 -1.056718
v 4.690104 -5.082092 -1.053945
v 4.689001 -5.082198 -1.055743
v 4.693060 -5.061199 -2.016313
v 4.692614 -5.059618 -2.015842
v 4.692511 -5.061099 -2.019493
v 4.692316 -5.059598 -2.018531
v 4.691427 -5.058186 -2.018548
v 4.692030 -5.059568 -2.020899
v 4.691553 -5.058312 -2.020488
v 4.691450 -5.059457 -2.023039
v 4.691690 -5.060995 -2.022613
v 4.690847 -5.059333 -2.025130
v 4.691099 -5.058230 -2.023214
v 4.691576 -5.058651 -2.021610
v 4.690561 -5.057634 -2.022387
v 4.689474 -5.057117 -2.024255
v 4.689871 -5.057198 -2.021265
v 4.690405 -5.058004 -2.024799
v 0.805105 -4.947560 -4.757185
v 0.807360 -4.947430 -4.757428
v 0.802416 -4.949188 -4.757693
v 0.803778 -4.947639 -4.756821
v 0.807497 -4.946359 -4.756154
v 0.810995 -4.946208 -4.756175
v 0.805956 -4.946739 -4.756025
v 0.803827 -4.948925 -4.756347
v 0.804853 -4.947582 -4.755911
v 0.806822 -4.947477 -4.754712
v 0.807299 -4.946381 -4.755016
v 0.814665 -4.945427 -4.754599
v 0.814390 -4.945460 -4.752868
v 0.817804 -4.945200 -4.752941
v 0.810625 -4.945814 -4.754695
v 0.810533 -4.946263 -4.753489
v 4.717310 -5.144748 -1.036272
v 4.717237 -5.146025 -1.037217
v 4.717550 -5.146205 -1.039508
v 4.717016 -5.144366 -1.035011
v 4.716825 -5.145938 -1.035892
v 4.717039 -5.147323 -1.039698
v 4.717096 -5.147459 -1.043303
v 4.716654 -5.146942 -1.038139
v 4.715918 -5.146083 -1.037067
v 4.715990 -5.144372 -1.034888
v 4.714743 -5.146329 -1.039188
v 4.715868 -5.147392 -1.039567
v 4.716009 -5.148321 -1.047082
v 4.714231 -5.148439 -1.046884
v 4.715902 -5.147970 -1.042956
v 4.714331 -5.147622 -1.042995
v 4.704996 -5.124336 -1.952893
v 4.704828 -5.122812 -1.955174
v 4.704321 -5.125819 -1.953196
v 4.704664 -5.124367 -1.954844
v 4.704287 -5.124397 -1.956830
v 4.704260 -5.122936 -1.958109
v 4.704084 -5.125302 -1.956143
v 4.703367 -5.126387 -1.955280
v 4.703112 -5.126913 -1.953482
v 4.702169 -5.127005 -1.956074
v 4.703535 -5.125735 -1.957102
v 4.704306 -5.125644 -1.954683
v 4.703405 -5.123047 -1.960975
v 4.702627 -5.124663 -1.961285
v 4.702398 -5.123124 -1.963336
v 4.703524 -5.124525 -1.958923
v 4.702547 -5.126023 -1.958734
v 0.832220 -5.053779 -4.791215
v 0.828726 -5.052406 -4.790516
v 0.834532 -5.053762 -4.791311
v 0.835680 -5.054939 -4.790746
v 0.830824 -5.053779 -4.790966
v 0.833796 -5.054599 -4.790547
v 0.844557 -5.056130 -4.787664
v 0.844675 -5.056091 -4.789255
v 0.849028 -5.056487 -4.787524
v 0.839338 -5.055192 -4.788146
v 0.839766 -5.055587 -4.789454
v 0.839586 -5.055133 -4.790585
v 0.835569 -5.054963 -4.789715
v 0.832045 -5.053808 -4.790086
v 0.834173 -5.053823 -4.788898
v 3.665277 -5.007224 -3.602930
v 3.457556 -4.999894 -3.805806
v 3.665930 -5.008047 -3.603703
v 3.458204 -5.000719 -3.806577
v 3.666132 -5.009289 -3.603980
v 3.458406 -5.001961 -3.806852
v 3.856939 -5.014515 -3.393444
v 3.857595 -5.015339 -3.394222
v 3.857798 -5.016582 -3.394500
v 3.150076 -5.004488 -3.456302
v 2.929769 -4.997312 -3.646332
v 3.149359 -5.005359 -3.455517
v 2.929049 -4.998184 -3.645545
v 3.149054 -5.006651 -3.455221
v 2.699411 -4.990355 -3.822039
v 2.698690 -4.991226 -3.821251
v 2.928747 -4.999475 -3.645250
v 3.007334 -4.985755 -4.172044
v 3.237417 -4.992717 -3.996028
v 3.007982 -4.986581 -4.172816
v 3.238066 -4.993541 -3.996798
v 3.008184 -4.987824 -4.173090
v 3.238264 -4.994784 -3.997071
v 3.357645 -5.011820 -3.253251
v 3.549047 -5.019117 -3.043470
v 3.356924 -5.012691 -3.252463
v 3.548323 -5.019989 -3.042679
v 3.356623 -5.013982 -3.252167
v 3.548017 -5.021280 -3.042381
v 3.721682 -5.026211 -2.832652
v 3.876989 -5.033159 -2.619086
v 3.720953 -5.027084 -2.831857
v 3.876257 -5.034032 -2.618283
v 3.720644 -5.028377 -2.831555
v 3.875944 -5.035327 -2.617978
v 4.029680 -5.021608 -3.182750
v 4.030340 -5.022432 -3.183533
v 4.030550 -5.023676 -3.183815
v 4.184984 -5.028559 -2.969177
v 4.185652 -5.029381 -2.969967
v 4.185862 -5.030627 -2.970253
v 4.325548 -5.035487 -2.749028
v 4.326204 -5.036312 -2.749855
v 4.326414 -5.037558 -2.750160
v 4.454588 -5.042547 -2.517541
v 4.455145 -5.043372 -2.518585
v 4.455324 -5.044622 -2.518989
v 4.023954 -5.040465 -2.386187
v 4.197710 -5.050166 -2.065325
v 4.023241 -5.041341 -2.385335
v 4.197149 -5.051057 -2.064150
v 4.022943 -5.042637 -2.384991
v 4.196966 -5.052365 -2.063550
v 4.689184 -5.068492 -1.541992
v 4.690828 -5.069472 -1.538523
v 4.692148 -5.070873 -1.535734
v 4.575560 -5.049851 -2.271810
v 4.575914 -5.050674 -2.273372
v 4.576063 -5.051947 -2.273978
v 4.427298 -5.063879 -1.602628
v 4.427111 -5.064801 -1.600618
v 4.427214 -5.066148 -1.599337
v 2.442324 -4.983235 -3.991000
v 2.441553 -4.984106 -3.990237
v 2.698385 -4.992517 -3.820953
v 2.065084 -4.973917 -4.191340
v 2.063986 -4.974780 -4.190743
v 2.441217 -4.985397 -3.989957
v 2.510836 -4.972265 -4.487376
v 2.767576 -4.979003 -4.334390
v 2.511843 -4.973103 -4.487941
v 2.768274 -4.979829 -4.335134
v 2.512278 -4.974358 -4.488076
v 2.768507 -4.981076 -4.335389
v 1.377512 -4.951953 -4.766801
v 1.374586 -4.952787 -4.768110
v 1.372599 -4.954088 -4.768973
v 1.944685 -4.958493 -4.779102
v 1.944601 -4.959310 -4.780195
v 1.944307 -4.960557 -4.780683
v 1.493246 -4.960746 -4.454846
v 1.491354 -4.961592 -4.454607
v 2.063429 -4.976065 -4.190574
v 1.490271 -4.962867 -4.454678
v 2.231688 -4.965373 -4.635610
v 2.233397 -4.966230 -4.635807
v 2.234301 -4.967498 -4.635695
v 3.422094 -5.109400 -3.769585
v 3.629820 -5.116727 -3.566712
v 3.421049 -5.110657 -3.768443
v 3.628775 -5.117987 -3.565570
v 3.419836 -5.111507 -3.767094
v 3.627558 -5.118835 -3.564219
v 3.821485 -5.124022 -3.357234
v 3.820436 -5.125280 -3.356089
v 3.819220 -5.126128 -3.354735
v 2.955526 -5.105808 -3.679692
v 3.175837 -5.112987 -3.489664
v 2.956476 -5.107083 -3.680819
v 3.176783 -5.114260 -3.490791
v 2.957628 -5.107925 -3.682163
v 3.177938 -5.115103 -3.492134
v 2.725164 -5.098854 -3.855396
v 2.726118 -5.100125 -3.856525
v 2.727270 -5.100970 -3.857871
v 3.201956 -5.102216 -3.959805
v 2.971872 -5.095252 -4.135825
v 3.200911 -5.103476 -3.958663
v 2.970827 -5.096514 -4.134682
v 3.199697 -5.104328 -3.957314
v 2.969610 -5.097364 -4.133330
v 3.574797 -5.127614 -3.076823
v 3.383398 -5.120316 -3.286609
v 3.575750 -5.128887 -3.077954
v 3.384352 -5.121589 -3.287737
v 3.576906 -5.129730 -3.079302
v 3.385504 -5.122432 -3.289082
v 3.902719 -5.141649 -2.652417
v 3.747423 -5.134705 -2.865996
v 3.903681 -5.142926 -2.653558
v 3.748381 -5.135978 -2.867131
v 3.904852 -5.143772 -2.654919
v 3.749540 -5.136822 -2.868485
v 3.994238 -5.131112 -3.146549
v 3.993185 -5.132370 -3.145402
v 3.991964 -5.133220 -3.144043
v 4.149553 -5.138060 -2.932989
v 4.148500 -5.139320 -2.931838
v 4.147272 -5.140168 -2.930474
v 4.291143 -5.144106 -2.712301
v 4.290113 -5.145367 -2.711106
v 4.288912 -5.146219 -2.709685
v 4.427298 -5.144982 -2.476987
v 4.426443 -5.146255 -2.475503
v 4.425455 -5.147120 -2.473717
v 4.223646 -5.151613 -2.089198
v 4.049707 -5.148072 -2.418328
v 4.224504 -5.152891 -2.090513
v 4.050657 -5.149350 -2.419494
v 4.225508 -5.153732 -2.092204
v 4.051809 -5.150196 -2.420902
v 4.710733 -5.136674 -1.496048
v 4.709581 -5.137633 -1.498425
v 4.711279 -5.135287 -1.494932
v 4.565458 -5.137273 -2.222133
v 4.565042 -5.138574 -2.219944
v 4.564558 -5.139469 -2.217308
v 4.453642 -5.150381 -1.606483
v 4.454325 -5.151659 -1.608095
v 4.455004 -5.152485 -1.610416
v 2.468000 -5.091730 -4.024396
v 2.468992 -5.093004 -4.025504
v 2.470205 -5.093847 -4.026818
v 2.090231 -5.082399 -4.225004
v 2.091501 -5.083679 -4.225971
v 2.093130 -5.084533 -4.227074
v 2.732195 -5.088497 -4.298130
v 2.475954 -5.081769 -4.450831
v 2.731108 -5.089759 -4.297008
v 2.474607 -5.083028 -4.449857
v 2.729834 -5.090610 -4.295690
v 2.472944 -5.083869 -4.448762
v 1.367983 -5.060663 -4.767540
v 1.370172 -5.062066 -4.766494
v 1.373499 -5.063047 -4.764944
v 1.908010 -5.067939 -4.743438
v 1.907450 -5.069224 -4.742082
v 1.906958 -5.070099 -4.740415
v 1.517115 -5.069197 -4.489085
v 1.519041 -5.070494 -4.489754
v 1.521654 -5.071372 -4.490413
v 2.197947 -5.074896 -4.598474
v 2.196024 -5.076143 -4.597800
v 2.193502 -5.076965 -4.597153
v 0.815664 -5.000546 -4.773732
v 4.703768 -5.114291 -1.043029
v 4.704817 -5.114258 -1.043161
v 4.697519 -5.091893 -1.991919
v 4.698362 -5.091905 -1.988912
v 4.698931 -5.091941 -1.985809
v 5.086855 -4.272022 -2.796151
v 5.061174 -3.935698 -2.879239
v 5.091452 -4.105831 -3.033385
v 5.098005 -3.927676 -3.262087
v 5.146349 -3.710149 -3.457739
v 5.146185 -3.903679 -3.240385
v 5.063620 -3.756269 -3.106784
v 5.033571 -3.392951 -3.170308
v 5.063803 -3.562833 -3.324224
v 5.030729 -2.971995 -3.561324
v 5.078905 -2.768979 -3.740344
v 5.024782 -2.758860 -3.731135
v 5.057428 -3.144551 -3.717659
v 5.081770 -3.101648 -4.041705
v 5.087698 -3.314660 -3.871782
v 5.095591 -4.107258 -3.034680
v 5.143770 -4.083262 -3.012980
v 5.034471 -3.763132 -2.722895
v 5.083166 -3.946374 -2.477633
v 5.088602 -3.773253 -2.732105
v 5.037142 -3.390519 -3.168107
v 5.089090 -3.194575 -3.382014
v 5.034960 -3.184454 -3.372804
v 5.091883 -3.526829 -3.683000
v 5.094034 -3.732721 -3.478147
v 5.031389 -3.186891 -3.375009
v 5.061636 -3.356858 -3.529002
v 5.071196 -2.553434 -3.892865
v 5.017076 -2.543315 -3.883656
v 5.068617 -2.665855 -4.333305
v 5.126390 -2.863587 -4.173869
v 5.078222 -2.887577 -4.195564
v 5.085920 -3.103105 -4.043028
v 5.140017 -3.292107 -3.851392
v 5.091841 -3.316104 -3.873092
v 5.060858 -2.318738 -4.036919
v 5.006739 -2.308618 -4.027709
v 5.044111 -1.995549 -4.206984
v 4.989996 -1.985431 -4.197776
v 5.043188 -2.188006 -4.576538
v 5.105070 -2.409544 -4.437521
v 5.056925 -2.433522 -4.459205
v 5.051493 -2.931486 -3.887533
v 5.074060 -2.886103 -4.194224
v 5.018106 -1.529377 -4.431566
v 4.963995 -1.519259 -4.422358
v 4.986868 -0.981609 -4.687782
v 4.932753 -0.971491 -4.678574
v 5.028318 -1.934877 -4.689472
v 5.091322 -2.164033 -4.554858
v 5.033804 -2.487743 -4.180962
v 5.052687 -2.431074 -4.458345
v 5.064436 -2.664249 -4.332016
v 5.091001 -4.273359 -2.797585
v 5.139177 -4.249366 -2.775887
v 5.084051 -4.430172 -2.543964
v 5.132215 -4.406183 -2.522270
v 5.016355 -4.143173 -2.094051
v 5.047266 -4.427174 -1.534801
v 5.070482 -4.153295 -2.103261
v 5.033373 -3.586293 -2.952784
v 5.074736 -4.582307 -2.268718
v 5.122889 -4.558324 -2.247028
v 5.064108 -4.732358 -1.980892
v 5.112253 -4.708380 -1.959207
v 4.993139 -4.417052 -1.525591
v 5.018000 -4.740141 -0.854165
v 5.046339 -4.287178 -2.319461
v 5.025473 -3.938615 -2.470779
v 5.056162 -4.105310 -2.633455
v 5.194536 -3.686150 -3.436036
v 5.194372 -3.879680 -3.218682
v 5.167448 -3.129674 -3.704267
v 5.185266 -3.050099 -3.995086
v 5.161509 -2.916607 -3.874142
v 5.084856 -2.982116 -3.570534
v 5.133032 -2.779101 -3.749554
v 5.130049 -2.567591 -3.905735
v 5.143824 -2.472866 -4.167571
v 5.119722 -2.333060 -4.049722
v 5.191954 -4.059264 -2.991278
v 5.187353 -4.225373 -2.754187
v 5.091272 -3.400640 -3.177317
v 5.145205 -3.604102 -2.969002
v 5.145403 -3.410762 -3.186527
v 5.143221 -3.204697 -3.391225
v 5.091074 -3.593980 -2.959791
v 5.142733 -3.783377 -2.741316
v 5.144197 -3.504263 -3.662598
v 5.134092 -3.079114 -4.021332
v 5.188200 -3.268112 -3.829692
v 5.182272 -3.055121 -3.999633
v 5.114977 -2.328857 -4.046128
v 5.137754 -2.783118 -3.753196
v 5.153803 -2.701073 -4.026672
v 5.116770 -2.641871 -4.311614
v 5.174559 -2.839598 -4.152175
v 5.164930 -2.617886 -4.289923
v 5.072222 -1.539497 -4.440774
v 5.129602 -2.195108 -4.315557
v 5.103033 -2.010947 -4.219254
v 5.153219 -2.385562 -4.415834
v 5.076437 -1.910911 -4.667801
v 5.139460 -2.140057 -4.533177
v 5.040979 -0.991727 -4.696988
v 5.194944 -4.054282 -2.986766
v 5.173639 -3.741390 -3.093392
v 5.171194 -3.920819 -2.865847
v 5.137297 -3.956496 -2.486844
v 5.124609 -4.163416 -2.112471
v 5.180387 -4.382190 -2.500573
v 5.171053 -4.534336 -2.225336
v 5.166182 -4.090432 -2.620064
v 5.183351 -4.378019 -2.494700
v 5.190348 -4.220495 -2.749496
v 5.101393 -4.437293 -1.544011
v 5.072126 -4.750262 -0.863374
v 5.160406 -4.684398 -1.937519
v 5.036943 -3.583859 -2.950581
v 5.014120 -4.732040 -1.410938
v 5.065042 -4.725154 -1.404740
v 5.115946 -4.718273 -1.398543
v 5.149919 -3.608091 -2.972618
v 5.147448 -3.787373 -2.744939
v 5.138983 -2.992237 -3.579744
v 5.150114 -3.414747 -3.190141
v 5.030069 -4.500187 -1.897611
v 5.012823 -4.145003 -2.097414
v 5.093870 -3.926253 -3.260794
v 5.129381 -4.166639 -2.117543
v 5.140089 -4.485310 -1.884219
v 5.156359 -4.272301 -2.306069
v 4.980604 -1.451201 -4.684902
v 4.987066 -0.982117 -4.689502
v 5.031542 -1.444313 -4.678703
v 5.041147 -0.992214 -4.698539
v 5.082457 -1.437428 -4.672505
v 5.177557 -2.834552 -4.147605
v 5.096018 -3.528260 -3.684300
v 5.197363 -3.874702 -3.214175
v 5.173822 -3.547957 -3.310832
v 5.192385 -3.480266 -3.640896
v 5.010397 -4.728378 -1.420256
v 4.989706 -4.417737 -1.531372
v 5.060030 -4.729911 -1.981856
v 5.070467 -4.582715 -2.264202
v 5.163527 -4.678406 -1.935218
v 5.173937 -4.531593 -2.216835
v 5.106287 -4.439094 -1.552083
v 5.120474 -4.712799 -1.408333
v 5.019583 -2.209985 -4.328949
v 5.038816 -2.183421 -4.576678
v 5.021212 -2.761322 -3.733363
v 5.043783 -2.715950 -4.040064
v 5.125319 -2.563554 -3.902075
v 5.142263 -2.131047 -4.530465
v 5.109724 -1.839266 -4.486516
v 5.027159 -2.974443 -3.563538
v 5.013502 -2.545796 -3.885901
v 5.171656 -3.341982 -3.515610
v 5.147936 -3.208685 -3.394843
v 5.029036 -3.936253 -2.468423
v 5.142019 -3.960389 -2.490652
v 4.999704 -1.854142 -4.499908
v 5.024290 -1.936458 -4.686861
v 4.960592 -1.524847 -4.423135
v 4.977049 -1.460731 -4.681258
v 5.077181 -1.547462 -4.442565
v 5.087164 -1.447510 -4.667104
v 5.046534 -1.010029 -4.693956
v 5.127790 -1.884962 -4.640254
v 5.018206 -4.741799 -0.854644
v 4.964109 -4.731823 -0.845448
v 5.079866 -4.429405 -2.541592
v 5.072302 -4.751765 -0.863835
v 5.156168 -2.379271 -4.411861
v 5.098165 -3.734148 -3.479441
v 5.143702 -2.996237 -3.583372
v 5.167929 -2.612667 -4.285414
v 5.003176 -2.311233 -4.029906
v 5.098227 -2.005668 -4.216193
v 5.124563 -1.886943 -4.646124
v 5.191191 -3.263111 -3.825164
v 5.195375 -3.475279 -3.636382
v 5.197527 -3.681172 -3.431529
v 5.030905 -3.765573 -2.725104
v 4.986475 -1.988899 -4.199553
v 4.932989 -0.972015 -4.680453
v 4.931620 -0.972776 -4.679651
v 4.933111 -0.970672 -4.680340
v 4.931688 -0.975001 -4.679895
v 4.930487 -0.975105 -4.678769
v 4.931555 -0.971460 -4.679281
v 4.932981 -0.970390 -4.679322
v 4.930731 -0.973591 -4.678595
v 4.929777 -0.981716 -4.675562
v 4.929964 -0.982023 -4.677301
v 4.929804 -0.984994 -4.675657
v 4.930330 -0.977999 -4.676081
v 4.930029 -0.978111 -4.677366
v 4.930624 -0.978514 -4.678788
v 4.930361 -0.974886 -4.677623
v 4.931471 -0.972494 -4.678356
v 4.931375 -0.974408 -4.677140
v 4.962721 -4.730995 -0.846343
v 4.962786 -4.731211 -0.848601
v 4.964205 -4.731724 -0.844107
v 4.962656 -4.730648 -0.845007
v 4.961584 -4.730074 -0.848809
v 4.961695 -4.730051 -0.852311
v 4.961828 -4.729928 -0.847243
v 4.963873 -4.730019 -0.844955
v 4.962568 -4.729731 -0.846076
v 4.964079 -4.730748 -0.843840
v 4.962465 -4.728520 -0.848038
v 4.961451 -4.728944 -0.848599
v 4.961000 -4.728517 -0.856015
v 4.960802 -4.726802 -0.855720
v 4.960806 -4.726845 -0.859147
v 4.961096 -4.728638 -0.851956
v 4.961386 -4.727389 -0.851819
v 5.042894 -0.993935 -4.698190
v 5.043058 -0.996195 -4.698261
v 5.041185 -0.990619 -4.697710
v 5.042761 -0.992566 -4.697957
v 5.044264 -0.997196 -4.697523
v 5.044752 -1.000978 -4.697293
v 5.043756 -0.995386 -4.697395
v 5.042780 -0.993735 -4.697057
v 5.042814 -0.995783 -4.695842
v 5.044161 -0.997070 -4.696494
v 5.045973 -1.005837 -4.695780
v 5.045820 -1.005686 -4.694200
v 5.045092 -1.001099 -4.696103
v 5.044516 -1.000683 -4.694863
v 5.074011 -4.751432 -0.865639
v 5.072401 -4.751778 -0.862503
v 5.074175 -4.751489 -0.867944
v 5.075357 -4.750766 -0.868994
v 5.073877 -4.751208 -0.864247
v 5.074858 -4.750642 -0.867143
v 5.076811 -4.747405 -0.877729
v 5.076979 -4.748991 -0.877860
v 5.077482 -4.747145 -0.882158
v 5.075560 -4.748090 -0.872605
v 5.076139 -4.749333 -0.873009
v 5.075819 -4.750514 -0.872871
v 5.075247 -4.749741 -0.868879
v 5.073889 -4.750310 -0.865455
v 5.073912 -4.749094 -0.867563
v 5.092371 -3.527922 -3.683990
v 5.094522 -3.733812 -3.479134
v 5.093328 -3.528575 -3.684584
v 5.095480 -3.734466 -3.479727
v 5.094610 -3.528695 -3.684693
v 5.096758 -3.734584 -3.479835
v 5.088190 -3.315757 -3.872776
v 5.089151 -3.316416 -3.873374
v 5.090433 -3.316538 -3.873485
v 5.033667 -3.391781 -3.169249
v 5.033472 -3.585123 -2.951725
v 5.034380 -3.390909 -3.168459
v 5.034185 -3.584249 -2.950935
v 5.035601 -3.390466 -3.168058
v 5.031000 -3.764401 -2.724043
v 5.031710 -3.763526 -2.723250
v 5.035406 -3.583806 -2.950533
v 5.091940 -4.106922 -3.034373
v 5.094358 -3.927342 -3.261781
v 5.092901 -4.107576 -3.034966
v 5.095316 -3.927995 -3.262373
v 5.094183 -4.107694 -3.035074
v 5.096598 -3.928111 -3.262480
v 5.031485 -3.185720 -3.373949
v 5.027254 -2.973268 -3.562474
v 5.032198 -3.184846 -3.373157
v 5.027964 -2.972391 -3.561680
v 5.033419 -3.184401 -3.372755
v 5.029184 -2.971944 -3.561275
v 5.021307 -2.760141 -3.732294
v 5.013597 -2.544609 -3.884826
v 5.022016 -2.759260 -3.731495
v 5.014311 -2.543720 -3.884022
v 5.023237 -2.758809 -3.731088
v 5.015532 -2.543266 -3.883611
v 5.082266 -3.102750 -4.042704
v 5.083227 -3.103415 -4.043307
v 5.084509 -3.103539 -4.043421
v 5.074556 -2.887213 -4.195231
v 5.075521 -2.887883 -4.195839
v 5.076811 -2.888011 -4.195956
v 5.064936 -2.665412 -4.333005
v 5.065905 -2.666125 -4.333597
v 5.067198 -2.666281 -4.333702
v 5.053205 -2.432561 -4.459172
v 5.054193 -2.433549 -4.459626
v 5.055502 -2.433886 -4.459638
v 5.003267 -2.309994 -4.028848
v 4.986547 -1.987333 -4.198656
v 5.003973 -2.309062 -4.028060
v 4.987246 -1.986125 -4.198004
v 5.005197 -2.308579 -4.027660
v 4.988455 -1.985458 -4.197695
v 5.024721 -1.936407 -4.688361
v 4.977159 -1.457253 -4.682804
v 5.025637 -1.936090 -4.689386
v 4.977877 -1.454221 -4.684039
v 5.026899 -1.935551 -4.689776
v 4.979086 -1.452096 -4.684777
v 5.039381 -2.185727 -4.577122
v 5.040411 -2.187408 -4.577253
v 5.041746 -2.188209 -4.577046
v 4.960619 -1.522471 -4.422621
v 4.961275 -1.520574 -4.422293
v 4.962461 -1.519446 -4.422200
v 5.025564 -3.937475 -2.469662
v 5.026278 -3.936624 -2.468822
v 5.032930 -3.763081 -2.722847
v 5.012907 -4.144066 -2.095911
v 5.013605 -4.143390 -2.094744
v 5.027494 -3.936196 -2.468387
v 5.080370 -4.430246 -2.542995
v 5.087347 -4.273080 -2.797193
v 5.081339 -4.430686 -2.543938
v 5.088308 -4.273706 -2.797831
v 5.082632 -4.430661 -2.544279
v 5.089590 -4.273803 -2.797968
v 5.010569 -4.729949 -1.416844
v 5.011335 -4.731197 -1.413873
v 5.012583 -4.731931 -1.411801
v 5.060488 -4.731396 -1.981984
v 5.061422 -4.732385 -1.981846
v 5.062696 -4.732722 -1.981462
v 4.989748 -4.417238 -1.528944
v 4.990416 -4.416932 -1.526993
v 5.014814 -4.143078 -2.094090
v 4.991606 -4.416865 -1.525815
v 5.070997 -4.583107 -2.266426
v 5.071997 -4.583168 -2.268065
v 5.073309 -4.582889 -2.268871
v 5.195856 -3.685227 -3.435201
v 5.193705 -3.479342 -3.640060
v 5.196886 -3.683957 -3.434052
v 5.194735 -3.478070 -3.638909
v 5.197473 -3.682533 -3.432762
v 5.195322 -3.476645 -3.637617
v 5.189520 -3.267186 -3.828855
v 5.190554 -3.265913 -3.827701
v 5.191141 -3.264482 -3.826405
v 5.146833 -3.604643 -2.969494
v 5.147032 -3.411302 -3.187019
v 5.148302 -3.605591 -2.970354
v 5.148500 -3.412249 -3.187878
v 5.149385 -3.606802 -2.971451
v 5.149580 -3.413458 -3.188975
v 5.144361 -3.783917 -2.741807
v 5.145830 -3.784868 -2.742669
v 5.146914 -3.786081 -2.743769
v 5.195692 -3.878758 -3.217848
v 5.193274 -4.058343 -2.990443
v 5.196722 -3.877489 -3.216698
v 5.194307 -4.057071 -2.989292
v 5.197313 -3.876063 -3.215409
v 5.194895 -4.055646 -2.988001
v 5.140615 -2.992780 -3.580236
v 5.144850 -3.205238 -3.391716
v 5.142084 -2.993730 -3.581099
v 5.146318 -3.206186 -3.392577
v 5.143167 -2.994945 -3.582200
v 5.147402 -3.207397 -3.393675
v 5.126951 -2.564100 -3.902570
v 5.134665 -2.779645 -3.750048
v 5.128424 -2.565058 -3.903439
v 5.136133 -2.780600 -3.750913
v 5.129511 -2.566284 -3.904551
v 5.137220 -2.781818 -3.752019
v 5.183592 -3.054193 -3.998794
v 5.184626 -3.052912 -3.997635
v 5.185213 -3.051475 -3.996333
v 5.175882 -2.838668 -4.151333
v 5.176916 -2.837382 -4.150169
v 5.177504 -2.835938 -4.148860
v 5.166258 -2.616941 -4.289085
v 5.167295 -2.615616 -4.287933
v 5.167883 -2.614116 -4.286645
v 5.154547 -2.384534 -4.415035
v 5.155573 -2.382978 -4.414000
v 5.156145 -2.381130 -4.412885
v 5.099867 -2.006309 -4.216643
v 5.116613 -2.329415 -4.046619
v 5.101358 -2.007536 -4.217382
v 5.118086 -2.330411 -4.047473
v 5.102468 -2.009166 -4.218300
v 5.119181 -2.331689 -4.048563
v 5.084070 -1.438024 -4.671942
v 5.125917 -1.886238 -4.645177
v 5.085531 -1.440151 -4.670717
v 5.127008 -1.885615 -4.643729
v 5.086618 -1.443481 -4.669018
v 5.127665 -1.885168 -4.642000
v 5.140779 -2.138820 -4.532472
v 5.141775 -2.136672 -4.531708
v 5.142298 -2.133943 -4.531004
v 5.073873 -1.540341 -4.441128
v 5.075396 -1.542152 -4.441592
v 5.076559 -1.544653 -4.442096
v 5.138926 -3.957030 -2.487349
v 5.140394 -3.957957 -2.488251
v 5.141481 -3.959137 -2.489410
v 5.126242 -4.163900 -2.113072
v 5.127722 -4.164683 -2.114248
v 5.128824 -4.165643 -2.115818
v 5.188677 -4.224457 -2.753337
v 5.181707 -4.381326 -2.499633
v 5.189711 -4.223207 -2.752147
v 5.182737 -4.380232 -2.498186
v 5.190298 -4.221817 -2.750799
v 5.183313 -4.379070 -2.496454
v 5.117548 -4.717687 -1.399134
v 5.118975 -4.716439 -1.401202
v 5.120001 -4.714725 -1.404431
v 5.161741 -4.683393 -1.936847
v 5.162806 -4.681901 -1.936174
v 5.163435 -4.680151 -1.935602
v 5.103033 -4.437668 -1.544841
v 5.104544 -4.438141 -1.546668
v 5.105684 -4.438643 -1.549210
v 5.172369 -4.533578 -2.224194
v 5.173384 -4.532793 -2.222177
v 5.173933 -4.532094 -2.219594
v 5.017988 -4.741368 -0.852693
v 4.986814 -0.980456 -4.688472
vt 0.369906 0.830458
vt 0.419068 0.846271
vt 0.419136 0.846749
vt 0.419201 0.847176
vt 0.447551 0.753203
vt 0.478275 0.814335
vt 0.447273 0.753551
vt 0.369536 0.830753
vt 0.367287 0.782522
vt 0.478992 0.814553
vt 0.419230 0.846737
vt 0.395296 0.742573
vt 0.447196 0.753488
vt 0.395460 0.743019
vt 0.367655 0.782636
vt 0.370272 0.830167
vt 0.446964 0.753944
vt 0.477568 0.814124
vt 0.367309 0.782448
vt 0.366969 0.782353
vt 0.367680 0.782550
vt 0.395622 0.743457
vt 0.447488 0.753149
vt 0.447521 0.753141
vt 0.447504 0.753165
vt 0.447500 0.753112
vt 0.447544 0.753117
vt 0.447533 0.753159
vt 0.447517 0.753178
vt 0.447549 0.753141
vt 0.447677 0.753083
vt 0.447582 0.753006
vt 0.447708 0.752962
vt 0.447628 0.753148
vt 0.447588 0.753094
vt 0.447527 0.753063
vt 0.447573 0.753141
vt 0.447553 0.753168
vt 0.447585 0.753183
vt 0.447532 0.753189
vt 0.366943 0.782363
vt 0.366943 0.782336
vt 0.366966 0.782372
vt 0.366943 0.782381
vt 0.366917 0.782358
vt 0.366904 0.782318
vt 0.366925 0.782375
vt 0.366950 0.782418
vt 0.366934 0.782395
vt 0.366957 0.782400
vt 0.366919 0.782419
vt 0.366909 0.782386
vt 0.366962 0.782386
vt 0.366844 0.782306
vt 0.366820 0.782391
vt 0.366755 0.782326
vt 0.366879 0.782362
vt 0.366876 0.782413
vt 0.419224 0.847199
vt 0.419192 0.847212
vt 0.419222 0.847170
vt 0.419243 0.847191
vt 0.419231 0.847231
vt 0.419190 0.847267
vt 0.419247 0.847214
vt 0.419281 0.847164
vt 0.419264 0.847194
vt 0.419258 0.847165
vt 0.419298 0.847197
vt 0.419266 0.847226
vt 0.419240 0.847167
vt 0.419206 0.847341
vt 0.419321 0.847326
vt 0.419285 0.847438
vt 0.419255 0.847272
vt 0.419314 0.847249
vt 0.446872 0.753872
vt 0.446885 0.753919
vt 0.446851 0.753911
vt 0.446903 0.753888
vt 0.446904 0.753926
vt 0.446871 0.753948
vt 0.446830 0.753955
vt 0.446890 0.753945
vt 0.446916 0.753942
vt 0.446941 0.753917
vt 0.446932 0.753974
vt 0.446892 0.753964
vt 0.446924 0.753901
vt 0.446809 0.754007
vt 0.446848 0.754037
vt 0.446788 0.754069
vt 0.446861 0.753981
vt 0.446895 0.754004
vt 0.367694 0.782585
vt 0.367668 0.782574
vt 0.367712 0.782564
vt 0.367716 0.782596
vt 0.367685 0.782598
vt 0.367662 0.782591
vt 0.367703 0.782603
vt 0.367774 0.782645
vt 0.367786 0.782606
vt 0.367830 0.782640
vt 0.367728 0.782644
vt 0.367739 0.782614
vt 0.367746 0.782581
vt 0.367711 0.782616
vt 0.367685 0.782613
vt 0.367689 0.782641
vt 0.367658 0.782609
vt 0.419103 0.846240
vt 0.419102 0.846274
vt 0.419070 0.846228
vt 0.419105 0.846209
vt 0.419121 0.846243
vt 0.419124 0.846274
vt 0.419119 0.846221
vt 0.419133 0.846122
vt 0.419085 0.846127
vt 0.419100 0.846063
vt 0.419154 0.846174
vt 0.419114 0.846175
vt 0.419075 0.846182
vt 0.419130 0.846206
vt 0.419179 0.846260
vt 0.419139 0.846236
vt 0.419168 0.846219
vt 0.419147 0.846270
vt 0.395274 0.742514
vt 0.395253 0.742457
vt 0.395231 0.742398
vt 0.395210 0.742340
vt 0.369390 0.830869
vt 0.369439 0.830830
vt 0.369487 0.830792
vt 0.369342 0.830907
vt 0.479272 0.814638
vt 0.479178 0.814609
vt 0.479085 0.814581
vt 0.479365 0.814666
vt 0.395684 0.743628
vt 0.395663 0.743571
vt 0.395643 0.743514
vt 0.395705 0.743684
vt 0.370320 0.830130
vt 0.370367 0.830092
vt 0.370414 0.830054
vt 0.370461 0.830016
vt 0.477477 0.814096
vt 0.477387 0.814068
vt 0.477297 0.814041
vt 0.477207 0.814014
vt 0.447234 0.753519
vt 0.447217 0.753505
vt 0.447252 0.753533
vt 0.367293 0.782502
vt 0.367298 0.782485
vt 0.367303 0.782468
vt 0.419204 0.846740
vt 0.419183 0.846743
vt 0.419162 0.846745
vt 0.094296 0.847852
vt 0.119883 0.848016
vt 0.119873 0.848688
vt 0.138413 0.817049
vt 0.130303 0.798502
vt 0.141349 0.816166
vt 0.085582 0.832140
vt 0.100223 0.805858
vt 0.101006 0.806239
vt 0.147921 0.843759
vt 0.144995 0.847370
vt 0.147346 0.843440
vt 0.085494 0.844706
vt 0.085718 0.832189
vt 0.089522 0.833149
vt 0.120627 0.774239
vt 0.121029 0.774536
vt 0.167651 0.855032
vt 0.164745 0.846631
vt 0.168405 0.854883
vt 0.084832 0.831725
vt 0.075313 0.845826
vt 0.083998 0.831262
vt 0.144489 0.815165
vt 0.114725 0.793288
vt 0.101081 0.806400
vt 0.120746 0.774319
vt 0.093666 0.849733
vt 0.119931 0.855303
vt 0.072785 0.853907
vt 0.136089 0.798977
vt 0.130162 0.786990
vt 0.139058 0.802202
vt 0.076837 0.846712
vt 0.072718 0.853871
vt 0.076121 0.846296
vt 0.154418 0.845191
vt 0.167333 0.854965
vt 0.146220 0.850207
vt 0.120046 0.773839
vt 0.072088 0.853635
vt 0.102069 0.816588
vt 0.101457 0.812171
vt 0.091439 0.843582
vt 0.094412 0.847144
vt 0.093923 0.847577
vt 0.119942 0.855510
vt 0.072787 0.854045
vt 0.072838 0.853563
vt 0.089280 0.838918
vt 0.102574 0.817080
vt 0.089895 0.839063
vt 0.138347 0.817081
vt 0.125005 0.795874
vt 0.125417 0.795423
vt 0.120331 0.794868
vt 0.115747 0.795520
vt 0.115623 0.794900
vt 0.167088 0.855114
vt 0.163831 0.846949
vt 0.144777 0.815393
vt 0.146866 0.817362
vt 0.091401 0.843556
vt 0.102020 0.816739
vt 0.115605 0.795556
vt 0.167377 0.854709
vt 0.119997 0.856339
vt 0.077098 0.846632
vt 0.145356 0.847886
vt 0.145561 0.848487
vt 0.150731 0.839269
vt 0.137778 0.817414
vt 0.155711 0.834653
vt 0.156928 0.835069
vt 0.122755 0.790091
vt 0.133026 0.795869
vt 0.151041 0.839577
vt 0.148541 0.844058
vt 0.150704 0.839740
vt 0.150076 0.839558
vt 0.163015 0.847234
vt 0.125013 0.795223
vt 0.120313 0.795512
vt 0.119893 0.851698
vt 0.155466 0.834592
vt 0.162743 0.847148
vt 0.158284 0.835535
vt 0.167568 0.855231
vt 0.120059 0.857267
vt 0.151141 0.834550
vt 0.133407 0.796099
vt 0.127748 0.784916
vt 0.149197 0.819556
vt 0.120367 0.794864
vt 0.089306 0.839392
vt 0.092018 0.843258
vt 0.125502 0.783013
vt 0.125624 0.783058
vt 0.120858 0.774270
vt 0.099352 0.805437
vt 0.121474 0.773893
vt 0.145174 0.847328
vt 0.094883 0.846741
vt 0.089929 0.839211
vt 0.092590 0.842937
vt 0.115849 0.796104
vt 0.124613 0.796286
vt 0.150110 0.839408
vt 0.137208 0.817747
vt 0.088975 0.839225
vt 0.115369 0.794679
vt 0.148502 0.844082
vt 0.145461 0.847775
vt 0.103128 0.817421
vt 0.090466 0.839205
vt 0.115990 0.795977
vt 0.124864 0.795833
vt 0.120295 0.796149
vt 0.146001 0.848595
vt 0.072734 0.854713
vt 0.125243 0.795033
vt 0.149490 0.839378
vt 0.119865 0.848808
vt 0.093866 0.847942
vt 0.094515 0.847258
vt 0.119893 0.847344
vt 0.094171 0.847884
vt 0.094194 0.847767
vt 0.094053 0.847904
vt 0.094103 0.847817
vt 0.094091 0.847693
vt 0.094019 0.847809
vt 0.094044 0.847766
vt 0.093915 0.847894
vt 0.093951 0.847921
vt 0.093950 0.847811
vt 0.093971 0.847870
vt 0.093985 0.847810
vt 0.094029 0.847849
vt 0.094000 0.847629
vt 0.093952 0.847700
vt 0.093997 0.847735
vt 0.145917 0.848338
vt 0.145867 0.848265
vt 0.145946 0.848211
vt 0.145918 0.848454
vt 0.145870 0.848374
vt 0.145772 0.848330
vt 0.145882 0.848452
vt 0.145820 0.848406
vt 0.145915 0.848568
vt 0.145952 0.848541
vt 0.145810 0.848545
vt 0.145895 0.848515
vt 0.145836 0.848491
vt 0.145667 0.848404
vt 0.145689 0.848522
vt 0.145759 0.848457
vt 0.145847 0.848451
vt 0.115256 0.794965
vt 0.115312 0.795049
vt 0.115199 0.795097
vt 0.115310 0.794847
vt 0.115329 0.794937
vt 0.115426 0.794999
vt 0.115385 0.794866
vt 0.115396 0.794914
vt 0.115390 0.794746
vt 0.115348 0.794751
vt 0.115443 0.794808
vt 0.115373 0.794796
vt 0.115409 0.794837
vt 0.115352 0.794854
vt 0.115532 0.794949
vt 0.115525 0.794859
vt 0.115459 0.794886
vt 0.072962 0.853666
vt 0.072807 0.853697
vt 0.073052 0.853774
vt 0.072898 0.853772
vt 0.072786 0.853793
vt 0.072908 0.853867
vt 0.072860 0.853846
vt 0.073029 0.854009
vt 0.073119 0.853894
vt 0.073165 0.854041
vt 0.072927 0.853979
vt 0.072996 0.853910
vt 0.072957 0.853837
vt 0.072851 0.853896
vt 0.072848 0.853944
vt 0.072778 0.853860
vt 0.072913 0.853912
vt 0.120840 0.774496
vt 0.120933 0.774418
vt 0.120870 0.774613
vt 0.120744 0.774524
vt 0.120798 0.774427
vt 0.120858 0.774356
vt 0.120753 0.774464
vt 0.120421 0.774550
vt 0.120650 0.774508
vt 0.120580 0.774614
vt 0.120633 0.774396
vt 0.120538 0.774457
vt 0.120725 0.774634
vt 0.120800 0.774326
vt 0.120706 0.774353
vt 0.120757 0.774388
vt 0.120704 0.774444
vt 0.167117 0.854975
vt 0.167201 0.855063
vt 0.167170 0.854868
vt 0.167213 0.854971
vt 0.167272 0.854961
vt 0.167275 0.855016
vt 0.167280 0.854924
vt 0.167299 0.854856
vt 0.167252 0.854780
vt 0.167386 0.854833
vt 0.167318 0.854910
vt 0.167240 0.854903
vt 0.167319 0.854982
vt 0.167359 0.854945
vt 0.167321 0.854947
vt 0.167378 0.854905
vt 0.125105 0.795190
vt 0.125096 0.795273
vt 0.125181 0.795148
vt 0.125166 0.795218
vt 0.125196 0.795325
vt 0.125236 0.795203
vt 0.125225 0.795246
vt 0.125268 0.795098
vt 0.125227 0.795093
vt 0.125309 0.795187
vt 0.125246 0.795139
vt 0.125268 0.795192
vt 0.125212 0.795176
vt 0.125306 0.795376
vt 0.125363 0.795298
vt 0.125291 0.795270
vt 0.150707 0.839639
vt 0.150794 0.839657
vt 0.150714 0.839521
vt 0.150802 0.839591
vt 0.150887 0.839597
vt 0.150804 0.839526
vt 0.150872 0.839562
vt 0.150824 0.839365
vt 0.150721 0.839394
vt 0.150907 0.839456
vt 0.150814 0.839451
vt 0.150855 0.839530
vt 0.150972 0.839572
vt 0.150979 0.839528
vt 0.150927 0.839539
vt 0.150881 0.839501
vt 0.089290 0.839044
vt 0.089187 0.839016
vt 0.089297 0.839171
vt 0.089197 0.839101
vt 0.089105 0.839106
vt 0.089156 0.839179
vt 0.089130 0.839151
vt 0.089215 0.839306
vt 0.089303 0.839289
vt 0.089124 0.839245
vt 0.089208 0.839241
vt 0.089139 0.839210
vt 0.089207 0.839176
vt 0.089035 0.839178
vt 0.089040 0.839220
vt 0.089085 0.839188
vt 0.090449 0.839150
vt 0.090494 0.839152
vt 0.090447 0.839104
vt 0.090478 0.839121
vt 0.090508 0.839109
vt 0.090474 0.839094
vt 0.090493 0.839096
vt 0.090480 0.839036
vt 0.090479 0.839070
vt 0.090458 0.839066
vt 0.090490 0.839051
vt 0.090490 0.839071
vt 0.090487 0.839086
vt 0.090514 0.839070
vt 0.090499 0.839050
vt 0.090508 0.839032
vt 0.090499 0.839071
vt 0.090495 0.839056
vt 0.115951 0.796028
vt 0.115928 0.795983
vt 0.115918 0.796063
vt 0.115913 0.796025
vt 0.115880 0.796000
vt 0.115895 0.796053
vt 0.115882 0.796033
vt 0.115855 0.796087
vt 0.115885 0.796088
vt 0.115852 0.796077
vt 0.115875 0.796072
vt 0.115867 0.796062
vt 0.115818 0.796060
vt 0.115858 0.796049
vt 0.115841 0.796070
vt 0.115844 0.796025
vt 0.115881 0.796050
vt 0.149496 0.839396
vt 0.149484 0.839415
vt 0.149498 0.839400
vt 0.149497 0.839415
vt 0.149489 0.839451
vt 0.149503 0.839414
vt 0.149503 0.839438
vt 0.149510 0.839376
vt 0.149514 0.839411
vt 0.149501 0.839394
vt 0.149534 0.839406
vt 0.149520 0.839435
vt 0.149508 0.839428
vt 0.149504 0.839492
vt 0.149547 0.839488
vt 0.149533 0.839544
vt 0.149518 0.839462
vt 0.149547 0.839443
vt 0.145023 0.847348
vt 0.145006 0.847367
vt 0.145059 0.847336
vt 0.145025 0.847362
vt 0.145005 0.847370
vt 0.145050 0.847358
vt 0.145023 0.847372
vt 0.145126 0.847377
vt 0.145107 0.847329
vt 0.145078 0.847406
vt 0.145082 0.847361
vt 0.145054 0.847380
vt 0.144977 0.847408
vt 0.145024 0.847387
vt 0.145028 0.847416
vt 0.144994 0.847382
vt 0.145041 0.847370
vt 0.094775 0.846707
vt 0.094756 0.846756
vt 0.094709 0.846705
vt 0.094822 0.846713
vt 0.094800 0.846740
vt 0.094804 0.846785
vt 0.094832 0.846736
vt 0.094829 0.846759
vt 0.094875 0.846740
vt 0.094857 0.846723
vt 0.094879 0.846746
vt 0.094856 0.846738
vt 0.094860 0.846749
vt 0.094908 0.846791
vt 0.094860 0.846766
vt 0.094891 0.846761
vt 0.094855 0.846797
vt 0.094841 0.846748
vt 0.124708 0.796395
vt 0.124737 0.796400
vt 0.124737 0.796414
vt 0.124680 0.796370
vt 0.124722 0.796382
vt 0.124745 0.796391
vt 0.124704 0.796362
vt 0.124733 0.796373
vt 0.124674 0.796291
vt 0.124650 0.796335
vt 0.124722 0.796308
vt 0.124688 0.796334
vt 0.124720 0.796342
vt 0.124790 0.796370
vt 0.124744 0.796359
vt 0.124760 0.796334
vt 0.124762 0.796383
vt 0.124719 0.796360
vt 0.085619 0.832157
vt 0.101054 0.806306
vt 0.085654 0.832171
vt 0.101069 0.806350
vt 0.085686 0.832181
vt 0.101034 0.806268
vt 0.162956 0.847225
vt 0.155649 0.834633
vt 0.162890 0.847205
vt 0.155585 0.834613
vt 0.162818 0.847178
vt 0.155523 0.834597
vt 0.119939 0.855458
vt 0.119936 0.855406
vt 0.119933 0.855354
vt 0.072769 0.853999
vt 0.072753 0.853957
vt 0.072737 0.853916
vt 0.072547 0.854457
vt 0.072379 0.854193
vt 0.072226 0.853921
vt 0.167630 0.855084
vt 0.167611 0.855132
vt 0.167591 0.855180
vt 0.168298 0.855166
vt 0.168176 0.855438
vt 0.167982 0.855696
vt 0.120686 0.774247
vt 0.120741 0.774256
vt 0.120797 0.774262
vt 0.120406 0.773823
vt 0.120761 0.773828
vt 0.121116 0.773850
vt 0.102048 0.816639
vt 0.102032 0.816684
vt 0.102021 0.816718
vt 0.148533 0.844068
vt 0.148524 0.844077
vt 0.148513 0.844081
vt 0.119866 0.848773
vt 0.119868 0.848741
vt 0.119870 0.848713
vt 0.125567 0.782999
vt 0.125525 0.782966
vt 0.125503 0.782969
vt 0.133282 0.795987
vt 0.133170 0.795900
vt 0.133083 0.795857
vt 0.144688 0.815302
vt 0.144605 0.815225
vt 0.144537 0.815176
vt 0.120352 0.794865
vt 0.120339 0.794866
vt 0.120332 0.794867
vt 0.138395 0.817054
vt 0.138378 0.817061
vt 0.138362 0.817069
vt 0.076887 0.846703
vt 0.076938 0.846685
vt 0.077018 0.846661
vt 0.091409 0.843567
vt 0.091418 0.843576
vt 0.091429 0.843581
vt 0.103137 0.817439
vt 0.103146 0.817457
vt 0.103156 0.817475
vt 0.103165 0.817493
vt 0.147316 0.843428
vt 0.147286 0.843416
vt 0.147255 0.843405
vt 0.147225 0.843393
vt 0.119896 0.847310
vt 0.119899 0.847276
vt 0.119901 0.847243
vt 0.119903 0.847209
vt 0.120297 0.796171
vt 0.120300 0.796193
vt 0.120302 0.796214
vt 0.120305 0.796236
vt 0.137188 0.817764
vt 0.137167 0.817781
vt 0.137147 0.817798
vt 0.137126 0.817815
vt 0.092621 0.842926
vt 0.092651 0.842915
vt 0.092682 0.842904
vt 0.092712 0.842894
vt 0.150084 0.839523
vt 0.150092 0.839483
vt 0.150101 0.839443
vt 0.124897 0.795843
vt 0.124934 0.795854
vt 0.124971 0.795865
vt 0.115713 0.795529
vt 0.115676 0.795539
vt 0.115639 0.795548
vt 0.089921 0.839176
vt 0.089912 0.839137
vt 0.089904 0.839098
vt 0.094491 0.847230
vt 0.094463 0.847201
vt 0.094436 0.847171
vt 0.145380 0.847859
vt 0.145408 0.847830
vt 0.145436 0.847801
vt 0.167770 0.855944
vt 0.507393 0.739371
vt 0.507024 0.736558
vt 0.508710 0.737416
vt 0.459957 0.825867
vt 0.461631 0.816678
vt 0.461788 0.825843
vt 0.508252 0.734523
vt 0.507698 0.731528
vt 0.509381 0.732418
vt 0.479681 0.797548
vt 0.478409 0.788645
vt 0.480235 0.788654
vt 0.511270 0.728096
vt 0.513674 0.726891
vt 0.512942 0.729001
vt 0.460358 0.834997
vt 0.462193 0.834973
vt 0.479924 0.835309
vt 0.478998 0.845432
vt 0.478097 0.835365
vt 0.479256 0.816319
vt 0.477522 0.806835
vt 0.479346 0.806822
vt 0.512066 0.731157
vt 0.511052 0.733305
vt 0.508715 0.729357
vt 0.510393 0.730258
vt 0.479180 0.780015
vt 0.481011 0.780035
vt 0.462551 0.773604
vt 0.463417 0.781787
vt 0.461587 0.781799
vt 0.460844 0.790077
vt 0.462120 0.798609
vt 0.460295 0.798622
vt 0.480254 0.771041
vt 0.482083 0.771070
vt 0.481968 0.759262
vt 0.483770 0.759284
vt 0.465325 0.756662
vt 0.465629 0.765285
vt 0.463776 0.765279
vt 0.512006 0.725982
vt 0.514269 0.724811
vt 0.484367 0.742850
vt 0.486141 0.742837
vt 0.486747 0.723848
vt 0.488544 0.723938
vt 0.467191 0.747792
vt 0.467191 0.756696
vt 0.513085 0.721749
vt 0.515094 0.720582
vt 0.514739 0.722724
vt 0.460980 0.844136
vt 0.462824 0.844113
vt 0.461863 0.853601
vt 0.463721 0.853570
vt 0.482640 0.859216
vt 0.483729 0.879442
vt 0.480830 0.859297
vt 0.506562 0.733647
vt 0.463096 0.863661
vt 0.464969 0.863602
vt 0.464726 0.874111
vt 0.466580 0.873887
vt 0.485519 0.879395
vt 0.486799 0.903201
vt 0.503807 0.740911
vt 0.503882 0.737787
vt 0.505645 0.738580
vt 0.463458 0.816656
vt 0.463618 0.825819
vt 0.469932 0.798088
vt 0.464736 0.790030
vt 0.470474 0.789359
vt 0.477859 0.797551
vt 0.476581 0.788638
vt 0.477100 0.780019
vt 0.472266 0.772326
vt 0.478178 0.771045
vt 0.464028 0.834948
vt 0.464668 0.844087
vt 0.477429 0.816342
vt 0.475785 0.825909
vt 0.475602 0.816365
vt 0.475697 0.806848
vt 0.477613 0.825874
vt 0.476267 0.835421
vt 0.461752 0.807533
vt 0.462669 0.790063
vt 0.463944 0.798595
vt 0.464494 0.790049
vt 0.478424 0.771010
vt 0.476334 0.788657
vt 0.471229 0.780904
vt 0.464390 0.773597
vt 0.465247 0.781776
vt 0.466228 0.773594
vt 0.482598 0.742859
vt 0.473808 0.762299
vt 0.479918 0.759315
vt 0.467479 0.765296
vt 0.469049 0.747980
vt 0.469050 0.756733
vt 0.484892 0.723966
vt 0.464270 0.834954
vt 0.469643 0.825865
vt 0.470084 0.835184
vt 0.477161 0.845510
vt 0.479019 0.859380
vt 0.465577 0.853535
vt 0.466833 0.863541
vt 0.470847 0.844791
vt 0.465827 0.853600
vt 0.464912 0.844104
vt 0.481940 0.879492
vt 0.484925 0.903093
vt 0.468394 0.873660
vt 0.479437 0.825837
vt 0.473480 0.889997
vt 0.474943 0.889261
vt 0.476418 0.888523
vt 0.475539 0.825910
vt 0.476020 0.835417
vt 0.476034 0.797554
vt 0.475357 0.816370
vt 0.501334 0.743813
vt 0.501656 0.740524
vt 0.509930 0.735395
vt 0.478769 0.859311
vt 0.474577 0.871433
vt 0.472284 0.856425
vt 0.514365 0.712400
vt 0.513592 0.708627
vt 0.514766 0.712254
vt 0.514044 0.708597
vt 0.515167 0.712111
vt 0.465490 0.781752
vt 0.459922 0.807549
vt 0.463860 0.825819
vt 0.469471 0.816515
vt 0.463580 0.807517
vt 0.498660 0.747175
vt 0.498339 0.744473
vt 0.502679 0.745182
vt 0.504314 0.743303
vt 0.468619 0.873598
vt 0.467096 0.863701
vt 0.481683 0.879310
vt 0.476443 0.888135
vt 0.513495 0.719201
vt 0.515352 0.718355
vt 0.510334 0.725070
vt 0.512605 0.723898
vt 0.477347 0.779995
vt 0.469322 0.756563
vt 0.475954 0.749848
vt 0.509596 0.727189
vt 0.510937 0.722981
vt 0.469583 0.807193
vt 0.475451 0.806859
vt 0.480832 0.845354
vt 0.476914 0.845495
vt 0.513894 0.716004
vt 0.515545 0.716179
vt 0.512466 0.713616
vt 0.514338 0.712487
vt 0.482344 0.743037
vt 0.477703 0.736286
vt 0.484603 0.724530
vt 0.471081 0.748244
vt 0.498618 0.747254
vt 0.494771 0.749647
vt 0.494499 0.749296
vt 0.505938 0.741320
vt 0.498794 0.747638
vt 0.495058 0.749995
vt 0.467732 0.765220
vt 0.459801 0.816699
vt 0.475788 0.797569
vt 0.466474 0.773560
vt 0.474769 0.734396
vt 0.511428 0.720769
vt 0.480166 0.759236
vt 0.476224 0.735142
vt 0.470863 0.748171
vt 0.464185 0.798581
vt 0.463822 0.807508
vt 0.463699 0.816651
vt 0.505325 0.735695
vt 0.511898 0.717808
vt 0.513150 0.708666
vt 0.513138 0.708674
vt 0.513148 0.708655
vt 0.513143 0.708692
vt 0.513130 0.708695
vt 0.513134 0.708664
vt 0.513146 0.708650
vt 0.513128 0.708683
vt 0.488637 0.724274
vt 0.488692 0.724265
vt 0.488672 0.724371
vt 0.488609 0.724158
vt 0.488651 0.724146
vt 0.513125 0.708722
vt 0.513138 0.708722
vt 0.513132 0.708754
vt 0.488617 0.724051
vt 0.488651 0.724038
vt 0.488584 0.723971
vt 0.488581 0.724042
vt 0.488542 0.723874
vt 0.488589 0.723926
vt 0.488618 0.723999
vt 0.494499 0.749282
vt 0.494515 0.749273
vt 0.494491 0.749302
vt 0.494488 0.749286
vt 0.494510 0.749261
vt 0.494534 0.749247
vt 0.494499 0.749268
vt 0.488568 0.903070
vt 0.488608 0.903034
vt 0.488566 0.903111
vt 0.488604 0.902961
vt 0.488642 0.902949
vt 0.488611 0.903079
vt 0.488640 0.903004
vt 0.494554 0.749221
vt 0.494545 0.749210
vt 0.494570 0.749197
vt 0.494525 0.749238
vt 0.488672 0.902843
vt 0.488632 0.902833
vt 0.488658 0.902709
vt 0.494503 0.749255
vt 0.484754 0.723913
vt 0.484766 0.724012
vt 0.484714 0.724079
vt 0.514041 0.708582
vt 0.514061 0.708591
vt 0.514067 0.708601
vt 0.484728 0.724133
vt 0.484669 0.724237
vt 0.484763 0.724081
vt 0.484814 0.724032
vt 0.484883 0.723919
vt 0.484817 0.724118
vt 0.484758 0.724146
vt 0.484807 0.723975
vt 0.484627 0.724393
vt 0.484669 0.724414
vt 0.484699 0.724262
vt 0.484742 0.724270
vt 0.495078 0.749999
vt 0.495049 0.750001
vt 0.484745 0.902993
vt 0.484757 0.902933
vt 0.484811 0.903056
vt 0.484883 0.903156
vt 0.484852 0.903082
vt 0.484799 0.902985
vt 0.484694 0.902634
vt 0.484651 0.902656
vt 0.484626 0.902513
vt 0.484771 0.902785
vt 0.484725 0.902795
vt 0.484695 0.902821
vt 0.484788 0.902918
vt 0.484855 0.903030
vt 0.484852 0.902946
vt 0.484906 0.903160
vt 0.512077 0.731163
vt 0.511063 0.733311
vt 0.512087 0.731168
vt 0.511073 0.733315
vt 0.512096 0.731172
vt 0.511082 0.733320
vt 0.459874 0.807548
vt 0.459753 0.816700
vt 0.512953 0.729007
vt 0.512963 0.729012
vt 0.459833 0.807545
vt 0.460247 0.798621
vt 0.479628 0.825827
vt 0.479396 0.816319
vt 0.479447 0.816320
vt 0.479576 0.825831
vt 0.479351 0.816318
vt 0.479531 0.825834
vt 0.479306 0.816318
vt 0.480114 0.835286
vt 0.480063 0.835295
vt 0.480019 0.835302
vt 0.479487 0.825836
vt 0.508721 0.737421
vt 0.509942 0.735401
vt 0.508731 0.737426
vt 0.509951 0.735406
vt 0.508740 0.737432
vt 0.460310 0.834999
vt 0.509960 0.735411
vt 0.459909 0.825868
vt 0.479871 0.797570
vt 0.479485 0.806828
vt 0.479820 0.797560
vt 0.479440 0.806825
vt 0.479776 0.797554
vt 0.479396 0.806823
vt 0.479732 0.797549
vt 0.479536 0.806834
vt 0.481198 0.780078
vt 0.480373 0.788672
vt 0.481149 0.780060
vt 0.480329 0.788662
vt 0.481106 0.780047
vt 0.480285 0.788656
vt 0.481062 0.780038
vt 0.480424 0.788686
vt 0.513685 0.726897
vt 0.513695 0.726902
vt 0.460207 0.798618
vt 0.460795 0.790076
vt 0.514281 0.724817
vt 0.514291 0.724821
vt 0.460755 0.790071
vt 0.461539 0.781797
vt 0.514750 0.722730
vt 0.514760 0.722735
vt 0.461498 0.781790
vt 0.462502 0.773601
vt 0.515105 0.720592
vt 0.515114 0.720599
vt 0.462462 0.773591
vt 0.463727 0.765273
vt 0.483944 0.759379
vt 0.482218 0.771104
vt 0.483900 0.759340
vt 0.482176 0.771086
vt 0.483860 0.759310
vt 0.482133 0.771074
vt 0.483819 0.759291
vt 0.482265 0.771128
vt 0.515557 0.716175
vt 0.514342 0.712456
vt 0.515568 0.716170
vt 0.514347 0.712429
vt 0.515577 0.716163
vt 0.514355 0.712410
vt 0.515588 0.716155
vt 0.513126 0.708781
vt 0.515362 0.718372
vt 0.515371 0.718385
vt 0.463688 0.765255
vt 0.465276 0.756649
vt 0.465240 0.756613
vt 0.467139 0.747795
vt 0.486263 0.742938
vt 0.486228 0.742884
vt 0.486189 0.742849
vt 0.486302 0.743005
vt 0.481018 0.845311
vt 0.480969 0.845328
vt 0.480926 0.845341
vt 0.479975 0.835306
vt 0.482816 0.859126
vt 0.482771 0.859162
vt 0.482731 0.859190
vt 0.480882 0.845350
vt 0.505952 0.741323
vt 0.507405 0.739377
vt 0.505963 0.741325
vt 0.507415 0.739381
vt 0.505973 0.741330
vt 0.461814 0.853606
vt 0.507424 0.739387
vt 0.460931 0.844138
vt 0.498641 0.747199
vt 0.498626 0.747221
vt 0.498618 0.747240
vt 0.502685 0.745193
vt 0.502689 0.745203
vt 0.502694 0.745213
vt 0.502696 0.745225
vt 0.485680 0.879217
vt 0.485641 0.879287
vt 0.485606 0.879344
vt 0.482690 0.859209
vt 0.485567 0.879381
vt 0.488692 0.902605
vt 0.504332 0.743299
vt 0.504348 0.743297
vt 0.464675 0.874110
vt 0.504360 0.743298
vt 0.463048 0.863673
vt 0.463515 0.816655
vt 0.463638 0.807516
vt 0.463578 0.816654
vt 0.463701 0.807514
vt 0.463641 0.816653
vt 0.463764 0.807511
vt 0.464001 0.798593
vt 0.464064 0.798590
vt 0.464127 0.798585
vt 0.475727 0.825910
vt 0.475544 0.816366
vt 0.475663 0.825911
vt 0.475480 0.816367
vt 0.475599 0.825911
vt 0.475416 0.816368
vt 0.476208 0.835422
vt 0.476144 0.835421
vt 0.476080 0.835419
vt 0.463675 0.825818
vt 0.464085 0.834948
vt 0.463738 0.825818
vt 0.464149 0.834949
vt 0.463802 0.825818
vt 0.464212 0.834951
vt 0.475976 0.797556
vt 0.475638 0.806849
vt 0.475912 0.797559
vt 0.475575 0.806852
vt 0.475848 0.797564
vt 0.475510 0.806855
vt 0.477288 0.779997
vt 0.476522 0.788640
vt 0.477224 0.780002
vt 0.476458 0.788644
vt 0.477160 0.780010
vt 0.476394 0.788650
vt 0.464551 0.790047
vt 0.464615 0.790043
vt 0.464678 0.790036
vt 0.465304 0.781774
vt 0.465368 0.781768
vt 0.465431 0.781760
vt 0.466286 0.773591
vt 0.466350 0.773583
vt 0.466415 0.773572
vt 0.467538 0.765290
vt 0.467604 0.765273
vt 0.467671 0.765248
vt 0.480108 0.759242
vt 0.478366 0.771013
vt 0.480044 0.759259
vt 0.478302 0.771021
vt 0.479979 0.759285
vt 0.478237 0.771032
vt 0.477722 0.735938
vt 0.470919 0.748181
vt 0.477731 0.736027
vt 0.470977 0.748197
vt 0.477722 0.736148
vt 0.471032 0.748218
vt 0.477690 0.735891
vt 0.469111 0.756721
vt 0.469181 0.756683
vt 0.469254 0.756628
vt 0.482540 0.742873
vt 0.482475 0.742912
vt 0.482407 0.742970
vt 0.477103 0.845511
vt 0.477039 0.845508
vt 0.476974 0.845502
vt 0.478960 0.859377
vt 0.478896 0.859362
vt 0.478830 0.859339
vt 0.464726 0.844088
vt 0.465636 0.853539
vt 0.464789 0.844092
vt 0.465701 0.853554
vt 0.464853 0.844097
vt 0.465767 0.853575
vt 0.498973 0.748021
vt 0.495094 0.749990
vt 0.476452 0.888478
vt 0.476464 0.888390
vt 0.476458 0.888271
vt 0.468450 0.873651
vt 0.468510 0.873637
vt 0.468568 0.873619
vt 0.481882 0.879479
vt 0.481816 0.879439
vt 0.481747 0.879380
vt 0.466893 0.863552
vt 0.466961 0.863587
vt 0.467031 0.863639
vt 0.486803 0.903246
vt 0.484917 0.903139
vt 0.494755 0.749653
vt 0.494485 0.749304
vt 0.494761 0.749651
vt 0.486752 0.723803
vt 0.488542 0.723897
vt 0.513588 0.708616
vt 0.514043 0.708587
vt 0.484792 0.723874
vt 0.467093 0.747804
vt 0.498985 0.748031
vt 0.578278 0.806671
vt 0.569734 0.772199
vt 0.578951 0.805973
vt 0.534247 0.738723
vt 0.499179 0.795322
vt 0.536685 0.723097
vt 0.537321 0.836964
vt 0.505328 0.863593
vt 0.536870 0.836387
vt 0.505801 0.862439
vt 0.536419 0.835809
vt 0.559513 0.810351
vt 0.531735 0.803726
vt 0.543572 0.784531
vt 0.650266 0.848754
vt 0.592187 0.889049
vt 0.590661 0.884509
vt 0.562378 0.730692
vt 0.568875 0.772381
vt 0.608954 0.833105
vt 0.645642 0.848906
vt 0.608661 0.833950
vt 0.517866 0.800419
vt 0.527647 0.758736
vt 0.656787 0.819410
vt 0.624673 0.758176
vt 0.669733 0.830006
vt 0.524835 0.883343
vt 0.550519 0.849159
vt 0.527151 0.882240
vt 0.611292 0.802516
vt 0.609781 0.771956
vt 0.641849 0.800962
vt 0.574749 0.824506
vt 0.551151 0.849905
vt 0.551293 0.718585
vt 0.628196 0.754670
vt 0.509815 0.890108
vt 0.593890 0.894168
vt 0.494685 0.896428
vt 0.666326 0.845467
vt 0.562560 0.730585
vt 0.620532 0.762357
vt 0.563641 0.732204
vt 0.613462 0.814785
vt 0.579055 0.806072
vt 0.613603 0.813901
vt 0.567542 0.812476
vt 0.540195 0.846555
vt 0.538679 0.841642
vt 0.494517 0.794088
vt 0.539464 0.706741
vt 0.578185 0.806878
vt 0.564223 0.771240
vt 0.568715 0.772362
vt 0.621313 0.761528
vt 0.654534 0.817964
vt 0.643717 0.704549
vt 0.631832 0.753845
vt 0.595056 0.719144
vt 0.573010 0.817850
vt 0.540354 0.846696
vt 0.571882 0.813663
vt 0.555409 0.773955
vt 0.552370 0.777338
vt 0.615022 0.819544
vt 0.613493 0.814946
vt 0.559146 0.770075
vt 0.539762 0.706641
vt 0.558945 0.770137
vt 0.609247 0.832256
vt 0.574635 0.823562
vt 0.574377 0.822623
vt 0.524964 0.883526
vt 0.590102 0.883068
vt 0.590561 0.884249
vt 0.499465 0.880288
vt 0.494458 0.896212
vt 0.647483 0.848988
vt 0.649553 0.848899
vt 0.649556 0.848679
vt 0.574914 0.810335
vt 0.616658 0.824782
vt 0.571928 0.813486
vt 0.524301 0.883757
vt 0.545373 0.847612
vt 0.549745 0.848342
vt 0.562939 0.811305
vt 0.683298 0.841444
vt 0.563484 0.732312
vt 0.570597 0.772019
vt 0.562714 0.811327
vt 0.561776 0.811093
vt 0.534132 0.739425
vt 0.504575 0.796406
vt 0.503696 0.796420
vt 0.680493 0.739250
vt 0.692377 0.689955
vt 0.505160 0.863455
vt 0.504589 0.864703
vt 0.552244 0.777434
vt 0.561810 0.810952
vt 0.551447 0.777664
vt 0.616607 0.824991
vt 0.612801 0.828805
vt 0.549889 0.848408
vt 0.574495 0.823601
vt 0.683209 0.841757
vt 0.668608 0.788546
vt 0.652014 0.732548
vt 0.571752 0.813538
vt 0.560873 0.810868
vt 0.505651 0.862352
vt 0.534105 0.741259
vt 0.505450 0.796393
vt 0.579697 0.805398
vt 0.613742 0.813019
vt 0.564585 0.733535
vt 0.619756 0.763179
vt 0.527265 0.882412
vt 0.589646 0.881894
vt 0.574884 0.824468
vt 0.645652 0.849085
vt 0.562087 0.730073
vt 0.621505 0.761331
vt 0.656136 0.819148
vt 0.654432 0.818132
vt 0.653008 0.817235
vt 0.579597 0.805302
vt 0.574247 0.822437
vt 0.574982 0.825702
vt 0.582814 0.853665
vt 0.559851 0.852481
vt 0.586724 0.867627
vt 0.544736 0.879235
vt 0.537384 0.837118
vt 0.504353 0.865538
vt 0.533787 0.826234
vt 0.508085 0.842102
vt 0.560905 0.810733
vt 0.550651 0.777897
vt 0.579208 0.773495
vt 0.577712 0.742949
vt 0.580706 0.804071
vt 0.600099 0.782650
vt 0.609351 0.832126
vt 0.601860 0.840868
vt 0.628712 0.856019
vt 0.529143 0.881341
vt 0.503420 0.796399
vt 0.534349 0.739395
vt 0.534311 0.741248
vt 0.534231 0.742853
vt 0.578297 0.806704
vt 0.578259 0.806728
vt 0.578322 0.806733
vt 0.578273 0.806751
vt 0.578238 0.806794
vt 0.578331 0.806797
vt 0.578353 0.806757
vt 0.578387 0.806775
vt 0.578267 0.806821
vt 0.578308 0.806784
vt 0.578269 0.806789
vt 0.578290 0.806768
vt 0.578212 0.806844
vt 0.578254 0.806792
vt 0.578237 0.806823
vt 0.578219 0.806849
vt 0.524801 0.883425
vt 0.524666 0.883510
vt 0.524814 0.883477
vt 0.524669 0.883529
vt 0.524569 0.883610
vt 0.524514 0.883629
vt 0.524709 0.883579
vt 0.524861 0.883513
vt 0.524692 0.883567
vt 0.524683 0.883546
vt 0.524487 0.883656
vt 0.524407 0.883687
vt 0.562324 0.730466
vt 0.562403 0.730624
vt 0.562259 0.730345
vt 0.562279 0.730368
vt 0.562484 0.730573
vt 0.562362 0.730419
vt 0.562436 0.730588
vt 0.562351 0.730429
vt 0.562244 0.730318
vt 0.562214 0.730256
vt 0.656205 0.819119
vt 0.656343 0.819211
vt 0.656239 0.819084
vt 0.656371 0.819195
vt 0.656513 0.819253
vt 0.656565 0.819283
vt 0.656235 0.818959
vt 0.656407 0.819161
vt 0.656251 0.819035
vt 0.656596 0.819292
vt 0.656416 0.819148
vt 0.534291 0.739342
vt 0.534295 0.739186
vt 0.534240 0.739331
vt 0.534271 0.739172
vt 0.534252 0.739033
vt 0.534256 0.738983
vt 0.534228 0.739160
vt 0.534190 0.739352
vt 0.534213 0.739158
vt 0.534253 0.739018
vt 0.534240 0.738839
vt 0.534251 0.738932
vt 0.534240 0.738957
vt 0.574242 0.822603
vt 0.574263 0.822644
vt 0.574231 0.822664
vt 0.574254 0.822536
vt 0.574265 0.822591
vt 0.574288 0.822583
vt 0.574300 0.822629
vt 0.574293 0.822526
vt 0.574267 0.822509
vt 0.574263 0.822478
vt 0.574255 0.822480
vt 0.574339 0.822623
vt 0.574337 0.822577
vt 0.574311 0.822578
vt 0.574285 0.822540
vt 0.649790 0.848753
vt 0.649603 0.848737
vt 0.649772 0.848722
vt 0.649964 0.848762
vt 0.649933 0.848761
vt 0.649793 0.848777
vt 0.649618 0.848786
vt 0.649605 0.848837
vt 0.649810 0.848811
vt 0.649807 0.848796
vt 0.650034 0.848769
vt 0.562797 0.811219
vt 0.562751 0.811218
vt 0.562750 0.811181
vt 0.562835 0.811270
vt 0.562797 0.811245
vt 0.562746 0.811257
vt 0.562820 0.811276
vt 0.562792 0.811269
vt 0.562895 0.811299
vt 0.562831 0.811288
vt 0.562866 0.811287
vt 0.562898 0.811290
vt 0.562849 0.811262
vt 0.562732 0.811294
vt 0.562772 0.811315
vt 0.562785 0.811292
vt 0.562839 0.811302
vt 0.504624 0.865044
vt 0.504688 0.864860
vt 0.504749 0.864880
vt 0.504511 0.865183
vt 0.504590 0.865026
vt 0.504569 0.865002
vt 0.504651 0.864824
vt 0.504526 0.865128
vt 0.504622 0.864773
vt 0.504531 0.864981
vt 0.504548 0.864995
vt 0.504500 0.865185
vt 0.504462 0.865252
vt 0.683369 0.841420
vt 0.683286 0.841526
vt 0.683450 0.841424
vt 0.683397 0.841543
vt 0.683269 0.841604
vt 0.683475 0.841578
vt 0.683389 0.841633
vt 0.595042 0.719140
vt 0.595061 0.719121
vt 0.595051 0.719167
vt 0.595032 0.719156
vt 0.595039 0.719122
vt 0.595067 0.719105
vt 0.683502 0.841663
vt 0.683439 0.841646
vt 0.683243 0.841680
vt 0.683265 0.841814
vt 0.683350 0.841716
vt 0.683341 0.841845
vt 0.683437 0.841722
vt 0.539408 0.706694
vt 0.539536 0.706707
vt 0.539372 0.706625
vt 0.539496 0.706607
vt 0.539609 0.706678
vt 0.539485 0.706525
vt 0.539574 0.706566
vt 0.692388 0.689943
vt 0.692395 0.689970
vt 0.692361 0.689938
vt 0.692380 0.689927
vt 0.692405 0.689950
vt 0.692405 0.689983
vt 0.539539 0.706457
vt 0.539559 0.706518
vt 0.539683 0.706657
vt 0.539783 0.706572
vt 0.539660 0.706553
vt 0.539774 0.706495
vt 0.539623 0.706480
vt 0.571925 0.813534
vt 0.571881 0.813491
vt 0.571916 0.813578
vt 0.571882 0.813535
vt 0.571837 0.813502
vt 0.571855 0.813564
vt 0.571848 0.813539
vt 0.571865 0.813601
vt 0.571903 0.813620
vt 0.571810 0.813609
vt 0.571843 0.813638
vt 0.571879 0.813570
vt 0.571794 0.813517
vt 0.571780 0.813576
vt 0.571816 0.813554
vt 0.571837 0.813582
vt 0.494667 0.896511
vt 0.494624 0.896380
vt 0.494622 0.896586
vt 0.494553 0.896473
vt 0.494565 0.896330
vt 0.494481 0.896530
vt 0.494480 0.896425
vt 0.668614 0.788561
vt 0.668589 0.788555
vt 0.668631 0.788540
vt 0.668632 0.788562
vt 0.668601 0.788573
vt 0.668574 0.788558
vt 0.494392 0.896514
vt 0.494442 0.896465
vt 0.494510 0.896274
vt 0.494383 0.896231
vt 0.494425 0.896351
vt 0.494313 0.896280
vt 0.494375 0.896426
vt 0.564437 0.733637
vt 0.564503 0.733622
vt 0.564491 0.733677
vt 0.564466 0.733580
vt 0.564487 0.733557
vt 0.564539 0.733664
vt 0.564544 0.733723
vt 0.564515 0.733600
vt 0.564537 0.733635
vt 0.564541 0.733598
vt 0.564516 0.733545
vt 0.564597 0.733613
vt 0.564562 0.733650
vt 0.564596 0.733774
vt 0.564629 0.733754
vt 0.564995 0.732758
vt 0.564577 0.733702
vt 0.564611 0.733684
vt 0.579629 0.805286
vt 0.579618 0.805331
vt 0.579661 0.805275
vt 0.579647 0.805315
vt 0.579641 0.805357
vt 0.579674 0.805321
vt 0.579662 0.805334
vt 0.579727 0.805300
vt 0.579694 0.805267
vt 0.578625 0.806478
vt 0.579722 0.805333
vt 0.579694 0.805301
vt 0.579692 0.805326
vt 0.579669 0.805304
vt 0.579667 0.805379
vt 0.579712 0.805366
vt 0.579682 0.805349
vt 0.653019 0.817167
vt 0.653065 0.817202
vt 0.652963 0.817182
vt 0.652974 0.817133
vt 0.653041 0.817153
vt 0.653086 0.817179
vt 0.653004 0.817133
vt 0.652877 0.817046
vt 0.652859 0.817080
vt 0.653793 0.816607
vt 0.652950 0.817060
vt 0.652933 0.817096
vt 0.652914 0.817131
vt 0.653103 0.817078
vt 0.653041 0.817127
vt 0.653023 0.817070
vt 0.653097 0.817149
vt 0.652987 0.817108
vt 0.574782 0.824490
vt 0.574770 0.824535
vt 0.574814 0.824478
vt 0.574799 0.824519
vt 0.574793 0.824561
vt 0.574822 0.824508
vt 0.574815 0.824538
vt 0.574881 0.824504
vt 0.574848 0.824471
vt 0.574875 0.824538
vt 0.574848 0.824505
vt 0.574845 0.824530
vt 0.574819 0.824583
vt 0.574864 0.824570
vt 0.574383 0.823149
vt 0.574835 0.824553
vt 0.574827 0.824526
vt 0.529206 0.881375
vt 0.529149 0.881398
vt 0.529215 0.881316
vt 0.529253 0.881364
vt 0.529211 0.881411
vt 0.529164 0.881429
vt 0.529244 0.881393
vt 0.529369 0.881346
vt 0.529337 0.881296
vt 0.528995 0.882068
vt 0.529336 0.881392
vt 0.529304 0.881355
vt 0.529278 0.881303
vt 0.529275 0.881397
vt 0.529237 0.881490
vt 0.529241 0.881429
vt 0.529296 0.881437
vt 0.529187 0.881455
vt 0.645602 0.848961
vt 0.645559 0.848922
vt 0.645668 0.848957
vt 0.645622 0.848994
vt 0.645546 0.848974
vt 0.645489 0.848943
vt 0.645574 0.848994
vt 0.645603 0.849027
vt 0.645672 0.849027
vt 0.645561 0.849068
vt 0.645546 0.849015
vt 0.645422 0.848964
vt 0.645421 0.849021
vt 0.645955 0.849741
vt 0.645489 0.848994
vt 0.645488 0.849045
vt 0.534176 0.742892
vt 0.534179 0.742830
vt 0.534219 0.742931
vt 0.534164 0.742943
vt 0.534143 0.742877
vt 0.534143 0.742919
vt 0.534124 0.743060
vt 0.534181 0.743057
vt 0.533615 0.742513
vt 0.534099 0.743003
vt 0.534147 0.742996
vt 0.534201 0.742996
vt 0.534124 0.742946
vt 0.534057 0.742858
vt 0.534112 0.742896
vt 0.534077 0.742940
vt 0.534145 0.742826
vt 0.560904 0.810769
vt 0.560870 0.810737
vt 0.560898 0.810803
vt 0.560870 0.810771
vt 0.560837 0.810745
vt 0.560868 0.810796
vt 0.560845 0.810774
vt 0.560843 0.810848
vt 0.560888 0.810835
vt 0.560817 0.810826
vt 0.560858 0.810819
vt 0.560838 0.810804
vt 0.560805 0.810756
vt 0.560794 0.810801
vt 0.562452 0.811175
vt 0.560823 0.810785
vt 0.560850 0.810791
vt 0.505772 0.862366
vt 0.505826 0.862354
vt 0.505748 0.862429
vt 0.505736 0.862365
vt 0.505788 0.862305
vt 0.505844 0.862270
vt 0.505757 0.862320
vt 0.505720 0.862333
vt 0.505690 0.862392
vt 0.505709 0.862282
vt 0.505755 0.862284
vt 0.505716 0.862414
vt 0.505858 0.862190
vt 0.505811 0.862165
vt 0.504889 0.861958
vt 0.505800 0.862240
vt 0.505760 0.862221
vt 0.559090 0.770070
vt 0.559037 0.770078
vt 0.558989 0.770101
vt 0.540298 0.846678
vt 0.540219 0.846607
vt 0.540253 0.846648
vt 0.680513 0.739255
vt 0.668647 0.788533
vt 0.494416 0.794060
vt 0.680526 0.739258
vt 0.494313 0.794032
vt 0.616642 0.824944
vt 0.616663 0.824894
vt 0.616668 0.824840
vt 0.643711 0.704529
vt 0.692347 0.689928
vt 0.628272 0.754595
vt 0.643708 0.704516
vt 0.628350 0.754519
vt 0.631818 0.753860
vt 0.595050 0.719184
vt 0.593958 0.894372
vt 0.593924 0.894269
vt 0.631810 0.753869
vt 0.568837 0.772385
vt 0.562307 0.730497
vt 0.568797 0.772381
vt 0.562225 0.730290
vt 0.568757 0.772373
vt 0.562153 0.730189
vt 0.656666 0.819349
vt 0.613478 0.814903
vt 0.613467 0.814863
vt 0.613460 0.814824
vt 0.562154 0.730164
vt 0.621454 0.761382
vt 0.621406 0.761431
vt 0.621360 0.761478
vt 0.656688 0.819345
vt 0.549861 0.848382
vt 0.549828 0.848363
vt 0.549790 0.848350
vt 0.609264 0.832220
vt 0.609288 0.832188
vt 0.650002 0.848760
vt 0.609317 0.832157
vt 0.650129 0.848751
vt 0.650149 0.848765
vt 0.590637 0.884440
vt 0.590612 0.884376
vt 0.590587 0.884314
vt 0.524417 0.883703
vt 0.524524 0.883643
vt 0.534257 0.738857
vt 0.552341 0.777370
vt 0.552311 0.777398
vt 0.552279 0.777420
vt 0.537372 0.837075
vt 0.537359 0.837034
vt 0.537342 0.836997
vt 0.504415 0.865416
vt 0.504400 0.865424
vt 0.503490 0.796414
vt 0.503558 0.796420
vt 0.503626 0.796420
vt 0.570711 0.772025
vt 0.570672 0.772018
vt 0.570633 0.772015
vt 0.573245 0.772244
vt 0.613744 0.812981
vt 0.613740 0.812943
vt 0.613731 0.812903
vt 0.613334 0.810421
vt 0.619711 0.763226
vt 0.619667 0.763274
vt 0.619621 0.763321
vt 0.617614 0.765484
vt 0.553609 0.851244
vt 0.551244 0.849965
vt 0.551209 0.849950
vt 0.551178 0.849931
vt 0.608595 0.834047
vt 0.608622 0.834017
vt 0.608645 0.833984
vt 0.607035 0.836155
vt 0.589622 0.881832
vt 0.589598 0.881771
vt 0.589577 0.881709
vt 0.589221 0.878271
vt 0.550617 0.777910
vt 0.550585 0.777931
vt 0.550556 0.777956
vt 0.548411 0.779499
vt 0.536398 0.835777
vt 0.536382 0.835741
vt 0.536367 0.835703
vt 0.535720 0.833532
vt 0.505519 0.796392
vt 0.505586 0.796392
vt 0.505653 0.796398
vt 0.508018 0.797513
vt 0.578977 0.805997
vt 0.579003 0.806022
vt 0.579029 0.806047
vt 0.654504 0.818013
vt 0.654483 0.818048
vt 0.654462 0.818083
vt 0.527196 0.882285
vt 0.527247 0.882354
vt 0.527226 0.882317
vt 0.647471 0.848775
vt 0.647478 0.848884
vt 0.645675 0.848991
vt 0.647475 0.848840
vt 0.647480 0.848926
vt 0.561784 0.811057
vt 0.561793 0.811022
vt 0.561802 0.810987
vt 0.534111 0.742833
vt 0.534250 0.741258
vt 0.534166 0.741265
vt 0.534208 0.741264
vt 0.563531 0.732280
vt 0.563563 0.732258
vt 0.563595 0.732236
vt 0.574600 0.823572
vt 0.574565 0.823582
vt 0.574530 0.823591
vt 0.505203 0.863512
vt 0.505233 0.863551
vt 0.505268 0.863575
vt 0.650058 0.848759
vt 0.562195 0.730243
vt 0.656613 0.819310
vt 0.504481 0.865241
vt 0.504448 0.865319
vt 0.578267 0.806805
vt 0.656524 0.819261
vt 0.574268 0.822545
vt 0.500159 0.718515
vt 0.500566 0.721330
vt 0.498864 0.720493
vt 0.429492 0.827735
vt 0.431115 0.818447
vt 0.431340 0.827693
vt 0.499365 0.723385
vt 0.499966 0.726377
vt 0.498266 0.725510
vt 0.449246 0.799216
vt 0.448030 0.790304
vt 0.449855 0.790328
vt 0.496432 0.729861
vt 0.494041 0.731081
vt 0.494755 0.728973
vt 0.430006 0.836951
vt 0.431858 0.836900
vt 0.449661 0.836980
vt 0.448907 0.847093
vt 0.447837 0.837062
vt 0.448820 0.817998
vt 0.447064 0.808507
vt 0.448890 0.808494
vt 0.495603 0.726812
vt 0.496578 0.724648
vt 0.498978 0.728568
vt 0.497286 0.727687
vt 0.448887 0.781688
vt 0.450715 0.781730
vt 0.432392 0.774929
vt 0.433065 0.783210
vt 0.431215 0.783187
vt 0.430340 0.791558
vt 0.431574 0.800202
vt 0.429726 0.800210
vt 0.450093 0.772730
vt 0.451899 0.772796
vt 0.452118 0.760866
vt 0.453780 0.761015
vt 0.435880 0.758022
vt 0.435681 0.766523
vt 0.433938 0.766588
vt 0.495711 0.731981
vt 0.493454 0.733156
vt 0.455220 0.744047
vt 0.456563 0.744384
vt 0.459656 0.725000
vt 0.458765 0.724400
vt 0.438032 0.749520
vt 0.437392 0.757680
vt 0.494630 0.736214
vt 0.492615 0.737367
vt 0.492982 0.735234
vt 0.430792 0.846169
vt 0.432653 0.846108
vt 0.431904 0.855703
vt 0.433777 0.855621
vt 0.452869 0.860677
vt 0.454479 0.880520
vt 0.451082 0.860808
vt 0.501071 0.724238
vt 0.433445 0.865802
vt 0.435337 0.865670
vt 0.435583 0.876068
vt 0.437367 0.875783
vt 0.456250 0.880437
vt 0.457797 0.903818
vt 0.503732 0.716943
vt 0.503694 0.720060
vt 0.501920 0.719288
vt 0.432958 0.818415
vt 0.433186 0.827651
vt 0.439459 0.799711
vt 0.434276 0.791552
vt 0.440067 0.790939
vt 0.447422 0.799211
vt 0.446200 0.790280
vt 0.446809 0.781668
vt 0.442132 0.773853
vt 0.448038 0.772694
vt 0.433708 0.836848
vt 0.434511 0.846044
vt 0.446992 0.818030
vt 0.445413 0.827626
vt 0.445162 0.818061
vt 0.445234 0.808520
vt 0.447243 0.827573
vt 0.446007 0.837144
vt 0.431206 0.809219
vt 0.432188 0.791563
vt 0.433419 0.800195
vt 0.434033 0.791569
vt 0.448286 0.772663
vt 0.445953 0.790297
vt 0.440932 0.782460
vt 0.434231 0.774960
vt 0.434911 0.783235
vt 0.436064 0.774993
vt 0.453879 0.743711
vt 0.443921 0.763619
vt 0.450205 0.760781
vt 0.437420 0.766461
vt 0.439235 0.748828
vt 0.438904 0.757340
vt 0.457831 0.723843
vt 0.433952 0.836849
vt 0.439250 0.827639
vt 0.439805 0.836996
vt 0.447080 0.847210
vt 0.449294 0.860943
vt 0.435646 0.855536
vt 0.437203 0.865542
vt 0.440740 0.846622
vt 0.435899 0.855594
vt 0.434757 0.846057
vt 0.452721 0.880606
vt 0.455981 0.903071
vt 0.439117 0.875505
vt 0.449068 0.827520
vt 0.444572 0.891196
vt 0.445979 0.890428
vt 0.447351 0.889656
vt 0.445166 0.827629
vt 0.445760 0.837144
vt 0.445594 0.799206
vt 0.444915 0.818068
vt 0.506190 0.714045
vt 0.505870 0.717317
vt 0.497669 0.722536
vt 0.449046 0.860881
vt 0.445212 0.873029
vt 0.442465 0.858221
vt 0.494464 0.749303
vt 0.493076 0.745800
vt 0.493271 0.745566
vt 0.494240 0.749448
vt 0.492881 0.746034
vt 0.435154 0.783215
vt 0.429359 0.809239
vt 0.433429 0.827648
vt 0.439009 0.818242
vt 0.433050 0.809200
vt 0.508879 0.710713
vt 0.509166 0.713409
vt 0.504848 0.712671
vt 0.503217 0.714553
vt 0.439336 0.875437
vt 0.437470 0.865693
vt 0.452467 0.880436
vt 0.447360 0.889284
vt 0.494203 0.738759
vt 0.492339 0.739589
vt 0.497390 0.732888
vt 0.495116 0.734066
vt 0.447057 0.781646
vt 0.439173 0.757161
vt 0.446423 0.750590
vt 0.498118 0.730755
vt 0.496786 0.734987
vt 0.439094 0.808868
vt 0.444988 0.808531
vt 0.450729 0.846978
vt 0.446834 0.847200
vt 0.493778 0.741949
vt 0.492131 0.741762
vt 0.495182 0.744344
vt 0.493299 0.745457
vt 0.453621 0.743842
vt 0.449046 0.736027
vt 0.457528 0.724232
vt 0.440724 0.747940
vt 0.508922 0.710633
vt 0.512846 0.708270
vt 0.513134 0.708628
vt 0.501600 0.716547
vt 0.455863 0.903112
vt 0.454716 0.904306
vt 0.437672 0.766387
vt 0.429268 0.818478
vt 0.445347 0.799219
vt 0.436309 0.774964
vt 0.491940 0.742171
vt 0.492101 0.741857
vt 0.496284 0.737205
vt 0.450455 0.760716
vt 0.491779 0.742486
vt 0.433662 0.800181
vt 0.433293 0.809190
vt 0.433200 0.818409
vt 0.502280 0.722169
vt 0.495788 0.740164
vt 0.494476 0.749288
vt 0.494470 0.749312
vt 0.494469 0.749273
vt 0.494481 0.749263
vt 0.494482 0.749297
vt 0.494474 0.749315
vt 0.494485 0.749276
vt 0.494493 0.749199
vt 0.494479 0.749201
vt 0.494485 0.749169
vt 0.459713 0.725264
vt 0.459753 0.725267
vt 0.459737 0.725404
vt 0.494487 0.749234
vt 0.494474 0.749237
vt 0.494490 0.749262
vt 0.459704 0.725057
vt 0.459688 0.725122
vt 0.459687 0.724944
vt 0.459716 0.725015
vt 0.459728 0.725155
vt 0.459733 0.725099
vt 0.492095 0.741835
vt 0.492109 0.741835
vt 0.492089 0.741809
vt 0.492103 0.741813
vt 0.492116 0.741809
vt 0.492099 0.741794
vt 0.492110 0.741795
vt 0.438005 0.749439
vt 0.438056 0.749436
vt 0.492097 0.741758
vt 0.492107 0.741773
vt 0.492097 0.741776
vt 0.438027 0.749372
vt 0.438086 0.749339
vt 0.492105 0.741786
vt 0.492115 0.741777
vt 0.492120 0.741760
vt 0.492124 0.741784
vt 0.492108 0.741759
vt 0.513134 0.708643
vt 0.513118 0.708651
vt 0.513149 0.708621
vt 0.513145 0.708639
vt 0.513123 0.708663
vt 0.513098 0.708677
vt 0.513134 0.708657
vt 0.459651 0.903956
vt 0.459691 0.903921
vt 0.459647 0.903997
vt 0.459687 0.903848
vt 0.459725 0.903836
vt 0.459694 0.903967
vt 0.459724 0.903892
vt 0.513077 0.708704
vt 0.513086 0.708715
vt 0.513060 0.708728
vt 0.513107 0.708687
vt 0.459753 0.903729
vt 0.459712 0.903720
vt 0.459737 0.903595
vt 0.513129 0.708670
vt 0.494004 0.749576
vt 0.493992 0.749573
vt 0.493984 0.749556
vt 0.494010 0.749584
vt 0.493996 0.749584
vt 0.493974 0.749559
vt 0.493960 0.749532
vt 0.493981 0.749571
vt 0.457775 0.723854
vt 0.457849 0.723804
vt 0.457756 0.723933
vt 0.457705 0.723918
vt 0.457783 0.723804
vt 0.457723 0.723864
vt 0.457548 0.724120
vt 0.457598 0.724149
vt 0.457587 0.723988
vt 0.457631 0.724008
vt 0.457676 0.724041
vt 0.457673 0.723894
vt 0.440605 0.747832
vt 0.440526 0.747880
vt 0.440558 0.747800
vt 0.440646 0.747867
vt 0.440578 0.747892
vt 0.440555 0.747953
vt 0.440497 0.747975
vt 0.440591 0.747945
vt 0.440640 0.747942
vt 0.440685 0.747903
vt 0.440661 0.747987
vt 0.440594 0.747982
vt 0.440619 0.747906
vt 0.440473 0.748067
vt 0.440520 0.748099
vt 0.440455 0.748146
vt 0.440538 0.748022
vt 0.440591 0.748042
vt 0.455856 0.903008
vt 0.455920 0.903147
vt 0.455807 0.902948
vt 0.455819 0.902894
vt 0.455893 0.903041
vt 0.455853 0.902943
vt 0.455752 0.902624
vt 0.455713 0.902645
vt 0.455684 0.902513
vt 0.455827 0.902761
vt 0.455786 0.902770
vt 0.455759 0.902795
vt 0.455846 0.902881
vt 0.455902 0.902990
vt 0.455904 0.902907
vt 0.455948 0.903140
vt 0.495591 0.726807
vt 0.496566 0.724643
vt 0.495582 0.726802
vt 0.496557 0.724638
vt 0.495572 0.726798
vt 0.496547 0.724633
vt 0.429310 0.809239
vt 0.429220 0.818478
vt 0.494743 0.728967
vt 0.494734 0.728962
vt 0.494724 0.728958
vt 0.429678 0.800209
vt 0.499978 0.726383
vt 0.449208 0.827512
vt 0.448915 0.817997
vt 0.448960 0.817998
vt 0.449163 0.827515
vt 0.448871 0.817997
vt 0.501083 0.724244
vt 0.449799 0.836964
vt 0.449755 0.836971
vt 0.449119 0.827518
vt 0.498852 0.720487
vt 0.497658 0.722530
vt 0.498843 0.720482
vt 0.497648 0.722525
vt 0.498834 0.720477
vt 0.429958 0.836953
vt 0.497639 0.722520
vt 0.429444 0.827736
vt 0.498990 0.728574
vt 0.498130 0.730761
vt 0.449385 0.799229
vt 0.448984 0.808496
vt 0.449341 0.799222
vt 0.448940 0.808494
vt 0.449296 0.799217
vt 0.449029 0.808501
vt 0.497401 0.732895
vt 0.496798 0.734993
vt 0.450852 0.781757
vt 0.449949 0.790337
vt 0.450808 0.781742
vt 0.449906 0.790330
vt 0.450765 0.781734
vt 0.449993 0.790347
vt 0.494029 0.731075
vt 0.494020 0.731071
vt 0.494010 0.731067
vt 0.430291 0.791556
vt 0.493442 0.733150
vt 0.493433 0.733145
vt 0.493423 0.733142
vt 0.431166 0.783184
vt 0.492971 0.735228
vt 0.492961 0.735223
vt 0.492951 0.735220
vt 0.432344 0.774925
vt 0.492604 0.737358
vt 0.492595 0.737351
vt 0.492584 0.737348
vt 0.433888 0.766584
vt 0.496296 0.737212
vt 0.495799 0.740174
vt 0.453910 0.761081
vt 0.451992 0.772814
vt 0.453871 0.761048
vt 0.451949 0.772802
vt 0.453830 0.761026
vt 0.452033 0.772833
vt 0.493294 0.745490
vt 0.493288 0.745522
vt 0.493281 0.745548
vt 0.492329 0.739573
vt 0.492319 0.739562
vt 0.492309 0.739557
vt 0.435829 0.758023
vt 0.437984 0.749505
vt 0.495191 0.744362
vt 0.456648 0.744456
vt 0.456610 0.744409
vt 0.456683 0.744519
vt 0.502292 0.722175
vt 0.450864 0.846949
vt 0.450821 0.846963
vt 0.449711 0.836977
vt 0.503706 0.720065
vt 0.452997 0.860620
vt 0.452958 0.860649
vt 0.450778 0.846973
vt 0.501586 0.716544
vt 0.500147 0.718510
vt 0.501575 0.716542
vt 0.500138 0.718505
vt 0.501565 0.716537
vt 0.431855 0.855710
vt 0.500129 0.718500
vt 0.430743 0.846172
vt 0.508898 0.710689
vt 0.508914 0.710666
vt 0.508922 0.710648
vt 0.504842 0.712660
vt 0.504838 0.712650
vt 0.504834 0.712640
vt 0.444517 0.891203
vt 0.505884 0.717319
vt 0.456368 0.880328
vt 0.456334 0.880385
vt 0.452917 0.860668
vt 0.456297 0.880422
vt 0.509186 0.713404
vt 0.503198 0.714556
vt 0.503183 0.714558
vt 0.435533 0.876075
vt 0.503171 0.714557
vt 0.433397 0.865817
vt 0.433015 0.818414
vt 0.433108 0.809199
vt 0.433078 0.818413
vt 0.433171 0.809196
vt 0.433142 0.818411
vt 0.433235 0.809193
vt 0.433476 0.800193
vt 0.433540 0.800190
vt 0.433603 0.800186
vt 0.445354 0.827627
vt 0.445103 0.818062
vt 0.445291 0.827628
vt 0.445039 0.818064
vt 0.445226 0.827629
vt 0.444975 0.818066
vt 0.445948 0.837146
vt 0.445884 0.837146
vt 0.445820 0.837146
vt 0.433243 0.827650
vt 0.433766 0.836847
vt 0.433307 0.827649
vt 0.433830 0.836847
vt 0.433371 0.827648
vt 0.433894 0.836848
vt 0.445535 0.799207
vt 0.445176 0.808522
vt 0.445471 0.799210
vt 0.445112 0.808524
vt 0.445407 0.799214
vt 0.445048 0.808527
vt 0.446998 0.781647
vt 0.446142 0.790281
vt 0.446934 0.781652
vt 0.446078 0.790285
vt 0.446869 0.781660
vt 0.446013 0.790291
vt 0.434090 0.791567
vt 0.434154 0.791564
vt 0.434218 0.791558
vt 0.434968 0.783234
vt 0.435032 0.783229
vt 0.435096 0.783222
vt 0.436122 0.774991
vt 0.436186 0.774985
vt 0.436250 0.774975
vt 0.437479 0.766454
vt 0.437545 0.766436
vt 0.437611 0.766413
vt 0.450397 0.760718
vt 0.448227 0.772665
vt 0.450332 0.760732
vt 0.448163 0.772672
vt 0.450267 0.760754
vt 0.448099 0.772682
vt 0.491766 0.742488
vt 0.449070 0.735819
vt 0.449066 0.735910
vt 0.492870 0.746040
vt 0.449051 0.735762
vt 0.438966 0.757316
vt 0.439036 0.757273
vt 0.439107 0.757218
vt 0.453822 0.743711
vt 0.453757 0.743737
vt 0.453688 0.743783
vt 0.447022 0.847212
vt 0.446958 0.847210
vt 0.446894 0.847205
vt 0.449236 0.860940
vt 0.449172 0.860927
vt 0.449107 0.860906
vt 0.434569 0.846044
vt 0.435705 0.855539
vt 0.434633 0.846047
vt 0.435771 0.855551
vt 0.434698 0.846051
vt 0.435837 0.855571
vt 0.447381 0.889611
vt 0.447389 0.889527
vt 0.447380 0.889413
vt 0.439172 0.875494
vt 0.439230 0.875479
vt 0.439286 0.875459
vt 0.452664 0.880594
vt 0.452599 0.880558
vt 0.452531 0.880502
vt 0.437263 0.865551
vt 0.437332 0.865584
vt 0.437404 0.865634
vt 0.457789 0.903865
vt 0.455964 0.903120
vt 0.512565 0.707904
vt 0.512555 0.707910
vt 0.512856 0.708265
vt 0.459676 0.724963
vt 0.494246 0.749464
vt 0.458772 0.724352
vt 0.494013 0.749589
vt 0.494243 0.749459
vt 0.439255 0.748747
vt 0.439282 0.748652
vt 0.439311 0.748557
vt 0.491772 0.742467
vt 0.438116 0.749242
vt 0.491933 0.742150
vt 0.508750 0.710244
vt 0.513144 0.708622
vt 0.457621 0.723864
vt 0.515648 0.743192
vt 0.515271 0.740373
vt 0.516967 0.741223
vt 0.508499 0.935863
vt 0.501284 0.934270
vt 0.508531 0.934416
vt 0.516481 0.738329
vt 0.515883 0.735351
vt 0.517577 0.736209
vt 0.486792 0.919422
vt 0.479751 0.920104
vt 0.479826 0.918671
vt 0.519370 0.731855
vt 0.521741 0.730597
vt 0.521058 0.732720
vt 0.515724 0.935794
vt 0.515752 0.934344
vt 0.516482 0.920397
vt 0.524393 0.921382
vt 0.516477 0.921833
vt 0.501539 0.920370
vt 0.494023 0.921432
vt 0.494072 0.919997
vt 0.520231 0.734893
vt 0.519266 0.737065
vt 0.516851 0.733169
vt 0.518542 0.734032
vt 0.473009 0.919169
vt 0.473098 0.917736
vt 0.467257 0.931975
vt 0.473758 0.931646
vt 0.473692 0.933093
vt 0.480215 0.934012
vt 0.487015 0.933311
vt 0.486964 0.934757
vt 0.466029 0.917955
vt 0.466130 0.916529
vt 0.456913 0.916085
vt 0.457012 0.914683
vt 0.454074 0.928957
vt 0.460850 0.929156
vt 0.460753 0.930614
vt 0.520056 0.729729
vt 0.522287 0.728508
vt 0.444238 0.913460
vt 0.444306 0.912078
vt 0.429507 0.910732
vt 0.429579 0.909324
vt 0.447308 0.926960
vt 0.454202 0.927487
vt 0.521032 0.725482
vt 0.523007 0.724267
vt 0.522706 0.726413
vt 0.522955 0.935526
vt 0.522979 0.934070
vt 0.530436 0.935036
vt 0.530448 0.933570
vt 0.535218 0.918819
vt 0.550849 0.918343
vt 0.535247 0.920225
vt 0.514785 0.737475
vt 0.538372 0.934260
vt 0.538359 0.932777
vt 0.546567 0.933102
vt 0.546428 0.931675
vt 0.550848 0.916962
vt 0.569196 0.916602
vt 0.512044 0.744717
vt 0.512141 0.741604
vt 0.513897 0.742397
vt 0.501323 0.932826
vt 0.508564 0.932970
vt 0.486876 0.927119
vt 0.480325 0.930931
vt 0.480014 0.926375
vt 0.486731 0.920855
vt 0.479678 0.921541
vt 0.472929 0.920800
vt 0.466688 0.924269
vt 0.465943 0.919579
vt 0.515780 0.932895
vt 0.523001 0.932616
vt 0.501501 0.921808
vt 0.508981 0.923386
vt 0.501463 0.923246
vt 0.493974 0.922870
vt 0.509005 0.921947
vt 0.516472 0.923272
vt 0.494062 0.933890
vt 0.480273 0.932567
vt 0.487067 0.931867
vt 0.480331 0.931123
vt 0.465926 0.919384
vt 0.479683 0.921735
vt 0.473385 0.925449
vt 0.467335 0.930523
vt 0.473826 0.930201
vt 0.467416 0.929074
vt 0.444166 0.914837
vt 0.458907 0.922597
vt 0.456861 0.917685
vt 0.460949 0.927702
vt 0.447545 0.925552
vt 0.454331 0.926034
vt 0.429506 0.912218
vt 0.515790 0.932704
vt 0.508770 0.928219
vt 0.516123 0.928128
vt 0.524412 0.922820
vt 0.535279 0.921632
vt 0.530458 0.932106
vt 0.538345 0.931311
vt 0.523698 0.927765
vt 0.530515 0.931911
vt 0.523020 0.932424
vt 0.550855 0.919716
vt 0.568900 0.918207
vt 0.546291 0.930275
vt 0.509029 0.920511
vt 0.558995 0.926712
vt 0.558454 0.925559
vt 0.557911 0.924397
vt 0.508974 0.923579
vt 0.516463 0.923466
vt 0.486670 0.922291
vt 0.501460 0.923440
vt 0.509489 0.747585
vt 0.509914 0.744295
vt 0.518174 0.739182
vt 0.535221 0.921824
vt 0.544591 0.925335
vt 0.532849 0.926880
vt 0.437244 0.920577
vt 0.428371 0.913234
vt 0.437892 0.919479
vt 0.429469 0.912327
vt 0.438541 0.918380
vt 0.473817 0.930008
vt 0.494016 0.935336
vt 0.508570 0.932779
vt 0.501394 0.928079
vt 0.494107 0.932445
vt 0.506604 0.750779
vt 0.506462 0.748081
vt 0.510822 0.749053
vt 0.512517 0.747131
vt 0.546248 0.930098
vt 0.538475 0.931109
vt 0.550710 0.919909
vt 0.557617 0.924372
vt 0.521377 0.722932
vt 0.523206 0.722038
vt 0.518367 0.728858
vt 0.520605 0.727636
vt 0.472920 0.920606
vt 0.454212 0.925813
vt 0.449314 0.920314
vt 0.517680 0.730988
vt 0.518920 0.726761
vt 0.494046 0.927698
vt 0.493974 0.923063
vt 0.524375 0.919947
vt 0.524394 0.923013
vt 0.521687 0.719739
vt 0.523339 0.719864
vt 0.520193 0.717407
vt 0.522024 0.716226
vt 0.444294 0.915043
vt 0.438849 0.918387
vt 0.429939 0.912469
vt 0.447844 0.924006
vt 0.506557 0.750855
vt 0.502523 0.752968
vt 0.502279 0.752596
vt 0.514175 0.745146
vt 0.506705 0.751253
vt 0.502782 0.753341
vt 0.460902 0.927500
vt 0.501246 0.935716
vt 0.486673 0.922485
vt 0.467400 0.928880
vt 0.519357 0.724545
vt 0.456811 0.917488
vt 0.447778 0.924171
vt 0.487064 0.931676
vt 0.494108 0.932254
vt 0.501326 0.932635
vt 0.513572 0.739523
vt 0.519751 0.721589
vt 0.520708 0.712454
vt 0.520698 0.712464
vt 0.520705 0.712443
vt 0.520705 0.712481
vt 0.520693 0.712486
vt 0.520692 0.712454
vt 0.520701 0.712438
vt 0.520689 0.712474
vt 0.520682 0.712545
vt 0.520696 0.712543
vt 0.520691 0.712571
vt 0.429756 0.909284
vt 0.429749 0.909252
vt 0.429848 0.909268
vt 0.520688 0.712512
vt 0.520701 0.712512
vt 0.520683 0.712486
vt 0.429607 0.909295
vt 0.429662 0.909301
vt 0.429528 0.909320
vt 0.429573 0.909290
vt 0.429670 0.909272
vt 0.429629 0.909271
vt 0.502279 0.752582
vt 0.502296 0.752574
vt 0.502269 0.752602
vt 0.502268 0.752585
vt 0.502291 0.752562
vt 0.502317 0.752550
vt 0.502280 0.752568
vt 0.569177 0.915163
vt 0.569149 0.915132
vt 0.569210 0.915166
vt 0.569093 0.915133
vt 0.569084 0.915103
vt 0.569185 0.915130
vt 0.569127 0.915105
vt 0.502339 0.752524
vt 0.502331 0.752512
vt 0.502357 0.752502
vt 0.502309 0.752539
vt 0.569002 0.915077
vt 0.568994 0.915108
vt 0.568898 0.915085
vt 0.502285 0.752555
vt 0.429542 0.912321
vt 0.429591 0.912363
vt 0.521536 0.712031
vt 0.521558 0.712032
vt 0.521568 0.712039
vt 0.429634 0.912354
vt 0.429713 0.912404
vt 0.429595 0.912325
vt 0.429558 0.912284
vt 0.429467 0.912223
vt 0.429626 0.912284
vt 0.429646 0.912331
vt 0.429514 0.912288
vt 0.429833 0.912444
vt 0.429851 0.912412
vt 0.429734 0.912382
vt 0.429742 0.912348
vt 0.568922 0.918300
vt 0.568844 0.918298
vt 0.568951 0.918262
vt 0.568795 0.918333
vt 0.568755 0.918322
vt 0.568872 0.918272
vt 0.568794 0.918298
vt 0.568540 0.918361
vt 0.568556 0.918393
vt 0.568450 0.918409
vt 0.568651 0.918309
vt 0.568657 0.918342
vt 0.568675 0.918364
vt 0.568746 0.918300
vt 0.568833 0.918262
vt 0.568769 0.918257
vt 0.568960 0.918239
vt 0.520243 0.734898
vt 0.519278 0.737071
vt 0.520252 0.734903
vt 0.519287 0.737076
vt 0.501243 0.935787
vt 0.494014 0.935374
vt 0.501244 0.935754
vt 0.521069 0.732726
vt 0.521079 0.732730
vt 0.494011 0.935406
vt 0.486961 0.934795
vt 0.515872 0.735345
vt 0.509028 0.920402
vt 0.501542 0.920296
vt 0.501543 0.920261
vt 0.509029 0.920437
vt 0.501540 0.920331
vt 0.514774 0.737469
vt 0.516475 0.920288
vt 0.516479 0.920323
vt 0.509030 0.920472
vt 0.516978 0.741229
vt 0.518185 0.739188
vt 0.516987 0.741234
vt 0.508499 0.935933
vt 0.515724 0.935832
vt 0.515726 0.935864
vt 0.518194 0.739192
vt 0.508499 0.935901
vt 0.516839 0.733164
vt 0.517668 0.730982
vt 0.486807 0.919313
vt 0.494078 0.919923
vt 0.486800 0.919348
vt 0.494074 0.919958
vt 0.486795 0.919382
vt 0.494082 0.919888
vt 0.518356 0.728852
vt 0.518908 0.726755
vt 0.473123 0.917629
vt 0.479836 0.918597
vt 0.473110 0.917662
vt 0.479829 0.918632
vt 0.473102 0.917696
vt 0.479845 0.918563
vt 0.521753 0.730603
vt 0.521762 0.730608
vt 0.486957 0.934827
vt 0.480212 0.934050
vt 0.522299 0.728513
vt 0.522309 0.728518
vt 0.480206 0.934082
vt 0.473688 0.933132
vt 0.522717 0.726420
vt 0.522727 0.726424
vt 0.473681 0.933163
vt 0.467252 0.932013
vt 0.523018 0.724277
vt 0.523028 0.724284
vt 0.467243 0.932045
vt 0.460745 0.930652
vt 0.519345 0.724538
vt 0.519740 0.721580
vt 0.457061 0.914583
vt 0.466146 0.916457
vt 0.457036 0.914612
vt 0.466135 0.916490
vt 0.457019 0.914644
vt 0.466162 0.916424
vt 0.523351 0.719860
vt 0.522027 0.716195
vt 0.523361 0.719855
vt 0.522032 0.716168
vt 0.523371 0.719848
vt 0.437238 0.920621
vt 0.447303 0.927000
vt 0.522039 0.716148
vt 0.427344 0.914203
vt 0.523216 0.722055
vt 0.523225 0.722068
vt 0.460729 0.930682
vt 0.454061 0.928994
vt 0.454031 0.929020
vt 0.520183 0.717391
vt 0.444346 0.912013
vt 0.444318 0.912041
vt 0.444390 0.911987
vt 0.513560 0.739517
vt 0.524357 0.919840
vt 0.524367 0.919874
vt 0.516481 0.920357
vt 0.512129 0.741598
vt 0.535178 0.918716
vt 0.535199 0.918748
vt 0.524373 0.919908
vt 0.514188 0.745149
vt 0.515660 0.743198
vt 0.514200 0.745151
vt 0.522960 0.935596
vt 0.530440 0.935075
vt 0.530451 0.935106
vt 0.515670 0.743202
vt 0.522956 0.935564
vt 0.506584 0.750802
vt 0.506567 0.750823
vt 0.506557 0.750841
vt 0.510828 0.749064
vt 0.510832 0.749074
vt 0.510834 0.749085
vt 0.558997 0.926756
vt 0.509900 0.744293
vt 0.550768 0.916865
vt 0.550811 0.916894
vt 0.535213 0.918780
vt 0.550839 0.916925
vt 0.506442 0.748085
vt 0.512536 0.747128
vt 0.538407 0.934329
vt 0.546570 0.933141
vt 0.546563 0.933176
vt 0.512551 0.747125
vt 0.538381 0.934298
vt 0.501324 0.932781
vt 0.494108 0.932400
vt 0.501325 0.932731
vt 0.494108 0.932350
vt 0.501326 0.932681
vt 0.494108 0.932300
vt 0.487068 0.931821
vt 0.487067 0.931771
vt 0.487066 0.931721
vt 0.508980 0.923432
vt 0.501462 0.923292
vt 0.508978 0.923482
vt 0.501461 0.923342
vt 0.508976 0.923532
vt 0.501460 0.923392
vt 0.516471 0.923318
vt 0.516469 0.923368
vt 0.516466 0.923419
vt 0.508565 0.932924
vt 0.515781 0.932850
vt 0.508566 0.932875
vt 0.515784 0.932800
vt 0.508569 0.932825
vt 0.515787 0.932750
vt 0.486669 0.922337
vt 0.493973 0.922916
vt 0.486670 0.922387
vt 0.493973 0.922966
vt 0.486671 0.922438
vt 0.493973 0.923017
vt 0.472919 0.920652
vt 0.479677 0.921587
vt 0.472921 0.920702
vt 0.479678 0.921637
vt 0.472924 0.920753
vt 0.479680 0.921688
vt 0.480332 0.931078
vt 0.480331 0.931028
vt 0.480328 0.930977
vt 0.473826 0.930155
vt 0.473824 0.930105
vt 0.473821 0.930054
vt 0.467416 0.929029
vt 0.467413 0.928978
vt 0.467406 0.928927
vt 0.460947 0.927655
vt 0.460937 0.927603
vt 0.460921 0.927549
vt 0.456813 0.917534
vt 0.465925 0.919430
vt 0.456824 0.917585
vt 0.465929 0.919480
vt 0.456841 0.917637
vt 0.465935 0.919531
vt 0.438579 0.918357
vt 0.447787 0.924128
vt 0.438648 0.918354
vt 0.447802 0.924084
vt 0.438743 0.918366
vt 0.447822 0.924042
vt 0.454324 0.925986
vt 0.454298 0.925929
vt 0.454259 0.925870
vt 0.444175 0.914883
vt 0.444203 0.914936
vt 0.444245 0.914991
vt 0.524411 0.922866
vt 0.524407 0.922916
vt 0.524401 0.922966
vt 0.535275 0.921677
vt 0.535262 0.921727
vt 0.535243 0.921777
vt 0.523003 0.932570
vt 0.530463 0.932060
vt 0.523007 0.932520
vt 0.530476 0.932009
vt 0.523013 0.932470
vt 0.530494 0.931958
vt 0.557876 0.924370
vt 0.557810 0.924360
vt 0.557720 0.924362
vt 0.546285 0.930231
vt 0.546276 0.930184
vt 0.546263 0.930139
vt 0.550843 0.919760
vt 0.550811 0.919810
vt 0.550764 0.919861
vt 0.538355 0.931265
vt 0.538383 0.931212
vt 0.538426 0.931158
vt 0.569234 0.916602
vt 0.568942 0.918224
vt 0.502773 0.753346
vt 0.502508 0.752973
vt 0.502264 0.752603
vt 0.502513 0.752972
vt 0.429473 0.910727
vt 0.429545 0.909325
vt 0.521120 0.712240
vt 0.428342 0.913215
vt 0.427308 0.914130
vt 0.427284 0.914107
vt 0.429445 0.912301
vt 0.506856 0.751650
vt 0.447308 0.927036
vn 0.407200 -0.425800 0.808000
vn 0.527700 -0.449700 0.720600
vn 0.471900 -0.357200 0.806000
vn 0.402300 -0.260200 0.877800
vn 0.237900 0.891000 -0.386700
vn 0.405500 0.825600 -0.392500
vn 0.336700 0.822900 -0.457700
vn 0.348500 -0.368600 0.861800
vn 0.338600 -0.490500 0.803000
vn 0.347200 0.876600 -0.333200
vn 0.470400 0.820800 -0.324100
vn -0.868500 -0.343000 -0.358000
vn -0.811900 -0.330500 -0.481200
vn -0.815600 -0.400300 -0.417900
vn 0.432300 -0.544400 0.718800
vn 0.461800 -0.479000 0.746600
vn 0.430200 0.741800 -0.514400
vn 0.460400 0.766100 -0.448500
vn -0.811900 -0.466900 -0.350600
vn -0.882000 -0.399200 -0.250400
vn -0.729000 -0.520000 -0.445200
vn -0.754900 -0.453700 -0.473600
vn -0.881900 -0.233100 -0.409900
vn -0.937200 0.186800 -0.294700
vn -0.824000 0.049000 -0.564400
vn -0.975200 -0.057000 -0.213900
vn -0.897000 0.441800 0.010500
vn -0.881300 0.317700 -0.349800
vn -0.692500 0.250600 -0.676500
vn -0.698300 0.699500 -0.151600
vn -0.480700 0.809700 0.336700
vn -0.818000 0.471200 0.329900
vn -0.626100 0.614600 0.479800
vn -0.225800 0.966600 0.120900
vn -0.687600 0.680200 0.254000
vn -0.969500 0.220900 0.106500
vn -0.445200 0.895200 0.019700
vn -0.183600 0.942500 -0.279100
vn 0.057800 0.979500 -0.192800
vn -0.040200 0.835300 -0.548300
vn -0.312900 0.887500 -0.338200
vn -0.937300 -0.302100 0.173700
vn -0.975300 -0.211000 -0.066000
vn -0.824200 -0.565800 0.024800
vn -0.881700 -0.362500 0.302000
vn -0.896900 -0.007800 0.442200
vn -0.969500 0.097100 0.224900
vn -0.697900 -0.180600 0.693100
vn 0.239800 -0.423200 0.873700
vn -0.182100 -0.318200 0.930400
vn -0.038400 -0.582500 0.811900
vn 0.059900 -0.233400 0.970500
vn -0.443900 -0.017500 0.895900
vn -0.312100 -0.375200 0.872800
vn -0.237400 -0.695900 0.677800
vn -0.817900 0.309800 0.484900
vn -0.479900 0.302000 0.823700
vn -0.626200 0.453600 0.634200
vn -0.687300 0.225500 0.690500
vn -0.224400 0.080400 0.971200
vn 0.294700 0.160400 0.942000
vn 0.210400 -0.082800 0.974100
vn 0.562700 0.019900 0.826400
vn 0.352100 0.291400 0.889400
vn -0.004900 0.423400 0.905900
vn -0.103700 0.201400 0.974000
vn 0.162300 0.682800 0.712400
vn 0.401200 0.888200 -0.224200
vn 0.293500 0.934900 0.199400
vn 0.561600 0.825600 0.054000
vn 0.208900 0.977000 -0.042200
vn -0.005400 0.887400 0.461100
vn 0.351400 0.876800 0.328200
vn 0.678700 0.690000 0.251400
vn -0.321900 0.459900 0.827500
vn -0.323100 0.806500 0.495100
vn -0.469200 0.610700 0.637900
vn -0.243700 0.670800 0.700400
vn -0.105000 0.964500 0.242400
vn -0.729000 -0.422200 -0.538800
vn -0.366500 -0.340700 -0.865800
vn -0.486900 -0.553000 -0.676100
vn -0.646100 -0.175100 -0.742900
vn -0.063500 0.083700 -0.994500
vn -0.009500 -0.446400 -0.894800
vn -0.128700 -0.635800 -0.761000
vn 0.152600 -0.132000 -0.979400
vn 0.356800 0.385400 -0.851000
vn 0.187700 0.662300 -0.725300
vn 0.564900 0.503000 -0.654200
vn 0.464700 0.029600 -0.885000
vn -0.022800 0.552100 -0.833500
vn 0.266000 -0.602900 -0.752100
vn 0.619500 -0.248200 -0.744700
vn 0.525300 -0.509300 -0.681700
vn 0.372800 -0.353800 -0.857800
vn 0.650900 0.146700 -0.744800
vn -0.365800 -0.850200 -0.378500
vn -0.646000 -0.734800 -0.206800
vn -0.486500 -0.651600 -0.582100
vn -0.009200 -0.874600 -0.484700
vn -0.061400 -0.997300 0.040800
vn -0.534200 -0.845400 0.001800
vn 0.153500 -0.972800 -0.173600
vn 0.620400 -0.732800 -0.279600
vn 0.266000 -0.725400 -0.634800
vn 0.525400 -0.659200 -0.538000
vn 0.652600 -0.748900 0.115000
vn 0.373500 -0.841500 -0.390400
vn -0.128900 -0.732900 -0.668000
vn 0.466000 -0.884700 -0.008000
vn 0.359200 -0.865500 0.349100
vn 0.567100 -0.673500 0.474200
vn 0.189900 -0.752100 0.631100
vn 0.857500 -0.368500 0.359100
vn 0.737600 -0.205000 0.643400
vn 0.662500 -0.578900 0.475500
vn 0.884500 -0.466500 0.000200
vn 0.949700 -0.160300 0.269100
vn 0.843900 0.007500 0.536400
vn 0.976000 -0.149900 -0.157900
vn 0.739300 -0.250600 -0.625000
vn 0.739600 -0.613500 -0.276900
vn 0.671900 -0.512600 -0.534600
vn 0.745700 0.145000 -0.650300
vn 0.850000 -0.364400 -0.380500
vn 0.746500 -0.655000 0.117000
vn 0.883900 0.020800 -0.467300
vn 0.525600 0.739800 -0.420100
vn 0.856400 0.375500 -0.354400
vn 0.661100 0.500500 -0.558900
vn 0.736300 0.652400 -0.179500
vn 0.949100 0.276800 -0.150400
vn -0.975100 -0.153300 -0.160100
vn -0.985700 0.116600 0.121600
vn -0.846500 0.368200 0.384500
vn -0.726600 0.475100 0.496300
vn -0.378700 0.358100 0.853400
vn -0.120700 0.097000 0.987900
vn 0.155200 -0.178100 0.971700
vn -0.488200 0.470500 0.735100
vn -0.379600 0.837100 0.394000
vn -0.122400 0.982700 0.138800
vn 0.153800 0.978500 -0.137800
vn -0.488600 0.714200 0.501200
vn 0.222700 -0.674500 -0.703900
vn -0.167600 -0.682000 -0.711900
vn -0.531900 -0.585800 -0.611500
vn 0.409100 -0.631400 -0.658800
vn 0.597600 -0.609300 0.521200
vn 0.697100 -0.700000 0.154800
vn 0.690500 -0.684300 -0.234400
vn 0.647100 -0.636400 -0.419800
vn 0.596200 0.546400 -0.588100
vn 0.695900 0.184700 -0.694000
vn 0.689800 -0.205300 -0.694300
vn 0.646700 -0.392200 -0.654200
vn -0.158500 0.633500 -0.757300
vn -0.239200 0.705800 -0.666900
vn -0.617500 0.173300 -0.767200
vn 0.265800 0.813100 -0.517900
vn -0.159000 0.633200 -0.757500
vn -0.617900 0.172700 -0.767000
vn -0.801400 -0.258300 -0.539600
vn 0.268000 -0.550000 0.791000
vn -0.157800 -0.783600 0.601000
vn -0.020500 -0.856000 0.516500
vn -0.618100 -0.773700 0.139300
vn -0.801100 -0.528400 -0.281100
vn -0.158300 -0.783800 0.600600
vn -0.617700 -0.773900 0.139900
vn 0.530100 0.809000 -0.254000
vn 0.768200 0.617400 0.169400
vn 0.843400 0.536500 0.028900
vn 0.768600 0.143700 0.623400
vn 0.531600 -0.286500 0.797100
vn 0.768400 0.617000 0.169800
vn 0.768800 0.144200 0.623000
vn -0.692800 -0.686200 0.221500
vn 0.678900 0.223000 0.699500
vn -0.534600 0.037500 -0.844300
vn -0.724900 -0.422400 -0.544100
vn -0.815900 -0.395000 -0.422300
vn -0.737900 -0.462000 -0.492000
vn 0.614000 -0.602800 -0.509600
vn 0.578000 -0.564300 -0.589500
vn 0.576700 -0.563600 -0.591400
vn -0.409300 -0.826600 0.386400
vn -0.469200 -0.763900 0.443100
vn -0.439800 -0.796600 0.414800
vn -0.404200 -0.824400 0.396100
vn -0.368700 -0.884900 0.284600
vn -0.345800 -0.875900 0.336600
vn 0.579600 -0.566000 -0.586300
vn 0.509500 -0.685300 -0.520300
vn 0.580400 -0.563200 -0.588200
vn -0.576600 -0.701600 0.418700
vn -0.553700 -0.754500 0.352400
vn -0.346200 0.500100 -0.793700
vn -0.414900 0.434800 -0.799300
vn -0.347000 0.499500 -0.793800
vn -0.444900 -0.789900 0.422000
vn -0.444700 -0.783300 0.434400
vn -0.444900 -0.790100 0.421800
vn 0.537800 -0.522600 -0.661500
vn 0.580700 -0.562400 -0.588600
vn 0.495800 -0.704700 -0.507500
vn 0.354000 -0.727800 -0.587400
vn 0.585600 -0.564200 -0.582000
vn 0.585000 -0.562700 -0.584100
vn 0.515400 -0.679500 -0.522100
vn -0.419100 0.439500 -0.794500
vn -0.428400 0.449400 -0.783900
vn -0.419000 0.439300 -0.794600
vn -0.408100 -0.824200 0.392500
vn -0.407100 -0.742300 0.532200
vn -0.445900 -0.782800 0.434100
vn 0.578500 -0.563900 -0.589400
vn 0.753200 -0.333800 -0.566900
vn 0.585300 -0.560500 -0.585900
vn -0.570300 -0.703600 0.424000
vn -0.410300 -0.743900 0.527600
vn 0.618600 -0.477000 -0.624400
vn 0.580800 -0.562700 -0.588300
vn -0.367800 0.376700 -0.850200
vn -0.464500 0.364900 -0.806900
vn -0.392500 0.327000 -0.859700
vn 0.810500 0.401200 0.426800
vn 0.749300 0.381100 0.541600
vn 0.763700 0.369500 0.529500
vn 0.428600 0.753800 -0.498100
vn 0.409200 0.824400 -0.391100
vn 0.352900 0.823000 -0.445200
vn 0.461600 -0.478000 0.747300
vn 0.458400 -0.369700 0.808200
vn 0.511600 -0.446300 0.734200
vn 0.869300 0.320000 0.376600
vn 0.814600 0.435300 0.383300
vn 0.878700 0.352100 0.322300
vn -0.284900 0.439000 -0.852100
vn -0.351400 0.373100 -0.858700
vn -0.415400 0.435400 -0.798700
vn 0.519800 -0.509400 -0.685800
vn 0.463000 0.766100 -0.445700
vn 0.464100 0.820600 -0.333500
vn 0.847500 0.436300 0.302300
vn 0.792200 0.417800 0.444900
vn 0.516300 -0.676400 -0.525300
vn -0.813900 -0.450800 -0.366600
vn -0.725400 -0.517200 -0.454300
vn 0.426800 -0.529200 0.733300
vn 0.406800 -0.424500 0.808900
vn -0.351900 0.373200 -0.858400
vn 0.580100 -0.563100 -0.588600
vn 0.540600 -0.523600 -0.658500
vn 0.578400 -0.605700 -0.546500
vn 0.524100 -0.662500 -0.535200
vn -0.305700 -0.874900 0.375700
vn -0.348000 -0.822600 0.449700
vn -0.352400 0.373700 -0.858000
vn 0.875200 0.266000 0.404100
vn 0.815500 0.378400 0.437900
vn 0.586000 -0.562300 -0.583500
vn 0.537200 -0.522300 -0.662300
vn 0.537000 -0.522500 -0.662300
vn 0.813600 0.461100 0.354000
vn 0.792300 0.417400 0.445000
vn 0.576600 -0.563400 -0.591700
vn -0.352400 0.374900 -0.857500
vn -0.428200 0.449500 -0.783900
vn 0.655900 -0.523500 -0.543800
vn -0.314300 0.402800 -0.859600
vn -0.411400 0.419800 -0.809000
vn 0.544200 -0.523700 -0.655500
vn -0.358800 0.383500 -0.851000
vn -0.517800 0.409500 -0.751100
vn -0.469500 -0.764100 0.442400
vn -0.508700 0.416400 -0.753500
vn -0.740300 -0.497600 -0.452000
vn -0.371800 0.311200 -0.874600
vn -0.355300 0.473900 -0.805700
vn -0.353000 0.362100 -0.862700
vn 0.878500 0.348700 0.326700
vn 0.508200 -0.458300 0.729200
vn 0.350800 -0.478000 0.805300
vn 0.461500 -0.477900 0.747400
vn 0.580100 -0.516400 -0.629900
vn 0.617800 -0.524600 -0.585800
vn -0.359000 -0.865200 0.350000
vn -0.458700 -0.820800 0.340300
vn 0.463900 0.765100 -0.446600
vn 0.438500 0.750000 -0.495200
vn 0.513100 0.749700 -0.417900
vn 0.811200 0.321800 0.488300
vn 0.868100 0.321500 0.378100
vn 0.550600 -0.584800 -0.595700
vn 0.751200 0.387200 0.534600
vn 0.618200 -0.564900 -0.546600
vn -0.294600 -0.886500 0.356900
vn 0.522300 -0.591200 -0.614500
vn 0.549500 -0.574600 -0.606500
vn -0.812900 -0.338000 -0.474200
vn -0.755400 -0.448500 -0.477800
vn -0.413400 -0.581300 -0.700900
vn -0.667300 -0.290700 -0.685700
vn 0.014000 -0.614900 -0.788500
vn -0.370400 -0.448100 -0.813600
vn -0.558600 -0.127500 -0.819600
vn -0.263000 -0.539200 -0.800000
vn -0.328100 -0.375000 -0.867000
vn 0.401300 -0.552300 -0.730700
vn 0.348000 -0.642500 -0.682800
vn 0.136100 -0.719300 -0.681200
vn 0.238300 -0.652700 -0.719100
vn -0.019400 -0.696600 -0.717200
vn -0.061200 -0.511000 -0.857400
vn -0.448800 0.104800 -0.887500
vn -0.224400 0.098700 -0.969500
vn -0.208700 -0.238600 -0.948400
vn -0.028000 -0.209800 -0.977400
vn -0.213300 -0.974800 0.066000
vn -0.444900 -0.892600 0.072900
vn -0.384800 -0.873100 0.299300
vn 0.130700 -0.667500 -0.733000
vn -0.202500 -0.941000 -0.271100
vn -0.018300 -0.970000 -0.242500
vn -0.557400 -0.814300 -0.162300
vn -0.020900 -0.702500 -0.711400
vn -0.323300 -0.853600 -0.408400
vn 0.351600 -0.657000 -0.666900
vn 0.404700 -0.709600 -0.576700
vn 0.019100 -0.761800 -0.647600
vn 0.242000 -0.697600 -0.674400
vn -0.055500 -0.838500 -0.542100
vn -0.667000 -0.669600 -0.326700
vn -0.411400 -0.670700 -0.617200
vn -0.364200 -0.794300 -0.486200
vn -0.260400 -0.783300 -0.564500
vn 0.680100 0.479800 -0.554300
vn 0.682200 0.669200 -0.294600
vn 0.514900 0.750900 -0.413600
vn 0.820500 0.017300 -0.571400
vn 0.837800 0.358100 -0.412200
vn 0.824400 0.556400 -0.103600
vn 0.922000 0.228000 -0.313000
vn 0.906200 0.338300 -0.253600
vn 0.768500 -0.390900 -0.506600
vn 0.720600 -0.338700 -0.605000
vn 0.937800 -0.114000 -0.327900
vn 0.822100 -0.239700 -0.516400
vn 0.896900 0.053300 -0.439000
vn 0.924900 0.013300 -0.380100
vn 0.886400 0.445900 0.124600
vn 0.988400 0.135800 0.067800
vn 0.963900 0.220300 -0.149700
vn 0.658000 0.097500 0.746700
vn 0.807800 0.303100 0.505600
vn 0.534700 -0.060500 0.842900
vn 0.714500 0.070200 0.696100
vn 0.875300 0.208200 0.436500
vn 0.666600 -0.109000 0.737400
vn 0.775200 -0.215500 0.593800
vn -0.199500 -0.898400 0.391200
vn -0.115800 -0.677300 0.726500
vn -0.374100 -0.786600 0.491200
vn 0.033800 -0.986700 0.158800
vn -0.004500 -0.763000 0.646400
vn 0.053700 -0.549300 0.833900
vn 0.191600 -0.669100 0.718100
vn 0.069900 -0.695600 0.715000
vn 0.766400 -0.548400 0.334500
vn 0.698600 -0.617200 0.361800
vn 0.463700 -0.883800 -0.062700
vn 0.909200 -0.125800 0.396800
vn 0.298400 -0.817300 0.492900
vn 0.657700 -0.574700 0.487000
vn -0.573400 -0.819000 0.021700
vn -0.463700 -0.841700 0.276700
vn -0.747400 -0.657100 0.098500
vn -0.652900 -0.748400 -0.117200
vn -0.523800 -0.851800 0.003900
vn -0.295900 -0.953900 0.050800
vn -0.557300 -0.807000 -0.195600
vn -0.454100 0.312500 -0.834300
vn -0.467700 -0.108100 -0.877200
vn -0.676000 0.065400 -0.734000
vn 0.077100 -0.217000 -0.973100
vn -0.252700 0.071900 -0.964900
vn -0.785400 -0.091100 -0.612200
vn -0.476900 -0.354200 -0.804400
vn -0.534300 -0.193900 -0.822800
vn -0.008500 -0.958400 -0.285200
vn 0.260900 -0.516600 -0.815500
vn 0.048700 -0.757700 -0.650800
vn -0.040800 -0.834300 -0.549700
vn 0.073200 -0.627900 -0.774900
vn 0.017000 0.626000 -0.779600
vn -0.063000 0.254800 -0.964900
vn 0.200300 0.713900 -0.671000
vn 0.189700 0.446000 -0.874700
vn 0.484000 0.155900 -0.861100
vn 0.234400 -0.052100 -0.970800
vn 0.607500 0.303400 -0.734100
vn 0.891400 0.452900 -0.016200
vn 0.784400 0.619300 0.033200
vn 0.903400 0.362800 0.228700
vn 0.927300 0.235800 -0.290700
vn 0.832300 0.530700 -0.160000
vn 0.644500 0.747200 -0.162100
vn 0.866700 0.449300 -0.216700
vn 0.543400 -0.212200 -0.812200
vn 0.964100 0.001000 -0.265500
vn 0.784500 -0.015200 -0.619900
vn 0.973500 0.225900 0.034700
vn 0.984500 0.028100 0.173000
vn 0.874800 0.071900 0.479200
vn 0.932500 -0.344900 -0.107000
vn 0.952700 -0.185900 0.240600
vn 0.809200 -0.148100 0.568600
vn 0.920600 -0.305800 0.242900
vn 0.897700 -0.285600 0.335600
vn 0.716600 -0.596300 -0.361800
vn 0.764300 -0.501800 -0.405100
vn 0.813400 -0.581800 0.002700
vn 0.815500 -0.522100 -0.249900
vn 0.914900 -0.402400 0.033100
vn 0.885300 -0.462400 0.050400
vn 0.670900 -0.330000 0.664100
vn 0.674700 -0.579200 0.457600
vn 0.823200 -0.444100 0.353800
vn -0.096500 -0.888300 0.449000
vn -0.069500 -0.979700 0.188000
vn 0.127700 -0.820800 0.556800
vn 0.188400 -0.954700 0.230300
vn 0.361300 -0.929000 -0.079700
vn 0.316500 -0.881800 0.349800
vn 0.535000 -0.840400 0.086400
vn 0.565700 -0.680400 0.465900
vn 0.302800 -0.684000 0.663600
vn 0.599000 -0.799600 0.043600
vn 0.427500 -0.820100 0.380400
vn 0.421400 -0.854600 0.303300
vn 0.528000 -0.758000 -0.382900
vn 0.632900 -0.702800 -0.324900
vn 0.586100 -0.784000 -0.204500
vn 0.449800 -0.889900 0.076500
vn 0.302900 0.689400 -0.658000
vn 0.565600 0.494700 -0.659800
vn 0.125500 0.586100 -0.800500
vn 0.426600 0.411700 -0.805300
vn 0.599200 0.078400 -0.796700
vn 0.422700 0.336100 -0.841600
vn 0.448900 0.111100 -0.886600
vn -0.077700 0.222800 -0.971800
vn -0.102300 0.478200 -0.872300
vn 0.356900 -0.044000 -0.933100
vn 0.185700 0.264200 -0.946400
vn 0.537900 0.119300 -0.834500
vn 0.315200 0.382100 -0.868700
vn 0.635200 -0.294800 -0.713800
vn 0.527100 -0.353000 -0.773000
vn 0.587300 -0.172400 -0.790800
vn 0.572000 0.523200 -0.631700
vn 0.290400 0.731000 -0.617500
vn 0.658000 0.190000 -0.728600
vn 0.419600 0.516900 -0.746200
vn 0.062100 0.652900 -0.754900
vn 0.514000 0.239400 -0.823700
vn 0.199900 0.477200 -0.855700
vn 0.558600 -0.370300 -0.742200
vn 0.477000 -0.064300 -0.876500
vn 0.641600 -0.179800 -0.745700
vn 0.408700 -0.294500 -0.863900
vn 0.229600 0.099400 -0.968200
vn 0.314200 0.293000 -0.903000
vn -0.157200 0.510700 -0.845300
vn -0.105100 0.189300 -0.976300
vn -0.302100 0.385000 -0.872100
vn 0.027000 0.323300 -0.945900
vn 0.150000 -0.060600 -0.986800
vn 0.636700 0.723900 -0.265600
vn 0.645200 0.525400 -0.554700
vn 0.771200 0.635500 -0.036200
vn 0.761000 0.512400 -0.397900
vn 0.736700 0.193200 -0.648000
vn 0.868400 0.463200 -0.176700
vn 0.833800 0.236400 -0.498900
vn 0.979200 0.159400 0.125800
vn 0.856800 0.482500 0.182100
vn 0.987100 -0.081100 -0.138300
vn 0.953500 0.301200 -0.005200
vn 0.972900 0.083700 -0.215700
vn 0.739800 -0.369500 -0.562300
vn 0.880100 -0.069400 -0.469700
vn 0.862100 -0.301400 -0.407300
vn 0.747600 -0.176000 -0.640400
vn 0.912600 0.281400 -0.296700
vn -0.097700 -0.982800 0.156700
vn -0.152500 -0.863700 0.480400
vn 0.154600 -0.983600 -0.092700
vn 0.032000 -0.956800 0.288900
vn 0.065400 -0.778300 0.624500
vn 0.232900 -0.970300 0.065300
vn 0.203500 -0.872600 0.444000
vn 0.559100 -0.729500 -0.394000
vn 0.478000 -0.873300 -0.094500
vn 0.410700 -0.852800 -0.322500
vn 0.641200 -0.739400 -0.205400
vn 0.514600 -0.831600 0.208700
vn 0.317200 -0.912200 0.259500
vn 0.292100 -0.644400 0.706700
vn 0.571200 -0.652900 0.497400
vn 0.437800 -0.525300 0.729700
vn 0.421300 -0.765000 0.487100
vn 0.656700 -0.736400 0.162700
vn -0.495500 -0.857400 0.138900
vn -0.173100 -0.981100 0.086300
vn -0.640100 -0.764200 -0.079600
vn -0.308100 -0.950200 -0.045900
vn 0.075600 -0.982800 -0.168500
vn -0.463500 -0.858800 -0.218400
vn -0.084900 -0.964700 -0.249100
vn -0.512000 -0.627400 -0.586700
vn -0.719900 -0.623400 -0.305200
vn -0.178500 -0.717500 -0.673300
vn -0.504300 -0.745500 -0.435800
vn -0.226600 -0.816700 -0.530700
vn 0.380100 -0.726000 -0.573100
vn 0.076800 -0.865900 -0.494300
vn 0.189900 -0.730200 -0.656300
vn 0.306300 -0.851600 -0.425300
vn -0.279300 -0.900500 -0.333400
vn -0.716800 -0.277300 -0.639800
vn -0.508300 -0.555200 -0.658300
vn -0.738000 -0.424800 -0.524400
vn -0.637100 -0.049200 -0.769200
vn -0.499800 -0.404300 -0.766000
vn -0.177900 -0.639100 -0.748300
vn -0.458800 -0.185700 -0.868900
vn -0.225000 -0.496100 -0.838600
vn -0.175300 0.116300 -0.977600
vn -0.494400 0.169200 -0.852600
vn 0.071900 -0.135500 -0.988200
vn -0.305800 -0.013000 -0.952000
vn -0.084700 -0.213500 -0.973300
vn 0.376200 -0.544900 -0.749300
vn 0.075500 -0.459800 -0.884800
vn 0.302900 -0.394500 -0.867500
vn 0.188300 -0.625200 -0.757400
vn -0.276500 -0.298000 -0.913600
vn 0.851200 0.128700 0.508800
vn 0.978800 0.079000 0.189000
vn 0.878700 0.270700 0.393300
vn 0.761100 -0.090200 0.642300
vn 0.948300 -0.051100 0.313200
vn 0.984300 -0.163200 -0.067200
vn 0.859400 -0.224400 0.459400
vn 0.965900 -0.244200 0.085700
vn 0.641100 -0.585700 0.495900
vn 0.626100 -0.315400 0.713100
vn 0.730800 -0.662700 0.163400
vn 0.750900 -0.439900 0.492600
vn 0.823500 -0.524900 0.215200
vn 0.737700 -0.552500 -0.388100
vn 0.872700 -0.481000 -0.084000
vn 0.742400 -0.638400 -0.203200
vn 0.858500 -0.409200 -0.309000
vn 0.902600 -0.332000 0.273900
vn -0.283200 -0.923200 0.259700
vn -0.133000 -0.985300 0.107600
vn -0.057200 -0.997800 0.034400
vn -0.006300 -0.999800 -0.017900
vn 0.076400 -0.992300 -0.097900
vn 0.427300 -0.789500 -0.440600
vn -0.335000 -0.889900 0.309600
vn 0.394100 -0.822700 -0.409700
vn -0.147100 0.170700 -0.974300
vn -0.145700 0.169300 -0.974700
vn 0.137300 -0.114200 -0.983900
vn 0.139400 -0.116200 -0.983400
vn 0.388600 -0.369500 -0.844100
vn 0.389800 -0.370500 -0.843000
vn 0.866100 0.341800 0.364800
vn 0.944200 0.223400 0.241800
vn 0.934700 -0.249400 -0.253400
vn 0.976100 0.146100 0.160800
vn 0.981600 -0.135400 -0.135000
vn 0.934500 -0.249600 -0.253700
vn 0.635400 0.128200 0.761500
vn 0.500600 -0.068800 0.863000
vn 0.047200 -0.508900 0.859500
vn -0.152700 -0.637000 0.755600
vn 0.643700 0.142700 0.751800
vn 0.501000 -0.067900 0.862800
vn 0.050400 -0.506900 0.860500
vn -0.160500 -0.641500 0.750200
vn 0.148900 0.793500 -0.590100
vn 0.614600 0.778200 -0.129500
vn 0.802500 0.524500 0.284400
vn -0.275600 0.559800 -0.781500
vn -0.274600 0.560700 -0.781200
vn 0.149400 0.793600 -0.589800
vn 0.615300 0.777700 -0.128700
vn 0.614600 0.778200 -0.129400
vn 0.802800 0.523200 0.286000
vn -0.794000 -0.585300 0.164400
vn -0.863100 -0.498000 -0.083900
vn -0.868100 -0.016300 -0.496100
vn -0.754200 0.172600 -0.633600
vn -0.788500 -0.590200 0.173000
vn -0.891400 -0.451700 -0.037800
vn -0.890800 -0.452900 -0.036300
vn -0.868700 -0.017500 -0.495100
vn -0.739700 0.191300 -0.645200
vn 0.693200 -0.197400 -0.693200
vn 0.697400 0.194500 -0.689800
vn 0.596800 0.551500 -0.582900
vn 0.324000 -0.883400 -0.338400
vn 0.039600 -0.997800 -0.053600
vn -0.205800 -0.959100 0.194200
vn 0.125400 -0.982200 -0.139800
vn 0.302000 -0.659400 -0.688400
vn -0.051700 -0.689000 -0.722900
vn -0.457700 -0.611300 -0.645700
vn -0.133400 0.163800 -0.977400
vn 0.163600 -0.133000 -0.977500
vn 0.407400 -0.380800 -0.830100
vn -0.136200 0.162500 -0.977300
vn 0.154100 -0.127800 -0.979800
vn 0.399600 -0.377400 -0.835400
vn -0.141900 0.166100 -0.975800
vn 0.144700 -0.120800 -0.982100
vn 0.392800 -0.372900 -0.840600
vn 0.844100 -0.378300 -0.380100
vn 0.984200 -0.136100 -0.113100
vn 0.976100 0.129800 0.174400
vn 0.689400 -0.684400 -0.237300
vn 0.696900 -0.700400 0.154000
vn 0.597600 -0.609000 0.521600
vn -0.269000 -0.929800 0.251100
vn -0.025600 -0.999600 0.008100
vn 0.288200 -0.908600 -0.302300
vn 0.312300 -0.302000 -0.900700
vn 0.109900 -0.098900 -0.989000
vn 0.023300 -0.012400 -0.999700
vn -0.218900 0.229100 -0.948500
vn 0.599600 0.545100 -0.585900
vn 0.698900 0.182700 -0.691500
vn 0.691600 -0.207500 -0.691800
vn 0.647700 -0.394600 -0.651700
vn -0.152700 -0.978200 0.140900
vn 0.122300 -0.983000 -0.136600
vn 0.378400 -0.838200 -0.392700
vn 0.487200 -0.715500 -0.500700
vn -0.532500 -0.581600 -0.614900
vn -0.167900 -0.679600 -0.714100
vn 0.222400 -0.674000 -0.704500
vn 0.408600 -0.632000 -0.658500
vn 0.974700 0.134000 0.178900
vn 0.985600 -0.130800 -0.107300
vn 0.846600 -0.375700 -0.377100
vn 0.726900 -0.478500 -0.492600
vn 0.597200 -0.608600 0.522500
vn 0.696700 -0.700200 0.156200
vn 0.690000 -0.685000 -0.233800
vn 0.646600 -0.637600 -0.418700
vn -0.159700 0.170200 -0.972400
vn 0.116200 -0.105100 -0.987700
vn 0.374700 -0.364800 -0.852400
vn 0.484900 -0.476200 -0.733600
vn -0.192800 -0.794100 0.576400
vn 0.000100 -0.718700 0.695400
vn 0.194800 -0.602700 0.773800
vn 0.777600 0.166200 0.606500
vn 0.698700 -0.025000 0.715000
vn 0.582300 -0.215600 0.783900
vn 0.787900 0.572600 0.226700
vn 0.712200 0.701400 0.028200
vn 0.593000 0.786500 -0.172600
vn -0.198300 0.602100 -0.773400
vn -0.002400 0.720800 -0.693100
vn 0.194900 0.796100 -0.572900
vn -0.783000 -0.180100 -0.595400
vn -0.707100 0.015200 -0.706900
vn -0.590700 0.209200 -0.779300
vn -0.785300 -0.582200 -0.210700
vn -0.708300 -0.705800 -0.014300
vn -0.588300 -0.787800 0.182700
vn 0.813900 0.459600 0.355600
vn 0.654400 0.002000 0.756100
vn -0.377900 -0.169700 -0.910200
vn -0.174400 -0.744600 -0.644300
vn 0.271200 0.487900 -0.829700
vn 0.981600 -0.135300 -0.134900
vn 0.615300 0.777700 -0.128500
vn 0.081100 -0.077300 0.993700
vn -0.000000 -0.023500 0.999700
vn 0.077900 -0.082000 0.993600
vn 0.712000 -0.598200 -0.367800
vn 0.645700 -0.610600 -0.458500
vn 0.682000 -0.570600 -0.457400
vn -0.067900 0.042000 0.996800
vn -0.612300 0.748400 -0.254800
vn -0.552100 0.758500 -0.346100
vn -0.570600 0.782000 -0.250800
vn 0.057600 -0.102300 0.993100
vn 0.061900 -0.098500 0.993200
vn 0.746700 -0.555800 -0.365400
vn 0.715500 -0.530100 -0.455100
vn -0.771900 0.580200 -0.259900
vn -0.790200 0.501300 -0.352500
vn -0.746100 0.563400 -0.354900
vn -0.692800 0.672900 -0.259200
vn -0.630300 0.691700 -0.352500
vn -0.651900 0.713300 -0.257400
vn 0.065500 -0.094400 0.993400
vn 0.069600 -0.090400 0.993500
vn -0.064200 0.045900 0.996900
vn -0.505800 0.792400 -0.340900
vn -0.522200 0.816500 -0.246200
vn 0.464500 -0.810500 -0.356700
vn 0.490700 -0.745800 -0.450500
vn 0.511600 -0.779300 -0.361800
vn 0.556400 -0.746300 -0.365300
vn 0.572000 -0.681100 -0.457000
vn 0.596900 -0.713200 -0.367700
vn -0.454000 0.826000 -0.334100
vn -0.468000 0.850400 -0.240500
vn -0.412600 0.849900 -0.327900
vn -0.424800 0.874400 -0.234700
vn 0.387100 -0.853000 -0.350100
vn 0.403000 -0.803000 -0.439000
vn 0.419600 -0.836700 -0.352000
vn 0.053200 -0.106200 0.992900
vn -0.393100 0.860300 -0.324700
vn -0.404600 0.884200 -0.233500
vn -0.429800 0.840300 -0.330500
vn -0.522200 0.850000 -0.069600
vn 0.177400 -0.939300 -0.293800
vn 0.372300 -0.820400 -0.434000
vn 0.044100 -0.114800 0.992400
vn 0.048600 -0.110400 0.992700
vn 0.778500 -0.512500 -0.362400
vn 0.746600 -0.488600 -0.451500
vn 0.805900 -0.470900 -0.358900
vn 0.773700 -0.448900 -0.447100
vn -0.854100 0.452900 -0.255700
vn -0.843400 0.411200 -0.345900
vn -0.826700 0.441800 -0.348600
vn -0.072000 0.037900 0.996700
vn 0.822900 -0.441000 -0.358200
vn 0.791400 -0.420900 -0.443400
vn 0.927200 -0.217300 -0.305000
vn 0.890900 -0.214900 -0.400200
vn -0.870300 0.421100 -0.255300
vn -0.825400 0.444000 -0.348700
vn -0.079500 0.026800 0.996500
vn 0.617700 -0.581700 -0.529200
vn 0.652200 -0.543500 -0.528500
vn -0.000000 0.023500 -0.999700
vn 0.048700 -0.043100 -0.997900
vn -0.592100 0.726000 -0.349800
vn -0.531200 0.732100 -0.426400
vn -0.045200 0.092700 -0.994700
vn -0.041500 0.096800 -0.994400
vn 0.684300 -0.504900 -0.526100
vn 0.714500 -0.465700 -0.522100
vn -0.669600 0.652700 -0.354400
vn -0.680600 0.589100 -0.435700
vn -0.643700 0.629500 -0.435200
vn -0.605900 0.667300 -0.433200
vn -0.707900 0.610400 -0.355300
vn -0.717500 0.543800 -0.435300
vn 0.608600 -0.647700 -0.458400
vn 0.533300 -0.713500 -0.454500
vn 0.547300 -0.649500 -0.527900
vn 0.510600 -0.680800 -0.525100
vn -0.437200 0.798500 -0.413900
vn -0.049400 0.090000 -0.994700
vn 0.445900 -0.776500 -0.445200
vn 0.470100 -0.711900 -0.521700
vn 0.427500 -0.741900 -0.516500
vn -0.379500 0.833300 -0.402100
vn -0.000100 0.023500 -0.999700
vn -0.038700 0.100800 -0.994200
vn 0.387100 -0.768100 -0.510000
vn 0.180900 -0.903600 -0.388200
vn 0.358400 -0.786100 -0.503500
vn -0.571400 0.637000 -0.517400
vn 0.065100 -0.025600 -0.997600
vn -0.760400 0.484100 -0.433000
vn -0.797000 0.427200 -0.427000
vn 0.740800 -0.428400 -0.517400
vn 0.758400 -0.402100 -0.513000
vn 0.072700 -0.018900 -0.997200
vn 0.068800 -0.022200 -0.997400
vn -0.814300 0.398400 -0.422100
vn -0.782800 0.415500 -0.463200
vn 0.854400 -0.215500 -0.472900
vn -0.732700 0.629000 -0.259900
vn 0.997800 -0.019100 0.064100
vn 0.998100 -0.048400 -0.038700
vn 0.988300 -0.062900 -0.139000
vn -0.062400 0.076500 -0.995100
vn -0.065700 0.072600 -0.995200
vn -0.569400 0.700500 -0.430200
vn -0.059000 0.080100 -0.995000
vn -0.085500 0.022500 0.996100
vn 0.073700 -0.086200 0.993600
vn -0.074100 0.063200 -0.995200
vn -0.006700 -0.999000 0.045200
vn -0.279700 -0.948800 0.146500
vn 0.027200 -0.998000 -0.057600
vn 0.005600 -0.997400 0.072000
vn 0.045900 -0.986400 -0.157800
vn 0.044700 -0.046100 -0.997900
vn 0.635300 -0.678500 -0.368700
vn 0.062200 -0.029400 -0.997600
vn 0.582000 -0.617300 -0.529300
vn 0.096500 -0.023500 0.995100
vn -0.090300 0.020200 0.995700
vn 0.106500 -0.052800 0.992900
vn 0.090200 -0.071700 0.993300
vn 0.089900 -0.003300 -0.995900
vn 0.075800 -0.017100 -0.997000
vn -0.079100 0.061700 -0.995000
vn 0.094700 0.016900 -0.995400
vn 0.000100 -0.023500 0.999700
vn 0.042400 -0.119800 0.991900
vn -0.056800 0.053000 0.997000
vn -0.486600 0.765000 -0.421900
vn 0.035600 -0.057800 -0.997700
vn -0.000100 0.023600 -0.999700
vn -0.060600 0.049500 0.996900
vn -0.052200 0.056500 0.997000
vn -0.055800 0.083700 -0.994900
vn -0.817300 0.515300 -0.258000
vn -0.069100 0.067100 -0.995300
vn 0.000100 -0.023600 0.999700
vn 0.025600 -0.133500 0.990700
vn -0.042900 0.068300 0.996700
vn -0.002200 -0.119000 0.992900
vn -0.037400 0.103700 -0.993900
vn 0.004400 -0.071400 -0.997400
vn -0.032800 0.008300 -0.999400
vn 0.023100 -0.068700 -0.997400
vn 0.945900 0.250000 0.207000
vn 0.893100 0.077400 0.443100
vn 0.086200 -0.073600 0.993600
vn 0.978100 0.151500 -0.142500
vn 0.037500 -0.054100 -0.997800
vn 0.674200 -0.640100 -0.368300
vn -0.052500 0.086600 -0.994900
vn 0.040700 -0.049700 -0.997900
vn -0.047900 0.061400 0.997000
vn -0.397600 0.822300 -0.407000
vn 0.185900 -0.867000 -0.462300
vn 0.052000 -0.039600 -0.997900
vn 0.055200 -0.036400 -0.997800
vn 0.058500 -0.033400 -0.997700
vn -0.075300 0.032900 0.996600
vn -0.044000 0.065100 0.996900
vn -0.117800 -0.910600 0.396100
vn -0.191300 -0.682800 0.705100
vn -0.550600 -0.559300 0.619700
vn -0.064000 -0.808600 0.584900
vn -0.166800 -0.398900 0.901700
vn -0.362900 -0.621200 0.694600
vn -0.819400 -0.243100 0.519200
vn -0.267500 -0.411300 0.871400
vn -0.194200 0.280300 0.940100
vn -0.057100 -0.273800 0.960100
vn -0.046400 -0.018200 0.998800
vn -0.243300 0.311600 0.918500
vn -0.162600 -0.025000 0.986400
vn -0.047400 -0.551300 0.832900
vn -0.221400 -0.021900 0.974900
vn -0.568900 0.681400 0.460500
vn -0.466400 0.866000 0.180300
vn -0.624400 0.729400 0.279700
vn -0.631800 0.653000 0.417500
vn -0.470600 0.730800 0.494400
vn -0.397000 0.854100 0.336100
vn -0.544400 0.401400 0.736600
vn 0.656600 0.143200 0.740500
vn 0.783600 0.026300 0.620700
vn 0.531400 0.502400 0.682100
vn 0.601100 0.302000 0.739900
vn 0.371800 0.125600 0.919800
vn 0.522400 0.011900 0.852600
vn 0.386400 0.221500 0.895300
vn -0.847100 0.523700 -0.090900
vn -0.697400 0.554000 0.454600
vn -0.744200 0.610900 0.270200
vn -0.868400 0.469200 0.160200
vn -0.749500 0.458700 0.477200
vn -0.668400 0.617100 0.415200
vn -0.418100 0.514700 0.748500
vn 0.247100 0.025800 0.968600
vn -0.303100 0.174200 0.936900
vn -0.005000 0.021500 0.999800
vn -0.000300 0.133000 0.991100
vn -0.331600 0.221200 0.917100
vn 0.000600 0.187800 0.982200
vn -0.078100 -0.852500 -0.516900
vn 0.014900 -0.968800 -0.247300
vn -0.042200 -0.996900 0.067100
vn -0.143400 -0.820300 -0.553700
vn -0.003600 -0.852000 -0.523600
vn 0.004300 -0.673600 -0.739100
vn -0.182500 -0.503100 -0.844800
vn -0.370400 0.561500 -0.739900
vn -0.690900 0.500100 -0.522000
vn -0.337700 0.705500 -0.623100
vn -0.235400 0.321900 -0.917000
vn -0.527200 0.716500 -0.456900
vn -0.296400 0.297500 -0.907500
vn -0.291200 0.420700 -0.859200
vn -0.026400 -0.297700 -0.954300
vn -0.137700 0.234200 -0.962400
vn -0.115000 -0.021200 -0.993100
vn -0.232700 0.478300 -0.846800
vn -0.140300 -0.029300 -0.989700
vn 0.873900 0.096200 -0.476600
vn 0.881900 0.297800 -0.365500
vn 0.978300 -0.029300 -0.204900
vn 0.872800 -0.003300 -0.488000
vn 0.987800 0.152300 0.033100
vn 0.527200 0.193300 -0.827400
vn 0.634800 0.109800 -0.764900
vn -0.209400 0.161000 -0.964500
vn 0.323800 0.040800 -0.945300
vn 0.015900 0.054900 -0.998400
vn -0.453100 0.255700 -0.854000
vn 0.046200 0.134900 -0.989800
vn 0.698100 -0.002400 -0.716000
vn -0.296100 0.257900 -0.919700
vn 0.051100 0.161700 -0.985500
vn -0.543400 0.366800 -0.755200
vn -0.682000 0.358100 -0.637700
vn -0.754300 0.448100 -0.479800
vn -0.500900 0.392400 -0.771400
vn -0.274900 0.319100 -0.907000
vn 0.293200 -0.338600 0.894100
vn 0.311500 -0.320900 0.894400
vn 0.436000 -0.488100 0.756100
vn 0.461900 -0.462100 0.757000
vn 0.697400 -0.676500 0.236500
vn 0.679100 -0.733700 -0.020700
vn 0.720800 -0.692900 -0.020300
vn 0.275800 -0.355100 0.893200
vn 0.409600 -0.511400 0.755400
vn 0.656400 -0.716300 0.236600
vn 0.637600 -0.770100 -0.020700
vn -0.300300 0.267500 0.915600
vn -0.317700 0.248800 0.915000
vn -0.450500 0.415300 0.790300
vn -0.721800 0.606400 0.333400
vn -0.718500 0.689600 0.090400
vn -0.683000 0.649200 0.334700
vn -0.334200 0.227600 0.914600
vn -0.476500 0.386300 0.789800
vn -0.760000 0.558400 0.332600
vn -0.759900 0.643900 0.089400
vn 0.346300 -0.282200 0.894700
vn 0.329200 -0.301700 0.894700
vn 0.512000 -0.405600 0.757200
vn 0.736600 -0.633200 0.237600
vn 0.797600 -0.602900 -0.018700
vn 0.772600 -0.589000 0.237200
vn 0.487700 -0.434100 0.757500
vn 0.761100 -0.648400 -0.019700
vn -0.282800 0.285000 0.915900
vn -0.266600 0.300900 0.915600
vn -0.423100 0.441800 0.791000
vn -0.398400 0.466200 0.789900
vn -0.603600 0.722700 0.336700
vn -0.675900 0.731300 0.091100
vn -0.634300 0.767400 0.093400
vn -0.643200 0.688700 0.334600
vn -0.248800 0.315600 0.915700
vn -0.228800 0.331800 0.915200
vn -0.370600 0.488100 0.790200
vn -0.339900 0.513400 0.787900
vn -0.515200 0.788100 0.336700
vn -0.590300 0.801600 0.095200
vn -0.539300 0.836500 0.097500
vn -0.562800 0.755200 0.336000
vn 0.256700 -0.371000 0.892400
vn 0.382100 -0.533900 0.754300
vn 0.615900 -0.751700 0.235900
vn 0.594000 -0.804200 -0.020200
vn 0.237300 -0.387500 0.890800
vn 0.353400 -0.557800 0.751000
vn 0.573100 -0.785200 0.234600
vn 0.545500 -0.837900 -0.018200
vn 0.215800 -0.404200 0.888800
vn 0.322300 -0.580000 0.748100
vn 0.525400 -0.817600 0.235500
vn 0.494500 -0.869000 -0.018200
vn 0.196900 -0.423000 0.884500
vn 0.296700 -0.604000 0.739700
vn 0.475700 -0.848900 0.230400
vn 0.446400 -0.894700 -0.018400
vn -0.207300 0.349800 0.913600
vn -0.191000 0.366100 0.910800
vn -0.305400 0.539600 0.784500
vn -0.279900 0.562400 0.778100
vn -0.420900 0.844700 0.330500
vn -0.482400 0.870400 0.098600
vn -0.437100 0.894100 0.097900
vn -0.463000 0.820700 0.334900
vn 0.104800 -0.468900 0.877000
vn -0.008900 -0.400600 0.916200
vn 0.177000 -0.835500 0.520200
vn -0.016500 -0.725600 0.687900
vn 0.189200 -0.981100 0.040400
vn -0.021000 -0.938600 0.344400
vn 0.084800 -0.208100 0.974400
vn 0.277800 -0.625000 0.729600
vn 0.426600 -0.876100 0.224500
vn 0.411200 -0.911200 -0.025000
vn 0.272300 -0.636900 0.721300
vn 0.393800 -0.895300 0.208500
vn -0.184000 0.376600 0.907900
vn -0.270300 0.574000 0.773000
vn -0.416800 0.904000 0.094600
vn -0.400500 0.856400 0.325900
vn -0.354000 0.200300 0.913600
vn -0.503300 0.354500 0.788100
vn -0.803600 0.496600 0.328000
vn -0.800500 0.592700 0.088900
vn -0.377800 0.178900 0.908400
vn -0.536600 0.311900 0.784100
vn -0.839700 0.438400 0.320600
vn -0.846900 0.524500 0.087200
vn 0.380900 -0.245000 0.891600
vn 0.362700 -0.262800 0.894100
vn 0.557300 -0.353600 0.751300
vn 0.805900 -0.542700 0.236500
vn 0.858800 -0.512000 -0.018700
vn 0.836200 -0.497700 0.230300
vn 0.535600 -0.377900 0.755200
vn 0.830800 -0.556200 -0.017600
vn 0.380600 -0.022300 0.924500
vn 0.711600 -0.017800 0.702400
vn 0.932100 -0.010800 0.362100
vn 0.440400 -0.145400 0.885900
vn 0.817000 -0.231500 0.528200
vn 0.969800 -0.241400 0.035700
vn -0.394100 0.168300 0.903500
vn -0.571300 0.275200 0.773200
vn -0.859100 0.407200 0.310000
vn -0.884400 0.459400 0.081800
vn -0.901100 0.427300 0.074000
vn -0.590600 0.260500 0.763800
vn -0.861000 0.399300 0.315000
vn 0.396700 -0.235300 0.887300
vn 0.857400 -0.467300 0.215800
vn 0.578300 -0.337600 0.742700
vn 0.877000 -0.479900 -0.025300
vn 0.522400 -0.486400 -0.700400
vn 0.492800 -0.516600 -0.700100
vn 0.378000 -0.343800 -0.859600
vn 0.356600 -0.365600 -0.859800
vn 0.210300 -0.180100 -0.960900
vn 0.198000 -0.192000 -0.961200
vn 0.463600 -0.544400 -0.699100
vn 0.335500 -0.385900 -0.859400
vn 0.186600 -0.203400 -0.961100
vn -0.581700 0.509700 -0.633900
vn -0.550200 0.544200 -0.633400
vn -0.421600 0.378100 -0.824200
vn -0.399100 0.403400 -0.823400
vn -0.231100 0.219000 -0.948000
vn -0.218900 0.232800 -0.947600
vn -0.613600 0.471100 -0.633700
vn -0.444700 0.350200 -0.824400
vn -0.243700 0.203900 -0.948200
vn 0.552200 -0.454000 -0.699200
vn 0.579600 -0.421800 -0.697200
vn 0.400000 -0.320400 -0.858700
vn 0.420100 -0.297300 -0.857400
vn 0.222800 -0.167000 -0.960400
vn 0.233900 -0.154000 -0.960000
vn -0.487400 0.605800 -0.628900
vn -0.518400 0.577000 -0.631200
vn -0.354000 0.448400 -0.820700
vn -0.376100 0.427100 -0.822200
vn -0.194400 0.257400 -0.946600
vn -0.206200 0.245600 -0.947200
vn -0.417700 0.662800 -0.621500
vn -0.455300 0.633600 -0.625500
vn -0.304700 0.491400 -0.815900
vn -0.331200 0.469000 -0.818800
vn -0.167500 0.280800 -0.945000
vn -0.182200 0.269000 -0.945700
vn 0.433100 -0.571800 -0.696800
vn 0.313600 -0.406200 -0.858300
vn 0.174400 -0.215100 -0.960900
vn 0.399200 -0.598900 -0.694200
vn 0.289900 -0.427400 -0.856300
vn 0.161300 -0.227300 -0.960400
vn 0.364200 -0.626300 -0.689300
vn 0.265300 -0.448800 -0.853400
vn 0.147400 -0.239400 -0.959700
vn 0.331000 -0.651500 -0.682600
vn 0.242400 -0.470100 -0.848700
vn 0.135300 -0.252900 -0.958000
vn -0.343900 0.717200 -0.606100
vn -0.376500 0.693400 -0.614300
vn -0.253500 0.536100 -0.805200
vn -0.275600 0.515100 -0.811600
vn -0.141100 0.308200 -0.940800
vn -0.152500 0.295300 -0.943200
vn 0.042700 -0.897600 -0.438700
vn 0.166000 -0.739500 -0.652400
vn 0.032600 -0.668100 -0.743400
vn 0.124300 -0.536800 -0.834500
vn 0.017600 -0.347400 -0.937600
vn 0.073100 -0.294900 -0.952700
vn 0.308000 -0.670100 -0.675400
vn 0.227200 -0.487800 -0.842900
vn 0.127800 -0.265200 -0.955700
vn -0.329500 0.729100 -0.599800
vn -0.243700 0.547300 -0.800600
vn -0.136100 0.316300 -0.938800
vn -0.651500 0.420800 -0.631300
vn -0.473200 0.314700 -0.822800
vn -0.258600 0.184400 -0.948200
vn -0.686400 0.373900 -0.623700
vn -0.502400 0.282900 -0.817100
vn -0.276600 0.168500 -0.946100
vn 0.606100 -0.389000 -0.693700
vn 0.630300 -0.358600 -0.688500
vn 0.440000 -0.273700 -0.855300
vn 0.459800 -0.252700 -0.851300
vn 0.245700 -0.141200 -0.959000
vn 0.258000 -0.129600 -0.957400
vn 0.906200 -0.051400 -0.419800
vn 0.684500 -0.029500 -0.728500
vn 0.368600 -0.003400 -0.929600
vn 0.730600 -0.184100 -0.657600
vn 0.536600 -0.128300 -0.834100
vn 0.306600 -0.063800 -0.949700
vn -0.705300 0.350800 -0.616000
vn -0.520500 0.267900 -0.810800
vn -0.289700 0.161400 -0.943400
vn 0.647600 -0.337600 -0.683100
vn 0.476100 -0.239300 -0.846200
vn 0.268600 -0.123100 -0.955300
vn -0.801800 0.483400 -0.351300
vn 0.881400 0.449900 0.144200
vn 0.881800 0.448900 0.144600
vn -0.798700 0.488200 -0.351900
vn 0.269700 0.950500 -0.154000
vn 0.269800 0.950500 -0.154000
vn 0.856400 0.500900 0.125100
vn -0.474100 0.813400 -0.336900
vn -0.476000 0.812300 -0.337000
vn -0.944000 -0.251900 -0.213100
vn -0.530600 -0.845900 0.054900
vn -0.119400 -0.975400 0.185100
vn 0.229500 0.768700 0.597100
vn 0.966400 0.086500 0.242200
vn -0.068500 0.991800 -0.107600
vn 0.002500 0.999800 0.021900
vn -0.095500 0.995200 0.021800
vn 0.010300 -0.999900 -0.007900
vn -0.004800 -0.999900 -0.011300
vn 0.000100 -0.999900 -0.012600
vn -0.955000 -0.296500 0.002200
vn -0.913500 -0.398200 -0.083300
vn -0.979300 -0.202600 0.000300
vn -0.847700 -0.523600 -0.085700
vn -0.958300 -0.285600 -0.005100
vn -0.097100 -0.992600 0.073000
vn -0.001300 -0.999700 -0.023600
vn -0.001200 -0.997300 0.073900
vn 0.999800 -0.017900 0.001200
vn 1.000000 -0.001000 -0.004000
vn 0.993100 -0.078200 -0.086900
vn 0.054600 0.997300 -0.049800
vn 0.002500 0.996600 -0.082400
vn -0.000000 -0.021900 0.999800
vn 0.159100 -0.124700 0.979400
vn 0.097900 -0.021900 0.995000
vn 0.069200 -0.993100 -0.094200
vn 0.076800 -0.997000 0.007200
vn -0.004800 0.009600 -0.999900
vn 0.000300 0.021600 -0.999800
vn -0.000000 0.021600 -0.999800
vn 0.141300 0.989900 -0.014700
vn 0.043000 0.998800 0.023600
vn 0.050100 0.997300 -0.054200
vn -0.098200 0.021900 -0.994900
vn 0.069700 -0.048100 -0.996400
vn -0.030900 -0.051900 -0.998200
vn 0.097500 0.988100 0.119300
vn 0.139700 0.989900 0.022600
vn -0.000000 0.021800 -0.999800
vn -0.185700 0.206200 -0.960700
vn 1.000000 -0.001500 0.000600
vn 0.995100 0.069600 0.070700
vn 0.986100 -0.086100 0.142000
vn 1.000000 -0.005700 -0.002500
vn 0.730100 -0.662500 0.167400
vn 0.706100 -0.707900 -0.015500
vn 0.761000 -0.648600 -0.014200
vn -0.994500 0.003000 -0.104400
vn -0.995200 0.098200 0.002200
vn -1.000000 0.000700 -0.000000
vn 0.004200 -0.999900 -0.016300
vn 0.102900 -0.994600 -0.013700
vn 0.012200 -0.999800 -0.013900
vn -0.148700 -0.979700 0.134600
vn -0.184400 -0.982400 -0.029100
vn -0.021500 0.042300 -0.998900
vn 0.000200 0.113000 -0.993600
vn 0.703800 -0.703900 -0.095500
vn 0.646200 -0.763000 -0.016700
vn -0.606500 0.593400 0.529100
vn -0.511700 0.594500 0.620300
vn -0.457000 0.751300 0.476000
vn 1.000000 0.000400 -0.001000
vn 0.993800 -0.111100 -0.004400
vn 0.986700 -0.112500 -0.117400
vn -0.002700 -0.999900 -0.012900
vn -0.003500 -0.997000 0.076900
vn -0.000300 0.021900 -0.999800
vn -0.092700 0.021900 -0.995500
vn -0.000100 -0.075500 -0.997100
vn -0.157600 -0.038900 -0.986700
vn -0.001500 -0.993700 -0.111800
vn 0.102500 -0.021900 0.994500
vn 0.000100 0.076100 0.997100
vn 0.124500 0.049200 0.991000
vn -0.231500 -0.634800 -0.737200
vn -0.168500 -0.677900 -0.715600
vn -0.080500 -0.683700 -0.725300
vn 0.001400 -1.000000 -0.009000
vn 0.013600 -0.982900 0.183600
vn -0.001300 -0.813900 -0.581000
vn -0.072600 -0.719600 -0.690600
vn -0.023500 -0.072300 0.997100
vn 0.097000 0.021600 -0.995000
vn 0.092100 -0.074800 -0.992900
vn 0.999900 0.002800 -0.011200
vn 1.000000 -0.004200 -0.004000
vn 0.995300 0.096900 -0.001900
vn -0.019600 -0.999800 0.004100
vn 0.064900 0.173400 -0.982700
vn 0.084000 0.996200 0.021800
vn 0.002600 0.997100 -0.076500
vn -0.985400 -0.152100 0.076300
vn -0.993800 -0.045800 0.101400
vn 0.732600 0.118100 -0.670300
vn 0.694400 0.195600 -0.692500
vn 0.701600 0.127100 -0.701100
vn -0.607200 0.501000 0.616700
vn -0.753400 0.453200 0.476400
vn 0.644800 0.171500 -0.744900
vn 0.667000 0.111600 -0.736700
vn -0.001400 -0.146800 0.989200
vn -0.098200 -0.029100 0.994700
vn -0.000600 -0.046900 0.998900
vn 0.995500 0.000800 -0.094900
vn 1.000000 -0.001000 0.004100
vn 0.135100 0.990500 0.023700
vn 0.001000 0.992500 0.122500
vn 0.990200 0.129300 -0.053000
vn -0.467300 0.449500 0.761300
vn -0.578600 0.564300 0.588900
vn 0.096700 -0.988600 -0.115000
vn -0.988100 -0.120700 0.095300
vn 0.661200 0.045600 -0.748900
vn 0.817800 0.195700 -0.541200
vn 0.703600 0.096400 -0.704000
vn -0.990400 0.100100 -0.095200
vn -0.995200 0.002800 -0.098100
vn 0.708300 -0.683800 -0.175200
vn 0.702600 -0.702400 -0.113500
vn -0.331300 -0.496900 -0.802000
vn -0.069800 -0.687700 -0.722700
vn 0.097300 0.074900 0.992400
vn 0.157800 -0.751700 -0.640400
vn 0.009800 0.026300 -0.999600
vn 0.084900 -0.063300 -0.994400
vn -0.990400 -0.049900 -0.129300
vn -0.996800 -0.080200 -0.001700
vn -0.987000 -0.011700 -0.160600
vn -0.094500 0.992700 -0.075200
vn 0.999500 0.022100 0.022000
vn 0.990500 0.094700 0.099300
vn 1.000000 -0.000700 -0.000000
vn 0.995400 0.096200 0.002200
vn 0.995000 -0.069500 -0.072200
vn 0.996100 0.033300 -0.081900
vn -0.074800 -0.997100 -0.013200
vn -0.003900 -0.999800 -0.018600
vn -0.093000 -0.995400 -0.023500
vn -0.016000 -0.995400 -0.094500
vn -0.097300 -0.125700 0.987300
vn -0.000300 -0.141700 0.989900
vn 0.000200 0.120400 -0.992700
vn 0.074300 0.052400 -0.995900
vn -0.096600 0.118400 -0.988300
vn -0.000000 0.021900 -0.999800
vn 0.995200 -0.002800 0.097700
vn 0.995200 -0.002800 0.098000
vn 0.996700 -0.075400 0.028800
vn 0.203300 0.974100 -0.099000
vn 0.079300 -0.992200 -0.096600
vn 0.039200 -0.153000 0.987400
vn 0.190000 -0.029900 0.981300
vn 0.215000 -0.180000 0.959900
vn -0.343500 0.912100 -0.223700
vn -0.104400 0.945400 -0.308800
vn -0.596800 0.608900 -0.522500
vn -0.385000 0.728500 -0.566600
vn -0.331200 0.552300 -0.765000
vn -0.878400 0.106100 -0.466000
vn -0.905900 0.351800 -0.235900
vn -0.988800 0.074900 -0.129200
vn -0.324200 0.390400 -0.861700
vn -0.658100 0.401000 -0.637300
vn -0.653000 0.177200 -0.736400
vn -0.201700 0.193700 -0.960100
vn -0.238000 0.191000 -0.952300
vn 0.712000 0.643100 -0.281900
vn 0.750800 0.564400 -0.343200
vn 0.788600 0.271500 -0.551700
vn 0.747300 0.191000 -0.636400
vn 0.226100 -0.902300 -0.367200
vn 0.778600 0.135500 -0.612700
vn 0.607100 -0.193900 -0.770600
vn 0.538600 -0.306800 -0.784700
vn 0.883500 0.216000 -0.415600
vn 0.767700 0.633200 0.098800
vn 0.863200 0.132400 -0.487200
vn -0.515300 -0.816400 -0.260600
vn -0.613700 -0.772100 -0.164800
vn -0.623800 -0.766300 -0.154000
vn 0.013900 0.883300 -0.468700
vn 0.160000 0.959400 -0.232200
vn 0.505700 -0.251700 -0.825200
vn 0.810700 -0.585300 0.016500
vn 0.708500 -0.645800 0.284700
vn 0.567900 0.251500 -0.783700
vn -0.487400 0.714600 0.501800
vn -0.487400 0.714500 0.501800
vn -0.853700 -0.176300 -0.490000
vn -0.792300 -0.180100 -0.583000
vn -0.215800 -0.502400 -0.837300
vn -0.216000 -0.502400 -0.837200
vn -0.217100 -0.325100 -0.920400
vn -0.167800 -0.332200 -0.928200
vn 0.668700 -0.741500 -0.054600
vn 0.606700 -0.610900 -0.508700
vn 0.565400 -0.783600 -0.257600
vn -0.889500 0.443400 -0.110200
vn -0.848700 0.337900 -0.406800
vn -0.839500 0.327300 -0.433700
vn 0.337200 -0.715500 0.611900
vn 0.428200 -0.714100 0.553900
vn 0.202900 -0.589300 0.782100
vn 0.505200 -0.841700 0.190500
vn 0.487400 -0.790200 0.371400
vn 0.349500 -0.896700 0.271700
vn 0.458000 -0.737900 -0.495700
vn 0.447200 -0.658400 -0.605400
vn 0.748700 -0.492300 -0.443900
vn -0.226600 -0.650000 0.725400
vn -0.101600 -0.740200 0.664600
vn 0.493500 0.859900 0.130300
vn 0.239700 0.898500 0.367700
vn 0.124100 0.987700 0.095100
vn 0.844100 0.502800 0.186400
vn 0.636100 0.653300 0.410700
vn 0.526000 0.587700 0.614800
vn 0.812800 0.156200 0.561200
vn 0.947500 0.242300 0.208600
vn 0.980000 0.149200 0.132000
vn 0.238700 0.326300 0.914700
vn 0.494300 0.090900 0.864500
vn 0.635400 0.380000 0.672200
vn 0.795600 0.416900 0.439600
vn 0.033000 -0.076000 0.996600
vn 0.171600 -0.182300 0.968200
vn 0.020000 -0.425400 -0.904800
vn 0.020000 -0.425300 -0.904800
vn 0.812500 -0.545700 0.205100
vn 0.119200 -0.789200 -0.602500
vn -0.065400 -0.721700 -0.689100
vn -0.061700 0.446500 0.892700
vn -0.058200 0.446200 0.893000
vn 0.028100 0.437400 0.898800
vn -0.105700 -0.525500 0.844200
vn -0.344600 -0.262500 0.901300
vn -0.072600 -0.160200 0.984400
vn -0.189200 -0.867400 0.460300
vn -0.388000 -0.655300 0.648100
vn -0.596900 -0.543100 0.590600
vn -0.433900 -0.798700 0.417000
vn -0.660100 -0.648200 0.379600
vn -0.191200 -0.967800 0.163800
vn -0.494200 -0.853000 0.168000
vn -0.183200 -0.960000 0.211500
vn -0.904400 -0.247800 0.347400
vn -0.854900 -0.508400 0.103300
vn -0.589000 -0.794200 -0.149400
vn -0.722400 -0.632500 -0.279600
vn -0.847800 -0.528800 -0.040500
vn -0.126500 -0.957300 -0.259900
vn -0.476700 -0.836900 -0.268900
vn -0.574100 -0.611400 -0.544600
vn 0.476600 0.873900 0.095700
vn 0.476700 0.873900 0.095700
vn 0.625200 -0.027300 -0.780000
vn 0.686500 -0.198000 -0.699600
vn 0.115600 -0.719300 -0.685000
vn 0.115700 -0.719200 -0.685100
vn -0.787500 -0.443600 0.428000
vn -0.787500 -0.443500 0.428000
vn -0.787400 -0.443600 0.428000
vn -0.216900 0.469300 -0.856000
vn 0.385200 0.140900 -0.912000
vn -0.243300 0.611600 -0.752800
vn 0.207200 0.355600 -0.911400
vn 0.716800 0.098300 -0.690400
vn 0.120900 0.449000 -0.885300
vn 0.394300 0.233100 -0.888900
vn -0.298400 0.896700 0.326900
vn -0.578000 0.792300 0.195400
vn -0.164100 0.784000 0.598700
vn -0.055600 0.890700 0.451200
vn -0.426700 0.899500 0.094100
vn -0.658700 0.752400 0.009700
vn 0.315900 0.908500 -0.273500
vn 0.317600 0.908500 -0.271600
vn 0.499700 0.863800 -0.064600
vn 0.926300 0.118300 -0.357700
vn 0.882100 0.417100 0.219000
vn 0.928900 0.321900 -0.183100
vn 0.792500 0.558600 0.244800
vn 0.905000 0.217800 -0.365500
vn 0.905000 0.413300 -0.100700
vn -0.477600 -0.855000 0.202000
vn -0.119500 -0.916400 -0.382000
vn -0.587700 -0.771700 0.242900
vn -0.351800 -0.899300 -0.259600
vn -0.122800 -0.692400 -0.711000
vn -0.405400 -0.811000 -0.421900
vn -0.332400 -0.658200 -0.675500
vn -0.950300 0.209700 0.230000
vn -0.790700 0.166300 0.589100
vn -0.791900 0.575600 0.203700
vn -0.950000 0.297200 0.095300
vn -0.948400 0.065900 0.310200
vn -0.749000 -0.026600 0.662000
vn -0.999600 0.010600 0.028100
vn -0.124700 -0.356900 -0.925800
vn -0.460800 0.244200 -0.853200
vn -0.360100 -0.235400 -0.902700
vn -0.608900 0.274600 -0.744200
vn -0.412400 -0.400800 -0.818100
vn 0.373000 -0.106000 -0.921800
vn 0.117800 -0.366400 -0.923000
vn 0.688300 -0.097200 -0.718900
vn 0.346500 -0.346900 -0.871500
vn 0.101900 -0.687800 -0.718700
vn 0.559300 -0.573900 -0.598100
vn 0.311600 -0.657400 -0.686100
vn 0.856600 -0.356900 -0.372600
vn 0.909600 -0.137600 -0.392000
vn 0.688300 -0.714200 -0.127000
vn 0.909800 -0.386100 -0.152400
vn 0.653600 -0.320100 -0.685800
vn 0.118700 -0.905700 -0.407000
vn 0.375300 -0.915900 -0.142400
vn 0.348300 -0.855100 -0.384000
vn 0.654300 -0.671000 -0.348800
vn 0.893000 0.166500 0.418100
vn 0.901100 -0.417500 0.117200
vn 0.804800 0.214300 0.553600
vn 0.914700 -0.232800 0.330300
vn 0.668600 -0.739200 0.080500
vn 0.865400 -0.196900 0.460700
vn 0.850200 -0.425200 0.310500
vn -0.213400 0.167600 0.962500
vn -0.141500 0.558400 0.817400
vn -0.582900 0.159000 0.796900
vn -0.294200 0.021900 0.955500
vn -0.042500 0.239800 0.969900
vn 0.093200 0.631900 0.769500
vn -0.005000 -0.055300 0.998500
vn 0.349100 -0.930700 0.108900
vn -0.251100 -0.849700 0.463600
vn 0.166200 -0.931500 0.323600
vn -0.262900 -0.770800 0.580300
vn 0.348300 -0.885600 0.307200
vn 0.134300 -0.882800 0.450200
vn 0.018500 0.990200 -0.138700
vn 0.081200 0.882700 -0.462800
vn 0.021400 0.898200 -0.439100
vn 0.473500 0.726800 -0.497500
vn 0.473600 0.727000 -0.497200
vn 0.095900 0.727400 -0.679500
vn 0.034200 0.691700 -0.721400
vn 0.338800 0.548700 -0.764300
vn 0.689000 -0.639300 -0.341500
vn 0.713700 -0.684000 -0.151000
vn 0.636500 -0.538000 -0.552600
vn 0.518600 -0.336800 -0.785900
vn 0.637000 -0.001900 -0.770900
vn 0.791200 0.013200 -0.611400
vn 0.840500 -0.163200 -0.516600
vn 0.344300 -0.598600 -0.723200
vn 0.671300 0.291300 -0.681600
vn 0.068200 0.346100 -0.935700
vn 0.277400 -0.162800 -0.946900
vn 0.085400 0.464800 -0.881300
vn 0.529100 -0.249200 -0.811100
vn 0.542800 -0.391400 -0.743100
vn -0.095200 0.928800 -0.358200
vn -0.376600 0.923200 -0.077200
vn -0.090400 0.719400 -0.688600
vn -0.371800 0.857700 -0.355000
vn -0.703200 0.706800 -0.076700
vn -0.353800 0.676000 -0.646400
vn -0.660100 0.669500 -0.340500
vn -0.377900 0.117600 -0.918300
vn -0.096500 0.398300 -0.912200
vn -0.704200 0.107900 -0.701800
vn -0.372800 0.392300 -0.840900
vn -0.660600 0.370300 -0.653000
vn -0.920100 0.381500 -0.089100
vn -0.920500 0.106100 -0.376000
vn -0.848900 0.382200 -0.365100
vn -0.944300 -0.023300 -0.328300
vn -0.990500 -0.016500 -0.136600
vn -0.838900 -0.049700 -0.542000
vn -0.596000 -0.161600 -0.786500
vn -0.553900 0.008800 -0.832500
vn -0.717200 -0.459800 -0.523600
vn -0.717200 -0.459900 -0.523600
vn -0.659100 0.544500 -0.518800
vn 0.181500 -0.257300 -0.949100
vn -0.325400 -0.046200 -0.944400
vn 0.453900 -0.484900 -0.747500
vn 0.254000 -0.354600 -0.899800
vn -0.561600 -0.168000 -0.810200
vn -0.671600 -0.079800 -0.736600
vn 0.685500 -0.706500 -0.175900
vn 0.619900 -0.656000 -0.430600
vn 0.614000 -0.631900 -0.472900
vn -0.002200 -0.777600 -0.628700
vn -0.155300 -0.685600 -0.711200
vn 0.171400 -0.829400 -0.531700
vn 0.495000 -0.539300 -0.681200
vn -0.027200 -0.644600 -0.764100
vn 0.132400 -0.598000 -0.790500
vn 0.097700 0.911700 0.399000
vn 0.378400 0.918100 0.118000
vn 0.092000 0.688700 0.719100
vn 0.373600 0.840500 0.392400
vn 0.704700 0.701300 0.107800
vn 0.354800 0.646100 0.675800
vn 0.661500 0.652100 0.370400
vn 0.378700 0.076800 0.922300
vn 0.097500 0.358400 0.928500
vn 0.704000 0.076100 0.706100
vn 0.373600 0.354500 0.857200
vn 0.661400 0.339800 0.668700
vn 0.920800 0.375400 0.105700
vn 0.920500 0.088600 0.380600
vn 0.849100 0.364600 0.382300
vn 0.498100 0.817400 -0.289500
vn 0.110800 0.901000 -0.419500
vn 0.464600 0.883300 -0.063500
vn 0.799500 0.534200 -0.274500
vn 0.485800 0.770200 -0.413200
vn 0.051700 0.774000 -0.631000
vn 0.626800 0.668400 -0.400400
vn 0.929500 -0.170400 -0.327100
vn 0.942800 0.322800 -0.083900
vn 0.676700 -0.434600 -0.594300
vn 0.953800 0.135100 -0.268400
vn 0.773500 0.631600 -0.052900
vn 0.923600 0.105500 -0.368500
vn -0.125700 -0.567400 -0.813800
vn 0.316800 -0.297300 -0.900700
vn 0.193000 -0.589600 -0.784300
vn -0.124400 -0.234500 -0.964100
vn 0.296400 -0.131200 -0.946000
vn 0.458900 -0.342500 -0.819800
vn 0.541900 -0.062700 -0.838100
vn 0.548500 -0.299300 0.780800
vn 0.423900 -0.100800 0.900100
vn 0.189100 -0.865700 0.463400
vn 0.517100 -0.570600 0.637900
vn 0.828800 -0.266000 0.492300
vn 0.765700 -0.082200 0.637900
vn 0.805900 -0.551900 0.214200
vn 0.547800 -0.747800 -0.375100
vn 0.218200 -0.810200 -0.544000
vn 0.422700 -0.681500 -0.597400
vn 0.828700 -0.528400 -0.184300
vn 0.595400 -0.756700 -0.270000
vn 0.944000 -0.095700 0.315800
vn 0.943800 -0.283800 -0.169700
vn 0.961500 -0.256300 0.099100
vn 0.765700 -0.490500 -0.416100
vn 0.328100 -0.511400 0.794200
vn 0.392000 -0.151000 0.907500
vn 0.082800 -0.472800 0.877300
vn 0.272500 -0.829400 0.487800
vn 0.393800 -0.485600 0.780500
vn 0.408000 -0.684600 0.604000
vn 0.306500 -0.931400 -0.196200
vn 0.088600 -0.951300 0.295100
vn 0.545000 -0.707300 -0.450300
vn 0.264000 -0.960300 0.090300
vn 0.066900 -0.787600 0.612500
vn 0.354600 -0.933700 0.049200
vn 0.847900 0.031200 -0.529300
vn 0.857200 -0.383700 -0.343500
vn 0.738100 -0.285400 -0.611300
vn 0.933100 0.060800 -0.354400
vn 0.899900 -0.334000 -0.280300
vn 0.745300 -0.539800 -0.391400
vn 0.769800 -0.623900 -0.135000
vn -0.378600 -0.118600 0.917900
vn -0.097900 -0.404400 0.909300
vn -0.704300 -0.107800 0.701600
vn -0.374100 -0.393000 0.840000
vn -0.092900 -0.722600 0.685000
vn -0.661300 -0.370000 0.652500
vn -0.355500 -0.676100 0.645400
vn -0.921200 -0.378900 0.088200
vn -0.920700 -0.105100 0.375700
vn -0.700200 -0.709400 0.080300
vn -0.849800 -0.380900 0.364300
vn -0.661600 -0.668700 0.339300
vn -0.097800 -0.929500 0.355600
vn -0.370400 -0.925800 0.075300
vn -0.374300 -0.857400 0.353100
vn -0.567900 -0.794800 -0.214000
vn -0.693500 -0.716400 -0.076100
vn -0.690900 -0.613300 -0.382800
vn -0.485700 -0.813900 -0.318900
vn -0.338500 -0.917100 -0.210500
vn -0.462600 -0.883600 -0.072100
vn -0.104200 -0.872600 -0.477100
vn 0.445000 -0.482300 -0.754500
vn 0.423300 -0.188700 -0.886100
vn 0.633300 -0.257800 -0.729700
vn 0.250500 -0.805400 -0.537200
vn 0.305100 -0.561400 -0.769200
vn 0.165500 -0.285600 -0.944000
vn -0.232700 -0.967400 -0.100400
vn 0.187200 -0.929400 -0.318000
vn -0.049200 -0.964900 -0.257900
vn 0.450600 -0.702900 -0.550400
vn -0.000500 -0.363200 -0.931700
vn -0.000900 -0.694800 -0.719200
vn -0.001200 -0.917800 -0.397000
vn 0.913000 -0.408000 -0.007900
vn 0.369700 -0.929100 -0.013400
vn 0.684000 -0.729400 -0.010300
vn -0.685400 0.229400 0.691100
vn -0.657800 -0.033900 0.752400
vn -0.286600 -0.918000 0.274300
vn -0.705700 0.012500 0.708400
vn 0.924200 0.007000 -0.381800
vn 0.706200 0.014400 -0.707900
vn 0.381000 0.019600 -0.924400
vn -0.685400 0.677800 0.266100
vn -0.753200 0.657400 0.022900
vn -0.359000 0.376700 -0.853900
vn -0.707600 0.704600 0.053000
vn -0.217300 0.675600 0.704500
vn 0.027600 0.735300 0.677200
vn 0.681500 0.507000 0.527700
vn 0.979700 0.139700 0.143900
vn 0.019200 0.692100 0.721500
vn 0.002300 0.924000 -0.382400
vn 0.001700 0.700600 -0.713500
vn 0.001400 0.582100 -0.813100
vn 0.000900 0.382100 -0.924100
vn 0.114600 0.020300 -0.993200
vn 0.001100 0.472200 -0.881500
vn -0.111300 0.160700 -0.980700
vn -0.066300 -0.079700 -0.994600
vn -0.363900 0.020700 -0.931200
vn -0.387600 0.020600 -0.921600
vn -0.686100 0.016400 -0.727300
vn -0.894800 0.010200 -0.446400
vn -0.915600 0.009400 -0.402000
vn -0.671800 0.016800 -0.740600
vn 0.316100 -0.297500 -0.900900
vn 0.331600 -0.312300 -0.890200
vn 0.544600 -0.532000 -0.648400
vn 0.490800 -0.476000 -0.729800
vn 0.668400 -0.662900 -0.337500
vn 0.467100 -0.451700 -0.760100
vn 0.402400 0.915200 0.021000
vn 0.709300 0.704800 0.014400
vn 0.922600 0.385700 0.005600
vn 0.524400 0.851300 0.018900
vn 0.796500 0.604500 0.011700
vn 0.989100 -0.011600 -0.146600
vn 0.396300 -0.020500 0.917900
vn 0.653800 -0.017100 0.756400
vn 0.721100 -0.015700 0.692600
vn 0.884800 -0.010700 0.465800
vn 0.928300 -0.008800 0.371700
vn 0.992400 -0.107600 0.060000
vn 0.891300 -0.309000 -0.331700
vn 0.753200 -0.449400 -0.480300
vn 0.590200 -0.552100 -0.588900
vn 0.662600 -0.512000 -0.546600
vn 0.203300 -0.670500 -0.713500
vn 0.806400 -0.403900 -0.432000
vn 0.375800 -0.634400 -0.675500
vn 0.139300 -0.989700 -0.033400
vn -0.004000 -0.938500 0.345300
vn -0.003800 -0.831000 0.556300
vn -0.003600 -0.748200 0.663400
vn -0.003000 -0.564200 0.825600
vn -0.003500 -0.438200 0.898900
vn -0.109800 -0.986400 0.122300
vn -0.301900 -0.953300 -0.010800
vn -0.607800 -0.794000 0.009600
vn -0.833800 -0.552100 -0.001100
vn -0.039300 -0.994400 -0.098600
vn 0.329300 -0.878600 -0.345900
vn 0.363100 -0.851100 -0.379100
vn 0.659300 -0.346500 -0.667300
vn 0.684400 -0.234000 -0.690500
vn 0.697700 -0.142000 -0.702100
vn 0.384400 -0.831900 -0.400300
vn 0.475000 -0.731400 -0.489300
vn 0.686600 -0.221900 -0.692300
vn 0.001000 0.403400 -0.915000
vn 0.001800 0.722500 -0.691300
vn 0.002400 0.932000 -0.362500
vn -0.924000 0.009000 -0.382300
vn -0.707300 0.015900 -0.706800
vn -0.382600 0.020500 -0.923700
vn 0.652500 -0.645800 -0.396600
vn 0.499100 -0.485200 -0.717900
vn 0.270300 -0.250800 -0.929500
vn 0.927000 0.374900 0.008400
vn 0.722700 0.691000 0.015600
vn 0.415300 0.909400 0.020500
vn 0.923800 -0.009000 0.382800
vn 0.706700 -0.016000 0.707300
vn 0.382700 -0.020500 0.923700
vn 0.247700 -0.668600 -0.701100
vn 0.644900 -0.527500 -0.553000
vn 0.913200 -0.281500 -0.294800
vn -0.000500 -0.417700 0.908600
vn -0.000900 -0.729600 0.683800
vn -0.001200 -0.933800 0.357700
vn -0.852300 -0.522900 -0.012100
vn -0.640000 -0.768100 -0.018000
vn -0.354800 -0.934700 -0.022100
vn 0.685300 -0.222400 -0.693500
vn 0.541500 -0.627700 -0.559300
vn 0.287400 -0.905900 -0.311100
vn -0.380400 0.924600 0.020200
vn -0.705800 0.708200 0.015500
vn -0.705900 0.708100 0.015500
vn -0.923500 0.383500 0.008400
vn 0.581000 -0.813700 -0.017700
vn 0.522100 -0.846600 -0.103000
vn 0.200100 -0.979700 -0.012000
vn -0.827500 -0.561400 -0.002300
vn -0.388000 -0.921600 -0.007700
vn -0.835600 -0.549400 -0.002500
vn -0.987300 -0.158600 -0.003400
vn -0.383500 -0.923300 -0.020200
vn -0.384000 -0.923300 -0.007700
vn -0.987000 -0.160600 -0.003500
vn 0.021700 0.991200 -0.130200
vn -0.170500 0.775300 -0.608100
vn -0.170700 0.774800 -0.608700
vn -0.346000 0.017500 -0.938100
vn -0.349400 -0.310500 -0.884000
vn -0.351700 -0.241800 -0.904300
vn 0.021500 0.991200 -0.130600
vn -0.170500 0.775300 -0.608200
vn -0.183100 0.041600 -0.982200
vn -0.000100 -0.213500 0.976900
vn 0.146800 -0.185000 0.971700
vn 0.009100 -0.932200 0.361700
vn 0.103400 -0.927300 0.359900
vn -0.000300 -0.401300 0.916000
vn -0.010500 -0.933600 0.358300
vn -0.000900 -0.912700 -0.408700
vn -0.922500 -0.008200 0.385900
vn -0.705900 -0.016000 0.708100
vn -0.703700 -0.016000 0.710300
vn -0.382400 -0.021400 0.923800
vn 0.375500 0.002000 0.926800
vn 0.803500 0.196400 -0.562000
vn 0.908600 0.198900 -0.367200
vn 0.904700 0.157600 0.395700
vn 0.163900 -0.040000 0.985700
vn 0.166000 0.985900 0.021700
vn 0.231100 0.970900 -0.063400
vn 0.552300 0.833200 0.027700
vn 0.981900 -0.189300 0.005800
vn 0.926300 0.376200 0.020800
vn 0.979100 -0.203500 0.005000
vn 0.809800 -0.586600 -0.012800
vn 0.924600 0.380200 0.020800
vn 0.924700 0.380700 0.008400
vn 0.000300 0.362500 0.932000
vn 0.000500 0.691200 0.722600
vn 0.000600 0.690700 0.723100
vn 0.000700 0.914400 0.404700
vn 0.592300 0.137100 -0.793900
vn 0.126900 -0.168300 -0.977500
vn -0.255000 -0.315700 -0.913900
vn 0.138600 -0.163100 -0.976800
vn -0.608500 -0.448200 -0.654900
vn -0.255300 -0.312200 -0.915100
vn -0.600600 -0.445800 -0.663700
vn -0.535400 -0.610700 -0.583500
vn -0.864200 -0.475700 -0.163900
vn 0.035400 0.436500 0.899000
vn 0.062900 -0.619400 0.782500
vn 0.062900 -0.619500 0.782500
vn -0.888900 0.447100 -0.100100
vn -0.889100 0.456600 0.031400
vn -0.650100 0.578700 0.492500
vn -0.399400 -0.916300 -0.029700
vn 0.698800 0.685900 0.202900
vn -0.502100 -0.820900 -0.272100
vn -0.516900 -0.324700 -0.792100
vn 0.325100 -0.881100 0.343500
vn 0.108000 0.881400 -0.459800
vn -0.423600 -0.899500 0.106800
vn -0.432900 0.136600 -0.891000
vn 0.700500 -0.430300 0.569300
vn 0.345700 -0.756300 0.555500
vn -0.277400 -0.654100 -0.703700
vn 0.866900 0.244700 -0.434200
vn 0.414300 -0.893900 0.170900
vn 0.789200 -0.419400 -0.448600
vn 0.679900 -0.258500 -0.686200
vn 0.064300 0.996200 -0.059200
vn 0.012100 0.999600 0.023700
vn 0.068500 0.996100 -0.055000
vn 0.586200 -0.343000 -0.733900
vn 0.601000 -0.435600 -0.670200
vn 0.560200 -0.434100 -0.705500
vn -0.051400 0.994400 0.092700
vn -0.731400 -0.278400 0.622500
vn -0.741800 -0.368300 0.560400
vn -0.765800 -0.274300 0.581700
vn 0.089300 0.995400 -0.035600
vn 0.084900 0.995600 -0.039200
vn 0.543000 -0.340500 -0.767600
vn 0.518900 -0.431400 -0.738000
vn -0.559500 -0.284900 0.778300
vn -0.479200 -0.377400 0.792400
vn -0.542200 -0.379400 0.749700
vn -0.653900 -0.284000 0.701200
vn -0.673200 -0.375800 0.636800
vn -0.695300 -0.281200 0.661400
vn 0.081000 0.995800 -0.042900
vn 0.076900 0.995900 -0.046900
vn -0.055800 0.994400 0.089300
vn -0.777100 -0.361900 0.514900
vn -0.801600 -0.268400 0.534200
vn 0.804200 -0.334200 -0.491400
vn 0.739500 -0.429600 -0.518200
vn 0.772000 -0.338800 -0.537800
vn 0.737900 -0.342200 -0.581700
vn 0.673200 -0.435000 -0.598100
vn 0.703700 -0.344100 -0.621600
vn -0.813500 -0.350700 0.463900
vn -0.837700 -0.258500 0.481100
vn -0.842600 -0.331900 0.424200
vn -0.865200 -0.240700 0.439800
vn 0.865200 -0.267100 -0.424400
vn 0.802300 -0.406300 -0.437300
vn 0.835000 -0.317300 -0.449400
vn 0.093100 0.995200 -0.031100
vn -0.860000 -0.306200 0.408100
vn -0.880000 -0.216800 0.422700
vn -0.885400 -0.099600 0.454100
vn -0.858900 -0.237600 0.453600
vn 0.910400 -0.141700 -0.388800
vn 0.834600 -0.357800 -0.418900
vn 0.102800 0.994400 -0.022900
vn 0.097600 0.994900 -0.026700
vn 0.498800 -0.337300 -0.798400
vn 0.476700 -0.427500 -0.768100
vn 0.456600 -0.334100 -0.824600
vn 0.436400 -0.422900 -0.794200
vn -0.430400 -0.282000 0.857400
vn -0.388000 -0.371000 0.843700
vn -0.418900 -0.373600 0.827600
vn -0.047600 0.994200 0.096900
vn 0.426400 -0.332600 -0.841200
vn 0.407900 -0.419200 -0.811100
vn 0.199800 -0.279700 -0.939100
vn 0.199200 -0.376100 -0.904900
vn -0.398400 -0.281100 0.873100
vn -0.422300 -0.372500 0.826400
vn -0.036500 0.993900 0.104400
vn 0.573700 -0.507200 -0.643200
vn 0.534600 -0.506100 -0.676800
vn -0.012100 -0.999600 -0.023700
vn 0.053300 -0.995900 -0.073700
vn -0.708300 -0.372600 0.599600
vn -0.715000 -0.448000 0.536800
vn -0.079300 -0.996600 0.024400
vn -0.001200 -0.999900 -0.016200
vn -0.075000 -0.996800 0.026000
vn 0.495200 -0.503600 -0.707900
vn 0.455200 -0.499500 -0.737100
vn -0.633200 -0.378200 0.675300
vn -0.568300 -0.459200 0.682800
vn -0.609800 -0.458000 0.646800
vn -0.648500 -0.455200 0.610100
vn -0.590100 -0.379400 0.712600
vn -0.522400 -0.459000 0.718700
vn 0.638900 -0.435800 -0.633900
vn 0.706300 -0.433000 -0.560000
vn 0.642800 -0.506800 -0.574400
vn 0.674800 -0.505000 -0.538200
vn -0.785100 -0.431100 0.444600
vn -0.077600 -0.996600 0.027300
vn -0.010700 -0.999700 -0.022600
vn 0.771400 -0.423700 -0.474800
vn 0.706800 -0.502100 -0.498300
vn 0.738000 -0.496300 -0.457300
vn -0.835100 -0.384300 0.393600
vn 0.024600 -0.999700 -0.009000
vn -0.060900 -0.997700 0.029300
vn 0.768700 -0.479800 -0.423000
vn 0.886500 -0.233200 -0.399700
vn 0.803400 -0.433100 -0.408600
vn -0.761100 -0.437400 0.478900
vn 0.036000 -0.995200 -0.090600
vn -0.461700 -0.456900 0.760300
vn -0.404000 -0.451300 0.795700
vn 0.417200 -0.494600 -0.762400
vn 0.390700 -0.489300 -0.779700
vn 0.028400 -0.994900 -0.096900
vn 0.031900 -0.995100 -0.093400
vn -0.375000 -0.446500 0.812400
vn -0.392100 -0.486800 0.780600
vn 0.201300 -0.450200 -0.869900
vn -0.609300 -0.284900 0.740000
vn -0.004200 0.088300 -0.996100
vn 0.026200 -0.014200 -0.999600
vn 0.042100 -0.114500 -0.992500
vn -0.063700 -0.997200 0.039900
vn -0.059100 -0.997400 0.042300
vn -0.682500 -0.452000 0.574400
vn -0.067400 -0.997100 0.036600
vn -0.031800 0.993400 0.110000
vn 0.072900 0.996000 -0.051300
vn -0.050200 -0.997400 0.051500
vn 0.871500 0.488200 0.047300
vn 0.958400 0.285400 0.000700
vn 0.928900 0.370200 0.007200
vn 0.921100 0.385800 0.051700
vn 0.982400 0.186500 -0.006600
vn 0.058100 -0.995900 -0.069000
vn 0.668300 -0.344800 -0.659200
vn 0.039200 -0.995500 -0.086700
vn 0.609800 -0.508000 -0.608300
vn 0.009900 0.997300 -0.072600
vn -0.029700 0.992900 0.115000
vn 0.038900 0.995800 -0.083400
vn 0.058500 0.996000 -0.068000
vn 0.012700 -0.993300 -0.114700
vn 0.027000 -0.994600 -0.100600
vn -0.048400 -0.997300 0.055900
vn -0.007600 -0.992900 -0.118900
vn 0.107600 0.994000 -0.021000
vn -0.063200 0.994600 0.082100
vn -0.749200 -0.442100 0.493100
vn 0.156800 -0.986300 -0.050500
vn 0.062600 -0.998000 -0.012800
vn -0.059700 0.994500 0.085900
vn -0.066900 0.994700 0.077700
vn -0.071300 -0.996900 0.033700
vn -0.493600 -0.283800 0.822100
vn -0.054300 -0.997400 0.046600
vn 0.012100 0.999600 0.023600
vn 0.147300 0.989100 0.001700
vn -0.079300 0.994500 0.068600
vn 0.100900 0.994600 0.023600
vn -0.034900 -0.999100 0.024200
vn 0.180900 -0.983200 -0.022600
vn 0.079700 -0.996700 0.017700
vn 0.242200 -0.968600 -0.057100
vn -0.273600 0.226700 -0.934700
vn -0.188400 0.460800 -0.867300
vn 0.060100 0.996200 -0.063300
vn -0.172100 -0.121400 -0.977600
vn 0.100800 -0.993900 -0.045100
vn 0.628800 -0.344600 -0.697100
vn -0.074300 -0.996800 0.030400
vn 0.070400 -0.995800 -0.057800
vn 0.987300 0.155200 -0.035400
vn 0.968400 0.248200 -0.026000
vn -0.071200 0.994800 0.073100
vn -0.813600 -0.415400 0.406900
vn 0.996300 0.079300 -0.032600
vn 0.049700 -0.995800 -0.076900
vn 0.046600 -0.995700 -0.080300
vn 0.042800 -0.995600 -0.083300
vn -0.042400 0.994100 0.100000
vn -0.076400 0.994600 0.070200
vn 0.609800 0.783000 0.122700
vn 0.871100 0.484400 0.080900
vn 0.744100 0.666700 0.042600
vn 0.339600 0.931200 0.132500
vn 0.181800 0.798100 0.574500
vn 0.488600 0.834000 0.256400
vn 0.028600 0.744000 0.667600
vn 0.317800 0.925200 0.207600
vn -0.281900 0.935200 0.214200
vn 0.236400 0.969000 0.071900
vn 0.001700 0.997600 0.069300
vn -0.619600 0.699800 0.355400
vn -0.009800 0.984500 0.174900
vn 0.489400 0.870700 0.049000
vn -0.021000 0.979700 0.199300
vn -0.730600 0.470800 0.494600
vn -0.865800 0.211000 0.453700
vn -0.861300 -0.044000 0.506200
vn -0.656700 0.533300 0.533100
vn -0.753100 0.492500 0.436200
vn -0.406800 0.793600 0.452500
vn 0.979300 0.162700 -0.120100
vn 0.877300 0.478800 -0.033400
vn 0.977400 0.063700 -0.201300
vn 0.923000 0.372100 -0.098300
vn 0.685900 0.727700 -0.000800
vn 0.956100 0.230000 -0.181400
vn 0.772300 0.632300 -0.062000
vn 0.952200 0.141400 -0.270900
vn 0.948900 -0.043500 -0.312600
vn 0.923600 0.147300 -0.353800
vn 0.826800 0.528900 -0.191700
vn 0.876200 0.451200 -0.169300
vn 0.567100 0.820700 -0.069500
vn 0.427600 0.899500 -0.089900
vn 0.377500 0.925900 -0.012600
vn 0.607000 0.767100 -0.207700
vn -0.177900 0.749000 -0.638300
vn -0.050900 0.639000 -0.767600
vn -0.262000 0.653800 -0.709800
vn -0.228500 0.691700 -0.685000
vn -0.144400 0.926800 -0.346800
vn -0.033500 0.864700 -0.501200
vn -0.241100 0.901600 -0.359100
vn -0.599900 -0.064500 0.797400
vn -0.553600 0.426400 0.715300
vn -0.671400 0.239500 0.701400
vn -0.451400 0.133800 0.882300
vn -0.446900 0.453700 0.771000
vn -0.643600 0.141900 0.752100
vn -0.513600 0.733000 0.446000
vn -0.481400 0.701700 0.525100
vn -0.042200 0.973800 -0.223300
vn -0.177600 0.927500 0.329000
vn -0.032300 0.999000 0.029200
vn -0.144300 0.989200 0.027400
vn -0.224200 0.906100 0.358800
vn -0.199100 0.979600 0.027200
vn 0.984900 0.067700 0.159500
vn 0.868100 -0.439500 0.230700
vn 0.987400 -0.148200 0.054600
vn 0.320700 -0.492300 0.809200
vn 0.802200 -0.418600 0.425700
vn 0.877000 -0.468300 0.107600
vn 0.756800 -0.653200 0.022300
vn 0.624800 -0.714300 0.315400
vn -0.534800 -0.718300 0.445100
vn -0.756400 -0.400400 0.517200
vn -0.706100 -0.598400 0.378500
vn -0.265900 -0.916300 0.299600
vn -0.526400 -0.694200 0.491000
vn -0.256900 -0.877700 0.404600
vn 0.396100 -0.917800 0.025700
vn -0.173900 -0.974800 0.139700
vn 0.100100 -0.986800 0.127700
vn -0.457600 -0.851700 0.255500
vn 0.123100 -0.973900 0.190600
vn 0.973100 -0.218500 -0.072600
vn 0.990700 -0.017800 -0.135300
vn 0.817300 -0.572500 -0.065100
vn 0.959500 -0.230800 -0.161400
vn 0.928200 -0.284500 -0.239900
vn 0.961900 -0.131900 -0.239500
vn 0.852200 -0.475600 -0.218300
vn 0.599200 -0.782400 -0.169800
vn 0.502900 -0.858700 -0.098400
vn 0.441800 -0.887300 -0.132500
vn 0.738400 -0.622200 -0.259800
vn 0.844600 -0.515700 -0.143800
vn 0.919700 -0.234500 -0.314800
vn 0.793000 -0.506800 -0.338000
vn 0.862500 -0.314500 -0.396400
vn 0.860500 -0.412000 -0.299800
vn 0.647300 -0.710100 -0.277000
vn -0.111200 -0.457500 -0.882200
vn -0.313700 -0.349500 -0.882900
vn 0.008800 -0.182100 -0.983200
vn -0.010800 -0.467100 -0.884100
vn -0.175400 0.052600 -0.983100
vn -0.195800 -0.817200 -0.542100
vn -0.115300 -0.751600 -0.649500
vn -0.145000 -0.971200 0.189200
vn -0.037200 -0.937600 -0.345800
vn -0.043500 -0.998300 -0.039200
vn -0.235700 -0.867600 0.437900
vn -0.124300 -0.989900 -0.068000
vn -0.005200 -0.698500 -0.715600
vn -0.240600 -0.929600 0.279300
vn -0.151600 -0.985900 -0.071100
vn -0.345700 -0.772800 0.532200
vn -0.335200 -0.658100 0.674200
vn -0.424700 -0.503200 0.752600
vn -0.372200 -0.788100 0.490300
vn -0.302200 -0.917100 0.259900
vn 0.320500 0.905500 -0.278000
vn 0.303200 0.905700 -0.296400
vn 0.468800 0.773100 -0.427300
vn 0.442600 0.773500 -0.453700
vn 0.657700 0.262800 -0.706000
vn 0.718300 0.005500 -0.695700
vn 0.676600 0.005800 -0.736300
vn 0.337500 0.904500 -0.260900
vn 0.492400 0.772100 -0.401800
vn 0.698300 0.262000 -0.666100
vn 0.755500 0.005300 -0.655100
vn -0.270800 0.905000 0.328200
vn -0.252000 0.904000 0.345400
vn -0.414100 0.774000 0.479000
vn -0.593600 0.308800 0.743100
vn -0.674000 0.064800 0.735900
vn -0.637200 0.310600 0.705300
vn -0.230100 0.903700 0.361100
vn -0.384700 0.773000 0.504500
vn -0.544800 0.307700 0.780100
vn -0.627500 0.063400 0.776000
vn 0.264100 0.906100 -0.330500
vn 0.283600 0.906100 -0.313900
vn 0.385700 0.773700 -0.502700
vn 0.613800 0.261900 -0.744800
vn 0.584900 0.008100 -0.811100
vn 0.568500 0.263200 -0.779500
vn 0.414000 0.774300 -0.478600
vn 0.631200 0.006200 -0.775600
vn -0.289200 0.905100 0.311700
vn -0.305200 0.905300 0.295500
vn -0.441500 0.774600 0.452800
vn -0.465700 0.774800 0.427600
vn -0.712600 0.313200 0.627700
vn -0.716700 0.067100 0.694100
vn -0.753900 0.068700 0.653400
vn -0.677500 0.312100 0.666000
vn -0.321000 0.905200 0.278400
vn -0.337100 0.905300 0.258400
vn -0.489700 0.774000 0.401500
vn -0.514600 0.773400 0.370300
vn -0.780000 0.314700 0.540900
vn -0.788900 0.071600 0.610300
vn -0.825000 0.074500 0.560100
vn -0.745600 0.314700 0.587300
vn 0.354300 0.903000 -0.243000
vn 0.515600 0.770400 -0.375000
vn 0.734400 0.261100 -0.626500
vn 0.790900 0.005800 -0.611900
vn 0.370000 0.902000 -0.222400
vn 0.538100 0.769000 -0.345100
vn 0.768700 0.260600 -0.584100
vn 0.825500 0.007000 -0.564300
vn 0.387600 0.899300 -0.202300
vn 0.562200 0.764300 -0.315800
vn 0.802500 0.259000 -0.537500
vn 0.857700 0.009100 -0.514000
vn 0.404600 0.895900 -0.183400
vn 0.583600 0.759000 -0.288700
vn 0.833400 0.259700 -0.487800
vn 0.884400 0.020000 -0.466300
vn -0.355200 0.904200 0.237100
vn -0.372000 0.901500 0.221300
vn -0.542100 0.770000 0.336500
vn -0.563400 0.765600 0.310600
vn -0.834900 0.321500 0.446700
vn -0.860200 0.079000 0.503800
vn -0.883900 0.088600 0.459200
vn -0.813100 0.316100 0.488700
vn 0.337700 0.941000 0.022600
vn 0.600600 0.799300 0.019500
vn 0.810800 0.585200 0.014500
vn 0.414200 0.894300 -0.169300
vn 0.594300 0.759300 -0.265100
vn 0.858700 0.263900 -0.439400
vn 0.900500 0.062500 -0.430300
vn 0.867500 0.292700 -0.402100
vn -0.378800 0.900700 0.212700
vn -0.730000 0.572100 0.374000
vn -0.891800 0.111200 0.438500
vn -0.203200 0.902000 0.381000
vn -0.351800 0.771600 0.530000
vn -0.481800 0.303600 0.822000
vn -0.575400 0.063000 0.815500
vn -0.180300 0.897200 0.403200
vn -0.309300 0.766500 0.562900
vn -0.422700 0.295900 0.856600
vn -0.506100 0.061000 0.860300
vn 0.226200 0.903300 -0.364500
vn 0.244100 0.905800 -0.346500
vn 0.332800 0.768000 -0.547200
vn 0.521800 0.262300 -0.811800
vn 0.492400 0.007600 -0.870300
vn 0.475800 0.256100 -0.841400
vn 0.356600 0.773300 -0.524400
vn 0.537400 0.009000 -0.843300
vn 0.003100 0.933500 -0.358500
vn -0.006300 0.719400 -0.694500
vn -0.014400 0.384500 -0.923000
vn 0.125100 0.897900 -0.422000
vn 0.207000 0.550500 -0.808700
vn 0.218900 0.062600 -0.973700
vn -0.170000 0.891400 0.420200
vn -0.270600 0.756700 0.595200
vn -0.391100 0.284100 0.875400
vn -0.440100 0.054900 0.896300
vn -0.407600 0.046800 0.911900
vn -0.256000 0.745800 0.615000
vn -0.383600 0.287900 0.877500
vn 0.216200 0.899100 -0.380700
vn 0.445200 0.241200 -0.862300
vn 0.315900 0.760400 -0.567500
vn 0.459800 0.001800 -0.888000
vn 0.482400 -0.681500 -0.550300
vn 0.513400 -0.681800 -0.521100
vn 0.344900 -0.846000 -0.406500
vn 0.367500 -0.846300 -0.385600
vn 0.186000 -0.953400 -0.237600
vn 0.198500 -0.953700 -0.225700
vn 0.541500 -0.681400 -0.492400
vn 0.387900 -0.846500 -0.364800
vn 0.210000 -0.953900 -0.214200
vn -0.489000 -0.653800 0.577400
vn -0.524300 -0.652900 0.546600
vn -0.359100 -0.838400 0.410100
vn -0.384600 -0.837700 0.387700
vn -0.202700 -0.955800 0.212800
vn -0.216700 -0.955400 0.200700
vn -0.449900 -0.653900 0.608300
vn -0.330800 -0.838800 0.432500
vn -0.187200 -0.956300 0.224700
vn 0.449600 -0.680200 -0.579000
vn 0.416500 -0.677900 -0.605800
vn 0.321500 -0.844600 -0.428000
vn 0.297300 -0.843600 -0.447100
vn 0.173000 -0.952700 -0.249700
vn 0.159600 -0.952200 -0.260600
vn -0.587200 -0.647700 0.485400
vn -0.557700 -0.650600 0.515500
vn -0.430400 -0.834600 0.343700
vn -0.408700 -0.836400 0.365200
vn -0.241800 -0.954100 0.176900
vn -0.230400 -0.954600 0.188900
vn -0.646200 -0.638900 0.417500
vn -0.615500 -0.644500 0.453600
vn -0.474200 -0.829100 0.296200
vn -0.451500 -0.832500 0.321100
vn -0.265100 -0.952200 0.151600
vn -0.254000 -0.953000 0.165000
vn 0.569300 -0.679800 -0.462300
vn 0.408900 -0.845400 -0.343600
vn 0.222300 -0.953600 -0.202800
vn 0.597700 -0.677400 -0.428800
vn 0.430700 -0.844100 -0.319300
vn 0.235200 -0.953500 -0.188600
vn 0.627200 -0.672400 -0.393100
vn 0.456700 -0.840600 -0.291300
vn 0.254700 -0.952100 -0.169400
vn 0.660200 -0.658000 -0.362000
vn 0.492300 -0.829000 -0.265200
vn 0.289100 -0.945600 -0.149400
vn -0.702900 -0.619100 0.350200
vn -0.676800 -0.632100 0.377300
vn -0.514400 -0.818500 0.255600
vn -0.496100 -0.824800 0.271200
vn -0.278000 -0.950700 0.137100
vn -0.274000 -0.951300 0.141400
vn 0.827300 -0.561300 -0.024900
vn 0.493300 -0.869400 -0.027500
vn 0.990400 -0.137000 -0.017000
vn 0.703900 -0.616800 -0.352300
vn 0.544900 -0.797100 -0.260300
vn 0.347900 -0.925500 -0.150000
vn -0.725200 -0.597400 0.342300
vn -0.526400 -0.812400 0.250700
vn -0.271900 -0.953100 0.132700
vn -0.398600 -0.652100 0.644900
vn -0.294200 -0.838100 0.459500
vn -0.167600 -0.956300 0.239500
vn -0.351000 -0.644700 0.679100
vn -0.261900 -0.832500 0.488200
vn -0.151400 -0.954400 0.257400
vn 0.383000 -0.674400 -0.631200
vn 0.351900 -0.669200 -0.654500
vn 0.273600 -0.841000 -0.466800
vn 0.252000 -0.836900 -0.486000
vn 0.146500 -0.951100 -0.272000
vn 0.134400 -0.949500 -0.283400
vn 0.035200 -0.407800 -0.912400
vn 0.020700 -0.742800 -0.669200
vn 0.005700 -0.920100 -0.391600
vn 0.175300 -0.620700 -0.764200
vn 0.154600 -0.813400 -0.560700
vn 0.067800 -0.941100 -0.331300
vn -0.327900 -0.636700 0.697900
vn -0.246900 -0.826000 0.506700
vn -0.143800 -0.952000 0.270000
vn 0.330900 -0.662200 -0.672300
vn 0.238000 -0.831700 -0.501600
vn 0.127800 -0.947100 -0.294400
vn -0.461800 -0.373500 0.804500
vn -0.471100 0.159900 -0.867500
vn -0.470100 0.160300 -0.867900
vn -0.599100 -0.379300 0.705100
vn -0.521800 0.139600 -0.841600
vn 0.109800 0.300900 0.947300
vn 0.109800 0.300800 0.947300
vn 0.110200 0.301100 0.947200
vn -0.841900 -0.207100 0.498300
vn 0.111500 0.301500 0.946900
vn 0.911800 0.397300 0.103700
vn 0.937800 -0.139000 -0.318100
vn 0.973600 -0.038700 -0.225200
vn 0.989900 0.062400 -0.127600
vn 0.858500 0.371500 -0.353500
vn 0.915800 -0.271700 0.295700
vn 0.104600 -0.495500 0.862300
vn -0.270700 0.222700 -0.936500
vn 0.913900 0.395300 0.092600
vn -0.974000 -0.178300 -0.139900
vn -0.991400 -0.097300 -0.087400
vn -0.974100 -0.174200 -0.144200
vn 0.472500 -0.676600 -0.564800
vn 0.557400 -0.601800 -0.572000
vn 0.557200 -0.637800 -0.531800
vn -0.999300 -0.029000 -0.023000
vn 0.145500 0.638700 0.755600
vn 0.241300 0.587800 0.772200
vn 0.144000 0.597000 0.789200
vn -0.974100 -0.154600 -0.164900
vn -0.974100 -0.158600 -0.161000
vn 0.471000 -0.711000 -0.522100
vn 0.555400 -0.671100 -0.491000
vn 0.145800 0.797200 0.585900
vn 0.241300 0.823800 0.513000
vn 0.243900 0.780500 0.575600
vn 0.147300 0.718800 0.679400
vn 0.244400 0.665700 0.705000
vn 0.146800 0.678200 0.720100
vn -0.974300 -0.162100 -0.156700
vn -0.974200 -0.166100 -0.152600
vn -0.999300 -0.032900 -0.018800
vn 0.238400 0.541400 0.806300
vn 0.141300 0.548700 0.824000
vn 0.451700 -0.433000 -0.780100
vn 0.543200 -0.449200 -0.709300
vn 0.458600 -0.478900 -0.748600
vn 0.464500 -0.522800 -0.714800
vn 0.553300 -0.529100 -0.643400
vn 0.468600 -0.562900 -0.680900
vn 0.234400 0.489300 0.840000
vn 0.138400 0.494300 0.858200
vn 0.230700 0.447600 0.863900
vn 0.135600 0.450900 0.882200
vn 0.439200 -0.356700 -0.824500
vn 0.527000 -0.363400 -0.768300
vn 0.444800 -0.388500 -0.807000
vn -0.974100 -0.150100 -0.169000
vn 0.228800 0.428000 0.874300
vn 0.135300 0.430700 0.892300
vn 0.232300 0.465400 0.854100
vn -0.036900 0.531700 0.846100
vn 0.369700 -0.153800 -0.916300
vn 0.520200 -0.333400 -0.786300
vn -0.973800 -0.141400 -0.178100
vn -0.974100 -0.145600 -0.173300
vn 0.468000 -0.742900 -0.478600
vn 0.552200 -0.702200 -0.449500
vn 0.465500 -0.769700 -0.437000
vn 0.547800 -0.729300 -0.409800
vn 0.141500 0.877700 0.457800
vn 0.235500 0.875500 0.422000
vn 0.237700 0.859300 0.452900
vn -0.999300 -0.025000 -0.026700
vn 0.464100 -0.786800 -0.407000
vn 0.544100 -0.747100 -0.381900
vn 0.406500 -0.894500 -0.186000
vn 0.497500 -0.849100 -0.177900
vn 0.142500 0.893500 0.425800
vn 0.242600 0.818100 0.521500
vn -0.999100 -0.017400 -0.037800
vn 0.623200 -0.566600 -0.539000
vn 0.622700 -0.601200 -0.500700
vn 0.991400 0.097300 0.087400
vn 0.998600 0.048300 0.021400
vn 0.243200 0.627700 0.739500
vn 0.325200 0.574400 0.751200
vn 0.977400 0.142500 0.155900
vn 0.977400 0.138500 0.159700
vn 0.620700 -0.633400 -0.462100
vn 0.617900 -0.663200 -0.422300
vn 0.245100 0.704900 0.665700
vn 0.329100 0.723300 0.607100
vn 0.329200 0.686700 0.648200
vn 0.328300 0.649200 0.686100
vn 0.244900 0.742800 0.623100
vn 0.327600 0.759800 0.561700
vn 0.556000 -0.565100 -0.609500
vn 0.549100 -0.491000 -0.676300
vn 0.619300 -0.497400 -0.607500
vn 0.615600 -0.461000 -0.639100
vn 0.317500 0.480200 0.817700
vn 0.977400 0.146300 0.152700
vn 0.535500 -0.405200 -0.740900
vn 0.609600 -0.421600 -0.671300
vn 0.602000 -0.380000 -0.702300
vn 0.309300 0.421700 0.852400
vn 0.977100 0.135800 0.163800
vn 0.593200 -0.340600 -0.729400
vn 0.461600 -0.147800 -0.874700
vn 0.585600 -0.312600 -0.747900
vn 0.350200 0.444000 0.824800
vn 0.998700 0.031900 0.039100
vn 0.325100 0.801800 0.501400
vn 0.319800 0.837200 0.443600
vn 0.613400 -0.689500 -0.385200
vn 0.608800 -0.707400 -0.359000
vn 0.998600 0.024900 0.046000
vn 0.998700 0.028500 0.042600
vn 0.315200 0.853700 0.414500
vn 0.424900 0.667400 0.611600
vn 0.566200 -0.805700 -0.174200
vn 0.146900 0.758100 0.635300
vn 0.034100 -0.999400 -0.010800
vn 0.138000 -0.989900 -0.033500
vn 0.237200 -0.970600 -0.041700
vn 0.977400 0.159100 0.139100
vn 0.977500 0.162200 0.134900
vn 0.327100 0.612800 0.719400
vn 0.977400 0.155900 0.142800
vn -0.999000 -0.011300 -0.042100
vn -0.974100 -0.170500 -0.148700
vn 0.977100 0.171200 0.126100
vn 0.019300 -0.003800 -0.999800
vn -0.107200 0.260600 -0.959500
vn 0.124500 -0.027500 -0.991800
vn 0.218600 0.172000 -0.960600
vn 0.224700 -0.036400 -0.973800
vn 0.998500 0.052200 0.018000
vn 0.471400 -0.600700 -0.645700
vn 0.998800 0.035100 0.035300
vn 0.622100 -0.531700 -0.574700
vn -0.977600 -0.192400 -0.085900
vn -0.999000 -0.006400 -0.044300
vn -0.972200 -0.204100 -0.115100
vn -0.973300 -0.186600 -0.133800
vn 0.998100 0.006500 0.061400
vn 0.998600 0.021700 0.047700
vn 0.976700 0.175200 0.124000
vn 0.996700 0.002400 0.081600
vn -0.973300 -0.139400 -0.182300
vn -0.999100 -0.040000 -0.011300
vn 0.321900 0.530200 0.784400
vn 0.998100 0.061300 0.006800
vn 0.991400 0.097400 0.087500
vn -0.999200 -0.036300 -0.014900
vn -0.999000 -0.044300 -0.008200
vn 0.977400 0.152600 0.146400
vn 0.143900 0.841600 0.520600
vn 0.977500 0.166000 0.129800
vn -0.991400 -0.097400 -0.087400
vn -0.972900 -0.122400 -0.195900
vn -0.998500 -0.053800 0.004300
vn -0.978600 -0.095000 -0.182500
vn 0.976800 0.134600 0.166700
vn 0.995700 0.092100 -0.007300
vn 0.988900 0.129900 0.071500
vn 0.997300 0.073500 -0.004400
vn -0.163500 -0.982900 0.084400
vn -0.362200 -0.930200 0.059000
vn -0.973800 -0.182600 -0.135900
vn -0.017400 -0.999600 -0.022100
vn 0.998200 0.059300 0.010300
vn 0.473000 -0.638900 -0.606600
vn 0.977400 0.149500 0.149600
vn 0.998300 0.055900 0.014500
vn -0.998800 -0.049300 -0.003600
vn 0.312500 0.440300 0.841700
vn 0.533800 -0.145300 -0.833100
vn 0.998700 0.045200 0.025100
vn 0.998700 0.041600 0.027800
vn 0.998800 0.038400 0.031500
vn -0.999300 -0.021700 -0.031700
vn -0.998600 -0.052300 0.001400
vn -0.346600 0.073100 -0.935200
vn -0.674800 0.117000 -0.728600
vn -0.632900 0.484100 -0.604200
vn -0.535200 0.001700 -0.844700
vn -0.885600 0.076100 -0.458100
vn -0.684300 0.289000 -0.669500
vn -0.579800 0.762800 -0.286200
vn -0.864400 0.179000 -0.469800
vn -0.970500 0.103700 0.217500
vn -0.941600 -0.038200 -0.334700
vn -0.995300 -0.051000 -0.082700
vn -0.956100 0.154700 0.249000
vn -0.993800 0.065700 -0.090000
vn -0.796300 -0.036800 -0.603800
vn -0.988300 0.125700 -0.086400
vn -0.555800 0.525700 0.644100
vn -0.280600 0.451700 0.846900
vn -0.385700 0.598800 0.701900
vn -0.517900 0.592300 0.617200
vn -0.584200 0.424400 0.691800
vn -0.427100 0.367900 0.826000
vn -0.809800 0.472400 0.348000
vn -0.681200 -0.724800 0.103400
vn -0.542500 -0.840000 -0.004100
vn -0.482300 -0.812900 0.326400
vn -0.696100 -0.668700 0.261500
vn -0.885800 -0.458700 0.070900
vn -0.797000 -0.602900 -0.036200
vn -0.866100 -0.470800 0.168200
vn -0.026300 0.854900 0.518100
vn -0.555000 0.653100 0.515200
vn -0.380400 0.717800 0.583100
vn -0.273400 0.851600 0.447300
vn -0.575900 0.702600 0.417900
vn -0.518500 0.627900 0.580500
vn -0.817400 0.345300 0.461100
vn -0.939800 -0.340000 -0.033100
vn -0.971200 0.211500 0.109900
vn -0.994800 -0.092300 -0.042700
vn -0.993000 -0.095400 0.069400
vn -0.957300 0.242200 0.157700
vn -0.987700 -0.094100 0.124800
vn 0.551300 0.147000 -0.821300
vn 0.309900 0.003600 -0.950800
vn 0.418700 0.338000 -0.842900
vn 0.060000 0.172800 -0.983100
vn 0.574800 0.049400 -0.816800
vn 0.778300 0.063400 -0.624700
vn 0.854900 0.261300 -0.448200
vn 0.671600 0.420000 0.610300
vn 0.372000 0.478100 0.795600
vn 0.540500 0.401000 0.739600
vn 0.867100 0.325300 0.377300
vn 0.693700 0.446600 0.565100
vn 0.853600 0.384800 0.351000
vn 0.964600 0.117100 -0.236400
vn 0.927400 0.231900 0.293600
vn 0.976600 0.210900 0.041600
vn 0.787400 0.316900 0.528700
vn 0.971300 0.235600 0.033300
vn 0.560300 -0.820200 0.115400
vn -0.026300 -0.999400 0.020800
vn 0.300700 -0.953700 -0.003300
vn 0.568500 -0.821800 0.038600
vn 0.581300 -0.793000 0.182500
vn 0.860500 -0.442900 0.251800
vn 0.927100 0.303500 0.219800
vn 0.967500 -0.230000 0.105300
vn 0.989500 0.081500 0.119000
vn 0.787700 0.535600 0.304300
vn 0.978800 0.051300 0.198400
vn 0.778700 -0.625200 0.052100
vn 0.867800 0.386400 0.312400
vn 0.973300 0.045800 0.225100
vn 0.665600 0.610500 0.429300
vn 0.543900 0.743400 0.389300
vn 0.421000 0.539000 0.729600
vn 0.369900 0.744100 0.556400
vn 0.853300 0.364500 0.372900
vn -0.837600 -0.380900 -0.391600
vn -0.837800 -0.398600 -0.373200
vn -0.676800 -0.510400 -0.530500
vn -0.677600 -0.536000 -0.503500
vn -0.124000 -0.721000 -0.681800
vn 0.133100 -0.678600 -0.722400
vn 0.135200 -0.719500 -0.681200
vn -0.837500 -0.363400 -0.408100
vn -0.677700 -0.484200 -0.553400
vn -0.125300 -0.680600 -0.721800
vn 0.131300 -0.637500 -0.759200
vn -0.955700 0.211700 0.204500
vn -0.955600 0.228700 0.185800
vn -0.855300 0.374300 0.358400
vn -0.440500 0.689800 0.574600
vn -0.202800 0.710700 0.673600
vn -0.439300 0.651600 0.618400
vn -0.955500 0.245000 0.164400
vn -0.855500 0.400000 0.328800
vn -0.439600 0.727400 0.526900
vn -0.203600 0.751600 0.627500
vn -0.836900 -0.433200 -0.334500
vn -0.837400 -0.416500 -0.354000
vn -0.676100 -0.585900 -0.446900
vn -0.122600 -0.760200 -0.638000
vn 0.134500 -0.795500 -0.590800
vn -0.123200 -0.795200 -0.593600
vn -0.676900 -0.562000 -0.475400
vn 0.135500 -0.759300 -0.636400
vn -0.955400 0.194400 0.222300
vn -0.954600 0.178200 0.238600
vn -0.854900 0.347600 0.385100
vn -0.853200 0.322400 0.410000
vn -0.439800 0.572400 0.692000
vn -0.203200 0.668300 0.715600
vn -0.203800 0.626900 0.752000
vn -0.439700 0.611500 0.657800
vn -0.953800 0.160700 0.253700
vn -0.952400 0.141200 0.270100
vn -0.851800 0.295400 0.432700
vn -0.848400 0.265300 0.458200
vn -0.435600 0.484900 0.758400
vn -0.203400 0.583200 0.786400
vn -0.203200 0.532500 0.821700
vn -0.438100 0.531800 0.724700
vn -0.837200 -0.344800 -0.424400
vn -0.677100 -0.457100 -0.576700
vn -0.126400 -0.640600 -0.757400
vn 0.128800 -0.594200 -0.793900
vn -0.836300 -0.325100 -0.441400
vn -0.675300 -0.428200 -0.600500
vn -0.128100 -0.597900 -0.791300
vn 0.124600 -0.546200 -0.828300
vn -0.835300 -0.303800 -0.458200
vn -0.673400 -0.397400 -0.623400
vn -0.129400 -0.550800 -0.824500
vn 0.120600 -0.495900 -0.860000
vn -0.831900 -0.284800 -0.476300
vn -0.667800 -0.370600 -0.645600
vn -0.130000 -0.501000 -0.855600
vn 0.119900 -0.447900 -0.886000
vn -0.950300 0.119600 0.287400
vn -0.946500 0.104100 0.305600
vn -0.843200 0.231300 0.485300
vn -0.836100 0.206500 0.508200
vn -0.424400 0.392000 0.816200
vn -0.201200 0.475700 0.856300
vn -0.197600 0.431000 0.880400
vn -0.431200 0.432900 0.791600
vn -0.830700 -0.192100 -0.522500
vn -0.884700 -0.082600 -0.458800
vn -0.445400 -0.231900 -0.864800
vn -0.638000 -0.054900 -0.768100
vn 0.041400 -0.198200 -0.979300
vn -0.283500 -0.018300 -0.958800
vn -0.946000 -0.180700 -0.269200
vn -0.657300 -0.351300 -0.666800
vn -0.124800 -0.452000 -0.883300
vn 0.122700 -0.412400 -0.902700
vn -0.648500 -0.345300 -0.678400
vn -0.110700 -0.417700 -0.901800
vn -0.943800 0.097400 0.315700
vn -0.831100 0.197600 0.519800
vn -0.193300 0.411000 0.890900
vn -0.418700 0.372000 0.828400
vn -0.954400 0.265000 0.137400
vn -0.854500 0.426300 0.296800
vn -0.436500 0.770500 0.464500
vn -0.204000 0.791700 0.575900
vn -0.950400 0.288600 0.115700
vn -0.850800 0.459700 0.254600
vn -0.427600 0.807400 0.406600
vn -0.202900 0.837500 0.507400
vn -0.832700 -0.467300 -0.297000
vn -0.835900 -0.449500 -0.314900
vn -0.668800 -0.630200 -0.394400
vn -0.120900 -0.828400 -0.547000
vn 0.135500 -0.855900 -0.499100
vn -0.115500 -0.857700 -0.501000
vn -0.674400 -0.608200 -0.418700
vn 0.134000 -0.828600 -0.543500
vn -0.880000 -0.468700 -0.076600
vn -0.627500 -0.776700 -0.053900
vn -0.268400 -0.963000 -0.022400
vn -0.827700 -0.525700 -0.196200
vn -0.430900 -0.865700 -0.254800
vn 0.073900 -0.970100 -0.231100
vn -0.946100 0.306200 0.105600
vn -0.841600 0.494200 0.217700
vn -0.418300 0.827000 0.375600
vn -0.196800 0.875100 0.442200
vn -0.188200 0.892200 0.410600
vn -0.832300 0.515400 0.203800
vn -0.421300 0.828900 0.368000
vn -0.827600 -0.482700 -0.286600
vn -0.101900 -0.877200 -0.469200
vn -0.659400 -0.650200 -0.377400
vn 0.140800 -0.873400 -0.466100
vn 0.777300 -0.455100 -0.434300
vn 0.776500 -0.425600 -0.464600
vn 0.912500 -0.295000 -0.283500
vn 0.912000 -0.273400 -0.305700
vn 0.986400 -0.117000 -0.115500
vn 0.986200 -0.105200 -0.128000
vn 0.774200 -0.397000 -0.492900
vn 0.910700 -0.253100 -0.326300
vn 0.985900 -0.093400 -0.139100
vn 0.540600 0.643600 0.541800
vn 0.540500 0.612400 0.576900
vn 0.753400 0.502100 0.424700
vn 0.753200 0.479600 0.450100
vn 0.905100 0.323400 0.276100
vn 0.905100 0.311100 0.289900
vn 0.539900 0.674800 0.503100
vn 0.753200 0.524700 0.396700
vn 0.905200 0.335400 0.260800
vn 0.776900 -0.484700 -0.401900
vn 0.775500 -0.512000 -0.369500
vn 0.912200 -0.316600 -0.260000
vn 0.911600 -0.336400 -0.236500
vn 0.986300 -0.129200 -0.102500
vn 0.986000 -0.140500 -0.089300
vn 0.538500 0.549800 0.638600
vn 0.539700 0.580600 0.609600
vn 0.752000 0.434700 0.495500
vn 0.752800 0.456800 0.474000
vn 0.904600 0.287000 0.315100
vn 0.904800 0.298900 0.303200
vn 0.533700 0.480300 0.696100
vn 0.536600 0.517600 0.666400
vn 0.749100 0.385600 0.538700
vn 0.750900 0.411900 0.516200
vn 0.903900 0.260700 0.339200
vn 0.904400 0.274600 0.326500
vn 0.771500 -0.366400 -0.520100
vn 0.909000 -0.231400 -0.346700
vn 0.985100 -0.081700 -0.151200
vn 0.766600 -0.333700 -0.548700
vn 0.906200 -0.208000 -0.368200
vn 0.984200 -0.068500 -0.163400
vn 0.760300 -0.299300 -0.576500
vn 0.902300 -0.183800 -0.390000
vn 0.982800 -0.055300 -0.176100
vn 0.752100 -0.267200 -0.602500
vn 0.896800 -0.161600 -0.411900
vn 0.980900 -0.043200 -0.189800
vn 0.522200 0.405600 0.750200
vn 0.529000 0.438600 0.726500
vn 0.740500 0.333800 0.583300
vn 0.745600 0.356600 0.563000
vn 0.900800 0.233600 0.366100
vn 0.902800 0.245300 0.353300
vn 0.497600 -0.005300 -0.867400
vn 0.712100 -0.106400 -0.694000
vn 0.784900 0.035800 -0.618500
vn 0.875600 -0.045900 -0.480900
vn 0.955700 0.071500 -0.285700
vn 0.972600 0.018000 -0.231900
vn 0.744100 -0.244800 -0.621700
vn 0.890700 -0.147000 -0.430100
vn 0.978700 -0.036000 -0.201900
vn 0.517300 0.390300 0.761600
vn 0.736000 0.323700 0.594500
vn 0.898600 0.228900 0.374400
vn 0.537000 0.712100 0.452300
vn 0.751300 0.552600 0.360800
vn 0.904800 0.350900 0.241500
vn 0.529200 0.746000 0.404300
vn 0.744500 0.581300 0.328200
vn 0.901700 0.368900 0.225400
vn 0.772900 -0.538200 -0.336200
vn 0.768200 -0.562400 -0.305900
vn 0.909600 -0.356600 -0.213200
vn 0.906300 -0.376500 -0.192100
vn 0.985400 -0.152200 -0.076500
vn 0.984300 -0.164100 -0.064800
vn 0.508000 -0.861300 -0.013200
vn 0.791900 -0.610100 0.025600
vn 0.959000 -0.276800 0.060500
vn 0.735500 -0.664500 -0.132600
vn 0.888400 -0.454100 -0.068100
vn 0.976900 -0.213600 0.000800
vn 0.520900 0.763900 0.381000
vn 0.737500 0.598500 0.312900
vn 0.898800 0.380600 0.217600
vn 0.762500 -0.580700 -0.285300
vn 0.901900 -0.393300 -0.178900
vn 0.982900 -0.174900 -0.058200
vn 0.246800 0.741700 0.623700
vn 0.240900 0.830400 0.502500
vn 0.109000 -0.249200 0.962300
vn -0.147100 -0.969300 0.197000
vn 0.235700 0.506700 0.829200
vn 0.236000 0.511600 0.826200
vn 0.136900 0.958800 -0.248900
vn 0.136800 0.958800 -0.249100
vn -0.046800 0.518300 -0.853900
vn -0.132100 0.094900 -0.986700
vn -0.061400 0.462700 -0.884400
vn -0.620900 -0.280800 0.731900
vn 0.809600 0.174500 -0.560400
vn 0.797200 0.481900 0.363600
vn -0.061700 0.461600 -0.885000
usemtl Holocron_Corners.001
f 649/649/696 650/650/697 651/651/698
f 652/652/699 653/653/700 654/654/701
f 655/655/697 656/656/702 657/657/697
f 658/658/703 659/659/704 660/660/705
f 661/661/697 662/662/706 663/663/707
f 664/664/708 654/654/701 665/665/709
f 666/666/710 667/667/711 668/668/712
f 669/669/713 670/670/714 671/671/715
f 657/657/697 672/672/716 673/673/717
f 674/674/718 661/661/697 675/675/697
f 660/660/705 676/676/719 677/677/720
f 678/678/721 679/679/722 680/680/723
f 681/681/724 682/682/725 683/683/726
f 677/677/720 684/684/727 685/685/728
f 685/685/728 686/686/729 687/687/730
f 688/688/731 689/689/732 690/690/733
f 691/691/697 692/692/734 662/662/706
f 687/687/730 693/693/735 694/694/736
f 694/694/736 695/695/737 696/696/738
f 697/697/739 698/698/740 688/688/731
f 699/699/697 700/700/741 701/701/742
f 702/702/743 665/665/709 703/703/744
f 704/704/745 703/703/744 705/705/746
f 706/706/747 707/707/748 708/708/749
f 650/650/697 709/709/750 655/655/697
f 710/710/751 705/705/746 711/711/752
f 712/712/753 711/711/752 713/713/754
f 714/714/755 715/715/756 707/707/748
f 716/716/697 717/717/757 718/718/697
f 654/654/701 719/719/758 720/720/759
f 721/721/760 722/722/761 723/723/760
f 724/724/762 725/725/763 659/659/704
f 726/726/764 727/727/760 728/728/765
f 703/703/744 729/729/766 730/730/767
f 731/731/768 732/732/769 733/733/770
f 731/731/768 734/734/771 670/670/714
f 735/735/772 736/736/773 732/732/769
f 737/737/774 719/719/758 653/653/700
f 738/738/775 739/739/776 682/682/725
f 679/679/722 740/740/777 738/738/775
f 676/676/719 741/741/778 684/684/727
f 742/742/779 743/743/760 726/726/764
f 744/744/780 745/745/781 679/679/722
f 689/689/732 746/746/782 744/744/780
f 686/686/729 747/747/783 693/693/735
f 728/728/765 748/748/784 749/749/785
f 698/698/740 750/750/786 689/689/732
f 751/751/787 752/752/788 698/698/740
f 693/693/735 753/753/789 695/695/737
f 754/754/790 755/755/760 756/756/760
f 668/668/712 757/757/791 736/736/773
f 667/667/711 758/758/792 757/757/791
f 711/711/752 759/759/793 760/760/794
f 761/761/760 762/762/795 763/763/796
f 708/708/749 764/764/797 758/758/792
f 707/707/748 765/765/798 764/764/797
f 713/713/754 760/760/794 766/766/799
f 767/767/800 668/668/712 735/735/772
f 768/768/801 713/713/754 769/769/802
f 769/769/802 766/766/799 770/770/803
f 756/756/760 771/771/804 772/772/805
f 656/656/702 675/675/697 657/657/697
f 671/671/715 724/724/762 658/658/703
f 670/670/714 773/773/806 724/724/762
f 755/755/760 774/774/807 771/771/804
f 775/775/697 776/776/808 716/716/697
f 651/651/698 655/655/697 777/777/809
f 665/665/709 720/720/759 729/729/766
f 778/778/810 779/779/760 780/780/760
f 680/680/723 738/738/775 681/681/724
f 781/781/811 782/782/812 783/783/813
f 783/783/813 784/784/814 785/785/815
f 723/723/760 786/786/816 743/743/760
f 683/683/726 737/737/774 787/787/817
f 669/669/713 735/735/772 731/731/768
f 788/788/818 789/789/760 755/755/760
f 682/682/725 790/790/819 737/737/774
f 791/791/820 792/792/821 775/775/697
f 793/793/822 775/775/697 794/794/823
f 779/779/760 795/795/824 796/796/825
f 797/797/826 798/798/827 779/779/760
f 799/799/828 800/800/829 700/700/741
f 801/801/830 802/802/697 691/691/697
f 659/659/704 803/803/831 676/676/719
f 748/748/784 804/804/832 805/805/833
f 806/806/834 691/691/697 661/661/697
f 807/807/835 699/699/697 802/802/697
f 808/808/760 774/774/807 789/789/760
f 721/721/760 809/809/836 808/808/760
f 810/810/837 708/708/749 667/667/711
f 756/756/760 763/763/796 754/754/790
f 811/811/838 780/780/760 761/761/760
f 812/812/839 813/813/840 800/800/829
f 814/814/841 815/815/842 812/812/839
f 816/816/843 817/817/844 818/818/845
f 805/805/833 819/819/846 817/817/844
f 768/820/801 820/821/847 821/822/848
f 822/823/849 718/718/697 649/649/696
f 705/705/746 730/730/767 759/759/793
f 769/824/802 823/825/850 820/821/847
f 690/690/733 744/744/780 678/678/721
f 794/794/823 716/716/697 822/823/849
f 780/780/760 796/796/825 762/762/795
f 727/727/760 824/826/851 748/748/784
f 802/802/697 701/701/742 692/692/734
f 787/787/817 653/653/700 825/827/852
f 826/828/853 723/723/760 742/742/779
f 743/743/760 827/829/854 727/727/760
f 781/830/811 751/751/787 697/697/739
f 828/831/855 799/799/828 699/699/697
f 684/684/727 829/832/856 686/686/729
f 783/833/813 830/834/857 751/751/787
f 777/777/809 657/657/697 673/673/717
f 675/675/697 663/663/707 672/672/716
f 831/835/858 808/808/760 832/836/859
f 832/836/859 789/789/760 833/837/860
f 718/718/697 834/838/861 650/650/697
f 835/839/862 812/812/839 799/799/828
f 749/749/785 805/805/833 816/816/843
f 772/772/805 761/761/760 756/756/760
f 836/840/863 837/841/864 838/842/865
f 839/843/866 840/844/867 837/841/864
f 838/842/865 841/845/868 842/846/869
f 837/841/864 843/847/870 841/845/868
f 844/848/871 845/849/872 846/850/873
f 847/851/874 848/852/875 844/848/871
f 848/853/875 849/854/876 845/855/872
f 850/856/877 840/857/867 848/852/875
f 696/696/738 851/858/878 852/859/879
f 842/860/880 841/861/881 851/858/878
f 852/859/879 850/856/882 847/851/883
f 851/858/878 843/862/884 850/856/882
f 821/822/848 853/863/885 854/864/886
f 855/865/887 856/866/888 853/863/885
f 854/864/886 857/867/889 858/868/890
f 853/863/885 859/869/891 857/867/889
f 860/870/892 861/871/893 862/872/894
f 863/873/895 864/874/896 861/871/893
f 862/872/894 861/871/893 856/875/897
f 861/871/893 859/876/898 856/875/897
f 865/877/899 866/878/900 867/879/901
f 858/868/890 868/880/902 865/877/899
f 868/881/902 869/882/903 866/883/900
f 857/867/889 864/884/904 868/880/902
f 784/885/814 870/886/905 871/887/906
f 872/888/907 873/889/908 870/890/905
f 871/887/906 874/891/909 875/892/910
f 870/886/905 876/893/911 874/891/909
f 753/753/789 877/894/912 872/895/913
f 878/896/914 879/897/915 877/894/912
f 872/895/913 877/894/912 873/898/916
f 877/894/912 876/893/917 873/898/918
f 880/899/919 881/900/920 818/818/845
f 875/892/910 882/901/921 880/899/919
f 882/901/921 883/902/922 881/900/920
f 874/891/923 879/897/915 882/901/921
f 823/825/850 884/903/924 885/904/925
f 886/905/926 887/906/927 884/907/924
f 885/908/925 884/907/924 888/909/928
f 884/907/924 889/910/929 888/909/930
f 890/911/931 891/912/932 892/913/933
f 893/914/934 894/915/935 890/911/931
f 894/915/935 895/916/936 891/912/932
f 896/917/937 887/906/938 894/915/935
f 765/765/798 897/918/939 898/919/940
f 885/920/941 888/909/942 897/918/939
f 898/919/940 896/917/937 893/914/934
f 897/918/939 889/910/943 896/917/937
f 673/673/717 899/921/944 900/922/945
f 900/922/945 901/923/946 902/924/947
f 902/924/948 903/925/949 904/926/950
f 903/927/949 825/827/852 904/928/950
f 672/672/716 905/929/951 899/921/944
f 899/921/944 906/930/952 901/923/946
f 901/931/953 907/932/954 903/927/949
f 907/932/954 787/787/817 903/927/949
f 709/933/750 908/934/955 656/935/702
f 909/936/956 910/937/957 908/934/955
f 911/938/958 912/939/959 910/937/960
f 912/939/959 767/767/800 669/669/713
f 834/940/861 909/936/956 709/933/750
f 913/941/961 911/938/962 909/936/956
f 914/942/963 915/943/964 911/938/958
f 915/943/964 666/666/710 767/767/800
f 777/777/809 916/944/965 651/651/698
f 917/945/966 918/946/967 916/944/965
f 919/947/968 920/948/969 918/946/970
f 920/949/969 652/652/699 664/664/708
f 673/673/717 917/945/966 777/777/809
f 900/922/945 919/947/971 917/945/966
f 902/924/948 921/950/972 919/947/968
f 921/951/972 825/827/852 652/652/699
f 806/952/834 922/953/973 923/954/974
f 923/954/974 924/955/975 925/956/976
f 925/956/977 926/957/978 927/958/979
f 926/957/978 658/658/703 927/958/979
f 674/959/718 908/934/955 922/953/973
f 922/953/973 910/937/957 924/955/975
f 924/955/980 912/939/959 926/957/978
f 912/939/959 671/671/715 926/957/978
f 807/960/835 928/961/981 929/962/982
f 929/962/982 930/963/983 931/964/984
f 931/964/985 932/965/986 933/966/987
f 932/965/986 677/677/720 933/966/987
f 801/967/830 923/954/974 928/961/981
f 928/961/981 925/956/976 930/963/983
f 930/963/988 927/958/979 932/965/986
f 927/958/979 660/660/705 932/965/986
f 663/663/707 934/968/989 905/929/951
f 905/929/951 935/969/990 906/930/952
f 906/970/991 936/971/992 907/932/954
f 936/971/992 683/683/726 907/932/954
f 662/662/706 937/972/993 934/968/989
f 934/968/989 938/973/994 935/969/990
f 935/974/995 939/975/996 936/971/992
f 939/975/996 681/681/724 936/971/992
f 692/692/734 940/976/997 937/972/993
f 937/972/993 941/977/998 938/973/994
f 938/978/999 942/979/1000 939/975/996
f 942/979/1000 680/680/723 939/975/996
f 701/701/742 943/980/1001 940/976/997
f 940/976/997 944/981/1002 941/977/998
f 941/982/1003 945/983/1004 942/979/1000
f 945/983/1004 678/678/721 942/979/1000
f 835/984/862 946/985/1005 947/986/1006
f 947/986/1006 948/987/1007 949/988/1008
f 949/988/1009 950/989/1010 951/990/1011
f 950/989/1010 687/687/730 951/990/1011
f 828/991/855 929/962/982 946/985/1005
f 946/985/1005 931/964/984 948/987/1007
f 948/987/1012 933/966/987 950/989/1010
f 933/966/987 685/685/728 950/989/1010
f 815/815/842 952/992/1013 813/813/840
f 953/993/1014 954/994/1015 952/992/1013
f 955/995/1016 956/996/1017 954/994/1015
f 957/997/1018 697/998/739 956/996/1017
f 846/999/873 953/993/1014 815/815/842
f 845/855/872 955/995/1016 953/993/1014
f 849/854/876 957/997/1018 955/995/1016
f 839/843/866 781/781/811 957/997/1018
f 700/700/741 958/1000/1019 943/980/1001
f 943/980/1001 959/1001/1020 944/981/1002
f 944/1002/1021 960/1003/1022 945/983/1004
f 945/983/1004 688/688/731 690/690/733
f 800/800/829 952/992/1013 958/1000/1019
f 958/1000/1023 954/994/1015 959/1001/1020
f 959/1004/1024 956/1005/1017 960/1003/1022
f 956/1005/1017 688/688/731 960/1003/1022
f 846/850/873 961/1006/1025 844/848/871
f 844/848/871 962/1007/1026 847/851/874
f 847/851/883 963/1008/1027 852/859/879
f 852/859/879 694/694/736 696/696/738
f 814/1009/841 947/986/1006 961/1006/1025
f 961/1006/1025 949/988/1008 962/1007/1026
f 962/1007/1028 951/990/1011 963/1008/1027
f 963/1008/1027 687/687/730 694/694/736
f 717/1010/757 913/941/961 834/940/861
f 964/1011/1029 914/942/1030 913/941/961
f 965/1012/1031 966/1013/1032 914/942/963
f 966/1013/1032 810/810/837 666/666/710
f 776/1014/808 964/1011/1029 717/1010/757
f 967/1015/1033 965/1012/1034 964/1011/1029
f 968/1016/1035 969/1017/1036 965/1012/1031
f 969/1017/1036 706/706/747 810/810/837
f 649/649/696 970/1018/1037 822/823/849
f 971/1019/1038 972/1020/1039 970/1018/1037
f 973/1021/1040 974/1022/1041 972/1020/1042
f 974/1023/1041 702/702/743 704/704/745
f 651/651/698 971/1019/1038 649/649/696
f 916/944/965 973/1021/1043 971/1019/1038
f 918/946/970 975/1024/1044 973/1021/1040
f 975/1025/1044 664/664/708 702/702/743
f 867/879/901 976/1026/1045 865/877/899
f 865/877/899 977/1027/1046 858/868/890
f 858/868/890 978/1028/1047 854/864/886
f 854/864/886 768/820/801 821/822/848
f 791/791/820 979/1029/1048 976/1026/1045
f 976/1026/1045 980/1030/1049 977/1027/1046
f 977/1027/1046 981/1031/1050 978/1028/1047
f 978/1028/1047 712/1032/753 768/820/801
f 792/1033/821 967/1015/1033 776/1014/808
f 982/1034/1051 968/1016/1052 967/1015/1033
f 983/1035/1053 984/1036/1054 968/1016/1035
f 985/1037/1055 706/706/747 984/1036/1054
f 867/1038/901 982/1034/1051 792/1033/821
f 866/883/900 983/1035/1056 982/1034/1051
f 869/882/1057 985/1037/1055 983/1035/1053
f 863/873/895 714/714/755 985/1037/1055
f 794/794/823 979/1029/1048 793/793/822
f 986/1039/1058 980/1030/1049 979/1029/1048
f 987/1040/1059 981/1031/1050 980/1030/1049
f 981/1041/1050 710/710/751 712/712/753
f 822/823/849 986/1039/1058 794/794/823
f 970/1018/1037 987/1040/1060 986/1039/1058
f 972/1020/1042 988/1042/1061 987/1040/1059
f 974/1023/1041 710/710/751 988/1043/1061
f 790/790/819 989/1044/1062 719/719/758
f 990/1045/1063 991/1046/1064 989/1044/1062
f 992/1047/1065 993/1048/1066 991/1046/1064
f 994/1049/1067 833/837/860 993/1048/1066
f 739/739/776 990/1045/1063 790/790/819
f 995/1050/1068 992/1047/1065 990/1045/1063
f 996/1051/1069 994/1049/1067 992/1047/1065
f 997/1052/1070 832/836/859 994/1049/1067
f 733/733/770 998/1053/1071 999/1054/1072
f 999/1054/1072 1000/1055/1073 1001/1056/1074
f 1001/1056/1074 1002/1057/1075 1003/1058/1076
f 1003/1058/1076 771/771/804 774/774/807
f 732/732/769 1004/1059/1077 998/1053/1071
f 998/1053/1071 1005/1060/1078 1000/1055/1073
f 1000/1055/1073 1006/1061/1079 1002/1057/1075
f 1002/1057/1075 772/772/805 771/771/804
f 729/729/766 1007/1062/1080 1008/1063/1081
f 1008/1063/1081 1009/1064/1082 1010/1065/1083
f 1010/1065/1083 1011/1066/1084 1012/1067/1085
f 1012/1067/1085 788/788/818 754/754/790
f 720/720/759 989/1044/1062 1007/1062/1080
f 1007/1062/1080 991/1046/1064 1009/1064/1082
f 1009/1064/1082 993/1048/1066 1011/1066/1084
f 1011/1066/1084 833/837/860 788/788/818
f 734/734/771 1013/1068/1086 773/773/806
f 1014/1069/1087 1015/1070/1088 1013/1068/1086
f 1016/1071/1089 1017/1072/1090 1015/1070/1088
f 1018/1073/1091 826/828/853 1017/1072/1090
f 733/733/770 1014/1069/1087 734/734/771
f 999/1054/1072 1016/1071/1089 1014/1069/1087
f 1001/1056/1074 1018/1073/1091 1016/1071/1089
f 1003/1058/1076 809/809/836 1018/1073/1091
f 725/725/763 1019/1074/1092 803/803/831
f 1020/1075/1093 1021/1076/1094 1019/1074/1092
f 1022/1077/1095 1023/1078/1096 1021/1076/1094
f 1024/1079/1097 726/726/764 1023/1078/1096
f 773/773/806 1020/1075/1093 725/725/763
f 1013/1068/1086 1022/1077/1095 1020/1075/1093
f 1015/1070/1088 1024/1079/1097 1022/1077/1095
f 1017/1072/1090 742/742/779 1024/1079/1097
f 740/740/777 995/1050/1068 739/739/776
f 1025/1080/1098 996/1051/1069 995/1050/1068
f 1026/1081/1099 997/1052/1070 996/1051/1069
f 1027/1082/1100 831/835/858 997/1052/1070
f 745/745/781 1025/1080/1098 740/740/777
f 1028/1083/1101 1026/1081/1099 1025/1080/1098
f 1029/1084/1102 1027/1082/1100 1026/1081/1099
f 1030/1085/1103 722/722/761 1027/1082/1100
f 746/746/782 1028/1083/1101 745/745/781
f 1031/1086/1104 1029/1084/1102 1028/1083/1101
f 1032/1087/1105 1030/1085/1103 1029/1084/1102
f 1033/1088/1106 786/786/816 1030/1085/1103
f 750/750/786 1031/1086/1104 746/746/782
f 1034/1089/1107 1032/1087/1105 1031/1086/1104
f 1035/1090/1108 1033/1088/1106 1032/1087/1105
f 1036/1091/1109 827/829/854 1033/1088/1106
f 741/741/778 1037/1092/1110 829/832/856
f 1038/1093/1111 1039/1094/1112 1037/1092/1110
f 1040/1095/1113 1041/1096/1114 1039/1094/1112
f 1042/1097/1115 749/749/785 1041/1096/1114
f 803/803/831 1038/1093/1111 741/741/778
f 1019/1074/1092 1040/1095/1113 1038/1093/1111
f 1021/1076/1094 1042/1097/1115 1040/1095/1113
f 1023/1078/1096 728/728/765 1042/1097/1115
f 830/834/857 1043/1098/1116 1044/1099/1117
f 1044/1099/1117 1045/1100/1118 1046/1101/1119
f 1046/1101/1119 1047/1102/1120 1048/1103/1121
f 1048/1103/1121 817/817/844 819/819/846
f 785/1104/815 871/887/906 1043/1098/1116
f 1043/1098/1116 875/892/910 1045/1100/1118
f 1045/1100/1118 880/899/919 1047/1102/1120
f 1047/1102/1120 818/818/845 817/817/844
f 752/752/788 1034/1089/1107 750/750/786
f 1049/1105/1122 1035/1090/1108 1034/1089/1107
f 1050/1106/1123 1036/1091/1109 1035/1090/1108
f 1051/1107/1124 824/826/851 1036/1091/1109
f 830/834/857 1049/1105/1122 752/752/788
f 1044/1099/1117 1050/1106/1123 1049/1105/1122
f 1046/1101/1119 1051/1107/1124 1050/1106/1123
f 1048/1103/1121 804/804/832 1051/1107/1124
f 747/747/783 878/896/914 753/753/789
f 1052/1108/1125 883/902/922 878/896/914
f 1053/1109/1126 881/900/920 883/902/922
f 1054/1110/1127 818/818/845 881/900/920
f 829/832/856 1052/1108/1125 747/747/783
f 1037/1092/1110 1053/1109/1126 1052/1108/1125
f 1039/1094/1112 1054/1110/1127 1053/1109/1126
f 1041/1096/1114 816/816/843 1054/1110/1127
f 736/736/773 1055/1111/1128 1004/1059/1077
f 1004/1059/1077 1056/1112/1129 1005/1060/1078
f 1005/1060/1078 1057/1113/1130 1006/1061/1079
f 1006/1061/1079 811/811/838 772/772/805
f 757/757/791 1058/1114/1131 1055/1111/1128
f 1055/1111/1128 1059/1115/1132 1056/1112/1129
f 1056/1112/1129 1060/1116/1133 1057/1113/1130
f 1057/1113/1130 778/778/810 811/811/838
f 759/759/793 1061/1117/1134 1062/1118/1135
f 1062/1118/1135 1063/1119/1136 1064/1120/1137
f 1064/1120/1137 1065/1121/1138 1066/1122/1139
f 1066/1122/1139 763/763/796 762/762/795
f 730/730/767 1008/1063/1081 1061/1117/1134
f 1061/1117/1134 1010/1065/1083 1063/1119/1136
f 1063/1119/1136 1012/1067/1085 1065/1121/1138
f 1065/1121/1138 754/754/790 763/763/796
f 770/1123/803 886/1124/926 823/825/850
f 1067/1125/1140 895/916/936 886/905/926
f 1068/1126/1141 891/912/932 895/916/936
f 1069/1127/1142 892/913/933 891/912/932
f 766/766/799 1067/1125/1140 770/770/803
f 1070/1128/1143 1068/1126/1141 1067/1125/1140
f 1071/1129/1144 1069/1127/1142 1068/1126/1141
f 1072/1130/1145 798/798/827 1069/1127/1142
f 758/758/792 1073/1131/1146 1058/1114/1131
f 1058/1114/1131 1074/1132/1147 1059/1115/1132
f 1059/1115/1132 1075/1133/1148 1060/1116/1133
f 1060/1116/1133 797/797/826 778/778/810
f 764/764/797 898/919/940 1073/1131/1146
f 1073/1131/1146 893/914/934 1074/1132/1147
f 1074/1132/1147 890/911/931 1075/1133/1148
f 1075/1133/1148 892/913/933 797/797/826
f 766/766/799 1076/1134/1149 1070/1128/1143
f 1070/1128/1143 1077/1135/1150 1071/1129/1144
f 1071/1129/1144 1078/1136/1151 1072/1130/1145
f 1072/1130/1145 796/796/825 795/795/824
f 760/760/794 1062/1118/1135 1076/1134/1149
f 1076/1134/1149 1064/1120/1137 1077/1135/1150
f 1077/1135/1150 1066/1122/1139 1078/1136/1151
f 1078/1136/1151 762/762/795 796/796/825
f 765/765/798 1079/1137/1152 885/1138/941
f 885/904/1153 820/821/847 823/825/1154
f 715/715/756 862/872/1155 1079/1137/1152
f 1079/1139/1156 862/1140/1157 855/865/1157
f 1079/1141/1158 821/822/848 820/821/847
f 696/696/738 1080/1142/1159 842/1143/1160
f 842/846/1161 1080/1144/1161 838/842/1161
f 1080/1144/1162 836/840/863 838/842/1163
f 753/753/789 1080/1142/1159 695/695/737
f 872/1145/907 782/782/812 1080/1144/1162
f 649/649/696 718/718/697 650/650/697
f 652/652/699 825/827/852 653/653/700
f 655/655/697 709/709/750 656/656/702
f 658/658/703 724/724/762 659/659/704
f 661/661/697 691/691/697 662/662/706
f 664/664/708 652/652/699 654/654/701
f 666/666/710 810/810/837 667/667/711
f 669/669/713 731/731/768 670/670/714
f 657/657/697 675/675/697 672/672/716
f 674/674/718 806/806/834 661/661/697
f 660/660/705 659/659/704 676/676/719
f 678/678/721 744/744/780 679/679/722
f 681/681/724 738/738/775 682/682/725
f 677/677/720 676/676/719 684/684/727
f 685/685/728 684/684/727 686/686/729
f 688/688/731 698/698/740 689/689/732
f 691/691/697 802/802/697 692/692/734
f 687/687/730 686/686/729 693/693/735
f 694/694/736 693/693/735 695/695/737
f 697/697/739 751/751/787 698/698/740
f 699/699/697 799/799/828 700/700/741
f 702/702/743 664/664/708 665/665/709
f 704/704/745 702/702/743 703/703/744
f 706/706/747 714/714/755 707/707/748
f 650/650/697 834/838/861 709/709/750
f 710/710/751 704/704/745 705/705/746
f 712/712/753 710/710/751 711/711/752
f 714/714/755 860/870/892 715/715/756
f 716/716/697 776/776/808 717/717/757
f 654/654/701 653/653/700 719/719/758
f 721/721/760 831/835/858 722/722/761
f 724/724/762 773/773/806 725/725/763
f 726/726/764 743/743/760 727/727/760
f 703/703/744 665/665/709 729/729/766
f 731/731/768 735/735/772 732/732/769
f 731/731/768 733/733/770 734/734/771
f 735/735/772 668/668/712 736/736/773
f 737/737/774 790/790/819 719/719/758
f 738/738/775 740/740/777 739/739/776
f 679/679/722 745/745/781 740/740/777
f 676/676/719 803/803/831 741/741/778
f 742/742/779 723/723/760 743/743/760
f 744/744/780 746/746/782 745/745/781
f 689/689/732 750/750/786 746/746/782
f 686/686/729 829/832/856 747/747/783
f 728/728/765 727/727/760 748/748/784
f 698/698/740 752/752/788 750/750/786
f 751/751/787 830/834/857 752/752/788
f 693/693/735 747/747/783 753/753/789
f 754/754/790 788/788/818 755/755/760
f 668/668/712 667/667/711 757/757/791
f 667/667/711 708/708/749 758/758/792
f 711/711/752 705/705/746 759/759/793
f 761/761/760 780/780/760 762/762/795
f 708/708/749 707/707/748 764/764/797
f 707/707/748 715/715/756 765/765/798
f 713/713/754 711/711/752 760/760/794
f 767/767/800 666/666/710 668/668/712
f 768/768/801 712/712/753 713/713/754
f 769/769/802 713/713/754 766/766/799
f 756/756/760 755/755/760 771/771/804
f 656/656/702 674/674/718 675/675/697
f 671/671/715 670/670/714 724/724/762
f 670/670/714 734/734/771 773/773/806
f 755/755/760 789/789/760 774/774/807
f 775/775/697 792/792/821 776/776/808
f 651/651/698 650/650/697 655/655/697
f 665/665/709 654/654/701 720/720/759
f 778/778/810 797/797/826 779/779/760
f 680/680/723 679/679/722 738/738/775
f 781/781/811 836/840/863 782/782/812
f 783/783/813 782/782/812 784/784/814
f 723/723/760 722/722/761 786/786/816
f 683/683/726 682/682/725 737/737/774
f 669/669/713 767/767/800 735/735/772
f 788/788/818 833/837/860 789/789/760
f 682/682/725 739/739/776 790/790/819
f 791/791/820 867/879/901 792/792/821
f 793/793/822 791/791/820 775/775/697
f 779/779/760 798/798/827 795/795/824
f 797/797/826 892/913/933 798/798/827
f 799/799/828 812/812/839 800/800/829
f 801/801/830 807/807/835 802/802/697
f 659/659/704 725/725/763 803/803/831
f 748/748/784 824/826/851 804/804/832
f 806/806/834 801/801/830 691/691/697
f 807/807/835 828/831/855 699/699/697
f 808/808/760 809/809/836 774/774/807
f 721/721/760 826/828/853 809/809/836
f 810/810/837 706/706/747 708/708/749
f 756/756/760 761/761/760 763/763/796
f 811/811/838 778/778/810 780/780/760
f 812/812/839 815/815/842 813/813/840
f 814/814/841 846/999/873 815/815/842
f 816/816/843 805/805/833 817/817/844
f 805/805/833 804/804/832 819/819/846
f 768/820/801 769/824/802 820/821/847
f 822/823/849 716/716/697 718/718/697
f 705/705/746 703/703/744 730/730/767
f 769/824/802 770/1123/803 823/825/850
f 690/690/733 689/689/732 744/744/780
f 794/794/823 775/775/697 716/716/697
f 780/780/760 779/779/760 796/796/825
f 727/727/760 827/829/854 824/826/851
f 802/802/697 699/699/697 701/701/742
f 787/787/817 737/737/774 653/653/700
f 826/828/853 721/721/760 723/723/760
f 743/743/760 786/786/816 827/829/854
f 781/830/811 783/833/813 751/751/787
f 828/831/855 835/839/862 799/799/828
f 684/684/727 741/741/778 829/832/856
f 783/833/813 785/1104/815 830/834/857
f 777/777/809 655/655/697 657/657/697
f 675/675/697 661/661/697 663/663/707
f 831/835/858 721/721/760 808/808/760
f 832/836/859 808/808/760 789/789/760
f 718/718/697 717/717/757 834/838/861
f 835/839/862 814/814/841 812/812/839
f 749/749/785 748/748/784 805/805/833
f 772/772/805 811/811/838 761/761/760
f 836/840/863 839/843/866 837/841/864
f 839/843/866 849/854/876 840/844/867
f 838/842/865 837/841/864 841/845/868
f 837/841/864 840/844/867 843/847/870
f 844/848/871 848/852/875 845/849/872
f 847/851/874 850/856/877 848/852/875
f 848/853/875 840/844/867 849/854/876
f 850/856/877 843/862/870 840/857/867
f 696/696/738 842/1143/880 851/858/878
f 852/859/879 851/858/878 850/856/882
f 851/858/878 841/861/881 843/862/884
f 821/822/848 855/865/887 853/863/885
f 855/865/887 862/1140/1164 856/866/888
f 854/864/886 853/863/885 857/867/889
f 853/863/885 856/866/888 859/869/891
f 860/870/892 863/873/895 861/871/893
f 863/873/895 869/882/1057 864/874/896
f 861/871/893 864/874/896 859/876/898
f 865/877/899 868/880/902 866/878/900
f 858/868/890 857/867/889 868/880/902
f 868/881/902 864/874/904 869/882/903
f 857/867/889 859/869/891 864/884/904
f 784/885/814 872/1146/907 870/886/905
f 871/887/906 870/886/905 874/891/909
f 870/886/905 873/898/908 876/893/911
f 753/753/789 878/896/914 877/894/912
f 878/896/914 883/902/922 879/897/915
f 877/894/912 879/897/915 876/893/917
f 880/899/919 882/901/921 881/900/920
f 875/892/910 874/891/923 882/901/921
f 882/901/921 879/897/915 883/902/922
f 874/891/923 876/893/917 879/897/915
f 823/825/850 886/1124/926 884/903/924
f 886/905/926 895/916/936 887/906/927
f 884/907/924 887/906/927 889/910/929
f 890/911/931 894/915/935 891/912/932
f 893/914/934 896/917/937 894/915/935
f 894/915/935 887/906/938 895/916/936
f 896/917/937 889/910/943 887/906/938
f 765/765/798 885/1138/941 897/918/939
f 898/919/940 897/918/939 896/917/937
f 897/918/939 888/909/942 889/910/943
f 673/673/717 672/672/716 899/921/944
f 900/922/945 899/921/944 901/923/946
f 902/924/948 901/923/953 903/925/949
f 903/927/949 787/787/817 825/827/852
f 672/672/716 663/663/707 905/929/951
f 899/921/944 905/929/951 906/930/952
f 901/931/953 906/970/991 907/932/954
f 907/932/954 683/683/726 787/787/817
f 709/933/750 909/936/956 908/934/955
f 909/936/956 911/938/962 910/937/957
f 911/938/958 915/943/964 912/939/959
f 912/939/959 915/943/964 767/767/800
f 834/940/861 913/941/961 909/936/956
f 913/941/961 914/942/1030 911/938/962
f 914/942/963 966/1013/1032 915/943/964
f 915/943/964 966/1013/1032 666/666/710
f 777/777/809 917/945/966 916/944/965
f 917/945/966 919/947/971 918/946/967
f 919/947/968 921/950/972 920/948/969
f 920/949/969 921/951/972 652/652/699
f 673/673/717 900/922/945 917/945/966
f 900/922/945 902/924/947 919/947/971
f 902/924/948 904/926/950 921/950/972
f 921/951/972 904/928/950 825/827/852
f 806/952/834 674/959/718 922/953/973
f 923/954/974 922/953/973 924/955/975
f 925/956/977 924/955/980 926/957/978
f 926/957/978 671/671/715 658/658/703
f 674/959/718 656/935/702 908/934/955
f 922/953/973 908/934/955 910/937/957
f 924/955/980 910/937/960 912/939/959
f 912/939/959 669/669/713 671/671/715
f 807/960/835 801/967/830 928/961/981
f 929/962/982 928/961/981 930/963/983
f 931/964/985 930/963/988 932/965/986
f 932/965/986 660/660/705 677/677/720
f 801/967/830 806/952/834 923/954/974
f 928/961/981 923/954/974 925/956/976
f 930/963/988 925/956/977 927/958/979
f 927/958/979 658/658/703 660/660/705
f 663/663/707 662/662/706 934/968/989
f 905/929/951 934/968/989 935/969/990
f 906/970/991 935/974/995 936/971/992
f 936/971/992 681/681/724 683/683/726
f 662/662/706 692/692/734 937/972/993
f 934/968/989 937/972/993 938/973/994
f 935/974/995 938/978/999 939/975/996
f 939/975/996 680/680/723 681/681/724
f 692/692/734 701/701/742 940/976/997
f 937/972/993 940/976/997 941/977/998
f 938/978/999 941/982/1003 942/979/1000
f 942/979/1000 678/678/721 680/680/723
f 701/701/742 700/700/741 943/980/1001
f 940/976/997 943/980/1001 944/981/1002
f 941/982/1003 944/1002/1021 945/983/1004
f 945/983/1004 690/690/733 678/678/721
f 835/984/862 828/991/855 946/985/1005
f 947/986/1006 946/985/1005 948/987/1007
f 949/988/1009 948/987/1012 950/989/1010
f 950/989/1010 685/685/728 687/687/730
f 828/991/855 807/960/835 929/962/982
f 946/985/1005 929/962/982 931/964/984
f 948/987/1012 931/964/985 933/966/987
f 933/966/987 677/677/720 685/685/728
f 815/815/842 953/993/1014 952/992/1013
f 953/993/1014 955/995/1016 954/994/1015
f 955/995/1016 957/997/1018 956/996/1017
f 957/997/1018 781/781/811 697/998/739
f 846/999/873 845/855/872 953/993/1014
f 845/855/872 849/854/876 955/995/1016
f 849/854/876 839/843/866 957/997/1018
f 839/843/866 836/840/863 781/781/811
f 700/700/741 800/800/829 958/1000/1019
f 943/980/1001 958/1000/1023 959/1001/1020
f 944/1002/1021 959/1004/1024 960/1003/1022
f 945/983/1004 960/1003/1022 688/688/731
f 800/800/829 813/813/840 952/992/1013
f 958/1000/1023 952/992/1013 954/994/1015
f 959/1004/1024 954/1147/1015 956/1005/1017
f 956/1005/1017 697/697/739 688/688/731
f 846/850/873 814/1009/841 961/1006/1025
f 844/848/871 961/1006/1025 962/1007/1026
f 847/851/883 962/1007/1028 963/1008/1027
f 852/859/879 963/1008/1027 694/694/736
f 814/1009/841 835/984/862 947/986/1006
f 961/1006/1025 947/986/1006 949/988/1008
f 962/1007/1028 949/988/1009 951/990/1011
f 963/1008/1027 951/990/1011 687/687/730
f 717/1010/757 964/1011/1029 913/941/961
f 964/1011/1029 965/1012/1034 914/942/1030
f 965/1012/1031 969/1017/1036 966/1013/1032
f 966/1013/1032 969/1017/1036 810/810/837
f 776/1014/808 967/1015/1033 964/1011/1029
f 967/1015/1033 968/1016/1052 965/1012/1034
f 968/1016/1035 984/1036/1054 969/1017/1036
f 969/1017/1036 984/1036/1054 706/706/747
f 649/649/696 971/1019/1038 970/1018/1037
f 971/1019/1038 973/1021/1043 972/1020/1039
f 973/1021/1040 975/1024/1044 974/1022/1041
f 974/1023/1041 975/1025/1044 702/702/743
f 651/651/698 916/944/965 971/1019/1038
f 916/944/965 918/946/967 973/1021/1043
f 918/946/970 920/948/969 975/1024/1044
f 975/1025/1044 920/949/969 664/664/708
f 867/879/901 791/791/820 976/1026/1045
f 865/877/899 976/1026/1045 977/1027/1046
f 858/868/890 977/1027/1046 978/1028/1047
f 854/864/886 978/1028/1047 768/820/801
f 791/791/820 793/793/822 979/1029/1048
f 976/1026/1045 979/1029/1048 980/1030/1049
f 977/1027/1046 980/1030/1049 981/1031/1050
f 978/1028/1047 981/1031/1050 712/1032/753
f 792/1033/821 982/1034/1051 967/1015/1033
f 982/1034/1051 983/1035/1056 968/1016/1052
f 983/1035/1053 985/1037/1055 984/1036/1054
f 985/1037/1055 714/714/755 706/706/747
f 867/1038/901 866/883/900 982/1034/1051
f 866/883/900 869/882/903 983/1035/1056
f 869/882/1057 863/873/895 985/1037/1055
f 863/873/895 860/870/892 714/714/755
f 794/794/823 986/1039/1058 979/1029/1048
f 986/1039/1058 987/1040/1060 980/1030/1049
f 987/1040/1059 988/1042/1061 981/1031/1050
f 981/1041/1050 988/1043/1061 710/710/751
f 822/823/849 970/1018/1037 986/1039/1058
f 970/1018/1037 972/1020/1039 987/1040/1060
f 972/1020/1042 974/1022/1041 988/1042/1061
f 974/1023/1041 704/704/745 710/710/751
f 790/790/819 990/1045/1063 989/1044/1062
f 990/1045/1063 992/1047/1065 991/1046/1064
f 992/1047/1065 994/1049/1067 993/1048/1066
f 994/1049/1067 832/836/859 833/837/860
f 739/739/776 995/1050/1068 990/1045/1063
f 995/1050/1068 996/1051/1069 992/1047/1065
f 996/1051/1069 997/1052/1070 994/1049/1067
f 997/1052/1070 831/835/858 832/836/859
f 733/733/770 732/732/769 998/1053/1071
f 999/1054/1072 998/1053/1071 1000/1055/1073
f 1001/1056/1074 1000/1055/1073 1002/1057/1075
f 1003/1058/1076 1002/1057/1075 771/771/804
f 732/732/769 736/736/773 1004/1059/1077
f 998/1053/1071 1004/1059/1077 1005/1060/1078
f 1000/1055/1073 1005/1060/1078 1006/1061/1079
f 1002/1057/1075 1006/1061/1079 772/772/805
f 729/729/766 720/720/759 1007/1062/1080
f 1008/1063/1081 1007/1062/1080 1009/1064/1082
f 1010/1065/1083 1009/1064/1082 1011/1066/1084
f 1012/1067/1085 1011/1066/1084 788/788/818
f 720/720/759 719/719/758 989/1044/1062
f 1007/1062/1080 989/1044/1062 991/1046/1064
f 1009/1064/1082 991/1046/1064 993/1048/1066
f 1011/1066/1084 993/1048/1066 833/837/860
f 734/734/771 1014/1069/1087 1013/1068/1086
f 1014/1069/1087 1016/1071/1089 1015/1070/1088
f 1016/1071/1089 1018/1073/1091 1017/1072/1090
f 1018/1073/1091 809/809/836 826/828/853
f 733/733/770 999/1054/1072 1014/1069/1087
f 999/1054/1072 1001/1056/1074 1016/1071/1089
f 1001/1056/1074 1003/1058/1076 1018/1073/1091
f 1003/1058/1076 774/774/807 809/809/836
f 725/725/763 1020/1075/1093 1019/1074/1092
f 1020/1075/1093 1022/1077/1095 1021/1076/1094
f 1022/1077/1095 1024/1079/1097 1023/1078/1096
f 1024/1079/1097 742/742/779 726/726/764
f 773/773/806 1013/1068/1086 1020/1075/1093
f 1013/1068/1086 1015/1070/1088 1022/1077/1095
f 1015/1070/1088 1017/1072/1090 1024/1079/1097
f 1017/1072/1090 826/828/853 742/742/779
f 740/740/777 1025/1080/1098 995/1050/1068
f 1025/1080/1098 1026/1081/1099 996/1051/1069
f 1026/1081/1099 1027/1082/1100 997/1052/1070
f 1027/1082/1100 722/722/761 831/835/858
f 745/745/781 1028/1083/1101 1025/1080/1098
f 1028/1083/1101 1029/1084/1102 1026/1081/1099
f 1029/1084/1102 1030/1085/1103 1027/1082/1100
f 1030/1085/1103 786/786/816 722/722/761
f 746/746/782 1031/1086/1104 1028/1083/1101
f 1031/1086/1104 1032/1087/1105 1029/1084/1102
f 1032/1087/1105 1033/1088/1106 1030/1085/1103
f 1033/1088/1106 827/829/854 786/786/816
f 750/750/786 1034/1089/1107 1031/1086/1104
f 1034/1089/1107 1035/1090/1108 1032/1087/1105
f 1035/1090/1108 1036/1091/1109 1033/1088/1106
f 1036/1091/1109 824/826/851 827/829/854
f 741/741/778 1038/1093/1111 1037/1092/1110
f 1038/1093/1111 1040/1095/1113 1039/1094/1112
f 1040/1095/1113 1042/1097/1115 1041/1096/1114
f 1042/1097/1115 728/728/765 749/749/785
f 803/803/831 1019/1074/1092 1038/1093/1111
f 1019/1074/1092 1021/1076/1094 1040/1095/1113
f 1021/1076/1094 1023/1078/1096 1042/1097/1115
f 1023/1078/1096 726/726/764 728/728/765
f 830/834/857 785/1104/815 1043/1098/1116
f 1044/1099/1117 1043/1098/1116 1045/1100/1118
f 1046/1101/1119 1045/1100/1118 1047/1102/1120
f 1048/1103/1121 1047/1102/1120 817/817/844
f 785/1104/815 784/885/814 871/887/906
f 1043/1098/1116 871/887/906 875/892/910
f 1045/1100/1118 875/892/910 880/899/919
f 1047/1102/1120 880/899/919 818/818/845
f 752/752/788 1049/1105/1122 1034/1089/1107
f 1049/1105/1122 1050/1106/1123 1035/1090/1108
f 1050/1106/1123 1051/1107/1124 1036/1091/1109
f 1051/1107/1124 804/804/832 824/826/851
f 830/834/857 1044/1099/1117 1049/1105/1122
f 1044/1099/1117 1046/1101/1119 1050/1106/1123
f 1046/1101/1119 1048/1103/1121 1051/1107/1124
f 1048/1103/1121 819/819/846 804/804/832
f 747/747/783 1052/1108/1125 878/896/914
f 1052/1108/1125 1053/1109/1126 883/902/922
f 1053/1109/1126 1054/1110/1127 881/900/920
f 1054/1110/1127 816/816/843 818/818/845
f 829/832/856 1037/1092/1110 1052/1108/1125
f 1037/1092/1110 1039/1094/1112 1053/1109/1126
f 1039/1094/1112 1041/1096/1114 1054/1110/1127
f 1041/1096/1114 749/749/785 816/816/843
f 736/736/773 757/757/791 1055/1111/1128
f 1004/1059/1077 1055/1111/1128 1056/1112/1129
f 1005/1060/1078 1056/1112/1129 1057/1113/1130
f 1006/1061/1079 1057/1113/1130 811/811/838
f 757/757/791 758/758/792 1058/1114/1131
f 1055/1111/1128 1058/1114/1131 1059/1115/1132
f 1056/1112/1129 1059/1115/1132 1060/1116/1133
f 1057/1113/1130 1060/1116/1133 778/778/810
f 759/759/793 730/730/767 1061/1117/1134
f 1062/1118/1135 1061/1117/1134 1063/1119/1136
f 1064/1120/1137 1063/1119/1136 1065/1121/1138
f 1066/1122/1139 1065/1121/1138 763/763/796
f 730/730/767 729/729/766 1008/1063/1081
f 1061/1117/1134 1008/1063/1081 1010/1065/1083
f 1063/1119/1136 1010/1065/1083 1012/1067/1085
f 1065/1121/1138 1012/1067/1085 754/754/790
f 770/1123/803 1067/1148/1140 886/1124/926
f 1067/1125/1140 1068/1126/1141 895/916/936
f 1068/1126/1141 1069/1127/1142 891/912/932
f 1069/1127/1142 798/798/827 892/913/933
f 766/766/799 1070/1128/1143 1067/1125/1140
f 1070/1128/1143 1071/1129/1144 1068/1126/1141
f 1071/1129/1144 1072/1130/1145 1069/1127/1142
f 1072/1130/1145 795/795/824 798/798/827
f 758/758/792 764/764/797 1073/1131/1146
f 1058/1114/1131 1073/1131/1146 1074/1132/1147
f 1059/1115/1132 1074/1132/1147 1075/1133/1148
f 1060/1116/1133 1075/1133/1148 797/797/826
f 764/764/797 765/765/798 898/919/940
f 1073/1131/1146 898/919/940 893/914/934
f 1074/1132/1147 893/914/934 890/911/931
f 1075/1133/1148 890/911/931 892/913/933
f 766/766/799 760/760/794 1076/1134/1149
f 1070/1128/1143 1076/1134/1149 1077/1135/1150
f 1071/1129/1144 1077/1135/1150 1078/1136/1151
f 1072/1130/1145 1078/1136/1151 796/796/825
f 760/760/794 759/759/793 1062/1118/1135
f 1076/1134/1149 1062/1118/1135 1064/1120/1137
f 1077/1135/1150 1064/1120/1137 1066/1122/1139
f 1078/1136/1151 1066/1122/1139 762/762/795
f 765/765/798 715/715/756 1079/1137/1152
f 885/904/1153 1079/1141/1158 820/821/847
f 715/715/756 860/870/892 862/872/1155
f 1079/1141/1158 855/865/1165 821/822/848
f 696/696/738 695/695/737 1080/1142/1159
f 1080/1144/1162 782/782/812 836/840/863
f 753/753/789 872/895/913 1080/1142/1159
f 872/1145/907 784/784/814 782/782/812
f 1081/1149/1166 1082/1150/1167 1083/1151/1168
f 1084/1152/1169 1085/1153/1170 1086/1154/1171
f 1087/1155/1172 1088/1156/1173 1089/1157/1174
f 1089/1157/1174 1090/1158/1175 1091/1159/1176
f 1092/1160/1177 1093/1161/1178 1094/1162/1179
f 1095/1163/1180 1096/1164/1181 1097/1165/1182
f 1098/1166/1183 1082/1150/1167 1099/1167/1184
f 1100/1168/1185 1101/1169/1186 1102/1170/1187
f 1094/1162/1179 1103/1171/1188 1104/1172/1189
f 1105/1173/1190 1106/1174/1191 1107/1175/1192
f 1108/1176/1193 1109/1177/1194 1110/1178/1195
f 1111/1179/1196 1112/1180/1197 1113/1181/1198
f 1109/1177/1194 1114/1182/1199 1115/1183/1200
f 1116/1184/1201 1117/1185/1202 1106/1174/1191
f 1118/1186/1203 1119/1187/1204 1120/1188/1205
f 1121/1189/1206 1119/1187/1204 1096/1164/1181
f 1122/1190/1207 1123/1191/1208 1124/1192/1209
f 1125/1193/1210 1126/1194/1211 1127/1195/1212
f 1128/1196/1213 1129/1197/1214 1130/1198/1215
f 1086/1154/1171 1131/1199/1216 1132/1200/1217
f 1133/1201/1218 1134/1202/1201 1135/1203/1219
f 1136/1204/1220 1137/1205/1221 1123/1191/1208
f 1138/1206/1222 1139/1207/1223 1140/1208/1224
f 1141/1209/1225 1142/1210/1226 1143/1211/1227
f 1084/1152/1169 1144/1212/1228 1145/1213/1229
f 1105/1173/1190 1146/1214/1230 1147/1215/1231
f 1116/1184/1201 1148/1216/1232 1149/1217/1233
f 1086/1154/1171 1150/1218/1234 1144/1212/1228
f 1151/1219/1235 1152/1220/1236 1153/1221/1237
f 1154/1222/1238 1155/1223/1239 1156/1224/1240
f 1157/1225/1241 1131/1199/1216 1085/1153/1170
f 1157/1225/1241 1129/1197/1214 1158/1226/1242
f 1156/1224/1240 1159/1227/1243 1160/1228/1244
f 1161/1229/1245 1100/1168/1185 1151/1219/1235
f 1162/1230/1201 1163/1231/1246 1164/1232/1247
f 1107/1175/1192 1163/1231/1246 1146/1214/1230
f 1165/1233/1248 1166/1234/1249 1167/1235/1250
f 1168/1236/1251 1144/1212/1228 1128/1196/1213
f 1107/1175/1192 1117/1185/1202 1169/1237/1252
f 1170/1238/1253 1171/1239/1254 1082/1150/1167
f 1172/1240/1255 1089/1157/1174 1173/1241/1256
f 1174/1242/1257 1175/1243/1258 1176/1244/1259
f 1177/1245/1260 1138/1206/1222 1178/1246/1261
f 1162/1230/1201 1148/1216/1232 1134/1202/1201
f 1176/1244/1259 1179/1247/1262 1180/1248/1263
f 1181/1249/1264 1182/1250/1265 1183/1251/1266
f 1141/1209/1225 1184/1252/1267 1185/1253/1268
f 1118/1186/1203 1142/1210/1226 1166/1234/1249
f 1186/1254/1269 1187/1255/1270 1109/1177/1194
f 1121/1189/1206 1184/1252/1267 1188/1256/1271
f 1189/1257/1272 1190/1258/1273 1177/1245/1260
f 1128/1196/1213 1150/1218/1234 1191/1259/1274
f 1173/1241/1256 1091/1159/1176 1192/1260/1275
f 1175/1243/1258 1193/1261/1276 1179/1247/1262
f 1194/1262/1277 1195/1263/1278 1175/1243/1258
f 1127/1195/1212 1196/1264/1279 1197/1265/1280
f 1123/1191/1208 1198/1266/1281 1124/1192/1209
f 1137/1205/1221 1199/1267/1282 1123/1191/1208
f 1200/1268/1283 1201/1269/1284 1155/1223/1239
f 1100/1168/1185 1202/1270/1285 1152/1220/1236
f 1155/1223/1239 1203/1271/1286 1159/1227/1243
f 1204/1272/1287 1106/1174/1191 1205/1273/1288
f 1206/1274/1289 1127/1195/1212 1207/1275/1290
f 1207/1275/1290 1197/1265/1280 1208/1276/1291
f 1082/1150/1167 1209/1277/1292 1083/1151/1168
f 1165/1233/1248 1096/1164/1181 1118/1186/1203
f 1210/1278/1293 1166/1234/1249 1141/1209/1225
f 1211/1279/1294 1212/1280/1295 1213/1281/1296
f 1213/1281/1296 1214/1282/1297 1215/1283/1298
f 1168/1236/1251 1130/1198/1215 1216/1284/1299
f 1217/1285/1300 1130/1198/1215 1157/1225/1241
f 1103/1171/1188 1218/1286/1301 1219/1287/1302
f 1183/1251/1266 1220/1288/1303 1221/1289/1304
f 1133/1201/1218 1146/1214/1230 1162/1230/1201
f 1204/1272/1287 1134/1202/1201 1116/1184/1201
f 1112/1180/1197 1222/1290/1305 1223/1291/1306
f 1224/1292/1307 1225/1293/1308 1111/1179/1196
f 1210/1278/1293 1185/1253/1268 1226/1294/1309
f 1095/1163/1180 1185/1253/1268 1121/1189/1206
f 1214/1282/1297 1227/1295/1310 1228/1296/1311
f 1110/1178/1195 1115/1183/1200 1229/1297/1312
f 1217/1285/1300 1085/1153/1170 1230/1298/1313
f 1231/1299/1314 1183/1251/1266 1232/1300/1315
f 1232/1300/1315 1221/1289/1304 1233/1301/1316
f 1234/1302/1317 1235/1303/1318 1081/1149/1166
f 1234/1302/1317 1236/1304/1319 1237/1305/1320
f 1235/1303/1318 1237/1305/1320 1238/1306/1321
f 1239/1307/1322 1240/1308/1323 1241/1309/1324
f 1242/1310/1325 1243/1311/1326 1239/1307/1327
f 1243/1311/1326 1236/1304/1319 1240/1308/1323
f 1243/1311/1326 1238/1312/1321 1237/1313/1320
f 1244/1314/1328 1238/1315/1321 1245/1316/1329
f 1245/1316/1329 1242/1310/1325 1244/1317/1328
f 1108/1176/1330 1246/1318/1331 1247/1319/1332
f 1246/1318/1331 1248/1320/1333 1247/1321/1332
f 1247/1321/1334 1249/1322/1334 1250/1323/1334
f 1251/1324/1335 1252/1325/1336 1154/1222/1337
f 1251/1324/1338 1249/1322/1339 1247/1326/1340
f 1252/1325/1336 1247/1327/1332 1248/1320/1333
f 1250/1323/1341 1253/1328/1342 1254/1329/1343
f 1098/1166/1183 1255/1330/1344 1256/1331/1345
f 1255/1330/1346 1257/1332/1346 1258/1333/1346
f 1122/1190/1207 1259/1334/1347 1255/1335/1348
f 1259/1334/1349 1256/1336/1349 1255/1337/1349
f 1255/1337/1350 1257/1338/1350 1260/1339/1351
f 1261/1340/1352 1262/1341/1353 1206/1274/1289
f 1261/1340/1354 1263/1342/1355 1264/1343/1355
f 1262/1341/1353 1265/1344/1356 1266/1345/1357
f 1267/1346/1358 1264/1347/1359 1263/1348/1360
f 1268/1349/1361 1265/1344/1362 1264/1350/1363
f 1269/1351/1364 1270/1352/1365 1231/1299/1366
f 1269/1351/1364 1271/1353/1367 1272/1354/1368
f 1270/1352/1369 1273/1355/1370 1274/1356/1371
f 1174/1242/1372 1272/1357/1372 1271/1358/1372
f 1272/1359/1373 1274/1360/1373 1273/1355/1373
f 1275/1361/1374 1276/1362/1374 1274/1363/1374
f 1277/1364/1375 1278/1365/1376 1279/1366/1377
f 1280/1367/1378 1281/1368/1379 1277/1364/1375
f 1278/1365/1376 1281/1369/1379 1282/1370/1380
f 1283/1371/1381 1284/1372/1382 1285/1373/1383
f 1284/1372/1382 1280/1367/1378 1285/1374/1383
f 1286/1375/1384 1287/1376/1385 1153/1221/1237
f 1282/1370/1380 1288/1377/1386 1286/1375/1384
f 1288/1377/1386 1283/1371/1381 1287/1376/1385
f 1288/1377/1386 1281/1369/1379 1289/1378/1387
f 1161/1229/1245 1290/1379/1388 1291/1380/1389
f 1290/1381/1390 1292/1382/1391 1293/1383/1390
f 1291/1380/1392 1290/1384/1392 1294/1385/1392
f 1160/1228/1244 1294/1386/1393 1290/1387/1394
f 1290/1388/1395 1292/1382/1396 1295/1389/1397
f 1296/1390/1398 1297/1391/1399 1298/1392/1400
f 1296/1390/1398 1299/1393/1401 1300/1394/1402
f 1300/1394/1402 1301/1395/1403 1297/1391/1399
f 1300/1394/1402 1302/1396/1404 1303/1397/1405
f 1304/1398/1406 1305/1399/1407 1306/1400/1408
f 1304/1401/1406 1306/1400/1408 1299/1402/1401
f 1305/1399/1407 1299/1393/1401 1306/1400/1408
f 1307/1403/1409 1308/1404/1410 1172/1240/1255
f 1307/1403/1409 1301/1395/1403 1303/1405/1405
f 1308/1404/1410 1303/1405/1405 1305/1406/1407
f 1303/1397/1405 1302/1396/1404 1305/1399/1407
f 1309/1407/1411 1310/1408/1412 1311/1409/1413
f 1309/1407/1411 1312/1410/1414 1313/1411/1415
f 1310/1408/1412 1313/1412/1415 1314/1413/1416
f 1313/1411/1417 1312/1410/1418 1315/1414/1417
f 1180/1248/1263 1316/1415/1419 1313/1416/1420
f 1316/1415/1421 1314/1413/1422 1313/1417/1422
f 1313/1417/1423 1312/1418/1424 1317/1419/1425
f 1318/1420/1426 1319/1421/1427 1169/1237/1252
f 1320/1422/1428 1321/1423/1429 1318/1420/1426
f 1321/1423/1429 1322/1424/1430 1319/1421/1427
f 1321/1423/1429 1323/1425/1431 1324/1426/1432
f 1140/1208/1224 1325/1427/1433 1326/1428/1434
f 1327/1429/1435 1328/1430/1436 1325/1427/1433
f 1326/1428/1434 1323/1431/1437 1320/1432/1438
f 1325/1433/1439 1324/1434/1440 1323/1425/1441
f 1329/1435/1442 1330/1436/1443 1188/1256/1271
f 1322/1424/1430 1331/1437/1444 1329/1435/1442
f 1331/1437/1444 1332/1438/1445 1330/1436/1443
f 1331/1437/1444 1324/1434/1446 1328/1439/1447
f 1333/1440/1448 1334/1441/1449 1132/1200/1217
f 1335/1442/1450 1336/1443/1451 1333/1440/1448
f 1336/1443/1451 1337/1444/1452 1334/1441/1449
f 1336/1443/1451 1338/1445/1453 1339/1446/1454
f 1178/1246/1261 1340/1447/1455 1341/1448/1456
f 1342/1449/1457 1343/1450/1458 1340/1447/1455
f 1341/1448/1456 1338/1451/1459 1335/1452/1460
f 1340/1453/1455 1339/1454/1461 1338/1445/1459
f 1344/1455/1462 1345/1456/1463 1149/1217/1233
f 1337/1444/1452 1346/1457/1464 1344/1455/1462
f 1346/1457/1464 1347/1458/1465 1345/1456/1463
f 1346/1457/1464 1339/1454/1454 1343/1459/1466
f 1348/1460/1467 1349/1461/1468 1164/1232/1247
f 1350/1462/1469 1351/1463/1470 1348/1460/1467
f 1351/1463/1470 1352/1464/1471 1349/1461/1468
f 1351/1463/1470 1353/1465/1472 1354/1466/1473
f 1143/1211/1227 1355/1467/1474 1356/1468/1475
f 1357/1469/1476 1355/1467/1474 1358/1470/1477
f 1355/1467/1474 1350/1462/1469 1356/1468/1475
f 1355/1467/1474 1353/1465/1472 1359/1471/1478
f 1360/1472/1479 1361/1473/1480 1191/1259/1274
f 1352/1464/1471 1362/1474/1481 1360/1472/1479
f 1362/1474/1481 1357/1469/1476 1361/1473/1480
f 1362/1474/1481 1353/1465/1472 1363/1475/1482
f 1364/1476/1483 1365/1477/1484 1120/1188/1205
f 1366/1478/1485 1367/1479/1486 1364/1476/1483
f 1367/1479/1486 1368/1480/1487 1365/1477/1484
f 1369/1481/1488 1370/1482/1489 1367/1479/1486
f 1189/1257/1272 1371/1483/1490 1372/1484/1491
f 1373/1485/1492 1374/1486/1493 1371/1483/1490
f 1372/1484/1491 1369/1487/1494 1366/1488/1495
f 1371/1489/1490 1375/1490/1496 1369/1481/1494
f 1376/1491/1497 1377/1492/1498 1158/1226/1242
f 1368/1480/1487 1378/1493/1499 1376/1491/1497
f 1378/1493/1499 1379/1494/1500 1377/1492/1498
f 1370/1482/1501 1374/1495/1502 1378/1493/1499
f 1380/1496/1503 1381/1497/1504 1382/1498/1505
f 1383/1499/1506 1384/1500/1507 1381/1497/1506
f 1382/1498/1505 1385/1501/1508 1386/1502/1509
f 1381/1503/1504 1387/1504/1510 1385/1501/1508
f 1198/1266/1281 1388/1505/1511 1389/1506/1512
f 1390/1507/1513 1385/1508/1514 1388/1505/1515
f 1388/1505/1515 1384/1500/1516 1389/1506/1517
f 1388/1505/1515 1387/1504/1518 1381/1503/1519
f 1391/1509/1520 1392/1510/1521 1223/1511/1306
f 1386/1502/1509 1393/1512/1522 1391/1509/1520
f 1393/1512/1523 1394/1513/1524 1392/1510/1521
f 1395/1514/1525 1396/1515/1526 1209/1277/1292
f 1397/1516/1527 1398/1517/1528 1395/1514/1525
f 1398/1517/1528 1399/1518/1529 1396/1515/1526
f 1398/1517/1528 1400/1519/1530 1401/1520/1531
f 1402/1521/1532 1403/1522/1533 1224/1523/1307
f 1404/1524/1534 1405/1525/1535 1402/1521/1532
f 1405/1525/1535 1397/1516/1527 1403/1522/1533
f 1405/1525/1535 1406/1526/1536 1400/1527/1530
f 1407/1528/1537 1408/1529/1538 1196/1264/1279
f 1399/1518/1529 1409/1530/1539 1407/1528/1537
f 1409/1530/1539 1404/1524/1534 1408/1529/1538
f 1401/1520/1531 1406/1526/1536 1409/1530/1539
f 1208/1276/1291 1410/1531/1540 1411/1532/1541
f 1412/1533/1542 1413/1534/1543 1410/1531/1544
f 1411/1532/1545 1410/1535/1546 1414/1536/1546
f 1410/1531/1547 1413/1534/1547 1415/1537/1547
f 1416/1538/1548 1417/1539/1549 1113/1540/1198
f 1418/1541/1550 1419/1542/1551 1416/1538/1548
f 1419/1542/1552 1420/1543/1553 1417/1539/1549
f 1421/1544/1554 1422/1545/1555 1423/1546/1556
f 1414/1536/1557 1422/1545/1558 1424/1547/1559
f 1423/1546/1556 1413/1548/1560 1418/1541/1550
f 1422/1545/1558 1415/1537/1561 1413/1548/1562
f 1425/1549/1563 1426/1550/1564 1114/1182/1199
f 1427/1551/1565 1428/1552/1566 1425/1549/1563
f 1428/1552/1566 1429/1553/1567 1426/1550/1564
f 1428/1552/1566 1430/1554/1568 1431/1555/1569
f 1432/1556/1570 1433/1557/1571 1202/1270/1285
f 1434/1558/1572 1435/1559/1573 1432/1556/1570
f 1435/1559/1573 1427/1551/1565 1433/1557/1571
f 1436/1560/1574 1430/1554/1568 1435/1559/1573
f 1437/1561/1575 1438/1562/1576 1211/1563/1294
f 1429/1553/1567 1439/1564/1577 1437/1561/1575
f 1439/1564/1577 1434/1558/1572 1438/1562/1576
f 1439/1564/1577 1431/1565/1569 1436/1560/1574
f 1229/1297/1312 1440/1566/1578 1441/1567/1579
f 1442/1568/1580 1443/1569/1581 1440/1566/1578
f 1441/1567/1579 1444/1570/1582 1445/1571/1583
f 1440/1566/1578 1446/1572/1584 1444/1570/1582
f 1447/1573/1585 1448/1574/1586 1215/1575/1298
f 1449/1576/1587 1450/1577/1588 1447/1573/1585
f 1450/1577/1588 1451/1578/1589 1448/1574/1586
f 1452/1579/1590 1443/1569/1581 1450/1577/1588
f 1453/1580/1591 1454/1581/1592 1455/1582/1593
f 1456/1583/1594 1444/1570/1595 1454/1581/1592
f 1455/1582/1593 1452/1579/1596 1449/1576/1587
f 1454/1581/1592 1446/1572/1597 1452/1579/1596
f 1101/1169/1186 1457/1584/1598 1458/1585/1599
f 1459/1586/1600 1460/1587/1601 1457/1584/1598
f 1458/1585/1599 1461/1588/1602 1462/1589/1603
f 1457/1584/1598 1463/1590/1604 1461/1588/1602
f 1203/1271/1286 1464/1591/1605 1465/1592/1606
f 1466/1593/1607 1467/1594/1608 1464/1591/1605
f 1465/1592/1606 1464/1591/1605 1460/1587/1609
f 1464/1591/1605 1463/1590/1604 1460/1587/1609
f 1468/1595/1610 1469/1596/1611 1228/1597/1311
f 1462/1589/1603 1470/1598/1612 1468/1595/1610
f 1470/1598/1612 1471/1599/1613 1469/1596/1611
f 1461/1588/1602 1467/1594/1608 1470/1598/1612
f 1233/1301/1316 1472/1600/1614 1473/1601/1615
f 1474/1602/1616 1475/1603/1617 1472/1600/1614
f 1473/1601/1615 1472/1600/1614 1476/1604/1618
f 1472/1600/1614 1477/1605/1619 1476/1604/1618
f 1478/1606/1620 1479/1607/1621 1104/1608/1189
f 1480/1609/1622 1481/1610/1623 1478/1606/1620
f 1481/1610/1623 1482/1611/1624 1479/1607/1621
f 1483/1612/1625 1475/1603/1617 1481/1610/1623
f 1484/1613/1626 1485/1614/1627 1486/1615/1628
f 1473/1616/1629 1476/1604/1630 1485/1614/1627
f 1486/1615/1628 1483/1612/1631 1480/1609/1622
f 1485/1614/1627 1477/1605/1632 1483/1612/1631
f 1487/1617/1633 1488/1618/1634 1220/1288/1303
f 1489/1619/1635 1490/1620/1636 1487/1617/1633
f 1490/1620/1636 1491/1621/1637 1488/1618/1634
f 1490/1620/1636 1492/1622/1638 1493/1623/1639
f 1494/1624/1640 1495/1625/1641 1192/1260/1275
f 1496/1626/1642 1497/1627/1643 1494/1624/1640
f 1497/1627/1643 1489/1619/1635 1495/1625/1641
f 1498/1628/1644 1492/1622/1638 1497/1627/1643
f 1499/1629/1645 1500/1630/1646 1092/1631/1177
f 1491/1621/1637 1501/1632/1647 1499/1629/1645
f 1501/1632/1647 1496/1626/1642 1500/1630/1646
f 1501/1632/1647 1493/1633/1639 1498/1628/1644
f 1090/1158/1175 1502/1634/1648 1503/1635/1649
f 1504/1636/1650 1505/1637/1651 1502/1634/1648
f 1503/1635/1649 1506/1638/1652 1507/1639/1653
f 1502/1634/1648 1508/1640/1654 1506/1638/1652
f 1193/1261/1276 1509/1641/1655 1510/1642/1656
f 1511/1643/1657 1512/1644/1658 1509/1641/1655
f 1510/1642/1656 1505/1637/1659 1513/1645/1660
f 1509/1641/1655 1508/1640/1654 1505/1637/1659
f 1514/1646/1661 1515/1647/1662 1219/1648/1302
f 1507/1639/1653 1516/1649/1663 1514/1646/1661
f 1516/1649/1663 1517/1650/1664 1515/1647/1662
f 1506/1638/1652 1512/1644/1658 1516/1649/1663
f 1149/1217/1233 1518/1651/1665 1344/1455/1462
f 1344/1455/1462 1519/1652/1666 1337/1444/1452
f 1519/1652/1666 1334/1441/1449 1337/1444/1452
f 1520/1653/1667 1132/1200/1217 1334/1441/1449
f 1148/1216/1232 1349/1461/1468 1518/1651/1665
f 1518/1651/1665 1352/1464/1471 1519/1652/1666
f 1352/1464/1471 1520/1653/1667 1519/1652/1666
f 1360/1472/1479 1150/1218/1234 1520/1653/1667
f 1142/1210/1226 1358/1470/1477 1143/1211/1227
f 1521/1654/1668 1357/1469/1476 1358/1470/1477
f 1357/1469/1476 1522/1655/1669 1361/1473/1480
f 1361/1473/1480 1129/1197/1214 1191/1259/1274
f 1120/1188/1205 1521/1654/1668 1142/1210/1226
f 1365/1477/1484 1523/1656/1670 1521/1654/1668
f 1523/1656/1670 1376/1491/1497 1522/1655/1669
f 1522/1655/1669 1158/1226/1242 1129/1197/1214
f 1177/1245/1260 1373/1485/1492 1189/1257/1272
f 1524/1657/1671 1379/1658/1672 1373/1485/1492
f 1379/1494/1500 1525/1659/1673 1377/1492/1498
f 1525/1659/1673 1158/1226/1242 1377/1492/1498
f 1177/1245/1260 1341/1448/1456 1524/1657/1671
f 1524/1657/1671 1335/1452/1460 1525/1660/1674
f 1525/1661/1673 1335/1442/1450 1333/1440/1448
f 1525/1659/1673 1132/1200/1217 1131/1199/1216
f 1188/1256/1271 1526/1662/1675 1329/1435/1442
f 1329/1435/1442 1527/1663/1676 1322/1424/1430
f 1527/1663/1676 1319/1421/1427 1322/1424/1430
f 1528/1664/1677 1169/1237/1252 1319/1421/1427
f 1184/1252/1267 1356/1468/1475 1526/1662/1675
f 1526/1662/1675 1350/1462/1469 1527/1663/1676
f 1350/1462/1469 1528/1664/1677 1527/1663/1676
f 1348/1460/1467 1163/1231/1246 1528/1664/1677
f 1138/1206/1222 1342/1449/1457 1178/1246/1261
f 1529/1665/1678 1347/1666/1679 1342/1449/1457
f 1347/1458/1465 1530/1667/1680 1345/1456/1463
f 1530/1667/1680 1149/1217/1233 1345/1456/1463
f 1138/1206/1222 1326/1428/1434 1529/1665/1678
f 1529/1665/1678 1320/1432/1438 1530/1668/1681
f 1530/1669/1680 1320/1422/1428 1318/1420/1426
f 1530/1667/1680 1169/1237/1252 1117/1185/1202
f 1139/1207/1223 1327/1429/1435 1140/1208/1224
f 1531/1670/1682 1332/1671/1683 1327/1429/1435
f 1532/1672/1684 1330/1436/1443 1332/1438/1445
f 1533/1673/1685 1188/1256/1271 1330/1436/1443
f 1139/1207/1223 1372/1484/1491 1531/1670/1682
f 1531/1670/1682 1366/1488/1495 1532/1674/1686
f 1532/1672/1684 1364/1476/1483 1533/1673/1684
f 1533/1673/1685 1120/1188/1205 1119/1187/1204
f 1098/1166/1183 1534/1675/1687 1255/1676/1344
f 1255/1676/1344 1535/1677/1688 1257/1678/1689
f 1257/1678/1689 1536/1679/1690 1537/1680/1691
f 1537/1680/1691 1135/1203/1219 1204/1272/1287
f 1081/1149/1166 1534/1675/1687 1099/1167/1184
f 1235/1303/1318 1535/1677/1688 1534/1675/1687
f 1238/1306/1692 1536/1679/1690 1535/1677/1688
f 1244/1314/1693 1135/1203/1219 1536/1679/1690
f 1147/1215/1231 1538/1681/1694 1105/1173/1190
f 1539/1682/1695 1266/1345/1696 1538/1681/1694
f 1540/1683/1697 1262/1341/1353 1266/1345/1698
f 1541/1684/1699 1206/1274/1289 1262/1341/1353
f 1147/1215/1231 1244/1317/1693 1539/1682/1695
f 1539/1682/1695 1242/1310/1700 1540/1683/1697
f 1540/1683/1697 1239/1307/1322 1541/1684/1699
f 1541/1684/1699 1241/1309/1324 1125/1193/1210
f 1205/1273/1288 1537/1685/1691 1204/1272/1287
f 1542/1686/1701 1260/1339/1702 1537/1685/1691
f 1543/1687/1703 1255/1335/1704 1260/1339/1702
f 1544/1688/1705 1122/1190/1207 1255/1335/1348
f 1205/1273/1288 1538/1689/1694 1542/1686/1701
f 1542/1686/1701 1268/1349/1706 1543/1687/1703
f 1543/1687/1703 1264/1350/1359 1544/1688/1705
f 1544/1688/1705 1267/1346/1358 1136/1204/1220
f 1279/1366/1377 1545/1690/1707 1277/1364/1375
f 1277/1364/1375 1546/1691/1708 1280/1367/1378
f 1280/1367/1378 1547/1692/1709 1285/1374/1383
f 1285/1374/1383 1167/1235/1250 1210/1278/1293
f 1108/1176/1193 1545/1690/1707 1186/1254/1269
f 1247/1319/1710 1546/1691/1708 1545/1690/1707
f 1250/1323/1711 1547/1692/1709 1546/1691/1708
f 1254/1329/1712 1167/1235/1250 1547/1692/1709
f 1161/1229/1245 1548/1693/1713 1290/1381/1388
f 1290/1381/1714 1549/1694/1715 1292/1695/1716
f 1292/1695/1716 1550/1696/1717 1551/1697/1718
f 1551/1697/1718 1226/1294/1309 1095/1163/1180
f 1153/1221/1237 1548/1693/1713 1151/1219/1235
f 1287/1376/1385 1549/1694/1715 1548/1693/1713
f 1283/1371/1381 1550/1696/1717 1549/1694/1715
f 1285/1373/1383 1226/1294/1309 1550/1696/1717
f 1097/1165/1182 1551/1698/1718 1095/1163/1180
f 1552/1699/1719 1295/1389/1720 1551/1698/1718
f 1553/1700/1721 1290/1387/1722 1295/1389/1720
f 1554/1701/1723 1160/1228/1244 1290/1387/1394
f 1097/1165/1182 1254/1702/1712 1552/1699/1719
f 1552/1699/1719 1250/1703/1724 1553/1700/1721
f 1553/1700/1721 1251/1324/1725 1554/1701/1723
f 1554/1701/1723 1154/1222/1238 1156/1224/1240
f 1145/1213/1229 1275/1704/1726 1084/1152/1169
f 1555/1705/1727 1274/1356/1728 1275/1704/1726
f 1556/1706/1729 1270/1352/1730 1274/1356/1728
f 1557/1707/1731 1231/1299/1314 1270/1352/1730
f 1145/1213/1229 1304/1401/1732 1555/1705/1727
f 1555/1705/1727 1299/1402/1401 1556/1706/1729
f 1556/1706/1729 1296/1390/1398 1557/1707/1731
f 1557/1707/1731 1298/1392/1400 1181/1249/1264
f 1216/1284/1299 1304/1398/1732 1168/1236/1251
f 1558/1708/1733 1305/1406/1407 1304/1398/1732
f 1559/1709/1734 1308/1404/1410 1305/1406/1407
f 1560/1710/1735 1172/1240/1255 1308/1404/1410
f 1216/1284/1299 1561/1711/1736 1558/1708/1733
f 1559/1709/1734 1309/1407/1411 1560/1710/1735
f 1560/1710/1735 1311/1409/1413 1087/1155/1172
f 1230/1298/1313 1561/1712/1736 1217/1285/1300
f 1562/1713/1737 1317/1419/1738 1561/1712/1736
f 1563/1714/1739 1313/1416/1420 1317/1419/1740
f 1564/1715/1741 1180/1248/1263 1313/1416/1420
f 1230/1298/1313 1275/1361/1726 1562/1713/1737
f 1562/1713/1737 1274/1363/1742 1563/1714/1743
f 1563/1714/1739 1272/1359/1744 1564/1715/1741
f 1564/1715/1741 1174/1242/1257 1176/1244/1259
f 1223/1511/1306 1565/1716/1745 1391/1509/1520
f 1391/1509/1520 1566/1717/1746 1386/1502/1509
f 1386/1502/1509 1567/1718/1747 1382/1498/1505
f 1382/1498/1505 1171/1239/1254 1380/1496/1503
f 1222/1719/1305 1403/1522/1533 1565/1716/1745
f 1565/1716/1745 1397/1516/1527 1566/1717/1746
f 1566/1717/1746 1395/1514/1525 1567/1718/1747
f 1567/1718/1747 1209/1277/1292 1171/1239/1254
f 1197/1265/1280 1412/1533/1542 1208/1276/1291
f 1568/1720/1748 1420/1543/1553 1412/1533/1542
f 1569/1721/1749 1417/1539/1549 1420/1543/1553
f 1570/1722/1750 1113/1540/1198 1417/1539/1549
f 1196/1264/1279 1568/1720/1748 1197/1265/1280
f 1408/1529/1538 1569/1721/1749 1568/1720/1748
f 1404/1524/1534 1570/1722/1750 1569/1721/1749
f 1402/1521/1532 1111/1723/1196 1570/1722/1750
f 1199/1267/1282 1390/1507/1513 1198/1266/1281
f 1571/1724/1751 1394/1513/1524 1390/1507/1513
f 1572/1725/1752 1392/1510/1521 1394/1513/1524
f 1573/1726/1753 1223/1511/1306 1392/1510/1521
f 1199/1267/1282 1423/1546/1556 1571/1724/1751
f 1571/1724/1751 1418/1541/1550 1572/1725/1752
f 1572/1725/1752 1416/1538/1548 1573/1726/1753
f 1573/1726/1753 1113/1540/1198 1112/1727/1197
f 1213/1728/1296 1437/1561/1575 1211/1563/1294
f 1574/1729/1754 1429/1553/1567 1437/1561/1575
f 1575/1730/1755 1426/1550/1564 1429/1553/1567
f 1426/1550/1564 1115/1183/1200 1114/1182/1199
f 1215/1575/1298 1574/1729/1754 1213/1728/1296
f 1448/1574/1586 1575/1730/1755 1574/1729/1754
f 1451/1578/1589 1576/1731/1756 1575/1730/1755
f 1442/1568/1580 1115/1183/1200 1576/1731/1756
f 1228/1597/1311 1577/1732/1757 1468/1595/1610
f 1468/1595/1610 1578/1733/1758 1462/1589/1603
f 1462/1589/1603 1579/1734/1759 1458/1585/1599
f 1458/1585/1599 1102/1170/1187 1101/1169/1186
f 1227/1735/1310 1438/1562/1576 1577/1732/1757
f 1577/1732/1757 1434/1558/1572 1578/1733/1758
f 1578/1733/1758 1432/1556/1570 1579/1734/1759
f 1579/1734/1759 1202/1270/1285 1102/1170/1187
f 1201/1269/1284 1466/1593/1607 1203/1271/1286
f 1580/1736/1760 1471/1599/1613 1466/1593/1607
f 1581/1737/1761 1469/1596/1611 1471/1599/1613
f 1582/1738/1762 1228/1597/1311 1469/1596/1611
f 1201/1269/1284 1455/1582/1593 1580/1736/1760
f 1580/1736/1760 1449/1576/1587 1581/1737/1761
f 1581/1737/1761 1447/1573/1585 1582/1738/1762
f 1582/1738/1762 1215/1575/1298 1214/1739/1297
f 1221/1289/1304 1474/1602/1616 1233/1301/1316
f 1583/1740/1763 1482/1611/1624 1474/1602/1616
f 1584/1741/1764 1479/1607/1621 1482/1611/1624
f 1585/1742/1765 1104/1608/1189 1479/1607/1621
f 1220/1288/1303 1583/1740/1763 1221/1289/1304
f 1488/1618/1634 1584/1741/1764 1583/1740/1763
f 1491/1621/1637 1585/1742/1765 1584/1741/1764
f 1499/1629/1645 1094/1743/1179 1585/1742/1765
f 1192/1260/1275 1586/1744/1766 1494/1624/1640
f 1494/1624/1640 1587/1745/1767 1496/1626/1642
f 1496/1626/1642 1588/1746/1768 1500/1630/1646
f 1500/1630/1646 1218/1747/1301 1092/1631/1177
f 1091/1159/1176 1503/1635/1649 1586/1744/1766
f 1586/1744/1766 1507/1639/1653 1587/1745/1767
f 1587/1745/1767 1514/1646/1661 1588/1746/1768
f 1588/1746/1768 1219/1648/1302 1218/1747/1301
f 1195/1263/1278 1511/1643/1657 1193/1261/1276
f 1589/1748/1769 1517/1650/1664 1511/1643/1657
f 1590/1749/1770 1515/1647/1662 1517/1650/1664
f 1591/1750/1771 1219/1648/1302 1515/1647/1662
f 1195/1263/1278 1486/1615/1628 1589/1748/1769
f 1589/1748/1769 1480/1609/1622 1590/1749/1770
f 1590/1749/1770 1478/1606/1620 1591/1750/1771
f 1591/1750/1771 1104/1608/1189 1103/1751/1188
f 1081/1149/1166 1592/1752/1772 1234/1302/1317
f 1234/1302/1317 1593/1753/1773 1236/1304/1774
f 1236/1304/1774 1594/1754/1775 1240/1308/1323
f 1240/1308/1323 1126/1194/1211 1241/1309/1324
f 1083/1151/1168 1396/1515/1526 1592/1752/1772
f 1396/1515/1526 1593/1753/1773 1592/1752/1772
f 1593/1753/1773 1407/1528/1537 1594/1754/1775
f 1407/1528/1537 1126/1194/1211 1594/1754/1775
f 1421/1544/1554 1595/1755/1776 1424/1547/1777
f 1424/1547/1777 1595/1756/1776 1414/1536/1778
f 1414/1536/1779 1596/1757/1780 1411/1532/1781
f 1596/1757/1782 1208/1276/1291 1411/1532/1541
f 1137/1205/1221 1263/1348/1360 1595/1755/1776
f 1263/1342/1783 1596/1757/1780 1595/1756/1784
f 1261/1340/1785 1207/1275/1290 1596/1757/1782
f 1110/1178/1195 1246/1318/1786 1108/1176/1193
f 1597/1758/1787 1248/1320/1788 1246/1318/1788
f 1248/1320/1789 1598/1759/1790 1252/1325/1791
f 1252/1325/1791 1200/1268/1283 1154/1222/1238
f 1229/1297/1312 1597/1758/1792 1110/1178/1195
f 1441/1567/1579 1598/1760/1793 1597/1758/1787
f 1598/1760/1790 1445/1571/1794 1456/1583/1594
f 1456/1583/1594 1200/1268/1283 1598/1759/1790
f 1599/1761/1795 1459/1586/1796 1101/1169/1186
f 1459/1586/1600 1600/1762/1797 1465/1763/1798
f 1465/1592/1606 1159/1227/1243 1203/1271/1286
f 1599/1761/1795 1291/1380/1389 1600/1764/1799
f 1600/1764/1800 1291/1380/1800 1294/1385/1800
f 1294/1386/1393 1159/1227/1243 1600/1765/1801
f 1172/1240/1255 1601/1766/1802 1307/1403/1409
f 1307/1403/1409 1602/1767/1803 1301/1395/1804
f 1301/1395/1804 1603/1768/1805 1297/1391/1399
f 1297/1391/1399 1182/1250/1265 1298/1392/1400
f 1173/1241/1256 1495/1625/1641 1601/1766/1802
f 1601/1766/1802 1489/1619/1635 1602/1767/1803
f 1602/1767/1803 1487/1617/1633 1603/1768/1805
f 1603/1768/1805 1220/1288/1303 1182/1250/1265
f 1194/1262/1277 1473/1769/1629 1484/1613/1626
f 1604/1770/1806 1233/1301/1316 1473/1601/1615
f 1194/1262/1277 1271/1358/1807 1604/1771/1808
f 1604/1772/1809 1271/1353/1809 1269/1351/1809
f 1269/1351/1810 1232/1300/1315 1604/1770/1806
f 1380/1496/1503 1605/1773/1811 1383/1499/1812
f 1383/1499/1812 1605/1774/1811 1384/1500/1813
f 1384/1500/1814 1606/1775/1815 1389/1506/1816
f 1606/1775/1817 1198/1266/1281 1389/1506/1512
f 1170/1238/1253 1256/1331/1345 1605/1773/1811
f 1605/1774/1818 1259/1334/1819 1606/1775/1815
f 1259/1334/1347 1124/1192/1209 1606/1775/1817
f 1153/1221/1237 1607/1776/1820 1286/1375/1384
f 1286/1375/1384 1608/1777/1821 1282/1370/1822
f 1282/1370/1822 1609/1778/1823 1278/1365/1376
f 1278/1365/1376 1187/1255/1270 1279/1366/1377
f 1152/1220/1236 1433/1557/1571 1607/1776/1820
f 1607/1776/1820 1427/1551/1565 1608/1777/1821
f 1608/1777/1821 1425/1549/1563 1609/1778/1823
f 1609/1778/1823 1114/1182/1199 1187/1255/1270
f 1180/1248/1263 1610/1779/1824 1316/1415/1419
f 1316/1415/1825 1611/1780/1826 1314/1413/1827
f 1314/1413/1416 1611/1781/1828 1310/1408/1412
f 1310/1408/1412 1088/1156/1173 1311/1409/1413
f 1179/1247/1262 1510/1642/1656 1610/1779/1824
f 1610/1779/1829 1513/1645/1660 1611/1780/1826
f 1611/1780/1830 1513/1645/1831 1504/1636/1650
f 1611/1781/1832 1090/1158/1175 1088/1156/1173
f 1551/1697/1833 1295/1782/1397 1292/1695/1396
f 1537/1680/1834 1260/1783/1834 1257/1678/1835
f 1538/1681/1836 1266/1345/1837 1268/1784/1361
f 1561/1712/1838 1317/1785/1838 1612/1786/1838
f 1084/1152/1169 1230/1298/1313 1085/1153/1170
f 1087/1155/1172 1311/1409/1413 1088/1156/1173
f 1089/1157/1174 1088/1156/1173 1090/1158/1175
f 1092/1160/1177 1218/1286/1301 1093/1161/1178
f 1094/1162/1179 1093/1161/1178 1103/1171/1188
f 1128/1196/1213 1191/1259/1274 1129/1197/1214
f 1086/1154/1171 1085/1153/1170 1131/1199/1216
f 1084/1152/1169 1086/1154/1171 1144/1212/1228
f 1086/1154/1171 1132/1200/1217 1150/1218/1234
f 1157/1225/1241 1158/1226/1242 1131/1199/1216
f 1157/1225/1241 1130/1198/1215 1129/1197/1214
f 1168/1236/1251 1145/1213/1229 1144/1212/1228
f 1172/1240/1255 1087/1155/1172 1089/1157/1174
f 1174/1242/1257 1194/1262/1277 1175/1243/1258
f 1177/1245/1260 1190/1258/1273 1138/1206/1222
f 1176/1244/1259 1175/1243/1258 1179/1247/1262
f 1181/1249/1264 1298/1392/1400 1182/1250/1265
f 1118/1186/1203 1120/1188/1205 1142/1210/1226
f 1189/1257/1272 1139/1207/1223 1190/1258/1273
f 1128/1196/1213 1144/1212/1228 1150/1218/1234
f 1173/1241/1256 1089/1157/1174 1091/1159/1176
f 1168/1236/1251 1128/1196/1213 1130/1198/1215
f 1217/1285/1300 1216/1284/1299 1130/1198/1215
f 1103/1171/1188 1093/1161/1178 1218/1286/1301
f 1183/1251/1266 1182/1250/1265 1220/1288/1303
f 1217/1285/1300 1157/1225/1241 1085/1153/1170
f 1231/1299/1314 1181/1249/1264 1183/1251/1266
f 1232/1300/1315 1183/1251/1266 1221/1289/1304
f 1519/1652/1666 1520/1653/1667 1334/1441/1449
f 1520/1653/1667 1150/1218/1234 1132/1200/1217
f 1352/1464/1471 1360/1472/1479 1520/1653/1667
f 1360/1472/1479 1191/1259/1274 1150/1218/1234
f 1357/1469/1476 1523/1656/1670 1522/1655/1669
f 1361/1473/1480 1522/1655/1669 1129/1197/1214
f 1524/1657/1671 1525/1660/1674 1379/1658/1672
f 1525/1659/1673 1131/1199/1216 1158/1226/1242
f 1177/1245/1260 1178/1246/1261 1341/1448/1456
f 1524/1657/1671 1341/1448/1456 1335/1452/1460
f 1525/1659/1673 1333/1440/1448 1132/1200/1217
f 1556/1706/1729 1557/1707/1731 1270/1352/1730
f 1145/1213/1229 1168/1236/1251 1304/1401/1732
f 1557/1707/1731 1296/1390/1398 1298/1392/1400
f 1216/1284/1299 1558/1708/1733 1304/1398/1732
f 1558/1708/1733 1559/1709/1734 1305/1406/1407
f 1559/1709/1734 1558/1708/1733 1317/1785/1839
f 1558/1708/1733 1561/1711/1736 1317/1785/1839
f 1559/1709/1734 1317/1785/1839 1309/1407/1411
f 1564/1715/1741 1176/1244/1259 1180/1248/1263
f 1564/1715/1741 1272/1359/1744 1174/1242/1257
f 1585/1742/1765 1094/1743/1179 1104/1608/1189
f 1220/1288/1303 1488/1618/1634 1583/1740/1763
f 1488/1618/1634 1491/1621/1637 1584/1741/1764
f 1491/1621/1637 1499/1629/1645 1585/1742/1765
f 1499/1629/1645 1092/1631/1177 1094/1743/1179
f 1496/1626/1642 1587/1745/1767 1588/1746/1768
f 1500/1630/1646 1588/1746/1768 1218/1747/1301
f 1588/1746/1768 1514/1646/1661 1219/1648/1302
f 1081/1149/1166 1099/1167/1184 1082/1150/1167
f 1095/1163/1180 1121/1189/1206 1096/1164/1181
f 1098/1166/1183 1170/1238/1253 1082/1150/1167
f 1100/1168/1185 1599/1761/1795 1101/1169/1186
f 1105/1173/1190 1205/1273/1288 1106/1174/1191
f 1108/1176/1193 1186/1254/1269 1109/1177/1194
f 1111/1179/1196 1225/1293/1308 1112/1180/1197
f 1109/1177/1194 1187/1255/1270 1114/1182/1199
f 1116/1184/1201 1149/1217/1233 1117/1185/1202
f 1118/1186/1203 1096/1164/1181 1119/1187/1204
f 1121/1189/1206 1188/1256/1271 1119/1187/1204
f 1122/1190/1207 1136/1204/1220 1123/1191/1208
f 1125/1193/1210 1241/1309/1324 1126/1194/1211
f 1133/1201/1218 1162/1230/1201 1134/1202/1201
f 1136/1204/1220 1267/1346/1358 1137/1205/1221
f 1138/1206/1222 1190/1258/1273 1139/1207/1223
f 1141/1209/1225 1166/1234/1249 1142/1210/1226
f 1105/1173/1190 1107/1175/1192 1146/1214/1230
f 1116/1184/1201 1134/1202/1201 1148/1216/1232
f 1151/1219/1235 1100/1168/1185 1152/1220/1236
f 1154/1222/1238 1200/1268/1283 1155/1223/1239
f 1156/1224/1240 1155/1223/1239 1159/1227/1243
f 1161/1229/1245 1599/1761/1795 1100/1168/1185
f 1162/1230/1201 1146/1214/1230 1163/1231/1246
f 1107/1175/1192 1169/1237/1252 1163/1231/1246
f 1165/1233/1248 1118/1186/1203 1166/1234/1249
f 1107/1175/1192 1106/1174/1191 1117/1185/1202
f 1170/1238/1253 1380/1496/1503 1171/1239/1254
f 1162/1230/1201 1164/1232/1247 1148/1216/1232
f 1141/1209/1225 1143/1211/1227 1184/1252/1267
f 1186/1254/1269 1279/1366/1377 1187/1255/1270
f 1121/1189/1206 1185/1253/1268 1184/1252/1267
f 1175/1243/1258 1195/1263/1278 1193/1261/1276
f 1194/1262/1277 1484/1613/1626 1195/1263/1278
f 1127/1195/1212 1126/1194/1211 1196/1264/1279
f 1123/1191/1208 1199/1267/1282 1198/1266/1281
f 1137/1205/1221 1421/1544/1554 1199/1267/1282
f 1200/1268/1283 1453/1580/1591 1201/1269/1284
f 1100/1168/1185 1102/1170/1187 1202/1270/1285
f 1155/1223/1239 1201/1269/1284 1203/1271/1286
f 1204/1272/1287 1116/1184/1201 1106/1174/1191
f 1206/1274/1289 1125/1193/1210 1127/1195/1212
f 1207/1275/1290 1127/1195/1212 1197/1265/1280
f 1082/1150/1167 1171/1239/1254 1209/1277/1292
f 1165/1233/1248 1097/1165/1182 1096/1164/1181
f 1210/1278/1293 1167/1235/1250 1166/1234/1249
f 1211/1279/1294 1227/1295/1310 1212/1280/1295
f 1213/1281/1296 1212/1280/1295 1214/1282/1297
f 1133/1201/1218 1147/1215/1231 1146/1214/1230
f 1204/1272/1287 1135/1203/1219 1134/1202/1201
f 1112/1180/1197 1225/1293/1308 1222/1290/1305
f 1224/1292/1307 1222/1290/1305 1225/1293/1308
f 1210/1278/1293 1141/1209/1225 1185/1253/1268
f 1095/1163/1180 1226/1294/1309 1185/1253/1268
f 1214/1282/1297 1212/1280/1295 1227/1295/1310
f 1110/1178/1195 1109/1177/1194 1115/1183/1200
f 1234/1302/1317 1237/1305/1320 1235/1303/1318
f 1239/1307/1322 1243/1311/1326 1240/1308/1323
f 1242/1310/1325 1238/1787/1321 1243/1311/1326
f 1243/1311/1326 1237/1313/1320 1236/1304/1319
f 1245/1316/1329 1238/1787/1321 1242/1310/1325
f 1251/1324/1335 1247/1326/1332 1252/1325/1336
f 1251/1324/1338 1250/1703/1840 1249/1322/1339
f 1250/1323/1341 1249/1322/1841 1253/1328/1342
f 1261/1340/1352 1264/1343/1842 1262/1341/1353
f 1262/1341/1353 1264/1343/1842 1265/1344/1356
f 1268/1349/1361 1266/1788/1837 1265/1344/1362
f 1269/1351/1364 1272/1354/1368 1270/1352/1365
f 1270/1352/1369 1272/1354/1843 1273/1355/1370
f 1277/1364/1375 1281/1368/1379 1278/1365/1376
f 1280/1367/1378 1289/1789/1387 1281/1368/1379
f 1283/1371/1381 1289/1378/1387 1284/1372/1382
f 1284/1372/1382 1289/1789/1387 1280/1367/1378
f 1286/1375/1384 1288/1377/1386 1287/1376/1385
f 1282/1370/1380 1281/1369/1379 1288/1377/1386
f 1288/1377/1386 1289/1378/1387 1283/1371/1381
f 1296/1390/1398 1300/1394/1402 1297/1391/1399
f 1300/1394/1402 1303/1397/1405 1301/1395/1403
f 1300/1394/1402 1299/1393/1401 1302/1396/1404
f 1305/1399/1407 1302/1396/1404 1299/1393/1401
f 1307/1403/1409 1303/1405/1405 1308/1404/1410
f 1309/1407/1411 1313/1411/1415 1310/1408/1412
f 1309/1407/1411 1317/1785/1839 1312/1410/1414
f 1318/1420/1426 1321/1423/1429 1319/1421/1427
f 1320/1422/1428 1323/1425/1431 1321/1423/1429
f 1321/1423/1429 1324/1426/1432 1322/1424/1430
f 1140/1208/1224 1327/1429/1435 1325/1427/1433
f 1327/1429/1435 1332/1671/1683 1328/1430/1436
f 1326/1428/1434 1325/1427/1433 1323/1431/1437
f 1325/1433/1439 1328/1439/1844 1324/1434/1440
f 1329/1435/1442 1331/1437/1444 1330/1436/1443
f 1322/1424/1430 1324/1426/1446 1331/1437/1444
f 1331/1437/1444 1328/1439/1447 1332/1438/1445
f 1333/1440/1448 1336/1443/1451 1334/1441/1449
f 1335/1442/1450 1338/1445/1845 1336/1443/1451
f 1336/1443/1451 1339/1446/1454 1337/1444/1452
f 1178/1246/1261 1342/1449/1457 1340/1447/1455
f 1342/1449/1457 1347/1666/1679 1343/1450/1458
f 1341/1448/1456 1340/1447/1455 1338/1451/1459
f 1340/1453/1455 1343/1459/1458 1339/1454/1461
f 1344/1455/1462 1346/1457/1464 1345/1456/1463
f 1337/1444/1452 1339/1446/1454 1346/1457/1464
f 1346/1457/1464 1343/1459/1846 1347/1458/1465
f 1348/1460/1467 1351/1463/1470 1349/1461/1468
f 1350/1462/1469 1359/1471/1478 1351/1463/1470
f 1351/1463/1470 1354/1466/1473 1352/1464/1471
f 1351/1463/1470 1359/1471/1478 1353/1465/1472
f 1143/1211/1227 1358/1470/1477 1355/1467/1474
f 1357/1469/1476 1363/1475/1482 1355/1467/1474
f 1355/1467/1474 1359/1471/1478 1350/1462/1469
f 1355/1467/1474 1363/1475/1482 1353/1465/1472
f 1360/1472/1479 1362/1474/1481 1361/1473/1480
f 1352/1464/1471 1354/1466/1473 1362/1474/1481
f 1362/1474/1481 1363/1475/1482 1357/1469/1476
f 1362/1474/1481 1354/1466/1473 1353/1465/1472
f 1364/1476/1483 1367/1479/1486 1365/1477/1484
f 1366/1478/1485 1369/1481/1488 1367/1479/1486
f 1367/1479/1486 1370/1482/1489 1368/1480/1487
f 1369/1481/1488 1375/1490/1847 1370/1482/1489
f 1189/1257/1272 1373/1485/1492 1371/1483/1490
f 1373/1485/1492 1379/1658/1672 1374/1486/1493
f 1372/1484/1491 1371/1483/1490 1369/1487/1494
f 1371/1489/1490 1374/1495/1493 1375/1490/1496
f 1376/1491/1497 1378/1493/1499 1377/1492/1498
f 1368/1480/1487 1370/1482/1501 1378/1493/1499
f 1378/1493/1499 1374/1495/1502 1379/1494/1500
f 1370/1482/1501 1375/1490/1848 1374/1495/1502
f 1380/1496/1503 1383/1499/1812 1381/1497/1504
f 1382/1498/1505 1381/1497/1504 1385/1501/1508
f 1198/1266/1281 1390/1507/1513 1388/1505/1511
f 1390/1507/1513 1394/1513/1524 1385/1508/1514
f 1388/1505/1515 1381/1503/1519 1384/1500/1516
f 1388/1505/1515 1385/1508/1514 1387/1504/1518
f 1391/1509/1520 1393/1512/1522 1392/1510/1521
f 1386/1502/1509 1385/1501/1508 1393/1512/1522
f 1393/1512/1523 1385/1508/1514 1394/1513/1524
f 1395/1514/1525 1398/1517/1528 1396/1515/1526
f 1397/1516/1527 1400/1527/1530 1398/1517/1528
f 1398/1517/1528 1401/1520/1531 1399/1518/1529
f 1402/1521/1532 1405/1525/1535 1403/1522/1533
f 1404/1524/1534 1406/1526/1536 1405/1525/1535
f 1405/1525/1535 1400/1527/1530 1397/1516/1527
f 1407/1528/1537 1409/1530/1539 1408/1529/1538
f 1399/1518/1529 1401/1520/1531 1409/1530/1539
f 1409/1530/1539 1406/1526/1536 1404/1524/1534
f 1401/1520/1531 1400/1519/1530 1406/1526/1536
f 1208/1276/1291 1412/1533/1542 1410/1531/1540
f 1412/1533/1542 1420/1543/1553 1413/1534/1543
f 1416/1538/1548 1419/1542/1551 1417/1539/1549
f 1418/1541/1550 1413/1548/1560 1419/1542/1551
f 1419/1542/1552 1413/1534/1543 1420/1543/1553
f 1421/1544/1554 1424/1547/1777 1422/1545/1555
f 1414/1536/1557 1410/1535/1849 1422/1545/1558
f 1423/1546/1556 1422/1545/1555 1413/1548/1560
f 1422/1545/1558 1410/1535/1849 1415/1537/1561
f 1425/1549/1563 1428/1552/1566 1426/1550/1564
f 1427/1551/1565 1430/1554/1568 1428/1552/1566
f 1428/1552/1566 1431/1555/1569 1429/1553/1567
f 1432/1556/1570 1435/1559/1573 1433/1557/1571
f 1434/1558/1572 1436/1560/1574 1435/1559/1573
f 1435/1559/1573 1430/1554/1568 1427/1551/1565
f 1436/1560/1574 1431/1565/1569 1430/1554/1568
f 1437/1561/1575 1439/1564/1577 1438/1562/1576
f 1429/1553/1567 1431/1555/1569 1439/1564/1577
f 1439/1564/1577 1436/1560/1574 1434/1558/1572
f 1229/1297/1312 1442/1568/1580 1440/1566/1578
f 1442/1568/1580 1451/1578/1589 1443/1569/1581
f 1441/1567/1579 1440/1566/1578 1444/1570/1582
f 1440/1566/1578 1443/1569/1581 1446/1572/1584
f 1447/1573/1585 1450/1577/1588 1448/1574/1586
f 1449/1576/1587 1452/1579/1590 1450/1577/1588
f 1450/1577/1588 1443/1569/1581 1451/1578/1589
f 1452/1579/1590 1446/1572/1850 1443/1569/1581
f 1453/1580/1591 1456/1583/1594 1454/1581/1592
f 1456/1583/1594 1445/1571/1794 1444/1570/1595
f 1455/1582/1593 1454/1581/1592 1452/1579/1596
f 1454/1581/1592 1444/1570/1595 1446/1572/1597
f 1101/1169/1186 1459/1586/1796 1457/1584/1598
f 1459/1586/1600 1465/1763/1798 1460/1587/1601
f 1458/1585/1599 1457/1584/1598 1461/1588/1602
f 1457/1584/1598 1460/1587/1601 1463/1590/1604
f 1203/1271/1286 1466/1593/1607 1464/1591/1605
f 1466/1593/1607 1471/1599/1613 1467/1594/1608
f 1464/1591/1605 1467/1594/1608 1463/1590/1604
f 1468/1595/1610 1470/1598/1612 1469/1596/1611
f 1462/1589/1603 1461/1588/1602 1470/1598/1612
f 1470/1598/1612 1467/1594/1608 1471/1599/1613
f 1461/1588/1602 1463/1590/1604 1467/1594/1608
f 1233/1301/1316 1474/1602/1616 1472/1600/1614
f 1474/1602/1616 1482/1611/1624 1475/1603/1617
f 1472/1600/1614 1475/1603/1617 1477/1605/1619
f 1478/1606/1620 1481/1610/1623 1479/1607/1621
f 1480/1609/1622 1483/1612/1625 1481/1610/1623
f 1481/1610/1623 1475/1603/1617 1482/1611/1624
f 1483/1612/1625 1477/1605/1851 1475/1603/1617
f 1484/1613/1626 1473/1769/1629 1485/1614/1627
f 1486/1615/1628 1485/1614/1627 1483/1612/1631
f 1485/1614/1627 1476/1604/1630 1477/1605/1632
f 1487/1617/1633 1490/1620/1636 1488/1618/1634
f 1489/1619/1635 1492/1622/1638 1490/1620/1636
f 1490/1620/1636 1493/1623/1639 1491/1621/1637
f 1494/1624/1640 1497/1627/1643 1495/1625/1641
f 1496/1626/1642 1498/1628/1644 1497/1627/1643
f 1497/1627/1643 1492/1622/1638 1489/1619/1635
f 1498/1628/1644 1493/1633/1639 1492/1622/1638
f 1499/1629/1645 1501/1632/1647 1500/1630/1646
f 1491/1621/1637 1493/1623/1639 1501/1632/1647
f 1501/1632/1647 1498/1628/1644 1496/1626/1642
f 1090/1158/1175 1504/1636/1650 1502/1634/1648
f 1504/1636/1650 1513/1645/1831 1505/1637/1651
f 1503/1635/1649 1502/1634/1648 1506/1638/1652
f 1502/1634/1648 1505/1637/1651 1508/1640/1654
f 1193/1261/1276 1511/1643/1657 1509/1641/1655
f 1511/1643/1657 1517/1650/1664 1512/1644/1658
f 1510/1642/1656 1509/1641/1655 1505/1637/1659
f 1509/1641/1655 1512/1644/1658 1508/1640/1654
f 1514/1646/1661 1516/1649/1663 1515/1647/1662
f 1507/1639/1653 1506/1638/1652 1516/1649/1663
f 1516/1649/1663 1512/1644/1658 1517/1650/1664
f 1506/1638/1652 1508/1640/1654 1512/1644/1658
f 1149/1217/1233 1148/1216/1232 1518/1651/1665
f 1344/1455/1462 1518/1651/1665 1519/1652/1666
f 1148/1216/1232 1164/1232/1247 1349/1461/1468
f 1518/1651/1665 1349/1461/1468 1352/1464/1471
f 1142/1210/1226 1521/1654/1668 1358/1470/1477
f 1521/1654/1668 1523/1656/1670 1357/1469/1476
f 1120/1188/1205 1365/1477/1484 1521/1654/1668
f 1365/1477/1484 1368/1480/1487 1523/1656/1670
f 1523/1656/1670 1368/1480/1487 1376/1491/1497
f 1522/1655/1669 1376/1491/1497 1158/1226/1242
f 1177/1245/1260 1524/1657/1671 1373/1485/1492
f 1188/1256/1271 1184/1252/1267 1526/1662/1675
f 1329/1435/1442 1526/1662/1675 1527/1663/1676
f 1527/1663/1676 1528/1664/1677 1319/1421/1427
f 1528/1664/1677 1163/1231/1246 1169/1237/1252
f 1184/1252/1267 1143/1211/1227 1356/1468/1475
f 1526/1662/1675 1356/1468/1475 1350/1462/1469
f 1350/1462/1469 1348/1460/1467 1528/1664/1677
f 1348/1460/1467 1164/1232/1247 1163/1231/1246
f 1138/1206/1222 1529/1665/1678 1342/1449/1457
f 1529/1665/1678 1530/1668/1681 1347/1666/1679
f 1530/1667/1680 1117/1185/1202 1149/1217/1233
f 1138/1206/1222 1140/1208/1224 1326/1428/1434
f 1529/1665/1678 1326/1428/1434 1320/1432/1438
f 1530/1667/1680 1318/1420/1426 1169/1237/1252
f 1139/1207/1223 1531/1670/1682 1327/1429/1435
f 1531/1670/1682 1532/1674/1686 1332/1671/1683
f 1532/1672/1684 1533/1673/1684 1330/1436/1443
f 1533/1673/1685 1119/1187/1204 1188/1256/1271
f 1139/1207/1223 1189/1257/1272 1372/1484/1491
f 1531/1670/1682 1372/1484/1491 1366/1488/1495
f 1532/1672/1684 1366/1478/1485 1364/1476/1483
f 1533/1673/1685 1364/1476/1483 1120/1188/1205
f 1098/1166/1183 1099/1167/1184 1534/1675/1687
f 1255/1676/1344 1534/1675/1687 1535/1677/1688
f 1257/1678/1689 1535/1677/1688 1536/1679/1690
f 1537/1680/1691 1536/1679/1690 1135/1203/1219
f 1081/1149/1166 1235/1303/1318 1534/1675/1687
f 1235/1303/1318 1238/1306/1321 1535/1677/1688
f 1238/1306/1692 1244/1314/1693 1536/1679/1690
f 1244/1314/1693 1133/1201/1218 1135/1203/1219
f 1147/1215/1231 1539/1682/1695 1538/1681/1694
f 1539/1682/1695 1540/1683/1697 1266/1345/1696
f 1540/1683/1697 1541/1684/1699 1262/1341/1353
f 1541/1684/1699 1125/1193/1210 1206/1274/1289
f 1147/1215/1231 1133/1201/1218 1244/1317/1693
f 1539/1682/1695 1244/1317/1693 1242/1310/1700
f 1540/1683/1697 1242/1310/1700 1239/1307/1322
f 1541/1684/1699 1239/1307/1322 1241/1309/1324
f 1205/1273/1288 1542/1686/1701 1537/1685/1691
f 1542/1686/1701 1543/1687/1703 1260/1339/1702
f 1543/1687/1703 1544/1688/1705 1255/1335/1704
f 1544/1688/1705 1136/1204/1220 1122/1190/1207
f 1205/1273/1288 1105/1173/1190 1538/1689/1694
f 1542/1686/1701 1538/1689/1694 1268/1349/1706
f 1543/1687/1703 1268/1349/1706 1264/1350/1359
f 1544/1688/1705 1264/1350/1359 1267/1346/1358
f 1279/1366/1377 1186/1254/1269 1545/1690/1707
f 1277/1364/1375 1545/1690/1707 1546/1691/1708
f 1280/1367/1378 1546/1691/1708 1547/1692/1709
f 1285/1374/1383 1547/1692/1709 1167/1235/1250
f 1108/1176/1193 1247/1319/1710 1545/1690/1707
f 1247/1319/1710 1250/1323/1711 1546/1691/1708
f 1250/1323/1711 1254/1329/1712 1547/1692/1709
f 1254/1329/1712 1165/1233/1248 1167/1235/1250
f 1161/1229/1245 1151/1219/1235 1548/1693/1713
f 1290/1381/1714 1548/1693/1713 1549/1694/1715
f 1292/1695/1716 1549/1694/1715 1550/1696/1717
f 1551/1697/1718 1550/1696/1717 1226/1294/1309
f 1153/1221/1237 1287/1376/1385 1548/1693/1713
f 1287/1376/1385 1283/1371/1381 1549/1694/1715
f 1283/1371/1381 1285/1373/1383 1550/1696/1717
f 1285/1373/1383 1210/1278/1293 1226/1294/1309
f 1097/1165/1182 1552/1699/1719 1551/1698/1718
f 1552/1699/1719 1553/1700/1721 1295/1389/1720
f 1553/1700/1721 1554/1701/1723 1290/1387/1722
f 1554/1701/1723 1156/1224/1240 1160/1228/1244
f 1097/1165/1182 1165/1233/1248 1254/1702/1712
f 1552/1699/1719 1254/1702/1712 1250/1703/1724
f 1553/1700/1721 1250/1703/1852 1251/1324/1725
f 1554/1701/1723 1251/1324/1725 1154/1222/1238
f 1145/1213/1229 1555/1705/1727 1275/1704/1726
f 1555/1705/1727 1556/1706/1729 1274/1356/1728
f 1557/1707/1731 1181/1249/1264 1231/1299/1314
f 1555/1705/1727 1304/1401/1732 1299/1402/1401
f 1556/1706/1729 1299/1402/1401 1296/1390/1398
f 1559/1709/1734 1560/1710/1735 1308/1404/1410
f 1560/1710/1735 1087/1155/1172 1172/1240/1255
f 1216/1284/1299 1217/1285/1300 1561/1711/1736
f 1560/1710/1735 1309/1407/1411 1311/1409/1413
f 1230/1298/1313 1562/1713/1737 1561/1712/1736
f 1562/1713/1737 1563/1714/1743 1317/1419/1738
f 1563/1714/1739 1564/1715/1741 1313/1416/1420
f 1230/1298/1313 1084/1152/1169 1275/1361/1726
f 1562/1713/1737 1275/1361/1726 1274/1363/1742
f 1563/1714/1739 1274/1363/1853 1272/1359/1744
f 1223/1511/1306 1222/1719/1305 1565/1716/1745
f 1391/1509/1520 1565/1716/1745 1566/1717/1746
f 1386/1502/1509 1566/1717/1746 1567/1718/1747
f 1382/1498/1505 1567/1718/1747 1171/1239/1254
f 1222/1719/1305 1224/1523/1307 1403/1522/1533
f 1565/1716/1745 1403/1522/1533 1397/1516/1527
f 1566/1717/1746 1397/1516/1527 1395/1514/1525
f 1567/1718/1747 1395/1514/1525 1209/1277/1292
f 1197/1265/1280 1568/1720/1748 1412/1533/1542
f 1568/1720/1748 1569/1721/1749 1420/1543/1553
f 1569/1721/1749 1570/1722/1750 1417/1539/1549
f 1570/1722/1750 1111/1723/1196 1113/1540/1198
f 1196/1264/1279 1408/1529/1538 1568/1720/1748
f 1408/1529/1538 1404/1524/1534 1569/1721/1749
f 1404/1524/1534 1402/1521/1532 1570/1722/1750
f 1402/1521/1532 1224/1523/1307 1111/1723/1196
f 1199/1267/1282 1571/1724/1751 1390/1507/1513
f 1571/1724/1751 1572/1725/1752 1394/1513/1524
f 1572/1725/1752 1573/1726/1753 1392/1510/1521
f 1573/1726/1753 1112/1727/1197 1223/1511/1306
f 1199/1267/1282 1421/1544/1554 1423/1546/1556
f 1571/1724/1751 1423/1546/1556 1418/1541/1550
f 1572/1725/1752 1418/1541/1550 1416/1538/1548
f 1573/1726/1753 1416/1538/1548 1113/1540/1198
f 1213/1728/1296 1574/1729/1754 1437/1561/1575
f 1574/1729/1754 1575/1730/1755 1429/1553/1567
f 1575/1730/1755 1576/1731/1756 1426/1550/1564
f 1426/1550/1564 1576/1731/1756 1115/1183/1200
f 1215/1575/1298 1448/1574/1586 1574/1729/1754
f 1448/1574/1586 1451/1578/1589 1575/1730/1755
f 1451/1578/1589 1442/1568/1580 1576/1731/1756
f 1442/1568/1580 1229/1297/1312 1115/1183/1200
f 1228/1597/1311 1227/1735/1310 1577/1732/1757
f 1468/1595/1610 1577/1732/1757 1578/1733/1758
f 1462/1589/1603 1578/1733/1758 1579/1734/1759
f 1458/1585/1599 1579/1734/1759 1102/1170/1187
f 1227/1735/1310 1211/1563/1294 1438/1562/1576
f 1577/1732/1757 1438/1562/1576 1434/1558/1572
f 1578/1733/1758 1434/1558/1572 1432/1556/1570
f 1579/1734/1759 1432/1556/1570 1202/1270/1285
f 1201/1269/1284 1580/1736/1760 1466/1593/1607
f 1580/1736/1760 1581/1737/1761 1471/1599/1613
f 1581/1737/1761 1582/1738/1762 1469/1596/1611
f 1582/1738/1762 1214/1739/1297 1228/1597/1311
f 1201/1269/1284 1453/1580/1591 1455/1582/1593
f 1580/1736/1760 1455/1582/1593 1449/1576/1587
f 1581/1737/1761 1449/1576/1587 1447/1573/1585
f 1582/1738/1762 1447/1573/1585 1215/1575/1298
f 1221/1289/1304 1583/1740/1763 1474/1602/1616
f 1583/1740/1763 1584/1741/1764 1482/1611/1624
f 1584/1741/1764 1585/1742/1765 1479/1607/1621
f 1192/1260/1275 1091/1159/1176 1586/1744/1766
f 1494/1624/1640 1586/1744/1766 1587/1745/1767
f 1091/1159/1176 1090/1158/1175 1503/1635/1649
f 1586/1744/1766 1503/1635/1649 1507/1639/1653
f 1587/1745/1767 1507/1639/1653 1514/1646/1661
f 1195/1263/1278 1589/1748/1769 1511/1643/1657
f 1589/1748/1769 1590/1749/1770 1517/1650/1664
f 1590/1749/1770 1591/1750/1771 1515/1647/1662
f 1591/1750/1771 1103/1751/1188 1219/1648/1302
f 1195/1263/1278 1484/1613/1626 1486/1615/1628
f 1589/1748/1769 1486/1615/1628 1480/1609/1622
f 1590/1749/1770 1480/1609/1622 1478/1606/1620
f 1591/1750/1771 1478/1606/1620 1104/1608/1189
f 1081/1149/1166 1083/1151/1168 1592/1752/1772
f 1234/1302/1317 1592/1752/1772 1593/1753/1773
f 1236/1304/1774 1593/1753/1773 1594/1754/1775
f 1240/1308/1323 1594/1754/1775 1126/1194/1211
f 1083/1151/1168 1209/1277/1292 1396/1515/1526
f 1396/1515/1526 1399/1518/1529 1593/1753/1773
f 1593/1753/1773 1399/1518/1529 1407/1528/1537
f 1407/1528/1537 1196/1264/1279 1126/1194/1211
f 1421/1544/1554 1137/1205/1221 1595/1755/1776
f 1414/1536/1779 1595/1756/1784 1596/1757/1780
f 1596/1757/1782 1207/1275/1290 1208/1276/1291
f 1137/1205/1221 1267/1346/1358 1263/1348/1360
f 1263/1342/1783 1261/1340/1783 1596/1757/1780
f 1261/1340/1785 1206/1274/1289 1207/1275/1290
f 1110/1178/1195 1597/1758/1792 1246/1318/1786
f 1597/1758/1787 1598/1760/1793 1248/1320/1788
f 1252/1325/1791 1598/1759/1790 1200/1268/1283
f 1229/1297/1312 1441/1567/1579 1597/1758/1792
f 1441/1567/1579 1445/1571/1583 1598/1760/1793
f 1456/1583/1594 1453/1580/1591 1200/1268/1283
f 1599/1761/1795 1600/1764/1799 1459/1586/1796
f 1465/1592/1606 1600/1765/1801 1159/1227/1243
f 1599/1761/1795 1161/1229/1245 1291/1380/1389
f 1294/1386/1393 1160/1228/1244 1159/1227/1243
f 1172/1240/1255 1173/1241/1256 1601/1766/1802
f 1307/1403/1409 1601/1766/1802 1602/1767/1803
f 1301/1395/1804 1602/1767/1803 1603/1768/1805
f 1297/1391/1399 1603/1768/1805 1182/1250/1265
f 1173/1241/1256 1192/1260/1275 1495/1625/1641
f 1601/1766/1802 1495/1625/1641 1489/1619/1635
f 1602/1767/1803 1489/1619/1635 1487/1617/1633
f 1603/1768/1805 1487/1617/1633 1220/1288/1303
f 1194/1262/1277 1604/1771/1808 1473/1769/1629
f 1604/1770/1806 1232/1300/1315 1233/1301/1316
f 1194/1262/1277 1174/1242/1257 1271/1358/1807
f 1269/1351/1810 1231/1299/1314 1232/1300/1315
f 1380/1496/1503 1170/1238/1253 1605/1773/1811
f 1384/1500/1814 1605/1774/1818 1606/1775/1815
f 1606/1775/1817 1124/1192/1209 1198/1266/1281
f 1170/1238/1253 1098/1166/1183 1256/1331/1345
f 1605/1774/1818 1256/1336/1819 1259/1334/1819
f 1259/1334/1347 1122/1190/1207 1124/1192/1209
f 1153/1221/1237 1152/1220/1236 1607/1776/1820
f 1286/1375/1384 1607/1776/1820 1608/1777/1821
f 1282/1370/1822 1608/1777/1821 1609/1778/1823
f 1278/1365/1376 1609/1778/1823 1187/1255/1270
f 1152/1220/1236 1202/1270/1285 1433/1557/1571
f 1607/1776/1820 1433/1557/1571 1427/1551/1565
f 1608/1777/1821 1427/1551/1565 1425/1549/1563
f 1609/1778/1823 1425/1549/1563 1114/1182/1199
f 1180/1248/1263 1179/1247/1262 1610/1779/1824
f 1316/1415/1825 1610/1779/1829 1611/1780/1826
f 1310/1408/1412 1611/1781/1832 1088/1156/1173
f 1179/1247/1262 1193/1261/1276 1510/1642/1656
f 1610/1779/1829 1510/1642/1656 1513/1645/1660
f 1611/1781/1832 1504/1636/1650 1090/1158/1175
f 1613/1790/1854 1614/1791/1855 1615/1792/1856
f 1616/1793/1857 1617/1794/1858 1618/1795/1859
f 1619/1796/1855 1620/1797/1860 1621/1798/1855
f 1622/1799/1861 1623/1800/1862 1624/1801/1863
f 1625/1802/1855 1626/1803/1864 1627/1804/1865
f 1628/1805/1866 1618/1795/1859 1629/1806/1867
f 1630/1807/1868 1631/1808/1869 1632/1809/1870
f 1633/1810/1871 1634/1811/1872 1635/1812/1873
f 1621/1798/1855 1636/1813/1874 1637/1814/1875
f 1638/1815/1876 1625/1802/1855 1639/1816/1855
f 1624/1801/1863 1640/1817/1877 1641/1818/1878
f 1642/1819/1879 1643/1820/1880 1644/1821/1881
f 1645/1822/1882 1646/1823/1883 1647/1824/1884
f 1641/1818/1878 1648/1825/1885 1649/1826/1886
f 1649/1826/1886 1650/1827/1887 1651/1828/1888
f 1652/1829/1889 1653/1830/1890 1654/1831/1891
f 1655/1832/1855 1656/1833/1892 1626/1803/1864
f 1651/1828/1888 1657/1834/1893 1658/1835/1894
f 1659/1836/1895 1657/1834/1893 1660/1837/1896
f 1661/1838/1897 1662/1839/1898 1652/1829/1889
f 1663/1840/1855 1664/1841/1899 1665/1842/1900
f 1666/1843/1901 1629/1806/1867 1667/1844/1902
f 1668/1845/1903 1667/1844/1902 1669/1846/1904
f 1670/1847/1905 1671/1848/1906 1672/1849/1907
f 1614/1791/1855 1673/1850/1908 1619/1796/1855
f 1674/1851/1909 1669/1846/1904 1675/1852/1910
f 1676/1853/1911 1675/1852/1910 1677/1854/1912
f 1678/1855/1913 1679/1856/1914 1671/1848/1906
f 1680/1857/1855 1681/1858/1915 1682/1859/1855
f 1618/1795/1859 1683/1860/1916 1684/1861/1917
f 1685/1862/1918 1686/1863/1919 1687/1864/1918
f 1688/1865/1920 1689/1866/1921 1623/1800/1862
f 1690/1867/1922 1691/1868/1923 1692/1869/1924
f 1667/1844/1902 1693/1870/1925 1694/1871/1926
f 1695/1872/1927 1696/1873/1928 1697/1874/1929
f 1695/1872/1927 1698/1875/1930 1634/1811/1872
f 1699/1876/1931 1700/1877/1932 1696/1873/1928
f 1701/1878/1933 1683/1860/1916 1617/1794/1858
f 1702/1879/1934 1703/1880/1935 1646/1823/1883
f 1643/1820/1880 1704/1881/1936 1702/1879/1934
f 1640/1817/1877 1705/1882/1937 1648/1825/1885
f 1706/1883/1938 1707/1884/1939 1690/1867/1922
f 1708/1885/1940 1709/1886/1941 1643/1820/1880
f 1653/1830/1890 1710/1887/1942 1708/1885/1940
f 1650/1827/1887 1711/1888/1943 1657/1834/1893
f 1692/1869/1924 1712/1889/1944 1713/1890/1945
f 1662/1839/1898 1714/1891/1946 1653/1830/1890
f 1715/1892/1947 1716/1893/1948 1662/1839/1898
f 1660/1837/1896 1711/1888/1943 1717/1894/1949
f 1718/1895/1950 1719/1896/1918 1720/1897/1918
f 1632/1809/1870 1721/1898/1951 1700/1877/1932
f 1631/1808/1869 1722/1899/1952 1721/1898/1951
f 1675/1852/1910 1723/1900/1953 1724/1901/1954
f 1725/1902/1918 1726/1903/1955 1727/1904/1956
f 1672/1849/1907 1728/1905/1957 1722/1899/1952
f 1671/1848/1906 1729/1906/1958 1728/1905/1957
f 1677/1854/1912 1724/1901/1954 1730/1907/1959
f 1731/1908/1960 1632/1809/1870 1699/1876/1931
f 1732/1909/1961 1677/1854/1912 1733/1910/1962
f 1733/1910/1962 1730/1907/1959 1734/1911/1963
f 1720/1897/1918 1735/1912/1964 1736/1913/1965
f 1620/1797/1860 1639/1816/1855 1621/1798/1855
f 1635/1812/1873 1688/1865/1920 1622/1799/1861
f 1634/1811/1872 1737/1914/1966 1688/1865/1920
f 1719/1896/1918 1738/1915/1967 1735/1912/1964
f 1739/1916/1855 1740/1917/1968 1680/1857/1855
f 1615/1792/1856 1619/1796/1855 1741/1918/1969
f 1629/1806/1867 1684/1861/1917 1693/1870/1925
f 1742/1919/1970 1743/1920/1918 1744/1921/1918
f 1644/1821/1881 1702/1879/1934 1645/1822/1882
f 1745/1922/1971 1746/1923/1972 1747/1924/1973
f 1748/1925/1974 1749/1926/1975 1746/1923/1972
f 1687/1864/1918 1750/1927/1976 1707/1884/1939
f 1647/1824/1884 1701/1878/1933 1751/1928/1977
f 1633/1810/1871 1699/1876/1931 1695/1872/1927
f 1752/1929/1978 1753/1930/1918 1719/1896/1918
f 1646/1823/1883 1754/1931/1979 1701/1878/1933
f 1755/1932/1980 1756/1933/1981 1739/1916/1855
f 1757/1934/1982 1739/1916/1855 1758/1935/1983
f 1743/1920/1918 1759/1936/1984 1760/1937/1985
f 1761/1938/1986 1762/1939/1987 1743/1920/1918
f 1763/1940/1855 1764/1941/1988 1664/1841/1899
f 1765/1942/1989 1766/1943/1855 1655/1832/1855
f 1623/1800/1862 1767/1944/1990 1640/1817/1877
f 1712/1889/1944 1768/1945/1991 1769/1946/1992
f 1770/1947/1993 1655/1832/1855 1625/1802/1855
f 1771/1948/1994 1663/1840/1855 1766/1943/1855
f 1772/1949/1918 1738/1915/1967 1753/1930/1918
f 1685/1862/1918 1773/1950/1995 1772/1949/1918
f 1774/1951/1996 1672/1849/1907 1631/1808/1869
f 1720/1897/1918 1727/1904/1956 1718/1895/1950
f 1775/1952/1997 1744/1921/1918 1725/1902/1918
f 1776/1953/1998 1777/1954/1999 1764/1941/1988
f 1778/1955/2000 1779/1956/2001 1776/1953/1998
f 1780/1957/2002 1781/1958/2003 1782/1959/2004
f 1769/1946/1992 1783/1960/2005 1781/1958/2003
f 1732/1961/1961 1784/1962/2006 1785/1963/2007
f 1786/1964/2008 1682/1859/1855 1613/1790/1854
f 1669/1846/1904 1694/1871/1926 1723/1900/1953
f 1733/1910/1962 1787/1965/2009 1784/1966/2006
f 1654/1831/1891 1708/1885/1940 1642/1819/1879
f 1758/1935/1983 1680/1857/1855 1786/1964/2008
f 1744/1921/1918 1760/1937/1985 1726/1903/1955
f 1691/1868/1923 1788/1967/2010 1712/1889/1944
f 1766/1943/1855 1665/1842/1900 1656/1833/1892
f 1751/1928/1977 1617/1794/1858 1789/1968/2011
f 1790/1969/2012 1687/1864/1918 1706/1883/1938
f 1707/1884/1939 1791/1970/2013 1691/1868/1923
f 1747/1924/1973 1792/1971/2014 1793/1972/2015
f 1794/1973/2016 1763/1940/1855 1663/1840/1855
f 1648/1825/1885 1795/1974/2017 1650/1827/1887
f 1746/1923/1972 1796/1975/2018 1792/1971/2014
f 1741/1918/1969 1621/1798/1855 1637/1814/1875
f 1639/1816/1855 1627/1804/1865 1636/1813/1874
f 1797/1976/2019 1772/1949/1918 1798/1977/2020
f 1798/1977/2020 1753/1930/1918 1799/1978/2021
f 1682/1859/1855 1800/1979/2022 1614/1791/1855
f 1801/1980/2023 1776/1953/1998 1763/1940/1855
f 1713/1890/1945 1769/1946/1992 1780/1957/2002
f 1736/1913/1965 1725/1902/1918 1720/1897/1918
f 1745/1922/1971 1802/1981/2024 1803/1982/2025
f 1804/1983/2026 1805/1984/2027 1802/1981/2024
f 1803/1982/2028 1806/1985/2029 1807/1986/2030
f 1802/1981/2024 1808/1987/2031 1806/1985/2029
f 1809/1988/2032 1810/1989/2033 1811/1990/2034
f 1812/1991/2035 1813/1992/2036 1809/1993/2032
f 1813/1994/2036 1814/1995/2037 1810/1989/2033
f 1815/1996/2038 1805/1984/2027 1813/1994/2036
f 1659/1836/1895 1816/1997/2039 1817/1998/2040
f 1807/1999/2041 1806/2000/2042 1816/1997/2039
f 1817/1998/2040 1815/2001/2043 1812/1991/2035
f 1816/1997/2039 1808/2002/2044 1815/2001/2043
f 1818/2003/2045 1819/2004/2046 1793/1972/2015
f 1820/2005/2047 1821/2006/2048 1818/2003/2045
f 1821/2006/2048 1822/2007/2049 1819/2004/2046
f 1823/2008/2050 1824/2009/2051 1821/2006/2048
f 1661/1838/1897 1825/2010/2052 1826/2011/2053
f 1827/2012/2054 1828/2013/2055 1825/2014/2052
f 1826/2011/2053 1823/2015/2050 1820/2016/2047
f 1825/2014/2052 1829/2017/2056 1823/2008/2050
f 1777/1954/1999 1830/2018/2057 1831/2019/2058
f 1832/2020/2059 1824/2009/2051 1830/2018/2057
f 1831/2019/2058 1828/2013/2055 1833/2021/2060
f 1830/2018/2057 1829/2017/2056 1828/2013/2055
f 1785/1963/2007 1834/2022/2061 1835/2023/2062
f 1836/2024/2063 1837/2025/2064 1834/2022/2061
f 1835/2023/2062 1838/2026/2065 1839/2027/2066
f 1834/2022/2061 1840/2028/2067 1838/2026/2065
f 1841/2029/2068 1842/2030/2069 1836/2031/2070
f 1843/2032/2071 1844/2033/2072 1842/2030/2069
f 1836/2031/2070 1842/2030/2069 1837/2034/2073
f 1842/2030/2069 1840/2035/2074 1837/2034/2075
f 1845/2036/2076 1846/2037/2077 1847/2038/2078
f 1839/2027/2066 1848/2039/2079 1845/2036/2076
f 1848/2040/2079 1849/2041/2080 1846/2042/2077
f 1838/2026/2065 1844/2043/2081 1848/2039/2079
f 1850/2044/2082 1851/2045/2083 1852/2046/2084
f 1853/2047/2085 1854/2048/2086 1851/2045/2083
f 1852/2046/2084 1855/2049/2087 1856/2050/2088
f 1851/2045/2083 1857/2051/2089 1855/2049/2087
f 1717/1894/1949 1858/2052/2090 1859/2053/2091
f 1860/2054/2092 1861/2055/2093 1858/2052/2090
f 1859/2053/2091 1858/2052/2090 1854/2056/2094
f 1858/2052/2090 1857/2057/2095 1854/2056/2094
f 1862/2058/2096 1863/2059/2097 1782/1959/2004
f 1856/2060/2088 1864/2061/2098 1862/2058/2096
f 1864/2061/2098 1865/2062/2099 1863/2059/2097
f 1855/2063/2100 1861/2055/2093 1864/2061/2098
f 1866/2064/2101 1867/2065/2102 1796/2066/2018
f 1868/2067/2103 1869/2068/2104 1866/2064/2101
f 1867/2065/2102 1870/2069/2105 1871/2070/2106
f 1869/2068/2104 1872/2071/2107 1870/2069/2105
f 1783/1960/2005 1873/2072/2108 1874/2073/2109
f 1875/2074/2110 1876/2075/2111 1873/2072/2108
f 1874/2073/2109 1877/2076/2112 1868/2067/2103
f 1873/2072/2108 1872/2071/2107 1877/2076/2112
f 1878/2077/2113 1879/2078/2114 1880/2079/2115
f 1871/2070/2106 1881/2080/2116 1878/2077/2113
f 1881/2080/2116 1882/2081/2117 1879/2078/2114
f 1870/2069/2105 1876/2075/2111 1881/2080/2116
f 1787/1965/2009 1883/2082/2118 1884/2083/2119
f 1885/2084/2120 1886/2085/2121 1883/2082/2118
f 1884/2083/2119 1883/2082/2118 1887/2086/2122
f 1883/2082/2118 1888/2087/2123 1887/2086/2124
f 1889/2088/2125 1890/2089/2126 1891/2090/2127
f 1892/2091/2128 1893/2092/2129 1889/2088/2125
f 1893/2092/2129 1894/2093/2130 1890/2089/2126
f 1895/2094/2131 1886/2085/2132 1893/2092/2129
f 1729/1906/1958 1896/2095/2133 1897/2096/2134
f 1884/2097/2135 1887/2086/2136 1896/2095/2133
f 1897/2096/2134 1895/2094/2131 1892/2091/2128
f 1896/2095/2133 1888/2087/2137 1895/2094/2131
f 1637/1814/1875 1898/2098/2138 1899/2099/2139
f 1899/2099/2139 1900/2100/2140 1901/2101/2141
f 1901/2101/2142 1902/2102/2143 1903/2103/2144
f 1902/2104/2143 1789/1968/2011 1903/2105/2144
f 1636/1813/1874 1904/2106/2145 1898/2098/2138
f 1898/2098/2138 1905/2107/2146 1900/2100/2140
f 1900/2100/2147 1906/2108/2148 1902/2102/2143
f 1906/2109/2148 1751/1928/1977 1902/2104/2143
f 1673/1850/1908 1907/2110/2149 1620/1797/1860
f 1908/2111/2150 1909/2112/2151 1907/2113/2149
f 1910/2114/2152 1911/2115/2153 1909/2112/2154
f 1911/2115/2153 1731/1908/1960 1633/1810/1871
f 1800/1979/2022 1908/2116/2150 1673/1850/1908
f 1912/2117/2155 1910/2114/2156 1908/2111/2150
f 1913/2118/2157 1914/2119/2158 1910/2114/2152
f 1914/2119/2158 1630/1807/1868 1731/1908/1960
f 1741/1918/1969 1915/2120/2159 1615/1792/1856
f 1916/2121/2160 1917/2122/2161 1915/2120/2159
f 1918/2123/2162 1919/2124/2163 1917/2122/2164
f 1919/2125/2163 1616/1793/1857 1628/1805/1866
f 1637/1814/1875 1916/2121/2160 1741/1918/1969
f 1899/2099/2139 1918/2123/2165 1916/2121/2160
f 1901/2101/2142 1920/2126/2166 1918/2123/2162
f 1920/2127/2166 1789/1968/2011 1616/1793/1857
f 1770/1947/1993 1921/2128/2167 1922/2129/2168
f 1922/2130/2168 1923/2131/2169 1924/2132/2170
f 1924/2132/2171 1925/2133/2172 1926/2134/2173
f 1925/2133/2172 1622/1799/1861 1926/2134/2173
f 1638/1815/1876 1907/2110/2149 1921/2128/2167
f 1921/2135/2167 1909/2112/2151 1923/2131/2169
f 1923/2131/2174 1911/2115/2153 1925/2133/2172
f 1911/2115/2153 1635/1812/1873 1925/2133/2172
f 1771/1948/1994 1927/2136/2175 1928/2137/2176
f 1928/2138/2176 1929/2139/2177 1930/2140/2178
f 1930/2140/2179 1931/2141/2180 1932/2142/2181
f 1931/2141/2180 1641/1818/1878 1932/2142/2181
f 1765/1942/1989 1922/2129/2168 1927/2136/2175
f 1927/2143/2175 1924/2132/2170 1929/2139/2177
f 1929/2139/2182 1926/2134/2173 1931/2141/2180
f 1926/2134/2173 1624/1801/1863 1931/2141/2180
f 1627/1804/1865 1933/2144/2183 1904/2106/2145
f 1904/2106/2145 1934/2145/2184 1905/2107/2146
f 1905/2107/2185 1935/2146/2186 1906/2108/2148
f 1935/2147/2186 1647/1824/1884 1906/2109/2148
f 1626/1803/1864 1936/2148/2187 1933/2144/2183
f 1933/2144/2183 1937/2149/2188 1934/2145/2184
f 1934/2145/2189 1938/2150/2190 1935/2146/2186
f 1938/2151/2190 1645/1822/1882 1935/2147/2186
f 1656/1833/1892 1939/2152/2191 1936/2148/2187
f 1936/2148/2187 1940/2153/2192 1937/2149/2188
f 1937/2149/2193 1941/2154/2194 1938/2150/2190
f 1941/2155/2194 1644/1821/1881 1938/2151/2190
f 1665/1842/1900 1942/2156/2195 1939/2152/2191
f 1939/2152/2191 1943/2157/2196 1940/2153/2192
f 1940/2153/2197 1944/2158/2198 1941/2154/2194
f 1944/2159/2198 1642/1819/1879 1941/2155/2194
f 1801/1980/2023 1945/2160/2199 1946/2161/2200
f 1946/2162/2200 1947/2163/2201 1948/2164/2202
f 1948/2164/2203 1949/2165/2204 1950/2166/2205
f 1950/2166/2205 1649/1826/1886 1651/1828/1888
f 1794/1973/2016 1928/2137/2176 1945/2160/2199
f 1945/2167/2199 1930/2140/2178 1947/2163/2201
f 1947/2163/2206 1932/2142/2181 1949/2165/2204
f 1932/2142/2181 1649/1826/1886 1949/2165/2204
f 1779/1956/2001 1832/2020/2059 1777/1954/1999
f 1951/2168/2207 1822/2007/2049 1832/2020/2059
f 1952/2169/2208 1819/2004/2046 1822/2007/2049
f 1953/2170/2209 1793/1972/2015 1819/2004/2046
f 1811/1990/2034 1951/2168/2207 1779/1956/2001
f 1810/1989/2033 1952/2169/2208 1951/2168/2207
f 1814/1995/2037 1953/2170/2209 1952/2169/2208
f 1804/1983/2026 1747/1924/1973 1953/2170/2209
f 1664/1841/1899 1954/2171/2210 1942/2156/2195
f 1942/2156/2195 1955/2172/2211 1943/2157/2196
f 1943/2157/2212 1956/2173/2213 1944/2158/2198
f 1956/2174/2213 1654/1831/1891 1944/2159/2198
f 1764/1941/1988 1831/2019/2058 1954/2171/2210
f 1954/2171/2210 1833/2021/2060 1955/2172/2211
f 1955/2172/2214 1827/2012/2054 1956/2173/2213
f 1827/2175/2054 1652/1829/1889 1956/2174/2213
f 1811/1990/2034 1957/2176/2215 1809/1988/2032
f 1809/1993/2032 1958/2177/2216 1812/1991/2035
f 1812/1991/2035 1959/2178/2217 1817/1998/2040
f 1817/1998/2040 1658/1835/1894 1659/1836/1895
f 1778/1955/2000 1946/2161/2200 1957/2176/2215
f 1957/2179/2215 1948/2164/2202 1958/2177/2216
f 1958/2177/2216 1950/2166/2205 1959/2178/2217
f 1959/2178/2217 1651/1828/1888 1658/1835/1894
f 1681/1858/1915 1912/2180/2155 1800/1979/2022
f 1960/2181/2218 1913/2118/2219 1912/2117/2155
f 1961/2182/2220 1962/2183/2221 1913/2118/2157
f 1962/2183/2221 1774/1951/1996 1630/1807/1868
f 1740/1917/1968 1960/2184/2218 1681/1858/1915
f 1963/2185/2222 1961/2182/2223 1960/2181/2218
f 1964/2186/2224 1965/2187/2225 1961/2182/2220
f 1965/2187/2225 1670/1847/1905 1774/1951/1996
f 1613/1790/1854 1966/2188/2226 1786/1964/2008
f 1967/2189/2227 1968/2190/2228 1966/2188/2226
f 1969/2191/2229 1970/2192/2230 1968/2190/2231
f 1970/2193/2230 1666/1843/1901 1668/1845/1903
f 1615/1792/1856 1967/2189/2227 1613/1790/1854
f 1915/2120/2159 1969/2191/2232 1967/2189/2227
f 1917/2122/2164 1971/2194/2233 1969/2191/2229
f 1971/2195/2233 1628/1805/1866 1666/1843/1901
f 1847/2038/2078 1972/2196/2234 1845/2036/2076
f 1845/2036/2076 1973/2197/2235 1839/2027/2066
f 1839/2027/2066 1974/2198/2236 1835/2023/2062
f 1835/2023/2062 1732/1961/1961 1785/1963/2007
f 1755/1932/1980 1975/2199/2237 1972/2196/2234
f 1972/2196/2234 1976/2200/2238 1973/2197/2235
f 1973/2197/2235 1977/2201/2239 1974/2198/2236
f 1974/2202/2236 1676/1853/1911 1732/1909/1961
f 1756/1933/1981 1963/2203/2222 1740/1917/1968
f 1978/2204/2240 1964/2186/2241 1963/2185/2222
f 1979/2205/2242 1980/2206/2243 1964/2186/2224
f 1981/2207/2244 1670/1847/1905 1980/2206/2243
f 1847/2038/2078 1978/2208/2240 1756/1933/1981
f 1846/2042/2077 1979/2205/2245 1978/2204/2240
f 1849/2041/2246 1981/2207/2244 1979/2205/2242
f 1843/2032/2071 1678/1855/1913 1981/2207/2244
f 1758/1935/1983 1975/2199/2237 1757/1934/1982
f 1982/2209/2247 1976/2200/2238 1975/2199/2237
f 1983/2210/2248 1977/2201/2239 1976/2200/2238
f 1977/2211/2239 1674/1851/1909 1676/1853/1911
f 1786/1964/2008 1982/2209/2247 1758/1935/1983
f 1966/2188/2226 1983/2210/2249 1982/2209/2247
f 1968/2190/2231 1984/2212/2250 1983/2210/2248
f 1970/2193/2230 1674/1851/1909 1984/2213/2250
f 1754/1931/1979 1985/2214/2251 1683/1860/1916
f 1986/2215/2252 1987/2216/2253 1985/2214/2251
f 1988/2217/2254 1989/2218/2255 1987/2216/2253
f 1990/2219/2256 1799/1978/2021 1989/2218/2255
f 1703/1880/1935 1986/2215/2252 1754/1931/1979
f 1991/2220/2257 1988/2217/2254 1986/2215/2252
f 1992/2221/2258 1990/2219/2256 1988/2217/2254
f 1993/2222/2259 1798/1977/2020 1990/2219/2256
f 1697/1874/1929 1994/2223/2260 1995/2224/2261
f 1995/2224/2261 1996/2225/2262 1997/2226/2263
f 1997/2226/2263 1998/2227/2264 1999/2228/2265
f 1999/2228/2265 1735/1912/1964 1738/1915/1967
f 1696/1873/1928 2000/2229/2266 1994/2223/2260
f 1994/2223/2260 2001/2230/2267 1996/2225/2262
f 1996/2225/2262 2002/2231/2268 1998/2227/2264
f 1998/2227/2264 1736/1913/1965 1735/1912/1964
f 1693/1870/1925 2003/2232/2269 2004/2233/2270
f 2004/2233/2270 2005/2234/2271 2006/2235/2272
f 2006/2235/2272 2007/2236/2273 2008/2237/2274
f 2008/2237/2274 1752/1929/1978 1718/1895/1950
f 1684/1861/1917 1985/2214/2251 2003/2232/2269
f 2003/2232/2269 1987/2216/2253 2005/2234/2271
f 2005/2234/2271 1989/2218/2255 2007/2236/2273
f 2007/2236/2273 1799/1978/2021 1752/1929/1978
f 1698/1875/1930 2009/2238/2275 1737/1914/1966
f 2010/2239/2276 2011/2240/2277 2009/2238/2275
f 2012/2241/2278 2013/2242/2279 2011/2240/2277
f 2014/2243/2280 1790/1969/2012 2013/2242/2279
f 1697/1874/1929 2010/2239/2276 1698/1875/1930
f 1995/2224/2261 2012/2241/2278 2010/2239/2276
f 1997/2226/2263 2014/2243/2280 2012/2241/2278
f 1999/2228/2265 1773/1950/1995 2014/2243/2280
f 1689/1866/1921 2015/2244/2281 1767/1944/1990
f 2016/2245/2282 2017/2246/2283 2015/2244/2281
f 2018/2247/2284 2019/2248/2285 2017/2246/2283
f 2020/2249/2286 1690/1867/1922 2019/2248/2285
f 1737/1914/1966 2016/2245/2282 1689/1866/1921
f 2009/2238/2275 2018/2247/2284 2016/2245/2282
f 2011/2240/2277 2020/2249/2286 2018/2247/2284
f 2013/2242/2279 1706/1883/1938 2020/2249/2286
f 1704/1881/1936 1991/2220/2257 1703/1880/1935
f 2021/2250/2287 1992/2221/2258 1991/2220/2257
f 2022/2251/2288 1993/2222/2259 1992/2221/2258
f 2023/2252/2289 1797/1976/2019 1993/2222/2259
f 1709/1886/1941 2021/2250/2287 1704/1881/1936
f 2024/2253/2290 2022/2251/2288 2021/2250/2287
f 2025/2254/2291 2023/2252/2289 2022/2251/2288
f 2026/2255/2292 1686/1863/1919 2023/2252/2289
f 1710/1887/1942 2024/2253/2290 1709/1886/1941
f 2027/2256/2293 2025/2254/2291 2024/2253/2290
f 2028/2257/2294 2026/2255/2292 2025/2254/2291
f 2029/2258/2295 1750/1927/1976 2026/2255/2292
f 1714/1891/1946 2027/2256/2293 1710/1887/1942
f 2030/2259/2296 2028/2257/2294 2027/2256/2293
f 2031/2260/2297 2029/2258/2295 2028/2257/2294
f 2032/2261/2298 1791/1970/2013 2029/2258/2295
f 1705/1882/1937 2033/2262/2299 1795/1974/2017
f 2034/2263/2300 2035/2264/2301 2033/2262/2299
f 2036/2265/2302 2037/2266/2303 2035/2264/2301
f 2038/2267/2304 1713/1890/1945 2037/2266/2303
f 1767/1944/1990 2034/2263/2300 1705/1882/1937
f 2015/2244/2281 2036/2265/2302 2034/2263/2300
f 2017/2246/2283 2038/2267/2304 2036/2265/2302
f 2019/2248/2285 1692/1869/1924 2038/2267/2304
f 1749/1926/1975 1866/2268/2101 1796/1975/2018
f 1866/2064/2101 2039/2269/2305 1868/2067/2103
f 1868/2067/2103 2040/2270/2306 1874/2073/2109
f 1874/2073/2109 1781/1958/2003 1783/1960/2005
f 1749/1926/1975 1852/2046/2084 2041/2271/2307
f 2041/2272/2307 1856/2060/2088 2039/2269/2305
f 2039/2269/2305 1862/2058/2096 2040/2270/2306
f 2040/2270/2306 1782/1959/2004 1781/1958/2003
f 1716/1893/1948 2030/2259/2296 1714/1891/1946
f 2042/2273/2308 2031/2260/2297 2030/2259/2296
f 2043/2274/2309 2032/2261/2298 2031/2260/2297
f 2044/2275/2310 1788/1967/2010 2032/2261/2298
f 1880/2079/2115 2042/2273/2308 1716/1893/1948
f 1879/2078/2114 2043/2274/2309 2042/2273/2308
f 1882/2081/2117 2044/2275/2310 2043/2274/2309
f 1875/2074/2110 1768/1945/1991 2044/2275/2310
f 1711/1888/1943 1860/2054/2092 1717/1894/1949
f 2045/2276/2311 1865/2062/2099 1860/2054/2092
f 2046/2277/2312 1863/2059/2097 1865/2062/2099
f 2047/2278/2313 1782/1959/2004 1863/2059/2097
f 1795/1974/2017 2045/2276/2311 1711/1888/1943
f 2033/2262/2299 2046/2277/2312 2045/2276/2311
f 2035/2264/2301 2047/2278/2313 2046/2277/2312
f 2037/2266/2303 1780/1957/2002 2047/2278/2313
f 1700/1877/1932 2048/2279/2314 2000/2229/2266
f 2000/2229/2266 2049/2280/2315 2001/2230/2267
f 2001/2230/2267 2050/2281/2316 2002/2231/2268
f 2002/2231/2268 1775/1952/1997 1736/1913/1965
f 1721/1898/1951 2051/2282/2317 2048/2279/2314
f 2048/2279/2314 2052/2283/2318 2049/2280/2315
f 2049/2280/2315 2053/2284/2319 2050/2281/2316
f 2050/2281/2316 1742/1919/1970 1775/1952/1997
f 1723/1900/1953 2054/2285/2320 2055/2286/2321
f 2055/2286/2321 2056/2287/2322 2057/2288/2323
f 2057/2288/2323 2058/2289/2324 2059/2290/2325
f 2059/2290/2325 1727/1904/1956 1726/1903/1955
f 1694/1871/1926 2004/2233/2270 2054/2285/2320
f 2054/2285/2320 2006/2235/2272 2056/2287/2322
f 2056/2287/2322 2008/2237/2274 2058/2289/2324
f 2058/2289/2324 1718/1895/1950 1727/1904/1956
f 1734/1911/1963 1885/2084/2120 1787/1965/2009
f 2060/2291/2326 1894/2093/2130 1885/2084/2120
f 2061/2292/2327 1890/2089/2126 1894/2093/2130
f 2062/2293/2328 1891/2090/2127 1890/2089/2126
f 1730/1907/1959 2060/2291/2326 1734/1911/1963
f 2063/2294/2329 2061/2292/2327 2060/2291/2326
f 2064/2295/2330 2062/2293/2328 2061/2292/2327
f 2065/2296/2331 1762/1939/1987 2062/2293/2328
f 1722/1899/1952 2066/2297/2332 2051/2282/2317
f 2051/2282/2317 2067/2298/2333 2052/2283/2318
f 2052/2283/2318 2068/2299/2334 2053/2284/2319
f 2053/2284/2319 1761/1938/1986 1742/1919/1970
f 1728/1905/1957 1897/2096/2134 2066/2297/2332
f 2066/2297/2332 1892/2091/2128 2067/2298/2333
f 2067/2298/2333 1889/2088/2125 2068/2299/2334
f 2068/2299/2334 1891/2090/2127 1761/1938/1986
f 1730/1907/1959 2069/2300/2335 2063/2294/2329
f 2063/2294/2329 2070/2301/2336 2064/2295/2330
f 2064/2295/2330 2071/2302/2337 2065/2296/2331
f 2065/2296/2331 1760/1937/1985 1759/1936/1984
f 1724/1901/1954 2055/2286/2321 2069/2300/2335
f 2069/2300/2335 2057/2288/2323 2070/2301/2336
f 2070/2301/2336 2059/2290/2325 2071/2302/2337
f 2071/2302/2337 1726/1903/1955 1760/1937/1985
f 1729/1906/1958 2072/2303/2338 1884/2304/2135
f 1884/2305/2339 1784/1962/2006 1787/2306/2340
f 1679/1856/1914 1836/2031/2341 2072/2303/2338
f 2072/2307/2342 1785/1963/2007 1784/1962/2006
f 1660/1837/1896 1807/2308/2041 1659/1836/1895
f 2073/2309/2343 1803/1982/2344 1807/1986/2345
f 1803/1982/2025 1748/1925/1974 1745/1922/1971
f 1717/1894/1949 2073/2310/2346 1660/1837/1896
f 1859/2311/2347 2074/2312/2343 2073/2309/2343
f 2074/2312/2348 1850/2044/2082 1748/1925/1974
f 1880/2079/2115 2075/2313/2349 1878/2077/2113
f 1878/2077/2113 2076/2314/2350 1871/2070/2106
f 1871/2070/2106 2077/2315/2351 1867/2065/2102
f 1867/2316/2102 1792/1971/2014 1796/1975/2018
f 1715/1892/1947 1826/2011/2053 2075/2313/2349
f 2075/2313/2349 1820/2016/2047 2076/2314/2350
f 2076/2314/2350 1818/2317/2045 2077/2315/2351
f 2077/2318/2351 1793/1972/2015 1792/1971/2014
f 1622/1799/1861 1688/1865/1920 1623/1800/1862
f 1633/1810/1871 1695/1872/1927 1634/1811/1872
f 1624/1801/1863 1623/1800/1862 1640/1817/1877
f 1641/1818/1878 1640/1817/1877 1648/1825/1885
f 1649/1826/1886 1648/1825/1885 1650/1827/1887
f 1651/1828/1888 1650/1827/1887 1657/1834/1893
f 1685/1862/1918 1797/1976/2019 1686/1863/1919
f 1688/1865/1920 1737/1914/1966 1689/1866/1921
f 1690/1867/1922 1707/1884/1939 1691/1868/1923
f 1695/1872/1927 1699/1876/1931 1696/1873/1928
f 1695/1872/1927 1697/1874/1929 1698/1875/1930
f 1699/1876/1931 1632/1809/1870 1700/1877/1932
f 1640/1817/1877 1767/1944/1990 1705/1882/1937
f 1706/1883/1938 1687/1864/1918 1707/1884/1939
f 1650/1827/1887 1795/1974/2017 1711/1888/1943
f 1692/1869/1924 1691/1868/1923 1712/1889/1944
f 1660/1837/1896 1657/1834/1893 1711/1888/1943
f 1718/1895/1950 1752/1929/1978 1719/1896/1918
f 1632/1809/1870 1631/1808/1869 1721/1898/1951
f 1631/1808/1869 1672/1849/1907 1722/1899/1952
f 1725/1902/1918 1744/1921/1918 1726/1903/1955
f 1672/1849/1907 1671/1848/1906 1728/1905/1957
f 1671/1848/1906 1679/1856/1914 1729/1906/1958
f 1720/1897/1918 1719/1896/1918 1735/1912/1964
f 1635/1812/1873 1634/1811/1872 1688/1865/1920
f 1634/1811/1872 1698/1875/1930 1737/1914/1966
f 1719/1896/1918 1753/1930/1918 1738/1915/1967
f 1742/1919/1970 1761/1938/1986 1743/1920/1918
f 1687/1864/1918 1686/1863/1919 1750/1927/1976
f 1752/1929/1978 1799/1978/2021 1753/1930/1918
f 1743/1920/1918 1762/1939/1987 1759/1936/1984
f 1761/1938/1986 1891/2090/2127 1762/1939/1987
f 1623/1800/1862 1689/1866/1921 1767/1944/1990
f 1712/1889/1944 1788/1967/2010 1768/1945/1991
f 1772/1949/1918 1773/1950/1995 1738/1915/1967
f 1685/1862/1918 1790/1969/2012 1773/1950/1995
f 1720/1897/1918 1725/1902/1918 1727/1904/1956
f 1775/1952/1997 1742/1919/1970 1744/1921/1918
f 1780/1957/2002 1769/1946/1992 1781/1958/2003
f 1769/1946/1992 1768/1945/1991 1783/1960/2005
f 1744/1921/1918 1743/1920/1918 1760/1937/1985
f 1691/1868/1923 1791/1970/2013 1788/1967/2010
f 1790/1969/2012 1685/1862/1918 1687/1864/1918
f 1707/1884/1939 1750/1927/1976 1791/1970/2013
f 1648/1825/1885 1705/1882/1937 1795/1974/2017
f 1797/1976/2019 1685/1862/1918 1772/1949/1918
f 1798/1977/2020 1772/1949/1918 1753/1930/1918
f 1713/1890/1945 1712/1889/1944 1769/1946/1992
f 1736/1913/1965 1775/1952/1997 1725/1902/1918
f 1997/2226/2263 1996/2225/2262 1998/2227/2264
f 1994/2223/2260 2000/2229/2266 2001/2230/2267
f 2012/2241/2278 2014/2243/2280 2013/2242/2279
f 2016/2245/2282 2018/2247/2284 2017/2246/2283
f 2028/2257/2294 2029/2258/2295 2026/2255/2292
f 1705/1882/1937 2034/2263/2300 2033/2262/2299
f 2036/2265/2302 2038/2267/2304 2037/2266/2303
f 2019/2248/2285 1690/1867/1922 1692/1869/1924
f 1868/2067/2103 2039/2269/2305 2040/2270/2306
f 1875/2074/2110 1783/1960/2005 1768/1945/1991
f 2000/2229/2266 2048/2279/2314 2049/2280/2315
f 2002/2231/2268 2050/2281/2316 1775/1952/1997
f 2050/2281/2316 2053/2284/2319 1742/1919/1970
f 2057/2288/2323 2056/2287/2322 2058/2289/2324
f 2063/2294/2329 2064/2295/2330 2061/2292/2327
f 2051/2282/2317 2066/2297/2332 2067/2298/2333
f 1613/1790/1854 1682/1859/1855 1614/1791/1855
f 1616/1793/1857 1789/1968/2011 1617/1794/1858
f 1619/1796/1855 1673/1850/1908 1620/1797/1860
f 1625/1802/1855 1655/1832/1855 1626/1803/1864
f 1628/1805/1866 1616/1793/1857 1618/1795/1859
f 1630/1807/1868 1774/1951/1996 1631/1808/1869
f 1621/1798/1855 1639/1816/1855 1636/1813/1874
f 1638/1815/1876 1770/1947/1993 1625/1802/1855
f 1642/1819/1879 1708/1885/1940 1643/1820/1880
f 1645/1822/1882 1702/1879/1934 1646/1823/1883
f 1652/1829/1889 1662/1839/1898 1653/1830/1890
f 1655/1832/1855 1766/1943/1855 1656/1833/1892
f 1659/1836/1895 1658/1835/1894 1657/1834/1893
f 1661/1838/1897 1715/1892/1947 1662/1839/1898
f 1663/1840/1855 1763/1940/1855 1664/1841/1899
f 1666/1843/1901 1628/1805/1866 1629/1806/1867
f 1668/1845/1903 1666/1843/1901 1667/1844/1902
f 1670/1847/1905 1678/1855/1913 1671/1848/1906
f 1614/1791/1855 1800/1979/2022 1673/1850/1908
f 1674/1851/1909 1668/1845/1903 1669/1846/1904
f 1676/1853/1911 1674/1851/1909 1675/1852/1910
f 1678/1855/1913 1841/2029/2068 1679/1856/1914
f 1680/1857/1855 1740/1917/1968 1681/1858/1915
f 1618/1795/1859 1617/1794/1858 1683/1860/1916
f 1667/1844/1902 1629/1806/1867 1693/1870/1925
f 1701/1878/1933 1754/1931/1979 1683/1860/1916
f 1702/1879/1934 1704/1881/1936 1703/1880/1935
f 1643/1820/1880 1709/1886/1941 1704/1881/1936
f 1708/1885/1940 1710/1887/1942 1709/1886/1941
f 1653/1830/1890 1714/1891/1946 1710/1887/1942
f 1662/1839/1898 1716/1893/1948 1714/1891/1946
f 1715/1892/1947 1880/2079/2115 1716/1893/1948
f 1675/1852/1910 1669/1846/1904 1723/1900/1953
f 1677/1854/1912 1675/1852/1910 1724/1901/1954
f 1731/1908/1960 1630/1807/1868 1632/1809/1870
f 1732/1909/1961 1676/1853/1911 1677/1854/1912
f 1733/1910/1962 1677/1854/1912 1730/1907/1959
f 1620/1797/1860 1638/1815/1876 1639/1816/1855
f 1739/1916/1855 1756/1933/1981 1740/1917/1968
f 1615/1792/1856 1614/1791/1855 1619/1796/1855
f 1629/1806/1867 1618/1795/1859 1684/1861/1917
f 1644/1821/1881 1643/1820/1880 1702/1879/1934
f 1745/1922/1971 1748/1925/1974 1746/1923/1972
f 1748/1925/1974 1850/2044/2082 1749/1926/1975
f 1647/1824/1884 1646/1823/1883 1701/1878/1933
f 1633/1810/1871 1731/1908/1960 1699/1876/1931
f 1646/1823/1883 1703/1880/1935 1754/1931/1979
f 1755/1932/1980 1847/2038/2078 1756/1933/1981
f 1757/1934/1982 1755/1932/1980 1739/1916/1855
f 1763/1940/1855 1776/1953/1998 1764/1941/1988
f 1765/1942/1989 1771/1948/1994 1766/1943/1855
f 1770/1947/1993 1765/1942/1989 1655/1832/1855
f 1771/1948/1994 1794/1973/2016 1663/1840/1855
f 1774/1951/1996 1670/1847/1905 1672/1849/1907
f 1776/1953/1998 1779/1956/2001 1777/1954/1999
f 1778/1955/2000 1811/1990/2034 1779/1956/2001
f 1732/1961/1961 1733/2319/1962 1784/1962/2006
f 1786/1964/2008 1680/1857/1855 1682/1859/1855
f 1669/1846/1904 1667/1844/1902 1694/1871/1926
f 1733/1910/1962 1734/1911/1963 1787/1965/2009
f 1654/1831/1891 1653/1830/1890 1708/1885/1940
f 1758/1935/1983 1739/1916/1855 1680/1857/1855
f 1766/1943/1855 1663/1840/1855 1665/1842/1900
f 1751/1928/1977 1701/1878/1933 1617/1794/1858
f 1747/1924/1973 1746/1923/1972 1792/1971/2014
f 1794/1973/2016 1801/1980/2023 1763/1940/1855
f 1746/1923/1972 1749/1926/1975 1796/1975/2018
f 1741/1918/1969 1619/1796/1855 1621/1798/1855
f 1639/1816/1855 1625/1802/1855 1627/1804/1865
f 1682/1859/1855 1681/1858/1915 1800/1979/2022
f 1801/1980/2023 1778/1955/2000 1776/1953/1998
f 1745/1922/1971 1804/1983/2026 1802/1981/2024
f 1804/1983/2026 1814/1995/2037 1805/1984/2027
f 1803/1982/2028 1802/1981/2024 1806/1985/2029
f 1802/1981/2024 1805/1984/2027 1808/1987/2031
f 1809/1988/2032 1813/1994/2036 1810/1989/2033
f 1812/1991/2035 1815/2001/2038 1813/1992/2036
f 1813/1994/2036 1805/1984/2027 1814/1995/2037
f 1815/1996/2038 1808/1987/2031 1805/1984/2027
f 1659/1836/1895 1807/2308/2041 1816/1997/2039
f 1817/1998/2040 1816/1997/2039 1815/2001/2043
f 1816/1997/2039 1806/2000/2042 1808/2002/2044
f 1818/2003/2045 1821/2006/2048 1819/2004/2046
f 1820/2005/2047 1823/2008/2050 1821/2006/2048
f 1821/2006/2048 1824/2009/2051 1822/2007/2049
f 1823/2008/2050 1829/2017/2056 1824/2009/2051
f 1661/1838/1897 1827/2175/2054 1825/2010/2052
f 1827/2012/2054 1833/2021/2352 1828/2013/2055
f 1826/2011/2053 1825/2010/2052 1823/2015/2050
f 1825/2014/2052 1828/2013/2055 1829/2017/2056
f 1777/1954/1999 1832/2020/2059 1830/2018/2057
f 1832/2020/2059 1822/2007/2049 1824/2009/2051
f 1831/2019/2058 1830/2018/2057 1828/2013/2055
f 1830/2018/2057 1824/2009/2051 1829/2017/2056
f 1785/1963/2007 1836/2320/2063 1834/2022/2061
f 1835/2023/2062 1834/2022/2061 1838/2026/2065
f 1834/2022/2061 1837/2025/2064 1840/2028/2067
f 1841/2029/2068 1843/2032/2071 1842/2030/2069
f 1843/2032/2071 1849/2041/2246 1844/2033/2072
f 1842/2030/2069 1844/2033/2072 1840/2035/2074
f 1845/2036/2076 1848/2039/2079 1846/2037/2077
f 1839/2027/2066 1838/2026/2065 1848/2039/2079
f 1848/2040/2079 1844/2033/2081 1849/2041/2080
f 1838/2026/2065 1840/2028/2067 1844/2043/2081
f 1850/2044/2082 1853/2047/2353 1851/2045/2083
f 1853/2047/2085 1859/2311/2354 1854/2048/2086
f 1852/2046/2084 1851/2045/2083 1855/2049/2087
f 1851/2045/2083 1854/2048/2086 1857/2051/2089
f 1717/1894/1949 1860/2054/2092 1858/2052/2090
f 1860/2054/2092 1865/2062/2099 1861/2055/2093
f 1858/2052/2090 1861/2055/2093 1857/2057/2095
f 1862/2058/2096 1864/2061/2098 1863/2059/2097
f 1856/2060/2088 1855/2063/2100 1864/2061/2098
f 1864/2061/2098 1861/2055/2093 1865/2062/2099
f 1855/2063/2100 1857/2057/2095 1861/2055/2093
f 1866/2064/2101 1869/2068/2104 1867/2065/2102
f 1868/2067/2103 1877/2076/2112 1869/2068/2104
f 1867/2065/2102 1869/2068/2104 1870/2069/2105
f 1869/2068/2104 1877/2076/2112 1872/2071/2107
f 1783/1960/2005 1875/2074/2110 1873/2072/2108
f 1875/2074/2110 1882/2081/2117 1876/2075/2111
f 1874/2073/2109 1873/2072/2108 1877/2076/2112
f 1873/2072/2108 1876/2075/2111 1872/2071/2107
f 1878/2077/2113 1881/2080/2116 1879/2078/2114
f 1871/2070/2106 1870/2069/2105 1881/2080/2116
f 1881/2080/2116 1876/2075/2111 1882/2081/2117
f 1870/2069/2105 1872/2071/2107 1876/2075/2111
f 1787/1965/2009 1885/2084/2120 1883/2082/2118
f 1885/2084/2120 1894/2093/2130 1886/2085/2121
f 1883/2082/2118 1886/2085/2121 1888/2087/2123
f 1889/2088/2125 1893/2092/2129 1890/2089/2126
f 1892/2091/2128 1895/2094/2131 1893/2092/2129
f 1893/2092/2129 1886/2085/2132 1894/2093/2130
f 1895/2094/2131 1888/2087/2137 1886/2085/2132
f 1729/1906/1958 1884/2304/2135 1896/2095/2133
f 1897/2096/2134 1896/2095/2133 1895/2094/2131
f 1896/2095/2133 1887/2086/2136 1888/2087/2137
f 1637/1814/1875 1636/1813/1874 1898/2098/2138
f 1899/2099/2139 1898/2098/2138 1900/2100/2140
f 1901/2101/2142 1900/2100/2147 1902/2102/2143
f 1902/2104/2143 1751/1928/1977 1789/1968/2011
f 1636/1813/1874 1627/1804/1865 1904/2106/2145
f 1898/2098/2138 1904/2106/2145 1905/2107/2146
f 1900/2100/2147 1905/2107/2185 1906/2108/2148
f 1906/2109/2148 1647/1824/1884 1751/1928/1977
f 1673/1850/1908 1908/2116/2150 1907/2110/2149
f 1908/2111/2150 1910/2114/2156 1909/2112/2151
f 1910/2114/2152 1914/2119/2158 1911/2115/2153
f 1911/2115/2153 1914/2119/2158 1731/1908/1960
f 1800/1979/2022 1912/2180/2155 1908/2116/2150
f 1912/2117/2155 1913/2118/2219 1910/2114/2156
f 1913/2118/2157 1962/2183/2221 1914/2119/2158
f 1914/2119/2158 1962/2183/2221 1630/1807/1868
f 1741/1918/1969 1916/2121/2160 1915/2120/2159
f 1916/2121/2160 1918/2123/2165 1917/2122/2161
f 1918/2123/2162 1920/2126/2166 1919/2124/2163
f 1919/2125/2163 1920/2127/2166 1616/1793/1857
f 1637/1814/1875 1899/2099/2139 1916/2121/2160
f 1899/2099/2139 1901/2101/2141 1918/2123/2165
f 1901/2101/2142 1903/2103/2144 1920/2126/2166
f 1920/2127/2166 1903/2105/2144 1789/1968/2011
f 1770/1947/1993 1638/1815/1876 1921/2128/2167
f 1922/2130/2168 1921/2135/2167 1923/2131/2169
f 1924/2132/2171 1923/2131/2174 1925/2133/2172
f 1925/2133/2172 1635/1812/1873 1622/1799/1861
f 1638/1815/1876 1620/1797/1860 1907/2110/2149
f 1921/2135/2167 1907/2113/2149 1909/2112/2151
f 1923/2131/2174 1909/2112/2154 1911/2115/2153
f 1911/2115/2153 1633/1810/1871 1635/1812/1873
f 1771/1948/1994 1765/1942/1989 1927/2136/2175
f 1928/2138/2176 1927/2143/2175 1929/2139/2177
f 1930/2140/2179 1929/2139/2182 1931/2141/2180
f 1931/2141/2180 1624/1801/1863 1641/1818/1878
f 1765/1942/1989 1770/1947/1993 1922/2129/2168
f 1927/2143/2175 1922/2130/2168 1924/2132/2170
f 1929/2139/2182 1924/2132/2171 1926/2134/2173
f 1926/2134/2173 1622/1799/1861 1624/1801/1863
f 1627/1804/1865 1626/1803/1864 1933/2144/2183
f 1904/2106/2145 1933/2144/2183 1934/2145/2184
f 1905/2107/2185 1934/2145/2189 1935/2146/2186
f 1935/2147/2186 1645/1822/1882 1647/1824/1884
f 1626/1803/1864 1656/1833/1892 1936/2148/2187
f 1933/2144/2183 1936/2148/2187 1937/2149/2188
f 1934/2145/2189 1937/2149/2193 1938/2150/2190
f 1938/2151/2190 1644/1821/1881 1645/1822/1882
f 1656/1833/1892 1665/1842/1900 1939/2152/2191
f 1936/2148/2187 1939/2152/2191 1940/2153/2192
f 1937/2149/2193 1940/2153/2197 1941/2154/2194
f 1941/2155/2194 1642/1819/1879 1644/1821/1881
f 1665/1842/1900 1664/1841/1899 1942/2156/2195
f 1939/2152/2191 1942/2156/2195 1943/2157/2196
f 1940/2153/2197 1943/2157/2212 1944/2158/2198
f 1944/2159/2198 1654/1831/1891 1642/1819/1879
f 1801/1980/2023 1794/1973/2016 1945/2160/2199
f 1946/2162/2200 1945/2167/2199 1947/2163/2201
f 1948/2164/2203 1947/2163/2206 1949/2165/2204
f 1950/2166/2205 1949/2165/2204 1649/1826/1886
f 1794/1973/2016 1771/1948/1994 1928/2137/2176
f 1945/2167/2199 1928/2138/2176 1930/2140/2178
f 1947/2163/2206 1930/2140/2179 1932/2142/2181
f 1932/2142/2181 1641/1818/1878 1649/1826/1886
f 1779/1956/2001 1951/2168/2207 1832/2020/2059
f 1951/2168/2207 1952/2169/2208 1822/2007/2049
f 1952/2169/2208 1953/2170/2209 1819/2004/2046
f 1953/2170/2209 1747/1924/1973 1793/1972/2015
f 1811/1990/2034 1810/1989/2033 1951/2168/2207
f 1810/1989/2033 1814/1995/2037 1952/2169/2208
f 1814/1995/2037 1804/1983/2026 1953/2170/2209
f 1804/1983/2026 1745/1922/1971 1747/1924/1973
f 1664/1841/1899 1764/1941/1988 1954/2171/2210
f 1942/2156/2195 1954/2171/2210 1955/2172/2211
f 1943/2157/2212 1955/2172/2214 1956/2173/2213
f 1956/2174/2213 1652/1829/1889 1654/1831/1891
f 1764/1941/1988 1777/1954/1999 1831/2019/2058
f 1954/2171/2210 1831/2019/2058 1833/2021/2060
f 1955/2172/2214 1833/2021/2352 1827/2012/2054
f 1827/2175/2054 1661/1838/1897 1652/1829/1889
f 1811/1990/2034 1778/1955/2000 1957/2176/2215
f 1809/1993/2032 1957/2179/2215 1958/2177/2216
f 1812/1991/2035 1958/2177/2216 1959/2178/2217
f 1817/1998/2040 1959/2178/2217 1658/1835/1894
f 1778/1955/2000 1801/1980/2023 1946/2161/2200
f 1957/2179/2215 1946/2162/2200 1948/2164/2202
f 1958/2177/2216 1948/2164/2203 1950/2166/2205
f 1959/2178/2217 1950/2166/2205 1651/1828/1888
f 1681/1858/1915 1960/2184/2218 1912/2180/2155
f 1960/2181/2218 1961/2182/2223 1913/2118/2219
f 1961/2182/2220 1965/2187/2225 1962/2183/2221
f 1962/2183/2221 1965/2187/2225 1774/1951/1996
f 1740/1917/1968 1963/2203/2222 1960/2184/2218
f 1963/2185/2222 1964/2186/2241 1961/2182/2223
f 1964/2186/2224 1980/2206/2243 1965/2187/2225
f 1965/2187/2225 1980/2206/2243 1670/1847/1905
f 1613/1790/1854 1967/2189/2227 1966/2188/2226
f 1967/2189/2227 1969/2191/2232 1968/2190/2228
f 1969/2191/2229 1971/2194/2233 1970/2192/2230
f 1970/2193/2230 1971/2195/2233 1666/1843/1901
f 1615/1792/1856 1915/2120/2159 1967/2189/2227
f 1915/2120/2159 1917/2122/2161 1969/2191/2232
f 1917/2122/2164 1919/2124/2163 1971/2194/2233
f 1971/2195/2233 1919/2125/2163 1628/1805/1866
f 1847/2038/2078 1755/1932/1980 1972/2196/2234
f 1845/2036/2076 1972/2196/2234 1973/2197/2235
f 1839/2027/2066 1973/2197/2235 1974/2198/2236
f 1835/2023/2062 1974/2198/2236 1732/1961/1961
f 1755/1932/1980 1757/1934/1982 1975/2199/2237
f 1972/2196/2234 1975/2199/2237 1976/2200/2238
f 1973/2197/2235 1976/2200/2238 1977/2201/2239
f 1974/2202/2236 1977/2211/2239 1676/1853/1911
f 1756/1933/1981 1978/2208/2240 1963/2203/2222
f 1978/2204/2240 1979/2205/2245 1964/2186/2241
f 1979/2205/2242 1981/2207/2244 1980/2206/2243
f 1981/2207/2244 1678/1855/1913 1670/1847/1905
f 1847/2038/2078 1846/2037/2077 1978/2208/2240
f 1846/2042/2077 1849/2041/2080 1979/2205/2245
f 1849/2041/2246 1843/2032/2071 1981/2207/2244
f 1843/2032/2071 1841/2029/2068 1678/1855/1913
f 1758/1935/1983 1982/2209/2247 1975/2199/2237
f 1982/2209/2247 1983/2210/2249 1976/2200/2238
f 1983/2210/2248 1984/2212/2250 1977/2201/2239
f 1977/2211/2239 1984/2213/2250 1674/1851/1909
f 1786/1964/2008 1966/2188/2226 1982/2209/2247
f 1966/2188/2226 1968/2190/2228 1983/2210/2249
f 1968/2190/2231 1970/2192/2230 1984/2212/2250
f 1970/2193/2230 1668/1845/1903 1674/1851/1909
f 1754/1931/1979 1986/2215/2252 1985/2214/2251
f 1986/2215/2252 1988/2217/2254 1987/2216/2253
f 1988/2217/2254 1990/2219/2256 1989/2218/2255
f 1990/2219/2256 1798/1977/2020 1799/1978/2021
f 1703/1880/1935 1991/2220/2257 1986/2215/2252
f 1991/2220/2257 1992/2221/2258 1988/2217/2254
f 1992/2221/2258 1993/2222/2259 1990/2219/2256
f 1993/2222/2259 1797/1976/2019 1798/1977/2020
f 1697/1874/1929 1696/1873/1928 1994/2223/2260
f 1995/2224/2261 1994/2223/2260 1996/2225/2262
f 1999/2228/2265 1998/2227/2264 1735/1912/1964
f 1696/1873/1928 1700/1877/1932 2000/2229/2266
f 1996/2225/2262 2001/2230/2267 2002/2231/2268
f 1998/2227/2264 2002/2231/2268 1736/1913/1965
f 1693/1870/1925 1684/1861/1917 2003/2232/2269
f 2004/2233/2270 2003/2232/2269 2005/2234/2271
f 2006/2235/2272 2005/2234/2271 2007/2236/2273
f 2008/2237/2274 2007/2236/2273 1752/1929/1978
f 1684/1861/1917 1683/1860/1916 1985/2214/2251
f 2003/2232/2269 1985/2214/2251 1987/2216/2253
f 2005/2234/2271 1987/2216/2253 1989/2218/2255
f 2007/2236/2273 1989/2218/2255 1799/1978/2021
f 1698/1875/1930 2010/2239/2276 2009/2238/2275
f 2010/2239/2276 2012/2241/2278 2011/2240/2277
f 2014/2243/2280 1773/1950/1995 1790/1969/2012
f 1697/1874/1929 1995/2224/2261 2010/2239/2276
f 1995/2224/2261 1997/2226/2263 2012/2241/2278
f 1997/2226/2263 1999/2228/2265 2014/2243/2280
f 1999/2228/2265 1738/1915/1967 1773/1950/1995
f 1689/1866/1921 2016/2245/2282 2015/2244/2281
f 2018/2247/2284 2020/2249/2286 2019/2248/2285
f 2020/2249/2286 1706/1883/1938 1690/1867/1922
f 1737/1914/1966 2009/2238/2275 2016/2245/2282
f 2009/2238/2275 2011/2240/2277 2018/2247/2284
f 2011/2240/2277 2013/2242/2279 2020/2249/2286
f 2013/2242/2279 1790/1969/2012 1706/1883/1938
f 1704/1881/1936 2021/2250/2287 1991/2220/2257
f 2021/2250/2287 2022/2251/2288 1992/2221/2258
f 2022/2251/2288 2023/2252/2289 1993/2222/2259
f 2023/2252/2289 1686/1863/1919 1797/1976/2019
f 1709/1886/1941 2024/2253/2290 2021/2250/2287
f 2024/2253/2290 2025/2254/2291 2022/2251/2288
f 2025/2254/2291 2026/2255/2292 2023/2252/2289
f 2026/2255/2292 1750/1927/1976 1686/1863/1919
f 1710/1887/1942 2027/2256/2293 2024/2253/2290
f 2027/2256/2293 2028/2257/2294 2025/2254/2291
f 2029/2258/2295 1791/1970/2013 1750/1927/1976
f 1714/1891/1946 2030/2259/2296 2027/2256/2293
f 2030/2259/2296 2031/2260/2297 2028/2257/2294
f 2031/2260/2297 2032/2261/2298 2029/2258/2295
f 2032/2261/2298 1788/1967/2010 1791/1970/2013
f 2034/2263/2300 2036/2265/2302 2035/2264/2301
f 2038/2267/2304 1692/1869/1924 1713/1890/1945
f 1767/1944/1990 2015/2244/2281 2034/2263/2300
f 2015/2244/2281 2017/2246/2283 2036/2265/2302
f 2017/2246/2283 2019/2248/2285 2038/2267/2304
f 1749/1926/1975 2041/2271/2307 1866/2268/2101
f 1866/2064/2101 2041/2272/2307 2039/2269/2305
f 1874/2073/2109 2040/2270/2306 1781/1958/2003
f 1749/1926/1975 1850/2044/2082 1852/2046/2084
f 2041/2272/2307 1852/2321/2084 1856/2060/2088
f 2039/2269/2305 1856/2060/2088 1862/2058/2096
f 2040/2270/2306 1862/2058/2096 1782/1959/2004
f 1716/1893/1948 2042/2273/2308 2030/2259/2296
f 2042/2273/2308 2043/2274/2309 2031/2260/2297
f 2043/2274/2309 2044/2275/2310 2032/2261/2298
f 2044/2275/2310 1768/1945/1991 1788/1967/2010
f 1880/2079/2115 1879/2078/2114 2042/2273/2308
f 1879/2078/2114 1882/2081/2117 2043/2274/2309
f 1882/2081/2117 1875/2074/2110 2044/2275/2310
f 1711/1888/1943 2045/2276/2311 1860/2054/2092
f 2045/2276/2311 2046/2277/2312 1865/2062/2099
f 2046/2277/2312 2047/2278/2313 1863/2059/2097
f 2047/2278/2313 1780/1957/2002 1782/1959/2004
f 1795/1974/2017 2033/2262/2299 2045/2276/2311
f 2033/2262/2299 2035/2264/2301 2046/2277/2312
f 2035/2264/2301 2037/2266/2303 2047/2278/2313
f 2037/2266/2303 1713/1890/1945 1780/1957/2002
f 1700/1877/1932 1721/1898/1951 2048/2279/2314
f 2001/2230/2267 2049/2280/2315 2050/2281/2316
f 1721/1898/1951 1722/1899/1952 2051/2282/2317
f 2048/2279/2314 2051/2282/2317 2052/2283/2318
f 2049/2280/2315 2052/2283/2318 2053/2284/2319
f 1723/1900/1953 1694/1871/1926 2054/2285/2320
f 2055/2286/2321 2054/2285/2320 2056/2287/2322
f 2059/2290/2325 2058/2289/2324 1727/1904/1956
f 1694/1871/1926 1693/1870/1925 2004/2233/2270
f 2054/2285/2320 2004/2233/2270 2006/2235/2272
f 2056/2287/2322 2006/2235/2272 2008/2237/2274
f 2058/2289/2324 2008/2237/2274 1718/1895/1950
f 1734/1911/1963 2060/2291/2326 1885/2084/2120
f 2060/2291/2326 2061/2292/2327 1894/2093/2130
f 2061/2292/2327 2062/2293/2328 1890/2089/2126
f 2062/2293/2328 1762/1939/1987 1891/2090/2127
f 1730/1907/1959 2063/2294/2329 2060/2291/2326
f 2064/2295/2330 2065/2296/2331 2062/2293/2328
f 2065/2296/2331 1759/1936/1984 1762/1939/1987
f 1722/1899/1952 1728/1905/1957 2066/2297/2332
f 2052/2283/2318 2067/2298/2333 2068/2299/2334
f 2053/2284/2319 2068/2299/2334 1761/1938/1986
f 1728/1905/1957 1729/1906/1958 1897/2096/2134
f 2066/2297/2332 1897/2096/2134 1892/2091/2128
f 2067/2298/2333 1892/2091/2128 1889/2088/2125
f 2068/2299/2334 1889/2088/2125 1891/2090/2127
f 1730/1907/1959 1724/1901/1954 2069/2300/2335
f 2063/2294/2329 2069/2300/2335 2070/2301/2336
f 2064/2295/2330 2070/2301/2336 2071/2302/2337
f 2065/2296/2331 2071/2302/2337 1760/1937/1985
f 1724/1901/1954 1723/1900/1953 2055/2286/2321
f 2069/2300/2335 2055/2286/2321 2057/2288/2323
f 2070/2301/2336 2057/2288/2323 2059/2290/2325
f 2071/2302/2337 2059/2290/2325 1726/1903/1955
f 1729/1906/1958 1679/1856/1914 2072/2303/2338
f 1884/2305/2339 2072/2307/2342 1784/1962/2006
f 1679/1856/1914 1841/2029/2068 1836/2031/2341
f 2072/2307/2342 1836/2320/2355 1785/1963/2007
f 1660/1837/1896 2073/2310/2346 1807/2308/2041
f 2073/2309/2343 2074/2312/2343 1803/1982/2344
f 1803/1982/2025 2074/2312/2348 1748/1925/1974
f 1717/1894/1949 1859/2053/2091 2073/2310/2346
f 1859/2311/2347 1853/2047/2347 2074/2312/2343
f 2074/2312/2348 1853/2047/2356 1850/2044/2082
f 1880/2079/2115 1715/1892/1947 2075/2313/2349
f 1878/2077/2113 2075/2313/2349 2076/2314/2350
f 1871/2070/2106 2076/2314/2350 2077/2315/2351
f 1867/2316/2102 2077/2318/2351 1792/1971/2014
f 1715/1892/1947 1661/1838/1897 1826/2011/2053
f 2075/2313/2349 1826/2011/2053 1820/2016/2047
f 2076/2314/2350 1820/2016/2047 1818/2317/2045
f 2077/2318/2351 1818/2003/2045 1793/1972/2015
f 2078/2322/2357 2079/2323/2358 2080/2324/2359
f 2081/2325/2360 2082/2326/2361 2083/2327/2362
f 2084/2328/2358 2085/2329/2363 2086/2330/2358
f 2087/2331/2364 2088/2332/2365 2089/2333/2366
f 2090/2334/2358 2091/2335/2367 2092/2336/2368
f 2093/2337/2369 2083/2327/2362 2094/2338/2370
f 2095/2339/2371 2096/2340/2372 2097/2341/2373
f 2098/2342/2374 2099/2343/2375 2100/2344/2376
f 2086/2330/2358 2101/2345/2377 2102/2346/2378
f 2103/2347/2379 2090/2334/2358 2104/2348/2358
f 2089/2333/2366 2105/2349/2380 2106/2350/2381
f 2107/2351/2382 2108/2352/2383 2109/2353/2384
f 2110/2354/2385 2111/2355/2386 2112/2356/2387
f 2106/2350/2381 2113/2357/2388 2114/2358/2389
f 2114/2358/2389 2115/2359/2390 2116/2360/2391
f 2117/2361/2392 2118/2362/2393 2119/2363/2394
f 2120/2364/2358 2121/2365/2395 2091/2335/2367
f 2116/2360/2391 2122/2366/2396 2123/2367/2397
f 2123/2367/2397 2124/2368/2398 2125/2369/2399
f 2126/2370/2400 2127/2371/2401 2117/2361/2392
f 2128/2372/2358 2129/2373/2402 2130/2374/2403
f 2131/2375/2404 2094/2338/2370 2132/2376/2405
f 2133/2377/2406 2132/2376/2405 2134/2378/2407
f 2135/2379/2408 2136/2380/2409 2137/2381/2410
f 2079/2323/2358 2138/2382/2411 2084/2328/2358
f 2139/2383/2412 2134/2378/2407 2140/2384/2413
f 2141/2385/2414 2140/2384/2413 2142/2386/2415
f 2143/2387/2416 2144/2388/2417 2136/2380/2409
f 2145/2389/2358 2146/2390/2418 2147/2391/2358
f 2083/2327/2362 2148/2392/2419 2149/2393/2420
f 2150/2394/2421 2151/2395/2422 2152/2396/2421
f 2153/2397/2423 2154/2398/2424 2088/2332/2365
f 2155/2399/2425 2156/2400/2421 2157/2401/2426
f 2132/2376/2405 2158/2402/2427 2159/2403/2428
f 2160/2404/2429 2161/2405/2430 2162/2406/2431
f 2160/2404/2429 2163/2407/2432 2099/2343/2375
f 2164/2408/2433 2165/2409/2434 2161/2405/2430
f 2166/2410/2435 2148/2392/2419 2082/2326/2361
f 2167/2411/2436 2168/2412/2437 2111/2355/2386
f 2108/2352/2383 2169/2413/2438 2167/2411/2436
f 2105/2349/2380 2170/2414/2439 2113/2357/2388
f 2171/2415/2440 2172/2416/2421 2155/2399/2425
f 2173/2417/2441 2174/2418/2442 2108/2352/2383
f 2118/2362/2393 2175/2419/2443 2173/2417/2441
f 2115/2359/2390 2176/2420/2444 2122/2366/2396
f 2157/2401/2426 2177/2421/2421 2178/2422/2445
f 2127/2371/2401 2179/2423/2446 2118/2362/2393
f 2180/2424/2447 2181/2425/2448 2127/2371/2401
f 2122/2366/2396 2182/2426/2449 2124/2368/2398
f 2183/2427/2450 2184/2428/2421 2185/2429/2421
f 2097/2341/2373 2186/2430/2451 2165/2409/2434
f 2096/2340/2372 2187/2431/2452 2186/2430/2451
f 2140/2384/2413 2188/2432/2453 2189/2433/2454
f 2190/2434/2421 2191/2435/2455 2192/2436/2456
f 2137/2381/2410 2193/2437/2457 2187/2431/2452
f 2136/2380/2409 2194/2438/2458 2193/2437/2457
f 2142/2386/2415 2189/2433/2454 2195/2439/2459
f 2196/2440/2460 2097/2341/2373 2164/2408/2433
f 2197/2441/2461 2142/2386/2415 2198/2442/2462
f 2198/2442/2462 2195/2439/2459 2199/2443/2463
f 2185/2429/2421 2200/2444/2464 2201/2445/2465
f 2085/2329/2363 2104/2348/2358 2086/2330/2358
f 2100/2344/2376 2153/2397/2423 2087/2331/2364
f 2099/2343/2375 2202/2446/2466 2153/2397/2423
f 2184/2428/2421 2203/2447/2467 2200/2444/2464
f 2204/2448/2358 2205/2449/2468 2145/2389/2358
f 2080/2324/2359 2084/2328/2358 2206/2450/2469
f 2094/2338/2370 2149/2393/2420 2158/2402/2427
f 2207/2451/2470 2208/2452/2421 2209/2453/2421
f 2109/2353/2384 2167/2411/2436 2110/2354/2385
f 2210/2454/2471 2211/2455/2472 2212/2456/2473
f 2212/2456/2473 2213/2457/2474 2214/2458/2475
f 2152/2396/2421 2215/2459/2476 2172/2416/2421
f 2112/2356/2387 2166/2410/2435 2216/2460/2477
f 2098/2342/2374 2164/2408/2433 2160/2404/2429
f 2217/2461/2478 2218/2462/2421 2184/2428/2421
f 2111/2355/2386 2219/2463/2479 2166/2410/2435
f 2220/2464/2480 2221/2465/2481 2204/2448/2358
f 2222/2466/2482 2204/2448/2358 2223/2467/2483
f 2208/2452/2421 2224/2468/2484 2225/2469/2485
f 2226/2470/2486 2227/2471/2487 2208/2452/2421
f 2228/2472/2358 2229/2473/2488 2129/2373/2402
f 2230/2474/2489 2231/2475/2358 2120/2364/2358
f 2088/2332/2365 2232/2476/2490 2105/2349/2380
f 2177/2421/2421 2233/2477/2491 2234/2478/2492
f 2235/2479/2493 2120/2364/2358 2090/2334/2358
f 2236/2480/2494 2128/2372/2358 2231/2475/2358
f 2237/2481/2421 2203/2447/2467 2218/2462/2421
f 2150/2394/2421 2238/2482/2495 2237/2481/2421
f 2239/2483/2496 2137/2381/2410 2096/2340/2372
f 2185/2429/2421 2192/2436/2456 2183/2427/2450
f 2240/2484/2497 2209/2453/2421 2190/2434/2421
f 2241/2485/2498 2242/2486/2499 2229/2473/2488
f 2243/2487/2500 2244/2488/2501 2241/2485/2498
f 2245/2489/2502 2246/2490/2503 2247/2491/2504
f 2234/2478/2492 2248/2492/2505 2246/2490/2503
f 2197/2493/2461 2249/2494/2506 2250/2495/2507
f 2251/2496/2508 2147/2391/2358 2078/2322/2357
f 2134/2378/2407 2159/2403/2428 2188/2432/2453
f 2198/2497/2462 2252/2498/2509 2249/2494/2506
f 2119/2363/2394 2173/2417/2441 2107/2351/2382
f 2223/2467/2483 2145/2389/2358 2251/2496/2508
f 2209/2453/2421 2225/2469/2485 2191/2435/2455
f 2156/2400/2421 2253/2499/2510 2177/2421/2421
f 2231/2475/2358 2130/2374/2403 2121/2365/2395
f 2216/2460/2477 2082/2326/2361 2254/2500/2511
f 2255/2501/2512 2152/2396/2421 2171/2415/2440
f 2172/2416/2421 2256/2502/2513 2156/2400/2421
f 2210/2454/2471 2180/2424/2447 2126/2370/2400
f 2257/2503/2514 2228/2472/2358 2128/2372/2358
f 2113/2357/2388 2258/2504/2515 2115/2359/2390
f 2212/2456/2473 2259/2505/2516 2180/2424/2447
f 2206/2450/2469 2086/2330/2358 2102/2346/2378
f 2104/2348/2358 2092/2336/2368 2101/2345/2377
f 2260/2506/2517 2237/2481/2421 2261/2507/2518
f 2261/2507/2518 2218/2462/2421 2262/2508/2519
f 2147/2391/2358 2263/2509/2520 2079/2323/2358
f 2264/2510/2521 2241/2485/2498 2228/2472/2358
f 2178/2422/2445 2234/2478/2492 2245/2489/2502
f 2201/2445/2465 2190/2434/2421 2185/2429/2421
f 2265/2511/2522 2266/2512/2523 2267/2513/2524
f 2268/2514/2525 2269/2515/2526 2266/2512/2523
f 2267/2513/2524 2270/2516/2527 2271/2517/2528
f 2266/2512/2523 2272/2518/2529 2270/2516/2527
f 2273/2519/2530 2274/2520/2531 2275/2521/2532
f 2276/2522/2533 2277/2523/2534 2273/2524/2530
f 2277/2525/2534 2278/2526/2535 2274/2520/2531
f 2279/2527/2536 2269/2515/2526 2277/2525/2534
f 2125/2369/2399 2280/2528/2537 2281/2529/2538
f 2271/2530/2539 2270/2531/2540 2280/2528/2537
f 2281/2529/2538 2279/2532/2541 2276/2522/2542
f 2280/2528/2537 2272/2533/2543 2279/2532/2541
f 2250/2495/2507 2282/2534/2544 2283/2535/2545
f 2284/2536/2546 2285/2537/2547 2282/2534/2544
f 2283/2535/2545 2286/2538/2548 2287/2539/2549
f 2282/2534/2544 2288/2540/2550 2286/2538/2548
f 2289/2541/2551 2290/2542/2552 2291/2543/2553
f 2292/2544/2554 2293/2545/2555 2290/2542/2552
f 2291/2543/2553 2290/2542/2552 2285/2546/2556
f 2290/2542/2552 2288/2547/2557 2285/2546/2556
f 2294/2548/2558 2295/2549/2559 2296/2550/2560
f 2287/2539/2549 2297/2551/2561 2294/2548/2558
f 2297/2552/2561 2298/2553/2562 2295/2554/2559
f 2286/2538/2548 2293/2555/2563 2297/2551/2561
f 2213/2457/2474 2299/2556/2564 2300/2557/2565
f 2301/2558/2566 2302/2559/2567 2299/2560/2564
f 2300/2557/2565 2303/2561/2568 2304/2562/2569
f 2299/2556/2564 2305/2563/2570 2303/2561/2568
f 2182/2426/2449 2306/2564/2571 2301/2565/2572
f 2307/2566/2573 2308/2567/2574 2306/2564/2571
f 2301/2565/2572 2306/2564/2571 2302/2568/2575
f 2306/2564/2571 2305/2563/2576 2302/2568/2575
f 2309/2569/2577 2310/2570/2578 2247/2491/2504
f 2304/2562/2569 2311/2571/2579 2309/2569/2577
f 2311/2571/2579 2312/2572/2580 2310/2570/2578
f 2303/2561/2581 2308/2567/2574 2311/2571/2579
f 2252/2573/2509 2313/2574/2582 2314/2575/2583
f 2315/2576/2584 2316/2577/2585 2313/2574/2582
f 2314/2575/2583 2313/2574/2582 2317/2578/2586
f 2313/2574/2582 2318/2579/2587 2317/2578/2586
f 2319/2580/2588 2320/2581/2589 2321/2582/2590
f 2322/2583/2591 2323/2584/2592 2319/2580/2588
f 2323/2584/2592 2324/2585/2593 2320/2581/2589
f 2325/2586/2594 2316/2577/2595 2323/2584/2592
f 2194/2438/2458 2326/2587/2596 2327/2588/2597
f 2314/2589/2598 2317/2578/2599 2326/2587/2596
f 2327/2588/2597 2325/2586/2594 2322/2583/2591
f 2326/2587/2596 2318/2579/2600 2325/2586/2594
f 2102/2346/2378 2328/2590/2601 2329/2591/2602
f 2329/2591/2602 2330/2592/2603 2331/2593/2604
f 2331/2594/2605 2332/2595/2606 2333/2596/2607
f 2332/2595/2606 2254/2500/2511 2333/2596/2607
f 2101/2345/2377 2334/2597/2608 2328/2590/2601
f 2328/2590/2601 2335/2598/2609 2330/2592/2603
f 2330/2599/2610 2336/2600/2611 2332/2595/2606
f 2336/2600/2611 2216/2460/2477 2332/2595/2606
f 2138/2382/2411 2337/2601/2612 2085/2329/2363
f 2338/2602/2613 2339/2603/2614 2337/2604/2612
f 2340/2605/2615 2341/2606/2616 2339/2603/2617
f 2341/2606/2616 2196/2440/2460 2098/2342/2374
f 2263/2509/2520 2338/2607/2613 2138/2382/2411
f 2342/2608/2618 2340/2605/2619 2338/2602/2613
f 2343/2609/2620 2344/2610/2621 2340/2605/2615
f 2344/2610/2621 2095/2339/2371 2196/2440/2460
f 2206/2450/2469 2345/2611/2622 2080/2324/2359
f 2346/2612/2623 2347/2613/2624 2345/2611/2622
f 2348/2614/2625 2349/2615/2626 2347/2616/2627
f 2349/2615/2626 2081/2325/2360 2093/2337/2369
f 2102/2346/2378 2346/2612/2623 2206/2450/2469
f 2329/2591/2602 2348/2617/2628 2346/2612/2623
f 2331/2594/2605 2350/2618/2629 2348/2614/2625
f 2350/2618/2629 2254/2500/2511 2081/2325/2360
f 2235/2479/2493 2351/2619/2630 2352/2620/2631
f 2352/2621/2631 2353/2622/2632 2354/2623/2633
f 2354/2623/2634 2355/2624/2635 2356/2625/2636
f 2355/2624/2635 2087/2331/2364 2356/2625/2636
f 2103/2347/2379 2337/2601/2612 2351/2619/2630
f 2351/2626/2630 2339/2603/2614 2353/2622/2632
f 2353/2622/2637 2341/2606/2616 2355/2624/2635
f 2341/2606/2616 2100/2344/2376 2355/2624/2635
f 2236/2480/2494 2357/2627/2638 2358/2628/2639
f 2358/2629/2639 2359/2630/2640 2360/2631/2641
f 2360/2631/2642 2361/2632/2643 2362/2633/2644
f 2361/2632/2643 2106/2350/2381 2362/2633/2644
f 2230/2474/2489 2352/2620/2631 2357/2627/2638
f 2357/2634/2638 2354/2623/2633 2359/2630/2640
f 2359/2630/2645 2356/2625/2636 2361/2632/2643
f 2356/2625/2636 2089/2333/2366 2361/2632/2643
f 2092/2336/2368 2363/2635/2646 2334/2597/2608
f 2334/2597/2608 2364/2636/2647 2335/2598/2609
f 2335/2637/2648 2365/2638/2649 2336/2600/2611
f 2365/2638/2649 2112/2356/2387 2336/2600/2611
f 2091/2335/2367 2366/2639/2650 2363/2635/2646
f 2363/2635/2646 2367/2640/2651 2364/2636/2647
f 2364/2641/2652 2368/2642/2653 2365/2638/2649
f 2368/2642/2653 2110/2354/2385 2365/2638/2649
f 2121/2365/2395 2369/2643/2654 2366/2639/2650
f 2366/2639/2650 2370/2644/2655 2367/2640/2651
f 2367/2645/2656 2371/2646/2657 2368/2642/2653
f 2371/2646/2657 2109/2353/2384 2368/2642/2653
f 2130/2374/2403 2372/2647/2658 2369/2643/2654
f 2369/2643/2654 2373/2648/2659 2370/2644/2655
f 2370/2649/2660 2374/2650/2661 2371/2646/2657
f 2374/2650/2661 2107/2351/2382 2371/2646/2657
f 2264/2510/2521 2375/2651/2662 2376/2652/2663
f 2376/2653/2663 2377/2654/2664 2378/2655/2665
f 2378/2655/2666 2379/2656/2667 2380/2657/2668
f 2379/2656/2667 2116/2360/2391 2380/2657/2668
f 2257/2503/2514 2358/2628/2639 2375/2651/2662
f 2375/2658/2662 2360/2631/2641 2377/2654/2664
f 2377/2654/2669 2362/2633/2644 2379/2656/2667
f 2362/2633/2644 2114/2358/2389 2379/2656/2667
f 2244/2488/2501 2381/2659/2670 2242/2486/2499
f 2382/2660/2671 2383/2661/2672 2381/2659/2670
f 2384/2662/2673 2385/2663/2674 2383/2661/2672
f 2386/2664/2675 2126/2370/2400 2385/2665/2674
f 2275/2521/2532 2382/2660/2671 2244/2488/2501
f 2274/2520/2531 2384/2662/2673 2382/2660/2671
f 2278/2526/2535 2386/2666/2675 2384/2662/2673
f 2268/2667/2525 2210/2454/2471 2386/2664/2675
f 2129/2373/2402 2387/2668/2676 2372/2647/2658
f 2372/2647/2658 2388/2669/2677 2373/2648/2659
f 2373/2670/2678 2389/2671/2679 2374/2650/2661
f 2374/2650/2661 2117/2361/2392 2119/2363/2394
f 2229/2473/2488 2381/2659/2670 2387/2668/2676
f 2387/2668/2680 2383/2661/2672 2388/2669/2677
f 2388/2672/2681 2385/2665/2674 2389/2671/2679
f 2385/2665/2674 2117/2361/2392 2389/2671/2679
f 2275/2521/2532 2390/2673/2682 2273/2519/2530
f 2273/2524/2530 2391/2674/2683 2276/2522/2533
f 2276/2522/2542 2392/2675/2684 2281/2529/2538
f 2281/2529/2538 2123/2367/2397 2125/2369/2399
f 2243/2487/2500 2376/2652/2663 2390/2673/2682
f 2390/2676/2682 2378/2655/2665 2391/2674/2683
f 2391/2674/2685 2380/2657/2668 2392/2675/2684
f 2392/2675/2684 2116/2360/2391 2123/2367/2397
f 2146/2390/2418 2342/2677/2618 2263/2509/2520
f 2393/2678/2686 2343/2609/2687 2342/2608/2618
f 2394/2679/2688 2395/2680/2689 2343/2609/2620
f 2395/2680/2689 2239/2483/2496 2095/2339/2371
f 2205/2449/2468 2393/2681/2686 2146/2390/2418
f 2396/2682/2690 2394/2679/2691 2393/2678/2686
f 2397/2683/2692 2398/2684/2693 2394/2679/2688
f 2398/2684/2693 2135/2379/2408 2239/2483/2496
f 2078/2322/2357 2399/2685/2694 2251/2496/2508
f 2400/2686/2695 2401/2687/2696 2399/2685/2694
f 2402/2688/2697 2403/2689/2698 2401/2690/2699
f 2403/2689/2698 2131/2375/2404 2133/2377/2406
f 2080/2324/2359 2400/2686/2695 2078/2322/2357
f 2345/2611/2622 2402/2691/2700 2400/2686/2695
f 2347/2616/2627 2404/2692/2701 2402/2688/2697
f 2404/2692/2701 2093/2337/2369 2131/2375/2404
f 2296/2550/2560 2405/2693/2702 2294/2548/2558
f 2294/2548/2558 2406/2694/2703 2287/2539/2549
f 2287/2539/2549 2407/2695/2704 2283/2535/2545
f 2283/2535/2545 2197/2493/2461 2250/2495/2507
f 2220/2464/2480 2408/2696/2705 2405/2693/2702
f 2405/2693/2702 2409/2697/2706 2406/2694/2703
f 2406/2694/2703 2410/2698/2707 2407/2695/2704
f 2407/2699/2704 2141/2385/2414 2197/2441/2461
f 2221/2465/2481 2396/2700/2690 2205/2449/2468
f 2411/2701/2708 2397/2683/2709 2396/2682/2690
f 2412/2702/2710 2413/2703/2711 2397/2683/2692
f 2414/2704/2712 2135/2379/2408 2413/2703/2711
f 2296/2550/2560 2411/2705/2708 2221/2465/2481
f 2295/2554/2559 2412/2702/2713 2411/2701/2708
f 2298/2553/2714 2414/2704/2712 2412/2702/2710
f 2292/2544/2554 2143/2387/2416 2414/2704/2712
f 2223/2467/2483 2408/2696/2705 2222/2466/2482
f 2415/2706/2715 2409/2697/2706 2408/2696/2705
f 2416/2707/2716 2410/2708/2707 2409/2709/2706
f 2410/2708/2707 2139/2383/2412 2141/2385/2414
f 2251/2496/2508 2415/2706/2715 2223/2467/2483
f 2399/2685/2694 2416/2710/2717 2415/2706/2715
f 2401/2690/2699 2417/2711/2718 2416/2707/2716
f 2403/2689/2698 2139/2383/2412 2417/2711/2718
f 2219/2463/2479 2418/2712/2719 2148/2392/2419
f 2419/2713/2720 2420/2714/2721 2418/2712/2719
f 2421/2715/2722 2422/2716/2723 2420/2714/2721
f 2423/2717/2724 2262/2508/2519 2422/2716/2723
f 2168/2412/2437 2419/2713/2720 2219/2463/2479
f 2424/2718/2725 2421/2715/2722 2419/2713/2720
f 2425/2719/2726 2423/2717/2724 2421/2715/2722
f 2426/2720/2727 2261/2507/2518 2423/2717/2724
f 2162/2406/2431 2427/2721/2728 2428/2722/2729
f 2428/2722/2729 2429/2723/2730 2430/2724/2731
f 2430/2724/2731 2431/2725/2732 2432/2726/2733
f 2432/2726/2733 2200/2444/2464 2203/2447/2467
f 2161/2405/2430 2433/2727/2734 2427/2721/2728
f 2427/2721/2728 2434/2728/2735 2429/2723/2730
f 2429/2723/2730 2435/2729/2736 2431/2725/2732
f 2431/2725/2732 2201/2445/2465 2200/2444/2464
f 2158/2402/2427 2436/2730/2737 2437/2731/2738
f 2437/2731/2738 2438/2732/2739 2439/2733/2740
f 2439/2733/2740 2440/2734/2741 2441/2735/2742
f 2441/2735/2742 2217/2461/2478 2183/2427/2450
f 2149/2393/2420 2418/2712/2719 2436/2730/2737
f 2436/2730/2737 2420/2714/2721 2438/2732/2739
f 2438/2732/2739 2422/2716/2723 2440/2734/2741
f 2440/2734/2741 2262/2508/2519 2217/2461/2478
f 2163/2407/2432 2442/2736/2743 2202/2446/2466
f 2443/2737/2744 2444/2738/2745 2442/2736/2743
f 2445/2739/2746 2446/2740/2747 2444/2738/2745
f 2447/2741/2748 2255/2501/2512 2446/2740/2747
f 2162/2406/2431 2443/2737/2744 2163/2407/2432
f 2428/2722/2729 2445/2739/2746 2443/2737/2744
f 2430/2724/2731 2447/2741/2748 2445/2739/2746
f 2432/2726/2733 2238/2482/2495 2447/2741/2748
f 2154/2398/2424 2448/2742/2749 2232/2476/2490
f 2449/2743/2750 2450/2744/2751 2448/2742/2749
f 2451/2745/2752 2452/2746/2753 2450/2744/2751
f 2453/2747/2754 2155/2399/2425 2452/2746/2753
f 2202/2446/2466 2449/2743/2750 2154/2398/2424
f 2442/2736/2743 2451/2745/2752 2449/2743/2750
f 2444/2738/2745 2453/2747/2754 2451/2745/2752
f 2446/2740/2747 2171/2415/2440 2453/2747/2754
f 2169/2413/2438 2424/2718/2725 2168/2412/2437
f 2454/2748/2755 2425/2719/2726 2424/2718/2725
f 2455/2749/2756 2426/2720/2727 2425/2719/2726
f 2456/2750/2757 2260/2506/2517 2426/2720/2727
f 2174/2418/2442 2454/2748/2755 2169/2413/2438
f 2457/2751/2758 2455/2749/2756 2454/2748/2755
f 2458/2752/2759 2456/2750/2757 2455/2749/2756
f 2459/2753/2760 2151/2395/2422 2456/2750/2757
f 2175/2419/2443 2457/2751/2758 2174/2418/2442
f 2460/2754/2761 2458/2752/2759 2457/2751/2758
f 2461/2755/2762 2459/2753/2760 2458/2752/2759
f 2462/2756/2763 2215/2459/2476 2459/2753/2760
f 2179/2423/2446 2460/2754/2761 2175/2419/2443
f 2463/2757/2764 2461/2755/2762 2460/2754/2761
f 2464/2758/2765 2462/2756/2763 2461/2755/2762
f 2465/2759/2766 2256/2502/2513 2462/2756/2763
f 2170/2414/2439 2466/2760/2767 2258/2504/2515
f 2467/2761/2768 2468/2762/2769 2466/2760/2767
f 2469/2763/2770 2470/2764/2771 2468/2762/2769
f 2471/2765/2772 2178/2422/2445 2470/2764/2771
f 2232/2476/2490 2467/2761/2768 2170/2414/2439
f 2448/2742/2749 2469/2763/2770 2467/2761/2768
f 2450/2744/2751 2471/2765/2772 2469/2763/2770
f 2452/2746/2753 2157/2401/2426 2471/2765/2772
f 2259/2505/2516 2472/2766/2773 2473/2767/2774
f 2473/2767/2774 2474/2768/2775 2475/2769/2776
f 2475/2769/2776 2476/2770/2777 2477/2771/2778
f 2477/2771/2778 2246/2490/2503 2248/2492/2505
f 2214/2458/2475 2300/2557/2565 2472/2766/2773
f 2472/2766/2773 2304/2562/2569 2474/2768/2775
f 2474/2768/2775 2309/2569/2577 2476/2770/2777
f 2476/2770/2777 2247/2491/2504 2246/2490/2503
f 2181/2425/2448 2463/2757/2764 2179/2423/2446
f 2478/2772/2779 2464/2758/2765 2463/2757/2764
f 2479/2773/2780 2465/2759/2766 2464/2758/2765
f 2480/2774/2781 2253/2499/2510 2465/2759/2766
f 2259/2505/2516 2478/2772/2779 2181/2425/2448
f 2473/2767/2774 2479/2773/2780 2478/2772/2779
f 2475/2769/2776 2480/2774/2781 2479/2773/2780
f 2477/2771/2778 2233/2477/2491 2480/2774/2781
f 2176/2420/2444 2307/2566/2573 2182/2426/2449
f 2481/2775/2782 2312/2572/2580 2307/2566/2573
f 2482/2776/2783 2310/2570/2578 2312/2572/2580
f 2483/2777/2784 2247/2491/2504 2310/2570/2578
f 2258/2504/2515 2481/2775/2782 2176/2420/2444
f 2466/2760/2767 2482/2776/2783 2481/2775/2782
f 2468/2762/2769 2483/2777/2784 2482/2776/2783
f 2470/2764/2771 2245/2489/2502 2483/2777/2784
f 2165/2409/2434 2484/2778/2785 2433/2727/2734
f 2433/2727/2734 2485/2779/2786 2434/2728/2735
f 2434/2728/2735 2486/2780/2787 2435/2729/2736
f 2435/2729/2736 2240/2484/2497 2201/2445/2465
f 2186/2430/2451 2487/2781/2788 2484/2778/2785
f 2484/2778/2785 2488/2782/2789 2485/2779/2786
f 2485/2779/2786 2489/2783/2790 2486/2780/2787
f 2486/2780/2787 2207/2451/2470 2240/2484/2497
f 2188/2432/2453 2490/2784/2791 2491/2785/2792
f 2491/2785/2792 2492/2786/2793 2493/2787/2794
f 2493/2787/2794 2494/2788/2795 2495/2789/2796
f 2495/2789/2796 2192/2436/2456 2191/2435/2455
f 2159/2403/2428 2437/2731/2738 2490/2784/2791
f 2490/2784/2791 2439/2733/2740 2492/2786/2793
f 2492/2786/2793 2441/2735/2742 2494/2788/2795
f 2494/2788/2795 2183/2427/2450 2192/2436/2456
f 2199/2443/2463 2315/2576/2584 2252/2573/2509
f 2496/2790/2797 2324/2585/2593 2315/2576/2584
f 2497/2791/2798 2320/2581/2589 2324/2585/2593
f 2498/2792/2799 2321/2582/2590 2320/2581/2589
f 2195/2439/2459 2496/2790/2797 2199/2443/2463
f 2499/2793/2800 2497/2791/2798 2496/2790/2797
f 2500/2794/2801 2498/2792/2799 2497/2791/2798
f 2501/2795/2802 2227/2471/2487 2498/2792/2799
f 2187/2431/2452 2502/2796/2803 2487/2781/2788
f 2487/2781/2788 2503/2797/2804 2488/2782/2789
f 2488/2782/2789 2504/2798/2805 2489/2783/2790
f 2489/2783/2790 2226/2470/2486 2207/2451/2470
f 2193/2437/2457 2327/2588/2597 2502/2796/2803
f 2502/2796/2803 2322/2583/2591 2503/2797/2804
f 2503/2797/2804 2319/2580/2588 2504/2798/2805
f 2504/2798/2805 2321/2582/2590 2226/2470/2486
f 2195/2439/2459 2505/2799/2806 2499/2793/2800
f 2499/2793/2800 2506/2800/2807 2500/2794/2801
f 2500/2794/2801 2507/2801/2808 2501/2795/2802
f 2501/2795/2802 2225/2469/2485 2224/2468/2484
f 2189/2433/2454 2491/2785/2792 2505/2799/2806
f 2505/2799/2806 2493/2787/2794 2506/2800/2807
f 2506/2800/2807 2495/2789/2796 2507/2801/2808
f 2507/2801/2808 2191/2435/2455 2225/2469/2485
f 2194/2438/2458 2508/2802/2809 2314/2803/2598
f 2314/2804/2583 2249/2494/2506 2252/2498/2509
f 2144/2388/2417 2291/2543/2810 2508/2802/2809
f 2508/2805/2811 2291/2806/2811 2284/2536/2811
f 2508/2807/2812 2250/2495/2507 2249/2494/2506
f 2125/2369/2399 2509/2808/2813 2271/2809/2814
f 2271/2517/2815 2509/2810/2815 2267/2513/2816
f 2509/2811/2817 2265/2812/2522 2267/2813/2818
f 2124/2368/2398 2301/2565/2572 2509/2808/2813
f 2301/2814/2819 2211/2455/2472 2509/2811/2817
f 2078/2322/2357 2147/2391/2358 2079/2323/2358
f 2081/2325/2360 2254/2500/2511 2082/2326/2361
f 2084/2328/2358 2138/2382/2411 2085/2329/2363
f 2087/2331/2364 2153/2397/2423 2088/2332/2365
f 2090/2334/2358 2120/2364/2358 2091/2335/2367
f 2093/2337/2369 2081/2325/2360 2083/2327/2362
f 2095/2339/2371 2239/2483/2496 2096/2340/2372
f 2098/2342/2374 2160/2404/2429 2099/2343/2375
f 2086/2330/2358 2104/2348/2358 2101/2345/2377
f 2103/2347/2379 2235/2479/2493 2090/2334/2358
f 2089/2333/2366 2088/2332/2365 2105/2349/2380
f 2107/2351/2382 2173/2417/2441 2108/2352/2383
f 2110/2354/2385 2167/2411/2436 2111/2355/2386
f 2106/2350/2381 2105/2349/2380 2113/2357/2388
f 2114/2358/2389 2113/2357/2388 2115/2359/2390
f 2117/2361/2392 2127/2371/2401 2118/2362/2393
f 2120/2364/2358 2231/2475/2358 2121/2365/2395
f 2116/2360/2391 2115/2359/2390 2122/2366/2396
f 2123/2367/2397 2122/2366/2396 2124/2368/2398
f 2126/2370/2400 2180/2424/2447 2127/2371/2401
f 2128/2372/2358 2228/2472/2358 2129/2373/2402
f 2131/2375/2404 2093/2337/2369 2094/2338/2370
f 2133/2377/2406 2131/2375/2404 2132/2376/2405
f 2135/2379/2408 2143/2387/2416 2136/2380/2409
f 2079/2323/2358 2263/2509/2520 2138/2382/2411
f 2139/2383/2412 2133/2377/2406 2134/2378/2407
f 2141/2385/2414 2139/2383/2412 2140/2384/2413
f 2143/2387/2416 2289/2541/2551 2144/2388/2417
f 2145/2389/2358 2205/2449/2468 2146/2390/2418
f 2083/2327/2362 2082/2326/2361 2148/2392/2419
f 2150/2394/2421 2260/2506/2517 2151/2395/2422
f 2153/2397/2423 2202/2446/2466 2154/2398/2424
f 2155/2399/2425 2172/2416/2421 2156/2400/2421
f 2132/2376/2405 2094/2338/2370 2158/2402/2427
f 2160/2404/2429 2164/2408/2433 2161/2405/2430
f 2160/2404/2429 2162/2406/2431 2163/2407/2432
f 2164/2408/2433 2097/2341/2373 2165/2409/2434
f 2166/2410/2435 2219/2463/2479 2148/2392/2419
f 2167/2411/2436 2169/2413/2438 2168/2412/2437
f 2108/2352/2383 2174/2418/2442 2169/2413/2438
f 2105/2349/2380 2232/2476/2490 2170/2414/2439
f 2171/2415/2440 2152/2396/2421 2172/2416/2421
f 2173/2417/2441 2175/2419/2443 2174/2418/2442
f 2118/2362/2393 2179/2423/2446 2175/2419/2443
f 2115/2359/2390 2258/2504/2515 2176/2420/2444
f 2157/2401/2426 2156/2400/2421 2177/2421/2421
f 2127/2371/2401 2181/2425/2448 2179/2423/2446
f 2180/2424/2447 2259/2505/2516 2181/2425/2448
f 2122/2366/2396 2176/2420/2444 2182/2426/2449
f 2183/2427/2450 2217/2461/2478 2184/2428/2421
f 2097/2341/2373 2096/2340/2372 2186/2430/2451
f 2096/2340/2372 2137/2381/2410 2187/2431/2452
f 2140/2384/2413 2134/2378/2407 2188/2432/2453
f 2190/2434/2421 2209/2453/2421 2191/2435/2455
f 2137/2381/2410 2136/2380/2409 2193/2437/2457
f 2136/2380/2409 2144/2388/2417 2194/2438/2458
f 2142/2386/2415 2140/2384/2413 2189/2433/2454
f 2196/2440/2460 2095/2339/2371 2097/2341/2373
f 2197/2441/2461 2141/2385/2414 2142/2386/2415
f 2198/2442/2462 2142/2386/2415 2195/2439/2459
f 2185/2429/2421 2184/2428/2421 2200/2444/2464
f 2085/2329/2363 2103/2347/2379 2104/2348/2358
f 2100/2344/2376 2099/2343/2375 2153/2397/2423
f 2099/2343/2375 2163/2407/2432 2202/2446/2466
f 2184/2428/2421 2218/2462/2421 2203/2447/2467
f 2204/2448/2358 2221/2465/2481 2205/2449/2468
f 2080/2324/2359 2079/2323/2358 2084/2328/2358
f 2094/2338/2370 2083/2327/2362 2149/2393/2420
f 2207/2451/2470 2226/2470/2486 2208/2452/2421
f 2109/2353/2384 2108/2352/2383 2167/2411/2436
f 2210/2454/2471 2265/2812/2522 2211/2455/2472
f 2212/2456/2473 2211/2455/2472 2213/2457/2474
f 2152/2396/2421 2151/2395/2422 2215/2459/2476
f 2112/2356/2387 2111/2355/2386 2166/2410/2435
f 2098/2342/2374 2196/2440/2460 2164/2408/2433
f 2217/2461/2478 2262/2508/2519 2218/2462/2421
f 2111/2355/2386 2168/2412/2437 2219/2463/2479
f 2220/2464/2480 2296/2550/2560 2221/2465/2481
f 2222/2466/2482 2220/2464/2480 2204/2448/2358
f 2208/2452/2421 2227/2471/2487 2224/2468/2484
f 2226/2470/2486 2321/2582/2590 2227/2471/2487
f 2228/2472/2358 2241/2485/2498 2229/2473/2488
f 2230/2474/2489 2236/2480/2494 2231/2475/2358
f 2088/2332/2365 2154/2398/2424 2232/2476/2490
f 2177/2421/2421 2253/2499/2510 2233/2477/2491
f 2235/2479/2493 2230/2474/2489 2120/2364/2358
f 2236/2480/2494 2257/2503/2514 2128/2372/2358
f 2237/2481/2421 2238/2482/2495 2203/2447/2467
f 2150/2394/2421 2255/2501/2512 2238/2482/2495
f 2239/2483/2496 2135/2379/2408 2137/2381/2410
f 2185/2429/2421 2190/2434/2421 2192/2436/2456
f 2240/2484/2497 2207/2451/2470 2209/2453/2421
f 2241/2485/2498 2244/2488/2501 2242/2486/2499
f 2243/2487/2500 2275/2521/2532 2244/2488/2501
f 2245/2489/2502 2234/2478/2492 2246/2490/2503
f 2234/2478/2492 2233/2477/2491 2248/2492/2505
f 2197/2493/2461 2198/2497/2462 2249/2494/2506
f 2251/2496/2508 2145/2389/2358 2147/2391/2358
f 2134/2378/2407 2132/2376/2405 2159/2403/2428
f 2198/2497/2462 2199/2815/2463 2252/2498/2509
f 2119/2363/2394 2118/2362/2393 2173/2417/2441
f 2223/2467/2483 2204/2448/2358 2145/2389/2358
f 2209/2453/2421 2208/2452/2421 2225/2469/2485
f 2156/2400/2421 2256/2502/2513 2253/2499/2510
f 2231/2475/2358 2128/2372/2358 2130/2374/2403
f 2216/2460/2477 2166/2410/2435 2082/2326/2361
f 2255/2501/2512 2150/2394/2421 2152/2396/2421
f 2172/2416/2421 2215/2459/2476 2256/2502/2513
f 2210/2454/2471 2212/2456/2473 2180/2424/2447
f 2257/2503/2514 2264/2510/2521 2228/2472/2358
f 2113/2357/2388 2170/2414/2439 2258/2504/2515
f 2212/2456/2473 2214/2458/2475 2259/2505/2516
f 2206/2450/2469 2084/2328/2358 2086/2330/2358
f 2104/2348/2358 2090/2334/2358 2092/2336/2368
f 2260/2506/2517 2150/2394/2421 2237/2481/2421
f 2261/2507/2518 2237/2481/2421 2218/2462/2421
f 2147/2391/2358 2146/2390/2418 2263/2509/2520
f 2264/2510/2521 2243/2487/2500 2241/2485/2498
f 2178/2422/2445 2177/2421/2421 2234/2478/2492
f 2201/2445/2465 2240/2484/2497 2190/2434/2421
f 2265/2511/2522 2268/2514/2525 2266/2512/2523
f 2268/2514/2525 2278/2526/2535 2269/2515/2526
f 2267/2513/2524 2266/2512/2523 2270/2516/2527
f 2266/2512/2523 2269/2515/2526 2272/2518/2529
f 2273/2519/2530 2277/2525/2534 2274/2520/2531
f 2276/2522/2533 2279/2532/2536 2277/2523/2534
f 2277/2525/2534 2269/2515/2526 2278/2526/2535
f 2279/2527/2536 2272/2518/2529 2269/2515/2526
f 2125/2369/2399 2271/2809/2539 2280/2528/2537
f 2281/2529/2538 2280/2528/2537 2279/2532/2541
f 2280/2528/2537 2270/2531/2540 2272/2533/2543
f 2250/2495/2507 2284/2536/2546 2282/2534/2544
f 2284/2536/2546 2291/2806/2820 2285/2537/2547
f 2283/2535/2545 2282/2534/2544 2286/2538/2548
f 2282/2534/2544 2285/2537/2547 2288/2540/2550
f 2289/2541/2551 2292/2544/2554 2290/2542/2552
f 2292/2544/2554 2298/2553/2714 2293/2545/2555
f 2290/2542/2552 2293/2545/2555 2288/2547/2557
f 2294/2548/2558 2297/2551/2561 2295/2549/2559
f 2287/2539/2549 2286/2538/2548 2297/2551/2561
f 2297/2552/2561 2293/2545/2563 2298/2553/2562
f 2286/2538/2548 2288/2540/2550 2293/2555/2563
f 2213/2457/2474 2301/2814/2566 2299/2556/2564
f 2300/2557/2565 2299/2556/2564 2303/2561/2568
f 2299/2556/2564 2302/2568/2821 2305/2563/2570
f 2182/2426/2449 2307/2566/2573 2306/2564/2571
f 2307/2566/2573 2312/2572/2580 2308/2567/2574
f 2306/2564/2571 2308/2567/2574 2305/2563/2576
f 2309/2569/2577 2311/2571/2579 2310/2570/2578
f 2304/2562/2569 2303/2561/2581 2311/2571/2579
f 2311/2571/2579 2308/2567/2574 2312/2572/2580
f 2303/2561/2581 2305/2563/2576 2308/2567/2574
f 2252/2573/2509 2315/2576/2584 2313/2574/2582
f 2315/2576/2584 2324/2585/2593 2316/2577/2585
f 2313/2574/2582 2316/2577/2585 2318/2579/2587
f 2319/2580/2588 2323/2584/2592 2320/2581/2589
f 2322/2583/2591 2325/2586/2594 2323/2584/2592
f 2323/2584/2592 2316/2577/2595 2324/2585/2593
f 2325/2586/2594 2318/2579/2600 2316/2577/2595
f 2194/2438/2458 2314/2803/2598 2326/2587/2596
f 2327/2588/2597 2326/2587/2596 2325/2586/2594
f 2326/2587/2596 2317/2578/2822 2318/2579/2600
f 2102/2346/2378 2101/2345/2377 2328/2590/2601
f 2329/2591/2602 2328/2590/2601 2330/2592/2603
f 2331/2594/2605 2330/2599/2610 2332/2595/2606
f 2332/2595/2606 2216/2460/2477 2254/2500/2511
f 2101/2345/2377 2092/2336/2368 2334/2597/2608
f 2328/2590/2601 2334/2597/2608 2335/2598/2609
f 2330/2599/2610 2335/2637/2648 2336/2600/2611
f 2336/2600/2611 2112/2356/2387 2216/2460/2477
f 2138/2382/2411 2338/2607/2613 2337/2601/2612
f 2338/2602/2613 2340/2605/2619 2339/2603/2614
f 2340/2605/2615 2344/2610/2621 2341/2606/2616
f 2341/2606/2616 2344/2610/2621 2196/2440/2460
f 2263/2509/2520 2342/2677/2618 2338/2607/2613
f 2342/2608/2618 2343/2609/2687 2340/2605/2619
f 2343/2609/2620 2395/2680/2689 2344/2610/2621
f 2344/2610/2621 2395/2680/2689 2095/2339/2371
f 2206/2450/2469 2346/2612/2623 2345/2611/2622
f 2346/2612/2623 2348/2617/2628 2347/2613/2624
f 2348/2614/2625 2350/2618/2629 2349/2615/2626
f 2349/2615/2626 2350/2618/2629 2081/2325/2360
f 2102/2346/2378 2329/2591/2602 2346/2612/2623
f 2329/2591/2602 2331/2593/2604 2348/2617/2628
f 2331/2594/2605 2333/2596/2607 2350/2618/2629
f 2350/2618/2629 2333/2596/2607 2254/2500/2511
f 2235/2479/2493 2103/2347/2379 2351/2619/2630
f 2352/2621/2631 2351/2626/2630 2353/2622/2632
f 2354/2623/2634 2353/2622/2637 2355/2624/2635
f 2355/2624/2635 2100/2344/2376 2087/2331/2364
f 2103/2347/2379 2085/2329/2363 2337/2601/2612
f 2351/2626/2630 2337/2604/2612 2339/2603/2614
f 2353/2622/2637 2339/2603/2617 2341/2606/2616
f 2341/2606/2616 2098/2342/2374 2100/2344/2376
f 2236/2480/2494 2230/2474/2489 2357/2627/2638
f 2358/2629/2639 2357/2634/2638 2359/2630/2640
f 2360/2631/2642 2359/2630/2645 2361/2632/2643
f 2361/2632/2643 2089/2333/2366 2106/2350/2381
f 2230/2474/2489 2235/2479/2493 2352/2620/2631
f 2357/2634/2638 2352/2621/2631 2354/2623/2633
f 2359/2630/2645 2354/2623/2634 2356/2625/2636
f 2356/2625/2636 2087/2331/2364 2089/2333/2366
f 2092/2336/2368 2091/2335/2367 2363/2635/2646
f 2334/2597/2608 2363/2635/2646 2364/2636/2647
f 2335/2637/2648 2364/2641/2652 2365/2638/2649
f 2365/2638/2649 2110/2354/2385 2112/2356/2387
f 2091/2335/2367 2121/2365/2395 2366/2639/2650
f 2363/2635/2646 2366/2639/2650 2367/2640/2651
f 2364/2641/2652 2367/2645/2656 2368/2642/2653
f 2368/2642/2653 2109/2353/2384 2110/2354/2385
f 2121/2365/2395 2130/2374/2403 2369/2643/2654
f 2366/2639/2650 2369/2643/2654 2370/2644/2655
f 2367/2645/2656 2370/2649/2660 2371/2646/2657
f 2371/2646/2657 2107/2351/2382 2109/2353/2384
f 2130/2374/2403 2129/2373/2402 2372/2647/2658
f 2369/2643/2654 2372/2647/2658 2373/2648/2659
f 2370/2649/2660 2373/2670/2678 2374/2650/2661
f 2374/2650/2661 2119/2363/2394 2107/2351/2382
f 2264/2510/2521 2257/2503/2514 2375/2651/2662
f 2376/2653/2663 2375/2658/2662 2377/2654/2664
f 2378/2655/2666 2377/2654/2669 2379/2656/2667
f 2379/2656/2667 2114/2358/2389 2116/2360/2391
f 2257/2503/2514 2236/2480/2494 2358/2628/2639
f 2375/2658/2662 2358/2629/2639 2360/2631/2641
f 2377/2654/2669 2360/2631/2642 2362/2633/2644
f 2362/2633/2644 2106/2350/2381 2114/2358/2389
f 2244/2488/2501 2382/2660/2671 2381/2659/2670
f 2382/2660/2671 2384/2662/2673 2383/2661/2672
f 2384/2662/2673 2386/2666/2675 2385/2663/2674
f 2386/2664/2675 2210/2454/2471 2126/2370/2400
f 2275/2521/2532 2274/2520/2531 2382/2660/2671
f 2274/2520/2531 2278/2526/2535 2384/2662/2673
f 2278/2526/2535 2268/2514/2525 2386/2666/2675
f 2268/2667/2525 2265/2812/2522 2210/2454/2471
f 2129/2373/2402 2229/2473/2488 2387/2668/2676
f 2372/2647/2658 2387/2668/2680 2388/2669/2677
f 2373/2670/2678 2388/2672/2681 2389/2671/2679
f 2374/2650/2661 2389/2671/2679 2117/2361/2392
f 2229/2473/2488 2242/2486/2499 2381/2659/2670
f 2387/2668/2680 2381/2659/2670 2383/2661/2672
f 2388/2672/2681 2383/2816/2672 2385/2665/2674
f 2385/2665/2674 2126/2370/2400 2117/2361/2392
f 2275/2521/2532 2243/2487/2500 2390/2673/2682
f 2273/2524/2530 2390/2676/2682 2391/2674/2683
f 2276/2522/2542 2391/2674/2685 2392/2675/2684
f 2281/2529/2538 2392/2675/2684 2123/2367/2397
f 2243/2487/2500 2264/2510/2521 2376/2652/2663
f 2390/2676/2682 2376/2653/2663 2378/2655/2665
f 2391/2674/2685 2378/2655/2666 2380/2657/2668
f 2392/2675/2684 2380/2657/2668 2116/2360/2391
f 2146/2390/2418 2393/2681/2686 2342/2677/2618
f 2393/2678/2686 2394/2679/2691 2343/2609/2687
f 2394/2679/2688 2398/2684/2693 2395/2680/2689
f 2395/2680/2689 2398/2684/2693 2239/2483/2496
f 2205/2449/2468 2396/2700/2690 2393/2681/2686
f 2396/2682/2690 2397/2683/2709 2394/2679/2691
f 2397/2683/2692 2413/2703/2711 2398/2684/2693
f 2398/2684/2693 2413/2703/2711 2135/2379/2408
f 2078/2322/2357 2400/2686/2695 2399/2685/2694
f 2400/2686/2695 2402/2691/2700 2401/2687/2696
f 2402/2688/2697 2404/2692/2701 2403/2689/2698
f 2403/2689/2698 2404/2692/2701 2131/2375/2404
f 2080/2324/2359 2345/2611/2622 2400/2686/2695
f 2345/2611/2622 2347/2613/2624 2402/2691/2700
f 2347/2616/2627 2349/2615/2626 2404/2692/2701
f 2404/2692/2701 2349/2615/2626 2093/2337/2369
f 2296/2550/2560 2220/2464/2480 2405/2693/2702
f 2294/2548/2558 2405/2693/2702 2406/2694/2703
f 2287/2539/2549 2406/2694/2703 2407/2695/2704
f 2283/2535/2545 2407/2695/2704 2197/2493/2461
f 2220/2464/2480 2222/2466/2482 2408/2696/2705
f 2405/2693/2702 2408/2696/2705 2409/2697/2706
f 2406/2694/2703 2409/2697/2706 2410/2698/2707
f 2407/2699/2704 2410/2708/2707 2141/2385/2414
f 2221/2465/2481 2411/2705/2708 2396/2700/2690
f 2411/2701/2708 2412/2702/2713 2397/2683/2709
f 2412/2702/2710 2414/2704/2712 2413/2703/2711
f 2414/2704/2712 2143/2387/2416 2135/2379/2408
f 2296/2550/2560 2295/2549/2559 2411/2705/2708
f 2295/2554/2559 2298/2553/2562 2412/2702/2713
f 2298/2553/2714 2292/2544/2554 2414/2704/2712
f 2292/2544/2554 2289/2541/2551 2143/2387/2416
f 2223/2467/2483 2415/2706/2715 2408/2696/2705
f 2415/2706/2715 2416/2710/2717 2409/2697/2706
f 2416/2707/2716 2417/2711/2718 2410/2708/2707
f 2410/2708/2707 2417/2711/2718 2139/2383/2412
f 2251/2496/2508 2399/2685/2694 2415/2706/2715
f 2399/2685/2694 2401/2687/2696 2416/2710/2717
f 2401/2690/2699 2403/2689/2698 2417/2711/2718
f 2403/2689/2698 2133/2377/2406 2139/2383/2412
f 2219/2463/2479 2419/2713/2720 2418/2712/2719
f 2419/2713/2720 2421/2715/2722 2420/2714/2721
f 2421/2715/2722 2423/2717/2724 2422/2716/2723
f 2423/2717/2724 2261/2507/2518 2262/2508/2519
f 2168/2412/2437 2424/2718/2725 2419/2713/2720
f 2424/2718/2725 2425/2719/2726 2421/2715/2722
f 2425/2719/2726 2426/2720/2727 2423/2717/2724
f 2426/2720/2727 2260/2506/2517 2261/2507/2518
f 2162/2406/2431 2161/2405/2430 2427/2721/2728
f 2428/2722/2729 2427/2721/2728 2429/2723/2730
f 2430/2724/2731 2429/2723/2730 2431/2725/2732
f 2432/2726/2733 2431/2725/2732 2200/2444/2464
f 2161/2405/2430 2165/2409/2434 2433/2727/2734
f 2427/2721/2728 2433/2727/2734 2434/2728/2735
f 2429/2723/2730 2434/2728/2735 2435/2729/2736
f 2431/2725/2732 2435/2729/2736 2201/2445/2465
f 2158/2402/2427 2149/2393/2420 2436/2730/2737
f 2437/2731/2738 2436/2730/2737 2438/2732/2739
f 2439/2733/2740 2438/2732/2739 2440/2734/2741
f 2441/2735/2742 2440/2734/2741 2217/2461/2478
f 2149/2393/2420 2148/2392/2419 2418/2712/2719
f 2436/2730/2737 2418/2712/2719 2420/2714/2721
f 2438/2732/2739 2420/2714/2721 2422/2716/2723
f 2440/2734/2741 2422/2716/2723 2262/2508/2519
f 2163/2407/2432 2443/2737/2744 2442/2736/2743
f 2443/2737/2744 2445/2739/2746 2444/2738/2745
f 2445/2739/2746 2447/2741/2748 2446/2740/2747
f 2447/2741/2748 2238/2482/2495 2255/2501/2512
f 2162/2406/2431 2428/2722/2729 2443/2737/2744
f 2428/2722/2729 2430/2724/2731 2445/2739/2746
f 2430/2724/2731 2432/2726/2733 2447/2741/2748
f 2432/2726/2733 2203/2447/2467 2238/2482/2495
f 2154/2398/2424 2449/2743/2750 2448/2742/2749
f 2449/2743/2750 2451/2745/2752 2450/2744/2751
f 2451/2745/2752 2453/2747/2754 2452/2746/2753
f 2453/2747/2754 2171/2415/2440 2155/2399/2425
f 2202/2446/2466 2442/2736/2743 2449/2743/2750
f 2442/2736/2743 2444/2738/2745 2451/2745/2752
f 2444/2738/2745 2446/2740/2747 2453/2747/2754
f 2446/2740/2747 2255/2501/2512 2171/2415/2440
f 2169/2413/2438 2454/2748/2755 2424/2718/2725
f 2454/2748/2755 2455/2749/2756 2425/2719/2726
f 2455/2749/2756 2456/2750/2757 2426/2720/2727
f 2456/2750/2757 2151/2395/2422 2260/2506/2517
f 2174/2418/2442 2457/2751/2758 2454/2748/2755
f 2457/2751/2758 2458/2752/2759 2455/2749/2756
f 2458/2752/2759 2459/2753/2760 2456/2750/2757
f 2459/2753/2760 2215/2459/2476 2151/2395/2422
f 2175/2419/2443 2460/2754/2761 2457/2751/2758
f 2460/2754/2761 2461/2755/2762 2458/2752/2759
f 2461/2755/2762 2462/2756/2763 2459/2753/2760
f 2462/2756/2763 2256/2502/2513 2215/2459/2476
f 2179/2423/2446 2463/2757/2764 2460/2754/2761
f 2463/2757/2764 2464/2758/2765 2461/2755/2762
f 2464/2758/2765 2465/2759/2766 2462/2756/2763
f 2465/2759/2766 2253/2499/2510 2256/2502/2513
f 2170/2414/2439 2467/2761/2768 2466/2760/2767
f 2467/2761/2768 2469/2763/2770 2468/2762/2769
f 2469/2763/2770 2471/2765/2772 2470/2764/2771
f 2471/2765/2772 2157/2401/2426 2178/2422/2445
f 2232/2476/2490 2448/2742/2749 2467/2761/2768
f 2448/2742/2749 2450/2744/2751 2469/2763/2770
f 2450/2744/2751 2452/2746/2753 2471/2765/2772
f 2452/2746/2753 2155/2399/2425 2157/2401/2426
f 2259/2505/2516 2214/2458/2475 2472/2766/2773
f 2473/2767/2774 2472/2766/2773 2474/2768/2775
f 2475/2769/2776 2474/2768/2775 2476/2770/2777
f 2477/2771/2778 2476/2770/2777 2246/2490/2503
f 2214/2458/2475 2213/2457/2474 2300/2557/2565
f 2472/2766/2773 2300/2557/2565 2304/2562/2569
f 2474/2768/2775 2304/2562/2569 2309/2569/2577
f 2476/2770/2777 2309/2569/2577 2247/2491/2504
f 2181/2425/2448 2478/2772/2779 2463/2757/2764
f 2478/2772/2779 2479/2773/2780 2464/2758/2765
f 2479/2773/2780 2480/2774/2781 2465/2759/2766
f 2480/2774/2781 2233/2477/2491 2253/2499/2510
f 2259/2505/2516 2473/2767/2774 2478/2772/2779
f 2473/2767/2774 2475/2769/2776 2479/2773/2780
f 2475/2769/2776 2477/2771/2778 2480/2774/2781
f 2477/2771/2778 2248/2492/2505 2233/2477/2491
f 2176/2420/2444 2481/2775/2782 2307/2566/2573
f 2481/2775/2782 2482/2776/2783 2312/2572/2580
f 2482/2776/2783 2483/2777/2784 2310/2570/2578
f 2483/2777/2784 2245/2489/2502 2247/2491/2504
f 2258/2504/2515 2466/2760/2767 2481/2775/2782
f 2466/2760/2767 2468/2762/2769 2482/2776/2783
f 2468/2762/2769 2470/2764/2771 2483/2777/2784
f 2470/2764/2771 2178/2422/2445 2245/2489/2502
f 2165/2409/2434 2186/2430/2451 2484/2778/2785
f 2433/2727/2734 2484/2778/2785 2485/2779/2786
f 2434/2728/2735 2485/2779/2786 2486/2780/2787
f 2435/2729/2736 2486/2780/2787 2240/2484/2497
f 2186/2430/2451 2187/2431/2452 2487/2781/2788
f 2484/2778/2785 2487/2781/2788 2488/2782/2789
f 2485/2779/2786 2488/2782/2789 2489/2783/2790
f 2486/2780/2787 2489/2783/2790 2207/2451/2470
f 2188/2432/2453 2159/2403/2428 2490/2784/2791
f 2491/2785/2792 2490/2784/2791 2492/2786/2793
f 2493/2787/2794 2492/2786/2793 2494/2788/2795
f 2495/2789/2796 2494/2788/2795 2192/2436/2456
f 2159/2403/2428 2158/2402/2427 2437/2731/2738
f 2490/2784/2791 2437/2731/2738 2439/2733/2740
f 2492/2786/2793 2439/2733/2740 2441/2735/2742
f 2494/2788/2795 2441/2735/2742 2183/2427/2450
f 2199/2443/2463 2496/2790/2797 2315/2576/2584
f 2496/2790/2797 2497/2791/2798 2324/2585/2593
f 2497/2791/2798 2498/2792/2799 2320/2581/2589
f 2498/2792/2799 2227/2471/2487 2321/2582/2590
f 2195/2439/2459 2499/2793/2800 2496/2790/2797
f 2499/2793/2800 2500/2794/2801 2497/2791/2798
f 2500/2794/2801 2501/2795/2802 2498/2792/2799
f 2501/2795/2802 2224/2468/2484 2227/2471/2487
f 2187/2431/2452 2193/2437/2457 2502/2796/2803
f 2487/2781/2788 2502/2796/2803 2503/2797/2804
f 2488/2782/2789 2503/2797/2804 2504/2798/2805
f 2489/2783/2790 2504/2798/2805 2226/2470/2486
f 2193/2437/2457 2194/2438/2458 2327/2588/2597
f 2502/2796/2803 2327/2588/2597 2322/2583/2591
f 2503/2797/2804 2322/2583/2591 2319/2580/2588
f 2504/2798/2805 2319/2580/2588 2321/2582/2590
f 2195/2439/2459 2189/2433/2454 2505/2799/2806
f 2499/2793/2800 2505/2799/2806 2506/2800/2807
f 2500/2794/2801 2506/2800/2807 2507/2801/2808
f 2501/2795/2802 2507/2801/2808 2225/2469/2485
f 2189/2433/2454 2188/2432/2453 2491/2785/2792
f 2505/2799/2806 2491/2785/2792 2493/2787/2794
f 2506/2800/2807 2493/2787/2794 2495/2789/2796
f 2507/2801/2808 2495/2789/2796 2191/2435/2455
f 2194/2438/2458 2144/2388/2417 2508/2802/2809
f 2314/2804/2583 2508/2807/2812 2249/2494/2506
f 2144/2388/2417 2289/2541/2551 2291/2543/2810
f 2508/2807/2812 2284/2536/2546 2250/2495/2507
f 2125/2369/2399 2124/2368/2398 2509/2808/2813
f 2509/2811/2817 2211/2455/2472 2265/2812/2522
f 2124/2368/2398 2182/2426/2449 2301/2565/2572
f 2301/2814/2819 2213/2457/2823 2211/2455/2472
usemtl Holocron_Main.001
f 1/1/1 2/2/2 3/3/3
f 4/4/4 1/1/1 3/3/3
f 5/5/5 6/6/6 7/7/7
f 8/8/8 9/9/9 1/1/1
f 10/10/10 11/11/11 6/6/6
f 12/12/12 13/13/13 14/14/14
f 1/1/1 15/15/15 16/16/16
f 6/6/6 17/17/17 7/7/7
f 11/11/11 18/18/18 6/6/6
f 12/12/12 19/19/19 20/20/20
f 14/14/14 21/21/21 19/19/19
f 13/13/13 22/22/22 14/14/14
f 23/23/23 24/24/24 25/25/25
f 26/26/26 27/27/27 24/24/24
f 25/25/25 28/28/28 29/29/29
f 24/24/24 30/30/30 28/28/28
f 31/31/31 32/32/32 33/33/33
f 34/34/34 35/35/35 31/31/31
f 35/35/35 36/36/36 32/32/32
f 37/37/37 27/27/27 35/35/35
f 5/5/5 38/38/38 39/39/39
f 40/40/40 28/28/41 38/38/38
f 39/39/39 37/37/37 34/34/34
f 38/38/38 30/30/30 37/37/37
f 20/20/20 41/41/42 42/42/43
f 43/43/44 44/44/45 41/41/42
f 42/42/43 45/45/46 46/46/47
f 41/41/42 47/47/48 45/45/46
f 48/48/49 49/49/50 50/50/51
f 51/51/52 52/52/53 49/49/50
f 50/50/51 44/44/54 53/53/55
f 49/49/50 47/47/48 44/44/54
f 54/54/56 55/55/57 56/56/58
f 46/46/47 57/57/59 54/54/56
f 57/57/59 58/58/60 55/55/57
f 45/45/46 52/52/53 57/57/59
f 4/4/4 59/59/61 60/60/62
f 61/61/63 62/62/64 59/59/61
f 60/60/62 63/63/65 64/64/66
f 59/59/61 65/65/67 63/63/65
f 66/66/68 67/67/69 68/68/70
f 69/69/71 70/70/72 67/67/69
f 68/68/70 62/62/73 71/71/74
f 67/67/69 65/65/67 62/62/73
f 72/72/75 73/73/76 74/74/77
f 64/64/66 75/75/78 72/72/75
f 75/75/78 76/76/79 73/73/76
f 63/63/65 70/70/72 75/75/78
f 77/77/80 78/78/81 79/79/82
f 80/80/83 81/81/84 78/78/81
f 79/79/82 82/82/85 83/83/86
f 78/78/81 84/84/87 82/82/85
f 17/17/17 85/85/88 86/86/89
f 87/87/90 88/88/91 85/85/88
f 86/86/89 81/81/84 89/89/92
f 85/85/88 84/84/87 81/81/84
f 90/90/93 91/91/94 92/92/95
f 83/83/86 93/93/96 90/90/93
f 93/93/96 94/94/97 91/91/94
f 82/82/85 88/88/91 93/93/96
f 21/21/21 95/95/98 96/96/99
f 97/97/100 98/98/101 95/95/98
f 96/96/99 99/99/102 100/100/103
f 95/95/98 101/101/104 99/99/102
f 102/102/105 103/103/106 104/104/107
f 105/105/108 106/106/109 102/102/105
f 106/106/109 107/107/110 103/103/106
f 108/108/111 98/98/101 106/106/109
f 15/15/15 109/109/112 110/110/113
f 111/111/114 99/99/102 109/109/112
f 110/110/113 108/108/111 105/105/108
f 109/109/112 101/101/104 108/108/111
f 2/2/2 112/112/115 113/113/116
f 114/114/117 115/115/118 112/112/115
f 113/113/116 116/116/119 117/117/120
f 112/112/115 118/118/121 116/116/119
f 119/119/122 120/120/123 121/121/124
f 122/122/125 123/123/126 119/119/122
f 123/123/126 124/124/127 120/120/123
f 125/125/128 115/115/118 123/123/126
f 126/126/129 127/127/130 128/128/131
f 129/129/132 116/116/133 127/127/130
f 128/128/131 125/125/128 122/122/125
f 127/127/130 118/118/121 125/125/128
f 12/12/12 26/26/26 23/23/23
f 130/130/134 36/36/36 26/26/26
f 131/131/135 32/32/32 36/36/36
f 132/132/136 33/33/33 32/32/32
f 12/12/12 42/42/43 130/130/134
f 130/130/134 46/46/47 131/131/135
f 131/131/135 54/54/56 132/132/136
f 132/132/136 56/56/58 133/133/137
f 74/74/77 134/134/138 72/72/75
f 72/72/75 135/135/139 64/64/66
f 64/64/66 136/136/140 60/60/62
f 60/60/62 8/8/8 4/4/4
f 56/56/58 134/134/138 137/137/141
f 55/55/57 135/135/139 134/134/138
f 58/58/60 136/136/140 135/135/139
f 51/51/52 8/8/8 136/136/140
f 33/33/33 138/138/142 31/31/31
f 31/31/31 139/139/143 34/34/34
f 34/34/34 140/140/144 39/39/39
f 39/39/39 10/10/10 5/5/5
f 74/74/77 138/138/142 141/141/145
f 73/73/76 139/139/143 138/138/142
f 76/76/79 140/140/144 139/139/143
f 69/69/71 10/10/10 140/140/144
f 92/92/95 142/142/146 90/90/93
f 90/90/93 143/143/147 83/83/86
f 83/83/86 144/144/148 79/79/82
f 79/79/82 22/22/22 77/77/80
f 104/104/107 142/142/146 145/145/149
f 103/103/106 143/143/147 142/142/146
f 107/107/110 144/144/148 143/143/147
f 97/97/100 22/22/22 144/144/148
f 16/16/16 114/114/117 2/2/2
f 146/146/150 124/124/127 114/114/117
f 147/147/151 120/120/123 124/124/127
f 148/148/152 121/121/124 120/120/123
f 16/16/16 110/110/113 146/146/150
f 146/146/150 105/105/108 147/147/151
f 147/147/151 102/102/105 148/148/152
f 148/148/152 104/104/107 149/149/153
f 18/18/18 87/87/90 17/17/17
f 150/150/154 94/94/97 87/87/90
f 151/151/155 91/91/94 94/94/97
f 152/152/156 92/92/95 91/91/94
f 18/18/18 128/128/131 150/150/154
f 150/150/154 122/122/125 151/151/155
f 151/151/155 119/119/122 152/152/156
f 152/152/156 121/121/124 153/153/157
f 7/7/7 40/40/40 5/5/5
f 40/40/40 154/154/158 29/29/159
f 29/29/29 155/155/160 25/25/25
f 25/25/25 13/13/13 23/23/23
f 17/17/17 156/156/161 7/7/7
f 86/86/89 154/154/158 156/156/162
f 154/154/163 80/80/83 155/155/160
f 155/155/164 77/77/80 13/13/13
f 15/15/15 157/157/165 111/111/114
f 111/111/114 158/158/166 100/100/167
f 158/158/168 96/96/99 100/100/103
f 159/159/169 21/21/21 96/96/99
f 48/48/49 157/157/165 9/9/9
f 157/157/170 53/53/55 158/158/166
f 158/158/168 43/43/44 159/159/171
f 159/159/169 20/20/20 19/19/19
f 126/126/129 160/160/172 129/129/132
f 129/129/132 161/161/173 117/117/174
f 161/161/175 113/113/116 117/117/120
f 162/162/176 2/2/2 113/113/116
f 66/66/68 160/160/172 11/11/11
f 160/160/177 71/71/74 161/161/173
f 161/161/175 61/61/63 162/162/178
f 61/61/63 3/3/3 162/162/176
f 1/1/1 16/16/16 2/2/2
f 4/4/4 8/8/8 1/1/1
f 5/5/5 10/10/10 6/6/6
f 8/8/8 48/48/49 9/9/9
f 10/10/10 66/66/68 11/11/11
f 12/12/12 23/23/23 13/13/13
f 1/1/1 9/9/9 15/15/15
f 6/6/6 18/18/18 17/17/17
f 11/11/11 126/126/129 18/18/18
f 12/12/12 14/14/14 19/19/19
f 14/14/14 22/22/22 21/21/21
f 13/13/13 77/77/80 22/22/22
f 23/23/23 26/26/26 24/24/24
f 26/26/26 36/36/36 27/27/27
f 25/25/25 24/24/24 28/28/28
f 24/24/24 27/27/27 30/30/30
f 31/31/31 35/35/35 32/32/32
f 34/34/34 37/37/37 35/35/35
f 35/35/35 27/27/27 36/36/36
f 37/37/37 30/30/30 27/27/27
f 5/5/5 40/40/40 38/38/38
f 40/40/40 29/29/159 28/28/41
f 39/39/39 38/38/38 37/37/37
f 38/38/38 28/28/41 30/30/30
f 20/20/20 43/43/44 41/41/42
f 43/43/44 53/53/179 44/44/45
f 42/42/43 41/41/42 45/45/46
f 41/41/42 44/44/45 47/47/48
f 48/48/49 51/51/52 49/49/50
f 51/51/52 58/58/60 52/52/53
f 50/50/51 49/49/50 44/44/54
f 49/49/50 52/52/53 47/47/48
f 54/54/56 57/57/59 55/55/57
f 46/46/47 45/45/46 57/57/59
f 57/57/59 52/52/53 58/58/60
f 45/45/46 47/47/48 52/52/53
f 4/4/4 61/61/63 59/59/61
f 61/61/63 71/71/180 62/62/64
f 60/60/62 59/59/61 63/63/65
f 59/59/61 62/62/64 65/65/67
f 66/66/68 69/69/71 67/67/69
f 69/69/71 76/76/79 70/70/72
f 68/68/70 67/67/69 62/62/73
f 67/67/69 70/70/72 65/65/67
f 72/72/75 75/75/78 73/73/76
f 64/64/66 63/63/65 75/75/78
f 75/75/78 70/70/72 76/76/79
f 63/63/65 65/65/67 70/70/72
f 77/77/80 80/80/83 78/78/81
f 80/80/83 89/89/181 81/81/84
f 79/79/82 78/78/81 82/82/85
f 78/78/81 81/81/84 84/84/87
f 17/17/17 87/87/90 85/85/88
f 87/87/90 94/94/97 88/88/91
f 86/86/89 85/85/88 81/81/84
f 85/85/88 88/88/91 84/84/87
f 90/90/93 93/93/96 91/91/94
f 83/83/86 82/82/85 93/93/96
f 93/93/96 88/88/91 94/94/97
f 82/82/85 84/84/87 88/88/91
f 21/21/21 97/97/100 95/95/98
f 97/97/100 107/107/110 98/98/101
f 96/96/99 95/95/98 99/99/102
f 95/95/98 98/98/101 101/101/104
f 102/102/105 106/106/109 103/103/106
f 105/105/108 108/108/111 106/106/109
f 106/106/109 98/98/101 107/107/110
f 108/108/111 101/101/104 98/98/101
f 15/15/15 111/111/114 109/109/112
f 111/111/114 100/100/167 99/99/102
f 110/110/113 109/109/112 108/108/111
f 109/109/112 99/99/102 101/101/104
f 2/2/2 114/114/117 112/112/115
f 114/114/117 124/124/127 115/115/118
f 113/113/116 112/112/115 116/116/119
f 112/112/115 115/115/118 118/118/121
f 119/119/122 123/123/126 120/120/123
f 122/122/125 125/125/128 123/123/126
f 123/123/126 115/115/118 124/124/127
f 125/125/128 118/118/121 115/115/118
f 126/126/129 129/129/132 127/127/130
f 129/129/132 117/117/174 116/116/133
f 128/128/131 127/127/130 125/125/128
f 127/127/130 116/116/133 118/118/121
f 12/12/12 130/130/134 26/26/26
f 130/130/134 131/131/135 36/36/36
f 131/131/135 132/132/136 32/32/32
f 132/132/136 133/133/137 33/33/33
f 12/12/12 20/20/20 42/42/43
f 130/130/134 42/42/43 46/46/47
f 131/131/135 46/46/47 54/54/56
f 132/132/136 54/54/56 56/56/58
f 74/74/77 137/137/141 134/134/138
f 72/72/75 134/134/138 135/135/139
f 64/64/66 135/135/139 136/136/140
f 60/60/62 136/136/140 8/8/8
f 56/56/58 55/55/57 134/134/138
f 55/55/57 58/58/60 135/135/139
f 58/58/60 51/51/52 136/136/140
f 51/51/52 48/48/49 8/8/8
f 33/33/33 141/141/145 138/138/142
f 31/31/31 138/138/142 139/139/143
f 34/34/34 139/139/143 140/140/144
f 39/39/39 140/140/144 10/10/10
f 74/74/77 73/73/76 138/138/142
f 73/73/76 76/76/79 139/139/143
f 76/76/79 69/69/71 140/140/144
f 69/69/71 66/66/68 10/10/10
f 92/92/95 145/145/149 142/142/146
f 90/90/93 142/142/146 143/143/147
f 83/83/86 143/143/147 144/144/148
f 79/79/82 144/144/148 22/22/22
f 104/104/107 103/103/106 142/142/146
f 103/103/106 107/107/110 143/143/147
f 107/107/110 97/97/100 144/144/148
f 97/97/100 21/21/21 22/22/22
f 16/16/16 146/146/150 114/114/117
f 146/146/150 147/147/151 124/124/127
f 147/147/151 148/148/152 120/120/123
f 148/148/152 149/149/153 121/121/124
f 16/16/16 15/15/15 110/110/113
f 146/146/150 110/110/113 105/105/108
f 147/147/151 105/105/108 102/102/105
f 148/148/152 102/102/105 104/104/107
f 18/18/18 150/150/154 87/87/90
f 150/150/154 151/151/155 94/94/97
f 151/151/155 152/152/156 91/91/94
f 152/152/156 153/153/157 92/92/95
f 18/18/18 126/126/129 128/128/131
f 150/150/154 128/128/131 122/122/125
f 151/151/155 122/122/125 119/119/122
f 152/152/156 119/119/122 121/121/124
f 7/7/7 156/156/161 40/40/40
f 40/40/40 156/156/162 154/154/158
f 29/29/29 154/154/163 155/155/160
f 25/25/25 155/155/164 13/13/13
f 17/17/17 86/86/89 156/156/161
f 86/86/89 89/89/92 154/154/158
f 154/154/163 89/89/181 80/80/83
f 155/155/164 80/80/83 77/77/80
f 15/15/15 9/9/9 157/157/165
f 111/111/114 157/157/170 158/158/166
f 158/158/168 159/159/171 96/96/99
f 159/159/169 19/19/19 21/21/21
f 48/48/49 50/50/51 157/157/165
f 157/157/170 50/50/51 53/53/55
f 158/158/168 53/53/179 43/43/44
f 159/159/169 43/43/44 20/20/20
f 126/126/129 11/11/11 160/160/172
f 129/129/132 160/160/177 161/161/173
f 161/161/175 162/162/178 113/113/116
f 162/162/176 3/3/3 2/2/2
f 66/66/68 68/68/70 160/160/172
f 160/160/177 68/68/70 71/71/74
f 161/161/175 71/71/180 61/61/63
f 61/61/63 4/4/4 3/3/3
f 163/163/182 164/164/183 165/165/184
f 166/166/185 167/167/186 168/168/187
f 169/169/188 170/170/189 171/171/190
f 172/172/191 173/173/192 174/174/193
f 175/175/194 176/176/195 177/177/196
f 171/171/190 178/178/197 179/179/198
f 180/180/199 181/181/200 182/182/201
f 183/183/202 184/184/203 185/185/204
f 167/167/186 186/186/205 168/168/187
f 187/187/206 188/188/207 189/189/208
f 190/190/209 191/191/210 192/192/211
f 193/193/212 194/194/213 195/195/214
f 196/196/215 197/197/216 198/198/217
f 199/199/218 200/200/219 201/201/220
f 170/170/189 202/202/221 178/178/197
f 198/198/217 203/203/222 184/184/203
f 204/204/223 177/177/196 205/205/224
f 206/206/225 207/207/226 208/208/227
f 209/209/228 210/210/229 211/211/230
f 212/212/231 213/213/232 214/214/233
f 215/215/234 216/216/235 217/217/236
f 218/218/237 219/219/238 220/220/239
f 221/221/240 222/222/200 180/180/199
f 223/223/241 193/193/212 224/224/242
f 225/225/243 190/190/209 175/175/194
f 226/226/244 227/227/245 213/213/232
f 228/228/246 229/229/247 209/209/228
f 175/175/194 192/192/211 230/230/248
f 165/165/184 231/231/249 232/232/250
f 233/233/251 234/234/252 215/215/234
f 235/235/253 224/224/242 236/236/200
f 237/237/254 238/238/255 167/167/186
f 239/239/256 199/199/218 240/240/257
f 241/241/258 172/172/191 242/242/259
f 243/243/260 236/236/200 222/222/200
f 244/244/261 245/245/262 218/218/237
f 201/201/220 191/191/210 246/246/263
f 199/199/218 247/247/264 248/248/265
f 222/222/200 249/249/200 181/181/200
f 250/250/266 251/251/267 229/229/247
f 252/252/268 186/186/205 247/247/264
f 253/253/269 254/254/270 193/193/212
f 224/224/242 195/195/214 255/255/242
f 236/236/200 255/255/242 249/249/200
f 256/256/271 187/187/206 237/237/254
f 257/257/272 258/258/273 206/206/225
f 169/169/188 198/198/217 183/183/202
f 187/187/206 259/259/274 237/237/254
f 260/260/275 261/261/276 254/254/270
f 205/205/224 176/176/195 188/188/207
f 183/183/202 262/262/277 170/170/189
f 254/254/270 263/263/278 194/194/213
f 164/164/183 264/264/279 231/231/249
f 258/258/273 265/265/280 207/207/226
f 266/266/281 267/267/282 258/258/273
f 245/245/262 268/268/283 219/219/238
f 234/234/252 269/269/284 216/216/235
f 270/270/285 271/271/286 234/234/252
f 272/272/287 175/175/194 177/177/196
f 273/273/288 205/205/224 187/187/206
f 274/274/289 275/275/290 172/172/191
f 214/214/233 276/276/291 277/277/292
f 213/213/232 278/278/293 276/276/291
f 279/279/294 280/280/295 245/245/262
f 166/166/185 252/252/268 239/239/256
f 240/240/257 201/201/220 281/281/296
f 229/229/247 282/282/297 210/210/229
f 283/283/298 237/237/254 167/167/186
f 242/242/259 174/174/193 284/284/299
f 281/281/296 246/246/263 285/285/300
f 285/285/300 190/190/209 286/286/301
f 287/287/302 288/288/303 164/164/183
f 289/289/304 290/290/305 163/163/182
f 291/291/306 292/292/307 289/289/304
f 292/292/307 293/293/308 290/290/305
f 292/292/307 294/294/309 295/295/310
f 296/296/311 297/297/312 286/286/301
f 298/298/313 299/299/314 296/296/311
f 299/299/314 291/291/306 297/297/312
f 300/300/315 301/301/316 299/299/314
f 302/302/317 303/303/318 208/208/227
f 293/293/308 304/304/319 302/302/317
f 304/304/319 298/298/313 303/303/320
f 295/295/310 300/300/315 304/304/319
f 305/305/321 306/306/322 307/307/323
f 308/308/324 309/309/325 305/305/326
f 309/309/325 310/310/327 306/306/322
f 311/311/328 312/312/329 309/309/325
f 313/313/330 314/314/331 281/281/296
f 315/315/332 316/316/333 313/313/330
f 316/316/333 308/308/324 314/314/331
f 317/317/334 311/311/328 316/316/333
f 318/318/335 319/319/336 232/232/250
f 310/310/327 320/320/337 318/318/335
f 320/320/337 315/315/332 319/319/336
f 320/320/337 321/321/338 317/317/334
f 322/322/339 323/323/340 324/324/341
f 325/325/342 326/326/343 322/322/339
f 326/326/343 327/327/344 323/323/340
f 326/326/343 328/328/345 329/329/346
f 330/330/347 331/331/348 273/273/288
f 332/332/349 333/333/350 330/330/347
f 333/333/350 325/325/342 331/331/348
f 334/334/351 335/335/352 333/333/350
f 336/336/353 337/337/354 220/220/239
f 327/327/344 338/338/355 336/336/353
f 338/338/355 332/332/349 337/337/354
f 338/338/355 328/328/345 334/334/351
f 339/339/356 340/340/357 211/211/230
f 341/341/358 342/342/359 339/339/356
f 342/342/359 343/343/360 340/340/357
f 342/342/359 344/344/361 345/345/362
f 346/346/363 347/347/364 348/348/365
f 349/349/366 350/350/367 346/346/363
f 350/350/367 341/341/368 347/347/364
f 350/350/367 344/344/369 351/351/370
f 192/192/371 352/352/372 353/353/373
f 354/354/374 345/345/362 352/352/372
f 353/353/373 355/355/375 349/349/366
f 352/352/372 344/344/376 355/355/375
f 179/179/198 356/356/377 357/357/378
f 358/358/379 359/359/380 356/356/377
f 357/357/378 360/360/381 361/361/382
f 356/356/377 362/362/383 360/360/381
f 363/363/384 364/364/385 365/365/386
f 366/366/387 364/364/385 367/367/388
f 364/364/385 368/368/389 365/365/386
f 364/364/385 362/362/390 359/359/391
f 369/369/392 370/370/393 189/189/208
f 361/361/382 371/371/394 369/369/392
f 371/371/394 366/366/387 370/370/393
f 360/360/395 372/372/396 371/371/394
f 373/373/397 374/374/398 221/221/240
f 375/375/399 376/376/400 373/373/397
f 374/374/398 377/377/401 378/378/402
f 376/376/400 379/379/403 377/377/401
f 228/228/246 380/380/404 381/381/405
f 382/382/406 383/383/407 380/380/404
f 381/381/405 384/384/408 375/375/409
f 380/380/404 379/379/410 384/384/408
f 385/385/411 386/386/412 200/200/219
f 378/378/402 387/387/413 385/385/411
f 387/387/413 388/388/414 386/386/412
f 377/377/401 383/383/407 387/387/413
f 389/389/415 390/390/416 244/244/261
f 391/391/417 392/392/418 389/389/415
f 392/392/418 393/393/419 390/390/416
f 392/392/418 394/394/420 395/395/421
f 396/396/422 397/397/423 283/283/298
f 398/398/424 399/399/425 396/396/422
f 399/399/425 391/391/417 397/397/423
f 400/400/426 401/401/427 399/399/425
f 402/402/428 403/403/429 217/217/236
f 393/393/419 404/404/430 402/402/428
f 404/404/430 398/398/424 403/403/429
f 395/395/421 400/400/426 404/404/430
f 405/405/431 406/406/432 241/241/258
f 407/407/433 408/408/434 405/405/431
f 408/408/434 409/409/435 406/406/432
f 410/410/436 411/411/437 408/408/434
f 412/412/438 413/413/439 233/233/251
f 414/414/440 415/415/441 412/412/438
f 415/415/441 407/407/433 413/413/439
f 415/415/441 416/416/442 410/410/436
f 417/417/443 418/418/444 239/239/256
f 409/409/435 419/419/445 417/417/443
f 419/419/445 414/414/440 418/418/444
f 411/411/437 420/420/446 419/419/445
f 421/421/447 422/422/448 212/212/231
f 423/423/449 424/424/450 421/421/447
f 424/424/450 425/425/451 422/422/448
f 424/424/450 426/426/452 427/427/453
f 428/428/454 429/429/455 257/257/272
f 430/430/456 431/431/457 428/428/454
f 431/431/457 423/423/449 429/429/455
f 432/432/458 433/433/459 431/431/457
f 434/434/460 435/435/461 272/272/287
f 425/425/451 436/436/462 434/434/460
f 436/436/462 430/430/456 435/435/461
f 427/427/453 432/432/458 436/436/462
f 437/437/463 438/438/464 277/277/292
f 439/439/465 440/440/466 437/437/463
f 440/440/466 441/441/467 438/438/464
f 442/442/468 443/443/469 440/440/466
f 444/444/470 445/445/471 446/446/472
f 447/447/473 448/448/474 445/445/471
f 446/446/472 442/442/468 439/439/465
f 445/445/471 449/449/475 442/442/468
f 450/450/476 451/451/477 452/452/478
f 441/441/467 453/453/479 450/450/476
f 453/453/479 454/454/480 451/451/477
f 443/443/469 448/448/474 453/453/479
f 455/455/481 456/456/482 278/278/293
f 457/457/483 458/458/484 455/455/481
f 458/458/484 459/459/485 456/456/482
f 460/460/486 461/461/487 458/458/484
f 462/462/488 463/463/489 268/268/283
f 464/464/490 465/465/491 462/462/488
f 465/465/491 457/457/483 463/463/489
f 466/466/492 460/460/486 465/465/491
f 467/467/493 468/468/494 469/469/495
f 470/470/496 461/461/487 468/468/494
f 469/469/495 466/466/492 464/464/490
f 468/468/494 471/471/497 466/466/492
f 472/472/498 473/473/499 284/284/299
f 474/474/500 475/475/501 472/472/498
f 475/475/501 476/476/502 473/473/499
f 477/477/503 478/478/504 475/475/501
f 479/479/505 480/480/506 481/481/507
f 482/482/508 483/483/509 480/480/506
f 481/481/507 477/477/503 474/474/500
f 480/480/506 484/484/510 477/477/503
f 485/485/511 486/486/512 487/487/513
f 476/476/502 488/488/514 485/485/511
f 488/488/514 489/489/515 486/486/512
f 478/478/504 483/483/509 488/488/514
f 490/490/516 491/491/517 173/173/192
f 492/492/518 493/493/519 490/490/516
f 493/493/519 494/494/520 491/491/517
f 495/495/521 496/496/522 493/493/519
f 497/497/523 498/498/524 264/264/279
f 499/499/525 500/500/526 497/497/523
f 500/500/526 492/492/518 498/498/524
f 501/501/527 495/495/521 500/500/526
f 502/502/528 503/503/529 504/504/530
f 505/505/531 496/496/522 503/503/529
f 504/504/530 501/501/527 499/499/525
f 503/503/529 506/506/532 501/501/527
f 507/507/533 508/508/534 509/509/535
f 510/510/536 511/511/537 507/507/533
f 511/511/537 512/512/538 508/508/534
f 513/513/539 514/514/540 511/511/537
f 515/515/541 516/516/542 265/265/280
f 517/517/543 518/518/544 515/515/541
f 518/518/544 510/510/536 516/516/542
f 519/519/545 513/513/539 518/518/544
f 520/520/546 521/521/547 522/522/548
f 523/523/549 514/514/540 521/521/547
f 522/522/548 519/519/545 517/517/543
f 521/521/547 524/524/550 519/519/545
f 525/525/551 526/526/552 527/527/553
f 528/528/554 529/529/555 525/525/551
f 529/529/555 530/530/556 526/526/552
f 531/531/557 532/532/558 529/529/555
f 533/533/559 534/534/560 269/269/284
f 535/535/561 536/536/562 533/533/559
f 536/536/562 528/528/554 534/534/560
f 537/537/563 531/531/557 536/536/562
f 538/538/564 539/539/565 540/540/566
f 541/541/567 532/532/558 539/539/565
f 540/540/566 537/537/563 535/535/561
f 539/539/565 542/542/568 537/537/563
f 171/171/190 543/543/569 169/169/188
f 543/543/569 544/544/570 545/545/571
f 545/545/571 546/546/572 547/547/573
f 547/547/574 188/188/207 176/176/195
f 171/171/190 357/357/378 548/548/575
f 548/548/575 361/361/382 544/544/570
f 544/544/570 369/369/392 546/546/572
f 546/546/576 189/189/208 188/188/207
f 235/235/253 549/549/577 550/550/578
f 550/550/578 551/551/579 552/552/580
f 552/552/580 553/553/581 554/554/582
f 554/554/582 248/248/265 247/247/264
f 243/243/260 374/374/398 549/549/577
f 549/549/577 378/378/402 551/551/579
f 551/551/579 385/385/411 553/553/581
f 553/553/581 200/200/219 248/248/265
f 209/209/228 382/382/406 228/228/246
f 555/555/583 388/388/414 382/382/406
f 556/556/584 386/386/412 388/388/414
f 557/557/585 200/200/219 386/386/412
f 211/211/230 555/555/583 209/209/228
f 340/340/357 556/556/584 555/555/583
f 343/343/360 557/557/586 556/556/584
f 354/354/587 191/191/588 557/557/585
f 211/211/230 558/558/589 339/339/356
f 339/339/356 559/559/590 341/341/358
f 559/559/591 347/347/364 341/341/368
f 560/560/592 348/348/365 347/347/364
f 210/210/229 561/561/593 558/558/589
f 558/558/589 562/562/594 559/559/590
f 562/562/595 560/560/592 559/559/591
f 563/563/596 197/197/216 560/560/592
f 180/180/199 373/373/397 221/221/240
f 564/564/597 375/375/399 373/373/397
f 565/565/598 381/381/405 375/375/409
f 566/566/599 228/228/246 381/381/405
f 180/180/199 567/567/600 564/564/601
f 567/567/602 565/565/597 564/564/597
f 568/568/603 566/566/604 565/565/598
f 569/569/605 250/250/266 566/566/599
f 179/179/198 570/570/606 358/358/379
f 570/570/606 368/368/607 358/358/379
f 571/571/608 365/365/386 368/368/389
f 572/572/609 363/363/384 365/365/386
f 178/178/197 573/573/610 570/570/606
f 570/570/606 574/574/611 571/571/612
f 574/574/613 572/572/609 571/571/608
f 575/575/614 261/261/276 572/572/609
f 272/272/287 576/576/615 434/434/460
f 434/434/460 577/577/616 425/425/451
f 577/577/616 422/422/448 425/425/451
f 578/578/617 212/212/231 422/422/448
f 204/204/223 331/331/348 576/576/615
f 576/576/615 325/325/342 577/577/616
f 577/577/616 322/322/339 578/578/617
f 578/578/617 324/324/341 226/226/244
f 240/240/257 417/417/443 239/239/256
f 579/579/618 409/409/435 417/417/443
f 580/580/619 406/406/432 409/409/435
f 581/581/620 241/241/258 406/406/432
f 240/240/257 314/314/331 579/579/618
f 579/579/618 308/308/621 580/580/619
f 580/580/619 305/305/321 581/581/620
f 581/581/620 307/307/323 274/274/289
f 285/285/300 313/313/330 281/281/296
f 582/582/622 315/315/332 313/313/330
f 583/583/623 319/319/336 315/315/332
f 584/584/624 232/232/250 319/319/336
f 285/285/300 297/297/312 582/582/622
f 582/582/622 291/291/306 583/583/623
f 583/583/623 289/289/304 584/584/624
f 584/584/624 163/163/182 165/165/184
f 363/363/384 585/585/625 367/367/388
f 367/367/388 586/586/626 366/366/387
f 366/366/387 587/587/627 370/370/393
f 587/587/627 189/189/208 370/370/393
f 260/260/275 588/588/628 585/585/625
f 585/585/625 589/589/629 586/586/626
f 586/586/626 590/590/630 587/587/627
f 587/587/627 238/238/255 259/259/274
f 253/253/269 591/591/631 588/588/628
f 588/588/628 592/592/632 589/589/629
f 589/589/629 593/593/633 590/590/630
f 590/590/630 186/186/205 238/238/255
f 223/223/241 550/550/578 591/591/631
f 591/591/631 552/552/580 592/592/632
f 592/592/632 554/554/582 593/593/633
f 593/593/633 247/247/264 186/186/205
f 256/256/271 330/330/347 273/273/288
f 594/594/634 332/332/349 330/330/347
f 595/595/635 337/337/354 332/332/349
f 596/596/636 220/220/239 337/337/354
f 256/256/271 397/397/423 594/594/634
f 594/594/634 391/391/417 595/595/635
f 595/595/635 389/389/415 596/596/636
f 596/596/636 244/244/261 218/218/237
f 166/166/185 396/396/422 283/283/298
f 597/597/637 398/398/424 396/396/422
f 598/598/638 403/403/429 398/398/424
f 599/599/639 217/217/236 403/403/429
f 166/166/185 418/418/444 597/597/637
f 597/597/637 414/414/440 598/598/638
f 598/598/638 412/412/438 599/599/639
f 599/599/639 233/233/251 215/215/234
f 348/348/365 600/600/640 346/346/363
f 346/346/363 601/601/641 349/349/366
f 601/601/641 353/353/373 349/349/366
f 602/602/642 192/192/211 353/353/373
f 169/169/188 600/600/640 196/196/215
f 543/543/569 601/601/641 600/600/640
f 545/545/571 602/602/642 601/601/641
f 547/547/574 230/230/248 602/602/642
f 225/225/243 296/296/311 286/286/301
f 603/603/643 298/298/644 296/296/311
f 604/604/645 303/303/318 298/298/644
f 605/605/646 208/208/227 303/303/318
f 225/225/243 435/435/461 603/603/643
f 603/603/643 430/430/456 604/604/645
f 604/604/645 428/428/454 605/605/646
f 605/605/646 257/257/272 206/206/225
f 277/277/292 606/606/647 437/437/463
f 437/437/463 607/607/648 439/439/465
f 439/439/465 608/608/649 446/446/472
f 446/446/472 609/609/650 444/444/470
f 278/278/293 606/606/647 276/276/291
f 456/456/482 607/607/648 606/606/647
f 459/459/485 608/608/649 607/607/648
f 470/470/496 609/609/650 608/608/649
f 284/284/299 610/610/651 472/472/498
f 472/472/498 611/611/652 474/474/500
f 474/474/500 612/612/653 481/481/507
f 481/481/507 613/613/654 479/479/505
f 173/173/192 610/610/651 174/174/193
f 491/491/517 611/611/652 610/610/651
f 494/494/520 612/612/653 611/611/652
f 505/505/531 613/613/654 612/612/653
f 264/264/279 614/614/655 497/497/523
f 497/497/523 615/615/656 499/499/525
f 499/499/525 616/616/657 504/504/530
f 504/504/530 617/617/658 502/502/528
f 509/509/535 614/614/655 288/288/303
f 508/508/534 615/615/656 614/614/655
f 512/512/538 616/616/657 615/615/656
f 523/523/549 617/617/658 616/616/657
f 268/268/283 618/618/659 462/462/488
f 462/462/488 619/619/660 464/464/490
f 464/464/490 620/620/661 469/469/495
f 469/469/495 621/621/662 467/467/493
f 527/527/553 618/618/659 280/280/295
f 526/526/552 619/619/660 618/618/659
f 530/530/556 620/620/661 619/619/660
f 541/541/567 621/621/662 620/620/661
f 269/269/284 622/622/663 533/533/559
f 533/533/559 623/623/664 535/535/561
f 535/535/561 624/624/665 540/540/566
f 540/540/566 625/625/666 538/538/564
f 487/487/513 622/622/663 271/271/286
f 486/486/512 623/623/664 622/622/663
f 489/489/515 624/624/665 623/623/664
f 482/482/508 625/625/666 624/624/665
f 265/265/280 626/626/667 515/515/541
f 515/515/541 627/627/668 517/517/543
f 517/517/543 628/628/669 522/522/548
f 522/522/548 629/629/670 520/520/546
f 452/452/478 626/626/667 267/267/282
f 451/451/477 627/627/668 626/626/667
f 454/454/480 628/628/669 627/627/668
f 447/447/473 629/629/670 628/628/669
f 242/242/259 405/405/431 241/241/258
f 630/630/671 407/407/433 405/405/431
f 631/631/672 413/413/439 407/407/433
f 632/632/673 233/233/251 413/413/439
f 284/284/299 630/630/671 242/242/259
f 473/473/499 631/631/672 630/630/671
f 476/476/502 632/632/673 631/631/672
f 632/632/673 487/487/513 270/270/285
f 527/527/553 633/633/674 525/525/551
f 525/525/551 634/634/675 528/528/554
f 528/528/554 635/635/676 534/534/560
f 534/534/560 216/216/235 269/269/284
f 279/279/294 390/390/416 633/633/674
f 633/633/674 393/393/419 634/634/675
f 634/634/675 402/402/428 635/635/676
f 635/635/676 217/217/236 216/216/235
f 220/220/239 636/636/677 336/336/353
f 336/336/353 637/637/678 327/327/344
f 327/327/344 638/638/679 323/323/340
f 323/323/340 227/227/245 324/324/341
f 219/219/238 463/463/489 636/636/677
f 636/636/677 457/457/483 637/637/678
f 637/637/678 455/455/481 638/638/679
f 638/638/679 278/278/293 227/227/245
f 452/452/478 639/639/680 450/450/476
f 450/450/476 640/640/681 441/441/467
f 441/441/467 641/641/682 438/438/464
f 641/641/682 277/277/292 438/438/464
f 266/266/281 429/429/455 639/639/680
f 639/639/680 423/423/449 640/640/681
f 640/640/681 421/421/447 641/641/682
f 641/641/682 212/212/231 214/214/233
f 509/509/535 642/642/683 507/507/533
f 507/507/533 643/643/684 510/510/536
f 510/510/536 644/644/685 516/516/542
f 516/516/542 207/207/226 265/265/280
f 287/287/302 290/290/305 642/642/683
f 642/642/683 293/293/308 643/643/684
f 643/643/684 302/302/317 644/644/685
f 644/644/685 208/208/227 207/207/226
f 231/231/249 318/318/335 232/232/250
f 645/645/686 310/310/327 318/318/335
f 646/646/687 306/306/322 310/310/327
f 647/647/688 307/307/323 306/306/322
f 264/264/279 645/645/686 231/231/249
f 498/498/524 646/646/687 645/645/686
f 492/492/518 647/647/688 646/646/687
f 490/490/516 275/275/290 647/647/688
f 163/163/182 287/287/302 164/164/183
f 166/166/185 283/283/298 167/167/186
f 169/169/188 183/183/202 170/170/189
f 172/172/191 275/275/290 173/173/192
f 175/175/194 230/230/248 176/176/195
f 171/171/190 170/170/189 178/178/197
f 180/180/199 222/222/200 181/181/200
f 183/183/202 198/198/217 184/184/203
f 167/167/186 238/238/255 186/186/205
f 187/187/206 205/205/224 188/188/207
f 190/190/209 246/246/263 191/191/210
f 193/193/212 254/254/270 194/194/213
f 196/196/215 348/348/365 197/197/216
f 199/199/218 248/248/265 200/200/219
f 170/170/189 262/262/277 202/202/221
f 198/198/217 197/197/216 203/203/222
f 204/204/223 272/272/287 177/177/196
f 206/206/225 258/258/273 207/207/226
f 209/209/228 229/229/247 210/210/229
f 212/212/231 226/226/244 213/213/232
f 215/215/234 234/234/252 216/216/235
f 218/218/237 245/245/262 219/219/238
f 221/221/240 243/243/260 222/222/200
f 223/223/241 253/253/269 193/193/212
f 225/225/243 286/286/301 190/190/209
f 226/226/244 324/324/341 227/227/245
f 228/228/246 250/250/266 229/229/247
f 175/175/194 190/190/209 192/192/211
f 165/165/184 164/164/183 231/231/249
f 233/233/251 270/270/285 234/234/252
f 235/235/253 223/223/241 224/224/242
f 237/237/254 259/259/274 238/238/255
f 239/239/256 252/252/268 199/199/218
f 241/241/258 274/274/289 172/172/191
f 243/243/260 235/235/253 236/236/200
f 244/244/261 279/279/294 245/245/262
f 201/201/220 200/200/219 191/191/210
f 199/199/218 252/252/268 247/247/264
f 222/222/200 236/236/200 249/249/200
f 250/250/266 648/648/689 251/251/267
f 252/252/268 168/168/187 186/186/205
f 253/253/269 260/260/275 254/254/270
f 224/224/242 193/193/212 195/195/214
f 236/236/200 224/224/242 255/255/242
f 256/256/271 273/273/288 187/187/206
f 257/257/272 266/266/281 258/258/273
f 169/169/188 196/196/215 198/198/217
f 187/187/206 189/189/208 259/259/274
f 260/260/275 363/363/384 261/261/276
f 205/205/224 177/177/196 176/176/195
f 183/183/202 185/185/204 262/262/277
f 254/254/270 261/261/276 263/263/278
f 164/164/183 288/288/303 264/264/279
f 258/258/273 267/267/282 265/265/280
f 266/266/281 452/452/478 267/267/282
f 245/245/262 280/280/295 268/268/283
f 234/234/252 271/271/286 269/269/284
f 270/270/285 487/487/513 271/271/286
f 272/272/287 225/225/243 175/175/194
f 273/273/288 204/204/223 205/205/224
f 274/274/289 307/307/323 275/275/290
f 214/214/233 213/213/232 276/276/291
f 213/213/232 227/227/245 278/278/293
f 279/279/294 527/527/553 280/280/295
f 166/166/185 168/168/187 252/252/268
f 240/240/257 199/199/218 201/201/220
f 229/229/247 251/251/267 282/282/297
f 283/283/298 256/256/271 237/237/254
f 242/242/259 172/172/191 174/174/193
f 281/281/296 201/201/220 246/246/263
f 285/285/300 246/246/263 190/190/209
f 287/287/302 509/509/535 288/288/303
f 289/289/304 292/292/307 290/290/305
f 291/291/306 301/301/316 292/292/307
f 292/292/307 295/295/310 293/293/308
f 292/292/307 301/301/316 294/294/309
f 296/296/311 299/299/314 297/297/312
f 298/298/313 300/300/315 299/299/314
f 299/299/314 301/301/316 291/291/306
f 300/300/315 294/294/309 301/301/316
f 302/302/317 304/304/319 303/303/318
f 293/293/308 295/295/310 304/304/319
f 304/304/319 300/300/315 298/298/313
f 295/295/310 294/294/309 300/300/315
f 305/305/321 309/309/325 306/306/322
f 308/308/324 311/311/328 309/309/325
f 309/309/325 312/312/329 310/310/327
f 311/311/328 321/321/338 312/312/329
f 313/313/330 316/316/333 314/314/331
f 315/315/332 317/317/334 316/316/333
f 316/316/333 311/311/328 308/308/324
f 317/317/334 321/321/338 311/311/328
f 318/318/335 320/320/337 319/319/336
f 310/310/327 312/312/329 320/320/337
f 320/320/337 317/317/334 315/315/332
f 320/320/337 312/312/329 321/321/338
f 322/322/339 326/326/343 323/323/340
f 325/325/342 335/335/352 326/326/343
f 326/326/343 329/329/346 327/327/344
f 326/326/343 335/335/352 328/328/345
f 330/330/347 333/333/350 331/331/348
f 332/332/349 334/334/351 333/333/350
f 333/333/350 335/335/352 325/325/342
f 334/334/351 328/328/345 335/335/352
f 336/336/353 338/338/355 337/337/354
f 327/327/344 329/329/346 338/338/355
f 338/338/355 334/334/351 332/332/349
f 338/338/355 329/329/346 328/328/345
f 339/339/356 342/342/359 340/340/357
f 341/341/358 351/351/690 342/342/359
f 342/342/359 345/345/362 343/343/360
f 342/342/359 351/351/690 344/344/361
f 346/346/363 350/350/367 347/347/364
f 349/349/366 355/355/375 350/350/367
f 350/350/367 351/351/370 341/341/368
f 350/350/367 355/355/375 344/344/369
f 192/192/371 354/354/374 352/352/372
f 354/354/374 343/343/360 345/345/362
f 353/353/373 352/352/372 355/355/375
f 352/352/372 345/345/362 344/344/376
f 179/179/198 358/358/379 356/356/377
f 358/358/379 368/368/607 359/359/380
f 357/357/378 356/356/377 360/360/381
f 356/356/377 359/359/380 362/362/383
f 363/363/384 367/367/388 364/364/385
f 366/366/387 372/372/691 364/364/385
f 364/364/385 359/359/391 368/368/389
f 364/364/385 372/372/691 362/362/390
f 369/369/392 371/371/394 370/370/393
f 361/361/382 360/360/395 371/371/394
f 371/371/394 372/372/396 366/366/387
f 360/360/395 362/362/692 372/372/396
f 373/373/397 376/376/400 374/374/398
f 375/375/399 384/384/693 376/376/400
f 374/374/398 376/376/400 377/377/401
f 376/376/400 384/384/693 379/379/403
f 228/228/246 382/382/406 380/380/404
f 382/382/406 388/388/414 383/383/407
f 381/381/405 380/380/404 384/384/408
f 380/380/404 383/383/407 379/379/410
f 385/385/411 387/387/413 386/386/412
f 378/378/402 377/377/401 387/387/413
f 387/387/413 383/383/407 388/388/414
f 377/377/401 379/379/403 383/383/407
f 389/389/415 392/392/418 390/390/416
f 391/391/417 401/401/427 392/392/418
f 392/392/418 395/395/421 393/393/419
f 392/392/418 401/401/427 394/394/420
f 396/396/422 399/399/425 397/397/423
f 398/398/424 400/400/426 399/399/425
f 399/399/425 401/401/427 391/391/417
f 400/400/426 394/394/420 401/401/427
f 402/402/428 404/404/430 403/403/429
f 393/393/419 395/395/421 404/404/430
f 404/404/430 400/400/426 398/398/424
f 395/395/421 394/394/420 400/400/426
f 405/405/431 408/408/434 406/406/432
f 407/407/433 410/410/436 408/408/434
f 408/408/434 411/411/437 409/409/435
f 410/410/436 416/416/442 411/411/437
f 412/412/438 415/415/441 413/413/439
f 414/414/440 420/420/446 415/415/441
f 415/415/441 410/410/436 407/407/433
f 415/415/441 420/420/446 416/416/442
f 417/417/443 419/419/445 418/418/444
f 409/409/435 411/411/437 419/419/445
f 419/419/445 420/420/446 414/414/440
f 411/411/437 416/416/442 420/420/446
f 421/421/447 424/424/450 422/422/448
f 423/423/449 433/433/459 424/424/450
f 424/424/450 427/427/453 425/425/451
f 424/424/450 433/433/459 426/426/452
f 428/428/454 431/431/457 429/429/455
f 430/430/456 432/432/458 431/431/457
f 431/431/457 433/433/459 423/423/449
f 432/432/458 426/426/452 433/433/459
f 434/434/460 436/436/462 435/435/461
f 425/425/451 427/427/453 436/436/462
f 436/436/462 432/432/458 430/430/456
f 427/427/453 426/426/452 432/432/458
f 437/437/463 440/440/466 438/438/464
f 439/439/465 442/442/468 440/440/466
f 440/440/466 443/443/469 441/441/467
f 442/442/468 449/449/475 443/443/469
f 444/444/470 447/447/473 445/445/471
f 447/447/473 454/454/480 448/448/474
f 446/446/472 445/445/471 442/442/468
f 445/445/471 448/448/474 449/449/475
f 450/450/476 453/453/479 451/451/477
f 441/441/467 443/443/469 453/453/479
f 453/453/479 448/448/474 454/454/480
f 443/443/469 449/449/475 448/448/474
f 455/455/481 458/458/484 456/456/482
f 457/457/483 460/460/486 458/458/484
f 458/458/484 461/461/487 459/459/485
f 460/460/486 471/471/497 461/461/487
f 462/462/488 465/465/491 463/463/489
f 464/464/490 466/466/492 465/465/491
f 465/465/491 460/460/486 457/457/483
f 466/466/492 471/471/497 460/460/486
f 467/467/493 470/470/496 468/468/494
f 470/470/496 459/459/485 461/461/487
f 469/469/495 468/468/494 466/466/492
f 468/468/494 461/461/487 471/471/497
f 472/472/498 475/475/501 473/473/499
f 474/474/500 477/477/503 475/475/501
f 475/475/501 478/478/504 476/476/502
f 477/477/503 484/484/510 478/478/504
f 479/479/505 482/482/508 480/480/506
f 482/482/508 489/489/515 483/483/509
f 481/481/507 480/480/506 477/477/503
f 480/480/506 483/483/509 484/484/510
f 485/485/511 488/488/514 486/486/512
f 476/476/502 478/478/504 488/488/514
f 488/488/514 483/483/509 489/489/515
f 478/478/504 484/484/510 483/483/509
f 490/490/516 493/493/519 491/491/517
f 492/492/518 495/495/521 493/493/519
f 493/493/519 496/496/522 494/494/520
f 495/495/521 506/506/532 496/496/522
f 497/497/523 500/500/526 498/498/524
f 499/499/525 501/501/527 500/500/526
f 500/500/526 495/495/521 492/492/518
f 501/501/527 506/506/532 495/495/521
f 502/502/528 505/505/531 503/503/529
f 505/505/531 494/494/520 496/496/522
f 504/504/530 503/503/529 501/501/527
f 503/503/529 496/496/522 506/506/532
f 507/507/533 511/511/537 508/508/534
f 510/510/536 513/513/539 511/511/537
f 511/511/537 514/514/540 512/512/538
f 513/513/539 524/524/550 514/514/540
f 515/515/541 518/518/544 516/516/542
f 517/517/543 519/519/545 518/518/544
f 518/518/544 513/513/539 510/510/536
f 519/519/545 524/524/550 513/513/539
f 520/520/546 523/523/549 521/521/547
f 523/523/549 512/512/538 514/514/540
f 522/522/548 521/521/547 519/519/545
f 521/521/547 514/514/540 524/524/550
f 525/525/551 529/529/555 526/526/552
f 528/528/554 531/531/557 529/529/555
f 529/529/555 532/532/558 530/530/556
f 531/531/557 542/542/568 532/532/558
f 533/533/559 536/536/562 534/534/560
f 535/535/561 537/537/563 536/536/562
f 536/536/562 531/531/557 528/528/554
f 537/537/563 542/542/568 531/531/557
f 538/538/564 541/541/567 539/539/565
f 541/541/567 530/530/556 532/532/558
f 540/540/566 539/539/565 537/537/563
f 539/539/565 532/532/558 542/542/568
f 171/171/190 548/548/575 543/543/569
f 543/543/569 548/548/575 544/544/570
f 545/545/571 544/544/570 546/546/572
f 547/547/574 546/546/576 188/188/207
f 171/171/190 179/179/198 357/357/378
f 548/548/575 357/357/378 361/361/382
f 544/544/570 361/361/382 369/369/392
f 546/546/576 369/369/392 189/189/208
f 235/235/253 243/243/260 549/549/577
f 550/550/578 549/549/577 551/551/579
f 552/552/580 551/551/579 553/553/581
f 554/554/582 553/553/581 248/248/265
f 243/243/260 221/221/240 374/374/398
f 549/549/577 374/374/398 378/378/402
f 551/551/579 378/378/402 385/385/411
f 553/553/581 385/385/411 200/200/219
f 209/209/228 555/555/583 382/382/406
f 555/555/583 556/556/584 388/388/414
f 556/556/584 557/557/586 386/386/412
f 557/557/585 191/191/588 200/200/219
f 211/211/230 340/340/357 555/555/583
f 340/340/357 343/343/360 556/556/584
f 343/343/360 354/354/374 557/557/586
f 354/354/587 192/192/694 191/191/588
f 211/211/230 210/210/229 558/558/589
f 339/339/356 558/558/589 559/559/590
f 559/559/591 560/560/592 347/347/364
f 560/560/592 197/197/216 348/348/365
f 210/210/229 282/282/297 561/561/593
f 558/558/589 561/561/593 562/562/594
f 562/562/595 563/563/596 560/560/592
f 563/563/596 203/203/222 197/197/216
f 180/180/199 564/564/601 373/373/397
f 564/564/597 565/565/597 375/375/399
f 565/565/598 566/566/604 381/381/405
f 566/566/599 250/250/266 228/228/246
f 180/180/199 182/182/201 567/567/600
f 567/567/602 568/568/602 565/565/597
f 568/568/603 569/569/695 566/566/604
f 569/569/605 648/648/689 250/250/266
f 179/179/198 178/178/197 570/570/606
f 570/570/606 571/571/612 368/368/607
f 571/571/608 572/572/609 365/365/386
f 572/572/609 261/261/276 363/363/384
f 178/178/197 202/202/221 573/573/610
f 570/570/606 573/573/610 574/574/611
f 574/574/613 575/575/614 572/572/609
f 575/575/614 263/263/278 261/261/276
f 272/272/287 204/204/223 576/576/615
f 434/434/460 576/576/615 577/577/616
f 577/577/616 578/578/617 422/422/448
f 578/578/617 226/226/244 212/212/231
f 204/204/223 273/273/288 331/331/348
f 576/576/615 331/331/348 325/325/342
f 577/577/616 325/325/342 322/322/339
f 578/578/617 322/322/339 324/324/341
f 240/240/257 579/579/618 417/417/443
f 579/579/618 580/580/619 409/409/435
f 580/580/619 581/581/620 406/406/432
f 581/581/620 274/274/289 241/241/258
f 240/240/257 281/281/296 314/314/331
f 579/579/618 314/314/331 308/308/621
f 580/580/619 308/308/621 305/305/321
f 581/581/620 305/305/321 307/307/323
f 285/285/300 582/582/622 313/313/330
f 582/582/622 583/583/623 315/315/332
f 583/583/623 584/584/624 319/319/336
f 584/584/624 165/165/184 232/232/250
f 285/285/300 286/286/301 297/297/312
f 582/582/622 297/297/312 291/291/306
f 583/583/623 291/291/306 289/289/304
f 584/584/624 289/289/304 163/163/182
f 363/363/384 260/260/275 585/585/625
f 367/367/388 585/585/625 586/586/626
f 366/366/387 586/586/626 587/587/627
f 587/587/627 259/259/274 189/189/208
f 260/260/275 253/253/269 588/588/628
f 585/585/625 588/588/628 589/589/629
f 586/586/626 589/589/629 590/590/630
f 587/587/627 590/590/630 238/238/255
f 253/253/269 223/223/241 591/591/631
f 588/588/628 591/591/631 592/592/632
f 589/589/629 592/592/632 593/593/633
f 590/590/630 593/593/633 186/186/205
f 223/223/241 235/235/253 550/550/578
f 591/591/631 550/550/578 552/552/580
f 592/592/632 552/552/580 554/554/582
f 593/593/633 554/554/582 247/247/264
f 256/256/271 594/594/634 330/330/347
f 594/594/634 595/595/635 332/332/349
f 595/595/635 596/596/636 337/337/354
f 596/596/636 218/218/237 220/220/239
f 256/256/271 283/283/298 397/397/423
f 594/594/634 397/397/423 391/391/417
f 595/595/635 391/391/417 389/389/415
f 596/596/636 389/389/415 244/244/261
f 166/166/185 597/597/637 396/396/422
f 597/597/637 598/598/638 398/398/424
f 598/598/638 599/599/639 403/403/429
f 599/599/639 215/215/234 217/217/236
f 166/166/185 239/239/256 418/418/444
f 597/597/637 418/418/444 414/414/440
f 598/598/638 414/414/440 412/412/438
f 599/599/639 412/412/438 233/233/251
f 348/348/365 196/196/215 600/600/640
f 346/346/363 600/600/640 601/601/641
f 601/601/641 602/602/642 353/353/373
f 602/602/642 230/230/248 192/192/211
f 169/169/188 543/543/569 600/600/640
f 543/543/569 545/545/571 601/601/641
f 545/545/571 547/547/573 602/602/642
f 547/547/574 176/176/195 230/230/248
f 225/225/243 603/603/643 296/296/311
f 603/603/643 604/604/645 298/298/644
f 604/604/645 605/605/646 303/303/318
f 605/605/646 206/206/225 208/208/227
f 225/225/243 272/272/287 435/435/461
f 603/603/643 435/435/461 430/430/456
f 604/604/645 430/430/456 428/428/454
f 605/605/646 428/428/454 257/257/272
f 277/277/292 276/276/291 606/606/647
f 437/437/463 606/606/647 607/607/648
f 439/439/465 607/607/648 608/608/649
f 446/446/472 608/608/649 609/609/650
f 278/278/293 456/456/482 606/606/647
f 456/456/482 459/459/485 607/607/648
f 459/459/485 470/470/496 608/608/649
f 470/470/496 467/467/493 609/609/650
f 284/284/299 174/174/193 610/610/651
f 472/472/498 610/610/651 611/611/652
f 474/474/500 611/611/652 612/612/653
f 481/481/507 612/612/653 613/613/654
f 173/173/192 491/491/517 610/610/651
f 491/491/517 494/494/520 611/611/652
f 494/494/520 505/505/531 612/612/653
f 505/505/531 502/502/528 613/613/654
f 264/264/279 288/288/303 614/614/655
f 497/497/523 614/614/655 615/615/656
f 499/499/525 615/615/656 616/616/657
f 504/504/530 616/616/657 617/617/658
f 509/509/535 508/508/534 614/614/655
f 508/508/534 512/512/538 615/615/656
f 512/512/538 523/523/549 616/616/657
f 523/523/549 520/520/546 617/617/658
f 268/268/283 280/280/295 618/618/659
f 462/462/488 618/618/659 619/619/660
f 464/464/490 619/619/660 620/620/661
f 469/469/495 620/620/661 621/621/662
f 527/527/553 526/526/552 618/618/659
f 526/526/552 530/530/556 619/619/660
f 530/530/556 541/541/567 620/620/661
f 541/541/567 538/538/564 621/621/662
f 269/269/284 271/271/286 622/622/663
f 533/533/559 622/622/663 623/623/664
f 535/535/561 623/623/664 624/624/665
f 540/540/566 624/624/665 625/625/666
f 487/487/513 486/486/512 622/622/663
f 486/486/512 489/489/515 623/623/664
f 489/489/515 482/482/508 624/624/665
f 482/482/508 479/479/505 625/625/666
f 265/265/280 267/267/282 626/626/667
f 515/515/541 626/626/667 627/627/668
f 517/517/543 627/627/668 628/628/669
f 522/522/548 628/628/669 629/629/670
f 452/452/478 451/451/477 626/626/667
f 451/451/477 454/454/480 627/627/668
f 454/454/480 447/447/473 628/628/669
f 447/447/473 444/444/470 629/629/670
f 242/242/259 630/630/671 405/405/431
f 630/630/671 631/631/672 407/407/433
f 631/631/672 632/632/673 413/413/439
f 632/632/673 270/270/285 233/233/251
f 284/284/299 473/473/499 630/630/671
f 473/473/499 476/476/502 631/631/672
f 476/476/502 485/485/511 632/632/673
f 632/632/673 485/485/511 487/487/513
f 527/527/553 279/279/294 633/633/674
f 525/525/551 633/633/674 634/634/675
f 528/528/554 634/634/675 635/635/676
f 534/534/560 635/635/676 216/216/235
f 279/279/294 244/244/261 390/390/416
f 633/633/674 390/390/416 393/393/419
f 634/634/675 393/393/419 402/402/428
f 635/635/676 402/402/428 217/217/236
f 220/220/239 219/219/238 636/636/677
f 336/336/353 636/636/677 637/637/678
f 327/327/344 637/637/678 638/638/679
f 323/323/340 638/638/679 227/227/245
f 219/219/238 268/268/283 463/463/489
f 636/636/677 463/463/489 457/457/483
f 637/637/678 457/457/483 455/455/481
f 638/638/679 455/455/481 278/278/293
f 452/452/478 266/266/281 639/639/680
f 450/450/476 639/639/680 640/640/681
f 441/441/467 640/640/681 641/641/682
f 641/641/682 214/214/233 277/277/292
f 266/266/281 257/257/272 429/429/455
f 639/639/680 429/429/455 423/423/449
f 640/640/681 423/423/449 421/421/447
f 641/641/682 421/421/447 212/212/231
f 509/509/535 287/287/302 642/642/683
f 507/507/533 642/642/683 643/643/684
f 510/510/536 643/643/684 644/644/685
f 516/516/542 644/644/685 207/207/226
f 287/287/302 163/163/182 290/290/305
f 642/642/683 290/290/305 293/293/308
f 643/643/684 293/293/308 302/302/317
f 644/644/685 302/302/317 208/208/227
f 231/231/249 645/645/686 318/318/335
f 645/645/686 646/646/687 310/310/327
f 646/646/687 647/647/688 306/306/322
f 647/647/688 275/275/290 307/307/323
f 264/264/279 498/498/524 645/645/686
f 498/498/524 492/492/518 646/646/687
f 492/492/518 490/490/516 647/647/688
f 490/490/516 173/173/192 275/275/290
