# Holocron_Esquina_InfIzqTra
# origen puesto en el pivote de la pieza
# pivote en coordenadas del modelo: -47.98773 5.37640 0.65458
mtllib Holocron.mtl
o Holocron_Esquina_InfIzqTra
v -2.625940 -2.517698 -5.099919
v -0.172594 -4.941068 -5.126933
v -2.610781 -2.502809 -5.084503
v -5.064127 -0.079439 -5.057489
v -5.048967 -0.064551 -5.042073
v -2.627298 -5.000363 -2.700798
v -0.172594 -4.944131 -5.123974
v -0.187754 -4.959020 -5.139389
v -5.068499 -2.559093 -2.658315
v -5.051981 -0.064603 -5.039060
v -5.053343 -2.544205 -2.642899
v -5.066847 -5.041709 -0.262206
v -2.612143 -4.985476 -2.685382
v -2.596987 -4.970586 -2.669966
v -0.157438 -4.929241 -5.108558
v -5.036531 -5.011931 -0.231374
v -5.038187 -2.529315 -2.627483
v -5.069857 -5.038695 -0.262155
v -5.054701 -5.023807 -0.246739
v -0.157434 -4.926178 -5.111517
v -2.595625 -2.487919 -5.069087
v -5.039545 -5.008917 -0.231323
v -5.033812 -0.049661 -5.026657
v -5.066233 -0.079799 -5.057914
v -5.064962 -0.080814 -5.058118
v -5.065352 -0.078376 -5.057311
v -5.067007 -0.079445 -5.057353
v -5.066717 -0.081251 -5.057952
v -5.065634 -0.082515 -5.058164
v -5.067186 -0.080588 -5.057555
v -5.067141 -0.079491 -5.054476
v -5.067560 -0.079821 -5.056589
v -5.066980 -0.078404 -5.055680
v -5.067747 -0.080860 -5.055333
v -5.067572 -0.081267 -5.057097
v -5.066355 -0.078012 -5.056678
v -5.066042 -0.084287 -5.057626
v -5.067194 -0.084306 -5.056473
v -5.066122 -0.085859 -5.056580
v -5.067110 -0.082624 -5.057514
v -5.067766 -0.082552 -5.056034
v -0.187754 -4.955957 -5.142349
v -0.188349 -4.957776 -5.142682
v -0.186827 -4.957114 -5.142139
v -0.189333 -4.956513 -5.143035
v -0.189783 -4.958337 -5.142876
v -0.187799 -4.958770 -5.142195
v -0.186502 -4.958102 -5.141504
v -0.189062 -4.958931 -5.142360
v -0.192801 -4.959116 -5.141037
v -0.192801 -4.957600 -5.142502
v -0.194159 -4.957966 -5.141364
v -0.191107 -4.959720 -5.140547
v -0.191217 -4.958734 -5.142158
v -0.191107 -4.957090 -5.143089
v -0.189783 -4.959466 -5.141787
v -0.188349 -4.959291 -5.141218
v -0.189333 -4.959686 -5.139968
v -0.186827 -4.958772 -5.140537
v -5.070276 -5.040796 -0.262558
v -5.070463 -5.039506 -0.263554
v -5.069700 -5.039937 -0.261109
v -5.069727 -5.041574 -0.262206
v -5.070292 -5.041254 -0.264020
v -5.070482 -5.040148 -0.265268
v -5.069906 -5.041736 -0.263358
v -5.068953 -5.042121 -0.262581
v -5.068071 -5.041569 -0.261137
v -5.067682 -5.042290 -0.263601
v -5.069437 -5.042109 -0.264034
v -5.069075 -5.040947 -0.260752
v -5.069910 -5.040526 -0.267038
v -5.068758 -5.041679 -0.267057
v -5.068838 -5.040579 -0.268593
v -5.069830 -5.041625 -0.265389
v -5.068354 -5.042279 -0.265304
v -0.155874 -4.926381 -5.110010
v -0.156939 -4.925151 -5.110222
v -0.156370 -4.927404 -5.111381
v -0.155607 -4.927257 -5.109571
v -0.156031 -4.925586 -5.108711
v -0.157045 -4.924254 -5.108629
v -0.155748 -4.926445 -5.108730
v -0.155874 -4.927727 -5.108709
v -0.156370 -4.929062 -5.109780
v -0.156939 -4.927981 -5.107488
v -0.156031 -4.926457 -5.107870
v -0.155996 -4.928417 -5.110770
v -0.157743 -4.923622 -5.106981
v -0.157743 -4.924795 -5.105849
v -0.158922 -4.923354 -5.105529
v -0.156527 -4.925139 -5.107377
v -0.157045 -4.926420 -5.106537
v -5.033991 -0.048125 -5.025120
v -5.035036 -0.048598 -5.026480
v -5.032763 -0.049185 -5.025370
v -5.033175 -0.048302 -5.023836
v -5.034861 -0.047866 -5.024659
v -5.036039 -0.048236 -5.025845
v -5.034033 -0.048021 -5.023835
v -5.032335 -0.050065 -5.021018
v -5.031179 -0.050046 -5.022171
v -5.030890 -0.051247 -5.020745
v -5.033972 -0.049357 -5.021665
v -5.032702 -0.048824 -5.022519
v -5.031839 -0.049320 -5.023796
v -5.034029 -0.048318 -5.022980
v -5.036825 -0.049713 -5.023645
v -5.035315 -0.048149 -5.023794
v -5.035547 -0.049234 -5.022588
v -5.036665 -0.048627 -5.024850
v -5.038034 -5.009122 -0.229764
v -5.039385 -5.010160 -0.230277
v -5.038267 -5.007878 -0.230807
v -5.036749 -5.008303 -0.229904
v -5.037581 -5.009997 -0.229511
v -5.038759 -5.011168 -0.229920
v -5.036753 -5.009167 -0.229637
v -5.033899 -5.007435 -0.231603
v -5.035051 -5.006281 -0.231583
v -5.033606 -5.005968 -0.232758
v -5.034559 -5.009082 -0.230935
v -5.035421 -5.007826 -0.230395
v -5.036688 -5.006952 -0.230898
v -5.035894 -5.009158 -0.229919
v -5.036711 -5.010447 -0.229786
v -5.035482 -5.010662 -0.230854
v -5.037756 -5.011790 -0.230305
v -2.627012 -2.518759 -5.100614
v -2.628191 -2.519933 -5.100678
v -2.629286 -2.521040 -5.100102
v -2.630140 -2.521913 -5.098973
v -5.069178 -2.560148 -2.659407
v -5.069220 -2.561302 -2.660603
v -5.068625 -2.562380 -2.661719
v -5.067480 -2.563219 -2.662587
v -2.630644 -5.000430 -2.704145
v -2.629549 -5.001044 -2.703058
v -2.628374 -5.001021 -2.701883
v -2.631498 -4.999272 -2.704979
v -2.594427 -2.486797 -5.064647
v -2.594393 -2.486738 -5.066308
v -2.594816 -2.487131 -5.067867
v -2.594904 -2.487301 -5.063137
v -5.033762 -2.528138 -2.626264
v -5.035425 -2.528108 -2.626233
v -5.036978 -2.528521 -2.626661
v -5.032248 -2.528608 -2.626750
v -2.596174 -4.969394 -2.669137
v -2.595755 -4.967851 -2.668689
v -2.595785 -4.966188 -2.668691
v -2.596262 -4.964661 -2.669143
v -0.171671 -4.943883 -5.125123
v -0.171347 -4.943214 -5.126088
v -0.171671 -4.942225 -5.126724
v -5.051752 -0.063658 -5.040198
v -5.051100 -0.063317 -5.041168
v -5.050123 -0.063632 -5.041827
v -5.052843 -5.026606 -0.245863
v -5.053820 -5.025959 -0.245528
v -5.054472 -5.024975 -0.245835
v -5.051691 -5.026820 -0.246790
v -2.254351 -3.797253 -4.251654
v -3.059137 -2.954667 -4.227758
v -3.077002 -2.972350 -4.246093
v -4.221506 -2.991582 -3.119252
v -4.317617 -3.603390 -2.435633
v -4.332499 -2.913765 -3.085078
v -2.269510 -4.350590 -3.702414
v -3.212568 -4.340531 -2.730787
v -3.236395 -4.365951 -2.749260
v -4.040842 -2.130923 -4.065451
v -3.869944 -2.109145 -4.200823
v -4.022982 -2.113240 -4.047117
v -2.042803 -4.118148 -4.153186
v -2.273592 -4.351017 -3.705235
v -2.377241 -4.213257 -3.736760
v -4.435667 -4.355912 -1.526682
v -4.461035 -4.384403 -1.542632
v -4.426607 -1.330598 -4.447311
v -4.402884 -1.586764 -4.152652
v -4.402082 -1.307307 -4.422813
v -2.247828 -4.327218 -3.681754
v -1.698172 -4.291761 -4.180910
v -2.223711 -4.301223 -3.658777
v -4.451689 -2.831896 -3.046778
v -3.919733 -4.197701 -2.253273
v -3.237612 -4.366815 -2.754416
v -4.462557 -4.385972 -1.546745
v -2.214113 -3.769444 -4.322433
v -2.959955 -2.844072 -4.486325
v -1.471102 -4.333604 -4.499184
v -4.433119 -3.400429 -2.446517
v -4.409258 -3.811061 -2.002361
v -4.407614 -3.237420 -2.556917
v -1.737333 -4.340425 -4.228058
v -1.454302 -4.309817 -4.470561
v -1.718821 -4.317419 -4.205769
v -4.224390 -1.944037 -4.125282
v -4.447397 -1.355749 -4.473663
v -3.878038 -2.108174 -4.304417
v -4.407648 -4.324441 -1.509065
v -1.437807 -4.283395 -4.444173
v -3.085531 -4.132243 -3.126087
v -3.145681 -4.239911 -2.964879
v -2.249849 -3.954595 -4.102961
v -2.233450 -3.785653 -4.230384
v -2.251310 -3.803338 -4.248718
v -2.957293 -2.840906 -4.484730
v -1.454309 -4.306666 -4.473590
v -1.469046 -4.330298 -4.497163
v -2.251387 -4.108985 -3.951247
v -3.063257 -4.108621 -3.110507
v -2.233522 -4.091302 -3.932912
v -4.215582 -2.991598 -3.117811
v -4.198557 -3.809664 -2.293181
v -4.216417 -3.827347 -2.311517
v -4.065149 -3.987050 -2.305998
v -3.898977 -4.122939 -2.285152
v -3.916838 -4.140622 -2.303487
v -4.448618 -1.351504 -4.469300
v -4.427420 -1.614380 -4.172970
v -4.452955 -2.816683 -3.052906
v -4.430620 -2.706372 -3.117331
v -2.249674 -3.959034 -4.106069
v -3.081121 -4.126304 -3.128842
v -3.892992 -4.125940 -2.288101
v -4.445608 -1.351463 -4.472296
v -2.938925 -2.818633 -4.461943
v -1.742708 -4.340674 -4.229801
v -3.881792 -2.129764 -4.222196
v -3.899653 -2.147448 -4.240531
v -4.214750 -2.155849 -3.924105
v -4.197722 -2.973915 -3.099476
v -4.450762 -2.099577 -3.746112
v -4.428663 -2.047630 -3.754136
v -4.235750 -4.006560 -2.128565
v -4.454714 -3.564546 -2.338875
v -4.220675 -2.152528 -3.928746
v -4.063265 -2.148344 -4.086804
v -4.211741 -2.152702 -3.930082
v -4.193880 -2.135019 -3.911747
v -4.449442 -1.639164 -4.191208
v -4.213461 -3.833477 -2.308508
v -4.047289 -3.969367 -2.287663
v -3.024767 -2.915067 -4.357078
v -4.449526 -2.109300 -3.745238
v -4.448229 -1.646944 -4.192174
v -4.404039 -1.989750 -3.763075
v -4.423586 -1.330551 -4.450296
v -2.918421 -2.793771 -4.436508
v -4.313684 -2.246279 -3.746756
v -4.456026 -3.546857 -2.347348
v -4.435877 -3.933736 -1.931320
v -4.405741 -2.583469 -3.189110
v -4.070848 -3.989803 -2.305027
v -2.248388 -4.105854 -3.957202
v -2.231989 -3.936911 -4.084625
v -4.458452 -4.055522 -1.865064
v -4.459852 -4.044236 -1.867330
v -4.438730 -4.352801 -1.526690
v -3.186152 -4.312348 -2.710306
v -4.410723 -4.321324 -1.509075
v -3.863932 -2.112080 -4.203861
v -2.215586 -3.767970 -4.212049
v -2.230528 -4.088171 -3.938868
v -2.214125 -3.919228 -4.066290
v -3.881117 -4.105256 -2.266818
v -4.180693 -3.791980 -2.274847
v -4.196886 -2.138165 -3.905771
v -4.179861 -2.956231 -3.081141
v -2.248133 -4.114745 -3.956043
v -3.916555 -4.149577 -2.302406
v -4.058702 -2.148607 -4.083787
v -3.887804 -2.126828 -4.219158
v -3.045397 -4.090938 -3.092172
v -2.215662 -4.073618 -3.914577
v -3.875132 -4.108257 -2.269767
v -4.195601 -3.815794 -2.290173
v -4.029429 -3.951683 -2.269328
v -3.903185 -2.144107 -4.247380
v -1.437826 -4.280230 -4.447219
v -4.222349 -3.832906 -2.307585
v -4.176020 -2.117336 -3.893412
v -3.077253 -2.972378 -4.252953
v -2.251246 -3.800563 -4.258554
v -2.236486 -3.779569 -4.233320
v -3.041277 -2.936983 -4.209423
v -2.254492 -3.798619 -4.252952
v -2.253195 -3.798639 -4.251436
v -2.253954 -3.799728 -4.254719
v -2.253450 -3.799797 -4.252723
v -2.252211 -3.800282 -4.250801
v -2.252977 -3.801057 -4.253449
v -2.252714 -3.800870 -4.252338
v -2.252031 -3.801076 -4.256805
v -2.252813 -3.800410 -4.256686
v -2.252321 -3.801784 -4.254320
v -2.252844 -3.800987 -4.255334
v -2.252726 -3.801530 -4.253876
v -2.253439 -3.800611 -4.254073
v -2.251551 -3.801933 -4.249847
v -2.252069 -3.802578 -4.251482
v -2.252275 -3.801750 -4.251979
v -3.905001 -2.145189 -4.240248
v -3.904287 -2.144709 -4.238648
v -3.905664 -2.144511 -4.237492
v -3.904291 -2.145350 -4.243096
v -3.904165 -2.145378 -4.240780
v -3.902658 -2.145337 -4.239631
v -3.904001 -2.145771 -4.242681
v -3.903284 -2.145800 -4.241166
v -3.902975 -2.145735 -4.245527
v -3.903658 -2.144971 -4.245600
v -3.902231 -2.146941 -4.243574
v -3.903505 -2.145829 -4.244154
v -3.903078 -2.146464 -4.242912
v -3.901033 -2.146299 -4.240293
v -3.901064 -2.147543 -4.241820
v -3.902227 -2.146519 -4.241572
v -3.903505 -2.146029 -4.242273
v -3.912813 -4.144836 -2.306130
v -3.912233 -4.143414 -2.305290
v -3.910852 -4.143624 -2.306436
v -3.914583 -4.146392 -2.305257
v -3.913801 -4.144592 -2.305302
v -3.913858 -4.142769 -2.304328
v -3.915331 -4.145073 -2.304841
v -3.914770 -4.144146 -2.304719
v -3.916723 -4.147607 -2.303578
v -3.915899 -4.148058 -2.303949
v -3.916838 -4.145214 -2.304195
v -3.915983 -4.146646 -2.304419
v -3.916071 -4.145227 -2.304622
v -3.915072 -4.145749 -2.305095
v -3.915476 -4.141790 -2.303694
v -3.916880 -4.142761 -2.304163
v -3.915800 -4.143573 -2.304334
v -1.468020 -4.331335 -4.496802
v -1.469713 -4.331431 -4.498175
v -1.467661 -4.332298 -4.496104
v -1.468824 -4.332464 -4.497787
v -1.470343 -4.332457 -4.498914
v -1.469053 -4.333743 -4.497884
v -1.469496 -4.333379 -4.498505
v -1.469591 -4.334312 -4.495549
v -1.468023 -4.333038 -4.495177
v -1.469053 -4.333447 -4.494162
v -1.470171 -4.334646 -4.496991
v -1.468771 -4.333850 -4.496520
v -1.468355 -4.333312 -4.497283
v -1.470091 -4.333935 -4.498503
v -1.470701 -4.334397 -4.498267
v -1.470827 -4.333220 -4.499268
v -1.469423 -4.334325 -4.497673
v -4.462732 -4.385007 -1.542822
v -4.461443 -4.385429 -1.543969
v -4.462042 -4.383994 -1.541596
v -4.463758 -4.384449 -1.542188
v -4.463285 -4.385676 -1.543893
v -4.461878 -4.386087 -1.545220
v -4.463938 -4.384996 -1.543199
v -4.464075 -4.381295 -1.542635
v -4.464315 -4.383550 -1.542671
v -4.463686 -4.382311 -1.541597
v -4.464727 -4.383658 -1.544765
v -4.464769 -4.382385 -1.543633
v -4.462976 -4.383259 -1.541232
v -4.462267 -4.386278 -1.546195
v -4.463949 -4.384917 -1.545858
v -4.463633 -4.385467 -1.544856
v -4.464506 -4.384631 -1.543703
v -4.448381 -1.350555 -4.470429
v -4.449297 -1.352565 -4.470395
v -4.447725 -1.350212 -4.471394
v -4.448912 -1.351710 -4.471490
v -4.449080 -1.352793 -4.472434
v -4.449301 -1.353745 -4.471608
v -4.448557 -1.352303 -4.472765
v -4.447409 -1.351850 -4.472823
v -4.446749 -1.350531 -4.472050
v -4.446150 -1.352878 -4.473170
v -4.447954 -1.352978 -4.473352
v -4.448404 -1.351277 -4.472330
v -4.448633 -1.354862 -4.472756
v -4.447115 -1.355198 -4.473910
v -4.448309 -1.353920 -4.473179
v -4.446680 -1.354190 -4.473737
v -4.215578 -3.833463 -2.309219
v -4.214594 -3.832073 -2.308754
v -4.218008 -3.833349 -2.309293
v -4.216368 -3.832353 -2.309415
v -4.215555 -3.830414 -2.309412
v -4.217855 -3.831827 -2.309957
v -4.216929 -3.831294 -2.309820
v -4.220827 -3.832264 -2.309143
v -4.220385 -3.833153 -2.308720
v -4.219168 -3.830982 -2.310437
v -4.219423 -3.832424 -2.309564
v -4.218527 -3.831525 -2.310238
v -4.218012 -3.832576 -2.309730
v -4.216196 -3.828755 -2.310382
v -4.217619 -3.829255 -2.311271
v -4.217371 -3.830288 -2.310423
v -4.212893 -2.152968 -3.928702
v -4.214148 -2.153457 -3.929769
v -4.213869 -2.153659 -3.927083
v -4.214800 -2.153682 -3.928817
v -4.216692 -2.153689 -3.929405
v -4.215277 -2.154113 -3.927870
v -4.216513 -2.154091 -3.928886
v -4.215952 -2.155720 -3.925826
v -4.214521 -2.154671 -3.925468
v -4.217497 -2.155044 -3.927312
v -4.215696 -2.154789 -3.926875
v -4.216249 -2.154319 -3.928275
v -4.218985 -2.153362 -3.929046
v -4.219156 -2.153923 -3.928338
v -4.217871 -2.154107 -3.928616
v -4.216883 -2.154688 -3.927952
v -2.250231 -4.108730 -3.952622
v -2.251265 -4.110154 -3.953001
v -2.249258 -4.108045 -3.954236
v -2.250361 -4.109876 -3.954050
v -2.250601 -4.111658 -3.954528
v -2.249918 -4.110406 -3.955458
v -2.250269 -4.111038 -3.955149
v -2.249109 -4.108287 -3.956907
v -2.248610 -4.107036 -3.955844
v -2.249315 -4.110831 -3.956583
v -2.249308 -4.108949 -3.955976
v -2.249701 -4.110660 -3.956067
v -2.249712 -4.109440 -3.955039
v -2.249502 -4.113272 -3.955596
v -2.248972 -4.113099 -3.956279
v -2.249701 -4.112005 -3.955832
v -2.214834 -4.072354 -3.913840
v -2.214438 -4.073429 -3.915951
v -2.214170 -4.070782 -3.913665
v -2.213560 -4.072090 -3.915265
v -2.213434 -4.072768 -3.917565
v -2.213083 -4.070809 -3.915061
v -2.212790 -4.071607 -3.916627
v -2.213705 -4.067677 -3.915016
v -2.212698 -4.069477 -3.915458
v -2.213774 -4.069139 -3.914078
v -2.212626 -4.067941 -3.916357
v -2.212233 -4.069920 -3.916751
v -2.212610 -4.070792 -3.916107
v -2.212812 -4.071735 -3.919174
v -2.212065 -4.069461 -3.919342
v -2.212667 -4.070487 -3.920532
v -2.212240 -4.070713 -3.917884
v -2.212050 -4.068567 -3.917876
v -3.876516 -4.108114 -2.268559
v -3.874418 -4.107000 -2.268904
v -3.878138 -4.107493 -2.267575
v -3.875856 -4.106781 -2.267648
v -3.874262 -4.105435 -2.268213
v -3.877222 -4.106331 -2.266893
v -3.875666 -4.105505 -2.267149
v -3.879946 -4.104227 -2.266180
v -3.879755 -4.106489 -2.266963
v -3.878496 -4.103312 -2.266128
v -3.878485 -4.105462 -2.266352
v -3.877367 -4.104653 -2.266312
v -3.875635 -4.102345 -2.267720
v -3.876078 -4.104182 -2.266748
v -3.876982 -4.102651 -2.266669
v -3.874689 -4.103800 -2.267797
v -3.876715 -4.105511 -2.266694
v -4.174971 -2.116752 -3.892228
v -4.177240 -2.117528 -3.892030
v -4.174047 -2.116760 -3.890775
v -4.176195 -2.116973 -3.890747
v -4.178244 -2.118192 -3.890409
v -4.175383 -2.116980 -3.889626
v -4.177065 -2.117555 -3.889479
v -4.173098 -2.118456 -3.887953
v -4.174913 -2.117465 -3.888346
v -4.173391 -2.117358 -3.889274
v -4.174543 -2.118562 -3.886987
v -4.176237 -2.117873 -3.887930
v -4.176241 -2.117381 -3.888971
v -4.178869 -2.119231 -3.888796
v -4.177752 -2.119659 -3.886707
v -4.179026 -2.120482 -3.887435
v -4.177519 -2.118356 -3.888119
v -4.176176 -2.118985 -3.886549
v -3.868567 -2.109273 -4.202047
v -3.868780 -2.108550 -4.199763
v -3.866938 -2.109876 -4.203054
v -3.867300 -2.108707 -4.200989
v -3.867334 -2.108540 -4.198835
v -3.866026 -2.109239 -4.201863
v -3.866186 -2.108703 -4.200169
v -3.863222 -2.111262 -4.202571
v -3.865309 -2.110862 -4.203691
v -3.863081 -2.110617 -4.200984
v -3.864656 -2.109998 -4.202325
v -3.864477 -2.109536 -4.201031
v -3.864489 -2.110191 -4.197895
v -3.864901 -2.109167 -4.199701
v -3.863524 -2.110240 -4.199342
v -3.865828 -2.109116 -4.198179
v -3.865526 -2.109069 -4.201032
v -2.217398 -3.763272 -4.214842
v -2.217798 -3.761194 -4.213687
v -2.218626 -3.761886 -4.214985
v -2.216387 -3.764916 -4.214234
v -2.216520 -3.762635 -4.213470
v -2.217131 -3.761076 -4.212100
v -2.215746 -3.764018 -4.213032
v -2.216043 -3.762477 -4.212176
v -2.214991 -3.766816 -4.210974
v -2.215754 -3.766565 -4.213253
v -2.214983 -3.765379 -4.210024
v -2.215185 -3.765310 -4.212179
v -2.215181 -3.764204 -4.211342
v -2.216639 -3.762540 -4.209031
v -2.215647 -3.762923 -4.210852
v -2.215559 -3.763877 -4.209341
v -2.216723 -3.761549 -4.210465
v -2.215567 -3.763528 -4.212195
v -4.178949 -3.796704 -2.272005
v -4.176683 -3.796950 -2.271220
v -4.177736 -3.798111 -2.271839
v -4.179937 -3.795045 -2.272635
v -4.177897 -3.795443 -2.271413
v -4.175745 -3.795499 -2.271184
v -4.178751 -3.794143 -2.271969
v -4.177069 -3.794325 -2.271386
v -4.179415 -3.791286 -2.273999
v -4.180548 -3.793386 -2.273633
v -4.177839 -3.791164 -2.273311
v -4.179194 -3.792746 -2.272736
v -4.177908 -3.792585 -2.272240
v -4.174768 -3.792623 -2.272795
v -4.176588 -3.793029 -2.271834
v -4.176207 -3.791634 -2.272889
v -4.175074 -3.793980 -2.271738
v -4.177923 -3.793646 -2.271776
v -2.270567 -4.351428 -3.703340
v -3.237825 -4.367349 -2.751601
v -2.271715 -4.351803 -3.704200
v -3.237940 -4.367332 -2.753058
v -2.272776 -4.351659 -3.704866
v -3.237284 -4.366865 -2.750267
v -4.450121 -1.640624 -4.191919
v -4.451441 -2.102134 -3.745765
v -4.450129 -1.642614 -4.192353
v -4.451445 -2.104880 -3.745477
v -4.449465 -1.644834 -4.192442
v -4.450773 -2.107396 -3.745291
v -2.958151 -2.841940 -4.485663
v -2.958956 -2.842905 -4.486294
v -2.959589 -2.843654 -4.486526
v -1.453371 -4.307846 -4.473366
v -1.453039 -4.308859 -4.472712
v -1.453367 -4.309551 -4.471727
v -1.436888 -4.281411 -4.446995
v -1.436556 -4.282427 -4.446336
v -1.436876 -4.283125 -4.445346
v -4.426374 -1.329654 -4.448446
v -4.425718 -1.329315 -4.449411
v -4.424742 -1.329631 -4.450061
v -4.401850 -1.306365 -4.423948
v -4.401194 -1.306026 -4.424913
v -4.400217 -1.306340 -4.425562
v -4.436846 -4.355687 -1.525753
v -4.437841 -4.355016 -1.525428
v -4.438501 -4.354004 -1.525757
v -4.408827 -4.324214 -1.508136
v -4.409822 -4.323541 -1.507812
v -4.410490 -4.322527 -1.508141
v -3.084593 -4.130713 -3.127911
v -3.083426 -4.129047 -3.129074
v -3.082205 -4.127499 -3.129401
v -4.062273 -2.149187 -4.086419
v -4.061052 -2.149533 -4.085711
v -4.059801 -2.149330 -4.084786
v -3.077906 -2.973109 -4.251097
v -3.078089 -2.973361 -4.249142
v -3.077768 -2.973094 -4.247386
v -4.460558 -4.048828 -1.864996
v -4.460535 -4.052583 -1.863747
v -4.459795 -4.054935 -1.863770
v -4.456724 -3.553290 -2.343259
v -4.456717 -3.558910 -2.340212
v -4.456015 -3.562864 -2.338673
v -4.453642 -2.821699 -3.050187
v -4.453642 -2.826352 -3.048066
v -4.452955 -2.829932 -3.046870
v -4.069418 -3.989492 -2.306169
v -4.067831 -3.988860 -2.306754
v -4.066332 -3.988002 -2.306694
v -4.219988 -2.992331 -3.119470
v -4.218329 -2.992596 -3.119273
v -4.216784 -2.992339 -3.118690
v -1.738398 -4.341257 -4.228980
v -1.739790 -4.341598 -4.229634
v -1.741304 -4.341392 -4.229923
v -2.250490 -3.958077 -4.105649
v -2.250811 -3.956898 -4.104911
v -2.250586 -3.955674 -4.103966
v -3.044592 -4.089745 -3.091340
v -3.044172 -4.088199 -3.090893
v -3.044207 -4.086537 -3.090898
v -3.044680 -4.085011 -3.091355
v -4.021914 -2.112579 -4.046028
v -4.020742 -2.112553 -4.044847
v -4.019651 -2.113166 -4.043753
v -4.018801 -2.114324 -4.042915
v -3.040476 -2.936194 -4.208201
v -3.040064 -2.935798 -4.206640
v -3.040098 -2.935856 -4.204979
v -3.040583 -2.936360 -4.203470
v -4.028357 -3.950620 -2.268629
v -4.027182 -3.949444 -2.268561
v -4.026083 -3.948334 -2.269133
v -4.025229 -3.947461 -2.270259
v -4.178659 -2.955435 -3.080314
v -4.177111 -2.955020 -3.079878
v -4.175447 -2.955050 -3.079901
v -4.173925 -2.955521 -3.080378
v -2.213457 -3.918172 -4.065197
v -2.213419 -3.917016 -4.064003
v -2.214022 -3.915938 -4.062892
v -2.215170 -3.915099 -4.062031
v -4.195028 -2.135285 -3.910366
v -4.196005 -2.135974 -3.908746
v -4.196657 -2.136986 -3.907132
v -4.196730 -3.814389 -2.290417
v -4.197691 -3.812729 -2.291075
v -4.198332 -3.811071 -2.292046
v -3.897615 -4.124107 -2.285362
v -3.895998 -4.125087 -2.285996
v -3.894377 -4.125731 -2.286958
v -2.230745 -4.089348 -3.937508
v -2.231394 -4.090358 -3.935899
v -2.232367 -4.091043 -3.934285
v -2.235334 -3.780958 -4.233102
v -2.234350 -3.782602 -4.232468
v -2.233690 -3.784251 -4.231513
v -3.883173 -2.128616 -4.221959
v -3.884798 -2.127655 -4.221298
v -3.886427 -2.127027 -4.220314
v -4.399065 -1.307264 -4.425796
v -5.028189 -2.826521 -4.264838
v -5.028532 -2.912414 -3.928236
v -5.029093 -3.065874 -4.101653
v -5.033815 -3.297073 -3.926689
v -5.086584 -3.499399 -3.716415
v -5.085753 -3.279796 -3.907388
v -5.029402 -3.142140 -3.751594
v -5.029676 -3.208596 -3.387560
v -5.030233 -3.361829 -3.560717
v -5.035151 -3.604525 -2.971250
v -5.087732 -3.790038 -2.775277
v -5.035810 -3.776552 -2.759815
v -5.031748 -3.759835 -3.146738
v -5.032969 -4.085411 -3.108819
v -5.032309 -3.913273 -3.320127
v -5.032949 -3.067483 -4.103488
v -5.084883 -3.050208 -4.084188
v -5.031935 -2.757094 -3.752738
v -5.082888 -2.513874 -3.938076
v -5.083860 -2.770582 -3.768202
v -5.033636 -3.206735 -3.385473
v -5.086348 -3.427212 -3.197166
v -5.034426 -3.413724 -3.181703
v -5.031580 -3.722213 -3.530285
v -5.030794 -3.515067 -3.733882
v -5.030458 -3.415592 -3.183793
v -5.031023 -3.568899 -3.357037
v -5.088324 -3.944727 -2.561145
v -5.036406 -3.931243 -2.545684
v -5.037977 -4.381655 -2.675999
v -5.089350 -4.224485 -2.877279
v -5.037432 -4.241756 -2.896573
v -5.036829 -4.087050 -3.110687
v -5.088099 -3.897623 -3.302681
v -5.036165 -3.914898 -3.321980
v -5.088881 -4.091059 -2.327634
v -5.036966 -4.077575 -2.312173
v -5.089529 -4.264156 -2.005623
v -5.037619 -4.250672 -1.990164
v -5.038961 -4.629344 -2.199764
v -5.090380 -4.492489 -2.425288
v -5.038485 -4.509751 -2.444574
v -5.032404 -3.931927 -2.935375
v -5.033556 -4.240098 -2.894685
v -5.090364 -4.493030 -1.540816
v -5.038450 -4.479548 -1.525357
v -5.091303 -4.754260 -0.994528
v -5.039392 -4.740776 -0.979070
v -5.039423 -4.744579 -1.947237
v -5.090841 -4.612086 -2.180484
v -5.033545 -4.229741 -2.494212
v -5.034590 -4.508581 -2.441714
v -5.034098 -4.380051 -2.673979
v -5.032053 -2.828272 -4.266587
v -5.083979 -2.810998 -4.247290
v -5.031096 -2.572540 -4.420088
v -5.083014 -2.555268 -4.400794
v -5.029543 -2.123080 -4.124527
v -5.079309 -1.563951 -4.406072
v -5.081469 -2.136567 -4.139990
v -5.028841 -2.988824 -3.578342
v -5.030058 -2.295139 -4.568543
v -5.081968 -2.277870 -4.549253
v -5.028978 -2.005121 -4.714703
v -5.080874 -1.987860 -4.695418
v -5.027388 -1.550465 -4.390609
v -5.076731 -0.878450 -4.709636
v -5.026400 -2.347935 -4.272433
v -5.027002 -2.502405 -3.924629
v -5.027594 -2.664453 -4.094723
v -5.138521 -3.482120 -3.697113
v -5.137690 -3.262518 -3.888087
v -5.143427 -3.755801 -3.142656
v -5.144526 -4.048297 -3.067358
v -5.144083 -3.927889 -2.931293
v -5.087076 -3.618014 -2.986712
v -5.139654 -3.803526 -2.790740
v -5.144236 -3.962188 -2.581116
v -5.145224 -4.225707 -2.490130
v -5.144793 -4.108453 -2.347769
v -5.136820 -3.032930 -4.064888
v -5.135908 -2.793721 -4.227991
v -5.085562 -3.220221 -3.400937
v -5.136656 -3.013936 -3.607182
v -5.137487 -3.233709 -3.416402
v -5.138273 -3.440700 -3.212630
v -5.084730 -3.000450 -3.591718
v -5.135786 -2.784070 -3.783666
v -5.087370 -3.706549 -3.512826
v -5.088755 -4.069777 -3.091391
v -5.140032 -3.880347 -3.283381
v -5.140684 -4.052502 -3.072093
v -5.140799 -4.104543 -2.343094
v -5.143641 -3.807480 -2.795228
v -5.144674 -4.082589 -2.717171
v -5.089884 -4.364388 -2.656709
v -5.141268 -4.207212 -2.857984
v -5.141798 -4.347119 -2.637417
v -5.142275 -4.506514 -1.556275
v -5.145792 -4.376303 -2.213415
v -5.145437 -4.281006 -2.026832
v -5.142283 -4.475222 -2.406000
v -5.091288 -4.727326 -1.927963
v -5.142733 -4.594823 -2.161200
v -5.143213 -4.767742 -1.009987
v -5.140650 -3.028758 -4.060191
v -5.141077 -3.138104 -3.747512
v -5.140211 -2.908376 -3.924155
v -5.134813 -2.527362 -3.953539
v -5.133390 -2.150055 -4.155453
v -5.134935 -2.537995 -4.381498
v -5.133883 -2.260601 -4.529960
v -5.139273 -2.660417 -4.090641
v -5.138777 -2.532451 -4.377596
v -5.139746 -2.789370 -4.223399
v -5.131231 -1.577438 -4.421535
v -5.128653 -0.891935 -4.725100
v -5.132776 -1.970593 -4.676130
v -5.032805 -2.986962 -3.576254
v -5.027105 -1.433062 -4.705284
v -5.078795 -1.431193 -4.703396
v -5.130468 -1.429327 -4.701507
v -5.140638 -3.017866 -3.611640
v -5.139769 -2.788007 -3.788133
v -5.139002 -3.631500 -3.002176
v -5.141474 -3.237637 -3.420857
v -5.024801 -1.922929 -4.479703
v -5.025583 -2.126112 -4.126025
v -5.029963 -3.295466 -3.924857
v -5.137384 -2.155451 -4.159167
v -5.136477 -1.918893 -4.475622
v -5.138079 -2.343899 -4.268351
v -5.039595 -4.743590 -1.461193
v -5.091311 -4.755981 -0.995066
v -5.091299 -4.741721 -1.459303
v -5.143202 -4.769292 -1.010499
v -5.142984 -4.739853 -1.457414
v -5.145117 -4.202984 -2.853223
v -5.035437 -3.723825 -3.532127
v -5.141520 -3.258350 -3.883395
v -5.141912 -3.357791 -3.556636
v -5.139311 -3.689273 -3.493525
v -5.022989 -1.442095 -4.701341
v -5.023436 -1.555931 -4.390996
v -5.025095 -2.005783 -4.711873
v -5.026167 -2.290279 -4.568495
v -5.136652 -1.968653 -4.670457
v -5.137720 -2.252409 -4.527452
v -5.135241 -1.585858 -4.423868
v -5.134676 -1.439540 -4.696577
v -5.034117 -4.380339 -2.217497
v -5.035059 -4.629192 -2.194773
v -5.031843 -3.778440 -2.761931
v -5.032999 -4.086623 -2.721253
v -5.140242 -3.958213 -2.576606
v -5.146616 -4.592493 -2.152489
v -5.146441 -4.550541 -1.858609
v -5.031187 -3.606400 -2.973350
v -5.032434 -3.933148 -2.547819
v -5.142698 -3.564865 -3.352956
v -5.142260 -3.444632 -3.217090
v -5.030966 -2.500388 -3.922612
v -5.138800 -2.531486 -3.957906
v -5.034761 -4.554576 -1.862691
v -5.035494 -4.741618 -1.948396
v -5.034468 -4.479952 -1.530590
v -5.035444 -4.739517 -1.470300
v -5.146265 -4.508584 -1.564704
v -5.147120 -4.734702 -1.467870
v -5.147188 -4.764893 -1.028722
v -5.147051 -4.704516 -1.906988
v -5.076735 -0.878918 -4.711311
v -5.024828 -0.865445 -4.695997
v -5.027220 -2.569843 -4.418894
v -5.128641 -0.892387 -4.726617
v -5.146151 -4.471603 -2.400000
v -5.034647 -3.516675 -3.735716
v -5.142984 -3.635441 -3.006647
v -5.145655 -4.342953 -2.632485
v -5.032995 -4.079428 -2.314441
v -5.141443 -4.277640 -2.021083
v -5.143164 -4.710068 -1.908684
v -5.143869 -3.876160 -3.278666
v -5.143141 -3.685097 -3.488825
v -5.142351 -3.477952 -3.692420
v -5.027971 -2.758963 -3.754833
v -5.033640 -4.252097 -1.993281
v -5.039423 -4.742658 -0.979627
v -5.038054 -4.741736 -0.980242
v -5.039766 -4.742190 -0.977732
v -5.037886 -4.741950 -0.982464
v -5.036779 -4.740730 -0.982443
v -5.038149 -4.741383 -0.978924
v -5.037180 -4.740599 -0.980960
v -5.035700 -4.737370 -0.988928
v -5.035708 -4.739112 -0.989265
v -5.035399 -4.737416 -0.992194
v -5.036566 -4.737991 -0.985288
v -5.036150 -4.739244 -0.985379
v -5.036581 -4.740705 -0.985848
v -5.036772 -4.739578 -0.982204
v -5.038042 -4.740438 -0.979939
v -5.037863 -4.739188 -0.981826
v -5.023455 -0.866234 -4.695041
v -5.023314 -0.868488 -4.695283
v -5.025042 -0.864120 -4.695900
v -5.023535 -0.864905 -4.694680
v -5.022211 -0.868611 -4.694032
v -5.022032 -0.872111 -4.694046
v -5.022596 -0.867075 -4.693899
v -5.024809 -0.864962 -4.694175
v -5.023451 -0.865977 -4.693767
v -5.025034 -0.863856 -4.694914
v -5.023302 -0.867942 -4.692566
v -5.022207 -0.868410 -4.692895
v -5.021181 -0.875767 -4.692479
v -5.021177 -0.875487 -4.690748
v -5.020887 -0.878902 -4.690819
v -5.021605 -0.871731 -4.692578
v -5.022024 -0.871639 -4.691364
v -5.144796 -4.769063 -1.012381
v -5.144732 -4.769111 -1.014648
v -5.143549 -4.769052 -1.008628
v -5.144815 -4.768839 -1.011004
v -5.145891 -4.768462 -1.015757
v -5.146029 -4.768212 -1.019567
v -5.145575 -4.768319 -1.013905
v -5.144796 -4.767925 -1.012163
v -5.144735 -4.766688 -1.014193
v -5.145887 -4.767430 -1.015612
v -5.146894 -4.766729 -1.024512
v -5.146887 -4.765145 -1.024332
v -5.146452 -4.767053 -1.019712
v -5.146025 -4.765776 -1.019232
v -5.130220 -0.894333 -4.726466
v -5.128931 -0.890517 -4.726349
v -5.130182 -0.896646 -4.726556
v -5.131338 -0.897797 -4.725961
v -5.130228 -0.892936 -4.726221
v -5.131010 -0.895910 -4.725775
v -5.132380 -0.906673 -4.722825
v -5.132380 -0.906797 -4.724416
v -5.132700 -0.911144 -4.722665
v -5.131498 -0.901449 -4.723346
v -5.131922 -0.901885 -4.724642
v -5.131495 -0.901704 -4.725784
v -5.131338 -0.897687 -4.724930
v -5.130220 -0.894155 -4.725337
v -5.130190 -0.896276 -4.724145
v -5.031878 -3.723223 -3.531428
v -5.031092 -3.516075 -3.735022
v -5.032717 -3.723884 -3.532179
v -5.031927 -3.516733 -3.735770
v -5.033964 -3.724095 -3.532424
v -5.033178 -3.516945 -3.736014
v -5.032606 -3.914288 -3.321275
v -5.033442 -3.914952 -3.322030
v -5.034693 -3.915167 -3.322278
v -5.029974 -3.207567 -3.386398
v -5.029139 -2.987795 -3.577180
v -5.030829 -3.206853 -3.385594
v -5.029997 -2.987080 -3.576376
v -5.032118 -3.206561 -3.385269
v -5.028269 -2.757932 -3.753669
v -5.029127 -2.757214 -3.752861
v -5.031282 -2.986786 -3.576050
v -5.029390 -3.066885 -4.102793
v -5.030260 -3.296472 -3.925995
v -5.030230 -3.067543 -4.103543
v -5.031096 -3.297131 -3.926743
v -5.031477 -3.067754 -4.103787
v -5.032343 -3.297340 -3.926987
v -5.030760 -3.414561 -3.182631
v -5.031485 -3.605368 -2.972184
v -5.031618 -3.413844 -3.181825
v -5.032343 -3.604647 -2.971375
v -5.032904 -3.413550 -3.181499
v -5.033632 -3.604354 -2.971047
v -5.032145 -3.777400 -2.760757
v -5.032736 -3.932102 -2.546639
v -5.032999 -3.776676 -2.759944
v -5.033594 -3.931372 -2.545818
v -5.034288 -3.776378 -2.759612
v -5.034884 -3.931071 -2.545484
v -5.033262 -4.086431 -3.109973
v -5.034102 -4.087100 -3.110733
v -5.035357 -4.087317 -3.110984
v -5.033854 -4.241128 -2.895848
v -5.034697 -4.241801 -2.896614
v -5.035952 -4.242021 -2.896869
v -5.034395 -4.381060 -2.675193
v -5.035234 -4.381719 -2.676003
v -5.036493 -4.381928 -2.676287
v -5.034891 -4.509424 -2.443250
v -5.035734 -4.509943 -2.444334
v -5.036997 -4.510057 -2.444799
v -5.033293 -4.078402 -2.313209
v -5.033937 -4.251236 -1.991724
v -5.034155 -4.077688 -2.312345
v -5.034800 -4.250661 -1.990584
v -5.035444 -4.077399 -2.311982
v -5.036093 -4.250462 -1.990036
v -5.035799 -4.743150 -1.948399
v -5.035765 -4.741122 -1.466859
v -5.036654 -4.744250 -1.948179
v -5.036669 -4.742459 -1.463922
v -5.037924 -4.744752 -1.947772
v -5.038012 -4.743325 -1.461932
v -5.035357 -4.629649 -2.197129
v -5.036203 -4.629838 -2.198904
v -5.037470 -4.629730 -2.199830
v -5.034769 -4.479481 -1.528223
v -5.035631 -4.479236 -1.526398
v -5.036924 -4.479261 -1.525391
v -5.027300 -2.501316 -3.923495
v -5.028158 -2.500550 -3.922713
v -5.030413 -2.756920 -3.752535
v -5.025881 -2.124635 -4.125089
v -5.026735 -2.123541 -4.124476
v -5.029444 -2.500224 -3.922403
v -5.027517 -2.571268 -4.419790
v -5.028486 -2.827585 -4.265946
v -5.028360 -2.572282 -4.420332
v -5.029326 -2.828290 -4.266668
v -5.029615 -2.572729 -4.420437
v -5.030577 -2.828530 -4.266893
v -5.023294 -1.438684 -4.702897
v -5.024179 -1.435769 -4.704193
v -5.025518 -1.433794 -4.705032
v -5.025389 -2.005926 -4.713399
v -5.026232 -2.005850 -4.714473
v -5.027494 -2.005567 -4.714929
v -5.023729 -1.553522 -4.390485
v -5.024584 -1.551638 -4.390233
v -5.028025 -2.122995 -4.124279
v -5.025869 -1.550564 -4.390276
v -5.026468 -2.292533 -4.568955
v -5.027315 -2.294247 -4.569125
v -5.028578 -2.295163 -4.568980
v -5.139994 -3.481411 -3.696319
v -5.140780 -3.688562 -3.492729
v -5.141233 -3.480369 -3.695148
v -5.142023 -3.687519 -3.491557
v -5.142065 -3.479157 -3.693779
v -5.142851 -3.686304 -3.490185
v -5.141504 -3.879636 -3.282584
v -5.142748 -3.878590 -3.281409
v -5.143580 -3.877369 -3.280033
v -5.138178 -3.014551 -3.607884
v -5.139010 -3.234324 -3.417103
v -5.139467 -3.015515 -3.608978
v -5.140303 -3.235288 -3.418197
v -5.140333 -3.016678 -3.610296
v -5.141165 -3.236451 -3.419515
v -5.137308 -2.784685 -3.784369
v -5.138598 -2.785650 -3.785464
v -5.139463 -2.786817 -3.786786
v -5.139158 -3.261809 -3.887292
v -5.138289 -3.032221 -4.064092
v -5.140402 -3.260767 -3.886121
v -5.139532 -3.031179 -4.062920
v -5.141230 -3.259554 -3.884753
v -5.140360 -3.029963 -4.061550
v -5.140520 -3.632115 -3.002879
v -5.139795 -3.441316 -3.213332
v -5.141813 -3.633082 -3.003976
v -5.141089 -3.442279 -3.214426
v -5.142679 -3.634249 -3.005299
v -5.141954 -3.443444 -3.215746
v -5.141768 -3.958832 -2.577314
v -5.141176 -3.804143 -2.791445
v -5.143061 -3.959807 -2.578419
v -5.142469 -3.805112 -2.792545
v -5.143927 -3.960985 -2.579754
v -5.143335 -3.806283 -2.793874
v -5.142157 -4.051789 -3.071294
v -5.143404 -4.050740 -3.070113
v -5.144236 -4.049513 -3.068732
v -5.142744 -4.206495 -2.857182
v -5.143991 -4.205442 -2.855995
v -5.144827 -4.204209 -2.854605
v -5.143274 -4.346409 -2.636601
v -5.144529 -4.345367 -2.635378
v -5.145365 -4.344154 -2.633933
v -5.143763 -4.474550 -2.405102
v -5.145021 -4.473630 -2.403646
v -5.145857 -4.472593 -2.401854
v -5.142969 -4.278214 -2.021886
v -5.142324 -4.105158 -2.343813
v -5.144262 -4.279055 -2.023260
v -5.143618 -4.106117 -2.344954
v -5.145128 -4.280036 -2.024997
v -5.144487 -4.107274 -2.346343
v -5.144571 -4.739416 -1.458163
v -5.144655 -4.709247 -1.908111
v -5.145918 -4.738281 -1.460414
v -5.145918 -4.707905 -1.907587
v -5.146811 -4.736628 -1.463823
v -5.146761 -4.706243 -1.907192
v -5.144220 -4.594251 -2.160096
v -5.145479 -4.593605 -2.158052
v -5.146322 -4.592988 -2.155382
v -5.143801 -4.506991 -1.557281
v -5.145094 -4.507550 -1.559237
v -5.145960 -4.508110 -1.561842
v -5.136335 -2.527993 -3.954234
v -5.137629 -2.528998 -3.955309
v -5.138495 -2.530223 -3.956598
v -5.134913 -2.150781 -4.156099
v -5.136206 -2.152063 -4.157031
v -5.137075 -2.153703 -4.158108
v -5.137381 -2.792997 -4.227203
v -5.136412 -2.537180 -4.380761
v -5.138628 -2.791918 -4.226054
v -5.137659 -2.535841 -4.379761
v -5.139456 -2.790644 -4.224718
v -5.138491 -2.534180 -4.378650
v -5.132067 -1.430059 -4.701085
v -5.133425 -1.432255 -4.700001
v -5.134340 -1.435586 -4.698417
v -5.134260 -1.970049 -4.675256
v -5.135515 -1.969491 -4.673871
v -5.136354 -1.969000 -4.672187
v -5.132757 -1.578395 -4.422075
v -5.134054 -1.580331 -4.422709
v -5.134928 -1.582952 -4.423338
v -5.135359 -2.259584 -4.529329
v -5.136606 -2.257669 -4.528630
v -5.137438 -2.255151 -4.527971
v -5.076727 -0.877285 -4.710297
v -5.091311 -4.755535 -0.993077
v -5.173990 -4.645018 -4.742637
v -5.130735 -4.676636 -2.912959
v -5.130495 -4.645111 -4.742634
v -4.670294 -5.175529 -1.065625
v -2.733210 -5.144141 -2.808943
v -4.922869 -5.183432 -0.585179
v -1.058836 -5.106012 -4.829113
v -2.870417 -5.077185 -4.778169
v -2.877310 -5.113327 -4.795067
v -1.045092 -5.076557 -4.795826
v -2.863527 -5.041045 -4.761275
v -4.695749 -5.030162 -4.755330
v -3.475367 -5.057576 -3.530462
v -4.696001 -5.064186 -2.918154
v -4.694250 -0.943628 -5.160496
v -2.727991 -2.667808 -5.192838
v -2.853479 -2.798973 -5.195603
v -5.174231 -4.676545 -2.912963
v -5.130976 -4.708165 -1.083285
v -4.693506 -2.797521 -5.148068
v -4.689600 -0.959250 -5.069474
v -4.693514 -2.798353 -5.104582
v -2.866049 -5.071263 -2.918915
v -4.696249 -5.098180 -1.082750
v -5.170431 -0.965937 -4.681330
v -5.174398 -2.710583 -2.749840
v -5.169539 -0.471364 -4.911926
v -1.026632 -4.649982 -5.226431
v -2.859907 -4.645855 -5.183098
v -1.026640 -4.650814 -5.182942
v -5.078844 -2.812649 -4.707645
v -5.079084 -2.845004 -2.880997
v -5.074957 -0.986108 -4.672775
v -4.693174 -4.640896 -5.183256
v -2.859911 -4.646687 -5.139611
v -5.179258 -4.949802 -0.587751
v -5.174212 -2.581851 -2.624205
v -0.526884 -4.875406 -5.231859
v -2.602507 -2.536643 -5.190072
v -0.040930 -5.096560 -5.233008
v -4.929102 -0.460212 -5.153816
v -5.170328 -2.841851 -2.877939
v -5.130968 -4.705170 -1.081982
v -5.174463 -4.705079 -1.081986
v -5.170088 -2.810251 -4.711873
v -5.130487 -4.640777 -4.746813
v -5.126593 -2.810343 -4.711867
v -4.939768 -5.120199 -5.000755
v -2.607615 -5.107948 -5.232820
v -2.741659 -5.112525 -5.016730
v -2.607851 -5.146148 -2.667304
v -5.175135 -5.191322 -0.105318
v -5.178259 -4.649349 -4.751531
v -5.178980 -4.914844 -2.790638
v -5.178499 -4.681045 -2.910649
v -5.122698 -0.978719 -4.673887
v -5.126833 -2.841945 -2.877935
v -5.165155 0.025813 -5.143646
v -3.459936 -3.419848 -3.492169
v -2.601755 -2.535834 -5.186571
v -4.938292 -4.877406 -5.235579
v -2.607695 -5.103472 -5.236538
v -5.174627 -5.110372 -5.240067
v -4.931318 -5.151816 -2.792968
v -4.687216 -5.150501 -2.915588
v -5.174120 -2.675624 -4.952725
v -5.174345 -2.807700 -4.716419
v -5.179461 -5.148640 -2.670628
v -5.179777 -5.186848 -0.105866
v -5.175112 -5.153128 -2.670501
v -4.693502 -2.796692 -5.191559
v -4.697424 -4.636624 -5.183175
v -4.697416 -4.635795 -5.226663
v -1.025373 -4.646969 -5.226372
v -2.855982 -2.802492 -5.147910
v -2.855974 -2.801662 -5.191398
v -0.543551 -5.104850 -5.032704
v -0.040155 -5.100967 -5.229604
v -4.686575 -0.956353 -5.156427
v -4.686583 -0.957184 -5.112940
v -4.689585 -0.957589 -5.156450
v -5.178701 -4.879885 -4.993524
v -5.173895 -2.543548 -5.189029
v -5.179148 -5.110415 -5.235512
v -1.012861 -4.654242 -5.230713
v -2.732588 -4.876406 -5.233721
v -2.857492 -4.649320 -5.230901
v -4.704123 -5.125479 -4.765098
v -5.168642 0.023210 -5.142523
v -5.087481 -4.708257 -1.083281
v -5.087240 -4.676730 -2.912955
v -4.695936 -5.077814 -4.760515
v -4.696104 -5.121284 -4.761363
v -4.664690 -5.171281 -1.077015
v -2.865107 -5.106768 -2.931275
v -2.864096 -5.138143 -2.947751
v -2.607328 -5.142676 -2.666433
v -5.170725 -2.581029 -2.623507
v -5.176294 -5.187868 -0.103369
v -2.857813 -5.138025 -2.954294
v -1.043760 -5.076606 -4.792679
v -1.057482 -5.106031 -4.825954
v -4.683992 -5.146301 -2.917545
v -4.700174 -5.077883 -4.756214
v -4.691713 -5.107344 -2.916819
v -5.169310 -2.543444 -5.193599
v -4.933695 -2.668808 -5.194697
v -2.859900 -4.645023 -5.226588
v -5.163965 0.023230 -5.147137
v -0.038359 -5.097483 -5.229498
v -5.175077 -5.114927 -5.236076
v -4.695765 -5.034342 -4.759669
v -2.858767 -5.106662 -2.937756
v -1.030035 -5.047171 -4.759390
v -4.680120 -5.136822 -1.076343
v -2.866118 -5.075385 -2.914798
v -5.083097 -2.810437 -4.711864
v -5.087473 -4.705262 -1.081978
v -5.079203 -0.978812 -4.673884
v -5.083338 -2.842038 -2.877932
v -1.025385 -4.648630 -5.139395
v -2.855986 -2.803323 -5.104421
v -4.697432 -4.637456 -5.139686
v -4.686586 -0.958016 -5.069451
v -5.178743 -4.712761 -1.069631
v -5.174585 -2.839315 -2.875473
v -5.166197 -0.979819 -4.676931
v -5.122702 -0.979911 -4.676926
v -5.079206 -0.980004 -4.676922
v -5.087000 -4.645203 -4.742629
v -4.701921 -4.644406 -5.231090
v -4.693171 -4.637550 -5.135427
v -3.469805 -3.416200 -5.111944
v -2.862028 -4.642501 -5.135269
v -2.859003 -2.806414 -5.100221
v -1.032640 -4.647448 -5.135113
v -2.875898 -5.117109 -4.800330
v -1.047747 -5.108741 -4.835494
v -2.864916 -5.037257 -4.755213
v -1.035833 -5.044346 -4.755095
v -4.700026 -5.034405 -4.755409
v -4.699434 -5.068388 -2.916094
v -5.082968 -4.672442 -2.915003
v -5.083208 -4.703903 -1.089215
v -5.082727 -4.640952 -4.742547
v -5.080297 -3.443077 -3.500916
v -4.698076 -2.794178 -5.195795
v -4.689261 -2.800582 -5.100361
v -4.685350 -0.965394 -5.065331
v -1.026648 -4.651643 -5.139452
v -2.858748 -5.142131 -2.950781
v -4.667734 -5.171450 -1.078074
v -4.683249 -5.136805 -1.077424
v -4.698767 -5.102161 -1.076773
v -5.173990 -4.644665 -4.744261
v -5.175623 -4.645321 -4.744594
v -5.173986 -4.643718 -4.745626
v -5.175562 -4.644985 -4.745610
v -5.176825 -4.645547 -4.746954
v -5.175615 -4.642597 -4.747199
v -5.173986 -4.642319 -4.746523
v -5.173983 -4.640685 -4.746816
v -5.177004 -4.644914 -4.748229
v -5.175562 -4.643637 -4.746900
v -5.177931 -4.647668 -4.749407
v -5.177458 -4.646286 -4.748330
v -1.025232 -4.649757 -5.226426
v -1.023493 -4.650289 -5.228061
v -1.024550 -4.648127 -5.226394
v -1.020693 -4.650781 -5.229274
v -1.019373 -4.651419 -5.229452
v -1.021544 -4.650397 -5.228880
v -1.022718 -4.649527 -5.227989
v -5.174471 -4.708072 -1.083289
v -5.176104 -4.708459 -1.080243
v -5.174471 -4.707865 -1.081884
v -5.177546 -4.709463 -1.076578
v -5.177244 -4.708971 -1.077561
v -5.174467 -4.706245 -1.081179
v -5.176043 -4.707746 -1.079342
v -5.177938 -4.710099 -1.075246
v -5.166193 -0.977706 -4.676007
v -5.167822 -0.976837 -4.677229
v -5.168634 -0.974723 -4.677380
v -5.169069 -0.973794 -4.677834
v -5.166193 -0.978627 -4.673892
v -5.167818 -0.975751 -4.676297
v -4.666735 -5.171630 -1.076003
v -4.667376 -5.172974 -1.075355
v -4.667208 -5.173768 -1.073268
v -4.667696 -5.174305 -1.072020
v -4.666586 -5.172886 -1.074062
v -4.668314 -5.174256 -1.070861
v -4.668764 -5.175182 -1.068619
v -4.669619 -5.175184 -1.067898
v -4.695116 -4.640368 -5.228381
v -4.694796 -4.639736 -5.226740
v -4.693167 -4.640064 -5.226745
v -4.697462 -4.640598 -5.229589
v -4.696135 -4.640044 -5.228318
v -4.696177 -4.638810 -5.226722
v -4.698740 -4.639992 -5.229759
v -4.698813 -4.641343 -5.230236
v -4.699854 -4.642715 -5.230734
v -4.697100 -4.637425 -5.226695
v -4.697763 -4.637690 -5.228332
v -4.697447 -4.638721 -5.228293
v -4.689936 -0.954580 -5.158028
v -4.689356 -0.956189 -5.156424
v -4.690588 -0.951505 -5.159216
v -4.690126 -0.952448 -5.158812
v -4.687723 -0.955521 -5.156411
v -4.689241 -0.953577 -5.157952
v -4.691587 -0.949394 -5.159779
v -4.700632 -5.122961 -4.759060
v -4.700014 -5.121329 -4.758655
v -4.700323 -5.121362 -4.757021
v -4.700823 -5.124126 -4.761291
v -4.700304 -5.122885 -4.760008
v -4.699102 -5.121303 -4.760055
v -4.700277 -5.124287 -4.762455
v -4.701487 -5.124738 -4.762490
v -4.702402 -5.125187 -4.763667
v -4.697733 -5.121288 -4.761007
v -4.698065 -5.122918 -4.761646
v -4.699030 -5.122863 -4.761294
v -1.055704 -5.107026 -4.830332
v -1.057367 -5.105995 -4.828886
v -1.053675 -5.107848 -4.832000
v -1.054468 -5.107588 -4.831336
v -1.056593 -5.105993 -4.828205
v -1.056635 -5.106005 -4.827176
v -1.052401 -5.107946 -4.832968
v -5.168375 0.024300 -5.141997
v -5.168287 0.023229 -5.144302
v -5.167620 0.025178 -5.142024
v -5.167879 0.025190 -5.144043
v -5.167273 0.023239 -5.145802
v -5.167261 0.026471 -5.143986
v -5.167105 0.025637 -5.145596
v -5.165895 0.026392 -5.144377
v -5.166491 0.025709 -5.142603
v -5.164103 0.025741 -5.144976
v -5.165499 0.026491 -5.145733
v -5.165754 0.023240 -5.146798
v -5.163458 0.024343 -5.146864
v -5.165533 0.025208 -5.146364
v -5.163507 0.025225 -5.146105
v -5.176695 -5.190606 -0.103695
v -5.176912 -5.190985 -0.105457
v -5.174685 -5.190322 -0.103794
v -5.174639 -5.191069 -0.104464
v -5.178423 -5.190015 -0.105610
v -5.176661 -5.190011 -0.102562
v -5.178255 -5.189872 -0.103345
v -5.177050 -5.188662 -0.102710
v -5.175264 -5.189200 -0.103409
v -5.177626 -5.186880 -0.103392
v -5.178408 -5.188306 -0.102602
v -5.179426 -5.188563 -0.105754
v -5.179510 -5.186328 -0.104744
v -5.179018 -5.188347 -0.103836
v -5.178755 -5.186339 -0.103875
v -5.178804 -5.110392 -5.237256
v -5.178843 -5.112134 -5.235658
v -5.177824 -5.110374 -5.238734
v -5.178347 -5.112052 -5.237304
v -5.177961 -5.113594 -5.235817
v -5.177328 -5.112965 -5.238284
v -5.177744 -5.113382 -5.237364
v -5.174734 -5.112085 -5.239787
v -5.176355 -5.110368 -5.239721
v -5.174860 -5.113553 -5.238929
v -5.176374 -5.112028 -5.239292
v -5.177683 -5.111993 -5.238621
v -5.176512 -5.114051 -5.237489
v -5.174978 -5.114551 -5.237627
v -5.176641 -5.114574 -5.235964
v -5.176401 -5.113362 -5.238708
v -0.039763 -5.096010 -5.232715
v -0.040724 -5.098235 -5.232759
v -0.038866 -5.095991 -5.231943
v -0.038801 -5.097979 -5.232359
v -0.040503 -5.099660 -5.232025
v -0.037539 -5.097913 -5.231751
v -0.038237 -5.099477 -5.231786
v -0.037565 -5.098271 -5.230486
v -0.038374 -5.096511 -5.230814
v -0.038137 -5.098827 -5.228819
v -0.037336 -5.099611 -5.230322
v -0.038485 -5.100220 -5.230533
v -0.039110 -5.100712 -5.228875
v -0.040304 -5.100619 -5.230917
v -0.038401 -5.099960 -5.228599
v -5.085890 -4.707215 -1.081591
v -5.085848 -4.707730 -1.084189
v -5.087481 -4.708251 -1.081420
v -5.087477 -4.707679 -1.080519
v -5.084681 -4.706829 -1.083646
v -5.084463 -4.706716 -1.085636
v -5.085016 -4.706733 -1.082701
v -5.087477 -4.706630 -1.080715
v -5.085840 -4.704964 -1.082985
v -5.083536 -4.705373 -1.087400
v -5.083532 -4.704228 -1.086902
v -5.083929 -4.705751 -1.084966
v -5.084459 -4.704600 -1.084714
v -5.085367 -4.644883 -4.742623
v -5.087000 -4.644850 -4.744253
v -5.083982 -4.643962 -4.742605
v -5.085325 -4.644463 -4.744285
v -5.086996 -4.643903 -4.745619
v -5.084200 -4.643718 -4.744188
v -5.085409 -4.643694 -4.745395
v -5.083056 -4.640924 -4.744179
v -5.083056 -4.642583 -4.742578
v -5.083979 -4.640898 -4.745559
v -5.083448 -4.642592 -4.744251
v -5.084196 -4.642488 -4.745373
v -5.086992 -4.642506 -4.746515
v -5.085360 -4.640878 -4.746483
v -5.086988 -4.640870 -4.746807
v -5.085321 -4.642557 -4.746124
v -5.077532 -0.979107 -4.676293
v -5.079203 -0.978144 -4.676846
v -5.077578 -0.980937 -4.676423
v -5.076410 -0.980428 -4.675501
v -5.079199 -0.977265 -4.676243
v -5.076746 -0.979488 -4.675372
v -5.075277 -0.983784 -4.673018
v -5.075277 -0.984241 -4.674179
v -5.076197 -0.981580 -4.673312
v -5.075663 -0.981793 -4.674469
v -5.076197 -0.982423 -4.675461
v -5.077532 -0.978583 -4.674957
v -5.077574 -0.979835 -4.673617
v -5.079199 -0.977499 -4.675203
v -4.694811 -4.641400 -5.139763
v -4.693178 -4.641435 -5.138132
v -4.693178 -4.641728 -5.139768
v -4.696188 -4.640473 -5.139745
v -4.694849 -4.641040 -5.138085
v -4.693178 -4.640537 -5.136732
v -4.695971 -4.640287 -5.138154
v -4.694765 -4.640312 -5.136945
v -4.697107 -4.637489 -5.138057
v -4.697111 -4.639088 -5.139718
v -4.696184 -4.637516 -5.136675
v -4.696718 -4.639161 -5.138049
v -4.695971 -4.639099 -5.136923
v -4.693174 -4.639172 -5.135783
v -4.694799 -4.637540 -5.135751
v -4.694845 -4.639202 -5.136175
v -1.025728 -4.651066 -5.137769
v -1.024786 -4.651609 -5.139452
v -1.027559 -4.651157 -5.137813
v -1.026674 -4.649413 -5.136614
v -1.023893 -4.651024 -5.139441
v -1.026087 -4.650155 -5.136963
v -1.030321 -4.647734 -5.135442
v -1.030806 -4.648888 -5.135463
v -1.028132 -4.648059 -5.136371
v -1.028364 -4.649222 -5.135861
v -1.029020 -4.650190 -5.136411
v -1.025175 -4.649741 -5.137745
v -1.026396 -4.648374 -5.137759
v -1.024103 -4.649979 -5.139421
v -4.688921 -0.958974 -5.067896
v -4.689280 -0.960670 -5.067871
v -4.689367 -0.957850 -5.069449
v -4.688410 -0.957894 -5.067917
v -4.688246 -0.960144 -5.066658
v -4.688356 -0.962337 -5.066521
v -4.687925 -0.959091 -5.067022
v -4.687288 -0.958304 -5.067884
v -4.687738 -0.957181 -5.069435
v -4.685843 -0.959261 -5.067845
v -4.686960 -0.959615 -5.066649
v -4.686979 -0.963995 -5.065628
v -4.685171 -0.963254 -5.065615
v -4.686911 -0.961579 -5.066054
v -4.685343 -0.961099 -5.066496
v -4.698671 -5.100846 -1.076453
v -4.698427 -5.102410 -1.075388
v -4.699110 -5.100649 -1.078133
v -4.698526 -5.099606 -1.077591
v -4.698080 -5.100973 -1.075411
v -4.697699 -5.102539 -1.074691
v -4.697989 -5.100025 -1.076593
v -4.695765 -5.098527 -1.080795
v -4.697748 -5.098494 -1.081368
v -4.695459 -5.099444 -1.078763
v -4.697401 -5.098985 -1.079055
v -4.698751 -5.099362 -1.079746
v -4.697123 -5.099643 -1.077170
v -4.695543 -5.102371 -1.075671
v -4.696901 -5.100917 -1.075896
v -4.695383 -5.100795 -1.076964
v -4.696684 -5.102523 -1.074791
v -4.699701 -5.034375 -4.757039
v -4.699698 -5.032777 -4.755378
v -4.698778 -5.034353 -4.758421
v -4.699305 -5.032706 -4.757049
v -4.698767 -5.031396 -4.755354
v -4.698557 -5.032772 -4.758175
v -4.698553 -5.031586 -4.756944
v -4.695761 -5.032718 -4.759313
v -4.697397 -5.034341 -4.759344
v -4.695757 -5.031353 -4.758365
v -4.697432 -5.032677 -4.758922
v -4.697344 -5.031569 -4.758154
v -4.697382 -5.030481 -4.755337
v -4.695749 -5.030456 -4.756965
v -4.697424 -5.030841 -4.757015
v -1.031347 -5.047108 -4.762546
v -1.030542 -5.046080 -4.760675
v -1.032373 -5.046028 -4.760999
v -1.029116 -5.047134 -4.761619
v -1.029882 -5.047118 -4.762305
v -1.031290 -5.045255 -4.759072
v -1.033590 -5.045126 -4.759041
v -1.030256 -5.045519 -4.759046
v -1.029169 -5.047151 -4.760596
v -1.029367 -5.046120 -4.760193
v -1.034803 -5.044534 -4.756967
v -1.033697 -5.044572 -4.755272
v -1.032389 -5.044857 -4.757300
v -1.031843 -5.045186 -4.756152
v -1.030558 -5.046099 -4.757597
v -2.858664 -5.139583 -2.953821
v -2.859385 -5.138055 -2.952657
v -2.859140 -5.140909 -2.952986
v -2.859686 -5.139550 -2.952651
v -2.860765 -5.139531 -2.951553
v -2.860952 -5.138084 -2.951022
v -2.859953 -5.140752 -2.952403
v -2.860201 -5.141824 -2.950845
v -2.859171 -5.141806 -2.951919
v -2.861731 -5.140960 -2.950290
v -2.861097 -5.140772 -2.951212
v -2.862524 -5.138113 -2.949387
v -2.863096 -5.139667 -2.949205
v -2.861860 -5.139589 -2.950389
v -2.861319 -5.075316 -2.919611
v -2.860563 -5.073761 -2.920070
v -2.859720 -5.075292 -2.921215
v -2.862917 -5.075338 -2.918006
v -2.861971 -5.073835 -2.918789
v -2.862062 -5.072457 -2.919232
v -2.863176 -5.073891 -2.917539
v -2.862822 -5.072649 -2.918092
v -2.865492 -5.073834 -2.915125
v -2.864519 -5.075362 -2.916403
v -2.865259 -5.072506 -2.916023
v -2.864370 -5.073869 -2.916383
v -2.864222 -5.072670 -2.916689
v -2.863989 -5.071579 -2.918825
v -2.865458 -5.071603 -2.917354
v -2.864069 -5.072050 -2.917649
v -5.179132 -5.150366 -2.669908
v -5.178194 -5.151825 -2.669631
v -5.176779 -5.152796 -2.669840
v -2.606947 -5.105160 -5.236271
v -2.606905 -5.107583 -5.234258
v -2.606668 -5.106604 -5.235470
v -2.606836 -5.144015 -2.665983
v -2.607119 -5.145896 -2.666455
v -5.171064 -2.542704 -5.193247
v -5.172552 -2.542464 -5.192252
v -5.173544 -2.542761 -5.190771
v -5.172060 -2.580568 -2.623017
v -5.173944 -2.581014 -2.623396
v -2.601278 -2.535346 -5.187893
v -2.601252 -2.535328 -5.189023
v -5.175863 -4.676886 -2.912787
v -5.177248 -4.677859 -2.912285
v -5.178171 -4.679320 -2.911534
v -5.178415 -4.711652 -1.072591
v -5.170115 -0.969326 -4.679610
v -5.174025 -2.808674 -4.714679
v -5.173101 -2.809499 -4.713205
v -5.171721 -2.810054 -4.712219
v -5.174265 -2.840283 -2.876416
v -5.173342 -2.841104 -2.877216
v -5.171961 -2.841656 -2.877751
v -5.169645 -0.971685 -4.678785
v -2.859716 -4.645327 -5.228222
v -2.859194 -4.646248 -5.229616
v -2.858416 -4.647651 -5.230556
v -1.015921 -4.653175 -5.230390
v -4.693850 -2.796474 -5.193186
v -4.694841 -2.795922 -5.194563
v -4.696325 -2.795114 -5.195479
v -4.692461 -0.947024 -5.160218
v -2.854433 -2.799978 -5.195300
v -2.855246 -2.800841 -5.194394
v -2.855783 -2.801433 -5.193023
v -4.685728 -5.150175 -2.916361
v -4.684595 -5.149262 -2.917004
v -4.683985 -5.147902 -2.917420
v -2.876661 -5.116842 -4.798868
v -2.877199 -5.116030 -4.797353
v -2.877428 -5.114794 -4.796020
v -1.049936 -5.108548 -4.834076
v -5.083300 -4.674089 -2.914218
v -5.084223 -4.675480 -2.913554
v -5.085608 -4.676409 -2.913110
v -5.081469 -2.810608 -4.711543
v -5.080088 -2.811090 -4.710628
v -5.079165 -2.811804 -4.709259
v -5.081709 -2.842267 -2.878164
v -5.080328 -2.842909 -2.878828
v -5.079405 -2.843871 -2.879824
v -2.861219 -4.644128 -5.135624
v -2.860533 -4.645494 -5.136574
v -2.860075 -4.646391 -5.137974
v -4.690889 -2.799753 -5.100670
v -4.692266 -2.799039 -5.101579
v -4.693193 -2.798545 -5.102953
v -2.856218 -2.803582 -5.102796
v -2.856871 -2.804261 -5.101427
v -2.857847 -2.805255 -5.100523
v -4.699427 -5.066787 -2.916226
v -4.698771 -5.065425 -2.916665
v -4.697569 -5.064513 -2.917341
v -2.863630 -5.038334 -4.758753
v -2.864161 -5.037522 -4.756981
v -2.863409 -5.039572 -4.760261
v -5.130491 -4.643812 -4.745620
v -5.130487 -4.642413 -4.746519
v -5.130495 -4.644759 -4.744257
v -5.122698 -0.977870 -4.675026
v -5.122698 -0.978514 -4.676669
v -1.024508 -4.649936 -5.182924
v -1.025381 -4.647801 -5.182884
v -4.689592 -0.958419 -5.112963
v -4.688707 -0.956293 -5.112923
v -4.697565 -5.077820 -4.760175
v -4.698942 -5.077835 -4.759239
v -4.699858 -5.077857 -4.757848
v -4.681311 -5.136838 -1.075451
v -4.682325 -5.136840 -1.075343
v -5.130976 -4.707317 -1.081139
v -4.697104 -4.638255 -5.183206
v -4.696184 -4.639640 -5.183233
v -4.694803 -4.640566 -5.183250
v -1.042906 -5.076586 -4.793895
v -1.042860 -5.076569 -4.794922
v -1.043627 -5.076559 -4.795599
v -2.863520 -5.106740 -2.932895
v -2.861937 -5.106715 -2.934515
v -2.860350 -5.106687 -2.936136
v -1.018534 -4.651742 -5.229905
v -4.279470 -5.019391 -2.845265
v -3.943113 -5.020059 -2.932106
v -4.116961 -5.018192 -3.085073
v -3.942659 -5.020944 -3.316804
v -3.733156 -5.072215 -3.520313
v -3.923513 -5.073153 -3.300175
v -3.767115 -5.018986 -3.162327
v -3.403273 -5.019910 -3.229810
v -3.576857 -5.018047 -3.382548
v -2.988092 -5.022476 -3.626954
v -2.792841 -5.073692 -3.813609
v -2.777140 -5.021989 -3.799574
v -3.163996 -5.016616 -3.781718
v -3.126989 -5.014258 -4.107391
v -3.337812 -5.014749 -3.934661
v -4.118814 -5.022020 -3.086722
v -4.099669 -5.074223 -3.070094
v -3.767199 -5.025916 -2.777333
v -3.952055 -5.078930 -2.534189
v -3.782904 -5.077623 -2.791370
v -3.401197 -5.023902 -3.228000
v -3.213713 -5.074821 -3.449599
v -3.198008 -5.023113 -3.435562
v -3.547434 -5.015391 -3.743010
v -3.750448 -5.016184 -3.535293
v -3.200087 -5.019121 -3.437376
v -3.373758 -5.017255 -3.590191
v -2.579145 -5.073345 -3.968900
v -2.563444 -5.021646 -3.954867
v -2.694956 -5.017539 -4.404944
v -2.896059 -5.069943 -4.247753
v -2.915201 -5.017742 -4.264380
v -3.128881 -5.018084 -4.109072
v -3.320543 -5.070782 -3.919698
v -3.339689 -5.018573 -3.936327
v -2.346045 -5.072721 -4.116256
v -2.330351 -5.021429 -4.101886
v -2.024511 -5.069728 -4.292834
v -2.008867 -5.021255 -4.276115
v -2.217257 -5.017574 -4.655216
v -2.438257 -5.065831 -4.522896
v -2.463369 -5.017477 -4.533996
v -2.953115 -5.016125 -3.954401
v -2.913290 -5.013912 -4.262682
v -1.560324 -5.062683 -4.529269
v -1.544786 -5.020974 -4.506879
v -1.014673 -5.053262 -4.800467
v -0.999262 -5.020436 -4.770461
v -1.969339 -5.017798 -4.769589
v -2.179834 -5.057730 -4.655647
v -2.512793 -5.015571 -4.253456
v -2.461077 -5.013631 -4.532438
v -2.692980 -5.013704 -4.403255
v -4.281240 -5.023224 -2.847054
v -4.262098 -5.075423 -2.830428
v -4.434023 -5.024595 -2.590895
v -4.414885 -5.076787 -2.574272
v -4.137209 -5.029335 -2.142285
v -4.417387 -5.084399 -1.582966
v -4.152910 -5.081040 -2.156321
v -3.593435 -5.020850 -3.009505
v -4.581701 -5.026159 -2.313081
v -4.562567 -5.078338 -2.296461
v -4.727045 -5.027829 -2.022660
v -4.707914 -5.079992 -2.006045
v -4.401686 -5.032695 -1.568931
v -4.719030 -5.088480 -0.896623
v -4.285727 -5.023048 -2.366670
v -3.938356 -5.023230 -2.522119
v -4.108904 -5.021310 -2.683682
v -3.714006 -5.124433 -3.503680
v -3.904364 -5.125369 -3.283545
v -3.160341 -5.128348 -3.778970
v -3.085875 -5.126392 -4.071685
v -2.949461 -5.127858 -3.951653
v -3.003794 -5.074182 -3.640989
v -2.808546 -5.125394 -3.827644
v -2.599375 -5.128974 -3.986932
v -2.508314 -5.126407 -4.251810
v -2.366415 -5.127934 -4.134595
v -4.080523 -5.126435 -3.053465
v -4.242952 -5.127626 -2.813801
v -3.416903 -5.075611 -3.242037
v -3.622767 -5.128259 -3.035766
v -3.432604 -5.127319 -3.256073
v -3.229414 -5.126527 -3.463635
v -3.607065 -5.076551 -3.021730
v -3.798609 -5.129331 -2.805406
v -3.530149 -5.071424 -3.728035
v -3.109736 -5.070290 -4.092445
v -3.301390 -5.123002 -3.903065
v -3.090586 -5.122509 -4.075812
v -2.361738 -5.124013 -4.130625
v -2.813051 -5.129321 -3.831626
v -2.735773 -5.127511 -4.106952
v -2.675062 -5.069257 -4.389011
v -2.876909 -5.122163 -4.231120
v -2.655161 -5.120998 -4.373071
v -1.575861 -5.104390 -4.551661
v -2.226267 -5.120067 -4.410895
v -2.045790 -5.122021 -4.313259
v -2.413118 -5.114227 -4.511785
v -1.916082 -5.047111 -4.784878
v -2.142275 -5.098038 -4.656082
v -1.030088 -5.086091 -4.830478
v -4.075834 -5.130326 -3.049356
v -3.763460 -5.130718 -3.159579
v -3.939455 -5.131789 -2.929358
v -3.967760 -5.130638 -2.548225
v -4.168615 -5.132745 -2.170356
v -4.395742 -5.128982 -2.557647
v -4.543428 -5.130523 -2.279839
v -4.105249 -5.133043 -2.680934
v -4.391844 -5.132897 -2.552164
v -4.238367 -5.131526 -2.809510
v -4.433092 -5.136105 -1.597002
v -4.734732 -5.140184 -0.910658
v -4.688784 -5.132168 -1.989426
v -3.591360 -5.024840 -3.007694
v -4.716028 -5.032534 -1.450644
v -4.714335 -5.084250 -1.449372
v -4.712645 -5.135949 -1.448100
v -3.627249 -5.132180 -3.039726
v -3.803099 -5.133254 -2.809375
v -3.019495 -5.125886 -3.655024
v -3.437082 -5.131241 -3.260030
v -4.491804 -5.025503 -1.941088
v -4.138701 -5.025333 -2.145267
v -3.940805 -5.017121 -3.315157
v -4.172358 -5.136662 -2.175786
v -4.488150 -5.137234 -1.938340
v -4.282068 -5.134778 -2.363923
v -1.000013 -5.020601 -4.772485
v -1.459810 -5.050006 -4.795415
v -1.479216 -5.019063 -4.772874
v -1.015345 -5.053163 -4.802294
v -1.440435 -5.080900 -4.817919
v -2.872183 -5.126047 -4.226979
v -3.549295 -5.019214 -3.744665
v -3.899683 -5.129255 -3.279443
v -3.573198 -5.129779 -3.379801
v -3.511000 -5.123642 -3.711402
v -4.712091 -5.028330 -1.459641
v -4.402071 -5.028679 -1.574351
v -4.724203 -5.023948 -2.023285
v -4.581625 -5.022323 -2.308177
v -4.683119 -5.136083 -1.987556
v -4.540911 -5.134461 -2.271706
v -4.435461 -5.140003 -1.605457
v -4.707758 -5.140055 -1.458375
v -2.236502 -5.015493 -4.404834
v -2.214476 -5.013677 -4.653746
v -2.779245 -5.017991 -3.801410
v -2.739431 -5.015778 -4.109700
v -2.594847 -5.125041 -3.982934
v -2.132193 -5.101889 -4.654925
v -1.857969 -5.104886 -4.604848
v -2.990183 -5.018482 -3.628776
v -2.565569 -5.017645 -3.956719
v -3.370104 -5.128988 -3.587443
v -3.233896 -5.130451 -3.467595
v -3.936354 -5.027223 -2.520153
v -3.972151 -5.134560 -2.552380
v -1.882189 -5.015524 -4.580068
v -1.968416 -5.013783 -4.766866
v -1.549883 -5.017371 -4.506388
v -1.490320 -5.015613 -4.766115
v -1.583822 -5.107884 -4.554786
v -1.447092 -5.084831 -4.815921
v -1.046251 -5.089115 -4.830223
v -1.848055 -5.080650 -4.801638
v -4.720705 -5.088472 -0.897088
v -4.705153 -5.036781 -0.883066
v -4.432806 -5.020759 -2.588157
v -4.736254 -5.140165 -0.911105
v -2.406763 -5.118110 -4.508544
v -3.752306 -5.020004 -3.536942
v -3.023989 -5.129811 -3.658993
v -2.650225 -5.124883 -4.369030
v -1.900522 -5.046877 -4.788594
v -1.953756 -5.017571 -4.773100
v -2.332605 -5.017436 -4.103657
v -2.040155 -5.118198 -4.309552
v -1.847532 -5.076041 -4.804042
v -3.296698 -5.126885 -3.898952
v -3.506315 -5.127525 -3.707298
v -3.709326 -5.128318 -3.499580
v -3.769281 -5.021924 -2.779151
v -2.011930 -5.017352 -4.277231
v -1.000505 -5.019488 -4.770893
v -0.998640 -5.020731 -4.772454
v -1.002810 -5.019390 -4.771064
v -1.002642 -5.018510 -4.769314
v -0.998232 -5.020641 -4.771360
v -1.001143 -5.018809 -4.769345
v -1.009031 -5.017684 -4.765424
v -1.009413 -5.017683 -4.767212
v -1.012213 -5.017444 -4.765367
v -1.005457 -5.018334 -4.766412
v -1.005529 -5.018026 -4.767528
v -1.006109 -5.018366 -4.769213
v -1.002024 -5.019303 -4.768181
v -1.000132 -5.019443 -4.769538
v -1.957457 -5.017562 -4.772828
v -1.957117 -5.016119 -4.772016
v -1.961714 -5.017602 -4.772066
v -1.960787 -5.016177 -4.771642
v -1.961084 -5.014891 -4.770451
v -1.963968 -5.016232 -4.771248
v -1.963694 -5.015059 -4.770547
v -1.966780 -5.016243 -4.770490
v -1.965891 -5.017687 -4.770927
v -1.969461 -5.016251 -4.769678
v -1.967291 -5.015086 -4.769986
v -1.965105 -5.015413 -4.770597
v -1.966375 -5.014501 -4.769385
v -1.968962 -5.014075 -4.768204
v -1.965052 -5.014070 -4.768642
v -1.969328 -5.014943 -4.769192
v -4.704195 -5.035405 -0.883843
v -4.704439 -5.035234 -0.886092
v -4.704668 -5.037094 -0.881185
v -4.703829 -5.035503 -0.882514
v -4.703184 -5.034137 -0.886209
v -4.703207 -5.033916 -0.889706
v -4.703051 -5.034544 -0.884676
v -4.703325 -5.036778 -0.882588
v -4.702917 -5.035408 -0.883589
v -4.701719 -5.035240 -0.885557
v -4.702047 -5.034141 -0.886010
v -4.701647 -5.033030 -0.893357
v -4.699915 -5.033037 -0.893082
v -4.699995 -5.032710 -0.896490
v -4.701735 -5.033501 -0.889325
v -4.700521 -5.033928 -0.889242
v -1.030684 -5.085755 -4.832120
v -1.032187 -5.087040 -4.832660
v -1.034300 -5.086942 -4.832778
v -1.029032 -5.086155 -4.831315
v -1.030905 -5.087117 -4.832380
v -1.035135 -5.087936 -4.832680
v -1.038527 -5.087998 -4.832649
v -1.033472 -5.087736 -4.832311
v -1.031920 -5.087209 -4.831482
v -1.033743 -5.087295 -4.830265
v -1.034952 -5.088061 -4.831618
v -1.042723 -5.088761 -4.831751
v -1.042490 -5.088930 -4.830126
v -1.038534 -5.088468 -4.831671
v -1.038099 -5.088293 -4.830142
v -1.850252 -5.077638 -4.803950
v -1.851030 -5.076174 -4.803727
v -1.847689 -5.077574 -4.804409
v -1.849764 -5.078852 -4.803887
v -1.852915 -5.077718 -4.803389
v -1.855051 -5.076360 -4.802919
v -1.851790 -5.078572 -4.803424
v -1.850435 -5.079611 -4.802997
v -1.847971 -5.080070 -4.803108
v -1.851412 -5.080276 -4.801760
v -1.853014 -5.079034 -4.802799
v -1.847841 -5.078988 -4.804082
v -1.858980 -5.076572 -4.801742
v -1.859076 -5.078179 -4.801076
v -1.862215 -5.076775 -4.800373
v -1.855791 -5.077929 -4.802346
v -1.855280 -5.079406 -4.801563
v -4.736113 -5.141719 -0.913067
v -4.735979 -5.140472 -0.909240
v -4.736208 -5.141657 -0.915380
v -4.735621 -5.142800 -0.916545
v -4.735865 -5.141741 -0.911673
v -4.735430 -5.142494 -0.914657
v -4.732515 -5.143752 -0.925439
v -4.734106 -5.143744 -0.925559
v -4.732367 -5.144021 -0.929915
v -4.733015 -5.142928 -0.920209
v -4.734316 -5.143340 -0.920642
v -4.735456 -5.142914 -0.920453
v -4.734591 -5.142807 -0.916439
v -4.734983 -5.141728 -0.912893
v -4.733793 -5.141676 -0.915018
v -3.548582 -5.015669 -3.744020
v -3.751593 -5.016464 -3.536301
v -3.549337 -5.016495 -3.744689
v -3.752344 -5.017288 -3.536968
v -3.549589 -5.017738 -3.744916
v -3.752596 -5.018531 -3.537193
v -3.338964 -5.015029 -3.935676
v -3.339727 -5.015855 -3.936349
v -3.339979 -5.017098 -3.936578
v -3.402109 -5.020223 -3.228788
v -3.592276 -5.021166 -3.008483
v -3.401308 -5.021093 -3.228086
v -3.591471 -5.022034 -3.007779
v -3.400988 -5.022384 -3.227809
v -3.768118 -5.022239 -2.778126
v -3.767309 -5.023106 -2.777421
v -3.591150 -5.023325 -3.007502
v -4.118105 -5.018473 -3.086082
v -3.941950 -5.017403 -3.316164
v -4.118856 -5.019298 -3.086749
v -3.942701 -5.018227 -3.316831
v -4.119108 -5.020545 -3.086974
v -3.942953 -5.019473 -3.317056
v -3.198923 -5.019435 -3.436353
v -2.989012 -5.018797 -3.627749
v -3.198118 -5.020304 -3.435649
v -2.988207 -5.019666 -3.627042
v -3.197798 -5.021597 -3.435372
v -2.987883 -5.020959 -3.626763
v -2.778070 -5.018308 -3.800378
v -2.564386 -5.017961 -3.955680
v -2.777258 -5.019177 -3.799667
v -2.563566 -5.018831 -3.954963
v -2.776934 -5.020472 -3.799384
v -2.563238 -5.020126 -3.954678
v -3.128145 -5.014539 -4.108412
v -3.128912 -5.015365 -4.109090
v -3.129171 -5.016610 -4.109321
v -2.914457 -5.014194 -4.263709
v -2.915232 -5.015020 -4.264393
v -2.915491 -5.016267 -4.264629
v -2.694193 -5.013984 -4.404266
v -2.694994 -5.014812 -4.404943
v -2.695261 -5.016059 -4.405181
v -2.462572 -5.013914 -4.533307
v -2.463533 -5.014743 -4.533909
v -2.463812 -5.015994 -4.534150
v -2.331373 -5.017749 -4.102640
v -2.010378 -5.017660 -4.276395
v -2.330511 -5.018620 -4.101946
v -2.009249 -5.018510 -4.275889
v -2.330153 -5.019910 -4.101681
v -2.008719 -5.019773 -4.275790
v -1.486734 -5.015877 -4.767931
v -1.483362 -5.016626 -4.769854
v -1.480722 -5.017744 -4.771590
v -2.216661 -5.013961 -4.654295
v -2.217958 -5.014804 -4.654768
v -2.218164 -5.016072 -4.655091
v -1.547525 -5.017657 -4.505989
v -1.545729 -5.018444 -4.505943
v -1.544767 -5.019607 -4.506255
v -3.937223 -5.023544 -2.521037
v -3.936441 -5.024417 -2.520284
v -3.766989 -5.024398 -2.777143
v -4.137758 -5.025650 -2.143796
v -4.137148 -5.026522 -2.142713
v -3.936136 -5.025707 -2.519973
v -4.433710 -5.021037 -2.589584
v -4.280581 -5.019671 -2.846327
v -4.434256 -5.021865 -2.590605
v -4.281309 -5.020498 -2.847040
v -4.434366 -5.023116 -2.591066
v -4.281542 -5.021745 -2.847295
v -4.713640 -5.028667 -1.456228
v -4.714933 -5.029582 -1.453320
v -4.715773 -5.030940 -1.451358
v -4.725729 -5.024236 -2.023427
v -4.726809 -5.025074 -2.023359
v -4.727270 -5.026336 -2.023089
v -4.401552 -5.029001 -1.571947
v -4.401300 -5.029879 -1.570074
v -4.136953 -5.027815 -2.142182
v -4.401346 -5.031175 -1.569015
v -4.582090 -5.022598 -2.310434
v -4.582270 -5.023425 -2.312158
v -4.582132 -5.024676 -2.313088
v -3.713217 -5.125910 -3.502992
v -3.510210 -5.125117 -3.710714
v -3.712050 -5.127166 -3.501971
v -3.509043 -5.126374 -3.709692
v -3.710684 -5.128013 -3.500773
v -3.507673 -5.127218 -3.708493
v -3.300600 -5.124475 -3.902376
v -3.299433 -5.125733 -3.901353
v -3.298059 -5.126578 -3.900151
v -3.623476 -5.129770 -3.036397
v -3.433313 -5.128830 -3.256704
v -3.624579 -5.131047 -3.037371
v -3.434412 -5.130107 -3.257677
v -3.625902 -5.131893 -3.038540
v -3.435740 -5.130953 -3.258845
v -3.799315 -5.130844 -2.806037
v -3.800421 -5.132121 -2.807013
v -3.801748 -5.132968 -2.808185
v -3.903574 -5.126846 -3.282856
v -4.079729 -5.127915 -3.052776
v -3.902407 -5.128103 -3.281835
v -4.078562 -5.129172 -3.051753
v -3.901041 -5.128948 -3.280636
v -4.077192 -5.130019 -3.050552
v -3.020208 -5.127399 -3.655656
v -3.230124 -5.128040 -3.464265
v -3.021311 -5.128677 -3.656632
v -3.231226 -5.129316 -3.465240
v -3.022638 -5.129524 -3.657804
v -3.232550 -5.130162 -3.466409
v -2.595560 -5.126557 -3.983569
v -2.809259 -5.126906 -3.828277
v -2.596674 -5.127837 -3.984551
v -2.810366 -5.128185 -3.829256
v -2.598009 -5.128686 -3.985732
v -2.811697 -5.129031 -3.830431
v -3.089792 -5.123984 -4.075122
v -3.088621 -5.125240 -4.074095
v -3.087244 -5.126085 -4.072889
v -2.876116 -5.123638 -4.230429
v -2.874941 -5.124894 -4.229400
v -2.873560 -5.125740 -4.228188
v -2.654329 -5.122474 -4.372400
v -2.653101 -5.123728 -4.371397
v -2.651659 -5.124575 -4.370214
v -2.412024 -5.115697 -4.511267
v -2.410433 -5.116953 -4.510471
v -2.408587 -5.117800 -4.509514
v -2.040968 -5.119675 -4.310243
v -2.362467 -5.125523 -4.131268
v -2.042326 -5.120920 -4.311191
v -2.363611 -5.126800 -4.132248
v -2.044020 -5.121743 -4.312249
v -2.364996 -5.127646 -4.133416
v -1.441477 -5.083500 -4.818389
v -1.443872 -5.084399 -4.817466
v -1.440271 -5.082272 -4.818547
v -2.140429 -5.099491 -4.656007
v -2.137861 -5.100733 -4.655760
v -2.134970 -5.101576 -4.655380
v -1.576876 -5.105749 -4.552485
v -1.578745 -5.106889 -4.553368
v -1.581186 -5.107639 -4.554177
v -3.968462 -5.132149 -2.548871
v -3.969542 -5.133425 -2.549887
v -3.970839 -5.134273 -2.551120
v -4.169268 -5.134257 -2.171099
v -4.170210 -5.135531 -2.172392
v -4.171293 -5.136376 -2.174038
v -4.242170 -5.129107 -2.813097
v -4.395010 -5.130469 -2.556852
v -4.241022 -5.130367 -2.812034
v -4.394011 -5.131733 -2.555531
v -4.239687 -5.131217 -2.810775
v -4.392900 -5.132586 -2.553885
v -4.712233 -5.137539 -1.448850
v -4.711157 -5.138877 -1.451067
v -4.709589 -5.139762 -1.454411
v -4.687914 -5.133660 -1.988904
v -4.686533 -5.134928 -1.988365
v -4.684847 -5.135779 -1.987891
v -4.433641 -5.137614 -1.597976
v -4.434282 -5.138885 -1.599925
v -4.434923 -5.139724 -1.602552
v -4.542799 -5.132013 -2.278841
v -4.542101 -5.133284 -2.276945
v -4.541437 -5.134143 -2.274440
v -4.720594 -5.088480 -0.895707
v -1.013556 -5.053234 -4.801186
v -1.013918 -5.053181 -4.802174
v -1.912657 -5.047003 -4.786261
v -1.908491 -5.046921 -4.787452
v -1.904234 -5.046876 -4.788271
v -2.756300 -4.236697 -5.150358
v -2.846025 -3.902654 -5.118081
v -2.996775 -4.075174 -5.151796
v -3.228952 -3.901476 -5.154948
v -3.428862 -3.686949 -5.199087
v -3.207724 -3.876108 -5.202633
v -3.077074 -3.727746 -5.117099
v -3.147776 -3.366419 -5.079907
v -3.298300 -3.538680 -5.113572
v -3.547041 -2.953416 -5.068949
v -3.730036 -2.753068 -5.113203
v -3.721033 -2.743839 -5.058880
v -3.699930 -3.128468 -5.099140
v -4.024759 -3.091508 -5.122803
v -3.850657 -3.300959 -5.132850
v -2.998041 -4.076539 -5.155964
v -2.976812 -4.051173 -5.203645
v -2.693129 -3.727594 -5.087887
v -2.444284 -3.904954 -5.140065
v -2.702131 -3.736823 -5.142214
v -3.145624 -3.363873 -5.083426
v -3.363359 -3.171210 -5.131607
v -3.354357 -3.161979 -5.077281
v -3.657713 -3.509230 -5.141126
v -3.448828 -3.710950 -5.147238
v -3.356512 -3.164528 -5.073762
v -3.507113 -3.336879 -5.107444
v -3.886789 -2.540774 -5.101315
v -3.877790 -2.531545 -5.046993
v -4.324915 -2.661903 -5.101202
v -4.161600 -2.855270 -5.162776
v -4.182817 -2.880627 -5.115114
v -4.026049 -3.092906 -5.126989
v -3.830709 -3.276977 -5.184703
v -3.851934 -3.302342 -5.137026
v -4.035143 -2.310241 -5.087568
v -4.026144 -2.301012 -5.033248
v -4.209360 -1.998014 -5.072588
v -4.200361 -1.988785 -5.018267
v -4.577555 -2.189549 -5.066471
v -4.434179 -2.407038 -5.132628
v -4.455389 -2.432378 -5.084991
v -3.873987 -2.918961 -5.089082
v -4.181513 -2.879214 -5.110916
v -4.437761 -1.554322 -5.057069
v -4.428759 -1.545093 -5.002750
v -4.697489 -1.035890 -5.041444
v -4.688486 -1.026662 -4.987126
v -4.695471 -1.939042 -5.046668
v -4.556356 -2.164214 -5.114091
v -4.175978 -2.482053 -5.063361
v -4.454546 -2.430056 -5.080775
v -4.323660 -2.660367 -5.096989
v -2.757708 -4.237981 -5.154533
v -2.736483 -4.212616 -5.202210
v -2.501036 -4.389855 -5.150545
v -2.479815 -4.364494 -5.198215
v -2.056894 -4.095415 -5.076951
v -1.492136 -4.367633 -5.113173
v -2.065897 -4.104642 -5.131275
v -2.926470 -3.555389 -5.083416
v -2.222837 -4.536675 -5.144092
v -2.201616 -4.511318 -5.191754
v -1.932100 -4.681185 -5.136282
v -1.910887 -4.655837 -5.183931
v -1.483133 -4.358405 -5.058851
v -0.805445 -4.667602 -5.089738
v -2.279409 -4.243224 -5.109896
v -2.437593 -3.898201 -5.082224
v -2.596941 -4.067440 -5.116290
v -3.407633 -3.661576 -5.246774
v -3.186495 -3.850737 -5.250320
v -3.686819 -3.111156 -5.208837
v -3.979155 -3.037010 -5.225233
v -3.860876 -2.901650 -5.198780
v -3.556044 -2.962644 -5.123274
v -3.739038 -2.762295 -5.167527
v -3.899366 -2.554011 -5.160443
v -4.162867 -2.464742 -5.173059
v -4.047655 -2.323631 -5.146696
v -2.955584 -4.025804 -5.251330
v -2.715254 -4.187248 -5.249893
v -3.154627 -3.373103 -5.137753
v -2.942320 -3.571302 -5.195589
v -3.163626 -3.382333 -5.192081
v -3.372358 -3.180441 -5.185934
v -2.933317 -3.562073 -5.141262
v -2.711134 -3.746054 -5.196539
v -3.637754 -3.485235 -5.192976
v -4.004828 -3.067543 -5.174660
v -3.809481 -3.251613 -5.232383
v -3.983603 -3.042181 -5.222335
v -4.044146 -2.319470 -5.141890
v -3.742594 -2.766286 -5.172327
v -4.017641 -2.689365 -5.186894
v -4.303701 -2.636554 -5.148851
v -4.140379 -2.829912 -5.210442
v -4.282488 -2.611200 -5.196506
v -4.446760 -1.563551 -5.111387
v -4.315218 -2.193870 -5.157457
v -4.221354 -2.012402 -5.131702
v -4.412973 -2.381691 -5.180269
v -4.674280 -1.913719 -5.094268
v -4.535151 -2.138877 -5.161717
v -4.706488 -1.045118 -5.095762
v -2.951170 -4.020673 -5.254225
v -3.063967 -3.710435 -5.226796
v -2.832918 -3.885343 -5.227777
v -2.453287 -3.914181 -5.194391
v -2.074896 -4.113873 -5.185597
v -2.458590 -4.339132 -5.245891
v -2.180399 -4.485960 -5.239421
v -2.583826 -4.050129 -5.225986
v -2.452799 -4.334786 -5.248772
v -2.710661 -4.182222 -5.252787
v -1.501135 -4.376864 -5.167495
v -0.814447 -4.676829 -5.144059
v -1.889669 -4.630483 -5.231589
v -2.924318 -3.552842 -5.086936
v -1.362272 -4.670588 -5.085994
v -1.356203 -4.662577 -5.136767
v -1.350138 -4.654566 -5.187523
v -2.945852 -3.575265 -5.200381
v -2.714674 -3.750024 -5.201333
v -3.565043 -2.971875 -5.177600
v -3.167158 -3.386294 -5.196871
v -1.853434 -4.448132 -5.097615
v -2.060221 -4.097380 -5.073459
v -3.227690 -3.900112 -5.150785
v -2.079905 -4.117099 -5.190430
v -1.840323 -4.430821 -5.207312
v -2.266298 -4.225913 -5.219593
v -4.692919 -1.480912 -5.016970
v -4.699282 -1.036419 -5.041589
v -4.686842 -1.472890 -5.067797
v -4.708120 -1.045642 -5.095958
v -4.680773 -1.464874 -5.118603
v -4.135908 -2.824714 -5.213346
v -3.658983 -3.510603 -5.145294
v -3.182085 -3.845612 -5.253213
v -3.285189 -3.521371 -5.223269
v -3.616526 -3.459866 -5.240661
v -1.371660 -4.667184 -5.082204
v -1.488901 -4.359270 -5.055437
v -1.933111 -4.678838 -5.132157
v -2.218313 -4.537077 -5.139832
v -1.887491 -4.624384 -5.234592
v -2.171953 -4.482991 -5.242246
v -1.509169 -4.378723 -5.172428
v -1.360033 -4.649199 -5.191949
v -4.328325 -2.211182 -5.047759
v -4.577692 -2.185202 -5.062254
v -3.723211 -2.746411 -5.055362
v -4.030748 -2.706677 -5.077198
v -3.895792 -2.550003 -5.155638
v -4.532496 -2.129913 -5.164694
v -4.490503 -1.850611 -5.140428
v -3.549208 -2.955974 -5.065430
v -3.879984 -2.534135 -5.043479
v -3.494001 -3.319566 -5.217139
v -3.375895 -3.184403 -5.190726
v -2.435286 -3.895723 -5.085740
v -2.457018 -3.918053 -5.199190
v -4.503614 -1.867922 -5.030730
v -4.692820 -1.940614 -5.043150
v -4.429514 -1.550574 -4.999202
v -4.689211 -1.490075 -5.013343
v -4.448496 -1.571221 -5.116155
v -4.675329 -1.474328 -5.123111
v -4.703440 -1.062380 -5.100676
v -4.647242 -1.886144 -5.145730
v -0.805895 -4.669264 -5.089975
v -0.796904 -4.660183 -5.035690
v -2.498678 -4.389124 -5.146347
v -0.814878 -4.678337 -5.144263
v -4.409071 -2.375322 -5.183209
v -3.450090 -3.712317 -5.151402
v -3.568586 -2.975847 -5.182394
v -4.278070 -2.605840 -5.199419
v -4.028288 -2.303729 -5.029732
v -4.218363 -2.007243 -5.126908
v -4.653086 -1.888392 -5.141875
v -3.805052 -3.246463 -5.235278
v -3.612108 -3.454734 -5.243555
v -3.403223 -3.656452 -5.249667
v -2.695292 -3.730148 -5.084368
v -4.202101 -1.992292 -5.014742
v -4.690428 -1.027189 -4.987221
v -4.689623 -1.027836 -4.985838
v -4.690306 -1.025849 -4.987353
v -4.689867 -1.029974 -4.985832
v -4.688746 -1.030033 -4.984664
v -4.689249 -1.026566 -4.985825
v -4.688570 -1.028588 -4.984959
v -4.685522 -1.036279 -4.983784
v -4.687258 -1.036606 -4.983920
v -4.685602 -1.039446 -4.983686
v -4.686041 -1.032737 -4.984472
v -4.687334 -1.032876 -4.984133
v -4.688757 -1.033281 -4.984675
v -4.687593 -1.029802 -4.984577
v -4.688314 -1.027545 -4.985750
v -4.687082 -1.029360 -4.985646
v -4.689257 -1.025561 -4.987301
v -0.797812 -4.659398 -5.034285
v -0.800066 -4.659660 -5.034356
v -0.795565 -4.660055 -5.035783
v -0.796484 -4.659025 -5.034212
v -0.800295 -4.658549 -5.033130
v -0.803797 -4.658597 -5.033243
v -0.798735 -4.658365 -5.033371
v -0.796446 -4.658372 -5.035416
v -0.797571 -4.658133 -5.034107
v -0.795317 -4.659075 -5.035635
v -0.799559 -4.656962 -5.033980
v -0.800112 -4.657420 -5.032977
v -0.807531 -4.657148 -5.032519
v -0.807272 -4.655430 -5.032290
v -0.810698 -4.655542 -5.032294
v -0.803473 -4.657184 -5.032617
v -0.803362 -4.655928 -5.032882
v -4.707747 -1.047176 -5.097582
v -4.707819 -1.049372 -5.097691
v -4.708117 -1.044304 -5.096059
v -4.707502 -1.045846 -5.097485
v -4.707060 -1.050245 -5.098846
v -4.706823 -1.053865 -5.099197
v -4.706926 -1.048516 -5.098404
v -4.706575 -1.046958 -5.097481
v -4.705328 -1.048921 -5.097481
v -4.706011 -1.050103 -5.098768
v -4.705286 -1.058431 -5.100244
v -4.703680 -1.058263 -5.100140
v -4.705614 -1.053929 -5.099551
v -4.704344 -1.053538 -5.099018
v -0.816690 -4.678006 -5.145967
v -0.813311 -4.677509 -5.144254
v -0.818995 -4.678106 -5.146135
v -0.820055 -4.677382 -5.147301
v -0.815302 -4.677760 -5.145830
v -0.818205 -4.677232 -5.146800
v -0.828856 -4.674168 -5.148696
v -0.828959 -4.675749 -5.148895
v -0.833288 -4.673980 -5.149363
v -0.823717 -4.674775 -5.147454
v -0.824099 -4.676012 -5.148061
v -0.823938 -4.677196 -5.147761
v -0.819960 -4.676356 -5.147172
v -0.816526 -4.676887 -5.145823
v -0.818659 -4.675711 -5.145825
v -3.658682 -3.510331 -5.141638
v -3.449793 -3.712049 -5.147749
v -3.659262 -3.510978 -5.142610
v -3.450373 -3.712694 -5.148720
v -3.659369 -3.511074 -5.143893
v -3.450480 -3.712788 -5.150002
v -3.851625 -3.302066 -5.133364
v -3.852213 -3.302717 -5.134338
v -3.852320 -3.302815 -5.135624
v -3.146742 -3.365229 -5.079981
v -2.925436 -3.554198 -5.083490
v -3.145968 -3.364328 -5.080675
v -2.924662 -3.553295 -5.084184
v -3.145575 -3.363851 -5.081886
v -2.694254 -3.728955 -5.084440
v -2.693480 -3.728050 -5.085134
v -2.924269 -3.552820 -5.085394
v -2.997740 -4.076271 -5.152307
v -3.228655 -3.901210 -5.151296
v -2.998320 -4.076918 -5.153279
v -3.229235 -3.901853 -5.152266
v -2.998426 -4.077012 -5.154563
v -3.229338 -3.901947 -5.153549
v -3.355474 -3.163336 -5.073835
v -3.548166 -2.954779 -5.065504
v -3.354704 -3.162435 -5.074529
v -3.547388 -2.953874 -5.066196
v -3.354311 -3.161956 -5.075740
v -3.546995 -2.953395 -5.067407
v -3.722166 -2.745209 -5.055433
v -3.878931 -2.532928 -5.043549
v -3.721388 -2.744299 -5.056127
v -3.878145 -2.532010 -5.044241
v -3.720987 -2.743818 -5.057337
v -3.877749 -2.531526 -5.045452
v -4.025736 -3.092621 -5.123319
v -4.026323 -3.093277 -5.124295
v -4.026434 -3.093377 -5.125583
v -4.182497 -2.880334 -5.111434
v -4.183092 -2.880996 -5.112413
v -4.183203 -2.881097 -5.113705
v -4.324629 -2.661536 -5.097509
v -4.325205 -2.662238 -5.098492
v -4.325308 -2.662368 -5.099788
v -4.455355 -2.431529 -5.081292
v -4.455801 -2.432487 -5.082273
v -4.455812 -2.432785 -5.083573
v -4.027254 -2.302472 -5.029803
v -4.201223 -1.990732 -5.014816
v -4.026484 -2.301514 -5.030494
v -4.200586 -1.989520 -5.015510
v -4.026094 -2.301003 -5.031706
v -4.200281 -1.988835 -5.016723
v -4.694326 -1.940602 -5.043389
v -4.690775 -1.486764 -5.013499
v -4.695360 -1.940299 -5.044141
v -4.692030 -1.483859 -5.014242
v -4.695765 -1.939752 -5.045293
v -4.692781 -1.481805 -5.015463
v -4.578131 -2.187454 -5.062766
v -4.578257 -2.189070 -5.063748
v -4.578054 -2.189806 -5.065049
v -4.429014 -1.548260 -4.999283
v -4.428698 -1.546406 -4.999984
v -4.428606 -1.545293 -5.001202
v -2.436499 -3.897038 -5.082295
v -2.435679 -3.896156 -5.082988
v -2.693083 -3.727573 -5.086344
v -2.058737 -4.096410 -5.073519
v -2.057585 -4.095696 -5.074205
v -2.435251 -3.895697 -5.084198
v -2.500067 -4.389982 -5.146868
v -2.757322 -4.237766 -5.150871
v -2.500998 -4.390423 -5.147848
v -2.757948 -4.238384 -5.151844
v -2.501341 -4.390378 -5.149140
v -2.758081 -4.238459 -5.153131
v -1.368216 -4.668684 -5.082405
v -1.365221 -4.669857 -5.083196
v -1.363134 -4.670525 -5.084456
v -1.933210 -4.680318 -5.132642
v -1.933054 -4.681286 -5.133597
v -1.932665 -4.681589 -5.134875
v -1.486483 -4.358724 -5.055468
v -1.484537 -4.358365 -5.056128
v -2.056936 -4.095347 -5.075410
v -1.483362 -4.358253 -5.057316
v -2.220530 -4.537503 -5.140373
v -2.222166 -4.537577 -5.141372
v -2.222979 -4.537285 -5.142679
v -3.406817 -3.660612 -5.248076
v -3.615709 -3.458901 -5.241965
v -3.405691 -3.659299 -5.249082
v -3.614580 -3.457587 -5.242972
v -3.404429 -3.657837 -5.249642
v -3.613318 -3.456123 -5.243530
v -3.808661 -3.250644 -5.233687
v -3.807531 -3.249325 -5.234695
v -3.806265 -3.247856 -5.235254
v -2.942801 -3.571821 -5.197227
v -3.164106 -3.382852 -5.193719
v -2.943640 -3.572755 -5.198713
v -3.164946 -3.383786 -5.195205
v -2.944712 -3.573966 -5.199820
v -3.166018 -3.384995 -5.196311
v -2.711615 -3.746571 -5.198179
v -2.712454 -3.747508 -5.199665
v -2.713530 -3.748719 -5.200773
v -3.185679 -3.849772 -5.251622
v -2.954767 -4.024839 -5.252633
v -3.184553 -3.848457 -5.252628
v -2.953638 -4.023524 -5.253640
v -3.183291 -3.846998 -5.253187
v -2.952375 -4.022063 -5.254199
v -3.565523 -2.972392 -5.179238
v -3.372839 -3.180958 -5.187572
v -3.566366 -2.973332 -5.180725
v -3.373678 -3.181893 -5.189058
v -3.567442 -2.974545 -5.181834
v -3.374750 -3.183103 -5.190165
v -3.896277 -2.550523 -5.157279
v -3.739519 -2.762815 -5.169168
v -3.897123 -2.551468 -5.158768
v -3.740366 -2.763757 -5.170655
v -3.898211 -2.552693 -5.159880
v -3.741446 -2.764975 -5.171766
v -3.982782 -3.041208 -5.223640
v -3.981649 -3.039885 -5.224650
v -3.980372 -3.038411 -5.225209
v -4.139555 -2.828939 -5.211751
v -4.138414 -2.827608 -5.212763
v -4.137136 -2.826126 -5.213321
v -4.281668 -2.610212 -5.197819
v -4.280539 -2.608845 -5.198834
v -4.279276 -2.607311 -5.199395
v -4.412188 -2.380624 -5.181589
v -4.411173 -2.379039 -5.182611
v -4.410074 -2.377178 -5.183180
v -4.218802 -2.007852 -5.128547
v -4.044622 -2.320004 -5.143531
v -4.219523 -2.009046 -5.130036
v -4.045458 -2.320982 -5.145021
v -4.220423 -2.010643 -5.131142
v -4.046522 -2.322256 -5.146132
v -4.680208 -1.465398 -5.120186
v -4.652151 -1.887633 -5.143275
v -4.678976 -1.467379 -5.121598
v -4.650709 -1.886938 -5.144499
v -4.677263 -1.470516 -5.122626
v -4.648985 -1.886416 -5.145361
v -4.534460 -2.137608 -5.163043
v -4.533712 -2.135459 -5.164076
v -4.533022 -2.132756 -5.164654
v -4.447104 -1.564350 -5.113027
v -4.447554 -1.566089 -5.114507
v -4.448046 -1.568501 -5.115607
v -2.453783 -3.914694 -5.196030
v -2.454664 -3.915608 -5.197519
v -2.455801 -3.916788 -5.198627
v -2.075487 -4.114333 -5.187238
v -2.076647 -4.115110 -5.188735
v -2.078199 -4.116080 -5.189855
v -2.714422 -4.186290 -5.251195
v -2.457666 -4.338224 -5.247196
v -2.713255 -4.184999 -5.252204
v -2.456240 -4.337077 -5.248201
v -2.711935 -4.183570 -5.252763
v -2.454531 -4.335871 -5.248755
v -1.350740 -4.653960 -5.189114
v -1.352831 -4.652727 -5.190515
v -1.356096 -4.651055 -5.191510
v -1.889017 -4.629438 -5.232908
v -1.888376 -4.627913 -5.233942
v -1.887838 -4.626136 -5.234533
v -1.501959 -4.377220 -5.169147
v -1.503775 -4.377700 -5.170663
v -1.506304 -4.378228 -5.171816
v -2.179270 -4.485155 -5.240723
v -2.177271 -4.484307 -5.241718
v -2.174700 -4.483548 -5.242253
v -0.804277 -4.668253 -5.089715
v -4.698210 -1.034756 -5.041419
v -4.699183 -1.035042 -5.041497
vt 0.263452 0.890521
vt 0.250560 0.941986
vt 0.262989 0.890689
vt 0.222954 0.863218
vt 0.222858 0.863560
vt 0.190146 0.975583
vt 0.250497 0.942062
vt 0.250843 0.942342
vt 0.174119 0.864702
vt 0.222784 0.863539
vt 0.174428 0.865089
vt 0.158993 0.915141
vt 0.190372 0.974832
vt 0.190596 0.974089
vt 0.250108 0.941755
vt 0.159901 0.915040
vt 0.174733 0.865471
vt 0.158981 0.915055
vt 0.159413 0.914994
vt 0.250179 0.941664
vt 0.262530 0.890854
vt 0.159890 0.914929
vt 0.222756 0.863932
vt 0.222939 0.863190
vt 0.222966 0.863190
vt 0.222934 0.863214
vt 0.222925 0.863190
vt 0.222943 0.863165
vt 0.222978 0.863149
vt 0.222929 0.863173
vt 0.222885 0.863198
vt 0.222912 0.863183
vt 0.222904 0.863206
vt 0.222890 0.863168
vt 0.222922 0.863159
vt 0.222919 0.863211
vt 0.222985 0.863090
vt 0.222927 0.863073
vt 0.222978 0.863007
vt 0.222941 0.863133
vt 0.222901 0.863127
vt 0.250897 0.942279
vt 0.250905 0.942312
vt 0.250881 0.942295
vt 0.250934 0.942292
vt 0.250929 0.942336
vt 0.250887 0.942325
vt 0.250868 0.942309
vt 0.250905 0.942340
vt 0.250962 0.942466
vt 0.251037 0.942374
vt 0.251079 0.942496
vt 0.250898 0.942418
vt 0.250951 0.942379
vt 0.250982 0.942320
vt 0.250905 0.942364
vt 0.250878 0.942344
vt 0.250863 0.942376
vt 0.250857 0.942323
vt 0.158958 0.915085
vt 0.158944 0.915055
vt 0.158987 0.915079
vt 0.158964 0.915101
vt 0.158927 0.915092
vt 0.158891 0.915060
vt 0.158943 0.915104
vt 0.158962 0.915118
vt 0.158992 0.915116
vt 0.158957 0.915151
vt 0.158931 0.915120
vt 0.158991 0.915098
vt 0.158818 0.915081
vt 0.158830 0.915160
vt 0.158725 0.915141
vt 0.158891 0.915111
vt 0.158906 0.915160
vt 0.250133 0.941677
vt 0.250141 0.941643
vt 0.250164 0.941695
vt 0.250126 0.941695
vt 0.250105 0.941662
vt 0.250098 0.941622
vt 0.250108 0.941682
vt 0.250110 0.941707
vt 0.250134 0.941732
vt 0.250078 0.941723
vt 0.250088 0.941683
vt 0.250151 0.941715
vt 0.250046 0.941600
vt 0.250015 0.941639
vt 0.249983 0.941579
vt 0.250071 0.941652
vt 0.250048 0.941686
vt 0.222722 0.863946
vt 0.222733 0.863920
vt 0.222743 0.863964
vt 0.222711 0.863969
vt 0.222709 0.863937
vt 0.222715 0.863914
vt 0.222704 0.863955
vt 0.222661 0.864027
vt 0.222701 0.864039
vt 0.222667 0.864083
vt 0.222662 0.863980
vt 0.222693 0.863991
vt 0.222726 0.863998
vt 0.222690 0.863963
vt 0.222671 0.863907
vt 0.222693 0.863937
vt 0.222666 0.863941
vt 0.222698 0.863910
vt 0.159921 0.914963
vt 0.159887 0.914962
vt 0.159932 0.914931
vt 0.159952 0.914966
vt 0.159918 0.914982
vt 0.159887 0.914985
vt 0.159940 0.914980
vt 0.160039 0.914994
vt 0.160034 0.914945
vt 0.160098 0.914961
vt 0.159987 0.915015
vt 0.159986 0.914975
vt 0.159979 0.914936
vt 0.159955 0.914991
vt 0.159925 0.915000
vt 0.159942 0.915029
vt 0.159892 0.915008
vt 0.263512 0.890499
vt 0.263571 0.890478
vt 0.263630 0.890457
vt 0.263690 0.890435
vt 0.174080 0.864653
vt 0.174040 0.864603
vt 0.174000 0.864554
vt 0.173961 0.864504
vt 0.190060 0.975871
vt 0.190089 0.975775
vt 0.190118 0.975679
vt 0.190031 0.975967
vt 0.262356 0.890917
vt 0.262414 0.890896
vt 0.262472 0.890875
vt 0.262298 0.890937
vt 0.174849 0.865616
vt 0.174811 0.865567
vt 0.174772 0.865519
vt 0.174888 0.865664
vt 0.190624 0.973997
vt 0.190651 0.973904
vt 0.190679 0.973811
vt 0.190707 0.973719
vt 0.250514 0.942042
vt 0.250528 0.942024
vt 0.250542 0.942007
vt 0.222804 0.863545
vt 0.222821 0.863549
vt 0.222838 0.863554
vt 0.159422 0.915063
vt 0.159419 0.915042
vt 0.159416 0.915020
vt 0.159425 0.915089
vt 0.159696 0.590308
vt 0.159553 0.616452
vt 0.158870 0.616438
vt 0.191241 0.635494
vt 0.210274 0.627174
vt 0.192145 0.638509
vt 0.175719 0.581200
vt 0.202741 0.596266
vt 0.202350 0.597072
vt 0.163833 0.645203
vt 0.160141 0.642193
vt 0.164163 0.644614
vt 0.162858 0.581338
vt 0.175654 0.581394
vt 0.174700 0.585317
vt 0.235192 0.617256
vt 0.234887 0.617668
vt 0.152122 0.665385
vt 0.160786 0.662463
vt 0.152264 0.666163
vt 0.176136 0.580430
vt 0.161627 0.571060
vt 0.176600 0.579574
vt 0.193170 0.641733
vt 0.215635 0.611177
vt 0.202185 0.597150
vt 0.235110 0.617378
vt 0.157769 0.589693
vt 0.152142 0.616467
vt 0.153434 0.568463
vt 0.209786 0.633114
vt 0.222093 0.627035
vt 0.206475 0.636161
vt 0.160739 0.572620
vt 0.153469 0.568402
vt 0.161156 0.571886
vt 0.162322 0.651864
vt 0.152212 0.665055
vt 0.157219 0.643432
vt 0.235603 0.616660
vt 0.153711 0.567764
vt 0.191722 0.598168
vt 0.196256 0.597537
vt 0.164048 0.587371
vt 0.160416 0.590420
vt 0.159973 0.589926
vt 0.151930 0.616478
vt 0.153293 0.568472
vt 0.153784 0.568521
vt 0.168804 0.585129
vt 0.191216 0.598708
vt 0.168660 0.585760
vt 0.191210 0.635424
vt 0.212970 0.621736
vt 0.213433 0.622160
vt 0.214005 0.616936
vt 0.213336 0.612229
vt 0.213974 0.612102
vt 0.152046 0.664806
vt 0.160465 0.661521
vt 0.192935 0.642028
vt 0.190911 0.644171
vt 0.164078 0.587342
vt 0.191565 0.598135
vt 0.213299 0.612083
vt 0.152459 0.665102
vt 0.151082 0.616533
vt 0.160824 0.572836
vt 0.159610 0.642558
vt 0.158992 0.642766
vt 0.168428 0.648103
vt 0.190868 0.634838
vt 0.173140 0.653234
vt 0.172709 0.654483
vt 0.218912 0.619429
vt 0.212977 0.629971
vt 0.168101 0.648424
vt 0.163515 0.645839
vt 0.167943 0.648072
vt 0.168135 0.647427
vt 0.160177 0.660680
vt 0.213639 0.621744
vt 0.213343 0.616918
vt 0.155819 0.616439
vt 0.173203 0.652983
vt 0.160268 0.660399
vt 0.172226 0.655874
vt 0.151917 0.665297
vt 0.150135 0.616595
vt 0.173259 0.648539
vt 0.212741 0.630362
vt 0.224223 0.624559
vt 0.188656 0.646563
vt 0.214011 0.616972
vt 0.168318 0.585160
vt 0.164382 0.587959
vt 0.226178 0.622254
vt 0.226132 0.622379
vt 0.235160 0.617493
vt 0.203174 0.595372
vt 0.235547 0.618126
vt 0.160184 0.642374
vt 0.160827 0.590895
vt 0.168508 0.585797
vt 0.164712 0.588540
vt 0.212736 0.612336
vt 0.212547 0.621334
vt 0.168290 0.647464
vt 0.190527 0.634253
vt 0.168478 0.584817
vt 0.214205 0.611838
vt 0.163498 0.645797
vt 0.159723 0.642667
vt 0.190866 0.599281
vt 0.168519 0.586345
vt 0.212866 0.612478
vt 0.213012 0.621591
vt 0.212689 0.616900
vt 0.158874 0.643214
vt 0.152614 0.568421
vt 0.213835 0.621982
vt 0.168323 0.646824
vt 0.158770 0.616417
vt 0.159602 0.589886
vt 0.160303 0.590525
vt 0.160235 0.616467
vt 0.159665 0.590183
vt 0.159781 0.590205
vt 0.159644 0.590067
vt 0.159731 0.590115
vt 0.159856 0.590100
vt 0.159737 0.590030
vt 0.159781 0.590055
vt 0.159651 0.589931
vt 0.159625 0.589967
vt 0.159734 0.589962
vt 0.159676 0.589985
vt 0.159736 0.589997
vt 0.159698 0.590042
vt 0.159920 0.590006
vt 0.159846 0.589960
vt 0.159812 0.590006
vt 0.159141 0.643132
vt 0.159218 0.643081
vt 0.159272 0.643163
vt 0.159022 0.643132
vt 0.159105 0.643083
vt 0.159151 0.642984
vt 0.159024 0.643094
vt 0.159072 0.643032
vt 0.158904 0.643126
vt 0.158931 0.643165
vt 0.158929 0.643020
vt 0.158959 0.643108
vt 0.158985 0.643046
vt 0.159076 0.642874
vt 0.158955 0.642896
vt 0.159021 0.642969
vt 0.159025 0.643059
vt 0.213907 0.611724
vt 0.213821 0.611781
vt 0.213772 0.611665
vt 0.214029 0.611778
vt 0.213937 0.611798
vt 0.213873 0.611899
vt 0.214010 0.611856
vt 0.213961 0.611868
vt 0.214136 0.611860
vt 0.214130 0.611817
vt 0.214071 0.611916
vt 0.214083 0.611843
vt 0.214040 0.611881
vt 0.214023 0.611822
vt 0.213924 0.612008
vt 0.214017 0.612001
vt 0.213990 0.611932
vt 0.153679 0.568647
vt 0.153648 0.568488
vt 0.153568 0.568739
vt 0.153571 0.568581
vt 0.153550 0.568467
vt 0.153474 0.568591
vt 0.153495 0.568542
vt 0.153328 0.568714
vt 0.153445 0.568807
vt 0.153295 0.568854
vt 0.153359 0.568609
vt 0.153430 0.568680
vt 0.153504 0.568642
vt 0.153445 0.568532
vt 0.153395 0.568529
vt 0.153481 0.568457
vt 0.153428 0.568596
vt 0.234929 0.617475
vt 0.235008 0.617570
vt 0.234808 0.617505
vt 0.234900 0.617376
vt 0.234999 0.617432
vt 0.235072 0.617494
vt 0.234961 0.617385
vt 0.234873 0.617044
vt 0.234916 0.617280
vt 0.234807 0.617207
vt 0.235032 0.617262
vt 0.234969 0.617164
vt 0.234787 0.617356
vt 0.235103 0.617433
vt 0.235075 0.617337
vt 0.235039 0.617389
vt 0.234982 0.617335
vt 0.152189 0.664836
vt 0.152100 0.664924
vt 0.152299 0.664891
vt 0.152195 0.664935
vt 0.152207 0.664996
vt 0.152151 0.665000
vt 0.152244 0.665003
vt 0.152313 0.665022
vt 0.152389 0.664975
vt 0.152336 0.665109
vt 0.152260 0.665041
vt 0.152264 0.664962
vt 0.152190 0.665044
vt 0.152229 0.665081
vt 0.152223 0.665044
vt 0.152266 0.665101
vt 0.213673 0.621839
vt 0.213587 0.621830
vt 0.213717 0.621917
vt 0.213644 0.621902
vt 0.213535 0.621933
vt 0.213660 0.621974
vt 0.213615 0.621963
vt 0.213768 0.622007
vt 0.213773 0.621965
vt 0.213676 0.622049
vt 0.213726 0.621984
vt 0.213671 0.622007
vt 0.213688 0.621949
vt 0.213482 0.622046
vt 0.213562 0.622104
vt 0.213591 0.622030
vt 0.168047 0.648076
vt 0.168027 0.648166
vt 0.168168 0.648084
vt 0.168094 0.648174
vt 0.168086 0.648262
vt 0.168161 0.648177
vt 0.168123 0.648247
vt 0.168327 0.648199
vt 0.168298 0.648092
vt 0.168232 0.648285
vt 0.168239 0.648188
vt 0.168156 0.648230
vt 0.168109 0.648352
vt 0.168155 0.648359
vt 0.168145 0.648305
vt 0.168186 0.648257
vt 0.168674 0.585141
vt 0.168701 0.585034
vt 0.168543 0.585149
vt 0.168614 0.585045
vt 0.168606 0.584950
vt 0.168532 0.585004
vt 0.168561 0.584977
vt 0.168403 0.585067
vt 0.168422 0.585157
vt 0.168463 0.584972
vt 0.168470 0.585059
vt 0.168499 0.584987
vt 0.168536 0.585056
vt 0.168530 0.584878
vt 0.168486 0.584885
vt 0.168520 0.584930
vt 0.168578 0.586327
vt 0.168574 0.586374
vt 0.168626 0.586326
vt 0.168607 0.586358
vt 0.168619 0.586390
vt 0.168636 0.586355
vt 0.168634 0.586374
vt 0.168700 0.586362
vt 0.168662 0.586360
vt 0.168667 0.586337
vt 0.168682 0.586372
vt 0.168660 0.586372
vt 0.168644 0.586368
vt 0.168658 0.586396
vt 0.168680 0.586382
vt 0.168697 0.586390
vt 0.168658 0.586381
vt 0.168676 0.586378
vt 0.212814 0.612440
vt 0.212859 0.612415
vt 0.212778 0.612405
vt 0.212816 0.612401
vt 0.212841 0.612368
vt 0.212788 0.612383
vt 0.212808 0.612370
vt 0.212754 0.612342
vt 0.212752 0.612373
vt 0.212763 0.612340
vt 0.212768 0.612362
vt 0.212778 0.612355
vt 0.212778 0.612306
vt 0.212791 0.612346
vt 0.212770 0.612329
vt 0.212814 0.612331
vt 0.212790 0.612369
vt 0.168307 0.646829
vt 0.168287 0.646818
vt 0.168304 0.646831
vt 0.168288 0.646831
vt 0.168250 0.646824
vt 0.168290 0.646837
vt 0.168265 0.646838
vt 0.168333 0.646842
vt 0.168294 0.646848
vt 0.168312 0.646834
vt 0.168302 0.646869
vt 0.168270 0.646855
vt 0.168276 0.646843
vt 0.168208 0.646840
vt 0.168214 0.646886
vt 0.168154 0.646870
vt 0.168241 0.646854
vt 0.168262 0.646884
vt 0.160163 0.642221
vt 0.160144 0.642205
vt 0.160176 0.642258
vt 0.160150 0.642224
vt 0.160142 0.642204
vt 0.160154 0.642249
vt 0.160141 0.642222
vt 0.160135 0.642326
vt 0.160184 0.642307
vt 0.160107 0.642277
vt 0.160151 0.642282
vt 0.160132 0.642253
vt 0.160106 0.642177
vt 0.160126 0.642223
vt 0.160097 0.642227
vt 0.160131 0.642194
vt 0.160143 0.642240
vt 0.160865 0.590783
vt 0.160817 0.590762
vt 0.160868 0.590717
vt 0.160857 0.590830
vt 0.160831 0.590807
vt 0.160786 0.590808
vt 0.160834 0.590839
vt 0.160810 0.590834
vt 0.160827 0.590885
vt 0.160846 0.590867
vt 0.160820 0.590886
vt 0.160830 0.590865
vt 0.160819 0.590866
vt 0.160775 0.590908
vt 0.160802 0.590864
vt 0.160804 0.590895
vt 0.160772 0.590857
vt 0.160821 0.590848
vt 0.212434 0.621431
vt 0.212430 0.621461
vt 0.212416 0.621461
vt 0.212461 0.621403
vt 0.212448 0.621445
vt 0.212438 0.621469
vt 0.212469 0.621427
vt 0.212456 0.621456
vt 0.212541 0.621397
vt 0.212496 0.621371
vt 0.212524 0.621446
vt 0.212497 0.621411
vt 0.212489 0.621443
vt 0.212459 0.621515
vt 0.212471 0.621468
vt 0.212497 0.621485
vt 0.212447 0.621486
vt 0.212470 0.621442
vt 0.175702 0.581236
vt 0.202281 0.597121
vt 0.175689 0.581271
vt 0.202235 0.597137
vt 0.175670 0.581333
vt 0.202320 0.597100
vt 0.160187 0.660619
vt 0.173160 0.653170
vt 0.160208 0.660550
vt 0.173182 0.653105
vt 0.160236 0.660476
vt 0.173198 0.653041
vt 0.151983 0.616475
vt 0.152036 0.616472
vt 0.152089 0.616469
vt 0.153340 0.568453
vt 0.153382 0.568438
vt 0.153424 0.568421
vt 0.152874 0.568230
vt 0.153143 0.568060
vt 0.153420 0.567904
vt 0.152068 0.665364
vt 0.152019 0.665343
vt 0.151969 0.665322
vt 0.151968 0.666052
vt 0.151685 0.665925
vt 0.151428 0.665722
vt 0.235183 0.617316
vt 0.235175 0.617373
vt 0.235168 0.617430
vt 0.235620 0.617029
vt 0.235614 0.617394
vt 0.235592 0.617758
vt 0.191670 0.598151
vt 0.191623 0.598138
vt 0.191587 0.598132
vt 0.163506 0.645831
vt 0.163499 0.645820
vt 0.163496 0.645809
vt 0.158800 0.616422
vt 0.158827 0.616427
vt 0.158850 0.616432
vt 0.226192 0.622321
vt 0.226226 0.622278
vt 0.226223 0.622254
vt 0.212856 0.630233
vt 0.212944 0.630119
vt 0.212988 0.630029
vt 0.193028 0.641936
vt 0.193107 0.641852
vt 0.193158 0.641782
vt 0.214009 0.616957
vt 0.214008 0.616945
vt 0.214006 0.616937
vt 0.191236 0.635475
vt 0.191229 0.635456
vt 0.191221 0.635439
vt 0.160747 0.572673
vt 0.160765 0.572727
vt 0.160792 0.572782
vt 0.164065 0.587348
vt 0.164055 0.587354
vt 0.164050 0.587363
vt 0.190847 0.599295
vt 0.190828 0.599309
vt 0.190809 0.599323
vt 0.190790 0.599338
vt 0.164177 0.644583
vt 0.164191 0.644551
vt 0.164206 0.644520
vt 0.164220 0.644489
vt 0.160264 0.616472
vt 0.160293 0.616478
vt 0.160322 0.616484
vt 0.160351 0.616490
vt 0.212666 0.616902
vt 0.212643 0.616904
vt 0.212620 0.616907
vt 0.212597 0.616910
vt 0.190510 0.634231
vt 0.190493 0.634209
vt 0.190476 0.634187
vt 0.190459 0.634165
vt 0.164723 0.588569
vt 0.164734 0.588597
vt 0.164745 0.588626
vt 0.164756 0.588654
vt 0.168172 0.647436
vt 0.168212 0.647445
vt 0.168253 0.647454
vt 0.213002 0.621625
vt 0.212991 0.621663
vt 0.212979 0.621701
vt 0.213328 0.612195
vt 0.213318 0.612157
vt 0.213307 0.612118
vt 0.168544 0.585788
vt 0.168584 0.585779
vt 0.168624 0.585770
vt 0.160330 0.590500
vt 0.160360 0.590472
vt 0.160390 0.590444
vt 0.159637 0.642584
vt 0.159667 0.642613
vt 0.159696 0.642641
vt 0.151180 0.665501
vt 0.804176 0.053784
vt 0.800411 0.059951
vt 0.798445 0.055530
vt 0.864542 0.344510
vt 0.849199 0.342331
vt 0.864366 0.341481
vt 0.794701 0.062003
vt 0.790950 0.068841
vt 0.789065 0.064343
vt 0.817222 0.313404
vt 0.802785 0.315517
vt 0.802807 0.312558
vt 0.778304 0.069754
vt 0.771659 0.068135
vt 0.776534 0.065256
vt 0.879667 0.343082
vt 0.879450 0.340045
vt 0.878326 0.311075
vt 0.894777 0.311562
vt 0.878584 0.314026
vt 0.847657 0.313499
vt 0.832349 0.316700
vt 0.832270 0.313741
vt 0.781744 0.062480
vt 0.787197 0.059887
vt 0.785392 0.071476
vt 0.783563 0.066957
vt 0.788816 0.314143
vt 0.788897 0.311191
vt 0.777678 0.341105
vt 0.791290 0.339988
vt 0.791261 0.343029
vt 0.805036 0.344398
vt 0.819223 0.342214
vt 0.819279 0.345250
vt 0.774383 0.312057
vt 0.774523 0.309129
vt 0.755616 0.308501
vt 0.755788 0.305626
vt 0.749929 0.335273
vt 0.764119 0.335494
vt 0.763970 0.338549
vt 0.773380 0.072651
vt 0.767075 0.071144
vt 0.729669 0.303326
vt 0.729772 0.300436
vt 0.698909 0.298502
vt 0.698335 0.295358
vt 0.735936 0.331148
vt 0.750180 0.332201
vt 0.764219 0.078987
vt 0.758416 0.077814
vt 0.762694 0.074343
vt 0.894747 0.341046
vt 0.894486 0.338007
vt 0.910237 0.338335
vt 0.909929 0.335290
vt 0.916501 0.303788
vt 0.948831 0.298409
vt 0.916909 0.306690
vt 0.796642 0.066479
vt 0.926518 0.334832
vt 0.926164 0.331797
vt 0.943109 0.330810
vt 0.942730 0.327786
vt 0.948415 0.295532
vt 0.986533 0.288819
vt 0.813680 0.056450
vt 0.808629 0.062559
vt 0.806377 0.058151
vt 0.849062 0.339311
vt 0.864190 0.338458
vt 0.818237 0.329314
vt 0.804975 0.337932
vt 0.803901 0.328468
vt 0.817251 0.316364
vt 0.802762 0.318488
vt 0.788765 0.317511
vt 0.776066 0.325060
vt 0.774280 0.315398
vt 0.879231 0.337014
vt 0.894224 0.334974
vt 0.847789 0.316458
vt 0.863431 0.318532
vt 0.847922 0.319424
vt 0.832428 0.319670
vt 0.863240 0.315565
vt 0.878841 0.316990
vt 0.834044 0.342557
vt 0.805020 0.341361
vt 0.819167 0.339186
vt 0.805005 0.338333
vt 0.774237 0.314998
vt 0.802792 0.318889
vt 0.790049 0.327094
vt 0.777761 0.338058
vt 0.791322 0.336958
vt 0.777846 0.335022
vt 0.729561 0.306189
vt 0.759873 0.321902
vt 0.755544 0.311778
vt 0.764270 0.332453
vt 0.736408 0.328257
vt 0.750424 0.329173
vt 0.700195 0.301452
vt 0.879217 0.336614
vt 0.863815 0.328552
vt 0.879039 0.327060
vt 0.895118 0.314518
vt 0.917322 0.309599
vt 0.909618 0.332253
vt 0.925813 0.328768
vt 0.894665 0.324806
vt 0.909690 0.331834
vt 0.894223 0.334570
vt 0.949251 0.301284
vt 0.986647 0.291872
vt 0.942348 0.324763
vt 0.863050 0.312611
vt 0.833409 0.052023
vt 0.823071 0.048878
vt 0.833653 0.051030
vt 0.823601 0.047889
vt 0.833894 0.050035
vt 0.863449 0.318932
vt 0.878858 0.317391
vt 0.817281 0.319335
vt 0.847943 0.319824
vt 0.822972 0.054688
vt 0.817279 0.060612
vt 0.792783 0.057566
vt 0.917249 0.310014
vt 0.937556 0.314855
vt 0.913448 0.320945
vt 0.746065 0.094058
vt 0.741192 0.102187
vt 0.745099 0.093655
vt 0.740312 0.101466
vt 0.744134 0.093246
vt 0.791288 0.336556
vt 0.834140 0.345591
vt 0.864172 0.338059
vt 0.848498 0.329427
vt 0.833948 0.339531
vt 0.833208 0.052111
vt 0.829716 0.058035
vt 0.822512 0.049973
vt 0.816490 0.050924
vt 0.942205 0.324401
vt 0.926039 0.328313
vt 0.949007 0.301733
vt 0.964316 0.308460
vt 0.759147 0.083129
vt 0.754186 0.081602
vt 0.775108 0.077212
vt 0.768749 0.075676
vt 0.788733 0.317109
vt 0.750174 0.328718
vt 0.740046 0.317395
vt 0.780082 0.074294
vt 0.770426 0.080258
vt 0.833197 0.329656
vt 0.832453 0.320070
vt 0.894438 0.308621
vt 0.895122 0.314920
vt 0.753073 0.088409
vt 0.750299 0.085336
vt 0.751745 0.095217
vt 0.746260 0.093946
vt 0.729825 0.306602
vt 0.718607 0.313617
vt 0.701066 0.301942
vt 0.737001 0.325083
vt 0.844467 0.053387
vt 0.844354 0.054533
vt 0.810147 0.052237
vt 0.844482 0.052261
vt 0.764165 0.332033
vt 0.849336 0.345363
vt 0.817309 0.319735
vt 0.777802 0.334616
vt 0.715364 0.318145
vt 0.765736 0.083677
vt 0.755436 0.311375
vt 0.716672 0.315882
vt 0.736867 0.325424
vt 0.819139 0.338787
vt 0.833923 0.339133
vt 0.849041 0.338913
vt 0.802412 0.064406
vt 0.759832 0.088459
vt 0.742135 0.102887
vt 0.742175 0.102885
vt 0.742123 0.102915
vt 0.742193 0.102840
vt 0.742227 0.102854
vt 0.742169 0.102912
vt 0.742212 0.102884
vt 0.742345 0.102759
vt 0.742317 0.102739
vt 0.742372 0.102701
vt 0.742305 0.102825
vt 0.742281 0.102810
vt 0.742256 0.102789
vt 0.742247 0.102870
vt 0.698389 0.295293
vt 0.698511 0.295302
vt 0.742125 0.102934
vt 0.742199 0.102914
vt 0.742256 0.102898
vt 0.844328 0.054562
vt 0.844282 0.054551
vt 0.844382 0.054540
vt 0.844354 0.054572
vt 0.844271 0.054585
vt 0.844200 0.054569
vt 0.844304 0.054590
vt 0.986199 0.285853
vt 0.986129 0.285797
vt 0.986271 0.285849
vt 0.844290 0.054633
vt 0.844272 0.054611
vt 0.844337 0.054597
vt 0.844391 0.054565
vt 0.844120 0.054587
vt 0.844119 0.054621
vt 0.844053 0.054607
vt 0.844200 0.054602
vt 0.844198 0.054628
vt 0.700120 0.301644
vt 0.700285 0.301654
vt 0.700378 0.301736
vt 0.700083 0.301506
vt 0.700235 0.301594
vt 0.700465 0.301718
vt 0.700619 0.301817
vt 0.700389 0.301661
vt 0.700316 0.301580
vt 0.700115 0.301480
vt 0.700447 0.301579
vt 0.700487 0.301673
vt 0.700856 0.301894
vt 0.700892 0.301830
vt 0.700660 0.301773
vt 0.700676 0.301706
vt 0.844450 0.052222
vt 0.844508 0.052263
vt 0.986521 0.292181
vt 0.986422 0.292174
vt 0.986609 0.292064
vt 0.986756 0.291930
vt 0.986643 0.291993
vt 0.986498 0.292096
vt 0.985955 0.292333
vt 0.985999 0.292398
vt 0.985775 0.292467
vt 0.986183 0.292180
vt 0.986207 0.292252
vt 0.986255 0.292295
vt 0.986392 0.292127
vt 0.986560 0.291998
vt 0.986425 0.292020
vt 0.986758 0.291891
vt 0.781732 0.062450
vt 0.787185 0.059857
vt 0.781721 0.062425
vt 0.787174 0.059832
vt 0.781710 0.062400
vt 0.787163 0.059807
vt 0.834141 0.345671
vt 0.849339 0.345443
vt 0.776522 0.065225
vt 0.776511 0.065200
vt 0.776499 0.065176
vt 0.819279 0.345330
vt 0.790963 0.068872
vt 0.796655 0.066510
vt 0.790974 0.068899
vt 0.796666 0.066536
vt 0.790986 0.068925
vt 0.847653 0.313417
vt 0.802425 0.064437
vt 0.802437 0.064464
vt 0.796677 0.066563
vt 0.863044 0.312529
vt 0.798432 0.055501
vt 0.792770 0.057536
vt 0.798421 0.055476
vt 0.792760 0.057511
vt 0.798412 0.055450
vt 0.879673 0.343162
vt 0.792750 0.057486
vt 0.864547 0.344590
vt 0.785405 0.071507
vt 0.780094 0.074325
vt 0.785416 0.071534
vt 0.780105 0.074352
vt 0.785429 0.071560
vt 0.780118 0.074378
vt 0.832269 0.313659
vt 0.817223 0.313322
vt 0.775119 0.077244
vt 0.770437 0.080290
vt 0.775131 0.077271
vt 0.770449 0.080317
vt 0.775144 0.077296
vt 0.770463 0.080342
vt 0.802811 0.312476
vt 0.788903 0.311109
vt 0.771647 0.068105
vt 0.771636 0.068080
vt 0.771623 0.068056
vt 0.805033 0.344478
vt 0.767063 0.071113
vt 0.767052 0.071088
vt 0.767038 0.071065
vt 0.791256 0.343110
vt 0.762684 0.074311
vt 0.762673 0.074285
vt 0.762659 0.074262
vt 0.777671 0.341186
vt 0.758411 0.077777
vt 0.758405 0.077747
vt 0.758393 0.077722
vt 0.763957 0.338629
vt 0.765746 0.083709
vt 0.759836 0.088496
vt 0.765757 0.083737
vt 0.759841 0.088527
vt 0.765771 0.083761
vt 0.759853 0.088554
vt 0.774532 0.309049
vt 0.755802 0.305548
vt 0.750271 0.085323
vt 0.746201 0.093995
vt 0.750244 0.085314
vt 0.746146 0.094035
vt 0.750217 0.085306
vt 0.715352 0.318234
vt 0.735925 0.331230
vt 0.746100 0.094058
vt 0.754195 0.081553
vt 0.754201 0.081513
vt 0.754196 0.081481
vt 0.749903 0.335350
vt 0.751734 0.095265
vt 0.751727 0.095306
vt 0.751730 0.095339
vt 0.729794 0.300359
vt 0.808645 0.062589
vt 0.808657 0.062615
vt 0.802447 0.064490
vt 0.878317 0.310994
vt 0.817303 0.060639
vt 0.817323 0.060663
vt 0.808667 0.062642
vt 0.894425 0.308541
vt 0.810124 0.052211
vt 0.804161 0.053755
vt 0.810105 0.052188
vt 0.804150 0.053731
vt 0.810092 0.052163
vt 0.804133 0.053675
vt 0.810085 0.052133
vt 0.804141 0.053705
vt 0.798404 0.055420
vt 0.833280 0.052094
vt 0.833343 0.052074
vt 0.833388 0.052051
vt 0.822517 0.049944
vt 0.822523 0.049918
vt 0.822530 0.049893
vt 0.822538 0.049863
vt 0.829761 0.058056
vt 0.829799 0.058075
vt 0.817337 0.060688
vt 0.948384 0.295457
vt 0.916481 0.303710
vt 0.829824 0.058097
vt 0.986011 0.285818
vt 0.816449 0.050901
vt 0.816416 0.050881
vt 0.816384 0.050829
vt 0.816394 0.050859
vt 0.849058 0.339217
vt 0.833943 0.339437
vt 0.849052 0.339113
vt 0.833937 0.339333
vt 0.849046 0.339008
vt 0.833930 0.339228
vt 0.819163 0.339092
vt 0.819156 0.338987
vt 0.819148 0.338883
vt 0.863436 0.318627
vt 0.847926 0.319519
vt 0.863441 0.318731
vt 0.847932 0.319623
vt 0.863446 0.318835
vt 0.847938 0.319727
vt 0.878848 0.317085
vt 0.878853 0.317189
vt 0.878856 0.317294
vt 0.864185 0.338364
vt 0.879226 0.336920
vt 0.864180 0.338259
vt 0.879222 0.336815
vt 0.864176 0.338155
vt 0.879219 0.336710
vt 0.817284 0.319430
vt 0.832432 0.319765
vt 0.817291 0.319534
vt 0.832438 0.319869
vt 0.817299 0.319638
vt 0.832445 0.319973
vt 0.788734 0.317205
vt 0.802764 0.318584
vt 0.788741 0.317308
vt 0.802771 0.318687
vt 0.788752 0.317413
vt 0.802781 0.318792
vt 0.805003 0.338238
vt 0.804995 0.338133
vt 0.804985 0.338028
vt 0.791320 0.336863
vt 0.791312 0.336758
vt 0.791301 0.336652
vt 0.777844 0.334927
vt 0.777834 0.334821
vt 0.777819 0.334714
vt 0.764265 0.332356
vt 0.764242 0.332247
vt 0.764206 0.332136
vt 0.755441 0.311469
vt 0.774238 0.315092
vt 0.755464 0.311573
vt 0.774247 0.315196
vt 0.755501 0.311679
vt 0.774263 0.315300
vt 0.718065 0.313558
vt 0.736887 0.325336
vt 0.718205 0.313552
vt 0.736917 0.325244
vt 0.718393 0.313576
vt 0.736956 0.325158
vt 0.717990 0.313605
vt 0.750410 0.329074
vt 0.750355 0.328957
vt 0.750272 0.328835
vt 0.729580 0.306282
vt 0.729637 0.306387
vt 0.729724 0.306497
vt 0.895126 0.314613
vt 0.895128 0.314717
vt 0.895126 0.314822
vt 0.917325 0.309694
vt 0.917311 0.309801
vt 0.917284 0.309911
vt 0.894218 0.334878
vt 0.909617 0.332156
vt 0.894217 0.334773
vt 0.909631 0.332047
vt 0.894219 0.334667
vt 0.909658 0.331937
vt 0.844405 0.052213
vt 0.964870 0.308373
vt 0.964726 0.308373
vt 0.964534 0.308406
vt 0.964951 0.308419
vt 0.942323 0.324672
vt 0.942289 0.324575
vt 0.942248 0.324483
vt 0.949241 0.301381
vt 0.949190 0.301495
vt 0.949107 0.301616
vt 0.925823 0.328668
vt 0.925871 0.328551
vt 0.925947 0.328429
vt 0.986605 0.288808
vt 0.986722 0.291878
vt 0.844507 0.053402
vt 0.844395 0.054549
vt 0.844494 0.053396
vt 0.698260 0.295367
vt 0.741181 0.102214
vt 0.698831 0.298517
vt 0.740297 0.101489
vt 0.700069 0.301551
vt 0.833886 0.050000
vt 0.846891 0.182066
vt 0.860997 0.137109
vt 0.848135 0.181724
vt 0.844007 0.075967
vt 0.757201 0.116539
vt 0.859248 0.060305
vt 0.719197 0.203258
vt 0.778491 0.189522
vt 0.778946 0.190580
vt 0.721480 0.201212
vt 0.778045 0.188468
vt 0.823211 0.174226
vt 0.796273 0.146012
vt 0.824095 0.132786
vt 0.901768 0.277142
vt 0.810185 0.286748
vt 0.811396 0.280772
vt 0.859895 0.136707
vt 0.882655 0.087795
vt 0.864633 0.232894
vt 0.896393 0.274449
vt 0.863748 0.233677
vt 0.782824 0.131925
vt 0.824978 0.091385
vt 0.927669 0.248535
vt 0.932336 0.159132
vt 0.934782 0.268194
vt 0.731066 0.237286
vt 0.785149 0.213970
vt 0.733752 0.237325
vt 0.887188 0.202025
vt 0.907320 0.165753
vt 0.923486 0.222106
vt 0.831079 0.199392
vt 0.785594 0.215103
vt 0.879421 0.064635
vt 0.938617 0.157614
vt 0.708107 0.234720
vt 0.808840 0.293389
vt 0.684650 0.231444
vt 0.921310 0.283157
vt 0.926321 0.160596
vt 0.882907 0.087784
vt 0.882820 0.085291
vt 0.881683 0.214793
vt 0.848186 0.181909
vt 0.882427 0.213887
vt 0.830550 0.181504
vt 0.774730 0.203567
vt 0.776901 0.196800
vt 0.752350 0.111038
vt 0.875473 0.044110
vt 0.846642 0.182239
vt 0.855458 0.132078
vt 0.859728 0.136570
vt 0.926135 0.245459
vt 0.924890 0.160988
vt 0.988743 0.053896
vt 0.941022 0.084511
vt 0.937342 0.050844
vt 0.833175 0.191541
vt 0.774813 0.203847
vt 0.834669 0.185774
vt 0.843371 0.128674
vt 0.837417 0.130160
vt 0.880246 0.221216
vt 0.881610 0.214996
vt 0.850599 0.127131
vt 0.875842 0.044309
vt 0.850332 0.127046
vt 0.865514 0.232109
vt 0.831270 0.199438
vt 0.831582 0.198155
vt 0.731075 0.237574
vt 0.811821 0.278914
vt 0.811474 0.280409
vt 0.701775 0.216861
vt 0.684435 0.231061
vt 0.900872 0.276863
vt 0.898443 0.275680
vt 0.901013 0.276612
vt 0.840479 0.183991
vt 0.878596 0.228195
vt 0.834844 0.185593
vt 0.730107 0.237432
vt 0.779934 0.208564
vt 0.784562 0.212667
vt 0.826106 0.177033
vt 0.941956 0.288813
vt 0.882784 0.089948
vt 0.862096 0.137515
vt 0.824888 0.175996
vt 0.825831 0.176910
vt 0.843373 0.076726
vt 0.763395 0.122046
vt 0.761984 0.121436
vt 0.917162 0.099818
vt 0.968563 0.102870
vt 0.948383 0.151844
vt 0.761634 0.121752
vt 0.721424 0.200919
vt 0.719192 0.202923
vt 0.837208 0.130191
vt 0.825023 0.175855
vt 0.836171 0.129999
vt 0.878401 0.228399
vt 0.871729 0.230374
vt 0.784709 0.212836
vt 0.941659 0.289122
vt 0.885941 0.047792
vt 0.834609 0.185540
vt 0.823984 0.175124
vt 0.763128 0.122350
vt 0.723305 0.199180
vt 0.842212 0.078869
vt 0.764933 0.122576
vt 0.883170 0.212974
vt 0.883021 0.089938
vt 0.925110 0.243539
vt 0.923475 0.161375
vt 0.736043 0.237647
vt 0.812164 0.277434
vt 0.830968 0.200668
vt 0.896293 0.274658
vt 0.882664 0.084401
vt 0.926667 0.160507
vt 0.927123 0.247823
vt 0.925910 0.245580
vt 0.924900 0.243653
vt 0.849334 0.181398
vt 0.831552 0.197848
vt 0.829953 0.201963
vt 0.821460 0.241070
vt 0.794257 0.224821
vt 0.817219 0.260595
vt 0.758596 0.247658
vt 0.778947 0.190800
vt 0.718457 0.203709
vt 0.781920 0.173345
vt 0.740669 0.172466
vt 0.824114 0.174988
vt 0.835133 0.129810
vt 0.871013 0.145644
vt 0.891153 0.109399
vt 0.850854 0.181924
vt 0.888516 0.171138
vt 0.865716 0.232026
vt 0.852908 0.237765
vt 0.875842 0.273532
vt 0.736046 0.237395
vt 0.761447 0.121346
vt 0.843606 0.076918
vt 0.842423 0.079073
vt 0.841350 0.080938
vt 0.846890 0.182116
vt 0.846830 0.182118
vt 0.846898 0.182167
vt 0.846830 0.182153
vt 0.846760 0.182179
vt 0.846865 0.182246
vt 0.846917 0.182216
vt 0.846944 0.182258
vt 0.846775 0.182230
vt 0.846847 0.182215
vt 0.846800 0.182195
vt 0.846838 0.182184
vt 0.846697 0.182218
vt 0.846780 0.182188
vt 0.846739 0.182212
vt 0.846700 0.182229
vt 0.731004 0.237365
vt 0.730768 0.237360
vt 0.730987 0.237430
vt 0.730751 0.237395
vt 0.730528 0.237425
vt 0.730458 0.237425
vt 0.730753 0.237428
vt 0.730604 0.237426
vt 0.730540 0.237426
vt 0.730740 0.237458
vt 0.731007 0.237495
vt 0.730744 0.237484
vt 0.730431 0.237435
vt 0.882552 0.085287
vt 0.882645 0.084998
vt 0.882625 0.085228
vt 0.882612 0.085017
vt 0.882666 0.084787
vt 0.882667 0.084804
vt 0.882746 0.085228
vt 0.882724 0.084982
vt 0.882676 0.084997
vt 0.882703 0.084982
vt 0.882675 0.084699
vt 0.927216 0.247836
vt 0.927306 0.248024
vt 0.927349 0.248025
vt 0.927467 0.248181
vt 0.927503 0.248247
vt 0.927354 0.247679
vt 0.927411 0.248013
vt 0.927322 0.247773
vt 0.927430 0.248006
vt 0.927474 0.248199
vt 0.927379 0.248011
vt 0.843584 0.076796
vt 0.843694 0.076630
vt 0.843657 0.076548
vt 0.843733 0.076441
vt 0.843757 0.076413
vt 0.843648 0.076515
vt 0.843483 0.076699
vt 0.843638 0.076498
vt 0.843813 0.076274
vt 0.843766 0.076381
vt 0.843921 0.076161
vt 0.843919 0.076101
vt 0.831435 0.198043
vt 0.831434 0.198105
vt 0.831383 0.198107
vt 0.831504 0.197990
vt 0.831470 0.198043
vt 0.831503 0.198049
vt 0.831487 0.198112
vt 0.831547 0.197984
vt 0.831527 0.197948
vt 0.831543 0.197907
vt 0.831532 0.197904
vt 0.831494 0.197971
vt 0.831538 0.198129
vt 0.831566 0.198075
vt 0.831534 0.198058
vt 0.831528 0.197996
vt 0.901231 0.276844
vt 0.901030 0.276709
vt 0.901229 0.276796
vt 0.901423 0.276963
vt 0.901387 0.276942
vt 0.900968 0.276825
vt 0.901217 0.276924
vt 0.901219 0.276874
vt 0.901223 0.276905
vt 0.901498 0.277015
vt 0.901349 0.276929
vt 0.826001 0.176840
vt 0.825950 0.176806
vt 0.825974 0.176760
vt 0.826012 0.176925
vt 0.825984 0.176869
vt 0.825962 0.176893
vt 0.825916 0.176848
vt 0.825996 0.176963
vt 0.826035 0.176964
vt 0.826061 0.176996
vt 0.826069 0.176990
vt 0.826033 0.176926
vt 0.825875 0.176883
vt 0.825910 0.176935
vt 0.825939 0.176915
vt 0.825995 0.176941
vt 0.718959 0.203333
vt 0.719127 0.203215
vt 0.718974 0.203360
vt 0.718789 0.203461
vt 0.718852 0.203412
vt 0.718951 0.203305
vt 0.719114 0.203152
vt 0.719132 0.203064
vt 0.718913 0.203283
vt 0.718929 0.203290
vt 0.718806 0.203451
vt 0.718706 0.203504
vt 0.942054 0.288833
vt 0.941889 0.288899
vt 0.942146 0.288896
vt 0.941996 0.288991
vt 0.941819 0.288977
vt 0.942050 0.289078
vt 0.941932 0.289084
vt 0.942159 0.289302
vt 0.942048 0.289195
vt 0.942262 0.289046
vt 0.941909 0.289415
vt 0.941932 0.289202
vt 0.941980 0.289129
vt 0.941743 0.289050
vt 0.941685 0.289219
vt 0.941842 0.289153
vt 0.941754 0.289308
vt 0.875609 0.044023
vt 0.875570 0.044145
vt 0.948336 0.151845
vt 0.948344 0.151869
vt 0.948321 0.151845
vt 0.875663 0.044190
vt 0.875664 0.043945
vt 0.875722 0.044053
vt 0.948381 0.151865
vt 0.948358 0.151845
vt 0.876014 0.044059
vt 0.875849 0.044014
vt 0.875915 0.043898
vt 0.948360 0.151875
vt 0.948374 0.151881
vt 0.875752 0.044246
vt 0.875918 0.044253
vt 0.875818 0.044124
vt 0.875967 0.044173
vt 0.875745 0.043992
vt 0.834807 0.185646
vt 0.834786 0.185568
vt 0.834767 0.185693
vt 0.834756 0.185618
vt 0.834729 0.185551
vt 0.834704 0.185633
vt 0.834713 0.185600
vt 0.834642 0.185716
vt 0.834721 0.185735
vt 0.834623 0.185660
vt 0.834691 0.185685
vt 0.834728 0.185656
vt 0.834668 0.185597
vt 0.834612 0.185602
vt 0.834671 0.185541
vt 0.834671 0.185643
vt 0.684582 0.231534
vt 0.684581 0.231347
vt 0.684487 0.231598
vt 0.684435 0.231419
vt 0.684525 0.231250
vt 0.684299 0.231456
vt 0.684356 0.231306
vt 0.885918 0.047781
vt 0.885946 0.047770
vt 0.885925 0.047809
vt 0.885899 0.047792
vt 0.684356 0.231661
vt 0.885901 0.047778
vt 0.885915 0.047765
vt 0.684327 0.231192
vt 0.684317 0.231029
vt 0.684477 0.231154
vt 0.684222 0.231054
vt 0.684276 0.231334
vt 0.684223 0.231241
vt 0.882868 0.089978
vt 0.882817 0.090031
vt 0.882857 0.089904
vt 0.882896 0.089894
vt 0.882879 0.090050
vt 0.882843 0.090119
vt 0.882898 0.089962
vt 0.882897 0.090016
vt 0.882928 0.089978
vt 0.882937 0.089901
vt 0.882980 0.090034
vt 0.882915 0.090050
vt 0.882866 0.090213
vt 0.882916 0.090215
vt 0.883814 0.089316
vt 0.882894 0.090119
vt 0.882945 0.090123
vt 0.849381 0.181402
vt 0.849337 0.181446
vt 0.849425 0.181411
vt 0.849382 0.181446
vt 0.849346 0.181490
vt 0.849409 0.181473
vt 0.849386 0.181479
vt 0.848624 0.181451
vt 0.849468 0.181425
vt 0.847397 0.182089
vt 0.849455 0.181518
vt 0.849445 0.181463
vt 0.849426 0.181490
vt 0.849415 0.181450
vt 0.849361 0.181533
vt 0.849422 0.181549
vt 0.849382 0.181576
vt 0.849399 0.181510
vt 0.924958 0.243583
vt 0.924986 0.243653
vt 0.924886 0.243564
vt 0.924930 0.243516
vt 0.924992 0.243582
vt 0.925025 0.243641
vt 0.924963 0.243535
vt 0.924878 0.243354
vt 0.924836 0.243381
vt 0.926037 0.243292
vt 0.924950 0.243418
vt 0.924908 0.243448
vt 0.924864 0.243474
vt 0.925009 0.243553
vt 0.925026 0.243478
vt 0.925057 0.243615
vt 0.924961 0.243497
vt 0.830833 0.200625
vt 0.830789 0.200671
vt 0.830784 0.200623
vt 0.830879 0.200633
vt 0.830835 0.200671
vt 0.830800 0.200716
vt 0.830863 0.200698
vt 0.830840 0.200704
vt 0.830940 0.200708
vt 0.830923 0.200647
vt 0.830911 0.200743
vt 0.830900 0.200687
vt 0.830881 0.200714
vt 0.830869 0.200674
vt 0.830816 0.200759
vt 0.830877 0.200774
vt 0.831190 0.198703
vt 0.830854 0.200735
vt 0.736081 0.237484
vt 0.736002 0.237474
vt 0.736136 0.237428
vt 0.736157 0.237493
vt 0.736064 0.237516
vt 0.735992 0.237516
vt 0.736122 0.237514
vt 0.736332 0.237528
vt 0.736329 0.237476
vt 0.735671 0.238537
vt 0.736236 0.237562
vt 0.736231 0.237508
vt 0.736230 0.237454
vt 0.736082 0.237547
vt 0.736143 0.237601
vt 0.736000 0.237559
vt 0.736159 0.237532
vt 0.896313 0.274487
vt 0.896290 0.274417
vt 0.896378 0.274567
vt 0.896316 0.274536
vt 0.896243 0.274466
vt 0.896197 0.274395
vt 0.896262 0.274507
vt 0.896274 0.274563
vt 0.896352 0.274605
vt 0.896201 0.274582
vt 0.896217 0.274513
vt 0.896109 0.274378
vt 0.896072 0.274442
vt 0.896396 0.275607
vt 0.896165 0.274453
vt 0.896132 0.274511
vt 0.841279 0.080944
vt 0.841315 0.080869
vt 0.841285 0.081018
vt 0.841237 0.080997
vt 0.841261 0.080899
vt 0.841285 0.080831
vt 0.841234 0.080951
vt 0.841099 0.081098
vt 0.841169 0.081135
vt 0.840522 0.079365
vt 0.841105 0.081003
vt 0.841178 0.081042
vt 0.841227 0.081079
vt 0.841191 0.080963
vt 0.841164 0.080777
vt 0.841208 0.080887
vt 0.841121 0.080898
vt 0.841248 0.080802
vt 0.824087 0.175029
vt 0.824069 0.174968
vt 0.824057 0.175064
vt 0.824047 0.175008
vt 0.824026 0.174954
vt 0.824027 0.175035
vt 0.824016 0.174995
vt 0.823962 0.175081
vt 0.824024 0.175095
vt 0.823946 0.175037
vt 0.824001 0.175056
vt 0.823986 0.175025
vt 0.823980 0.174946
vt 0.823936 0.174992
vt 0.825310 0.176847
vt 0.823982 0.174992
vt 0.824010 0.175019
vt 0.723382 0.199397
vt 0.723393 0.199276
vt 0.723471 0.199310
vt 0.723314 0.199297
vt 0.723325 0.199340
vt 0.723442 0.199209
vt 0.723539 0.199216
vt 0.723399 0.199202
vt 0.723364 0.199196
vt 0.723311 0.199255
vt 0.723354 0.199243
vt 0.723592 0.199123
vt 0.723543 0.199057
vt 0.722723 0.198562
vt 0.723493 0.199142
vt 0.723468 0.199097
vt 0.723421 0.199159
vt 0.761586 0.121667
vt 0.761700 0.121660
vt 0.761544 0.121570
vt 0.761641 0.121594
vt 0.761707 0.121527
vt 0.761786 0.121574
vt 0.761598 0.121524
vt 0.761593 0.121453
vt 0.761502 0.121464
vt 0.761594 0.121374
vt 0.761733 0.121391
vt 0.761680 0.121445
vt 0.761658 0.121496
vt 0.761884 0.121500
vt 0.761864 0.121410
vt 0.761782 0.121465
vt 0.764690 0.122838
vt 0.764724 0.122921
vt 0.764620 0.122929
vt 0.764764 0.122748
vt 0.764781 0.122845
vt 0.764828 0.122898
vt 0.764875 0.122796
vt 0.764859 0.122840
vt 0.764958 0.122659
vt 0.764844 0.122660
vt 0.764973 0.122739
vt 0.764894 0.122718
vt 0.764835 0.122777
vt 0.764923 0.122771
vt 0.764926 0.122880
vt 0.764990 0.122813
vt 0.767985 0.124354
vt 0.764924 0.122824
vt 0.850540 0.127082
vt 0.850476 0.127051
vt 0.850406 0.127039
vt 0.774761 0.203787
vt 0.774718 0.203647
vt 0.774728 0.203720
vt 0.917143 0.099830
vt 0.885911 0.047824
vt 0.917115 0.099844
vt 0.885903 0.047834
vt 0.917126 0.099839
vt 0.752254 0.110927
vt 0.878471 0.228368
vt 0.878527 0.228325
vt 0.878569 0.228267
vt 0.948405 0.151848
vt 0.939019 0.157518
vt 0.938750 0.157583
vt 0.988756 0.053921
vt 0.968580 0.102884
vt 0.938885 0.157551
vt 0.988727 0.053873
vt 0.808755 0.293809
vt 0.808812 0.293527
vt 0.937337 0.050822
vt 0.808784 0.293669
vt 0.859849 0.136684
vt 0.859807 0.136652
vt 0.882665 0.084734
vt 0.859768 0.136614
vt 0.882657 0.084573
vt 0.927574 0.248388
vt 0.881622 0.214938
vt 0.881636 0.214886
vt 0.881656 0.214836
vt 0.882675 0.084553
vt 0.926576 0.160530
vt 0.926491 0.160551
vt 0.926407 0.160573
vt 0.927603 0.248402
vt 0.927534 0.248280
vt 0.784684 0.212789
vt 0.784650 0.212746
vt 0.784609 0.212707
vt 0.730291 0.237420
vt 0.865556 0.232079
vt 0.865605 0.232057
vt 0.901465 0.276984
vt 0.865658 0.232040
vt 0.901615 0.277053
vt 0.901630 0.277081
vt 0.811415 0.280677
vt 0.811434 0.280587
vt 0.811453 0.280499
vt 0.730278 0.237440
vt 0.837361 0.130177
vt 0.837309 0.130189
vt 0.843790 0.076363
vt 0.837258 0.130195
vt 0.778963 0.190740
vt 0.778967 0.190684
vt 0.778961 0.190631
vt 0.718632 0.203605
vt 0.718742 0.203505
vt 0.718599 0.203595
vt 0.862221 0.137601
vt 0.862182 0.137565
vt 0.862140 0.137536
vt 0.865017 0.139271
vt 0.883198 0.212933
vt 0.883218 0.212886
vt 0.884122 0.210831
vt 0.850834 0.181960
vt 0.887186 0.202071
vt 0.923393 0.161398
vt 0.923311 0.161420
vt 0.923229 0.161443
vt 0.919571 0.162208
vt 0.787589 0.217747
vt 0.785687 0.215231
vt 0.785648 0.215191
vt 0.785617 0.215148
vt 0.863610 0.233746
vt 0.863661 0.233728
vt 0.863708 0.233706
vt 0.860438 0.235351
vt 0.812184 0.277348
vt 0.812203 0.277262
vt 0.812223 0.277175
vt 0.813303 0.273246
vt 0.835085 0.129806
vt 0.835035 0.129812
vt 0.834983 0.129826
vt 0.830316 0.130974
vt 0.778023 0.188364
vt 0.778025 0.188307
vt 0.778348 0.185469
vt 0.778030 0.188419
vt 0.723398 0.199137
vt 0.848161 0.181816
vt 0.848173 0.181863
vt 0.848148 0.181770
vt 0.926068 0.245495
vt 0.926022 0.245520
vt 0.925977 0.245544
vt 0.733749 0.237460
vt 0.733746 0.237595
vt 0.733750 0.237405
vt 0.733748 0.237515
vt 0.898562 0.275431
vt 0.896391 0.274523
vt 0.898479 0.275605
vt 0.898527 0.275504
vt 0.898503 0.275554
vt 0.901015 0.276775
vt 0.824922 0.175961
vt 0.824956 0.175926
vt 0.824990 0.175891
vt 0.842272 0.078935
vt 0.842308 0.078983
vt 0.842349 0.079025
vt 0.843545 0.076728
vt 0.882780 0.087790
vt 0.882832 0.087787
vt 0.882729 0.087792
vt 0.882685 0.085212
vt 0.831222 0.199426
vt 0.831174 0.199415
vt 0.831127 0.199403
vt 0.721453 0.201006
vt 0.721451 0.201068
vt 0.721451 0.201127
vt 0.901530 0.277018
vt 0.882665 0.084665
vt 0.763329 0.122121
vt 0.763262 0.122197
vt 0.763195 0.122274
vt 0.927442 0.248134
vt 0.718692 0.203528
vt 0.730389 0.237428
vt 0.927540 0.248310
vt 0.885023 0.208774
vt 0.846787 0.182211
vt 0.843851 0.076268
vt 0.875450 0.044030
vt 0.948394 0.151877
vt 0.684173 0.231535
vt 0.793308 0.034341
vt 0.789494 0.040475
vt 0.787548 0.036069
vt 0.871618 0.424528
vt 0.856350 0.422371
vt 0.871447 0.421512
vt 0.783816 0.042518
vt 0.780155 0.049313
vt 0.778238 0.044887
vt 0.824105 0.393727
vt 0.809649 0.396102
vt 0.809611 0.393129
vt 0.767664 0.050468
vt 0.761005 0.049061
vt 0.765781 0.046040
vt 0.886636 0.423159
vt 0.886442 0.420142
vt 0.885561 0.391171
vt 0.902032 0.391844
vt 0.885793 0.394133
vt 0.854714 0.393523
vt 0.839340 0.396848
vt 0.839231 0.393875
vt 0.770920 0.043149
vt 0.776325 0.040473
vt 0.774717 0.052004
vt 0.772817 0.047570
vt 0.795595 0.395052
vt 0.795594 0.392081
vt 0.785105 0.422137
vt 0.798640 0.420786
vt 0.798664 0.423817
vt 0.812420 0.424938
vt 0.826514 0.422510
vt 0.826615 0.425527
vt 0.780968 0.393415
vt 0.780991 0.390443
vt 0.761549 0.390758
vt 0.761596 0.387898
vt 0.757361 0.416829
vt 0.771064 0.416923
vt 0.771420 0.419808
vt 0.762873 0.053488
vt 0.756573 0.052233
vt 0.733952 0.386798
vt 0.734094 0.384129
vt 0.701690 0.382161
vt 0.702300 0.379846
vt 0.743418 0.413607
vt 0.756116 0.414242
vt 0.754061 0.060100
vt 0.748296 0.059194
vt 0.752369 0.055578
vt 0.901610 0.421309
vt 0.901392 0.418286
vt 0.917025 0.418887
vt 0.916770 0.415850
vt 0.923818 0.384564
vt 0.955820 0.380473
vt 0.924144 0.387446
vt 0.785752 0.046938
vt 0.933274 0.415731
vt 0.932957 0.412673
vt 0.949940 0.411715
vt 0.949366 0.408803
vt 0.955543 0.377623
vt 0.993391 0.373247
vt 0.802834 0.037164
vt 0.797623 0.043124
vt 0.795460 0.038728
vt 0.856205 0.419363
vt 0.871275 0.418501
vt 0.825351 0.409659
vt 0.812245 0.418489
vt 0.811008 0.409052
vt 0.824179 0.396699
vt 0.809687 0.399082
vt 0.795640 0.398431
vt 0.783038 0.406314
vt 0.781004 0.396790
vt 0.886248 0.417129
vt 0.901173 0.415268
vt 0.854858 0.396499
vt 0.870569 0.398575
vt 0.855001 0.399479
vt 0.839449 0.399829
vt 0.870386 0.395598
vt 0.886027 0.397105
vt 0.841264 0.422685
vt 0.812351 0.421907
vt 0.826415 0.419498
vt 0.812283 0.418885
vt 0.780946 0.396388
vt 0.809725 0.399482
vt 0.797138 0.407966
vt 0.785079 0.419125
vt 0.798617 0.417765
vt 0.785056 0.416124
vt 0.733811 0.389470
vt 0.766155 0.403866
vt 0.761616 0.394031
vt 0.770713 0.414044
vt 0.740988 0.411403
vt 0.754872 0.411646
vt 0.701241 0.384656
vt 0.886237 0.416731
vt 0.870923 0.408613
vt 0.886135 0.407195
vt 0.902328 0.394800
vt 0.924478 0.390330
vt 0.916513 0.412822
vt 0.932642 0.409651
vt 0.901738 0.405116
vt 0.916592 0.412408
vt 0.901177 0.414867
vt 0.956105 0.383304
vt 0.993099 0.376626
vt 0.948805 0.405951
vt 0.870204 0.392629
vt 0.974213 0.396035
vt 0.972865 0.393832
vt 0.971521 0.391623
vt 0.870587 0.398977
vt 0.886041 0.397506
vt 0.824254 0.399678
vt 0.855024 0.399879
vt 0.812453 0.035656
vt 0.806333 0.041428
vt 0.781887 0.038109
vt 0.924395 0.390738
vt 0.944327 0.396114
vt 0.920463 0.401591
vt 0.733404 0.085179
vt 0.735983 0.076266
vt 0.736845 0.076175
vt 0.732687 0.084554
vt 0.735123 0.076356
vt 0.798576 0.417368
vt 0.841384 0.425702
vt 0.871258 0.418104
vt 0.855610 0.409498
vt 0.841144 0.419673
vt 0.823165 0.034022
vt 0.819138 0.039570
vt 0.812219 0.030617
vt 0.805802 0.031656
vt 0.948680 0.405597
vt 0.932871 0.409208
vt 0.955845 0.383730
vt 0.970910 0.391630
vt 0.749226 0.064419
vt 0.744283 0.063140
vt 0.764731 0.057937
vt 0.758402 0.056649
vt 0.795597 0.398030
vt 0.754509 0.411197
vt 0.744506 0.400557
vt 0.769547 0.054911
vt 0.760224 0.061097
vt 0.840310 0.409824
vt 0.839478 0.400230
vt 0.901741 0.388898
vt 0.902326 0.395201
vt 0.743404 0.070006
vt 0.740480 0.067127
vt 0.742409 0.076786
vt 0.737070 0.076023
vt 0.734428 0.389874
vt 0.720436 0.396759
vt 0.702953 0.384844
vt 0.737927 0.408682
vt 0.995199 0.378630
vt 0.997248 0.380438
vt 0.799348 0.032884
vt 0.993161 0.376815
vt 0.770572 0.413631
vt 0.856497 0.425388
vt 0.824287 0.400079
vt 0.785001 0.415724
vt 0.739234 0.068088
vt 0.740234 0.067348
vt 0.755741 0.064650
vt 0.761502 0.393617
vt 0.738242 0.068842
vt 0.826382 0.419102
vt 0.841116 0.419277
vt 0.856182 0.418967
vt 0.791448 0.044891
vt 0.750113 0.069647
vt 0.733444 0.085185
vt 0.733392 0.085205
vt 0.733459 0.085141
vt 0.733495 0.085158
vt 0.733439 0.085214
vt 0.733392 0.085220
vt 0.733481 0.085186
vt 0.733618 0.085068
vt 0.733587 0.085047
vt 0.733642 0.085008
vt 0.733572 0.085130
vt 0.733551 0.085118
vt 0.733523 0.085094
vt 0.733514 0.085174
vt 0.702365 0.379794
vt 0.702487 0.379794
vt 0.702200 0.379858
vt 0.702286 0.379800
vt 0.733467 0.085207
vt 0.740263 0.067281
vt 0.740291 0.067299
vt 0.740300 0.067202
vt 0.740321 0.067232
vt 0.740356 0.067239
vt 0.740348 0.067173
vt 0.740371 0.067188
vt 0.740383 0.067054
vt 0.740378 0.067120
vt 0.740340 0.067122
vt 0.740412 0.067072
vt 0.740406 0.067123
vt 0.740377 0.067159
vt 0.740415 0.067147
vt 0.740457 0.067107
vt 0.740421 0.067178
vt 0.740435 0.067089
vt 0.834371 0.037435
vt 0.834344 0.037464
vt 0.834299 0.037449
vt 0.834410 0.037449
vt 0.834372 0.037476
vt 0.834286 0.037482
vt 0.834215 0.037462
vt 0.834319 0.037489
vt 0.993068 0.370278
vt 0.993004 0.370218
vt 0.993136 0.370278
vt 0.992887 0.370231
vt 0.992863 0.370171
vt 0.993079 0.370206
vt 0.992953 0.370168
vt 0.834130 0.037474
vt 0.834126 0.037509
vt 0.834060 0.037488
vt 0.834213 0.037496
vt 0.834209 0.037524
vt 0.834286 0.037506
vt 0.732024 0.083896
vt 0.732010 0.083860
vt 0.732025 0.083823
vt 0.732003 0.083928
vt 0.732000 0.083883
vt 0.732012 0.083802
vt 0.732034 0.083742
vt 0.732002 0.083833
vt 0.701287 0.384774
vt 0.701168 0.384658
vt 0.731958 0.083822
vt 0.731992 0.083801
vt 0.731981 0.083865
vt 0.731989 0.083926
vt 0.732046 0.083655
vt 0.732013 0.083646
vt 0.732046 0.083577
vt 0.732014 0.083733
vt 0.731981 0.083733
vt 0.738233 0.068781
vt 0.738266 0.068777
vt 0.738214 0.068828
vt 0.738206 0.068780
vt 0.738253 0.068729
vt 0.738296 0.068700
vt 0.738227 0.068743
vt 0.738137 0.068782
vt 0.738193 0.068756
vt 0.738164 0.068799
vt 0.738063 0.408795
vt 0.738091 0.408911
vt 0.737979 0.408828
vt 0.738189 0.068814
vt 0.738355 0.409135
vt 0.738395 0.409052
vt 0.738537 0.409169
vt 0.738274 0.068670
vt 0.738328 0.068623
vt 0.738213 0.409014
vt 0.738228 0.408923
vt 0.738228 0.068713
vt 0.993001 0.376827
vt 0.993214 0.376730
vt 0.992905 0.376909
vt 0.992819 0.376893
vt 0.993053 0.376767
vt 0.992897 0.376836
vt 0.992383 0.377017
vt 0.992421 0.377080
vt 0.992205 0.377134
vt 0.992603 0.376887
vt 0.992620 0.376954
vt 0.992662 0.376996
vt 0.992797 0.376849
vt 0.992971 0.376754
vt 0.992837 0.376755
vt 0.993229 0.376681
vt 0.770907 0.043119
vt 0.776312 0.040444
vt 0.770895 0.043094
vt 0.776301 0.040419
vt 0.856503 0.425535
vt 0.841386 0.425782
vt 0.856500 0.425467
vt 0.765768 0.046010
vt 0.765757 0.045985
vt 0.841385 0.425849
vt 0.826616 0.425607
vt 0.780168 0.049344
vt 0.785765 0.046968
vt 0.780180 0.049370
vt 0.870192 0.392475
vt 0.854710 0.393441
vt 0.854708 0.393369
vt 0.791462 0.044922
vt 0.785776 0.046995
vt 0.885542 0.391018
vt 0.870199 0.392547
vt 0.787535 0.036040
vt 0.781874 0.038080
vt 0.787524 0.036015
vt 0.871629 0.424674
vt 0.886642 0.423239
vt 0.886651 0.423305
vt 0.781864 0.038055
vt 0.871623 0.424607
vt 0.774730 0.052035
vt 0.769560 0.054941
vt 0.774742 0.052061
vt 0.769572 0.054968
vt 0.824111 0.393573
vt 0.839230 0.393793
vt 0.824106 0.393645
vt 0.839231 0.393721
vt 0.764744 0.057967
vt 0.760237 0.061128
vt 0.764756 0.057994
vt 0.760249 0.061154
vt 0.795610 0.391928
vt 0.809613 0.393047
vt 0.795598 0.391999
vt 0.809622 0.392976
vt 0.760993 0.049031
vt 0.760981 0.049006
vt 0.826612 0.425674
vt 0.812419 0.425018
vt 0.756560 0.052202
vt 0.756548 0.052178
vt 0.756533 0.052156
vt 0.760967 0.048984
vt 0.798661 0.423897
vt 0.752357 0.055548
vt 0.752346 0.055523
vt 0.752330 0.055501
vt 0.785100 0.422217
vt 0.748289 0.059159
vt 0.748279 0.059131
vt 0.748263 0.059110
vt 0.771422 0.419889
vt 0.755753 0.064682
vt 0.750119 0.069684
vt 0.761689 0.387689
vt 0.781015 0.390291
vt 0.761639 0.387751
vt 0.780997 0.390361
vt 0.761607 0.387817
vt 0.781045 0.390222
vt 0.737010 0.076076
vt 0.736947 0.076125
vt 0.736890 0.076160
vt 0.744287 0.063093
vt 0.744282 0.063060
vt 0.744263 0.063041
vt 0.757388 0.416917
vt 0.743403 0.413687
vt 0.742400 0.076834
vt 0.702893 0.379746
vt 0.734180 0.383997
vt 0.702695 0.379769
vt 0.734119 0.384052
vt 0.734272 0.383949
vt 0.797638 0.043154
vt 0.791473 0.044948
vt 0.901711 0.388748
vt 0.885553 0.391090
vt 0.806357 0.041456
vt 0.797650 0.043180
vt 0.923766 0.384421
vt 0.901729 0.388818
vt 0.799325 0.032857
vt 0.793294 0.034312
vt 0.799307 0.032834
vt 0.901633 0.421455
vt 0.917040 0.418966
vt 0.917069 0.419030
vt 0.793283 0.034287
vt 0.901619 0.421389
vt 0.823242 0.034011
vt 0.823308 0.033997
vt 0.823355 0.033978
vt 0.823379 0.033951
vt 0.812225 0.030586
vt 0.812233 0.030559
vt 0.812247 0.030535
vt 0.974227 0.396125
vt 0.819182 0.039594
vt 0.806376 0.041481
vt 0.955452 0.377490
vt 0.923800 0.384486
vt 0.955516 0.377548
vt 0.819219 0.039616
vt 0.992677 0.370200
vt 0.805760 0.031633
vt 0.933361 0.415865
vt 0.949954 0.411796
vt 0.949947 0.411868
vt 0.805726 0.031612
vt 0.933301 0.415808
vt 0.856200 0.419269
vt 0.841139 0.419579
vt 0.856194 0.419166
vt 0.841132 0.419475
vt 0.856188 0.419062
vt 0.841124 0.419372
vt 0.826410 0.419404
vt 0.826402 0.419300
vt 0.826392 0.419196
vt 0.870574 0.398671
vt 0.855006 0.399574
vt 0.870579 0.398775
vt 0.855012 0.399678
vt 0.870583 0.398880
vt 0.855018 0.399782
vt 0.886033 0.397200
vt 0.886037 0.397304
vt 0.886040 0.397409
vt 0.871270 0.418407
vt 0.886243 0.417035
vt 0.871266 0.418304
vt 0.886240 0.416931
vt 0.871262 0.418200
vt 0.886238 0.416827
vt 0.824258 0.399774
vt 0.839454 0.399925
vt 0.824266 0.399877
vt 0.839461 0.400028
vt 0.824276 0.399982
vt 0.839470 0.400133
vt 0.795600 0.398126
vt 0.809691 0.399177
vt 0.795611 0.398230
vt 0.809700 0.399281
vt 0.795625 0.398334
vt 0.809712 0.399385
vt 0.812278 0.418791
vt 0.812269 0.418688
vt 0.812258 0.418584
vt 0.798613 0.417671
vt 0.798603 0.417568
vt 0.798590 0.417463
vt 0.785051 0.416029
vt 0.785038 0.415925
vt 0.785020 0.415820
vt 0.770693 0.413947
vt 0.770659 0.413839
vt 0.770616 0.413730
vt 0.761511 0.393714
vt 0.780950 0.396484
vt 0.761537 0.393821
vt 0.780964 0.396588
vt 0.761574 0.393930
vt 0.780983 0.396693
vt 0.735080 0.076317
vt 0.735075 0.076262
vt 0.735072 0.076190
vt 0.735094 0.076348
vt 0.754808 0.411541
vt 0.754715 0.411423
vt 0.754610 0.411305
vt 0.701405 0.384781
vt 0.733826 0.389570
vt 0.701599 0.384922
vt 0.730496 0.071186
vt 0.734334 0.389765
vt 0.702796 0.384723
vt 0.733879 0.389685
vt 0.729120 0.060395
vt 0.730532 0.071143
vt 0.729156 0.060369
vt 0.730563 0.071096
vt 0.902334 0.394895
vt 0.902335 0.394999
vt 0.902332 0.395103
vt 0.924478 0.390424
vt 0.924461 0.390529
vt 0.924432 0.390637
vt 0.901169 0.415173
vt 0.916514 0.412726
vt 0.901169 0.415069
vt 0.916530 0.412618
vt 0.901172 0.414964
vt 0.916558 0.412509
vt 0.971445 0.391576
vt 0.971307 0.391568
vt 0.971121 0.391591
vt 0.948784 0.405862
vt 0.948755 0.405768
vt 0.948720 0.405677
vt 0.956090 0.383398
vt 0.956035 0.383507
vt 0.955948 0.383621
vt 0.932653 0.409553
vt 0.932701 0.409439
vt 0.932779 0.409320
vt 0.993470 0.373241
vt 0.993188 0.376653
vt 0.834908 0.035173
vt 0.834624 0.036311
vt 0.834881 0.035165
vt 0.834650 0.036325
vt 0.702234 0.379854
vt 0.732675 0.084597
vt 0.732676 0.084582
vt 0.701617 0.382149
vt 0.732010 0.083917
vt 0.740798 0.411362
vt 0.739299 0.067941
vt 0.739264 0.068020
vt 0.743228 0.413566
vt 0.739335 0.067862
vt 0.729189 0.060341
vt 0.834398 0.037442
vt 0.738177 0.068724
vt 0.812414 0.425085
vt 0.795635 0.391857
vt 0.783439 0.012334
vt 0.779714 0.018460
vt 0.777745 0.014103
vt 0.872511 0.383383
vt 0.856995 0.381377
vt 0.872303 0.380324
vt 0.774085 0.020531
vt 0.770466 0.027313
vt 0.768547 0.022908
vt 0.823806 0.352719
vt 0.809102 0.355386
vt 0.809012 0.352353
vt 0.758027 0.028447
vt 0.751418 0.027009
vt 0.756177 0.024041
vt 0.887739 0.381837
vt 0.887510 0.378775
vt 0.886287 0.349311
vt 0.902997 0.349788
vt 0.886559 0.352316
vt 0.854958 0.352087
vt 0.839369 0.355674
vt 0.839218 0.352649
vt 0.761279 0.021187
vt 0.766638 0.018528
vt 0.765045 0.029995
vt 0.763159 0.025578
vt 0.794731 0.354563
vt 0.794683 0.351528
vt 0.784792 0.382543
vt 0.798448 0.380731
vt 0.798556 0.383795
vt 0.812482 0.384614
vt 0.826716 0.381947
vt 0.826863 0.385009
vt 0.779844 0.353167
vt 0.779850 0.350141
vt 0.760641 0.350855
vt 0.760686 0.347873
vt 0.756446 0.378609
vt 0.770784 0.377733
vt 0.770849 0.380829
vt 0.753240 0.031427
vt 0.746961 0.030120
vt 0.734390 0.347731
vt 0.734393 0.344772
vt 0.703879 0.345184
vt 0.703438 0.341964
vt 0.741627 0.375917
vt 0.756407 0.375491
vt 0.744399 0.037963
vt 0.738609 0.037038
vt 0.742725 0.033434
vt 0.902925 0.379810
vt 0.902667 0.376740
vt 0.918532 0.377181
vt 0.918229 0.374096
vt 0.924815 0.342156
vt 0.956513 0.338412
vt 0.925169 0.345047
vt 0.776036 0.024922
vt 0.934912 0.373679
vt 0.934532 0.370608
vt 0.951432 0.369174
vt 0.950773 0.366329
vt 0.956411 0.335528
vt 0.991508 0.334423
vt 0.792929 0.015022
vt 0.787818 0.020993
vt 0.785621 0.016660
vt 0.856808 0.378328
vt 0.872095 0.377270
vt 0.825331 0.368913
vt 0.812181 0.378093
vt 0.810736 0.368545
vt 0.823929 0.355747
vt 0.809194 0.358426
vt 0.794830 0.358019
vt 0.782268 0.366394
vt 0.779899 0.356614
vt 0.887281 0.375717
vt 0.902409 0.373676
vt 0.855143 0.355111
vt 0.871140 0.357020
vt 0.855328 0.358138
vt 0.839522 0.358705
vt 0.870916 0.353995
vt 0.886833 0.355331
vt 0.841691 0.381905
vt 0.812354 0.381553
vt 0.826570 0.378890
vt 0.812227 0.378497
vt 0.779835 0.356206
vt 0.809240 0.358834
vt 0.796591 0.367733
vt 0.784705 0.379468
vt 0.798342 0.377671
vt 0.784622 0.376396
vt 0.734374 0.350662
vt 0.765701 0.364294
vt 0.760716 0.354248
vt 0.770724 0.374642
vt 0.741791 0.372859
vt 0.756377 0.372400
vt 0.704724 0.348545
vt 0.887265 0.375313
vt 0.871620 0.367224
vt 0.887054 0.365605
vt 0.903335 0.352767
vt 0.925538 0.347932
vt 0.917925 0.371022
vt 0.934165 0.367578
vt 0.902856 0.363310
vt 0.917999 0.370602
vt 0.902409 0.373269
vt 0.956660 0.341299
vt 0.988495 0.335857
vt 0.950142 0.363542
vt 0.870692 0.350978
vt 0.974156 0.352925
vt 0.972574 0.350897
vt 0.971036 0.348840
vt 0.871163 0.357428
vt 0.886853 0.355738
vt 0.824052 0.358782
vt 0.855357 0.358545
vt 0.802525 0.013423
vt 0.796454 0.019223
vt 0.772146 0.016164
vt 0.925457 0.348337
vt 0.945469 0.353860
vt 0.921699 0.359486
vt 0.720646 0.364437
vt 0.702042 0.350798
vt 0.721730 0.361963
vt 0.704676 0.348740
vt 0.722800 0.359495
vt 0.798289 0.377265
vt 0.841857 0.384965
vt 0.872073 0.376867
vt 0.856077 0.368314
vt 0.841525 0.378849
vt 0.813235 0.011836
vt 0.809204 0.017318
vt 0.802263 0.008353
vt 0.795812 0.009508
vt 0.950010 0.363201
vt 0.934386 0.367129
vt 0.956421 0.341683
vt 0.970499 0.348868
vt 0.739580 0.042208
vt 0.734528 0.040982
vt 0.755067 0.035872
vt 0.748756 0.034549
vt 0.794779 0.357609
vt 0.756092 0.371950
vt 0.745367 0.361372
vt 0.759883 0.032878
vt 0.750554 0.039003
vt 0.840538 0.368855
vt 0.839556 0.359112
vt 0.902669 0.346821
vt 0.903338 0.353172
vt 0.733836 0.047681
vt 0.730615 0.044977
vt 0.733205 0.054328
vt 0.727708 0.053653
vt 0.734658 0.351065
vt 0.723412 0.359445
vt 0.705583 0.348947
vt 0.742058 0.369472
vt 0.991592 0.334679
vt 0.995286 0.332667
vt 0.789412 0.010819
vt 0.988550 0.336027
vt 0.770592 0.374221
vt 0.857182 0.384435
vt 0.824093 0.359189
vt 0.784554 0.375987
vt 0.746071 0.042508
vt 0.760587 0.353841
vt 0.741951 0.369852
vt 0.826530 0.378487
vt 0.841491 0.378446
vt 0.856780 0.377925
vt 0.781699 0.022838
vt 0.740556 0.047377
vt 0.724716 0.062395
vt 0.724751 0.062379
vt 0.724720 0.062426
vt 0.724750 0.062329
vt 0.724788 0.062335
vt 0.724756 0.062405
vt 0.724783 0.062367
vt 0.724893 0.062233
vt 0.724863 0.062215
vt 0.724913 0.062173
vt 0.724862 0.062300
vt 0.724836 0.062287
vt 0.724808 0.062269
vt 0.724811 0.062348
vt 0.724774 0.062430
vt 0.724781 0.062396
vt 0.724825 0.062373
vt 0.724746 0.062442
vt 0.824352 0.015274
vt 0.824319 0.015291
vt 0.824279 0.015264
vt 0.824383 0.015305
vt 0.824338 0.015308
vt 0.824260 0.015295
vt 0.824190 0.015269
vt 0.824289 0.015309
vt 0.995125 0.332415
vt 0.995084 0.332346
vt 0.995220 0.332468
vt 0.824269 0.015341
vt 0.824256 0.015319
vt 0.824316 0.015323
vt 0.824373 0.015317
vt 0.824104 0.015281
vt 0.824100 0.015316
vt 0.824034 0.015295
vt 0.824187 0.015304
vt 0.824182 0.015332
vt 0.704819 0.348732
vt 0.704913 0.348803
vt 0.704602 0.348618
vt 0.704768 0.348679
vt 0.704990 0.348775
vt 0.705143 0.348861
vt 0.704916 0.348727
vt 0.704844 0.348655
vt 0.704639 0.348583
vt 0.704970 0.348642
vt 0.705010 0.348728
vt 0.705374 0.348916
vt 0.705407 0.348848
vt 0.705180 0.348812
vt 0.705194 0.348745
vt 0.988406 0.336040
vt 0.988577 0.335957
vt 0.988324 0.336112
vt 0.988249 0.336100
vt 0.988451 0.335986
vt 0.988314 0.336049
vt 0.987881 0.336211
vt 0.987914 0.336264
vt 0.987733 0.336313
vt 0.988064 0.336098
vt 0.988080 0.336155
vt 0.988117 0.336190
vt 0.988229 0.336062
vt 0.988378 0.335974
vt 0.988262 0.335978
vt 0.988580 0.335924
vt 0.761267 0.021157
vt 0.766625 0.018499
vt 0.857192 0.384654
vt 0.841860 0.385114
vt 0.857190 0.384584
vt 0.841860 0.385046
vt 0.857187 0.384516
vt 0.756164 0.024012
vt 0.841857 0.385183
vt 0.826861 0.385158
vt 0.826864 0.385089
vt 0.770480 0.027343
vt 0.776049 0.024952
vt 0.770491 0.027369
vt 0.776061 0.024978
vt 0.770503 0.027395
vt 0.854953 0.352004
vt 0.781712 0.022868
vt 0.781724 0.022894
vt 0.776072 0.025005
vt 0.870686 0.350895
vt 0.777732 0.014074
vt 0.872531 0.383600
vt 0.887756 0.381986
vt 0.887769 0.382053
vt 0.872523 0.383531
vt 0.887746 0.381918
vt 0.772133 0.016135
vt 0.872517 0.383463
vt 0.765058 0.030026
vt 0.759895 0.032908
vt 0.765069 0.030052
vt 0.759907 0.032934
vt 0.765082 0.030077
vt 0.759920 0.032959
vt 0.839215 0.352565
vt 0.823805 0.352636
vt 0.755079 0.035903
vt 0.750566 0.039034
vt 0.755091 0.035929
vt 0.750578 0.039060
vt 0.755105 0.035954
vt 0.750593 0.039084
vt 0.809013 0.352269
vt 0.794686 0.351445
vt 0.751406 0.026980
vt 0.826853 0.385227
vt 0.812476 0.384764
vt 0.812482 0.384695
vt 0.746949 0.030090
vt 0.812463 0.384832
vt 0.798546 0.383945
vt 0.798555 0.383877
vt 0.742714 0.033403
vt 0.798527 0.384013
vt 0.784775 0.382693
vt 0.784789 0.382625
vt 0.738603 0.037002
vt 0.784749 0.382759
vt 0.770814 0.380976
vt 0.770842 0.380910
vt 0.746083 0.042539
vt 0.740562 0.047413
vt 0.746095 0.042566
vt 0.740570 0.047444
vt 0.746110 0.042590
vt 0.740582 0.047470
vt 0.779856 0.350057
vt 0.760697 0.347791
vt 0.730585 0.044966
vt 0.727656 0.053705
vt 0.730559 0.044963
vt 0.727608 0.053749
vt 0.730532 0.044964
vt 0.720643 0.364529
vt 0.741626 0.376002
vt 0.727566 0.053777
vt 0.700165 0.353071
vt 0.734534 0.040934
vt 0.770768 0.381038
vt 0.756372 0.378748
vt 0.756428 0.378689
vt 0.756284 0.378799
vt 0.741646 0.376072
vt 0.733199 0.054376
vt 0.733196 0.054416
vt 0.733202 0.054449
vt 0.703606 0.341895
vt 0.734412 0.344691
vt 0.787833 0.021022
vt 0.787845 0.021048
vt 0.781734 0.022921
vt 0.886278 0.349228
vt 0.796478 0.019251
vt 0.924763 0.342013
vt 0.902656 0.346740
vt 0.902634 0.346671
vt 0.789389 0.010792
vt 0.902970 0.380025
vt 0.918579 0.377325
vt 0.918624 0.377386
vt 0.902949 0.379959
vt 0.918548 0.377261
vt 0.783425 0.012305
vt 0.902934 0.379891
vt 0.813310 0.011825
vt 0.813376 0.011811
vt 0.995166 0.333036
vt 0.974180 0.353010
vt 0.995235 0.332839
vt 0.802269 0.008321
vt 0.802278 0.008295
vt 0.974157 0.353135
vt 0.951449 0.369253
vt 0.809248 0.017343
vt 0.796497 0.019275
vt 0.956328 0.335389
vt 0.924798 0.342078
vt 0.956388 0.335451
vt 0.809284 0.017365
vt 0.994755 0.332286
vt 0.994960 0.332340
vt 0.935094 0.373861
vt 0.951461 0.369322
vt 0.951451 0.369394
vt 0.935004 0.373814
vt 0.795770 0.009486
vt 0.934941 0.373757
vt 0.856802 0.378232
vt 0.841519 0.378753
vt 0.856795 0.378127
vt 0.841510 0.378648
vt 0.856787 0.378021
vt 0.841500 0.378543
vt 0.826563 0.378794
vt 0.826554 0.378689
vt 0.826542 0.378583
vt 0.871146 0.357117
vt 0.855334 0.358235
vt 0.871153 0.357222
vt 0.855342 0.358340
vt 0.871158 0.357329
vt 0.855349 0.358446
vt 0.886841 0.355427
vt 0.886846 0.355533
vt 0.886850 0.355639
vt 0.872089 0.377175
vt 0.887275 0.375621
vt 0.872083 0.377070
vt 0.887271 0.375516
vt 0.872078 0.376964
vt 0.887267 0.375410
vt 0.824058 0.358879
vt 0.839528 0.358802
vt 0.824068 0.358984
vt 0.839536 0.358907
vt 0.824080 0.359090
vt 0.839546 0.359014
vt 0.794784 0.357707
vt 0.809200 0.358523
vt 0.794796 0.357813
vt 0.809211 0.358629
vt 0.794813 0.357920
vt 0.809225 0.358735
vt 0.812221 0.378401
vt 0.812209 0.378296
vt 0.812195 0.378190
vt 0.798335 0.377575
vt 0.798322 0.377469
vt 0.798306 0.377362
vt 0.784614 0.376299
vt 0.784598 0.376192
vt 0.784577 0.376085
vt 0.770712 0.374543
vt 0.770682 0.374433
vt 0.770639 0.374322
vt 0.760597 0.353937
vt 0.779840 0.356303
vt 0.760625 0.354042
vt 0.779855 0.356409
vt 0.760667 0.354149
vt 0.779876 0.356515
vt 0.722870 0.359438
vt 0.741963 0.369757
vt 0.723007 0.359417
vt 0.741985 0.369654
vt 0.723196 0.359422
vt 0.742018 0.369556
vt 0.756354 0.372299
vt 0.756291 0.372181
vt 0.756199 0.372061
vt 0.734397 0.350757
vt 0.734459 0.350860
vt 0.734551 0.350966
vt 0.903343 0.352862
vt 0.903345 0.352967
vt 0.903343 0.353073
vt 0.925539 0.348026
vt 0.925522 0.348130
vt 0.925493 0.348236
vt 0.902404 0.373580
vt 0.917925 0.370925
vt 0.902403 0.373474
vt 0.917939 0.370815
vt 0.902405 0.373367
vt 0.917966 0.370704
vt 0.970968 0.348801
vt 0.970846 0.348799
vt 0.970683 0.348826
vt 0.950118 0.363456
vt 0.950087 0.363366
vt 0.950050 0.363278
vt 0.956645 0.341384
vt 0.956594 0.341482
vt 0.956514 0.341585
vt 0.934174 0.367480
vt 0.934221 0.367364
vt 0.934296 0.367243
vt 0.991554 0.334498
vt 0.988561 0.335895
vt 0.995232 0.332519
vt 0.991574 0.334587
vt 0.703361 0.341981
vt 0.703759 0.345205
vt 0.703322 0.341994
vt 0.724728 0.062442
vt 0.723422 0.062666
vt 0.723414 0.062651
vt 0.703798 0.345193
vt 0.722038 0.062887
vt 0.704621 0.348668
vt 0.701976 0.350747
vt 0.700086 0.352928
vt 0.824376 0.015291
vt 0.741670 0.376139
vt 0.787855 0.021075
vt 0.995245 0.332569
vt 0.723401 0.062621
vn -0.349600 -0.364700 0.863000
vn -0.473200 -0.353800 0.806800
vn -0.408200 -0.422300 0.809300
vn -0.278600 -0.389400 0.877900
vn -0.339500 -0.487400 0.804500
vn -0.349500 0.875100 -0.334800
vn -0.472800 0.818700 -0.325900
vn -0.403300 0.886700 -0.226000
vn 0.869000 -0.344100 -0.355500
vn 0.812800 -0.467400 -0.347700
vn 0.816400 -0.401500 -0.415000
vn -0.278400 0.891000 -0.358700
vn -0.408000 0.823500 -0.394200
vn -0.462700 0.763800 -0.449900
vn -0.528500 0.737200 -0.420900
vn -0.433000 0.739000 -0.516100
vn 0.755600 -0.455400 -0.470800
vn 0.884600 -0.272700 -0.378200
vn 0.812800 -0.331900 -0.478700
vn -0.528400 -0.445900 0.722400
vn -0.463000 -0.475900 0.747800
vn 0.729900 -0.424500 -0.535800
vn -0.433300 -0.541100 0.720700
vn 0.207600 -0.307300 0.928700
vn -0.072100 -0.184600 0.980200
vn -0.002600 -0.564600 0.825300
vn 0.400200 -0.410400 0.819400
vn 0.427800 -0.006800 0.903800
vn 0.193700 0.082300 0.977600
vn 0.701800 -0.134100 0.699600
vn 0.884500 -0.369300 -0.285000
vn 0.933700 -0.295100 0.202900
vn 0.834900 -0.550200 -0.012100
vn 0.983100 -0.167100 -0.074900
vn 0.903900 0.001300 0.427800
vn 0.826200 -0.403000 0.393700
vn 0.728400 -0.654700 0.201900
vn 0.462400 0.329000 0.823400
vn 0.817500 0.334700 0.468800
vn 0.621900 0.464500 0.630400
vn 0.690700 0.201400 0.694500
vn 0.976100 0.095400 0.195500
vn -0.403700 -0.256100 0.878300
vn -0.296700 0.165300 0.940600
vn -0.564100 0.023600 0.825300
vn -0.211700 -0.077500 0.974300
vn 0.002100 0.427600 0.904000
vn -0.353900 0.295900 0.887200
vn -0.680000 0.225400 0.697600
vn -0.164600 0.685400 0.709300
vn 0.320800 0.808900 0.492700
vn 0.321000 0.464700 0.825300
vn 0.468000 0.614100 0.635500
vn 0.102300 0.965400 0.239800
vn 0.240800 0.674400 0.698000
vn 0.101700 0.206800 0.973100
vn 0.002600 0.888700 0.458500
vn -0.296700 0.934400 0.197000
vn -0.211400 0.976400 -0.044400
vn -0.564000 0.824200 0.051800
vn -0.354800 0.876200 0.326100
vn 0.934200 0.212000 -0.286900
vn 0.983200 -0.069600 -0.168700
vn 0.835200 0.006300 -0.550000
vn 0.827100 0.406300 -0.388400
vn 0.904000 0.427200 0.016800
vn 0.976100 0.191700 0.102700
vn 0.702100 0.703700 -0.109000
vn 0.207800 0.938800 -0.274600
vn -0.002200 0.844400 -0.535800
vn -0.071800 0.985900 -0.151100
vn 0.428100 0.903400 0.024500
vn 0.400300 0.833400 -0.381100
vn 0.213300 0.739300 -0.638700
vn 0.817600 0.456500 0.350900
vn 0.462800 0.811400 0.357000
vn 0.622000 0.613500 0.486600
vn 0.690900 0.686900 0.225400
vn 0.193800 0.974200 0.115700
vn -0.858000 -0.366000 0.360400
vn -0.663300 -0.575800 0.478100
vn -0.738200 -0.201900 0.643600
vn -0.949800 -0.158600 0.269700
vn -0.884700 -0.466100 0.002100
vn -0.746800 -0.654300 0.118800
vn -0.976200 -0.150600 -0.156000
vn -0.857900 0.373000 -0.353500
vn -0.738100 0.650200 -0.179900
vn -0.663100 0.497500 -0.559300
vn -0.884500 0.018700 -0.466100
vn -0.949700 0.275000 -0.149500
vn -0.844700 0.534400 0.029100
vn -0.739100 -0.614700 -0.275500
vn -0.739000 -0.253600 -0.624200
vn -0.670700 -0.515000 -0.533700
vn -0.849900 -0.365800 -0.379400
vn -0.746400 0.141700 -0.650300
vn -0.359500 -0.864300 0.351700
vn -0.190700 -0.749500 0.633900
vn -0.567500 -0.671500 0.476400
vn -0.466100 -0.884700 -0.005100
vn -0.153000 -0.954600 0.255800
vn 0.020000 -0.853600 0.520500
vn -0.153600 -0.973400 -0.170100
vn -0.265000 -0.728200 -0.632100
vn -0.619600 -0.734200 -0.277600
vn -0.524600 -0.661600 -0.535700
vn 0.130000 -0.735500 -0.664900
vn -0.372700 -0.843300 -0.387300
vn -0.652200 -0.748900 0.117000
vn 0.010600 -0.876700 -0.481000
vn 0.729900 -0.521400 -0.442000
vn 0.367100 -0.851500 -0.374300
vn 0.487900 -0.653500 -0.578700
vn 0.646700 -0.735200 -0.202900
vn 0.272600 -0.947000 -0.170000
vn 0.367000 -0.345200 -0.863800
vn 0.646900 -0.178100 -0.741500
vn 0.487800 -0.556300 -0.672700
vn 0.010100 -0.451000 -0.892500
vn 0.272500 -0.137700 -0.952200
vn 0.535200 0.034100 -0.844000
vn -0.153600 -0.136800 -0.978600
vn -0.619600 -0.251600 -0.743500
vn -0.265100 -0.606500 -0.749600
vn -0.524900 -0.512700 -0.679400
vn -0.652100 0.142900 -0.744600
vn -0.372900 -0.357500 -0.856200
vn 0.130200 -0.638900 -0.758200
vn -0.466300 0.025100 -0.884300
vn -0.359700 0.381500 -0.851500
vn -0.567500 0.499000 -0.654900
vn -0.190200 0.659400 -0.727400
vn -0.153600 0.289000 -0.944900
vn -0.156000 -0.173100 0.972500
vn 0.119700 0.102400 0.987500
vn 0.377100 0.362300 0.852400
vn 0.486400 0.473800 0.734100
vn 0.975300 -0.153900 -0.158700
vn 0.985600 0.117300 0.122100
vn 0.845900 0.370300 0.383800
vn 0.725800 0.477800 0.494800
vn 0.377200 0.839300 0.391500
vn 0.119900 0.983300 0.136600
vn -0.155900 0.977900 -0.139400
vn 0.486400 0.717400 0.498800
vn -0.689600 -0.685700 -0.232900
vn -0.697000 -0.699800 0.156800
vn -0.598300 -0.607300 0.522800
vn -0.645900 -0.638800 -0.418000
vn -0.220600 -0.677700 -0.701500
vn 0.169300 -0.684900 -0.708700
vn 0.532800 -0.588200 -0.608300
vn -0.406900 -0.634600 -0.657000
vn -0.597900 0.543700 -0.588900
vn -0.696800 0.181400 -0.694000
vn -0.689700 -0.208600 -0.693500
vn -0.646400 -0.395000 -0.652800
vn -0.532400 0.806900 -0.255800
vn -0.769700 0.616200 0.167100
vn -0.680300 0.689200 0.249600
vn -0.770100 0.146300 0.621000
vn -0.769900 0.615800 0.167600
vn -0.770300 0.146900 0.620600
vn -0.532900 -0.283200 0.797400
vn 0.802400 -0.527400 -0.279400
vn 0.616700 -0.774300 0.141600
vn 0.535000 -0.844800 0.005500
vn 0.154400 -0.782000 0.603900
vn -0.269800 -0.546300 0.792900
vn 0.616000 -0.774700 0.142700
vn 0.155500 -0.782400 0.603100
vn -0.269900 0.811400 -0.518400
vn 0.154700 0.630200 -0.760800
vn 0.020200 0.549300 -0.835400
vn 0.617100 0.167800 -0.768800
vn 0.802400 -0.261500 -0.536400
vn -0.339400 0.820900 -0.459200
vn 0.155800 0.629500 -0.761200
vn 0.616300 0.168900 -0.769200
vn 0.212200 -0.663300 0.717600
vn 0.728300 0.223900 -0.647700
vn -0.844600 0.011000 0.535300
vn -0.535500 -0.447600 0.716200
vn -0.414600 -0.418900 0.807900
vn -0.482700 -0.486300 0.728400
vn -0.495100 -0.602900 -0.625600
vn -0.575900 -0.566800 -0.589100
vn -0.577900 -0.566200 -0.587800
vn 0.404300 -0.824800 0.395300
vn 0.459400 -0.762100 0.456400
vn 0.431800 -0.794900 0.426200
vn 0.413800 -0.822500 0.390100
vn 0.304400 -0.884500 0.353500
vn 0.355600 -0.874100 0.330800
vn -0.572700 -0.568400 -0.590700
vn -0.504100 -0.687600 -0.522700
vn -0.574600 -0.565700 -0.591400
vn 0.433400 -0.702300 0.564700
vn 0.368700 -0.756100 0.540700
vn -0.805400 0.475400 0.354100
vn -0.809400 0.409400 0.421100
vn -0.805400 0.475300 0.354100
vn 0.438900 -0.788100 0.431500
vn 0.451100 -0.781300 0.431400
vn 0.438700 -0.788300 0.431500
vn -0.649000 -0.527400 -0.548300
vn -0.575100 -0.564900 -0.591700
vn -0.490600 -0.707300 -0.508900
vn -0.570600 -0.733600 -0.369200
vn -0.568400 -0.566500 -0.596600
vn -0.570500 -0.565000 -0.596100
vn -0.506100 -0.681500 -0.528600
vn -0.804700 0.414100 0.425400
vn -0.794400 0.424100 0.434900
vn -0.804800 0.414000 0.425300
vn 0.410100 -0.822600 0.393900
vn 0.548000 -0.737500 0.394900
vn 0.450800 -0.780800 0.432700
vn -0.575800 -0.566400 -0.589500
vn -0.558100 -0.332800 -0.760100
vn -0.572300 -0.562900 -0.596300
vn 0.438900 -0.704100 0.558300
vn 0.543600 -0.739100 0.397800
vn -0.612600 -0.479800 -0.628100
vn -0.574700 -0.565200 -0.591800
vn -0.858900 0.351100 0.372900
vn -0.815600 0.338400 0.469400
vn -0.867200 0.300600 0.396900
vn 0.419100 0.425200 -0.802200
vn 0.534300 0.406200 -0.741300
vn 0.522100 0.394800 -0.756000
vn -0.514300 0.750000 -0.416000
vn -0.408800 0.822600 -0.395100
vn -0.463200 0.819000 -0.338700
vn 0.758500 -0.452900 -0.468600
vn 0.817000 -0.342900 -0.463600
vn 0.745100 -0.420300 -0.517800
vn 0.370900 0.344100 -0.862600
vn 0.374600 0.458500 -0.805900
vn 0.315900 0.374800 -0.871600
vn -0.862200 0.414700 0.291000
vn -0.867400 0.347400 0.356300
vn -0.808800 0.410000 0.421600
vn -0.673500 -0.515200 -0.530100
vn -0.462000 0.764200 -0.450100
vn -0.351200 0.821600 -0.449100
vn 0.294100 0.457800 -0.839000
vn 0.436600 0.441700 -0.783700
vn -0.509100 -0.678400 -0.529600
vn -0.358100 -0.473000 0.805000
vn -0.443700 -0.539900 0.715300
vn 0.745500 -0.505500 -0.434400
vn 0.818800 -0.399000 -0.412800
vn -0.866900 0.347700 0.357100
vn -0.575000 -0.565600 -0.591200
vn -0.645200 -0.528700 -0.551500
vn -0.531900 -0.607300 -0.590100
vn -0.519800 -0.664300 -0.537200
vn 0.394800 -0.871600 0.290700
vn 0.467200 -0.818500 0.334300
vn -0.866600 0.348100 0.357500
vn 0.399000 0.290200 -0.869800
vn 0.430600 0.402600 -0.807800
vn -0.570000 -0.564500 -0.597000
vn -0.650000 -0.527100 -0.547400
vn -0.649400 -0.527600 -0.547700
vn 0.344900 0.483500 -0.804500
vn 0.436800 0.441300 -0.783900
vn -0.578200 -0.566100 -0.587600
vn -0.866200 0.349300 0.357300
vn -0.794400 0.424200 0.434700
vn -0.531200 -0.523900 -0.665800
vn -0.868800 0.377900 0.319800
vn -0.818800 0.394300 0.417400
vn -0.643000 -0.528200 -0.554600
vn -0.859900 0.357900 0.363800
vn -0.760800 0.383100 0.523900
vn 0.458700 -0.762400 0.456600
vn -0.763300 0.390200 0.514900
vn -0.442000 -0.520600 0.730500
vn -0.881800 0.285200 0.375700
vn -0.816600 0.449600 0.361900
vn -0.871100 0.336500 0.357800
vn 0.320400 0.371400 -0.871400
vn 0.740000 -0.432600 -0.515000
vn 0.816300 -0.453300 -0.358000
vn -0.617200 -0.520100 -0.590400
vn -0.573000 -0.526400 -0.628200
vn 0.369100 -0.863200 0.344400
vn 0.357800 -0.821200 0.444600
vn -0.463000 0.763000 -0.451000
vn -0.511400 0.746500 -0.425800
vn -0.434500 0.749100 -0.500000
vn 0.482100 0.347100 -0.804400
vn 0.372100 0.345200 -0.861600
vn -0.581700 -0.587800 -0.562200
vn 0.526800 0.412500 -0.743200
vn -0.532900 -0.565800 -0.629200
vn 0.376200 -0.883400 0.279300
vn -0.600600 -0.595500 -0.533500
vn -0.592900 -0.578000 -0.560700
vn -0.467700 -0.363100 0.805900
vn -0.468900 -0.472700 0.746100
vn -0.688400 -0.604100 0.401400
vn -0.679900 -0.318000 0.660800
vn -0.774600 -0.631900 -0.027000
vn -0.804100 -0.472800 0.360400
vn -0.817300 -0.155700 0.554800
vn -0.787900 -0.562000 0.251900
vn -0.858700 -0.400600 0.319600
vn -0.717800 -0.561100 -0.412200
vn -0.667700 -0.651200 -0.360800
vn -0.664900 -0.731700 -0.150000
vn -0.703700 -0.664300 -0.251800
vn -0.701400 -0.712700 0.005700
vn -0.845800 -0.531200 0.050100
vn -0.890300 0.076300 0.448900
vn -0.971800 0.073000 0.224000
vn -0.943300 -0.262900 0.202700
vn -0.972700 -0.230800 0.022500
vn 0.087100 -0.976800 0.195800
vn 0.091900 -0.898700 0.428800
vn 0.318100 -0.873100 0.369600
vn -0.718900 -0.680000 -0.143900
vn -0.250900 -0.950200 0.184900
vn -0.221000 -0.975300 0.000500
vn -0.144900 -0.827700 0.542200
vn -0.696300 -0.717700 0.007200
vn -0.390400 -0.867900 0.307200
vn -0.651900 -0.664900 -0.364700
vn -0.560500 -0.714900 -0.418100
vn -0.630600 -0.775400 -0.033800
vn -0.659100 -0.707400 -0.255300
vn -0.523700 -0.851000 0.039100
vn -0.312600 -0.688400 0.654500
vn -0.602700 -0.691300 0.398500
vn -0.469300 -0.811000 0.349400
vn -0.547800 -0.799700 0.245600
vn -0.563700 0.480100 -0.672100
vn -0.308100 0.674900 -0.670500
vn -0.429400 0.750900 -0.501800
vn -0.570400 0.019900 -0.821100
vn -0.419000 0.364300 -0.831700
vn -0.114800 0.568800 -0.814400
vn -0.316800 0.237300 -0.918300
vn -0.259600 0.349300 -0.900300
vn -0.496600 -0.388400 -0.776200
vn -0.596200 -0.339100 -0.727700
vn -0.324100 -0.104200 -0.940300
vn -0.509700 -0.236200 -0.827300
vn -0.439100 0.059700 -0.896400
vn -0.378500 0.021600 -0.925300
vn 0.116000 0.464600 -0.877900
vn 0.066500 0.154900 -0.985700
vn -0.153000 0.234400 -0.960000
vn 0.745300 0.126100 -0.654800
vn 0.499800 0.328500 -0.801400
vn 0.844900 -0.031900 -0.533900
vn 0.695300 0.098500 -0.712000
vn 0.433000 0.234100 -0.870400
vn 0.740600 -0.080500 -0.667100
vn 0.599000 -0.189200 -0.778100
vn 0.411100 -0.892700 0.184400
vn 0.740900 -0.663200 0.105700
vn 0.508100 -0.782000 0.360900
vn 0.181000 -0.982100 -0.051500
vn 0.663300 -0.748300 -0.008200
vn 0.845600 -0.530300 -0.061200
vn 0.733100 -0.649300 -0.202600
vn 0.730400 -0.678100 -0.082000
vn 0.347900 -0.528500 -0.774400
vn 0.376800 -0.596100 -0.709000
vn -0.041600 -0.876000 -0.480500
vn 0.400900 -0.102400 -0.910400
vn 0.511600 -0.800300 -0.312600
vn 0.500300 -0.551900 -0.667200
vn 0.039800 -0.828400 0.558700
vn 0.295000 -0.843200 0.449300
vn 0.112400 -0.668000 0.735600
vn -0.100500 -0.762400 0.639200
vn 0.022600 -0.860900 0.508300
vn 0.071800 -0.957500 0.279200
vn -0.177300 -0.821100 0.542600
vn -0.841800 0.285000 0.458300
vn -0.875400 -0.135700 0.463900
vn -0.735900 0.036800 0.676100
vn -0.968000 -0.237200 -0.082200
vn -0.966600 0.046000 0.252100
vn -0.611200 -0.118600 0.782500
vn -0.797100 -0.380000 0.469200
vn -0.819200 -0.221400 0.529100
vn -0.263900 -0.964500 -0.009900
vn -0.803100 -0.530300 -0.271500
vn -0.633000 -0.771600 -0.062900
vn -0.530500 -0.847300 0.024700
vn -0.760300 -0.643800 -0.086200
vn -0.793500 0.608500 -0.007000
vn -0.970500 0.232200 0.065600
vn -0.686700 0.702000 -0.188900
vn -0.884400 0.429300 -0.183300
vn -0.863600 0.145000 -0.482900
vn -0.969000 -0.069700 -0.236900
vn -0.739300 0.298000 -0.603900
vn -0.025000 0.468600 -0.883100
vn 0.021000 0.633500 -0.773500
vn 0.221800 0.384500 -0.896100
vn -0.294800 0.246000 -0.923300
vn -0.170800 0.541400 -0.823300
vn -0.177800 0.755000 -0.631100
vn -0.225600 0.460100 -0.858700
vn -0.806500 -0.220200 -0.548700
vn -0.263700 0.012300 -0.964500
vn -0.618500 -0.014900 -0.785700
vn 0.031000 0.244900 -0.969100
vn 0.173500 0.049300 -0.983600
vn 0.478500 0.097700 -0.872600
vn -0.097700 -0.330600 -0.938700
vn 0.246400 -0.163600 -0.955300
vn 0.572900 -0.121200 -0.810600
vn 0.251600 -0.283700 -0.925300
vn 0.343300 -0.262600 -0.901800
vn -0.347000 -0.591700 -0.727700
vn -0.392400 -0.497200 -0.773900
vn 0.017300 -0.567200 -0.823400
vn -0.236500 -0.513100 -0.825100
vn 0.043900 -0.385800 -0.921500
vn 0.062100 -0.444700 -0.893500
vn 0.672400 -0.302800 -0.675500
vn 0.471500 -0.556500 -0.684100
vn 0.364800 -0.421600 -0.830200
vn 0.468700 -0.879600 0.081100
vn 0.209400 -0.976500 0.051900
vn 0.575200 -0.805700 -0.141800
vn 0.251700 -0.945700 -0.205400
vn -0.058600 -0.923900 -0.378100
vn 0.370100 -0.867600 -0.332100
vn 0.105700 -0.828100 -0.550600
vn 0.481700 -0.659800 -0.576800
vn 0.679100 -0.663700 -0.313700
vn 0.062500 -0.787500 -0.613100
vn 0.399100 -0.803700 -0.441300
vn 0.321900 -0.839800 -0.437100
vn -0.364500 -0.756700 -0.542700
vn -0.307800 -0.698200 -0.646400
vn -0.186000 -0.777400 -0.600800
vn 0.096900 -0.879500 -0.466000
vn -0.673100 0.679700 -0.291700
vn -0.670000 0.490000 -0.557800
vn -0.813200 0.570200 -0.116500
vn -0.813800 0.401200 -0.420400
vn -0.797400 0.071200 -0.599200
vn -0.848500 0.324200 -0.418200
vn -0.888200 0.099500 -0.448600
vn -0.976600 0.199700 0.079900
vn -0.882900 0.456800 0.108900
vn -0.931400 -0.058800 -0.359300
vn -0.951800 0.246300 -0.182700
vn -0.836400 0.110300 -0.536900
vn -0.876600 0.368200 -0.310000
vn -0.705800 -0.299800 -0.641900
vn -0.763900 -0.360900 -0.534900
vn -0.785800 -0.179400 -0.591900
vn -0.642600 0.519100 -0.563600
vn -0.633200 0.722200 -0.278400
vn -0.731700 0.185600 -0.655900
vn -0.757000 0.507600 -0.411500
vn -0.769000 0.637100 -0.051900
vn -0.828200 0.230300 -0.511000
vn -0.865700 0.461800 -0.192900
vn -0.732900 -0.376600 -0.566600
vn -0.874300 -0.075200 -0.479600
vn -0.740500 -0.184500 -0.646200
vn -0.856500 -0.306300 -0.415500
vn -0.969800 0.082000 -0.229800
vn -0.908500 0.279000 -0.311000
vn -0.856700 0.488600 0.165200
vn -0.980400 0.165600 0.106900
vn -0.881000 0.359900 0.307200
vn -0.952800 0.302600 -0.022700
vn -0.985000 -0.079900 -0.152700
vn -0.281000 0.728700 -0.624500
vn -0.565200 0.524400 -0.636800
vn -0.049400 0.648200 -0.759800
vn -0.408400 0.516700 -0.752500
vn -0.651000 0.191800 -0.734400
vn -0.185700 0.474700 -0.860300
vn -0.503200 0.240000 -0.830200
vn 0.123600 0.179700 -0.975900
vn 0.172700 0.501400 -0.847800
vn -0.134900 -0.066600 -0.988600
vn -0.010800 0.317800 -0.948100
vn -0.215600 0.096000 -0.971700
vn -0.552900 -0.368500 -0.747300
vn -0.466600 -0.064000 -0.882100
vn -0.399000 -0.295000 -0.868200
vn -0.635400 -0.176600 -0.751700
vn -0.301100 0.291400 -0.908000
vn 0.178600 -0.980600 0.080500
vn 0.499400 -0.855300 0.138100
vn -0.070600 -0.982500 -0.172200
vn 0.310400 -0.949400 -0.048200
vn 0.641900 -0.762800 -0.078300
vn 0.087800 -0.964300 -0.250000
vn 0.463800 -0.858500 -0.218600
vn -0.377200 -0.727800 -0.572800
vn -0.074400 -0.866500 -0.493600
vn -0.303000 -0.852300 -0.426400
vn -0.187900 -0.732000 -0.654900
vn 0.228200 -0.817300 -0.529100
vn 0.280500 -0.900200 -0.333000
vn 0.721200 -0.623200 -0.302300
vn 0.512500 -0.631400 -0.581900
vn 0.741600 -0.501300 -0.445700
vn 0.504900 -0.746100 -0.434100
vn 0.180500 -0.720400 -0.669700
vn 0.157700 -0.862900 0.480200
vn 0.108300 -0.981800 0.156100
vn -0.063300 -0.777300 0.626000
vn -0.025200 -0.956400 0.291000
vn -0.146600 -0.984800 -0.093300
vn -0.199700 -0.871900 0.447100
vn -0.227500 -0.971500 0.067100
vn -0.573300 -0.649600 0.499300
vn -0.292500 -0.642700 0.708100
vn -0.657500 -0.735300 0.164300
vn -0.420100 -0.763800 0.490100
vn -0.512800 -0.832300 0.210700
vn -0.556200 -0.731700 -0.394000
vn -0.474400 -0.875300 -0.093400
vn -0.639300 -0.741300 -0.204200
vn -0.405800 -0.855200 -0.322300
vn -0.313100 -0.912900 0.261700
vn -0.634500 -0.304200 0.710500
vn -0.646500 -0.578700 0.497000
vn -0.515900 -0.449500 0.729200
vn -0.769000 -0.077900 0.634500
vn -0.757700 -0.430000 0.491000
vn -0.734100 -0.658800 0.165000
vn -0.865200 -0.212900 0.454100
vn -0.827700 -0.518400 0.214700
vn -0.980300 0.091200 0.175400
vn -0.856900 0.141200 0.495700
vn -0.984800 -0.156000 -0.076300
vn -0.951900 -0.039800 0.303800
vn -0.968400 -0.236400 0.079200
vn -0.736500 -0.554700 -0.387000
vn -0.874300 -0.477900 -0.085300
vn -0.858200 -0.407900 -0.311600
vn -0.743000 -0.638500 -0.200500
vn -0.907200 -0.322800 0.269800
vn 0.507100 0.155400 -0.847700
vn 0.188700 0.100800 -0.976800
vn 0.388500 0.295200 -0.872900
vn 0.645300 -0.062200 -0.761400
vn 0.315700 -0.027300 -0.948500
vn -0.062200 -0.147200 -0.987100
vn 0.465900 -0.198700 -0.862200
vn 0.092400 -0.224900 -0.970000
vn 0.510100 -0.562900 -0.650400
vn 0.720800 -0.288100 -0.630500
vn 0.179000 -0.645600 -0.742400
vn 0.503400 -0.415200 -0.757800
vn 0.228100 -0.505100 -0.832400
vn -0.374600 -0.547800 -0.748100
vn -0.072000 -0.467200 -0.881200
vn -0.188000 -0.629500 -0.753900
vn -0.298700 -0.400400 -0.866300
vn 0.283300 -0.309200 -0.907800
vn 0.280200 -0.921900 0.267500
vn 0.129100 -0.984900 0.115200
vn 0.056800 -0.997600 0.039700
vn 0.004000 -0.999900 -0.012000
vn -0.075200 -0.992700 -0.094200
vn -0.422200 -0.791300 -0.442300
vn 0.328700 -0.888800 0.319400
vn -0.389800 -0.825300 -0.408600
vn -0.978000 0.146400 0.148400
vn -0.978500 0.144700 0.146900
vn -0.980800 -0.133900 -0.141600
vn -0.980300 -0.135700 -0.143400
vn -0.834800 -0.381500 -0.397000
vn -0.834200 -0.381900 -0.397800
vn 0.358700 0.365600 -0.858900
vn 0.238200 0.245900 -0.939600
vn -0.245900 -0.237400 -0.939800
vn 0.158700 0.167000 -0.973100
vn -0.131600 -0.122400 -0.983700
vn -0.245800 -0.237400 -0.939800
vn 0.759700 0.156100 -0.631300
vn 0.865000 -0.040500 -0.500100
vn 0.870800 -0.488500 -0.054900
vn 0.769500 -0.622600 0.142600
vn 0.749400 0.171000 -0.639700
vn 0.864900 -0.040400 -0.500200
vn 0.872100 -0.485800 -0.058700
vn 0.764400 -0.627000 0.150000
vn -0.606600 0.783000 -0.137200
vn -0.146100 0.786100 -0.600500
vn 0.274000 0.545000 -0.792400
vn -0.794200 0.537400 0.283700
vn -0.794200 0.537200 0.283900
vn -0.607100 0.782800 -0.136400
vn -0.606400 0.783200 -0.137800
vn -0.145700 0.785500 -0.601400
vn 0.274900 0.544300 -0.792600
vn 0.176100 -0.595500 0.783800
vn -0.073300 -0.515700 0.853700
vn -0.496800 -0.043200 0.866800
vn -0.638200 0.144500 0.756200
vn 0.185000 -0.600400 0.778000
vn -0.029000 -0.468800 0.882800
vn -0.028000 -0.469100 0.882700
vn -0.496000 -0.044000 0.867200
vn -0.650300 0.163200 0.742000
vn -0.687600 -0.199800 -0.698000
vn -0.693000 0.191400 -0.695100
vn -0.594300 0.548700 -0.588000
vn -0.318500 -0.884400 -0.341000
vn -0.031000 -0.997900 -0.057600
vn 0.215800 -0.957900 0.189300
vn -0.116800 -0.983000 -0.142000
vn -0.673200 -0.669200 -0.314600
vn -0.707400 -0.705800 0.038000
vn -0.632500 -0.633800 0.445200
vn -0.981100 0.139500 0.134400
vn -0.974100 -0.151700 -0.167900
vn -0.821100 -0.391500 -0.415300
vn -0.981000 0.137700 0.136900
vn -0.976400 -0.147000 -0.158100
vn -0.825900 -0.389000 -0.408100
vn -0.979500 0.141700 0.143000
vn -0.979000 -0.139700 -0.148400
vn -0.831700 -0.384200 -0.400900
vn -0.370500 -0.371700 -0.851200
vn -0.108600 -0.121100 -0.986700
vn 0.173100 0.151200 -0.973200
vn -0.220700 -0.677000 -0.702100
vn 0.170800 -0.684100 -0.709100
vn 0.536000 -0.586400 -0.607300
vn 0.271600 -0.928600 0.252900
vn 0.030600 -0.999500 0.008000
vn -0.281500 -0.909800 -0.304900
vn -0.893400 -0.316200 -0.319200
vn -0.986400 -0.118900 -0.113600
vn -0.999100 -0.034200 -0.025500
vn -0.953700 0.203900 0.221100
vn -0.597100 0.542500 -0.591000
vn -0.694400 0.179700 -0.696800
vn -0.686000 -0.210200 -0.696500
vn -0.642000 -0.396900 -0.656000
vn 0.162300 -0.977400 0.135600
vn -0.114300 -0.983500 -0.139900
vn -0.373500 -0.839700 -0.394200
vn -0.483800 -0.717600 -0.501000
vn -0.602800 -0.604600 0.520600
vn -0.699100 -0.698200 0.154600
vn -0.689100 -0.685700 -0.234700
vn -0.643900 -0.639800 -0.419500
vn 0.177200 0.155200 -0.971900
vn -0.102800 -0.115500 -0.988000
vn -0.367400 -0.368700 -0.853800
vn -0.481100 -0.476700 -0.735700
vn 0.536600 -0.586200 -0.607000
vn 0.173100 -0.683900 -0.708700
vn -0.217000 -0.677700 -0.702600
vn -0.403300 -0.635200 -0.658700
vn -0.976200 0.145600 0.160900
vn -0.984800 -0.125300 -0.120100
vn -0.843600 -0.376800 -0.382600
vn -0.722900 -0.483100 -0.494100
vn 0.593600 -0.784500 0.179700
vn 0.711100 -0.703000 -0.011400
vn 0.787400 -0.581600 -0.204200
vn 0.603900 0.193500 -0.773200
vn 0.716500 0.003300 -0.697600
vn 0.789400 -0.187200 -0.584700
vn 0.214900 0.591600 -0.777100
vn 0.013500 0.714500 -0.699500
vn -0.188500 0.793200 -0.579100
vn -0.787000 0.581000 0.207700
vn -0.709100 0.705000 0.014100
vn -0.590000 0.786600 -0.182000
vn -0.592300 -0.207300 0.778600
vn -0.708200 -0.013100 0.705900
vn -0.784700 0.181400 0.592700
vn -0.198900 -0.600600 0.774400
vn 0.000500 -0.718500 0.695500
vn 0.199100 -0.793900 0.574600
vn 0.346100 0.482100 -0.804800
vn 0.757000 0.030600 -0.652700
vn -0.906700 -0.196200 0.373500
vn -0.628300 -0.761800 0.157700
vn -0.840300 0.473500 -0.263900
vn -0.131500 -0.122200 -0.983800
vn -0.607100 0.782800 -0.136300
vn -0.145800 0.785600 -0.601300
vn 0.995100 -0.055900 -0.082000
vn 1.000000 -0.003700 0.000100
vn 0.995100 -0.060300 -0.078400
vn -0.355100 -0.591400 -0.724000
vn -0.446300 -0.606600 -0.657900
vn -0.446000 -0.566000 -0.693400
vn 0.995800 0.060000 0.069200
vn -0.268800 0.731200 0.627000
vn -0.361100 0.740500 0.566800
vn -0.267100 0.765200 0.585800
vn 0.995000 -0.080700 -0.058800
vn 0.995000 -0.077800 -0.063100
vn -0.354700 -0.548100 -0.757500
vn -0.444400 -0.524700 -0.726100
vn -0.271300 0.559500 0.783200
vn -0.362500 0.478500 0.799800
vn -0.366000 0.541400 0.756900
vn -0.272400 0.653800 0.706000
vn -0.366200 0.672000 0.643600
vn -0.271500 0.694900 0.665900
vn 0.995100 -0.073200 -0.066700
vn 0.995000 -0.069600 -0.071300
vn 0.995700 0.064600 0.065700
vn -0.356600 0.775400 0.521200
vn -0.262400 0.801000 0.538100
vn -0.340600 -0.808100 -0.480600
vn -0.435600 -0.744700 -0.505600
vn -0.345000 -0.776400 -0.527400
vn -0.349800 -0.742500 -0.571200
vn -0.443400 -0.678600 -0.585600
vn -0.353400 -0.708300 -0.611100
vn -0.350400 0.810100 0.470100
vn -0.257200 0.836000 0.484600
vn -0.344700 0.834900 0.429100
vn -0.253000 0.860700 0.441800
vn -0.332700 -0.852100 -0.404100
vn -0.423000 -0.803400 -0.419100
vn -0.335000 -0.835100 -0.436400
vn 0.994900 -0.085200 -0.054500
vn -0.341700 0.845700 0.409800
vn -0.250800 0.871300 0.421800
vn -0.355600 0.780700 0.513900
vn -0.046300 0.772000 0.633900
vn -0.274500 -0.941400 -0.196100
vn -0.417700 -0.821300 -0.388700
vn 0.994400 -0.094600 -0.046300
vn 0.994700 -0.089700 -0.050100
vn -0.351800 -0.504200 -0.788700
vn -0.441600 -0.482600 -0.756400
vn -0.349800 -0.461700 -0.815200
vn -0.438000 -0.442300 -0.782700
vn -0.264600 0.430800 0.862800
vn -0.354100 0.387500 0.851100
vn -0.357400 0.418300 0.835000
vn 0.995700 0.056200 0.073100
vn -0.348900 -0.431700 -0.831800
vn -0.434900 -0.413800 -0.799800
vn -0.299700 -0.205100 -0.931700
vn -0.395800 -0.205100 -0.895100
vn -0.263500 0.398800 0.878400
vn -0.357600 0.421000 0.833600
vn 0.995700 0.045300 0.080900
vn -0.517600 -0.579900 -0.629200
vn -0.517700 -0.540800 -0.663000
vn -1.000000 0.003700 -0.000100
vn -0.996900 -0.061600 -0.049900
vn -0.364200 0.707000 0.606200
vn -0.441100 0.712900 0.545200
vn -0.996200 0.072700 0.046900
vn -0.996200 0.076300 0.042900
vn -0.515800 -0.501500 -0.694600
vn -0.512900 -0.461700 -0.723700
vn -0.367400 0.632200 0.682200
vn -0.447400 0.566600 0.691900
vn -0.447300 0.608100 0.655800
vn -0.446200 0.646600 0.618700
vn -0.367300 0.589200 0.719700
vn -0.446100 0.520800 0.727900
vn -0.445400 -0.644500 -0.621500
vn -0.440200 -0.711600 -0.547500
vn -0.515200 -0.648600 -0.560200
vn -0.511900 -0.680600 -0.524100
vn -0.430000 0.781200 0.452600
vn -0.996300 0.069500 0.050700
vn -0.429700 -0.776200 -0.461400
vn -0.507600 -0.712600 -0.484200
vn -0.501300 -0.743500 -0.442600
vn -0.419300 0.817200 0.395400
vn -1.000000 0.003800 -0.000000
vn -0.996000 0.080400 0.040100
vn -0.494500 -0.770300 -0.402600
vn -0.370300 -0.907400 -0.198900
vn -0.487400 -0.788900 -0.374300
vn -0.487400 0.734600 0.472100
vn -0.996800 -0.044300 -0.066400
vn -0.443100 0.460400 0.769200
vn -0.435700 0.402800 0.804900
vn -0.508900 -0.423700 -0.749300
vn -0.504600 -0.397100 -0.766700
vn -0.996600 -0.036900 -0.073200
vn -0.996800 -0.040300 -0.069400
vn -0.430000 0.373800 0.821800
vn -0.499700 0.448500 0.741000
vn -0.468400 -0.207800 -0.858700
vn -0.272800 0.609200 0.744600
vn 0.064000 0.001900 -0.997900
vn -0.037600 -0.029400 -0.998900
vn -0.137200 -0.046100 -0.989500
vn -0.996400 0.055600 0.063400
vn -0.996500 0.051500 0.066500
vn -0.443800 0.680600 0.583000
vn -0.996400 0.059300 0.060100
vn 0.995400 0.040800 0.086900
vn 0.995100 -0.064900 -0.074800
vn -0.996300 0.042300 0.075100
vn 0.065000 -0.997800 -0.013000
vn 0.214300 -0.971500 0.101700
vn -0.037900 -0.998200 -0.046900
vn 0.027700 -0.998100 0.055500
vn -0.137800 -0.988300 -0.065500
vn -0.996800 -0.065200 -0.046200
vn -0.355300 -0.672800 -0.648900
vn -0.996800 -0.048000 -0.063300
vn -0.517000 -0.616000 -0.594400
vn 0.995400 -0.001900 -0.096100
vn 0.995100 0.038100 0.091300
vn 0.993700 -0.031100 -0.107500
vn 0.994600 -0.050000 -0.090600
vn -0.995300 -0.021300 -0.094000
vn -0.996400 -0.035400 -0.076500
vn -0.996000 0.040400 0.079500
vn -0.995900 -0.000700 -0.090300
vn 1.000000 -0.003700 -0.000000
vn 0.994100 -0.099500 -0.044200
vn 0.995700 0.072000 0.058400
vn -0.436600 0.746900 0.501500
vn -0.996400 -0.076700 -0.037200
vn -1.000000 0.003800 0.000100
vn 0.995700 0.068100 0.062200
vn 0.995700 0.075800 0.054100
vn -0.996400 0.062700 0.056800
vn -0.268600 0.493800 0.827000
vn -0.996500 0.046100 0.070000
vn 1.000000 -0.003800 -0.000000
vn 0.993200 -0.113200 -0.027500
vn 0.995200 0.087300 0.044900
vn 0.995000 -0.100100 0.000300
vn -0.995800 0.083300 0.039000
vn -0.995900 -0.090100 -0.006300
vn -0.999400 -0.012000 0.032400
vn -0.995800 -0.088400 -0.025000
vn 0.206200 0.271100 -0.940200
vn 0.441600 0.103800 -0.891200
vn 0.994900 -0.052200 -0.086900
vn 0.050200 0.075500 -0.995900
vn -0.996500 -0.073400 -0.039200
vn -0.356000 -0.633700 -0.686800
vn -0.996400 0.066200 0.053900
vn -0.996700 -0.069000 -0.042600
vn 0.995600 0.079400 0.049300
vn -0.423200 0.806100 0.413600
vn -0.445400 -0.872000 -0.203100
vn -0.996900 -0.058300 -0.053300
vn -0.996900 -0.055000 -0.056400
vn -0.996900 -0.051500 -0.059700
vn 0.995800 0.051000 0.076600
vn 0.995300 0.084600 0.046100
vn 0.408600 -0.893700 0.185400
vn 0.711300 -0.676600 0.190200
vn 0.353800 -0.893400 0.276700
vn 0.600900 -0.797900 0.047600
vn 0.909200 -0.384700 0.159400
vn 0.647000 -0.724000 0.239200
vn 0.879300 -0.398900 0.260400
vn 0.934200 0.295200 0.200100
vn 0.965300 -0.255900 0.052000
vn 0.998900 0.000400 0.046400
vn 0.912200 0.324600 0.250000
vn 0.986700 -0.008800 0.162300
vn 0.843800 -0.535400 0.036900
vn 0.975000 -0.005900 0.222000
vn 0.439900 0.673400 0.594100
vn 0.163100 0.860200 0.483200
vn 0.243000 0.658400 0.712400
vn 0.145400 0.716900 0.681900
vn 0.479600 0.731200 0.485100
vn 0.317900 0.853000 0.413900
vn 0.728300 0.405800 0.552200
vn 0.737500 0.170800 -0.653400
vn 0.620200 0.054000 -0.782600
vn 0.672200 0.526200 -0.520700
vn 0.733900 0.328400 -0.594700
vn 0.917300 0.150900 -0.368500
vn 0.852500 0.039200 -0.521200
vn 0.890800 0.246400 -0.381700
vn -0.100100 0.506000 0.856700
vn 0.443600 0.549100 0.708300
vn 0.259000 0.601900 0.755400
vn 0.151200 0.455500 0.877300
vn 0.468000 0.452800 0.758900
vn 0.403300 0.611300 0.680900
vn 0.737600 0.521200 0.429300
vn 0.967900 0.050000 -0.246400
vn 0.933200 0.186700 0.307000
vn 0.999100 0.041100 0.006200
vn 0.988300 0.152600 0.003300
vn 0.912800 0.232500 0.335900
vn 0.978300 0.207000 0.004000
vn -0.498200 -0.864500 0.067100
vn -0.227100 -0.973300 -0.034200
vn 0.060000 -0.987400 0.146700
vn -0.414100 -0.899400 0.140100
vn -0.505200 -0.862900 -0.013900
vn -0.725500 -0.687900 -0.018200
vn -0.835100 -0.522400 0.172400
vn -0.755800 0.545500 0.362400
vn -0.494200 0.680500 0.541000
vn -0.636900 0.686200 0.351300
vn -0.923300 0.298900 0.241100
vn -0.743100 0.532000 0.405900
vn -0.913300 0.273800 0.301600
vn -0.948300 -0.316800 0.020000
vn -0.966800 0.212600 0.141800
vn -0.992600 -0.042500 0.114000
vn -0.855800 0.457400 0.241500
vn -0.989000 -0.050400 0.139100
vn -0.483200 0.086700 -0.871200
vn 0.095900 0.167500 -0.981200
vn -0.205300 -0.013100 -0.978600
vn -0.486400 0.004100 -0.873700
vn -0.383100 0.157900 -0.910100
vn -0.830200 0.187100 -0.525200
vn -0.767300 0.107100 -0.632200
vn -0.967400 0.137700 0.212600
vn -0.946000 0.028700 -0.322900
vn -0.999300 0.035600 -0.015100
vn -0.858800 0.229800 0.457900
vn -0.992300 0.116100 -0.044100
vn -0.716000 -0.002600 -0.698000
vn -0.924500 0.233800 0.301200
vn -0.988500 0.143100 -0.048500
vn -0.760400 0.346100 0.549500
vn -0.644100 0.331600 0.689300
vn -0.500900 0.518200 0.693200
vn -0.744200 0.390700 0.541800
vn -0.912900 0.295500 0.281500
vn 0.900700 -0.315000 -0.299300
vn 0.900500 -0.297000 -0.317600
vn 0.765700 -0.464600 -0.444700
vn 0.766400 -0.437500 -0.470400
vn 0.250300 -0.657900 -0.710300
vn -0.007100 -0.720300 -0.693600
vn -0.007000 -0.679000 -0.734100
vn 0.900300 -0.331800 -0.281700
vn 0.765200 -0.488600 -0.419100
vn 0.249200 -0.698600 -0.670700
vn -0.005200 -0.757500 -0.652900
vn 0.910300 0.279000 0.305900
vn 0.909900 0.260500 0.322800
vn 0.782100 0.421400 0.459000
vn 0.322700 0.598200 0.733500
vn 0.076800 0.676800 0.732200
vn 0.321600 0.642000 0.696000
vn 0.910100 0.238600 0.338900
vn 0.781800 0.392300 0.484600
vn 0.321300 0.549700 0.771100
vn 0.076800 0.630500 0.772400
vn 0.900100 -0.257800 -0.351200
vn 0.900500 -0.277300 -0.334900
vn 0.764400 -0.381200 -0.520000
vn 0.249200 -0.614000 -0.748900
vn -0.007200 -0.587200 -0.809400
vn 0.248900 -0.568500 -0.784100
vn 0.765700 -0.409500 -0.496000
vn -0.006600 -0.633600 -0.773600
vn 0.909800 0.297800 0.289100
vn 0.909600 0.313400 0.272800
vn 0.781900 0.449100 0.432400
vn 0.781500 0.472800 0.407200
vn 0.321000 0.717400 0.618400
vn 0.077100 0.719400 0.690300
vn 0.078300 0.756400 0.649400
vn 0.321700 0.682300 0.656500
vn 0.908900 0.329300 0.255700
vn 0.908400 0.345200 0.235700
vn 0.780000 0.496600 0.380900
vn 0.778500 0.521100 0.350000
vn 0.320300 0.784400 0.531100
vn 0.079100 0.791400 0.606100
vn 0.080400 0.827400 0.555800
vn 0.322300 0.750000 0.577500
vn 0.899800 -0.347500 -0.263800
vn 0.764400 -0.511300 -0.392900
vn 0.251600 -0.734400 -0.630400
vn -0.003200 -0.792800 -0.609500
vn 0.897800 -0.366300 -0.244400
vn 0.760500 -0.537500 -0.364400
vn 0.251000 -0.768800 -0.588200
vn -0.000900 -0.827200 -0.561900
vn 0.896600 -0.382300 -0.223500
vn 0.758900 -0.559100 -0.333800
vn 0.250500 -0.802600 -0.541400
vn 0.000300 -0.859200 -0.511600
vn 0.892800 -0.401100 -0.204900
vn 0.752500 -0.582300 -0.307700
vn 0.249500 -0.834000 -0.492100
vn -0.000500 -0.885900 -0.463900
vn 0.906700 0.363300 0.214500
vn 0.903000 0.380800 0.198900
vn 0.773300 0.549300 0.316700
vn 0.766800 0.571900 0.291500
vn 0.315700 0.841900 0.437600
vn 0.081100 0.862500 0.499400
vn 0.080100 0.887000 0.454900
vn 0.318100 0.818100 0.479100
vn 0.885900 -0.449600 -0.113700
vn 0.923800 -0.382800 0.001500
vn 0.536600 -0.821400 -0.193200
vn 0.702400 -0.711700 0.002500
vn 0.060800 -0.976100 -0.208700
vn 0.362800 -0.931900 0.002700
vn 0.978400 -0.187200 -0.088300
vn 0.742400 -0.604300 -0.289300
vn 0.241500 -0.862900 -0.443800
vn -0.006900 -0.903200 -0.429100
vn 0.734600 -0.616200 -0.284100
vn 0.225400 -0.883100 -0.411400
vn 0.900300 0.390700 0.191900
vn 0.761900 0.583100 0.282000
vn 0.076500 0.897300 0.434700
vn 0.308900 0.854400 0.417800
vn 0.909000 0.211800 0.358800
vn 0.781300 0.359600 0.510100
vn 0.319200 0.486600 0.813200
vn 0.076900 0.578400 0.812100
vn 0.904600 0.189300 0.381900
vn 0.777500 0.317000 0.543100
vn 0.311500 0.427900 0.848500
vn 0.077000 0.509200 0.857200
vn 0.896300 -0.220000 -0.385100
vn 0.899100 -0.237900 -0.367400
vn 0.757800 -0.328100 -0.564000
vn 0.246600 -0.522300 -0.816300
vn -0.008600 -0.494900 -0.868900
vn 0.240600 -0.476000 -0.845900
vn 0.762300 -0.352600 -0.542800
vn -0.006700 -0.540100 -0.841600
vn 0.924800 0.003500 -0.380500
vn 0.702600 0.010100 -0.711600
vn 0.361600 0.014800 -0.932200
vn 0.888500 -0.119100 -0.443100
vn 0.532300 -0.205100 -0.821300
vn 0.041000 -0.221500 -0.974300
vn 0.899600 0.178700 0.398500
vn 0.768200 0.278700 0.576300
vn 0.302100 0.395900 0.867200
vn 0.072500 0.443300 0.893400
vn 0.065600 0.410800 0.909400
vn 0.758200 0.264100 0.596200
vn 0.306500 0.388400 0.869000
vn 0.891700 -0.209700 -0.401100
vn 0.224800 -0.445800 -0.866500
vn 0.748400 -0.311700 -0.585400
vn -0.015500 -0.462500 -0.886500
vn -0.690200 -0.489800 -0.532600
vn -0.689900 -0.520500 -0.503100
vn -0.852400 -0.353200 -0.385500
vn -0.852300 -0.375400 -0.364200
vn -0.957100 -0.194800 -0.214500
vn -0.957100 -0.207100 -0.202500
vn -0.688400 -0.548500 -0.474600
vn -0.851300 -0.396300 -0.343800
vn -0.956800 -0.219000 -0.191300
vn -0.644000 0.485300 0.591300
vn -0.643900 0.520700 0.560600
vn -0.831600 0.353300 0.428600
vn -0.831600 0.378600 0.406300
vn -0.952100 0.195600 0.234900
vn -0.952200 0.209300 0.222600
vn -0.642900 0.446300 0.622400
vn -0.831000 0.325100 0.451300
vn -0.952100 0.180200 0.247100
vn -0.690200 -0.456900 -0.561100
vn -0.688600 -0.423800 -0.588500
vn -0.852100 -0.329600 -0.406500
vn -0.851400 -0.305600 -0.426300
vn -0.956900 -0.181700 -0.226500
vn -0.956700 -0.168500 -0.237500
vn -0.640800 0.583500 0.498900
vn -0.642500 0.554200 0.529200
vn -0.829600 0.424900 0.362300
vn -0.830500 0.403400 0.384100
vn -0.951400 0.235100 0.199100
vn -0.951900 0.222700 0.210500
vn -0.634500 0.642000 0.430400
vn -0.638400 0.611700 0.467200
vn -0.825700 0.468800 0.313800
vn -0.828000 0.446000 0.339900
vn -0.950200 0.259400 0.172900
vn -0.950800 0.247000 0.187100
vn -0.686200 -0.576000 -0.444300
vn -0.849900 -0.417000 -0.322200
vn -0.956300 -0.230800 -0.179400
vn -0.682100 -0.604600 -0.411200
vn -0.847800 -0.438300 -0.298700
vn -0.955700 -0.242800 -0.166300
vn -0.676600 -0.632600 -0.376900
vn -0.844300 -0.460300 -0.274300
vn -0.954500 -0.255900 -0.153100
vn -0.669500 -0.658200 -0.344300
vn -0.839000 -0.482200 -0.252100
vn -0.952700 -0.269400 -0.140800
vn -0.620400 0.698000 0.357600
vn -0.627700 0.673800 0.389800
vn -0.815800 0.514800 0.263700
vn -0.821500 0.493600 0.285500
vn -0.946700 0.286800 0.146700
vn -0.949000 0.273000 0.157600
vn -0.420700 -0.905200 -0.060700
vn -0.637600 -0.748800 -0.181000
vn -0.730500 -0.681400 -0.046200
vn -0.823500 -0.551000 -0.135300
vn -0.931000 -0.364300 -0.025000
vn -0.946600 -0.312400 -0.079400
vn -0.661400 -0.677500 -0.321600
vn -0.833100 -0.499700 -0.237200
vn -0.950300 -0.281300 -0.133500
vn -0.614700 0.710200 0.343200
vn -0.810900 0.527000 0.254300
vn -0.944800 0.295200 0.142100
vn -0.639700 0.395400 0.659200
vn -0.828900 0.289000 0.479000
vn -0.951600 0.160600 0.261900
vn -0.630900 0.348000 0.693400
vn -0.822700 0.256500 0.507200
vn -0.949300 0.144200 0.279200
vn -0.685700 -0.390700 -0.614100
vn -0.681400 -0.359500 -0.637500
vn -0.849500 -0.282000 -0.445800
vn -0.846100 -0.260400 -0.465100
vn -0.956200 -0.154900 -0.248500
vn -0.954700 -0.143300 -0.260700
vn -0.418500 -0.041700 -0.907300
vn -0.730600 -0.030300 -0.682100
vn -0.938200 -0.013500 -0.345800
vn -0.653400 -0.182600 -0.734700
vn -0.824800 -0.134400 -0.549200
vn -0.942600 -0.077300 -0.324800
vn -0.622700 0.324800 0.711800
vn -0.815500 0.241800 0.525800
vn -0.946400 0.137000 0.292500
vn -0.675800 -0.338200 -0.654900
vn -0.841400 -0.246400 -0.481000
vn -0.952800 -0.136500 -0.271200
vn -0.361200 0.462500 0.809700
vn -0.361500 0.465400 0.807900
vn -0.172400 0.952300 -0.251900
vn -0.172400 0.952300 -0.251800
vn 0.119700 0.520100 -0.845700
vn -0.365400 0.689000 0.625900
vn 0.182900 -0.959200 0.215600
vn -0.364300 0.700400 0.613800
vn 0.705100 0.481300 0.520800
vn 0.582100 0.784300 -0.214300
vn -0.774200 -0.626400 0.090200
vn 0.240500 0.109800 -0.964400
vn -0.126700 0.988000 0.088200
vn 0.002100 0.999800 0.017200
vn 0.002100 0.993300 0.115100
vn 0.001500 -0.999600 -0.029200
vn 0.001900 -0.999900 -0.015800
vn 0.001600 -0.999900 -0.015000
vn -0.013600 -0.674000 0.738600
vn 0.008900 -0.423800 0.905700
vn 0.015800 -0.505000 0.863000
vn -0.050100 -0.668700 0.741900
vn 0.001300 -0.464800 0.885400
vn 0.093300 -0.992800 0.074600
vn -0.003900 -0.999800 -0.018500
vn 0.096200 -0.995200 -0.018400
vn 0.005300 0.004800 -1.000000
vn 0.001400 0.019700 -0.999800
vn -0.080600 -0.061100 -0.994900
vn -0.100900 0.994700 0.017100
vn 0.004100 0.984600 -0.175000
vn 1.000000 -0.002100 0.000100
vn 0.981600 -0.102700 -0.161000
vn 0.995200 -0.000300 -0.097500
vn -0.072400 -0.993600 -0.087100
vn 0.030000 -0.995400 -0.091500
vn -1.000000 -0.008000 0.004100
vn -1.000000 0.001800 -0.000400
vn -1.000000 0.001800 -0.000100
vn -0.050100 0.993200 -0.104800
vn 0.002700 0.999800 0.019100
vn -0.189000 0.981700 0.020700
vn -0.995000 0.000200 0.100100
vn -0.995100 -0.067700 -0.072700
vn -0.997300 -0.068500 0.027700
vn 0.101100 0.994700 0.019100
vn 0.002700 0.996800 -0.079600
vn -1.000000 0.002000 -0.000100
vn -0.993600 0.079700 0.080200
vn 0.005400 0.017300 -0.999800
vn 0.179800 0.196600 -0.963900
vn 0.137800 -0.015200 -0.990300
vn 0.001000 0.014600 -0.999900
vn -0.066400 -0.692400 -0.718400
vn 0.000900 -0.543200 -0.839600
vn -0.071400 -0.654800 -0.752400
vn -0.105600 -0.018800 0.994200
vn 0.000100 0.079200 0.996900
vn -0.000100 -0.019100 0.999800
vn -0.000800 -0.999800 -0.018500
vn 0.003000 -0.991300 -0.131600
vn 0.003400 -0.999800 -0.018800
vn 0.081500 -0.994600 0.064100
vn -0.036200 -0.988500 0.146900
vn -0.999500 0.022200 0.021900
vn -0.994000 0.109100 0.001800
vn -0.001500 -0.750000 -0.661400
vn -0.001400 -0.694000 -0.720000
vn 0.460100 0.751200 0.473300
vn 0.576700 0.567200 0.588000
vn 0.606000 0.597500 0.525200
vn 0.001500 0.018000 -0.999800
vn 0.001300 -0.071600 -0.997400
vn -0.094300 -0.068500 -0.993200
vn -0.001600 -0.999900 -0.013900
vn 0.100000 -0.994900 -0.014600
vn -1.000000 0.002100 0.000200
vn -0.995900 0.000400 0.090700
vn -0.995700 -0.092600 -0.001500
vn -0.988300 -0.057000 0.141800
vn -0.103000 -0.994600 -0.014700
vn 0.994400 -0.000100 -0.105300
vn 0.995400 0.095800 0.002000
vn 0.989300 0.071400 -0.127400
vn -0.744400 -0.665200 -0.057600
vn -0.710000 -0.704100 -0.013500
vn -0.707500 -0.700000 -0.096700
vn 0.002300 -0.999900 -0.015800
vn 0.153400 -0.983100 -0.100200
vn -0.672900 -0.737900 -0.052200
vn -0.561200 -0.827500 -0.015900
vn 0.989800 -0.053500 -0.131800
vn -0.995200 0.003800 -0.097700
vn -0.991900 -0.083400 -0.095700
vn -0.005900 0.022100 -0.999700
vn 0.000500 0.012700 -0.999900
vn 0.000400 0.108200 -0.994100
vn 0.027300 -0.999600 0.005800
vn -0.986600 0.152800 -0.057800
vn -0.206300 0.978000 -0.031300
vn -0.095200 0.995300 0.017100
vn 0.108600 -0.120700 0.986700
vn 0.088500 -0.182200 0.979300
vn -0.656400 -0.097700 -0.748000
vn -0.706600 0.166100 -0.687900
vn -0.719000 0.072700 -0.691200
vn 0.603200 0.509500 0.613600
vn 0.514800 0.595300 0.616900
vn 0.470900 0.470000 0.746500
vn -0.697400 0.255900 -0.669500
vn -0.533000 0.730300 -0.427300
vn -0.479800 0.786400 -0.389100
vn 0.997100 0.075600 -0.007200
vn 0.995700 -0.004600 0.092400
vn 0.980900 0.194400 -0.001400
vn -0.093200 0.018400 -0.995500
vn 0.005300 0.018800 -0.999800
vn 0.002200 0.996600 -0.082200
vn -0.054900 0.157800 -0.985900
vn 0.727100 0.483100 0.487800
vn -0.125500 -0.981400 -0.145000
vn 0.097400 -0.216400 0.971400
vn -0.675900 0.328500 -0.659700
vn -0.526000 0.716300 -0.458500
vn -0.652400 -0.114900 -0.749100
vn -0.704600 0.132900 -0.697100
vn -0.098100 -0.018800 0.995000
vn -0.200500 -0.644000 -0.738300
vn -0.152700 -0.697000 -0.700600
vn -0.127100 -0.688200 -0.714300
vn -0.711500 -0.680700 -0.174700
vn -0.706600 -0.698800 -0.111300
vn 0.990800 0.096400 -0.095300
vn -0.624600 -0.761300 -0.173900
vn -0.999900 0.003300 -0.012100
vn -0.993200 -0.079800 -0.085000
vn -0.097400 -0.123900 0.987500
vn -0.000300 -0.100100 0.995000
vn -0.160900 -0.035000 0.986400
vn -0.094600 0.988900 0.114300
vn 0.022700 0.039300 -0.999000
vn 0.097300 0.115300 -0.988600
vn 0.000100 0.019100 -0.999800
vn 0.000400 0.116800 -0.993200
vn -0.069200 -0.049800 -0.996400
vn -0.074200 0.049200 -0.996000
vn 0.005800 -0.997000 0.076800
vn -0.005200 -1.000000 -0.007300
vn -0.003900 -0.997600 0.068800
vn -0.062500 -0.998000 -0.013100
vn 0.990400 -0.101900 0.093900
vn 0.995400 0.096100 0.000300
vn -0.995000 0.100300 0.001600
vn -0.996700 0.033700 -0.073300
vn -0.990400 0.097000 0.098700
vn -1.000000 0.002100 -0.000100
vn 0.097000 0.018700 -0.995100
vn 0.098100 0.018800 -0.995000
vn 0.030200 -0.055200 -0.998000
vn -0.012800 0.989700 -0.142800
vn -0.100200 -0.988500 -0.113600
vn 0.939000 0.323700 -0.116600
vn 0.895100 0.406100 -0.184000
vn 0.966300 0.221400 -0.130900
vn -0.241500 0.900800 0.360900
vn -0.327100 0.937000 0.123100
vn -0.534100 0.586900 0.608500
vn -0.580300 0.709900 0.399200
vn -0.775200 0.531400 0.341400
vn -0.468300 0.079600 0.880000
vn -0.242800 0.328600 0.912700
vn -0.130300 0.052800 0.990100
vn -0.868700 0.368000 0.331700
vn -0.644200 0.375300 0.666400
vn -0.738800 0.149500 0.657100
vn -0.963600 0.171600 0.204800
vn -0.955700 0.167800 0.241900
vn -0.155400 0.953400 -0.258700
vn -0.010200 0.829900 -0.557800
vn -0.613800 0.271200 -0.741400
vn -0.550400 0.323700 -0.769600
vn -0.413900 0.392100 -0.821600
vn -0.397400 -0.640100 -0.657500
vn -0.215400 0.444300 -0.869600
vn -0.248100 0.371500 -0.894700
vn -0.616100 -0.587100 -0.525100
vn -0.792800 -0.554200 -0.253600
vn 0.396100 0.886000 -0.241200
vn 0.396000 0.886100 -0.240900
vn -0.338800 0.442000 -0.830600
vn -0.123800 0.991600 -0.036700
vn -0.503700 0.863900 0.001600
vn -0.271700 0.951700 -0.143100
vn -0.844500 -0.329200 -0.422400
vn -0.240300 -0.549800 -0.800000
vn -0.481000 -0.600800 -0.638500
vn -0.768500 0.337000 -0.544000
vn -0.823800 0.419400 -0.381300
vn -0.842200 0.448300 -0.299600
vn -0.456600 0.845900 0.275500
vn -0.486300 0.834300 0.259800
vn -0.454900 0.846600 0.276300
vn -0.669400 -0.296300 0.681200
vn -0.674200 -0.344900 0.653100
vn -0.749200 -0.394700 0.531800
vn -0.916600 -0.337700 0.214000
vn -0.922800 -0.342700 0.175800
vn -0.717500 -0.638400 -0.278700
vn -0.773600 0.003200 0.633700
vn -0.684100 0.126600 0.718300
vn -0.852700 -0.152200 0.499800
vn -0.808100 -0.381900 0.448400
vn 0.735100 -0.545500 -0.402500
vn 0.733800 -0.545600 -0.404700
vn 0.710000 -0.584800 -0.392300
vn 0.098300 -0.927600 -0.360500
vn 0.098300 -0.927500 -0.360600
vn -0.120900 -0.837500 -0.533000
vn 0.881700 -0.011300 0.471800
vn 0.673700 -0.667000 -0.318300
vn 0.828300 -0.559600 0.028400
vn 0.324800 0.863200 0.386600
vn 0.197200 0.951700 0.235500
vn 0.163600 0.966900 0.195800
vn 0.110700 0.945000 -0.307700
vn 0.347500 0.910200 -0.225500
vn 0.073500 0.991200 -0.110000
vn 0.335000 0.553000 -0.762900
vn 0.390700 0.726300 -0.565600
vn 0.600000 0.606900 -0.521200
vn 0.326800 0.390900 -0.860500
vn 0.243100 0.188700 -0.951500
vn 0.204600 0.192800 -0.959700
vn 0.907600 0.347800 -0.235100
vn 0.881200 0.102900 -0.461400
vn 0.661900 0.398900 -0.634600
vn 0.657500 0.174300 -0.733000
vn 0.901800 -0.007300 -0.432100
vn 0.948400 -0.155800 -0.276000
vn 0.429600 -0.360600 -0.827900
vn 0.416400 -0.178000 -0.891600
vn 0.490400 -0.141200 -0.860000
vn -0.566900 -0.782800 -0.256500
vn -0.614100 -0.613100 -0.497100
vn 0.341100 -0.531300 -0.775500
vn 0.492000 -0.259000 -0.831200
vn 0.852000 0.286600 -0.438100
vn 0.956600 -0.286800 0.052000
vn 0.912200 -0.237600 0.333700
vn 0.989800 -0.138600 0.032200
vn 0.582800 -0.744300 0.326000
vn 0.729200 -0.559400 0.394200
vn 0.689600 -0.283900 0.666200
vn 0.257800 -0.837200 0.482400
vn 0.342100 -0.928700 0.143300
vn 0.159200 -0.979300 0.125100
vn -0.405800 -0.702900 0.584200
vn -0.405800 -0.702800 0.584200
vn 0.364700 -0.244800 0.898400
vn 0.135000 -0.531400 0.836300
vn 0.417800 -0.622500 0.661700
vn -0.027700 -0.821000 0.570300
vn -0.136500 -0.832900 0.536300
vn -0.655800 -0.122700 -0.744900
vn -0.281700 -0.904000 0.321500
vn -0.593900 0.699400 -0.397700
vn -0.433400 0.824500 -0.363700
vn -0.794400 -0.606100 -0.039000
vn 0.608700 -0.081500 0.789200
vn 0.594400 -0.159400 0.788200
vn 0.609700 -0.075100 0.789100
vn -0.864600 0.447600 0.228300
vn -0.918100 0.128700 -0.374900
vn -0.431000 0.740900 0.515100
vn -0.920100 0.340600 -0.193300
vn -0.700200 0.098900 -0.707100
vn -0.894000 0.435000 -0.107800
vn -0.896500 0.224100 -0.382300
vn 0.309100 0.894400 0.323300
vn 0.179200 0.784400 0.593800
vn 0.580700 0.791400 0.191000
vn 0.433500 0.896800 0.088900
vn 0.076300 0.890900 0.447700
vn -0.289700 0.915100 -0.280600
vn -0.288600 0.915100 -0.281600
vn -0.083000 0.881500 -0.464800
vn -0.366000 0.134000 -0.920900
vn 0.220300 0.455100 -0.862800
vn -0.192000 0.346300 -0.918300
vn 0.244400 0.599100 -0.762400
vn -0.376200 0.230200 -0.897500
vn -0.109700 0.441900 -0.890300
vn -0.185400 -0.910700 0.369100
vn -0.383200 -0.916800 0.112400
vn 0.135700 -0.726800 0.673300
vn 0.072300 -0.907000 0.414800
vn -0.704200 -0.705400 0.080800
vn -0.090500 -0.880600 0.465100
vn -0.375500 -0.901300 0.216000
vn 0.330600 0.336900 0.881600
vn 0.584900 0.189000 0.788800
vn 0.151300 0.581900 0.799000
vn 0.089000 0.445200 0.891000
vn 0.451200 0.143000 0.880900
vn 0.655600 -0.210000 0.725300
vn -0.255300 -0.237300 0.937300
vn -0.251500 -0.241200 0.937300
vn -0.442700 -0.028700 0.896200
vn -0.920300 -0.374600 0.112900
vn -0.869000 0.216200 0.445000
vn -0.920400 -0.187400 0.343100
vn -0.500800 0.480500 0.720000
vn -0.898100 -0.377800 0.225300
vn -0.890200 -0.098900 0.444600
vn -0.917400 -0.098300 -0.385700
vn -0.926400 -0.352900 -0.131300
vn -0.707200 -0.074900 -0.703000
vn -0.873300 -0.311200 -0.374900
vn -0.744100 -0.658300 -0.113500
vn -0.602500 -0.518600 -0.606700
vn -0.706900 -0.600200 -0.374300
vn -0.124300 -0.335400 -0.933900
vn -0.388400 -0.090700 -0.917000
vn -0.099700 -0.640200 -0.761700
vn -0.374500 -0.304700 -0.875700
vn -0.680300 -0.272100 -0.680600
vn -0.388700 -0.830100 -0.399800
vn -0.140800 -0.895300 -0.422700
vn -0.401100 -0.902000 -0.159800
vn -0.368300 -0.595200 -0.714200
vn 0.430300 0.251300 -0.867000
vn 0.121100 -0.285600 -0.950700
vn 0.573300 0.311200 -0.757900
vn 0.339200 -0.092400 -0.936100
vn 0.084000 -0.598800 -0.796500
vn 0.432800 0.003900 -0.901500
vn 0.251600 -0.261400 -0.931900
vn 0.882200 0.354700 0.309700
vn 0.779300 0.596900 0.190800
vn 0.794600 0.179300 0.580000
vn 0.898400 0.099900 0.427600
vn 0.875600 0.478700 0.063900
vn 0.746100 0.665600 -0.019400
vn 0.930800 -0.170600 -0.323300
vn 0.930100 -0.165200 -0.327900
vn 0.909300 -0.405400 -0.094500
vn 0.418100 -0.879500 -0.227300
vn 0.467900 -0.864900 0.181700
vn 0.115800 -0.883300 -0.454300
vn 0.320600 -0.812300 -0.487300
vn 0.600100 -0.755800 0.262100
vn 0.481700 -0.868100 -0.119800
vn -0.508200 0.840900 -0.186000
vn -0.458900 0.886400 -0.061500
vn -0.269200 0.925000 -0.268300
vn -0.520500 0.721300 -0.457100
vn -0.641800 0.761300 -0.092300
vn -0.735300 0.677400 -0.021000
vn -0.736500 0.594400 -0.322900
vn -0.736400 0.594400 -0.322900
vn -0.599000 -0.403500 -0.691700
vn -0.271800 -0.432900 -0.859500
vn -0.530700 -0.487200 -0.693500
vn -0.768100 -0.263200 -0.583800
vn -0.521300 -0.155400 -0.839100
vn -0.942500 0.328600 -0.061700
vn -0.945000 -0.172600 -0.277800
vn -0.890400 0.448700 -0.076700
vn -0.807100 -0.253400 -0.533300
vn -0.735100 -0.395700 -0.550500
vn -0.376200 0.919600 0.113100
vn -0.095100 0.914000 0.394400
vn -0.702600 0.703900 0.104000
vn -0.371600 0.843300 0.388300
vn -0.090700 0.691600 0.716600
vn -0.659900 0.655800 0.366700
vn -0.354000 0.649800 0.672700
vn -0.920400 0.091900 0.380100
vn -0.919800 0.378500 0.104000
vn -0.704100 0.079900 0.705600
vn -0.848700 0.367400 0.380300
vn -0.660600 0.343900 0.667300
vn -0.096800 0.360800 0.927600
vn -0.378200 0.080000 0.922200
vn -0.097000 0.077900 0.992200
vn -0.373300 0.358200 0.855700
vn -0.482800 -0.095100 0.870600
vn -0.136400 -0.040400 0.989800
vn -0.459100 -0.034600 0.887700
vn -0.695900 -0.106700 0.710200
vn -0.513600 -0.483800 0.708700
vn -0.778500 -0.347600 0.522600
vn -0.945700 -0.268100 -0.183600
vn -0.943800 -0.071300 0.322600
vn -0.733700 -0.537600 -0.415500
vn -0.807100 -0.521900 -0.275900
vn -0.891600 -0.090700 0.443600
vn -0.736100 -0.043500 0.675500
vn -0.329200 -0.677100 -0.658200
vn -0.525600 -0.633200 -0.568100
vn -0.613400 -0.789700 -0.013400
vn -0.772400 -0.634500 -0.029000
vn -0.514900 -0.836300 -0.188400
vn -0.779700 -0.510600 -0.362400
vn -0.708800 -0.328100 -0.624500
vn 0.380600 0.921300 -0.079700
vn 0.099900 0.927200 -0.360900
vn 0.099500 0.992000 -0.078000
vn 0.705800 0.704000 -0.078400
vn 0.375500 0.855200 -0.357100
vn 0.094000 0.716900 -0.690800
vn 0.662600 0.666100 -0.342400
vn 0.356900 0.672700 -0.648200
vn 0.920800 0.102400 -0.376400
vn 0.921400 0.378000 -0.090100
vn 0.704500 0.103800 -0.702100
vn 0.850100 0.378500 -0.366100
vn 0.662000 0.366000 -0.654100
vn 0.098200 0.395500 -0.913200
vn 0.378700 0.114200 -0.918500
vn 0.374500 0.388900 -0.841800
vn -0.029400 0.950200 -0.310300
vn -0.228500 0.971300 -0.066500
vn -0.060100 0.849100 -0.524800
vn -0.178500 0.611000 -0.771200
vn -0.008900 0.569800 -0.821800
vn -0.471100 0.727100 -0.499400
vn -0.471200 0.727100 -0.499300
vn 0.537800 0.666600 -0.516100
vn -0.278200 -0.163600 -0.946500
vn -0.066400 0.343000 -0.937000
vn -0.502500 -0.438500 -0.745100
vn -0.375100 -0.236700 -0.896200
vn -0.184900 0.577200 -0.795400
vn -0.095000 0.685800 -0.721600
vn -0.666900 -0.609900 -0.428100
vn -0.644000 -0.603200 -0.470600
vn -0.791500 0.015800 -0.611000
vn -0.701200 0.169900 -0.692400
vn -0.841500 -0.160000 -0.516100
vn -0.555800 -0.480600 -0.678300
vn -0.661700 0.042000 -0.748600
vn -0.615100 -0.118800 -0.779500
vn 0.786600 -0.273600 -0.553600
vn 0.902000 -0.074800 -0.425200
vn 0.952000 -0.209800 -0.222700
vn 0.716800 -0.351500 -0.602200
vn 0.496900 -0.239900 -0.834000
vn 0.639400 -0.054500 -0.766900
vn 0.224700 -0.531800 -0.816500
vn -0.360200 -0.743800 -0.563000
vn -0.577400 -0.800200 -0.162200
vn -0.583800 -0.684400 -0.436900
vn -0.174400 -0.515500 -0.839000
vn 0.260300 -0.943000 -0.207500
vn -0.069500 -0.842900 -0.533600
vn 0.378000 -0.917800 -0.121200
vn 0.317900 -0.070800 -0.945500
vn -0.163600 -0.268200 -0.949400
vn 0.104200 -0.235000 -0.966400
vn -0.406300 -0.483500 -0.775300
vn 0.863200 -0.314600 -0.394900
vn 0.865600 0.124000 -0.485100
vn 0.987200 -0.109300 -0.116000
vn 0.846200 -0.444000 -0.294700
vn 0.773400 -0.318800 -0.547900
vn 0.663000 -0.173300 -0.728300
vn 0.611000 -0.595500 -0.521600
vn -0.136400 -0.944700 -0.298300
vn 0.354600 -0.928300 -0.111600
vn -0.331800 -0.796600 -0.505200
vn 0.090200 -0.957900 -0.272500
vn 0.423500 -0.891200 -0.162600
vn -0.161800 -0.848700 -0.503500
vn 0.156500 -0.935600 -0.316500
vn -0.535600 -0.369400 -0.759400
vn -0.323500 -0.624100 -0.711200
vn -0.523800 -0.576800 -0.626900
vn -0.161900 -0.536000 -0.828500
vn -0.367200 -0.473400 -0.800600
vn -0.069700 -0.805300 -0.588700
vn 0.920200 -0.107400 0.376300
vn 0.919400 -0.382900 0.089900
vn 0.703800 -0.107400 0.702200
vn 0.847900 -0.383200 0.366400
vn 0.701100 -0.708700 0.079000
vn 0.659700 -0.369500 0.654400
vn 0.658100 -0.670300 0.343000
vn 0.160800 -0.445400 0.880800
vn 0.378000 -0.115900 0.918500
vn 0.123400 -0.745500 0.655000
vn 0.371500 -0.390500 0.842300
vn 0.352500 -0.674700 0.648500
vn 0.374200 -0.923900 0.080200
vn 0.093500 -0.936100 0.339000
vn 0.369700 -0.857600 0.357500
vn -0.103300 -0.774400 0.624300
vn -0.174100 -0.877400 0.447100
vn -0.045900 -0.862500 0.503900
vn -0.416800 -0.749100 0.514900
vn -0.362600 -0.712400 0.600800
vn -0.111800 -0.933500 0.340600
vn -0.035600 -0.933500 0.356900
vn -0.217000 -0.910600 0.351800
vn -0.876300 -0.016900 -0.481500
vn -0.920200 -0.031300 -0.390100
vn -0.956700 -0.087600 -0.277600
vn -0.832800 0.057600 -0.550600
vn -0.984700 -0.165200 -0.054700
vn -0.056400 -0.985800 0.157900
vn -0.308000 -0.924000 -0.226500
vn -0.302900 -0.951900 0.047100
vn -0.463500 -0.880100 -0.103100
vn -0.417100 -0.862400 -0.286700
vn -0.486500 -0.853500 -0.186600
vn -0.729000 -0.052000 -0.682500
vn -0.704700 0.241400 -0.667100
vn -0.628000 -0.433500 -0.646300
vn -0.715500 0.045600 -0.697100
vn -0.720800 0.080400 -0.688400
vn -0.704000 0.237600 -0.669200
vn -0.663400 -0.010800 -0.748200
vn -0.379700 -0.845200 -0.376100
vn -0.390100 -0.832100 -0.394200
vn -0.646900 -0.484000 -0.589300
vn -0.550200 -0.650700 -0.523300
vn -0.535800 -0.646800 -0.542800
vn -0.697400 0.245100 -0.673500
vn -0.705200 -0.131800 -0.696700
vn -0.723700 0.035500 -0.689200
vn -0.752000 -0.031800 -0.658400
vn -0.686900 0.220600 -0.692400
vn -0.694000 -0.101100 -0.712800
vn -0.690600 0.233300 -0.684500
vn -0.695700 0.211600 -0.686500
vn -0.712700 -0.062400 -0.698700
vn -0.711400 -0.273300 -0.647500
vn -0.709500 -0.004800 -0.704700
vn -0.718200 -0.236200 -0.654600
vn -0.747100 -0.165400 -0.643800
vn -0.696600 0.214700 -0.684500
vn -0.578000 -0.611900 -0.539900
vn -0.699500 -0.047200 -0.713100
vn -0.575000 -0.440600 -0.689400
vn -0.299600 -0.910800 -0.284000
vn -0.266200 -0.914800 -0.303700
vn -0.467700 -0.786700 -0.403000
vn -0.436300 -0.778400 -0.451400
vn -0.928000 -0.372500 -0.005700
vn -0.716500 -0.697500 -0.010500
vn -0.392200 -0.919800 -0.013700
vn 0.002200 -0.328000 -0.944700
vn 0.003000 -0.894100 -0.447800
vn 0.002800 -0.643900 -0.765100
vn 0.693900 -0.200400 0.691700
vn 0.768000 -0.055400 0.638100
vn 0.523200 -0.681000 0.512400
vn 0.627000 0.449400 0.636400
vn 0.693100 -0.204700 0.691100
vn 0.613800 -0.505600 0.606300
vn 0.160400 -0.976600 0.143500
vn -0.379400 0.017500 -0.925100
vn -0.705700 0.014300 -0.708400
vn -0.924000 0.008800 -0.382400
vn -0.239900 0.675100 0.697700
vn -0.236700 0.675600 0.698200
vn -0.974600 0.156600 0.159800
vn 0.450700 0.619900 0.642300
vn 0.686800 0.682800 0.249200
vn 0.660600 0.750700 0.005600
vn 0.346000 0.360700 -0.866100
vn 0.706900 0.706800 0.026400
vn -0.392300 0.919700 0.015800
vn -0.730400 0.683000 0.011700
vn -0.858900 0.512000 0.008800
vn -0.937900 0.346800 0.005900
vn -0.994200 0.048100 -0.096200
vn -0.890300 0.455300 0.007700
vn -0.984200 0.139300 0.109500
vn -0.993000 -0.117800 -0.008200
vn -0.931400 -0.004900 0.363900
vn -0.826300 -0.009000 0.563200
vn -0.707300 -0.012000 0.706800
vn -0.486200 -0.015700 0.873700
vn -0.407400 -0.003400 0.913200
vn -0.778600 -0.010300 0.627500
vn -0.916300 -0.277100 -0.289200
vn -0.701400 -0.536400 -0.469400
vn -0.687700 -0.503200 -0.523400
vn -0.328700 -0.655100 -0.680300
vn -0.806700 -0.408900 -0.426600
vn -0.449300 -0.619600 -0.643600
vn -0.076000 -0.762400 -0.642700
vn 0.002500 0.927400 -0.374000
vn 0.002000 0.710000 -0.704200
vn 0.001400 0.474400 -0.880300
vn 0.001200 0.387400 -0.921900
vn 0.114200 0.159600 -0.980500
vn 0.001600 0.519700 -0.854400
vn -0.091400 0.091500 -0.991600
vn 0.914900 0.005800 -0.403700
vn 0.685600 0.012400 -0.727900
vn 0.564300 0.014500 -0.825500
vn 0.365600 0.017000 -0.930600
vn -0.001100 -0.098600 -0.995100
vn 0.677000 0.012700 -0.735900
vn -0.307700 -0.288100 -0.906800
vn -0.348400 -0.328800 -0.877800
vn -0.538700 -0.522000 -0.661300
vn -0.669100 -0.657200 -0.347000
vn -0.450200 -0.431900 -0.781500
vn 0.297200 -0.954800 0.006800
vn 0.426900 -0.904200 -0.011900
vn 0.621200 -0.783500 -0.016200
vn 0.688300 -0.724900 0.029000
vn 0.931100 -0.364500 -0.013300
vn 0.981700 -0.189900 -0.011600
vn 0.965200 -0.261200 -0.012400
vn 0.981000 -0.193600 -0.011400
vn 0.573800 -0.818800 -0.016300
vn 0.010400 -0.947800 0.318600
vn 0.014600 -0.817800 0.575300
vn 0.045600 -0.641900 0.765400
vn -0.121900 -0.992100 -0.028000
vn 0.012400 -0.898500 0.438900
vn -0.411300 -0.814300 -0.409600
vn -0.678800 -0.325900 -0.658000
vn -0.239400 -0.939000 -0.246800
vn -0.521000 -0.682300 -0.512900
vn -0.664700 -0.375500 -0.645900
vn -0.922900 0.385000 0.006500
vn -0.705600 0.708600 0.012100
vn -0.380000 0.924900 0.015800
vn -0.382600 -0.016900 0.923800
vn -0.922500 -0.005400 0.386000
vn -0.383200 -0.616800 -0.687500
vn -0.706900 -0.490000 -0.510100
vn -0.924500 -0.269500 -0.269600
vn 0.001100 0.400100 -0.916500
vn 0.002000 0.720800 -0.693200
vn 0.002500 0.930900 -0.365200
vn 0.382900 0.016800 -0.923600
vn 0.706900 0.012000 -0.707200
vn 0.923900 0.005300 -0.382600
vn -0.656200 -0.643200 -0.394700
vn -0.501900 -0.484300 -0.716600
vn -0.271400 -0.251600 -0.929000
vn 0.974200 -0.225800 -0.004300
vn 0.951400 -0.306300 -0.032800
vn 0.771400 -0.636300 -0.011800
vn 0.407000 -0.913300 -0.016900
vn -0.003100 -0.839900 0.542800
vn -0.003700 -0.952400 0.304700
vn -0.002000 -0.648700 0.761100
vn -0.552700 0.634400 -0.540500
vn -0.704700 0.115200 -0.700100
vn -0.704700 0.115300 -0.700100
vn -0.447400 -0.773200 -0.449600
vn 0.001400 0.694200 0.719800
vn 0.001400 0.694100 0.719900
vn 0.000700 0.365600 0.930800
vn 0.001900 0.917000 0.398800
vn -0.001400 -0.804100 -0.594400
vn -0.086400 -0.837800 -0.539100
vn 0.007400 -0.975800 -0.218500
vn 0.008600 -0.577100 0.816700
vn 0.005700 -0.929200 0.369400
vn 0.008200 -0.565200 0.824900
vn -0.000300 -0.181900 0.983300
vn 0.005700 -0.930900 0.365300
vn -0.011700 -0.930700 0.365600
vn -0.922500 0.385600 0.017000
vn -0.831700 -0.555100 -0.008700
vn -0.381900 0.923900 0.021700
vn -0.548100 0.835900 0.028700
vn -0.926000 -0.377500 -0.003200
vn -0.980200 -0.197700 0.008900
vn -0.850900 -0.516800 -0.094800
vn 0.980900 -0.194600 -0.003600
vn 0.380000 -0.924600 -0.027300
vn 0.923200 -0.384200 -0.007200
vn 0.379500 -0.925200 -0.007900
vn -0.387200 -0.921800 -0.017600
vn 0.390800 -0.019100 0.920300
vn 0.712000 -0.015900 0.702000
vn 0.925900 -0.010500 0.377700
vn -0.358900 -0.140100 -0.922800
vn -0.098000 -0.025000 -0.994900
vn -0.105600 -0.028300 -0.994000
vn -0.097900 -0.025000 -0.994900
vn 0.682300 0.318300 -0.658100
vn 0.843200 0.388800 -0.371200
vn -0.414200 -0.167800 -0.894600
vn 0.006200 0.929500 -0.368900
vn 0.014700 0.843900 -0.536300
vn 0.012500 -0.183300 -0.983000
vn 0.003500 -0.364100 -0.931300
vn 0.010700 0.398900 -0.916900
vn 0.924800 0.380400 0.007400
vn 0.708600 0.705500 0.013600
vn 0.708800 0.705300 0.013600
vn 0.385100 0.922700 0.017700
vn -0.577500 0.715000 -0.394000
vn -0.892300 0.450500 -0.030300
vn -0.890500 0.453700 -0.033800
vn -0.579900 -0.476600 0.660800
vn -0.587500 -0.470400 0.658400
vn -0.579800 -0.476600 0.660800
vn -0.572000 0.717100 -0.398200
vn -0.890200 0.454300 -0.034200
vn -0.888200 0.457700 -0.038800
vn -0.587800 -0.470200 0.658400
vn -0.107000 -0.722300 0.683200
vn -0.611500 -0.077800 0.787400
vn -0.611200 -0.077800 0.787600
vn -0.594800 -0.641900 -0.483800
vn -0.678700 0.324700 -0.658700
vn -0.678600 0.325300 -0.658500
vn -0.678400 0.325900 -0.658400
vn 0.394800 0.807000 0.439100
vn -0.500500 -0.784200 -0.366700
vn -0.857400 0.429400 -0.283700
vn 0.798400 -0.054400 -0.599700
vn -0.730000 0.273600 -0.626300
vn -0.894400 0.441600 -0.071100
vn -0.667900 0.146000 0.729800
vn 0.858800 -0.497800 0.120900
vn 0.350000 0.839000 0.416500
vn 0.264900 -0.631200 -0.729000
vn 0.573800 -0.246400 0.781100
vn -0.473300 0.877600 -0.075700
vn -0.041300 -0.431900 0.901000
vn 0.851800 0.082800 -0.517300
vn -0.690500 -0.673300 0.264300
vn -0.669800 0.292800 -0.682400
vn -0.281600 -0.595700 -0.752300
vn -0.213100 -0.869000 0.446600
vn -0.968800 -0.080300 -0.234600
vn -0.217300 -0.889700 -0.401400
vn 0.746200 0.549500 0.375700
vn 0.005500 -0.916700 -0.399600
vn 0.006500 -0.400400 0.916300
vn 0.843700 0.385200 -0.374000
vn -0.888200 0.457800 -0.038900
vn -0.078600 0.995900 -0.044400
vn 0.004000 1.000000 0.007700
vn -0.075000 0.996000 -0.049000
vn -0.726900 -0.346100 -0.593100
vn -0.661300 -0.436800 -0.609800
vn -0.696700 -0.436800 -0.569100
vn 0.073000 0.994800 0.071100
vn 0.627800 -0.280500 0.726100
vn 0.567500 -0.371800 0.734700
vn 0.586900 -0.277600 0.760600
vn -0.055300 0.996000 -0.069700
vn -0.059100 0.996100 -0.065500
vn -0.760500 -0.345100 -0.550000
vn -0.729300 -0.435500 -0.527700
vn 0.783700 -0.280700 0.554100
vn 0.799700 -0.371000 0.472100
vn 0.757000 -0.375100 0.535000
vn 0.706700 -0.282700 0.648600
vn 0.644000 -0.376400 0.666000
vn 0.666700 -0.281800 0.690000
vn -0.062600 0.996200 -0.061300
vn -0.067100 0.996100 -0.057700
vn 0.069600 0.994700 0.075500
vn 0.522600 -0.368500 0.768800
vn 0.539400 -0.274800 0.795900
vn -0.484300 -0.328900 -0.810700
vn -0.509400 -0.425100 -0.748200
vn -0.530700 -0.334900 -0.778600
vn -0.574400 -0.339100 -0.745000
vn -0.589200 -0.433300 -0.681900
vn -0.614600 -0.342600 -0.710600
vn 0.471700 -0.380600 0.795400
vn 0.485500 -0.282200 0.827500
vn 0.425800 -0.435000 0.793400
vn 0.436000 -0.338400 0.833900
vn -0.415300 -0.277400 -0.866300
vn -0.426200 -0.404600 -0.809100
vn -0.441200 -0.317000 -0.839600
vn -0.051200 0.995900 -0.074100
vn 0.380700 -0.557300 0.737900
vn 0.390900 -0.475200 0.788300
vn 0.372900 -0.674900 0.636700
vn 0.339100 -0.671900 0.658500
vn -0.385100 -0.170300 -0.907000
vn -0.406800 -0.370300 -0.835100
vn -0.042500 0.995600 -0.083000
vn -0.046200 0.995900 -0.077700
vn -0.791700 -0.342600 -0.505900
vn -0.759400 -0.433100 -0.485500
vn -0.817900 -0.341000 -0.463500
vn -0.785600 -0.429900 -0.445100
vn 0.862800 -0.273300 0.425200
vn 0.850800 -0.361800 0.381000
vn 0.834800 -0.365300 0.411900
vn 0.077400 0.994700 0.067400
vn -0.834200 -0.341300 -0.433200
vn -0.802600 -0.427000 -0.416500
vn -0.933400 -0.293900 -0.206000
vn -0.897300 -0.389900 -0.207100
vn 0.878400 -0.271500 0.393200
vn 0.692900 -0.380100 0.612700
vn 0.084800 0.994800 0.056500
vn -0.632900 -0.508300 -0.584000
vn -0.666600 -0.508700 -0.544900
vn -0.004000 -1.000000 -0.007700
vn -0.054000 -0.995900 -0.073000
vn 0.606700 -0.374600 0.701100
vn 0.545400 -0.451400 0.706200
vn 0.044300 -0.997200 0.059900
vn 0.002800 -0.999800 -0.019100
vn 0.046200 -0.997400 0.055700
vn -0.698000 -0.507100 -0.505600
vn -0.726900 -0.505000 -0.465400
vn 0.682500 -0.377200 0.626000
vn 0.691700 -0.456500 0.559600
vn 0.655700 -0.457000 0.601000
vn 0.618900 -0.455700 0.639800
vn 0.719900 -0.376800 0.582900
vn 0.727700 -0.454500 0.513700
vn -0.625100 -0.435600 -0.647800
vn -0.551200 -0.429900 -0.715100
vn -0.564000 -0.505700 -0.652800
vn -0.528000 -0.502000 -0.685000
vn 0.457900 -0.453700 0.764500
vn 0.047200 -0.997200 0.058200
vn -0.002800 -1.000000 -0.009100
vn -0.465500 -0.418400 -0.779900
vn -0.488000 -0.497600 -0.717100
vn -0.445600 -0.491500 -0.748200
vn 0.370700 -0.624000 0.687900
vn 0.008500 -0.998900 -0.045700
vn 0.045400 -0.998400 0.033900
vn -0.408900 -0.477500 -0.777700
vn -0.389900 -0.246600 -0.887200
vn -0.390200 -0.443600 -0.806800
vn 0.348900 -0.758900 0.549900
vn -0.070300 -0.996000 -0.055300
vn 0.769000 -0.451000 0.453000
vn 0.804300 -0.443500 0.395400
vn -0.752700 -0.500600 -0.427500
vn -0.769700 -0.497000 -0.400700
vn -0.077300 -0.995800 -0.048200
vn -0.073800 -0.995900 -0.051800
vn 0.820800 -0.438300 0.366400
vn 0.740500 -0.504200 0.444400
vn -0.861300 -0.462400 -0.210700
vn 0.745300 -0.282500 0.603900
vn -0.997700 0.067800 0.005400
vn -0.999100 -0.033400 -0.027000
vn -0.990100 -0.133100 -0.044900
vn 0.059400 -0.997300 0.043900
vn 0.062200 -0.997300 0.039500
vn 0.583100 -0.454100 0.673700
vn 0.056400 -0.997300 0.047800
vn 0.090500 0.994600 0.051600
vn -0.071500 0.996000 -0.053700
vn 0.071700 -0.997000 0.030800
vn 0.058800 0.746000 -0.663400
vn -0.008900 0.584900 -0.811000
vn -0.000700 0.643600 -0.765300
vn 0.033200 0.661100 -0.749500
vn -0.020100 0.502600 -0.864300
vn -0.049200 -0.995800 -0.077800
vn -0.652100 -0.344900 -0.675200
vn -0.067300 -0.996000 -0.059100
vn -0.598200 -0.507500 -0.620200
vn -0.092500 0.995700 0.009400
vn 0.095200 0.994200 0.049300
vn -0.103600 0.994400 -0.019400
vn -0.086800 0.995500 -0.038300
vn -0.094400 -0.995000 -0.032200
vn -0.080700 -0.995600 -0.046600
vn 0.076000 -0.996700 0.028900
vn -0.098700 -0.995000 -0.012000
vn 0.003900 1.000000 0.007700
vn -0.040000 0.995500 -0.086400
vn 0.062700 0.994600 0.083200
vn 0.503300 -0.447000 0.739600
vn -0.029000 -0.984700 -0.171600
vn 0.001700 -0.996200 -0.086800
vn 0.066200 0.994700 0.079300
vn 0.058100 0.994500 0.086700
vn 0.053400 -0.997200 0.051600
vn 0.827300 -0.277600 0.488300
vn 0.066200 -0.997200 0.034500
vn 0.003900 1.000000 0.007600
vn -0.017700 0.992800 -0.118400
vn 0.046200 0.994500 0.093600
vn 0.003900 0.997900 -0.064500
vn 0.038400 -0.999200 0.004900
vn -0.013500 -0.978900 -0.204000
vn 0.014800 -0.992400 -0.122400
vn -0.052900 -0.960100 -0.274700
vn -0.961500 0.271300 0.043900
vn -0.874700 0.443900 0.194600
vn -0.082700 0.995800 -0.040300
vn -0.995400 0.053500 0.079300
vn -0.025800 -0.992200 -0.121600
vn -0.690100 -0.345700 -0.635800
vn 0.050000 -0.997300 0.054500
vn -0.038600 -0.995100 -0.091100
vn -0.041100 0.409400 -0.911500
vn -0.031600 0.489000 -0.871700
vn 0.053100 0.994500 0.090300
vn 0.414100 -0.514800 0.750700
vn -0.056200 0.329900 -0.942300
vn -0.057300 -0.995900 -0.069600
vn -0.060600 -0.996000 -0.066400
vn -0.063600 -0.996000 -0.062500
vn 0.080700 0.994800 0.062300
vn 0.049600 0.994300 0.094400
vn 0.339300 0.884000 -0.321500
vn 0.084200 0.725500 -0.683100
vn 0.029800 0.836600 -0.547000
vn 0.064200 0.914900 -0.398500
vn 0.352300 0.935400 -0.028900
vn 0.512900 0.857500 -0.040800
vn 0.095000 0.988600 -0.116700
vn 0.394800 0.901600 0.176800
vn 0.204400 0.921800 0.329500
vn 0.041700 0.985100 -0.166900
vn 0.042300 0.998900 0.018500
vn 0.297500 0.916200 0.268400
vn 0.197700 0.979600 0.035200
vn 0.025500 0.934400 -0.355300
vn 0.332400 0.825600 0.456000
vn 0.301000 0.850700 0.430900
vn 0.549600 -0.257200 0.794800
vn 0.368100 -0.574000 0.731400
vn -0.632900 0.151800 -0.759200
vn 0.470500 0.836600 -0.280600
vn -0.125100 0.355800 -0.926200
vn -0.038600 0.655600 -0.754100
vn -0.208300 0.191200 -0.959200
vn -0.107100 0.527200 -0.843000
vn -0.018800 0.817100 -0.576200
vn -0.190800 0.340000 -0.920900
vn -0.075400 0.725900 -0.683700
vn -0.282500 0.185000 -0.941300
vn -0.318200 -0.010100 -0.948000
vn -0.360300 0.133300 -0.923300
vn -0.201800 0.570300 -0.796200
vn -0.175600 0.548400 -0.817600
vn -0.080300 0.858100 -0.507200
vn -0.117700 0.905700 -0.407400
vn -0.024400 0.948300 -0.316600
vn -0.223400 0.771900 -0.595200
vn -0.653000 0.732500 0.192300
vn -0.779700 0.623000 0.063300
vn -0.875000 0.393200 0.282600
vn -0.698200 0.673900 0.241600
vn -0.364600 0.916900 0.162600
vn -0.517700 0.854100 0.050500
vn -0.377500 0.889400 0.257900
vn 0.798300 -0.059900 0.599200
vn 0.706600 0.429600 0.562300
vn 0.696400 0.241000 0.676000
vn 0.879000 0.142600 0.455000
vn 0.761600 0.460100 0.456400
vn 0.749300 0.143900 0.646400
vn 0.433100 0.730000 0.528700
vn 0.512600 0.701300 0.495400
vn -0.241800 0.968400 0.061600
vn 0.311600 0.929700 0.196400
vn 0.010200 0.998600 0.052200
vn 0.008200 0.986400 0.164100
vn 0.341100 0.908300 0.242300
vn 0.007800 0.975800 0.218400
vn 0.265400 0.344700 -0.900400
vn 0.127000 0.248300 -0.960300
vn 0.009700 0.210500 -0.977600
vn 0.454500 0.377800 -0.806600
vn 0.213000 0.508700 -0.834200
vn 0.004000 -0.101100 -0.994900
vn -0.032800 0.009000 -0.999400
vn 0.141400 -0.639700 -0.755500
vn 0.218200 -0.728200 -0.649800
vn 0.229100 -0.739700 -0.632700
vn 0.277700 -0.917300 0.285500
vn 0.360500 -0.798600 0.482100
vn 0.301800 -0.869600 0.390800
vn 0.184500 -0.978600 0.091100
vn 0.295200 -0.925000 0.239200
vn 0.239000 -0.968200 0.073700
vn 0.013900 -0.893700 -0.448400
vn 0.110500 -0.991600 0.067200
vn 0.033000 -0.887300 -0.460000
vn 0.089700 -0.979500 -0.180500
vn 0.174800 -0.958600 0.224900
vn 0.118100 -0.978300 -0.170200
vn -0.178100 -0.021700 -0.983800
vn -0.141300 0.176800 -0.974000
vn -0.097500 0.022900 -0.995000
vn -0.191000 -0.424400 -0.885100
vn -0.254500 -0.174500 -0.951200
vn -0.252200 -0.018900 -0.967500
vn -0.228400 -0.399400 -0.887900
vn -0.178400 -0.752400 -0.634100
vn -0.097000 -0.820300 -0.563700
vn -0.142600 -0.872400 -0.467500
vn -0.260100 -0.589200 -0.765000
vn -0.075200 -0.662300 -0.745500
vn -0.315700 -0.187800 -0.930100
vn -0.324500 -0.508500 -0.797600
vn -0.381000 -0.327400 -0.864700
vn -0.299300 -0.369200 -0.879800
vn -0.263400 -0.696200 -0.667800
vn -0.871900 -0.482300 0.084100
vn -0.981100 0.099300 0.166000
vn -0.979500 -0.201100 -0.013100
vn -0.874800 -0.484500 0.001300
vn -0.911100 -0.381500 0.155900
vn -0.526800 -0.831000 0.179000
vn -0.633800 -0.766900 0.100700
vn 0.209100 -0.969700 0.126200
vn -0.326800 -0.944900 0.018700
vn -0.019000 -0.999500 0.024100
vn 0.455000 -0.863200 0.218600
vn -0.047100 -0.993400 0.104900
vn -0.700700 -0.713400 -0.008700
vn 0.297800 -0.928400 0.222300
vn -0.052900 -0.989900 0.131800
vn 0.546600 -0.766800 0.336400
vn 0.687500 -0.650700 0.322500
vn 0.695600 -0.501400 0.514500
vn 0.540000 -0.750400 0.381100
vn 0.278100 -0.917400 0.284700
vn -0.296100 0.905800 -0.303200
vn -0.314100 0.905600 -0.285200
vn -0.442700 0.773400 -0.453900
vn -0.467900 0.773800 -0.426800
vn -0.711000 0.261200 -0.652800
vn -0.695500 0.005600 -0.718500
vn -0.736200 0.004500 -0.676700
vn -0.278800 0.905500 -0.319900
vn -0.417100 0.773300 -0.477600
vn -0.671100 0.262700 -0.693300
vn -0.655000 0.007600 -0.755600
vn 0.310300 0.905700 0.288800
vn 0.327100 0.905600 0.269800
vn 0.463700 0.774700 0.429800
vn 0.736700 0.312000 0.599900
vn 0.734300 0.066100 0.675600
vn 0.698900 0.311700 0.643700
vn 0.343000 0.906000 0.248100
vn 0.488400 0.775800 0.399500
vn 0.774000 0.311400 0.551300
vn 0.774600 0.066300 0.629000
vn -0.348000 0.904600 -0.246100
vn -0.331800 0.905100 -0.265900
vn -0.516900 0.772000 -0.369900
vn -0.749700 0.259400 -0.608800
vn -0.811000 0.003200 -0.585100
vn -0.784500 0.258700 -0.563600
vn -0.493000 0.773500 -0.398300
vn -0.775400 0.002800 -0.631400
vn 0.293500 0.905300 0.307000
vn 0.277400 0.904700 0.323300
vn 0.436900 0.775000 0.456600
vn 0.412000 0.773900 0.481000
vn 0.621400 0.310900 0.719200
vn 0.692500 0.066200 0.718300
vn 0.651800 0.066400 0.755500
vn 0.659800 0.311000 0.684100
vn 0.260400 0.904000 0.339000
vn 0.240300 0.903500 0.355000
vn 0.385400 0.772700 0.504400
vn 0.354700 0.770500 0.529600
vn 0.534500 0.309500 0.786400
vn 0.608700 0.068000 0.790500
vn 0.558500 0.068700 0.826700
vn 0.581000 0.311000 0.752200
vn -0.260700 0.904900 -0.336400
vn -0.390200 0.772800 -0.500600
vn -0.631400 0.263400 -0.729400
vn -0.611800 0.009100 -0.790900
vn -0.240800 0.904100 -0.353000
vn -0.360900 0.771500 -0.523900
vn -0.589100 0.263800 -0.763800
vn -0.564200 0.011600 -0.825600
vn -0.220100 0.902600 -0.369900
vn -0.331100 0.768400 -0.547700
vn -0.542300 0.264900 -0.797300
vn -0.514000 0.014300 -0.857700
vn -0.201000 0.900100 -0.386600
vn -0.303100 0.764500 -0.568900
vn -0.493200 0.264200 -0.828900
vn -0.466500 0.020300 -0.884300
vn 0.219400 0.901200 0.373700
vn 0.205800 0.895600 0.394400
vn 0.322200 0.763900 0.559100
vn 0.300600 0.750200 0.588900
vn 0.448200 0.255300 0.856700
vn 0.502600 0.063400 0.862200
vn 0.459000 0.009600 0.888400
vn 0.483400 0.303000 0.821300
vn 0.004000 0.968700 -0.248300
vn 0.003800 0.893200 -0.449600
vn 0.003200 0.776300 -0.630300
vn -0.187400 0.898500 -0.397000
vn -0.281700 0.761000 -0.584400
vn -0.446300 0.264700 -0.854800
vn -0.431500 0.052800 -0.900600
vn -0.356300 0.357100 -0.863500
vn -0.411300 0.287700 -0.864900
vn 0.088100 0.979400 0.181500
vn 0.300900 0.723900 0.620800
vn 0.432400 -0.103900 0.895700
vn 0.434800 -0.137000 0.890100
vn 0.432400 -0.104100 0.895700
vn 0.303100 0.728400 0.614500
vn 0.438500 0.124200 0.890100
vn 0.363100 0.905100 0.221200
vn 0.513700 0.775600 0.366700
vn 0.815700 0.310300 0.488100
vn 0.814000 0.067000 0.576900
vn 0.385400 0.901200 0.198200
vn 0.547900 0.770900 0.324800
vn 0.850600 0.304100 0.429000
vn 0.858900 0.067500 0.507700
vn -0.382400 0.900200 -0.208400
vn -0.364200 0.903400 -0.226300
vn -0.562100 0.763600 -0.317700
vn -0.816600 0.257100 -0.516900
vn -0.870200 -0.000200 -0.492700
vn -0.846400 0.248400 -0.471100
vn -0.539900 0.769300 -0.341700
vn -0.843200 0.003800 -0.537600
vn -0.376800 0.926200 0.015200
vn -0.708300 0.705600 0.020200
vn -0.930600 0.365500 0.021500
vn -0.439300 0.891900 -0.107500
vn -0.819300 0.538600 -0.196600
vn -0.974800 0.047700 -0.218100
vn 0.402500 0.895900 0.187800
vn 0.580000 0.762900 0.285700
vn 0.869500 0.293800 0.397100
vn 0.895000 0.063800 0.441600
vn 0.910700 0.057500 0.409000
vn 0.600400 0.752300 0.271200
vn 0.871300 0.298400 0.389500
vn -0.397800 0.895800 -0.198300
vn -0.866900 0.232600 -0.440800
vn -0.582800 0.754700 -0.301300
vn -0.887800 -0.007400 -0.460200
vn -0.536700 -0.682500 -0.496200
vn -0.507500 -0.681700 -0.527100
vn -0.389800 -0.846800 -0.361900
vn -0.368400 -0.846600 -0.384100
vn -0.218700 -0.954000 -0.205000
vn -0.206700 -0.954000 -0.217300
vn -0.478800 -0.680100 -0.555200
vn -0.348200 -0.845400 -0.405100
vn -0.195300 -0.953600 -0.229000
vn 0.590400 -0.651500 0.476400
vn 0.559700 -0.651700 0.512000
vn 0.426700 -0.836900 0.342800
vn 0.404600 -0.836900 0.368600
vn 0.231700 -0.955200 0.184000
vn 0.219700 -0.955200 0.198100
vn 0.621400 -0.650100 0.437400
vn 0.449200 -0.836200 0.314600
vn 0.244100 -0.955000 0.168700
vn -0.565200 -0.682700 -0.463100
vn -0.592200 -0.681500 -0.430100
vn -0.410400 -0.847100 -0.337800
vn -0.430100 -0.846400 -0.313900
vn -0.230300 -0.954100 -0.191600
vn -0.241500 -0.953900 -0.178400
vn 0.498300 -0.649000 0.574900
vn 0.528400 -0.650800 0.545200
vn 0.360900 -0.835200 0.415000
vn 0.382000 -0.836500 0.392800
vn 0.196100 -0.954700 0.223600
vn 0.208000 -0.954900 0.211800
vn 0.431700 -0.642700 0.633000
vn 0.466700 -0.646500 0.603500
vn 0.314000 -0.831600 0.458100
vn 0.338500 -0.833600 0.436400
vn 0.171300 -0.953800 0.246800
vn 0.184300 -0.954200 0.235800
vn -0.448600 -0.677500 -0.582800
vn -0.326400 -0.844100 -0.425400
vn -0.183600 -0.953000 -0.240900
vn -0.415100 -0.673600 -0.611500
vn -0.302300 -0.841500 -0.447800
vn -0.169600 -0.952100 -0.254400
vn -0.377600 -0.668400 -0.640900
vn -0.272800 -0.837500 -0.473500
vn -0.149700 -0.949900 -0.274300
vn -0.344600 -0.653700 -0.673800
vn -0.247000 -0.823000 -0.511600
vn -0.129000 -0.942400 -0.308600
vn 0.359800 -0.682500 0.636200
vn 0.396800 -0.643000 0.655100
vn 0.269300 -0.846100 0.460000
vn 0.291900 -0.830800 0.473900
vn 0.150800 -0.960400 0.234200
vn 0.163000 -0.953400 0.253800
vn -0.035800 -0.093600 -0.995000
vn -0.077400 -0.216400 -0.973200
vn -0.028300 -0.838900 -0.543500
vn -0.032600 0.166100 -0.985600
vn -0.033600 -0.671000 -0.740700
vn -0.329700 -0.623800 -0.708600
vn -0.240400 -0.794100 -0.558300
vn -0.129500 -0.921700 -0.365600
vn 0.320700 -0.753600 0.573800
vn 0.225500 -0.897300 0.379500
vn 0.136400 -0.971400 0.194200
vn 0.657900 -0.646600 0.386200
vn 0.476700 -0.833800 0.278300
vn 0.258800 -0.954300 0.149100
vn 0.691800 -0.637800 0.338600
vn 0.505300 -0.827100 0.246000
vn 0.276900 -0.951600 0.133000
vn -0.617500 -0.679300 -0.396500
vn -0.641400 -0.674500 -0.365600
vn -0.449900 -0.844600 -0.290400
vn -0.469100 -0.841300 -0.268600
vn -0.253300 -0.953100 -0.165600
vn -0.264800 -0.952000 -0.153500
vn -0.908700 -0.415100 -0.043900
vn -0.687900 -0.724900 -0.036800
vn -0.373000 -0.927500 -0.024100
vn -0.737800 -0.648300 -0.188000
vn -0.543200 -0.827500 -0.142100
vn -0.312200 -0.946100 -0.086400
vn 0.709800 -0.629800 0.315400
vn 0.523200 -0.820300 0.231000
vn 0.289400 -0.949000 0.125400
vn -0.658600 -0.669200 -0.344100
vn -0.485200 -0.836400 -0.254800
vn -0.275400 -0.950100 -0.146500
vn 0.473600 -0.366700 0.800800
vn 0.706500 -0.377200 0.598800
vn -0.960700 0.265500 0.081700
vn 0.374200 -0.715300 0.590200
vn 0.930100 -0.119800 -0.347300
vn 0.932600 -0.129700 -0.336800
vn 0.932600 -0.129800 -0.336800
vn 0.071600 0.650000 -0.756500
vn 0.390800 -0.714400 0.580400
vn 0.930100 -0.119400 -0.347200
vn 0.930100 -0.119500 -0.347300
vn -0.321000 -0.089000 -0.942900
vn -0.232600 0.086500 -0.968700
vn -0.135300 0.258400 -0.956500
vn 0.129900 -0.625400 -0.769400
vn -0.136300 -0.200100 0.970300
vn -0.085600 -0.118600 0.989300
vn -0.141000 -0.196300 0.970400
vn -0.551100 -0.678100 -0.486300
vn -0.559900 -0.601900 -0.569500
vn -0.519000 -0.637100 -0.570000
vn -0.022200 -0.049000 0.998600
vn 0.742900 0.656300 -0.132000
vn 0.760500 0.607600 -0.229200
vn 0.777300 0.615300 -0.131700
vn -0.162000 -0.177100 0.970800
vn -0.157900 -0.181000 0.970700
vn -0.507800 -0.711600 -0.485600
vn -0.477600 -0.669600 -0.568800
vn 0.570200 0.811300 -0.129400
vn 0.496700 0.838400 -0.224700
vn 0.560100 0.796400 -0.228100
vn 0.665000 0.735100 -0.132100
vn 0.691800 0.684200 -0.230900
vn 0.706600 0.695100 -0.132700
vn -0.154000 -0.184700 0.970700
vn -0.149800 -0.188700 0.970600
vn -0.018100 -0.052800 0.998400
vn 0.795400 0.561900 -0.227300
vn 0.812900 0.567800 -0.129600
vn -0.771400 -0.438800 -0.460800
vn -0.700200 -0.452300 -0.552400
vn -0.738800 -0.484400 -0.468600
vn -0.704200 -0.527600 -0.475100
vn -0.632700 -0.530600 -0.564000
vn -0.669300 -0.566600 -0.480500
vn 0.830300 0.510200 -0.224300
vn 0.847700 0.514800 -0.128100
vn 0.855600 0.467900 -0.221300
vn 0.872400 0.472300 -0.125700
vn -0.816100 -0.363500 -0.449200
vn -0.760900 -0.368000 -0.534500
vn -0.799000 -0.395400 -0.453000
vn -0.166600 -0.172900 0.970800
vn 0.866900 0.447400 -0.219700
vn 0.883100 0.452100 -0.125300
vn 0.845300 0.485700 -0.222500
vn 0.841000 0.540900 0.014300
vn -0.912800 -0.163300 -0.374400
vn -0.779500 -0.338500 -0.527100
vn -0.086400 -0.113100 0.989800
vn -0.163500 -0.155200 0.974300
vn -0.169400 -0.167200 0.971300
vn -0.463700 -0.742800 -0.482900
vn -0.435500 -0.699900 -0.566200
vn -0.421600 -0.768900 -0.480700
vn -0.395300 -0.726300 -0.562400
vn 0.440300 0.889100 -0.125000
vn 0.404600 0.888100 -0.217900
vn 0.435800 0.872600 -0.220500
vn -0.026500 -0.045200 0.998600
vn -0.391400 -0.785600 -0.479300
vn -0.366900 -0.743600 -0.558900
vn -0.168100 -0.889700 -0.424400
vn -0.161000 -0.842400 -0.514200
vn 0.408100 0.904400 -0.124500
vn 0.437600 0.871700 -0.220600
vn -0.037500 -0.037900 0.998600
vn -0.527700 -0.565000 -0.634300
vn -0.488600 -0.598500 -0.634900
vn 0.085600 0.118600 -0.989300
vn 0.020500 0.068400 -0.997400
vn 0.726900 0.646900 -0.230300
vn 0.740000 0.595500 -0.312900
vn 0.154200 0.163600 -0.974400
vn 0.085700 0.112900 -0.989900
vn 0.161400 0.152100 -0.975100
vn -0.449300 -0.629900 -0.633500
vn -0.409000 -0.658900 -0.631400
vn 0.651600 0.722600 -0.230700
vn 0.592700 0.741400 -0.314600
vn 0.634400 0.705700 -0.315600
vn 0.673300 0.669000 -0.314900
vn 0.608300 0.759700 -0.229900
vn 0.546600 0.777000 -0.312100
vn -0.598100 -0.566000 -0.567400
vn -0.666400 -0.493300 -0.559100
vn -0.597500 -0.496900 -0.629400
vn -0.629700 -0.461300 -0.625000
vn 0.809100 0.501200 -0.306800
vn 0.149600 0.168300 -0.974300
vn 0.085800 0.118000 -0.989300
vn -0.732700 -0.409100 -0.543900
vn -0.663000 -0.422700 -0.617800
vn -0.694700 -0.382000 -0.609400
vn 0.846500 0.439100 -0.301000
vn 0.077300 0.098000 -0.992200
vn 0.164500 0.133100 -0.977400
vn -0.723200 -0.343800 -0.599000
vn -0.870500 -0.159000 -0.465800
vn -0.743400 -0.316900 -0.589000
vn 0.645300 0.644700 -0.409800
vn 0.038200 0.052100 -0.997900
vn 0.485400 0.817700 -0.309500
vn 0.427100 0.852000 -0.302600
vn -0.371500 -0.684900 -0.626800
vn -0.344800 -0.702200 -0.622900
vn 0.045400 0.045100 -0.998000
vn 0.042200 0.049200 -0.997900
vn 0.397600 0.868000 -0.297500
vn 0.418400 0.841600 -0.341600
vn -0.158100 -0.797600 -0.582200
vn 0.620300 0.773300 -0.131200
vn 0.008900 -0.998500 -0.053400
vn -0.013900 -0.987400 -0.157500
vn -0.022500 -0.966300 -0.256500
vn 0.136200 0.181500 -0.973900
vn 0.131800 0.184000 -0.974000
vn 0.707200 0.633300 -0.314300
vn 0.140100 0.178000 -0.974000
vn -0.042300 -0.032300 0.998600
vn -0.145200 -0.192600 0.970500
vn 0.122500 0.192800 -0.973600
vn -0.999800 -0.009200 -0.015900
vn -0.988100 0.020300 0.152300
vn -0.991500 -0.037900 -0.124600
vn -0.999800 -0.013900 -0.016000
vn -0.972900 -0.051600 -0.225500
vn 0.016400 0.071600 -0.997300
vn -0.633600 -0.603900 -0.483600
vn 0.034600 0.055300 -0.997900
vn -0.564500 -0.530800 -0.632100
vn -0.082200 -0.213400 0.973500
vn -0.044200 -0.027000 0.998700
vn -0.110900 -0.224700 0.968100
vn -0.130300 -0.208300 0.969400
vn 0.061400 0.027700 -0.997700
vn 0.047400 0.042200 -0.998000
vn 0.120700 0.197000 -0.972900
vn 0.081700 0.023500 -0.996400
vn -0.081700 -0.099700 0.991700
vn -0.137800 -0.136300 0.981000
vn -0.010900 -0.060100 0.998100
vn -0.085800 -0.117900 0.989300
vn 0.774000 0.551700 -0.310700
vn -0.044300 0.049200 -0.997800
vn 0.051000 0.075000 -0.995900
vn -0.013900 -0.056000 0.998300
vn -0.008200 -0.063200 0.998000
vn 0.143700 0.175000 -0.974000
vn 0.503900 0.854400 -0.126800
vn 0.126700 0.187900 -0.974000
vn -0.063500 -0.080500 0.994700
vn -0.104200 -0.098500 0.989700
vn 0.009300 -0.031300 0.999500
vn -0.147700 -0.066000 0.986800
vn 0.150800 0.113500 -0.982000
vn -0.055500 0.052800 -0.997100
vn 0.041800 0.092800 -0.994800
vn -0.109200 0.035500 -0.993400
vn 0.267100 -0.957200 0.111600
vn 0.079100 -0.936900 0.340600
vn -0.132600 -0.204800 0.969800
vn 0.190700 -0.950800 -0.244200
vn -0.005800 0.067800 -0.997700
vn -0.593900 -0.641500 -0.485600
vn 0.146600 0.171700 -0.974200
vn 0.011400 0.074000 -0.997200
vn -0.007700 -0.059400 0.998200
vn 0.834900 0.459500 -0.303100
vn -0.832600 -0.159500 -0.530400
vn 0.024200 0.065800 -0.997500
vn 0.027500 0.062100 -0.997700
vn 0.031000 0.058800 -0.997800
vn -0.031500 -0.042000 0.998600
vn -0.004700 -0.046700 0.998900
vn -0.935900 0.077300 0.343700
vn -0.719000 0.145700 0.679600
vn -0.928600 0.134100 0.346100
vn -0.841500 0.019200 0.539900
vn -0.441000 0.111400 0.890600
vn -0.703100 0.200500 0.682300
vn -0.443600 0.219000 0.869100
vn 0.227500 0.144500 0.963000
vn -0.318000 -0.005300 0.948100
vn -0.065100 -0.015900 0.997700
vn 0.267300 0.198500 0.943000
vn -0.069600 0.106900 0.991800
vn -0.591500 -0.010400 0.806200
vn -0.059400 0.167600 0.984100
vn 0.641000 0.554600 0.530600
vn 0.833600 0.478200 0.276400
vn -0.036400 0.825900 0.562600
vn 0.473300 0.689200 0.548700
vn 0.681200 0.458400 0.570800
vn 0.810300 0.398900 0.429300
vn 0.355100 0.508200 0.784600
vn 0.118300 -0.735300 0.667300
vn 0.013000 -0.850300 0.526200
vn 0.146600 -0.805600 0.574000
vn 0.167600 -0.727000 0.665900
vn 0.080400 -0.473900 0.876900
vn -0.024100 -0.618600 0.785300
vn 0.178100 -0.483500 0.857000
vn 0.501300 0.864100 0.044000
vn 0.502000 0.651700 0.568600
vn 0.544200 0.772200 0.327900
vn 0.430500 0.854400 0.291000
vn 0.403700 0.698700 0.590700
vn 0.768100 -0.087800 0.634300
vn 0.634000 0.512100 0.579400
vn 0.736700 -0.280100 0.615500
vn 0.453500 0.340500 0.823600
vn -0.026400 -0.358300 0.933200
vn 0.105400 0.194500 0.975200
vn -0.040800 -0.111800 0.992900
vn 0.071300 -0.112600 0.991100
vn 0.153000 0.226500 0.961900
vn 0.126600 -0.111300 0.985700
vn -0.809600 0.115300 -0.575600
vn -0.945800 -0.007200 -0.324600
vn -0.999500 0.030500 -0.011500
vn -0.776800 0.184900 -0.602000
vn -0.804500 0.034900 -0.592900
vn -0.629500 0.032000 -0.776300
vn -0.460200 0.242700 -0.854000
vn 0.587500 0.455900 -0.668600
vn 0.501500 0.764000 -0.406100
vn 0.731000 0.410700 -0.545000
vn 0.359100 0.315000 -0.878500
vn 0.724400 0.601500 -0.336800
vn 0.331500 0.380700 -0.863200
vn 0.454800 0.375200 -0.807700
vn -0.257500 0.079900 -0.963000
vn 0.269100 0.207100 -0.940600
vn 0.020400 0.182100 -0.983100
vn 0.514100 0.308500 -0.800300
vn 0.007500 0.210300 -0.977600
vn 0.153700 -0.809300 -0.566900
vn 0.347300 -0.825600 -0.444700
vn 0.015600 -0.947600 -0.319200
vn 0.054900 -0.809100 -0.585100
vn 0.180800 -0.980900 -0.072000
vn 0.260000 -0.423900 -0.867600
vn 0.176900 -0.539100 -0.823500
vn 0.213500 0.326200 -0.920900
vn 0.109900 -0.208400 -0.971900
vn 0.117400 0.104100 -0.987600
vn 0.293700 0.557400 -0.776500
vn 0.197500 0.075000 -0.977400
vn 0.064700 -0.608300 -0.791100
vn 0.304900 0.409200 -0.860000
vn 0.224200 0.069100 -0.972100
vn 0.395100 0.637400 -0.661500
vn 0.374700 0.761400 -0.529000
vn 0.452700 0.816200 -0.359000
vn 0.422400 0.599100 -0.680200
vn 0.365700 0.388300 -0.845800
vn -0.384400 -0.405200 0.829500
vn -0.366000 -0.423000 0.828900
vn -0.520300 -0.533900 0.666500
vn -0.493200 -0.559300 0.666300
vn -0.667400 -0.736700 0.108600
vn -0.708900 -0.689700 -0.147600
vn -0.666800 -0.730000 -0.149900
vn -0.400900 -0.388000 0.829900
vn -0.544100 -0.508800 0.667100
vn -0.708400 -0.697100 0.110800
vn -0.746300 -0.649600 -0.145600
vn 0.200200 0.196600 0.959800
vn 0.181100 0.213300 0.960100
vn 0.350500 0.363900 0.863000
vn 0.561000 0.692200 0.454000
vn 0.659100 0.719700 0.218400
vn 0.605000 0.654400 0.453600
vn 0.159100 0.229100 0.960300
vn 0.321100 0.389200 0.863400
vn 0.512100 0.729100 0.454000
vn 0.612400 0.759600 0.219100
vn -0.326200 -0.456100 0.828000
vn -0.346200 -0.440200 0.828500
vn -0.435400 -0.607700 0.664200
vn -0.622900 -0.774900 0.107700
vn -0.574800 -0.804200 -0.151200
vn -0.577600 -0.809400 0.106400
vn -0.464900 -0.584600 0.664900
vn -0.621200 -0.769000 -0.150800
vn 0.218800 0.180200 0.959000
vn 0.235000 0.164100 0.958000
vn 0.378800 0.338600 0.861300
vn 0.402200 0.312900 0.860400
vn 0.680900 0.577700 0.450200
vn 0.702100 0.678100 0.217400
vn 0.739400 0.637500 0.216700
vn 0.645200 0.615400 0.452800
vn 0.250700 0.147100 0.956800
vn 0.265100 0.128700 0.955600
vn 0.426900 0.287500 0.857400
vn 0.450500 0.258600 0.854500
vn 0.748400 0.492700 0.444100
vn 0.774700 0.594500 0.215200
vn 0.810500 0.545300 0.213900
vn 0.714100 0.537400 0.448600
vn -0.418200 -0.370100 0.829500
vn -0.568500 -0.482300 0.666500
vn -0.744600 -0.658000 0.112000
vn -0.782100 -0.606900 -0.141100
vn -0.435600 -0.350400 0.829100
vn -0.592500 -0.453300 0.666000
vn -0.779500 -0.615800 0.114500
vn -0.817200 -0.559700 -0.137400
vn -0.451500 -0.329100 0.829400
vn -0.615600 -0.423300 0.664700
vn -0.813700 -0.569600 0.115500
vn -0.849900 -0.510100 -0.132000
vn -0.459100 -0.304600 0.834600
vn -0.630800 -0.392600 0.669300
vn -0.845700 -0.520300 0.118800
vn -0.877000 -0.462800 -0.129200
vn 0.276700 0.116400 0.953900
vn 0.289500 0.117300 0.950000
vn 0.471600 0.234400 0.850100
vn 0.489400 0.225500 0.842400
vn 0.800500 0.413800 0.433500
vn 0.843700 0.493100 0.212100
vn 0.866100 0.454400 0.208400
vn 0.779100 0.446700 0.439800
vn -0.428900 -0.179300 0.885400
vn -0.417300 -0.056400 0.907000
vn -0.835200 -0.239200 0.495200
vn -0.746900 -0.038200 0.663900
vn -0.978000 -0.206600 -0.030100
vn -0.954600 -0.013300 0.297600
vn -0.210800 -0.177900 0.961200
vn -0.631700 -0.365500 0.683700
vn -0.874000 -0.471800 0.116200
vn -0.894400 -0.427700 -0.131000
vn -0.642900 -0.359900 0.676100
vn -0.892700 -0.437400 0.108200
vn 0.305600 0.125500 0.943800
vn 0.504500 0.228300 0.832700
vn 0.875900 0.437700 0.202900
vn 0.811700 0.400000 0.425600
vn 0.131900 0.248300 0.959700
vn 0.287900 0.414900 0.863100
vn 0.449100 0.771200 0.451200
vn 0.560000 0.798700 0.220100
vn 0.109500 0.271900 0.956100
vn 0.245000 0.447000 0.860300
vn 0.390700 0.806700 0.443300
vn 0.490500 0.843300 0.219500
vn -0.288000 -0.489400 0.823200
vn -0.306000 -0.472200 0.826700
vn -0.382000 -0.650400 0.656500
vn -0.530500 -0.841200 0.104600
vn -0.482000 -0.862700 -0.152900
vn -0.483800 -0.869700 0.097400
vn -0.406700 -0.630000 0.661600
vn -0.527100 -0.836400 -0.150600
vn -0.067400 -0.487500 0.870500
vn -0.038600 -0.790000 0.611900
vn -0.003500 -0.968200 0.250300
vn -0.185800 -0.545300 0.817400
vn -0.237700 -0.879100 0.413100
vn -0.211900 -0.972800 -0.093400
vn 0.099300 0.289100 0.952100
vn 0.207700 0.482200 0.851100
vn 0.359700 0.826400 0.433300
vn 0.425000 0.879800 0.213000
vn 0.393000 0.896300 0.205300
vn 0.193300 0.502000 0.843000
vn 0.351600 0.827500 0.437800
vn -0.276900 -0.504300 0.817900
vn -0.451900 -0.888300 0.082000
vn -0.364300 -0.670100 0.646700
vn -0.448600 -0.879500 -0.158800
vn -0.425000 -0.448400 -0.786300
vn -0.456700 -0.419700 -0.784400
vn -0.277600 -0.282700 -0.918200
vn -0.300200 -0.261600 -0.917300
vn -0.113300 -0.100100 -0.988500
vn -0.125500 -0.088000 -0.988200
vn -0.484800 -0.391000 -0.782400
vn -0.321200 -0.241400 -0.915700
vn -0.137400 -0.076800 -0.987500
vn 0.529000 0.664800 -0.527400
vn 0.564600 0.634100 -0.528400
vn 0.414800 0.525300 -0.743000
vn 0.440600 0.503100 -0.743400
vn 0.269900 0.346800 -0.898300
vn 0.284100 0.334600 -0.898500
vn 0.489900 0.695500 -0.525700
vn 0.386500 0.547500 -0.742200
vn 0.254400 0.358600 -0.898200
vn -0.392000 -0.476700 -0.786800
vn -0.359100 -0.503800 -0.785600
vn -0.253500 -0.303200 -0.918600
vn -0.229800 -0.323100 -0.918000
vn -0.099900 -0.111900 -0.988700
vn -0.086800 -0.123000 -0.988600
vn 0.627600 0.573000 -0.527100
vn 0.598200 0.603200 -0.527600
vn 0.486900 0.459400 -0.742900
vn 0.465000 0.480800 -0.743400
vn 0.309600 0.311100 -0.898500
vn 0.297500 0.322800 -0.898500
vn 0.687000 0.504100 -0.523400
vn 0.656300 0.541000 -0.525900
vn 0.531900 0.410200 -0.740800
vn 0.508100 0.436800 -0.742300
vn 0.335400 0.283900 -0.898300
vn 0.321200 0.298900 -0.898600
vn -0.512900 -0.361600 -0.778600
vn -0.342300 -0.220500 -0.913400
vn -0.149600 -0.065300 -0.986600
vn -0.542400 -0.329500 -0.772800
vn -0.364100 -0.197400 -0.910200
vn -0.162500 -0.053000 -0.985300
vn -0.571200 -0.296000 -0.765600
vn -0.388000 -0.174500 -0.905000
vn -0.177300 -0.040900 -0.983300
vn -0.601100 -0.266800 -0.753400
vn -0.418300 -0.157700 -0.894500
vn -0.204700 -0.036700 -0.978100
vn 0.747300 0.421000 -0.514100
vn 0.720900 0.459600 -0.518700
vn 0.584400 0.343500 -0.735200
vn 0.560900 0.375900 -0.737600
vn 0.370300 0.236300 -0.898300
vn 0.354800 0.261700 -0.897600
vn -0.870500 -0.031100 -0.491200
vn -0.711700 -0.128900 -0.690600
vn -0.640400 -0.001200 -0.768100
vn -0.537500 -0.078700 -0.839600
vn -0.335000 0.028700 -0.941800
vn -0.336400 -0.024200 -0.941400
vn -0.628600 -0.249300 -0.736700
vn -0.457100 -0.154500 -0.875900
vn -0.252500 -0.047600 -0.966400
vn 0.758400 0.401200 -0.513800
vn 0.591700 0.324400 -0.738000
vn 0.369800 0.217700 -0.903300
vn 0.438000 0.731400 -0.522700
vn 0.350000 0.574700 -0.739700
vn 0.234600 0.373200 -0.897600
vn 0.389800 0.764300 -0.513600
vn 0.316800 0.602100 -0.732900
vn 0.217800 0.390400 -0.894500
vn -0.325500 -0.529500 -0.783400
vn -0.294700 -0.553000 -0.779300
vn -0.206100 -0.342900 -0.916500
vn -0.184400 -0.362000 -0.913800
vn -0.073200 -0.133800 -0.988300
vn -0.061500 -0.146100 -0.987400
vn 0.003900 -0.851300 -0.524600
vn 0.037700 -0.594200 -0.803500
vn 0.066100 -0.256700 -0.964200
vn -0.119400 -0.652200 -0.748600
vn -0.059000 -0.437500 -0.897300
vn 0.005100 -0.194000 -0.981000
vn 0.365800 0.781600 -0.505300
vn 0.300900 0.619000 -0.725400
vn 0.210100 0.402800 -0.890800
vn -0.273600 -0.570900 -0.774100
vn -0.171000 -0.378900 -0.909500
vn -0.054700 -0.156800 -0.986100
vn 0.477200 0.849900 -0.223400
vn 0.467300 -0.881300 0.070000
vn 0.466200 -0.881900 0.070200
vn 0.483800 0.846100 -0.223800
vn 0.966500 -0.226200 -0.121700
vn 0.519900 -0.852300 0.057200
vn 0.822700 0.557600 -0.110600
vn -0.255800 0.959200 -0.120600
vn -0.271900 0.955100 -0.117600
vn -0.256000 0.959100 -0.120600
vn -0.272400 0.955000 -0.117500
vn -0.986700 0.061200 0.150600
vn 0.816300 0.531700 -0.225600
vn -0.272400 0.955000 -0.117400
vn -0.246200 0.800600 0.546300
vn 0.102900 -0.985700 0.133200
usemtl Holocron_Corners.001
f 649/649/698 650/650/699 651/651/700
f 652/652/701 653/653/702 654/654/703
f 655/655/699 656/656/704 657/657/699
f 658/658/705 659/659/706 660/660/707
f 661/661/699 662/662/708 663/663/709
f 664/664/710 654/654/703 665/665/711
f 666/666/712 667/667/713 668/668/714
f 669/669/715 670/670/716 671/671/717
f 657/657/699 672/672/718 673/673/719
f 674/674/720 661/661/699 675/675/699
f 660/660/707 676/676/721 677/677/722
f 678/678/723 679/679/724 680/680/725
f 681/681/726 682/682/727 683/683/728
f 677/677/722 684/684/729 685/685/730
f 685/685/730 686/686/731 687/687/732
f 688/688/733 689/689/734 690/690/735
f 691/691/699 692/692/736 662/662/708
f 687/687/732 693/693/737 694/694/738
f 694/694/738 695/695/739 696/696/740
f 697/697/741 698/698/742 688/688/733
f 699/699/699 700/700/743 701/701/744
f 702/702/745 665/665/711 703/703/746
f 704/704/747 703/703/746 705/705/748
f 706/706/749 707/707/750 708/708/751
f 650/650/699 709/709/752 655/655/699
f 710/710/753 705/705/748 711/711/754
f 712/712/755 711/711/754 713/713/756
f 714/714/757 715/715/758 707/707/750
f 716/716/699 717/717/759 718/718/699
f 654/654/703 719/719/760 720/720/761
f 721/721/762 722/722/763 723/723/762
f 724/724/764 725/725/765 659/659/706
f 726/726/766 727/727/762 728/728/767
f 703/703/746 729/729/768 730/730/769
f 731/731/770 732/732/771 733/733/772
f 731/731/770 734/734/773 670/670/716
f 735/735/774 736/736/775 732/732/771
f 737/737/776 719/719/760 653/653/702
f 738/738/777 739/739/778 682/682/727
f 679/679/724 740/740/779 738/738/777
f 676/676/721 741/741/780 684/684/729
f 742/742/781 743/743/762 726/726/766
f 744/744/782 745/745/783 679/679/724
f 689/689/734 746/746/784 744/744/782
f 686/686/731 747/747/785 693/693/737
f 728/728/767 748/748/786 749/749/787
f 698/698/742 750/750/788 689/689/734
f 751/751/789 752/752/790 698/698/742
f 693/693/737 753/753/791 695/695/739
f 754/754/792 755/755/762 756/756/762
f 668/668/714 757/757/793 736/736/775
f 667/667/713 758/758/794 757/757/793
f 711/711/754 759/759/795 760/760/796
f 761/761/762 762/762/797 763/763/798
f 708/708/751 764/764/799 758/758/794
f 707/707/750 765/765/800 764/764/799
f 713/713/756 760/760/796 766/766/801
f 767/767/802 668/668/714 735/735/774
f 768/768/803 713/769/756 769/770/804
f 769/770/804 766/771/801 770/772/805
f 756/756/762 771/773/806 772/774/807
f 656/656/704 675/675/699 657/657/699
f 671/671/717 724/724/764 658/658/705
f 670/670/716 773/775/808 724/724/764
f 755/755/762 774/776/809 771/773/806
f 775/777/699 776/778/810 716/716/699
f 651/651/700 655/655/699 777/779/811
f 665/665/711 720/720/761 729/729/768
f 778/780/812 779/781/762 780/782/762
f 680/680/725 738/738/777 681/681/726
f 781/783/813 782/784/814 783/785/815
f 783/785/815 784/786/816 785/787/817
f 723/723/762 786/788/818 743/743/762
f 683/683/728 737/737/776 787/789/819
f 669/669/715 735/735/774 731/731/770
f 788/790/820 789/791/762 755/755/762
f 682/682/727 790/792/821 737/737/776
f 791/793/822 792/794/823 775/777/699
f 793/795/824 775/777/699 794/796/825
f 779/781/762 795/797/826 796/798/827
f 797/799/828 798/800/829 779/781/762
f 799/801/830 800/802/831 700/700/743
f 801/803/832 802/804/699 691/691/699
f 659/659/706 803/805/833 676/676/721
f 748/748/786 804/806/834 805/807/835
f 806/808/836 691/691/699 661/661/699
f 807/809/837 699/699/699 802/804/699
f 808/810/762 774/776/809 789/791/762
f 721/721/762 809/811/838 808/810/762
f 810/812/839 708/708/751 667/667/713
f 756/756/762 763/763/798 754/754/792
f 811/813/840 780/782/762 761/761/762
f 812/814/841 813/815/842 800/802/831
f 814/816/843 815/817/844 812/814/841
f 816/818/845 817/819/846 818/820/847
f 805/807/835 819/821/848 817/819/846
f 768/768/803 820/822/849 821/823/850
f 822/824/851 718/718/699 649/649/698
f 705/705/748 730/730/769 759/759/795
f 769/770/804 823/825/852 820/822/849
f 690/690/735 744/744/782 678/678/723
f 794/796/825 716/716/699 822/824/851
f 780/782/762 796/798/827 762/762/797
f 727/727/762 824/826/853 748/748/786
f 802/804/699 701/701/744 692/692/736
f 787/789/819 653/653/702 825/827/854
f 826/828/855 723/723/762 742/742/781
f 743/743/762 827/829/856 727/727/762
f 781/830/813 751/751/789 697/697/741
f 828/831/857 799/801/830 699/699/699
f 684/684/729 829/832/858 686/686/731
f 783/833/815 830/834/859 751/751/789
f 777/779/811 657/657/699 673/673/719
f 675/675/699 663/663/709 672/672/718
f 831/835/860 808/810/762 832/836/861
f 832/836/861 789/791/762 833/837/862
f 718/718/699 834/838/863 650/650/699
f 835/839/864 812/814/841 799/801/830
f 749/749/787 805/807/835 816/818/845
f 772/774/807 761/761/762 756/756/762
f 836/840/865 837/841/866 838/842/867
f 839/843/868 840/844/869 837/841/866
f 838/842/867 837/841/866 841/845/870
f 837/841/866 842/846/871 841/845/870
f 843/847/872 844/848/873 845/849/874
f 846/850/875 847/851/876 843/847/872
f 847/851/876 848/852/877 844/848/873
f 849/853/878 840/844/869 847/851/876
f 696/696/740 850/854/879 851/855/880
f 838/856/881 841/845/882 850/857/879
f 851/858/880 849/853/883 846/850/884
f 850/857/879 842/846/885 849/853/883
f 821/823/850 852/859/886 853/860/887
f 854/861/888 855/862/889 852/859/886
f 853/860/887 856/863/890 857/864/891
f 852/859/886 858/865/892 856/863/890
f 859/866/893 860/867/894 861/868/895
f 862/869/896 863/870/897 860/871/894
f 861/872/895 860/871/894 855/862/898
f 860/871/894 858/865/899 855/862/898
f 864/873/900 865/874/901 866/875/902
f 857/864/891 867/876/903 864/873/900
f 867/876/903 868/877/904 865/874/901
f 856/863/890 863/870/905 867/876/903
f 784/878/816 869/879/906 870/880/907
f 871/881/908 872/882/909 869/879/906
f 870/880/907 873/883/910 874/884/911
f 869/879/906 875/885/912 873/883/910
f 753/753/791 876/886/913 871/887/914
f 877/888/915 878/889/916 876/886/913
f 871/887/914 876/886/913 872/882/917
f 876/886/913 875/885/918 872/882/917
f 879/890/919 880/891/920 818/820/847
f 874/884/911 881/892/921 879/890/919
f 881/892/921 882/893/922 880/891/920
f 873/883/923 878/889/916 881/892/921
f 823/825/852 883/894/924 884/895/925
f 885/896/926 886/897/927 883/898/924
f 884/899/925 883/898/924 887/900/928
f 883/898/924 888/901/929 887/900/930
f 889/902/931 890/903/932 891/904/933
f 892/905/934 893/906/935 889/902/931
f 893/906/935 894/907/936 890/903/932
f 895/908/937 886/897/938 893/906/935
f 765/765/800 896/909/939 897/910/940
f 884/911/941 887/900/942 896/909/939
f 897/910/940 895/908/937 892/905/934
f 896/909/939 888/901/943 895/908/937
f 673/673/719 898/912/944 899/913/945
f 899/913/945 900/914/946 901/915/947
f 901/915/948 902/916/949 903/917/950
f 902/918/949 825/827/854 903/919/950
f 672/672/718 904/920/951 898/912/944
f 898/912/944 905/921/952 900/914/946
f 900/914/953 906/922/954 902/916/949
f 906/923/954 787/789/819 902/918/949
f 709/709/752 907/924/955 656/656/704
f 908/925/956 909/926/957 907/924/955
f 910/927/958 911/928/959 909/926/960
f 911/929/959 767/767/802 669/669/715
f 834/838/863 908/925/956 709/709/752
f 912/930/961 910/927/962 908/925/956
f 913/931/963 914/932/964 910/927/958
f 914/933/964 666/666/712 767/767/802
f 777/779/811 915/934/965 651/651/700
f 916/935/966 917/936/967 915/934/965
f 918/937/968 919/938/969 917/936/970
f 919/939/969 652/652/701 664/664/710
f 673/673/719 916/935/966 777/779/811
f 899/913/945 918/937/971 916/935/966
f 901/915/948 920/940/972 918/937/968
f 920/941/972 825/827/854 652/652/701
f 806/808/836 921/942/973 922/943/974
f 922/943/974 923/944/975 924/945/976
f 924/945/977 925/946/978 926/947/979
f 925/948/978 658/658/705 926/949/979
f 674/674/720 907/924/955 921/942/973
f 921/942/973 909/926/957 923/944/975
f 923/944/980 911/928/959 925/946/978
f 911/929/959 671/671/717 925/948/978
f 807/809/837 927/950/981 928/951/982
f 928/951/982 929/952/983 930/953/984
f 930/953/985 931/954/986 932/955/987
f 931/956/986 677/677/722 932/957/987
f 801/803/832 922/943/974 927/950/981
f 927/950/981 924/945/976 929/952/983
f 929/952/988 926/947/979 931/954/986
f 926/949/979 660/660/707 931/956/986
f 663/663/709 933/958/989 904/920/951
f 904/920/951 934/959/990 905/921/952
f 905/921/991 935/960/992 906/922/954
f 935/961/992 683/683/728 906/923/954
f 662/662/708 936/962/993 933/958/989
f 933/958/989 937/963/994 934/959/990
f 934/959/995 938/964/996 935/960/992
f 938/965/996 681/681/726 935/961/992
f 692/692/736 939/966/997 936/962/993
f 936/962/993 940/967/998 937/963/994
f 937/963/999 941/968/1000 938/964/996
f 941/969/1000 680/680/725 938/965/996
f 701/701/744 942/970/1001 939/966/997
f 939/966/997 943/971/1002 940/967/998
f 940/967/1003 944/972/1004 941/968/1000
f 944/973/1004 678/678/723 941/969/1000
f 835/839/864 945/974/1005 946/975/1006
f 946/975/1006 947/976/1007 948/977/1008
f 948/977/1009 949/978/1010 950/979/1011
f 949/980/1010 687/687/732 950/981/1011
f 828/831/857 928/951/982 945/974/1005
f 945/974/1005 930/953/984 947/976/1007
f 947/976/1012 932/955/987 949/978/1010
f 932/957/987 685/685/730 949/980/1010
f 815/817/844 951/982/1013 813/815/842
f 952/983/1014 953/984/1015 951/982/1013
f 954/985/1016 955/986/1017 953/984/1015
f 956/987/1018 697/697/741 955/988/1017
f 845/849/874 952/983/1014 815/817/844
f 844/848/873 954/985/1016 952/983/1014
f 848/852/877 956/989/1018 954/985/1016
f 839/843/868 781/783/813 956/989/1018
f 700/700/743 957/990/1019 942/970/1001
f 942/970/1001 958/991/1020 943/971/1002
f 943/971/1021 959/992/1022 944/972/1004
f 944/973/1004 688/688/733 690/690/735
f 800/802/831 951/982/1013 957/990/1019
f 957/990/1023 953/984/1015 958/991/1020
f 958/991/1024 955/986/1017 959/992/1022
f 955/988/1017 688/688/733 959/993/1022
f 845/849/874 960/994/1025 843/847/872
f 843/847/872 961/995/1026 846/850/875
f 846/850/884 962/996/1027 851/858/880
f 851/855/880 694/694/738 696/696/740
f 814/816/843 946/975/1006 960/994/1025
f 960/994/1025 948/977/1008 961/995/1026
f 961/995/1028 950/979/1011 962/996/1027
f 962/997/1027 687/687/732 694/694/738
f 717/717/759 912/930/961 834/838/863
f 963/998/1029 913/931/1030 912/930/961
f 964/999/1031 965/1000/1032 913/931/963
f 965/1001/1032 810/812/839 666/666/712
f 776/778/810 963/998/1029 717/717/759
f 966/1002/1033 964/999/1034 963/998/1029
f 967/1003/1035 968/1004/1036 964/999/1031
f 968/1005/1036 706/706/749 810/812/839
f 649/649/698 969/1006/1037 822/824/851
f 970/1007/1038 971/1008/1039 969/1006/1037
f 972/1009/1040 973/1010/1041 971/1008/1042
f 973/1010/1041 702/1011/745 704/1012/747
f 651/651/700 970/1007/1038 649/649/698
f 915/934/965 972/1009/1043 970/1007/1038
f 917/936/970 974/1013/1044 972/1009/1040
f 974/1013/1044 664/1014/710 702/1011/745
f 866/875/902 975/1015/1045 864/873/900
f 864/873/900 976/1016/1046 857/864/891
f 857/864/891 977/1017/1047 853/860/887
f 853/860/887 768/768/803 821/823/850
f 791/793/822 978/1018/1048 975/1015/1045
f 975/1015/1045 979/1019/1049 976/1016/1046
f 976/1016/1046 980/1020/1050 977/1017/1047
f 977/1017/1047 712/1021/755 768/768/803
f 792/794/823 966/1002/1033 776/778/810
f 981/1022/1051 967/1003/1052 966/1002/1033
f 982/1023/1053 983/1024/1054 967/1003/1035
f 984/1025/1055 706/706/749 983/1026/1054
f 866/875/902 981/1022/1051 792/794/823
f 865/874/901 982/1023/1056 981/1022/1051
f 868/877/1057 984/1027/1055 982/1023/1053
f 862/1028/896 714/714/757 984/1025/1055
f 794/796/825 978/1018/1048 793/795/824
f 985/1029/1058 979/1019/1049 978/1018/1048
f 986/1030/1059 980/1020/1050 979/1019/1049
f 980/1020/1050 710/1031/753 712/1021/755
f 822/824/851 985/1029/1058 794/796/825
f 969/1006/1037 986/1030/1060 985/1029/1058
f 971/1008/1042 987/1032/1061 986/1030/1059
f 973/1010/1041 710/1031/753 987/1032/1061
f 790/792/821 988/1033/1062 719/719/760
f 989/1034/1063 990/1035/1064 988/1033/1062
f 991/1036/1065 992/1037/1066 990/1035/1064
f 993/1038/1067 833/837/862 992/1037/1066
f 739/739/778 989/1034/1063 790/792/821
f 994/1039/1068 991/1036/1065 989/1034/1063
f 995/1040/1069 993/1038/1067 991/1036/1065
f 996/1041/1070 832/836/861 993/1038/1067
f 733/733/772 997/1042/1071 998/1043/1072
f 998/1043/1072 999/1044/1073 1000/1045/1074
f 1000/1045/1074 1001/1046/1075 1002/1047/1076
f 1002/1047/1076 771/773/806 774/776/809
f 732/732/771 1003/1048/1077 997/1042/1071
f 997/1042/1071 1004/1049/1078 999/1044/1073
f 999/1044/1073 1005/1050/1079 1001/1046/1075
f 1001/1046/1075 772/774/807 771/773/806
f 729/729/768 1006/1051/1080 1007/1052/1081
f 1007/1052/1081 1008/1053/1082 1009/1054/1083
f 1009/1054/1083 1010/1055/1084 1011/1056/1085
f 1011/1056/1085 788/790/820 754/754/792
f 720/720/761 988/1033/1062 1006/1051/1080
f 1006/1051/1080 990/1035/1064 1008/1053/1082
f 1008/1053/1082 992/1037/1066 1010/1055/1084
f 1010/1055/1084 833/837/862 788/790/820
f 734/734/773 1012/1057/1086 773/775/808
f 1013/1058/1087 1014/1059/1088 1012/1057/1086
f 1015/1060/1089 1016/1061/1090 1014/1059/1088
f 1017/1062/1091 826/828/855 1016/1061/1090
f 733/733/772 1013/1058/1087 734/734/773
f 998/1043/1072 1015/1060/1089 1013/1058/1087
f 1000/1045/1074 1017/1062/1091 1015/1060/1089
f 1002/1047/1076 809/811/838 1017/1062/1091
f 725/725/765 1018/1063/1092 803/805/833
f 1019/1064/1093 1020/1065/1094 1018/1063/1092
f 1021/1066/1095 1022/1067/1096 1020/1065/1094
f 1023/1068/1097 726/726/766 1022/1067/1096
f 773/775/808 1019/1064/1093 725/725/765
f 1012/1057/1086 1021/1066/1095 1019/1064/1093
f 1014/1059/1088 1023/1068/1097 1021/1066/1095
f 1016/1061/1090 742/742/781 1023/1068/1097
f 740/740/779 994/1039/1068 739/739/778
f 1024/1069/1098 995/1040/1069 994/1039/1068
f 1025/1070/1099 996/1041/1070 995/1040/1069
f 1026/1071/1100 831/835/860 996/1041/1070
f 745/745/783 1024/1069/1098 740/740/779
f 1027/1072/1101 1025/1070/1099 1024/1069/1098
f 1028/1073/1102 1026/1071/1100 1025/1070/1099
f 1029/1074/1103 722/722/763 1026/1071/1100
f 746/746/784 1027/1072/1101 745/745/783
f 1030/1075/1104 1028/1073/1102 1027/1072/1101
f 1031/1076/1105 1029/1074/1103 1028/1073/1102
f 1032/1077/1106 786/788/818 1029/1074/1103
f 750/750/788 1030/1075/1104 746/746/784
f 1033/1078/1107 1031/1076/1105 1030/1075/1104
f 1034/1079/1108 1032/1077/1106 1031/1076/1105
f 1035/1080/1109 827/829/856 1032/1077/1106
f 741/741/780 1036/1081/1110 829/832/858
f 1037/1082/1111 1038/1083/1112 1036/1081/1110
f 1039/1084/1113 1040/1085/1114 1038/1083/1112
f 1041/1086/1115 749/749/787 1040/1085/1114
f 803/805/833 1037/1082/1111 741/741/780
f 1018/1063/1092 1039/1084/1113 1037/1082/1111
f 1020/1065/1094 1041/1086/1115 1039/1084/1113
f 1022/1067/1096 728/728/767 1041/1086/1115
f 830/834/859 1042/1087/1116 1043/1088/1117
f 1043/1088/1117 1044/1089/1118 1045/1090/1119
f 1045/1090/1119 1046/1091/1120 1047/1092/1121
f 1047/1092/1121 817/819/846 819/821/848
f 785/1093/817 870/880/907 1042/1087/1116
f 1042/1087/1116 874/884/911 1044/1089/1118
f 1044/1089/1118 879/890/919 1046/1091/1120
f 1046/1091/1120 818/820/847 817/819/846
f 752/752/790 1033/1078/1107 750/750/788
f 1048/1094/1122 1034/1079/1108 1033/1078/1107
f 1049/1095/1123 1035/1080/1109 1034/1079/1108
f 1050/1096/1124 824/826/853 1035/1080/1109
f 830/834/859 1048/1094/1122 752/752/790
f 1043/1088/1117 1049/1095/1123 1048/1094/1122
f 1045/1090/1119 1050/1096/1124 1049/1095/1123
f 1047/1092/1121 804/806/834 1050/1096/1124
f 747/747/785 877/888/915 753/753/791
f 1051/1097/1125 882/893/922 877/888/915
f 1052/1098/1126 880/891/920 882/893/922
f 1053/1099/1127 818/820/847 880/891/920
f 829/832/858 1051/1097/1125 747/747/785
f 1036/1081/1110 1052/1098/1126 1051/1097/1125
f 1038/1083/1112 1053/1099/1127 1052/1098/1126
f 1040/1085/1114 816/818/845 1053/1099/1127
f 736/736/775 1054/1100/1128 1003/1048/1077
f 1003/1048/1077 1055/1101/1129 1004/1049/1078
f 1004/1049/1078 1056/1102/1130 1005/1050/1079
f 1005/1050/1079 811/813/840 772/774/807
f 757/757/793 1057/1103/1131 1054/1100/1128
f 1054/1100/1128 1058/1104/1132 1055/1101/1129
f 1055/1101/1129 1059/1105/1133 1056/1102/1130
f 1056/1102/1130 778/780/812 811/813/840
f 759/759/795 1060/1106/1134 1061/1107/1135
f 1061/1107/1135 1062/1108/1136 1063/1109/1137
f 1063/1109/1137 1064/1110/1138 1065/1111/1139
f 1065/1111/1139 763/763/798 762/762/797
f 730/730/769 1007/1052/1081 1060/1106/1134
f 1060/1106/1134 1009/1054/1083 1062/1108/1136
f 1062/1108/1136 1011/1056/1085 1064/1110/1138
f 1064/1110/1138 754/754/792 763/763/798
f 770/772/805 885/1112/926 823/825/852
f 1066/1113/1140 894/907/936 885/896/926
f 1067/1114/1141 890/903/932 894/907/936
f 1068/1115/1142 891/904/933 890/903/932
f 766/766/801 1066/1113/1140 770/1116/805
f 1069/1117/1143 1067/1114/1141 1066/1113/1140
f 1070/1118/1144 1068/1115/1142 1067/1114/1141
f 1071/1119/1145 798/800/829 1068/1115/1142
f 758/758/794 1072/1120/1146 1057/1103/1131
f 1057/1103/1131 1073/1121/1147 1058/1104/1132
f 1058/1104/1132 1074/1122/1148 1059/1105/1133
f 1059/1105/1133 797/799/828 778/780/812
f 764/764/799 897/910/940 1072/1120/1146
f 1072/1120/1146 892/905/934 1073/1121/1147
f 1073/1121/1147 889/902/931 1074/1122/1148
f 1074/1122/1148 891/904/933 797/799/828
f 766/766/801 1075/1123/1149 1069/1117/1143
f 1069/1117/1143 1076/1124/1150 1070/1118/1144
f 1070/1118/1144 1077/1125/1151 1071/1119/1145
f 1071/1119/1145 796/798/827 795/797/826
f 760/760/796 1061/1107/1135 1075/1123/1149
f 1075/1123/1149 1063/1109/1137 1076/1124/1150
f 1076/1124/1150 1065/1111/1139 1077/1125/1151
f 1077/1125/1151 762/762/797 796/798/827
f 765/765/800 1078/1126/1152 884/1127/941
f 884/895/925 820/822/849 823/825/852
f 715/715/758 861/868/1153 1078/1126/1152
f 1078/1128/1154 861/1129/1155 854/861/1154
f 1078/1130/1156 821/823/850 820/822/849
f 695/695/739 838/1131/1157 696/696/740
f 1079/1132/1158 836/840/865 838/842/867
f 753/753/791 1079/1133/1159 695/695/739
f 871/1134/908 782/784/814 1079/1132/1158
f 658/658/705 724/724/764 659/659/706
f 685/685/730 684/684/729 686/686/731
f 687/687/732 686/686/731 693/693/737
f 654/654/703 653/653/702 719/719/760
f 721/721/762 831/835/860 722/722/763
f 724/724/764 773/775/808 725/725/765
f 726/726/766 743/743/762 727/727/762
f 703/703/746 665/665/711 729/729/768
f 731/731/770 735/735/774 732/732/771
f 731/731/770 733/733/772 734/734/773
f 735/735/774 668/668/714 736/736/775
f 737/737/776 790/792/821 719/719/760
f 738/738/777 740/740/779 739/739/778
f 679/679/724 745/745/783 740/740/779
f 676/676/721 803/805/833 741/741/780
f 742/742/781 723/723/762 743/743/762
f 744/744/782 746/746/784 745/745/783
f 689/689/734 750/750/788 746/746/784
f 686/686/731 829/832/858 747/747/785
f 728/728/767 727/727/762 748/748/786
f 698/698/742 752/752/790 750/750/788
f 751/751/789 830/834/859 752/752/790
f 693/693/737 747/747/785 753/753/791
f 754/754/792 788/790/820 755/755/762
f 668/668/714 667/667/713 757/757/793
f 667/667/713 708/708/751 758/758/794
f 711/711/754 705/705/748 759/759/795
f 761/761/762 780/782/762 762/762/797
f 708/708/751 707/707/750 764/764/799
f 707/707/750 715/715/758 765/765/800
f 713/713/756 711/711/754 760/760/796
f 756/756/762 755/755/762 771/773/806
f 670/670/716 734/734/773 773/775/808
f 755/755/762 789/791/762 774/776/809
f 665/665/711 654/654/703 720/720/761
f 778/780/812 797/799/828 779/781/762
f 680/680/725 679/679/724 738/738/777
f 723/723/762 722/722/763 786/788/818
f 788/790/820 833/837/862 789/791/762
f 682/682/727 739/739/778 790/792/821
f 779/781/762 798/800/829 795/797/826
f 797/799/828 891/904/933 798/800/829
f 659/659/706 725/725/765 803/805/833
f 748/748/786 824/826/853 804/806/834
f 808/810/762 809/811/838 774/776/809
f 721/721/762 826/828/855 809/811/838
f 756/756/762 761/761/762 763/763/798
f 811/813/840 778/780/812 780/782/762
f 816/818/845 805/807/835 817/819/846
f 805/807/835 804/806/834 819/821/848
f 705/705/748 703/703/746 730/730/769
f 780/782/762 779/781/762 796/798/827
f 727/727/762 827/829/856 824/826/853
f 826/828/855 721/721/762 723/723/762
f 743/743/762 786/788/818 827/829/856
f 684/684/729 741/741/780 829/832/858
f 831/835/860 721/721/762 808/810/762
f 832/836/861 808/810/762 789/791/762
f 749/749/787 748/748/786 805/807/835
f 772/774/807 811/813/840 761/761/762
f 989/1034/1063 991/1036/1065 990/1035/1064
f 994/1039/1068 995/1040/1069 991/1036/1065
f 733/733/772 732/732/771 997/1042/1071
f 1000/1045/1074 999/1044/1073 1001/1046/1075
f 1011/1056/1085 1010/1055/1084 788/790/820
f 1006/1051/1080 988/1033/1062 990/1035/1064
f 1008/1053/1082 990/1035/1064 992/1037/1066
f 734/734/773 1013/1058/1087 1012/1057/1086
f 1015/1060/1089 1017/1062/1091 1016/1061/1090
f 733/733/772 998/1043/1072 1013/1058/1087
f 1002/1047/1076 774/776/809 809/811/838
f 1019/1064/1093 1021/1066/1095 1020/1065/1094
f 1021/1066/1095 1023/1068/1097 1022/1067/1096
f 745/745/783 1027/1072/1101 1024/1069/1098
f 1030/1075/1104 1031/1076/1105 1028/1073/1102
f 1031/1076/1105 1032/1077/1106 1029/1074/1103
f 1032/1077/1106 827/829/856 786/788/818
f 1034/1079/1108 1035/1080/1109 1032/1077/1106
f 1035/1080/1109 824/826/853 827/829/856
f 1041/1086/1115 728/728/767 749/749/787
f 1018/1063/1092 1020/1065/1094 1039/1084/1113
f 752/752/790 1048/1094/1122 1033/1078/1107
f 747/747/785 1051/1097/1125 877/888/915
f 1003/1048/1077 1054/1100/1128 1055/1101/1129
f 757/757/793 758/758/794 1057/1103/1131
f 730/730/769 729/729/768 1007/1052/1081
f 1064/1110/1138 1011/1056/1085 754/754/792
f 1070/1118/1144 1071/1119/1145 1068/1115/1142
f 1071/1119/1145 795/797/826 798/800/829
f 758/758/794 764/764/799 1072/1120/1146
f 1057/1103/1131 1072/1120/1146 1073/1121/1147
f 1058/1104/1132 1073/1121/1147 1074/1122/1148
f 1059/1105/1133 1074/1122/1148 797/799/828
f 764/764/799 765/765/800 897/910/940
f 1076/1124/1150 1063/1109/1137 1065/1111/1139
f 649/649/698 718/718/699 650/650/699
f 652/652/701 825/827/854 653/653/702
f 655/655/699 709/709/752 656/656/704
f 661/661/699 691/691/699 662/662/708
f 664/664/710 652/652/701 654/654/703
f 666/666/712 810/812/839 667/667/713
f 669/669/715 731/731/770 670/670/716
f 657/657/699 675/675/699 672/672/718
f 674/674/720 806/808/836 661/661/699
f 660/660/707 659/659/706 676/676/721
f 678/678/723 744/744/782 679/679/724
f 681/681/726 738/738/777 682/682/727
f 677/677/722 676/676/721 684/684/729
f 688/688/733 698/698/742 689/689/734
f 691/691/699 802/804/699 692/692/736
f 694/694/738 693/693/737 695/695/739
f 697/697/741 751/751/789 698/698/742
f 699/699/699 799/801/830 700/700/743
f 702/702/745 664/664/710 665/665/711
f 704/704/747 702/702/745 703/703/746
f 706/706/749 714/714/757 707/707/750
f 650/650/699 834/838/863 709/709/752
f 710/710/753 704/704/747 705/705/748
f 712/712/755 710/710/753 711/711/754
f 714/714/757 859/866/893 715/715/758
f 716/716/699 776/778/810 717/717/759
f 767/767/802 666/666/712 668/668/714
f 768/768/803 712/1021/755 713/769/756
f 769/770/804 713/769/756 766/771/801
f 656/656/704 674/674/720 675/675/699
f 671/671/717 670/670/716 724/724/764
f 775/777/699 792/794/823 776/778/810
f 651/651/700 650/650/699 655/655/699
f 781/783/813 836/840/865 782/784/814
f 783/785/815 782/784/814 784/786/816
f 683/683/728 682/682/727 737/737/776
f 669/669/715 767/767/802 735/735/774
f 791/793/822 866/875/902 792/794/823
f 793/795/824 791/793/822 775/777/699
f 799/801/830 812/814/841 800/802/831
f 801/803/832 807/809/837 802/804/699
f 806/808/836 801/803/832 691/691/699
f 807/809/837 828/831/857 699/699/699
f 810/812/839 706/706/749 708/708/751
f 812/814/841 815/817/844 813/815/842
f 814/816/843 845/849/874 815/817/844
f 768/768/803 769/770/804 820/822/849
f 822/824/851 716/716/699 718/718/699
f 769/770/804 770/772/805 823/825/852
f 690/690/735 689/689/734 744/744/782
f 794/796/825 775/777/699 716/716/699
f 802/804/699 699/699/699 701/701/744
f 787/789/819 737/737/776 653/653/702
f 781/830/813 783/833/815 751/751/789
f 828/831/857 835/839/864 799/801/830
f 783/833/815 785/1093/817 830/834/859
f 777/779/811 655/655/699 657/657/699
f 675/675/699 661/661/699 663/663/709
f 718/718/699 717/717/759 834/838/863
f 835/839/864 814/816/843 812/814/841
f 836/840/865 839/843/868 837/841/866
f 839/843/868 848/852/877 840/844/869
f 837/841/866 840/844/869 842/846/871
f 843/847/872 847/851/876 844/848/873
f 846/850/875 849/853/878 847/851/876
f 847/851/876 840/844/869 848/852/877
f 849/853/878 842/846/871 840/844/869
f 696/696/740 838/1131/881 850/854/879
f 851/858/880 850/857/879 849/853/883
f 850/857/879 841/845/1160 842/846/885
f 821/823/850 854/861/888 852/859/886
f 854/861/888 861/1129/1161 855/862/889
f 853/860/887 852/859/886 856/863/890
f 852/859/886 855/862/889 858/865/892
f 859/866/893 862/1028/896 860/867/894
f 862/869/896 868/877/1057 863/870/897
f 860/871/894 863/870/897 858/865/899
f 864/873/900 867/876/903 865/874/901
f 857/864/891 856/863/890 867/876/903
f 867/876/903 863/870/905 868/877/904
f 856/863/890 858/865/892 863/870/905
f 784/878/816 871/1135/908 869/879/906
f 870/880/907 869/879/906 873/883/910
f 869/879/906 872/882/1162 875/885/912
f 753/753/791 877/888/915 876/886/913
f 877/888/915 882/893/922 878/889/916
f 876/886/913 878/889/916 875/885/918
f 879/890/919 881/892/921 880/891/920
f 874/884/911 873/883/923 881/892/921
f 881/892/921 878/889/916 882/893/922
f 873/883/923 875/885/918 878/889/916
f 823/825/852 885/1112/926 883/894/924
f 885/896/926 894/907/936 886/897/927
f 883/898/924 886/897/927 888/901/929
f 889/902/931 893/906/935 890/903/932
f 892/905/934 895/908/937 893/906/935
f 893/906/935 886/897/938 894/907/936
f 895/908/937 888/901/943 886/897/938
f 765/765/800 884/1127/941 896/909/939
f 897/910/940 896/909/939 895/908/937
f 896/909/939 887/900/942 888/901/943
f 673/673/719 672/672/718 898/912/944
f 899/913/945 898/912/944 900/914/946
f 901/915/948 900/914/953 902/916/949
f 902/918/949 787/789/819 825/827/854
f 672/672/718 663/663/709 904/920/951
f 898/912/944 904/920/951 905/921/952
f 900/914/953 905/921/991 906/922/954
f 906/923/954 683/683/728 787/789/819
f 709/709/752 908/925/956 907/924/955
f 908/925/956 910/927/962 909/926/957
f 910/927/958 914/932/964 911/928/959
f 911/929/959 914/933/964 767/767/802
f 834/838/863 912/930/961 908/925/956
f 912/930/961 913/931/1030 910/927/962
f 913/931/963 965/1000/1032 914/932/964
f 914/933/964 965/1001/1032 666/666/712
f 777/779/811 916/935/966 915/934/965
f 916/935/966 918/937/971 917/936/967
f 918/937/968 920/940/972 919/938/969
f 919/939/969 920/941/972 652/652/701
f 673/673/719 899/913/945 916/935/966
f 899/913/945 901/915/947 918/937/971
f 901/915/948 903/917/950 920/940/972
f 920/941/972 903/919/950 825/827/854
f 806/808/836 674/674/720 921/942/973
f 922/943/974 921/942/973 923/944/975
f 924/945/977 923/944/980 925/946/978
f 925/948/978 671/671/717 658/658/705
f 674/674/720 656/656/704 907/924/955
f 921/942/973 907/924/955 909/926/957
f 923/944/980 909/926/960 911/928/959
f 911/929/959 669/669/715 671/671/717
f 807/809/837 801/803/832 927/950/981
f 928/951/982 927/950/981 929/952/983
f 930/953/985 929/952/988 931/954/986
f 931/956/986 660/660/707 677/677/722
f 801/803/832 806/808/836 922/943/974
f 927/950/981 922/943/974 924/945/976
f 929/952/988 924/945/977 926/947/979
f 926/949/979 658/658/705 660/660/707
f 663/663/709 662/662/708 933/958/989
f 904/920/951 933/958/989 934/959/990
f 905/921/991 934/959/995 935/960/992
f 935/961/992 681/681/726 683/683/728
f 662/662/708 692/692/736 936/962/993
f 933/958/989 936/962/993 937/963/994
f 934/959/995 937/963/999 938/964/996
f 938/965/996 680/680/725 681/681/726
f 692/692/736 701/701/744 939/966/997
f 936/962/993 939/966/997 940/967/998
f 937/963/999 940/967/1003 941/968/1000
f 941/969/1000 678/678/723 680/680/725
f 701/701/744 700/700/743 942/970/1001
f 939/966/997 942/970/1001 943/971/1002
f 940/967/1003 943/971/1021 944/972/1004
f 944/973/1004 690/690/735 678/678/723
f 835/839/864 828/831/857 945/974/1005
f 946/975/1006 945/974/1005 947/976/1007
f 948/977/1009 947/976/1012 949/978/1010
f 949/980/1010 685/685/730 687/687/732
f 828/831/857 807/809/837 928/951/982
f 945/974/1005 928/951/982 930/953/984
f 947/976/1012 930/953/985 932/955/987
f 932/957/987 677/677/722 685/685/730
f 815/817/844 952/983/1014 951/982/1013
f 952/983/1014 954/985/1016 953/984/1015
f 954/985/1016 956/989/1018 955/986/1017
f 956/987/1018 781/830/813 697/697/741
f 845/849/874 844/848/873 952/983/1014
f 844/848/873 848/852/877 954/985/1016
f 848/852/877 839/843/868 956/989/1018
f 839/843/868 836/840/865 781/783/813
f 700/700/743 800/802/831 957/990/1019
f 942/970/1001 957/990/1023 958/991/1020
f 943/971/1021 958/991/1024 959/992/1022
f 944/973/1004 959/993/1022 688/688/733
f 800/802/831 813/815/842 951/982/1013
f 957/990/1023 951/982/1013 953/984/1015
f 958/991/1024 953/984/1015 955/986/1017
f 955/988/1017 697/697/741 688/688/733
f 845/849/874 814/816/843 960/994/1025
f 843/847/872 960/994/1025 961/995/1026
f 846/850/884 961/995/1028 962/996/1027
f 851/855/880 962/997/1027 694/694/738
f 814/816/843 835/839/864 946/975/1006
f 960/994/1025 946/975/1006 948/977/1008
f 961/995/1028 948/977/1009 950/979/1011
f 962/997/1027 950/981/1011 687/687/732
f 717/717/759 963/998/1029 912/930/961
f 963/998/1029 964/999/1034 913/931/1030
f 964/999/1031 968/1004/1036 965/1000/1032
f 965/1001/1032 968/1005/1036 810/812/839
f 776/778/810 966/1002/1033 963/998/1029
f 966/1002/1033 967/1003/1052 964/999/1034
f 967/1003/1035 983/1024/1054 968/1004/1036
f 968/1005/1036 983/1026/1054 706/706/749
f 649/649/698 970/1007/1038 969/1006/1037
f 970/1007/1038 972/1009/1043 971/1008/1039
f 972/1009/1040 974/1013/1044 973/1010/1041
f 973/1010/1041 974/1013/1044 702/1011/745
f 651/651/700 915/934/965 970/1007/1038
f 915/934/965 917/936/967 972/1009/1043
f 917/936/970 919/938/969 974/1013/1044
f 974/1013/1044 919/938/969 664/1014/710
f 866/875/902 791/793/822 975/1015/1045
f 864/873/900 975/1015/1045 976/1016/1046
f 857/864/891 976/1016/1046 977/1017/1047
f 853/860/887 977/1017/1047 768/768/803
f 791/793/822 793/795/824 978/1018/1048
f 975/1015/1045 978/1018/1048 979/1019/1049
f 976/1016/1046 979/1019/1049 980/1020/1050
f 977/1017/1047 980/1020/1050 712/1021/755
f 792/794/823 981/1022/1051 966/1002/1033
f 981/1022/1051 982/1023/1056 967/1003/1052
f 982/1023/1053 984/1027/1055 983/1024/1054
f 984/1025/1055 714/714/757 706/706/749
f 866/875/902 865/874/901 981/1022/1051
f 865/874/901 868/877/904 982/1023/1056
f 868/877/1057 862/869/896 984/1027/1055
f 862/1028/896 859/866/893 714/714/757
f 794/796/825 985/1029/1058 978/1018/1048
f 985/1029/1058 986/1030/1060 979/1019/1049
f 986/1030/1059 987/1032/1061 980/1020/1050
f 980/1020/1050 987/1032/1061 710/1031/753
f 822/824/851 969/1006/1037 985/1029/1058
f 969/1006/1037 971/1008/1039 986/1030/1060
f 971/1008/1042 973/1010/1041 987/1032/1061
f 973/1010/1041 704/1012/747 710/1031/753
f 790/792/821 989/1034/1063 988/1033/1062
f 991/1036/1065 993/1038/1067 992/1037/1066
f 993/1038/1067 832/836/861 833/837/862
f 739/739/778 994/1039/1068 989/1034/1063
f 995/1040/1069 996/1041/1070 993/1038/1067
f 996/1041/1070 831/835/860 832/836/861
f 998/1043/1072 997/1042/1071 999/1044/1073
f 1002/1047/1076 1001/1046/1075 771/773/806
f 732/732/771 736/736/775 1003/1048/1077
f 997/1042/1071 1003/1048/1077 1004/1049/1078
f 999/1044/1073 1004/1049/1078 1005/1050/1079
f 1001/1046/1075 1005/1050/1079 772/774/807
f 729/729/768 720/720/761 1006/1051/1080
f 1007/1052/1081 1006/1051/1080 1008/1053/1082
f 1009/1054/1083 1008/1053/1082 1010/1055/1084
f 720/720/761 719/719/760 988/1033/1062
f 1010/1055/1084 992/1037/1066 833/837/862
f 1013/1058/1087 1015/1060/1089 1014/1059/1088
f 1017/1062/1091 809/811/838 826/828/855
f 998/1043/1072 1000/1045/1074 1015/1060/1089
f 1000/1045/1074 1002/1047/1076 1017/1062/1091
f 725/725/765 1019/1064/1093 1018/1063/1092
f 1023/1068/1097 742/742/781 726/726/766
f 773/775/808 1012/1057/1086 1019/1064/1093
f 1012/1057/1086 1014/1059/1088 1021/1066/1095
f 1014/1059/1088 1016/1061/1090 1023/1068/1097
f 1016/1061/1090 826/828/855 742/742/781
f 740/740/779 1024/1069/1098 994/1039/1068
f 1024/1069/1098 1025/1070/1099 995/1040/1069
f 1025/1070/1099 1026/1071/1100 996/1041/1070
f 1026/1071/1100 722/722/763 831/835/860
f 1027/1072/1101 1028/1073/1102 1025/1070/1099
f 1028/1073/1102 1029/1074/1103 1026/1071/1100
f 1029/1074/1103 786/788/818 722/722/763
f 746/746/784 1030/1075/1104 1027/1072/1101
f 750/750/788 1033/1078/1107 1030/1075/1104
f 1033/1078/1107 1034/1079/1108 1031/1076/1105
f 741/741/780 1037/1082/1111 1036/1081/1110
f 1037/1082/1111 1039/1084/1113 1038/1083/1112
f 1039/1084/1113 1041/1086/1115 1040/1085/1114
f 803/805/833 1018/1063/1092 1037/1082/1111
f 1020/1065/1094 1022/1067/1096 1041/1086/1115
f 1022/1067/1096 726/726/766 728/728/767
f 830/834/859 785/1093/817 1042/1087/1116
f 1043/1088/1117 1042/1087/1116 1044/1089/1118
f 1045/1090/1119 1044/1089/1118 1046/1091/1120
f 1047/1092/1121 1046/1091/1120 817/819/846
f 785/1093/817 784/878/816 870/880/907
f 1042/1087/1116 870/880/907 874/884/911
f 1044/1089/1118 874/884/911 879/890/919
f 1046/1091/1120 879/890/919 818/820/847
f 1048/1094/1122 1049/1095/1123 1034/1079/1108
f 1049/1095/1123 1050/1096/1124 1035/1080/1109
f 1050/1096/1124 804/806/834 824/826/853
f 830/834/859 1043/1088/1117 1048/1094/1122
f 1043/1088/1117 1045/1090/1119 1049/1095/1123
f 1045/1090/1119 1047/1092/1121 1050/1096/1124
f 1047/1092/1121 819/821/848 804/806/834
f 1051/1097/1125 1052/1098/1126 882/893/922
f 1052/1098/1126 1053/1099/1127 880/891/920
f 1053/1099/1127 816/818/845 818/820/847
f 829/832/858 1036/1081/1110 1051/1097/1125
f 1036/1081/1110 1038/1083/1112 1052/1098/1126
f 1038/1083/1112 1040/1085/1114 1053/1099/1127
f 1040/1085/1114 749/749/787 816/818/845
f 736/736/775 757/757/793 1054/1100/1128
f 1004/1049/1078 1055/1101/1129 1056/1102/1130
f 1005/1050/1079 1056/1102/1130 811/813/840
f 1054/1100/1128 1057/1103/1131 1058/1104/1132
f 1055/1101/1129 1058/1104/1132 1059/1105/1133
f 1056/1102/1130 1059/1105/1133 778/780/812
f 759/759/795 730/730/769 1060/1106/1134
f 1061/1107/1135 1060/1106/1134 1062/1108/1136
f 1063/1109/1137 1062/1108/1136 1064/1110/1138
f 1065/1111/1139 1064/1110/1138 763/763/798
f 1060/1106/1134 1007/1052/1081 1009/1054/1083
f 1062/1108/1136 1009/1054/1083 1011/1056/1085
f 770/772/805 1066/1136/1140 885/1112/926
f 1066/1113/1140 1067/1114/1141 894/907/936
f 1067/1114/1141 1068/1115/1142 890/903/932
f 1068/1115/1142 798/800/829 891/904/933
f 766/766/801 1069/1117/1143 1066/1113/1140
f 1069/1117/1143 1070/1118/1144 1067/1114/1141
f 1072/1120/1146 897/910/940 892/905/934
f 1073/1121/1147 892/905/934 889/902/931
f 1074/1122/1148 889/902/931 891/904/933
f 766/766/801 760/760/796 1075/1123/1149
f 1069/1117/1143 1075/1123/1149 1076/1124/1150
f 1070/1118/1144 1076/1124/1150 1077/1125/1151
f 1071/1119/1145 1077/1125/1151 796/798/827
f 760/760/796 759/759/795 1061/1107/1135
f 1075/1123/1149 1061/1107/1135 1063/1109/1137
f 1077/1125/1151 1065/1111/1139 762/762/797
f 765/765/800 715/715/758 1078/1126/1152
f 884/895/925 1078/1130/1156 820/822/849
f 715/715/758 859/866/893 861/868/1153
f 1078/1130/1156 854/861/1163 821/823/850
f 695/695/739 1079/1133/1159 838/1131/1157
f 1079/1132/1158 782/784/814 836/840/865
f 753/753/791 871/887/914 1079/1133/1159
f 871/1134/908 784/786/816 782/784/814
f 1080/1137/1164 1081/1138/1165 1082/1139/1166
f 1083/1140/1167 1084/1141/1168 1085/1142/1169
f 1086/1143/1170 1087/1144/1171 1088/1145/1172
f 1089/1146/1173 1090/1147/1174 1087/1144/1171
f 1091/1148/1175 1092/1149/1176 1093/1150/1177
f 1094/1151/1178 1095/1152/1179 1096/1153/1180
f 1097/1154/1181 1098/1155/1182 1081/1138/1165
f 1099/1156/1183 1100/1157/1184 1101/1158/1185
f 1093/1150/1177 1102/1159/1186 1103/1160/1187
f 1104/1161/1188 1105/1162/1189 1106/1163/1190
f 1107/1164/1191 1108/1165/1192 1109/1166/1193
f 1110/1167/1194 1111/1168/1195 1112/1169/1196
f 1113/1170/1197 1114/1171/1198 1108/1165/1192
f 1115/1172/1199 1116/1173/1200 1105/1162/1189
f 1117/1174/1201 1118/1175/1202 1119/1176/1203
f 1120/1177/1204 1118/1175/1202 1095/1152/1179
f 1121/1178/1205 1122/1179/1206 1123/1180/1207
f 1124/1181/1208 1125/1182/1209 1126/1183/1210
f 1127/1184/1211 1128/1185/1212 1129/1186/1213
f 1085/1142/1169 1130/1187/1214 1131/1188/1215
f 1132/1189/1216 1133/1190/1199 1134/1191/1217
f 1121/1178/1205 1135/1192/1218 1136/1193/1219
f 1137/1194/1220 1138/1195/1221 1139/1196/1222
f 1140/1197/1223 1141/1198/1224 1142/1199/1225
f 1083/1140/1167 1143/1200/1226 1144/1201/1227
f 1104/1161/1188 1145/1202/1228 1146/1203/1229
f 1115/1172/1199 1147/1204/1230 1148/1205/1231
f 1085/1142/1169 1149/1206/1232 1143/1200/1226
f 1150/1207/1233 1151/1208/1234 1152/1209/1235
f 1153/1210/1236 1154/1211/1237 1155/1212/1238
f 1156/1213/1239 1130/1187/1214 1084/1141/1168
f 1156/1213/1239 1128/1185/1212 1157/1214/1240
f 1158/1215/1241 1154/1211/1237 1159/1216/1242
f 1160/1217/1243 1099/1156/1183 1150/1207/1233
f 1161/1218/1199 1162/1219/1244 1163/1220/1245
f 1106/1163/1190 1162/1219/1244 1145/1202/1228
f 1164/1221/1246 1165/1222/1247 1166/1223/1248
f 1167/1224/1249 1143/1200/1226 1127/1184/1211
f 1106/1163/1190 1116/1173/1200 1168/1225/1250
f 1081/1138/1165 1169/1226/1251 1170/1227/1252
f 1088/1145/1172 1171/1228/1253 1172/1229/1254
f 1173/1230/1255 1174/1231/1256 1175/1232/1257
f 1176/1233/1258 1177/1234/1259 1178/1235/1260
f 1161/1218/1199 1147/1204/1230 1133/1190/1199
f 1179/1236/1261 1180/1237/1262 1181/1238/1263
f 1182/1239/1264 1183/1240/1265 1184/1241/1266
f 1140/1197/1223 1185/1242/1267 1186/1243/1268
f 1117/1174/1201 1141/1198/1224 1165/1222/1247
f 1187/1244/1269 1113/1170/1197 1108/1165/1192
f 1120/1177/1204 1185/1242/1267 1188/1245/1270
f 1139/1196/1222 1176/1233/1258 1189/1246/1271
f 1127/1184/1211 1149/1206/1232 1190/1247/1272
f 1087/1144/1171 1191/1248/1273 1171/1228/1253
f 1192/1249/1274 1193/1250/1275 1180/1237/1262
f 1194/1251/1276 1195/1252/1277 1174/1231/1256
f 1125/1182/1209 1196/1253/1278 1126/1183/1210
f 1136/1193/1219 1197/1254/1279 1122/1179/1206
f 1136/1193/1219 1198/1255/1280 1199/1256/1281
f 1154/1211/1237 1200/1257/1282 1201/1258/1283
f 1151/1208/1234 1101/1158/1185 1202/1259/1284
f 1154/1211/1237 1203/1260/1285 1159/1216/1242
f 1204/1261/1286 1105/1162/1189 1205/1262/1287
f 1206/1263/1288 1126/1183/1210 1207/1264/1289
f 1126/1183/1210 1208/1265/1290 1207/1264/1289
f 1081/1138/1165 1209/1266/1291 1082/1139/1166
f 1164/1221/1246 1095/1152/1179 1117/1174/1201
f 1210/1267/1292 1165/1222/1247 1140/1197/1223
f 1211/1268/1293 1212/1269/1294 1213/1270/1295
f 1213/1270/1295 1214/1271/1296 1215/1272/1297
f 1167/1224/1249 1129/1186/1213 1216/1273/1298
f 1217/1274/1299 1129/1186/1213 1156/1213/1239
f 1102/1159/1186 1218/1275/1300 1219/1276/1301
f 1184/1241/1266 1220/1277/1302 1221/1278/1303
f 1132/1189/1216 1145/1202/1228 1161/1218/1199
f 1204/1261/1286 1133/1190/1199 1115/1172/1199
f 1111/1168/1195 1222/1279/1304 1223/1280/1305
f 1224/1281/1306 1225/1282/1307 1110/1167/1194
f 1210/1267/1292 1186/1243/1268 1226/1283/1308
f 1094/1151/1178 1186/1243/1268 1120/1177/1204
f 1214/1271/1296 1227/1284/1309 1228/1285/1310
f 1108/1165/1192 1229/1286/1311 1109/1166/1193
f 1217/1274/1299 1084/1141/1168 1230/1287/1312
f 1231/1288/1313 1184/1241/1266 1232/1289/1314
f 1232/1289/1314 1221/1278/1303 1233/1290/1315
f 1234/1291/1316 1235/1292/1317 1080/1137/1164
f 1234/1291/1316 1236/1293/1318 1237/1294/1319
f 1235/1292/1317 1237/1294/1319 1238/1295/1320
f 1239/1296/1321 1240/1297/1322 1241/1298/1323
f 1242/1299/1324 1243/1300/1325 1239/1296/1326
f 1243/1300/1325 1236/1293/1318 1240/1297/1322
f 1243/1300/1325 1238/1301/1320 1237/1302/1319
f 1244/1303/1327 1238/1304/1320 1245/1305/1328
f 1245/1305/1328 1242/1299/1324 1244/1306/1327
f 1107/1164/1191 1246/1307/1329 1247/1308/1330
f 1246/1307/1331 1248/1309/1332 1247/1310/1333
f 1247/1310/1334 1249/1311/1334 1250/1312/1334
f 1247/1313/1333 1251/1314/1335 1249/1315/1336
f 1153/1210/1236 1252/1316/1337 1248/1317/1338
f 1252/1318/1339 1250/1319/1339 1249/1315/1340
f 1248/1317/1332 1252/1316/1341 1247/1313/1333
f 1253/1320/1342 1254/1321/1343 1255/1322/1344
f 1254/1323/1345 1256/1324/1345 1257/1325/1345
f 1123/1180/1207 1258/1326/1346 1259/1327/1347
f 1258/1326/1348 1254/1328/1349 1259/1329/1350
f 1257/1325/1351 1260/1330/1352 1259/1329/1353
f 1206/1263/1354 1261/1331/1355 1262/1332/1356
f 1262/1333/1356 1263/1334/1357 1264/1335/1358
f 1265/1336/1359 1266/1337/1359 1261/1338/1359
f 1266/1339/1360 1264/1340/1361 1263/1334/1362
f 1261/1338/1355 1266/1337/1363 1262/1341/1356
f 1231/1288/1364 1267/1342/1365 1268/1343/1366
f 1268/1344/1367 1269/1345/1368 1270/1346/1368
f 1173/1230/1369 1271/1347/1369 1267/1348/1369
f 1271/1349/1370 1272/1350/1370 1270/1351/1370
f 1267/1348/1365 1271/1347/1371 1268/1344/1366
f 1271/1347/1371 1269/1345/1372 1268/1344/1366
f 1273/1352/1373 1274/1353/1374 1083/1140/1375
f 1275/1354/1376 1276/1355/1377 1277/1356/1378
f 1275/1354/1376 1278/1357/1379 1279/1358/1380
f 1276/1355/1377 1279/1359/1380 1280/1360/1381
f 1281/1361/1382 1282/1362/1383 1283/1363/1384
f 1283/1364/1384 1282/1362/1383 1278/1365/1379
f 1284/1366/1385 1285/1367/1386 1152/1209/1235
f 1280/1360/1381 1286/1368/1387 1284/1366/1385
f 1286/1368/1387 1281/1361/1382 1285/1367/1388
f 1286/1368/1387 1279/1359/1380 1278/1369/1379
f 1160/1217/1243 1287/1370/1389 1288/1371/1390
f 1287/1372/1391 1289/1373/1392 1290/1374/1393
f 1158/1215/1241 1291/1375/1394 1292/1376/1395
f 1291/1375/1396 1287/1377/1391 1292/1378/1397
f 1292/1378/1398 1289/1373/1398 1293/1379/1398
f 1292/1378/1397 1290/1380/1393 1289/1373/1392
f 1294/1381/1399 1295/1382/1400 1296/1383/1401
f 1294/1381/1399 1297/1384/1402 1298/1385/1403
f 1295/1382/1400 1298/1386/1403 1299/1387/1404
f 1300/1388/1405 1301/1389/1406 1302/1390/1407
f 1302/1391/1408 1301/1389/1409 1297/1392/1409
f 1303/1393/1410 1304/1394/1411 1172/1229/1254
f 1299/1387/1404 1305/1395/1412 1303/1393/1410
f 1305/1395/1412 1300/1388/1405 1304/1394/1411
f 1305/1395/1412 1298/1386/1403 1297/1396/1402
f 1086/1143/1170 1306/1397/1413 1307/1398/1414
f 1306/1399/1415 1308/1400/1415 1309/1401/1415
f 1307/1398/1414 1306/1402/1413 1310/1403/1416
f 1181/1238/1263 1311/1404/1417 1306/1405/1418
f 1311/1404/1419 1310/1403/1419 1306/1406/1419
f 1309/1407/1420 1312/1408/1421 1306/1406/1422
f 1313/1409/1423 1314/1410/1424 1168/1225/1250
f 1315/1411/1425 1316/1412/1426 1313/1409/1423
f 1316/1412/1426 1317/1413/1427 1314/1410/1424
f 1316/1412/1426 1318/1414/1428 1319/1415/1429
f 1137/1416/1220 1320/1417/1430 1321/1418/1431
f 1322/1419/1432 1323/1420/1433 1320/1417/1430
f 1321/1418/1431 1318/1414/1434 1315/1411/1425
f 1320/1417/1435 1319/1421/1436 1318/1414/1437
f 1324/1422/1438 1325/1423/1439 1188/1245/1270
f 1317/1413/1427 1326/1424/1440 1324/1422/1438
f 1326/1424/1440 1327/1425/1441 1325/1423/1439
f 1326/1424/1440 1319/1421/1442 1323/1420/1443
f 1131/1188/1215 1328/1426/1444 1329/1427/1445
f 1330/1428/1446 1328/1429/1444 1331/1430/1447
f 1328/1426/1444 1332/1431/1448 1329/1427/1445
f 1328/1426/1444 1333/1432/1449 1334/1433/1450
f 1178/1235/1260 1335/1434/1451 1336/1435/1452
f 1337/1436/1453 1338/1437/1454 1335/1438/1451
f 1336/1435/1452 1333/1439/1455 1330/1428/1456
f 1335/1434/1457 1334/1440/1458 1333/1439/1459
f 1339/1441/1460 1340/1442/1461 1148/1205/1231
f 1332/1431/1448 1341/1443/1462 1339/1441/1460
f 1341/1443/1462 1342/1444/1463 1340/1442/1461
f 1341/1443/1462 1334/1445/1464 1338/1437/1465
f 1343/1446/1466 1344/1447/1467 1163/1220/1245
f 1345/1448/1468 1346/1449/1469 1343/1446/1466
f 1346/1449/1469 1347/1450/1470 1344/1447/1467
f 1346/1449/1469 1348/1451/1471 1349/1452/1472
f 1350/1453/1473 1351/1454/1474 1142/1199/1225
f 1352/1455/1475 1353/1456/1476 1350/1453/1473
f 1353/1456/1476 1345/1448/1468 1351/1454/1474
f 1353/1456/1476 1348/1451/1471 1354/1457/1477
f 1190/1247/1272 1355/1458/1478 1356/1459/1479
f 1357/1460/1480 1349/1452/1472 1355/1458/1478
f 1356/1459/1479 1358/1461/1481 1352/1455/1475
f 1355/1458/1478 1348/1451/1471 1358/1461/1481
f 1359/1462/1482 1360/1463/1483 1119/1176/1203
f 1361/1464/1484 1362/1465/1485 1359/1462/1482
f 1362/1465/1485 1363/1466/1486 1360/1463/1483
f 1362/1465/1485 1364/1467/1487 1365/1468/1488
f 1189/1246/1271 1366/1469/1489 1367/1470/1490
f 1368/1471/1491 1369/1472/1492 1366/1469/1489
f 1367/1473/1490 1364/1467/1493 1361/1464/1494
f 1366/1469/1495 1365/1474/1496 1364/1475/1497
f 1157/1214/1240 1370/1476/1498 1371/1477/1499
f 1372/1478/1500 1365/1468/1501 1370/1476/1498
f 1370/1476/1498 1373/1479/1502 1371/1477/1499
f 1370/1476/1498 1365/1480/1501 1369/1481/1503
f 1169/1226/1251 1374/1482/1504 1375/1483/1505
f 1376/1484/1506 1377/1485/1507 1374/1482/1504
f 1375/1483/1505 1378/1486/1508 1379/1487/1509
f 1374/1488/1510 1380/1489/1511 1378/1486/1510
f 1197/1254/1279 1374/1490/1512 1381/1491/1513
f 1382/1492/1514 1378/1493/1515 1374/1490/1512
f 1381/1491/1513 1374/1488/1512 1377/1485/1516
f 1383/1494/1517 1384/1495/1518 1223/1496/1305
f 1379/1487/1509 1385/1497/1519 1383/1494/1517
f 1385/1497/1520 1386/1498/1521 1384/1495/1518
f 1387/1499/1522 1388/1500/1523 1209/1266/1291
f 1389/1501/1524 1390/1502/1525 1387/1499/1522
f 1390/1502/1525 1391/1503/1526 1388/1500/1523
f 1390/1502/1525 1392/1504/1527 1393/1505/1528
f 1394/1506/1529 1395/1507/1530 1224/1508/1306
f 1396/1509/1531 1397/1510/1532 1394/1506/1529
f 1397/1510/1532 1389/1501/1524 1395/1507/1530
f 1397/1510/1532 1398/1511/1533 1392/1512/1527
f 1399/1513/1534 1400/1514/1535 1401/1515/1536
f 1391/1503/1526 1402/1516/1537 1399/1513/1534
f 1402/1516/1537 1396/1509/1531 1400/1514/1535
f 1393/1505/1528 1398/1511/1533 1402/1516/1537
f 1208/1265/1290 1403/1517/1538 1404/1518/1539
f 1405/1519/1540 1406/1520/1541 1403/1517/1538
f 1404/1518/1542 1403/1521/1542 1407/1522/1542
f 1403/1517/1538 1406/1520/1541 1408/1523/1543
f 1409/1524/1544 1410/1525/1545 1112/1526/1196
f 1411/1527/1546 1412/1528/1547 1409/1524/1544
f 1412/1528/1548 1413/1529/1549 1410/1525/1545
f 1198/1255/1280 1414/1530/1550 1415/1531/1551
f 1407/1522/1552 1414/1530/1553 1416/1532/1554
f 1415/1531/1551 1406/1533/1555 1411/1527/1546
f 1414/1530/1553 1408/1523/1556 1406/1533/1555
f 1417/1534/1557 1418/1535/1558 1419/1536/1559
f 1420/1537/1560 1421/1538/1561 1417/1534/1557
f 1421/1538/1561 1422/1539/1562 1418/1535/1558
f 1421/1538/1561 1423/1540/1563 1424/1541/1564
f 1425/1542/1565 1426/1543/1566 1202/1259/1284
f 1427/1544/1567 1428/1545/1568 1425/1542/1565
f 1428/1545/1568 1420/1537/1560 1426/1543/1566
f 1428/1545/1568 1429/1546/1569 1423/1547/1563
f 1430/1548/1570 1431/1549/1571 1211/1550/1293
f 1422/1539/1562 1432/1551/1572 1430/1548/1570
f 1432/1551/1572 1427/1544/1567 1431/1549/1571
f 1424/1541/1564 1429/1546/1569 1432/1551/1572
f 1229/1286/1311 1433/1552/1573 1434/1553/1574
f 1435/1554/1575 1436/1555/1576 1433/1552/1577
f 1434/1553/1578 1433/1556/1579 1437/1557/1579
f 1433/1552/1580 1436/1555/1580 1438/1558/1580
f 1439/1559/1581 1440/1560/1582 1215/1561/1297
f 1441/1562/1583 1442/1563/1584 1439/1559/1581
f 1442/1563/1585 1443/1564/1586 1440/1560/1582
f 1200/1257/1282 1444/1565/1587 1445/1566/1588
f 1437/1557/1589 1444/1565/1590 1446/1567/1591
f 1445/1566/1588 1436/1568/1592 1441/1562/1583
f 1444/1565/1590 1438/1558/1593 1436/1568/1594
f 1100/1157/1184 1447/1569/1595 1448/1570/1596
f 1449/1571/1597 1450/1572/1598 1447/1569/1595
f 1448/1570/1596 1451/1573/1599 1452/1574/1600
f 1447/1569/1595 1453/1575/1601 1451/1573/1599
f 1203/1260/1285 1454/1576/1602 1455/1577/1603
f 1456/1578/1604 1457/1579/1605 1454/1576/1602
f 1455/1577/1606 1450/1572/1607 1449/1571/1608
f 1454/1576/1602 1453/1575/1601 1450/1572/1607
f 1458/1580/1609 1459/1581/1610 1228/1582/1310
f 1452/1574/1600 1460/1583/1611 1458/1580/1609
f 1460/1583/1611 1461/1584/1612 1459/1581/1610
f 1451/1573/1599 1457/1579/1605 1460/1583/1611
f 1233/1290/1315 1462/1585/1613 1463/1586/1614
f 1464/1587/1615 1465/1588/1616 1462/1585/1613
f 1463/1586/1614 1466/1589/1617 1467/1590/1618
f 1462/1585/1613 1468/1591/1619 1466/1589/1617
f 1469/1592/1620 1470/1593/1621 1103/1594/1187
f 1471/1595/1622 1472/1596/1623 1469/1592/1620
f 1472/1596/1623 1473/1597/1624 1470/1593/1621
f 1474/1598/1625 1465/1588/1626 1472/1596/1623
f 1475/1599/1627 1476/1600/1628 1477/1601/1629
f 1467/1590/1630 1476/1600/1628 1478/1602/1631
f 1477/1601/1629 1474/1598/1625 1471/1595/1622
f 1476/1600/1628 1468/1591/1632 1474/1598/1625
f 1479/1603/1633 1480/1604/1634 1220/1277/1302
f 1481/1605/1635 1482/1606/1636 1479/1603/1633
f 1482/1606/1636 1483/1607/1637 1480/1604/1634
f 1482/1606/1636 1484/1608/1638 1485/1609/1639
f 1486/1610/1640 1487/1611/1641 1191/1248/1273
f 1488/1612/1642 1489/1613/1643 1486/1610/1640
f 1489/1613/1643 1481/1605/1635 1487/1611/1641
f 1490/1614/1644 1484/1608/1638 1489/1613/1643
f 1491/1615/1645 1492/1616/1646 1091/1617/1175
f 1483/1607/1637 1493/1618/1647 1491/1615/1645
f 1493/1618/1647 1488/1612/1642 1492/1616/1646
f 1493/1618/1647 1485/1619/1639 1490/1614/1644
f 1494/1620/1648 1495/1621/1649 1496/1622/1650
f 1497/1623/1651 1495/1621/1649 1498/1624/1652
f 1496/1622/1650 1499/1625/1653 1500/1626/1654
f 1495/1621/1649 1501/1627/1655 1499/1625/1653
f 1193/1250/1656 1501/1628/1657 1502/1629/1658
f 1502/1629/1658 1503/1630/1659 1497/1623/1660
f 1504/1631/1661 1505/1632/1662 1219/1633/1301
f 1500/1626/1654 1506/1634/1663 1504/1631/1661
f 1506/1634/1663 1507/1635/1664 1505/1632/1662
f 1499/1625/1665 1508/1636/1666 1506/1634/1663
f 1509/1637/1667 1510/1638/1668 1179/1236/1261
f 1511/1639/1669 1512/1640/1670 1509/1637/1667
f 1510/1638/1668 1513/1641/1671 1514/1642/1672
f 1515/1643/1673 1513/1641/1671 1512/1640/1670
f 1230/1287/1312 1516/1644/1674 1517/1645/1675
f 1516/1646/1674 1518/1647/1676 1519/1648/1677
f 1517/1645/1675 1515/1643/1678 1511/1639/1669
f 1516/1644/1674 1519/1649/1677 1515/1643/1678
f 1520/1650/1679 1521/1651/1680 1175/1232/1257
f 1514/1642/1672 1522/1652/1681 1520/1650/1679
f 1522/1652/1681 1518/1647/1676 1521/1651/1680
f 1522/1652/1681 1513/1641/1671 1519/1648/1682
f 1523/1653/1683 1524/1654/1684 1525/1655/1685
f 1526/1656/1686 1527/1657/1687 1523/1653/1683
f 1527/1657/1687 1528/1658/1688 1524/1654/1684
f 1527/1657/1687 1529/1659/1689 1530/1660/1690
f 1531/1661/1691 1532/1662/1692 1195/1252/1277
f 1533/1663/1693 1534/1664/1694 1531/1661/1691
f 1532/1662/1692 1529/1665/1689 1526/1656/1686
f 1534/1664/1694 1535/1666/1695 1529/1665/1689
f 1536/1667/1696 1537/1668/1697 1102/1669/1186
f 1536/1667/1696 1530/1660/1698 1538/1670/1699
f 1537/1668/1697 1535/1666/1695 1533/1663/1693
f 1530/1660/1690 1535/1666/1695 1538/1670/1699
f 1148/1205/1231 1539/1671/1700 1339/1441/1460
f 1339/1441/1460 1540/1672/1701 1332/1431/1448
f 1540/1672/1701 1329/1427/1445 1332/1431/1448
f 1541/1673/1702 1131/1188/1215 1329/1427/1445
f 1147/1204/1230 1344/1447/1467 1539/1671/1700
f 1539/1671/1700 1347/1450/1470 1540/1672/1701
f 1347/1450/1470 1541/1673/1702 1540/1672/1701
f 1357/1460/1480 1149/1206/1232 1541/1673/1702
f 1141/1198/1224 1350/1453/1473 1142/1199/1225
f 1542/1674/1703 1352/1455/1475 1350/1453/1473
f 1352/1455/1475 1543/1675/1704 1356/1459/1479
f 1356/1459/1479 1128/1185/1212 1190/1247/1272
f 1119/1176/1203 1542/1674/1703 1141/1198/1224
f 1360/1463/1483 1544/1676/1705 1542/1674/1703
f 1544/1676/1705 1372/1478/1500 1543/1675/1704
f 1543/1675/1704 1157/1214/1240 1128/1185/1212
f 1176/1233/1258 1368/1471/1491 1189/1246/1271
f 1545/1677/1706 1373/1678/1707 1368/1471/1491
f 1373/1678/1502 1546/1679/1708 1371/1680/1499
f 1371/1477/1499 1130/1187/1214 1157/1214/1240
f 1176/1233/1258 1336/1435/1452 1545/1677/1709
f 1545/1677/1706 1330/1428/1456 1546/1681/1710
f 1546/1681/1710 1330/1428/1456 1331/1430/1711
f 1546/1682/1712 1131/1188/1215 1130/1187/1214
f 1188/1245/1270 1547/1683/1713 1324/1422/1438
f 1324/1422/1438 1548/1684/1714 1317/1413/1427
f 1548/1684/1714 1314/1410/1424 1317/1413/1427
f 1549/1685/1715 1168/1225/1250 1314/1410/1424
f 1185/1242/1267 1351/1454/1474 1547/1683/1713
f 1547/1683/1713 1345/1448/1468 1548/1684/1714
f 1345/1448/1468 1549/1685/1715 1548/1684/1714
f 1343/1446/1466 1162/1219/1244 1549/1685/1715
f 1177/1234/1259 1337/1686/1453 1178/1235/1260
f 1550/1687/1716 1342/1444/1463 1337/1436/1453
f 1342/1444/1463 1551/1688/1717 1340/1442/1461
f 1551/1688/1718 1148/1205/1231 1340/1442/1461
f 1177/1234/1259 1321/1689/1431 1550/1690/1719
f 1550/1687/1716 1315/1411/1425 1551/1691/1717
f 1551/1691/1717 1315/1411/1425 1313/1409/1423
f 1551/1688/1718 1168/1225/1250 1116/1173/1200
f 1139/1196/1222 1322/1692/1432 1137/1194/1220
f 1552/1693/1720 1327/1425/1721 1322/1419/1432
f 1327/1425/1441 1553/1694/1722 1325/1423/1439
f 1553/1694/1722 1188/1245/1270 1325/1423/1439
f 1139/1196/1222 1367/1470/1490 1552/1695/1720
f 1552/1693/1720 1361/1464/1494 1553/1696/1723
f 1553/1696/1722 1361/1464/1484 1359/1462/1482
f 1553/1694/1722 1119/1176/1203 1118/1175/1202
f 1253/1320/1342 1554/1697/1724 1254/1323/1343
f 1254/1323/1343 1555/1698/1725 1256/1699/1726
f 1256/1699/1726 1556/1700/1727 1557/1701/1728
f 1557/1701/1728 1134/1191/1217 1204/1261/1286
f 1080/1137/1164 1554/1697/1724 1097/1154/1181
f 1235/1292/1317 1555/1698/1725 1554/1697/1724
f 1238/1295/1729 1556/1700/1727 1555/1698/1725
f 1244/1303/1730 1134/1191/1217 1556/1700/1727
f 1146/1203/1229 1558/1702/1731 1104/1161/1188
f 1559/1703/1732 1264/1335/1733 1558/1702/1731
f 1560/1704/1734 1262/1332/1735 1264/1335/1733
f 1561/1705/1736 1206/1263/1288 1262/1332/1735
f 1146/1203/1229 1244/1306/1730 1559/1703/1732
f 1559/1703/1732 1242/1299/1737 1560/1704/1734
f 1560/1704/1734 1239/1296/1321 1561/1705/1736
f 1561/1705/1736 1241/1298/1323 1124/1181/1208
f 1205/1262/1287 1557/1706/1728 1204/1261/1286
f 1562/1707/1738 1260/1330/1739 1557/1706/1728
f 1563/1708/1740 1259/1327/1347 1260/1330/1739
f 1564/1709/1741 1123/1180/1207 1259/1327/1347
f 1205/1262/1287 1558/1710/1731 1562/1707/1738
f 1562/1707/1738 1565/1711/1742 1563/1708/1740
f 1563/1708/1740 1266/1339/1743 1564/1709/1741
f 1564/1709/1741 1265/1336/1744 1121/1178/1205
f 1277/1356/1378 1566/1712/1745 1275/1354/1376
f 1275/1354/1376 1567/1713/1746 1278/1365/1379
f 1278/1365/1747 1568/1714/1748 1283/1364/1749
f 1283/1364/1749 1166/1223/1248 1210/1267/1292
f 1107/1164/1191 1566/1712/1745 1187/1244/1269
f 1247/1308/1330 1567/1713/1746 1566/1712/1745
f 1250/1312/1750 1568/1714/1748 1567/1713/1746
f 1569/1715/1751 1166/1223/1248 1568/1714/1748
f 1160/1217/1243 1570/1716/1752 1287/1372/1389
f 1287/1372/1389 1571/1717/1753 1289/1718/1754
f 1289/1718/1754 1572/1719/1755 1573/1720/1756
f 1573/1720/1756 1226/1283/1308 1094/1151/1178
f 1152/1209/1235 1570/1716/1752 1150/1207/1233
f 1285/1367/1386 1571/1717/1753 1570/1716/1752
f 1281/1361/1757 1572/1719/1755 1571/1717/1753
f 1283/1363/1749 1226/1283/1308 1572/1719/1755
f 1096/1153/1180 1573/1721/1756 1094/1151/1178
f 1574/1722/1758 1293/1379/1759 1573/1721/1756
f 1575/1723/1760 1292/1376/1395 1293/1379/1759
f 1576/1724/1761 1158/1215/1241 1292/1376/1395
f 1096/1153/1180 1569/1725/1751 1574/1722/1758
f 1574/1722/1758 1250/1319/1762 1575/1723/1760
f 1575/1723/1760 1252/1318/1337 1576/1724/1761
f 1576/1724/1761 1153/1210/1236 1155/1212/1238
f 1144/1201/1227 1273/1352/1763 1083/1140/1167
f 1577/1726/1764 1578/1727/1765 1270/1728/1766
f 1578/1727/1767 1268/1343/1768 1270/1728/1769
f 1579/1729/1770 1231/1288/1313 1268/1343/1768
f 1144/1201/1227 1302/1391/1407 1577/1726/1764
f 1577/1726/1764 1297/1392/1771 1578/1727/1765
f 1578/1727/1767 1294/1381/1399 1579/1729/1770
f 1579/1729/1770 1296/1383/1401 1182/1239/1264
f 1216/1273/1298 1302/1390/1407 1167/1224/1249
f 1580/1730/1772 1300/1388/1405 1302/1390/1407
f 1581/1731/1773 1304/1394/1411 1300/1388/1405
f 1582/1732/1774 1172/1229/1254 1304/1394/1411
f 1216/1273/1298 1583/1733/1775 1580/1730/1772
f 1580/1730/1772 1308/1734/1776 1581/1731/1773
f 1581/1731/1773 1306/1399/1413 1582/1732/1774
f 1582/1732/1774 1086/1143/1170 1088/1145/1172
f 1230/1287/1312 1583/1735/1775 1217/1274/1299
f 1517/1645/1675 1312/1408/1777 1583/1735/1775
f 1511/1639/1669 1306/1405/1778 1312/1408/1777
f 1509/1637/1667 1181/1238/1263 1306/1405/1418
f 1230/1287/1312 1274/1353/1779 1516/1646/1674
f 1516/1646/1674 1272/1350/1780 1518/1647/1676
f 1518/1647/1676 1271/1349/1781 1521/1651/1680
f 1521/1651/1680 1173/1230/1255 1175/1232/1257
f 1223/1496/1305 1584/1736/1782 1383/1494/1517
f 1383/1494/1517 1585/1737/1783 1379/1487/1509
f 1379/1487/1509 1586/1738/1784 1375/1483/1505
f 1375/1483/1505 1170/1227/1252 1169/1226/1251
f 1222/1739/1304 1395/1507/1530 1584/1736/1782
f 1584/1736/1782 1389/1501/1524 1585/1737/1783
f 1585/1737/1783 1387/1499/1522 1586/1738/1784
f 1586/1738/1784 1209/1266/1291 1170/1227/1252
f 1196/1253/1278 1405/1519/1540 1208/1265/1290
f 1587/1740/1785 1413/1529/1549 1405/1519/1540
f 1588/1741/1734 1410/1525/1545 1413/1529/1549
f 1589/1742/1786 1112/1526/1196 1410/1525/1545
f 1401/1515/1536 1587/1740/1785 1196/1253/1278
f 1400/1514/1535 1588/1741/1734 1587/1740/1785
f 1396/1509/1531 1589/1742/1786 1588/1741/1734
f 1394/1743/1529 1110/1167/1194 1589/1744/1786
f 1199/1256/1281 1382/1492/1514 1197/1254/1279
f 1590/1745/1787 1386/1498/1521 1382/1492/1514
f 1591/1746/1788 1384/1495/1518 1386/1498/1521
f 1592/1747/1789 1223/1496/1305 1384/1495/1518
f 1199/1256/1281 1415/1531/1551 1590/1745/1787
f 1590/1745/1787 1411/1527/1546 1591/1746/1788
f 1591/1746/1788 1409/1524/1544 1592/1747/1789
f 1592/1747/1789 1112/1526/1196 1111/1748/1195
f 1213/1749/1295 1430/1548/1570 1211/1550/1293
f 1593/1750/1790 1422/1539/1562 1430/1548/1570
f 1594/1751/1791 1418/1535/1558 1422/1539/1562
f 1595/1752/1792 1419/1536/1559 1418/1535/1558
f 1215/1561/1297 1593/1750/1790 1213/1749/1295
f 1440/1560/1582 1594/1751/1791 1593/1750/1790
f 1443/1564/1586 1595/1752/1792 1594/1751/1791
f 1435/1554/1575 1114/1171/1198 1595/1752/1792
f 1228/1582/1310 1596/1753/1793 1458/1580/1609
f 1458/1580/1609 1597/1754/1794 1452/1574/1600
f 1452/1574/1600 1598/1755/1795 1448/1570/1596
f 1448/1570/1596 1101/1158/1185 1100/1157/1184
f 1227/1756/1309 1431/1549/1571 1596/1753/1793
f 1596/1753/1793 1427/1544/1567 1597/1754/1794
f 1597/1754/1794 1425/1542/1565 1598/1755/1795
f 1598/1755/1795 1202/1259/1284 1101/1158/1185
f 1201/1258/1283 1456/1578/1604 1203/1260/1285
f 1599/1757/1796 1461/1584/1612 1456/1578/1604
f 1600/1758/1797 1459/1581/1610 1461/1584/1612
f 1601/1759/1798 1228/1582/1310 1459/1581/1610
f 1201/1258/1283 1445/1566/1588 1599/1757/1796
f 1599/1757/1796 1441/1562/1583 1600/1758/1797
f 1600/1758/1797 1439/1559/1581 1601/1759/1798
f 1601/1759/1798 1215/1561/1297 1214/1760/1296
f 1221/1278/1303 1464/1587/1615 1233/1290/1315
f 1602/1761/1799 1473/1597/1800 1464/1587/1615
f 1603/1762/1801 1470/1593/1621 1473/1597/1624
f 1604/1763/1802 1103/1594/1187 1470/1593/1621
f 1220/1277/1302 1602/1761/1799 1221/1278/1303
f 1480/1604/1634 1603/1762/1801 1602/1761/1799
f 1483/1607/1637 1604/1763/1802 1603/1762/1801
f 1491/1615/1645 1093/1764/1177 1604/1763/1802
f 1090/1147/1174 1486/1610/1640 1191/1248/1273
f 1486/1610/1640 1605/1765/1803 1488/1612/1642
f 1488/1612/1642 1606/1766/1804 1492/1616/1646
f 1492/1616/1646 1218/1767/1300 1091/1617/1175
f 1090/1147/1174 1496/1622/1650 1607/1768/1805
f 1607/1768/1805 1500/1626/1654 1605/1765/1803
f 1605/1765/1803 1504/1631/1661 1606/1766/1804
f 1606/1766/1804 1219/1633/1301 1218/1767/1300
f 1525/1655/1685 1508/1769/1806 1193/1250/1275
f 1524/1654/1684 1507/1635/1807 1508/1769/1808
f 1528/1658/1809 1505/1632/1662 1507/1635/1664
f 1536/1667/1696 1219/1633/1301 1505/1632/1662
f 1195/1252/1277 1477/1601/1629 1531/1661/1691
f 1531/1661/1691 1471/1595/1622 1533/1663/1693
f 1533/1663/1693 1469/1592/1620 1537/1668/1697
f 1537/1668/1697 1103/1594/1187 1102/1669/1186
f 1082/1139/1166 1234/1291/1316 1080/1137/1164
f 1234/1291/1316 1608/1770/1810 1236/1293/1811
f 1236/1293/1811 1609/1771/1812 1240/1297/1322
f 1240/1297/1322 1125/1182/1209 1241/1298/1323
f 1209/1266/1291 1610/1772/1813 1082/1139/1166
f 1610/1772/1813 1391/1503/1526 1608/1770/1810
f 1391/1503/1526 1609/1771/1812 1608/1770/1810
f 1609/1771/1812 1401/1515/1536 1125/1182/1209
f 1198/1255/1280 1611/1773/1814 1416/1532/1815
f 1416/1532/1815 1611/1774/1814 1407/1522/1816
f 1407/1522/1817 1612/1775/1818 1404/1518/1819
f 1612/1775/1820 1208/1265/1290 1404/1518/1539
f 1265/1336/1744 1611/1773/1814 1135/1192/1218
f 1611/1774/1821 1261/1331/1822 1612/1775/1818
f 1612/1775/1820 1206/1263/1288 1207/1264/1289
f 1109/1166/1193 1246/1307/1329 1107/1164/1191
f 1246/1307/1823 1613/1776/1823 1248/1309/1823
f 1248/1317/1338 1614/1777/1824 1153/1210/1236
f 1109/1166/1193 1434/1553/1574 1613/1778/1825
f 1613/1778/1825 1434/1553/1574 1437/1557/1826
f 1613/1776/1827 1437/1557/1828 1446/1567/1829
f 1446/1567/1829 1614/1777/1824 1613/1779/1827
f 1615/1780/1830 1449/1781/1597 1100/1157/1184
f 1449/1571/1608 1616/1782/1831 1455/1577/1606
f 1455/1577/1603 1159/1216/1242 1203/1260/1285
f 1615/1780/1830 1288/1371/1390 1616/1783/1832
f 1616/1784/1833 1288/1785/1833 1291/1375/1833
f 1291/1375/1394 1159/1216/1242 1616/1782/1834
f 1172/1229/1254 1617/1786/1835 1303/1393/1410
f 1303/1393/1410 1618/1787/1836 1299/1387/1404
f 1299/1387/1404 1619/1788/1837 1295/1382/1400
f 1295/1382/1400 1183/1240/1265 1296/1383/1401
f 1171/1228/1253 1487/1611/1641 1617/1786/1835
f 1617/1786/1835 1481/1605/1635 1618/1787/1836
f 1481/1605/1635 1619/1788/1837 1618/1787/1836
f 1479/1603/1633 1183/1240/1265 1619/1788/1837
f 1475/1599/1627 1620/1789/1838 1478/1602/1631
f 1478/1602/1839 1621/1790/1840 1467/1590/1841
f 1467/1590/1842 1621/1791/1843 1463/1586/1614
f 1463/1586/1614 1232/1289/1314 1233/1290/1315
f 1194/1251/1276 1267/1348/1844 1620/1789/1838
f 1620/1789/1838 1267/1792/1844 1621/1790/1840
f 1621/1791/1843 1231/1288/1313 1232/1289/1314
f 1098/1155/1182 1376/1484/1506 1169/1226/1251
f 1376/1484/1506 1622/1793/1845 1377/1485/1846
f 1377/1485/1847 1622/1794/1848 1381/1491/1513
f 1381/1491/1513 1122/1179/1206 1197/1254/1279
f 1098/1155/1182 1255/1322/1344 1622/1795/1845
f 1622/1793/1849 1255/1796/1849 1258/1326/1849
f 1258/1326/1346 1122/1179/1206 1622/1794/1848
f 1152/1209/1235 1623/1797/1850 1284/1366/1385
f 1284/1366/1385 1624/1798/1851 1280/1360/1852
f 1624/1798/1851 1276/1355/1377 1280/1360/1852
f 1625/1799/1853 1277/1356/1378 1276/1355/1377
f 1151/1208/1234 1426/1543/1566 1623/1797/1850
f 1623/1797/1850 1420/1537/1560 1624/1798/1851
f 1420/1537/1560 1625/1799/1853 1624/1798/1851
f 1417/1534/1557 1113/1170/1197 1625/1799/1853
f 1181/1238/1263 1626/1800/1854 1311/1404/1417
f 1311/1404/1855 1627/1801/1856 1310/1403/1855
f 1310/1403/1857 1628/1802/1858 1307/1398/1859
f 1307/1398/1414 1089/1146/1173 1086/1143/1170
f 1180/1237/1262 1502/1629/1860 1626/1800/1854
f 1626/1800/1861 1497/1623/1862 1627/1801/1856
f 1627/1801/1863 1498/1624/1652 1628/1802/1858
f 1628/1802/1864 1494/1620/1648 1089/1146/1173
f 1573/1720/1865 1293/1803/1866 1289/1718/1866
f 1557/1701/1728 1260/1804/1739 1256/1699/1867
f 1175/1232/1257 1629/1805/1868 1520/1650/1679
f 1520/1650/1679 1630/1806/1869 1514/1642/1672
f 1514/1642/1672 1631/1807/1870 1510/1638/1668
f 1510/1638/1668 1192/1249/1274 1179/1236/1261
f 1525/1655/1685 1631/1807/1870 1523/1653/1683
f 1523/1653/1683 1630/1806/1869 1526/1656/1686
f 1526/1656/1686 1629/1805/1868 1532/1662/1692
f 1532/1662/1692 1174/1231/1256 1195/1252/1277
f 1266/1337/1363 1263/1808/1357 1262/1341/1356
f 1252/1316/1341 1251/1314/1335 1247/1313/1333
f 1583/1733/1871 1312/1809/1871 1308/1734/1871
f 1569/1715/1872 1250/1312/1872 1632/1810/1872
f 1259/1329/1350 1254/1328/1349 1257/1325/1873
f 1558/1702/1874 1264/1335/1874 1565/1811/1874
f 1080/1137/1164 1097/1154/1181 1081/1138/1165
f 1083/1140/1167 1230/1287/1312 1084/1141/1168
f 1086/1143/1170 1089/1146/1173 1087/1144/1171
f 1089/1146/1173 1494/1620/1648 1090/1147/1174
f 1091/1148/1175 1218/1275/1300 1092/1149/1176
f 1097/1154/1181 1253/1320/1342 1098/1155/1182
f 1093/1150/1177 1092/1149/1176 1102/1159/1186
f 1104/1161/1188 1205/1262/1287 1105/1162/1189
f 1110/1167/1194 1225/1282/1307 1111/1168/1195
f 1115/1172/1199 1148/1205/1231 1116/1173/1200
f 1121/1178/1205 1136/1193/1219 1122/1179/1206
f 1124/1181/1208 1241/1298/1323 1125/1182/1209
f 1127/1184/1211 1190/1247/1272 1128/1185/1212
f 1085/1142/1169 1084/1141/1168 1130/1187/1214
f 1132/1189/1216 1161/1218/1199 1133/1190/1199
f 1121/1178/1205 1265/1336/1744 1135/1192/1218
f 1137/1194/1220 1177/1234/1259 1138/1195/1221
f 1083/1140/1167 1085/1142/1169 1143/1200/1226
f 1104/1161/1188 1106/1163/1190 1145/1202/1228
f 1115/1172/1199 1133/1190/1199 1147/1204/1230
f 1085/1142/1169 1131/1188/1215 1149/1206/1232
f 1156/1213/1239 1157/1214/1240 1130/1187/1214
f 1156/1213/1239 1129/1186/1213 1128/1185/1212
f 1161/1218/1199 1145/1202/1228 1162/1219/1244
f 1106/1163/1190 1168/1225/1250 1162/1219/1244
f 1167/1224/1249 1144/1201/1227 1143/1200/1226
f 1106/1163/1190 1105/1162/1189 1116/1173/1200
f 1081/1138/1165 1098/1155/1182 1169/1226/1251
f 1088/1145/1172 1087/1144/1171 1171/1228/1253
f 1173/1230/1255 1194/1251/1276 1174/1231/1256
f 1176/1233/1258 1138/1195/1221 1177/1234/1259
f 1161/1218/1199 1163/1220/1245 1147/1204/1230
f 1140/1197/1223 1142/1199/1225 1185/1242/1267
f 1120/1177/1204 1186/1243/1268 1185/1242/1267
f 1139/1196/1222 1138/1195/1221 1176/1233/1258
f 1127/1184/1211 1143/1200/1226 1149/1206/1232
f 1087/1144/1171 1090/1147/1174 1191/1248/1273
f 1194/1251/1276 1475/1599/1627 1195/1252/1277
f 1125/1182/1209 1401/1515/1536 1196/1253/1278
f 1136/1193/1219 1199/1256/1281 1197/1254/1279
f 1136/1193/1219 1135/1192/1218 1198/1255/1280
f 1204/1261/1286 1115/1172/1199 1105/1162/1189
f 1206/1263/1288 1124/1181/1208 1126/1183/1210
f 1126/1183/1210 1196/1253/1278 1208/1265/1290
f 1081/1138/1165 1170/1227/1252 1209/1266/1291
f 1167/1224/1249 1127/1184/1211 1129/1186/1213
f 1217/1274/1299 1216/1273/1298 1129/1186/1213
f 1102/1159/1186 1092/1149/1176 1218/1275/1300
f 1132/1189/1216 1146/1203/1229 1145/1202/1228
f 1204/1261/1286 1134/1191/1217 1133/1190/1199
f 1111/1168/1195 1225/1282/1307 1222/1279/1304
f 1224/1281/1306 1222/1279/1304 1225/1282/1307
f 1217/1274/1299 1156/1213/1239 1084/1141/1168
f 1148/1205/1231 1147/1204/1230 1539/1671/1700
f 1339/1441/1460 1539/1671/1700 1540/1672/1701
f 1540/1672/1701 1541/1673/1702 1329/1427/1445
f 1541/1673/1702 1149/1206/1232 1131/1188/1215
f 1147/1204/1230 1163/1220/1245 1344/1447/1467
f 1539/1671/1700 1344/1447/1467 1347/1450/1470
f 1347/1450/1470 1357/1460/1480 1541/1673/1702
f 1357/1460/1480 1190/1247/1272 1149/1206/1232
f 1542/1674/1703 1544/1676/1705 1352/1455/1475
f 1352/1455/1475 1544/1676/1705 1543/1675/1704
f 1356/1459/1479 1543/1675/1704 1128/1185/1212
f 1544/1676/1705 1363/1466/1486 1372/1478/1500
f 1543/1675/1704 1372/1478/1500 1157/1214/1240
f 1371/1477/1499 1546/1682/1712 1130/1187/1214
f 1176/1233/1258 1178/1235/1260 1336/1435/1452
f 1545/1677/1706 1336/1435/1452 1330/1428/1456
f 1548/1684/1714 1549/1685/1715 1314/1410/1424
f 1185/1242/1267 1142/1199/1225 1351/1454/1474
f 1343/1446/1466 1163/1220/1245 1162/1219/1244
f 1177/1234/1259 1550/1690/1719 1337/1686/1453
f 1550/1687/1716 1551/1691/1717 1342/1444/1463
f 1551/1688/1718 1116/1173/1200 1148/1205/1231
f 1177/1234/1259 1137/1194/1220 1321/1689/1431
f 1551/1688/1718 1313/1409/1423 1168/1225/1250
f 1254/1323/1343 1554/1697/1724 1555/1698/1725
f 1256/1699/1726 1555/1698/1725 1556/1700/1727
f 1557/1701/1728 1556/1700/1727 1134/1191/1217
f 1080/1137/1164 1235/1292/1317 1554/1697/1724
f 1146/1203/1229 1559/1703/1732 1558/1702/1731
f 1559/1703/1732 1560/1704/1734 1264/1335/1733
f 1560/1704/1734 1561/1705/1736 1262/1332/1735
f 1559/1703/1732 1244/1306/1730 1242/1299/1737
f 1560/1704/1734 1242/1299/1737 1239/1296/1321
f 1205/1262/1287 1562/1707/1738 1557/1706/1728
f 1562/1707/1738 1563/1708/1740 1260/1330/1739
f 1563/1708/1740 1564/1709/1741 1259/1327/1347
f 1564/1709/1741 1121/1178/1205 1123/1180/1207
f 1562/1707/1738 1558/1710/1731 1565/1711/1742
f 1564/1709/1741 1266/1339/1743 1265/1336/1744
f 1144/1201/1227 1167/1224/1249 1302/1391/1407
f 1578/1727/1767 1297/1392/1402 1294/1381/1399
f 1579/1729/1770 1294/1381/1399 1296/1383/1401
f 1216/1273/1298 1580/1730/1772 1302/1390/1407
f 1580/1730/1772 1581/1731/1773 1300/1388/1405
f 1581/1731/1773 1582/1732/1774 1304/1394/1411
f 1216/1273/1298 1217/1274/1299 1583/1733/1775
f 1580/1730/1772 1583/1733/1775 1308/1734/1776
f 1581/1731/1773 1308/1734/1776 1306/1399/1413
f 1582/1732/1774 1306/1399/1413 1086/1143/1170
f 1230/1287/1312 1517/1645/1675 1583/1735/1775
f 1511/1639/1669 1509/1637/1667 1306/1405/1778
f 1230/1287/1312 1083/1140/1167 1274/1353/1779
f 1516/1646/1674 1274/1353/1779 1272/1350/1780
f 1518/1647/1676 1272/1350/1780 1271/1349/1781
f 1521/1651/1680 1271/1349/1781 1173/1230/1255
f 1222/1739/1304 1224/1508/1306 1395/1507/1530
f 1584/1736/1782 1395/1507/1530 1389/1501/1524
f 1585/1737/1783 1389/1501/1524 1387/1499/1522
f 1586/1738/1784 1387/1499/1522 1209/1266/1291
f 1589/1742/1786 1110/1812/1194 1112/1526/1196
f 1401/1515/1536 1400/1514/1535 1587/1740/1785
f 1400/1514/1535 1396/1509/1531 1588/1741/1734
f 1396/1509/1531 1394/1506/1529 1589/1742/1786
f 1394/1743/1529 1224/1281/1306 1110/1167/1194
f 1199/1256/1281 1590/1745/1787 1382/1492/1514
f 1591/1746/1788 1592/1747/1789 1384/1495/1518
f 1199/1256/1281 1198/1255/1280 1415/1531/1551
f 1590/1745/1787 1415/1531/1551 1411/1527/1546
f 1591/1746/1788 1411/1527/1546 1409/1524/1544
f 1592/1747/1789 1409/1524/1544 1112/1526/1196
f 1090/1147/1174 1607/1768/1805 1486/1610/1640
f 1486/1610/1640 1607/1768/1805 1605/1765/1803
f 1488/1612/1642 1605/1765/1803 1606/1766/1804
f 1492/1616/1646 1606/1766/1804 1218/1767/1300
f 1607/1768/1805 1496/1622/1650 1500/1626/1654
f 1531/1661/1691 1477/1601/1629 1471/1595/1622
f 1533/1663/1693 1471/1595/1622 1469/1592/1620
f 1537/1668/1697 1469/1592/1620 1103/1594/1187
f 1094/1151/1178 1120/1177/1204 1095/1152/1179
f 1099/1156/1183 1615/1780/1830 1100/1157/1184
f 1107/1164/1191 1187/1244/1269 1108/1165/1192
f 1113/1170/1197 1419/1536/1559 1114/1171/1198
f 1117/1174/1201 1095/1152/1179 1118/1175/1202
f 1120/1177/1204 1188/1245/1270 1118/1175/1202
f 1140/1197/1223 1165/1222/1247 1141/1198/1224
f 1150/1207/1233 1099/1156/1183 1151/1208/1234
f 1153/1210/1236 1614/1777/1824 1154/1211/1237
f 1158/1215/1241 1155/1212/1238 1154/1211/1237
f 1160/1217/1243 1615/1780/1830 1099/1156/1183
f 1164/1221/1246 1117/1174/1201 1165/1222/1247
f 1179/1236/1261 1192/1249/1274 1180/1237/1262
f 1182/1239/1264 1296/1383/1401 1183/1240/1265
f 1117/1174/1201 1119/1176/1203 1141/1198/1224
f 1187/1244/1269 1277/1356/1378 1113/1170/1197
f 1192/1249/1274 1525/1655/1685 1193/1250/1275
f 1154/1211/1237 1614/1777/1824 1200/1257/1282
f 1151/1208/1234 1099/1156/1183 1101/1158/1185
f 1154/1211/1237 1201/1258/1283 1203/1260/1285
f 1164/1221/1246 1096/1153/1180 1095/1152/1179
f 1210/1267/1292 1166/1223/1248 1165/1222/1247
f 1211/1268/1293 1227/1284/1309 1212/1269/1294
f 1213/1270/1295 1212/1269/1294 1214/1271/1296
f 1184/1241/1266 1183/1240/1265 1220/1277/1302
f 1210/1267/1292 1140/1197/1223 1186/1243/1268
f 1094/1151/1178 1226/1283/1308 1186/1243/1268
f 1214/1271/1296 1212/1269/1294 1227/1284/1309
f 1108/1165/1192 1114/1171/1198 1229/1286/1311
f 1231/1288/1313 1182/1239/1264 1184/1241/1266
f 1232/1289/1314 1184/1241/1266 1221/1278/1303
f 1234/1291/1316 1237/1294/1319 1235/1292/1317
f 1239/1296/1321 1243/1300/1325 1240/1297/1322
f 1242/1299/1324 1238/1813/1320 1243/1300/1325
f 1243/1300/1325 1237/1302/1319 1236/1293/1318
f 1245/1305/1328 1238/1813/1320 1242/1299/1324
f 1258/1326/1348 1255/1796/1875 1254/1328/1349
f 1257/1325/1351 1256/1324/1876 1260/1330/1352
f 1266/1339/1360 1565/1711/1877 1264/1340/1361
f 1271/1347/1371 1270/1351/1878 1269/1345/1372
f 1273/1352/1373 1272/1814/1879 1274/1353/1374
f 1275/1354/1376 1279/1358/1380 1276/1355/1377
f 1281/1361/1382 1278/1369/1379 1282/1362/1383
f 1284/1366/1385 1286/1368/1387 1285/1367/1386
f 1280/1360/1381 1279/1359/1380 1286/1368/1387
f 1286/1368/1387 1278/1369/1379 1281/1361/1382
f 1291/1375/1396 1288/1785/1880 1287/1377/1391
f 1292/1378/1397 1287/1377/1391 1290/1380/1393
f 1294/1381/1399 1298/1385/1403 1295/1382/1400
f 1300/1388/1405 1297/1396/1402 1301/1389/1406
f 1303/1393/1410 1305/1395/1412 1304/1394/1411
f 1299/1387/1404 1298/1386/1403 1305/1395/1412
f 1305/1395/1412 1297/1396/1402 1300/1388/1405
f 1309/1407/1420 1308/1400/1881 1312/1408/1421
f 1313/1409/1423 1316/1412/1426 1314/1410/1424
f 1315/1411/1425 1318/1414/1428 1316/1412/1426
f 1316/1412/1426 1319/1415/1429 1317/1413/1427
f 1137/1416/1220 1322/1419/1432 1320/1417/1430
f 1322/1419/1432 1327/1425/1721 1323/1420/1433
f 1321/1418/1431 1320/1417/1430 1318/1414/1434
f 1320/1417/1435 1323/1420/1882 1319/1421/1436
f 1324/1422/1438 1326/1424/1440 1325/1423/1439
f 1317/1413/1427 1319/1415/1442 1326/1424/1440
f 1326/1424/1440 1323/1420/1443 1327/1425/1441
f 1131/1188/1215 1331/1815/1447 1328/1426/1444
f 1330/1428/1446 1333/1439/1449 1328/1429/1444
f 1328/1426/1444 1334/1433/1450 1332/1431/1448
f 1178/1235/1260 1337/1686/1453 1335/1434/1451
f 1337/1436/1453 1342/1444/1463 1338/1437/1454
f 1336/1435/1452 1335/1434/1451 1333/1439/1455
f 1335/1434/1457 1338/1816/1883 1334/1440/1458
f 1339/1441/1460 1341/1443/1462 1340/1442/1461
f 1332/1431/1448 1334/1433/1464 1341/1443/1462
f 1341/1443/1462 1338/1437/1465 1342/1444/1463
f 1343/1446/1466 1346/1449/1469 1344/1447/1467
f 1345/1448/1468 1354/1457/1477 1346/1449/1469
f 1346/1449/1469 1349/1452/1472 1347/1450/1470
f 1346/1449/1469 1354/1457/1477 1348/1451/1471
f 1350/1453/1473 1353/1456/1476 1351/1454/1474
f 1352/1455/1475 1358/1461/1481 1353/1456/1476
f 1353/1456/1476 1354/1457/1477 1345/1448/1468
f 1353/1456/1476 1358/1461/1481 1348/1451/1471
f 1190/1247/1272 1357/1460/1480 1355/1458/1478
f 1357/1460/1480 1347/1450/1470 1349/1452/1472
f 1356/1459/1479 1355/1458/1478 1358/1461/1481
f 1355/1458/1478 1349/1452/1472 1348/1451/1471
f 1359/1462/1482 1362/1465/1485 1360/1463/1483
f 1361/1464/1484 1364/1467/1487 1362/1465/1485
f 1362/1465/1485 1365/1468/1488 1363/1466/1486
f 1189/1246/1271 1368/1471/1491 1366/1469/1489
f 1368/1471/1491 1373/1678/1707 1369/1472/1492
f 1367/1473/1490 1366/1817/1489 1364/1467/1493
f 1366/1469/1495 1369/1472/1884 1365/1474/1496
f 1157/1214/1240 1372/1478/1500 1370/1476/1498
f 1372/1478/1500 1363/1466/1486 1365/1468/1501
f 1370/1476/1498 1369/1481/1503 1373/1479/1502
f 1169/1226/1251 1376/1484/1506 1374/1482/1504
f 1375/1483/1505 1374/1482/1504 1378/1486/1508
f 1197/1254/1279 1382/1492/1514 1374/1490/1512
f 1382/1492/1514 1386/1498/1521 1378/1493/1515
f 1383/1494/1517 1385/1497/1519 1384/1495/1518
f 1379/1487/1509 1378/1486/1508 1385/1497/1519
f 1385/1497/1520 1378/1493/1515 1386/1498/1521
f 1387/1499/1522 1390/1502/1525 1388/1500/1523
f 1389/1501/1524 1392/1512/1527 1390/1502/1525
f 1390/1502/1525 1393/1505/1528 1391/1503/1526
f 1394/1506/1529 1397/1510/1532 1395/1507/1530
f 1396/1509/1531 1398/1511/1533 1397/1510/1532
f 1397/1510/1532 1392/1512/1527 1389/1501/1524
f 1399/1513/1534 1402/1516/1537 1400/1514/1535
f 1391/1503/1526 1393/1505/1528 1402/1516/1537
f 1402/1516/1537 1398/1511/1533 1396/1509/1531
f 1393/1505/1528 1392/1504/1527 1398/1511/1533
f 1208/1265/1290 1405/1519/1540 1403/1517/1538
f 1405/1519/1540 1413/1529/1549 1406/1520/1541
f 1409/1524/1544 1412/1528/1548 1410/1525/1545
f 1411/1527/1546 1406/1533/1555 1412/1528/1547
f 1412/1528/1548 1406/1520/1541 1413/1529/1549
f 1198/1255/1280 1416/1532/1815 1414/1530/1550
f 1407/1522/1552 1403/1521/1885 1414/1530/1553
f 1415/1531/1551 1414/1530/1553 1406/1533/1555
f 1414/1530/1553 1403/1521/1885 1408/1523/1556
f 1417/1534/1557 1421/1538/1561 1418/1535/1558
f 1420/1537/1560 1423/1547/1563 1421/1538/1561
f 1421/1538/1561 1424/1541/1564 1422/1539/1562
f 1425/1542/1565 1428/1545/1568 1426/1543/1566
f 1427/1544/1567 1429/1546/1569 1428/1545/1568
f 1428/1545/1568 1423/1547/1563 1420/1537/1560
f 1430/1548/1570 1432/1551/1572 1431/1549/1571
f 1422/1539/1562 1424/1541/1564 1432/1551/1572
f 1432/1551/1572 1429/1546/1569 1427/1544/1567
f 1424/1541/1564 1423/1540/1563 1429/1546/1569
f 1229/1286/1311 1435/1554/1575 1433/1552/1573
f 1435/1554/1575 1443/1564/1586 1436/1555/1576
f 1439/1559/1581 1442/1563/1584 1440/1560/1582
f 1441/1562/1583 1436/1568/1592 1442/1563/1584
f 1442/1563/1585 1436/1555/1576 1443/1564/1586
f 1200/1257/1282 1446/1567/1829 1444/1565/1587
f 1437/1557/1589 1433/1556/1886 1444/1565/1590
f 1445/1566/1588 1444/1565/1587 1436/1568/1592
f 1444/1565/1590 1433/1556/1886 1438/1558/1593
f 1100/1157/1184 1449/1781/1597 1447/1569/1595
f 1448/1570/1596 1447/1569/1595 1451/1573/1599
f 1447/1569/1595 1450/1572/1598 1453/1575/1601
f 1203/1260/1285 1456/1578/1604 1454/1576/1602
f 1456/1578/1604 1461/1584/1612 1457/1579/1605
f 1455/1577/1606 1454/1576/1602 1450/1572/1607
f 1454/1576/1602 1457/1579/1605 1453/1575/1601
f 1458/1580/1609 1460/1583/1611 1459/1581/1610
f 1452/1574/1600 1451/1573/1599 1460/1583/1611
f 1460/1583/1611 1457/1579/1605 1461/1584/1612
f 1451/1573/1599 1453/1575/1601 1457/1579/1605
f 1233/1290/1315 1464/1587/1615 1462/1585/1613
f 1464/1587/1615 1473/1597/1800 1465/1588/1616
f 1463/1586/1614 1462/1585/1613 1466/1589/1617
f 1462/1585/1613 1465/1588/1616 1468/1591/1619
f 1469/1592/1620 1472/1596/1623 1470/1593/1621
f 1471/1595/1622 1474/1598/1625 1472/1596/1623
f 1472/1596/1623 1465/1588/1626 1473/1597/1624
f 1474/1598/1625 1468/1591/1632 1465/1588/1626
f 1475/1599/1627 1478/1602/1631 1476/1600/1628
f 1467/1590/1630 1466/1589/1887 1476/1600/1628
f 1477/1601/1629 1476/1600/1628 1474/1598/1625
f 1476/1600/1628 1466/1589/1887 1468/1591/1632
f 1479/1603/1633 1482/1606/1636 1480/1604/1634
f 1481/1605/1635 1484/1608/1638 1482/1606/1636
f 1482/1606/1636 1485/1609/1639 1483/1607/1637
f 1486/1610/1640 1489/1613/1643 1487/1611/1641
f 1488/1612/1642 1490/1614/1644 1489/1613/1643
f 1489/1613/1643 1484/1608/1638 1481/1605/1635
f 1490/1614/1644 1485/1619/1639 1484/1608/1638
f 1491/1615/1645 1493/1618/1647 1492/1616/1646
f 1483/1607/1637 1485/1609/1639 1493/1618/1647
f 1493/1618/1647 1490/1614/1644 1488/1612/1642
f 1494/1620/1648 1498/1624/1652 1495/1621/1649
f 1497/1623/1651 1503/1630/1888 1495/1621/1649
f 1496/1622/1650 1495/1621/1649 1499/1625/1653
f 1495/1621/1649 1503/1630/1888 1501/1627/1655
f 1193/1250/1656 1508/1769/1889 1501/1628/1657
f 1502/1629/1658 1501/1628/1657 1503/1630/1659
f 1504/1631/1661 1506/1634/1663 1505/1632/1662
f 1500/1626/1654 1499/1625/1653 1506/1634/1663
f 1506/1634/1663 1508/1636/1666 1507/1635/1664
f 1499/1625/1665 1501/1627/1890 1508/1636/1666
f 1509/1637/1667 1512/1640/1670 1510/1638/1668
f 1511/1639/1669 1515/1643/1673 1512/1640/1670
f 1510/1638/1668 1512/1640/1670 1513/1641/1671
f 1515/1643/1673 1519/1649/1682 1513/1641/1671
f 1517/1645/1675 1516/1644/1674 1515/1643/1678
f 1520/1650/1679 1522/1652/1681 1521/1651/1680
f 1514/1642/1672 1513/1641/1671 1522/1652/1681
f 1522/1652/1681 1519/1648/1682 1518/1647/1676
f 1523/1653/1683 1527/1657/1687 1524/1654/1684
f 1526/1656/1686 1529/1665/1689 1527/1657/1687
f 1527/1657/1687 1530/1660/1690 1528/1658/1688
f 1531/1661/1691 1534/1664/1694 1532/1662/1692
f 1533/1663/1693 1535/1666/1695 1534/1664/1694
f 1532/1662/1692 1534/1664/1694 1529/1665/1689
f 1536/1667/1696 1538/1670/1699 1537/1668/1697
f 1536/1667/1696 1528/1658/1809 1530/1660/1698
f 1537/1668/1697 1538/1670/1699 1535/1666/1695
f 1530/1660/1690 1529/1659/1689 1535/1666/1695
f 1141/1198/1224 1542/1674/1703 1350/1453/1473
f 1119/1176/1203 1360/1463/1483 1542/1674/1703
f 1360/1463/1483 1363/1466/1486 1544/1676/1705
f 1176/1233/1258 1545/1677/1709 1368/1471/1491
f 1545/1677/1706 1546/1681/1710 1373/1678/1707
f 1546/1682/1712 1331/1815/1447 1131/1188/1215
f 1188/1245/1270 1185/1242/1267 1547/1683/1713
f 1324/1422/1438 1547/1683/1713 1548/1684/1714
f 1549/1685/1715 1162/1219/1244 1168/1225/1250
f 1547/1683/1713 1351/1454/1474 1345/1448/1468
f 1345/1448/1468 1343/1446/1466 1549/1685/1715
f 1550/1687/1716 1321/1418/1431 1315/1411/1425
f 1139/1196/1222 1552/1695/1720 1322/1692/1432
f 1552/1693/1720 1553/1696/1723 1327/1425/1721
f 1553/1694/1722 1118/1175/1202 1188/1245/1270
f 1139/1196/1222 1189/1246/1271 1367/1470/1490
f 1552/1693/1720 1367/1473/1490 1361/1464/1494
f 1553/1694/1722 1359/1462/1482 1119/1176/1203
f 1253/1320/1342 1097/1154/1181 1554/1697/1724
f 1235/1292/1317 1238/1295/1320 1555/1698/1725
f 1238/1295/1729 1244/1303/1730 1556/1700/1727
f 1244/1303/1730 1132/1189/1216 1134/1191/1217
f 1561/1705/1736 1124/1181/1208 1206/1263/1288
f 1146/1203/1229 1132/1189/1216 1244/1306/1730
f 1561/1705/1736 1239/1296/1321 1241/1298/1323
f 1205/1262/1287 1104/1161/1188 1558/1710/1731
f 1563/1708/1740 1565/1711/1742 1266/1339/1743
f 1277/1356/1378 1187/1244/1269 1566/1712/1745
f 1275/1354/1376 1566/1712/1745 1567/1713/1746
f 1278/1365/1747 1567/1713/1746 1568/1714/1748
f 1283/1364/1749 1568/1714/1748 1166/1223/1248
f 1107/1164/1191 1247/1308/1330 1566/1712/1745
f 1247/1308/1330 1250/1312/1750 1567/1713/1746
f 1250/1312/1750 1569/1715/1751 1568/1714/1748
f 1569/1715/1751 1164/1221/1246 1166/1223/1248
f 1160/1217/1243 1150/1207/1233 1570/1716/1752
f 1287/1372/1389 1570/1716/1752 1571/1717/1753
f 1289/1718/1754 1571/1717/1753 1572/1719/1755
f 1573/1720/1756 1572/1719/1755 1226/1283/1308
f 1152/1209/1235 1285/1367/1386 1570/1716/1752
f 1285/1367/1386 1281/1361/1757 1571/1717/1753
f 1281/1361/1757 1283/1363/1749 1572/1719/1755
f 1283/1363/1749 1210/1267/1292 1226/1283/1308
f 1096/1153/1180 1574/1722/1758 1573/1721/1756
f 1574/1722/1758 1575/1723/1760 1293/1379/1759
f 1575/1723/1760 1576/1724/1761 1292/1376/1395
f 1576/1724/1761 1155/1212/1238 1158/1215/1241
f 1096/1153/1180 1164/1221/1246 1569/1725/1751
f 1574/1722/1758 1569/1725/1751 1250/1319/1762
f 1575/1723/1760 1250/1319/1762 1252/1318/1337
f 1576/1724/1761 1252/1318/1337 1153/1210/1236
f 1144/1201/1227 1577/1726/1764 1273/1352/1763
f 1272/1814/1891 1273/1352/1763 1270/1728/1766
f 1273/1352/1763 1577/1726/1764 1270/1728/1766
f 1578/1727/1767 1579/1729/1770 1268/1343/1768
f 1579/1729/1770 1182/1239/1264 1231/1288/1313
f 1577/1726/1764 1302/1391/1407 1297/1392/1771
f 1582/1732/1774 1088/1145/1172 1172/1229/1254
f 1517/1645/1675 1511/1639/1669 1312/1408/1777
f 1509/1637/1667 1179/1236/1261 1181/1238/1263
f 1223/1496/1305 1222/1739/1304 1584/1736/1782
f 1383/1494/1517 1584/1736/1782 1585/1737/1783
f 1379/1487/1509 1585/1737/1783 1586/1738/1784
f 1375/1483/1505 1586/1738/1784 1170/1227/1252
f 1196/1253/1278 1587/1740/1785 1405/1519/1540
f 1587/1740/1785 1588/1741/1734 1413/1529/1549
f 1588/1741/1734 1589/1742/1786 1410/1525/1545
f 1590/1745/1787 1591/1746/1788 1386/1498/1521
f 1592/1747/1789 1111/1748/1195 1223/1496/1305
f 1213/1749/1295 1593/1750/1790 1430/1548/1570
f 1593/1750/1790 1594/1751/1791 1422/1539/1562
f 1594/1751/1791 1595/1752/1792 1418/1535/1558
f 1595/1752/1792 1114/1171/1198 1419/1536/1559
f 1215/1561/1297 1440/1560/1582 1593/1750/1790
f 1440/1560/1582 1443/1564/1586 1594/1751/1791
f 1443/1564/1586 1435/1554/1575 1595/1752/1792
f 1435/1554/1575 1229/1286/1311 1114/1171/1198
f 1228/1582/1310 1227/1756/1309 1596/1753/1793
f 1458/1580/1609 1596/1753/1793 1597/1754/1794
f 1452/1574/1600 1597/1754/1794 1598/1755/1795
f 1448/1570/1596 1598/1755/1795 1101/1158/1185
f 1227/1756/1309 1211/1550/1293 1431/1549/1571
f 1596/1753/1793 1431/1549/1571 1427/1544/1567
f 1597/1754/1794 1427/1544/1567 1425/1542/1565
f 1598/1755/1795 1425/1542/1565 1202/1259/1284
f 1201/1258/1283 1599/1757/1796 1456/1578/1604
f 1599/1757/1796 1600/1758/1797 1461/1584/1612
f 1600/1758/1797 1601/1759/1798 1459/1581/1610
f 1601/1759/1798 1214/1760/1296 1228/1582/1310
f 1201/1258/1283 1200/1257/1282 1445/1566/1588
f 1599/1757/1796 1445/1566/1588 1441/1562/1583
f 1600/1758/1797 1441/1562/1583 1439/1559/1581
f 1601/1759/1798 1439/1559/1581 1215/1561/1297
f 1221/1278/1303 1602/1761/1799 1464/1587/1615
f 1602/1761/1799 1603/1762/1801 1473/1597/1800
f 1603/1762/1801 1604/1763/1802 1470/1593/1621
f 1604/1763/1802 1093/1764/1177 1103/1594/1187
f 1220/1277/1302 1480/1604/1634 1602/1761/1799
f 1480/1604/1634 1483/1607/1637 1603/1762/1801
f 1483/1607/1637 1491/1615/1645 1604/1763/1802
f 1491/1615/1645 1091/1617/1175 1093/1764/1177
f 1090/1147/1174 1494/1620/1648 1496/1622/1650
f 1605/1765/1803 1500/1626/1654 1504/1631/1661
f 1606/1766/1804 1504/1631/1661 1219/1633/1301
f 1525/1655/1685 1524/1654/1684 1508/1769/1806
f 1524/1654/1684 1528/1658/1688 1507/1635/1807
f 1528/1658/1809 1536/1667/1696 1505/1632/1662
f 1536/1667/1696 1102/1669/1186 1219/1633/1301
f 1195/1252/1277 1475/1599/1627 1477/1601/1629
f 1082/1139/1166 1610/1772/1813 1234/1291/1316
f 1234/1291/1316 1610/1772/1813 1608/1770/1810
f 1236/1293/1811 1608/1770/1810 1609/1771/1812
f 1240/1297/1322 1609/1771/1812 1125/1182/1209
f 1209/1266/1291 1388/1500/1523 1610/1772/1813
f 1610/1772/1813 1388/1500/1523 1391/1503/1526
f 1391/1503/1526 1399/1513/1534 1609/1771/1812
f 1609/1771/1812 1399/1513/1534 1401/1515/1536
f 1198/1255/1280 1135/1192/1218 1611/1773/1814
f 1407/1522/1817 1611/1774/1821 1612/1775/1818
f 1612/1775/1820 1207/1264/1289 1208/1265/1290
f 1265/1336/1744 1261/1338/1892 1611/1773/1814
f 1612/1775/1820 1261/1331/1893 1206/1263/1288
f 1109/1166/1193 1613/1778/1825 1246/1307/1329
f 1248/1317/1338 1613/1779/1827 1614/1777/1824
f 1109/1166/1193 1229/1286/1311 1434/1553/1574
f 1446/1567/1829 1200/1257/1282 1614/1777/1824
f 1615/1780/1830 1616/1783/1832 1449/1781/1597
f 1455/1577/1603 1616/1782/1834 1159/1216/1242
f 1615/1780/1830 1160/1217/1243 1288/1371/1390
f 1291/1375/1394 1158/1215/1241 1159/1216/1242
f 1172/1229/1254 1171/1228/1253 1617/1786/1835
f 1303/1393/1410 1617/1786/1835 1618/1787/1836
f 1299/1387/1404 1618/1787/1836 1619/1788/1837
f 1295/1382/1400 1619/1788/1837 1183/1240/1265
f 1171/1228/1253 1191/1248/1273 1487/1611/1641
f 1617/1786/1835 1487/1611/1641 1481/1605/1635
f 1481/1605/1635 1479/1603/1633 1619/1788/1837
f 1479/1603/1633 1220/1277/1302 1183/1240/1265
f 1475/1599/1627 1194/1251/1276 1620/1789/1838
f 1478/1602/1839 1620/1789/1838 1621/1790/1840
f 1463/1586/1614 1621/1791/1843 1232/1289/1314
f 1194/1251/1276 1173/1230/1255 1267/1348/1844
f 1621/1791/1843 1267/1342/1894 1231/1288/1313
f 1098/1155/1182 1622/1795/1845 1376/1484/1506
f 1381/1491/1513 1622/1794/1848 1122/1179/1206
f 1098/1155/1182 1253/1320/1342 1255/1322/1344
f 1258/1326/1346 1123/1180/1207 1122/1179/1206
f 1152/1209/1235 1151/1208/1234 1623/1797/1850
f 1284/1366/1385 1623/1797/1850 1624/1798/1851
f 1624/1798/1851 1625/1799/1853 1276/1355/1377
f 1625/1799/1853 1113/1170/1197 1277/1356/1378
f 1151/1208/1234 1202/1259/1284 1426/1543/1566
f 1623/1797/1850 1426/1543/1566 1420/1537/1560
f 1420/1537/1560 1417/1534/1557 1625/1799/1853
f 1417/1534/1557 1419/1536/1559 1113/1170/1197
f 1181/1238/1263 1180/1237/1262 1626/1800/1854
f 1311/1404/1855 1626/1800/1861 1627/1801/1856
f 1310/1403/1857 1627/1801/1863 1628/1802/1858
f 1307/1398/1414 1628/1802/1864 1089/1146/1173
f 1180/1237/1262 1193/1250/1275 1502/1629/1860
f 1626/1800/1861 1502/1629/1895 1497/1623/1862
f 1627/1801/1863 1497/1623/1651 1498/1624/1652
f 1628/1802/1864 1498/1624/1652 1494/1620/1648
f 1175/1232/1257 1174/1231/1256 1629/1805/1868
f 1520/1650/1679 1629/1805/1868 1630/1806/1869
f 1514/1642/1672 1630/1806/1869 1631/1807/1870
f 1510/1638/1668 1631/1807/1870 1192/1249/1274
f 1525/1655/1685 1192/1249/1274 1631/1807/1870
f 1523/1653/1683 1631/1807/1870 1630/1806/1869
f 1526/1656/1686 1630/1806/1869 1629/1805/1868
f 1532/1662/1692 1629/1805/1868 1174/1231/1256
f 1252/1316/1341 1249/1315/1336 1251/1314/1335
f 1633/1818/1896 1634/1819/1897 1635/1820/1898
f 1636/1821/1899 1637/1822/1900 1638/1823/1901
f 1639/1824/1897 1640/1825/1902 1641/1826/1897
f 1642/1827/1903 1643/1828/1904 1644/1829/1905
f 1645/1830/1897 1646/1831/1906 1647/1832/1907
f 1648/1833/1908 1638/1823/1901 1649/1834/1909
f 1650/1835/1910 1651/1836/1911 1652/1837/1912
f 1653/1838/1913 1654/1839/1914 1655/1840/1915
f 1641/1826/1897 1656/1841/1916 1657/1842/1917
f 1658/1843/1918 1645/1830/1897 1659/1844/1897
f 1644/1829/1905 1660/1845/1919 1661/1846/1920
f 1662/1847/1921 1663/1848/1922 1664/1849/1923
f 1665/1850/1924 1666/1851/1925 1667/1852/1926
f 1661/1846/1920 1668/1853/1927 1669/1854/1928
f 1669/1854/1928 1670/1855/1929 1671/1856/1930
f 1672/1857/1931 1673/1858/1932 1674/1859/1933
f 1675/1860/1897 1676/1861/1934 1646/1831/1906
f 1671/1856/1930 1677/1862/1935 1678/1863/1936
f 1678/1863/1936 1679/1864/1937 1680/1865/1938
f 1681/1866/1939 1682/1867/1940 1672/1857/1931
f 1683/1868/1897 1684/1869/1941 1685/1870/1942
f 1686/1871/1943 1649/1834/1909 1687/1872/1944
f 1688/1873/1945 1687/1872/1944 1689/1874/1946
f 1690/1875/1947 1691/1876/1948 1692/1877/1949
f 1634/1819/1897 1693/1878/1950 1639/1824/1897
f 1694/1879/1951 1689/1874/1946 1695/1880/1952
f 1696/1881/1953 1695/1880/1952 1697/1882/1954
f 1698/1883/1955 1699/1884/1956 1691/1876/1948
f 1700/1885/1897 1701/1886/1957 1702/1887/1897
f 1638/1823/1901 1703/1888/1958 1704/1889/1959
f 1705/1890/1960 1706/1891/1961 1707/1892/1960
f 1708/1893/1962 1709/1894/1963 1643/1828/1904
f 1710/1895/1964 1711/1896/1965 1712/1897/1966
f 1687/1872/1944 1713/1898/1967 1714/1899/1968
f 1715/1900/1969 1716/1901/1970 1717/1902/1971
f 1715/1900/1969 1718/1903/1972 1654/1839/1914
f 1719/1904/1973 1720/1905/1974 1716/1901/1970
f 1721/1906/1975 1703/1888/1958 1637/1822/1900
f 1722/1907/1976 1723/1908/1977 1666/1851/1925
f 1663/1848/1922 1724/1909/1978 1722/1907/1976
f 1660/1845/1919 1725/1910/1979 1668/1853/1927
f 1726/1911/1980 1727/1912/1981 1710/1895/1964
f 1728/1913/1982 1729/1914/1983 1663/1848/1922
f 1673/1858/1932 1730/1915/1984 1728/1913/1982
f 1670/1855/1929 1731/1916/1985 1677/1862/1935
f 1712/1897/1966 1732/1917/1986 1733/1918/1987
f 1682/1867/1940 1734/1919/1988 1673/1858/1932
f 1735/1920/1989 1736/1921/1990 1682/1867/1940
f 1677/1862/1935 1737/1922/1991 1679/1864/1937
f 1738/1923/1992 1739/1924/1960 1740/1925/1960
f 1652/1837/1912 1741/1926/1993 1720/1905/1974
f 1651/1836/1911 1742/1927/1994 1741/1926/1993
f 1695/1880/1952 1743/1928/1995 1744/1929/1996
f 1745/1930/1960 1746/1931/1997 1747/1932/1998
f 1692/1877/1949 1748/1933/1999 1742/1927/1994
f 1691/1876/1948 1749/1934/2000 1748/1933/1999
f 1697/1882/1954 1744/1929/1996 1750/1935/2001
f 1751/1936/2002 1652/1837/1912 1719/1904/1973
f 1752/1937/2003 1697/1882/1954 1753/1938/2004
f 1753/1938/2004 1750/1935/2001 1754/1939/2005
f 1740/1925/1960 1755/1940/2006 1756/1941/2007
f 1640/1825/1902 1659/1844/1897 1641/1826/1897
f 1655/1840/1915 1708/1893/1962 1642/1827/1903
f 1654/1839/1914 1757/1942/2008 1708/1893/1962
f 1739/1924/1960 1758/1943/2009 1755/1940/2006
f 1759/1944/1897 1760/1945/2010 1700/1885/1897
f 1635/1820/1898 1639/1824/1897 1761/1946/2011
f 1649/1834/1909 1704/1889/1959 1713/1898/1967
f 1762/1947/2012 1763/1948/1960 1764/1949/1960
f 1664/1849/1923 1722/1907/1976 1665/1850/1924
f 1765/1950/2013 1766/1951/2014 1767/1952/2015
f 1768/1953/2016 1769/1954/2017 1766/1951/2014
f 1707/1892/1960 1770/1955/2018 1727/1912/1981
f 1667/1852/1926 1721/1906/1975 1771/1956/2019
f 1653/1838/1913 1719/1904/1973 1715/1900/1969
f 1772/1957/2020 1773/1958/1960 1739/1924/1960
f 1666/1851/1925 1774/1959/2021 1721/1906/1975
f 1775/1960/2022 1776/1961/2023 1759/1944/1897
f 1777/1962/2024 1759/1944/1897 1778/1963/2025
f 1763/1948/1960 1779/1964/2026 1780/1965/2027
f 1781/1966/2028 1782/1967/2029 1763/1948/1960
f 1783/1968/2030 1784/1969/2031 1684/1869/1941
f 1785/1970/2032 1786/1971/1897 1675/1860/1897
f 1643/1828/1904 1787/1972/2033 1660/1845/1919
f 1732/1917/1986 1788/1973/2034 1789/1974/2035
f 1790/1975/2036 1675/1860/1897 1645/1830/1897
f 1791/1976/2037 1683/1868/1897 1786/1971/1897
f 1792/1977/1960 1758/1943/2009 1773/1958/1960
f 1705/1890/1960 1793/1978/2038 1792/1977/1960
f 1794/1979/2039 1692/1877/1949 1651/1836/1911
f 1740/1925/1960 1747/1932/1998 1738/1923/1992
f 1795/1980/2040 1764/1949/1960 1745/1930/1960
f 1796/1981/2041 1797/1982/2042 1784/1969/2031
f 1798/1983/2043 1799/1984/2044 1796/1981/2041
f 1800/1985/2045 1801/1986/2046 1802/1987/2047
f 1789/1974/2035 1803/1988/2048 1801/1986/2046
f 1752/1937/2003 1804/1989/2049 1805/1990/2050
f 1806/1991/2051 1702/1887/1897 1633/1818/1896
f 1689/1874/1946 1714/1899/1968 1743/1928/1995
f 1753/1938/2004 1807/1992/2052 1804/1989/2049
f 1674/1859/1933 1728/1913/1982 1662/1847/1921
f 1778/1963/2025 1700/1885/1897 1806/1991/2051
f 1764/1949/1960 1780/1965/2027 1746/1931/1997
f 1711/1896/1965 1808/1993/2053 1732/1917/1986
f 1786/1971/1897 1685/1870/1942 1676/1861/1934
f 1771/1956/2019 1637/1822/1900 1809/1994/2054
f 1810/1995/2055 1707/1892/1960 1726/1911/1980
f 1727/1912/1981 1811/1996/2056 1711/1896/1965
f 1767/1952/2015 1812/1997/2057 1813/1998/2058
f 1814/1999/2059 1783/1968/2030 1683/1868/1897
f 1668/1853/1927 1815/2000/2060 1670/1855/1929
f 1766/1951/2014 1816/2001/2061 1812/1997/2057
f 1761/1946/2011 1641/1826/1897 1657/1842/1917
f 1659/1844/1897 1647/1832/1907 1656/1841/1916
f 1817/2002/2062 1792/1977/1960 1818/2003/2063
f 1818/2003/2063 1773/1958/1960 1819/2004/2064
f 1702/1887/1897 1820/2005/2065 1634/1819/1897
f 1821/2006/2066 1796/1981/2041 1783/1968/2030
f 1733/1918/1987 1789/1974/2035 1800/1985/2045
f 1756/1941/2007 1745/1930/1960 1740/1925/1960
f 1765/1950/2013 1822/2007/2067 1823/2008/2068
f 1824/2009/2069 1825/2010/2070 1822/2007/2067
f 1823/2008/2071 1680/2011/2072 1826/2012/2073
f 1822/2007/2067 1827/2013/2074 1680/2011/2072
f 1828/2014/2075 1829/2015/2076 1830/2016/2077
f 1831/2017/2078 1832/2018/2079 1828/2014/2075
f 1832/2018/2079 1833/2019/2080 1829/2015/2076
f 1834/2020/2081 1825/2010/2082 1832/2018/2079
f 1680/1865/1938 1835/2021/2083 1834/2022/2084
f 1826/2023/2085 1680/2024/2085 1835/2021/2085
f 1835/2025/2086 1827/2013/2074 1834/2020/2081
f 1836/2026/2087 1837/2027/2088 1813/1998/2058
f 1838/2028/2089 1839/2029/2090 1836/2026/2087
f 1839/2029/2090 1840/2030/2091 1837/2027/2088
f 1841/2031/2092 1842/2032/2093 1839/2029/2090
f 1681/2033/1939 1843/2034/2094 1844/2035/2095
f 1845/2036/2096 1846/2037/2097 1843/2034/2094
f 1844/2035/2095 1841/2031/2092 1838/2028/2089
f 1843/2034/2094 1847/2038/2098 1841/2031/2092
f 1797/1982/2042 1848/2039/2099 1849/2040/2100
f 1850/2041/2101 1842/2032/2093 1848/2039/2099
f 1849/2040/2100 1846/2037/2097 1851/2042/2102
f 1848/2039/2099 1847/2038/2098 1846/2037/2097
f 1805/2043/2050 1852/2044/2103 1853/2045/2104
f 1854/2046/2105 1855/2047/2106 1852/2044/2103
f 1853/2045/2104 1856/2048/2107 1857/2049/2108
f 1852/2044/2103 1858/2050/2109 1856/2048/2107
f 1859/2051/2110 1860/2052/2111 1854/2053/2112
f 1861/2054/2113 1862/2055/2114 1860/2052/2111
f 1854/2053/2112 1860/2052/2111 1855/2056/2115
f 1860/2052/2111 1858/2057/2116 1855/2056/2117
f 1863/2058/2118 1864/2059/2119 1865/2060/2120
f 1857/2049/2108 1866/2061/2121 1863/2058/2118
f 1866/2061/2121 1867/2062/2122 1864/2059/2119
f 1856/2048/2107 1862/2063/2123 1866/2061/2121
f 1868/2064/2124 1869/2065/2125 1870/2066/2126
f 1871/2067/2127 1872/2068/2128 1869/2065/2125
f 1870/2066/2126 1873/2069/2129 1874/2070/2130
f 1869/2065/2131 1875/2071/2132 1873/2069/2133
f 1737/1922/1991 1876/2072/2134 1871/2073/2135
f 1877/2074/2136 1878/2075/2137 1876/2076/2134
f 1871/2077/2135 1876/2076/2134 1872/2068/2138
f 1876/2076/2134 1875/2071/2139 1872/2068/2138
f 1879/2078/2140 1880/2079/2141 1802/2080/2047
f 1874/2070/2142 1881/2081/2143 1879/2078/2140
f 1881/2081/2143 1882/2082/2144 1880/2079/2141
f 1873/2069/2145 1878/2075/2137 1881/2081/2143
f 1816/2001/2061 1883/2083/2146 1884/2084/2147
f 1885/2085/2148 1886/2086/2149 1883/2083/2146
f 1884/2084/2147 1887/2087/2150 1888/2088/2151
f 1883/2083/2146 1889/2089/2152 1887/2087/2150
f 1803/2090/2048 1890/2091/2153 1891/2092/2154
f 1892/2093/2155 1893/2094/2156 1890/2095/2153
f 1891/2092/2154 1886/2086/2149 1894/2096/2157
f 1890/2091/2153 1889/2089/2152 1886/2086/2149
f 1895/2097/2158 1896/2098/2159 1897/2099/2160
f 1888/2088/2151 1898/2100/2161 1895/2101/2158
f 1898/2102/2161 1899/2103/2162 1896/2098/2159
f 1887/2087/2150 1893/2104/2156 1898/2100/2161
f 1807/1992/2052 1900/2105/2163 1901/2106/2164
f 1902/2107/2165 1903/2108/2166 1900/2105/2163
f 1901/2106/2164 1900/2105/2163 1904/2109/2167
f 1900/2105/2163 1905/2110/2168 1904/2109/2169
f 1906/2111/2170 1907/2112/2171 1908/2113/2172
f 1909/2114/2173 1910/2115/2174 1906/2111/2170
f 1910/2115/2174 1911/2116/2175 1907/2112/2171
f 1912/2117/2176 1903/2108/2177 1910/2115/2174
f 1749/1934/2000 1913/2118/2178 1914/2119/2179
f 1901/2120/2180 1904/2109/2181 1913/2118/2178
f 1914/2119/2179 1912/2117/2176 1909/2114/2173
f 1913/2118/2178 1905/2110/2182 1912/2117/2176
f 1657/1842/1917 1915/2121/2183 1916/2122/2184
f 1916/2122/2184 1917/2123/2185 1918/2124/2186
f 1918/2125/2187 1919/2126/2188 1920/2127/2189
f 1919/2126/2188 1809/1994/2054 1920/2127/2189
f 1656/1841/1916 1921/2128/2190 1915/2121/2183
f 1915/2121/2183 1922/2129/2191 1917/2123/2185
f 1917/2130/2192 1923/2131/2193 1919/2126/2188
f 1923/2131/2193 1771/1956/2019 1919/2126/2188
f 1693/1878/1950 1924/2132/2194 1640/1825/1902
f 1925/2133/2195 1926/2134/2196 1924/2132/2194
f 1927/2135/2197 1928/2136/2198 1926/2137/2199
f 1928/2136/2198 1751/1936/2002 1653/1838/1913
f 1820/2005/2065 1925/2133/2195 1693/1878/1950
f 1929/2138/2200 1927/2139/2201 1925/2133/2195
f 1930/2140/2202 1931/2141/2203 1927/2135/2197
f 1931/2141/2203 1650/1835/1910 1751/1936/2002
f 1761/1946/2011 1932/2142/2204 1635/1820/1898
f 1933/2143/2205 1934/2144/2206 1932/2142/2204
f 1935/2145/2207 1936/2146/2208 1934/2147/2209
f 1936/2146/2208 1636/1821/1899 1648/1833/1908
f 1657/1842/1917 1933/2143/2205 1761/1946/2011
f 1916/2122/2184 1935/2148/2210 1933/2143/2205
f 1918/2125/2187 1937/2149/2211 1935/2145/2207
f 1937/2149/2211 1809/1994/2054 1636/1821/1899
f 1790/1975/2036 1938/2150/2212 1939/2151/2213
f 1939/2151/2213 1940/2152/2214 1941/2153/2215
f 1941/2154/2216 1942/2155/2217 1943/2156/2218
f 1942/2155/2217 1642/1827/1903 1943/2156/2218
f 1658/1843/1918 1924/2132/2194 1938/2150/2212
f 1938/2150/2212 1926/2134/2196 1940/2152/2214
f 1940/2157/2219 1928/2136/2198 1942/2155/2217
f 1928/2136/2198 1655/1840/1915 1942/2155/2217
f 1791/1976/2037 1944/2158/2220 1945/2159/2221
f 1945/2159/2221 1946/2160/2222 1947/2161/2223
f 1947/2162/2224 1948/2163/2225 1949/2164/2226
f 1948/2163/2225 1661/1846/1920 1949/2164/2226
f 1785/1970/2032 1939/2151/2213 1944/2158/2220
f 1944/2158/2220 1941/2153/2215 1946/2160/2222
f 1946/2165/2227 1943/2156/2218 1948/2163/2225
f 1943/2156/2218 1644/1829/1905 1948/2163/2225
f 1647/1832/1907 1950/2166/2228 1921/2128/2190
f 1921/2128/2190 1951/2167/2229 1922/2129/2191
f 1922/2168/2230 1952/2169/2231 1923/2131/2193
f 1952/2169/2231 1667/1852/1926 1923/2131/2193
f 1646/1831/1906 1953/2170/2232 1950/2166/2228
f 1950/2166/2228 1954/2171/2233 1951/2167/2229
f 1951/2167/2234 1955/2172/2235 1952/2173/2231
f 1955/2174/2235 1665/1850/1924 1952/2169/2231
f 1676/1861/1934 1956/2175/2236 1953/2170/2232
f 1953/2170/2232 1957/2176/2237 1954/2171/2233
f 1954/2171/2238 1958/2177/2239 1955/2172/2235
f 1958/2178/2239 1664/1849/1923 1955/2174/2235
f 1685/1870/1942 1959/2179/2240 1956/2175/2236
f 1956/2175/2236 1960/2180/2241 1957/2176/2237
f 1957/2176/2242 1961/2181/2243 1958/2177/2239
f 1961/2182/2243 1662/1847/1921 1958/2178/2239
f 1821/2006/2066 1962/2183/2244 1963/2184/2245
f 1963/2185/2245 1964/2186/2246 1965/2187/2247
f 1965/2187/2248 1966/2188/2249 1967/2189/2250
f 1966/2188/2249 1671/1856/1930 1967/2189/2250
f 1814/1999/2059 1945/2159/2221 1962/2183/2244
f 1962/2190/2244 1947/2162/2223 1964/2186/2246
f 1964/2186/2251 1949/2164/2226 1966/2188/2249
f 1949/2164/2226 1669/1854/1928 1966/2188/2249
f 1799/1984/2044 1850/2041/2101 1797/1982/2042
f 1968/2191/2252 1840/2030/2091 1850/2041/2101
f 1969/2192/2253 1837/2027/2088 1840/2030/2091
f 1970/2193/2254 1813/1998/2058 1837/2027/2088
f 1830/2016/2077 1968/2191/2252 1799/1984/2044
f 1829/2015/2076 1969/2192/2253 1968/2191/2252
f 1833/2019/2080 1970/2193/2254 1969/2192/2253
f 1824/2009/2069 1767/1952/2015 1970/2193/2254
f 1684/1869/1941 1971/2194/2255 1959/2179/2240
f 1959/2179/2240 1972/2195/2256 1960/2180/2241
f 1960/2180/2257 1973/2196/2258 1961/2181/2243
f 1973/2197/2258 1674/1859/1933 1961/2182/2243
f 1784/1969/2031 1849/2040/2100 1971/2194/2255
f 1971/2194/2255 1851/2042/2102 1972/2195/2256
f 1851/2042/2259 1973/2196/2258 1972/2195/2260
f 1845/2198/2096 1672/1857/1931 1973/2197/2258
f 1830/2016/2077 1974/2199/2261 1828/2014/2075
f 1828/2200/2075 1975/2201/2262 1831/2202/2078
f 1831/2202/2263 1976/2203/2264 1834/2022/2265
f 1834/2022/2084 1678/1863/1936 1680/1865/1938
f 1798/1983/2043 1963/2184/2245 1974/2199/2261
f 1974/2204/2266 1965/2187/2247 1975/2201/2262
f 1975/2201/2267 1967/2189/2250 1976/2203/2264
f 1976/2203/2264 1671/1856/1930 1678/1863/1936
f 1701/1886/1957 1929/2138/2200 1820/2005/2065
f 1977/2205/2268 1930/2206/2269 1929/2138/2200
f 1978/2207/2270 1979/2208/2271 1930/2140/2202
f 1979/2208/2271 1794/1979/2039 1650/1835/1910
f 1760/1945/2010 1977/2205/2268 1701/1886/1957
f 1980/2209/2272 1978/2210/2273 1977/2205/2268
f 1981/2211/2274 1982/2212/2275 1978/2207/2270
f 1982/2212/2275 1690/1875/1947 1794/1979/2039
f 1633/1818/1896 1983/2213/2276 1806/1991/2051
f 1984/2214/2277 1985/2215/2278 1983/2213/2276
f 1986/2216/2279 1987/2217/2280 1985/2218/2281
f 1987/2217/2280 1686/1871/1943 1688/1873/1945
f 1635/1820/1898 1984/2214/2277 1633/1818/1896
f 1932/2142/2204 1986/2219/2282 1984/2214/2277
f 1934/2147/2209 1988/2220/2283 1986/2216/2279
f 1988/2220/2283 1648/1833/1908 1686/1871/1943
f 1865/2060/2120 1989/2221/2284 1863/2058/2118
f 1863/2058/2118 1990/2222/2285 1857/2049/2108
f 1857/2049/2108 1991/2223/2286 1853/2045/2104
f 1853/2045/2104 1752/2224/2003 1805/2043/2050
f 1775/1960/2022 1992/2225/2287 1989/2221/2284
f 1989/2221/2284 1993/2226/2288 1990/2222/2285
f 1990/2222/2285 1994/2227/2289 1991/2223/2286
f 1991/2228/2286 1696/1881/1953 1752/1937/2003
f 1776/1961/2023 1980/2209/2272 1760/1945/2010
f 1995/2229/2290 1981/2230/2291 1980/2209/2272
f 1996/2231/2292 1997/2232/2293 1981/2211/2274
f 1998/2233/2294 1690/1875/1947 1997/2232/2293
f 1865/2060/2120 1995/2229/2290 1776/1961/2023
f 1864/2059/2119 1996/2234/2295 1995/2229/2290
f 1867/2235/2296 1998/2233/2294 1996/2231/2292
f 1861/2054/2113 1698/1883/1955 1998/2233/2294
f 1778/1963/2025 1992/2225/2287 1777/1962/2024
f 1999/2236/2297 1993/2226/2288 1992/2225/2287
f 2000/2237/2298 1994/2238/2289 1993/2239/2288
f 1994/2238/2289 1694/1879/1951 1696/1881/1953
f 1806/1991/2051 1999/2236/2297 1778/1963/2025
f 1983/2213/2276 2000/2240/2299 1999/2236/2297
f 1985/2218/2281 2001/2241/2300 2000/2237/2298
f 1987/2217/2280 1694/1879/1951 2001/2241/2300
f 1774/1959/2021 2002/2242/2301 1703/1888/1958
f 2003/2243/2302 2004/2244/2303 2002/2242/2301
f 2005/2245/2304 2006/2246/2305 2004/2244/2303
f 2007/2247/2306 1819/2004/2064 2006/2246/2305
f 1723/1908/1977 2003/2243/2302 1774/1959/2021
f 2008/2248/2307 2005/2245/2304 2003/2243/2302
f 2009/2249/2308 2007/2247/2306 2005/2245/2304
f 2010/2250/2309 1818/2003/2063 2007/2247/2306
f 1717/1902/1971 2011/2251/2310 2012/2252/2311
f 2012/2252/2311 2013/2253/2312 2014/2254/2313
f 2014/2254/2313 2015/2255/2314 2016/2256/2315
f 2016/2256/2315 1755/1940/2006 1758/1943/2009
f 1716/1901/1970 2017/2257/2316 2011/2251/2310
f 2011/2251/2310 2018/2258/2317 2013/2253/2312
f 2013/2253/2312 2019/2259/2318 2015/2255/2314
f 2015/2255/2314 1756/1941/2007 1755/1940/2006
f 1713/1898/1967 2020/2260/2319 2021/2261/2320
f 2021/2261/2320 2022/2262/2321 2023/2263/2322
f 2023/2263/2322 2024/2264/2323 2025/2265/2324
f 2025/2265/2324 1772/1957/2020 1738/1923/1992
f 1704/1889/1959 2002/2242/2301 2020/2260/2319
f 2020/2260/2319 2004/2244/2303 2022/2262/2321
f 2022/2262/2321 2006/2246/2305 2024/2264/2323
f 2024/2264/2323 1819/2004/2064 1772/1957/2020
f 1718/1903/1972 2026/2266/2325 1757/1942/2008
f 2027/2267/2326 2028/2268/2327 2026/2266/2325
f 2029/2269/2328 2030/2270/2329 2028/2268/2327
f 2031/2271/2330 1810/1995/2055 2030/2270/2329
f 1717/1902/1971 2027/2267/2326 1718/1903/1972
f 2012/2252/2311 2029/2269/2328 2027/2267/2326
f 2014/2254/2313 2031/2271/2330 2029/2269/2328
f 2016/2256/2315 1793/1978/2038 2031/2271/2330
f 1709/1894/1963 2032/2272/2331 1787/1972/2033
f 2033/2273/2332 2034/2274/2333 2032/2272/2331
f 2035/2275/2334 2036/2276/2335 2034/2274/2333
f 2037/2277/2336 1710/1895/1964 2036/2276/2335
f 1757/1942/2008 2033/2273/2332 1709/1894/1963
f 2026/2266/2325 2035/2275/2334 2033/2273/2332
f 2028/2268/2327 2037/2277/2336 2035/2275/2334
f 2030/2270/2329 1726/1911/1980 2037/2277/2336
f 1724/1909/1978 2008/2248/2307 1723/1908/1977
f 2038/2278/2337 2009/2249/2308 2008/2248/2307
f 2039/2279/2338 2010/2250/2309 2009/2249/2308
f 2040/2280/2339 1817/2002/2062 2010/2250/2309
f 1729/1914/1983 2038/2278/2337 1724/1909/1978
f 2041/2281/2340 2039/2279/2338 2038/2278/2337
f 2042/2282/2341 2040/2280/2339 2039/2279/2338
f 2043/2283/2342 1706/1891/1961 2040/2280/2339
f 1730/1915/1984 2041/2281/2340 1729/1914/1983
f 2044/2284/2343 2042/2282/2341 2041/2281/2340
f 2045/2285/2344 2043/2283/2342 2042/2282/2341
f 2046/2286/2345 1770/1955/2018 2043/2283/2342
f 1734/1919/1988 2044/2284/2343 1730/1915/1984
f 2047/2287/2346 2045/2285/2344 2044/2284/2343
f 2048/2288/2347 2046/2286/2345 2045/2285/2344
f 2049/2289/2348 1811/1996/2056 2046/2286/2345
f 1725/1910/1979 2050/2290/2349 1815/2000/2060
f 2051/2291/2350 2052/2292/2351 2050/2290/2349
f 2053/2293/2352 2054/2294/2353 2052/2292/2351
f 2055/2295/2354 1733/1918/1987 2054/2294/2353
f 1787/1972/2033 2051/2291/2350 1725/1910/1979
f 2032/2272/2331 2053/2293/2352 2051/2291/2350
f 2034/2274/2333 2055/2295/2354 2053/2293/2352
f 2036/2276/2335 1712/1897/1966 2055/2295/2354
f 1769/1954/2017 1885/2085/2148 1816/2001/2061
f 1885/2085/2148 2056/2296/2355 1894/2096/2356
f 1894/2096/2157 2057/2297/2357 1891/2092/2154
f 1891/2092/2154 1801/2298/2046 1803/2090/2048
f 1769/1954/2017 1870/2066/2126 2058/2299/2358
f 2058/2299/2358 1874/2070/2130 2056/2296/2355
f 2056/2296/2359 1879/2078/2140 2057/2297/2357
f 2057/2297/2357 1802/2080/2047 1801/2298/2046
f 1736/1921/1990 2047/2287/2346 1734/1919/1988
f 2059/2300/2360 2048/2288/2347 2047/2287/2346
f 2060/2301/2361 2049/2289/2348 2048/2288/2347
f 2061/2302/2362 1808/1993/2053 2049/2289/2348
f 1897/2099/2160 2059/2300/2360 1736/1921/1990
f 1896/2098/2159 2060/2301/2361 2059/2300/2360
f 1899/2103/2162 2061/2302/2362 2060/2301/2361
f 1892/2093/2155 1788/1973/2034 2061/2302/2362
f 1731/1916/1985 1877/2303/2136 1737/1922/1991
f 2062/2304/2363 1882/2305/2144 1877/2303/2136
f 2063/2306/2364 1880/2079/2141 1882/2082/2144
f 2064/2307/2365 1802/1987/2047 1880/2308/2141
f 1815/2000/2060 2062/2304/2363 1731/1916/1985
f 2050/2290/2349 2063/2309/2364 2062/2304/2363
f 2052/2310/2351 2064/2311/2365 2063/2306/2364
f 2054/2312/2353 1800/2313/2045 2064/2311/2365
f 1720/1905/1974 2065/2314/2366 2017/2257/2316
f 2017/2257/2316 2066/2315/2367 2018/2258/2317
f 2018/2258/2317 2067/2316/2368 2019/2259/2318
f 2019/2259/2318 1795/1980/2040 1756/1941/2007
f 1741/1926/1993 2068/2317/2369 2065/2314/2366
f 2065/2314/2366 2069/2318/2370 2066/2315/2367
f 2066/2315/2367 2070/2319/2371 2067/2316/2368
f 2067/2316/2368 1762/1947/2012 1795/1980/2040
f 1743/1928/1995 2071/2320/2372 2072/2321/2373
f 2072/2321/2373 2073/2322/2374 2074/2323/2375
f 2074/2323/2375 2075/2324/2376 2076/2325/2377
f 2076/2325/2377 1747/1932/1998 1746/1931/1997
f 1714/1899/1968 2021/2261/2320 2071/2320/2372
f 2071/2320/2372 2023/2263/2322 2073/2322/2374
f 2073/2322/2374 2025/2265/2324 2075/2324/2376
f 2075/2324/2376 1738/1923/1992 1747/1932/1998
f 1754/1939/2005 1902/2107/2165 1807/1992/2052
f 2077/2326/2378 1911/2116/2175 1902/2107/2165
f 2078/2327/2379 1907/2112/2171 1911/2116/2175
f 2079/2328/2380 1908/2113/2172 1907/2112/2171
f 1750/1935/2001 2077/2326/2378 1754/1939/2005
f 2080/2329/2381 2078/2327/2379 2077/2326/2378
f 2081/2330/2382 2079/2328/2380 2078/2327/2379
f 2082/2331/2383 1782/1967/2029 2079/2328/2380
f 1742/1927/1994 2083/2332/2384 2068/2317/2369
f 2068/2317/2369 2084/2333/2385 2069/2318/2370
f 2069/2318/2370 2085/2334/2386 2070/2319/2371
f 2070/2319/2371 1781/1966/2028 1762/1947/2012
f 1748/1933/1999 1914/2119/2179 2083/2332/2384
f 2083/2332/2384 1909/2114/2173 2084/2333/2385
f 2084/2333/2385 1906/2111/2170 2085/2334/2386
f 2085/2334/2386 1908/2113/2172 1781/1966/2028
f 1750/1935/2001 2086/2335/2387 2080/2329/2381
f 2080/2329/2381 2087/2336/2388 2081/2330/2382
f 2081/2330/2382 2088/2337/2389 2082/2331/2383
f 2082/2331/2383 1780/1965/2027 1779/1964/2026
f 1744/1929/1996 2072/2321/2373 2086/2335/2387
f 2086/2335/2387 2074/2323/2375 2087/2336/2388
f 2087/2336/2388 2076/2325/2377 2088/2337/2389
f 2088/2337/2389 1746/1931/1997 1780/1965/2027
f 1749/1934/2000 2089/2338/2390 1901/2339/2180
f 1901/2340/2164 1804/2341/2049 1807/2342/2052
f 1699/1884/1956 1854/2053/2391 2089/2338/2390
f 2089/2343/2392 1805/2043/2050 1804/2341/2049
f 1679/1864/1937 1826/2344/2393 1680/1865/1938
f 2090/2345/2394 1823/2008/2395 1826/2012/2396
f 2091/2346/2397 1765/1950/2013 1823/2008/2068
f 1737/1922/1991 2090/2347/2398 1679/1864/1937
f 2090/2345/2394 1871/2348/2399 2091/2346/2400
f 1871/2348/2127 1768/1953/2016 2091/2346/2397
f 1897/2099/2160 2092/2349/2401 1895/2097/2158
f 1895/2101/2158 2093/2350/2402 1888/2088/2151
f 1888/2088/2151 2094/2351/2403 1884/2084/2147
f 1884/2084/2147 1812/1997/2057 1816/2001/2061
f 1735/1920/1989 1844/2352/2095 2092/2349/2401
f 2092/2353/2401 1838/2028/2089 2093/2350/2402
f 2093/2350/2402 1836/2026/2087 2094/2351/2403
f 2094/2351/2403 1813/1998/2058 1812/1997/2057
f 1636/1821/1899 1809/1994/2054 1637/1822/1900
f 1642/1827/1903 1708/1893/1962 1643/1828/1904
f 1648/1833/1908 1636/1821/1899 1638/1823/1901
f 1662/1847/1921 1728/1913/1982 1663/1848/1922
f 1661/1846/1920 1660/1845/1919 1668/1853/1927
f 1669/1854/1928 1668/1853/1927 1670/1855/1929
f 1671/1856/1930 1670/1855/1929 1677/1862/1935
f 1678/1863/1936 1677/1862/1935 1679/1864/1937
f 1686/1871/1943 1648/1833/1908 1649/1834/1909
f 1688/1873/1945 1686/1871/1943 1687/1872/1944
f 1694/1879/1951 1688/1873/1945 1689/1874/1946
f 1638/1823/1901 1637/1822/1900 1703/1888/1958
f 1705/1890/1960 1817/2002/2062 1706/1891/1961
f 1710/1895/1964 1727/1912/1981 1711/1896/1965
f 1687/1872/1944 1649/1834/1909 1713/1898/1967
f 1715/1900/1969 1719/1904/1973 1716/1901/1970
f 1719/1904/1973 1652/1837/1912 1720/1905/1974
f 1721/1906/1975 1774/1959/2021 1703/1888/1958
f 1722/1907/1976 1724/1909/1978 1723/1908/1977
f 1663/1848/1922 1729/1914/1983 1724/1909/1978
f 1726/1911/1980 1707/1892/1960 1727/1912/1981
f 1728/1913/1982 1730/1915/1984 1729/1914/1983
f 1673/1858/1932 1734/1919/1988 1730/1915/1984
f 1670/1855/1929 1815/2000/2060 1731/1916/1985
f 1712/1897/1966 1711/1896/1965 1732/1917/1986
f 1682/1867/1940 1736/1921/1990 1734/1919/1988
f 1677/1862/1935 1731/1916/1985 1737/1922/1991
f 1738/1923/1992 1772/1957/2020 1739/1924/1960
f 1695/1880/1952 1689/1874/1946 1743/1928/1995
f 1745/1930/1960 1764/1949/1960 1746/1931/1997
f 1697/1882/1954 1695/1880/1952 1744/1929/1996
f 1740/1925/1960 1739/1924/1960 1755/1940/2006
f 1654/1839/1914 1718/1903/1972 1757/1942/2008
f 1739/1924/1960 1773/1958/1960 1758/1943/2009
f 1649/1834/1909 1638/1823/1901 1704/1889/1959
f 1762/1947/2012 1781/1966/2028 1763/1948/1960
f 1664/1849/1923 1663/1848/1922 1722/1907/1976
f 1707/1892/1960 1706/1891/1961 1770/1955/2018
f 1667/1852/1926 1666/1851/1925 1721/1906/1975
f 1772/1957/2020 1819/2004/2064 1773/1958/1960
f 1666/1851/1925 1723/1908/1977 1774/1959/2021
f 1763/1948/1960 1782/1967/2029 1779/1964/2026
f 1781/1966/2028 1908/2113/2172 1782/1967/2029
f 1643/1828/1904 1709/1894/1963 1787/1972/2033
f 1732/1917/1986 1808/1993/2053 1788/1973/2034
f 1792/1977/1960 1793/1978/2038 1758/1943/2009
f 1705/1890/1960 1810/1995/2055 1793/1978/2038
f 1740/1925/1960 1745/1930/1960 1747/1932/1998
f 1795/1980/2040 1762/1947/2012 1764/1949/1960
f 1800/1985/2045 1789/1974/2035 1801/1986/2046
f 1789/1974/2035 1788/1973/2034 1803/1988/2048
f 1689/1874/1946 1687/1872/1944 1714/1899/1968
f 1674/1859/1933 1673/1858/1932 1728/1913/1982
f 1764/1949/1960 1763/1948/1960 1780/1965/2027
f 1711/1896/1965 1811/1996/2056 1808/1993/2053
f 1771/1956/2019 1721/1906/1975 1637/1822/1900
f 1810/1995/2055 1705/1890/1960 1707/1892/1960
f 1727/1912/1981 1770/1955/2018 1811/1996/2056
f 1668/1853/1927 1725/1910/1979 1815/2000/2060
f 1817/2002/2062 1705/1890/1960 1792/1977/1960
f 1818/2003/2063 1792/1977/1960 1773/1958/1960
f 1733/1918/1987 1732/1917/1986 1789/1974/2035
f 1756/1941/2007 1795/1980/2040 1745/1930/1960
f 2010/2250/2309 1817/2002/2062 1818/2003/2063
f 2021/2261/2320 2020/2260/2319 2022/2262/2321
f 2020/2260/2319 2002/2242/2301 2004/2244/2303
f 2031/2271/2330 1793/1978/2038 1810/1995/2055
f 2016/2256/2315 1758/1943/2009 1793/1978/2038
f 1757/1942/2008 2026/2266/2325 2033/2273/2332
f 2028/2268/2327 2030/2270/2329 2037/2277/2336
f 2042/2282/2341 2043/2283/2342 2040/2280/2339
f 2046/2286/2345 1811/1996/2056 1770/1955/2018
f 2034/2274/2333 2036/2276/2335 2055/2295/2354
f 2059/2300/2360 2060/2301/2361 2048/2288/2347
f 1731/1916/1985 2062/2304/2363 1877/2303/2136
f 2063/2306/2364 2064/2311/2365 1880/2079/2141
f 1815/2000/2060 2050/2290/2349 2062/2304/2363
f 2054/2312/2353 1733/2354/1987 1800/2313/2045
f 2017/2257/2316 2065/2314/2366 2066/2315/2367
f 2072/2321/2373 2071/2320/2372 2073/2322/2374
f 2073/2322/2374 2023/2263/2322 2025/2265/2324
f 2070/2319/2371 2085/2334/2386 1781/1966/2028
f 2081/2330/2382 2087/2336/2388 2088/2337/2389
f 2082/2331/2383 2088/2337/2389 1780/1965/2027
f 2087/2336/2388 2074/2323/2375 2076/2325/2377
f 2088/2337/2389 2076/2325/2377 1746/1931/1997
f 1633/1818/1896 1702/1887/1897 1634/1819/1897
f 1639/1824/1897 1693/1878/1950 1640/1825/1902
f 1645/1830/1897 1675/1860/1897 1646/1831/1906
f 1650/1835/1910 1794/1979/2039 1651/1836/1911
f 1653/1838/1913 1715/1900/1969 1654/1839/1914
f 1641/1826/1897 1659/1844/1897 1656/1841/1916
f 1658/1843/1918 1790/1975/2036 1645/1830/1897
f 1644/1829/1905 1643/1828/1904 1660/1845/1919
f 1665/1850/1924 1722/1907/1976 1666/1851/1925
f 1672/1857/1931 1682/1867/1940 1673/1858/1932
f 1675/1860/1897 1786/1971/1897 1676/1861/1934
f 1681/1866/1939 1735/1920/1989 1682/1867/1940
f 1683/1868/1897 1783/1968/2030 1684/1869/1941
f 1690/1875/1947 1698/1883/1955 1691/1876/1948
f 1634/1819/1897 1820/2005/2065 1693/1878/1950
f 1696/1881/1953 1694/1879/1951 1695/1880/1952
f 1698/1883/1955 1859/2051/2110 1699/1884/1956
f 1700/1885/1897 1760/1945/2010 1701/1886/1957
f 1708/1893/1962 1757/1942/2008 1709/1894/1963
f 1715/1900/1969 1717/1902/1971 1718/1903/1972
f 1660/1845/1919 1787/1972/2033 1725/1910/1979
f 1735/1920/1989 1897/2099/2160 1736/1921/1990
f 1652/1837/1912 1651/1836/1911 1741/1926/1993
f 1651/1836/1911 1692/1877/1949 1742/1927/1994
f 1692/1877/1949 1691/1876/1948 1748/1933/1999
f 1691/1876/1948 1699/1884/1956 1749/1934/2000
f 1751/1936/2002 1650/1835/1910 1652/1837/1912
f 1752/1937/2003 1696/1881/1953 1697/1882/1954
f 1753/1938/2004 1697/1882/1954 1750/1935/2001
f 1640/1825/1902 1658/1843/1918 1659/1844/1897
f 1655/1840/1915 1654/1839/1914 1708/1893/1962
f 1759/1944/1897 1776/1961/2023 1760/1945/2010
f 1635/1820/1898 1634/1819/1897 1639/1824/1897
f 1765/1950/2013 1768/1953/2016 1766/1951/2014
f 1768/1953/2016 1868/2064/2124 1769/1954/2017
f 1653/1838/1913 1751/1936/2002 1719/1904/1973
f 1775/1960/2022 1865/2060/2120 1776/1961/2023
f 1777/1962/2024 1775/1960/2022 1759/1944/1897
f 1783/1968/2030 1796/1981/2041 1784/1969/2031
f 1785/1970/2032 1791/1976/2037 1786/1971/1897
f 1790/1975/2036 1785/1970/2032 1675/1860/1897
f 1791/1976/2037 1814/1999/2059 1683/1868/1897
f 1794/1979/2039 1690/1875/1947 1692/1877/1949
f 1796/1981/2041 1799/1984/2044 1797/1982/2042
f 1798/1983/2043 1830/2016/2077 1799/1984/2044
f 1752/1937/2003 1753/1938/2004 1804/1989/2049
f 1806/1991/2051 1700/1885/1897 1702/1887/1897
f 1753/1938/2004 1754/1939/2005 1807/1992/2052
f 1778/1963/2025 1759/1944/1897 1700/1885/1897
f 1786/1971/1897 1683/1868/1897 1685/1870/1942
f 1767/1952/2015 1766/1951/2014 1812/1997/2057
f 1814/1999/2059 1821/2006/2066 1783/1968/2030
f 1766/1951/2014 1769/1954/2017 1816/2001/2061
f 1761/1946/2011 1639/1824/1897 1641/1826/1897
f 1659/1844/1897 1645/1830/1897 1647/1832/1907
f 1702/1887/1897 1701/1886/1957 1820/2005/2065
f 1821/2006/2066 1798/1983/2043 1796/1981/2041
f 1765/1950/2013 1824/2009/2069 1822/2007/2067
f 1824/2009/2069 1833/2019/2080 1825/2010/2070
f 1823/2008/2071 1822/2007/2067 1680/2011/2072
f 1822/2007/2067 1825/2010/2070 1827/2013/2074
f 1828/2014/2075 1832/2018/2079 1829/2015/2076
f 1831/2017/2078 1834/2020/2081 1832/2018/2079
f 1832/2018/2079 1825/2010/2070 1833/2019/2080
f 1834/2020/2081 1827/2013/2074 1825/2010/2082
f 1835/2025/2086 1680/2011/2072 1827/2013/2074
f 1836/2026/2087 1839/2029/2090 1837/2027/2088
f 1838/2028/2089 1841/2031/2092 1839/2029/2090
f 1839/2029/2090 1842/2032/2093 1840/2030/2091
f 1841/2031/2092 1847/2038/2098 1842/2032/2093
f 1681/2033/1939 1845/2036/2096 1843/2034/2094
f 1845/2036/2096 1851/2042/2259 1846/2037/2097
f 1844/2035/2095 1843/2034/2094 1841/2031/2092
f 1843/2034/2094 1846/2037/2097 1847/2038/2098
f 1797/1982/2042 1850/2041/2101 1848/2039/2099
f 1850/2041/2101 1840/2030/2091 1842/2032/2093
f 1849/2040/2100 1848/2039/2099 1846/2037/2097
f 1848/2039/2099 1842/2032/2093 1847/2038/2098
f 1805/2043/2050 1854/2355/2105 1852/2044/2103
f 1853/2045/2104 1852/2044/2103 1856/2048/2107
f 1852/2044/2103 1855/2047/2106 1858/2050/2109
f 1859/2051/2110 1861/2054/2113 1860/2052/2111
f 1861/2054/2113 1867/2235/2296 1862/2055/2114
f 1860/2052/2111 1862/2055/2114 1858/2057/2116
f 1863/2058/2118 1866/2061/2121 1864/2059/2119
f 1857/2049/2108 1856/2048/2107 1866/2061/2121
f 1866/2061/2121 1862/2063/2123 1867/2062/2122
f 1856/2048/2107 1858/2050/2109 1862/2063/2123
f 1868/2064/2124 1871/2348/2127 1869/2065/2125
f 1870/2066/2126 1869/2065/2125 1873/2069/2129
f 1869/2065/2131 1872/2068/2404 1875/2071/2132
f 1737/1922/1991 1877/2303/2136 1876/2072/2134
f 1877/2074/2136 1882/2082/2144 1878/2075/2137
f 1876/2076/2134 1878/2075/2137 1875/2071/2139
f 1879/2078/2140 1881/2081/2143 1880/2079/2141
f 1874/2070/2142 1873/2069/2145 1881/2081/2143
f 1881/2081/2143 1878/2075/2137 1882/2082/2144
f 1873/2069/2145 1875/2071/2139 1878/2075/2137
f 1816/2001/2061 1885/2085/2148 1883/2083/2146
f 1885/2085/2148 1894/2096/2356 1886/2086/2149
f 1884/2084/2147 1883/2083/2146 1887/2087/2150
f 1883/2083/2146 1886/2086/2149 1889/2089/2152
f 1803/2090/2048 1892/2356/2155 1890/2091/2153
f 1892/2093/2155 1899/2103/2162 1893/2094/2156
f 1891/2092/2154 1890/2091/2153 1886/2086/2149
f 1890/2091/2153 1893/2104/2156 1889/2089/2152
f 1895/2097/2158 1898/2102/2161 1896/2098/2159
f 1888/2088/2151 1887/2087/2150 1898/2100/2161
f 1898/2102/2161 1893/2094/2156 1899/2103/2162
f 1887/2087/2150 1889/2089/2152 1893/2104/2156
f 1807/1992/2052 1902/2107/2165 1900/2105/2163
f 1902/2107/2165 1911/2116/2175 1903/2108/2166
f 1900/2105/2163 1903/2108/2166 1905/2110/2168
f 1906/2111/2170 1910/2115/2174 1907/2112/2171
f 1909/2114/2173 1912/2117/2176 1910/2115/2174
f 1910/2115/2174 1903/2108/2177 1911/2116/2175
f 1912/2117/2176 1905/2110/2182 1903/2108/2177
f 1749/1934/2000 1901/2339/2180 1913/2118/2178
f 1914/2119/2179 1913/2118/2178 1912/2117/2176
f 1913/2118/2178 1904/2109/2181 1905/2110/2182
f 1657/1842/1917 1656/1841/1916 1915/2121/2183
f 1916/2122/2184 1915/2121/2183 1917/2123/2185
f 1918/2125/2187 1917/2130/2192 1919/2126/2188
f 1919/2126/2188 1771/1956/2019 1809/1994/2054
f 1656/1841/1916 1647/1832/1907 1921/2128/2190
f 1915/2121/2183 1921/2128/2190 1922/2129/2191
f 1917/2130/2192 1922/2168/2230 1923/2131/2193
f 1923/2131/2193 1667/1852/1926 1771/1956/2019
f 1693/1878/1950 1925/2133/2195 1924/2132/2194
f 1925/2133/2195 1927/2139/2201 1926/2134/2196
f 1927/2135/2197 1931/2141/2203 1928/2136/2198
f 1928/2136/2198 1931/2141/2203 1751/1936/2002
f 1820/2005/2065 1929/2138/2200 1925/2133/2195
f 1929/2138/2200 1930/2206/2269 1927/2139/2201
f 1930/2140/2202 1979/2208/2271 1931/2141/2203
f 1931/2141/2203 1979/2208/2271 1650/1835/1910
f 1761/1946/2011 1933/2143/2205 1932/2142/2204
f 1933/2143/2205 1935/2148/2210 1934/2144/2206
f 1935/2145/2207 1937/2149/2211 1936/2146/2208
f 1936/2146/2208 1937/2149/2211 1636/1821/1899
f 1657/1842/1917 1916/2122/2184 1933/2143/2205
f 1916/2122/2184 1918/2124/2186 1935/2148/2210
f 1918/2125/2187 1920/2127/2189 1937/2149/2211
f 1937/2149/2211 1920/2127/2189 1809/1994/2054
f 1790/1975/2036 1658/1843/1918 1938/2150/2212
f 1939/2151/2213 1938/2150/2212 1940/2152/2214
f 1941/2154/2216 1940/2157/2219 1942/2155/2217
f 1942/2155/2217 1655/1840/1915 1642/1827/1903
f 1658/1843/1918 1640/1825/1902 1924/2132/2194
f 1938/2150/2212 1924/2132/2194 1926/2134/2196
f 1940/2157/2219 1926/2137/2199 1928/2136/2198
f 1928/2136/2198 1653/1838/1913 1655/1840/1915
f 1791/1976/2037 1785/1970/2032 1944/2158/2220
f 1945/2159/2221 1944/2158/2220 1946/2160/2222
f 1947/2162/2224 1946/2165/2227 1948/2163/2225
f 1948/2163/2225 1644/1829/1905 1661/1846/1920
f 1785/1970/2032 1790/1975/2036 1939/2151/2213
f 1944/2158/2220 1939/2151/2213 1941/2153/2215
f 1946/2165/2227 1941/2154/2216 1943/2156/2218
f 1943/2156/2218 1642/1827/1903 1644/1829/1905
f 1647/1832/1907 1646/1831/1906 1950/2166/2228
f 1921/2128/2190 1950/2166/2228 1951/2167/2229
f 1922/2168/2230 1951/2357/2234 1952/2169/2231
f 1952/2169/2231 1665/1850/1924 1667/1852/1926
f 1646/1831/1906 1676/1861/1934 1953/2170/2232
f 1950/2166/2228 1953/2170/2232 1954/2171/2233
f 1951/2167/2234 1954/2171/2238 1955/2172/2235
f 1955/2174/2235 1664/1849/1923 1665/1850/1924
f 1676/1861/1934 1685/1870/1942 1956/2175/2236
f 1953/2170/2232 1956/2175/2236 1957/2176/2237
f 1954/2171/2238 1957/2176/2242 1958/2177/2239
f 1958/2178/2239 1662/1847/1921 1664/1849/1923
f 1685/1870/1942 1684/1869/1941 1959/2179/2240
f 1956/2175/2236 1959/2179/2240 1960/2180/2241
f 1957/2176/2242 1960/2180/2257 1961/2181/2243
f 1961/2182/2243 1674/1859/1933 1662/1847/1921
f 1821/2006/2066 1814/1999/2059 1962/2183/2244
f 1963/2185/2245 1962/2190/2244 1964/2186/2246
f 1965/2187/2248 1964/2186/2251 1966/2188/2249
f 1966/2188/2249 1669/1854/1928 1671/1856/1930
f 1814/1999/2059 1791/1976/2037 1945/2159/2221
f 1962/2190/2244 1945/2358/2221 1947/2162/2223
f 1964/2186/2251 1947/2162/2224 1949/2164/2226
f 1949/2164/2226 1661/1846/1920 1669/1854/1928
f 1799/1984/2044 1968/2191/2252 1850/2041/2101
f 1968/2191/2252 1969/2192/2253 1840/2030/2091
f 1969/2192/2253 1970/2193/2254 1837/2027/2088
f 1970/2193/2254 1767/1952/2015 1813/1998/2058
f 1830/2016/2077 1829/2015/2076 1968/2191/2252
f 1829/2015/2076 1833/2019/2080 1969/2192/2253
f 1833/2019/2080 1824/2009/2069 1970/2193/2254
f 1824/2009/2069 1765/1950/2013 1767/1952/2015
f 1684/1869/1941 1784/1969/2031 1971/2194/2255
f 1959/2179/2240 1971/2194/2255 1972/2195/2256
f 1960/2180/2257 1972/2195/2260 1973/2196/2258
f 1973/2197/2258 1672/1857/1931 1674/1859/1933
f 1784/1969/2031 1797/1982/2042 1849/2040/2100
f 1971/2194/2255 1849/2040/2100 1851/2042/2102
f 1851/2042/2259 1845/2036/2096 1973/2196/2258
f 1845/2198/2096 1681/1866/1939 1672/1857/1931
f 1830/2016/2077 1798/1983/2043 1974/2199/2261
f 1828/2200/2075 1974/2204/2266 1975/2201/2262
f 1831/2202/2263 1975/2201/2267 1976/2203/2264
f 1834/2022/2084 1976/2203/2264 1678/1863/1936
f 1798/1983/2043 1821/2006/2066 1963/2184/2245
f 1974/2204/2266 1963/2185/2245 1965/2187/2247
f 1975/2201/2267 1965/2187/2248 1967/2189/2250
f 1976/2203/2264 1967/2189/2250 1671/1856/1930
f 1701/1886/1957 1977/2205/2268 1929/2138/2200
f 1977/2205/2268 1978/2210/2273 1930/2206/2269
f 1978/2207/2270 1982/2212/2275 1979/2208/2271
f 1979/2208/2271 1982/2212/2275 1794/1979/2039
f 1760/1945/2010 1980/2209/2272 1977/2205/2268
f 1980/2209/2272 1981/2230/2291 1978/2210/2273
f 1981/2211/2274 1997/2232/2293 1982/2212/2275
f 1982/2212/2275 1997/2232/2293 1690/1875/1947
f 1633/1818/1896 1984/2214/2277 1983/2213/2276
f 1984/2214/2277 1986/2219/2282 1985/2215/2278
f 1986/2216/2279 1988/2220/2283 1987/2217/2280
f 1987/2217/2280 1988/2220/2283 1686/1871/1943
f 1635/1820/1898 1932/2142/2204 1984/2214/2277
f 1932/2142/2204 1934/2144/2206 1986/2219/2282
f 1934/2147/2209 1936/2146/2208 1988/2220/2283
f 1988/2220/2283 1936/2146/2208 1648/1833/1908
f 1865/2060/2120 1775/1960/2022 1989/2221/2284
f 1863/2058/2118 1989/2221/2284 1990/2222/2285
f 1857/2049/2108 1990/2222/2285 1991/2223/2286
f 1853/2045/2104 1991/2223/2286 1752/2224/2003
f 1775/1960/2022 1777/1962/2024 1992/2225/2287
f 1989/2221/2284 1992/2225/2287 1993/2226/2288
f 1990/2222/2285 1993/2226/2288 1994/2227/2289
f 1991/2228/2286 1994/2238/2289 1696/1881/1953
f 1776/1961/2023 1995/2229/2290 1980/2209/2272
f 1995/2229/2290 1996/2234/2295 1981/2230/2291
f 1996/2231/2292 1998/2233/2294 1997/2232/2293
f 1998/2233/2294 1698/1883/1955 1690/1875/1947
f 1865/2060/2120 1864/2059/2119 1995/2229/2290
f 1864/2059/2119 1867/2062/2122 1996/2234/2295
f 1867/2235/2296 1861/2054/2113 1998/2233/2294
f 1861/2054/2113 1859/2051/2110 1698/1883/1955
f 1778/1963/2025 1999/2236/2297 1992/2225/2287
f 1999/2236/2297 2000/2240/2299 1993/2226/2288
f 2000/2237/2298 2001/2241/2300 1994/2238/2289
f 1994/2238/2289 2001/2241/2300 1694/1879/1951
f 1806/1991/2051 1983/2213/2276 1999/2236/2297
f 1983/2213/2276 1985/2215/2278 2000/2240/2299
f 1985/2218/2281 1987/2217/2280 2001/2241/2300
f 1987/2217/2280 1688/1873/1945 1694/1879/1951
f 1774/1959/2021 2003/2243/2302 2002/2242/2301
f 2003/2243/2302 2005/2245/2304 2004/2244/2303
f 2005/2245/2304 2007/2247/2306 2006/2246/2305
f 2007/2247/2306 1818/2003/2063 1819/2004/2064
f 1723/1908/1977 2008/2248/2307 2003/2243/2302
f 2008/2248/2307 2009/2249/2308 2005/2245/2304
f 2009/2249/2308 2010/2250/2309 2007/2247/2306
f 1717/1902/1971 1716/1901/1970 2011/2251/2310
f 2012/2252/2311 2011/2251/2310 2013/2253/2312
f 2014/2254/2313 2013/2253/2312 2015/2255/2314
f 2016/2256/2315 2015/2255/2314 1755/1940/2006
f 1716/1901/1970 1720/1905/1974 2017/2257/2316
f 2011/2251/2310 2017/2257/2316 2018/2258/2317
f 2013/2253/2312 2018/2258/2317 2019/2259/2318
f 2015/2255/2314 2019/2259/2318 1756/1941/2007
f 1713/1898/1967 1704/1889/1959 2020/2260/2319
f 2023/2263/2322 2022/2262/2321 2024/2264/2323
f 2025/2265/2324 2024/2264/2323 1772/1957/2020
f 1704/1889/1959 1703/1888/1958 2002/2242/2301
f 2022/2262/2321 2004/2244/2303 2006/2246/2305
f 2024/2264/2323 2006/2246/2305 1819/2004/2064
f 1718/1903/1972 2027/2267/2326 2026/2266/2325
f 2027/2267/2326 2029/2269/2328 2028/2268/2327
f 2029/2269/2328 2031/2271/2330 2030/2270/2329
f 1717/1902/1971 2012/2252/2311 2027/2267/2326
f 2012/2252/2311 2014/2254/2313 2029/2269/2328
f 2014/2254/2313 2016/2256/2315 2031/2271/2330
f 1709/1894/1963 2033/2273/2332 2032/2272/2331
f 2033/2273/2332 2035/2275/2334 2034/2274/2333
f 2035/2275/2334 2037/2277/2336 2036/2276/2335
f 2037/2277/2336 1726/1911/1980 1710/1895/1964
f 2026/2266/2325 2028/2268/2327 2035/2275/2334
f 2030/2270/2329 1810/1995/2055 1726/1911/1980
f 1724/1909/1978 2038/2278/2337 2008/2248/2307
f 2038/2278/2337 2039/2279/2338 2009/2249/2308
f 2039/2279/2338 2040/2280/2339 2010/2250/2309
f 2040/2280/2339 1706/1891/1961 1817/2002/2062
f 1729/1914/1983 2041/2281/2340 2038/2278/2337
f 2041/2281/2340 2042/2282/2341 2039/2279/2338
f 2043/2283/2342 1770/1955/2018 1706/1891/1961
f 1730/1915/1984 2044/2284/2343 2041/2281/2340
f 2044/2284/2343 2045/2285/2344 2042/2282/2341
f 2045/2285/2344 2046/2286/2345 2043/2283/2342
f 1734/1919/1988 2047/2287/2346 2044/2284/2343
f 2047/2287/2346 2048/2288/2347 2045/2285/2344
f 2048/2288/2347 2049/2289/2348 2046/2286/2345
f 2049/2289/2348 1808/1993/2053 1811/1996/2056
f 1725/1910/1979 2051/2291/2350 2050/2290/2349
f 2051/2291/2350 2053/2293/2352 2052/2292/2351
f 2053/2293/2352 2055/2295/2354 2054/2294/2353
f 2055/2295/2354 1712/1897/1966 1733/1918/1987
f 1787/1972/2033 2032/2272/2331 2051/2291/2350
f 2032/2272/2331 2034/2274/2333 2053/2293/2352
f 2036/2276/2335 1710/1895/1964 1712/1897/1966
f 1769/1954/2017 2058/2299/2358 1885/2085/2148
f 1885/2085/2148 2058/2299/2358 2056/2296/2355
f 1894/2096/2157 2056/2296/2359 2057/2297/2357
f 1891/2092/2154 2057/2297/2357 1801/2298/2046
f 1769/1954/2017 1868/2064/2124 1870/2066/2126
f 2058/2299/2358 1870/2066/2126 1874/2070/2130
f 2056/2296/2359 1874/2070/2142 1879/2078/2140
f 2057/2297/2357 1879/2078/2140 1802/2080/2047
f 1736/1921/1990 2059/2300/2360 2047/2287/2346
f 2060/2301/2361 2061/2302/2362 2049/2289/2348
f 2061/2302/2362 1788/1973/2034 1808/1993/2053
f 1897/2099/2160 1896/2098/2159 2059/2300/2360
f 1896/2098/2159 1899/2103/2162 2060/2301/2361
f 1899/2103/2162 1892/2093/2155 2061/2302/2362
f 1892/2093/2155 1803/1988/2048 1788/1973/2034
f 2062/2304/2363 2063/2309/2364 1882/2305/2144
f 2064/2307/2365 1800/1985/2045 1802/1987/2047
f 2050/2290/2349 2052/2292/2351 2063/2309/2364
f 2052/2310/2351 2054/2312/2353 2064/2311/2365
f 1720/1905/1974 1741/1926/1993 2065/2314/2366
f 2018/2258/2317 2066/2315/2367 2067/2316/2368
f 2019/2259/2318 2067/2316/2368 1795/1980/2040
f 1741/1926/1993 1742/1927/1994 2068/2317/2369
f 2065/2314/2366 2068/2317/2369 2069/2318/2370
f 2066/2315/2367 2069/2318/2370 2070/2319/2371
f 2067/2316/2368 2070/2319/2371 1762/1947/2012
f 1743/1928/1995 1714/1899/1968 2071/2320/2372
f 2074/2323/2375 2073/2322/2374 2075/2324/2376
f 2076/2325/2377 2075/2324/2376 1747/1932/1998
f 1714/1899/1968 1713/1898/1967 2021/2261/2320
f 2071/2320/2372 2021/2261/2320 2023/2263/2322
f 2075/2324/2376 2025/2265/2324 1738/1923/1992
f 1754/1939/2005 2077/2326/2378 1902/2107/2165
f 2077/2326/2378 2078/2327/2379 1911/2116/2175
f 2078/2327/2379 2079/2328/2380 1907/2112/2171
f 2079/2328/2380 1782/1967/2029 1908/2113/2172
f 1750/1935/2001 2080/2329/2381 2077/2326/2378
f 2080/2329/2381 2081/2330/2382 2078/2327/2379
f 2081/2330/2382 2082/2331/2383 2079/2328/2380
f 2082/2331/2383 1779/1964/2026 1782/1967/2029
f 1742/1927/1994 1748/1933/1999 2083/2332/2384
f 2068/2317/2369 2083/2332/2384 2084/2333/2385
f 2069/2318/2370 2084/2333/2385 2085/2334/2386
f 1748/1933/1999 1749/1934/2000 1914/2119/2179
f 2083/2332/2384 1914/2119/2179 1909/2114/2173
f 2084/2333/2385 1909/2114/2173 1906/2111/2170
f 2085/2334/2386 1906/2111/2170 1908/2113/2172
f 1750/1935/2001 1744/1929/1996 2086/2335/2387
f 2080/2329/2381 2086/2335/2387 2087/2336/2388
f 1744/1929/1996 1743/1928/1995 2072/2321/2373
f 2086/2335/2387 2072/2321/2373 2074/2323/2375
f 1749/1934/2000 1699/1884/1956 2089/2338/2390
f 1901/2340/2164 2089/2343/2392 1804/2341/2049
f 1699/1884/1956 1859/2051/2110 1854/2053/2391
f 2089/2343/2392 1854/2355/2105 1805/2043/2050
f 1679/1864/1937 2090/2347/2398 1826/2344/2393
f 2090/2345/2394 2091/2346/2400 1823/2008/2395
f 2091/2346/2397 1768/1953/2016 1765/1950/2013
f 1737/1922/1991 1871/2073/2135 2090/2347/2398
f 1871/2348/2127 1868/2064/2124 1768/1953/2016
f 1897/2099/2160 1735/1920/1989 2092/2349/2401
f 1895/2101/2158 2092/2353/2401 2093/2350/2402
f 1888/2088/2151 2093/2350/2402 2094/2351/2403
f 1884/2084/2147 2094/2351/2403 1812/1997/2057
f 1735/1920/1989 1681/1866/1939 1844/2352/2095
f 2092/2353/2401 1844/2035/2095 1838/2028/2089
f 2093/2350/2402 1838/2028/2089 1836/2026/2087
f 2094/2351/2403 1836/2026/2087 1813/1998/2058
f 2095/2359/2405 2096/2360/2406 2097/2361/2407
f 2098/2362/2408 2099/2363/2409 2100/2364/2410
f 2101/2365/2406 2102/2366/2411 2103/2367/2406
f 2104/2368/2412 2105/2369/2413 2106/2370/2414
f 2107/2371/2406 2108/2372/2415 2109/2373/2416
f 2110/2374/2417 2100/2364/2410 2111/2375/2418
f 2112/2376/2419 2113/2377/2420 2114/2378/2421
f 2115/2379/2422 2116/2380/2423 2117/2381/2424
f 2103/2367/2406 2118/2382/2425 2119/2383/2426
f 2120/2384/2427 2107/2371/2406 2121/2385/2406
f 2106/2370/2414 2122/2386/2428 2123/2387/2429
f 2124/2388/2430 2125/2389/2431 2126/2390/2432
f 2127/2391/2433 2128/2392/2434 2129/2393/2435
f 2123/2387/2429 2130/2394/2436 2131/2395/2437
f 2131/2395/2437 2132/2396/2438 2133/2397/2439
f 2134/2398/2440 2135/2399/2441 2136/2400/2442
f 2137/2401/2406 2138/2402/2443 2108/2372/2415
f 2133/2397/2439 2139/2403/2444 2140/2404/2445
f 2140/2404/2445 2141/2405/2446 2142/2406/2447
f 2143/2407/2448 2144/2408/2449 2134/2398/2440
f 2145/2409/2450 2146/2410/2451 2147/2411/2452
f 2148/2412/2453 2111/2375/2418 2149/2413/2454
f 2150/2414/2455 2149/2413/2454 2151/2415/2456
f 2152/2416/2457 2153/2417/2458 2154/2418/2459
f 2096/2360/2406 2155/2419/2460 2101/2365/2406
f 2156/2420/2461 2151/2415/2456 2157/2421/2462
f 2158/2422/2463 2157/2421/2462 2159/2423/2464
f 2160/2424/2465 2161/2425/2466 2153/2417/2458
f 2162/2426/2406 2163/2427/2467 2164/2428/2406
f 2100/2364/2410 2165/2429/2468 2166/2430/2469
f 2167/2431/2470 2168/2432/2471 2169/2433/2470
f 2170/2434/2472 2171/2435/2473 2105/2369/2413
f 2172/2436/2474 2173/2437/2475 2174/2438/2476
f 2149/2413/2454 2175/2439/2477 2176/2440/2478
f 2177/2441/2479 2178/2442/2480 2179/2443/2481
f 2177/2441/2479 2180/2444/2482 2116/2380/2423
f 2181/2445/2483 2182/2446/2484 2178/2442/2480
f 2183/2447/2485 2165/2429/2468 2099/2363/2409
f 2184/2448/2486 2185/2449/2487 2128/2392/2434
f 2125/2389/2431 2186/2450/2488 2184/2448/2486
f 2122/2386/2428 2187/2451/2489 2130/2394/2436
f 2188/2452/2490 2189/2453/2491 2172/2436/2474
f 2190/2454/2492 2191/2455/2493 2125/2389/2431
f 2135/2399/2441 2192/2456/2494 2190/2454/2492
f 2132/2396/2438 2193/2457/2495 2139/2403/2444
f 2174/2438/2476 2194/2458/2496 2195/2459/2497
f 2144/2408/2449 2196/2460/2498 2135/2399/2441
f 2197/2461/2499 2198/2462/2500 2144/2408/2449
f 2139/2403/2444 2199/2463/2501 2141/2405/2446
f 2200/2464/2502 2201/2465/2470 2202/2466/2470
f 2114/2378/2421 2203/2467/2503 2182/2446/2484
f 2113/2377/2420 2204/2468/2504 2203/2467/2503
f 2157/2421/2462 2205/2469/2505 2206/2470/2506
f 2207/2471/2470 2208/2472/2507 2209/2473/2508
f 2154/2418/2459 2210/2474/2509 2204/2468/2504
f 2153/2417/2458 2211/2475/2510 2210/2474/2509
f 2159/2423/2464 2206/2470/2506 2212/2476/2511
f 2213/2477/2512 2114/2378/2421 2181/2445/2483
f 2214/2478/2513 2159/2423/2464 2215/2479/2514
f 2215/2479/2514 2212/2476/2511 2216/2480/2515
f 2202/2466/2470 2217/2481/2516 2218/2482/2517
f 2102/2366/2411 2121/2385/2406 2103/2367/2406
f 2117/2381/2424 2170/2434/2472 2104/2368/2412
f 2116/2380/2423 2219/2483/2518 2170/2434/2472
f 2201/2465/2470 2220/2484/2519 2217/2481/2516
f 2221/2485/2406 2222/2486/2520 2162/2426/2406
f 2097/2361/2407 2101/2365/2406 2223/2487/2521
f 2111/2375/2418 2166/2430/2469 2175/2439/2477
f 2224/2488/2522 2225/2489/2470 2226/2490/2470
f 2126/2390/2432 2184/2448/2486 2127/2391/2433
f 2227/2491/2523 2228/2492/2524 2229/2493/2525
f 2229/2493/2525 2230/2494/2526 2231/2495/2527
f 2169/2433/2470 2232/2496/2528 2189/2453/2491
f 2129/2393/2435 2183/2447/2485 2233/2497/2529
f 2115/2379/2422 2181/2445/2483 2177/2441/2479
f 2234/2498/2530 2235/2499/2470 2201/2465/2470
f 2128/2392/2434 2236/2500/2531 2183/2447/2485
f 2237/2501/2532 2238/2502/2533 2221/2485/2406
f 2239/2503/2534 2221/2485/2406 2240/2504/2535
f 2225/2489/2470 2241/2505/2536 2242/2506/2537
f 2243/2507/2538 2244/2508/2539 2225/2489/2470
f 2245/2509/2540 2246/2510/2541 2146/2410/2451
f 2247/2511/2542 2248/2512/2543 2137/2401/2406
f 2105/2369/2413 2249/2513/2544 2122/2386/2428
f 2194/2458/2496 2250/2514/2545 2251/2515/2546
f 2252/2516/2547 2137/2401/2406 2107/2371/2406
f 2253/2517/2548 2145/2409/2450 2248/2512/2543
f 2254/2518/2470 2220/2484/2519 2235/2499/2470
f 2167/2431/2470 2255/2519/2549 2254/2518/2470
f 2256/2520/2550 2154/2418/2459 2113/2377/2420
f 2202/2466/2470 2209/2473/2508 2200/2464/2502
f 2257/2521/2551 2226/2490/2470 2207/2471/2470
f 2258/2522/2552 2259/2523/2553 2246/2510/2541
f 2260/2524/2554 2261/2525/2555 2258/2522/2552
f 2262/2526/2556 2263/2527/2557 2264/2528/2558
f 2251/2515/2546 2265/2529/2559 2263/2527/2557
f 2214/2478/2513 2266/2530/2560 2267/2531/2561
f 2268/2532/2562 2164/2428/2406 2095/2359/2405
f 2151/2415/2456 2176/2440/2478 2205/2469/2505
f 2215/2479/2514 2269/2533/2563 2266/2530/2560
f 2136/2400/2442 2190/2454/2492 2124/2388/2430
f 2240/2504/2535 2162/2426/2406 2268/2532/2562
f 2226/2490/2470 2242/2506/2537 2208/2472/2507
f 2173/2437/2475 2270/2534/2564 2194/2458/2496
f 2248/2512/2543 2147/2411/2452 2138/2402/2443
f 2233/2497/2529 2099/2363/2409 2271/2535/2565
f 2272/2536/2566 2169/2433/2470 2188/2452/2490
f 2189/2453/2491 2273/2537/2567 2173/2437/2475
f 2227/2491/2523 2197/2461/2499 2143/2407/2448
f 2274/2538/2568 2245/2509/2540 2145/2409/2450
f 2130/2394/2436 2275/2539/2569 2132/2396/2438
f 2229/2493/2525 2276/2540/2570 2197/2461/2499
f 2223/2487/2521 2103/2367/2406 2119/2383/2426
f 2121/2385/2406 2109/2373/2416 2118/2382/2425
f 2277/2541/2571 2254/2518/2470 2278/2542/2572
f 2278/2542/2572 2235/2499/2470 2279/2543/2573
f 2164/2428/2406 2280/2544/2574 2096/2360/2406
f 2281/2545/2575 2258/2522/2552 2245/2509/2540
f 2195/2459/2497 2251/2515/2546 2262/2526/2556
f 2218/2482/2517 2207/2471/2470 2202/2466/2470
f 2282/2546/2576 2283/2547/2577 2284/2548/2578
f 2285/2549/2579 2286/2550/2580 2283/2547/2577
f 2284/2548/2578 2283/2547/2577 2287/2551/2581
f 2283/2547/2577 2288/2552/2582 2287/2551/2581
f 2289/2553/2583 2290/2554/2584 2291/2555/2585
f 2292/2556/2586 2293/2557/2587 2289/2553/2583
f 2293/2557/2587 2294/2558/2588 2290/2554/2584
f 2295/2559/2589 2286/2550/2580 2293/2557/2587
f 2142/2560/2447 2296/2561/2590 2297/2562/2591
f 2298/2563/2592 2287/2551/2593 2296/2561/2590
f 2297/2562/2591 2295/2559/2594 2292/2556/2595
f 2296/2561/2590 2288/2552/2596 2295/2559/2594
f 2267/2564/2561 2299/2565/2597 2300/2566/2598
f 2301/2567/2599 2302/2568/2600 2299/2565/2597
f 2300/2566/2598 2303/2569/2601 2304/2570/2602
f 2299/2565/2597 2305/2571/2603 2303/2569/2601
f 2306/2572/2604 2307/2573/2605 2308/2574/2606
f 2309/2575/2607 2310/2576/2608 2307/2577/2605
f 2308/2578/2609 2302/2568/2610 2301/2567/2611
f 2307/2577/2605 2305/2571/2612 2302/2568/2610
f 2311/2579/2613 2312/2580/2614 2313/2581/2615
f 2304/2570/2602 2314/2582/2616 2311/2579/2613
f 2314/2582/2616 2315/2583/2617 2312/2580/2614
f 2303/2569/2601 2310/2576/2618 2314/2582/2616
f 2230/2494/2526 2316/2584/2619 2317/2585/2620
f 2318/2586/2621 2319/2587/2622 2316/2584/2619
f 2317/2585/2620 2320/2588/2623 2321/2589/2624
f 2316/2584/2619 2322/2590/2625 2320/2588/2623
f 2199/2463/2501 2323/2591/2626 2318/2592/2627
f 2324/2593/2628 2325/2594/2629 2323/2591/2626
f 2318/2592/2627 2323/2591/2626 2319/2587/2630
f 2323/2591/2626 2322/2590/2631 2319/2587/2632
f 2326/2595/2633 2327/2596/2634 2264/2528/2558
f 2321/2589/2624 2328/2597/2635 2326/2595/2633
f 2328/2597/2635 2329/2598/2636 2327/2596/2634
f 2320/2588/2637 2325/2594/2629 2328/2597/2635
f 2269/2533/2563 2330/2599/2638 2331/2600/2639
f 2332/2601/2640 2333/2602/2641 2330/2599/2638
f 2331/2600/2639 2330/2599/2638 2334/2603/2642
f 2330/2599/2638 2335/2604/2643 2334/2603/2644
f 2336/2605/2645 2337/2606/2646 2338/2607/2647
f 2339/2608/2648 2340/2609/2649 2336/2605/2645
f 2340/2609/2649 2341/2610/2650 2337/2606/2646
f 2342/2611/2651 2333/2602/2652 2340/2609/2649
f 2211/2475/2510 2343/2612/2653 2344/2613/2654
f 2331/2614/2655 2334/2603/2656 2343/2612/2653
f 2344/2613/2654 2342/2611/2651 2339/2608/2648
f 2343/2612/2653 2335/2604/2657 2342/2611/2651
f 2119/2383/2426 2345/2615/2658 2346/2616/2659
f 2346/2617/2659 2347/2618/2660 2348/2619/2661
f 2348/2619/2662 2349/2620/2663 2350/2621/2664
f 2349/2620/2663 2271/2535/2565 2350/2621/2664
f 2118/2382/2425 2351/2622/2665 2345/2615/2658
f 2345/2623/2658 2352/2624/2666 2347/2618/2660
f 2347/2618/2667 2353/2625/2668 2349/2620/2663
f 2353/2625/2668 2233/2497/2529 2349/2620/2663
f 2155/2419/2460 2354/2626/2669 2102/2366/2411
f 2355/2627/2670 2356/2628/2671 2354/2626/2669
f 2357/2629/2672 2358/2630/2673 2356/2628/2674
f 2358/2631/2673 2213/2477/2512 2115/2379/2422
f 2280/2544/2574 2355/2627/2670 2155/2419/2460
f 2359/2632/2675 2357/2629/2676 2355/2627/2670
f 2360/2633/2677 2361/2634/2678 2357/2629/2672
f 2361/2635/2678 2112/2376/2419 2213/2477/2512
f 2223/2487/2521 2362/2636/2679 2097/2361/2407
f 2363/2637/2680 2364/2638/2681 2362/2639/2679
f 2365/2640/2682 2366/2641/2683 2364/2638/2684
f 2366/2641/2683 2098/2362/2408 2110/2374/2417
f 2119/2383/2426 2363/2642/2680 2223/2487/2521
f 2346/2617/2659 2365/2640/2685 2363/2637/2680
f 2348/2619/2662 2367/2643/2686 2365/2640/2682
f 2367/2643/2686 2271/2535/2565 2098/2362/2408
f 2252/2516/2547 2368/2644/2687 2369/2645/2688
f 2369/2645/2688 2370/2646/2689 2371/2647/2690
f 2371/2647/2691 2372/2648/2692 2373/2649/2693
f 2372/2650/2692 2104/2368/2412 2373/2651/2693
f 2120/2384/2427 2354/2626/2669 2368/2644/2687
f 2368/2644/2687 2356/2628/2671 2370/2646/2689
f 2370/2646/2694 2358/2630/2673 2372/2648/2692
f 2358/2631/2673 2117/2381/2424 2372/2650/2692
f 2253/2517/2548 2374/2652/2695 2375/2653/2696
f 2375/2653/2696 2376/2654/2697 2377/2655/2698
f 2377/2655/2699 2378/2656/2700 2379/2657/2701
f 2378/2658/2700 2123/2387/2429 2379/2659/2701
f 2247/2511/2542 2369/2645/2688 2374/2652/2695
f 2374/2652/2695 2371/2647/2690 2376/2654/2697
f 2376/2654/2702 2373/2649/2693 2378/2656/2700
f 2373/2651/2693 2106/2370/2414 2378/2658/2700
f 2109/2373/2416 2380/2660/2703 2351/2622/2665
f 2351/2661/2665 2381/2662/2704 2352/2624/2666
f 2352/2624/2705 2382/2663/2706 2353/2625/2668
f 2382/2663/2706 2129/2393/2435 2353/2625/2668
f 2108/2372/2415 2383/2664/2707 2380/2660/2703
f 2380/2665/2703 2384/2666/2708 2381/2662/2704
f 2381/2662/2709 2385/2667/2710 2382/2663/2706
f 2385/2667/2710 2127/2391/2433 2382/2663/2706
f 2138/2402/2443 2386/2668/2711 2383/2664/2707
f 2383/2669/2707 2387/2670/2712 2384/2666/2708
f 2384/2666/2713 2388/2671/2714 2385/2667/2710
f 2388/2671/2714 2126/2390/2432 2385/2667/2710
f 2147/2411/2452 2389/2672/2715 2386/2668/2711
f 2386/2673/2711 2390/2674/2716 2387/2670/2712
f 2387/2670/2717 2391/2675/2718 2388/2671/2714
f 2391/2675/2718 2124/2388/2430 2388/2671/2714
f 2281/2545/2575 2392/2676/2719 2393/2677/2720
f 2393/2677/2720 2394/2678/2721 2395/2679/2722
f 2395/2679/2723 2396/2680/2724 2397/2681/2725
f 2396/2682/2724 2133/2397/2439 2397/2683/2725
f 2274/2538/2568 2375/2653/2696 2392/2676/2719
f 2392/2676/2719 2377/2655/2698 2394/2678/2721
f 2394/2678/2726 2379/2657/2701 2396/2680/2724
f 2379/2659/2701 2131/2395/2437 2396/2682/2724
f 2261/2525/2555 2398/2684/2727 2259/2523/2553
f 2399/2685/2728 2400/2686/2729 2398/2684/2727
f 2401/2687/2730 2402/2688/2731 2400/2686/2729
f 2403/2689/2732 2143/2407/2448 2402/2690/2731
f 2291/2555/2585 2399/2685/2728 2261/2525/2555
f 2290/2554/2584 2401/2687/2730 2399/2685/2728
f 2294/2558/2588 2403/2691/2732 2401/2687/2730
f 2285/2692/2579 2227/2491/2523 2403/2689/2732
f 2146/2410/2451 2404/2693/2733 2389/2672/2715
f 2389/2694/2715 2405/2695/2734 2390/2674/2716
f 2390/2674/2735 2406/2696/2736 2391/2675/2718
f 2391/2675/2718 2134/2398/2440 2136/2400/2442
f 2246/2510/2541 2398/2684/2727 2404/2693/2733
f 2404/2697/2737 2400/2698/2729 2405/2695/2734
f 2405/2695/2738 2402/2690/2731 2406/2696/2736
f 2402/2690/2731 2134/2398/2440 2406/2696/2736
f 2291/2555/2585 2407/2699/2739 2289/2553/2583
f 2289/2553/2583 2408/2700/2740 2292/2556/2586
f 2292/2556/2595 2409/2701/2741 2297/2562/2591
f 2297/2702/2591 2140/2404/2445 2142/2406/2447
f 2260/2524/2554 2393/2677/2720 2407/2699/2739
f 2407/2699/2739 2395/2679/2722 2408/2700/2740
f 2408/2700/2742 2397/2681/2725 2409/2701/2741
f 2409/2703/2741 2133/2397/2439 2140/2404/2445
f 2163/2427/2467 2359/2632/2675 2280/2544/2574
f 2410/2704/2743 2360/2633/2744 2359/2632/2675
f 2411/2705/2745 2412/2706/2746 2360/2633/2677
f 2412/2707/2746 2256/2520/2550 2112/2376/2419
f 2222/2486/2520 2410/2704/2743 2163/2427/2467
f 2413/2708/2747 2411/2705/2748 2410/2704/2743
f 2414/2709/2749 2415/2710/2750 2411/2711/2745
f 2415/2710/2750 2152/2416/2457 2256/2520/2550
f 2095/2359/2405 2416/2712/2751 2268/2532/2562
f 2417/2713/2752 2418/2714/2753 2416/2715/2751
f 2419/2716/2754 2420/2717/2755 2418/2714/2756
f 2420/2717/2755 2148/2412/2453 2150/2414/2455
f 2097/2361/2407 2417/2718/2752 2095/2359/2405
f 2362/2639/2679 2419/2716/2757 2417/2713/2752
f 2364/2638/2684 2421/2719/2758 2419/2716/2754
f 2421/2719/2758 2110/2374/2417 2148/2412/2453
f 2313/2581/2615 2422/2720/2759 2311/2579/2613
f 2311/2579/2613 2423/2721/2760 2304/2570/2602
f 2304/2722/2602 2424/2723/2761 2300/2724/2598
f 2300/2724/2598 2214/2478/2513 2267/2531/2561
f 2237/2501/2532 2425/2725/2762 2422/2720/2759
f 2422/2720/2759 2426/2726/2763 2423/2721/2760
f 2423/2727/2760 2427/2728/2764 2424/2723/2761
f 2424/2723/2761 2158/2422/2463 2214/2478/2513
f 2238/2502/2533 2413/2708/2747 2222/2486/2520
f 2428/2729/2765 2414/2730/2766 2413/2708/2747
f 2429/2731/2767 2430/2732/2768 2414/2709/2749
f 2431/2733/2769 2152/2416/2457 2430/2732/2768
f 2313/2581/2615 2428/2729/2765 2238/2502/2533
f 2312/2580/2614 2429/2734/2770 2428/2729/2765
f 2315/2735/2771 2431/2733/2769 2429/2731/2767
f 2309/2736/2607 2160/2424/2465 2431/2733/2769
f 2240/2504/2535 2425/2725/2762 2239/2503/2534
f 2432/2737/2772 2426/2738/2763 2425/2739/2762
f 2433/2740/2773 2427/2728/2764 2426/2738/2763
f 2427/2728/2764 2156/2420/2461 2158/2422/2463
f 2268/2532/2562 2432/2741/2772 2240/2504/2535
f 2416/2715/2751 2433/2740/2774 2432/2737/2772
f 2418/2714/2756 2434/2742/2775 2433/2740/2773
f 2420/2717/2755 2156/2420/2461 2434/2742/2775
f 2236/2500/2531 2435/2743/2776 2165/2429/2468
f 2436/2744/2777 2437/2745/2778 2435/2743/2776
f 2438/2746/2779 2439/2747/2780 2437/2745/2778
f 2440/2748/2781 2279/2543/2573 2439/2747/2780
f 2185/2449/2487 2436/2744/2777 2236/2500/2531
f 2441/2749/2782 2438/2746/2779 2436/2744/2777
f 2442/2750/2783 2440/2748/2781 2438/2746/2779
f 2443/2751/2784 2278/2542/2572 2440/2748/2781
f 2179/2443/2481 2444/2752/2785 2445/2753/2786
f 2445/2753/2786 2446/2754/2787 2447/2755/2788
f 2447/2755/2788 2448/2756/2789 2449/2757/2790
f 2449/2757/2790 2217/2481/2516 2220/2484/2519
f 2178/2442/2480 2450/2758/2791 2444/2752/2785
f 2444/2752/2785 2451/2759/2792 2446/2754/2787
f 2446/2754/2787 2452/2760/2793 2448/2756/2789
f 2448/2756/2789 2218/2482/2517 2217/2481/2516
f 2175/2439/2477 2453/2761/2794 2454/2762/2795
f 2454/2762/2795 2455/2763/2796 2456/2764/2797
f 2456/2764/2797 2457/2765/2798 2458/2766/2799
f 2458/2766/2799 2234/2498/2530 2200/2464/2502
f 2166/2430/2469 2435/2743/2776 2453/2761/2794
f 2453/2761/2794 2437/2745/2778 2455/2763/2796
f 2455/2763/2796 2439/2747/2780 2457/2765/2798
f 2457/2765/2798 2279/2543/2573 2234/2498/2530
f 2180/2444/2482 2459/2767/2800 2219/2483/2518
f 2460/2768/2801 2461/2769/2802 2459/2767/2800
f 2462/2770/2803 2463/2771/2804 2461/2769/2802
f 2464/2772/2805 2272/2536/2566 2463/2771/2804
f 2179/2443/2481 2460/2768/2801 2180/2444/2482
f 2445/2753/2786 2462/2770/2803 2460/2768/2801
f 2447/2755/2788 2464/2772/2805 2462/2770/2803
f 2449/2757/2790 2255/2519/2549 2464/2772/2805
f 2171/2435/2473 2465/2773/2806 2249/2513/2544
f 2466/2774/2807 2467/2775/2808 2465/2773/2806
f 2468/2776/2809 2469/2777/2810 2467/2775/2808
f 2470/2778/2811 2172/2436/2474 2469/2777/2810
f 2219/2483/2518 2466/2774/2807 2171/2435/2473
f 2459/2767/2800 2468/2776/2809 2466/2774/2807
f 2461/2769/2802 2470/2778/2811 2468/2776/2809
f 2463/2771/2804 2188/2452/2490 2470/2778/2811
f 2186/2450/2488 2441/2749/2782 2185/2449/2487
f 2471/2779/2812 2442/2750/2783 2441/2749/2782
f 2472/2780/2813 2443/2751/2784 2442/2750/2783
f 2473/2781/2814 2277/2541/2571 2443/2751/2784
f 2191/2455/2493 2471/2779/2812 2186/2450/2488
f 2474/2782/2815 2472/2780/2813 2471/2779/2812
f 2475/2783/2816 2473/2781/2814 2472/2780/2813
f 2476/2784/2817 2168/2432/2471 2473/2781/2814
f 2192/2456/2494 2474/2782/2815 2191/2455/2493
f 2477/2785/2818 2475/2783/2816 2474/2782/2815
f 2478/2786/2819 2476/2784/2817 2475/2783/2816
f 2479/2787/2820 2232/2496/2528 2476/2784/2817
f 2196/2460/2498 2477/2785/2818 2192/2456/2494
f 2480/2788/2821 2478/2786/2819 2477/2785/2818
f 2481/2789/2822 2479/2787/2820 2478/2786/2819
f 2482/2790/2823 2273/2537/2567 2479/2787/2820
f 2187/2451/2489 2483/2791/2824 2275/2539/2569
f 2484/2792/2825 2485/2793/2826 2483/2791/2824
f 2486/2794/2827 2487/2795/2828 2485/2793/2826
f 2488/2796/2829 2195/2459/2497 2487/2795/2828
f 2249/2513/2544 2484/2792/2825 2187/2451/2489
f 2465/2773/2806 2486/2794/2827 2484/2792/2825
f 2467/2775/2808 2488/2796/2829 2486/2794/2827
f 2469/2777/2810 2174/2438/2476 2488/2796/2829
f 2276/2540/2570 2489/2797/2830 2490/2798/2831
f 2490/2798/2831 2491/2799/2832 2492/2800/2833
f 2492/2800/2833 2493/2801/2834 2494/2802/2835
f 2494/2802/2835 2263/2527/2557 2265/2529/2559
f 2231/2495/2527 2317/2585/2620 2489/2797/2830
f 2489/2797/2830 2321/2589/2624 2491/2799/2832
f 2491/2799/2832 2326/2595/2633 2493/2801/2834
f 2493/2801/2834 2264/2528/2558 2263/2527/2557
f 2198/2462/2500 2480/2788/2821 2196/2460/2498
f 2495/2803/2836 2481/2789/2822 2480/2788/2821
f 2496/2804/2837 2482/2790/2823 2481/2789/2822
f 2497/2805/2838 2270/2534/2564 2482/2790/2823
f 2276/2540/2570 2495/2803/2836 2198/2462/2500
f 2490/2798/2831 2496/2804/2837 2495/2803/2836
f 2492/2800/2833 2497/2805/2838 2496/2804/2837
f 2494/2802/2835 2250/2514/2545 2497/2805/2838
f 2193/2457/2495 2324/2593/2628 2199/2463/2501
f 2498/2806/2839 2329/2598/2636 2324/2593/2628
f 2499/2807/2840 2327/2596/2634 2329/2598/2636
f 2500/2808/2841 2264/2528/2558 2327/2596/2634
f 2275/2539/2569 2498/2806/2839 2193/2457/2495
f 2483/2791/2824 2499/2807/2840 2498/2806/2839
f 2485/2793/2826 2500/2808/2841 2499/2807/2840
f 2487/2795/2828 2262/2526/2556 2500/2808/2841
f 2182/2446/2484 2501/2809/2842 2450/2758/2791
f 2450/2758/2791 2502/2810/2843 2451/2759/2792
f 2451/2759/2792 2503/2811/2844 2452/2760/2793
f 2452/2760/2793 2257/2521/2551 2218/2482/2517
f 2203/2467/2503 2504/2812/2845 2501/2809/2842
f 2501/2809/2842 2505/2813/2846 2502/2810/2843
f 2502/2810/2843 2506/2814/2847 2503/2811/2844
f 2503/2811/2844 2224/2488/2522 2257/2521/2551
f 2205/2469/2505 2507/2815/2848 2508/2816/2849
f 2508/2816/2849 2509/2817/2850 2510/2818/2851
f 2510/2818/2851 2511/2819/2852 2512/2820/2853
f 2512/2820/2853 2209/2473/2508 2208/2472/2507
f 2176/2440/2478 2454/2762/2795 2507/2815/2848
f 2507/2815/2848 2456/2764/2797 2509/2817/2850
f 2509/2817/2850 2458/2766/2799 2511/2819/2852
f 2511/2819/2852 2200/2464/2502 2209/2473/2508
f 2216/2480/2515 2332/2601/2640 2269/2533/2563
f 2513/2821/2854 2341/2610/2650 2332/2601/2640
f 2514/2822/2855 2337/2606/2646 2341/2610/2650
f 2515/2823/2856 2338/2607/2647 2337/2606/2646
f 2212/2476/2511 2513/2821/2854 2216/2480/2515
f 2516/2824/2857 2514/2822/2855 2513/2821/2854
f 2517/2825/2858 2515/2823/2856 2514/2822/2855
f 2518/2826/2859 2244/2508/2539 2515/2823/2856
f 2204/2468/2504 2519/2827/2860 2504/2812/2845
f 2504/2812/2845 2520/2828/2861 2505/2813/2846
f 2505/2813/2846 2521/2829/2862 2506/2814/2847
f 2506/2814/2847 2243/2507/2538 2224/2488/2522
f 2210/2474/2509 2344/2613/2654 2519/2827/2860
f 2519/2827/2860 2339/2608/2648 2520/2828/2861
f 2520/2828/2861 2336/2605/2645 2521/2829/2862
f 2521/2829/2862 2338/2607/2647 2243/2507/2538
f 2212/2476/2511 2522/2830/2863 2516/2824/2857
f 2516/2824/2857 2523/2831/2864 2517/2825/2858
f 2517/2825/2858 2524/2832/2865 2518/2826/2859
f 2518/2826/2859 2242/2506/2537 2241/2505/2536
f 2206/2470/2506 2508/2816/2849 2522/2830/2863
f 2522/2830/2863 2510/2818/2851 2523/2831/2864
f 2523/2831/2864 2512/2820/2853 2524/2832/2865
f 2524/2832/2865 2208/2472/2507 2242/2506/2537
f 2211/2475/2510 2525/2833/2866 2331/2834/2655
f 2331/2600/2867 2266/2530/2560 2269/2533/2868
f 2161/2425/2466 2308/2574/2869 2525/2833/2866
f 2525/2833/2870 2308/2574/2870 2301/2835/2870
f 2525/2836/2871 2267/2531/2561 2266/2530/2560
f 2141/2405/2446 2298/2837/2872 2142/2406/2447
f 2298/2837/2873 2526/2838/2874 2284/2839/2875
f 2284/2840/2875 2526/2841/2874 2527/2842/2876
f 2527/2842/2877 2282/2546/2576 2284/2548/2578
f 2199/2463/2501 2526/2843/2878 2141/2405/2446
f 2526/2841/2874 2318/2844/2879 2527/2842/2876
f 2318/2845/2621 2228/2492/2524 2527/2846/2877
f 2095/2359/2405 2164/2428/2406 2096/2360/2406
f 2098/2362/2408 2271/2535/2565 2099/2363/2409
f 2101/2365/2406 2155/2419/2460 2102/2366/2411
f 2104/2368/2412 2170/2434/2472 2105/2369/2413
f 2107/2371/2406 2137/2401/2406 2108/2372/2415
f 2110/2374/2417 2098/2362/2408 2100/2364/2410
f 2112/2376/2419 2256/2520/2550 2113/2377/2420
f 2115/2379/2422 2177/2441/2479 2116/2380/2423
f 2103/2367/2406 2121/2385/2406 2118/2382/2425
f 2120/2384/2427 2252/2516/2547 2107/2371/2406
f 2106/2370/2414 2105/2369/2413 2122/2386/2428
f 2124/2388/2430 2190/2454/2492 2125/2389/2431
f 2127/2391/2433 2184/2448/2486 2128/2392/2434
f 2123/2387/2429 2122/2386/2428 2130/2394/2436
f 2131/2395/2437 2130/2394/2436 2132/2396/2438
f 2134/2398/2440 2144/2408/2449 2135/2399/2441
f 2137/2401/2406 2248/2512/2543 2138/2402/2443
f 2133/2397/2439 2132/2396/2438 2139/2403/2444
f 2140/2404/2445 2139/2403/2444 2141/2405/2446
f 2143/2407/2448 2197/2461/2499 2144/2408/2449
f 2145/2409/2450 2245/2509/2540 2146/2410/2451
f 2148/2412/2453 2110/2374/2417 2111/2375/2418
f 2150/2414/2455 2148/2412/2453 2149/2413/2454
f 2152/2416/2457 2160/2424/2465 2153/2417/2458
f 2096/2360/2406 2280/2544/2574 2155/2419/2460
f 2156/2420/2461 2150/2414/2455 2151/2415/2456
f 2158/2422/2463 2156/2420/2461 2157/2421/2462
f 2160/2424/2465 2306/2572/2604 2161/2425/2466
f 2162/2426/2406 2222/2486/2520 2163/2427/2467
f 2100/2364/2410 2099/2363/2409 2165/2429/2468
f 2167/2431/2470 2277/2541/2571 2168/2432/2471
f 2170/2434/2472 2219/2483/2518 2171/2435/2473
f 2172/2436/2474 2189/2453/2491 2173/2437/2475
f 2149/2413/2454 2111/2375/2418 2175/2439/2477
f 2177/2441/2479 2181/2445/2483 2178/2442/2480
f 2177/2441/2479 2179/2443/2481 2180/2444/2482
f 2181/2445/2483 2114/2378/2421 2182/2446/2484
f 2183/2447/2485 2236/2500/2531 2165/2429/2468
f 2184/2448/2486 2186/2450/2488 2185/2449/2487
f 2125/2389/2431 2191/2455/2493 2186/2450/2488
f 2122/2386/2428 2249/2513/2544 2187/2451/2489
f 2188/2452/2490 2169/2433/2470 2189/2453/2491
f 2190/2454/2492 2192/2456/2494 2191/2455/2493
f 2135/2399/2441 2196/2460/2498 2192/2456/2494
f 2132/2396/2438 2275/2539/2569 2193/2457/2495
f 2174/2438/2476 2173/2437/2475 2194/2458/2496
f 2144/2408/2449 2198/2462/2500 2196/2460/2498
f 2197/2461/2499 2276/2540/2570 2198/2462/2500
f 2139/2403/2444 2193/2457/2495 2199/2463/2501
f 2200/2464/2502 2234/2498/2530 2201/2465/2470
f 2114/2378/2421 2113/2377/2420 2203/2467/2503
f 2113/2377/2420 2154/2418/2459 2204/2468/2504
f 2157/2421/2462 2151/2415/2456 2205/2469/2505
f 2207/2471/2470 2226/2490/2470 2208/2472/2507
f 2154/2418/2459 2153/2417/2458 2210/2474/2509
f 2153/2417/2458 2161/2425/2466 2211/2475/2510
f 2159/2423/2464 2157/2421/2462 2206/2470/2506
f 2213/2477/2512 2112/2376/2419 2114/2378/2421
f 2214/2478/2513 2158/2422/2463 2159/2423/2464
f 2215/2479/2514 2159/2423/2464 2212/2476/2511
f 2202/2466/2470 2201/2465/2470 2217/2481/2516
f 2102/2366/2411 2120/2384/2427 2121/2385/2406
f 2117/2381/2424 2116/2380/2423 2170/2434/2472
f 2116/2380/2423 2180/2444/2482 2219/2483/2518
f 2201/2465/2470 2235/2499/2470 2220/2484/2519
f 2221/2485/2406 2238/2502/2533 2222/2486/2520
f 2097/2361/2407 2096/2360/2406 2101/2365/2406
f 2111/2375/2418 2100/2364/2410 2166/2430/2469
f 2224/2488/2522 2243/2507/2538 2225/2489/2470
f 2126/2390/2432 2125/2389/2431 2184/2448/2486
f 2227/2491/2523 2282/2847/2576 2228/2492/2524
f 2229/2493/2525 2228/2492/2524 2230/2494/2526
f 2169/2433/2470 2168/2432/2471 2232/2496/2528
f 2129/2393/2435 2128/2392/2434 2183/2447/2485
f 2115/2379/2422 2213/2477/2512 2181/2445/2483
f 2234/2498/2530 2279/2543/2573 2235/2499/2470
f 2128/2392/2434 2185/2449/2487 2236/2500/2531
f 2237/2501/2532 2313/2581/2615 2238/2502/2533
f 2239/2503/2534 2237/2501/2532 2221/2485/2406
f 2225/2489/2470 2244/2508/2539 2241/2505/2536
f 2243/2507/2538 2338/2607/2647 2244/2508/2539
f 2245/2509/2540 2258/2522/2552 2246/2510/2541
f 2247/2511/2542 2253/2517/2548 2248/2512/2543
f 2105/2369/2413 2171/2435/2473 2249/2513/2544
f 2194/2458/2496 2270/2534/2564 2250/2514/2545
f 2252/2516/2547 2247/2511/2542 2137/2401/2406
f 2253/2517/2548 2274/2538/2568 2145/2409/2450
f 2254/2518/2470 2255/2519/2549 2220/2484/2519
f 2167/2431/2470 2272/2536/2566 2255/2519/2549
f 2256/2520/2550 2152/2416/2457 2154/2418/2459
f 2202/2466/2470 2207/2471/2470 2209/2473/2508
f 2257/2521/2551 2224/2488/2522 2226/2490/2470
f 2258/2522/2552 2261/2525/2555 2259/2523/2553
f 2260/2524/2554 2291/2555/2585 2261/2525/2555
f 2262/2526/2556 2251/2515/2546 2263/2527/2557
f 2251/2515/2546 2250/2514/2545 2265/2529/2559
f 2214/2478/2513 2215/2479/2514 2266/2530/2560
f 2268/2532/2562 2162/2426/2406 2164/2428/2406
f 2151/2415/2456 2149/2413/2454 2176/2440/2478
f 2215/2479/2514 2216/2480/2515 2269/2533/2563
f 2136/2400/2442 2135/2399/2441 2190/2454/2492
f 2240/2504/2535 2221/2485/2406 2162/2426/2406
f 2226/2490/2470 2225/2489/2470 2242/2506/2537
f 2173/2437/2475 2273/2537/2567 2270/2534/2564
f 2248/2512/2543 2145/2409/2450 2147/2411/2452
f 2233/2497/2529 2183/2447/2485 2099/2363/2409
f 2272/2536/2566 2167/2431/2470 2169/2433/2470
f 2189/2453/2491 2232/2496/2528 2273/2537/2567
f 2227/2491/2523 2229/2493/2525 2197/2461/2499
f 2274/2538/2568 2281/2545/2575 2245/2509/2540
f 2130/2394/2436 2187/2451/2489 2275/2539/2569
f 2229/2493/2525 2231/2495/2527 2276/2540/2570
f 2223/2487/2521 2101/2365/2406 2103/2367/2406
f 2121/2385/2406 2107/2371/2406 2109/2373/2416
f 2277/2541/2571 2167/2431/2470 2254/2518/2470
f 2278/2542/2572 2254/2518/2470 2235/2499/2470
f 2164/2428/2406 2163/2427/2467 2280/2544/2574
f 2281/2545/2575 2260/2524/2554 2258/2522/2552
f 2195/2459/2497 2194/2458/2496 2251/2515/2546
f 2218/2482/2517 2257/2521/2551 2207/2471/2470
f 2282/2546/2576 2285/2549/2579 2283/2547/2577
f 2285/2549/2579 2294/2558/2588 2286/2550/2580
f 2283/2547/2577 2286/2550/2580 2288/2552/2582
f 2289/2553/2583 2293/2557/2587 2290/2554/2584
f 2292/2556/2586 2295/2559/2589 2293/2557/2587
f 2293/2557/2587 2286/2550/2580 2294/2558/2588
f 2295/2559/2589 2288/2552/2582 2286/2550/2580
f 2142/2560/2447 2298/2563/2872 2296/2561/2590
f 2298/2563/2592 2284/2840/2880 2287/2551/2593
f 2297/2562/2591 2296/2561/2590 2295/2559/2594
f 2296/2561/2590 2287/2551/2593 2288/2552/2596
f 2267/2564/2561 2301/2848/2599 2299/2565/2597
f 2300/2566/2598 2299/2565/2597 2303/2569/2601
f 2299/2565/2597 2302/2568/2600 2305/2571/2603
f 2306/2572/2604 2309/2736/2607 2307/2573/2605
f 2309/2575/2607 2315/2583/2771 2310/2576/2608
f 2308/2578/2609 2307/2577/2605 2302/2568/2610
f 2307/2577/2605 2310/2576/2608 2305/2571/2612
f 2311/2579/2613 2314/2582/2616 2312/2580/2614
f 2304/2570/2602 2303/2569/2601 2314/2582/2616
f 2314/2582/2616 2310/2576/2618 2315/2583/2617
f 2303/2569/2601 2305/2571/2603 2310/2576/2618
f 2230/2494/2526 2318/2845/2621 2316/2584/2619
f 2317/2585/2620 2316/2584/2619 2320/2588/2623
f 2316/2584/2619 2319/2587/2622 2322/2590/2625
f 2199/2463/2501 2324/2593/2628 2323/2591/2626
f 2324/2593/2628 2329/2598/2636 2325/2594/2629
f 2323/2591/2626 2325/2594/2629 2322/2590/2631
f 2326/2595/2633 2328/2597/2635 2327/2596/2634
f 2321/2589/2624 2320/2588/2637 2328/2597/2635
f 2328/2597/2635 2325/2594/2629 2329/2598/2636
f 2320/2588/2637 2322/2590/2631 2325/2594/2629
f 2269/2533/2563 2332/2601/2640 2330/2599/2638
f 2332/2601/2640 2341/2610/2650 2333/2602/2641
f 2330/2599/2638 2333/2602/2641 2335/2604/2643
f 2336/2605/2645 2340/2609/2649 2337/2606/2646
f 2339/2608/2648 2342/2611/2651 2340/2609/2649
f 2340/2609/2649 2333/2602/2652 2341/2610/2650
f 2342/2611/2651 2335/2604/2657 2333/2602/2652
f 2211/2475/2510 2331/2834/2655 2343/2612/2653
f 2344/2613/2654 2343/2612/2653 2342/2611/2651
f 2343/2612/2653 2334/2603/2656 2335/2604/2657
f 2119/2383/2426 2118/2382/2425 2345/2615/2658
f 2346/2617/2659 2345/2623/2658 2347/2618/2660
f 2348/2619/2662 2347/2618/2667 2349/2620/2663
f 2349/2620/2663 2233/2497/2529 2271/2535/2565
f 2118/2382/2425 2109/2373/2416 2351/2622/2665
f 2345/2623/2658 2351/2661/2665 2352/2624/2666
f 2347/2618/2667 2352/2624/2705 2353/2625/2668
f 2353/2625/2668 2129/2393/2435 2233/2497/2529
f 2155/2419/2460 2355/2627/2670 2354/2626/2669
f 2355/2627/2670 2357/2629/2676 2356/2628/2671
f 2357/2629/2672 2361/2634/2678 2358/2630/2673
f 2358/2631/2673 2361/2635/2678 2213/2477/2512
f 2280/2544/2574 2359/2632/2675 2355/2627/2670
f 2359/2632/2675 2360/2633/2744 2357/2629/2676
f 2360/2633/2677 2412/2706/2746 2361/2634/2678
f 2361/2635/2678 2412/2707/2746 2112/2376/2419
f 2223/2487/2521 2363/2642/2680 2362/2636/2679
f 2363/2637/2680 2365/2640/2685 2364/2638/2681
f 2365/2640/2682 2367/2643/2686 2366/2641/2683
f 2366/2641/2683 2367/2643/2686 2098/2362/2408
f 2119/2383/2426 2346/2616/2659 2363/2642/2680
f 2346/2617/2659 2348/2619/2661 2365/2640/2685
f 2348/2619/2662 2350/2621/2664 2367/2643/2686
f 2367/2643/2686 2350/2621/2664 2271/2535/2565
f 2252/2516/2547 2120/2384/2427 2368/2644/2687
f 2369/2645/2688 2368/2644/2687 2370/2646/2689
f 2371/2647/2691 2370/2646/2694 2372/2648/2692
f 2372/2650/2692 2117/2381/2424 2104/2368/2412
f 2120/2384/2427 2102/2366/2411 2354/2626/2669
f 2368/2644/2687 2354/2626/2669 2356/2628/2671
f 2370/2646/2694 2356/2628/2674 2358/2630/2673
f 2358/2631/2673 2115/2379/2422 2117/2381/2424
f 2253/2517/2548 2247/2511/2542 2374/2652/2695
f 2375/2653/2696 2374/2652/2695 2376/2654/2697
f 2377/2655/2699 2376/2654/2702 2378/2656/2700
f 2378/2658/2700 2106/2370/2414 2123/2387/2429
f 2247/2511/2542 2252/2516/2547 2369/2645/2688
f 2374/2652/2695 2369/2645/2688 2371/2647/2690
f 2376/2654/2702 2371/2647/2691 2373/2649/2693
f 2373/2651/2693 2104/2368/2412 2106/2370/2414
f 2109/2373/2416 2108/2372/2415 2380/2660/2703
f 2351/2661/2665 2380/2665/2703 2381/2662/2704
f 2352/2624/2705 2381/2662/2709 2382/2663/2706
f 2382/2663/2706 2127/2391/2433 2129/2393/2435
f 2108/2372/2415 2138/2402/2443 2383/2664/2707
f 2380/2665/2703 2383/2669/2707 2384/2666/2708
f 2381/2662/2709 2384/2666/2713 2385/2667/2710
f 2385/2667/2710 2126/2390/2432 2127/2391/2433
f 2138/2402/2443 2147/2411/2452 2386/2668/2711
f 2383/2669/2707 2386/2673/2711 2387/2670/2712
f 2384/2666/2713 2387/2670/2717 2388/2671/2714
f 2388/2671/2714 2124/2388/2430 2126/2390/2432
f 2147/2411/2452 2146/2410/2451 2389/2672/2715
f 2386/2673/2711 2389/2694/2715 2390/2674/2716
f 2387/2670/2717 2390/2674/2735 2391/2675/2718
f 2391/2675/2718 2136/2400/2442 2124/2388/2430
f 2281/2545/2575 2274/2538/2568 2392/2676/2719
f 2393/2677/2720 2392/2676/2719 2394/2678/2721
f 2395/2679/2723 2394/2678/2726 2396/2680/2724
f 2396/2682/2724 2131/2395/2437 2133/2397/2439
f 2274/2538/2568 2253/2517/2548 2375/2653/2696
f 2392/2676/2719 2375/2653/2696 2377/2655/2698
f 2394/2678/2726 2377/2655/2699 2379/2657/2701
f 2379/2659/2701 2123/2387/2429 2131/2395/2437
f 2261/2525/2555 2399/2685/2728 2398/2684/2727
f 2399/2685/2728 2401/2687/2730 2400/2686/2729
f 2401/2687/2730 2403/2691/2732 2402/2688/2731
f 2403/2689/2732 2227/2491/2523 2143/2407/2448
f 2291/2555/2585 2290/2554/2584 2399/2685/2728
f 2290/2554/2584 2294/2558/2588 2401/2687/2730
f 2294/2558/2588 2285/2549/2579 2403/2691/2732
f 2285/2692/2579 2282/2847/2576 2227/2491/2523
f 2146/2410/2451 2246/2510/2541 2404/2693/2733
f 2389/2694/2715 2404/2697/2737 2405/2695/2734
f 2390/2674/2735 2405/2695/2738 2406/2696/2736
f 2391/2675/2718 2406/2696/2736 2134/2398/2440
f 2246/2510/2541 2259/2523/2553 2398/2684/2727
f 2404/2697/2737 2398/2849/2727 2400/2698/2729
f 2405/2695/2738 2400/2698/2729 2402/2690/2731
f 2402/2690/2731 2143/2407/2448 2134/2398/2440
f 2291/2555/2585 2260/2524/2554 2407/2699/2739
f 2289/2553/2583 2407/2699/2739 2408/2700/2740
f 2292/2556/2595 2408/2700/2742 2409/2701/2741
f 2297/2702/2591 2409/2703/2741 2140/2404/2445
f 2260/2524/2554 2281/2545/2575 2393/2677/2720
f 2407/2699/2739 2393/2677/2720 2395/2679/2722
f 2408/2700/2742 2395/2679/2723 2397/2681/2725
f 2409/2703/2741 2397/2683/2725 2133/2397/2439
f 2163/2427/2467 2410/2704/2743 2359/2632/2675
f 2410/2704/2743 2411/2705/2748 2360/2633/2744
f 2411/2705/2745 2415/2850/2750 2412/2706/2746
f 2412/2707/2746 2415/2710/2750 2256/2520/2550
f 2222/2486/2520 2413/2708/2747 2410/2704/2743
f 2413/2708/2747 2414/2730/2766 2411/2705/2748
f 2414/2709/2749 2430/2732/2768 2415/2710/2750
f 2415/2710/2750 2430/2732/2768 2152/2416/2457
f 2095/2359/2405 2417/2718/2752 2416/2712/2751
f 2417/2713/2752 2419/2716/2757 2418/2714/2753
f 2419/2716/2754 2421/2719/2758 2420/2717/2755
f 2420/2717/2755 2421/2719/2758 2148/2412/2453
f 2097/2361/2407 2362/2636/2679 2417/2718/2752
f 2362/2639/2679 2364/2638/2681 2419/2716/2757
f 2364/2638/2684 2366/2641/2683 2421/2719/2758
f 2421/2719/2758 2366/2641/2683 2110/2374/2417
f 2313/2581/2615 2237/2501/2532 2422/2720/2759
f 2311/2579/2613 2422/2720/2759 2423/2721/2760
f 2304/2722/2602 2423/2727/2760 2424/2723/2761
f 2300/2724/2598 2424/2723/2761 2214/2478/2513
f 2237/2501/2532 2239/2503/2534 2425/2725/2762
f 2422/2720/2759 2425/2725/2762 2426/2726/2763
f 2423/2727/2760 2426/2738/2763 2427/2728/2764
f 2424/2723/2761 2427/2728/2764 2158/2422/2463
f 2238/2502/2533 2428/2729/2765 2413/2708/2747
f 2428/2729/2765 2429/2734/2770 2414/2730/2766
f 2429/2731/2767 2431/2733/2769 2430/2732/2768
f 2431/2733/2769 2160/2424/2465 2152/2416/2457
f 2313/2581/2615 2312/2580/2614 2428/2729/2765
f 2312/2580/2614 2315/2583/2617 2429/2734/2770
f 2315/2735/2771 2309/2736/2607 2431/2733/2769
f 2309/2736/2607 2306/2572/2604 2160/2424/2465
f 2240/2504/2535 2432/2741/2772 2425/2725/2762
f 2432/2737/2772 2433/2740/2774 2426/2738/2763
f 2433/2740/2773 2434/2742/2775 2427/2728/2764
f 2427/2728/2764 2434/2742/2775 2156/2420/2461
f 2268/2532/2562 2416/2712/2751 2432/2741/2772
f 2416/2715/2751 2418/2714/2753 2433/2740/2774
f 2418/2714/2756 2420/2717/2755 2434/2742/2775
f 2420/2717/2755 2150/2414/2455 2156/2420/2461
f 2236/2500/2531 2436/2744/2777 2435/2743/2776
f 2436/2744/2777 2438/2746/2779 2437/2745/2778
f 2438/2746/2779 2440/2748/2781 2439/2747/2780
f 2440/2748/2781 2278/2542/2572 2279/2543/2573
f 2185/2449/2487 2441/2749/2782 2436/2744/2777
f 2441/2749/2782 2442/2750/2783 2438/2746/2779
f 2442/2750/2783 2443/2751/2784 2440/2748/2781
f 2443/2751/2784 2277/2541/2571 2278/2542/2572
f 2179/2443/2481 2178/2442/2480 2444/2752/2785
f 2445/2753/2786 2444/2752/2785 2446/2754/2787
f 2447/2755/2788 2446/2754/2787 2448/2756/2789
f 2449/2757/2790 2448/2756/2789 2217/2481/2516
f 2178/2442/2480 2182/2446/2484 2450/2758/2791
f 2444/2752/2785 2450/2758/2791 2451/2759/2792
f 2446/2754/2787 2451/2759/2792 2452/2760/2793
f 2448/2756/2789 2452/2760/2793 2218/2482/2517
f 2175/2439/2477 2166/2430/2469 2453/2761/2794
f 2454/2762/2795 2453/2761/2794 2455/2763/2796
f 2456/2764/2797 2455/2763/2796 2457/2765/2798
f 2458/2766/2799 2457/2765/2798 2234/2498/2530
f 2166/2430/2469 2165/2429/2468 2435/2743/2776
f 2453/2761/2794 2435/2743/2776 2437/2745/2778
f 2455/2763/2796 2437/2745/2778 2439/2747/2780
f 2457/2765/2798 2439/2747/2780 2279/2543/2573
f 2180/2444/2482 2460/2768/2801 2459/2767/2800
f 2460/2768/2801 2462/2770/2803 2461/2769/2802
f 2462/2770/2803 2464/2772/2805 2463/2771/2804
f 2464/2772/2805 2255/2519/2549 2272/2536/2566
f 2179/2443/2481 2445/2753/2786 2460/2768/2801
f 2445/2753/2786 2447/2755/2788 2462/2770/2803
f 2447/2755/2788 2449/2757/2790 2464/2772/2805
f 2449/2757/2790 2220/2484/2519 2255/2519/2549
f 2171/2435/2473 2466/2774/2807 2465/2773/2806
f 2466/2774/2807 2468/2776/2809 2467/2775/2808
f 2468/2776/2809 2470/2778/2811 2469/2777/2810
f 2470/2778/2811 2188/2452/2490 2172/2436/2474
f 2219/2483/2518 2459/2767/2800 2466/2774/2807
f 2459/2767/2800 2461/2769/2802 2468/2776/2809
f 2461/2769/2802 2463/2771/2804 2470/2778/2811
f 2463/2771/2804 2272/2536/2566 2188/2452/2490
f 2186/2450/2488 2471/2779/2812 2441/2749/2782
f 2471/2779/2812 2472/2780/2813 2442/2750/2783
f 2472/2780/2813 2473/2781/2814 2443/2751/2784
f 2473/2781/2814 2168/2432/2471 2277/2541/2571
f 2191/2455/2493 2474/2782/2815 2471/2779/2812
f 2474/2782/2815 2475/2783/2816 2472/2780/2813
f 2475/2783/2816 2476/2784/2817 2473/2781/2814
f 2476/2784/2817 2232/2496/2528 2168/2432/2471
f 2192/2456/2494 2477/2785/2818 2474/2782/2815
f 2477/2785/2818 2478/2786/2819 2475/2783/2816
f 2478/2786/2819 2479/2787/2820 2476/2784/2817
f 2479/2787/2820 2273/2537/2567 2232/2496/2528
f 2196/2460/2498 2480/2788/2821 2477/2785/2818
f 2480/2788/2821 2481/2789/2822 2478/2786/2819
f 2481/2789/2822 2482/2790/2823 2479/2787/2820
f 2482/2790/2823 2270/2534/2564 2273/2537/2567
f 2187/2451/2489 2484/2792/2825 2483/2791/2824
f 2484/2792/2825 2486/2794/2827 2485/2793/2826
f 2486/2794/2827 2488/2796/2829 2487/2795/2828
f 2488/2796/2829 2174/2438/2476 2195/2459/2497
f 2249/2513/2544 2465/2773/2806 2484/2792/2825
f 2465/2773/2806 2467/2775/2808 2486/2794/2827
f 2467/2775/2808 2469/2777/2810 2488/2796/2829
f 2469/2777/2810 2172/2436/2474 2174/2438/2476
f 2276/2540/2570 2231/2495/2527 2489/2797/2830
f 2490/2798/2831 2489/2797/2830 2491/2799/2832
f 2492/2800/2833 2491/2799/2832 2493/2801/2834
f 2494/2802/2835 2493/2801/2834 2263/2527/2557
f 2231/2495/2527 2230/2494/2526 2317/2585/2620
f 2489/2797/2830 2317/2585/2620 2321/2589/2624
f 2491/2799/2832 2321/2589/2624 2326/2595/2633
f 2493/2801/2834 2326/2595/2633 2264/2528/2558
f 2198/2462/2500 2495/2803/2836 2480/2788/2821
f 2495/2803/2836 2496/2804/2837 2481/2789/2822
f 2496/2804/2837 2497/2805/2838 2482/2790/2823
f 2497/2805/2838 2250/2514/2545 2270/2534/2564
f 2276/2540/2570 2490/2798/2831 2495/2803/2836
f 2490/2798/2831 2492/2800/2833 2496/2804/2837
f 2492/2800/2833 2494/2802/2835 2497/2805/2838
f 2494/2802/2835 2265/2529/2559 2250/2514/2545
f 2193/2457/2495 2498/2806/2839 2324/2593/2628
f 2498/2806/2839 2499/2807/2840 2329/2598/2636
f 2499/2807/2840 2500/2808/2841 2327/2596/2634
f 2500/2808/2841 2262/2526/2556 2264/2528/2558
f 2275/2539/2569 2483/2791/2824 2498/2806/2839
f 2483/2791/2824 2485/2793/2826 2499/2807/2840
f 2485/2793/2826 2487/2795/2828 2500/2808/2841
f 2487/2795/2828 2195/2459/2497 2262/2526/2556
f 2182/2446/2484 2203/2467/2503 2501/2809/2842
f 2450/2758/2791 2501/2809/2842 2502/2810/2843
f 2451/2759/2792 2502/2810/2843 2503/2811/2844
f 2452/2760/2793 2503/2811/2844 2257/2521/2551
f 2203/2467/2503 2204/2468/2504 2504/2812/2845
f 2501/2809/2842 2504/2812/2845 2505/2813/2846
f 2502/2810/2843 2505/2813/2846 2506/2814/2847
f 2503/2811/2844 2506/2814/2847 2224/2488/2522
f 2205/2469/2505 2176/2440/2478 2507/2815/2848
f 2508/2816/2849 2507/2815/2848 2509/2817/2850
f 2510/2818/2851 2509/2817/2850 2511/2819/2852
f 2512/2820/2853 2511/2819/2852 2209/2473/2508
f 2176/2440/2478 2175/2439/2477 2454/2762/2795
f 2507/2815/2848 2454/2762/2795 2456/2764/2797
f 2509/2817/2850 2456/2764/2797 2458/2766/2799
f 2511/2819/2852 2458/2766/2799 2200/2464/2502
f 2216/2480/2515 2513/2821/2854 2332/2601/2640
f 2513/2821/2854 2514/2822/2855 2341/2610/2650
f 2514/2822/2855 2515/2823/2856 2337/2606/2646
f 2515/2823/2856 2244/2508/2539 2338/2607/2647
f 2212/2476/2511 2516/2824/2857 2513/2821/2854
f 2516/2824/2857 2517/2825/2858 2514/2822/2855
f 2517/2825/2858 2518/2826/2859 2515/2823/2856
f 2518/2826/2859 2241/2505/2536 2244/2508/2539
f 2204/2468/2504 2210/2474/2509 2519/2827/2860
f 2504/2812/2845 2519/2827/2860 2520/2828/2861
f 2505/2813/2846 2520/2828/2861 2521/2829/2862
f 2506/2814/2847 2521/2829/2862 2243/2507/2538
f 2210/2474/2509 2211/2475/2510 2344/2613/2654
f 2519/2827/2860 2344/2613/2654 2339/2608/2648
f 2520/2828/2861 2339/2608/2648 2336/2605/2645
f 2521/2829/2862 2336/2605/2645 2338/2607/2647
f 2212/2476/2511 2206/2470/2506 2522/2830/2863
f 2516/2824/2857 2522/2830/2863 2523/2831/2864
f 2517/2825/2858 2523/2831/2864 2524/2832/2865
f 2518/2826/2859 2524/2832/2865 2242/2506/2537
f 2206/2470/2506 2205/2469/2505 2508/2816/2849
f 2522/2830/2863 2508/2816/2849 2510/2818/2851
f 2523/2831/2864 2510/2818/2851 2512/2820/2853
f 2524/2832/2865 2512/2820/2853 2208/2472/2507
f 2211/2475/2510 2161/2425/2466 2525/2833/2866
f 2331/2600/2867 2525/2836/2871 2266/2530/2560
f 2161/2425/2466 2306/2572/2604 2308/2574/2869
f 2525/2836/2871 2301/2851/2881 2267/2531/2561
f 2141/2405/2446 2526/2843/2878 2298/2837/2872
f 2527/2842/2877 2228/2852/2524 2282/2546/2576
f 2199/2463/2501 2318/2592/2627 2526/2843/2878
f 2318/2845/2621 2230/2494/2526 2228/2492/2524
usemtl Holocron_Main.001
f 1/1/1 2/2/2 3/3/3
f 4/4/4 3/3/3 5/5/5
f 6/6/6 7/7/7 8/8/8
f 9/9/9 10/10/10 11/11/11
f 12/12/12 13/13/13 6/6/6
f 7/7/7 14/14/14 15/15/15
f 13/13/13 16/16/16 14/14/14
f 10/10/10 17/17/17 11/11/11
f 18/18/18 11/11/11 19/19/19
f 3/3/3 20/20/20 21/21/21
f 11/11/11 22/22/22 19/19/19
f 5/5/5 21/21/21 23/23/23
f 4/4/4 24/24/24 25/25/25
f 26/26/26 27/27/27 24/24/24
f 25/25/25 28/28/28 29/29/29
f 24/24/24 30/30/30 28/28/28
f 31/31/31 32/32/32 33/33/33
f 34/34/34 35/35/35 32/32/32
f 33/33/33 27/27/36 36/36/37
f 32/32/32 30/30/30 27/27/36
f 37/37/38 38/38/39 39/39/40
f 29/29/29 40/40/41 37/37/38
f 40/40/41 41/41/42 38/38/39
f 28/28/28 35/35/35 40/40/41
f 42/42/43 43/43/44 44/44/45
f 45/45/46 46/46/47 43/43/44
f 44/44/45 47/47/48 48/48/49
f 43/43/44 49/49/50 47/47/48
f 50/50/51 51/51/52 52/52/53
f 53/53/54 54/54/55 50/50/51
f 54/54/55 55/55/56 51/51/52
f 56/56/57 46/46/47 54/54/55
f 8/8/8 57/57/58 58/58/59
f 59/59/60 47/47/61 57/57/58
f 58/58/59 56/56/57 53/53/54
f 57/57/58 49/49/50 56/56/57
f 18/18/18 60/60/62 61/61/63
f 62/62/64 63/63/65 60/60/62
f 61/61/63 64/64/66 65/65/67
f 60/60/62 66/66/68 64/64/66
f 12/12/12 67/67/69 68/68/70
f 69/69/71 70/70/72 67/67/69
f 68/68/70 63/63/73 71/71/74
f 67/67/69 66/66/68 63/63/73
f 72/72/75 73/73/76 74/74/77
f 65/65/67 75/75/78 72/72/75
f 75/75/78 76/76/79 73/73/76
f 64/64/66 70/70/72 75/75/78
f 20/20/20 77/77/80 78/78/81
f 79/79/82 80/80/83 77/77/80
f 78/78/81 81/81/84 82/82/85
f 77/77/80 83/83/86 81/81/84
f 15/15/15 84/84/87 85/85/88
f 86/86/89 87/87/90 84/84/87
f 85/85/88 80/80/91 88/88/92
f 84/84/87 83/83/86 80/80/91
f 89/89/93 90/90/94 91/91/95
f 82/82/85 92/92/96 89/89/93
f 92/92/96 93/93/97 90/90/94
f 81/81/84 87/87/90 92/92/96
f 23/23/23 94/94/98 95/95/99
f 96/96/100 97/97/101 94/94/98
f 95/95/99 98/98/102 99/99/103
f 94/94/98 100/100/104 98/98/102
f 101/101/105 102/102/106 103/103/107
f 104/104/108 105/105/109 101/101/105
f 105/105/109 106/106/110 102/102/106
f 107/107/111 97/97/101 105/105/109
f 108/108/112 109/109/113 110/110/114
f 111/111/115 98/98/116 109/109/113
f 110/110/114 107/107/111 104/104/108
f 109/109/113 100/100/104 107/107/111
f 22/22/22 112/112/117 113/113/118
f 114/114/119 115/115/120 112/112/117
f 113/113/118 116/116/121 117/117/122
f 112/112/117 118/118/123 116/116/121
f 119/119/124 120/120/125 121/121/126
f 122/122/127 123/123/128 119/119/124
f 123/123/128 124/124/129 120/120/125
f 125/125/130 115/115/120 123/123/128
f 16/16/16 126/126/131 127/127/132
f 128/128/133 116/116/134 126/126/131
f 127/127/132 125/125/130 122/122/127
f 126/126/131 118/118/123 125/125/130
f 1/1/1 45/45/46 42/42/43
f 129/129/135 55/55/56 45/45/46
f 130/130/136 51/51/52 55/55/56
f 131/131/137 52/52/53 51/51/52
f 1/1/1 25/25/25 129/129/135
f 129/129/135 29/29/29 130/130/136
f 130/130/136 37/37/38 131/131/137
f 131/131/137 39/39/40 132/132/138
f 9/9/9 34/34/34 31/31/31
f 133/133/139 41/41/42 34/34/34
f 134/134/140 38/38/39 41/41/42
f 135/135/141 39/39/40 38/38/39
f 9/9/9 61/61/63 133/133/139
f 133/133/139 65/65/67 134/134/140
f 134/134/140 72/72/75 135/135/141
f 135/135/141 74/74/77 136/136/142
f 52/52/53 137/137/143 50/50/51
f 50/50/51 138/138/144 53/53/54
f 53/53/54 139/139/145 58/58/59
f 58/58/59 6/6/6 8/8/8
f 74/74/77 137/137/143 140/140/146
f 73/73/76 138/138/144 137/137/143
f 76/76/79 139/139/145 138/138/144
f 69/69/71 6/6/6 139/139/145
f 91/91/95 141/141/147 89/89/93
f 89/89/93 142/142/148 82/82/85
f 82/82/85 143/143/149 78/78/81
f 78/78/81 21/21/21 20/20/20
f 103/103/107 141/141/147 144/144/150
f 102/102/106 142/142/148 141/141/147
f 106/106/110 143/143/149 142/142/148
f 96/96/100 21/21/21 143/143/149
f 103/103/107 145/145/151 101/101/105
f 101/101/105 146/146/152 104/104/108
f 104/104/108 147/147/153 110/110/114
f 110/110/114 17/17/17 108/108/112
f 121/121/126 145/145/151 148/148/154
f 120/120/125 146/146/152 145/145/151
f 124/124/129 147/147/153 146/146/152
f 114/114/119 17/17/17 147/147/153
f 14/14/14 86/86/89 15/15/15
f 149/149/155 93/93/97 86/86/89
f 150/150/156 90/90/94 93/93/97
f 151/151/157 91/91/95 90/90/94
f 14/14/14 127/127/132 149/149/155
f 149/149/155 122/122/127 150/150/156
f 150/150/156 119/119/124 151/151/157
f 151/151/157 121/121/126 152/152/158
f 8/8/8 153/153/159 59/59/60
f 59/59/60 154/154/160 48/48/161
f 154/154/162 44/44/45 48/48/49
f 44/44/45 2/2/2 42/42/43
f 15/15/15 153/153/159 7/7/7
f 85/85/88 154/154/160 153/153/163
f 154/154/162 79/79/82 155/155/164
f 155/155/165 20/20/20 2/2/2
f 108/108/112 156/156/166 111/111/115
f 111/111/115 157/157/167 99/99/168
f 157/157/169 95/95/99 99/99/103
f 158/158/170 23/23/23 95/95/99
f 31/31/31 156/156/166 10/10/10
f 33/33/33 157/157/167 156/156/171
f 157/157/169 26/26/26 158/158/172
f 158/158/170 4/4/4 5/5/5
f 16/16/16 159/159/173 128/128/133
f 128/128/133 160/160/174 117/117/175
f 160/160/176 113/113/118 117/117/122
f 161/161/177 22/22/22 113/113/118
f 12/12/12 159/159/173 162/162/178
f 68/68/70 160/160/174 159/159/179
f 160/160/176 62/62/64 161/161/180
f 161/161/177 18/18/18 19/19/19
f 1/1/1 42/42/43 2/2/2
f 4/4/4 1/1/1 3/3/3
f 6/6/6 13/13/13 7/7/7
f 9/9/9 31/31/31 10/10/10
f 12/12/12 162/162/178 13/13/13
f 7/7/7 13/13/13 14/14/14
f 13/13/13 162/162/178 16/16/16
f 10/10/10 108/108/112 17/17/17
f 18/18/18 9/9/9 11/11/11
f 3/3/3 2/2/2 20/20/20
f 11/11/11 17/17/17 22/22/22
f 5/5/5 3/3/3 21/21/21
f 4/4/4 26/26/26 24/24/24
f 26/26/26 36/36/181 27/27/27
f 25/25/25 24/24/24 28/28/28
f 24/24/24 27/27/27 30/30/30
f 31/31/31 34/34/34 32/32/32
f 34/34/34 41/41/42 35/35/35
f 33/33/33 32/32/32 27/27/36
f 32/32/32 35/35/35 30/30/30
f 37/37/38 40/40/41 38/38/39
f 29/29/29 28/28/28 40/40/41
f 40/40/41 35/35/35 41/41/42
f 28/28/28 30/30/30 35/35/35
f 42/42/43 45/45/46 43/43/44
f 45/45/46 55/55/56 46/46/47
f 44/44/45 43/43/44 47/47/48
f 43/43/44 46/46/47 49/49/50
f 50/50/51 54/54/55 51/51/52
f 53/53/54 56/56/57 54/54/55
f 54/54/55 46/46/47 55/55/56
f 56/56/57 49/49/50 46/46/47
f 8/8/8 59/59/60 57/57/58
f 59/59/60 48/48/161 47/47/61
f 58/58/59 57/57/58 56/56/57
f 57/57/58 47/47/61 49/49/50
f 18/18/18 62/62/64 60/60/62
f 62/62/64 71/71/182 63/63/65
f 61/61/63 60/60/62 64/64/66
f 60/60/62 63/63/65 66/66/68
f 12/12/12 69/69/71 67/67/69
f 69/69/71 76/76/79 70/70/72
f 68/68/70 67/67/69 63/63/73
f 67/67/69 70/70/72 66/66/68
f 72/72/75 75/75/78 73/73/76
f 65/65/67 64/64/66 75/75/78
f 75/75/78 70/70/72 76/76/79
f 64/64/66 66/66/68 70/70/72
f 20/20/20 79/79/82 77/77/80
f 79/79/82 88/88/183 80/80/83
f 78/78/81 77/77/80 81/81/84
f 77/77/80 80/80/83 83/83/86
f 15/15/15 86/86/89 84/84/87
f 86/86/89 93/93/97 87/87/90
f 85/85/88 84/84/87 80/80/91
f 84/84/87 87/87/90 83/83/86
f 89/89/93 92/92/96 90/90/94
f 82/82/85 81/81/84 92/92/96
f 92/92/96 87/87/90 93/93/97
f 81/81/84 83/83/86 87/87/90
f 23/23/23 96/96/100 94/94/98
f 96/96/100 106/106/110 97/97/101
f 95/95/99 94/94/98 98/98/102
f 94/94/98 97/97/101 100/100/104
f 101/101/105 105/105/109 102/102/106
f 104/104/108 107/107/111 105/105/109
f 105/105/109 97/97/101 106/106/110
f 107/107/111 100/100/104 97/97/101
f 108/108/112 111/111/115 109/109/113
f 111/111/115 99/99/168 98/98/116
f 110/110/114 109/109/113 107/107/111
f 109/109/113 98/98/116 100/100/104
f 22/22/22 114/114/119 112/112/117
f 114/114/119 124/124/129 115/115/120
f 113/113/118 112/112/117 116/116/121
f 112/112/117 115/115/120 118/118/123
f 119/119/124 123/123/128 120/120/125
f 122/122/127 125/125/130 123/123/128
f 123/123/128 115/115/120 124/124/129
f 125/125/130 118/118/123 115/115/120
f 16/16/16 128/128/133 126/126/131
f 128/128/133 117/117/175 116/116/134
f 127/127/132 126/126/131 125/125/130
f 126/126/131 116/116/134 118/118/123
f 1/1/1 129/129/135 45/45/46
f 129/129/135 130/130/136 55/55/56
f 130/130/136 131/131/137 51/51/52
f 131/131/137 132/132/138 52/52/53
f 1/1/1 4/4/4 25/25/25
f 129/129/135 25/25/25 29/29/29
f 130/130/136 29/29/29 37/37/38
f 131/131/137 37/37/38 39/39/40
f 9/9/9 133/133/139 34/34/34
f 133/133/139 134/134/140 41/41/42
f 134/134/140 135/135/141 38/38/39
f 135/135/141 136/136/142 39/39/40
f 9/9/9 18/18/18 61/61/63
f 133/133/139 61/61/63 65/65/67
f 134/134/140 65/65/67 72/72/75
f 135/135/141 72/72/75 74/74/77
f 52/52/53 140/140/146 137/137/143
f 50/50/51 137/137/143 138/138/144
f 53/53/54 138/138/144 139/139/145
f 58/58/59 139/139/145 6/6/6
f 74/74/77 73/73/76 137/137/143
f 73/73/76 76/76/79 138/138/144
f 76/76/79 69/69/71 139/139/145
f 69/69/71 12/12/12 6/6/6
f 91/91/95 144/144/150 141/141/147
f 89/89/93 141/141/147 142/142/148
f 82/82/85 142/142/148 143/143/149
f 78/78/81 143/143/149 21/21/21
f 103/103/107 102/102/106 141/141/147
f 102/102/106 106/106/110 142/142/148
f 106/106/110 96/96/100 143/143/149
f 96/96/100 23/23/23 21/21/21
f 103/103/107 148/148/154 145/145/151
f 101/101/105 145/145/151 146/146/152
f 104/104/108 146/146/152 147/147/153
f 110/110/114 147/147/153 17/17/17
f 121/121/126 120/120/125 145/145/151
f 120/120/125 124/124/129 146/146/152
f 124/124/129 114/114/119 147/147/153
f 114/114/119 22/22/22 17/17/17
f 14/14/14 149/149/155 86/86/89
f 149/149/155 150/150/156 93/93/97
f 150/150/156 151/151/157 90/90/94
f 151/151/157 152/152/158 91/91/95
f 14/14/14 16/16/16 127/127/132
f 149/149/155 127/127/132 122/122/127
f 150/150/156 122/122/127 119/119/124
f 151/151/157 119/119/124 121/121/126
f 8/8/8 7/7/7 153/153/159
f 59/59/60 153/153/163 154/154/160
f 154/154/162 155/155/164 44/44/45
f 44/44/45 155/155/165 2/2/2
f 15/15/15 85/85/88 153/153/159
f 85/85/88 88/88/92 154/154/160
f 154/154/162 88/88/183 79/79/82
f 155/155/165 79/79/82 20/20/20
f 108/108/112 10/10/10 156/156/166
f 111/111/115 156/156/171 157/157/167
f 157/157/169 158/158/172 95/95/99
f 158/158/170 5/5/5 23/23/23
f 31/31/31 33/33/33 156/156/166
f 33/33/33 36/36/37 157/157/167
f 157/157/169 36/36/181 26/26/26
f 158/158/170 26/26/26 4/4/4
f 16/16/16 162/162/178 159/159/173
f 128/128/133 159/159/179 160/160/174
f 160/160/176 161/161/180 113/113/118
f 161/161/177 19/19/19 22/22/22
f 12/12/12 68/68/70 159/159/173
f 68/68/70 71/71/74 160/160/174
f 160/160/176 71/71/182 62/62/64
f 161/161/177 62/62/64 18/18/18
f 163/163/184 164/164/185 165/165/186
f 166/166/187 167/167/188 168/168/189
f 169/169/190 170/170/191 171/171/192
f 172/172/193 173/173/194 174/174/195
f 175/175/196 176/176/197 177/177/198
f 171/171/192 178/178/199 179/179/200
f 180/180/201 181/181/202 182/182/203
f 183/183/204 184/184/205 185/185/206
f 167/167/188 186/186/207 168/168/189
f 187/187/208 188/188/209 189/189/210
f 190/190/211 191/191/212 192/192/213
f 193/193/214 194/194/215 195/195/216
f 196/196/217 197/197/218 198/198/219
f 199/199/220 200/200/221 201/201/222
f 170/170/191 202/202/223 178/178/199
f 198/198/219 203/203/224 184/184/205
f 204/204/225 177/177/198 205/205/226
f 206/206/227 207/207/228 208/208/229
f 209/209/230 210/210/231 211/211/232
f 212/212/233 213/213/234 214/214/235
f 215/215/236 216/216/237 217/217/238
f 218/218/239 219/219/240 220/220/241
f 221/221/242 222/222/202 180/180/201
f 223/223/243 193/193/214 224/224/244
f 225/225/245 190/190/211 175/175/196
f 226/226/246 227/227/247 213/213/234
f 228/228/248 229/229/249 209/209/230
f 175/175/196 192/192/213 230/230/250
f 165/165/186 231/231/251 232/232/252
f 233/233/253 234/234/254 215/215/236
f 235/235/255 224/224/244 236/236/202
f 237/237/256 238/238/257 167/167/188
f 239/239/258 199/199/220 240/240/259
f 241/241/260 172/172/193 242/242/261
f 243/243/262 236/236/202 222/222/202
f 244/244/263 245/245/264 218/218/239
f 201/201/222 191/191/212 246/246/265
f 199/199/220 247/247/266 248/248/267
f 222/222/202 249/249/202 181/181/202
f 250/250/268 251/251/269 229/229/249
f 252/252/270 186/186/207 247/247/266
f 253/253/271 254/254/272 193/193/214
f 224/224/244 195/195/216 255/255/244
f 236/236/202 255/255/244 249/249/202
f 256/256/273 187/187/208 237/237/256
f 257/257/274 258/258/275 206/206/227
f 169/169/190 198/198/219 183/183/204
f 187/187/208 259/259/276 237/237/256
f 260/260/277 261/261/278 254/254/272
f 205/205/226 176/176/197 188/188/209
f 183/183/204 262/262/279 170/170/191
f 254/254/272 263/263/280 194/194/215
f 164/164/185 264/264/281 231/231/251
f 258/258/275 265/265/282 207/207/228
f 266/266/283 267/267/284 258/258/275
f 245/245/264 268/268/285 219/219/240
f 234/234/254 269/269/286 216/216/237
f 270/270/287 271/271/236 234/234/254
f 272/272/288 175/175/196 177/177/198
f 273/273/289 205/205/226 187/187/208
f 274/274/290 275/275/291 172/172/193
f 214/214/235 276/276/292 277/277/293
f 213/213/234 278/278/294 276/276/292
f 279/279/295 280/280/296 245/245/264
f 166/166/187 252/252/270 239/239/258
f 240/240/259 201/201/222 281/281/297
f 229/229/249 282/282/298 210/210/231
f 283/283/299 237/237/256 167/167/188
f 242/242/261 174/174/195 284/284/300
f 281/281/297 246/246/265 285/285/301
f 285/285/301 190/190/211 286/286/302
f 287/287/303 288/288/304 164/164/185
f 289/289/305 290/290/306 163/163/184
f 291/291/307 292/292/308 289/289/305
f 292/292/308 293/293/309 290/290/306
f 292/292/308 294/294/310 295/295/311
f 296/296/312 297/297/313 286/286/302
f 298/298/314 299/299/315 296/296/312
f 299/299/315 291/291/307 297/297/313
f 300/300/316 301/301/317 299/299/315
f 302/302/318 303/303/319 208/208/229
f 293/293/309 304/304/320 302/302/318
f 304/304/320 298/298/314 303/303/321
f 295/295/311 300/300/316 304/304/320
f 305/305/322 306/306/323 307/307/324
f 308/308/325 309/309/326 305/305/327
f 309/309/326 310/310/328 306/306/323
f 311/311/329 312/312/330 309/309/326
f 313/313/331 314/314/332 281/281/297
f 315/315/333 316/316/334 313/313/331
f 316/316/334 308/308/325 314/314/332
f 317/317/335 311/311/329 316/316/334
f 318/318/336 319/319/337 232/232/252
f 310/310/328 320/320/338 318/318/336
f 320/320/338 315/315/333 319/319/337
f 320/320/338 321/321/339 317/317/335
f 322/322/340 323/323/341 324/324/342
f 325/325/343 326/326/344 322/322/340
f 326/326/344 327/327/345 323/323/341
f 326/326/344 328/328/346 329/329/347
f 330/330/348 331/331/349 273/273/289
f 332/332/350 333/333/351 330/330/348
f 333/333/351 325/325/343 331/331/349
f 334/334/352 335/335/353 333/333/351
f 336/336/354 337/337/355 220/220/241
f 327/327/345 338/338/356 336/336/354
f 338/338/356 332/332/350 337/337/355
f 338/338/356 328/328/346 334/334/352
f 339/339/357 340/340/358 211/211/232
f 341/341/359 342/342/360 339/339/357
f 342/342/360 343/343/361 340/340/358
f 342/342/360 344/344/362 345/345/363
f 346/346/364 347/347/365 348/348/366
f 349/349/367 350/350/368 346/346/364
f 350/350/368 341/341/369 347/347/365
f 350/350/368 344/344/370 351/351/371
f 192/192/372 352/352/373 353/353/374
f 354/354/375 345/345/363 352/352/373
f 353/353/374 355/355/376 349/349/367
f 352/352/373 344/344/377 355/355/376
f 179/179/200 356/356/378 357/357/379
f 358/358/380 359/359/381 356/356/378
f 357/357/379 360/360/382 361/361/383
f 356/356/378 362/362/384 360/360/382
f 363/363/385 364/364/386 365/365/387
f 366/366/388 364/364/386 367/367/389
f 364/364/386 368/368/390 365/365/387
f 364/364/386 362/362/391 359/359/392
f 369/369/393 370/370/394 189/189/210
f 361/361/383 371/371/395 369/369/393
f 371/371/395 366/366/388 370/370/394
f 360/360/396 372/372/397 371/371/395
f 373/373/398 374/374/399 221/221/242
f 375/375/400 376/376/401 373/373/398
f 374/374/399 377/377/402 378/378/403
f 376/376/401 379/379/404 377/377/402
f 228/228/248 380/380/405 381/381/406
f 382/382/407 383/383/408 380/380/405
f 381/381/406 384/384/409 375/375/410
f 380/380/405 379/379/411 384/384/409
f 385/385/412 386/386/413 200/200/221
f 378/378/403 387/387/414 385/385/412
f 387/387/414 388/388/415 386/386/413
f 377/377/402 383/383/408 387/387/414
f 389/389/416 390/390/417 244/244/263
f 391/391/418 392/392/419 389/389/416
f 392/392/419 393/393/420 390/390/417
f 392/392/419 394/394/421 395/395/422
f 396/396/423 397/397/424 283/283/299
f 398/398/425 399/399/426 396/396/423
f 399/399/426 391/391/418 397/397/424
f 400/400/427 401/401/428 399/399/426
f 402/402/429 403/403/430 217/217/238
f 393/393/420 404/404/431 402/402/429
f 404/404/431 398/398/425 403/403/430
f 395/395/422 400/400/427 404/404/431
f 405/405/432 406/406/433 241/241/260
f 407/407/434 408/408/435 405/405/432
f 408/408/435 409/409/436 406/406/433
f 410/410/437 411/411/438 408/408/435
f 412/412/439 413/413/440 233/233/253
f 414/414/441 415/415/442 412/412/439
f 415/415/442 407/407/434 413/413/440
f 415/415/442 416/416/443 410/410/437
f 417/417/444 418/418/445 239/239/258
f 409/409/436 419/419/446 417/417/444
f 419/419/446 414/414/441 418/418/445
f 411/411/438 420/420/447 419/419/446
f 421/421/448 422/422/449 212/212/233
f 423/423/450 424/424/451 421/421/448
f 424/424/451 425/425/452 422/422/449
f 424/424/451 426/426/453 427/427/454
f 428/428/455 429/429/456 257/257/274
f 430/430/457 431/431/458 428/428/455
f 431/431/458 423/423/450 429/429/456
f 432/432/459 433/433/460 431/431/458
f 434/434/461 435/435/462 272/272/288
f 425/425/452 436/436/463 434/434/461
f 436/436/463 430/430/457 435/435/462
f 427/427/454 432/432/459 436/436/463
f 437/437/464 438/438/465 277/277/293
f 439/439/466 440/440/467 437/437/464
f 440/440/467 441/441/468 438/438/465
f 442/442/469 443/443/470 440/440/467
f 444/444/471 445/445/472 446/446/473
f 447/447/474 448/448/475 445/445/472
f 446/446/473 442/442/469 439/439/466
f 445/445/472 449/449/476 442/442/469
f 450/450/477 451/451/478 452/452/479
f 441/441/468 453/453/480 450/450/477
f 453/453/480 454/454/481 451/451/478
f 443/443/470 448/448/475 453/453/480
f 455/455/482 456/456/483 278/278/294
f 457/457/484 458/458/485 455/455/482
f 458/458/485 459/459/486 456/456/483
f 460/460/487 461/461/488 458/458/485
f 462/462/489 463/463/490 268/268/285
f 464/464/491 465/465/492 462/462/489
f 465/465/492 457/457/484 463/463/490
f 466/466/493 460/460/487 465/465/492
f 467/467/494 468/468/495 469/469/496
f 470/470/497 461/461/488 468/468/495
f 469/469/496 466/466/493 464/464/491
f 468/468/495 471/471/498 466/466/493
f 472/472/499 473/473/500 284/284/300
f 474/474/501 475/475/502 472/472/499
f 475/475/502 476/476/503 473/473/500
f 477/477/504 478/478/505 475/475/502
f 479/479/506 480/480/507 481/481/508
f 482/482/509 483/483/510 480/480/507
f 481/481/508 477/477/504 474/474/501
f 480/480/507 484/484/511 477/477/504
f 485/485/512 486/486/513 487/487/514
f 476/476/503 488/488/515 485/485/512
f 488/488/515 489/489/516 486/486/513
f 478/478/505 483/483/510 488/488/515
f 490/490/517 491/491/518 173/173/194
f 492/492/519 493/493/520 490/490/517
f 493/493/520 494/494/521 491/491/518
f 495/495/522 496/496/523 493/493/520
f 497/497/524 498/498/525 264/264/281
f 499/499/526 500/500/527 497/497/524
f 500/500/527 492/492/519 498/498/525
f 501/501/528 495/495/522 500/500/527
f 502/502/529 503/503/530 504/504/531
f 505/505/532 496/496/523 503/503/530
f 504/504/531 501/501/528 499/499/526
f 503/503/530 506/506/533 501/501/528
f 507/507/534 508/508/535 509/509/536
f 510/510/537 511/511/538 507/507/534
f 511/511/538 512/512/539 508/508/535
f 513/513/540 514/514/541 511/511/538
f 515/515/542 516/516/543 265/265/282
f 517/517/544 518/518/545 515/515/542
f 518/518/545 510/510/537 516/516/543
f 519/519/546 513/513/540 518/518/545
f 520/520/547 521/521/548 522/522/549
f 523/523/550 514/514/541 521/521/548
f 522/522/549 519/519/546 517/517/544
f 521/521/548 524/524/551 519/519/546
f 525/525/552 526/526/553 527/527/554
f 528/528/555 529/529/556 525/525/552
f 529/529/556 530/530/557 526/526/553
f 531/531/558 532/532/559 529/529/556
f 533/533/560 534/534/561 269/269/286
f 535/535/562 536/536/563 533/533/560
f 536/536/563 528/528/555 534/534/561
f 537/537/564 531/531/558 536/536/563
f 538/538/565 539/539/566 540/540/567
f 541/541/568 532/532/559 539/539/566
f 540/540/567 537/537/564 535/535/562
f 539/539/566 542/542/569 537/537/564
f 171/171/192 543/543/570 169/169/190
f 543/543/570 544/544/571 545/545/572
f 545/545/572 546/546/573 547/547/574
f 547/547/575 188/188/209 176/176/197
f 171/171/192 357/357/379 548/548/576
f 548/548/576 361/361/383 544/544/571
f 544/544/571 369/369/393 546/546/573
f 546/546/577 189/189/210 188/188/209
f 235/235/255 549/549/578 550/550/579
f 550/550/579 551/551/580 552/552/581
f 552/552/581 553/553/582 554/554/583
f 554/554/583 248/248/267 247/247/266
f 243/243/262 374/374/399 549/549/578
f 549/549/578 378/378/403 551/551/580
f 551/551/580 385/385/412 553/553/582
f 553/553/582 200/200/221 248/248/267
f 209/209/230 382/382/407 228/228/248
f 555/555/584 388/388/415 382/382/407
f 556/556/585 386/386/413 388/388/415
f 557/557/586 200/200/221 386/386/413
f 211/211/232 555/555/584 209/209/230
f 340/340/358 556/556/585 555/555/584
f 343/343/361 557/557/587 556/556/585
f 354/354/588 191/191/589 557/557/586
f 211/211/232 558/558/590 339/339/357
f 339/339/357 559/559/591 341/341/359
f 559/559/592 347/347/365 341/341/369
f 560/560/593 348/348/366 347/347/365
f 210/210/231 561/561/594 558/558/590
f 558/558/590 562/562/595 559/559/591
f 562/562/596 560/560/593 559/559/592
f 563/563/597 197/197/218 560/560/593
f 180/180/201 373/373/398 221/221/242
f 564/564/598 375/375/400 373/373/398
f 565/565/599 381/381/406 375/375/410
f 566/566/600 228/228/248 381/381/406
f 180/180/201 567/567/601 564/564/602
f 567/567/603 565/565/604 564/564/598
f 568/568/605 566/566/599 565/565/599
f 569/569/606 250/250/268 566/566/600
f 179/179/200 570/570/607 358/358/380
f 570/570/607 368/368/608 358/358/380
f 571/571/609 365/365/387 368/368/390
f 572/572/610 363/363/385 365/365/387
f 178/178/199 573/573/611 570/570/607
f 570/570/607 574/574/612 571/571/613
f 574/574/614 572/572/610 571/571/609
f 575/575/615 261/261/278 572/572/610
f 272/272/288 576/576/616 434/434/461
f 434/434/461 577/577/617 425/425/452
f 577/577/617 422/422/449 425/425/452
f 578/578/618 212/212/233 422/422/449
f 204/204/225 331/331/349 576/576/616
f 576/576/616 325/325/343 577/577/617
f 577/577/617 322/322/340 578/578/618
f 578/578/618 324/324/342 226/226/246
f 240/240/259 417/417/444 239/239/258
f 579/579/619 409/409/436 417/417/444
f 580/580/620 406/406/433 409/409/436
f 581/581/621 241/241/260 406/406/433
f 240/240/259 314/314/332 579/579/619
f 579/579/619 308/308/622 580/580/620
f 580/580/620 305/305/322 581/581/621
f 581/581/621 307/307/324 274/274/290
f 285/285/301 313/313/331 281/281/297
f 582/582/623 315/315/333 313/313/331
f 583/583/624 319/319/337 315/315/333
f 584/584/625 232/232/252 319/319/337
f 285/285/301 297/297/313 582/582/623
f 582/582/623 291/291/307 583/583/624
f 583/583/624 289/289/305 584/584/625
f 584/584/625 163/163/184 165/165/186
f 363/363/385 585/585/626 367/367/389
f 367/367/389 586/586/627 366/366/388
f 366/366/388 587/587/628 370/370/394
f 587/587/628 189/189/210 370/370/394
f 260/260/277 588/588/629 585/585/626
f 585/585/626 589/589/630 586/586/627
f 586/586/627 590/590/631 587/587/628
f 587/587/628 238/238/257 259/259/276
f 253/253/271 591/591/632 588/588/629
f 588/588/629 592/592/633 589/589/630
f 589/589/630 593/593/634 590/590/631
f 590/590/631 186/186/207 238/238/257
f 223/223/243 550/550/579 591/591/632
f 591/591/632 552/552/581 592/592/633
f 592/592/633 554/554/583 593/593/634
f 593/593/634 247/247/266 186/186/207
f 256/256/273 330/330/348 273/273/289
f 594/594/635 332/332/350 330/330/348
f 595/595/636 337/337/355 332/332/350
f 596/596/637 220/220/241 337/337/355
f 256/256/273 397/397/424 594/594/635
f 594/594/635 391/391/418 595/595/636
f 595/595/636 389/389/416 596/596/637
f 596/596/637 244/244/263 218/218/239
f 166/166/187 396/396/423 283/283/299
f 597/597/638 398/398/425 396/396/423
f 598/598/639 403/403/430 398/398/425
f 599/599/640 217/217/238 403/403/430
f 166/166/187 418/418/445 597/597/638
f 597/597/638 414/414/441 598/598/639
f 598/598/639 412/412/439 599/599/640
f 599/599/640 233/233/253 215/215/236
f 348/348/366 600/600/641 346/346/364
f 346/346/364 601/601/642 349/349/367
f 601/601/642 353/353/374 349/349/367
f 602/602/643 192/192/213 353/353/374
f 169/169/190 600/600/641 196/196/217
f 543/543/570 601/601/642 600/600/641
f 545/545/572 602/602/643 601/601/642
f 547/547/575 230/230/250 602/602/643
f 225/225/245 296/296/312 286/286/302
f 603/603/644 298/298/645 296/296/312
f 604/604/646 303/303/319 298/298/645
f 605/605/647 208/208/229 303/303/319
f 225/225/245 435/435/462 603/603/644
f 603/603/644 430/430/457 604/604/646
f 604/604/646 428/428/455 605/605/647
f 605/605/647 257/257/274 206/206/227
f 277/277/293 606/606/648 437/437/464
f 437/437/464 607/607/649 439/439/466
f 439/439/466 608/608/650 446/446/473
f 446/446/473 609/609/651 444/444/471
f 278/278/294 606/606/648 276/276/292
f 456/456/483 607/607/649 606/606/648
f 459/459/486 608/608/650 607/607/649
f 470/470/497 609/609/651 608/608/650
f 284/284/300 610/610/652 472/472/499
f 472/472/499 611/611/653 474/474/501
f 474/474/501 612/612/654 481/481/508
f 481/481/508 613/613/655 479/479/506
f 173/173/194 610/610/652 174/174/195
f 491/491/518 611/611/653 610/610/652
f 494/494/521 612/612/654 611/611/653
f 505/505/532 613/613/655 612/612/654
f 264/264/281 614/614/656 497/497/524
f 497/497/524 615/615/657 499/499/526
f 499/499/526 616/616/658 504/504/531
f 504/504/531 617/617/659 502/502/529
f 509/509/536 614/614/656 288/288/304
f 508/508/535 615/615/657 614/614/656
f 512/512/539 616/616/658 615/615/657
f 523/523/550 617/617/659 616/616/658
f 268/268/285 618/618/660 462/462/489
f 462/462/489 619/619/661 464/464/491
f 464/464/491 620/620/662 469/469/496
f 469/469/496 621/621/663 467/467/494
f 527/527/554 618/618/660 280/280/296
f 526/526/553 619/619/661 618/618/660
f 530/530/557 620/620/662 619/619/661
f 541/541/568 621/621/663 620/620/662
f 269/269/286 622/622/664 533/533/560
f 533/533/560 623/623/665 535/535/562
f 535/535/562 624/624/666 540/540/567
f 540/540/567 625/625/667 538/538/565
f 487/487/514 622/622/664 271/271/236
f 486/486/513 623/623/665 622/622/664
f 489/489/516 624/624/666 623/623/665
f 482/482/509 625/625/667 624/624/666
f 265/265/282 626/626/668 515/515/542
f 515/515/542 627/627/669 517/517/544
f 517/517/544 628/628/670 522/522/549
f 522/522/549 629/629/671 520/520/547
f 452/452/479 626/626/668 267/267/284
f 451/451/478 627/627/669 626/626/668
f 454/454/481 628/628/670 627/627/669
f 447/447/474 629/629/671 628/628/670
f 242/242/261 405/405/432 241/241/260
f 630/630/672 407/407/434 405/405/432
f 631/631/673 413/413/440 407/407/434
f 632/632/674 233/233/253 413/413/440
f 284/284/300 630/630/672 242/242/261
f 473/473/500 631/631/673 630/630/672
f 476/476/503 632/632/674 631/631/673
f 632/632/674 487/487/514 270/270/287
f 527/527/554 633/633/675 525/525/552
f 525/525/552 634/634/676 528/528/555
f 528/528/555 635/635/677 534/534/561
f 534/534/561 216/216/237 269/269/286
f 279/279/295 390/390/417 633/633/675
f 633/633/675 393/393/420 634/634/676
f 634/634/676 402/402/429 635/635/677
f 635/635/677 217/217/238 216/216/237
f 220/220/241 636/636/678 336/336/354
f 336/336/354 637/637/679 327/327/345
f 327/327/345 638/638/680 323/323/341
f 323/323/341 227/227/247 324/324/342
f 219/219/240 463/463/490 636/636/678
f 636/636/678 457/457/484 637/637/679
f 637/637/679 455/455/482 638/638/680
f 455/455/482 227/227/247 638/638/680
f 452/452/479 639/639/681 450/450/477
f 450/450/477 640/640/682 441/441/468
f 441/441/468 641/641/683 438/438/465
f 641/641/683 277/277/293 438/438/465
f 266/266/283 429/429/456 639/639/681
f 639/639/681 423/423/450 640/640/682
f 640/640/682 421/421/448 641/641/683
f 641/641/683 212/212/233 214/214/235
f 509/509/536 642/642/684 507/507/534
f 507/507/534 643/643/685 510/510/537
f 510/510/537 644/644/686 516/516/543
f 516/516/543 207/207/228 265/265/282
f 287/287/303 290/290/306 642/642/684
f 642/642/684 293/293/309 643/643/685
f 643/643/685 302/302/318 644/644/686
f 644/644/686 208/208/229 207/207/228
f 231/231/251 318/318/336 232/232/252
f 645/645/687 310/310/328 318/318/336
f 646/646/688 306/306/323 310/310/328
f 647/647/689 307/307/324 306/306/323
f 264/264/281 645/645/687 231/231/251
f 498/498/525 646/646/688 645/645/687
f 492/492/519 647/647/689 646/646/688
f 490/490/517 275/275/291 647/647/689
f 163/163/184 287/287/303 164/164/185
f 166/166/187 283/283/299 167/167/188
f 169/169/190 183/183/204 170/170/191
f 172/172/193 275/275/291 173/173/194
f 175/175/196 230/230/250 176/176/197
f 171/171/192 170/170/191 178/178/199
f 180/180/201 222/222/202 181/181/202
f 183/183/204 198/198/219 184/184/205
f 167/167/188 238/238/257 186/186/207
f 187/187/208 205/205/226 188/188/209
f 190/190/211 246/246/265 191/191/212
f 193/193/214 254/254/272 194/194/215
f 196/196/217 348/348/366 197/197/218
f 199/199/220 248/248/267 200/200/221
f 170/170/191 262/262/279 202/202/223
f 198/198/219 197/197/218 203/203/224
f 204/204/225 272/272/288 177/177/198
f 206/206/227 258/258/275 207/207/228
f 209/209/230 229/229/249 210/210/231
f 212/212/233 226/226/246 213/213/234
f 215/215/236 234/234/254 216/216/237
f 218/218/239 245/245/264 219/219/240
f 221/221/242 243/243/262 222/222/202
f 223/223/243 253/253/271 193/193/214
f 225/225/245 286/286/302 190/190/211
f 226/226/246 324/324/342 227/227/247
f 228/228/248 250/250/268 229/229/249
f 175/175/196 190/190/211 192/192/213
f 165/165/186 164/164/185 231/231/251
f 233/233/253 270/270/287 234/234/254
f 235/235/255 223/223/243 224/224/244
f 237/237/256 259/259/276 238/238/257
f 239/239/258 252/252/270 199/199/220
f 241/241/260 274/274/290 172/172/193
f 243/243/262 235/235/255 236/236/202
f 244/244/263 279/279/295 245/245/264
f 201/201/222 200/200/221 191/191/212
f 199/199/220 252/252/270 247/247/266
f 222/222/202 236/236/202 249/249/202
f 250/250/268 648/648/690 251/251/269
f 252/252/270 168/168/189 186/186/207
f 253/253/271 260/260/277 254/254/272
f 224/224/244 193/193/214 195/195/216
f 236/236/202 224/224/244 255/255/244
f 256/256/273 273/273/289 187/187/208
f 257/257/274 266/266/283 258/258/275
f 169/169/190 196/196/217 198/198/219
f 187/187/208 189/189/210 259/259/276
f 260/260/277 363/363/385 261/261/278
f 205/205/226 177/177/198 176/176/197
f 183/183/204 185/185/206 262/262/279
f 254/254/272 261/261/278 263/263/280
f 164/164/185 288/288/304 264/264/281
f 258/258/275 267/267/284 265/265/282
f 266/266/283 452/452/479 267/267/284
f 245/245/264 280/280/296 268/268/285
f 234/234/254 271/271/236 269/269/286
f 270/270/287 487/487/514 271/271/236
f 272/272/288 225/225/245 175/175/196
f 273/273/289 204/204/225 205/205/226
f 274/274/290 307/307/324 275/275/291
f 214/214/235 213/213/234 276/276/292
f 213/213/234 227/227/247 278/278/294
f 279/279/295 527/527/554 280/280/296
f 166/166/187 168/168/189 252/252/270
f 240/240/259 199/199/220 201/201/222
f 229/229/249 251/251/269 282/282/298
f 283/283/299 256/256/273 237/237/256
f 242/242/261 172/172/193 174/174/195
f 281/281/297 201/201/222 246/246/265
f 285/285/301 246/246/265 190/190/211
f 287/287/303 509/509/536 288/288/304
f 289/289/305 292/292/308 290/290/306
f 291/291/307 301/301/317 292/292/308
f 292/292/308 295/295/311 293/293/309
f 292/292/308 301/301/317 294/294/310
f 296/296/312 299/299/315 297/297/313
f 298/298/314 300/300/316 299/299/315
f 299/299/315 301/301/317 291/291/307
f 300/300/316 294/294/310 301/301/317
f 302/302/318 304/304/320 303/303/319
f 293/293/309 295/295/311 304/304/320
f 304/304/320 300/300/316 298/298/314
f 295/295/311 294/294/310 300/300/316
f 305/305/322 309/309/326 306/306/323
f 308/308/325 311/311/329 309/309/326
f 309/309/326 312/312/330 310/310/328
f 311/311/329 321/321/339 312/312/330
f 313/313/331 316/316/334 314/314/332
f 315/315/333 317/317/335 316/316/334
f 316/316/334 311/311/329 308/308/325
f 317/317/335 321/321/339 311/311/329
f 318/318/336 320/320/338 319/319/337
f 310/310/328 312/312/330 320/320/338
f 320/320/338 317/317/335 315/315/333
f 320/320/338 312/312/330 321/321/339
f 322/322/340 326/326/344 323/323/341
f 325/325/343 335/335/353 326/326/344
f 326/326/344 329/329/347 327/327/345
f 326/326/344 335/335/353 328/328/346
f 330/330/348 333/333/351 331/331/349
f 332/332/350 334/334/352 333/333/351
f 333/333/351 335/335/353 325/325/343
f 334/334/352 328/328/346 335/335/353
f 336/336/354 338/338/356 337/337/355
f 327/327/345 329/329/347 338/338/356
f 338/338/356 334/334/352 332/332/350
f 338/338/356 329/329/347 328/328/346
f 339/339/357 342/342/360 340/340/358
f 341/341/359 351/351/691 342/342/360
f 342/342/360 345/345/363 343/343/361
f 342/342/360 351/351/691 344/344/362
f 346/346/364 350/350/368 347/347/365
f 349/349/367 355/355/376 350/350/368
f 350/350/368 351/351/371 341/341/369
f 350/350/368 355/355/376 344/344/370
f 192/192/372 354/354/375 352/352/373
f 354/354/375 343/343/361 345/345/363
f 353/353/374 352/352/373 355/355/376
f 352/352/373 345/345/363 344/344/377
f 179/179/200 358/358/380 356/356/378
f 358/358/380 368/368/608 359/359/381
f 357/357/379 356/356/378 360/360/382
f 356/356/378 359/359/381 362/362/384
f 363/363/385 367/367/389 364/364/386
f 366/366/388 372/372/692 364/364/386
f 364/364/386 359/359/392 368/368/390
f 364/364/386 372/372/692 362/362/391
f 369/369/393 371/371/395 370/370/394
f 361/361/383 360/360/396 371/371/395
f 371/371/395 372/372/397 366/366/388
f 360/360/396 362/362/693 372/372/397
f 373/373/398 376/376/401 374/374/399
f 375/375/400 384/384/694 376/376/401
f 374/374/399 376/376/401 377/377/402
f 376/376/401 384/384/694 379/379/404
f 228/228/248 382/382/407 380/380/405
f 382/382/407 388/388/415 383/383/408
f 381/381/406 380/380/405 384/384/409
f 380/380/405 383/383/408 379/379/411
f 385/385/412 387/387/414 386/386/413
f 378/378/403 377/377/402 387/387/414
f 387/387/414 383/383/408 388/388/415
f 377/377/402 379/379/404 383/383/408
f 389/389/416 392/392/419 390/390/417
f 391/391/418 401/401/428 392/392/419
f 392/392/419 395/395/422 393/393/420
f 392/392/419 401/401/428 394/394/421
f 396/396/423 399/399/426 397/397/424
f 398/398/425 400/400/427 399/399/426
f 399/399/426 401/401/428 391/391/418
f 400/400/427 394/394/421 401/401/428
f 402/402/429 404/404/431 403/403/430
f 393/393/420 395/395/422 404/404/431
f 404/404/431 400/400/427 398/398/425
f 395/395/422 394/394/421 400/400/427
f 405/405/432 408/408/435 406/406/433
f 407/407/434 410/410/437 408/408/435
f 408/408/435 411/411/438 409/409/436
f 410/410/437 416/416/443 411/411/438
f 412/412/439 415/415/442 413/413/440
f 414/414/441 420/420/447 415/415/442
f 415/415/442 410/410/437 407/407/434
f 415/415/442 420/420/447 416/416/443
f 417/417/444 419/419/446 418/418/445
f 409/409/436 411/411/438 419/419/446
f 419/419/446 420/420/447 414/414/441
f 411/411/438 416/416/443 420/420/447
f 421/421/448 424/424/451 422/422/449
f 423/423/450 433/433/460 424/424/451
f 424/424/451 427/427/454 425/425/452
f 424/424/451 433/433/460 426/426/453
f 428/428/455 431/431/458 429/429/456
f 430/430/457 432/432/459 431/431/458
f 431/431/458 433/433/460 423/423/450
f 432/432/459 426/426/453 433/433/460
f 434/434/461 436/436/463 435/435/462
f 425/425/452 427/427/454 436/436/463
f 436/436/463 432/432/459 430/430/457
f 427/427/454 426/426/453 432/432/459
f 437/437/464 440/440/467 438/438/465
f 439/439/466 442/442/469 440/440/467
f 440/440/467 443/443/470 441/441/468
f 442/442/469 449/449/476 443/443/470
f 444/444/471 447/447/474 445/445/472
f 447/447/474 454/454/481 448/448/475
f 446/446/473 445/445/472 442/442/469
f 445/445/472 448/448/475 449/449/476
f 450/450/477 453/453/480 451/451/478
f 441/441/468 443/443/470 453/453/480
f 453/453/480 448/448/475 454/454/481
f 443/443/470 449/449/476 448/448/475
f 455/455/482 458/458/485 456/456/483
f 457/457/484 460/460/487 458/458/485
f 458/458/485 461/461/488 459/459/486
f 460/460/487 471/471/498 461/461/488
f 462/462/489 465/465/492 463/463/490
f 464/464/491 466/466/493 465/465/492
f 465/465/492 460/460/487 457/457/484
f 466/466/493 471/471/498 460/460/487
f 467/467/494 470/470/497 468/468/495
f 470/470/497 459/459/486 461/461/488
f 469/469/496 468/468/495 466/466/493
f 468/468/495 461/461/488 471/471/498
f 472/472/499 475/475/502 473/473/500
f 474/474/501 477/477/504 475/475/502
f 475/475/502 478/478/505 476/476/503
f 477/477/504 484/484/511 478/478/505
f 479/479/506 482/482/509 480/480/507
f 482/482/509 489/489/516 483/483/510
f 481/481/508 480/480/507 477/477/504
f 480/480/507 483/483/510 484/484/511
f 485/485/512 488/488/515 486/486/513
f 476/476/503 478/478/505 488/488/515
f 488/488/515 483/483/510 489/489/516
f 478/478/505 484/484/511 483/483/510
f 490/490/517 493/493/520 491/491/518
f 492/492/519 495/495/522 493/493/520
f 493/493/520 496/496/523 494/494/521
f 495/495/522 506/506/533 496/496/523
f 497/497/524 500/500/527 498/498/525
f 499/499/526 501/501/528 500/500/527
f 500/500/527 495/495/522 492/492/519
f 501/501/528 506/506/533 495/495/522
f 502/502/529 505/505/532 503/503/530
f 505/505/532 494/494/521 496/496/523
f 504/504/531 503/503/530 501/501/528
f 503/503/530 496/496/523 506/506/533
f 507/507/534 511/511/538 508/508/535
f 510/510/537 513/513/540 511/511/538
f 511/511/538 514/514/541 512/512/539
f 513/513/540 524/524/551 514/514/541
f 515/515/542 518/518/545 516/516/543
f 517/517/544 519/519/546 518/518/545
f 518/518/545 513/513/540 510/510/537
f 519/519/546 524/524/551 513/513/540
f 520/520/547 523/523/550 521/521/548
f 523/523/550 512/512/539 514/514/541
f 522/522/549 521/521/548 519/519/546
f 521/521/548 514/514/541 524/524/551
f 525/525/552 529/529/556 526/526/553
f 528/528/555 531/531/558 529/529/556
f 529/529/556 532/532/559 530/530/557
f 531/531/558 542/542/569 532/532/559
f 533/533/560 536/536/563 534/534/561
f 535/535/562 537/537/564 536/536/563
f 536/536/563 531/531/558 528/528/555
f 537/537/564 542/542/569 531/531/558
f 538/538/565 541/541/568 539/539/566
f 541/541/568 530/530/557 532/532/559
f 540/540/567 539/539/566 537/537/564
f 539/539/566 532/532/559 542/542/569
f 171/171/192 548/548/576 543/543/570
f 543/543/570 548/548/576 544/544/571
f 545/545/572 544/544/571 546/546/573
f 547/547/575 546/546/577 188/188/209
f 171/171/192 179/179/200 357/357/379
f 548/548/576 357/357/379 361/361/383
f 544/544/571 361/361/383 369/369/393
f 546/546/577 369/369/393 189/189/210
f 235/235/255 243/243/262 549/549/578
f 550/550/579 549/549/578 551/551/580
f 552/552/581 551/551/580 553/553/582
f 554/554/583 553/553/582 248/248/267
f 243/243/262 221/221/242 374/374/399
f 549/549/578 374/374/399 378/378/403
f 551/551/580 378/378/403 385/385/412
f 553/553/582 385/385/412 200/200/221
f 209/209/230 555/555/584 382/382/407
f 555/555/584 556/556/585 388/388/415
f 556/556/585 557/557/587 386/386/413
f 557/557/586 191/191/589 200/200/221
f 211/211/232 340/340/358 555/555/584
f 340/340/358 343/343/361 556/556/585
f 343/343/361 354/354/375 557/557/587
f 354/354/588 192/192/695 191/191/589
f 211/211/232 210/210/231 558/558/590
f 339/339/357 558/558/590 559/559/591
f 559/559/592 560/560/593 347/347/365
f 560/560/593 197/197/218 348/348/366
f 210/210/231 282/282/298 561/561/594
f 558/558/590 561/561/594 562/562/595
f 562/562/596 563/563/597 560/560/593
f 563/563/597 203/203/224 197/197/218
f 180/180/201 564/564/602 373/373/398
f 564/564/598 565/565/604 375/375/400
f 565/565/599 566/566/599 381/381/406
f 566/566/600 250/250/268 228/228/248
f 180/180/201 182/182/203 567/567/601
f 567/567/603 568/568/696 565/565/604
f 568/568/605 569/569/697 566/566/599
f 569/569/606 648/648/690 250/250/268
f 179/179/200 178/178/199 570/570/607
f 570/570/607 571/571/613 368/368/608
f 571/571/609 572/572/610 365/365/387
f 572/572/610 261/261/278 363/363/385
f 178/178/199 202/202/223 573/573/611
f 570/570/607 573/573/611 574/574/612
f 574/574/614 575/575/615 572/572/610
f 575/575/615 263/263/280 261/261/278
f 272/272/288 204/204/225 576/576/616
f 434/434/461 576/576/616 577/577/617
f 577/577/617 578/578/618 422/422/449
f 578/578/618 226/226/246 212/212/233
f 204/204/225 273/273/289 331/331/349
f 576/576/616 331/331/349 325/325/343
f 577/577/617 325/325/343 322/322/340
f 578/578/618 322/322/340 324/324/342
f 240/240/259 579/579/619 417/417/444
f 579/579/619 580/580/620 409/409/436
f 580/580/620 581/581/621 406/406/433
f 581/581/621 274/274/290 241/241/260
f 240/240/259 281/281/297 314/314/332
f 579/579/619 314/314/332 308/308/622
f 580/580/620 308/308/622 305/305/322
f 581/581/621 305/305/322 307/307/324
f 285/285/301 582/582/623 313/313/331
f 582/582/623 583/583/624 315/315/333
f 583/583/624 584/584/625 319/319/337
f 584/584/625 165/165/186 232/232/252
f 285/285/301 286/286/302 297/297/313
f 582/582/623 297/297/313 291/291/307
f 583/583/624 291/291/307 289/289/305
f 584/584/625 289/289/305 163/163/184
f 363/363/385 260/260/277 585/585/626
f 367/367/389 585/585/626 586/586/627
f 366/366/388 586/586/627 587/587/628
f 587/587/628 259/259/276 189/189/210
f 260/260/277 253/253/271 588/588/629
f 585/585/626 588/588/629 589/589/630
f 586/586/627 589/589/630 590/590/631
f 587/587/628 590/590/631 238/238/257
f 253/253/271 223/223/243 591/591/632
f 588/588/629 591/591/632 592/592/633
f 589/589/630 592/592/633 593/593/634
f 590/590/631 593/593/634 186/186/207
f 223/223/243 235/235/255 550/550/579
f 591/591/632 550/550/579 552/552/581
f 592/592/633 552/552/581 554/554/583
f 593/593/634 554/554/583 247/247/266
f 256/256/273 594/594/635 330/330/348
f 594/594/635 595/595/636 332/332/350
f 595/595/636 596/596/637 337/337/355
f 596/596/637 218/218/239 220/220/241
f 256/256/273 283/283/299 397/397/424
f 594/594/635 397/397/424 391/391/418
f 595/595/636 391/391/418 389/389/416
f 596/596/637 389/389/416 244/244/263
f 166/166/187 597/597/638 396/396/423
f 597/597/638 598/598/639 398/398/425
f 598/598/639 599/599/640 403/403/430
f 599/599/640 215/215/236 217/217/238
f 166/166/187 239/239/258 418/418/445
f 597/597/638 418/418/445 414/414/441
f 598/598/639 414/414/441 412/412/439
f 599/599/640 412/412/439 233/233/253
f 348/348/366 196/196/217 600/600/641
f 346/346/364 600/600/641 601/601/642
f 601/601/642 602/602/643 353/353/374
f 602/602/643 230/230/250 192/192/213
f 169/169/190 543/543/570 600/600/641
f 543/543/570 545/545/572 601/601/642
f 545/545/572 547/547/574 602/602/643
f 547/547/575 176/176/197 230/230/250
f 225/225/245 603/603/644 296/296/312
f 603/603/644 604/604/646 298/298/645
f 604/604/646 605/605/647 303/303/319
f 605/605/647 206/206/227 208/208/229
f 225/225/245 272/272/288 435/435/462
f 603/603/644 435/435/462 430/430/457
f 604/604/646 430/430/457 428/428/455
f 605/605/647 428/428/455 257/257/274
f 277/277/293 276/276/292 606/606/648
f 437/437/464 606/606/648 607/607/649
f 439/439/466 607/607/649 608/608/650
f 446/446/473 608/608/650 609/609/651
f 278/278/294 456/456/483 606/606/648
f 456/456/483 459/459/486 607/607/649
f 459/459/486 470/470/497 608/608/650
f 470/470/497 467/467/494 609/609/651
f 284/284/300 174/174/195 610/610/652
f 472/472/499 610/610/652 611/611/653
f 474/474/501 611/611/653 612/612/654
f 481/481/508 612/612/654 613/613/655
f 173/173/194 491/491/518 610/610/652
f 491/491/518 494/494/521 611/611/653
f 494/494/521 505/505/532 612/612/654
f 505/505/532 502/502/529 613/613/655
f 264/264/281 288/288/304 614/614/656
f 497/497/524 614/614/656 615/615/657
f 499/499/526 615/615/657 616/616/658
f 504/504/531 616/616/658 617/617/659
f 509/509/536 508/508/535 614/614/656
f 508/508/535 512/512/539 615/615/657
f 512/512/539 523/523/550 616/616/658
f 523/523/550 520/520/547 617/617/659
f 268/268/285 280/280/296 618/618/660
f 462/462/489 618/618/660 619/619/661
f 464/464/491 619/619/661 620/620/662
f 469/469/496 620/620/662 621/621/663
f 527/527/554 526/526/553 618/618/660
f 526/526/553 530/530/557 619/619/661
f 530/530/557 541/541/568 620/620/662
f 541/541/568 538/538/565 621/621/663
f 269/269/286 271/271/236 622/622/664
f 533/533/560 622/622/664 623/623/665
f 535/535/562 623/623/665 624/624/666
f 540/540/567 624/624/666 625/625/667
f 487/487/514 486/486/513 622/622/664
f 486/486/513 489/489/516 623/623/665
f 489/489/516 482/482/509 624/624/666
f 482/482/509 479/479/506 625/625/667
f 265/265/282 267/267/284 626/626/668
f 515/515/542 626/626/668 627/627/669
f 517/517/544 627/627/669 628/628/670
f 522/522/549 628/628/670 629/629/671
f 452/452/479 451/451/478 626/626/668
f 451/451/478 454/454/481 627/627/669
f 454/454/481 447/447/474 628/628/670
f 447/447/474 444/444/471 629/629/671
f 242/242/261 630/630/672 405/405/432
f 630/630/672 631/631/673 407/407/434
f 631/631/673 632/632/674 413/413/440
f 632/632/674 270/270/287 233/233/253
f 284/284/300 473/473/500 630/630/672
f 473/473/500 476/476/503 631/631/673
f 476/476/503 485/485/512 632/632/674
f 632/632/674 485/485/512 487/487/514
f 527/527/554 279/279/295 633/633/675
f 525/525/552 633/633/675 634/634/676
f 528/528/555 634/634/676 635/635/677
f 534/534/561 635/635/677 216/216/237
f 279/279/295 244/244/263 390/390/417
f 633/633/675 390/390/417 393/393/420
f 634/634/676 393/393/420 402/402/429
f 635/635/677 402/402/429 217/217/238
f 220/220/241 219/219/240 636/636/678
f 336/336/354 636/636/678 637/637/679
f 327/327/345 637/637/679 638/638/680
f 323/323/341 638/638/680 227/227/247
f 219/219/240 268/268/285 463/463/490
f 636/636/678 463/463/490 457/457/484
f 637/637/679 457/457/484 455/455/482
f 455/455/482 278/278/294 227/227/247
f 452/452/479 266/266/283 639/639/681
f 450/450/477 639/639/681 640/640/682
f 441/441/468 640/640/682 641/641/683
f 641/641/683 214/214/235 277/277/293
f 266/266/283 257/257/274 429/429/456
f 639/639/681 429/429/456 423/423/450
f 640/640/682 423/423/450 421/421/448
f 641/641/683 421/421/448 212/212/233
f 509/509/536 287/287/303 642/642/684
f 507/507/534 642/642/684 643/643/685
f 510/510/537 643/643/685 644/644/686
f 516/516/543 644/644/686 207/207/228
f 287/287/303 163/163/184 290/290/306
f 642/642/684 290/290/306 293/293/309
f 643/643/685 293/293/309 302/302/318
f 644/644/686 302/302/318 208/208/229
f 231/231/251 645/645/687 318/318/336
f 645/645/687 646/646/688 310/310/328
f 646/646/688 647/647/689 306/306/323
f 647/647/689 275/275/291 307/307/324
f 264/264/281 498/498/525 645/645/687
f 498/498/525 492/492/519 646/646/688
f 492/492/519 490/490/517 647/647/689
f 490/490/517 173/173/194 275/275/291
