# Brazo_Pinza  -  origen en el pivote de la pieza
# pivote en coordenadas del modelo: 2.1432 10.5868 -12.6643
mtllib rover.mtl
o Brazo_Pinza
v -0.523944 1.128810 -0.293806
v -0.264139 0.868651 -0.230774
v -0.261379 0.873950 -0.302526
v -0.684997 1.126799 -0.300150
v -0.751786 1.055786 -0.235714
v -0.687757 1.121500 -0.228399
v -0.539276 1.099378 0.104815
v -0.279471 0.839218 0.167847
v -0.276711 0.844515 0.096094
v -0.700329 1.097364 0.098471
v -0.767118 1.026352 0.162907
v -0.703089 1.092066 0.170222
v -0.607742 1.155797 -0.222788
v -0.749314 0.895044 -0.247488
v -0.499321 0.616047 0.070662
v -0.764646 0.865611 0.151133
v -0.761886 0.870908 0.079382
v -0.623074 1.126363 0.175833
v -0.483989 0.645481 -0.327959
v -0.604983 1.161094 -0.294540
v -0.781145 0.980296 -0.314665
v -0.746554 0.900342 -0.319239
v -0.783905 0.974997 -0.242914
v -0.749026 1.061083 -0.307467
v -0.620315 1.131661 0.104080
v -0.796477 0.950862 0.083956
v -0.799237 0.945565 0.155706
v -0.764358 1.031650 0.091156
v -0.526703 1.123513 -0.222055
v -0.542036 1.094079 0.176565
v -0.486749 0.640183 -0.256207
v -0.502081 0.610749 0.142414
v -0.250369 1.036620 0.033804
v -0.728231 0.897304 0.028290
v -0.452042 1.212825 0.041592
v -0.250310 1.047863 -0.234121
v -0.526766 0.729986 -0.185946
v -0.528265 0.730298 -0.246666
v -0.730256 0.892966 0.088844
v -0.526557 0.721099 0.020502
v -0.527934 0.716194 0.081032
v -0.730588 0.907071 -0.238853
v -0.728439 0.906190 -0.178158
v -0.550419 0.819835 -0.382206
v -0.504038 0.832721 -0.314348
v -0.550351 0.816943 -0.314981
v -0.593808 0.828395 -0.381794
v -0.630572 0.857683 -0.313145
v -0.630640 0.860577 -0.380371
v -0.256334 1.039156 0.097500
v 0.063540 1.215202 0.104519
v -0.220633 1.463488 0.115494
v 0.063146 1.231955 -0.284721
v -0.256727 1.055920 -0.291973
v -0.446963 1.222131 -0.284628
v -0.446569 1.205368 0.104847
v -0.087716 1.042740 0.089661
v -0.088102 1.059142 -0.291424
v -0.221027 1.480241 -0.273746
v -0.452251 1.221711 -0.164858
v 0.190061 1.658400 -0.135416
v 0.171247 1.671061 -0.045080
v 0.238621 1.613171 -0.070837
v -0.249977 1.033687 0.095255
v -0.452310 1.210458 0.103308
v -0.452644 1.224656 -0.226547
v -0.041257 1.226393 -0.363750
v -0.147262 1.101803 -0.289932
v -0.147342 1.105200 -0.368858
v 0.326258 1.752337 -0.187210
v 0.379929 1.737915 -0.159388
v 0.363229 1.718835 -0.160192
v 0.280996 1.818229 -0.010260
v 0.281689 1.783509 0.001608
v 0.264354 1.799217 -0.011061
v 0.361250 1.748122 -0.013643
v 0.327094 1.743840 -0.000209
v 0.343737 1.762852 0.000592
v 0.383941 1.730506 -0.066933
v 0.367313 1.712631 -0.095009
v 0.367298 1.711494 -0.067734
v 0.384983 1.697714 -0.110897
v 0.401652 1.714395 -0.052513
v 0.384951 1.695315 -0.053318
v 0.223852 1.836051 -0.046652
v 0.240584 1.857531 -0.103427
v 0.223883 1.838451 -0.104231
v 0.363221 1.712185 -0.002283
v 0.342763 1.762518 0.028727
v 0.326062 1.743439 0.027922
v 0.258281 1.840283 -0.061733
v 0.241653 1.822407 -0.089809
v 0.258296 1.841420 -0.089008
v 0.282577 1.781430 0.029661
v 0.262307 1.834011 0.003448
v 0.245606 1.814931 0.002644
v 0.245614 1.821581 -0.155264
v 0.299474 1.809407 -0.184668
v 0.282773 1.790328 -0.185472
v 0.280986 1.823803 -0.142296
v 0.281857 1.790061 -0.157335
v 0.298500 1.809074 -0.156532
v -0.043901 1.263673 -0.283070
v -0.043981 1.267070 -0.361996
v -0.339116 1.203066 -0.285379
v -0.341920 1.247140 -0.362553
v -0.339195 1.206463 -0.364307
v -0.287666 1.305632 -0.281017
v -0.239961 1.332655 -0.358976
v -0.287746 1.309029 -0.359943
v 0.262315 1.840661 -0.154461
v 0.379922 1.731266 -0.001480
v 0.240553 1.855131 -0.045848
v 0.342959 1.771416 -0.186407
v 0.343905 1.769405 -0.158348
v 0.344598 1.734684 -0.146482
v 0.361240 1.753697 -0.145681
v 0.344608 1.729109 -0.014446
v 0.241638 1.821270 -0.062534
v 0.327263 1.750392 -0.159149
v 0.383956 1.731643 -0.094208
v 0.298331 1.802521 0.002409
v 0.264344 1.804792 -0.143097
v 0.383921 1.729054 -0.032074
v 0.401684 1.716794 -0.110092
v 0.245614 1.821581 -0.155264
v 0.264344 1.804792 -0.143097
v 0.223883 1.838451 -0.104231
v 0.241638 1.821270 -0.062534
v 0.241653 1.822407 -0.089809
v 0.223852 1.836051 -0.046652
v 0.264354 1.799217 -0.011061
v 0.245606 1.814931 0.002644
v 0.326062 1.743439 0.027922
v 0.282577 1.781430 0.029661
v 0.281689 1.783509 0.001608
v 0.282773 1.790328 -0.185472
v 0.281857 1.790061 -0.157335
v 0.327094 1.743840 -0.000209
v 0.327263 1.750392 -0.159149
v 0.384951 1.695315 -0.053318
v 0.363221 1.712185 -0.002283
v 0.344608 1.729109 -0.014446
v 0.326258 1.752337 -0.187210
v 0.363229 1.718835 -0.160192
v 0.344598 1.734684 -0.146482
v 0.367298 1.711494 -0.067734
v 0.384983 1.697714 -0.110897
v 0.367313 1.712631 -0.095009
v 0.299278 1.800509 0.030466
v -0.105925 1.321192 -0.359604
v -0.105845 1.317795 -0.280678
v -0.156355 1.334847 -0.279892
v -0.341840 1.243743 -0.283627
v -0.217815 1.097084 -0.290064
v -0.156434 1.338242 -0.358820
v -0.239881 1.329258 -0.280048
v -0.217895 1.100482 -0.368990
v -0.250577 1.045505 -0.172646
v -0.504106 0.835615 -0.381573
v -0.593740 0.825502 -0.314569
v 0.238637 1.614386 -0.099972
v 0.228682 1.624051 -0.122530
v 0.209961 1.641016 -0.136211
v 0.171252 1.674221 -0.120126
v 0.161308 1.681941 -0.096771
v 0.161292 1.680727 -0.067638
v 0.189968 1.654097 -0.031398
v 0.209868 1.636712 -0.032194
v 0.228677 1.620892 -0.047483
v -0.041177 1.222996 -0.284822
v -0.627194 0.840441 0.025717
v -0.596641 0.822478 -0.182573
v -0.596432 0.813564 0.024529
v -0.635803 0.928921 0.029533
v -0.643931 0.897780 -0.179285
v -0.643721 0.888866 0.027817
v -0.563410 0.980614 0.031685
v -0.602299 0.976349 -0.175945
v -0.602090 0.967435 0.031157
v -0.482408 0.943826 0.030020
v -0.513379 0.979617 -0.175894
v -0.513169 0.970704 0.031207
v -0.465880 0.895401 0.027918
v -0.474008 0.864259 -0.180899
v -0.466090 0.904315 -0.179182
v -0.507512 0.816831 0.024578
v -0.546401 0.812566 -0.183050
v -0.507721 0.825745 -0.182522
v -0.644913 0.902397 -0.378557
v -0.635365 0.947464 -0.309277
v -0.635433 0.950357 -0.376503
v -0.479783 0.958658 -0.376303
v -0.516548 0.987945 -0.307655
v -0.479715 0.955764 -0.309076
v -0.606317 0.983618 -0.375101
v -0.559936 0.996504 -0.307243
v -0.560004 0.999398 -0.374468
v 0.191628 1.671993 0.027426
v 0.042902 1.582269 -0.006313
v 0.152484 1.707457 -0.001035
v 0.146476 1.712122 0.013041
v 0.041499 1.241669 -0.065651
v 0.210990 1.438229 -0.128902
v 0.210951 1.435253 -0.057489
v -0.180076 1.438249 -0.127893
v -0.010663 1.628855 -0.048320
v -0.010624 1.631831 -0.119733
v -0.147649 1.403752 0.017088
v 0.067577 1.555856 0.058701
v 0.021802 1.597335 0.025248
v -0.036979 1.305577 0.047944
v 0.178521 1.460430 0.018673
v 0.132473 1.499159 0.056105
v 0.009073 1.276165 -0.210630
v 0.132749 1.511228 -0.235922
v 0.178525 1.469749 -0.202469
v -0.101598 1.374341 -0.241488
v 0.021806 1.606654 -0.195894
v 0.067854 1.567925 -0.233328
v 0.350833 1.773044 -0.201601
v 0.383968 1.742244 -0.159063
v 0.389976 1.737579 -0.173140
v 0.169492 1.577406 -0.195969
v 0.160140 1.486540 -0.169842
v 0.208636 1.541943 -0.167507
v 0.302336 1.717640 -0.203938
v 0.341480 1.682176 -0.175474
v 0.214644 1.537278 -0.181583
v 0.344825 1.777709 -0.187525
v 0.296328 1.722306 -0.189861
v -0.217975 1.103878 -0.447918
v -0.156514 1.341639 -0.437746
v -0.147422 1.108597 -0.447786
v -0.287826 1.312426 -0.438871
v -0.342000 1.250537 -0.441479
v 0.041538 1.244647 -0.137064
v -0.036702 1.317645 -0.244083
v -0.147646 1.413072 -0.204056
v -0.180115 1.435272 -0.056480
v -0.101875 1.362273 0.050539
v 0.009069 1.266846 0.010512
v 0.038190 1.586789 -0.064878
v 0.117601 1.521775 -0.171558
v 0.162136 1.480295 -0.112344
v 0.055561 1.569925 -0.025517
v -0.044061 1.270468 -0.440924
v -0.106005 1.324589 -0.438532
v -0.474923 0.865983 -0.312946
v -0.474991 0.868876 -0.380171
v -0.516616 0.990839 -0.374880
v -0.465510 0.916836 -0.378119
v -0.465442 0.913943 -0.310892
v -0.608490 0.931960 -0.377321
v -0.612993 0.909182 -0.378298
v -0.473798 0.855345 0.026202
v -0.546192 0.803652 0.024050
v 0.127004 1.517339 -0.212381
v 0.120996 1.522005 -0.198305
v 0.335472 1.686841 -0.161398
v 0.166148 1.481875 -0.183918
v 0.076038 1.551471 0.036225
v 0.082046 1.546806 0.022149
v 0.036894 1.586936 0.007763
v 0.185620 1.676659 0.041504
v 0.038214 1.588554 -0.107216
v 0.055565 1.575083 -0.147966
v 0.162113 1.478530 -0.070005
v 0.144761 1.492001 -0.029256
v 0.082878 1.552110 -0.170170
v 0.082726 1.545309 -0.005665
v 0.117448 1.514974 -0.007053
v 0.144766 1.497159 -0.151705
v -0.584477 0.959394 -0.376165
v -0.562481 0.966886 -0.375864
v -0.497430 0.910051 -0.378378
v -0.509203 0.944544 -0.376881
v -0.601221 0.874690 -0.379793
v -0.526695 0.959828 -0.376205
v -0.583728 0.859405 -0.380470
v -0.547942 0.852346 -0.380810
v -0.501933 0.887273 -0.379353
v -0.525947 0.859840 -0.380510
v 0.175500 1.572742 -0.210045
v -0.240040 1.336052 -0.437902
v -0.339275 1.209860 -0.443233
v -0.041336 1.229790 -0.442677
v -0.627403 0.849354 -0.181385
v -0.636013 0.937835 -0.177568
v -0.563620 0.989528 -0.175417
v -0.482617 0.952740 -0.177082
v -0.644845 0.899503 -0.311331
v -0.606250 0.980725 -0.307875
v -0.033881 0.654764 -0.073145
v 0.006558 0.699569 -0.165051
v 0.016207 0.706169 -0.067422
v -0.075436 0.607758 0.049506
v -0.101025 0.577802 0.154499
v -0.117555 0.563194 0.083750
v -0.252521 0.426012 0.029276
v -0.235198 0.440099 0.139170
v -0.292071 0.381730 0.132673
v -0.284318 0.397738 -0.101755
v -0.317364 0.367123 -0.202057
v -0.272146 0.412589 -0.169312
v -0.104807 0.587667 -0.247700
v -0.150088 0.543551 -0.321735
v -0.083002 0.612401 -0.314070
v -0.065678 0.626490 -0.204174
v -0.040773 0.650050 -0.142879
v -0.000835 0.685377 0.027157
v -0.044151 0.636173 0.160996
v -0.213393 0.464834 0.072800
v -0.168111 0.508951 0.146835
v -0.324758 0.352931 -0.009850
v -0.334405 0.346331 -0.107477
v -0.242764 0.444744 -0.224405
v -0.217175 0.474698 -0.329399
v -0.200644 0.489308 -0.258650
v -0.026129 0.670771 -0.307573
v -0.046053 0.639913 -0.005588
v -0.165999 0.513006 0.091929
v -0.277427 0.402451 -0.032021
v -0.556784 0.562186 -0.100093
v -0.539743 0.582978 -0.194672
v -0.152200 0.539496 -0.266829
v -0.274048 0.416328 -0.335897
v -0.547136 0.568785 -0.002464
v -0.223213 0.901232 0.034542
v -0.305381 0.828255 -0.306686
v -0.439554 0.690552 -0.322014
v -0.372467 0.759405 -0.314350
v -0.248507 0.886626 -0.300188
v -0.215820 0.915424 -0.157665
v -0.266530 0.852027 0.168383
v -0.457576 0.655954 0.146555
v -0.496427 0.632183 -0.328512
v -0.390490 0.724805 0.154221
v -0.206172 0.922023 -0.060037
v -0.323403 0.793658 0.161884
v -0.514450 0.597584 0.140059
v 0.286605 1.686596 0.028542
v 0.330488 1.649152 0.005558
v 0.323566 1.655752 -0.007270
v 0.293526 1.679997 0.041369
v 0.172491 1.468655 -0.002050
v 0.128608 1.506099 0.020933
v 0.165570 1.475255 -0.014879
v 0.135529 1.499500 0.033760
v 0.310695 1.718541 -0.186483
v 0.182966 1.566166 -0.200678
v 0.179601 1.568779 -0.192795
v 0.201522 1.548919 -0.176857
v 0.335980 1.696068 -0.178427
v 0.332615 1.698681 -0.170544
v 0.204886 1.546305 -0.184740
v 0.299708 1.819352 0.039627
v 0.278501 1.839062 0.012403
v 0.274657 1.842049 0.021412
v 0.179827 1.682397 0.033854
v 0.154774 1.705095 0.015638
v 0.303553 1.816366 0.030619
v 0.183672 1.679411 0.024845
v 0.158620 1.702109 0.006630
v 0.314059 1.715929 -0.194365
v -0.526148 0.868441 -0.580324
v -0.613195 0.917782 -0.578114
v -0.526898 0.968427 -0.576019
v -0.502135 0.895874 -0.579168
v -0.497632 0.918651 -0.578192
v -0.584679 0.967993 -0.575981
v -0.583930 0.868006 -0.580284
v 0.225792 1.715376 -0.163286
v 0.305027 1.641796 -0.063124
v 0.198475 1.733190 -0.018634
v 0.260361 1.678239 -0.000170
v 0.181127 1.751818 -0.100334
v 0.214438 1.723556 -0.118046
v 0.233247 1.707736 -0.133335
v 0.281823 1.663722 -0.097892
v 0.281807 1.662508 -0.068758
v 0.271863 1.670228 -0.045404
v 0.253054 1.686047 -0.030113
v 0.204478 1.730061 -0.065559
v 0.204494 1.731277 -0.094692
v 0.181104 1.750055 -0.057996
v 0.214433 1.720397 -0.042999
v 0.287675 1.655267 -0.022373
v 0.260514 1.685041 -0.164675
v 0.287679 1.660425 -0.144823
v 0.198479 1.738348 -0.141083
v 0.271868 1.673386 -0.120449
v 0.233154 1.703433 -0.029319
v 0.253146 1.690350 -0.134132
v 0.225640 1.708575 0.001219
v 0.305050 1.643561 -0.105461
v -0.509405 0.953145 -0.576696
v -0.548144 0.860946 -0.580626
v -0.601423 0.883290 -0.579609
v -0.608692 0.940560 -0.577137
v -0.562683 0.975487 -0.575680
v 0.057267 0.336173 -0.273787
v -0.006725 0.277895 -0.316862
v 0.008823 0.285985 -0.265606
v 0.104661 0.384345 -0.254656
v 0.168731 0.456232 -0.246046
v 0.117864 0.405762 -0.302629
v -0.061480 0.219963 -0.272346
v -0.033296 0.241420 -0.231361
v 0.056253 0.343140 -0.327497
v -0.099677 0.178160 -0.200726
v -0.062679 0.209265 -0.176270
v -0.074851 0.194414 -0.108711
v -0.115501 0.158853 -0.112901
v -0.106542 0.164982 -0.022245
v -0.067959 0.199128 -0.038978
v -0.074165 0.195611 0.057438
v -0.043054 0.222690 0.022318
v -0.023298 0.246079 0.114022
v -0.003925 0.261510 0.065844
v -0.269796 0.747815 -0.242220
v -0.317190 0.699644 -0.261349
v -0.230668 0.786637 -0.198696
v 0.168695 0.446726 -0.149836
v -0.205763 0.810198 -0.137400
v -0.198871 0.814911 -0.067665
v 0.163414 0.436590 -0.012544
v -0.211043 0.800061 -0.000109
v -0.240425 0.767906 0.054985
v 0.091913 0.359870 0.076794
v -0.282544 0.723341 0.089230
v 0.043468 0.309682 0.084973
v -0.330989 0.673153 0.097408
v -0.378382 0.624981 0.078279
v -0.417510 0.586159 0.034754
v -0.442415 0.562598 -0.026542
v -0.449307 0.557885 -0.096275
v -0.437135 0.572735 -0.163834
v -0.407753 0.604891 -0.218927
v -0.365634 0.649456 -0.253170
v 0.192980 0.210425 -0.332037
v 0.075247 0.087246 -0.276886
v 0.037050 0.045445 -0.205265
v 0.030185 0.032265 -0.026787
v 0.062563 0.062895 0.052898
v 0.113429 0.113364 0.109482
v 0.038314 0.308703 0.138889
v 0.175041 0.175987 0.134350
v 0.101291 0.373948 0.128256
v 0.238018 0.241231 0.123715
v 0.156047 0.431880 0.083739
v 0.292774 0.299165 0.079199
v 0.194244 0.473682 0.012117
v 0.346794 0.360274 -0.080247
v 0.210068 0.492989 -0.075706
v 0.201109 0.486861 -0.166361
v 0.305458 0.323516 -0.250587
v 0.254592 0.273048 -0.307169
v 0.143790 0.423166 -0.211130
v 0.175587 0.451441 -0.080101
v 0.134032 0.404435 0.042549
v 0.130002 0.145180 -0.321404
v 0.021226 0.026139 -0.117441
v 0.330971 0.340967 0.007576
v 0.337835 0.354146 -0.170902
vn 0.454099 0.708853 -0.539742
vn 0.353991 0.334816 0.873263
vn 0.519007 0.556884 -0.648468
vn -0.337631 0.523887 -0.782015
vn -0.589233 0.366554 0.720030
vn -0.497382 0.788682 0.361375
vn 0.454102 0.708855 -0.539736
vn 0.353989 0.334813 0.873265
vn 0.519007 0.556880 -0.648472
vn -0.337644 0.523889 -0.782008
vn -0.589230 0.366551 0.720033
vn -0.497387 0.788682 0.361367
vn 0.038203 0.506901 0.861157
vn -0.603110 -0.447738 0.660143
vn -0.276822 -0.253476 -0.926887
vn -0.603110 -0.447736 0.660145
vn -0.715133 -0.469406 -0.517922
vn 0.038210 0.506890 0.861163
vn -0.276822 -0.253476 -0.926887
vn -0.130089 0.953370 -0.272328
vn -0.645587 -0.047662 -0.762198
vn -0.715129 -0.469405 -0.517928
vn -0.946895 0.092022 0.308094
vn -0.814752 0.484949 -0.317809
vn -0.130098 0.953366 -0.272337
vn -0.645601 -0.047645 -0.762187
vn -0.946895 0.092025 0.308094
vn -0.814751 0.484958 -0.317800
vn 0.465772 0.711464 0.526190
vn 0.465770 0.711451 0.526209
vn -0.519008 -0.556880 0.648472
vn -0.519011 -0.556881 0.648468
vn 0.334770 -0.254792 -0.907199
vn -0.712515 0.214720 -0.667995
vn -0.531087 0.493908 -0.688478
vn 0.532497 -0.437727 -0.724460
vn 0.054555 -0.825533 0.561711
vn 0.054454 -0.804008 -0.592120
vn -0.703844 -0.316768 0.635816
vn 0.062276 -0.913086 -0.402984
vn 0.055581 -0.851897 0.520752
vn -0.705161 -0.261033 -0.659249
vn -0.874107 0.209618 0.438174
vn 0.127377 -0.788957 -0.601101
vn 0.480594 -0.876111 -0.038191
vn -0.022273 -0.998829 -0.042959
vn -0.307172 -0.592023 -0.745086
vn -0.830714 -0.556220 -0.023104
vn -0.450600 -0.264994 -0.852489
vn -0.300045 -0.654215 0.694245
vn 0.591157 -0.030833 0.805967
vn -0.053655 0.789209 0.611776
vn 0.684240 0.075463 -0.725342
vn -0.178559 -0.771148 -0.611104
vn -0.815257 -0.029671 -0.578338
vn -0.814016 -0.079046 0.575439
vn 0.409935 -0.885718 0.217848
vn 0.370404 -0.774765 -0.512386
vn -0.055095 0.838747 -0.541728
vn -0.334767 0.254795 0.907199
vn 0.700731 0.515180 0.493525
vn 0.859635 0.409657 -0.305300
vn 0.076025 0.990311 -0.116209
vn 0.533922 -0.498303 0.683097
vn -0.675423 0.569978 0.467897
vn -0.676322 0.608015 -0.415820
vn 0.947366 -0.319815 -0.014721
vn 0.561930 -0.826395 -0.036137
vn 0.443508 -0.895422 -0.038989
vn 0.194225 -0.129036 -0.972433
vn 0.824465 0.117118 -0.553661
vn 0.532677 -0.435642 -0.725583
vn 0.824466 0.117113 -0.553661
vn 0.258541 -0.186370 -0.947852
vn 0.532657 -0.435676 -0.725578
vn -0.018487 0.853405 -0.520921
vn -0.197681 0.213375 -0.956762
vn 0.446559 0.747871 -0.491197
vn -0.043850 0.996020 -0.077591
vn -0.741623 0.640834 0.198309
vn -0.707223 0.632403 -0.316072
vn 0.727250 -0.624556 -0.284670
vn 0.978767 0.091701 0.183320
vn 0.727261 -0.646320 0.231002
vn -0.727234 0.624574 0.284671
vn 0.096019 0.993620 -0.059153
vn -0.707245 0.632376 -0.316077
vn 0.534368 -0.496564 0.684014
vn 0.559954 0.292848 0.775043
vn 0.197659 -0.213384 0.956764
vn 0.988896 0.093764 -0.115296
vn 0.741563 -0.655219 0.144124
vn 0.955714 -0.095255 0.278456
vn -0.194235 0.128999 0.972436
vn -0.016989 0.805354 0.592551
vn -0.532667 0.435660 0.725580
vn -0.485404 0.456315 -0.745761
vn 0.247724 0.629862 -0.736143
vn -0.197667 0.213391 -0.956761
vn 0.810486 0.222039 0.542044
vn 0.261880 -0.268367 0.927037
vn 0.564450 0.430915 0.704066
vn 0.896272 0.443133 0.018165
vn 0.896269 0.443138 0.018168
vn -0.896268 -0.443141 -0.018173
vn -0.947368 0.319808 0.014723
vn -0.896265 -0.443147 -0.018168
vn -0.556074 0.830340 0.036301
vn -0.260131 0.964669 0.041782
vn -0.609841 0.791764 0.034694
vn 0.069239 0.910893 -0.406793
vn 0.825223 0.461155 0.326102
vn 0.159753 0.970462 0.180783
vn 0.608507 0.451405 -0.652651
vn 0.380441 0.717865 0.583040
vn -0.532639 0.435665 0.725598
vn 0.265124 0.868183 0.419485
vn -0.534337 0.496609 -0.684005
vn 0.707054 -0.603388 -0.368779
vn -0.128355 0.070636 0.989210
vn -0.019642 0.959947 0.279492
vn 0.607935 0.566748 -0.556068
vn 0.579141 -0.532958 0.616888
vn 0.658312 0.752077 0.031696
vn 0.947216 0.294162 -0.127473
vn -0.656669 -0.753619 -0.029064
vn -0.656446 -0.753791 -0.029626
vn -0.655842 -0.754261 -0.031001
vn -0.655723 -0.754310 -0.032321
vn -0.655837 -0.754266 -0.031002
vn -0.655985 -0.754059 -0.032841
vn -0.656461 -0.753598 -0.033911
vn -0.656677 -0.753384 -0.034465
vn -0.658798 -0.751511 -0.034880
vn -0.657608 -0.752549 -0.034952
vn -0.657610 -0.752548 -0.034943
vn -0.657835 -0.752622 -0.028533
vn -0.657362 -0.753035 -0.028511
vn -0.659274 -0.751093 -0.034888
vn -0.659020 -0.751586 -0.028474
vn -0.660791 -0.749870 -0.032409
vn -0.659966 -0.750510 -0.034337
vn -0.660187 -0.750342 -0.033779
vn -0.659020 -0.751586 -0.028476
vn -0.659953 -0.750749 -0.028951
vn -0.660176 -0.750532 -0.029494
vn -0.660792 -0.749869 -0.032412
vn -0.660658 -0.750065 -0.030563
vn -0.660917 -0.749815 -0.031082
vn 0.338679 0.630645 0.698271
vn 0.498817 0.865927 0.036761
vn 0.498826 0.865922 0.036765
vn 0.194489 0.980006 0.041967
vn -0.894675 0.446265 0.020114
vn -0.187568 -0.981351 -0.042055
vn 0.129167 0.990712 0.042501
vn -0.195686 0.979751 0.042357
vn -0.320154 -0.946503 -0.040418
vn 0.531089 -0.493909 0.688476
vn 0.368824 -0.422365 -0.827996
vn -0.441066 -0.896664 -0.038148
vn -0.343213 0.900393 0.267390
vn 0.070278 0.872611 0.483333
vn -0.023019 0.313416 0.949337
vn 0.761631 -0.259646 0.593718
vn 0.988871 0.083557 0.123095
vn 0.948460 -0.208963 -0.238239
vn 0.458554 0.068315 -0.886037
vn 0.247723 0.629865 -0.736141
vn -0.172065 0.786636 -0.592956
vn 0.947366 -0.319814 -0.014723
vn -0.830709 -0.556228 -0.023100
vn -0.519159 -0.853910 -0.036229
vn -0.359485 -0.932303 -0.039765
vn -0.897473 0.440621 0.019874
vn -0.997768 -0.066747 -0.001862
vn -0.997768 -0.066744 -0.001861
vn -0.066770 0.996843 0.042972
vn -0.556706 0.829917 0.036284
vn -0.556707 0.829916 0.036283
vn 0.830711 0.556224 0.023100
vn 0.441066 0.896663 0.038145
vn 0.441070 0.896662 0.038142
vn 0.999752 -0.022198 -0.001969
vn 0.933154 -0.359102 -0.016403
vn 0.987873 0.155162 0.005678
vn 0.480596 -0.876110 -0.038194
vn 0.066761 -0.996843 -0.042973
vn 0.628397 -0.777146 -0.034085
vn -0.886556 -0.039518 -0.460930
vn -0.897475 0.440617 0.019869
vn -0.486736 0.274709 -0.829230
vn 0.640450 0.541760 -0.544352
vn 0.519151 0.853914 0.036228
vn 0.876945 0.480184 0.019780
vn -0.440332 0.681887 -0.584071
vn -0.066766 0.996843 0.042972
vn -0.036975 0.575844 -0.816723
vn 0.973529 -0.075400 -0.215770
vn -0.195792 0.211753 -0.957511
vn 0.220206 0.607109 -0.763497
vn -0.213373 0.943821 0.252337
vn 0.741574 -0.655209 0.144113
vn 0.988895 0.093767 -0.115299
vn 0.948419 0.236070 0.211593
vn -0.741572 0.655210 -0.144119
vn -0.043710 0.986017 0.160812
vn 0.116231 0.980197 -0.160324
vn -0.483231 0.389948 0.783854
vn 0.160000 0.579708 0.798961
vn 0.070298 0.872620 0.483314
vn 0.261896 -0.268330 0.927044
vn 0.810486 0.222061 0.542035
vn 0.564461 0.430922 0.704053
vn 0.483236 -0.389949 -0.783851
vn 0.586070 0.272597 -0.763029
vn 0.874883 0.207163 -0.437794
vn -0.261906 0.268337 -0.927039
vn 0.134526 0.857535 -0.496525
vn 0.380884 0.649062 -0.658518
vn 0.424473 0.736345 -0.526896
vn 0.650553 0.491799 0.578718
vn 0.904702 -0.337752 -0.259689
vn -0.465822 0.839127 0.280848
vn 0.195804 -0.211751 0.957508
vn 0.650544 0.491813 0.578717
vn -0.539954 -0.261309 -0.800104
vn 0.213380 -0.943813 -0.252361
vn 0.904702 -0.337749 -0.259693
vn -0.465819 0.839127 0.280855
vn -0.973534 0.075406 0.215744
vn -0.420999 -0.827250 -0.372045
vn 0.043638 0.729611 -0.682468
vn 0.180729 -0.507920 -0.842232
vn -0.336632 0.417900 -0.843824
vn -0.925294 0.190887 -0.327708
vn 0.707062 -0.603376 -0.368782
vn 0.128355 -0.070652 -0.989208
vn -0.579133 0.532953 -0.616900
vn -0.707063 0.603376 0.368780
vn -0.128349 0.070645 0.989210
vn 0.579138 -0.532951 0.616898
vn -0.170666 0.954565 0.244292
vn 0.608508 0.451422 -0.652638
vn 0.978150 -0.032089 -0.205409
vn 0.265110 0.868185 0.419490
vn 0.374940 0.224866 -0.899364
vn 0.483104 0.849722 -0.211149
vn 0.854677 -0.518642 -0.023188
vn 0.648907 -0.219158 -0.728621
vn 0.210625 0.583169 -0.784570
vn 0.687003 0.138882 -0.713259
vn 0.999751 -0.022209 -0.001968
vn -0.709493 0.374397 -0.597031
vn -0.434828 0.009693 -0.900461
vn 0.854676 -0.518644 -0.023189
vn 0.066761 -0.996843 -0.042973
vn -0.195799 0.211764 -0.957507
vn -0.726829 0.624141 0.286648
vn -0.220209 -0.607110 0.763495
vn 0.726829 -0.624140 -0.286652
vn 0.195799 -0.211760 0.957507
vn 0.726825 -0.624141 -0.286658
vn -0.726829 0.624143 0.286643
vn 0.539969 0.261317 0.800092
vn -0.210028 0.947136 -0.242532
vn 0.134522 0.857536 -0.496524
vn 0.978767 0.091688 0.183325
vn 0.825767 0.068830 0.559795
vn 0.446561 0.747880 -0.491182
vn 0.338684 0.630657 0.698259
vn 0.660548 0.516904 0.544506
vn 0.841880 0.396429 -0.366172
vn -0.302220 0.485474 -0.820353
vn -0.053333 0.813739 -0.578778
vn 0.695271 0.015388 -0.718583
vn 0.576401 0.417382 -0.702534
vn -0.656771 -0.412960 -0.630964
vn 0.305692 0.653895 -0.692079
vn -0.307181 -0.592021 -0.745084
vn 0.045668 -0.661638 -0.748431
vn 0.594285 -0.330217 -0.733336
vn 0.386055 -0.545680 -0.743771
vn 0.424459 0.736350 -0.526900
vn -0.306631 0.909090 -0.282016
vn -0.470904 -0.195778 -0.860187
vn 0.914215 -0.297478 -0.275169
vn -0.830704 -0.556234 -0.023100
vn -0.897472 0.440624 0.019875
vn -0.066767 0.996843 0.042973
vn 0.830709 0.556227 0.023103
vn -0.997768 -0.066750 -0.001864
vn -0.556704 0.829919 0.036275
vn 0.717344 -0.696312 -0.023824
vn 0.944475 -0.308690 -0.112592
vn 0.945576 0.319825 0.059985
vn 0.717347 -0.696308 -0.023827
vn 0.480145 -0.544393 0.687821
vn 0.717351 -0.696305 -0.023831
vn 0.717350 -0.696306 -0.023823
vn 0.480140 -0.544392 0.687825
vn 0.022810 -0.880540 0.473423
vn 0.717358 -0.696297 -0.023820
vn 0.177551 -0.960086 -0.216124
vn 0.717356 -0.696299 -0.023816
vn 0.717350 -0.696305 -0.023824
vn 0.596878 -0.512892 -0.616992
vn 0.534348 -0.440333 -0.721512
vn 0.717348 -0.696307 -0.023822
vn 0.717346 -0.696309 -0.023829
vn 0.934839 -0.327190 0.137922
vn 0.679156 -0.068628 0.730778
vn 0.717351 -0.696305 -0.023824
vn 0.550880 -0.601200 0.578869
vn 0.165929 -0.982389 0.085905
vn 0.025040 -0.997043 -0.072657
vn 0.717353 -0.696303 -0.023819
vn 0.534350 -0.440328 -0.721513
vn 0.717351 -0.696305 -0.023825
vn 0.733377 0.035462 -0.678897
vn 0.717343 -0.696313 -0.023820
vn 0.717351 -0.696305 -0.023831
vn 0.717351 -0.696304 -0.023831
vn -0.851288 -0.519855 -0.071131
vn -0.966504 0.030322 -0.254856
vn 0.717351 -0.696304 -0.023831
vn 0.063881 -0.801703 -0.594299
vn -0.892975 0.439678 0.096331
vn -0.151839 0.958513 0.241241
vn -0.550881 0.601195 -0.578873
vn -0.480141 0.544394 -0.687823
vn -0.366020 0.447469 -0.815967
vn -0.009172 0.756236 -0.654235
vn 0.110298 0.982634 -0.149212
vn -0.063399 0.652142 0.755441
vn -0.429809 0.325014 0.842395
vn -0.466205 0.075460 -0.881453
vn -0.429808 0.325014 0.842396
vn 0.293963 0.952325 0.081623
vn -0.534347 0.440330 0.721514
vn -0.532598 -0.051999 0.844770
vn 0.109421 0.992316 -0.057757
vn 0.965608 0.235812 0.109515
vn 0.341740 0.182942 -0.921817
vn 0.097140 0.318436 0.942954
vn 0.741476 -0.655152 0.144874
vn -0.741478 0.655154 -0.144859
vn 0.129734 -0.071869 -0.988941
vn -0.129717 0.071855 0.988944
vn -0.751444 0.659076 -0.030848
vn -0.195811 0.211765 -0.957504
vn -0.627610 0.525150 0.574737
vn 0.415586 -0.398252 0.817731
vn 0.726827 -0.624138 -0.286660
vn -0.044097 -0.003509 0.999021
vn 0.726827 -0.624138 -0.286661
vn 0.650597 0.491795 0.578672
vn 0.424486 0.736286 -0.526968
vn -0.465808 0.839154 0.280791
vn 0.195802 -0.211756 0.957508
vn -0.726831 0.624149 0.286628
vn 0.904701 -0.337747 -0.259697
vn 0.726829 -0.624136 -0.286658
vn -0.195784 0.211747 -0.957513
vn -0.195805 0.211761 -0.957506
vn 0.339597 -0.473410 -0.812747
vn -0.610894 -0.006784 -0.791683
vn 0.268871 0.582296 -0.767229
vn 0.882145 -0.325629 -0.340274
vn 0.686972 0.138888 -0.713288
vn -0.440326 0.681901 -0.584058
vn -0.349010 -0.681852 -0.642861
vn 0.247032 0.629124 -0.737006
vn 0.978884 0.089881 0.183596
vn -0.017998 0.804837 0.593223
vn 0.559279 0.292009 0.775846
vn 0.093771 0.993800 -0.059734
vn 0.810411 0.223825 0.541420
vn 0.564794 0.432324 0.702925
vn -0.169355 0.954802 0.244277
vn -0.030166 0.990060 -0.137373
vn -0.017259 0.853705 -0.520471
vn 0.448046 0.748288 -0.489204
vn 0.978211 -0.030761 -0.205323
vn 0.955835 -0.094096 0.278433
vn 0.157398 0.970697 0.181583
vn 0.808941 0.270100 -0.522169
vn 0.842903 0.361364 0.398660
vn 0.607928 0.450320 -0.653939
vn 0.824111 0.116077 -0.554406
vn 0.067890 0.910474 -0.407955
vn 0.137881 0.811568 0.567756
vn 0.608407 0.568037 -0.554234
vn 0.509720 0.733971 0.448856
vn 0.337612 0.629873 0.699484
vn 0.947797 0.291886 -0.128383
vn 0.737234 0.513754 -0.438798
vn 0.058834 -0.865484 -0.497469
vn -0.738191 -0.474214 -0.479785
vn -0.797495 0.411077 -0.441608
vn -0.059731 0.905046 -0.421099
vn -0.419912 0.498254 -0.758562
vn -0.633404 0.277074 -0.722516
vn -0.733752 0.503918 -0.455714
vn -0.407276 0.794348 -0.450708
vn -0.360201 0.883422 -0.299699
vn -0.136425 0.717630 -0.682932
vn -0.869767 0.183325 -0.458146
vn -0.811191 0.088969 -0.577974
vn -0.474918 0.596950 -0.646609
vn -0.902605 0.402981 -0.151363
vn -0.953298 0.092875 -0.287396
vn -0.998660 0.037531 -0.035637
vn -0.950485 -0.305101 -0.059089
vn -0.948709 0.260757 0.178765
vn -0.950821 0.258875 0.170066
vn -0.899953 0.122636 0.418384
vn -0.856556 0.004801 0.516032
vn -0.790026 0.367831 0.490468
vn -0.734363 0.287565 0.614832
vn 0.259417 0.298683 -0.918418
vn 0.038333 0.073593 -0.996551
vn 0.519006 0.556879 -0.648474
vn 0.245235 0.933672 -0.260991
vn 0.657372 0.687777 -0.307935
vn 0.695656 0.713965 0.079473
vn 0.219313 0.883901 0.413064
vn 0.628036 0.631459 0.454786
vn 0.464804 0.452820 0.760862
vn -0.192244 0.610482 0.768345
vn 0.186805 0.159285 0.969398
vn -0.557758 0.467070 0.686114
vn -0.038337 -0.073590 0.996551
vn -0.301631 -0.341208 0.890279
vn -0.519006 -0.556881 0.648472
vn -0.657370 -0.687775 0.307943
vn -0.695658 -0.713964 -0.079469
vn -0.628034 -0.631456 -0.454792
vn -0.464795 -0.452815 -0.760871
vn -0.230804 -0.205238 -0.951108
vn -0.007777 0.026185 -0.999627
vn -0.429443 -0.414982 -0.802103
vn -0.628031 -0.631459 -0.454794
vn -0.657372 -0.687775 0.307941
vn -0.487122 -0.525703 0.697387
vn -0.259419 -0.298679 0.918418
vn -0.487678 0.304408 0.818233
vn 0.007774 -0.026186 0.999627
vn -0.498686 0.665773 0.555031
vn 0.273788 0.250292 0.928652
vn -0.069229 0.740629 0.668338
vn 0.498119 0.488669 0.716296
vn -0.110773 0.939989 0.322724
vn 0.695658 0.713964 0.079475
vn -0.065420 0.995330 0.070978
vn -0.091103 0.977765 -0.188882
vn 0.519004 0.556881 -0.648474
vn 0.259420 0.298679 -0.918418
vn -0.364453 0.879282 -0.306655
vn -0.397962 0.915909 0.052320
vn -0.485971 0.816352 0.312093
vn -0.230807 -0.205238 -0.951108
vn -0.695653 -0.713967 -0.079480
vn 0.628036 0.631458 0.454787
vn 0.657372 0.687777 -0.307937
vt 0.355705 0.237792
vt 0.295105 0.328071
vt 0.280266 0.313231
vt 0.391665 0.201832
vt 0.425475 0.197701
vt 0.406504 0.216672
vt 0.458262 0.161182
vt 0.518862 0.070903
vt 0.533701 0.085743
vt 0.422302 0.197142
vt 0.388492 0.201273
vt 0.407462 0.182302
vt 0.557949 0.107683
vt 0.547523 0.053769
vt 0.583119 0.018173
vt 0.291933 0.327512
vt 0.352532 0.237233
vt 0.367372 0.252072
vt 0.557949 0.106662
vt 0.547523 0.052747
vt 0.583119 0.017152
vt 0.546801 0.055378
vt 0.582397 0.019782
vt 0.696705 0.119718
vt 0.546801 0.051138
vt 0.582397 0.015542
vt 0.696705 0.115478
vt 0.406504 0.216672
vt 0.373685 0.219812
vt 0.391665 0.201832
vt 0.388525 0.234652
vt 0.355705 0.237792
vt 0.373685 0.219812
vt 0.461435 0.161741
vt 0.428615 0.164882
vt 0.446595 0.146902
vt 0.443455 0.179721
vt 0.410635 0.182862
vt 0.428615 0.164882
vt 0.407462 0.182302
vt 0.440282 0.179162
vt 0.422302 0.197142
vt 0.425442 0.164322
vt 0.458262 0.161182
vt 0.440282 0.179162
vt 0.352532 0.237233
vt 0.385352 0.234092
vt 0.367372 0.252072
vt 0.370512 0.219253
vt 0.403332 0.216113
vt 0.385352 0.234092
vt 0.522034 0.071463
vt 0.461435 0.161741
vt 0.446595 0.146902
vt 0.355705 0.237792
vt 0.370545 0.252632
vt 0.295105 0.328071
vt 0.391665 0.201832
vt 0.410635 0.182862
vt 0.425475 0.197701
vt 0.458262 0.161182
vt 0.443422 0.146343
vt 0.518862 0.070903
vt 0.422302 0.197142
vt 0.403332 0.216113
vt 0.388492 0.201273
vt 0.583119 0.018173
vt 0.697427 0.018173
vt 0.697427 0.118109
vt 0.697427 0.118109
vt 0.583119 0.118109
vt 0.557949 0.107683
vt 0.557949 0.107683
vt 0.547523 0.082513
vt 0.547523 0.053769
vt 0.547523 0.053769
vt 0.557949 0.028599
vt 0.583119 0.018173
vt 0.583119 0.018173
vt 0.697427 0.118109
vt 0.557949 0.107683
vt 0.291933 0.327512
vt 0.277093 0.312672
vt 0.352532 0.237233
vt 0.583119 0.017152
vt 0.697427 0.017152
vt 0.697427 0.117087
vt 0.697427 0.117087
vt 0.583119 0.117087
vt 0.557949 0.106662
vt 0.557949 0.106662
vt 0.547523 0.081492
vt 0.547523 0.052747
vt 0.547523 0.052747
vt 0.557949 0.027577
vt 0.583119 0.017152
vt 0.583119 0.017152
vt 0.697427 0.117087
vt 0.557949 0.106662
vt 0.696705 0.119718
vt 0.582397 0.119718
vt 0.557227 0.109292
vt 0.557227 0.109292
vt 0.546801 0.084122
vt 0.546801 0.055378
vt 0.546801 0.055378
vt 0.557227 0.030208
vt 0.582397 0.019782
vt 0.582397 0.019782
vt 0.696705 0.019782
vt 0.696705 0.119718
vt 0.696705 0.119718
vt 0.557227 0.109292
vt 0.546801 0.055378
vt 0.696705 0.115478
vt 0.582397 0.115478
vt 0.557227 0.105052
vt 0.557227 0.105052
vt 0.546801 0.079883
vt 0.546801 0.051138
vt 0.546801 0.051138
vt 0.557227 0.025968
vt 0.582397 0.015542
vt 0.582397 0.015542
vt 0.696705 0.015542
vt 0.696705 0.115478
vt 0.696705 0.115478
vt 0.557227 0.105052
vt 0.546801 0.051138
vt 0.406504 0.216672
vt 0.388525 0.234652
vt 0.373685 0.219812
vt 0.388525 0.234652
vt 0.370545 0.252632
vt 0.355705 0.237792
vt 0.461435 0.161741
vt 0.443455 0.179721
vt 0.428615 0.164882
vt 0.443455 0.179721
vt 0.425475 0.197701
vt 0.410635 0.182862
vt 0.407462 0.182302
vt 0.425442 0.164322
vt 0.440282 0.179162
vt 0.425442 0.164322
vt 0.443422 0.146343
vt 0.458262 0.161182
vt 0.352532 0.237233
vt 0.370512 0.219253
vt 0.385352 0.234092
vt 0.370512 0.219253
vt 0.388492 0.201273
vt 0.403332 0.216113
vt 0.522034 0.071463
vt 0.536874 0.086302
vt 0.461435 0.161741
vt 0.818999 0.778579
vt 0.914116 0.629338
vt 0.914250 0.778493
vt 0.819558 0.776844
vt 0.797985 0.627646
vt 0.819560 0.626737
vt 0.914250 0.607743
vt 0.818864 0.629424
vt 0.818692 0.607829
vt 0.915119 0.626737
vt 0.819713 0.605144
vt 0.914965 0.605144
vt 0.962003 0.951947
vt 0.995228 0.927786
vt 0.995228 0.951947
vt 0.962003 0.973785
vt 0.995228 0.997947
vt 0.962003 0.997947
vt 0.891213 0.476628
vt 0.812319 0.505639
vt 0.812040 0.418794
vt 0.811243 0.242324
vt 0.890323 0.270676
vt 0.890586 0.328813
vt 0.890586 0.328813
vt 0.949127 0.418229
vt 0.890991 0.418491
vt 0.987917 0.416256
vt 0.948723 0.328551
vt 0.987521 0.328509
vt 0.724791 0.329561
vt 0.672336 0.417680
vt 0.671940 0.329934
vt 0.812040 0.418794
vt 0.724791 0.329561
vt 0.811636 0.329170
vt 0.797985 0.627646
vt 0.702434 0.776609
vt 0.702733 0.627455
vt 0.895523 0.477370
vt 0.939836 0.465060
vt 0.928300 0.509248
vt 0.890586 0.328813
vt 0.812040 0.418794
vt 0.811636 0.329170
vt 0.797126 0.778598
vt 0.818864 0.629424
vt 0.818999 0.778579
vt 0.701562 0.778493
vt 0.680153 0.629259
vt 0.701730 0.628386
vt 0.702733 0.627455
vt 0.680476 0.776565
vt 0.681162 0.626459
vt 0.797126 0.778598
vt 0.701730 0.628386
vt 0.797289 0.628491
vt 0.819558 0.776844
vt 0.915119 0.626737
vt 0.915121 0.776844
vt 0.626731 0.450373
vt 0.578989 0.473778
vt 0.578989 0.450373
vt 0.507357 0.230394
vt 0.494830 0.202378
vt 0.507357 0.202378
vt 0.517136 0.287214
vt 0.532565 0.270977
vt 0.532565 0.287214
vt 0.517136 0.217712
vt 0.532565 0.234161
vt 0.517136 0.234161
vt 0.517136 0.180764
vt 0.532565 0.164103
vt 0.532565 0.180764
vt 0.507357 0.173801
vt 0.494830 0.145344
vt 0.507357 0.145344
vt 0.507357 0.344240
vt 0.494830 0.315784
vt 0.507357 0.315784
vt 0.507357 0.116716
vt 0.494830 0.088480
vt 0.507357 0.088480
vt 0.517136 0.004110
vt 0.532565 0.020771
vt 0.517136 0.020771
vt 0.507357 0.059955
vt 0.494830 0.031939
vt 0.507357 0.031939
vt 0.507357 0.287155
vt 0.494830 0.258919
vt 0.507357 0.258919
vt 0.517136 0.057719
vt 0.532565 0.074168
vt 0.517136 0.074168
vt 0.638821 0.473778
vt 0.626731 0.450373
vt 0.638821 0.450373
vt 0.756065 0.473778
vt 0.743975 0.450373
vt 0.756065 0.450373
vt 0.719595 0.473778
vt 0.703799 0.450373
vt 0.719595 0.450373
vt 0.995228 0.951947
vt 0.962003 0.973785
vt 0.962003 0.951947
vt 0.494830 0.202378
vt 0.507357 0.173801
vt 0.507357 0.202378
vt 0.494830 0.088480
vt 0.507357 0.059955
vt 0.507357 0.088480
vt 0.507357 0.315784
vt 0.494830 0.287155
vt 0.507357 0.287155
vt 0.507357 0.116716
vt 0.494830 0.145344
vt 0.494830 0.116716
vt 0.507357 0.003361
vt 0.494830 0.031939
vt 0.494830 0.003361
vt 0.507357 0.230394
vt 0.494830 0.258919
vt 0.494830 0.230394
vt 0.517136 0.110984
vt 0.532565 0.127221
vt 0.517136 0.127221
vt 0.517136 0.217712
vt 0.532565 0.180764
vt 0.532565 0.217712
vt 0.532565 0.324096
vt 0.517136 0.287214
vt 0.532565 0.287214
vt 0.532565 0.110984
vt 0.517136 0.074168
vt 0.532565 0.074168
vt 0.532565 0.127221
vt 0.517136 0.164103
vt 0.517136 0.127221
vt 0.532565 0.234161
vt 0.517136 0.270977
vt 0.517136 0.234161
vt 0.517136 0.020771
vt 0.532565 0.057719
vt 0.517136 0.057719
vt 0.494830 0.145344
vt 0.489613 0.131072
vt 0.494830 0.116716
vt 0.829839 0.948499
vt 0.844705 0.974433
vt 0.818216 0.955939
vt 0.829839 0.935019
vt 0.829839 0.948499
vt 0.818216 0.955939
vt 0.912270 0.918134
vt 0.912270 0.935361
vt 0.897404 0.909427
vt 0.923894 0.956377
vt 0.909606 0.981126
vt 0.897350 0.974683
vt 0.909657 0.983020
vt 0.897404 0.976677
vt 0.923894 0.958183
vt 0.912270 0.937263
vt 0.923894 0.958183
vt 0.912270 0.950743
vt 0.923894 0.929727
vt 0.912270 0.937263
vt 0.897351 0.911421
vt 0.923894 0.958183
vt 0.912270 0.937263
vt 0.923894 0.929727
vt 0.909606 0.904978
vt 0.923894 0.929727
vt 0.897351 0.911421
vt 0.856818 0.891058
vt 0.885343 0.890970
vt 0.885975 0.904853
vt 0.897351 0.911421
vt 0.885975 0.904853
vt 0.909606 0.904978
vt 0.885292 0.997290
vt 0.885921 0.983402
vt 0.909657 0.983020
vt 0.829839 0.935019
vt 0.818216 0.927483
vt 0.844759 0.909178
vt 0.897404 0.976677
vt 0.912270 0.950743
vt 0.923894 0.958183
vt 0.856189 0.904945
vt 0.856818 0.891058
vt 0.885975 0.904853
vt 0.856135 0.983495
vt 0.885921 0.983402
vt 0.885292 0.997290
vt 0.818216 0.930165
vt 0.832453 0.905328
vt 0.844706 0.911671
vt 0.856135 0.983495
vt 0.885292 0.997290
vt 0.856767 0.997378
vt 0.832453 0.905328
vt 0.856818 0.891058
vt 0.856189 0.904945
vt 0.856135 0.983495
vt 0.856767 0.997378
vt 0.832504 0.983370
vt 0.832453 0.905328
vt 0.856189 0.904945
vt 0.844706 0.911671
vt 0.844759 0.976927
vt 0.856135 0.983495
vt 0.832504 0.983370
vt 0.829840 0.937605
vt 0.818216 0.930165
vt 0.844706 0.911671
vt 0.832504 0.983370
vt 0.818216 0.958621
vt 0.844759 0.976927
vt 0.885975 0.904853
vt 0.885343 0.890970
vt 0.909606 0.904978
vt 0.885921 0.983402
vt 0.897404 0.976677
vt 0.909657 0.983020
vt 0.818216 0.930165
vt 0.829840 0.937605
vt 0.829840 0.951085
vt 0.818216 0.930165
vt 0.829840 0.951085
vt 0.818216 0.958621
vt 0.818216 0.958621
vt 0.829840 0.951085
vt 0.844759 0.976927
vt 0.885292 0.888814
vt 0.885921 0.902702
vt 0.856135 0.902609
vt 0.856766 0.888726
vt 0.856135 0.902609
vt 0.832504 0.902734
vt 0.844705 0.974433
vt 0.856189 0.981159
vt 0.832453 0.980776
vt 0.844705 0.974433
vt 0.832453 0.980776
vt 0.818216 0.955939
vt 0.856766 0.888726
vt 0.885292 0.888814
vt 0.856135 0.902609
vt 0.885974 0.981251
vt 0.856818 0.995046
vt 0.856189 0.981159
vt 0.856135 0.902609
vt 0.844759 0.909178
vt 0.832504 0.902734
vt 0.885974 0.981251
vt 0.885343 0.995134
vt 0.856818 0.995046
vt 0.909657 0.903084
vt 0.885921 0.902702
vt 0.885292 0.888814
vt 0.885974 0.981251
vt 0.909606 0.981126
vt 0.885343 0.995134
vt 0.909657 0.903084
vt 0.897404 0.909427
vt 0.885921 0.902702
vt 0.897350 0.974683
vt 0.909606 0.981126
vt 0.885974 0.981251
vt 0.909657 0.903084
vt 0.912270 0.918134
vt 0.897404 0.909427
vt 0.912270 0.948841
vt 0.923894 0.956377
vt 0.897350 0.974683
vt 0.818216 0.927483
vt 0.832504 0.902734
vt 0.844759 0.909178
vt 0.856189 0.981159
vt 0.856818 0.995046
vt 0.832453 0.980776
vt 0.923894 0.927921
vt 0.912270 0.935361
vt 0.912270 0.918134
vt 0.923894 0.927921
vt 0.912270 0.948841
vt 0.912270 0.935361
vt 0.923894 0.927921
vt 0.923894 0.956377
vt 0.912270 0.948841
vt 0.829839 0.935019
vt 0.818216 0.955939
vt 0.818216 0.927483
vt 0.638821 0.473778
vt 0.663201 0.450373
vt 0.663201 0.473778
vt 0.663201 0.450373
vt 0.678997 0.473778
vt 0.663201 0.473778
vt 0.743975 0.473778
vt 0.719595 0.450373
vt 0.743975 0.450373
vt 0.558039 0.473778
vt 0.578989 0.450373
vt 0.578989 0.473778
vt 0.678997 0.450373
vt 0.703799 0.473778
vt 0.678997 0.473778
vt 0.756065 0.473778
vt 0.803807 0.450373
vt 0.803807 0.473778
vt 0.818999 0.778579
vt 0.818864 0.629424
vt 0.914116 0.629338
vt 0.819558 0.776844
vt 0.797685 0.776800
vt 0.797985 0.627646
vt 0.914250 0.607743
vt 0.914116 0.629338
vt 0.818864 0.629424
vt 0.915119 0.626737
vt 0.819560 0.626737
vt 0.819713 0.605144
vt 0.962003 0.951947
vt 0.962003 0.927786
vt 0.995228 0.927786
vt 0.962003 0.973785
vt 0.995228 0.973785
vt 0.995228 0.997947
vt 0.812040 0.418794
vt 0.890991 0.418491
vt 0.891213 0.476628
vt 0.891213 0.476628
vt 0.865200 0.505469
vt 0.812319 0.505639
vt 0.890586 0.328813
vt 0.811636 0.329170
vt 0.811243 0.242324
vt 0.811243 0.242324
vt 0.864095 0.242086
vt 0.890323 0.270676
vt 0.890586 0.328813
vt 0.948723 0.328551
vt 0.949127 0.418229
vt 0.987917 0.416256
vt 0.949127 0.418229
vt 0.948723 0.328551
vt 0.724791 0.329561
vt 0.725195 0.419186
vt 0.672336 0.417680
vt 0.812040 0.418794
vt 0.725195 0.419186
vt 0.724791 0.329561
vt 0.797985 0.627646
vt 0.797685 0.776800
vt 0.702434 0.776609
vt 0.928300 0.509248
vt 0.913902 0.509248
vt 0.902576 0.502709
vt 0.902576 0.502709
vt 0.895483 0.490423
vt 0.895523 0.477370
vt 0.895523 0.477370
vt 0.902746 0.465036
vt 0.914112 0.458521
vt 0.914112 0.458521
vt 0.928510 0.458521
vt 0.939836 0.465060
vt 0.939836 0.465060
vt 0.946929 0.477346
vt 0.946889 0.490400
vt 0.946889 0.490400
vt 0.939666 0.502733
vt 0.928300 0.509248
vt 0.928300 0.509248
vt 0.902576 0.502709
vt 0.895523 0.477370
vt 0.895523 0.477370
vt 0.914112 0.458521
vt 0.939836 0.465060
vt 0.939836 0.465060
vt 0.946889 0.490400
vt 0.928300 0.509248
vt 0.890586 0.328813
vt 0.890991 0.418491
vt 0.812040 0.418794
vt 0.797126 0.778598
vt 0.797289 0.628491
vt 0.818864 0.629424
vt 0.701562 0.778493
vt 0.679605 0.778412
vt 0.680153 0.629259
vt 0.702733 0.627455
vt 0.702434 0.776609
vt 0.680476 0.776565
vt 0.797126 0.778598
vt 0.701562 0.778493
vt 0.701730 0.628386
vt 0.819558 0.776844
vt 0.819560 0.626737
vt 0.915119 0.626737
vt 0.626731 0.450373
vt 0.626731 0.473778
vt 0.578989 0.473778
vt 0.507357 0.230394
vt 0.494830 0.230394
vt 0.494830 0.202378
vt 0.517136 0.287214
vt 0.517136 0.270977
vt 0.532565 0.270977
vt 0.517136 0.217712
vt 0.532565 0.217712
vt 0.532565 0.234161
vt 0.517136 0.180764
vt 0.517136 0.164103
vt 0.532565 0.164103
vt 0.507357 0.173801
vt 0.494830 0.173801
vt 0.494830 0.145344
vt 0.507357 0.344240
vt 0.494830 0.344240
vt 0.494830 0.315784
vt 0.507357 0.116716
vt 0.494830 0.116716
vt 0.494830 0.088480
vt 0.517136 0.004110
vt 0.532565 0.004110
vt 0.532565 0.020771
vt 0.507357 0.059955
vt 0.494830 0.059955
vt 0.494830 0.031939
vt 0.507357 0.287155
vt 0.494830 0.287155
vt 0.494830 0.258919
vt 0.517136 0.057719
vt 0.532565 0.057719
vt 0.532565 0.074168
vt 0.638821 0.473778
vt 0.626731 0.473778
vt 0.626731 0.450373
vt 0.756065 0.473778
vt 0.743975 0.473778
vt 0.743975 0.450373
vt 0.719595 0.473778
vt 0.703799 0.473778
vt 0.703799 0.450373
vt 0.995228 0.951947
vt 0.995228 0.973785
vt 0.962003 0.973785
vt 0.494830 0.202378
vt 0.494830 0.173801
vt 0.507357 0.173801
vt 0.494830 0.088480
vt 0.494830 0.059955
vt 0.507357 0.059955
vt 0.507357 0.315784
vt 0.494830 0.315784
vt 0.494830 0.287155
vt 0.507357 0.116716
vt 0.507357 0.145344
vt 0.494830 0.145344
vt 0.507357 0.003361
vt 0.507357 0.031939
vt 0.494830 0.031939
vt 0.507357 0.230394
vt 0.507357 0.258919
vt 0.494830 0.258919
vt 0.517136 0.110984
vt 0.532565 0.110984
vt 0.532565 0.127221
vt 0.517136 0.217712
vt 0.517136 0.180764
vt 0.532565 0.180764
vt 0.532565 0.324096
vt 0.517136 0.324096
vt 0.517136 0.287214
vt 0.532565 0.110984
vt 0.517136 0.110984
vt 0.517136 0.074168
vt 0.532565 0.127221
vt 0.532565 0.164103
vt 0.517136 0.164103
vt 0.532565 0.234161
vt 0.532565 0.270977
vt 0.517136 0.270977
vt 0.517136 0.020771
vt 0.532565 0.020771
vt 0.532565 0.057719
vt 0.638821 0.473778
vt 0.638821 0.450373
vt 0.663201 0.450373
vt 0.663201 0.450373
vt 0.678997 0.450373
vt 0.678997 0.473778
vt 0.743975 0.473778
vt 0.719595 0.473778
vt 0.719595 0.450373
vt 0.558039 0.473778
vt 0.558039 0.450373
vt 0.578989 0.450373
vt 0.678997 0.450373
vt 0.703799 0.450373
vt 0.703799 0.473778
vt 0.756065 0.473778
vt 0.756065 0.450373
vt 0.803807 0.450373
vt 0.929180 0.609372
vt 0.990595 0.621480
vt 0.929180 0.621480
vt 0.929181 0.745772
vt 0.990595 0.757879
vt 0.929181 0.757879
vt 0.929181 0.718492
vt 0.990595 0.730599
vt 0.929181 0.730599
vt 0.929181 0.691212
vt 0.990595 0.703319
vt 0.929181 0.703319
vt 0.929181 0.676040
vt 0.990595 0.663932
vt 0.990595 0.676040
vt 0.929180 0.648760
vt 0.990595 0.636652
vt 0.990595 0.648760
vt 0.961280 0.946844
vt 0.928054 0.922682
vt 0.961280 0.922682
vt 0.961280 0.830683
vt 0.928054 0.854844
vt 0.928054 0.830683
vt 0.961280 0.900844
vt 0.928054 0.876682
vt 0.961280 0.876682
vt 0.908920 0.552420
vt 0.991114 0.582047
vt 0.908920 0.582047
vt 0.991114 0.582047
vt 0.908920 0.589947
vt 0.908920 0.582047
vt 0.582489 0.317517
vt 0.562160 0.244308
vt 0.582489 0.244308
vt 0.716648 0.317517
vt 0.696319 0.244308
vt 0.716648 0.244308
vt 0.671754 0.317517
vt 0.651774 0.244308
vt 0.671754 0.244308
vt 0.627253 0.317517
vt 0.607098 0.244308
vt 0.627253 0.244308
vt 0.805912 0.317517
vt 0.785932 0.244308
vt 0.805912 0.244308
vt 0.761412 0.317517
vt 0.741257 0.244308
vt 0.761411 0.244308
vt 0.608687 0.822261
vt 0.616587 0.851888
vt 0.608687 0.851888
vt 0.592237 0.963953
vt 0.628612 0.993580
vt 0.592237 0.993580
vt 0.652963 0.889415
vt 0.616587 0.859788
vt 0.652963 0.859788
vt 0.628612 0.918525
vt 0.592237 0.926426
vt 0.592237 0.918525
vt 0.616587 0.897316
vt 0.652963 0.889415
vt 0.652963 0.897316
vt 0.756065 0.450373
vt 0.803807 0.426967
vt 0.803807 0.450373
vt 0.678997 0.426967
vt 0.703799 0.450373
vt 0.678997 0.450373
vt 0.558039 0.450373
vt 0.578989 0.426967
vt 0.578989 0.450373
vt 0.743975 0.450373
vt 0.719595 0.426967
vt 0.743975 0.426967
vt 0.562160 0.317517
vt 0.537595 0.244308
vt 0.562160 0.244308
vt 0.761411 0.244308
vt 0.785932 0.317517
vt 0.761412 0.317517
vt 0.716648 0.244308
vt 0.741257 0.317517
vt 0.716648 0.317517
vt 0.671754 0.244308
vt 0.696319 0.317517
vt 0.671754 0.317517
vt 0.627253 0.244308
vt 0.651774 0.317517
vt 0.627253 0.317517
vt 0.582489 0.244308
vt 0.607098 0.317517
vt 0.582489 0.317517
vt 0.695109 0.917171
vt 0.675457 0.894803
vt 0.700162 0.894726
vt 0.649450 0.981720
vt 0.637244 0.960729
vt 0.659301 0.953721
vt 0.680403 0.974121
vt 0.700055 0.996489
vt 0.675350 0.996566
vt 0.726062 0.909572
vt 0.708967 0.925115
vt 0.700162 0.894726
vt 0.882102 0.885206
vt 0.836291 0.810139
vt 0.903840 0.799880
vt 0.663201 0.426967
vt 0.678997 0.450373
vt 0.663201 0.450373
vt 0.638821 0.450373
vt 0.663201 0.426967
vt 0.663201 0.450373
vt 0.928054 0.784683
vt 0.961280 0.762844
vt 0.961280 0.784683
vt 0.928054 0.968682
vt 0.961280 0.946844
vt 0.961280 0.968682
vt 0.928054 0.922682
vt 0.961280 0.900844
vt 0.961280 0.922682
vt 0.928054 0.876682
vt 0.961280 0.854844
vt 0.961280 0.876682
vt 0.928054 0.830683
vt 0.961280 0.808844
vt 0.961280 0.830683
vt 0.961280 0.784683
vt 0.928054 0.808844
vt 0.928054 0.784683
vt 0.830149 0.564803
vt 0.835887 0.574741
vt 0.814149 0.566716
vt 0.835887 0.574741
vt 0.826230 0.587641
vt 0.814149 0.566716
vt 0.814149 0.544878
vt 0.830149 0.564803
vt 0.814149 0.566716
vt 0.990595 0.730599
vt 0.929181 0.745772
vt 0.929181 0.730599
vt 0.990595 0.648760
vt 0.929181 0.663932
vt 0.929180 0.648760
vt 0.990595 0.594200
vt 0.929180 0.609372
vt 0.929180 0.594200
vt 0.990595 0.703319
vt 0.929181 0.718492
vt 0.929181 0.703319
vt 0.990595 0.676040
vt 0.929181 0.691212
vt 0.929181 0.676040
vt 0.929180 0.621480
vt 0.990595 0.636652
vt 0.929180 0.636652
vt 0.592237 0.963953
vt 0.628612 0.956053
vt 0.628612 0.963953
vt 0.652963 0.851888
vt 0.616587 0.859788
vt 0.616587 0.851888
vt 0.628612 0.956053
vt 0.592237 0.926426
vt 0.628612 0.926426
vt 0.616587 0.822261
vt 0.652963 0.851888
vt 0.616587 0.851888
vt 0.660863 0.822261
vt 0.652963 0.851888
vt 0.652963 0.822261
vt 0.908920 0.552420
vt 0.991114 0.544519
vt 0.991114 0.552420
vt 0.991114 0.544519
vt 0.908920 0.514892
vt 0.991114 0.514892
vt 0.901020 0.544519
vt 0.908920 0.514892
vt 0.908920 0.544519
vt 0.680462 0.917217
vt 0.666605 0.925217
vt 0.675457 0.894803
vt 0.700055 0.996489
vt 0.695049 0.974075
vt 0.708907 0.966075
vt 0.649557 0.909756
vt 0.666605 0.925217
vt 0.659301 0.937777
vt 0.726062 0.909572
vt 0.738268 0.930563
vt 0.716210 0.937571
vt 0.708967 0.925115
vt 0.726062 0.909572
vt 0.716210 0.937571
vt 0.637244 0.930930
vt 0.649557 0.909756
vt 0.659301 0.937777
vt 0.738268 0.960362
vt 0.716210 0.937571
vt 0.738268 0.930563
vt 0.659301 0.937777
vt 0.659301 0.953721
vt 0.637244 0.930930
vt 0.738268 0.960362
vt 0.716210 0.953515
vt 0.716210 0.937571
vt 0.738268 0.960362
vt 0.725955 0.981536
vt 0.716210 0.953515
vt 0.666545 0.966177
vt 0.649450 0.981720
vt 0.659301 0.953721
vt 0.675350 0.996566
vt 0.649450 0.981720
vt 0.666545 0.966177
vt 0.666605 0.925217
vt 0.649557 0.909756
vt 0.675457 0.894803
vt 0.725955 0.981536
vt 0.700055 0.996489
vt 0.708907 0.966075
vt 0.680403 0.974121
vt 0.675350 0.996566
vt 0.666545 0.966177
vt 0.659301 0.953721
vt 0.637244 0.960729
vt 0.637244 0.930930
vt 0.725955 0.981536
vt 0.708907 0.966075
vt 0.716210 0.953515
vt 0.700055 0.996489
vt 0.680403 0.974121
vt 0.695049 0.974075
vt 0.708967 0.925115
vt 0.695109 0.917171
vt 0.700162 0.894726
vt 0.675457 0.894803
vt 0.695109 0.917171
vt 0.680462 0.917217
vt 0.830149 0.564803
vt 0.814149 0.544878
vt 0.830149 0.546791
vt 0.845142 0.513034
vt 0.835887 0.536853
vt 0.826230 0.523953
vt 0.888216 0.523953
vt 0.878559 0.536853
vt 0.862960 0.527848
vt 0.835887 0.574741
vt 0.845142 0.598560
vt 0.826230 0.587641
vt 0.845142 0.598560
vt 0.835887 0.574741
vt 0.851485 0.583746
vt 0.851485 0.527848
vt 0.835887 0.536853
vt 0.845142 0.513034
vt 0.869304 0.598560
vt 0.845142 0.598560
vt 0.851485 0.583746
vt 0.869304 0.513034
vt 0.862960 0.527848
vt 0.845142 0.513034
vt 0.869304 0.598560
vt 0.851485 0.583746
vt 0.862960 0.583746
vt 0.900297 0.566716
vt 0.888216 0.587641
vt 0.878559 0.574741
vt 0.869304 0.598560
vt 0.862960 0.583746
vt 0.878559 0.574741
vt 0.869304 0.513034
vt 0.888216 0.523953
vt 0.862960 0.527848
vt 0.888216 0.587641
vt 0.869304 0.598560
vt 0.878559 0.574741
vt 0.900297 0.544878
vt 0.884296 0.546791
vt 0.878559 0.536853
vt 0.884296 0.564803
vt 0.900297 0.566716
vt 0.878559 0.574741
vt 0.888216 0.523953
vt 0.900297 0.544878
vt 0.878559 0.536853
vt 0.884296 0.546791
vt 0.900297 0.566716
vt 0.884296 0.564803
vt 0.814149 0.544878
vt 0.826230 0.523953
vt 0.830149 0.546791
vt 0.862960 0.527848
vt 0.851485 0.527848
vt 0.845142 0.513034
vt 0.900297 0.566716
vt 0.884296 0.546791
vt 0.900297 0.544878
vt 0.835887 0.536853
vt 0.830149 0.546791
vt 0.826230 0.523953
vt 0.584336 0.963953
vt 0.592237 0.993580
vt 0.584336 0.993580
vt 0.719595 0.450373
vt 0.703799 0.426967
vt 0.719595 0.426967
vt 0.756065 0.450373
vt 0.743975 0.426967
vt 0.756065 0.426967
vt 0.638821 0.450373
vt 0.626731 0.426967
vt 0.638821 0.426967
vt 0.626731 0.426967
vt 0.578989 0.450373
vt 0.578989 0.426967
vt 0.929180 0.609372
vt 0.990595 0.609372
vt 0.990595 0.621480
vt 0.929181 0.745772
vt 0.990595 0.745772
vt 0.990595 0.757879
vt 0.929181 0.718492
vt 0.990595 0.718492
vt 0.990595 0.730599
vt 0.929181 0.691212
vt 0.990595 0.691212
vt 0.990595 0.703319
vt 0.929181 0.676040
vt 0.929181 0.663932
vt 0.990595 0.663932
vt 0.929180 0.648760
vt 0.929180 0.636652
vt 0.990595 0.636652
vt 0.961280 0.946844
vt 0.928054 0.946844
vt 0.928054 0.922682
vt 0.961280 0.830683
vt 0.961280 0.854844
vt 0.928054 0.854844
vt 0.961280 0.900844
vt 0.928054 0.900844
vt 0.928054 0.876682
vt 0.908920 0.552420
vt 0.991114 0.552420
vt 0.991114 0.582047
vt 0.991114 0.582047
vt 0.991114 0.589947
vt 0.908920 0.589947
vt 0.582489 0.317517
vt 0.562160 0.317517
vt 0.562160 0.244308
vt 0.716648 0.317517
vt 0.696319 0.317517
vt 0.696319 0.244308
vt 0.671754 0.317517
vt 0.651774 0.317517
vt 0.651774 0.244308
vt 0.627253 0.317517
vt 0.607098 0.317517
vt 0.607098 0.244308
vt 0.805912 0.317517
vt 0.785932 0.317517
vt 0.785932 0.244308
vt 0.761412 0.317517
vt 0.741257 0.317517
vt 0.741257 0.244308
vt 0.608687 0.822261
vt 0.616587 0.822261
vt 0.616587 0.851888
vt 0.592237 0.963953
vt 0.628612 0.963953
vt 0.628612 0.993580
vt 0.652963 0.889415
vt 0.616587 0.889415
vt 0.616587 0.859788
vt 0.628612 0.918525
vt 0.628612 0.926426
vt 0.592237 0.926426
vt 0.616587 0.897316
vt 0.616587 0.889415
vt 0.652963 0.889415
vt 0.756065 0.450373
vt 0.756065 0.426967
vt 0.803807 0.426967
vt 0.678997 0.426967
vt 0.703799 0.426967
vt 0.703799 0.450373
vt 0.558039 0.450373
vt 0.558039 0.426967
vt 0.578989 0.426967
vt 0.743975 0.450373
vt 0.719595 0.450373
vt 0.719595 0.426967
vt 0.562160 0.317517
vt 0.537595 0.317517
vt 0.537595 0.244308
vt 0.761411 0.244308
vt 0.785932 0.244308
vt 0.785932 0.317517
vt 0.716648 0.244308
vt 0.741257 0.244308
vt 0.741257 0.317517
vt 0.671754 0.244308
vt 0.696319 0.244308
vt 0.696319 0.317517
vt 0.627253 0.244308
vt 0.651774 0.244308
vt 0.651774 0.317517
vt 0.582489 0.244308
vt 0.607098 0.244308
vt 0.607098 0.317517
vt 0.903840 0.799880
vt 0.921617 0.817656
vt 0.921617 0.874948
vt 0.921617 0.874948
vt 0.911358 0.885206
vt 0.882102 0.885206
vt 0.882102 0.885206
vt 0.864589 0.877952
vt 0.843545 0.856907
vt 0.843545 0.856907
vt 0.836291 0.839395
vt 0.836291 0.810139
vt 0.836291 0.810139
vt 0.846549 0.799880
vt 0.903840 0.799880
vt 0.903840 0.799880
vt 0.921617 0.874948
vt 0.882102 0.885206
vt 0.882102 0.885206
vt 0.843545 0.856907
vt 0.836291 0.810139
vt 0.663201 0.426967
vt 0.678997 0.426967
vt 0.678997 0.450373
vt 0.638821 0.450373
vt 0.638821 0.426967
vt 0.663201 0.426967
vt 0.928054 0.784683
vt 0.928054 0.762844
vt 0.961280 0.762844
vt 0.928054 0.968682
vt 0.928054 0.946844
vt 0.961280 0.946844
vt 0.928054 0.922682
vt 0.928054 0.900844
vt 0.961280 0.900844
vt 0.928054 0.876682
vt 0.928054 0.854844
vt 0.961280 0.854844
vt 0.928054 0.830683
vt 0.928054 0.808844
vt 0.961280 0.808844
vt 0.961280 0.784683
vt 0.961280 0.808844
vt 0.928054 0.808844
vt 0.990595 0.730599
vt 0.990595 0.745772
vt 0.929181 0.745772
vt 0.990595 0.648760
vt 0.990595 0.663932
vt 0.929181 0.663932
vt 0.990595 0.594200
vt 0.990595 0.609372
vt 0.929180 0.609372
vt 0.990595 0.703319
vt 0.990595 0.718492
vt 0.929181 0.718492
vt 0.990595 0.676040
vt 0.990595 0.691212
vt 0.929181 0.691212
vt 0.929180 0.621480
vt 0.990595 0.621480
vt 0.990595 0.636652
vt 0.592237 0.963953
vt 0.592237 0.956053
vt 0.628612 0.956053
vt 0.652963 0.851888
vt 0.652963 0.859788
vt 0.616587 0.859788
vt 0.628612 0.956053
vt 0.592237 0.956053
vt 0.592237 0.926426
vt 0.616587 0.822261
vt 0.652963 0.822261
vt 0.652963 0.851888
vt 0.660863 0.822261
vt 0.660863 0.851888
vt 0.652963 0.851888
vt 0.908920 0.552420
vt 0.908920 0.544519
vt 0.991114 0.544519
vt 0.991114 0.544519
vt 0.908920 0.544519
vt 0.908920 0.514892
vt 0.901020 0.544519
vt 0.901020 0.514892
vt 0.908920 0.514892
vt 0.584336 0.963953
vt 0.592237 0.963953
vt 0.592237 0.993580
vt 0.719595 0.450373
vt 0.703799 0.450373
vt 0.703799 0.426967
vt 0.756065 0.450373
vt 0.743975 0.450373
vt 0.743975 0.426967
vt 0.638821 0.450373
vt 0.626731 0.450373
vt 0.626731 0.426967
vt 0.626731 0.426967
vt 0.626731 0.450373
vt 0.578989 0.450373
vt 0.414083 0.020191
vt 0.394006 0.009194
vt 0.414083 0.005200
vt 0.440583 0.031167
vt 0.463030 0.037589
vt 0.448707 0.043325
vt 0.440583 0.084166
vt 0.463030 0.077745
vt 0.463030 0.094766
vt 0.414084 0.095142
vt 0.394006 0.106139
vt 0.399742 0.092290
vt 0.379460 0.043325
vt 0.365137 0.057667
vt 0.365137 0.037589
vt 0.387584 0.031167
vt 0.394006 0.009194
vt 0.399742 0.023043
vt 0.440583 0.031167
vt 0.434161 0.009194
vt 0.463030 0.020567
vt 0.448707 0.072008
vt 0.463030 0.057667
vt 0.463030 0.077745
vt 0.414084 0.095142
vt 0.434161 0.106139
vt 0.414084 0.110133
vt 0.387584 0.084166
vt 0.365137 0.077745
vt 0.379460 0.072008
vt 0.387584 0.031167
vt 0.365137 0.037589
vt 0.365137 0.020567
vt 0.414083 0.020191
vt 0.434161 0.009194
vt 0.428425 0.023043
vt 0.448707 0.043325
vt 0.463030 0.057667
vt 0.451559 0.057667
vt 0.440583 0.084166
vt 0.434161 0.106139
vt 0.428425 0.092290
vt 0.360949 0.270723
vt 0.401924 0.282747
vt 0.387449 0.297222
vt 0.379460 0.072008
vt 0.365137 0.057667
vt 0.376608 0.057667
vt 0.387584 0.084166
vt 0.394006 0.106139
vt 0.365137 0.094766
vt 0.434161 0.010684
vt 0.434161 0.107629
vt 0.365137 0.079234
vt 0.312776 0.318896
vt 0.353472 0.331198
vt 0.339275 0.345396
vt 0.286543 0.345129
vt 0.325078 0.359593
vt 0.313042 0.371629
vt 0.298579 0.333093
vt 0.339275 0.345396
vt 0.325078 0.359593
vt 0.537138 0.094534
vt 0.541697 0.142974
vt 0.515198 0.116474
vt 0.464307 0.167365
vt 0.512746 0.171924
vt 0.490806 0.193865
vt 0.438073 0.193598
vt 0.450376 0.234295
vt 0.423876 0.207796
vt 0.389900 0.241772
vt 0.401924 0.282747
vt 0.375425 0.256247
vt 0.326973 0.304699
vt 0.365508 0.319162
vt 0.353472 0.331198
vt 0.500722 0.130949
vt 0.512746 0.171924
vt 0.486247 0.145425
vt 0.452271 0.179401
vt 0.464573 0.220098
vt 0.438073 0.193598
vt 0.411840 0.219831
vt 0.416399 0.268271
vt 0.389900 0.241772
vt 0.339009 0.292663
vt 0.387449 0.297222
vt 0.365508 0.319162
vt 0.500722 0.130949
vt 0.541697 0.142974
vt 0.527222 0.157449
vt 0.464307 0.167365
vt 0.478770 0.205901
vt 0.452271 0.179401
vt 0.423876 0.207796
vt 0.438340 0.246331
vt 0.411840 0.219831
vt 0.414083 0.020191
vt 0.399742 0.023043
vt 0.394006 0.009194
vt 0.440583 0.031167
vt 0.463030 0.020567
vt 0.463030 0.037589
vt 0.440583 0.084166
vt 0.448707 0.072008
vt 0.463030 0.077745
vt 0.414084 0.095142
vt 0.414084 0.110133
vt 0.394006 0.106139
vt 0.379460 0.043325
vt 0.376608 0.057667
vt 0.365137 0.057667
vt 0.387584 0.031167
vt 0.365137 0.020567
vt 0.394006 0.009194
vt 0.440583 0.031167
vt 0.428425 0.023043
vt 0.434161 0.009194
vt 0.448707 0.072008
vt 0.451559 0.057667
vt 0.463030 0.057667
vt 0.414084 0.095142
vt 0.428425 0.092290
vt 0.434161 0.106139
vt 0.387584 0.084166
vt 0.365137 0.094766
vt 0.365137 0.077745
vt 0.387584 0.031167
vt 0.379460 0.043325
vt 0.365137 0.037589
vt 0.414083 0.020191
vt 0.414083 0.005200
vt 0.434161 0.009194
vt 0.448707 0.043325
vt 0.463030 0.037589
vt 0.463030 0.057667
vt 0.440583 0.084166
vt 0.463030 0.094766
vt 0.434161 0.106139
vt 0.360949 0.270723
vt 0.375425 0.256247
vt 0.401924 0.282747
vt 0.379460 0.072008
vt 0.365137 0.077745
vt 0.365137 0.057667
vt 0.387584 0.084166
vt 0.399742 0.092290
vt 0.394006 0.106139
vt 0.365137 0.039078
vt 0.365137 0.022057
vt 0.394006 0.010684
vt 0.394006 0.010684
vt 0.414084 0.006690
vt 0.434161 0.010684
vt 0.434161 0.010684
vt 0.463030 0.022057
vt 0.463030 0.039078
vt 0.434161 0.010684
vt 0.463030 0.039078
vt 0.463030 0.059156
vt 0.365137 0.039078
vt 0.394006 0.010684
vt 0.434161 0.010684
vt 0.365137 0.059156
vt 0.365137 0.039078
vt 0.434161 0.010684
vt 0.434161 0.010684
vt 0.463030 0.059156
vt 0.463030 0.079234
vt 0.463030 0.079234
vt 0.463030 0.096255
vt 0.434161 0.107629
vt 0.434161 0.107629
vt 0.414083 0.111622
vt 0.394006 0.107629
vt 0.394006 0.107629
vt 0.365137 0.096255
vt 0.365137 0.079234
vt 0.365137 0.079234
vt 0.365137 0.059156
vt 0.434161 0.010684
vt 0.434161 0.010684
vt 0.463030 0.079234
vt 0.434161 0.107629
vt 0.434161 0.107629
vt 0.394006 0.107629
vt 0.365137 0.079234
vt 0.312776 0.318896
vt 0.326973 0.304699
vt 0.353472 0.331198
vt 0.286543 0.345129
vt 0.298579 0.333093
vt 0.325078 0.359593
vt 0.298579 0.333093
vt 0.312776 0.318896
vt 0.339275 0.345396
vt 0.537138 0.094534
vt 0.563638 0.121033
vt 0.541697 0.142974
vt 0.464307 0.167365
vt 0.486247 0.145425
vt 0.512746 0.171924
vt 0.438073 0.193598
vt 0.464573 0.220098
vt 0.450376 0.234295
vt 0.389900 0.241772
vt 0.416399 0.268271
vt 0.401924 0.282747
vt 0.326973 0.304699
vt 0.339009 0.292663
vt 0.365508 0.319162
vt 0.500722 0.130949
vt 0.527222 0.157449
vt 0.512746 0.171924
vt 0.452271 0.179401
vt 0.478770 0.205901
vt 0.464573 0.220098
vt 0.411840 0.219831
vt 0.438340 0.246331
vt 0.416399 0.268271
vt 0.339009 0.292663
vt 0.360949 0.270723
vt 0.387449 0.297222
vt 0.500722 0.130949
vt 0.515198 0.116474
vt 0.541697 0.142974
vt 0.464307 0.167365
vt 0.490806 0.193865
vt 0.478770 0.205901
vt 0.423876 0.207796
vt 0.450376 0.234295
vt 0.438340 0.246331
vt 0.694918 0.553132
vt 0.687018 0.523505
vt 0.694918 0.523505
vt 0.694918 0.561032
vt 0.813426 0.590659
vt 0.694918 0.590659
vt 0.813426 0.553132
vt 0.694918 0.523505
vt 0.813426 0.523505
vt 0.813426 0.590659
vt 0.694918 0.598560
vt 0.694918 0.590659
vt 0.694918 0.561032
vt 0.813426 0.553132
vt 0.813426 0.561032
vt 0.687018 0.501767
vt 0.785346 0.497342
vt 0.785346 0.501767
vt 0.785346 0.518358
vt 0.687018 0.522782
vt 0.687018 0.518358
vt 0.785346 0.497342
vt 0.687018 0.480751
vt 0.785346 0.480751
vt 0.687018 0.518358
vt 0.785346 0.501767
vt 0.785346 0.518358
vt 0.583686 0.914547
vt 0.598318 0.898963
vt 0.603200 0.901804
vt 0.574761 0.816516
vt 0.555477 0.907992
vt 0.555471 0.816517
vt 0.579910 0.907991
vt 0.574761 0.816516
vt 0.579904 0.816516
vt 0.599193 0.816516
vt 0.603200 0.901804
vt 0.598318 0.898963
vt 0.579910 0.907991
vt 0.599193 0.816516
vt 0.598318 0.898963
vt 0.694918 0.553132
vt 0.687018 0.553132
vt 0.687018 0.523505
vt 0.694918 0.561032
vt 0.813426 0.561032
vt 0.813426 0.590659
vt 0.813426 0.553132
vt 0.694918 0.553132
vt 0.694918 0.523505
vt 0.813426 0.590659
vt 0.813426 0.598560
vt 0.694918 0.598560
vt 0.694918 0.561032
vt 0.694918 0.553132
vt 0.813426 0.553132
vt 0.687018 0.501767
vt 0.687018 0.497342
vt 0.785346 0.497342
vt 0.785346 0.518358
vt 0.785346 0.522782
vt 0.687018 0.522782
vt 0.785346 0.497342
vt 0.687018 0.497342
vt 0.687018 0.480751
vt 0.687018 0.518358
vt 0.687018 0.501767
vt 0.785346 0.501767
vt 0.583686 0.914547
vt 0.579910 0.907991
vt 0.598318 0.898963
vt 0.574761 0.816516
vt 0.574767 0.907991
vt 0.555477 0.907992
vt 0.579910 0.907991
vt 0.574767 0.907991
vt 0.574761 0.816516
vt 0.599193 0.816516
vt 0.603987 0.816560
vt 0.603200 0.901804
vt 0.579910 0.907991
vt 0.579904 0.816516
vt 0.599193 0.816516
vt 0.703212 0.935314
vt 0.692293 0.968139
vt 0.669325 0.942270
vt 0.745623 0.945876
vt 0.816728 0.954138
vt 0.745623 0.954138
vt 0.745623 0.903415
vt 0.816728 0.911677
vt 0.745623 0.911677
vt 0.745623 0.890447
vt 0.816728 0.882185
vt 0.816728 0.890447
vt 0.745623 0.924646
vt 0.816728 0.932908
vt 0.745623 0.932908
vt 0.745623 0.967107
vt 0.816728 0.975368
vt 0.745623 0.975369
vt 0.611886 0.352316
vt 0.599433 0.416633
vt 0.599433 0.352316
vt 0.559724 0.352316
vt 0.547170 0.416633
vt 0.547170 0.352316
vt 0.664198 0.352316
vt 0.651846 0.416633
vt 0.651846 0.352316
vt 0.533454 0.352316
vt 0.521001 0.416633
vt 0.521001 0.352316
vt 0.638155 0.352316
vt 0.625601 0.416633
vt 0.625601 0.352316
vt 0.994395 0.872300
vt 0.962003 0.858007
vt 0.994395 0.858007
vt 0.994395 0.817689
vt 0.962003 0.803291
vt 0.994395 0.803291
vt 0.994395 0.790191
vt 0.962003 0.775898
vt 0.994395 0.775898
vt 0.994395 0.899799
vt 0.962003 0.885401
vt 0.994395 0.885401
vt 0.796537 0.803056
vt 0.780657 0.789351
vt 0.799488 0.789292
vt 0.994395 0.912876
vt 0.962003 0.927063
vt 0.962003 0.912876
vt 0.533454 0.352316
vt 0.547170 0.416633
vt 0.533454 0.416633
vt 0.638155 0.352316
vt 0.651846 0.416633
vt 0.638155 0.416633
vt 0.585766 0.352316
vt 0.599433 0.416633
vt 0.585766 0.416633
vt 0.573415 0.416633
vt 0.559724 0.352316
vt 0.573415 0.352316
vt 0.521001 0.416633
vt 0.507335 0.352316
vt 0.521001 0.352316
vt 0.625601 0.352316
vt 0.611886 0.416633
vt 0.611886 0.352316
vt 0.585766 0.352316
vt 0.573415 0.416633
vt 0.573415 0.352316
vt 0.816728 0.975368
vt 0.745623 0.988337
vt 0.745623 0.975369
vt 0.816728 0.911677
vt 0.745623 0.924646
vt 0.745623 0.911677
vt 0.816728 0.890447
vt 0.745623 0.903415
vt 0.745623 0.890447
vt 0.816728 0.932908
vt 0.745623 0.945876
vt 0.745623 0.932908
vt 0.816728 0.954138
vt 0.745623 0.967107
vt 0.745623 0.954138
vt 0.816728 0.869216
vt 0.745623 0.882185
vt 0.745623 0.869216
vt 0.745623 0.988337
vt 0.816728 0.996599
vt 0.745623 0.996599
vt 0.962003 0.830767
vt 0.994395 0.817689
vt 0.994395 0.830767
vt 0.962003 0.775898
vt 0.994395 0.762844
vt 0.994395 0.775898
vt 0.994395 0.885401
vt 0.962003 0.872300
vt 0.994395 0.872300
vt 0.994395 0.790191
vt 0.962003 0.803291
vt 0.962003 0.790191
vt 0.994395 0.899799
vt 0.962003 0.912876
vt 0.962003 0.899799
vt 0.962003 0.844954
vt 0.994395 0.858007
vt 0.962003 0.858007
vt 0.994395 0.830767
vt 0.962003 0.844954
vt 0.962003 0.830767
vt 0.773368 0.808991
vt 0.762840 0.799637
vt 0.780657 0.789351
vt 0.780657 0.789351
vt 0.796537 0.803056
vt 0.783579 0.803096
vt 0.817305 0.799505
vt 0.806748 0.808909
vt 0.799488 0.789292
vt 0.783579 0.803096
vt 0.773368 0.808991
vt 0.780657 0.789351
vt 0.799412 0.862455
vt 0.796489 0.848710
vt 0.806700 0.842815
vt 0.762840 0.799637
vt 0.773368 0.808991
vt 0.766902 0.820111
vt 0.762763 0.852300
vt 0.753450 0.836284
vt 0.766902 0.831859
vt 0.806748 0.808909
vt 0.817305 0.799505
vt 0.813167 0.819946
vt 0.753450 0.815785
vt 0.762840 0.799637
vt 0.766902 0.820111
vt 0.826619 0.836021
vt 0.813167 0.819946
vt 0.826619 0.815521
vt 0.766902 0.820111
vt 0.766902 0.831859
vt 0.753450 0.815785
vt 0.826619 0.836021
vt 0.813167 0.831695
vt 0.813167 0.819946
vt 0.826619 0.836021
vt 0.817229 0.852168
vt 0.813167 0.831695
vt 0.773320 0.842897
vt 0.762763 0.852300
vt 0.766902 0.831859
vt 0.780580 0.862513
vt 0.762763 0.852300
vt 0.773320 0.842897
vt 0.817305 0.799505
vt 0.826619 0.815521
vt 0.813167 0.819946
vt 0.817229 0.852168
vt 0.799412 0.862455
vt 0.806700 0.842815
vt 0.783531 0.848750
vt 0.780580 0.862513
vt 0.773320 0.842897
vt 0.766902 0.831859
vt 0.753450 0.836284
vt 0.753450 0.815785
vt 0.817229 0.852168
vt 0.806700 0.842815
vt 0.813167 0.831695
vt 0.783531 0.848750
vt 0.799412 0.862455
vt 0.780580 0.862513
vt 0.806748 0.808909
vt 0.796537 0.803056
vt 0.799488 0.789292
vt 0.799412 0.862455
vt 0.783531 0.848750
vt 0.796489 0.848710
vt 0.669325 0.942270
vt 0.673341 0.935314
vt 0.684260 0.929010
vt 0.684260 0.929010
vt 0.692293 0.929010
vt 0.703212 0.935314
vt 0.703212 0.935314
vt 0.707228 0.942270
vt 0.707228 0.954879
vt 0.707228 0.954879
vt 0.703212 0.961835
vt 0.692293 0.968139
vt 0.692293 0.968139
vt 0.684260 0.968139
vt 0.673341 0.961835
vt 0.673341 0.961835
vt 0.669325 0.954879
vt 0.669325 0.942270
vt 0.669325 0.942270
vt 0.684260 0.929010
vt 0.703212 0.935314
vt 0.703212 0.935314
vt 0.707228 0.954879
vt 0.692293 0.968139
vt 0.692293 0.968139
vt 0.673341 0.961835
vt 0.669325 0.942270
vt 0.745623 0.945876
vt 0.816728 0.945876
vt 0.816728 0.954138
vt 0.745623 0.903415
vt 0.816728 0.903415
vt 0.816728 0.911677
vt 0.745623 0.890447
vt 0.745623 0.882185
vt 0.816728 0.882185
vt 0.745623 0.924646
vt 0.816728 0.924646
vt 0.816728 0.932908
vt 0.745623 0.967107
vt 0.816728 0.967107
vt 0.816728 0.975368
vt 0.611886 0.352316
vt 0.611886 0.416633
vt 0.599433 0.416633
vt 0.559724 0.352316
vt 0.559724 0.416633
vt 0.547170 0.416633
vt 0.664198 0.352316
vt 0.664198 0.416633
vt 0.651846 0.416633
vt 0.533454 0.352316
vt 0.533454 0.416633
vt 0.521001 0.416633
vt 0.638155 0.352316
vt 0.638155 0.416633
vt 0.625601 0.416633
vt 0.994395 0.872300
vt 0.962003 0.872300
vt 0.962003 0.858007
vt 0.994395 0.817689
vt 0.962003 0.817689
vt 0.962003 0.803291
vt 0.994395 0.790191
vt 0.962003 0.790191
vt 0.962003 0.775898
vt 0.994395 0.899799
vt 0.962003 0.899799
vt 0.962003 0.885401
vt 0.994395 0.912876
vt 0.994395 0.927063
vt 0.962003 0.927063
vt 0.533454 0.352316
vt 0.547170 0.352316
vt 0.547170 0.416633
vt 0.638155 0.352316
vt 0.651846 0.352316
vt 0.651846 0.416633
vt 0.585766 0.352316
vt 0.599433 0.352316
vt 0.599433 0.416633
vt 0.573415 0.416633
vt 0.559724 0.416633
vt 0.559724 0.352316
vt 0.521001 0.416633
vt 0.507335 0.416633
vt 0.507335 0.352316
vt 0.625601 0.352316
vt 0.625601 0.416633
vt 0.611886 0.416633
vt 0.585766 0.352316
vt 0.585766 0.416633
vt 0.573415 0.416633
vt 0.816728 0.975368
vt 0.816728 0.988337
vt 0.745623 0.988337
vt 0.816728 0.911677
vt 0.816728 0.924646
vt 0.745623 0.924646
vt 0.816728 0.890447
vt 0.816728 0.903415
vt 0.745623 0.903415
vt 0.816728 0.932908
vt 0.816728 0.945876
vt 0.745623 0.945876
vt 0.816728 0.954138
vt 0.816728 0.967107
vt 0.745623 0.967107
vt 0.816728 0.869216
vt 0.816728 0.882185
vt 0.745623 0.882185
vt 0.745623 0.988337
vt 0.816728 0.988337
vt 0.816728 0.996599
vt 0.962003 0.830767
vt 0.962003 0.817689
vt 0.994395 0.817689
vt 0.962003 0.775898
vt 0.962003 0.762844
vt 0.994395 0.762844
vt 0.994395 0.885401
vt 0.962003 0.885401
vt 0.962003 0.872300
vt 0.994395 0.790191
vt 0.994395 0.803291
vt 0.962003 0.803291
vt 0.994395 0.899799
vt 0.994395 0.912876
vt 0.962003 0.912876
vt 0.962003 0.844954
vt 0.994395 0.844954
vt 0.994395 0.858007
vt 0.994395 0.830767
vt 0.994395 0.844954
vt 0.962003 0.844954
vt 0.670009 0.105863
vt 0.673857 0.105126
vt 0.672638 0.106952
vt 0.667164 0.105863
vt 0.663315 0.105126
vt 0.666735 0.103710
vt 0.672638 0.106952
vt 0.676475 0.107745
vt 0.674649 0.108965
vt 0.667164 0.105863
vt 0.670437 0.103710
vt 0.670009 0.105863
vt 0.674649 0.108965
vt 0.677892 0.111165
vt 0.675738 0.111594
vt 0.675738 0.114439
vt 0.677892 0.111165
vt 0.677891 0.114867
vt 0.675738 0.114439
vt 0.676475 0.118287
vt 0.674650 0.117068
vt 0.674650 0.117068
vt 0.673858 0.120904
vt 0.672638 0.119079
vt 0.672638 0.119079
vt 0.670438 0.122321
vt 0.670009 0.120168
vt 0.649919 0.016570
vt 0.647358 0.035606
vt 0.647358 0.016570
vt 0.652480 0.016570
vt 0.649919 0.035606
vt 0.649919 0.016570
vt 0.655042 0.035606
vt 0.652480 0.016570
vt 0.655042 0.016570
vt 0.657603 0.016570
vt 0.655042 0.035606
vt 0.655042 0.016570
vt 0.660164 0.035606
vt 0.657603 0.016570
vt 0.660164 0.016570
vt 0.662725 0.016570
vt 0.660164 0.035606
vt 0.660164 0.016570
vt 0.665286 0.035606
vt 0.662725 0.016570
vt 0.665286 0.016570
vt 0.667848 0.035606
vt 0.665286 0.016570
vt 0.667848 0.016570
vt 0.670409 0.016570
vt 0.667848 0.035606
vt 0.667848 0.016570
vt 0.672970 0.035606
vt 0.670409 0.016570
vt 0.672970 0.016570
vt 0.675531 0.016570
vt 0.672970 0.035606
vt 0.672970 0.016570
vt 0.678092 0.035606
vt 0.675531 0.016570
vt 0.678092 0.016570
vt 0.680653 0.016570
vt 0.678092 0.035606
vt 0.678092 0.016570
vt 0.642236 0.035606
vt 0.639675 0.016570
vt 0.642236 0.016570
vt 0.644797 0.016570
vt 0.642236 0.035606
vt 0.642236 0.016570
vt 0.647358 0.035606
vt 0.644797 0.016570
vt 0.647358 0.016570
vt 0.669494 0.037595
vt 0.673194 0.045317
vt 0.669494 0.045317
vt 0.673194 0.045317
vt 0.676893 0.037595
vt 0.676893 0.045317
vt 0.676893 0.045317
vt 0.680593 0.037595
vt 0.680593 0.045317
vt 0.621401 0.037595
vt 0.625101 0.045317
vt 0.621401 0.045317
vt 0.625101 0.045317
vt 0.628800 0.037595
vt 0.628800 0.045317
vt 0.628800 0.037595
vt 0.632500 0.045317
vt 0.628800 0.045317
vt 0.632500 0.037595
vt 0.636199 0.045317
vt 0.632500 0.045317
vt 0.636199 0.037595
vt 0.639899 0.045317
vt 0.636199 0.045317
vt 0.639899 0.037595
vt 0.643598 0.045317
vt 0.639899 0.045317
vt 0.643598 0.037595
vt 0.647298 0.045317
vt 0.643598 0.045317
vt 0.647298 0.037595
vt 0.650997 0.045317
vt 0.647298 0.045317
vt 0.650997 0.045317
vt 0.654696 0.037595
vt 0.654696 0.045317
vt 0.654696 0.037595
vt 0.658396 0.045317
vt 0.654696 0.045317
vt 0.658396 0.045317
vt 0.662095 0.037595
vt 0.662095 0.045317
vt 0.662095 0.037595
vt 0.665795 0.045317
vt 0.662095 0.045317
vt 0.665795 0.037595
vt 0.669494 0.045317
vt 0.665795 0.045317
vt 0.664535 0.106952
vt 0.660698 0.107744
vt 0.663315 0.105126
vt 0.661435 0.111592
vt 0.660698 0.107744
vt 0.662523 0.108963
vt 0.661435 0.111592
vt 0.659281 0.114865
vt 0.659282 0.111164
vt 0.662524 0.117066
vt 0.659281 0.114865
vt 0.661435 0.114437
vt 0.662524 0.117066
vt 0.663316 0.120904
vt 0.660698 0.118286
vt 0.667164 0.120168
vt 0.663316 0.120904
vt 0.664535 0.119078
vt 0.667164 0.120168
vt 0.670438 0.122321
vt 0.666736 0.122321
vt 0.670009 0.105863
vt 0.670437 0.103710
vt 0.673857 0.105126
vt 0.667164 0.105863
vt 0.664535 0.106952
vt 0.663315 0.105126
vt 0.672638 0.106952
vt 0.673857 0.105126
vt 0.676475 0.107745
vt 0.667164 0.105863
vt 0.666735 0.103710
vt 0.670437 0.103710
vt 0.674649 0.108965
vt 0.676475 0.107745
vt 0.677892 0.111165
vt 0.675738 0.114439
vt 0.675738 0.111594
vt 0.677892 0.111165
vt 0.675738 0.114439
vt 0.677891 0.114867
vt 0.676475 0.118287
vt 0.674650 0.117068
vt 0.676475 0.118287
vt 0.673858 0.120904
vt 0.672638 0.119079
vt 0.673858 0.120904
vt 0.670438 0.122321
vt 0.649919 0.016570
vt 0.649919 0.035606
vt 0.647358 0.035606
vt 0.652480 0.016570
vt 0.652480 0.035606
vt 0.649919 0.035606
vt 0.655042 0.035606
vt 0.652480 0.035606
vt 0.652480 0.016570
vt 0.657603 0.016570
vt 0.657603 0.035606
vt 0.655042 0.035606
vt 0.660164 0.035606
vt 0.657603 0.035606
vt 0.657603 0.016570
vt 0.662725 0.016570
vt 0.662725 0.035606
vt 0.660164 0.035606
vt 0.665286 0.035606
vt 0.662725 0.035606
vt 0.662725 0.016570
vt 0.667848 0.035606
vt 0.665286 0.035606
vt 0.665286 0.016570
vt 0.670409 0.016570
vt 0.670409 0.035606
vt 0.667848 0.035606
vt 0.672970 0.035606
vt 0.670409 0.035606
vt 0.670409 0.016570
vt 0.675531 0.016570
vt 0.675531 0.035606
vt 0.672970 0.035606
vt 0.678092 0.035606
vt 0.675531 0.035606
vt 0.675531 0.016570
vt 0.680653 0.016570
vt 0.680653 0.035606
vt 0.678092 0.035606
vt 0.642236 0.035606
vt 0.639675 0.035606
vt 0.639675 0.016570
vt 0.644797 0.016570
vt 0.644797 0.035606
vt 0.642236 0.035606
vt 0.647358 0.035606
vt 0.644797 0.035606
vt 0.644797 0.016570
vt 0.669494 0.037595
vt 0.673194 0.037595
vt 0.673194 0.045317
vt 0.673194 0.045317
vt 0.673194 0.037595
vt 0.676893 0.037595
vt 0.676893 0.045317
vt 0.676893 0.037595
vt 0.680593 0.037595
vt 0.621401 0.037595
vt 0.625101 0.037595
vt 0.625101 0.045317
vt 0.625101 0.045317
vt 0.625101 0.037595
vt 0.628800 0.037595
vt 0.628800 0.037595
vt 0.632500 0.037595
vt 0.632500 0.045317
vt 0.632500 0.037595
vt 0.636199 0.037595
vt 0.636199 0.045317
vt 0.636199 0.037595
vt 0.639899 0.037595
vt 0.639899 0.045317
vt 0.639899 0.037595
vt 0.643598 0.037595
vt 0.643598 0.045317
vt 0.643598 0.037595
vt 0.647298 0.037595
vt 0.647298 0.045317
vt 0.647298 0.037595
vt 0.650997 0.037595
vt 0.650997 0.045317
vt 0.650997 0.045317
vt 0.650997 0.037595
vt 0.654696 0.037595
vt 0.654696 0.037595
vt 0.658396 0.037595
vt 0.658396 0.045317
vt 0.658396 0.045317
vt 0.658396 0.037595
vt 0.662095 0.037595
vt 0.662095 0.037595
vt 0.665795 0.037595
vt 0.665795 0.045317
vt 0.665795 0.037595
vt 0.669494 0.037595
vt 0.669494 0.045317
vt 0.664535 0.106952
vt 0.662523 0.108963
vt 0.660698 0.107744
vt 0.661435 0.111592
vt 0.659282 0.111164
vt 0.660698 0.107744
vt 0.661435 0.111592
vt 0.661435 0.114437
vt 0.659281 0.114865
vt 0.662524 0.117066
vt 0.660698 0.118286
vt 0.659281 0.114865
vt 0.662524 0.117066
vt 0.664535 0.119078
vt 0.663316 0.120904
vt 0.667164 0.120168
vt 0.666736 0.122321
vt 0.663316 0.120904
vt 0.667164 0.120168
vt 0.670009 0.120168
vt 0.670438 0.122321
usemtl Material
f 1/1/1 2/2/2 3/3/3
f 4/4/4 5/5/5 6/6/6
f 7/7/7 8/8/8 9/9/9
f 10/10/10 11/11/11 12/12/12
f 13/13/13 5/14/5 14/15/14
f 15/16/15 16/17/16 17/18/17
f 18/19/18 11/20/11 16/21/16
f 10/22/10 7/23/7 15/24/15
f 4/25/4 1/26/1 19/27/19
f 6/28/6 20/29/20 4/30/4
f 13/31/13 1/32/1 20/33/20
f 14/34/14 21/35/21 22/36/22
f 23/37/23 24/38/24 21/39/21
f 12/40/12 25/41/25 10/42/10
f 18/43/18 7/44/7 25/45/25
f 16/46/16 26/47/26 17/48/17
f 27/49/27 28/50/28 26/51/26
f 19/52/19 14/53/14 22/54/22
f 1/55/1 29/56/29 2/57/2
f 4/58/4 24/59/24 5/60/5
f 7/61/7 30/62/30 8/63/8
f 10/64/10 28/65/28 11/66/11
f 14/67/14 31/68/31 2/69/2
f 2/70/2 29/71/29 13/72/13
f 13/73/13 6/74/6 5/75/5
f 5/76/5 23/77/23 14/78/14
f 14/79/14 2/80/2 13/81/13
f 15/82/15 32/83/32 16/84/16
f 16/85/16 32/86/32 8/87/8
f 8/88/8 30/89/30 18/90/18
f 18/91/18 12/92/12 11/93/11
f 11/94/11 27/95/27 16/96/16
f 16/97/16 8/98/8 18/99/18
f 15/100/15 17/101/17 26/102/26
f 26/103/26 28/104/28 10/105/10
f 10/106/10 25/107/25 7/108/7
f 7/109/7 9/110/9 15/111/15
f 15/112/15 26/113/26 10/114/10
f 19/115/19 22/116/22 21/117/21
f 21/118/21 24/119/24 4/120/4
f 4/121/4 20/122/20 1/123/1
f 1/124/1 3/125/3 19/126/19
f 19/127/19 21/128/21 4/129/4
f 6/130/6 13/131/13 20/132/20
f 13/133/13 29/134/29 1/135/1
f 14/136/14 23/137/23 21/138/21
f 23/139/23 5/140/5 24/141/24
f 12/142/12 18/143/18 25/144/25
f 18/145/18 30/146/30 7/147/7
f 16/148/16 27/149/27 26/150/26
f 27/151/27 11/152/11 28/153/28
f 19/154/19 31/155/31 14/156/14
f 33/157/33 34/158/34 35/159/35
f 36/160/36 37/161/37 38/162/38
f 39/163/39 40/164/40 41/165/41
f 42/166/42 37/167/37 43/168/43
f 44/169/44 45/170/45 46/171/46
f 47/172/47 48/173/48 49/174/49
f 50/175/50 51/176/51 52/177/52
f 53/178/53 54/179/54 55/180/55
f 55/181/55 50/182/50 56/183/56
f 57/184/57 54/185/54 58/186/58
f 53/187/53 57/188/57 58/189/58
f 52/190/52 53/191/53 59/192/59
f 37/193/37 60/194/60 43/195/43
f 61/196/61 62/197/62 63/198/63
f 55/199/55 52/200/52 59/201/59
f 64/202/64 40/203/40 33/204/33
f 65/205/65 34/206/34 39/207/39
f 43/208/43 66/209/66 42/210/42
f 64/211/64 39/212/39 41/213/41
f 36/214/36 42/215/42 66/216/66
f 67/217/67 68/218/68 69/219/69
f 70/220/70 71/221/71 72/222/72
f 73/223/73 74/224/74 75/225/75
f 76/226/76 77/227/77 78/228/78
f 79/229/79 80/230/80 81/231/81
f 82/232/82 83/233/83 84/234/84
f 85/235/85 86/236/86 87/237/87
f 88/238/88 89/239/89 90/240/90
f 91/241/91 92/242/92 93/243/93
f 94/244/94 95/245/95 96/246/96
f 97/247/97 98/248/98 99/249/99
f 100/250/100 101/251/101 102/252/102
f 103/253/103 67/254/67 104/255/104
f 105/256/105 106/257/106 107/258/107
f 108/259/108 109/260/109 110/261/110
f 46/262/46 47/263/47 44/264/44
f 71/265/71 82/266/82 72/267/72
f 89/268/89 94/269/94 90/270/90
f 87/271/87 111/272/111 97/273/97
f 88/274/88 83/275/83 112/276/112
f 85/277/85 95/278/95 113/279/113
f 70/280/70 98/281/98 114/282/114
f 115/283/115 116/284/116 117/285/117
f 76/286/76 81/287/81 118/288/118
f 119/289/119 73/290/73 75/291/75
f 120/292/120 102/293/102 101/294/101
f 116/295/116 121/296/121 117/297/117
f 77/298/77 122/299/122 78/300/78
f 93/301/93 123/302/123 100/303/100
f 83/304/83 124/305/124 112/306/112
f 93/307/93 100/308/100 86/309/86
f 91/310/91 93/311/93 86/312/86
f 124/313/124 79/314/79 76/315/76
f 125/316/125 71/317/71 117/318/117
f 126/319/126 127/320/127 128/321/128
f 129/322/129 128/323/128 130/324/130
f 131/325/131 129/326/129 132/327/132
f 128/328/128 129/329/129 131/330/131
f 133/331/133 131/332/131 132/333/132
f 134/334/134 135/335/135 136/336/136
f 132/337/132 136/338/136 133/339/133
f 137/340/137 138/341/138 126/342/126
f 91/343/91 113/344/113 73/345/73
f 127/346/127 130/347/130 128/348/128
f 139/349/139 134/350/134 136/351/136
f 140/352/140 138/353/138 137/354/137
f 141/355/141 142/356/142 143/357/143
f 140/358/140 137/359/137 144/360/144
f 142/361/142 134/362/134 139/363/139
f 140/364/140 144/365/144 145/366/145
f 142/367/142 139/368/139 143/369/143
f 146/370/146 140/371/140 145/372/145
f 147/373/147 141/374/141 143/375/143
f 145/376/145 148/377/148 146/378/146
f 136/379/136 135/380/135 133/381/133
f 138/382/138 127/383/127 126/384/126
f 141/385/141 147/386/147 149/387/149
f 141/388/141 149/389/149 148/390/148
f 148/391/148 149/392/149 146/393/146
f 89/394/89 78/395/78 122/396/122
f 150/397/150 122/398/122 95/399/95
f 100/400/100 102/401/102 111/402/111
f 100/403/100 111/404/111 86/405/86
f 150/406/150 89/407/89 122/408/122
f 115/409/115 98/410/98 102/411/102
f 122/412/122 73/413/73 95/414/95
f 115/415/115 114/416/114 98/417/98
f 112/418/112 78/419/78 89/420/89
f 115/421/115 71/422/71 114/423/114
f 112/424/112 76/425/76 78/426/78
f 117/427/117 71/428/71 115/429/115
f 112/430/112 124/431/124 76/432/76
f 121/433/121 125/434/125 117/435/117
f 113/436/113 95/437/95 73/438/73
f 102/439/102 98/440/98 111/441/111
f 83/442/83 79/443/79 124/444/124
f 83/445/83 121/446/121 79/447/79
f 83/448/83 125/449/125 121/450/121
f 91/451/91 86/452/86 113/453/113
f 103/454/103 151/455/151 152/456/152
f 151/457/151 153/458/153 152/459/152
f 154/460/154 110/461/110 106/462/106
f 155/463/155 69/464/69 68/465/68
f 156/466/156 157/467/157 153/468/153
f 105/469/105 158/470/158 155/471/155
f 33/472/33 40/473/40 34/474/34
f 36/475/36 159/476/159 37/477/37
f 39/478/39 34/479/34 40/480/40
f 42/481/42 38/482/38 37/483/37
f 44/484/44 160/485/160 45/486/45
f 47/487/47 161/488/161 48/489/48
f 52/490/52 56/491/56 50/492/50
f 50/493/50 57/494/57 51/495/51
f 55/496/55 59/497/59 53/498/53
f 53/499/53 58/500/58 54/501/54
f 55/502/55 54/503/54 50/504/50
f 57/505/57 50/506/50 54/507/54
f 53/508/53 51/509/51 57/510/57
f 52/511/52 51/512/51 53/513/53
f 37/514/37 159/515/159 60/516/60
f 63/517/63 162/518/162 163/519/163
f 163/520/163 164/521/164 61/522/61
f 61/523/61 165/524/165 166/525/166
f 166/526/166 167/527/167 62/528/62
f 62/529/62 168/530/168 169/531/169
f 169/532/169 170/533/170 63/534/63
f 63/535/63 163/536/163 61/537/61
f 61/538/61 166/539/166 62/540/62
f 62/541/62 169/542/169 63/543/63
f 55/544/55 56/545/56 52/546/52
f 64/547/64 41/548/41 40/549/40
f 65/550/65 35/551/35 34/552/34
f 43/553/43 60/554/60 66/555/66
f 64/556/64 65/557/65 39/558/39
f 36/559/36 38/560/38 42/561/42
f 67/562/67 171/563/171 68/564/68
f 70/565/70 114/566/114 71/567/71
f 73/568/73 122/569/122 74/570/74
f 76/571/76 118/572/118 77/573/77
f 79/574/79 121/575/121 80/576/80
f 82/577/82 125/578/125 83/579/83
f 85/580/85 113/581/113 86/582/86
f 88/583/88 112/584/112 89/585/89
f 91/586/91 119/587/119 92/588/92
f 94/589/94 150/590/150 95/591/95
f 97/592/97 111/593/111 98/594/98
f 100/595/100 123/596/123 101/597/101
f 103/598/103 171/599/171 67/600/67
f 105/601/105 154/602/154 106/603/106
f 108/604/108 157/605/157 109/606/109
f 46/607/46 161/608/161 47/609/47
f 71/610/71 125/611/125 82/612/82
f 89/613/89 150/614/150 94/615/94
f 87/616/87 86/617/86 111/618/111
f 88/619/88 84/620/84 83/621/83
f 85/622/85 96/623/96 95/624/95
f 70/625/70 99/626/99 98/627/98
f 115/628/115 120/629/120 116/630/116
f 76/631/76 79/632/79 81/633/81
f 119/634/119 91/635/91 73/636/73
f 120/637/120 115/638/115 102/639/102
f 116/640/116 80/641/80 121/642/121
f 77/643/77 74/644/74 122/645/122
f 93/646/93 92/647/92 123/648/123
f 103/649/103 104/650/104 151/651/151
f 151/652/151 156/653/156 153/654/153
f 154/655/154 108/656/108 110/657/110
f 155/658/155 158/659/158 69/660/69
f 156/661/156 109/662/109 157/663/157
f 105/664/105 107/665/107 158/666/158
usemtl alumArm
f 172/667/172 173/668/173 174/669/174
f 175/670/175 176/671/176 177/672/177
f 178/673/178 179/674/179 180/675/180
f 181/676/181 182/677/182 183/678/183
f 184/679/184 185/680/185 186/681/186
f 187/682/187 188/683/188 189/684/189
f 190/685/190 191/686/191 192/687/192
f 193/688/193 194/689/194 195/690/195
f 196/691/196 197/692/197 198/693/198
f 199/694/199 200/695/200 201/696/201
f 200/697/200 202/698/202 201/699/201
f 203/700/203 204/701/204 205/702/205
f 206/703/206 207/704/207 208/705/208
f 209/706/209 210/707/210 211/708/211
f 212/709/212 213/710/213 214/711/214
f 215/712/215 216/713/216 217/714/217
f 218/715/218 219/716/219 220/717/220
f 221/718/221 222/719/222 223/720/223
f 224/721/224 225/722/225 226/723/226
f 227/724/227 223/725/223 228/726/228
f 225/727/225 229/728/229 226/729/226
f 230/730/230 227/731/227 231/732/231
f 107/733/107 232/734/232 158/735/158
f 233/736/233 109/737/109 156/738/156
f 158/739/158 234/740/234 69/741/69
f 106/742/106 235/743/235 236/744/236
f 237/745/237 217/746/217 204/747/204
f 220/748/220 238/749/238 218/750/218
f 208/751/208 239/752/239 206/753/206
f 211/754/211 240/755/240 209/756/209
f 214/757/214 241/758/241 212/759/212
f 205/760/205 242/761/242 203/762/203
f 243/763/243 208/764/208 207/765/207
f 217/766/217 216/767/216 244/768/244
f 245/769/245 205/770/205 204/771/204
f 211/772/211 246/773/246 207/774/207
f 235/775/235 247/776/247 234/777/234
f 248/778/248 156/779/156 151/780/151
f 104/781/104 248/782/248 151/783/151
f 249/784/249 160/785/160 250/786/250
f 48/787/48 190/788/190 49/789/49
f 191/790/191 196/791/196 192/792/192
f 197/793/197 251/794/251 198/795/198
f 195/796/195 252/797/252 193/798/193
f 250/799/250 253/800/253 249/801/249
f 254/802/254 255/803/255 192/804/192
f 255/805/255 190/806/190 192/807/192
f 196/808/196 254/809/254 192/810/192
f 179/811/179 175/812/175 180/813/180
f 189/814/189 256/815/256 187/816/187
f 176/817/176 172/818/172 177/819/177
f 182/820/182 178/821/178 183/822/183
f 186/823/186 181/824/181 184/825/184
f 174/826/174 188/827/188 257/828/257
f 224/829/224 258/830/258 259/831/259
f 260/832/260 223/833/223 222/834/222
f 258/835/258 229/836/229 261/837/261
f 230/838/230 260/839/260 222/840/222
f 227/841/227 260/842/260 231/843/231
f 199/844/199 262/845/262 263/846/263
f 262/847/262 202/848/202 264/849/264
f 199/850/199 202/851/202 265/852/265
f 266/853/266 267/854/267 208/855/208
f 205/856/205 268/857/268 269/858/269
f 219/859/219 267/860/267 270/861/270
f 211/862/211 210/863/210 271/864/271
f 246/865/246 211/866/211 271/867/271
f 220/868/220 219/869/219 270/870/270
f 214/871/214 271/872/271 210/873/210
f 270/874/270 244/875/244 220/876/220
f 214/877/214 272/878/272 271/879/271
f 214/880/214 213/881/213 272/882/272
f 273/883/273 217/884/217 244/885/244
f 204/886/204 217/887/217 273/888/273
f 267/889/267 219/890/219 208/891/208
f 213/892/213 205/893/205 269/894/269
f 245/895/245 204/896/204 273/897/273
f 244/898/244 216/899/216 220/900/220
f 213/901/213 269/902/269 272/903/272
f 205/904/205 245/905/245 268/906/268
f 246/907/246 243/908/243 207/909/207
f 208/910/208 243/911/243 266/912/266
f 254/913/254 196/914/196 274/915/274
f 251/916/251 275/917/275 198/918/198
f 252/919/252 276/920/276 277/921/277
f 255/922/255 49/923/49 190/924/190
f 49/925/49 255/926/255 278/927/278
f 279/928/279 275/929/275 251/930/251
f 47/931/47 49/932/49 278/933/278
f 193/934/193 277/935/277 251/936/251
f 47/937/47 278/938/278 280/939/280
f 160/940/160 44/941/44 281/942/281
f 47/943/47 280/944/280 281/945/281
f 193/946/193 252/947/252 277/948/277
f 44/949/44 47/950/47 281/951/281
f 250/952/250 282/953/282 276/954/276
f 283/955/283 160/956/160 281/957/281
f 252/958/252 250/959/250 276/960/276
f 282/961/282 160/962/160 283/963/283
f 196/964/196 198/965/198 274/966/274
f 277/967/277 279/968/279 251/969/251
f 160/970/160 282/971/282 250/972/250
f 275/973/275 274/974/274 198/975/198
f 284/976/284 226/977/226 229/978/229
f 110/979/110 285/980/285 235/981/235
f 107/982/107 236/983/236 286/984/286
f 104/985/104 287/986/287 247/987/247
f 287/988/287 69/989/69 234/990/234
f 172/991/172 288/992/288 173/993/173
f 175/994/175 289/995/289 176/996/176
f 178/997/178 290/998/290 179/999/179
f 181/1000/181 291/1001/291 182/1002/182
f 184/1003/184 256/1004/256 185/1005/185
f 187/1006/187 257/1007/257 188/1008/188
f 190/1009/190 292/1010/292 191/1011/191
f 193/1012/193 251/1013/251 194/1014/194
f 196/1015/196 293/1016/293 197/1017/197
f 199/1018/199 263/1019/263 200/1020/200
f 200/1021/200 264/1022/264 202/1023/202
f 203/1024/203 237/1025/237 204/1026/204
f 206/1027/206 240/1028/240 207/1029/207
f 209/1030/209 241/1031/241 210/1032/210
f 212/1033/212 242/1034/242 213/1035/213
f 215/1036/215 238/1037/238 216/1038/216
f 218/1039/218 239/1040/239 219/1041/219
f 221/1042/221 230/1043/230 222/1044/222
f 224/1045/224 259/1046/259 225/1047/225
f 227/1048/227 221/1049/221 223/1050/223
f 225/1051/225 261/1052/261 229/1053/229
f 230/1054/230 221/1055/221 227/1056/227
f 107/1057/107 286/1058/286 232/1059/232
f 233/1060/233 285/1061/285 109/1062/109
f 158/1063/158 232/1064/232 234/1065/234
f 106/1066/106 110/1067/110 235/1068/235
f 237/1069/237 215/1070/215 217/1071/217
f 220/1072/220 216/1073/216 238/1074/238
f 208/1075/208 219/1076/219 239/1077/239
f 211/1078/211 207/1079/207 240/1080/240
f 214/1081/214 210/1082/210 241/1083/241
f 205/1084/205 213/1085/213 242/1086/242
f 234/1087/234 232/1088/232 286/1089/286
f 286/1090/286 236/1091/236 235/1092/235
f 235/1093/235 285/1094/285 233/1095/233
f 233/1096/233 248/1097/248 247/1098/247
f 247/1099/247 287/1100/287 234/1101/234
f 234/1102/234 286/1103/286 235/1104/235
f 235/1105/235 233/1106/233 247/1107/247
f 248/1108/248 233/1109/233 156/1110/156
f 104/1111/104 247/1112/247 248/1113/248
f 249/1114/249 45/1115/45 160/1116/160
f 48/1117/48 292/1118/292 190/1119/190
f 191/1120/191 293/1121/293 196/1122/196
f 197/1123/197 194/1124/194 251/1125/251
f 195/1126/195 253/1127/253 252/1128/252
f 250/1129/250 252/1130/252 253/1131/253
f 179/1132/179 289/1133/289 175/1134/175
f 189/1135/189 185/1136/185 256/1137/256
f 176/1138/176 288/1139/288 172/1140/172
f 182/1141/182 290/1142/290 178/1143/178
f 186/1144/186 291/1145/291 181/1146/181
f 174/1147/174 173/1148/173 188/1149/188
f 224/1150/224 284/1151/284 258/1152/258
f 260/1153/260 228/1154/228 223/1155/223
f 258/1156/258 284/1157/284 229/1158/229
f 230/1159/230 231/1160/231 260/1161/260
f 227/1162/227 228/1163/228 260/1164/260
f 199/1165/199 265/1166/265 262/1167/262
f 262/1168/262 265/1169/265 202/1170/202
f 199/1171/199 201/1172/201 202/1173/202
f 284/1174/284 224/1175/224 226/1176/226
f 110/1177/110 109/1178/109 285/1179/285
f 107/1180/107 106/1181/106 236/1182/236
f 104/1183/104 67/1184/67 287/1185/287
f 287/1186/287 67/1187/67 69/1188/69
usemtl alumBlack
f 294/1189/294 295/1190/295 296/1191/296
f 297/1192/297 298/1193/298 299/1194/299
f 300/1195/300 301/1196/301 302/1197/302
f 303/1198/303 304/1199/304 305/1200/305
f 306/1201/306 307/1202/307 308/1203/308
f 309/1204/309 295/1205/295 310/1206/310
f 297/1207/297 311/1208/311 312/1209/312
f 313/1210/313 314/1211/314 301/1212/301
f 303/1213/303 315/1214/315 316/1215/316
f 317/1216/317 318/1217/318 319/1218/319
f 309/1219/309 308/1220/308 320/1221/320
f 294/1222/294 311/1223/311 321/1224/321
f 299/1225/299 314/1226/314 322/1227/322
f 300/1228/300 315/1229/315 323/1230/323
f 304/1231/304 324/1232/324 325/1233/325
f 319/1234/319 307/1235/307 326/1236/326
f 317/1237/317 304/1238/304 327/1239/327
f 328/1240/328 329/1241/329 330/1242/330
f 307/1243/307 331/1244/331 332/1245/332
f 320/1246/320 330/1247/330 333/1248/333
f 308/1249/308 332/1250/332 330/1251/330
f 320/1252/320 334/1253/334 295/1254/295
f 312/1255/312 329/1256/329 335/1257/335
f 314/1258/314 336/1259/336 301/1260/301
f 315/1261/315 324/1262/324 316/1263/316
f 318/1264/318 337/1265/337 331/1266/331
f 296/1267/296 329/1268/329 311/1269/311
f 298/1270/298 338/1271/338 314/1272/314
f 302/1273/302 328/1274/328 315/1275/315
f 327/1276/327 325/1277/325 337/1278/337
f 296/1279/296 334/1280/334 339/1281/339
f 312/1282/312 340/1283/340 298/1284/298
f 301/1285/301 341/1286/341 302/1287/302
f 294/1288/294 310/1289/310 295/1290/295
f 297/1291/297 312/1292/312 298/1293/298
f 300/1294/300 313/1295/313 301/1296/301
f 303/1297/303 316/1298/316 304/1299/304
f 306/1300/306 326/1301/326 307/1302/307
f 309/1303/309 320/1304/320 295/1305/295
f 297/1306/297 321/1307/321 311/1308/311
f 313/1309/313 322/1310/322 314/1311/314
f 303/1312/303 323/1313/323 315/1314/315
f 317/1315/317 327/1316/327 318/1317/318
f 309/1318/309 306/1319/306 308/1320/308
f 294/1321/294 296/1322/296 311/1323/311
f 299/1324/299 298/1325/298 314/1326/314
f 300/1327/300 302/1328/302 315/1329/315
f 304/1330/304 316/1331/316 324/1332/324
f 319/1333/319 318/1334/318 307/1335/307
f 317/1336/317 305/1337/305 304/1338/304
f 331/1339/331 337/1340/337 325/1341/325
f 325/1342/325 324/1343/324 328/1344/328
f 328/1345/328 341/1346/341 336/1347/336
f 328/1348/328 336/1349/336 338/1350/338
f 331/1351/331 325/1352/325 328/1353/328
f 332/1354/332 331/1355/331 328/1356/328
f 328/1357/328 338/1358/338 340/1359/340
f 340/1360/340 335/1361/335 329/1362/329
f 329/1363/329 339/1364/339 334/1365/334
f 334/1366/334 333/1367/333 330/1368/330
f 330/1369/330 332/1370/332 328/1371/328
f 328/1372/328 340/1373/340 329/1374/329
f 329/1375/329 334/1376/334 330/1377/330
f 307/1378/307 318/1379/318 331/1380/331
f 320/1381/320 308/1382/308 330/1383/330
f 308/1384/308 307/1385/307 332/1386/332
f 320/1387/320 333/1388/333 334/1389/334
f 312/1390/312 311/1391/311 329/1392/329
f 314/1393/314 338/1394/338 336/1395/336
f 315/1396/315 328/1397/328 324/1398/324
f 318/1399/318 327/1400/327 337/1401/337
f 296/1402/296 339/1403/339 329/1404/329
f 298/1405/298 340/1406/340 338/1407/338
f 302/1408/302 341/1409/341 328/1410/328
f 327/1411/327 304/1412/304 325/1413/325
f 296/1414/296 295/1415/295 334/1416/334
f 312/1417/312 335/1418/335 340/1419/340
f 301/1420/301 336/1421/336 341/1422/341
f 342/1423/342 343/1424/343 344/1425/344
f 345/1426/345 346/1427/346 343/1428/343
f 347/1429/347 344/1430/344 348/1431/348
f 346/1432/346 344/1433/344 343/1434/343
f 345/1435/345 347/1436/347 349/1437/349
f 350/1438/350 351/1439/351 352/1440/352
f 353/1441/353 354/1442/354 355/1443/355
f 351/1444/351 354/1445/354 356/1446/356
f 355/1447/355 352/1448/352 353/1449/353
f 357/1450/357 358/1451/358 359/1452/359
f 360/1453/360 359/1454/359 361/1455/361
f 362/1456/362 360/1457/360 363/1458/363
f 364/1459/364 359/1460/359 358/1461/358
f 362/1462/362 364/1463/364 358/1464/358
f 342/1465/342 345/1466/345 343/1467/343
f 345/1468/345 349/1469/349 346/1470/346
f 347/1471/347 342/1472/342 344/1473/344
f 346/1474/346 348/1475/348 344/1476/344
f 345/1477/345 342/1478/342 347/1479/347
f 350/1480/350 365/1481/365 351/1482/351
f 353/1483/353 356/1484/356 354/1485/354
f 351/1486/351 365/1487/365 354/1488/354
f 355/1489/355 350/1490/350 352/1491/352
f 357/1492/357 362/1493/362 358/1494/358
f 360/1495/360 357/1496/357 359/1497/359
f 362/1498/362 357/1499/357 360/1500/360
f 364/1501/364 361/1502/361 359/1503/359
f 362/1504/362 363/1505/363 364/1506/364
usemtl alumGray
f 366/1507/366 367/1508/367 368/1509/368
f 254/1510/254 367/1511/367 255/1512/255
f 277/1513/277 368/1514/368 279/1515/279
f 276/1516/276 369/1517/369 370/1518/370
f 275/1519/275 371/1520/371 274/1521/274
f 278/1522/278 372/1523/372 280/1524/280
f 267/1525/267 373/1526/373 270/1527/270
f 245/1528/245 374/1529/374 268/1530/268
f 271/1531/271 375/1532/375 246/1533/246
f 269/1534/269 376/1535/376 272/1536/272
f 243/1537/243 377/1538/377 266/1539/266
f 378/1540/378 61/1541/61 379/1542/379
f 380/1543/380 63/1544/63 381/1545/381
f 382/1546/382 169/1547/169 383/1548/383
f 384/1549/384 166/1550/166 385/1551/385
f 384/1552/384 377/1553/377 386/1554/386
f 387/1555/387 168/1556/168 62/1557/62
f 269/1558/269 374/1559/374 388/1560/388
f 243/1561/243 375/1562/375 386/1563/386
f 244/1564/244 373/1565/373 389/1566/389
f 390/1567/390 245/1568/245 273/1569/273
f 376/1570/376 271/1571/271 272/1572/272
f 266/1573/266 391/1574/391 267/1575/267
f 244/1576/244 390/1577/390 273/1578/273
f 372/1579/372 281/1580/281 280/1581/280
f 368/1582/368 275/1583/275 279/1584/279
f 370/1585/370 277/1586/277 276/1587/276
f 371/1588/371 254/1589/254 274/1590/274
f 367/1591/367 278/1592/278 255/1593/255
f 366/1594/366 282/1595/282 283/1596/283
f 281/1597/281 366/1598/366 283/1599/283
f 163/1600/163 380/1601/380 392/1602/392
f 169/1603/169 393/1604/393 383/1605/383
f 385/1606/385 165/1607/165 378/1608/378
f 382/1609/382 63/1610/63 170/1611/170
f 384/1612/384 62/1613/62 167/1614/167
f 164/1615/164 379/1616/379 61/1617/61
f 392/1618/392 164/1619/164 163/1620/163
f 378/1621/378 391/1622/391 377/1623/377
f 377/1624/377 384/1625/384 385/1626/385
f 375/1627/375 387/1628/387 386/1629/386
f 385/1630/385 378/1631/378 377/1632/377
f 374/1633/374 381/1634/381 382/1635/382
f 391/1636/391 378/1637/378 379/1638/379
f 390/1639/390 389/1640/389 394/1641/394
f 387/1642/387 375/1643/375 393/1644/393
f 373/1645/373 391/1646/391 379/1647/379
f 376/1648/376 393/1649/393 395/1650/395
f 379/1651/379 394/1652/394 373/1653/373
f 376/1654/376 383/1655/383 393/1656/393
f 376/1657/376 388/1658/388 383/1659/383
f 392/1660/392 390/1661/390 394/1662/394
f 396/1663/396 390/1664/390 392/1665/392
f 375/1666/375 395/1667/395 393/1668/393
f 388/1669/388 374/1670/374 382/1671/382
f 380/1672/380 396/1673/396 392/1674/392
f 394/1675/394 389/1676/389 373/1677/373
f 388/1678/388 382/1679/382 383/1680/383
f 380/1681/380 374/1682/374 396/1683/396
f 387/1684/387 384/1685/384 386/1686/386
f 374/1687/374 380/1688/380 381/1689/381
f 368/1690/368 397/1691/397 370/1692/370
f 370/1693/370 369/1694/369 366/1695/366
f 366/1696/366 398/1697/398 372/1698/372
f 372/1699/372 399/1700/399 367/1701/367
f 367/1702/367 400/1703/400 371/1704/371
f 371/1705/371 401/1706/401 368/1707/368
f 368/1708/368 370/1709/370 366/1710/366
f 366/1711/366 372/1712/372 367/1713/367
f 367/1714/367 371/1715/371 368/1716/368
f 254/1717/254 400/1718/400 367/1719/367
f 277/1720/277 397/1721/397 368/1722/368
f 276/1723/276 282/1724/282 369/1725/369
f 275/1726/275 401/1727/401 371/1728/371
f 278/1729/278 399/1730/399 372/1731/372
f 267/1732/267 391/1733/391 373/1734/373
f 245/1735/245 396/1736/396 374/1737/374
f 271/1738/271 395/1739/395 375/1740/375
f 269/1741/269 388/1742/388 376/1743/376
f 243/1744/243 386/1745/386 377/1746/377
f 378/1747/378 165/1748/165 61/1749/61
f 380/1750/380 162/1751/162 63/1752/63
f 382/1753/382 170/1754/170 169/1755/169
f 384/1756/384 167/1757/167 166/1758/166
f 387/1759/387 393/1760/393 168/1761/168
f 269/1762/269 268/1763/268 374/1764/374
f 243/1765/243 246/1766/246 375/1767/375
f 244/1768/244 270/1769/270 373/1770/373
f 390/1771/390 396/1772/396 245/1773/245
f 376/1774/376 395/1775/395 271/1776/271
f 266/1777/266 377/1778/377 391/1779/391
f 244/1780/244 389/1781/389 390/1782/390
f 372/1783/372 398/1784/398 281/1785/281
f 368/1786/368 401/1787/401 275/1788/275
f 370/1789/370 397/1790/397 277/1791/277
f 371/1792/371 400/1793/400 254/1794/254
f 367/1795/367 399/1796/399 278/1797/278
f 366/1798/366 369/1799/369 282/1800/282
f 281/1801/281 398/1802/398 366/1803/366
f 163/1804/163 162/1805/162 380/1806/380
f 169/1807/169 168/1808/168 393/1809/393
f 385/1810/385 166/1811/166 165/1812/165
f 382/1813/382 381/1814/381 63/1815/63
f 384/1816/384 387/1817/387 62/1818/62
f 164/1819/164 394/1820/394 379/1821/379
f 392/1822/392 394/1823/394 164/1824/164
usemtl alumWhite
f 402/1825/402 403/1826/403 404/1827/404
f 405/1828/405 406/1829/406 407/1830/407
f 404/1831/404 408/1832/408 409/1833/409
f 405/1834/405 410/1835/410 402/1836/402
f 409/1837/409 411/1838/411 412/1839/412
f 413/1840/413 411/1841/411 414/1842/414
f 413/1843/413 415/1844/415 416/1845/416
f 416/1846/416 417/1847/417 418/1848/418
f 418/1849/418 419/1850/419 420/1851/420
f 421/1852/421 402/1853/402 422/1854/422
f 423/1855/423 405/1856/405 421/1857/421
f 424/1858/424 423/1859/423 425/1860/425
f 426/1861/426 424/1862/424 425/1863/425
f 427/1864/427 426/1865/426 428/1866/428
f 429/1867/429 427/1868/427 428/1869/428
f 430/1870/430 429/1871/429 431/1872/431
f 432/1873/432 431/1874/431 433/1875/433
f 434/1876/434 432/1877/432 433/1878/433
f 418/1879/418 434/1880/434 435/1881/435
f 436/1882/436 418/1883/418 435/1884/435
f 413/1885/413 436/1886/436 437/1887/437
f 438/1888/438 413/1889/413 437/1890/437
f 409/1891/409 438/1892/438 439/1893/439
f 440/1894/440 409/1895/409 439/1896/439
f 402/1897/402 440/1898/440 422/1899/422
f 441/1900/441 403/1901/403 410/1902/410
f 403/1903/403 442/1904/442 408/1905/408
f 408/1906/408 443/1907/443 411/1908/411
f 443/1909/443 414/1910/414 411/1911/411
f 414/1912/414 444/1913/444 415/1914/415
f 444/1915/444 417/1916/417 415/1917/415
f 445/1918/445 419/1919/419 417/1920/417
f 446/1921/446 447/1922/447 419/1923/419
f 448/1924/448 449/1925/449 447/1926/447
f 450/1927/450 451/1928/451 449/1929/449
f 452/1930/452 453/1931/453 451/1932/451
f 453/1933/453 454/1934/454 455/1935/455
f 454/1936/454 456/1937/456 455/1938/455
f 456/1939/456 457/1940/457 406/1941/406
f 457/1942/457 407/1943/407 406/1944/406
f 458/1945/458 410/1946/410 407/1947/407
f 459/1948/459 456/1949/456 406/1950/406
f 460/1951/460 456/1952/456 424/1953/424
f 460/1954/460 453/1955/453 455/1956/455
f 461/1957/461 453/1958/453 427/1959/427
f 461/1960/461 449/1961/449 451/1962/451
f 432/1963/432 449/1964/449 430/1965/430
f 432/1966/432 419/1967/419 447/1968/447
f 402/1969/402 410/1970/410 403/1971/403
f 405/1972/405 459/1973/459 406/1974/406
f 404/1975/404 403/1976/403 408/1977/408
f 405/1978/405 407/1979/407 410/1980/410
f 409/1981/409 408/1982/408 411/1983/411
f 413/1984/413 412/1985/412 411/1986/411
f 413/1987/413 414/1988/414 415/1989/415
f 416/1990/416 415/1991/415 417/1992/417
f 418/1993/418 417/1994/417 419/1995/419
f 421/1996/421 405/1997/405 402/1998/402
f 423/1999/423 459/2000/459 405/2001/405
f 424/2002/424 459/2003/459 423/2004/423
f 426/2005/426 460/2006/460 424/2007/424
f 427/2008/427 460/2009/460 426/2010/426
f 429/2011/429 461/2012/461 427/2013/427
f 430/2014/430 461/2015/461 429/2016/429
f 432/2017/432 430/2018/430 431/2019/431
f 434/2020/434 420/2021/420 432/2022/432
f 418/2023/418 420/2024/420 434/2025/434
f 436/2026/436 416/2027/416 418/2028/418
f 413/2029/413 416/2030/416 436/2031/436
f 438/2032/438 412/2033/412 413/2034/413
f 409/2035/409 412/2036/412 438/2037/438
f 440/2038/440 404/2039/404 409/2040/409
f 402/2041/402 404/2042/404 440/2043/440
f 441/2044/441 462/2045/462 403/2046/403
f 403/2047/403 462/2048/462 442/2049/442
f 408/2050/408 442/2051/442 443/2052/443
f 443/2053/443 463/2054/463 414/2055/414
f 414/2056/414 463/2057/463 444/2058/444
f 444/2059/444 445/2060/445 417/2061/417
f 445/2062/445 446/2063/446 419/2064/419
f 446/2065/446 448/2066/448 447/2067/447
f 448/2068/448 450/2069/450 449/2070/449
f 450/2071/450 452/2072/452 451/2073/451
f 452/2074/452 464/2075/464 453/2076/453
f 453/2077/453 464/2078/464 454/2079/454
f 454/2080/454 465/2081/465 456/2082/456
f 456/2083/456 465/2084/465 457/2085/457
f 457/2086/457 458/2087/458 407/2088/407
f 458/2089/458 441/2090/441 410/2091/410
f 459/2092/459 424/2093/424 456/2094/456
f 460/2095/460 455/2096/455 456/2097/456
f 460/2098/460 427/2099/427 453/2100/453
f 461/2101/461 451/2102/451 453/2103/453
f 461/2104/461 430/2105/430 449/2106/449
f 432/2107/432 447/2108/447 449/2109/449
f 432/2110/432 420/2111/420 419/2112/419
