# Cuerpo  -  origen en el pivote de la pieza
# pivote en coordenadas del modelo: -0.6434 5.1312 -0.0061
mtllib rover.mtl
o Cuerpo
v 0.215602 0.519598 0.629775
v 0.238888 0.060398 0.670107
v 0.215602 0.060398 0.629775
v 0.106759 0.519598 0.593822
v 0.153331 0.060398 0.593822
v 0.106759 0.060398 0.593822
v 0.021202 0.060398 0.670107
v 0.044488 0.519598 0.629775
v 0.044488 0.060398 0.629775
v 0.238888 0.519598 0.742011
v 0.215602 0.060398 0.782344
v 0.238888 0.060398 0.742011
v -0.564364 0.025678 0.840369
v 1.984719 0.056537 0.793553
v -0.564364 0.056537 0.793553
v -0.564364 -0.024192 0.876602
v 1.984719 -0.078252 0.891483
v 1.984719 -0.024192 0.876602
v -0.564364 -0.193306 0.537386
v 1.984719 -0.140823 0.517650
v 1.984719 -0.193306 0.537386
v 0.044488 0.519598 0.782344
v 0.021202 0.060398 0.742011
v 0.044488 0.060398 0.782344
v 0.153331 0.519598 0.818296
v 0.106759 0.060398 0.818296
v 0.153331 0.060398 0.818296
v 2.184617 -0.110002 0.506059
v 2.184617 0.004125 0.548977
v 2.204526 -0.110001 0.506059
v 1.984719 -0.079178 0.517650
v -0.564364 -0.026697 0.537386
v 1.984719 -0.026697 0.537386
v -0.564364 -0.276539 0.793553
v 1.984719 -0.245680 0.840369
v -0.564364 -0.245680 0.840369
v -0.564364 0.059662 0.618524
v 1.984719 0.024673 0.574709
v -0.564364 0.024673 0.574709
v -0.564364 0.076159 0.733164
v 1.984719 0.078711 0.677150
v -0.564364 0.078711 0.677150
v -0.564364 -0.244676 0.574709
v 1.984719 -0.279665 0.618524
v -0.564364 -0.279665 0.618524
v -0.564364 -0.298714 0.677151
v 1.984719 -0.296161 0.733164
v -0.564364 -0.296161 0.733164
v 2.184617 -0.110002 0.900223
v 2.184617 -0.227559 0.867862
v 2.219750 -0.186536 0.879154
v 2.184617 0.007555 0.867862
v 2.204526 -0.110002 0.900223
v 2.204526 -0.110001 0.900223
v 2.184617 -0.294662 0.766059
v 2.263105 -0.251422 0.831659
v 2.247159 -0.227559 0.867862
v 2.184617 0.080210 0.644256
v 2.327989 0.074775 0.637450
v 2.327816 0.074659 0.766059
v 2.327989 0.074775 0.763523
v 2.184617 -0.300213 0.644256
v 2.263105 -0.251422 0.583157
v 2.327989 -0.294776 0.637448
v 2.184617 0.074659 0.766059
v 2.247159 0.007555 0.867862
v 2.263105 0.031421 0.831657
v 2.327989 -0.294776 0.763549
v 2.327818 -0.294662 0.766059
v 2.184617 -0.224127 0.548977
v 2.204526 -0.110002 0.506059
v 2.219750 -0.186536 0.534841
v 0.218196 -0.037958 1.415407
v 0.236294 -0.069305 0.856207
v 0.218196 -0.037958 0.856207
v 0.111946 0.002488 1.415407
v 0.148144 0.002488 0.856207
v 0.111946 0.002488 0.856207
v 0.023796 -0.069305 0.856207
v 0.041894 -0.037958 1.415407
v 0.041894 -0.037958 0.856207
v 0.236294 -0.150194 1.415407
v 0.218196 -0.181542 0.856207
v 0.236294 -0.150194 0.856207
v 0.041894 -0.181542 1.415407
v 0.023796 -0.150194 0.856207
v 0.041894 -0.181542 0.856207
v 0.148144 -0.221986 1.415407
v 0.111946 -0.221986 0.856207
v 0.148144 -0.221986 0.856207
v 0.106759 0.519598 0.818296
v 0.238888 0.519598 0.670107
v 0.021202 0.519598 0.742011
v 0.021202 0.519598 0.670107
v 0.215602 0.519598 0.782344
v 0.153331 0.519598 0.593822
v 0.111946 -0.221986 1.415407
v 0.236294 -0.069305 1.415407
v 0.023796 -0.150194 1.415407
v 0.023796 -0.069305 1.415407
v 0.218196 -0.181542 1.415407
v 0.148144 0.002488 1.415407
v 0.051181 0.519598 0.689602
v 0.076360 0.519598 0.645990
v 0.208909 0.519598 0.689602
v 0.202748 -0.082620 1.415407
v 0.189892 -0.060352 1.415407
v 0.117188 -0.186277 1.415407
v -0.564364 -0.195810 0.876602
v -0.564364 -0.079179 0.517650
v -0.564364 -0.140823 0.517650
v 1.984719 -0.141750 0.891483
v -0.564364 -0.078252 0.891483
v -0.564364 -0.141750 0.891483
v 0.076360 0.519598 0.766129
v 0.183730 0.519598 0.645990
v 0.155225 0.519598 0.629532
v 0.183730 0.519598 0.766129
v 0.208909 0.519598 0.722517
v 0.155225 0.519598 0.782587
v 0.104865 0.519598 0.629532
v 0.104865 0.519598 0.782587
v 0.051181 0.519598 0.722517
v 0.189891 -0.159147 1.415407
v 0.202748 -0.136879 1.415407
v 0.142902 -0.033223 1.415407
v 0.142901 -0.186277 1.415407
v 0.117188 -0.033223 1.415407
v 0.070199 -0.159147 1.415407
v 0.070199 -0.060352 1.415407
v 0.057342 -0.136879 1.415407
v 0.057342 -0.082620 1.415407
v 1.984719 0.025678 0.840369
v 1.984719 -0.276539 0.793553
v 1.984719 0.059662 0.618524
v 1.984719 0.076159 0.733164
v 1.984719 -0.244676 0.574709
v 1.984719 -0.298714 0.677151
v 1.984719 -0.195810 0.876602
v -0.469956 -0.243052 0.839108
v -0.469957 -0.316868 0.791745
v -0.469956 -0.283840 0.778064
v -0.469956 0.023047 0.839108
v -0.469957 -0.024316 0.912925
v -0.469956 -0.037997 0.879896
v -0.469956 -0.298162 0.706059
v -0.469957 -0.333913 0.706059
v -0.469956 0.063835 0.634053
v -0.469957 0.048326 0.547730
v -0.469957 0.096864 0.620372
v -0.469956 -0.110003 0.517899
v -0.469957 -0.195689 0.499192
v -0.469957 -0.110003 0.482148
v -0.469956 0.078157 0.706059
v -0.469957 0.113908 0.706059
v -0.469956 -0.110003 0.894219
v -0.469957 -0.195689 0.912925
v -0.469956 -0.182007 0.879896
v -0.469956 -0.283840 0.634053
v -0.469957 -0.316868 0.620372
v -0.469957 -0.110003 0.929969
v -0.469956 0.063835 0.778064
v -0.469957 0.096864 0.791745
v -0.469956 -0.037997 0.532221
v -0.469957 -0.024316 0.499192
v -0.469957 -0.268331 0.547730
v -0.469956 -0.243052 0.573009
v -0.469957 -0.268331 0.864387
v -0.469957 0.048326 0.864387
v -0.469956 0.023046 0.573009
v -0.469956 -0.182007 0.532221
v -0.754957 -0.333913 0.706059
v -0.754957 -0.307530 0.508530
v -0.818434 -0.274583 0.488907
v -0.803328 -0.228093 0.457274
v -0.754957 0.113908 0.706059
v -0.754957 -0.316868 0.620372
v -0.754957 0.096864 0.791745
v -0.754957 -0.268331 0.547730
v -0.754957 0.048326 0.864387
v -0.754957 -0.195689 0.499192
v -0.754957 -0.024316 0.912925
v -0.754957 -0.110003 0.482148
v -0.754957 -0.195689 0.912925
v -0.754957 -0.110003 0.929969
v -0.754957 -0.024316 0.499192
v -0.754957 -0.268331 0.864387
v -0.754957 0.048326 0.547730
v -0.754957 -0.316868 0.791745
v -0.754957 0.096864 0.620372
v -0.754957 -0.110003 0.985404
v -0.754957 -0.216904 0.964140
v -0.754957 -0.307530 0.903586
v -0.754957 -0.368085 0.812959
v -0.754957 -0.389349 0.706058
v -0.754957 -0.368085 0.599157
v -0.754957 -0.110003 0.426711
v -0.754957 -0.216904 0.447975
v -0.754957 -0.003101 0.447975
v -0.754957 0.087525 0.508530
v -0.754957 0.148080 0.599157
v -0.754957 0.169344 0.706057
v -0.754957 0.148080 0.812959
v -0.754957 0.087525 0.903586
v -0.754957 -0.003101 0.964140
v -0.818433 0.054576 0.923209
v -0.803328 0.008088 0.954841
v -0.766074 -0.113435 0.427462
v -0.764958 -0.110003 0.426712
v -0.764958 -0.110003 0.985404
v -0.799254 -0.004453 0.964140
v -0.766074 -0.106569 0.984654
v -0.795250 -0.016776 0.445255
v -0.799254 -0.004453 0.447975
v -0.799253 -0.215552 0.964140
v -0.818434 -0.274583 0.924306
v -0.818433 0.054576 0.487808
v -0.855947 0.081831 0.508530
v -0.898133 -0.332489 0.854151
v -0.929436 -0.355231 0.812959
v -0.898135 0.112483 0.557963
v -0.940368 -0.363174 0.768981
v -0.954495 -0.373438 0.706058
v -0.929439 0.135227 0.599157
v -0.940371 0.143169 0.643134
v -0.943945 -0.365773 0.663293
v -0.929436 -0.355232 0.599157
v -0.954498 0.153433 0.706057
v -0.943948 0.145768 0.748821
v -0.885004 -0.322950 0.545945
v -0.855944 -0.301837 0.508530
v -0.929439 0.135227 0.812959
v -0.885008 0.102945 0.866169
v -1.107643 -0.302929 1.506059
v -1.209070 -0.229238 1.706058
v -1.209070 -0.229238 1.506058
v -0.982273 0.082922 1.706058
v -0.982273 -0.302929 1.706058
v -0.842104 -0.110003 1.506058
v -0.880846 -0.229238 1.706058
v -0.880846 -0.229238 1.506058
v -1.107643 0.082922 1.506058
v -0.982273 0.082922 1.606058
v -0.982273 0.082922 1.506058
v -1.247812 -0.110003 1.706058
v -1.247812 -0.110003 1.506058
v -0.982273 -0.302929 1.506058
v -0.880846 0.009231 1.506058
v -0.880846 0.009231 1.706058
v -1.209070 0.009231 1.506058
v -1.209070 0.009231 1.706058
v -1.107643 -0.302929 1.706058
v -0.842104 -0.110003 1.706058
v -1.107643 0.082922 1.606058
v -1.271483 -0.274583 0.092725
v -1.324958 -0.110003 1.319392
v -1.324958 -0.110003 0.092725
v -1.131483 -0.376299 1.319392
v -1.131483 -0.376299 0.092725
v -0.958433 -0.376299 1.319392
v -0.958433 -0.376299 0.092725
v -0.818434 -0.274583 1.319392
v -0.818434 -0.274583 0.092725
v -0.764958 -0.110003 1.319392
v -0.764958 -0.110003 0.092725
v -0.818433 0.054576 1.319392
v -0.818433 0.054576 0.092725
v -0.958433 0.156292 1.319392
v -0.958433 0.156292 0.092725
v -1.131483 0.156292 1.319392
v -1.131483 0.156292 0.092725
v -1.271483 0.054576 1.319392
v -1.271483 0.054576 0.092725
v -1.107643 0.082922 1.706058
v -1.076199 0.082922 1.674614
v -1.013717 0.082922 1.674614
v -1.013717 0.082922 1.637502
v -1.076199 0.082922 1.637502
v -2.112671 -0.297857 1.564059
v -1.512671 0.082242 1.564059
v -2.112671 0.082242 1.564059
v -2.112671 -0.297857 -0.151941
v -2.112671 -0.372775 1.521390
v -2.112671 0.188192 1.418377
v -1.512671 -0.403808 -0.006259
v -2.112671 -0.403808 1.418377
v -2.112671 -0.403808 -0.006259
v -1.512671 -0.297857 1.564059
v -1.512671 -0.372775 -0.109272
v -1.512671 0.188193 -0.006259
v -1.512671 0.082242 -0.151941
v -2.112671 0.082242 -0.151941
v -2.112671 0.157160 -0.109272
v -2.112671 0.188192 -0.006259
v -1.512671 0.157160 -0.109272
v -2.112671 -0.372775 -0.109272
v -1.512671 -0.297857 -0.151941
v -1.512671 0.157160 1.521390
v -1.512671 0.188193 1.418377
v -2.112671 0.157160 1.521390
v -1.512671 -0.372775 1.521390
v -2.392670 -0.137807 0.024059
v -2.212670 -0.046807 0.048442
v -2.212670 -0.137807 0.024059
v -2.392670 -0.046807 0.048442
v -2.212670 0.019809 0.115059
v -2.392670 0.019809 0.115059
v -2.212670 0.044193 0.206059
v -2.392670 0.044193 0.206059
v -2.212670 0.019809 0.297059
v -2.392670 0.019809 0.297059
v -2.212670 -0.046807 0.363676
v -2.392670 -0.046807 0.363676
v -2.212670 -0.137807 0.388059
v -2.392670 -0.228807 0.363676
v -2.212670 -0.228808 0.363676
v -2.392670 -0.295424 0.297059
v -2.212670 -0.295424 0.297059
v -2.212670 -0.319808 0.206059
v -2.392670 -0.295424 0.115059
v -2.212670 -0.295424 0.115059
v -2.392670 -0.252910 0.139604
v -2.292671 -0.204261 0.090956
v -2.392670 -0.204261 0.090956
v -2.212670 -0.228808 0.048442
v -2.392670 -0.228807 0.048442
v -1.692671 -0.343807 -0.309941
v -1.932671 -0.223807 -0.309941
v -1.692671 -0.223807 -0.309941
v -1.932671 -0.343807 -0.309941
v -1.932671 -0.223807 -0.149941
v -1.692671 -0.343807 -0.149941
v -1.692671 -0.223807 -0.149941
v -1.932671 -0.343807 -0.149941
v -1.932671 -0.103807 -0.149941
v -1.692671 -0.103807 -0.149941
v -2.392670 -0.071353 0.090956
v -2.392670 -0.137807 0.073150
v -2.392670 -0.004898 0.206059
v -2.392670 -0.022705 0.139604
v -2.392670 -0.071353 0.321162
v -2.392670 -0.022705 0.272514
v -2.392670 -0.137807 0.338968
v -2.392670 -0.137807 0.388059
v -2.392670 -0.252910 0.272513
v -2.392670 -0.204261 0.321162
v -2.392670 -0.270717 0.206059
v -2.392670 -0.319808 0.206059
v -2.292671 -0.071353 0.090956
v -2.292671 -0.252910 0.272513
v -2.292671 -0.071353 0.321162
v -2.292671 -0.137807 0.073150
v -2.292671 -0.022705 0.139604
v -2.292671 -0.270717 0.206059
v -2.292671 -0.137807 0.338968
v -2.292671 -0.004898 0.206059
v -2.292671 -0.252910 0.139604
v -2.292671 -0.204261 0.321162
v -2.292671 -0.022705 0.272514
v -1.355596 -0.207986 1.506058
v -1.355596 -0.017631 1.319392
v -1.355596 -0.207986 1.319392
v -1.355596 -0.017631 1.506058
v -1.512741 -0.017631 1.319392
v -1.355596 -0.207986 0.092725
v -1.355596 -0.017631 -0.093942
v -1.355596 -0.207986 -0.093942
v -1.512741 -0.207986 0.092725
v -1.355596 -0.017631 0.092725
v -1.512741 -0.017631 -0.093942
v -1.512741 -0.207986 1.506058
v -2.768872 -0.365422 0.875901
v -2.742891 -0.250422 0.876901
v -2.768872 -0.265422 0.875901
v -2.855474 -0.445422 0.876901
v -2.742891 -0.380422 0.876901
v -2.855474 -0.185422 0.876901
v -2.855474 -0.215422 0.875901
v -2.855474 -0.415422 0.875901
v -2.968057 -0.380422 0.876901
v -2.968057 -0.250422 0.876901
v -2.968057 -0.380422 0.734901
v -2.855474 -0.185422 0.734901
v -2.742891 -0.380422 0.734901
v -2.968057 -0.250422 0.734901
v -2.855474 -0.445422 0.734901
v -2.742891 -0.250422 0.734901
v -2.942076 -0.265422 0.875901
v -2.942076 -0.365422 0.875901
v -2.847785 0.550001 0.078068
v -2.879947 2.550000 0.091387
v -2.879947 0.550001 0.091389
v -2.825825 0.550001 -0.039270
v -2.812504 2.550000 -0.007111
v -2.812504 0.550001 -0.007109
v -2.812504 0.550001 0.023947
v -2.825825 2.550000 0.056106
v -2.825825 0.550001 0.056108
v -2.978444 0.550001 -0.007109
v -2.965123 2.550000 -0.039272
v -2.965123 0.550001 -0.039270
v -2.911002 0.550001 0.091389
v -2.943163 2.550000 0.078066
v -2.943163 0.550001 0.078068
v -2.943163 0.550001 -0.061229
v -2.911002 2.550000 -0.074553
v -2.911002 0.550001 -0.074551
v -2.978444 2.550000 0.023945
v -2.965123 0.550001 0.056108
v -2.978444 0.550001 0.023947
v -2.847785 2.550000 0.078066
v -2.879947 0.550001 -0.074551
v -2.847785 2.550000 -0.061231
v -2.825825 2.550000 -0.039272
v -2.978444 2.550000 -0.007111
v -2.911002 2.550000 0.091387
v -2.847785 0.550001 -0.061229
v -0.535476 -1.255518 -2.293941
v -1.241332 -0.955517 -1.793941
v -0.535476 -1.255518 -1.793941
v -3.641331 -1.664815 -2.293941
v -3.641331 -1.255518 -2.593941
v -3.641331 -1.664815 -2.593941
v -1.241332 -1.835518 -1.793941
v -3.470629 -1.835518 -2.293941
v -1.241332 -1.835518 -2.293941
v -1.241332 -0.955517 -2.293941
v -3.641331 -0.955517 -1.793941
v -3.641331 -1.664815 -1.793941
v -1.241332 -1.255518 -2.593941
v -0.535476 -1.835518 -1.793941
v -0.535476 -1.835518 -2.293941
v 0.924524 -1.240518 -1.793941
v 0.924524 -1.240518 -2.293941
v 0.924524 -1.835518 -2.293941
v 0.924524 -1.835518 -1.793941
v 3.024525 -1.835518 -1.793941
v 2.774524 -2.135518 -2.293941
v 3.024525 -1.835518 -2.293941
v 3.024525 -1.240518 -1.793941
v 2.374524 -1.240518 -1.793941
v 3.024525 -1.240518 -2.293941
v 2.374524 -1.240518 -2.293941
v 2.374524 -1.835518 -2.293941
v 2.374524 -1.835518 -1.793941
v 2.574524 -1.240518 -3.393941
v 2.824524 -1.040518 -3.393941
v 2.824524 -1.240518 -3.393941
v 2.433103 -1.835518 -3.335362
v 2.824524 -1.835518 -3.393941
v 3.024525 -1.835518 -3.193941
v 2.574524 -1.835518 -3.393941
v 2.965946 -1.240518 -3.335362
v 3.024525 -1.240518 -3.193941
v 2.965946 -1.835518 -3.335362
v 2.433103 -1.240518 -3.335362
v 2.374524 -1.240518 -3.193941
v 2.965946 -1.040518 -3.335362
v 2.574524 -1.040518 -3.393941
v 2.374524 -1.040518 -3.193941
v 2.374524 -1.040517 -2.293941
v 2.433103 -1.040518 -3.335362
v 3.024525 -1.040518 -3.193941
v 3.024525 -1.040517 -2.293941
v -3.641331 -0.955517 -2.293941
v -1.241332 -1.835518 -2.593941
v -3.470629 -1.835518 -1.793941
v -3.470629 -1.835518 -2.593941
v 2.374524 -2.135518 -1.793941
v 2.774524 -2.135518 -1.793941
v 2.374524 -2.135518 -2.293941
v -1.241332 -0.955517 1.806059
v -0.535476 -1.255518 2.306059
v -0.535476 -1.255518 1.806059
v -3.641331 -1.664815 2.306059
v -3.641331 -1.255518 2.606059
v -3.641331 -0.955517 2.306059
v -3.470629 -1.835518 2.306059
v -1.241332 -1.835518 1.806059
v -1.241332 -1.835518 2.306059
v -3.641331 -0.955517 1.806059
v -1.241332 -0.955517 2.306059
v -3.641331 -1.664815 1.806059
v -1.241332 -1.255518 2.606059
v -0.535476 -1.835518 1.806059
v -0.535476 -1.835518 2.306059
v 0.924524 -1.240518 1.806059
v 0.924524 -1.240518 2.306059
v 0.924524 -1.835518 2.306059
v 0.924524 -1.835518 1.806059
v 2.774524 -2.135518 2.306059
v 3.024525 -1.835518 1.806059
v 3.024525 -1.835518 2.306059
v 3.024525 -1.240518 1.806059
v 3.024525 -1.240518 2.306059
v 2.374524 -1.240518 1.806059
v 2.374524 -1.240518 2.306059
v 2.374524 -1.835518 1.806059
v 2.824524 -1.040517 3.406059
v 2.574524 -1.240518 3.406059
v 2.824524 -1.240518 3.406059
v 2.824524 -1.835518 3.406059
v 2.433103 -1.835518 3.347480
v 2.374524 -1.835518 2.306059
v 2.574524 -1.835518 3.406059
v 2.965946 -1.240518 3.347480
v 3.024525 -1.835518 3.206059
v 3.024525 -1.240518 3.206059
v 2.965946 -1.835518 3.347480
v 2.433103 -1.240518 3.347480
v 2.374524 -1.240518 3.206059
v 2.574524 -1.040517 3.406059
v 2.965946 -1.040517 3.347480
v 3.024525 -1.040517 2.306059
v 2.374524 -1.040517 2.306059
v 2.433103 -1.040517 3.347480
v 3.024525 -1.040517 3.206059
v 2.374524 -1.040517 3.206059
v -1.241332 -1.835518 2.606059
v -3.470629 -1.835518 2.606059
v -3.470629 -1.835518 1.806059
v -3.641331 -1.664815 2.606059
v 2.374524 -2.135518 1.806059
v 2.374524 -2.135518 2.306059
v -4.778638 -1.605760 -1.293941
v -5.109128 -0.242332 -1.293941
v -4.171463 -1.179997 -1.293941
v -4.778638 -1.605760 0.006059
v -5.666523 -0.542986 -1.293941
v -5.666523 -0.542986 0.006059
v -5.362576 -0.379038 -0.765941
v -4.569739 0.048367 1.606059
v -4.422638 -1.355760 1.606059
v -3.657838 -0.819760 1.606059
v -5.368310 -0.383345 0.656059
v -4.569739 0.048367 0.656059
v -4.538969 0.061389 -0.145094
v -3.842171 -0.949091 -0.093941
v -4.745220 -0.046043 -0.093941
v -4.055950 -1.098997 -0.145094
v -4.981472 -0.173475 -0.145094
v -4.237182 -1.226081 -0.290765
v -5.181756 -0.281507 -0.290765
v -4.358278 -1.310996 -0.508778
v -5.315582 -0.353692 -0.508778
v -4.400801 -1.340814 -0.765941
v -5.315582 -0.353692 -1.023104
v -4.358278 -1.310996 -1.023104
v -5.181756 -0.281507 -1.241116
v -4.237182 -1.226081 -1.241116
v -5.683379 -0.592498 1.606059
v -5.368310 -0.383345 1.606059
v -5.368310 -0.383345 0.006059
v -4.422638 -1.355760 0.656059
v -4.422638 -1.355760 0.006059
v -4.569739 0.048367 0.006059
v -4.737706 -1.564914 1.606059
v -5.683379 -0.592498 0.656059
v -4.737706 -1.564914 0.656059
v -3.657838 -0.819760 0.006059
v -3.658393 -0.819186 -0.145094
v 2.664524 -0.645760 -1.793941
v 3.704525 -2.245760 -1.793941
v 2.664524 -2.245760 -1.793941
v 3.704525 -0.645760 -1.793941
v 3.704525 -2.245760 0.006059
v 1.624524 -0.645760 -1.793941
v 2.664524 -0.645760 0.006059
v 0.144524 -0.645760 -1.793941
v 1.624524 -0.645760 0.006059
v -0.935476 -0.645760 -1.793941
v 0.144524 -0.645760 0.006059
v -3.415476 -0.645760 -1.793941
v -2.175476 -0.645760 0.006059
v -2.175476 -0.645760 -1.793941
v -3.415476 -2.245760 -1.793941
v -3.995476 -2.245760 0.006059
v -3.995476 -2.245760 -1.793941
v -0.935476 -2.245760 -1.793941
v -2.175476 -2.245760 -1.793941
v 0.144524 -2.245760 -1.793941
v 1.624524 -2.245760 -1.793941
v 3.704525 -0.645760 0.006059
v -4.561162 -2.058309 0.006059
v -4.795476 -1.605760 -1.793941
v -4.561162 -2.058309 -1.793941
v -3.415476 -0.645760 0.006059
v 3.704525 -2.245760 1.806059
v 2.664524 -0.645760 1.806059
v 2.664524 -2.245760 1.806059
v 2.671039 -2.245760 1.206059
v 2.671039 -2.045760 0.006059
v 2.671039 -2.245760 0.006059
v 3.704525 -0.645760 1.806059
v 1.624524 -0.645760 1.806059
v 0.144524 -0.645760 1.806059
v -0.935476 -0.645760 1.806059
v -3.415476 -0.645760 1.806059
v -2.175476 -0.645760 1.806059
v -3.415476 -2.245760 1.806059
v -3.995476 -2.245760 1.806059
v -2.175476 -2.245760 1.806059
v -2.175476 -0.945759 1.806059
v 0.144524 -2.245760 1.806059
v -0.935476 -2.245760 1.806059
v 1.624524 -2.245760 1.806059
v -4.795476 -1.605760 0.906059
v -5.150687 -1.789677 1.806059
v -4.795476 -1.605760 1.806059
v -4.561162 -2.058309 1.806059
v 2.671039 -2.245760 -1.193941
v 1.624524 -2.245760 -1.193941
v 0.144524 -2.245760 -1.193941
v -0.935476 -2.245760 -1.193941
v -2.815476 -2.245760 -1.193941
v -1.875476 -2.245760 -1.193941
v -3.415476 -2.245760 0.006059
v 1.624524 -2.245760 1.206059
v 0.144524 -2.245760 1.206059
v -0.935476 -2.245760 1.206059
v -1.875476 -2.245760 1.206059
v -2.815476 -2.245760 1.206059
v -2.815476 -2.245760 0.006059
v -2.815476 -2.045760 1.206059
v -2.815476 -2.045760 0.006059
v -1.875476 -2.045760 -1.193941
v 2.671039 -2.045760 -1.193941
v 2.671039 -2.045760 1.206059
v 1.624524 -2.045760 -1.193941
v 1.624524 -2.045760 1.206059
v 0.144524 -2.045760 -1.193941
v 0.144524 -2.045760 1.206059
v -0.935476 -2.045760 -1.193941
v -1.875476 -2.045760 1.206059
v -2.815476 -2.045760 -1.193941
v -0.935476 -2.045760 1.206059
v -0.935476 -0.645760 0.006059
v -0.935476 -0.945759 1.806059
v -2.175476 -0.945759 0.006059
v 3.704527 -2.081412 1.108419
v 4.104526 -2.081412 1.108419
v 4.013938 -2.172000 1.108419
v 4.104526 -1.775706 1.508419
v 4.104526 -2.172000 1.417831
v 3.704527 -2.081412 1.508419
v 3.704527 -1.470000 1.108419
v 3.704527 -2.172000 1.199007
v 4.104526 -1.470000 1.508419
v 4.104526 -1.470000 1.108419
v 4.104526 -2.081412 1.508419
v 3.795114 -2.172000 1.508419
v 3.704527 -2.172000 1.417831
v 3.795114 -2.172000 1.108419
v 4.104526 -2.172000 1.199007
v 4.013938 -2.172000 1.508419
v 4.104526 -1.775706 1.108419
v 3.704527 -1.470000 1.508419
v 4.204526 -1.542123 1.436295
v 4.304525 -1.542123 1.180543
v 4.204526 -1.542123 1.180543
v 4.304525 -1.703582 1.409434
v 4.304525 -1.676721 1.180543
v 4.304525 -1.542123 1.436295
v 4.104526 -1.703582 1.180543
v 4.204526 -1.703582 1.207404
v 4.177665 -1.703582 1.436295
v 4.204526 -1.676721 1.180543
v 4.277664 -1.703582 1.180543
v -5.091279 -1.904416 1.676852
v -4.886977 -2.081507 1.676852
v -4.975780 -2.127486 1.676852
v -4.561162 -2.058309 0.906059
v -4.916372 -2.242225 1.806059
v -5.150687 -1.789677 0.906059
v -4.916372 -2.242225 0.906059
v 4.204526 -1.676721 1.436295
v 4.277664 -1.703582 1.436295
v 3.749269 -2.550000 1.217541
v 3.795114 -2.550000 1.108419
v 3.813648 -2.550000 1.153163
v 3.995405 -2.550000 1.153163
v 4.104526 -2.550000 1.199007
v 4.059782 -2.550000 1.217541
v 3.995405 -2.550000 1.463675
v 4.104526 -2.550000 1.417831
v 4.013938 -2.550000 1.508419
v 3.749269 -2.550000 1.399298
v 3.795114 -2.550000 1.508419
v 3.704527 -2.550000 1.417831
v 3.704527 -2.550000 1.199007
v 4.013938 -2.550000 1.108419
v 4.059782 -2.550000 1.399298
v 3.813648 -2.550000 1.463675
v -4.975780 -2.127486 1.035266
v -5.091279 -1.904416 1.035266
v -4.886977 -2.081507 1.035266
v -5.002476 -1.858437 1.035266
v -5.002476 -1.858437 1.676852
v -3.865399 -0.582794 -0.433160
v -3.930609 -0.648004 -0.330554
v -3.976570 -0.693965 -0.398722
v 2.221599 -0.185771 0.187220
v 2.206527 -0.110000 0.448419
v 2.206527 -0.110000 0.187220
v 2.206527 -0.110000 1.129620
v 2.221599 -0.185771 0.968419
v 2.221599 -0.185771 1.129620
v 2.264520 -0.250007 0.448419
v 2.221599 -0.185771 0.448419
v 2.264520 -0.250007 1.129620
v 2.264520 -0.250007 0.968419
v 2.328755 -0.297952 0.187220
v 2.264520 -0.250007 0.187220
v 2.544534 -0.250007 1.129620
v 2.594131 -0.647602 1.129620
v 2.587455 -0.185771 1.129620
v 2.480298 -0.297952 0.187220
v 2.544534 -0.250007 0.448419
v 2.480298 -0.297952 0.448419
v 2.544534 -0.250007 0.968419
v 2.594131 -0.647602 0.968419
v 2.549515 -0.647602 0.968419
v 2.544534 -0.250007 0.187220
v 2.587455 -0.185771 0.448419
v 2.404527 -0.317952 1.129620
v 2.482742 -0.647602 1.129620
v 2.480298 -0.297952 1.129620
v 2.602527 -0.110000 0.968419
v 2.602527 -0.110000 1.129620
v 2.602527 -0.110000 0.448419
v 2.587455 -0.034229 0.187220
v 2.587455 -0.034229 0.448419
v 2.587455 -0.034229 0.968419
v 2.587455 -0.034229 1.129620
v 2.544534 0.030007 0.448419
v 2.544534 0.030007 0.968419
v 2.544534 0.030007 1.129620
v 2.544534 0.030007 0.187220
v 2.480298 0.072928 0.448419
v 2.480298 0.072928 1.129620
v 2.480298 0.072928 0.968419
v 2.480298 0.072928 0.187220
v 2.404527 0.088000 0.448419
v 2.404527 0.088000 0.968419
v 2.404527 0.088000 1.129620
v 2.328755 0.072928 0.187220
v 2.328755 0.072928 0.448419
v 2.328755 0.072928 0.968419
v 2.328755 0.072928 1.129620
v 2.264520 0.030007 0.187220
v 2.264520 0.030007 1.129620
v 2.264520 0.030007 0.968419
v 2.404527 -0.297952 0.187220
v 2.221599 -0.034229 0.187220
v 2.221599 -0.034229 0.448419
v 2.264520 0.030007 0.448419
v 2.221599 -0.034229 1.129620
v 2.221599 -0.034229 0.968419
v 1.533277 -0.114910 0.348419
v 1.533277 -0.114910 0.087220
v 2.206527 -0.110000 0.968419
v 2.480298 -0.297952 0.968419
v 2.482742 -0.647602 0.968419
v 2.404527 -0.317952 0.968419
v 2.403978 -0.647602 0.968419
v 2.258440 -0.647602 1.129620
v 2.325213 -0.647602 1.129620
v 2.403978 -0.647602 1.129620
v 2.549515 -0.647602 1.129620
v 2.328755 -0.297952 0.968419
v 2.258440 -0.647602 0.968419
v 2.325213 -0.647602 0.968419
v 2.328755 -0.297952 1.129620
v 2.587455 -0.185771 0.187220
v 2.602527 -0.110000 0.187220
v 1.533277 -0.039138 0.087220
v 1.533277 -0.039138 0.348419
v 2.587455 -0.185771 0.968419
v -0.935476 -0.945759 0.006059
v -3.657838 -0.819760 0.656059
v -5.683801 0.937979 0.851811
v -5.247870 0.427527 0.876170
v -5.353938 0.366323 0.851812
v -5.577734 0.999183 0.876168
v -5.157952 0.479413 0.945538
v -5.487816 1.051070 0.945537
v -5.097870 0.514082 1.049352
v -5.406635 1.097912 1.171812
v -5.076772 0.526257 1.171812
v -5.097870 0.514082 1.294270
v -5.487816 1.051070 1.398086
v -5.157952 0.479413 1.398086
v -5.577734 0.999183 1.467452
v -5.247870 0.427527 1.467452
v -5.353938 0.366323 1.491812
v -5.683801 0.937979 1.491812
v -5.460006 0.305119 1.467453
v -5.879787 0.824890 1.398086
v -5.549924 0.253232 1.398086
v -5.610006 0.218564 1.294270
v -5.939870 0.790220 1.294270
v -5.631105 0.206389 1.171812
v -5.960968 0.778046 1.171812
v -5.610006 0.218564 1.049353
v -5.879787 0.824890 0.945538
v -5.549924 0.253232 0.945538
v -5.460006 0.305119 0.876170
v -5.022900 0.290643 1.420713
v -5.454070 0.041844 1.420713
v -5.454070 0.041844 0.922910
v -4.623400 0.566278 -0.617617
v -4.508630 0.328378 -0.426779
v -4.447065 0.389943 -0.617617
v -4.617150 0.219858 -0.283787
v -4.932438 0.257242 -0.210409
v -4.756103 0.080905 -0.210409
v -5.080669 0.109010 -0.217818
v -4.904333 -0.067326 -0.217818
v -5.039276 -0.202268 -0.304885
v -5.215611 -0.025933 -0.304885
v -5.140388 -0.303379 -0.458355
v -4.284188 -1.263348 -0.654863
v -4.364334 -1.079432 -0.458355
v -4.416220 -1.131317 -0.654863
v -5.016949 -0.179941 -1.198324
v -5.054332 0.135347 -1.271701
v -4.877996 -0.040988 -1.271701
v -5.316723 -0.127044 -0.458355
v -5.519783 -0.027754 -0.654863
v -5.368608 -0.178929 -0.654863
v -4.618161 0.571517 -0.827247
v -4.441826 0.395182 -0.827247
v -4.089046 -1.068205 -0.387607
v -4.158891 -1.138050 -0.995727
v -3.728885 -0.708046 -1.094503
v -4.684966 0.504713 -0.426779
v -4.793485 0.396193 -0.283787
v -3.746978 -0.726138 -0.370510
v -3.600547 -0.579706 -0.426779
v -3.709066 -0.688225 -0.283787
v -3.848018 -0.827178 -0.210409
v -3.859578 -0.838738 -0.311050
v -3.996249 -0.975409 -0.217818
v -3.979695 -0.958855 -0.317053
v -4.170980 -1.150140 -0.511971
v -4.131192 -1.110352 -0.304885
v -4.232303 -1.211463 -0.458355
v -4.213025 -1.192185 -0.671210
v -4.208780 -1.187940 -0.841083
v -4.278950 -1.258110 -0.864494
v -4.108865 -1.088025 -1.198324
v -4.070952 -1.050111 -1.111600
v -3.958354 -0.937513 -1.171061
v -3.969913 -0.949072 -1.271701
v -3.838235 -0.817395 -1.165057
v -3.821681 -0.800841 -1.264292
v -3.646951 -0.626111 -0.970140
v -3.686739 -0.665898 -1.177226
v -3.585629 -0.564787 -1.023756
v -3.604905 -0.584065 -0.810900
v -3.533742 -0.512902 -0.827247
v -3.538981 -0.518140 -0.617617
v -3.609151 -0.588311 -0.641028
v -4.493711 0.343296 -1.023756
v -4.594823 0.242185 -1.177226
v -4.670047 0.519632 -1.023756
v -5.125468 -0.288459 -1.055331
v -5.363369 -0.173690 -0.864494
v -5.301805 -0.112124 -1.055331
v -4.906101 0.283578 -1.264292
v -4.729765 0.107243 -1.264292
v -4.771158 0.418521 -1.177226
v -5.193285 -0.003605 -1.198324
v -5.187033 -0.350026 -0.864494
v -5.192272 -0.355264 -0.654863
v -4.410981 -1.126079 -0.864494
v -4.349415 -1.064513 -1.055331
v -4.240896 -0.955994 -1.198324
v -3.953712 -0.668810 -1.264292
v -3.818769 -0.533867 -1.177226
v -4.217384 -1.196544 -1.055331
v -3.717659 -0.432757 -1.023756
v -3.665773 -0.380870 -0.827247
v -3.841097 -0.556195 -0.283787
v -3.671012 -0.386110 -0.617617
v -4.101944 -0.817041 -1.271701
v -4.263223 -0.978321 -0.304885
v -4.128280 -0.843378 -0.217818
v -3.980049 -0.695147 -0.210409
v -3.732577 -0.447674 -0.426779
v -4.998260 -0.549278 -0.654863
v -4.799007 -0.738052 -0.864494
v -4.993021 -0.544038 -0.864494
v -4.651250 -0.590294 -0.304885
v -4.804246 -0.743291 -0.654863
v -5.139592 -0.690611 -0.661927
v -4.945580 -0.884624 -0.661927
v -5.134353 -0.685372 -0.871557
v -4.845263 -0.396281 -0.304885
v -4.940341 -0.879385 -0.871557
v -4.709950 -0.648995 -0.122927
v -4.769022 -0.320038 -0.035861
v -4.903963 -0.454981 -0.122927
v -4.516307 -0.455352 -0.217818
v -4.710320 -0.261339 -0.217818
v -4.575007 -0.514052 -0.035861
v -4.774575 0.717453 -0.617617
v -4.791546 0.700482 -0.793941
v -4.885476 0.606552 -0.832849
v -5.205506 0.286521 -1.271701
v -4.658749 0.550482 -0.943941
v -4.646673 0.594417 -0.837875
v -5.083612 0.408415 -0.210409
v -5.231843 0.260186 -0.217818
v -5.514544 -0.022516 -0.864493
v -5.057275 0.434753 -1.264293
v -4.836140 0.655888 -0.426779
v -5.366786 0.125243 -0.304885
v -5.452978 0.039050 -1.055331
v -4.922333 0.569695 -1.177226
v -4.944660 0.547368 -0.283787
v -5.467897 0.024131 -0.458355
v -5.344460 0.147569 -1.198323
v -4.885476 0.550482 -1.163837
v -4.666718 0.620074 -0.827247
v -4.748791 0.700482 -0.793941
v -4.885476 0.550482 -0.943941
v -4.700897 0.550482 -1.023756
v -4.770168 0.721859 -0.793941
v -4.885476 0.594417 -0.837875
v -4.885476 0.606552 -1.121285
v 2.244867 0.004125 0.548977
v 2.219750 -0.033464 0.534841
v 2.219750 -0.033464 0.879154
v 2.263105 0.031421 0.583158
v 2.355312 0.080210 0.644256
v 2.244867 -0.224127 0.548977
v 2.355318 -0.300213 0.644256
v -0.799253 -0.215552 0.447975
v -0.855947 0.081831 0.903586
v -0.764958 -0.110003 0.426711
v -0.795249 -0.203230 0.966860
v -0.764958 -0.110003 0.985404
v -0.830635 -0.283448 0.918134
v -0.855944 -0.301837 0.903586
v -0.830637 0.063444 0.493981
v -1.271483 -0.274583 1.319392
v -1.512671 -0.403808 1.418377
v -1.512741 -0.017631 1.506058
v -1.512741 -0.207986 -0.093942
v -1.512741 -0.017631 0.092725
v -1.512741 -0.207986 1.319392
v -2.812504 2.550000 0.023945
v -2.943163 2.550000 -0.061231
v -2.879947 2.550000 -0.074553
v -2.965123 2.550000 0.056106
v 2.374524 -1.835518 -3.193941
v 2.774524 -2.135518 1.806059
v 2.374524 -1.835518 3.206059
v -4.795476 -1.605760 0.006059
v 4.304525 -1.676721 1.436295
v 4.304525 -1.703582 1.207404
v 4.104526 -1.703582 1.436295
v 4.177665 -1.703582 1.180543
v 4.204526 -1.703582 1.409434
v 4.231387 -1.703582 1.180543
v 4.231387 -1.703582 1.436295
v -3.946716 -0.664112 -0.483160
v -3.911361 -0.628756 -0.501328
v -3.877576 -0.594971 -0.480554
v -3.895253 -0.612648 -0.348721
v -3.964393 -0.681788 -0.351328
v 2.328755 -0.297952 0.448419
v 2.404527 0.088000 0.187220
v 2.404527 -0.297952 0.448419
v -5.427733 1.085739 1.049352
v -5.427733 1.085739 1.294270
v -5.789868 0.876775 1.467452
v -5.939870 0.790220 1.049352
v -5.789868 0.876775 0.876168
v -5.355159 0.098919 0.846606
v -5.238485 0.166244 0.819812
v -5.121812 0.233569 0.846606
v -5.022900 0.290643 0.922910
v -4.956811 0.328780 1.037107
v -4.933603 0.342170 1.171812
v -4.956811 0.328780 1.306516
v -5.121812 0.233569 1.497017
v -5.238485 0.166244 1.523812
v -5.355159 0.098919 1.497017
v -5.520162 0.003708 1.306516
v -5.543369 -0.009684 1.171812
v -5.520162 0.003708 1.037107
v -3.659040 -0.638199 -0.486383
v -2.086337 -2.075824 -2.793400
v -2.362200 -2.080404 -3.193400
v -2.086337 -2.075824 -3.193400
v -2.094313 -1.591552 -2.793400
v -1.995079 -1.686231 -3.193400
v -2.094313 -1.591552 -3.193400
v -1.990292 -1.976546 -2.793400
v -1.995079 -1.686231 -2.793400
v -1.990292 -1.976546 -3.193400
v -2.362200 -2.080404 -2.793400
v -2.818379 -1.651978 -2.793400
v -2.645398 -1.608361 -3.193400
v -2.818379 -1.651978 -3.193400
v -2.645398 -1.608361 -2.793400
v -2.707061 -2.089276 -3.202481
v -2.431160 -2.089277 -2.802481
v -2.707061 -2.089276 -2.802481
v -2.707124 -1.604939 -3.202481
v -2.804773 -1.701251 -2.802481
v -2.707124 -1.604939 -2.802481
v -2.804741 -1.991607 -3.202481
v -2.804773 -1.701251 -3.202481
v -2.804741 -1.991607 -2.802481
v -2.431160 -2.089277 -3.202481
v -1.982156 -1.653337 -3.202482
v -2.155837 -1.612598 -2.802482
v -1.982155 -1.653337 -2.802482
v -2.155837 -1.612598 -3.202482
v 3.305635 -1.029234 -2.766291
v 3.303274 -0.634173 -2.648927
v 3.303274 -1.033111 -2.648927
v 3.305635 -0.636734 -2.853641
v 3.069539 -0.952734 -2.853641
v 3.069539 -0.552734 -2.853641
v 3.305634 -1.029236 -3.265760
v 3.069539 -0.952736 -3.353110
v 3.305634 -1.029236 -3.353110
v 3.305635 -0.636736 -3.265760
v 3.069539 -0.552735 -3.353110
v 3.069539 -0.552735 -3.265760
v 3.069539 -0.552734 -2.766291
v 3.305634 -0.636734 -2.766291
v 3.305634 -1.029234 -2.853641
v 3.069539 -0.952734 -2.766291
v 3.069539 -0.952736 -3.265760
v 4.643513 -1.112734 -2.766291
v 4.643513 -1.462734 -2.853641
v 4.643513 -1.112734 -2.853641
v 4.643513 -1.462734 -3.265760
v 4.643513 -1.112734 -3.353110
v 4.643513 -1.112734 -3.265760
v 4.643513 -1.462734 -2.766291
v 4.643513 -1.462734 -3.353110
v 3.305635 -0.636736 -3.353110
v 3.071899 -0.581099 -3.470473
v 3.303274 -0.634175 -3.470473
v 3.303274 -1.033113 -3.470473
v 3.071899 -0.922609 -3.470473
v 2.571920 -0.751854 -3.470473
v 2.571920 -0.581099 -3.470473
v 3.071899 -0.548797 -3.470473
v 3.071899 -0.955358 -3.470473
v 3.071899 -0.955356 -2.648927
v 3.071899 -0.581097 -2.648927
v 3.071899 -0.548796 -2.648927
v 3.071899 -0.922607 -2.648927
v 3.069539 -0.584958 -2.766291
v 2.571920 -0.581097 -2.648927
v 3.069539 -0.584960 -3.353110
v 2.569559 -0.584960 -3.353110
v 3.069539 -0.920960 -3.353110
v 2.571920 -0.922609 -3.470473
v 3.069539 -0.920958 -2.766291
v 2.571920 -0.922607 -2.648927
v 2.569559 -0.920958 -2.766291
v 2.471899 -0.822598 -2.648927
v 2.469539 -0.685012 -2.766291
v 2.469539 -0.820948 -2.766291
v 2.498834 -0.891665 -2.766291
v 2.569559 -0.584958 -2.766291
v 2.501195 -0.610402 -2.648927
v 2.469539 -0.685012 -3.353110
v 2.471899 -0.822600 -3.470473
v 2.469539 -0.820950 -3.353110
v 2.501195 -0.610404 -3.470473
v 2.498834 -0.614265 -3.353110
v 2.471899 -0.681153 -3.470473
v 2.498834 -0.891667 -3.353110
v 2.501195 -0.893316 -3.470473
v 2.569559 -0.920960 -3.353110
v 2.471899 -0.681151 -2.648927
v 2.498834 -0.614263 -2.766291
v 2.501195 -0.893315 -2.648927
v 2.569559 -0.752959 -3.353110
v -2.078510 -2.089276 3.214600
v -2.354411 -2.089277 2.814600
v -2.078510 -2.089276 2.814600
v -2.078447 -1.604938 3.214600
v -1.980798 -1.701250 2.814600
v -2.078447 -1.604938 2.814600
v -1.980830 -1.991606 3.214600
v -1.980798 -1.701250 3.214600
v -1.980830 -1.991606 2.814600
v -2.354411 -2.089277 3.214600
v -2.803416 -1.653337 3.214600
v -2.629735 -1.612597 2.814600
v -2.803416 -1.653337 2.814600
v -2.629734 -1.612597 3.214600
v -2.707061 -2.089276 2.805518
v -2.431160 -2.089277 3.205519
v -2.707061 -2.089276 3.205519
v -2.707124 -1.604938 2.805518
v -2.804773 -1.701250 3.205519
v -2.707124 -1.604938 3.205519
v -2.804741 -1.991606 2.805518
v -2.804773 -1.701250 2.805518
v -2.804741 -1.991606 3.205519
v -2.431160 -2.089277 2.805518
v -1.982156 -1.653337 2.805518
v -2.155837 -1.612597 3.205518
v -1.982155 -1.653337 3.205518
v -2.155837 -1.612597 2.805518
v 3.305633 -1.029234 3.353109
v 3.303272 -0.634173 3.470473
v 3.303272 -1.033110 3.470473
v 3.305633 -0.636734 3.265759
v 3.069537 -0.952734 3.265759
v 3.069537 -0.552734 3.265759
v 3.305633 -1.029234 2.853640
v 3.069537 -0.952734 2.766290
v 3.305633 -1.029234 2.766290
v 3.305633 -0.636734 2.853640
v 3.069537 -0.552734 2.766290
v 3.069537 -0.552734 2.853640
v 3.069537 -0.552734 3.353109
v 3.305633 -0.636734 3.353109
v 3.305633 -1.029234 3.265759
v 3.069537 -0.952734 3.353109
v 3.069537 -0.952734 2.853640
v 4.643511 -1.112734 3.353109
v 4.643511 -1.462734 3.265759
v 4.643511 -1.112734 3.265759
v 4.643511 -1.462734 2.853640
v 4.643511 -1.112734 2.766290
v 4.643511 -1.112734 2.853640
v 4.643511 -1.462734 3.353109
v 4.643511 -1.462734 2.766290
v 3.305633 -0.636734 2.766290
v 3.071897 -0.581097 2.648927
v 3.303272 -0.634173 2.648927
v 3.303272 -1.033111 2.648927
v 3.071897 -0.922607 2.648927
v 2.571918 -0.751852 2.648927
v 2.571918 -0.581097 2.648927
v 3.071897 -0.548796 2.648927
v 3.071897 -0.955356 2.648927
v 3.071897 -0.955355 3.470473
v 3.071897 -0.581096 3.470473
v 3.071897 -0.548795 3.470473
v 3.071897 -0.922607 3.470473
v 3.069537 -0.584958 3.353109
v 2.571918 -0.581096 3.470473
v 3.069537 -0.584958 2.766290
v 2.569557 -0.584958 2.766290
v 3.069537 -0.920958 2.766290
v 2.571918 -0.922607 2.648927
v 3.069537 -0.920958 3.353109
v 2.571918 -0.922607 3.470473
v 2.569557 -0.920958 3.353109
v 2.471898 -0.822598 3.470473
v 2.469537 -0.685012 3.353109
v 2.469537 -0.820947 3.353109
v 2.498832 -0.891665 3.353109
v 2.569557 -0.584958 3.353109
v 2.501193 -0.610401 3.470473
v 2.469537 -0.685012 2.766290
v 2.471898 -0.822598 2.648927
v 2.469537 -0.820948 2.766290
v 2.501193 -0.610402 2.648927
v 2.498832 -0.614263 2.766290
v 2.471898 -0.681151 2.648927
v 2.498832 -0.891665 2.766290
v 2.501193 -0.893315 2.648927
v 2.569557 -0.920958 2.766290
v 2.471898 -0.681151 3.470473
v 2.498832 -0.614263 3.353109
v 2.501193 -0.893315 3.470473
v 2.569557 -0.752958 2.766290
v 2.204526 -0.110001 0.968419
v 2.219750 -0.033464 0.448419
v 2.204526 -0.110001 0.448419
v 2.263105 0.031421 0.968419
v 2.263105 0.031421 0.448419
v 2.327989 0.074775 0.448419
v 2.327989 0.074775 0.968419
v 2.404526 0.090000 0.448419
v 2.404526 0.090000 0.968419
v 2.481063 0.074775 0.448419
v 2.481063 0.074775 0.968419
v 2.545947 0.031421 0.448419
v 2.545947 0.031421 0.968419
v 2.589302 -0.033464 0.448419
v 2.589302 -0.033464 0.968419
v 2.604526 -0.110001 0.448419
v 2.604526 -0.110001 0.968419
v 2.589302 -0.186536 0.448419
v 2.589302 -0.186536 0.968419
v 2.545947 -0.251422 0.448419
v 2.545947 -0.251422 0.968419
v 2.481063 -0.294777 0.448419
v 2.481063 -0.294777 0.968419
v 2.404526 -0.310001 0.448419
v 2.404526 -0.310001 0.968419
v 2.327989 -0.294776 0.448419
v 2.327989 -0.294776 0.968419
v 2.263105 -0.251422 0.448419
v 2.263105 -0.251422 0.968419
v 2.219750 -0.186536 0.448419
v 2.219750 -0.186536 0.968419
v -2.212670 0.051332 0.315259
v -2.212670 0.080593 0.206059
v -2.212670 -0.137807 -0.012341
v -2.212670 -0.247008 0.016919
v -2.212670 -0.028607 0.395199
v -2.212670 -0.137807 0.424459
v -2.212670 -0.326946 0.315259
v -2.212670 -0.247008 0.395199
v -2.112670 -0.247008 0.016919
v -2.112670 -0.137807 -0.012341
v -2.212670 -0.326946 0.096859
v -2.112670 -0.326949 0.096859
v -2.212670 -0.356207 0.206059
v -2.112670 -0.356207 0.206059
v -2.112670 -0.326949 0.315259
v -2.112670 -0.247008 0.395199
v -2.112670 -0.137807 0.424459
v -2.112670 -0.028607 0.395199
v -2.112670 0.051332 0.315259
v -2.112670 0.080593 0.206059
v -2.212670 0.051332 0.096859
v -2.112670 0.051332 0.096859
v -2.212670 -0.028607 0.016919
v -2.112670 -0.028607 0.016919
v -0.796375 -0.026284 1.319392
v -0.769745 -0.207986 1.319392
v -0.796375 -0.199333 1.319392
v -1.227250 0.113716 0.092725
v -1.328966 -0.026284 0.092725
v -1.227250 -0.339334 1.319392
v -1.062671 -0.420808 1.319392
v -1.243708 -0.361986 1.319392
v -0.796375 -0.026284 0.092725
v -0.769745 -0.207986 0.092725
v -0.769745 -0.017631 0.092725
v -1.062671 0.167191 1.319392
v -1.243708 0.136369 1.319392
v -1.062671 0.195192 1.319392
v -1.227250 -0.339334 0.092725
v -1.062671 -0.420808 0.092725
v -1.062671 -0.392808 0.092725
v -0.881633 -0.361986 1.319392
v -0.898091 -0.339333 1.319392
v -1.062671 0.167191 0.092725
v -1.243708 0.136369 0.092725
v -1.328966 -0.199333 1.319392
v -0.796375 -0.199333 0.092725
v -0.881633 -0.361986 0.092725
v -0.881633 0.136369 1.319392
v -0.898091 0.113716 1.319392
v -1.328966 -0.199333 0.092725
v -1.243708 -0.361986 0.092725
v -1.062671 -0.392808 1.319392
v -0.881633 0.136369 0.092725
v -1.062671 0.195192 0.092725
v -1.328966 -0.026284 1.319392
v -0.898091 -0.339333 0.092725
v -0.769745 -0.017631 1.319392
v -0.898091 0.113716 0.092725
v -1.227250 0.113716 1.319392
v -1.243708 -0.361986 1.506058
v -1.512741 -0.361986 -0.093942
v -1.512741 0.136369 1.506058
v -1.243708 0.136369 1.506058
v -1.062671 0.195192 1.506058
v -0.881633 0.136369 1.506058
v -0.769745 -0.017631 1.506059
v -0.881633 -0.361986 1.506058
v -1.062671 -0.420808 1.506058
v -0.769745 -0.017631 -0.093942
v -0.881633 -0.361986 -0.093942
v -1.062671 -0.420808 -0.093942
v -0.769745 -0.207986 -0.093942
v -0.881633 0.136369 -0.093942
v -1.062671 0.195192 -0.093942
v -1.243708 0.136369 -0.093942
v -1.243708 -0.361986 -0.093942
v -1.181905 -0.276921 1.506058
v -1.062671 -0.315662 1.506058
v -1.255596 -0.175494 1.506058
v -1.181905 0.051304 1.506058
v -1.255596 -0.050123 1.506058
v -1.062671 0.090045 1.506058
v -0.943436 0.051304 1.506058
v -0.869745 -0.050123 1.506058
v -0.769745 -0.207986 1.506059
v -0.869745 -0.175494 1.506059
v -0.943436 -0.276920 1.506058
v -1.512741 -0.361986 0.092725
v -1.512741 0.136369 0.092725
v -1.512741 -0.361986 1.506058
v -1.512741 -0.361986 1.319392
v -1.512741 0.136369 1.319392
v -1.512741 0.136369 -0.093942
v -2.859842 0.050001 -0.174463
v -2.791354 0.550001 -0.146094
v -2.791354 0.050001 -0.146094
v -3.078356 0.050001 -0.027214
v -3.049987 0.550001 -0.095702
v -3.049987 0.050001 -0.095702
v -2.931107 0.050001 0.191301
v -2.999595 0.550001 0.162932
v -2.999595 0.050001 0.162932
v -2.712592 0.050001 0.044052
v -2.740961 0.550001 0.112540
v -2.740961 0.050001 0.112540
v -2.859842 0.550001 -0.174463
v -2.791354 0.050001 0.162932
v -2.859842 0.550001 0.191301
v -2.859842 0.050001 0.191301
v -2.740961 0.050001 -0.095702
v -2.712592 0.550001 -0.027214
v -2.712592 0.050001 -0.027214
v -3.049987 0.050001 0.112540
v -3.078356 0.550001 0.044052
v -3.078356 0.050001 0.044052
v -2.999595 0.050001 -0.146094
v -2.931107 0.550001 -0.174463
v -2.931107 0.050001 -0.174463
v -3.078356 0.550001 -0.027214
v -2.931107 0.550001 0.191301
v -2.712592 0.550001 0.044052
v -2.999595 0.550001 -0.146094
v -3.049987 0.550001 0.112540
v -2.740961 0.550001 -0.095702
v -2.791354 0.550001 0.162932
v -2.892786 -1.404055 -2.502941
v -2.817786 -1.424150 -3.202942
v -2.892786 -1.404055 -3.202942
v -2.817786 -1.424150 -2.502941
v -2.762882 -1.479054 -3.202942
v -2.762882 -1.479054 -2.502941
v -2.742786 -1.554054 -3.202942
v -2.742786 -1.554054 -2.502941
v -2.762882 -1.629054 -3.202942
v -2.762882 -1.629054 -2.502941
v -2.817786 -1.683958 -3.202942
v -2.817786 -1.683958 -2.502941
v -2.892786 -1.704054 -3.202942
v -2.892786 -1.704054 -2.502941
v -2.967786 -1.683958 -3.202942
v -2.967786 -1.683958 -2.502941
v -3.022690 -1.629054 -3.202942
v -3.022690 -1.629054 -2.502941
v -3.042786 -1.554054 -3.202942
v -3.042786 -1.554054 -2.502941
v -3.022690 -1.479054 -3.202942
v -3.022690 -1.479054 -2.502941
v -2.967786 -1.424150 -3.202942
v -2.967786 -1.424150 -2.502941
v -1.892785 -1.404056 -2.502940
v -1.817786 -1.424151 -3.202941
v -1.892785 -1.404056 -3.202941
v -1.817786 -1.424151 -2.502940
v -1.762882 -1.479055 -3.202941
v -1.762882 -1.479055 -2.502940
v -1.742785 -1.554056 -3.202941
v -1.742785 -1.554056 -2.502940
v -1.762882 -1.629055 -3.202941
v -1.762882 -1.629055 -2.502940
v -1.817786 -1.683959 -3.202941
v -1.817786 -1.683959 -2.502940
v -1.892785 -1.704054 -3.202941
v -1.892785 -1.704054 -2.502940
v -1.967786 -1.683959 -3.202941
v -1.967786 -1.683959 -2.502940
v -2.022689 -1.629055 -3.202941
v -2.022689 -1.629055 -2.502940
v -2.042785 -1.554056 -3.202941
v -2.042785 -1.554056 -2.502940
v -2.022689 -1.479055 -3.202941
v -2.022689 -1.479055 -2.502940
v -1.967786 -1.424151 -3.202941
v -1.967786 -1.424151 -2.502940
v 2.374524 -1.715518 -2.812421
v 1.474524 -1.715518 -2.975460
v 2.374524 -1.715518 -2.975460
v 1.474524 -1.715518 -2.812421
v 1.474524 -1.459000 -2.713941
v 1.474524 -1.360518 -2.812421
v 2.374524 -1.617037 -3.073941
v 1.474524 -1.459000 -3.073941
v 2.374524 -1.459000 -3.073941
v 2.374524 -1.360518 -2.975460
v 2.374524 -1.360518 -2.812421
v 2.374524 -1.459000 -2.713941
v 1.474524 -1.617037 -2.713941
v 2.374524 -1.617037 -2.713941
v 2.374524 -1.389362 -2.742785
v 1.474524 -1.389362 -2.742785
v 1.474524 -1.686675 -2.742785
v 2.374524 -1.686675 -2.742785
v 1.474524 -1.686675 -3.045097
v 1.474524 -1.617037 -3.073941
v 2.374524 -1.686675 -3.045097
v 1.474524 -1.389362 -3.045097
v 1.474524 -1.360518 -2.975460
v 2.374524 -1.389362 -3.045097
v -2.817786 -1.424150 3.215059
v -2.892786 -1.404054 2.515058
v -2.892786 -1.404054 3.215059
v -2.762882 -1.479054 3.215059
v -2.817786 -1.424150 2.515058
v -2.742786 -1.554054 3.215059
v -2.762882 -1.479054 2.515058
v -2.762882 -1.629054 3.215059
v -2.742786 -1.554054 2.515058
v -2.817786 -1.683958 3.215059
v -2.762882 -1.629054 2.515058
v -2.892786 -1.704054 3.215059
v -2.817786 -1.683958 2.515058
v -2.967786 -1.683958 3.215059
v -2.892786 -1.704054 2.515058
v -3.022690 -1.629054 3.215059
v -2.967786 -1.683958 2.515058
v -3.042786 -1.554054 3.215059
v -3.022690 -1.629054 2.515058
v -3.022690 -1.479054 3.215059
v -3.042786 -1.554054 2.515058
v -2.967786 -1.424150 3.215059
v -3.022690 -1.479054 2.515058
v -2.967786 -1.424150 2.515058
v -1.817786 -1.424151 3.215059
v -1.892785 -1.404055 2.515058
v -1.892785 -1.404055 3.215059
v -1.762882 -1.479055 3.215059
v -1.817786 -1.424151 2.515058
v -1.742785 -1.554055 3.215059
v -1.762882 -1.479055 2.515058
v -1.762882 -1.629055 3.215059
v -1.742785 -1.554055 2.515058
v -1.817786 -1.683959 3.215059
v -1.762882 -1.629055 2.515058
v -1.892785 -1.704054 3.215059
v -1.817786 -1.683959 2.515058
v -1.967786 -1.683959 3.215059
v -1.892785 -1.704054 2.515058
v -2.022689 -1.629055 3.215059
v -1.967786 -1.683959 2.515058
v -2.042785 -1.554055 3.215059
v -2.022689 -1.629055 2.515058
v -2.022689 -1.479055 3.215059
v -2.042785 -1.554055 2.515058
v -1.967786 -1.424151 3.215059
v -2.022689 -1.479055 2.515058
v -1.967786 -1.424151 2.515058
v 1.474524 -1.715518 2.987578
v 2.374524 -1.715518 2.824539
v 2.374524 -1.715518 2.987578
v 1.474524 -1.715518 2.824539
v 1.474524 -1.360518 2.824539
v 1.474524 -1.458999 2.726059
v 1.474524 -1.458999 3.086059
v 2.374524 -1.617037 3.086059
v 2.374524 -1.458999 3.086059
v 2.374524 -1.360518 2.987578
v 2.374524 -1.360518 2.824539
v 1.474524 -1.617037 2.726059
v 2.374524 -1.458999 2.726059
v 2.374524 -1.617037 2.726059
v 2.374524 -1.389362 2.754903
v 1.474524 -1.389362 2.754903
v 1.474524 -1.686674 2.754903
v 2.374524 -1.686674 2.754903
v 1.474524 -1.686674 3.057215
v 1.474524 -1.617037 3.086059
v 2.374524 -1.686674 3.057215
v 1.474524 -1.389362 3.057215
v 1.474524 -1.360518 2.987578
v 2.374524 -1.389362 3.057215
v -2.969700 -0.441421 2.372591
v -2.906572 -0.219845 2.386719
v -2.969700 -0.219672 2.374163
v -2.521063 -0.217627 2.227043
v -2.485303 -0.438633 2.171957
v -2.485303 -0.216884 2.173529
v -2.446197 -0.215572 2.079120
v -2.433640 -0.436444 2.014424
v -2.433640 -0.214695 2.015996
v -2.433640 -0.213275 1.913811
v -2.446197 -0.434147 1.849113
v -2.446197 -0.212398 1.850685
v -2.478121 -0.211235 1.752260
v -2.528105 -0.431945 1.643171
v -2.528244 -0.210193 1.643236
v -2.602103 -0.432378 1.595901
v -2.687360 -0.212314 1.595901
v -2.602103 -0.210717 1.595901
v -3.020796 -0.430189 1.595901
v -3.108849 -0.209257 1.595901
v -3.020796 -0.208439 1.595901
v -3.182847 -0.431945 1.643171
v -3.232831 -0.211235 1.752260
v -3.182708 -0.210193 1.643236
v -3.264756 -0.434147 1.849113
v -3.277313 -0.213275 1.913811
v -3.264756 -0.212398 1.850685
v -3.277313 -0.436444 2.014424
v -3.264756 -0.215572 2.079120
v -3.277313 -0.214695 2.015996
v -3.225649 -0.438633 2.171957
v -3.189889 -0.217627 2.227043
v -3.225649 -0.216884 2.173529
v -3.117629 -0.440381 2.297729
v -3.064112 -0.219128 2.335058
v -3.117629 -0.218630 2.299301
v -3.264756 -0.437321 2.077550
v -2.692275 -0.433918 1.595901
v -2.446197 -0.437321 2.077550
v -2.646840 -0.219128 2.335058
v -2.593323 -0.440381 2.297729
v -2.593323 -0.218630 2.299301
v -2.804380 -0.219845 2.386719
v -2.741253 -0.441421 2.372591
v -2.741253 -0.219672 2.374163
v -2.876223 -0.370347 1.045901
v -2.870971 -0.258791 1.045901
v -2.806403 -0.283183 1.045901
v -2.906572 -0.441595 2.385147
v -2.646840 -0.440877 2.333486
v -2.521063 -0.439376 2.225473
v -2.433640 -0.435024 1.912239
v -2.478261 -0.432982 1.750752
v -3.108849 -0.431006 1.595901
v -3.232692 -0.432982 1.750752
v -3.277313 -0.435024 1.912239
v -3.189889 -0.439376 2.225472
v -3.064112 -0.440877 2.333486
v -4.418776 -2.105491 -1.643941
v -4.450230 -2.200415 0.006059
v -4.418776 -2.105491 0.006059
v -4.169317 -2.293501 0.006059
v -4.450230 -2.200415 1.656059
v -4.169317 -2.293501 -1.643941
v -4.450230 -2.200415 -1.643941
v -4.418776 -2.105491 1.656059
v -4.169317 -2.293501 1.656059
v -4.137862 -2.198577 1.656059
v -4.137862 -2.198577 0.006059
v -4.137862 -2.198577 -1.643941
v 2.328755 -0.647952 0.187220
v 1.828755 -0.297952 0.187220
v 2.480298 -0.647952 0.448419
v 3.180298 -0.297952 0.448419
v 2.404527 -0.647952 0.448419
v 2.404527 -0.647952 0.187220
v 3.180298 -0.297952 0.187220
v 3.180298 -0.647952 0.187220
v 2.480298 -0.647952 0.187220
v 2.104526 0.150000 1.128419
v 2.904526 -0.650001 1.128419
v 2.104526 -0.650001 1.128419
v 1.828755 -0.647952 0.448419
v 1.828755 -0.297952 0.448419
v 2.328755 -0.647952 0.448419
v 2.104526 0.150000 1.368419
v 2.104526 -0.650001 1.368419
v 2.904526 0.150000 1.128419
v 2.904526 -0.650001 1.368419
v 2.904526 0.150000 1.368419
v 2.219750 -0.033464 0.968419
v -2.804380 -0.441595 2.385147
v -2.858273 -0.425857 1.595901
v -2.796825 -0.312661 1.045901
v -2.809649 -0.352129 1.045901
v -2.834725 -0.370347 1.045901
v -2.901299 -0.352129 1.045901
v -2.914122 -0.312661 1.045901
v -2.904544 -0.283183 1.045901
v -2.839976 -0.258791 1.045901
v -2.853358 -0.204252 1.595901
v 1.828755 -0.647952 0.187220
v 3.180298 -0.647952 0.448419
v 3.448838 -0.885776 -3.127030
v 5.888048 -1.712861 -3.155147
v 5.864141 -1.774383 -3.127030
v 3.440824 -0.912198 -3.059147
v 5.854238 -1.799866 -3.059147
v 5.864141 -1.774383 -2.991265
v 5.888048 -1.712861 -2.963147
v 3.448838 -0.885776 -2.991265
v 5.911955 -1.651339 -2.991265
v 3.468185 -0.821988 -2.963147
v 5.921857 -1.625855 -3.059147
v 3.487533 -0.758199 -2.991265
v 3.487533 -0.758199 -3.127030
v 5.911955 -1.651339 -3.127030
v 3.468185 -0.821988 -3.155147
v 2.727235 -0.848003 -3.158560
v 2.647637 -1.248002 -3.158560
v 2.647637 -0.848003 -3.158560
v 2.932051 -0.848004 -3.265649
v 2.451580 -0.597468 -3.265649
v 3.032051 -0.597468 -3.265649
v 2.454271 -0.597466 -2.853641
v 2.451580 -0.848004 -3.265649
v 2.454271 -0.848002 -2.853641
v 2.934742 -0.848002 -2.853641
v 3.034742 -0.597466 -2.853641
v 2.797235 -0.848002 -3.018722
v 2.797235 -1.248002 -3.088560
v 2.797235 -0.848002 -3.088560
v 2.577637 -1.248002 -3.018722
v 2.577637 -0.848002 -3.088560
v 2.577637 -0.848002 -3.018722
v 2.647637 -0.848002 -2.948722
v 2.647637 -1.248002 -2.948722
v 2.727235 -1.248002 -2.948722
v 2.797235 -1.248002 -3.018722
v 2.727235 -1.248002 -3.158560
v 2.727235 -0.848002 -2.948722
v 3.069539 -0.952736 -3.265760
v 2.429539 -0.952736 -3.353110
v 3.069539 -0.952736 -3.353110
v 2.429539 -0.752735 -3.353110
v 3.069539 -0.552735 -3.265760
v 2.429539 -0.552735 -3.265760
v 2.429539 -0.752735 -3.265760
v 3.069539 -0.952734 -2.766291
v 2.429539 -0.952734 -2.853641
v 3.069539 -0.952734 -2.853641
v 3.069539 -0.552734 -2.853641
v 2.429539 -0.552734 -2.766291
v 3.069539 -0.552734 -2.766291
v 3.069539 -0.552735 -3.353110
v 2.369539 -0.892736 -3.265760
v 2.369539 -0.612734 -3.353110
v 2.369539 -0.892736 -3.353110
v 2.369539 -0.892734 -2.853641
v 2.369539 -0.612734 -2.766291
v 2.369539 -0.612734 -2.853641
v 2.387113 -0.935160 -2.766291
v 2.387113 -0.935160 -2.853641
v 2.387113 -0.935161 -3.265760
v 2.387113 -0.935161 -3.353110
v 2.429539 -0.952736 -3.265760
v 2.387113 -0.570306 -2.853641
v 2.387113 -0.570306 -2.766291
v 2.429539 -0.552734 -2.853641
v 2.429539 -0.552735 -3.353110
v 2.387113 -0.570307 -3.265760
v 2.387113 -0.570307 -3.353110
v 2.369539 -0.612734 -3.265760
v 2.429539 -0.752734 -2.766291
v 2.429539 -0.952734 -2.766291
v 2.429539 -0.752734 -2.853641
v 2.369539 -0.892734 -2.766291
v 2.727235 -0.848003 -3.158560
v 2.647637 -1.248002 -3.158560
v 2.647637 -0.848003 -3.158560
v 2.932051 -0.848004 -3.265649
v 2.451580 -0.597468 -3.265649
v 3.032051 -0.597468 -3.265649
v 2.454271 -0.597466 -2.853641
v 2.451580 -0.848004 -3.265649
v 2.454271 -0.848002 -2.853641
v 2.934742 -0.848002 -2.853641
v 3.034742 -0.597466 -2.853641
v 2.797235 -0.848002 -3.018722
v 2.797235 -1.248002 -3.088560
v 2.797235 -0.848002 -3.088560
v 2.577637 -1.248002 -3.018722
v 2.577637 -0.848002 -3.088560
v 2.577637 -0.848002 -3.018722
v 2.647637 -0.848002 -2.948722
v 2.647637 -1.248002 -2.948722
v 2.727235 -1.248002 -2.948722
v 2.797235 -1.248002 -3.018722
v 2.727235 -1.248002 -3.158560
v 2.727235 -0.848002 -2.948722
v 3.069539 -0.952736 -3.265760
v 2.429539 -0.952736 -3.353110
v 3.069539 -0.952736 -3.353110
v 2.429539 -0.752735 -3.353110
v 3.069539 -0.552735 -3.265760
v 2.429539 -0.552735 -3.265760
v 2.429539 -0.752735 -3.265760
v 3.069539 -0.952734 -2.766291
v 2.429539 -0.952734 -2.853641
v 3.069539 -0.952734 -2.853641
v 3.069539 -0.552734 -2.853641
v 2.429539 -0.552734 -2.766291
v 3.069539 -0.552734 -2.766291
v 3.069539 -0.552735 -3.353110
v 2.369539 -0.892736 -3.265760
v 2.369539 -0.612734 -3.353110
v 2.369539 -0.892736 -3.353110
v 2.369539 -0.892734 -2.853641
v 2.369539 -0.612734 -2.766291
v 2.369539 -0.612734 -2.853641
v 2.387113 -0.935160 -2.766291
v 2.387113 -0.935160 -2.853641
v 2.387113 -0.935161 -3.265760
v 2.387113 -0.935161 -3.353110
v 2.429539 -0.952736 -3.265760
v 2.387113 -0.570306 -2.853641
v 2.387113 -0.570306 -2.766291
v 2.429539 -0.552734 -2.853641
v 2.429539 -0.552735 -3.353110
v 2.387113 -0.570307 -3.265760
v 2.387113 -0.570307 -3.353110
v 2.369539 -0.612734 -3.265760
v 2.429539 -0.752734 -2.766291
v 2.429539 -0.952734 -2.766291
v 2.429539 -0.752734 -2.853641
v 2.369539 -0.892734 -2.766291
v 3.495547 -0.731777 -3.059147
v 2.577637 -1.248002 -3.088560
v 2.577637 -1.248002 -3.088560
v 3.448836 -0.885776 2.992370
v 5.888046 -1.712861 2.964253
v 5.864139 -1.774383 2.992370
v 3.440822 -0.912198 3.060253
v 5.854237 -1.799866 3.060253
v 5.864139 -1.774383 3.128135
v 5.888046 -1.712861 3.156253
v 3.448836 -0.885776 3.128135
v 5.911952 -1.651339 3.128135
v 3.468183 -0.821988 3.156253
v 5.921854 -1.625855 3.060253
v 3.487531 -0.758199 3.128135
v 3.487531 -0.758199 2.992370
v 5.911952 -1.651339 2.992370
v 3.468183 -0.821988 2.964253
v 2.727233 -0.848002 2.960840
v 2.647635 -1.248002 2.960840
v 2.647635 -0.848002 2.960840
v 2.932049 -0.848002 2.853751
v 2.451578 -0.597466 2.853751
v 3.032049 -0.597466 2.853751
v 2.454269 -0.597466 3.265759
v 2.451578 -0.848002 2.853751
v 2.454269 -0.848002 3.265759
v 2.934741 -0.848002 3.265759
v 3.034740 -0.597466 3.265759
v 2.797233 -0.848002 3.100678
v 2.797233 -1.248002 3.030840
v 2.797233 -0.848002 3.030840
v 2.577635 -1.248002 3.100678
v 2.577635 -0.848002 3.030840
v 2.577635 -0.848002 3.100678
v 2.647635 -0.848002 3.170678
v 2.647635 -1.248002 3.170678
v 2.727233 -1.248002 3.170678
v 2.797233 -1.248002 3.100678
v 2.727233 -1.248002 2.960840
v 2.727233 -0.848002 3.170678
v 3.069537 -0.952734 2.853640
v 2.429537 -0.952734 2.766290
v 3.069537 -0.952734 2.766290
v 2.429537 -0.752734 2.766290
v 3.069537 -0.552734 2.853640
v 2.429537 -0.552734 2.853640
v 2.429537 -0.752734 2.853640
v 3.069537 -0.952734 3.353109
v 2.429537 -0.952734 3.265759
v 3.069537 -0.952734 3.265759
v 3.069537 -0.552734 3.265759
v 2.429537 -0.552734 3.353109
v 3.069537 -0.552734 3.353109
v 3.069537 -0.552734 2.766290
v 2.369537 -0.892734 2.853640
v 2.369537 -0.612734 2.766290
v 2.369537 -0.892734 2.766290
v 2.369537 -0.892734 3.265759
v 2.369537 -0.612734 3.353109
v 2.369537 -0.612734 3.265759
v 2.387111 -0.935159 3.353109
v 2.387111 -0.935159 3.265759
v 2.387111 -0.935160 2.853640
v 2.387111 -0.935160 2.766290
v 2.429537 -0.952734 2.853640
v 2.387111 -0.570306 3.265759
v 2.387111 -0.570306 3.353109
v 2.429537 -0.552734 3.265759
v 2.429537 -0.552734 2.766290
v 2.387111 -0.570306 2.853640
v 2.387111 -0.570306 2.766290
v 2.369537 -0.612734 2.853640
v 2.429537 -0.752733 3.353109
v 2.429537 -0.952734 3.353109
v 2.429537 -0.752733 3.265759
v 2.369537 -0.892734 3.353109
v 2.727233 -0.848002 2.960840
v 2.647635 -1.248002 2.960840
v 2.647635 -0.848002 2.960840
v 2.932049 -0.848002 2.853751
v 2.451578 -0.597466 2.853751
v 3.032049 -0.597466 2.853751
v 2.454269 -0.597466 3.265759
v 2.451578 -0.848002 2.853751
v 2.454269 -0.848002 3.265759
v 2.934741 -0.848002 3.265759
v 3.034740 -0.597466 3.265759
v 2.797233 -0.848002 3.100678
v 2.797233 -1.248002 3.030840
v 2.797233 -0.848002 3.030840
v 2.577635 -1.248002 3.100678
v 2.577635 -0.848002 3.030840
v 2.577635 -0.848002 3.100678
v 2.647635 -0.848002 3.170678
v 2.647635 -1.248002 3.170678
v 2.727233 -1.248002 3.170678
v 2.797233 -1.248002 3.100678
v 2.727233 -1.248002 2.960840
v 2.727233 -0.848002 3.170678
v 3.069537 -0.952734 2.853640
v 2.429537 -0.952734 2.766290
v 3.069537 -0.952734 2.766290
v 2.429537 -0.752734 2.766290
v 3.069537 -0.552734 2.853640
v 2.429537 -0.552734 2.853640
v 2.429537 -0.752734 2.853640
v 3.069537 -0.952734 3.353109
v 2.429537 -0.952734 3.265759
v 3.069537 -0.952734 3.265759
v 3.069537 -0.552734 3.265759
v 2.429537 -0.552734 3.353109
v 3.069537 -0.552734 3.353109
v 3.069537 -0.552734 2.766290
v 2.369537 -0.892734 2.853640
v 2.369537 -0.612734 2.766290
v 2.369537 -0.892734 2.766290
v 2.369537 -0.892734 3.265759
v 2.369537 -0.612734 3.353109
v 2.369537 -0.612734 3.265759
v 2.387111 -0.935159 3.353109
v 2.387111 -0.935159 3.265759
v 2.387111 -0.935160 2.853640
v 2.387111 -0.935160 2.766290
v 2.429537 -0.952734 2.853640
v 2.387111 -0.570306 3.265759
v 2.387111 -0.570306 3.353109
v 2.429537 -0.552734 3.265759
v 2.429537 -0.552734 2.766290
v 2.387111 -0.570306 2.853640
v 2.387111 -0.570306 2.766290
v 2.369537 -0.612734 2.853640
v 2.429537 -0.752733 3.353109
v 2.429537 -0.952734 3.353109
v 2.429537 -0.752733 3.265759
v 2.369537 -0.892734 3.353109
v 3.495545 -0.731777 3.060253
v 2.577635 -1.248002 3.030840
v 2.577635 -1.248002 3.030840
v 0.051181 0.669598 0.722517
v 0.208909 0.669598 0.689602
v 0.155225 0.669598 0.629532
v 0.076360 0.669598 0.645990
v 0.090262 0.678134 0.637154
v 0.169810 0.678170 0.637185
v 0.183730 0.669598 0.766129
v 0.209611 0.678134 0.706059
v 0.169810 0.678170 0.774934
v 0.169828 0.678134 0.637154
v 0.209575 0.678170 0.706059
v 0.050480 0.678134 0.706059
v 0.090280 0.678170 0.637185
v 0.090262 0.678134 0.774965
v 0.050516 0.678170 0.706059
v 0.104865 0.669598 0.782587
v 0.169827 0.678134 0.774965
v 0.090280 0.678170 0.774934
v 2.184602 0.154064 0.791859
v 2.184602 0.058105 0.937438
v 2.184602 -0.374066 0.791859
v 1.984735 -0.278108 0.937438
v 1.984735 -0.374066 0.791859
v 2.184602 0.053200 0.481432
v 2.184602 0.162001 0.617680
v 1.984735 0.154064 0.791859
v 2.184602 -0.110002 0.983714
v 2.184602 -0.278108 0.937438
v 2.184602 -0.382003 0.617680
v 2.184602 -0.273202 0.481432
v 2.184602 -0.110002 0.420059
v 1.984735 -0.382003 0.617680
v 1.984735 -0.110002 0.420059
v 1.984735 0.162001 0.617680
v 1.984735 0.053200 0.481432
v 1.984735 -0.110002 0.983714
v 1.984735 -0.273202 0.481432
v 1.984735 0.058105 0.937438
v 0.189891 -0.159147 1.815407
v 0.202748 -0.082620 1.815407
v 0.070199 -0.060352 1.815407
v 0.117188 -0.186277 1.815407
v 0.142902 -0.033223 1.815407
v 0.057342 -0.136879 1.815407
v 0.050516 0.813169 0.706059
v 0.209575 0.813169 0.706059
v 0.090280 0.813169 0.637185
v 0.090280 0.813169 0.774934
v 0.169810 0.813169 0.774934
v 0.169810 0.813169 0.637185
v 0.183730 0.669598 0.645990
v 0.155225 0.669598 0.782587
v 0.076360 0.669598 0.766129
v 0.051181 0.669598 0.689602
v 0.208909 0.669598 0.722517
v 0.104865 0.669598 0.629532
v 0.057342 -0.082620 1.815407
v 0.202748 -0.136879 1.815407
v 0.117188 -0.033223 1.815407
v -1.019965 0.582922 1.641213
v -1.069951 0.582922 1.641213
v -1.019965 0.582922 1.670903
v -1.069951 0.582922 1.670903
v -2.994405 -0.392531 1.595901
v -2.858066 -0.388897 1.485901
v -2.858066 -0.388897 1.595901
v -2.717831 -0.395709 1.595901
v -2.714554 -0.247962 1.595901
v -2.994405 -0.244732 1.595901
v -2.853580 -0.241210 1.595901
v -2.994405 -0.244732 1.485901
v -2.853580 -0.241210 1.485901
v -2.717831 -0.395709 1.485901
v -2.714554 -0.247962 1.485901
v -2.994405 -0.392531 1.485901
v -2.876223 -0.370347 1.485901
v -2.901299 -0.352129 1.485901
v -2.870971 -0.258791 1.485901
v -2.839976 -0.258791 1.485901
v -2.914122 -0.312661 1.485901
v -2.904544 -0.283183 1.485901
v -2.806403 -0.283183 1.485901
v -2.796825 -0.312661 1.485901
v -2.809649 -0.352129 1.485901
v -2.834725 -0.370347 1.485901
v 1.014524 -0.396517 -0.993941
v 1.084524 -0.646517 -0.553941
v 1.084524 -0.646517 -0.993941
v 0.764524 -0.396517 -0.993941
v 1.009524 -0.396517 -0.553941
v 1.084524 -1.046518 1.806059
v 0.684524 -0.844830 2.044639
v 0.684524 -1.046518 1.806059
v 0.764524 -0.646517 -0.993941
v -0.123528 -0.396517 -0.993941
v -0.186179 -0.646517 -0.993941
v -0.123528 -0.396517 -0.553941
v 0.684524 -0.646517 -0.553941
v 0.759524 -0.396517 -0.553941
v 1.084524 -0.703300 2.126299
v 1.084524 -0.646517 1.806059
v 1.073839 -0.610902 2.097622
v 0.684524 -0.646517 1.806059
v 0.684524 -0.749234 2.110313
v 0.684524 -0.703300 2.126299
v 1.009524 -0.396517 1.806059
v 0.759524 -0.396517 1.806059
v 1.084524 -0.749234 2.110313
v -0.178127 -0.646517 -0.553941
v 1.084524 -0.844830 2.044639
v 0.695209 -0.610902 2.097622
v 4.204525 -1.628760 -1.593941
v 3.704525 -1.862760 -1.593941
v 3.704525 -1.628760 -1.593941
v 4.204525 -1.628760 -0.593941
v 4.204525 -1.862760 -1.593941
v 3.704525 -1.628760 0.406059
v 4.204525 -1.862760 0.406059
v 4.204525 -1.628760 0.406059
v 4.204525 -1.862760 -0.593941
v 3.704525 -1.862760 0.406059
v 4.004524 -1.693378 0.341441
v 4.204525 -1.693378 -0.529323
v 4.204525 -1.693378 0.341441
v 4.204525 -1.798141 -0.529323
v 4.204525 -1.798141 0.341441
v 4.004524 -1.798141 -0.529323
v 4.004524 -1.693378 -0.529323
v 4.004524 -1.798141 0.341441
v 3.749269 -2.490000 1.217541
v 4.059782 -2.490000 1.217541
v 3.995405 -2.490000 1.463675
v 3.749269 -2.490000 1.399298
v 3.813648 -2.490000 1.153163
v 3.813648 -2.490000 1.463675
v 3.995405 -2.490000 1.153163
v 4.059782 -2.490000 1.399298
v -5.143851 0.500250 1.420713
v -5.077760 0.538386 1.306516
v -5.054554 0.551778 1.171812
v -5.077760 0.538386 1.037107
v -5.143851 0.500250 0.922910
v -5.476110 0.308526 0.846606
v -5.242761 0.443175 0.846606
v -5.575020 0.251452 0.922910
v -5.359437 0.375851 0.819812
v -5.641111 0.213315 1.037107
v -5.664320 0.199924 1.171812
v -5.575020 0.251452 1.420713
v -5.476110 0.308526 1.497017
v -5.359437 0.375851 1.523812
v -5.242761 0.443175 1.497016
v -5.641111 0.213315 1.306516
v -5.447922 0.043959 1.105316
v -5.246675 -0.324361 1.136850
v -5.238186 -0.319462 1.105316
v -5.019348 0.291263 1.206773
v -4.818102 -0.077057 1.238307
v -5.027838 0.286365 1.238307
v -5.483171 0.023623 1.094528
v -5.284828 -0.346372 1.136850
v -5.494563 0.017050 1.136850
v -5.159317 0.210492 0.893873
v -5.006860 -0.185976 0.885455
v -5.216594 0.177446 0.885455
v -4.964181 -0.161353 0.919917
v -4.949581 -0.152930 0.893873
v -4.809613 -0.072158 1.206773
v -4.782855 -0.056721 1.249095
v -5.092108 -0.235167 1.423706
v -5.049430 -0.210545 1.458168
v -5.106709 -0.243590 1.449750
v -5.273434 -0.339799 1.094528
v -4.981195 0.313273 1.206773
v -5.456410 0.039062 1.136850
v -4.992589 0.306701 1.249095
v -5.259164 0.152877 1.458168
v -5.173916 0.202069 0.919917
v -5.006860 -0.185976 0.913644
v -5.259164 0.152877 1.429979
v -5.301843 0.128255 1.423706
v -5.049430 -0.210545 1.429979
v -4.771461 -0.050148 1.206773
v -5.216594 0.177446 0.913644
v -5.316443 0.119831 1.449750
v 0.142901 -0.186277 1.815407
v 0.189892 -0.060352 1.815407
v 0.070199 -0.159147 1.815407
v 3.548212 -0.856032 -3.206987
v 3.578008 -0.757796 -3.163686
v 3.590350 -0.717105 -3.059147
v 3.578008 -0.757796 -2.954609
v 3.548212 -0.856030 -2.911307
v 5.847403 -1.817226 -3.059147
v 5.859287 -1.786647 -2.977688
v 5.887975 -1.712820 -2.943947
v 5.928545 -1.608413 -3.059147
v 5.916663 -1.638993 -3.140606
v 5.887975 -1.712820 -3.174348
v 5.859287 -1.786647 -3.140606
v 5.916663 -1.638993 -2.977688
v 5.960967 -1.764996 -3.174348
v 5.960968 -1.868676 -3.140606
v 5.960968 -1.911621 -3.059147
v 5.960968 -1.868676 -2.977688
v 5.960967 -1.764996 -2.943947
v 5.960968 -1.661315 -2.977688
v 5.960968 -1.618370 -3.059147
v 5.960968 -1.661315 -3.140606
v 2.988024 -0.617736 -3.206987
v 3.017819 -0.519502 -3.163686
v 3.017819 -0.519502 -2.954609
v 2.988024 -0.617736 -2.911307
v 2.958229 -0.715970 -2.954609
v 3.518417 -0.954264 -2.954609
v 2.945887 -0.756660 -3.059147
v 3.506076 -0.994954 -3.059147
v 3.518417 -0.954264 -3.163686
v 2.958229 -0.715971 -3.163686
v 3.030161 -0.478811 -3.059147
v 3.548211 -0.856030 2.912413
v 3.578006 -0.757796 2.955714
v 3.590348 -0.717105 3.060253
v 3.578006 -0.757795 3.164791
v 3.548211 -0.856030 3.208093
v 5.847402 -1.817226 3.060253
v 5.859285 -1.786647 3.141712
v 5.887973 -1.712820 3.175453
v 5.928544 -1.608413 3.060253
v 5.916661 -1.638993 2.978794
v 5.887973 -1.712820 2.945052
v 5.859285 -1.786647 2.978794
v 5.916661 -1.638993 3.141712
v 5.960965 -1.764996 2.945052
v 5.960966 -1.868676 2.978794
v 5.960966 -1.911621 3.060253
v 5.960966 -1.868676 3.141712
v 5.960965 -1.764996 3.175453
v 5.960966 -1.661315 3.141712
v 5.960966 -1.618370 3.060253
v 5.960966 -1.661315 2.978794
v 2.988022 -0.617736 2.912413
v 3.017817 -0.519502 2.955714
v 3.017817 -0.519501 3.164791
v 2.988022 -0.617736 3.208093
v 2.958227 -0.715970 3.164791
v 3.518415 -0.954263 3.164791
v 2.945885 -0.756660 3.060253
v 3.506074 -0.994954 3.060253
v 3.518415 -0.954264 2.955714
v 2.958227 -0.715970 2.955714
v 3.030159 -0.478811 3.060253
v -2.112671 -0.227807 0.506059
v -2.212671 0.012193 0.506059
v -2.112671 0.012193 0.506059
v -2.212671 -0.059348 0.577600
v -2.142670 -0.078731 0.708984
v -2.212671 -0.059348 0.741829
v -2.212671 0.012193 1.306059
v -2.112671 -0.227807 1.306059
v -2.112671 0.012193 1.306059
v -2.212671 0.012193 0.906059
v -2.212671 -0.227807 1.306059
v -2.212671 -0.227807 0.906059
v -2.212671 -0.156266 0.906059
v -2.212671 -0.059348 1.070288
v -2.212671 -0.059348 0.906059
v -2.212671 -0.227807 0.506059
v -2.212671 -0.156266 0.577600
v -2.212671 -0.156266 1.070288
v -2.212671 -0.156266 1.234518
v -2.212671 -0.059348 1.234518
v -2.212671 -0.156266 0.741829
v -2.142670 -0.136882 0.610446
v -2.142670 -0.078731 0.610446
v -2.142670 -0.136882 1.103134
v -2.142670 -0.078731 1.201672
v -2.142670 -0.078731 1.103134
v -2.142670 -0.136882 0.708984
v -2.142670 -0.136882 1.201672
v -2.855474 -0.215422 1.045901
v -2.768872 -0.265422 1.045901
v -2.768872 -0.365422 1.045901
v -2.855474 -0.415422 1.045901
v -2.942076 -0.365422 1.045901
v -2.942076 -0.265422 1.045901
v 4.231387 -2.403582 1.180543
v 4.277664 -2.403582 1.436295
v 4.304525 -2.403582 1.207404
v 4.204526 -2.403582 1.409434
v 4.304525 -2.403582 1.409434
v 4.204526 -2.403582 1.207404
v -4.724535 0.113706 -0.483160
v -4.708426 0.129814 -0.330554
v -4.643218 0.195024 -0.433160
v -4.742211 0.096029 -0.351328
v -4.673070 0.165170 -0.348721
v -4.689178 0.149062 -0.501328
v -4.655393 0.182847 -0.480554
v -4.754388 0.083853 -0.398722
v 1.310059 0.083599 0.061549
v 1.360400 -0.643601 0.040697
v 1.310059 -0.643601 0.061549
v 1.582248 0.083599 0.262545
v 1.561396 -0.643601 0.312886
v 1.582248 -0.643601 0.262545
v 1.498992 0.083599 0.375290
v 1.448652 -0.643601 0.396142
v 1.498992 -0.643601 0.375290
v 1.360400 0.083599 0.396142
v 1.310059 -0.643601 0.375290
v 1.360400 -0.643601 0.396142
v 1.247655 0.083599 0.312886
v 1.226803 -0.643601 0.262545
v 1.247655 -0.643601 0.312886
v 1.226803 0.083599 0.174293
v 1.247655 -0.643601 0.123952
v 1.226803 -0.643601 0.174293
v 1.561396 0.083599 0.123952
v 1.582248 -0.643601 0.174293
v 1.561396 -0.643601 0.123952
v 1.226803 0.083599 0.262545
v 1.448652 0.083599 0.396142
v 1.582248 0.083599 0.174293
v 1.448652 0.083599 0.040697
v 1.498992 -0.643601 0.061549
v 1.448652 -0.643601 0.040697
v 1.360400 0.083599 0.040697
v 1.498992 0.083599 0.061549
v 1.561396 0.083599 0.312886
v 1.310059 0.083599 0.375290
v 1.247655 0.083599 0.123952
v 4.277664 -2.403582 1.180543
v 4.231387 -2.403582 1.436295
v -3.020474 -0.215422 0.758832
v -2.968060 -0.215422 0.852969
v -2.968060 -0.215422 0.758832
v -2.968060 -0.268353 0.905901
v -2.968060 -0.241888 0.712992
v -2.690474 -0.268353 0.905901
v -2.742889 -0.435422 0.905901
v -2.690474 -0.435422 0.905901
v -3.020474 -0.268353 0.705901
v -3.020474 -0.268353 0.905901
v -2.968060 -0.435422 0.705901
v -3.020474 -0.435422 0.705901
v -2.690474 -0.222513 0.732367
v -2.690474 -0.241888 0.898809
v -2.742889 -0.268353 0.705901
v -2.690474 -0.435422 0.705901
v -2.742889 -0.435422 0.705901
v -2.742889 -0.215422 0.758832
v -2.690474 -0.215422 0.852969
v -2.690474 -0.215422 0.758832
v -2.742889 -0.215422 0.852969
v -2.742889 -0.222513 0.732367
v -2.690474 -0.241888 0.712992
v -2.742889 -0.241888 0.712992
v -2.690474 -0.268353 0.705901
v -3.020474 -0.215422 0.852969
v -2.968060 -0.222513 0.879435
v -3.020474 -0.222513 0.879435
v -2.968060 -0.241888 0.898809
v -3.020474 -0.241888 0.898809
v -3.020474 -0.222513 0.732367
v -2.968060 -0.222513 0.732367
v -3.020474 -0.241888 0.712992
v -2.690474 -0.222513 0.879435
v -2.742889 -0.222513 0.879435
v -2.742889 -0.241888 0.898809
v -3.020474 -0.435422 0.905901
v -2.968060 -0.435422 0.905901
v -2.685474 -0.435422 0.905901
v -2.685474 -0.495422 0.705901
v -2.685474 -0.435422 0.705901
v -3.025473 -0.435422 0.905901
v -2.685474 -0.495422 0.905901
v -3.025473 -0.435422 0.705901
v -3.025473 -0.495422 0.905901
v -3.025473 -0.495422 0.705901
v -2.995474 -0.645422 0.875901
v -2.715474 -0.495422 0.875901
v -2.995474 -0.495422 0.875901
v -2.715474 -0.495422 0.735901
v -2.995474 -0.495422 0.735901
v -2.715474 -0.645422 0.875901
v -2.995474 -0.645422 0.735901
v -2.715474 -0.645422 0.735901
v -3.076693 0.050001 -0.276518
v -2.968814 -0.670001 -0.321203
v -3.076693 -0.670001 -0.276518
v -2.565852 0.050001 0.081758
v -2.610537 -0.670001 0.189638
v -2.565852 -0.670001 0.081758
v -2.714255 0.050001 0.293356
v -2.822135 -0.670001 0.338041
v -2.714255 -0.670001 0.293356
v -2.968814 0.050001 0.338041
v -3.076693 -0.670001 0.293356
v -2.968814 -0.670001 0.338041
v -3.180411 0.050001 0.189638
v -3.225096 -0.670001 0.081758
v -3.180411 -0.670001 0.189638
v -3.225096 0.050001 -0.064920
v -3.180411 -0.670001 -0.172800
v -3.225096 -0.670001 -0.064920
v -2.610537 0.050001 -0.172800
v -2.565852 -0.670001 -0.064920
v -2.610537 -0.670001 -0.172800
v -2.822135 0.050001 -0.321203
v -2.714255 -0.670001 -0.276518
v -2.822135 -0.670001 -0.321203
v -3.180411 0.050001 -0.172800
v -2.714255 0.050001 -0.276518
v -2.968814 0.050001 -0.321203
v -2.565852 0.050001 -0.064920
v -2.610537 0.050001 0.189638
v -2.822135 0.050001 0.338041
v -3.076693 0.050001 0.293356
v -3.225096 0.050001 0.081758
v -0.730974 -0.215001 0.308419
v -0.499974 -0.645000 0.308419
v -0.730974 -0.645000 0.308419
v -0.730974 -0.645000 1.108419
v -0.730974 -0.353376 0.806869
v -0.730974 -0.373428 0.706061
v -0.499974 -0.215001 1.108419
v -0.499974 -0.645000 1.108419
v -0.730974 -0.215001 1.108419
v -0.499974 -0.210812 0.949433
v -0.730974 -0.210812 0.949433
v -0.499974 -0.373428 0.706061
v -0.499974 -0.353376 0.605253
v -0.730974 -0.353376 0.605253
v -0.499974 -0.296273 0.519792
v -0.730974 -0.296273 0.519792
v -0.499974 -0.210812 0.462689
v -0.730974 -0.210812 0.462689
v -0.730974 -0.296273 0.892330
v -0.499974 -0.296273 0.892330
v -0.499974 -0.353376 0.806869
v -0.499974 -0.215001 0.308419
v -3.680260 -0.942263 -1.264292
v -3.989771 -1.251773 -0.304885
v -3.696815 -0.958817 -1.165057
v -4.075963 -1.337965 -1.055331
v -4.137528 -1.399531 -0.864494
v -3.517619 -0.779621 -0.486383
v -3.397560 -0.659562 -0.617617
v -3.459126 -0.721128 -0.426779
v -3.838274 -1.100276 -0.317053
v -3.947624 -1.209627 -0.387607
v -4.067359 -1.329361 -0.841083
v -4.017469 -1.279471 -0.995727
v -3.545317 -0.807320 -1.177226
v -3.587464 -0.849467 -1.094503
v -3.467729 -0.729732 -0.641028
v -3.854828 -1.116830 -0.217818
v -3.973526 -0.688623 -0.697522
v -4.749578 0.087430 -0.697522
v -3.639108 -0.354207 -0.572999
v -4.401828 0.435180 -1.052703
v -4.415161 0.421846 -0.572999
v -3.625775 -0.340871 -1.052703
v -2.968060 -0.268353 0.705901
v -2.742889 -0.268353 0.905901
vn 0.534111 0.717873 -0.446524
vn 0.939070 0.000000 -0.343727
vn 0.641401 0.000000 -0.767206
vn -0.229855 0.459701 -0.857812
vn 0.171865 0.000000 -0.985121
vn -0.258824 0.000000 -0.965925
vn -0.965925 0.000000 -0.258822
vn -0.534111 0.717873 -0.446524
vn -0.641401 0.000000 -0.767206
vn 0.653757 0.717874 0.239289
vn 0.767211 0.000000 0.641395
vn 0.985121 0.000000 0.171860
vn 0.000000 0.723022 0.690825
vn -0.450423 0.804524 0.387117
vn 0.000000 0.901110 0.433591
vn 0.000000 0.378280 0.925691
vn -0.557739 0.148037 0.816709
vn -0.712124 0.342099 0.613064
vn 0.000000 -0.434058 -0.900885
vn -0.606186 -0.142272 -0.782495
vn -0.557739 -0.426040 -0.712332
vn -0.534111 0.717874 0.446522
vn -0.939072 0.000000 0.343721
vn -0.641398 0.000000 0.767209
vn 0.101089 0.808715 0.579449
vn -0.171861 0.000000 0.985121
vn 0.343723 0.000000 0.939071
vn 0.812234 -0.000001 -0.583331
vn 0.326727 0.555530 -0.764614
vn -0.000012 0.238070 -0.971248
vn -0.712123 0.167140 -0.681868
vn -0.000000 0.474162 -0.880438
vn -0.710233 0.333794 -0.619799
vn 0.000000 -0.901110 0.433591
vn -0.606186 -0.575042 0.549423
vn 0.000000 -0.723022 0.690825
vn 0.000000 0.880437 -0.474163
vn -0.450422 0.616779 -0.645526
vn 0.000000 0.690824 -0.723023
vn 0.000000 0.983871 0.178878
vn -0.606186 0.788161 -0.106494
vn 0.000000 0.990993 -0.133911
vn 0.000000 -0.690824 -0.723023
vn -0.606187 -0.700228 -0.377118
vn 0.000000 -0.880438 -0.474161
vn 0.000000 -0.990995 -0.133900
vn -0.450423 -0.878414 0.159712
vn 0.000000 -0.983870 0.178887
vn 0.567085 -0.075257 0.820214
vn 0.816282 -0.278788 0.505926
vn 0.000007 -0.265405 0.964137
vn 0.591667 0.306628 0.745594
vn -0.328095 -0.000004 0.944645
vn -0.490894 0.152969 0.857685
vn 0.456941 -0.800587 0.387641
vn -0.000002 -0.834936 0.550347
vn -0.000001 -0.683843 0.729630
vn 0.648598 0.739482 -0.180240
vn -0.000009 0.781428 -0.623996
vn -0.000033 0.975306 0.220858
vn -0.000047 0.998961 0.045580
vn 0.520492 -0.796745 -0.307061
vn -0.000002 -0.781418 -0.624008
vn 0.000001 -0.781410 -0.624018
vn 0.456936 0.800587 0.387646
vn -0.000010 0.683841 0.729631
vn -0.000015 0.834932 0.550353
vn 0.000068 -0.998967 0.045448
vn 0.000047 -0.975326 0.220771
vn 0.456944 -0.419838 -0.784180
vn 0.000006 -0.238075 -0.971247
vn 0.000009 -0.351991 -0.936004
vn 0.534115 0.446518 0.717874
vn 0.939073 0.343718 0.000000
vn 0.641406 0.767201 0.000000
vn -0.101092 0.579448 0.808715
vn 0.171866 0.985120 0.000000
vn -0.343732 0.939068 0.000000
vn -0.965927 0.258815 0.000000
vn -0.558520 0.558508 0.613290
vn -0.707115 0.707099 0.000000
vn 0.653760 -0.239282 0.717873
vn 0.767217 -0.641388 0.000000
vn 0.985122 -0.171855 0.000000
vn -0.451277 -0.377264 0.808716
vn -0.939076 -0.343710 0.000000
vn -0.641399 -0.767207 0.000000
vn 0.119644 -0.685815 0.717874
vn -0.171860 -0.985121 0.000000
vn 0.343719 -0.939072 0.000000
vn -0.283249 0.566499 0.773853
vn 0.685814 0.717874 -0.119647
vn -0.579450 0.808715 0.101088
vn -0.522959 0.840760 -0.140128
vn 0.446524 0.717874 0.534110
vn 0.239295 0.717874 -0.653754
vn -0.239288 -0.653757 0.717874
vn 0.811802 0.141623 0.566499
vn -0.685817 -0.119641 0.717873
vn -0.671075 0.179811 0.719254
vn 0.446524 -0.534108 0.717875
vn 0.239297 0.653753 0.717874
vn -0.762945 0.613290 -0.204428
vn -0.382838 0.840760 -0.382829
vn 0.522961 0.840760 -0.140125
vn 0.579450 0.101087 0.808714
vn 0.558514 0.558512 0.613291
vn -0.140131 -0.522958 0.840761
vn 0.000000 -0.433587 0.901112
vn -0.000000 0.119034 -0.992890
vn 0.000000 -0.178875 -0.983872
vn -0.450423 -0.119553 0.884775
vn 0.000000 0.089179 0.996016
vn 0.000000 -0.133905 0.990994
vn -0.558520 0.613290 0.558507
vn 0.558521 0.613290 -0.558507
vn 0.140131 0.840761 -0.522958
vn 0.382838 0.840760 0.382829
vn 0.762945 0.613290 0.204428
vn 0.229857 0.459702 0.857811
vn -0.179819 0.719255 -0.671071
vn -0.112563 0.900480 0.420078
vn -0.671075 0.719254 0.179812
vn 0.382831 -0.382837 0.840759
vn 0.653751 -0.239301 0.717875
vn 0.140125 0.522961 0.840760
vn 0.204433 -0.762943 0.613291
vn -0.229851 0.857813 0.459701
vn -0.627962 -0.627965 0.459699
vn -0.534105 0.446532 0.717873
vn -0.522957 -0.140132 0.840761
vn -0.579448 0.101093 0.808715
vn -0.836106 0.396635 0.378956
vn -0.710233 -0.634351 0.305235
vn -0.836107 0.482973 -0.260121
vn -0.710233 0.692613 0.125923
vn -0.710232 -0.486318 -0.508984
vn -0.836106 -0.543629 -0.073442
vn -0.836107 -0.237841 0.494325
vn 1.000000 -0.000023 0.000020
vn 0.713921 -0.646924 0.267965
vn 1.000000 -0.000028 0.000011
vn 1.000000 0.000020 0.000023
vn 0.713154 0.224831 0.663975
vn 1.000000 0.000010 0.000028
vn 1.000000 -0.000030 0.000002
vn 0.713154 -0.699471 -0.046380
vn 1.000000 0.000027 -0.000013
vn 0.713153 0.527395 -0.461808
vn 0.713154 0.663976 -0.224829
vn 1.000000 -0.000002 -0.000030
vn 0.713154 -0.224829 -0.663976
vn 0.836954 0.000001 -0.547273
vn 1.000000 0.000030 -0.000002
vn 0.713154 0.699472 0.046379
vn 1.000000 -0.000002 0.000030
vn 0.836954 -0.209431 0.505615
vn 1.000000 -0.000013 0.000027
vn 1.000000 -0.000028 -0.000011
vn 0.561304 -0.741985 -0.366601
vn 0.713154 -0.046376 0.699472
vn 1.000000 0.000028 0.000011
vn 0.713922 0.646923 0.267966
vn 1.000000 0.000010 -0.000028
vn 0.607435 0.303993 -0.733901
vn 0.804905 -0.390922 -0.446438
vn 1.000000 -0.000021 -0.000021
vn 0.713154 -0.461809 0.527394
vn 0.607435 0.561705 0.561704
vn 1.000000 0.000020 -0.000023
vn 1.000000 -0.000013 -0.000027
vn 0.713165 -0.699460 0.046380
vn 0.492126 -0.541989 -0.681219
vn -0.031307 -0.555294 -0.831065
vn -0.057596 -0.565799 -0.822529
vn 0.713164 0.699461 -0.046376
vn 0.713164 -0.663965 -0.224827
vn 0.607444 0.733895 0.303991
vn 0.713165 -0.527390 -0.461796
vn 0.836965 0.386968 0.386969
vn 0.804917 -0.262852 -0.531995
vn 0.561313 0.366603 0.741977
vn 0.607444 -0.000001 -0.794363
vn 0.607444 -0.303990 0.733895
vn 0.713164 0.046376 0.699461
vn 0.836966 0.209426 -0.505598
vn 0.713165 -0.527390 0.461796
vn 0.713164 0.461800 -0.527387
vn 0.836965 -0.505599 0.209426
vn 0.713164 0.628469 -0.310520
vn 0.582965 0.274781 0.764622
vn 0.602394 -0.234600 0.762944
vn 0.376908 -0.647064 0.662758
vn 0.569197 -0.788180 0.234066
vn 0.564685 -0.821561 -0.078537
vn 0.572084 -0.725377 -0.382816
vn 0.472557 -0.140387 -0.870047
vn 0.709917 -0.269512 -0.650678
vn 0.835057 0.210533 -0.508287
vn 0.590744 0.515225 -0.620938
vn 0.575404 0.725017 -0.378499
vn 0.565931 0.820751 -0.078034
vn 0.567748 0.788996 0.234833
vn 0.362576 0.646658 0.671097
vn 0.896861 0.169259 0.408645
vn -0.031322 0.555284 0.831071
vn -0.057616 0.565800 0.822527
vn -0.003069 -0.204274 -0.978909
vn -0.000062 -0.778934 -0.627106
vn 0.000001 0.296867 0.954919
vn -0.028769 0.388569 0.920970
vn -0.002948 0.204247 0.978915
vn 0.096454 0.234117 -0.967412
vn 0.038763 0.402099 -0.914775
vn -0.013685 -0.448443 0.893707
vn -0.016951 -0.555486 0.831353
vn 0.207328 0.746025 -0.632821
vn 0.127323 0.838525 -0.529779
vn -0.033037 -0.850428 0.525053
vn -0.051563 -0.905733 0.420700
vn -0.054835 0.841863 -0.536898
vn -0.069845 -0.980252 0.185005
vn -0.075743 -0.995355 0.059426
vn -0.069927 0.949230 -0.306713
vn -0.075147 0.979655 -0.186088
vn -0.079816 -0.979102 -0.187051
vn -0.072909 -0.946239 -0.315145
vn -0.079281 0.994279 0.071578
vn -0.075137 0.979657 0.186083
vn -0.067720 -0.836391 -0.543933
vn -0.051753 -0.756715 -0.651694
vn -0.066085 0.897028 0.437004
vn -0.054649 0.841878 0.536894
vn -0.309017 -0.951057 0.000000
vn -0.431976 -0.391438 0.812510
vn -0.867604 -0.497256 0.000000
vn 0.093107 0.603360 0.792015
vn 0.119395 -0.570589 0.812510
vn 0.994186 -0.107677 0.000000
vn 0.782435 -0.568474 0.254229
vn 0.809016 -0.587786 0.000000
vn -0.204813 0.978801 0.000000
vn 0.231002 0.972953 0.000000
vn 0.309017 0.951057 0.000000
vn -0.967144 0.000001 0.254229
vn -1.000000 0.000001 0.000000
vn 0.409627 -0.912253 0.000000
vn 0.809016 0.587787 0.000000
vn 0.699757 0.634089 0.329046
vn -0.809016 0.587787 0.000000
vn -0.512238 0.464168 0.722607
vn -0.273520 -0.841810 0.465341
vn 0.687240 0.074434 0.722607
vn -0.264587 0.964362 0.000000
vn -0.809017 -0.587785 0.000000
vn -1.000000 0.000001 0.000000
vn -1.000000 0.000001 0.000000
vn -0.409627 -0.912253 0.000000
vn -0.204814 -0.978801 0.000000
vn 0.204815 -0.978801 0.000000
vn 0.409630 -0.912252 0.000000
vn 0.741023 -0.671479 0.000000
vn 0.867603 -0.497257 0.000000
vn 0.994186 -0.107680 0.000000
vn 0.994186 0.107675 0.000000
vn 0.867604 0.497255 0.000000
vn 0.741023 0.671480 0.000000
vn 0.409627 0.912253 0.000000
vn 0.204814 0.978801 0.000000
vn -0.204814 0.978801 0.000000
vn -0.409627 0.912253 0.000000
vn -0.741023 0.671480 0.000000
vn -0.867604 0.497256 0.000000
vn -0.147621 0.956626 0.251148
vn -0.530800 0.804865 0.265413
vn 0.265685 0.804381 0.531397
vn 0.530800 0.804865 -0.265413
vn -0.265685 0.804381 -0.531397
vn -0.250379 -0.247826 0.935891
vn 0.250379 0.247826 0.935891
vn -0.840567 0.138666 0.523659
vn -0.864181 -0.085537 -0.495858
vn -0.937425 -0.272303 0.216994
vn -0.859645 0.501172 0.099184
vn 0.318951 -0.943296 -0.092000
vn -0.244998 -0.959166 0.141337
vn -0.710470 -0.690338 -0.136621
vn 0.932701 -0.092319 0.348634
vn 0.871736 -0.420158 -0.252078
vn 0.859645 0.501172 -0.099184
vn 0.717634 0.118386 -0.686285
vn -0.324857 0.321545 -0.889425
vn -0.729799 0.586246 -0.351724
vn -0.318952 0.943295 -0.091998
vn 0.335237 0.652807 -0.679307
vn -0.335238 -0.652808 -0.679306
vn 0.324857 -0.321545 -0.889425
vn 0.729799 0.586246 0.351724
vn 0.318949 0.943296 0.092001
vn -0.335238 0.652809 0.679306
vn 0.259972 -0.755166 0.601780
vn -0.717874 0.061932 -0.693413
vn -0.717874 0.293070 -0.631479
vn -0.717874 -0.061932 -0.693413
vn -0.566500 0.473888 -0.674172
vn -0.566499 0.674175 -0.473885
vn -0.808714 0.533541 -0.247619
vn -0.808715 0.585868 -0.052329
vn -0.566500 0.820794 0.073312
vn -0.566499 0.747484 0.346911
vn -0.808714 0.481215 0.338251
vn -0.717874 0.400344 0.569545
vn -0.717874 0.293070 0.631479
vn -0.613290 0.000001 0.789858
vn -0.808715 -0.247615 0.533541
vn -0.808715 -0.338251 0.481213
vn -0.613290 -0.684036 0.394930
vn -0.840760 -0.468874 0.270704
vn -0.459701 -0.888074 0.000000
vn -0.613290 -0.684036 -0.394930
vn -0.840760 -0.468874 -0.270704
vn -0.717874 0.569543 0.400347
vn -0.325057 0.543826 0.773686
vn -0.566499 0.346905 0.747486
vn -0.808715 -0.338251 -0.481213
vn -0.808715 -0.247615 -0.533541
vn 0.408248 -0.408248 -0.816497
vn -0.592349 0.236940 -0.770053
vn 0.740797 0.395092 -0.543251
vn -0.666667 -0.666667 -0.333333
vn -1.000000 0.000000 0.000000
vn 0.707107 -0.707107 0.000000
vn 1.000000 0.000000 0.000000
vn -0.707107 -0.707107 0.000000
vn -0.447214 0.715542 -0.536656
vn 0.707107 0.565686 -0.424264
vn -0.808715 -0.338251 0.481213
vn -0.717874 -0.061932 0.693413
vn -0.808715 -0.585868 -0.052329
vn -0.566499 -0.747483 0.346912
vn -0.717874 -0.293069 -0.631480
vn -0.566499 -0.674173 -0.473887
vn -0.808714 0.052327 -0.585869
vn -0.719254 0.000000 0.694747
vn -0.717873 0.631478 -0.293075
vn -0.566500 0.473886 -0.674174
vn -0.808715 0.585868 0.052328
vn -0.719255 -0.694746 0.000000
vn -0.325058 -0.398111 0.857814
vn -0.717873 0.569546 -0.400344
vn -0.325058 -0.543832 -0.773683
vn -0.717874 0.061932 0.693413
vn -0.864331 -0.411446 0.289212
vn -0.325058 0.941944 -0.084136
vn -0.864331 -0.044740 -0.500929
vn -0.325058 -0.941944 0.084133
vn -0.864332 0.456185 0.211720
vn -0.325058 0.398111 -0.857814
vn -0.717874 -0.631479 -0.293073
vn -0.365148 0.182574 0.912871
vn -0.365148 -0.182574 -0.912871
vn -0.182574 0.365148 -0.912871
vn -0.156174 -0.312348 0.937043
vn 0.000000 -0.894427 -0.447214
vn -0.365148 0.182574 0.912871
vn -0.272166 -0.136083 -0.952579
vn -0.267261 0.534522 -0.801784
vn 0.000000 0.894427 0.447214
vn -0.182574 -0.365148 0.912871
vn 0.000000 -0.894427 -0.447214
vn 0.000000 0.894427 0.447214
vn 0.504951 -0.169277 0.846386
vn 0.483625 0.431522 0.761509
vn 0.489118 0.423586 0.762456
vn 0.122280 -0.635380 0.762457
vn 0.748303 -0.255137 0.612330
vn 0.000000 0.371391 0.928477
vn -0.153197 0.775617 0.612331
vn 0.131898 -0.634590 0.761510
vn -0.399074 -0.352661 0.846386
vn -0.746457 0.430967 0.507020
vn -0.883884 -0.306186 -0.353553
vn 0.000000 0.960769 -0.277350
vn 0.707108 -0.612372 -0.353553
vn -0.433013 0.250000 -0.866025
vn -0.125000 -0.649519 -0.750000
vn 0.625000 0.216506 -0.750000
vn -0.504951 0.169277 0.846386
vn -0.595109 -0.520479 0.612329
vn 0.494952 0.454183 0.740770
vn 0.120420 0.786733 0.605434
vn 0.085893 0.897851 0.431841
vn 0.660486 0.607445 -0.441326
vn 0.536742 0.836965 -0.106760
vn 0.431841 0.897851 -0.085895
vn 0.779101 0.607443 0.154966
vn 0.660491 0.607445 0.441319
vn 0.455028 0.836966 0.304035
vn -0.686762 0.713932 -0.136600
vn -0.660486 0.607445 -0.441326
vn -0.455024 0.836966 -0.304040
vn -0.154967 0.607444 0.779100
vn -0.441319 0.607445 0.660491
vn -0.389014 0.713933 0.582209
vn -0.494959 0.454180 -0.740767
vn -0.120432 0.786733 -0.605431
vn -0.085901 0.897851 -0.431838
vn -0.536742 0.836965 0.106760
vn -0.660491 0.607445 0.441319
vn -0.536742 0.836965 0.106760
vn 0.494952 0.454183 0.740770
vn 0.154972 0.607443 -0.779100
vn 0.441317 0.607443 -0.660494
vn 0.740762 0.454183 -0.494965
vn -0.873792 0.454181 -0.173801
vn -0.173802 0.454182 0.873792
vn 0.389012 0.713931 -0.582213
vn 0.136094 0.686139 -0.714627
vn 0.265513 0.964107 0.000000
vn 0.194557 0.980891 0.000000
vn -0.944872 -0.327441 0.000000
vn -0.475963 0.336556 -0.812520
vn -0.701961 -0.411197 -0.581522
vn 0.000000 -1.000000 0.000000
vn -0.327443 -0.944871 0.000000
vn 0.408248 -0.816497 -0.408248
vn 0.269977 0.841191 -0.468520
vn -0.707107 0.707107 0.000000
vn -0.923880 -0.382682 0.000000
vn 0.734509 0.259688 -0.626944
vn 0.000000 -1.000000 0.000000
vn 0.000000 -0.832050 -0.554700
vn -0.005137 0.999987 0.000000
vn -0.003632 0.707093 -0.707111
vn 0.000000 -0.600000 -0.800000
vn 0.000000 -1.000000 0.000000
vn 0.892710 -0.450632 0.000000
vn 0.371317 -0.792779 -0.483347
vn 0.927555 -0.319063 -0.194528
vn 0.894427 0.447214 0.000000
vn 0.000000 1.000000 0.000000
vn 0.727607 0.485071 0.485071
vn -0.688247 0.688247 -0.229416
vn -0.624695 -0.624695 -0.468521
vn -0.447214 -0.894427 0.000000
vn -0.155951 0.000000 -0.987765
vn 0.122901 0.321155 -0.939018
vn 0.222871 0.000000 -0.974848
vn -0.456923 -0.819430 -0.346056
vn 0.106765 -0.836966 -0.536740
vn 0.573052 -0.804917 -0.154015
vn -0.189048 -0.247000 -0.950396
vn 0.797174 0.000000 -0.603749
vn 0.991543 0.000000 -0.129776
vn 0.568528 -0.336557 -0.750670
vn -0.603749 0.000000 -0.797174
vn -0.974848 0.000000 -0.222873
vn 0.346056 0.819430 -0.456924
vn -0.181946 0.713164 -0.676973
vn -0.588370 0.804917 -0.077008
vn -0.408248 0.408248 0.816496
vn -0.750670 0.336556 -0.568528
vn 0.914571 0.321155 -0.245803
vn 0.534523 0.801784 0.267260
vn -0.734510 0.626943 -0.259689
vn 0.267261 -0.534522 -0.801784
vn -0.505451 -0.862855 0.000000
vn -0.336558 -0.812519 -0.475963
vn -0.707107 -0.707107 0.000000
vn 0.424155 -0.905590 0.000000
vn -0.577350 -0.577350 -0.577350
vn 0.265513 0.964107 0.000000
vn 0.136094 0.686139 0.714627
vn 0.194557 0.980891 0.000000
vn -0.944872 -0.327441 0.000000
vn -0.396173 0.280136 0.874397
vn -0.734510 0.626943 0.259689
vn -0.327443 -0.944871 0.000000
vn 0.000000 -1.000000 0.000000
vn 0.408248 -0.816497 0.408248
vn -0.707107 0.707107 0.000000
vn 0.269977 0.841191 0.468520
vn -0.923880 -0.382682 0.000000
vn 0.734509 0.259688 0.626944
vn 0.000000 -1.000000 0.000000
vn 0.000000 -0.832050 0.554700
vn -0.005137 0.999987 0.000000
vn -0.003632 0.707093 0.707111
vn 0.000000 -0.600000 0.800000
vn 0.000000 -1.000000 0.000000
vn 0.371317 -0.792779 0.483347
vn 0.892710 -0.450632 0.000000
vn 0.927555 -0.319063 0.194528
vn 0.894427 0.447214 0.000000
vn 0.727607 0.485071 -0.485071
vn 0.000000 1.000000 0.000000
vn -0.688247 0.688247 0.229416
vn -0.447214 -0.894427 0.000000
vn 0.122901 0.321155 0.939018
vn -0.155951 0.000000 0.987765
vn 0.222871 0.000000 0.974848
vn 0.085899 -0.897851 0.431839
vn -0.543712 -0.731306 0.411787
vn -0.565685 -0.707107 0.424264
vn -0.189048 -0.247000 0.950396
vn 0.797174 0.000000 0.603749
vn 0.676973 -0.713164 0.181946
vn 0.991543 0.000000 0.129776
vn 0.568528 -0.336557 0.750670
vn -0.603749 0.000000 0.797174
vn -0.974848 0.000000 0.222873
vn -0.154016 0.804917 0.573052
vn 0.411786 0.731306 0.543713
vn 0.436436 0.872872 -0.218218
vn -0.408248 0.408248 -0.816497
vn -0.750670 0.336556 0.568528
vn 0.914571 0.321155 0.245803
vn -0.695069 0.713164 0.090973
vn 0.333333 -0.666667 0.666667
vn -0.259689 -0.626943 0.734510
vn -0.505451 -0.862855 0.000000
vn -0.812521 -0.475962 0.336557
vn -0.707107 -0.707107 0.000000
vn -0.577350 -0.577350 0.577350
vn -0.343203 -0.286726 -0.894427
vn 0.179980 0.964131 -0.195085
vn 0.676658 0.676658 -0.290289
vn -0.542652 -0.453353 0.707107
vn -0.813871 0.530505 -0.237019
vn -0.699239 0.639149 0.320238
vn -0.009224 0.999957 -0.000000
vn -0.081766 0.776255 0.625094
vn 0.000000 0.000000 1.000000
vn 0.616716 0.647813 0.447214
vn -0.618803 0.687056 -0.380836
vn 0.132217 0.991221 0.000000
vn 0.220055 0.728172 -0.649108
vn -0.061161 -0.061161 -0.996252
vn -0.306374 0.650975 -0.694526
vn 0.226785 0.226785 -0.947173
vn -0.007435 0.713177 -0.700945
vn 0.465825 0.465825 -0.752339
vn 0.157878 0.853212 -0.497096
vn 0.633948 0.633948 -0.442968
vn 0.116244 0.973180 -0.198515
vn 0.707107 0.707107 0.000000
vn 0.257199 0.936797 0.237193
vn 0.633947 0.633947 0.442969
vn 0.158631 0.852763 0.497626
vn 0.465828 0.465828 0.752336
vn -0.794683 0.422443 0.435914
vn -0.285379 0.475200 0.832312
vn -0.677200 0.677669 0.286644
vn -0.641211 -0.623577 -0.447214
vn -0.506922 -0.492981 0.707107
vn 0.131625 0.990571 0.037992
vn -0.506922 -0.492981 0.707107
vn -0.866099 -0.244645 -0.435914
vn -0.320606 -0.311788 -0.894427
vn 0.693918 0.716970 0.066569
vn 0.440274 0.440275 -0.782507
vn 0.000000 0.707107 -0.707107
vn 0.333333 -0.666667 -0.666667
vn 0.000000 -0.707107 -0.707107
vn 0.816497 0.408248 -0.408248
vn 0.707107 -0.707107 0.000000
vn 0.000000 0.707107 -0.707107
vn 0.000000 1.000000 0.000000
vn 0.000000 0.707107 -0.707107
vn 0.000000 1.000000 0.000000
vn 0.000000 0.800000 -0.600000
vn 0.000000 1.000000 0.000000
vn -0.115885 0.572442 -0.811714
vn 0.156174 0.937043 0.312348
vn 0.000000 0.554700 -0.832050
vn 0.000000 -0.894427 -0.447214
vn -0.106053 -0.994360 0.000000
vn -0.149124 -0.687065 -0.711129
vn 0.000000 -0.707107 -0.707107
vn 0.000000 -0.707107 -0.707107
vn 0.000000 -0.707107 -0.707107
vn 0.000000 -0.707107 -0.707107
vn 0.447214 0.894427 0.000000
vn -0.649183 -0.760633 0.000000
vn -0.808196 0.200023 -0.553904
vn -0.571261 -0.669333 -0.475031
vn -0.423683 0.905811 0.000000
vn 0.333333 -0.666667 0.666667
vn 0.000000 0.707107 0.707107
vn 0.000000 -0.707107 0.707107
vn -0.436436 -0.872872 -0.218218
vn -1.000000 0.000000 0.000000
vn -0.832050 -0.554700 0.000000
vn 0.816497 0.408248 0.408248
vn 0.000000 0.707107 0.707107
vn 0.000000 0.707107 0.707107
vn -0.333333 0.666667 0.666667
vn -0.098985 0.488960 0.866672
vn 0.666667 0.666667 0.333333
vn 0.000000 -0.894427 0.447214
vn -0.212631 -0.867004 0.450658
vn 0.000000 -0.447214 0.894427
vn 0.301511 0.904534 0.301511
vn 0.000000 -0.707107 0.707107
vn 0.000000 -0.894427 0.447214
vn 0.000000 -0.554700 0.832050
vn -0.818776 0.533000 -0.213347
vn -0.957775 0.106015 0.267261
vn -0.377931 0.596849 0.707771
vn 0.147642 -0.665037 0.732071
vn -0.218218 -0.872872 0.436436
vn 0.000000 -0.707107 0.707107
vn 0.000000 -0.707107 0.707107
vn 0.000000 -0.707107 0.707107
vn 0.436436 -0.872872 0.218218
vn 0.000000 -0.707107 0.707107
vn 0.000000 -1.000000 0.000000
vn 0.000000 -0.800000 -0.600000
vn 0.000000 -0.707107 -0.707107
vn 0.000000 -0.554700 -0.832050
vn 0.000000 -0.707107 -0.707107
vn 0.218218 -0.872872 -0.436436
vn 0.832050 -0.554700 0.000000
vn 0.666667 -0.666667 -0.333333
vn 0.832050 -0.554700 0.000000
vn 0.000000 -0.857493 0.514496
vn -0.816497 -0.408248 0.408248
vn -0.333333 -0.666667 -0.666667
vn 0.000000 0.000000 1.000000
vn 0.000000 0.000000 -1.000000
vn 0.000000 0.000000 1.000000
vn 0.000000 0.000000 -1.000000
vn 0.000000 -0.707107 0.707107
vn 0.000000 -0.554700 -0.832050
vn 0.408248 -0.408248 0.816497
vn 0.000000 -0.707107 -0.707107
vn -0.534522 0.801784 0.267261
vn -0.666667 0.333333 0.666667
vn 0.816497 0.408248 0.408248
vn -0.323506 -0.118411 -0.938788
vn 0.804488 -0.129837 -0.579604
vn 0.368459 -0.106815 -0.923487
vn 0.857493 0.000000 0.514496
vn 0.945008 -0.091061 0.314115
vn -0.702548 -0.113384 0.702546
vn -0.727607 0.485071 -0.485071
vn -0.945008 -0.091061 -0.314113
vn 0.408248 0.816497 0.408248
vn 0.816497 0.408248 -0.408248
vn 0.399121 -0.146088 0.905185
vn -0.368461 -0.106815 0.923486
vn -0.950000 -0.128016 0.284803
vn -0.284807 -0.128016 -0.949998
vn 0.949999 -0.128017 -0.284804
vn 0.284805 -0.128017 0.949999
vn 0.554700 0.000000 -0.832050
vn -0.408248 0.408248 0.816497
vn 0.000000 0.894427 0.447214
vn 0.267261 0.534522 -0.801784
vn 0.000000 0.707107 -0.707107
vn 0.958724 -0.079170 0.273095
vn 0.905186 -0.146088 -0.399121
vn 0.688247 0.229416 0.688247
vn 0.000000 -1.000000 0.000000
vn -0.572886 -0.697136 -0.431049
vn 0.157344 -0.974929 0.157344
vn 0.000000 -0.267777 -0.963481
vn 0.273095 -0.079170 -0.958724
vn -0.589120 -0.605989 -0.534523
vn -0.550243 0.174826 -0.816497
vn -0.898545 0.285492 -0.333334
vn -0.267219 -0.820432 -0.505456
vn -0.674799 -0.595122 0.436435
vn -0.745282 -0.010520 -0.666666
vn -0.466237 -0.843324 -0.267260
vn 0.000000 -0.267777 0.963481
vn 0.234867 -0.105570 0.966278
vn 0.659907 -0.731307 0.172372
vn -0.344743 -0.731307 -0.588508
vn 0.344738 -0.731306 0.588512
vn -0.172372 -0.731307 0.659907
vn 0.588510 -0.731307 -0.344741
vn -0.588512 -0.731306 0.344738
vn -0.344741 -0.731307 -0.588510
vn 0.554572 -0.819431 0.144856
vn 0.344741 -0.731307 0.588510
vn 0.494566 -0.819432 -0.289717
vn -0.172372 -0.731307 0.659908
vn -0.701962 -0.581522 0.411196
vn -0.659909 -0.731306 -0.172370
vn 0.172371 -0.731307 -0.659908
vn -0.787122 -0.581523 -0.205599
vn 0.172368 -0.731306 -0.659910
vn -0.941883 -0.148146 0.301511
vn -0.537361 -0.737954 0.408249
vn -0.778162 0.247242 0.577351
vn -0.247241 -0.778164 0.577350
vn -0.285489 -0.898546 -0.333333
vn 0.937225 -0.347896 0.024013
vn 0.564855 -0.467084 0.680273
vn 0.043142 -0.998310 -0.038922
vn -0.733895 -0.303991 -0.607444
vn -0.565451 -0.342913 0.750117
vn -0.178776 -0.588625 -0.788391
vn -0.794362 0.000000 0.607444
vn -0.895253 -0.370828 -0.247000
vn -0.823092 -0.340938 0.454182
vn -0.703033 -0.667298 0.245881
vn -0.220014 -0.091133 0.971230
vn -0.400112 -0.164661 0.901553
vn -0.374051 -0.069360 -0.924811
vn -0.367634 0.122074 -0.921924
vn -0.509115 -0.483237 -0.712238
vn 0.000000 0.000000 1.000000
vn 0.447167 0.006464 0.894427
vn 0.889735 -0.081144 0.449207
vn 0.194591 -0.098048 -0.975972
vn 0.407429 -0.433666 0.803701
vn 0.182057 0.364820 0.913106
vn 0.000000 0.000000 -1.000000
vn 0.707033 0.010220 -0.707107
vn 0.000000 0.000000 -1.000000
vn 0.723375 -0.611864 -0.319924
vn 0.849045 -0.419503 0.321155
vn 0.000000 0.000000 1.000000
vn 0.000000 0.000000 1.000000
vn 0.000000 0.000000 1.000000
vn 0.699461 -0.046377 -0.713164
vn 0.699461 0.046378 0.713164
vn 0.617293 0.000000 0.786733
vn 0.733896 0.303989 -0.607444
vn 0.823093 0.340936 0.454181
vn 0.896998 0.303733 -0.321155
vn 0.849045 0.419501 0.321155
vn 0.527387 0.461800 0.713165
vn 0.386967 0.386969 -0.836966
vn 0.258245 0.258246 0.930924
vn 0.623876 0.712487 -0.321155
vn 0.419501 0.849046 0.321155
vn 0.370827 0.895253 0.247000
vn 0.340937 0.823093 -0.454181
vn 0.141465 0.417778 -0.897468
vn 0.000001 0.617293 0.786734
vn 0.046379 0.699461 -0.713165
vn -0.046378 0.699461 0.713165
vn -0.224828 0.663965 -0.713164
vn -0.419505 0.849044 0.321155
vn -0.370829 0.895252 -0.247000
vn -0.340939 0.823092 0.454181
vn -0.685199 0.685196 -0.247000
vn -0.290572 0.331840 0.897469
vn -0.382187 0.334656 -0.861358
vn 0.000000 0.000000 -1.000000
vn -0.107342 0.386482 -0.916029
vn -0.442512 0.521978 0.729193
vn -0.386969 0.386968 0.836966
vn -0.849045 0.419502 0.321155
vn -0.896998 0.303734 -0.321155
vn -0.059208 -0.894787 0.442550
vn 0.108988 -0.706709 -0.699059
vn -0.547255 0.000000 -0.836966
vn 0.000000 0.000000 -1.000000
vn 0.000000 0.000000 -1.000000
vn 0.000000 0.000000 -1.000000
vn 0.000000 0.000000 -1.000000
vn -0.707024 0.010812 0.707107
vn 0.000000 0.000000 1.000000
vn 0.000000 0.000000 1.000000
vn 0.000000 0.000000 1.000000
vn 0.000000 0.000000 -1.000000
vn -0.447161 0.006838 -0.894427
vn 0.000000 0.000000 -1.000000
vn 0.000000 0.000000 1.000000
vn 0.481162 -0.162927 -0.861358
vn 0.890909 0.000001 -0.454182
vn 0.127672 0.437129 -0.890291
vn -0.107055 0.711804 0.694172
vn 0.702222 -0.064043 -0.709072
vn -0.333333 0.666667 0.666667
vn 0.689509 0.724277 0.000000
vn -0.303592 0.526129 -0.794368
vn -0.113960 0.666295 -0.736928
vn -0.492235 0.853053 -0.173221
vn 0.202842 0.487829 -0.849045
vn -0.242295 0.917439 -0.315592
vn -0.161123 0.943189 -0.290576
vn 0.226008 0.929755 -0.290648
vn 0.384439 0.923150 0.000001
vn -0.186349 0.982248 -0.021510
vn 0.236472 0.935792 0.261486
vn -0.099470 0.937074 0.334661
vn -0.083729 0.898834 0.430217
vn 0.197743 0.399273 0.895253
vn -0.345318 0.890519 0.296196
vn -0.344123 0.746583 0.569379
vn -0.396601 0.594520 0.699467
vn -0.572516 0.468984 0.672517
vn -0.753479 0.531529 0.386971
vn -0.660394 0.708713 0.248205
vn -0.911739 0.205948 0.355411
vn -0.937441 -0.170145 0.303735
vn -0.803261 0.593744 0.047325
vn -0.962269 0.268119 -0.046379
vn -0.942878 0.032511 -0.331549
vn -0.771270 0.463266 -0.436494
vn -0.660395 0.708711 -0.248207
vn -0.572516 0.468984 -0.672517
vn 0.753483 -0.531521 0.386975
vn 0.241586 -0.935384 0.258249
vn 0.284729 -0.933085 -0.219732
vn 0.695428 0.695430 0.180988
vn 0.924732 -0.083833 0.371272
vn 0.887593 0.433412 0.155990
vn 0.534971 0.185661 0.824219
vn 0.141025 0.141025 0.979910
vn 0.608887 -0.529437 0.590723
vn -0.162360 -0.162359 0.973282
vn 0.229822 0.142346 0.962766
vn -0.361906 -0.361906 0.859097
vn -0.435846 -0.435846 0.787449
vn -0.619172 -0.619173 0.482961
vn 0.160360 -0.977965 0.133678
vn -0.590641 -0.590642 0.549804
vn -0.680867 -0.680869 0.269884
vn -0.388771 -0.388772 -0.835292
vn -0.141023 -0.141023 -0.979911
vn -0.113368 -0.113368 -0.987064
vn -0.601447 -0.601445 0.525856
vn -0.967070 -0.173251 0.186442
vn -0.700897 -0.700899 0.132225
vn 0.691470 0.691467 -0.209149
vn 0.913166 -0.403359 -0.058552
vn 0.573586 -0.720043 -0.390560
vn 0.922982 -0.370647 -0.103562
vn 0.720046 -0.573585 0.390557
vn 0.561723 0.561722 0.607401
vn 0.347635 0.347636 0.870804
vn 0.707109 -0.707105 -0.000000
vn 0.586831 0.002013 0.809707
vn 0.671037 -0.122775 0.731188
vn 0.551212 -0.457354 0.697848
vn 0.707107 -0.707107 -0.000002
vn 0.408604 -0.366807 0.835760
vn 0.986183 0.081767 -0.144072
vn 0.707107 -0.707107 0.000000
vn -0.160164 -0.692595 0.703320
vn -0.079401 -0.873218 0.480818
vn 0.707108 -0.707106 0.000001
vn 0.771061 -0.486042 0.411374
vn -0.556520 -0.822333 0.118544
vn 0.244464 -0.765193 -0.595581
vn 0.707108 -0.707105 0.000003
vn 0.707106 -0.707108 0.000001
vn 0.457357 -0.551212 -0.697847
vn 0.337663 -0.919438 0.201538
vn -0.015958 -0.409473 -0.912183
vn 0.707114 -0.707099 -0.000006
vn 0.671981 0.219082 -0.707421
vn 0.942215 -0.066347 -0.328372
vn 0.707109 -0.707104 -0.000000
vn 0.979484 0.185668 -0.078351
vn 0.914200 0.381770 0.135976
vn 0.122824 -0.645253 -0.754031
vn 0.818727 0.364542 -0.443616
vn 0.440708 0.262777 -0.858327
vn 0.601448 0.601445 -0.525856
vn -0.589673 -0.589675 -0.551877
vn -0.681215 -0.681218 -0.268119
vn -0.561723 -0.561723 -0.607400
vn 0.142745 0.142743 -0.979412
vn 0.134873 0.134873 -0.981641
vn 0.429493 0.429491 -0.794401
vn -0.347636 -0.347634 -0.870804
vn -0.692548 -0.692549 -0.201872
vn -0.697960 -0.697960 0.160326
vn -0.681217 -0.681216 -0.268119
vn -0.582690 -0.582689 -0.566521
vn -0.347635 -0.347635 -0.870804
vn 0.181841 0.181841 -0.966368
vn 0.354562 0.354561 -0.865201
vn -0.315442 -0.660856 -0.681004
vn -0.227653 0.910673 -0.344745
vn 0.425344 0.879526 -0.213346
vn -0.400382 0.817763 0.413469
vn -0.015379 0.993193 0.115463
vn -0.113368 -0.113368 -0.987064
vn -0.435847 -0.435847 0.787449
vn -0.310363 0.129687 0.941730
vn -0.076232 0.377950 0.922682
vn 0.340924 0.795105 0.501577
vn -0.816455 -0.263649 0.513702
vn -0.401197 -0.693221 -0.598737
vn -0.765150 -0.360698 -0.533331
vn -0.407649 -0.669548 0.620909
vn 0.176211 -0.581700 0.794087
vn -0.597563 -0.020212 0.801567
vn -0.298512 -0.875861 0.379154
vn -0.801824 0.014671 -0.597380
vn -0.738913 0.051380 0.671839
vn 0.299049 -0.855650 -0.422413
vn 0.061297 -0.881512 0.468167
vn -0.452634 0.490177 0.744881
vn -0.933764 -0.356411 0.032511
vn 0.776261 0.311005 0.548356
vn 0.088691 0.837291 0.539517
vn 0.694120 0.116770 0.710325
vn -0.030428 0.978134 0.205739
vn -0.473237 0.601312 -0.643794
vn -0.622520 0.761715 -0.179607
vn -0.422156 0.220153 -0.879384
vn 0.359135 0.873763 -0.327964
vn 0.249739 0.640266 -0.726423
vn -0.220152 0.422157 0.879384
vn -0.618511 0.391142 0.681507
vn -0.934292 -0.291982 -0.204562
vn -0.225152 0.568662 -0.791157
vn -0.103116 0.906537 0.409339
vn -0.689429 -0.047117 0.722819
vn -0.906536 0.103117 -0.409339
vn -0.024155 0.769665 -0.637990
vn -0.056918 0.736898 0.673604
vn -0.925968 0.083686 0.368210
vn -0.736899 0.056918 -0.673602
vn 0.735669 0.528560 -0.423575
vn 0.604285 0.715682 -0.350197
vn 0.299600 0.542957 -0.784498
vn 0.321155 0.939018 -0.122903
vn 0.384482 0.837577 -0.388121
vn 0.291774 0.876043 -0.383948
vn 0.731308 0.543704 -0.411793
vn 0.790729 0.534861 -0.297778
vn 0.000000 0.587783 -0.809019
vn -0.000005 0.351995 -0.936002
vn -0.000003 0.265411 0.964135
vn -0.000014 0.781428 -0.623996
vn 0.000000 0.951056 -0.309019
vn -0.000002 -0.659244 -0.751929
vn 0.000000 -0.951052 -0.309030
vn -0.028803 -0.388558 -0.920974
vn -0.040675 0.721380 0.691344
vn 0.000000 -0.634394 -0.773010
vn -0.003257 -0.204321 0.978898
vn 0.000000 0.778898 0.627150
vn -0.025153 -0.573635 0.818725
vn -0.040698 -0.721945 0.690752
vn 0.588612 0.808412 0.002313
vn -0.809017 -0.587785 0.000000
vn 0.834784 -0.544696 0.080263
vn 0.000000 -0.707107 0.707107
vn 0.000000 0.707107 -0.707107
vn 0.000000 -0.707107 0.707107
vn 0.000000 0.707107 -0.707107
vn 0.873792 0.454181 0.173801
vn -0.494959 0.454180 -0.740767
vn 0.173808 0.454181 -0.873791
vn -0.740767 0.454183 0.494957
vn -0.873790 -0.454182 -0.173809
vn 0.424155 -0.905590 0.000000
vn -0.873790 -0.454182 0.173809
vn -0.970713 0.240244 0.000000
vn 0.684550 -0.250563 0.684550
vn 0.919082 -0.161559 -0.359427
vn 0.000000 -1.000000 0.000000
vn 0.325058 -0.888074 -0.325058
vn -0.514168 -0.648980 0.560763
vn -0.359427 -0.161559 -0.919082
vn -0.368458 -0.106815 0.923487
vn -0.079070 -0.749357 -0.657428
vn 0.467079 -0.564861 -0.680271
vn 0.682761 0.311416 -0.660952
vn 0.741836 0.267871 0.614756
vn -0.176244 -0.654286 0.735424
vn -0.099147 0.032922 0.994528
vn 0.000001 0.890909 -0.454182
vn 0.000000 0.000000 1.000000
vn 0.485922 0.804764 -0.340933
vn 0.485922 0.804764 0.340933
vn -0.522297 0.222987 0.823093
vn -0.939914 -0.017988 -0.340937
vn -0.522297 0.222986 -0.823093
vn -0.202839 -0.487832 -0.849044
vn 0.316267 -0.640876 -0.699467
vn 0.423584 -0.126361 -0.897000
vn 0.720367 -0.578791 -0.382193
vn 0.898868 0.233507 -0.370823
vn 0.962274 -0.268101 0.046375
vn 0.939915 0.018000 0.340934
vn 0.423588 -0.126356 0.896999
vn 0.316265 -0.640877 0.699466
vn -0.202841 -0.487833 0.849044
vn -0.651971 -0.661377 0.370829
vn -0.249411 -0.967287 -0.046376
vn -0.574887 -0.702510 -0.419505
vn 0.514196 -0.855285 0.063953
vn 0.253059 -0.907024 0.336554
vn -0.214644 -0.555514 -0.803326
vn 0.489358 -0.804525 -0.336554
vn 0.392895 0.711966 0.582012
vn 0.692732 0.425893 -0.582011
vn 0.183139 0.792289 -0.582012
vn 0.708664 -0.399540 0.581518
vn 0.782815 0.220143 0.582011
vn 0.790411 -0.192580 -0.581518
vn -0.125268 -0.324203 0.937657
vn -0.858519 0.222435 0.462025
vn -0.144598 0.818030 -0.556703
vn -0.670308 0.173672 -0.721474
vn -0.085028 0.826348 0.556703
vn -0.237968 -0.911100 -0.336553
vn 0.223835 -0.551874 0.803326
vn -0.475932 -0.812539 0.336553
vn -0.404655 0.705349 -0.582011
vn -0.699704 0.414339 0.582012
vn -0.196263 0.789141 0.582011
vn -0.701932 -0.411251 -0.581519
vn -0.786361 0.207122 -0.582012
vn -0.787105 -0.205674 0.581519
vn 0.130632 -0.322079 -0.937657
vn 0.854707 0.236657 -0.462028
vn 0.130998 0.820318 0.556703
vn 0.667332 0.184777 0.721474
vn 0.071298 0.827646 -0.556704
vn 0.086707 -0.919096 0.384375
vn 0.604785 0.424037 0.674113
vn 0.296247 -0.411776 0.861788
vn 0.268163 0.753717 -0.599999
vn -0.137851 -0.425438 -0.894427
vn 0.237025 0.666198 -0.707107
vn -0.217961 -0.672676 0.707107
vn -0.715665 -0.698417 -0.006157
vn 0.086707 -0.919097 -0.384373
vn 0.268164 0.753716 0.600000
vn -0.169688 0.985493 0.003147
vn 0.237027 0.666197 0.707107
vn -0.169690 0.985492 -0.003146
vn 0.555713 0.783213 0.278856
vn -0.217961 -0.672677 -0.707106
vn -0.715665 -0.698417 0.006158
vn -0.137851 -0.425438 0.894427
vn 0.696931 0.491769 0.521968
vn 0.541243 -0.744320 -0.391208
vn 0.516977 0.364789 -0.774379
vn 0.541243 -0.744320 0.391208
vn 0.696931 0.491769 -0.521967
vn 0.516977 0.364789 0.774380
vn 0.448069 -0.616186 0.647726
vn 0.448069 -0.616186 -0.647725
vn 0.555714 0.783212 -0.278857
vn -0.435767 0.217810 -0.873308
vn 0.699875 0.490705 -0.519022
vn 0.212790 -0.295773 -0.931257
vn -0.363500 -0.181769 -0.913689
vn 0.000000 0.000000 -1.000000
vn -0.092370 0.705405 -0.702760
vn -0.433976 0.622207 -0.651555
vn -0.606739 -0.708253 -0.360895
vn -0.606739 -0.708253 0.360897
vn -0.364646 0.182261 0.913134
vn -0.433977 0.622207 0.651554
vn -0.434201 -0.217123 0.874258
vn -0.405182 0.810090 -0.423769
vn -0.124042 0.947269 0.295457
vn -0.264655 0.529132 0.806212
vn -0.212212 0.789265 0.576217
vn -0.407662 -0.815407 0.411002
vn -0.107964 -0.824901 -0.554872
vn -0.266762 -0.533578 -0.802579
vn -0.077419 -0.591538 0.802552
vn -0.245158 -0.912229 -0.328230
vn -0.772676 -0.153721 0.615907
vn -0.700491 0.091665 -0.707750
vn -0.879723 -0.175014 -0.442107
vn -0.458510 -0.347294 -0.818019
vn -0.152103 0.565705 -0.810458
vn -0.348385 0.459847 0.816804
vn -0.826543 0.108162 0.552383
vn -0.867716 -0.172631 -0.466119
vn -0.692558 -0.137780 0.708082
vn -0.494511 0.652726 -0.573941
vn -0.647411 0.490164 0.583608
vn -0.795193 0.213667 -0.567464
vn -0.650803 -0.492946 0.577460
vn -0.490911 -0.648253 -0.582043
vn -0.181176 -0.674143 0.716035
vn -0.911519 0.244920 0.330374
vn -0.749841 0.567710 -0.339771
vn -0.568317 -0.750473 0.337352
vn 0.000000 0.000000 1.000000
vn 0.237970 -0.911099 0.336554
vn -0.223835 -0.551875 -0.803326
vn 0.475936 -0.812537 -0.336554
vn 0.404655 0.705349 0.582011
vn 0.699704 0.414339 -0.582012
vn 0.196264 0.789141 -0.582011
vn 0.701934 -0.411248 0.581518
vn 0.786361 0.207121 0.582012
vn 0.787106 -0.205672 -0.581518
vn -0.130632 -0.322079 0.937657
vn -0.854709 0.236655 0.462025
vn -0.131000 0.820317 -0.556703
vn -0.667334 0.184774 -0.721473
vn -0.071300 0.827646 0.556703
vn -0.237970 -0.911099 -0.336554
vn 0.223835 -0.551874 0.803326
vn -0.475936 -0.812537 0.336554
vn -0.404655 0.705349 -0.582011
vn -0.699704 0.414339 0.582012
vn -0.196263 0.789141 0.582011
vn -0.701934 -0.411249 -0.581518
vn -0.786361 0.207122 -0.582012
vn -0.787106 -0.205672 0.581518
vn 0.130632 -0.322079 -0.937657
vn 0.854709 0.236655 -0.462025
vn 0.131001 0.820317 0.556703
vn 0.667335 0.184776 0.721472
vn 0.071300 0.827646 -0.556703
vn 0.086707 -0.919095 0.384377
vn 0.604786 0.424036 0.674112
vn 0.296246 -0.411775 0.861788
vn 0.268163 0.753717 -0.600000
vn -0.137851 -0.425438 -0.894427
vn 0.237025 0.666197 -0.707107
vn -0.217961 -0.672676 0.707107
vn -0.715665 -0.698417 -0.006158
vn 0.086707 -0.919096 -0.384375
vn 0.268163 0.753717 0.600000
vn -0.169691 0.985492 0.003147
vn 0.237025 0.666197 0.707107
vn -0.169690 0.985492 -0.003149
vn 0.555713 0.783213 0.278856
vn -0.217961 -0.672676 -0.707107
vn -0.715665 -0.698417 0.006159
vn -0.137851 -0.425438 0.894427
vn 0.696932 0.491769 0.521967
vn 0.541243 -0.744320 -0.391209
vn 0.516977 0.364789 -0.774379
vn 0.541243 -0.744320 0.391209
vn 0.696932 0.491769 -0.521967
vn 0.516977 0.364789 0.774379
vn 0.448069 -0.616186 0.647726
vn 0.448069 -0.616186 -0.647726
vn 0.555713 0.783213 -0.278856
vn -0.435767 0.217810 -0.873307
vn 0.699873 0.490706 -0.519023
vn 0.212790 -0.295772 -0.931257
vn -0.363500 -0.181769 -0.913689
vn 0.000000 0.000000 -1.000000
vn -0.092371 0.705407 -0.702758
vn -0.433977 0.622207 -0.651554
vn -0.606739 -0.708253 -0.360897
vn -0.606737 -0.708251 0.360902
vn -0.364646 0.182261 0.913134
vn -0.433977 0.622209 0.651552
vn -0.434201 -0.217123 0.874258
vn -0.405181 0.810088 -0.423775
vn -0.124042 0.947271 0.295450
vn -0.264655 0.529131 0.806213
vn -0.212211 0.789264 0.576220
vn -0.407662 -0.815407 0.411002
vn -0.107961 -0.824901 -0.554871
vn -0.266762 -0.533578 -0.802579
vn -0.077419 -0.591538 0.802552
vn -0.245158 -0.912229 -0.328231
vn -0.772675 -0.153717 0.615910
vn -0.700494 0.091665 -0.707747
vn -0.879726 -0.175013 -0.442101
vn -0.458512 -0.347291 -0.818019
vn -0.152102 0.565703 -0.810460
vn -0.348388 0.459846 0.816803
vn -0.826546 0.108160 0.552379
vn -0.867715 -0.172626 -0.466123
vn -0.692561 -0.137780 0.708079
vn -0.494514 0.652724 -0.573940
vn -0.647415 0.490158 0.583609
vn -0.795193 0.213660 -0.567465
vn -0.650805 -0.492941 0.577461
vn -0.490912 -0.648253 -0.582042
vn -0.181173 -0.674143 0.716036
vn -0.911519 0.244914 0.330378
vn -0.749844 0.567705 -0.339772
vn -0.568320 -0.750470 0.337353
vn 0.000000 0.000000 1.000000
vn -0.997809 0.066157 0.000000
vn -0.923880 0.382683 0.000000
vn -0.997809 -0.066161 0.000000
vn -0.707106 0.707107 0.000000
vn -0.707106 0.707107 0.000000
vn -0.442970 0.896536 0.000000
vn -0.320728 0.947171 0.000000
vn -0.066162 0.997809 0.000000
vn 0.066162 0.997809 0.000000
vn 0.320728 0.947171 0.000000
vn 0.442970 0.896536 0.000000
vn 0.658775 0.752340 0.000000
vn 0.752338 0.658777 0.000000
vn 0.896537 0.442968 0.000000
vn 0.947173 0.320722 0.000000
vn 0.997809 0.066157 0.000000
vn 0.997809 -0.066161 0.000000
vn 0.947173 -0.320722 0.000000
vn 0.896539 -0.442965 0.000000
vn 0.752343 -0.658771 0.000000
vn 0.658782 -0.752334 0.000000
vn 0.442973 -0.896535 0.000000
vn 0.320724 -0.947173 0.000000
vn 0.066154 -0.997809 0.000000
vn -0.066166 -0.997809 0.000000
vn -0.320728 -0.947171 0.000000
vn -0.442970 -0.896536 0.000000
vn -0.658777 -0.752338 0.000000
vn -0.752341 -0.658774 0.000000
vn -0.896539 -0.442965 0.000000
vn -0.947173 -0.320722 0.000000
vn -0.808714 0.481215 0.338251
vn -0.566500 0.820794 0.073313
vn -0.717874 -0.061932 -0.693413
vn -0.719255 -0.347376 -0.601666
vn -0.717874 0.293072 0.631479
vn -0.717874 -0.061932 0.693413
vn -0.717879 -0.569542 0.400339
vn -0.719255 -0.347376 0.601666
vn -0.000005 -0.500001 -0.866025
vn 0.000000 0.088963 -0.996035
vn -0.717879 -0.569542 -0.400339
vn -0.000016 -0.907073 -0.420973
vn -0.719259 -0.694742 0.000000
vn 0.000000 -1.000000 0.000000
vn -0.000016 -0.907073 0.420973
vn -0.000005 -0.500001 0.866025
vn 0.000000 0.088963 0.996035
vn 0.000000 0.575065 0.818108
vn 0.000000 0.907071 0.420977
vn 0.000000 0.996035 -0.088965
vn -0.808714 0.533541 -0.247620
vn 0.000000 0.818112 -0.575060
vn -0.613291 0.394931 -0.684035
vn 0.000000 0.500003 -0.866024
vn 0.000000 0.000000 -1.000000
vn 0.746786 -0.242646 -0.619220
vn 0.000000 0.000000 -1.000000
vn 0.000000 0.000000 1.000000
vn 0.000000 0.000000 1.000000
vn 0.000000 0.000000 -1.000000
vn -0.074433 -0.687240 -0.722607
vn -0.069268 -0.437341 -0.896624
vn 0.000000 0.000000 1.000000
vn 0.630603 -0.283159 0.722607
vn 0.676605 0.141579 0.722607
vn 0.000000 0.000000 -1.000000
vn -0.062047 0.592536 -0.803151
vn -0.088342 0.815655 -0.571754
vn 0.000000 0.000000 1.000000
vn -0.000001 -0.785218 0.619220
vn 0.000000 0.000000 1.000000
vn 0.289872 -0.505768 -0.812510
vn 0.000000 0.000000 -1.000000
vn 0.000000 0.000000 1.000000
vn -0.124095 0.582708 0.803151
vn 0.000000 0.000000 -1.000000
vn 0.000000 0.000000 1.000000
vn 0.252421 -0.347430 0.903093
vn 0.343733 0.599739 -0.722607
vn 0.000000 0.000000 -1.000000
vn 0.000000 0.000000 1.000000
vn -0.062046 -0.592536 0.803151
vn 0.000000 0.000000 -1.000000
vn 0.464167 0.512239 0.722607
vn 0.088341 0.815655 0.571754
vn 0.000000 0.000000 -1.000000
vn 0.000000 0.000000 1.000000
vn 0.630603 0.283159 -0.722607
vn 0.000000 0.000000 1.000000
vn 0.000000 0.000000 -1.000000
vn -0.124586 -0.786607 0.604754
vn 0.000000 -0.707107 -0.707107
vn 0.000000 0.707107 0.707107
vn -0.124095 0.582708 0.803151
vn 0.074433 0.687240 0.722607
vn 0.464165 0.512239 0.722608
vn 0.803031 0.168035 0.571756
vn 0.391434 -0.431979 0.812510
vn 0.074431 -0.687240 0.722607
vn 0.531795 0.238791 -0.812510
vn 0.405072 -0.557537 -0.724617
vn -0.000001 -0.885132 -0.465341
vn 0.924295 -0.193409 -0.329046
vn 0.469566 0.819290 -0.329046
vn -0.074434 0.687240 -0.722607
vn -0.086359 0.824709 -0.558925
vn -0.124093 -0.582709 -0.803151
vn 0.000000 0.000000 1.000000
vn 0.000000 0.000000 1.000000
vn 0.000000 0.000000 1.000000
vn 0.000000 0.000000 1.000000
vn 0.000000 0.000000 1.000000
vn 0.000000 0.000000 1.000000
vn 0.000000 0.000000 1.000000
vn -0.000004 0.000002 1.000000
vn 0.509266 -0.165471 0.844551
vn -0.000002 -0.000001 1.000000
vn -0.000003 -0.000002 1.000000
vn 0.000000 -0.447214 0.894427
vn 0.000000 0.707107 0.707107
vn 0.000000 -0.447214 0.894427
vn 0.000000 -0.707107 -0.707107
vn 0.000000 0.447214 -0.894427
vn 0.000000 0.447214 -0.894427
vn 0.136607 0.713933 -0.686760
vn 0.389017 0.713932 -0.582209
vn 0.389017 0.713932 -0.582209
vn -0.686760 0.713933 -0.136606
vn -0.660488 0.607444 -0.441325
vn -0.455026 0.836965 -0.304040
vn -0.136606 0.713933 0.686760
vn -0.389020 0.713932 0.582206
vn -0.389020 0.713932 0.582206
vn 0.779099 0.607444 0.154974
vn 0.660485 0.607444 0.441329
vn 0.455024 0.836966 0.304042
vn 0.106766 0.836966 -0.536740
vn 0.494960 0.454181 0.740766
vn 0.173810 0.454182 0.873790
vn 0.106766 0.836966 0.536740
vn 0.660485 0.607444 -0.441329
vn 0.873790 0.454182 -0.173809
vn 0.431839 0.897851 -0.085899
vn -0.660488 0.607444 0.441325
vn -0.779099 0.607444 0.154974
vn -0.536740 0.836966 0.106765
vn -0.494964 0.454181 -0.740763
vn -0.173809 0.454182 -0.873790
vn -0.106765 0.836966 -0.536740
vn -0.686760 0.713933 -0.136606
vn -0.106765 0.836966 0.536740
vn 0.536740 0.836966 0.106765
vn -0.244618 0.897851 -0.366095
vn -0.455026 0.836965 0.304040
vn 0.455024 0.836966 -0.304042
vn 0.244616 0.897851 0.366097
vn 0.088956 0.996036 0.000000
vn 0.293063 0.631482 -0.717875
vn -0.084126 0.941945 -0.325056
vn 0.575057 0.818114 0.000000
vn 0.773683 0.543831 -0.325058
vn 0.907074 0.420971 0.000000
vn 0.500929 0.044740 -0.864331
vn 0.996035 -0.088961 0.000000
vn 0.857815 -0.398110 -0.325058
vn 0.818111 -0.575060 0.000000
vn 0.400342 -0.569547 -0.717874
vn 0.420973 -0.907073 0.000000
vn 0.084131 -0.941945 -0.325057
vn -0.088962 -0.996035 0.000000
vn -0.183671 -0.395756 -0.899801
vn -0.575061 -0.818111 0.000000
vn -0.773683 -0.543831 -0.325058
vn -0.907073 -0.420973 0.000000
vn -0.820795 -0.073310 -0.566499
vn -0.996035 0.088962 0.000000
vn -0.747485 0.346908 -0.566500
vn -0.818111 0.575061 0.000000
vn -0.338249 0.481215 -0.808715
vn -0.420964 0.907077 0.000000
vn 0.088961 0.996035 0.000000
vn 0.293066 0.631481 -0.717874
vn -0.084124 0.941946 -0.325057
vn 0.575058 0.818112 0.000000
vn 0.773681 0.543834 -0.325057
vn 0.907071 0.420978 0.000000
vn 0.500927 0.044741 -0.864332
vn 0.996034 -0.088970 0.000000
vn 0.857810 -0.398121 -0.325057
vn 0.818108 -0.575065 0.000000
vn 0.400340 -0.569548 -0.717874
vn 0.420968 -0.907076 0.000000
vn 0.084130 -0.941945 -0.325057
vn -0.088954 -0.996036 0.000000
vn -0.183667 -0.395757 -0.899802
vn -0.575061 -0.818110 0.000000
vn -0.773685 -0.543828 -0.325057
vn -0.907073 -0.420973 0.000000
vn -0.820795 -0.073313 -0.566499
vn -0.996035 0.088958 0.000000
vn -0.747487 0.346904 -0.566499
vn -0.818115 0.575055 0.000000
vn -0.338251 0.481212 -0.808716
vn -0.420966 0.907076 0.000000
vn 0.000000 -0.980787 0.195083
vn -0.713932 -0.686762 -0.136598
vn 0.000000 -0.980787 -0.195080
vn -0.897851 -0.431841 0.085895
vn -0.836965 0.106761 0.536742
vn -0.713932 0.686760 0.136605
vn 0.000000 -0.195084 -0.980787
vn -0.454181 0.173802 -0.873792
vn 0.000000 0.195084 -0.980787
vn 0.000000 0.980786 -0.195087
vn 0.000000 0.980785 0.195090
vn 0.000000 0.195084 0.980787
vn -0.454181 -0.173802 0.873792
vn 0.000000 -0.195084 0.980787
vn 0.000000 0.797173 0.603751
vn -0.336558 0.568520 0.750676
vn -0.336558 -0.750674 0.568522
vn 0.000000 -0.603744 0.797178
vn -0.336559 -0.568525 -0.750672
vn -0.836965 -0.106761 -0.536742
vn 0.000000 -0.797181 -0.603740
vn -0.336558 0.750670 -0.568527
vn -0.897851 0.431840 -0.085897
vn 0.000000 0.603742 -0.797180
vn 0.211716 0.456188 0.864332
vn 0.088961 0.996035 0.000000
vn -0.084130 0.941945 0.325057
vn 0.773683 0.543831 0.325058
vn 0.575060 0.818111 0.000000
vn 0.585869 0.052327 0.808714
vn 0.907074 0.420971 0.000000
vn 0.857815 -0.398110 0.325058
vn 0.996035 -0.088961 0.000000
vn 0.289211 -0.411446 0.864332
vn 0.818111 -0.575060 0.000000
vn 0.084131 -0.941945 0.325057
vn 0.420973 -0.907073 0.000000
vn -0.346908 -0.747485 0.566500
vn -0.088962 -0.996035 0.000000
vn -0.674174 -0.473886 0.566500
vn -0.575061 -0.818111 0.000000
vn -0.585869 -0.052327 0.808715
vn -0.907073 -0.420973 0.000000
vn -0.747485 0.346908 0.566500
vn -0.996035 0.088962 0.000000
vn -0.473885 0.674174 0.566500
vn -0.818111 0.575061 0.000000
vn -0.420971 0.907074 0.000000
vn 0.211718 0.456187 0.864332
vn 0.088965 0.996035 0.000000
vn -0.084128 0.941945 0.325057
vn 0.773681 0.543835 0.325057
vn 0.575061 0.818110 0.000000
vn 0.585868 0.052330 0.808715
vn 0.907070 0.420981 0.000000
vn 0.857811 -0.398119 0.325057
vn 0.996035 -0.088966 0.000000
vn 0.289209 -0.411447 0.864332
vn 0.818109 -0.575064 0.000000
vn 0.084130 -0.941945 0.325057
vn 0.420968 -0.907076 0.000000
vn -0.346902 -0.747487 0.566501
vn -0.088954 -0.996036 0.000000
vn -0.674177 -0.473882 0.566499
vn -0.575061 -0.818110 0.000000
vn -0.585869 -0.052327 0.808715
vn -0.907074 -0.420970 0.000000
vn -0.747486 0.346906 0.566499
vn -0.996035 0.088962 0.000000
vn -0.473889 0.674171 0.566500
vn -0.818114 0.575056 0.000000
vn -0.420973 0.907073 0.000000
vn -0.713932 -0.686761 0.136602
vn 0.000000 -0.980786 -0.195088
vn 0.000000 -0.980786 0.195086
vn -0.897851 -0.431840 -0.085897
vn -0.713932 0.686760 -0.136605
vn -0.836965 0.106762 -0.536741
vn -0.454181 0.173804 0.873792
vn 0.000000 -0.195086 0.980786
vn 0.000000 0.195086 0.980786
vn 0.000000 0.980786 0.195087
vn 0.000000 0.980785 -0.195090
vn -0.454181 -0.173804 -0.873792
vn 0.000000 0.195086 -0.980786
vn 0.000000 -0.195086 -0.980786
vn 0.000000 0.797174 -0.603750
vn -0.336557 0.568523 -0.750674
vn -0.336557 -0.750670 -0.568527
vn 0.000000 -0.603744 -0.797178
vn -0.336558 -0.568525 0.750672
vn -0.836965 -0.106762 0.536741
vn 0.000000 -0.797177 0.603745
vn -0.336558 0.750671 0.568526
vn -0.897851 0.431840 0.085897
vn 0.000000 0.603745 0.797178
vn -0.245834 -0.324562 0.913359
vn -0.123615 0.310136 0.942621
vn -0.191804 0.794694 0.575910
vn 0.558663 0.704067 0.438389
vn 0.822029 -0.321116 0.470269
vn 0.849756 0.314163 0.423340
vn 0.494484 0.857106 0.144416
vn 0.940402 -0.318385 0.119479
vn 0.946125 0.316936 0.066331
vn 0.697481 0.711906 -0.081917
vn 0.922390 -0.313325 -0.225887
vn 0.912840 0.320007 -0.253612
vn 0.287219 0.951602 -0.109359
vn 0.729582 -0.249670 -0.636690
vn 0.667461 0.467382 -0.579698
vn 0.161228 -0.563107 -0.810504
vn -0.001588 0.446712 -0.894676
vn 0.299161 0.575031 -0.761473
vn -0.000381 -0.368807 -0.929506
vn -0.179521 0.327056 -0.927797
vn -0.000106 0.708240 -0.705971
vn -0.767517 -0.326114 -0.551876
vn -0.876418 0.319978 -0.359868
vn -0.297219 0.905265 -0.303573
vn -0.922390 -0.313325 -0.225885
vn -0.940402 0.318385 -0.119475
vn -0.677428 0.712691 -0.182108
vn -0.940402 -0.318385 0.119477
vn -0.915503 0.315516 0.249609
vn -0.510105 0.858914 0.045380
vn -0.822026 -0.321117 0.470274
vn -0.751441 0.312935 0.580869
vn -0.631909 0.705275 0.321369
vn -0.578148 -0.323291 0.749151
vn -0.473381 0.311043 0.824114
vn -0.258167 0.916028 0.306989
vn -0.332394 -0.937791 0.100313
vn 0.002336 -0.774191 -0.632948
vn 0.374010 -0.920366 0.114204
vn 0.195781 0.915366 0.351817
vn 0.507061 -0.562364 0.653173
vn 0.624355 0.311902 0.716169
vn 0.078033 0.594230 0.800501
vn 0.101796 -0.924545 0.367224
vn 0.304315 0.310439 0.900567
vn -0.101954 -0.487249 -0.867291
vn -0.238788 0.531797 -0.812510
vn 0.431974 0.391440 -0.812511
vn -0.046234 -0.715983 0.696585
vn 0.420111 -0.324035 0.847649
vn 0.531638 -0.713464 0.456431
vn 0.706249 -0.705712 -0.056419
vn 0.490261 -0.850465 -0.190666
vn -0.301031 -0.568123 -0.765909
vn -0.420657 -0.891575 -0.167756
vn -0.706249 -0.705712 -0.056418
vn -0.531630 -0.713476 0.456423
vn -0.227399 -0.863980 0.449252
vn -0.671216 0.222418 -0.707107
vn -0.893634 -0.448796 0.000000
vn -0.949242 0.314546 0.000000
vn 0.448794 -0.893635 0.000000
vn -0.842527 -0.423129 0.333333
vn 0.366439 -0.729650 -0.577350
vn -0.729650 -0.366441 -0.577350
vn -0.424514 0.140669 0.894427
vn 0.259111 -0.515941 0.816496
vn 0.849027 -0.281343 0.447214
vn 0.949241 -0.314551 0.000000
vn 0.671215 -0.222421 -0.707107
vn 0.000000 0.000000 -1.000000
vn -0.666667 0.333333 -0.666667
vn 0.000000 0.000000 1.000000
vn 0.666667 0.333333 0.666667
vn 0.000000 0.000000 1.000000
vn 0.000000 0.000000 -1.000000
vn 0.408248 0.816497 -0.408248
vn 0.707107 0.000000 -0.707107
vn 0.000000 0.000000 -1.000000
vn -0.333333 0.666667 -0.666667
vn 0.447214 0.000000 -0.894427
vn -0.894427 0.000000 -0.447214
vn -0.707107 0.000000 0.707107
vn -0.408248 0.816497 0.408248
vn 0.000000 0.000000 1.000000
vn -0.816497 0.408248 0.408248
vn -0.447214 0.000000 0.894427
vn 0.816497 0.408248 -0.408248
vn 0.894427 0.000000 0.447214
vn 0.333333 0.666667 0.666667
vn -0.923880 0.382683 0.000000
vn 0.087822 -0.456439 0.885410
vn 0.000000 0.000000 -1.000000
vn 0.938824 0.101682 -0.329046
vn 0.599737 -0.343734 -0.722608
vn 0.386804 -0.861459 -0.329045
vn -0.699754 -0.634092 -0.329047
vn -0.687242 -0.074423 -0.722606
vn -0.819289 0.469567 -0.329046
vn 0.193405 0.924296 -0.329045
vn 0.000000 0.000000 -1.000000
vn -0.707107 0.000000 -0.707107
vn 0.707107 0.000000 0.707107
vn 0.872435 -0.442138 -0.208259
vn -0.794739 0.222922 -0.564531
vn -0.877958 -0.248890 -0.408955
vn 0.832474 -0.554064 0.000001
vn -0.927457 -0.373929 0.000002
vn -0.877957 -0.248892 0.408955
vn -0.794741 0.222920 0.564529
vn 0.872433 -0.442143 0.208257
vn -0.536931 0.651265 0.536246
vn 0.939267 -0.261566 0.222173
vn -0.138174 0.990408 0.000002
vn 0.982072 -0.150325 0.113740
vn 0.982072 -0.150325 -0.113738
vn -0.536933 0.651261 -0.536248
vn 0.939267 -0.261565 -0.222173
vn 0.297110 -0.630265 -0.717281
vn -0.297109 -0.630262 -0.717284
vn -0.259690 -0.734513 -0.626938
vn 0.230401 -0.836210 -0.497662
vn -0.409131 0.409139 -0.815608
vn 0.754626 0.511328 -0.411197
vn -0.576086 0.576098 0.579858
vn -0.436698 -0.873417 -0.215494
vn -0.192398 -0.962018 0.193661
vn 0.339789 -0.867355 0.363647
vn 0.619643 0.419864 0.663142
vn 0.812520 -0.475963 0.336557
vn 0.626943 -0.734510 -0.259689
vn 0.484507 -0.851457 -0.200686
vn -0.626943 -0.734510 0.259688
vn -0.717284 -0.630264 -0.297106
vn -0.626943 -0.734510 0.259688
vn -0.336557 -0.475963 0.812520
vn -0.336557 -0.475963 0.812520
vn 0.297108 -0.630262 0.717284
vn 0.812520 -0.475963 0.336557
vn 0.336556 -0.475963 -0.812520
vn 0.200689 -0.851455 0.484508
vn 0.000000 -0.707107 0.707107
vn -0.107412 -0.820603 -0.561314
vn 0.000000 -0.447214 -0.894427
vn 0.000000 0.000000 -1.000000
vn 0.000000 0.447214 0.894427
vn -0.107394 0.820607 0.561312
vn 0.000000 0.000000 1.000000
vn 0.000000 -0.707107 0.707107
vn -0.107407 -0.820604 -0.561313
vn 0.000000 -0.447214 -0.894427
vn 0.000000 0.707107 -0.707107
vn -0.107394 0.820607 0.561312
vn 0.000000 0.447214 0.894427
vn 0.000000 0.707107 -0.707107
vn -0.820604 -0.107408 0.561313
vn -0.820605 0.107403 -0.561313
vn -0.799238 -0.214817 -0.561313
vn -0.873789 -0.173814 -0.454182
vn -0.873791 0.173805 0.454181
vn -0.686761 0.136603 -0.713932
vn -0.648525 -0.491171 0.581520
vn -0.491173 -0.648524 -0.581520
vn -0.648527 -0.491172 0.581518
vn -0.491181 -0.648520 -0.581518
vn -0.214824 -0.799235 0.561314
vn -0.648522 0.491170 -0.581525
vn -0.491154 0.648534 0.581525
vn -0.214789 0.799247 -0.561312
vn -0.214789 0.799247 -0.561312
vn -0.491152 0.648536 0.581525
vn -0.648520 0.491173 -0.581525
vn -0.799241 0.214806 0.561313
vn 0.000000 0.000000 1.000000
vn -0.214814 -0.799239 0.561313
vn 0.000000 0.000000 -1.000000
vn -0.686759 -0.136610 0.713933
vn 0.297110 -0.630265 -0.717281
vn -0.297109 -0.630262 -0.717284
vn -0.259690 -0.734513 -0.626938
vn 0.230401 -0.836210 -0.497662
vn -0.409131 0.409139 -0.815608
vn 0.754626 0.511328 -0.411197
vn -0.576086 0.576098 0.579858
vn -0.436698 -0.873417 -0.215494
vn -0.192398 -0.962018 0.193661
vn 0.339789 -0.867355 0.363647
vn 0.619643 0.419864 0.663142
vn 0.812520 -0.475963 0.336557
vn 0.626943 -0.734510 -0.259689
vn 0.484507 -0.851457 -0.200686
vn -0.626943 -0.734510 0.259688
vn -0.717284 -0.630264 -0.297106
vn -0.626943 -0.734510 0.259688
vn -0.336557 -0.475963 0.812520
vn -0.336557 -0.475963 0.812520
vn 0.297108 -0.630262 0.717284
vn 0.812520 -0.475963 0.336557
vn 0.336556 -0.475963 -0.812520
vn 0.200689 -0.851455 0.484508
vn 0.000000 -0.707107 0.707107
vn -0.107412 -0.820603 -0.561314
vn 0.000000 -0.447214 -0.894427
vn 0.000000 0.000000 -1.000000
vn 0.000000 0.447214 0.894427
vn -0.107394 0.820607 0.561312
vn 0.000000 0.000000 1.000000
vn 0.000000 -0.707107 0.707107
vn -0.107407 -0.820604 -0.561313
vn 0.000000 -0.447214 -0.894427
vn 0.000000 0.707107 -0.707107
vn -0.107394 0.820607 0.561312
vn 0.000000 0.447214 0.894427
vn 0.000000 0.707107 -0.707107
vn -0.820604 -0.107408 0.561313
vn -0.820605 0.107403 -0.561313
vn -0.799238 -0.214817 -0.561313
vn -0.873789 -0.173814 -0.454182
vn -0.873791 0.173805 0.454181
vn -0.686761 0.136603 -0.713932
vn -0.648525 -0.491171 0.581520
vn -0.491173 -0.648524 -0.581520
vn -0.648527 -0.491172 0.581518
vn -0.491181 -0.648520 -0.581518
vn -0.214824 -0.799235 0.561314
vn -0.648522 0.491170 -0.581525
vn -0.491154 0.648534 0.581525
vn -0.214789 0.799247 -0.561312
vn -0.214789 0.799247 -0.561312
vn -0.491152 0.648536 0.581525
vn -0.648520 0.491173 -0.581525
vn -0.799241 0.214806 0.561313
vn 0.000000 0.000000 1.000000
vn -0.214814 -0.799239 0.561313
vn 0.000000 0.000000 -1.000000
vn -0.686759 -0.136610 0.713933
vn 0.992153 -0.125027 0.000000
vn -0.812520 -0.475963 -0.336557
vn -0.812520 -0.475963 -0.336557
vn 0.872434 -0.442142 -0.208255
vn -0.794736 0.222922 -0.564535
vn -0.877960 -0.248893 -0.408949
vn 0.832474 -0.554064 -0.000002
vn -0.927457 -0.373930 0.000002
vn -0.877959 -0.248894 0.408950
vn -0.794738 0.222921 0.564533
vn 0.872433 -0.442144 0.208254
vn -0.536920 0.651269 0.536252
vn 0.939269 -0.261561 0.222171
vn -0.138169 0.990409 0.000002
vn 0.982071 -0.150327 0.113747
vn 0.982072 -0.150326 -0.113739
vn -0.536922 0.651265 -0.536254
vn 0.939267 -0.261567 -0.222173
vn 0.297109 -0.630262 -0.717284
vn -0.297108 -0.630262 -0.717284
vn -0.259688 -0.734509 -0.626943
vn 0.230401 -0.836207 -0.497668
vn -0.409131 0.409140 -0.815608
vn 0.754626 0.511329 -0.411196
vn -0.576085 0.576097 0.579860
vn -0.436698 -0.873415 -0.215501
vn -0.192399 -0.962018 0.193660
vn 0.339791 -0.867355 0.363645
vn 0.619642 0.419865 0.663142
vn 0.812520 -0.475963 0.336557
vn 0.626943 -0.734510 -0.259688
vn 0.484508 -0.851455 -0.200690
vn -0.626943 -0.734510 0.259689
vn -0.717283 -0.630263 -0.297109
vn -0.626943 -0.734510 0.259689
vn -0.336556 -0.475963 0.812520
vn -0.336556 -0.475963 0.812520
vn 0.297109 -0.630262 0.717284
vn 0.812520 -0.475963 0.336557
vn 0.336557 -0.475963 -0.812520
vn 0.200690 -0.851455 0.484508
vn 0.000000 -0.707107 0.707107
vn -0.107407 -0.820604 -0.561313
vn 0.000000 -0.447214 -0.894427
vn 0.000000 0.000000 -1.000000
vn 0.000000 0.447214 0.894427
vn -0.107395 0.820607 0.561312
vn 0.000000 0.000000 1.000000
vn 0.000000 -0.707107 0.707107
vn -0.107412 -0.820603 -0.561314
vn 0.000000 -0.447214 -0.894427
vn 0.000000 0.707107 -0.707107
vn -0.107395 0.820607 0.561312
vn 0.000000 0.447214 0.894427
vn 0.000000 0.707107 -0.707107
vn -0.820604 -0.107407 0.561313
vn -0.820605 0.107402 -0.561312
vn -0.799239 -0.214814 -0.561313
vn -0.873788 -0.173818 -0.454182
vn -0.873791 0.173806 0.454181
vn -0.686760 0.136604 -0.713932
vn -0.648526 -0.491173 0.581518
vn -0.491181 -0.648520 -0.581518
vn -0.648525 -0.491172 0.581520
vn -0.491173 -0.648524 -0.581520
vn -0.214815 -0.799239 0.561313
vn -0.648522 0.491171 -0.581525
vn -0.491154 0.648535 0.581525
vn -0.214789 0.799247 -0.561312
vn -0.214789 0.799247 -0.561312
vn -0.491154 0.648535 0.581525
vn -0.648522 0.491171 -0.581525
vn -0.799242 0.214803 0.561312
vn 0.000000 0.000000 1.000000
vn -0.214825 -0.799235 0.561314
vn 0.000000 0.000000 -1.000000
vn -0.686758 -0.136613 0.713933
vn 0.297109 -0.630262 -0.717284
vn -0.297108 -0.630262 -0.717284
vn -0.259688 -0.734509 -0.626943
vn 0.230401 -0.836207 -0.497668
vn -0.409131 0.409140 -0.815608
vn 0.754626 0.511329 -0.411196
vn -0.576085 0.576097 0.579860
vn -0.436698 -0.873415 -0.215501
vn -0.192399 -0.962018 0.193660
vn 0.339791 -0.867355 0.363645
vn 0.619642 0.419865 0.663142
vn 0.812520 -0.475963 0.336557
vn 0.626943 -0.734510 -0.259688
vn 0.484508 -0.851455 -0.200690
vn -0.626943 -0.734510 0.259689
vn -0.717283 -0.630263 -0.297109
vn -0.626943 -0.734510 0.259689
vn -0.336556 -0.475963 0.812520
vn -0.336556 -0.475963 0.812520
vn 0.297109 -0.630262 0.717284
vn 0.812520 -0.475963 0.336557
vn 0.336557 -0.475963 -0.812520
vn 0.200690 -0.851455 0.484508
vn 0.000000 -0.707107 0.707107
vn -0.107407 -0.820604 -0.561313
vn 0.000000 -0.447214 -0.894427
vn 0.000000 0.000000 -1.000000
vn 0.000000 0.447214 0.894427
vn -0.107395 0.820607 0.561312
vn 0.000000 0.000000 1.000000
vn 0.000000 -0.707107 0.707107
vn -0.107412 -0.820603 -0.561314
vn 0.000000 -0.447214 -0.894427
vn 0.000000 0.707107 -0.707107
vn -0.107395 0.820607 0.561312
vn 0.000000 0.447214 0.894427
vn 0.000000 0.707107 -0.707107
vn -0.820604 -0.107407 0.561313
vn -0.820605 0.107402 -0.561312
vn -0.799239 -0.214814 -0.561313
vn -0.873788 -0.173818 -0.454182
vn -0.873791 0.173806 0.454181
vn -0.686760 0.136604 -0.713932
vn -0.648526 -0.491173 0.581518
vn -0.491181 -0.648520 -0.581518
vn -0.648525 -0.491172 0.581520
vn -0.491173 -0.648524 -0.581520
vn -0.214815 -0.799239 0.561313
vn -0.648522 0.491171 -0.581525
vn -0.491154 0.648535 0.581525
vn -0.214789 0.799247 -0.561312
vn -0.214789 0.799247 -0.561312
vn -0.491154 0.648535 0.581525
vn -0.648522 0.491171 -0.581525
vn -0.799242 0.214803 0.561312
vn 0.000000 0.000000 1.000000
vn -0.214825 -0.799235 0.561314
vn 0.000000 0.000000 -1.000000
vn -0.686758 -0.136613 0.713933
vn 0.992153 -0.125027 0.000000
vn -0.812520 -0.475963 -0.336557
vn -0.812520 -0.475963 -0.336557
vn -0.919993 0.262417 0.291118
vn 0.919996 0.262391 -0.291131
vn 0.208090 0.262140 -0.942327
vn -0.712087 0.262267 -0.651267
vn -0.255755 0.569587 -0.781127
vn 0.410849 0.448198 -0.793928
vn 0.711739 0.260967 0.652168
vn 0.803886 0.570327 0.168802
vn 0.481764 0.446844 0.753813
vn 0.548589 0.569589 -0.612061
vn 0.892586 0.448980 -0.041319
vn -0.803871 0.570347 -0.168807
vn -0.552409 0.393323 -0.734943
vn -0.548583 0.569603 0.612053
vn -0.847336 0.511056 0.144370
vn -0.208090 0.262141 0.942327
vn 0.255895 0.567315 0.782733
vn -0.410855 0.448199 0.793924
vn 0.809103 0.573157 0.129783
vn 0.577091 0.558473 0.595881
vn 0.809103 -0.539979 0.231896
vn -0.727354 -0.469287 0.500726
vn -0.864618 -0.490023 0.110961
vn 0.809103 0.300546 -0.505000
vn 0.577091 0.739293 -0.347003
vn -0.864618 0.461658 0.198259
vn 0.809103 0.053684 0.585210
vn 0.577091 -0.394140 0.715276
vn 0.471139 -0.838888 -0.272572
vn 0.809102 -0.300547 -0.505000
vn 0.730019 -0.000002 -0.683427
vn -0.848310 -0.503584 -0.163625
vn -0.625249 -0.000002 -0.780425
vn -0.727354 0.673980 -0.129258
vn -0.864618 0.331215 -0.377799
vn -0.864618 -0.045895 0.500329
vn -0.864618 -0.331216 -0.377798
vn -0.727354 0.331202 0.601051
vn 0.558510 -0.558519 0.613289
vn 0.472281 0.172863 0.864331
vn -0.322571 0.385849 0.864331
vn -0.158260 -0.590617 0.791281
vn 0.204427 0.762945 0.613290
vn -0.762941 -0.204438 0.613292
vn -0.960769 0.277349 -0.000003
vn 0.649518 0.750001 -0.125003
vn -0.250001 0.866026 -0.433012
vn -0.216508 0.750001 0.624998
vn 0.612372 0.353553 0.707107
vn 0.306185 0.353553 -0.883884
vn 0.685422 0.159504 -0.710461
vn 0.272587 0.159527 0.948814
vn -0.685421 0.159506 0.710461
vn -0.957993 0.159498 -0.238349
vn 0.957998 0.159463 0.238352
vn -0.272588 0.159511 -0.948816
vn -0.888069 0.325070 0.325058
vn 0.931622 -0.162535 0.325058
vn -0.229851 0.857813 0.459701
vn 0.406357 0.417498 -0.812754
vn -0.661851 0.672629 -0.330942
vn 0.661851 0.672629 0.330942
vn -0.406357 0.417498 0.812754
vn -0.207116 -0.437392 -0.875095
vn 0.000954 -0.599758 -0.800181
vn -0.019532 -0.831660 -0.554941
vn 0.426814 -0.228212 -0.875071
vn 0.292028 0.525991 -0.798783
vn -0.539282 0.266229 -0.798935
vn -0.000414 0.831896 -0.554931
vn -0.348072 0.662786 -0.662993
vn 0.019982 0.831656 -0.554931
vn 0.371814 -0.831930 -0.411883
vn 0.678710 0.316311 -0.662797
vn -0.812871 -0.411777 -0.411923
vn -0.409616 -0.912258 0.000000
vn -0.867609 -0.497248 0.000000
vn -0.204811 0.978802 0.000000
vn 0.409621 0.912256 0.000000
vn -0.994185 0.107683 0.000000
vn -0.741018 0.671485 0.000000
vn 0.867603 0.497258 0.000000
vn 0.994186 -0.107674 0.000000
vn 0.741013 -0.671490 0.000000
vn 0.204807 -0.978802 0.000000
vn 0.605277 0.490642 -0.626826
vn 0.959569 0.281451 0.003628
vn 0.680918 0.190657 -0.707107
vn 0.000000 0.832050 -0.554700
vn 0.596923 0.802295 0.002261
vn 0.447214 -0.683058 0.577435
vn -0.557750 -0.583856 0.589938
vn -0.707107 -0.540005 0.456503
vn 0.000000 0.000000 -1.000000
vn -0.524954 0.662364 -0.534507
vn -0.691957 0.173407 -0.700804
vn -0.385378 0.478627 0.788923
vn -0.677285 0.203186 0.707107
vn -0.175244 0.967375 0.182960
vn 0.719503 0.032202 0.693742
vn 0.989891 0.141795 0.003105
vn 0.432387 0.579323 0.690960
vn -0.993123 0.117019 0.003620
vn -0.557750 -0.407485 0.723098
vn -0.462351 0.013204 0.886598
vn 0.487404 0.860070 0.150724
vn -0.616497 0.745196 0.254192
vn 0.557750 -0.341236 0.756620
vn -0.867679 0.203420 0.453600
vn 0.557750 -0.528795 0.639758
vn -0.667043 0.516773 0.536656
vn 0.408248 0.408248 -0.816497
vn 0.000000 -0.447214 -0.894427
vn 0.000000 0.948683 -0.316228
vn 0.928477 0.371391 0.000000
vn 0.666667 -0.666667 -0.333333
vn 0.000000 0.447214 0.894427
vn 0.801784 -0.267261 0.534522
vn 0.801784 0.534522 0.267261
vn 0.894427 -0.447214 0.000000
vn 0.000000 -0.948683 0.316228
vn 0.666667 -0.666667 -0.333333
vn 0.801784 -0.534522 0.267261
vn 0.801784 -0.267261 -0.534522
vn 0.801784 0.267261 0.534522
vn 0.801784 0.534522 -0.267261
vn 0.666667 0.666667 0.333333
vn 0.408248 -0.408248 0.816497
vn 0.408248 0.408248 -0.816497
vn 0.812517 -0.336557 0.475967
vn -0.554573 -0.819430 0.144855
vn -0.172370 -0.731307 -0.659908
vn 0.554570 -0.819432 -0.144859
vn 0.172369 -0.731306 0.659909
vn 0.475954 -0.336556 -0.812525
vn -0.475967 -0.336557 0.812517
vn -0.812520 -0.336557 -0.475964
vn -0.283122 0.926408 0.248214
vn 0.226010 0.929756 0.290644
vn 0.084198 0.995731 -0.037832
vn -0.200939 0.973828 -0.106224
vn 0.195134 0.844655 -0.498478
vn -0.568866 0.618892 -0.541631
vn -0.287558 0.891323 -0.350506
vn -0.797516 0.339153 -0.498942
vn -0.260136 0.581952 -0.770494
vn -0.792641 0.599873 -0.108964
vn -0.984263 0.164109 0.065539
vn -0.797517 0.339154 0.498941
vn -0.568868 0.618890 0.541631
vn -0.377244 0.729470 0.570580
vn -0.190614 0.837157 0.512674
vn -0.630853 0.773065 0.066292
vn 0.757932 0.437412 -0.483953
vn 0.831457 -0.243673 0.499302
vn 0.907073 -0.152716 -0.392295
vn -0.665012 -0.383787 -0.640676
vn -0.543036 -0.705672 0.455125
vn -0.757939 -0.437417 0.483937
vn -0.629978 -0.363568 -0.686255
vn -0.448482 -0.707352 0.546367
vn -0.697417 -0.402488 0.592969
vn 0.785494 0.453318 -0.421311
vn 0.120802 -0.722543 -0.680690
vn -0.765459 -0.441752 -0.467897
vn 0.715642 -0.291903 0.634546
vn 0.914750 -0.262492 -0.307134
vn 0.054001 -0.692292 -0.719594
vn 0.803112 -0.299163 0.515280
vn 0.149908 -0.618361 -0.771464
vn 0.732573 -0.540466 0.413803
vn -0.498614 -0.778434 0.381345
vn 0.203522 -0.645139 -0.736461
vn 0.697423 0.402491 -0.592961
vn 0.332518 0.191900 0.923367
vn 0.168555 0.097274 0.980881
vn 0.572463 0.330373 0.750427
vn 0.195930 0.113074 0.974077
vn -0.458680 -0.629620 0.627050
vn 0.462381 0.266844 -0.845576
vn -0.518326 -0.299132 -0.801160
vn 0.918026 0.077097 -0.388954
vn 0.855357 -0.250702 -0.453336
vn -0.649961 -0.375098 0.660948
vn -0.785497 -0.453321 0.421300
vn 0.229853 -0.857813 0.459701
vn 0.627964 0.627962 0.459702
vn -0.627962 -0.627965 0.459699
vn 0.914684 -0.324264 -0.241257
vn 0.971036 -0.185097 -0.151089
vn 0.989280 -0.146028 -0.000000
vn 0.971036 -0.185099 0.151091
vn 0.914685 -0.324263 0.241258
vn -0.974023 -0.226448 0.000000
vn -0.868429 -0.058601 0.492338
vn -0.500687 0.308445 0.808811
vn -0.705306 0.708903 0.000000
vn -0.478867 0.770402 -0.420913
vn -0.500687 0.308448 -0.808809
vn -0.868431 -0.058604 -0.492335
vn -0.478869 0.770400 0.420914
vn -0.093038 -0.116356 -0.988840
vn -0.509083 -0.623300 -0.593575
vn -0.639215 -0.769028 0.000000
vn -0.509082 -0.623299 0.593577
vn -0.093035 -0.116353 0.988841
vn 0.283833 0.518466 0.806618
vn 0.372094 0.928195 0.000000
vn 0.283835 0.518471 -0.806614
vn 0.054813 0.128857 -0.990147
vn 0.314032 0.738236 -0.596986
vn 0.314032 0.738236 0.596986
vn 0.054815 0.128861 0.990147
vn -0.238980 -0.561802 0.792002
vn 0.844159 -0.507426 0.172957
vn -0.391437 -0.920205 0.000003
vn 0.820874 -0.571110 0.000000
vn 0.844158 -0.507429 -0.172952
vn -0.238980 -0.561801 -0.792003
vn 0.391438 0.920204 0.000002
vn 0.914686 -0.324264 -0.241254
vn 0.971036 -0.185096 -0.151090
vn 0.989281 -0.146026 -0.000003
vn 0.971036 -0.185097 0.151092
vn 0.914686 -0.324263 0.241253
vn -0.974023 -0.226450 0.000000
vn -0.868431 -0.058603 0.492335
vn -0.500687 0.308445 0.808811
vn -0.705293 0.708916 0.000000
vn -0.478861 0.770402 -0.420918
vn -0.500687 0.308448 -0.808809
vn -0.868432 -0.058606 -0.492332
vn -0.478863 0.770401 0.420920
vn -0.093038 -0.116356 -0.988840
vn -0.509086 -0.623300 -0.593573
vn -0.639218 -0.769026 0.000000
vn -0.509084 -0.623299 0.593575
vn -0.093035 -0.116353 0.988841
vn 0.283833 0.518466 0.806618
vn 0.372094 0.928195 0.000000
vn 0.283835 0.518471 -0.806614
vn 0.054814 0.128858 -0.990147
vn 0.314032 0.738236 -0.596986
vn 0.314033 0.738238 0.596983
vn 0.054814 0.128859 0.990147
vn -0.238980 -0.561802 0.792002
vn 0.844159 -0.507427 0.172956
vn -0.391437 -0.920205 0.000003
vn 0.820875 -0.571108 0.000002
vn 0.844159 -0.507427 -0.172955
vn -0.238979 -0.561798 -0.792005
vn 0.391438 0.920204 -0.000002
vn 0.000000 -0.832050 -0.554700
vn -0.727607 0.485071 -0.485071
vn 0.000000 0.707107 -0.707107
vn -0.856239 -0.376515 0.353683
vn -0.811616 -0.528771 -0.248355
vn -0.928192 -0.174836 -0.328469
vn -0.872872 0.218218 0.436436
vn 0.000000 -0.447214 0.894427
vn 0.000000 0.948683 0.316228
vn -0.894427 0.447214 0.000000
vn -0.801784 -0.534522 0.267261
vn -0.894427 -0.447214 0.000000
vn -1.000000 0.000000 0.000000
vn -0.923856 -0.278964 0.262047
vn -1.000000 0.000000 0.000000
vn -0.942809 -0.235702 -0.235702
vn -0.897550 0.321364 0.301877
vn -0.962505 0.197713 0.185724
vn -0.880659 0.428807 -0.201403
vn -0.835316 -0.258316 -0.485304
vn -0.941670 0.304613 -0.143072
vn -0.787878 0.448854 0.421637
vn -0.787877 -0.448856 0.421637
vn -0.787878 0.448854 0.421637
vn -0.811618 -0.528770 -0.248353
vn -0.787877 -0.448856 0.421637
vn -0.718099 0.326995 -0.614336
vn -0.718104 0.326994 -0.614331
vn 0.125001 0.649518 0.750001
vn 0.883884 0.306185 0.353553
vn 0.500002 -0.433011 0.750000
vn -0.176778 -0.918558 0.353554
vn -0.625001 -0.216506 0.750000
vn -0.707109 0.612370 0.353553
vn -0.259688 -0.734510 -0.626943
vn 0.259688 -0.734510 0.626943
vn 0.717284 -0.630262 -0.297109
vn -0.717284 -0.630262 0.297109
vn 0.812520 -0.475963 0.336557
vn -0.812520 -0.475963 -0.336557
vn -0.838225 0.197925 -0.508138
vn -0.345042 0.128921 0.929691
vn 0.495489 0.866838 0.055515
vn -0.911935 0.124655 0.390942
vn -0.350384 0.806659 0.475954
vn -0.128928 0.345037 -0.929692
vn -0.333945 0.872061 -0.357757
vn -0.958078 -0.282015 -0.050535
vn -0.472891 0.321155 -0.820508
vn -0.259551 0.000000 -0.965729
vn -0.609358 0.000000 -0.792895
vn 0.914571 0.321155 0.245802
vn 0.866403 0.000000 0.499345
vn 0.991543 0.000000 0.129776
vn 0.472897 0.321155 0.820505
vn 0.259556 0.000000 0.965728
vn 0.609364 0.000000 0.792890
vn -0.245802 0.321155 0.914571
vn -0.499345 0.000000 0.866403
vn -0.129776 0.000000 0.991543
vn -0.820507 0.321155 0.472893
vn -0.965729 0.000000 0.259552
vn -0.792892 0.000000 0.609363
vn -0.914571 0.321155 -0.245802
vn -0.866402 0.000000 -0.499347
vn -0.991543 0.000000 -0.129776
vn 0.820506 0.321155 -0.472895
vn 0.965729 0.000000 -0.259552
vn 0.792889 0.000000 -0.609367
vn -0.437348 0.897469 0.057241
vn 0.065927 0.861359 0.503701
vn 0.437348 0.897469 -0.057241
vn 0.245806 0.321155 -0.914570
vn 0.499347 0.000000 -0.866402
vn 0.129778 0.000000 -0.991543
vn -0.065926 0.861359 -0.503702
vn 0.427160 0.713164 -0.555816
vn 0.555815 0.713164 0.427161
vn -0.427161 0.713164 0.555815
vn -0.555812 0.713165 -0.427164
vn 0.336557 -0.475963 -0.812520
vn -0.336557 -0.475963 0.812520
vn -0.802190 0.594809 -0.051904
vn 0.318405 0.944366 0.082404
vn 0.802190 0.587976 -0.103808
vn 0.783478 0.081120 0.616102
vn 0.808715 0.247613 -0.533543
vn 0.244504 0.126577 0.961351
vn -0.894427 0.000000 0.447214
vn 0.970143 0.000000 0.242536
vn -0.603298 0.104094 -0.790693
vn -0.949493 0.040962 0.311104
vn 0.832050 0.000000 -0.554700
vn -0.894427 0.000000 -0.447214
vn 0.932796 0.312119 -0.180202
vn 0.808713 0.338246 0.481221
vn -0.802190 0.051904 -0.594809
vn 0.447214 0.000000 -0.894427
vn -0.707107 0.000000 -0.707107
vn -0.318405 0.944366 -0.082407
vn 0.709799 0.701738 0.061232
vn 0.318405 0.933517 -0.164814
vn -0.859217 0.503821 0.088947
vn -0.613291 0.684036 -0.394929
vn 0.325058 0.543825 -0.773687
vn -0.325058 0.398106 -0.857817
vn 0.709799 0.122470 -0.693676
vn -0.557631 0.817448 0.144316
vn 0.717876 0.631478 0.293069
vn -0.566502 0.674164 0.473897
vn 0.325056 0.543821 0.773691
vn -0.325056 0.398119 0.857811
vn -0.325058 0.857814 -0.398110
vn 0.325058 0.773680 -0.543835
vn -0.566499 0.473880 -0.674178
vn 0.325059 0.857813 0.398111
vn -0.325059 0.773672 0.543845
vn -0.717871 0.293076 0.631480
vn -0.447214 0.000000 0.894427
vn 0.707107 0.000000 0.707107
vn 0.816497 0.408248 0.408248
vn 0.534522 -0.801784 -0.267261
vn 0.333333 0.666667 -0.666667
vn -0.333333 0.666667 0.666667
vn 0.333333 -0.666667 0.666667
vn -0.816497 0.408248 -0.408248
vn -0.436436 -0.872872 0.218218
vn -0.267261 -0.801784 -0.534522
vn -0.408248 -0.408248 0.816497
vn 0.218218 -0.872872 0.436436
vn -0.666667 -0.666667 0.333333
vn 0.534522 -0.801784 -0.267261
vn -0.267261 -0.801784 -0.534522
vn 0.666667 -0.666667 0.333333
vn -0.666667 -0.666667 -0.333333
vn 0.408248 -0.408248 -0.816497
vn -0.296305 0.804917 -0.514113
vn -0.259551 0.000000 -0.965729
vn -0.609362 0.000000 -0.792892
vn 0.676974 0.713164 0.181942
vn 0.866405 0.000000 0.499342
vn 0.991544 0.000000 0.129774
vn 0.296304 0.804917 0.514114
vn 0.259549 0.000000 0.965730
vn 0.609361 0.000000 0.792893
vn -0.214805 0.561313 0.799241
vn -0.499344 0.000000 0.866404
vn -0.129775 0.000000 0.991543
vn -0.607347 0.713164 0.350037
vn -0.965730 0.000000 0.259548
vn -0.792893 0.000000 0.609361
vn -0.799242 0.561312 -0.214803
vn -0.866405 0.000000 -0.499342
vn -0.991544 0.000000 -0.129774
vn 0.607347 0.713164 -0.350037
vn 0.965730 0.000000 -0.259548
vn 0.792893 0.000000 -0.609361
vn 0.214804 0.561313 -0.799242
vn 0.499343 0.000000 -0.866405
vn 0.129774 0.000000 -0.991544
vn -0.555815 0.713164 -0.427160
vn 0.361588 0.804917 -0.470493
vn -0.090972 0.713164 -0.695069
vn 0.820605 0.561312 -0.107402
vn 0.555815 0.713164 0.427160
vn 0.090971 0.713164 0.695069
vn -0.361588 0.804917 0.470493
vn -0.695069 0.713164 0.090971
vn -0.870624 0.217576 -0.441220
vn 0.961524 0.000000 -0.274721
vn -0.707107 0.000000 -0.707107
vn -0.961524 0.000000 0.274721
vn -0.561313 0.783884 -0.265431
vn -0.561313 0.825791 0.054753
vn 0.870690 0.217597 0.441078
vn 0.707107 0.000000 0.707107
vn -0.404711 0.809140 0.426030
vn 0.274537 0.853931 -0.442077
vn -0.752340 0.585027 -0.302866
vn 0.561313 0.825791 -0.054753
vn 0.561313 0.783884 0.265431
vn -0.713164 0.628470 0.310519
vn 0.561313 0.622638 0.545206
vn -0.561313 0.545205 0.622639
vn 0.599459 0.632659 0.490297
vn -0.350690 0.895954 0.272550
vn -0.454182 0.629967 -0.629969
vn 0.713933 0.495126 -0.495127
vn 0.713164 0.628470 -0.310519
vn 0.404604 0.808910 -0.426569
vn 0.265201 -0.353802 -0.896935
vn -0.009306 -0.995855 -0.090474
vn -0.149146 -0.917219 0.369411
vn 0.295364 -0.580041 -0.759153
vn -0.061010 -0.936421 0.345532
vn -0.189859 -0.957934 0.215212
vn 0.830924 -0.155626 -0.534178
vn 0.691734 0.072725 0.718481
vn 0.859972 -0.044445 -0.508403
vn 0.231862 -0.536215 -0.811611
vn 0.645250 -0.122824 0.754034
vn 0.957935 0.189858 -0.215209
vn 0.995855 0.009306 0.090476
vn 0.536213 -0.231862 0.811613
vn 0.122829 -0.645252 -0.754031
vn 0.548681 0.030180 0.835487
vn 0.215441 0.568587 0.793910
vn 0.640453 -0.133429 0.756318
vn 0.856259 0.232127 0.461451
vn 0.090171 0.962375 -0.256326
vn -0.159157 0.464976 0.870900
vn 0.835000 -0.037202 -0.548991
vn 0.450293 0.116541 -0.885243
vn -0.450293 0.116556 0.885240
vt 0.392537 0.758622
vt 0.291720 0.768847
vt 0.291720 0.758622
vt 0.392537 0.732610
vt 0.291720 0.742835
vt 0.291720 0.732610
vt 0.291720 0.862667
vt 0.392537 0.872892
vt 0.291720 0.872892
vt 0.392537 0.784633
vt 0.291720 0.794858
vt 0.291720 0.784633
vt 0.004109 0.663742
vt 0.493790 0.674512
vt 0.004109 0.674513
vt 0.004109 0.651898
vt 0.493789 0.641126
vt 0.493789 0.651898
vt 0.004109 0.537759
vt 0.493789 0.526988
vt 0.493789 0.537760
vt 0.392537 0.836656
vt 0.291720 0.846881
vt 0.291720 0.836656
vt 0.392537 0.810645
vt 0.291720 0.820869
vt 0.291720 0.810645
vt 0.301302 0.471804
vt 0.277569 0.472260
vt 0.301228 0.467929
vt 0.493790 0.515146
vt 0.004109 0.504372
vt 0.493790 0.504375
vt 0.004109 0.595542
vt 0.493789 0.606314
vt 0.004109 0.606313
vt 0.004109 0.481403
vt 0.493790 0.492177
vt 0.004109 0.492174
vt 0.004109 0.686711
vt 0.493790 0.697482
vt 0.004109 0.697482
vt 0.004109 0.549958
vt 0.493789 0.560730
vt 0.004109 0.560729
vt 0.004109 0.572572
vt 0.493789 0.583344
vt 0.004109 0.583344
vt 0.420326 0.471597
vt 0.396522 0.471638
vt 0.404816 0.464764
vt 0.444129 0.471970
vt 0.420320 0.467710
vt 0.420388 0.467710
vt 0.372717 0.471679
vt 0.388029 0.456329
vt 0.396500 0.459428
vt 0.277569 0.472260
vt 0.253836 0.472716
vt 0.254995 0.444777
vt 0.491733 0.472716
vt 0.468369 0.444389
vt 0.468865 0.444363
vt 0.348912 0.471721
vt 0.333620 0.456424
vt 0.347162 0.443733
vt 0.467931 0.472343
vt 0.444320 0.459761
vt 0.452834 0.456781
vt 0.348912 0.471721
vt 0.372177 0.443689
vt 0.372668 0.443722
vt 0.325107 0.471763
vt 0.301295 0.467917
vt 0.317254 0.464917
vt 0.165313 0.795121
vt 0.288084 0.787174
vt 0.288084 0.795121
vt 0.165313 0.820827
vt 0.288084 0.812880
vt 0.288084 0.820827
vt 0.288084 0.846533
vt 0.165313 0.838586
vt 0.288084 0.838586
vt 0.165313 0.769414
vt 0.288084 0.761467
vt 0.288084 0.769415
vt 0.165313 0.872239
vt 0.288084 0.864292
vt 0.288084 0.872239
vt 0.165313 0.743708
vt 0.288084 0.735761
vt 0.288084 0.743708
vt 0.291720 0.836656
vt 0.392537 0.820869
vt 0.392537 0.836656
vt 0.291720 0.784633
vt 0.392537 0.768847
vt 0.392537 0.784633
vt 0.291720 0.862667
vt 0.392537 0.846881
vt 0.392537 0.862667
vt 0.291720 0.810645
vt 0.392537 0.794858
vt 0.392537 0.810645
vt 0.291720 0.758622
vt 0.392537 0.742835
vt 0.392537 0.758622
vt 0.392537 0.732610
vt 0.291720 0.716824
vt 0.392537 0.716824
vt 0.288084 0.718002
vt 0.165313 0.735761
vt 0.165313 0.718002
vt 0.288084 0.769415
vt 0.165313 0.787173
vt 0.165313 0.769414
vt 0.288084 0.846533
vt 0.165313 0.864292
vt 0.165313 0.846533
vt 0.288084 0.743708
vt 0.165313 0.761467
vt 0.165313 0.743708
vt 0.288084 0.795121
vt 0.165313 0.812880
vt 0.165313 0.795121
vt 0.288084 0.820827
vt 0.165313 0.838586
vt 0.165313 0.820827
vt 0.186087 0.946254
vt 0.195229 0.940309
vt 0.202907 0.953608
vt 0.252466 0.946254
vt 0.243325 0.940309
vt 0.252466 0.924328
vt 0.241683 0.945015
vt 0.246393 0.958634
vt 0.237762 0.951806
vt 0.192634 0.914851
vt 0.213994 0.902519
vt 0.215593 0.913407
vt 0.246393 0.958634
vt 0.241683 0.945015
vt 0.251912 0.949076
vt 0.251912 0.949076
vt 0.241683 0.945015
vt 0.251912 0.924410
vt 0.493790 0.697482
vt 0.004109 0.709326
vt 0.004109 0.697482
vt 0.493789 0.606314
vt 0.004109 0.618157
vt 0.004109 0.606313
vt 0.493789 0.560730
vt 0.004109 0.572572
vt 0.004109 0.560729
vt 0.493789 0.537760
vt 0.004109 0.549958
vt 0.004109 0.537759
vt 0.493790 0.492177
vt 0.004109 0.504372
vt 0.004109 0.492174
vt 0.493789 0.583344
vt 0.004109 0.595542
vt 0.004109 0.583344
vt 0.493789 0.651898
vt 0.004109 0.663742
vt 0.004109 0.651898
vt 0.493790 0.674512
vt 0.004109 0.686711
vt 0.004109 0.674513
vt 0.004109 0.515144
vt 0.493789 0.526988
vt 0.004109 0.526988
vt 0.493789 0.628928
vt 0.004109 0.641127
vt 0.004109 0.628928
vt 0.004109 0.618157
vt 0.493789 0.628928
vt 0.004109 0.628928
vt 0.186087 0.924328
vt 0.193188 0.912029
vt 0.202907 0.916974
vt 0.243325 0.940309
vt 0.252466 0.946254
vt 0.235647 0.953608
vt 0.226377 0.969515
vt 0.226955 0.958626
vt 0.245366 0.958552
vt 0.226377 0.901067
vt 0.245366 0.912029
vt 0.235647 0.916974
vt 0.235647 0.916974
vt 0.245366 0.912029
vt 0.243325 0.930273
vt 0.245366 0.912029
vt 0.252466 0.924328
vt 0.243325 0.930273
vt 0.252466 0.946254
vt 0.245366 0.958552
vt 0.235647 0.953608
vt 0.226377 0.901067
vt 0.235647 0.916974
vt 0.226955 0.911955
vt 0.211599 0.958626
vt 0.226955 0.958626
vt 0.226377 0.969515
vt 0.226377 0.901067
vt 0.226955 0.911955
vt 0.211599 0.911955
vt 0.211599 0.958626
vt 0.226377 0.969515
vt 0.212176 0.969515
vt 0.212176 0.901067
vt 0.226377 0.901067
vt 0.211599 0.911955
vt 0.193188 0.912029
vt 0.212176 0.901067
vt 0.211599 0.911955
vt 0.211599 0.958626
vt 0.212176 0.969515
vt 0.193188 0.958552
vt 0.193188 0.912029
vt 0.211599 0.911955
vt 0.202907 0.916974
vt 0.202907 0.953608
vt 0.211599 0.958626
vt 0.193188 0.958552
vt 0.195229 0.930273
vt 0.186087 0.924328
vt 0.202907 0.916974
vt 0.193188 0.958552
vt 0.186087 0.946254
vt 0.202907 0.953608
vt 0.195229 0.940309
vt 0.186087 0.924328
vt 0.195229 0.930273
vt 0.226955 0.958626
vt 0.235647 0.953608
vt 0.245366 0.958552
vt 0.237762 0.951806
vt 0.246393 0.958634
vt 0.225032 0.970967
vt 0.186087 0.924328
vt 0.195229 0.940309
vt 0.186087 0.946254
vt 0.252466 0.924328
vt 0.243325 0.940309
vt 0.243325 0.930273
vt 0.225032 0.902519
vt 0.246393 0.914851
vt 0.237762 0.921680
vt 0.237762 0.921680
vt 0.246393 0.914851
vt 0.241682 0.928470
vt 0.246393 0.914851
vt 0.251912 0.924410
vt 0.241682 0.928470
vt 0.223434 0.960078
vt 0.237762 0.951806
vt 0.225032 0.970967
vt 0.225032 0.902519
vt 0.237762 0.921680
vt 0.223434 0.913407
vt 0.223434 0.960078
vt 0.225032 0.970967
vt 0.213994 0.970967
vt 0.213994 0.902519
vt 0.225032 0.902519
vt 0.223434 0.913407
vt 0.215593 0.960078
vt 0.223434 0.960078
vt 0.213994 0.970967
vt 0.213994 0.902519
vt 0.223434 0.913407
vt 0.215593 0.913407
vt 0.201264 0.921680
vt 0.192634 0.914851
vt 0.215593 0.913407
vt 0.201264 0.951806
vt 0.215593 0.960078
vt 0.213994 0.970967
vt 0.201264 0.951806
vt 0.213994 0.970967
vt 0.192634 0.958634
vt 0.192634 0.914851
vt 0.201264 0.921680
vt 0.197344 0.928470
vt 0.197344 0.945015
vt 0.201264 0.951806
vt 0.192634 0.958634
vt 0.197344 0.945015
vt 0.187115 0.924410
vt 0.197344 0.928470
vt 0.187115 0.924410
vt 0.192634 0.914851
vt 0.197344 0.928470
vt 0.197344 0.945015
vt 0.192634 0.958634
vt 0.187115 0.949075
vt 0.187115 0.924410
vt 0.197344 0.945015
vt 0.187115 0.949075
vt 0.251912 0.924410
vt 0.241683 0.945015
vt 0.241682 0.928470
vt 0.004109 0.663742
vt 0.493790 0.663740
vt 0.493790 0.674512
vt 0.004109 0.651898
vt 0.004109 0.641127
vt 0.493789 0.641126
vt 0.004109 0.537759
vt 0.004109 0.526988
vt 0.493789 0.526988
vt 0.493790 0.515146
vt 0.004109 0.515144
vt 0.004109 0.504372
vt 0.004109 0.595542
vt 0.493789 0.595542
vt 0.493789 0.606314
vt 0.004109 0.481403
vt 0.493790 0.481405
vt 0.493790 0.492177
vt 0.004109 0.686711
vt 0.493790 0.686710
vt 0.493790 0.697482
vt 0.004109 0.549958
vt 0.493789 0.549958
vt 0.493789 0.560730
vt 0.004109 0.572572
vt 0.493789 0.572572
vt 0.493789 0.583344
vt 0.493790 0.697482
vt 0.493790 0.709324
vt 0.004109 0.709326
vt 0.493789 0.606314
vt 0.493789 0.618156
vt 0.004109 0.618157
vt 0.493789 0.560730
vt 0.493789 0.572572
vt 0.004109 0.572572
vt 0.493789 0.537760
vt 0.493789 0.549958
vt 0.004109 0.549958
vt 0.493790 0.492177
vt 0.493790 0.504375
vt 0.004109 0.504372
vt 0.493789 0.583344
vt 0.493789 0.595542
vt 0.004109 0.595542
vt 0.493789 0.651898
vt 0.493790 0.663740
vt 0.004109 0.663742
vt 0.493790 0.674512
vt 0.493790 0.686710
vt 0.004109 0.686711
vt 0.004109 0.515144
vt 0.493790 0.515146
vt 0.493789 0.526988
vt 0.493789 0.628928
vt 0.493789 0.641126
vt 0.004109 0.641127
vt 0.004109 0.618157
vt 0.493789 0.618156
vt 0.493789 0.628928
vt 0.155895 0.173063
vt 0.160594 0.183837
vt 0.155895 0.182902
vt 0.126244 0.153251
vt 0.137017 0.148552
vt 0.136083 0.153251
vt 0.152130 0.191992
vt 0.160594 0.183837
vt 0.156113 0.194654
vt 0.106431 0.173063
vt 0.101732 0.183837
vt 0.101732 0.172128
vt 0.117154 0.198949
vt 0.125309 0.207413
vt 0.114492 0.202933
vt 0.110196 0.163973
vt 0.101732 0.172128
vt 0.106213 0.161311
vt 0.145172 0.157016
vt 0.156113 0.161311
vt 0.152130 0.163973
vt 0.145172 0.198949
vt 0.156113 0.194654
vt 0.147834 0.202933
vt 0.136083 0.153251
vt 0.147834 0.153032
vt 0.145172 0.157016
vt 0.117154 0.157016
vt 0.106213 0.161311
vt 0.114492 0.153032
vt 0.110196 0.191992
vt 0.114492 0.202933
vt 0.106213 0.194654
vt 0.145172 0.198949
vt 0.137017 0.207413
vt 0.136083 0.202714
vt 0.152130 0.163973
vt 0.160594 0.172128
vt 0.155895 0.173063
vt 0.117154 0.157016
vt 0.125309 0.148552
vt 0.126244 0.153251
vt 0.106431 0.182902
vt 0.106213 0.194654
vt 0.101732 0.183837
vt 0.126244 0.202714
vt 0.137017 0.207413
vt 0.125309 0.207413
vt 0.065109 0.422735
vt 0.005089 0.404337
vt 0.065109 0.404337
vt 0.069165 0.223033
vt 0.078882 0.228850
vt 0.076601 0.237444
vt 0.065109 0.275545
vt 0.005089 0.257147
vt 0.065109 0.257147
vt 0.065109 0.404337
vt 0.005089 0.385938
vt 0.065109 0.385938
vt 0.065109 0.257147
vt 0.005089 0.238748
vt 0.065109 0.238748
vt 0.065109 0.385938
vt 0.005089 0.367539
vt 0.065109 0.367539
vt 0.065109 0.220349
vt 0.005089 0.238748
vt 0.005089 0.220349
vt 0.065109 0.367539
vt 0.005089 0.349140
vt 0.065109 0.349140
vt 0.065109 0.220349
vt 0.005089 0.201950
vt 0.065109 0.201950
vt 0.065109 0.349140
vt 0.005089 0.330742
vt 0.065109 0.330742
vt 0.065109 0.183551
vt 0.005089 0.165153
vt 0.065109 0.165153
vt 0.065109 0.201950
vt 0.005089 0.183551
vt 0.065109 0.183551
vt 0.065109 0.312343
vt 0.005089 0.330742
vt 0.005089 0.312343
vt 0.065109 0.146754
vt 0.005089 0.165153
vt 0.005089 0.146754
vt 0.065109 0.312343
vt 0.005089 0.293944
vt 0.065109 0.293944
vt 0.065109 0.422735
vt 0.005089 0.441134
vt 0.005089 0.422736
vt 0.065109 0.293944
vt 0.005089 0.275545
vt 0.065109 0.275545
vt 0.092451 0.231988
vt 0.105912 0.228122
vt 0.098203 0.235831
vt 0.102069 0.222370
vt 0.115985 0.223949
vt 0.105912 0.228122
vt 0.114636 0.217164
vt 0.126888 0.223949
vt 0.115985 0.223949
vt 0.128238 0.217164
vt 0.136961 0.228122
vt 0.126888 0.223949
vt 0.140805 0.222370
vt 0.144671 0.235831
vt 0.136961 0.228122
vt 0.150423 0.231988
vt 0.148843 0.245904
vt 0.144671 0.235831
vt 0.155629 0.244555
vt 0.148843 0.256807
vt 0.148843 0.245904
vt 0.150423 0.270724
vt 0.148843 0.256807
vt 0.155629 0.258157
vt 0.140805 0.280342
vt 0.144671 0.266880
vt 0.150423 0.270724
vt 0.128238 0.285548
vt 0.136961 0.274590
vt 0.140805 0.280342
vt 0.114636 0.285548
vt 0.126888 0.278762
vt 0.128238 0.285548
vt 0.102069 0.280342
vt 0.115985 0.278762
vt 0.114636 0.285548
vt 0.092451 0.270724
vt 0.105912 0.274590
vt 0.102069 0.280342
vt 0.087245 0.258157
vt 0.098203 0.266880
vt 0.092451 0.270724
vt 0.087245 0.244555
vt 0.094030 0.256807
vt 0.087245 0.258157
vt 0.087245 0.244555
vt 0.098203 0.235831
vt 0.094030 0.245904
vt 0.072517 0.356599
vt 0.082846 0.361387
vt 0.081476 0.370220
vt 0.069343 0.256321
vt 0.071036 0.255772
vt 0.070870 0.256310
vt 0.077810 0.406516
vt 0.076216 0.389861
vt 0.077744 0.389714
vt 0.076216 0.389861
vt 0.081111 0.372670
vt 0.077851 0.389132
vt 0.069343 0.256321
vt 0.075382 0.270976
vt 0.075977 0.272919
vt 0.079480 0.423165
vt 0.084560 0.405666
vt 0.088581 0.416250
vt 0.069082 0.289787
vt 0.078861 0.283868
vt 0.084598 0.289151
vt 0.072759 0.156585
vt 0.093745 0.167033
vt 0.097844 0.174628
vt 0.069244 0.306520
vt 0.084598 0.289151
vt 0.091168 0.298013
vt 0.071168 0.173154
vt 0.099039 0.181551
vt 0.100535 0.191410
vt 0.069844 0.323242
vt 0.096069 0.305172
vt 0.097997 0.311967
vt 0.070012 0.189758
vt 0.098664 0.197976
vt 0.096049 0.207804
vt 0.070961 0.339938
vt 0.100535 0.321666
vt 0.099359 0.328428
vt 0.069370 0.206390
vt 0.089136 0.217216
vt 0.084596 0.223706
vt 0.072517 0.356599
vt 0.097784 0.338530
vt 0.091868 0.348671
vt 0.196142 0.175568
vt 0.164234 0.155566
vt 0.196143 0.155566
vt 0.114432 0.319400
vt 0.164234 0.355584
vt 0.133454 0.377947
vt 0.196143 0.235573
vt 0.164234 0.215571
vt 0.196143 0.215571
vt 0.196143 0.295579
vt 0.180188 0.275577
vt 0.196143 0.275577
vt 0.196143 0.355584
vt 0.164234 0.335582
vt 0.196143 0.335582
vt 0.196143 0.195570
vt 0.164234 0.215571
vt 0.164234 0.195570
vt 0.196143 0.255575
vt 0.180188 0.275577
vt 0.164234 0.255575
vt 0.196143 0.315581
vt 0.164234 0.335582
vt 0.164234 0.315581
vt 0.196142 0.175568
vt 0.164234 0.195570
vt 0.164234 0.175568
vt 0.196143 0.255575
vt 0.164234 0.235573
vt 0.196143 0.235573
vt 0.196143 0.315581
vt 0.180188 0.295579
vt 0.196143 0.295579
vt 0.200912 0.003544
vt 0.181279 0.142712
vt 0.181279 0.003544
vt 0.024216 0.142712
vt 0.004584 0.003544
vt 0.024216 0.003544
vt 0.043849 0.142712
vt 0.024216 0.003544
vt 0.043849 0.003544
vt 0.063482 0.142712
vt 0.043849 0.003544
vt 0.063482 0.003544
vt 0.083115 0.142712
vt 0.063482 0.003544
vt 0.083115 0.003544
vt 0.102748 0.142712
vt 0.083115 0.003544
vt 0.102748 0.003544
vt 0.122381 0.142712
vt 0.102748 0.003544
vt 0.122381 0.003544
vt 0.142013 0.142712
vt 0.122381 0.003544
vt 0.142013 0.003544
vt 0.161646 0.142712
vt 0.142013 0.003544
vt 0.161646 0.003544
vt 0.181279 0.142712
vt 0.161646 0.003544
vt 0.181279 0.003544
vt 0.164234 0.255575
vt 0.180188 0.275577
vt 0.164234 0.275577
vt 0.180188 0.295579
vt 0.164234 0.315581
vt 0.164234 0.295579
vt 0.169251 0.290562
vt 0.164234 0.275577
vt 0.169251 0.280593
vt 0.169251 0.280593
vt 0.180188 0.275577
vt 0.175172 0.280593
vt 0.175172 0.290562
vt 0.164234 0.295579
vt 0.169251 0.290562
vt 0.175172 0.280593
vt 0.180188 0.295579
vt 0.175172 0.290562
vt 0.665727 0.005684
vt 0.611350 0.091520
vt 0.611350 0.005684
vt 0.918102 0.331582
vt 0.678715 0.342299
vt 0.693452 0.262047
vt 0.897260 0.091520
vt 0.693452 0.005684
vt 0.897260 0.005684
vt 0.672611 0.106677
vt 0.911997 0.095960
vt 0.897260 0.176212
vt 0.979363 0.091520
vt 0.924986 0.005684
vt 0.979363 0.005684
vt 0.897260 0.176212
vt 0.912652 0.262047
vt 0.897260 0.262047
vt 0.991697 0.091520
vt 0.979363 0.005684
vt 0.991697 0.005684
vt 0.897260 0.005684
vt 0.912652 0.091520
vt 0.897260 0.091520
vt 0.912652 0.005684
vt 0.924986 0.091520
vt 0.912652 0.091520
vt 0.693452 0.262047
vt 0.678061 0.176211
vt 0.693452 0.176211
vt 0.599016 0.005684
vt 0.611350 0.091520
vt 0.599016 0.091520
vt 0.693452 0.005684
vt 0.678061 0.091520
vt 0.678061 0.005684
vt 0.678061 0.091520
vt 0.665727 0.005684
vt 0.678061 0.005684
vt 0.897260 0.262047
vt 0.693452 0.176211
vt 0.897260 0.176212
vt 0.258875 0.357840
vt 0.285331 0.408386
vt 0.258875 0.408386
vt 0.285331 0.357840
vt 0.311786 0.408386
vt 0.285331 0.408386
vt 0.311786 0.357840
vt 0.338242 0.408386
vt 0.311786 0.408386
vt 0.338242 0.357840
vt 0.364697 0.408386
vt 0.338242 0.408386
vt 0.364697 0.357840
vt 0.391153 0.408386
vt 0.364697 0.408386
vt 0.391153 0.357840
vt 0.417608 0.408386
vt 0.391153 0.408386
vt 0.417608 0.408386
vt 0.444064 0.357840
vt 0.444064 0.408386
vt 0.444064 0.408386
vt 0.470519 0.357840
vt 0.470519 0.408386
vt 0.470519 0.357840
vt 0.496975 0.408386
vt 0.470519 0.408386
vt 0.496975 0.408386
vt 0.523431 0.357839
vt 0.523431 0.408386
vt 0.924365 0.100143
vt 0.955999 0.121907
vt 0.924365 0.121907
vt 0.205964 0.357839
vt 0.232419 0.408386
vt 0.205964 0.408386
vt 0.232420 0.357840
vt 0.258875 0.408386
vt 0.232419 0.408386
vt 0.883271 0.568775
vt 0.921231 0.492855
vt 0.921231 0.568775
vt 0.883271 0.492855
vt 0.921231 0.442241
vt 0.921231 0.492855
vt 0.883271 0.619389
vt 0.921231 0.568775
vt 0.921231 0.619389
vt 0.883271 0.492855
vt 0.832657 0.568775
vt 0.832657 0.492855
vt 0.984498 0.492855
vt 0.921231 0.568775
vt 0.921231 0.492855
vt 0.959192 0.442241
vt 0.921231 0.492855
vt 0.921231 0.442241
vt 0.921231 0.568775
vt 0.959192 0.619389
vt 0.921231 0.619389
vt 0.589823 0.263610
vt 0.559994 0.263709
vt 0.570975 0.252729
vt 0.589823 0.263610
vt 0.615606 0.278610
vt 0.585804 0.278610
vt 0.630434 0.252728
vt 0.615606 0.278610
vt 0.611586 0.263610
vt 0.630434 0.252728
vt 0.656316 0.237900
vt 0.641415 0.263709
vt 0.641316 0.212117
vt 0.656316 0.237900
vt 0.641316 0.233880
vt 0.630434 0.193269
vt 0.656316 0.208098
vt 0.641316 0.212117
vt 0.630434 0.193269
vt 0.615605 0.167388
vt 0.641415 0.182288
vt 0.589823 0.182388
vt 0.615605 0.167388
vt 0.611586 0.182388
vt 0.570975 0.193269
vt 0.585803 0.167388
vt 0.589823 0.182388
vt 0.570975 0.193269
vt 0.545093 0.208098
vt 0.559994 0.182289
vt 0.560093 0.212117
vt 0.545093 0.237900
vt 0.545093 0.208098
vt 0.570975 0.252729
vt 0.545093 0.237900
vt 0.560093 0.233881
vt 0.924365 0.143670
vt 0.955999 0.165434
vt 0.924365 0.165434
vt 0.924365 0.296015
vt 0.955999 0.317778
vt 0.924365 0.317778
vt 0.924365 0.230724
vt 0.955999 0.252488
vt 0.924365 0.252488
vt 0.924365 0.121907
vt 0.955999 0.143670
vt 0.924365 0.143670
vt 0.924365 0.165434
vt 0.955999 0.187197
vt 0.924365 0.187197
vt 0.924365 0.317778
vt 0.955999 0.339542
vt 0.924365 0.339542
vt 0.924365 0.252488
vt 0.955999 0.274251
vt 0.924365 0.274251
vt 0.924365 0.187197
vt 0.955998 0.208961
vt 0.924365 0.208961
vt 0.924365 0.339542
vt 0.955999 0.361305
vt 0.924365 0.361305
vt 0.924365 0.274251
vt 0.955999 0.296015
vt 0.924365 0.296015
vt 0.924365 0.208961
vt 0.955998 0.230724
vt 0.924365 0.230724
vt 0.541738 0.087194
vt 0.588977 0.039021
vt 0.588977 0.087194
vt 0.541738 0.039021
vt 0.588977 -0.000747
vt 0.588977 0.039021
vt 0.541572 0.087669
vt 0.588812 0.039497
vt 0.588812 0.087669
vt 0.588812 0.087669
vt 0.541572 0.127438
vt 0.541572 0.087669
vt 0.541572 0.039497
vt 0.588812 -0.000272
vt 0.588812 0.039497
vt 0.588977 0.087194
vt 0.541738 0.126962
vt 0.541738 0.087194
vt 0.466339 0.122937
vt 0.408615 0.105003
vt 0.421944 0.097306
vt 0.466339 0.122937
vt 0.524066 0.105004
vt 0.466340 0.138329
vt 0.421944 0.097306
vt 0.408617 0.038349
vt 0.421947 0.046045
vt 0.510736 0.097309
vt 0.524066 0.038350
vt 0.524066 0.105004
vt 0.315163 0.413381
vt 0.242367 0.346737
vt 0.315163 0.346737
vt 0.315163 0.146804
vt 0.242367 0.080160
vt 0.315163 0.080160
vt 0.315163 0.280093
vt 0.242367 0.213449
vt 0.315163 0.213449
vt 0.315163 0.013516
vt 0.242367 0.080160
vt 0.242367 0.013516
vt 0.315163 0.346737
vt 0.242367 0.280093
vt 0.315163 0.280093
vt 0.315163 0.213449
vt 0.242367 0.146804
vt 0.315163 0.146804
vt 0.466342 0.020415
vt 0.408617 0.038349
vt 0.466342 0.005023
vt 0.468574 0.380887
vt 0.395853 0.506845
vt 0.323131 0.380887
vt 0.466342 0.020415
vt 0.524066 0.038350
vt 0.510737 0.046047
vt 0.486496 0.626068
vt 0.480132 0.990685
vt 0.480132 0.626068
vt 0.511954 0.626046
vt 0.505589 0.990662
vt 0.505589 0.626045
vt 0.499225 0.626057
vt 0.492861 0.990673
vt 0.492861 0.626056
vt 0.448311 0.626102
vt 0.441946 0.990718
vt 0.441946 0.626102
vt 0.473768 0.626079
vt 0.467403 0.990696
vt 0.467403 0.626079
vt 0.435582 0.626113
vt 0.429218 0.990730
vt 0.429218 0.626113
vt 0.564851 0.531597
vt 0.586265 0.498749
vt 0.619113 0.520163
vt 0.461039 0.626091
vt 0.454675 0.990707
vt 0.454675 0.626090
vt 0.505589 0.990662
vt 0.499225 0.626057
vt 0.505589 0.626045
vt 0.486496 0.626068
vt 0.492861 0.990673
vt 0.486496 0.990685
vt 0.429218 0.990730
vt 0.422853 0.626124
vt 0.429218 0.626113
vt 0.410125 0.626136
vt 0.416489 0.990741
vt 0.410125 0.990752
vt 0.441946 0.990718
vt 0.435582 0.626113
vt 0.441946 0.626102
vt 0.467403 0.990696
vt 0.461039 0.626091
vt 0.467403 0.626079
vt 0.448311 0.626102
vt 0.454675 0.990707
vt 0.448311 0.990719
vt 0.473768 0.626079
vt 0.480132 0.990685
vt 0.473768 0.990696
vt 0.422853 0.626124
vt 0.416489 0.990741
vt 0.416489 0.626124
vt 0.915487 0.899106
vt 0.892992 0.933611
vt 0.892992 0.899106
vt 0.627008 0.983904
vt 0.643537 0.961354
vt 0.643537 0.983904
vt 0.853659 0.756442
vt 0.886387 0.610523
vt 0.886387 0.756442
vt 0.627008 0.812597
vt 0.599461 0.944825
vt 0.599461 0.812597
vt 0.599461 0.944825
vt 0.627008 0.983904
vt 0.599461 0.983904
vt 0.993561 0.963618
vt 0.937487 0.992622
vt 0.908483 0.963618
vt 0.853659 0.802644
vt 0.886387 0.756442
vt 0.886387 0.802644
vt 0.937487 0.895376
vt 0.993561 0.963618
vt 0.908483 0.963618
vt 0.915487 0.899106
vt 0.892992 0.833419
vt 0.915487 0.833419
vt 0.993561 0.754224
vt 0.937487 0.895376
vt 0.936037 0.754224
vt 0.853659 0.898209
vt 0.886387 0.802644
vt 0.886387 0.898209
vt 0.827353 0.685157
vt 0.800838 0.705866
vt 0.800838 0.685157
vt 0.800838 0.685157
vt 0.827352 0.653605
vt 0.827353 0.685157
vt 0.685377 0.368814
vt 0.710421 0.336258
vt 0.710421 0.368814
vt 0.892992 0.833419
vt 0.915487 0.768185
vt 0.915487 0.833419
vt 0.993561 0.754224
vt 0.936037 0.614039
vt 0.993561 0.614039
vt 0.886387 0.898209
vt 0.853659 0.993119
vt 0.853659 0.898209
vt 0.723619 0.653605
vt 0.736877 0.642999
vt 0.736877 0.653605
vt 0.745612 0.716520
vt 0.742506 0.695763
vt 0.753112 0.685157
vt 0.723619 0.685157
vt 0.736877 0.653605
vt 0.736877 0.685157
vt 0.753112 0.685157
vt 0.744994 0.653605
vt 0.753112 0.653605
vt 0.744994 0.685157
vt 0.736877 0.653605
vt 0.744994 0.653605
vt 0.723619 0.685157
vt 0.715502 0.653605
vt 0.723619 0.653605
vt 0.715502 0.685157
vt 0.707385 0.653605
vt 0.715502 0.653605
vt 0.800838 0.685157
vt 0.753112 0.653605
vt 0.800838 0.653605
vt 0.772599 0.339192
vt 0.775533 0.358797
vt 0.765516 0.368814
vt 0.736877 0.653605
vt 0.744994 0.642999
vt 0.744994 0.653605
vt 0.710421 0.336258
vt 0.720438 0.368814
vt 0.710421 0.368814
vt 0.707385 0.653605
vt 0.715502 0.642999
vt 0.715502 0.653605
vt 0.744994 0.653605
vt 0.753112 0.642999
vt 0.753112 0.653605
vt 0.659658 0.653605
vt 0.707385 0.642999
vt 0.707385 0.653605
vt 0.715502 0.653605
vt 0.723619 0.642999
vt 0.723619 0.653605
vt 0.753112 0.653605
vt 0.800838 0.642999
vt 0.800838 0.653605
vt 0.627008 0.812597
vt 0.650383 0.944825
vt 0.627008 0.944825
vt 0.886387 0.610523
vt 0.906023 0.756442
vt 0.886387 0.756442
vt 0.682339 0.812597
vt 0.672934 0.944825
vt 0.650383 0.944825
vt 0.599461 0.997205
vt 0.627008 0.983904
vt 0.627008 0.997205
vt 0.627008 0.997205
vt 0.643537 0.983904
vt 0.643537 0.997205
vt 0.707385 0.653605
vt 0.659658 0.685157
vt 0.659658 0.653605
vt 0.827353 0.727077
vt 0.800838 0.705866
vt 0.827353 0.705866
vt 0.784929 0.727077
vt 0.800838 0.705866
vt 0.800838 0.727077
vt 0.800838 0.742986
vt 0.827353 0.727077
vt 0.827353 0.742986
vt 0.892034 0.768185
vt 0.914528 0.802690
vt 0.892034 0.802690
vt 0.654861 0.984488
vt 0.638333 0.961938
vt 0.654861 0.945409
vt 0.852935 0.610850
vt 0.885662 0.756769
vt 0.852935 0.756769
vt 0.682409 0.945409
vt 0.654861 0.813180
vt 0.682409 0.813180
vt 0.654861 0.984488
vt 0.682409 0.945409
vt 0.682409 0.984488
vt 0.937269 0.613896
vt 0.993343 0.642900
vt 0.908266 0.642900
vt 0.852935 0.756769
vt 0.885662 0.802971
vt 0.852935 0.802971
vt 0.937269 0.711142
vt 0.993343 0.642900
vt 0.993343 0.711142
vt 0.892034 0.868377
vt 0.914528 0.802690
vt 0.914528 0.868377
vt 0.937269 0.711142
vt 0.993343 0.852294
vt 0.935819 0.852294
vt 0.852935 0.802971
vt 0.885662 0.898535
vt 0.852935 0.898535
vt 0.780109 0.836908
vt 0.800818 0.810393
vt 0.800818 0.836908
vt 0.832370 0.810393
vt 0.800818 0.836908
vt 0.800818 0.810393
vt 0.710536 0.368483
vt 0.685492 0.335927
vt 0.710536 0.335927
vt 0.914528 0.933611
vt 0.892034 0.868377
vt 0.914528 0.868377
vt 0.993343 0.852294
vt 0.935819 0.992479
vt 0.935819 0.852294
vt 0.885662 0.993445
vt 0.852935 0.898535
vt 0.885662 0.898535
vt 0.842976 0.900869
vt 0.832370 0.914127
vt 0.832370 0.900869
vt 0.790212 0.895240
vt 0.769455 0.892134
vt 0.766349 0.836908
vt 0.800818 0.914127
vt 0.832370 0.900869
vt 0.832370 0.914127
vt 0.832370 0.892752
vt 0.800818 0.884634
vt 0.832370 0.884634
vt 0.832370 0.900869
vt 0.800818 0.892752
vt 0.832370 0.892752
vt 0.832370 0.922244
vt 0.800818 0.914127
vt 0.832370 0.914127
vt 0.832370 0.930361
vt 0.800817 0.922244
vt 0.832370 0.922244
vt 0.832370 0.884634
vt 0.800818 0.836908
vt 0.832370 0.836908
vt 0.775648 0.345944
vt 0.772714 0.365549
vt 0.720553 0.368483
vt 0.842976 0.892752
vt 0.832370 0.900869
vt 0.832370 0.892752
vt 0.720553 0.335927
vt 0.710536 0.368483
vt 0.710536 0.335927
vt 0.842976 0.922244
vt 0.832370 0.930361
vt 0.832370 0.922244
vt 0.842976 0.884634
vt 0.832370 0.892752
vt 0.832370 0.884634
vt 0.842976 0.930361
vt 0.832370 0.978088
vt 0.832370 0.930361
vt 0.842976 0.914127
vt 0.832370 0.922244
vt 0.832370 0.914127
vt 0.842976 0.836908
vt 0.832370 0.884634
vt 0.832370 0.836908
vt 0.631486 0.945409
vt 0.654861 0.813180
vt 0.654861 0.945409
vt 0.833298 0.756769
vt 0.852935 0.610850
vt 0.852935 0.756769
vt 0.631486 0.945409
vt 0.599531 0.936004
vt 0.599531 0.813180
vt 0.654861 0.984488
vt 0.682409 0.997789
vt 0.654861 0.997789
vt 0.638333 0.984488
vt 0.654861 0.997789
vt 0.638333 0.997789
vt 0.800817 0.978088
vt 0.832370 0.930361
vt 0.832370 0.978088
vt 0.758897 0.810393
vt 0.780109 0.836908
vt 0.758897 0.836908
vt 0.758897 0.852817
vt 0.780109 0.836908
vt 0.793366 0.852817
vt 0.758897 0.810393
vt 0.742988 0.836908
vt 0.742988 0.810393
vt 0.391310 0.910403
vt 0.354254 0.987590
vt 0.346175 0.907063
vt 0.470647 0.909563
vt 0.392204 0.994918
vt 0.391310 0.910403
vt 0.837308 0.139058
vt 0.800775 0.057390
vt 0.837308 0.001534
vt 0.892731 0.669393
vt 0.813291 0.722828
vt 0.807900 0.659726
vt 0.908246 0.926509
vt 0.972668 0.988069
vt 0.908246 0.988069
vt 0.604479 0.528444
vt 0.695349 0.540291
vt 0.600238 0.545692
vt 0.600238 0.545692
vt 0.693094 0.560009
vt 0.595616 0.565545
vt 0.595616 0.565545
vt 0.691351 0.579698
vt 0.591867 0.585348
vt 0.690555 0.599334
vt 0.591867 0.585348
vt 0.691351 0.579698
vt 0.589730 0.605059
vt 0.690995 0.618899
vt 0.589699 0.624651
vt 0.591948 0.644114
vt 0.690995 0.618899
vt 0.692773 0.638388
vt 0.596303 0.663456
vt 0.692773 0.638388
vt 0.695787 0.657807
vt 0.598466 0.670437
vt 0.695787 0.657807
vt 0.697223 0.664829
vt 0.908246 0.926509
vt 0.972668 0.900864
vt 0.972668 0.926509
vt 0.470647 0.909563
vt 0.491709 0.989673
vt 0.471541 0.994078
vt 0.122729 0.877190
vt 0.166807 0.785207
vt 0.166807 0.877190
vt 0.864167 0.926509
vt 0.908246 0.988069
vt 0.864167 0.988069
vt 0.033102 0.872462
vt 0.097524 0.780480
vt 0.097524 0.872462
vt 0.122729 0.785207
vt 0.097524 0.872462
vt 0.097524 0.780480
vt 0.007897 0.785207
vt 0.033102 0.872462
vt 0.007897 0.877190
vt 0.478816 0.715652
vt 0.627495 0.697245
vt 0.627445 0.715285
vt 0.296707 0.149042
vt 0.383974 0.092318
vt 0.383974 0.149042
vt 0.296707 0.092318
vt 0.198531 0.005051
vt 0.296707 0.005051
vt 0.296707 0.205765
vt 0.198531 0.149042
vt 0.296707 0.149042
vt 0.296707 0.286488
vt 0.198531 0.205765
vt 0.296707 0.205765
vt 0.296707 0.345393
vt 0.198531 0.286488
vt 0.296707 0.286488
vt 0.296707 0.480657
vt 0.198531 0.413025
vt 0.296707 0.413025
vt 0.383974 0.480657
vt 0.482150 0.512292
vt 0.383974 0.512292
vt 0.296707 0.413025
vt 0.383974 0.345393
vt 0.383974 0.413025
vt 0.296707 0.345393
vt 0.383974 0.286488
vt 0.383974 0.345393
vt 0.296707 0.286488
vt 0.383974 0.205766
vt 0.383974 0.286488
vt 0.296707 0.149042
vt 0.198531 0.092318
vt 0.296707 0.092318
vt 0.296707 0.205765
vt 0.383974 0.149042
vt 0.383974 0.205766
vt 0.198531 0.600142
vt 0.296707 0.572346
vt 0.296707 0.600142
vt 0.383974 0.512292
vt 0.349067 0.555925
vt 0.296707 0.480657
vt 0.296707 0.572346
vt 0.198531 0.480657
vt 0.296707 0.480657
vt 0.013088 0.092318
vt 0.100356 0.149042
vt 0.013088 0.149042
vt 0.980486 0.820928
vt 0.994048 0.902303
vt 0.980486 0.902303
vt 0.198531 0.005051
vt 0.100356 0.092318
vt 0.100356 0.005051
vt 0.198531 0.149042
vt 0.100356 0.205765
vt 0.100356 0.149042
vt 0.198531 0.205765
vt 0.100356 0.286488
vt 0.100356 0.205765
vt 0.198531 0.286488
vt 0.100356 0.345393
vt 0.100356 0.286488
vt 0.198531 0.413025
vt 0.100355 0.480657
vt 0.100355 0.413025
vt 0.482150 0.512292
vt 0.580325 0.480657
vt 0.580325 0.512292
vt 0.013088 0.413025
vt 0.056721 0.412263
vt 0.100355 0.413025
vt 0.013088 0.286488
vt 0.100356 0.345393
vt 0.013088 0.345393
vt 0.013088 0.205765
vt 0.100356 0.286488
vt 0.013088 0.286488
vt 0.198531 0.092318
vt 0.100356 0.149042
vt 0.100356 0.092318
vt 0.013088 0.149042
vt 0.100356 0.205765
vt 0.013088 0.205765
vt 0.837625 0.500712
vt 0.799650 0.415268
vt 0.837625 0.415268
vt 0.100355 0.480657
vt 0.023312 0.543145
vt 0.013088 0.512292
vt 0.198531 0.480657
vt 0.149443 0.572346
vt 0.100355 0.572346
vt 0.198531 0.600142
vt 0.198531 0.632645
vt 0.100355 0.632645
vt 0.416699 0.148686
vt 0.482150 0.092318
vt 0.482150 0.148686
vt 0.416699 0.205766
vt 0.383974 0.149042
vt 0.416699 0.148686
vt 0.416699 0.286488
vt 0.383974 0.205766
vt 0.416699 0.205766
vt 0.416699 0.345393
vt 0.383974 0.286488
vt 0.416699 0.286488
vt 0.416699 0.447932
vt 0.383974 0.413025
vt 0.416699 0.396663
vt 0.416699 0.447932
vt 0.482150 0.480657
vt 0.383974 0.480657
vt 0.416699 0.148686
vt 0.383974 0.149042
vt 0.383974 0.092318
vt 0.547600 0.148686
vt 0.482150 0.092318
vt 0.580325 0.092318
vt 0.547600 0.205766
vt 0.580325 0.149042
vt 0.580325 0.205766
vt 0.547600 0.205766
vt 0.580325 0.286488
vt 0.547600 0.286488
vt 0.547600 0.286488
vt 0.580325 0.345393
vt 0.547600 0.345393
vt 0.547600 0.396663
vt 0.580325 0.345393
vt 0.580325 0.413025
vt 0.547600 0.447932
vt 0.482150 0.480657
vt 0.482150 0.447932
vt 0.547600 0.148686
vt 0.580325 0.092318
vt 0.580325 0.149042
vt 0.433026 0.213139
vt 0.481851 0.213139
vt 0.530677 0.251385
vt 0.980486 0.902303
vt 0.994048 0.983678
vt 0.980486 0.983678
vt 0.424889 0.393792
vt 0.433027 0.436372
vt 0.424889 0.436372
vt 0.538814 0.436372
vt 0.530676 0.393792
vt 0.538814 0.393792
vt 0.424889 0.333574
vt 0.433026 0.393792
vt 0.424889 0.393792
vt 0.538814 0.393792
vt 0.530676 0.333574
vt 0.538814 0.333574
vt 0.424889 0.289632
vt 0.433026 0.333574
vt 0.424889 0.333574
vt 0.538814 0.333574
vt 0.530677 0.289632
vt 0.538814 0.289632
vt 0.424889 0.213139
vt 0.433026 0.251385
vt 0.424889 0.251385
vt 0.538814 0.289632
vt 0.530677 0.251385
vt 0.538814 0.251385
vt 0.481851 0.205002
vt 0.433026 0.213139
vt 0.433026 0.205002
vt 0.530677 0.205002
vt 0.481851 0.213139
vt 0.481851 0.205002
vt 0.538814 0.251385
vt 0.530677 0.213139
vt 0.538814 0.213139
vt 0.424889 0.251385
vt 0.433026 0.289632
vt 0.424889 0.289632
vt 0.433026 0.289632
vt 0.530677 0.289632
vt 0.433026 0.436372
vt 0.547600 0.447932
vt 0.580325 0.413025
vt 0.580325 0.480657
vt 0.416699 0.396663
vt 0.383974 0.345393
vt 0.416699 0.345393
vt 0.013088 0.413025
vt 0.100355 0.480657
vt 0.013088 0.480657
vt 0.198531 0.345393
vt 0.100356 0.361756
vt 0.100356 0.345393
vt 0.296707 0.480657
vt 0.383974 0.413025
vt 0.383974 0.480657
vt 0.100355 0.413025
vt 0.198531 0.396663
vt 0.198531 0.413025
vt 0.296707 0.345393
vt 0.198531 0.413025
vt 0.198531 0.345393
vt 0.424802 0.886410
vt 0.464277 0.886410
vt 0.455337 0.895350
vt 0.464277 0.886410
vt 0.503752 0.856240
vt 0.494812 0.895350
vt 0.385326 0.886410
vt 0.424802 0.826071
vt 0.415862 0.895350
vt 0.464277 0.786596
vt 0.503752 0.826071
vt 0.464277 0.826071
vt 0.345851 0.886410
vt 0.385326 0.886410
vt 0.376386 0.895350
vt 0.662199 0.966832
vt 0.680356 0.966832
vt 0.671278 0.982557
vt 0.613029 0.966832
vt 0.631186 0.966832
vt 0.622107 0.982557
vt 0.563858 0.966832
vt 0.582015 0.966833
vt 0.572937 0.982557
vt 0.514688 0.966833
vt 0.532845 0.966832
vt 0.523766 0.982557
vt 0.464277 0.856240
vt 0.424802 0.826071
vt 0.464277 0.826071
vt 0.345851 0.856240
vt 0.385326 0.826071
vt 0.385326 0.886410
vt 0.503752 0.856240
vt 0.464277 0.826071
vt 0.503752 0.826071
vt 0.815814 0.940444
vt 0.763091 0.961059
vt 0.763091 0.940444
vt 0.810277 0.994344
vt 0.763091 0.988807
vt 0.815814 0.961059
vt 0.768317 0.219865
vt 0.744250 0.213401
vt 0.750715 0.158314
vt 0.742476 0.988807
vt 0.763091 0.961059
vt 0.757553 0.994344
vt 0.777890 0.418041
vt 0.754042 0.427535
vt 0.754042 0.418041
vt 0.149443 0.572346
vt 0.198531 0.600142
vt 0.149443 0.600142
vt 0.790157 0.367800
vt 0.741775 0.405775
vt 0.741775 0.367800
vt 0.741775 0.548181
vt 0.790157 0.510206
vt 0.790157 0.548181
vt 0.694306 0.415268
vt 0.732282 0.500712
vt 0.694306 0.500712
vt 0.836429 0.988806
vt 0.821351 0.994344
vt 0.815814 0.961059
vt 0.051925 0.701531
vt 0.069241 0.708806
vt 0.062141 0.711747
vt 0.062141 0.740588
vt 0.054866 0.757903
vt 0.051925 0.750803
vt 0.012868 0.740588
vt 0.020143 0.757903
vt 0.005768 0.743529
vt 0.023084 0.701531
vt 0.005768 0.708805
vt 0.020143 0.694431
vt 0.023084 0.701531
vt 0.054866 0.694431
vt 0.051925 0.701531
vt 0.062141 0.711747
vt 0.069241 0.743529
vt 0.062141 0.740588
vt 0.051925 0.750803
vt 0.020143 0.757903
vt 0.023084 0.750803
vt 0.012868 0.711746
vt 0.005768 0.743529
vt 0.005768 0.708805
vt 0.744548 0.488445
vt 0.732282 0.415268
vt 0.744548 0.427535
vt 0.787384 0.488445
vt 0.799650 0.415268
vt 0.799650 0.500712
vt 0.777890 0.418041
vt 0.741775 0.405775
vt 0.790157 0.405775
vt 0.777890 0.497939
vt 0.741775 0.510206
vt 0.754042 0.497939
vt 0.744548 0.427535
vt 0.754042 0.488445
vt 0.744548 0.488445
vt 0.777890 0.497939
vt 0.754042 0.488445
vt 0.777890 0.488445
vt 0.787384 0.488445
vt 0.777890 0.427535
vt 0.787384 0.427535
vt 0.085764 0.014738
vt 0.076632 0.047932
vt 0.054516 0.039971
vt 0.888628 0.532791
vt 0.905351 0.476252
vt 0.905351 0.532791
vt 0.345735 0.676943
vt 0.361767 0.642446
vt 0.362175 0.676748
vt 0.888628 0.532791
vt 0.871906 0.476252
vt 0.888628 0.476252
vt 0.378614 0.676552
vt 0.361767 0.642446
vt 0.378206 0.642250
vt 0.854555 0.532791
vt 0.871906 0.476252
vt 0.871906 0.532791
vt 0.184358 0.688194
vt 0.099498 0.679872
vt 0.197782 0.678703
vt 0.533212 0.193759
vt 0.523167 0.161026
vt 0.533212 0.161026
vt 0.376586 0.582683
vt 0.460879 0.569833
vt 0.461137 0.579324
vt 0.523167 0.193759
vt 0.513485 0.161026
vt 0.523167 0.161026
vt 0.170689 0.718359
vt 0.100123 0.703568
vt 0.174518 0.702128
vt 0.197782 0.678703
vt 0.213813 0.644205
vt 0.214221 0.678507
vt 0.503804 0.161026
vt 0.494123 0.193759
vt 0.494123 0.161026
vt 0.214221 0.678507
vt 0.230253 0.644010
vt 0.230661 0.678312
vt 0.494123 0.193759
vt 0.484441 0.161026
vt 0.494123 0.161026
vt 0.230661 0.678312
vt 0.246692 0.643814
vt 0.247100 0.678117
vt 0.484441 0.193759
vt 0.474760 0.161026
vt 0.484441 0.161026
vt 0.263539 0.677921
vt 0.246692 0.643814
vt 0.263131 0.643619
vt 0.474760 0.193759
vt 0.465078 0.161026
vt 0.474760 0.161026
vt 0.263539 0.677921
vt 0.279571 0.643423
vt 0.279978 0.677725
vt 0.465078 0.161026
vt 0.455397 0.193759
vt 0.455397 0.161026
vt 0.279978 0.677725
vt 0.296010 0.643228
vt 0.296418 0.677530
vt 0.445715 0.193759
vt 0.455397 0.161026
vt 0.455397 0.193759
vt 0.312857 0.677334
vt 0.296010 0.643228
vt 0.312449 0.643032
vt 0.020014 0.685762
vt 0.019128 0.634840
vt 0.062707 0.643508
vt 0.445715 0.193759
vt 0.436034 0.161026
vt 0.445715 0.161026
vt 0.329296 0.677139
vt 0.312449 0.643032
vt 0.328888 0.642837
vt 0.595360 0.341931
vt 0.623385 0.411622
vt 0.595352 0.415782
vt 0.345735 0.676943
vt 0.328888 0.642837
vt 0.345327 0.642641
vt 0.184358 0.688194
vt 0.243926 0.686624
vt 0.245496 0.746192
vt 0.317020 0.584303
vt 0.376586 0.582683
vt 0.378206 0.642250
vt 0.011122 0.614799
vt 0.054702 0.571220
vt 0.063370 0.614799
vt 0.387157 0.596071
vt 0.461137 0.579324
vt 0.461523 0.593529
vt 0.391850 0.612074
vt 0.461523 0.593529
vt 0.461979 0.610284
vt 0.378206 0.642250
vt 0.463229 0.675546
vt 0.378614 0.676552
vt 0.170689 0.718359
vt 0.101006 0.737080
vt 0.100564 0.720324
vt 0.174518 0.702128
vt 0.099748 0.689363
vt 0.184358 0.688194
vt 0.388034 0.628308
vt 0.462820 0.641244
vt 0.378206 0.642250
vt 0.391850 0.612074
vt 0.462434 0.627039
vt 0.388034 0.628308
vt 0.175368 0.734366
vt 0.101380 0.751284
vt 0.101006 0.737080
vt 0.503804 0.161026
vt 0.513486 0.193759
vt 0.503804 0.193759
vt 0.595360 0.341931
vt 0.587131 0.415722
vt 0.587148 0.340253
vt 0.623393 0.337771
vt 0.631606 0.411563
vt 0.623385 0.411622
vt 0.659652 0.340169
vt 0.631606 0.411563
vt 0.631606 0.336094
vt 0.197782 0.678703
vt 0.099090 0.645569
vt 0.197374 0.644401
vt 0.133057 0.903186
vt 0.153401 0.987274
vt 0.133057 0.987274
vt 0.133057 0.903186
vt 0.010995 0.987274
vt 0.010995 0.903186
vt 0.795126 0.030185
vt 0.779041 0.007122
vt 0.837308 0.001534
vt 0.779041 0.007122
vt 0.770311 0.001534
vt 0.837308 0.001534
vt 0.801525 0.139058
vt 0.795126 0.084595
vt 0.837308 0.139058
vt 0.795126 0.084595
vt 0.800775 0.057390
vt 0.837308 0.139058
vt 0.705491 0.139058
vt 0.726571 0.128479
vt 0.801525 0.139058
vt 0.754968 0.123068
vt 0.779041 0.107658
vt 0.801525 0.139058
vt 0.779041 0.107658
vt 0.795126 0.084595
vt 0.801525 0.139058
vt 0.726571 0.128479
vt 0.754968 0.123068
vt 0.801525 0.139058
vt 0.705491 0.139058
vt 0.701970 0.123065
vt 0.726571 0.128479
vt 0.800775 0.057390
vt 0.795126 0.030185
vt 0.837308 0.001534
vt 0.900025 0.605386
vt 0.807900 0.659726
vt 0.815194 0.595718
vt 0.433026 0.289632
vt 0.433026 0.251385
vt 0.530677 0.251385
vt 0.530677 0.289632
vt 0.530677 0.436372
vt 0.433026 0.436372
vt 0.433026 0.289632
vt 0.530677 0.251385
vt 0.530677 0.289632
vt 0.155728 0.259891
vt 0.011634 0.287151
vt 0.011635 0.259891
vt 0.155728 0.287150
vt 0.011635 0.314410
vt 0.011634 0.287151
vt 0.155728 0.314410
vt 0.011635 0.341669
vt 0.011635 0.314410
vt 0.011635 0.341669
vt 0.155728 0.368929
vt 0.011635 0.368929
vt 0.155728 0.368929
vt 0.011635 0.396188
vt 0.011635 0.368929
vt 0.011635 0.396188
vt 0.155728 0.423447
vt 0.011635 0.423447
vt 0.011635 0.423447
vt 0.155728 0.450707
vt 0.011635 0.450707
vt 0.155728 0.014557
vt 0.011635 0.041816
vt 0.011635 0.014556
vt 0.155728 0.041816
vt 0.011635 0.069076
vt 0.011635 0.041816
vt 0.011635 0.069076
vt 0.155728 0.096335
vt 0.011635 0.096335
vt 0.155728 0.096335
vt 0.011635 0.123594
vt 0.011635 0.096335
vt 0.155728 0.123594
vt 0.011635 0.150854
vt 0.011635 0.123594
vt 0.155728 0.150854
vt 0.011634 0.178113
vt 0.011635 0.150854
vt 0.011634 0.178113
vt 0.155728 0.205372
vt 0.011635 0.205372
vt 0.120784 0.707421
vt 0.075041 0.775880
vt 0.006583 0.730138
vt 0.155728 0.205372
vt 0.011634 0.232632
vt 0.011635 0.205372
vt 0.011634 0.232632
vt 0.155728 0.259891
vt 0.011635 0.259891
vt 0.054419 0.596423
vt 0.063324 0.641192
vt 0.018555 0.650097
vt 0.645962 0.300180
vt 0.677706 0.273478
vt 0.677706 0.300180
vt 0.677706 0.246777
vt 0.645962 0.220075
vt 0.677706 0.220075
vt 0.677706 0.220075
vt 0.645961 0.193374
vt 0.677706 0.193374
vt 0.645961 0.620598
vt 0.677706 0.593896
vt 0.677706 0.620598
vt 0.645962 0.593896
vt 0.677706 0.567195
vt 0.677706 0.593896
vt 0.841181 0.540493
vt 0.817412 0.567195
vt 0.817412 0.540493
vt 0.677706 0.460389
vt 0.645962 0.433687
vt 0.677706 0.433687
vt 0.645962 0.567195
vt 0.645962 0.540493
vt 0.645962 0.540493
vt 0.645962 0.326881
vt 0.677706 0.300180
vt 0.677706 0.326881
vt 0.444899 0.504076
vt 0.509510 0.491224
vt 0.522362 0.555835
vt 0.677706 0.246777
vt 0.645962 0.273478
vt 0.645962 0.246777
vt 0.444899 0.555835
vt 0.451694 0.577752
vt 0.435834 0.561892
vt 0.444899 0.555835
vt 0.427251 0.541170
vt 0.437943 0.539043
vt 0.437943 0.539043
vt 0.427251 0.518741
vt 0.437943 0.520868
vt 0.457751 0.491224
vt 0.435834 0.498019
vt 0.451694 0.482159
vt 0.457751 0.491224
vt 0.472416 0.473576
vt 0.474543 0.484268
vt 0.492718 0.484268
vt 0.472416 0.473576
vt 0.494845 0.473576
vt 0.509510 0.491224
vt 0.531427 0.498019
vt 0.522362 0.504076
vt 0.529317 0.520868
vt 0.531427 0.498019
vt 0.540010 0.518741
vt 0.529317 0.539043
vt 0.540010 0.518741
vt 0.540010 0.541170
vt 0.509510 0.568687
vt 0.531427 0.561892
vt 0.515567 0.577752
vt 0.492718 0.575642
vt 0.515567 0.577752
vt 0.494845 0.586335
vt 0.492718 0.575642
vt 0.472416 0.586335
vt 0.474543 0.575642
vt 0.677706 0.353583
vt 0.645962 0.326881
vt 0.677706 0.326881
vt 0.677706 0.380284
vt 0.645962 0.353583
vt 0.677706 0.353583
vt 0.677706 0.487090
vt 0.645962 0.513792
vt 0.645962 0.487090
vt 0.677706 0.433687
vt 0.645962 0.406986
vt 0.677706 0.406986
vt 0.677706 0.380284
vt 0.645962 0.406986
vt 0.645962 0.380284
vt 0.677706 0.460389
vt 0.645962 0.487090
vt 0.645962 0.460389
vt 0.677706 0.513792
vt 0.645962 0.540493
vt 0.645962 0.513792
vt 0.677706 0.567195
vt 0.645962 0.540493
vt 0.677706 0.540493
vt 0.841181 0.513792
vt 0.817412 0.540493
vt 0.817412 0.513792
vt 0.841181 0.460389
vt 0.817412 0.487090
vt 0.817412 0.460389
vt 0.841181 0.380284
vt 0.817413 0.406986
vt 0.817412 0.380284
vt 0.841181 0.433687
vt 0.817413 0.406986
vt 0.841181 0.406986
vt 0.841181 0.487090
vt 0.817412 0.513792
vt 0.817412 0.487090
vt 0.841181 0.380284
vt 0.817412 0.353583
vt 0.841181 0.353583
vt 0.841181 0.353583
vt 0.817412 0.326881
vt 0.841181 0.326881
vt 0.841181 0.273478
vt 0.817412 0.246777
vt 0.841181 0.246777
vt 0.841181 0.326881
vt 0.817412 0.300180
vt 0.841181 0.300180
vt 0.841181 0.460389
vt 0.817412 0.433687
vt 0.841181 0.433687
vt 0.817412 0.593896
vt 0.841181 0.567195
vt 0.841181 0.593896
vt 0.817412 0.620598
vt 0.841181 0.593896
vt 0.841181 0.620598
vt 0.841181 0.220075
vt 0.817412 0.193374
vt 0.841181 0.193374
vt 0.841181 0.246777
vt 0.817412 0.220075
vt 0.841181 0.220075
vt 0.841181 0.300180
vt 0.817412 0.273478
vt 0.841181 0.273478
vt 0.817412 0.540493
vt 0.677706 0.567195
vt 0.712632 0.540493
vt 0.817412 0.540493
vt 0.747559 0.513792
vt 0.817412 0.513792
vt 0.817412 0.487090
vt 0.677706 0.460389
vt 0.817412 0.460389
vt 0.817413 0.406986
vt 0.677706 0.380284
vt 0.817412 0.380284
vt 0.817412 0.433687
vt 0.677706 0.406986
vt 0.817413 0.406986
vt 0.817412 0.487090
vt 0.747559 0.513792
vt 0.712632 0.513792
vt 0.817412 0.460389
vt 0.677706 0.433687
vt 0.817412 0.433687
vt 0.677706 0.593896
vt 0.817412 0.567195
vt 0.747559 0.593896
vt 0.817412 0.620598
vt 0.747559 0.593896
vt 0.817412 0.593896
vt 0.847814 0.400649
vt 0.878367 0.358739
vt 0.878364 0.400651
vt 0.712632 0.540493
vt 0.677706 0.513792
vt 0.712632 0.513792
vt 0.878368 0.328188
vt 0.910408 0.358741
vt 0.878367 0.358739
vt 0.712632 0.593896
vt 0.677706 0.620598
vt 0.677706 0.593896
vt 0.878364 0.400651
vt 0.910408 0.358741
vt 0.910406 0.400653
vt 0.909701 0.402017
vt 0.877662 0.360103
vt 0.909704 0.360105
vt 0.940252 0.402019
vt 0.909704 0.360105
vt 0.940254 0.360107
vt 0.877658 0.432566
vt 0.909701 0.402017
vt 0.909699 0.432568
vt 0.940957 0.400654
vt 0.910408 0.358741
vt 0.940959 0.358742
vt 0.878363 0.431201
vt 0.910406 0.400653
vt 0.910405 0.431203
vt 0.909705 0.329554
vt 0.877662 0.360103
vt 0.877664 0.329552
vt 0.847111 0.360101
vt 0.877659 0.402015
vt 0.847109 0.402013
vt 0.579990 0.333555
vt 0.600674 0.346618
vt 0.597961 0.365454
vt 0.645962 0.460389
vt 0.645962 0.433687
vt 0.645962 0.433687
vt 0.645962 0.326881
vt 0.645962 0.342738
vt 0.645962 0.328325
vt 0.645961 0.193374
vt 0.645962 0.220075
vt 0.645961 0.193374
vt 0.645962 0.540493
vt 0.645962 0.513792
vt 0.645962 0.513792
vt 0.645962 0.406986
vt 0.645962 0.433687
vt 0.645962 0.406986
vt 0.645962 0.273478
vt 0.645962 0.300180
vt 0.645962 0.273478
vt 0.645961 0.620598
vt 0.645962 0.593896
vt 0.645962 0.593896
vt 0.645962 0.487090
vt 0.645962 0.513792
vt 0.645962 0.487090
vt 0.645962 0.380284
vt 0.645962 0.406986
vt 0.645962 0.380284
vt 0.645962 0.273478
vt 0.645962 0.246777
vt 0.645962 0.246777
vt 0.645962 0.567195
vt 0.645962 0.593896
vt 0.645962 0.567195
vt 0.645962 0.487090
vt 0.645962 0.460389
vt 0.645962 0.460389
vt 0.645962 0.380284
vt 0.645962 0.380284
vt 0.645962 0.377955
vt 0.645962 0.300180
vt 0.645962 0.326881
vt 0.645962 0.322639
vt 0.645962 0.246777
vt 0.645962 0.220075
vt 0.645962 0.220075
vt 0.536160 0.045764
vt 0.538589 0.051381
vt 0.542852 0.045764
vt 0.528086 0.040549
vt 0.527436 0.041199
vt 0.528737 0.041199
vt 0.532932 0.044427
vt 0.542852 0.045764
vt 0.541557 0.044058
vt 0.536160 0.052664
vt 0.532666 0.045764
vt 0.532666 0.053031
vt 0.532666 0.053031
vt 0.532267 0.045764
vt 0.529173 0.049924
vt 0.597961 0.365454
vt 0.634037 0.381913
vt 0.638059 0.391624
vt 0.638059 0.391624
vt 0.638059 0.420462
vt 0.597961 0.365454
vt 0.638059 0.420462
vt 0.627024 0.447104
vt 0.597961 0.365454
vt 0.627024 0.447104
vt 0.606632 0.467496
vt 0.597961 0.365454
vt 0.606632 0.467496
vt 0.579990 0.478531
vt 0.597961 0.365454
vt 0.579990 0.478531
vt 0.551152 0.478531
vt 0.597961 0.365454
vt 0.551152 0.478531
vt 0.524510 0.467496
vt 0.597961 0.365454
vt 0.524510 0.467496
vt 0.504119 0.447104
vt 0.597961 0.365454
vt 0.504119 0.447104
vt 0.493083 0.420462
vt 0.597961 0.365454
vt 0.493083 0.420462
vt 0.493083 0.391624
vt 0.597961 0.365454
vt 0.493083 0.391624
vt 0.504119 0.364982
vt 0.597961 0.365454
vt 0.504119 0.364982
vt 0.524510 0.344590
vt 0.597961 0.365454
vt 0.524510 0.344590
vt 0.551152 0.333555
vt 0.597961 0.365454
vt 0.551152 0.333555
vt 0.579990 0.333555
vt 0.597961 0.365454
vt 0.579990 0.333555
vt 0.602400 0.342837
vt 0.600674 0.346618
vt 0.392537 0.758622
vt 0.392537 0.768847
vt 0.291720 0.768847
vt 0.392537 0.732610
vt 0.392537 0.742835
vt 0.291720 0.742835
vt 0.291720 0.862667
vt 0.392537 0.862667
vt 0.392537 0.872892
vt 0.392537 0.784633
vt 0.392537 0.794858
vt 0.291720 0.794858
vt 0.392537 0.836656
vt 0.392537 0.846881
vt 0.291720 0.846881
vt 0.392537 0.810645
vt 0.392537 0.820869
vt 0.291720 0.820869
vt 0.277569 0.472260
vt 0.277344 0.460533
vt 0.285254 0.465272
vt 0.301228 0.467929
vt 0.301295 0.467917
vt 0.301302 0.471804
vt 0.277569 0.472260
vt 0.285254 0.465272
vt 0.301228 0.467929
vt 0.404816 0.464764
vt 0.420320 0.467710
vt 0.420326 0.471597
vt 0.396522 0.471638
vt 0.396500 0.459428
vt 0.404816 0.464764
vt 0.435931 0.464981
vt 0.444320 0.459761
vt 0.444129 0.471970
vt 0.444129 0.471970
vt 0.420326 0.471597
vt 0.420320 0.467710
vt 0.420388 0.467710
vt 0.435931 0.464981
vt 0.444129 0.471970
vt 0.396500 0.459428
vt 0.396522 0.471638
vt 0.372717 0.471679
vt 0.372717 0.471679
vt 0.372668 0.443722
vt 0.388029 0.456329
vt 0.268761 0.457147
vt 0.277344 0.460533
vt 0.277569 0.472260
vt 0.253836 0.472716
vt 0.253197 0.439491
vt 0.254995 0.444777
vt 0.254995 0.444777
vt 0.268761 0.457147
vt 0.277569 0.472260
vt 0.468865 0.444363
vt 0.492255 0.439395
vt 0.491733 0.472716
vt 0.491733 0.472716
vt 0.467931 0.472343
vt 0.468369 0.444389
vt 0.348912 0.471721
vt 0.325107 0.471763
vt 0.325086 0.460000
vt 0.348912 0.471721
vt 0.325086 0.460000
vt 0.333620 0.456424
vt 0.347162 0.443733
vt 0.348854 0.438394
vt 0.348912 0.471721
vt 0.452834 0.456781
vt 0.468369 0.444389
vt 0.467931 0.472343
vt 0.467931 0.472343
vt 0.444129 0.471970
vt 0.444320 0.459761
vt 0.372668 0.443722
vt 0.372717 0.471679
vt 0.348912 0.471721
vt 0.348912 0.471721
vt 0.348854 0.438394
vt 0.372177 0.443689
vt 0.317254 0.464917
vt 0.325086 0.460000
vt 0.325107 0.471763
vt 0.325107 0.471763
vt 0.301302 0.471804
vt 0.301295 0.467917
vt 0.165313 0.795121
vt 0.165313 0.787173
vt 0.288084 0.787174
vt 0.165313 0.820827
vt 0.165313 0.812880
vt 0.288084 0.812880
vt 0.288084 0.846533
vt 0.165313 0.846533
vt 0.165313 0.838586
vt 0.165313 0.769414
vt 0.165313 0.761467
vt 0.288084 0.761467
vt 0.165313 0.872239
vt 0.165313 0.864292
vt 0.288084 0.864292
vt 0.165313 0.743708
vt 0.165313 0.735761
vt 0.288084 0.735761
vt 0.291720 0.836656
vt 0.291720 0.820869
vt 0.392537 0.820869
vt 0.291720 0.784633
vt 0.291720 0.768847
vt 0.392537 0.768847
vt 0.291720 0.862667
vt 0.291720 0.846881
vt 0.392537 0.846881
vt 0.291720 0.810645
vt 0.291720 0.794858
vt 0.392537 0.794858
vt 0.291720 0.758622
vt 0.291720 0.742835
vt 0.392537 0.742835
vt 0.392537 0.732610
vt 0.291720 0.732610
vt 0.291720 0.716824
vt 0.288084 0.718002
vt 0.288084 0.735761
vt 0.165313 0.735761
vt 0.288084 0.769415
vt 0.288084 0.787174
vt 0.165313 0.787173
vt 0.288084 0.846533
vt 0.288084 0.864292
vt 0.165313 0.864292
vt 0.288084 0.743708
vt 0.288084 0.761467
vt 0.165313 0.761467
vt 0.288084 0.795121
vt 0.288084 0.812880
vt 0.165313 0.812880
vt 0.288084 0.820827
vt 0.288084 0.838586
vt 0.165313 0.838586
vt 0.155895 0.173063
vt 0.160594 0.172128
vt 0.160594 0.183837
vt 0.126244 0.153251
vt 0.125309 0.148552
vt 0.137017 0.148552
vt 0.152130 0.191992
vt 0.155895 0.182902
vt 0.160594 0.183837
vt 0.106431 0.173063
vt 0.106431 0.182902
vt 0.101732 0.183837
vt 0.117154 0.198949
vt 0.126244 0.202714
vt 0.125309 0.207413
vt 0.110196 0.163973
vt 0.106431 0.173063
vt 0.101732 0.172128
vt 0.145172 0.157016
vt 0.147834 0.153032
vt 0.156113 0.161311
vt 0.145172 0.198949
vt 0.152130 0.191992
vt 0.156113 0.194654
vt 0.136083 0.153251
vt 0.137017 0.148552
vt 0.147834 0.153032
vt 0.117154 0.157016
vt 0.110196 0.163973
vt 0.106213 0.161311
vt 0.110196 0.191992
vt 0.117154 0.198949
vt 0.114492 0.202933
vt 0.145172 0.198949
vt 0.147834 0.202933
vt 0.137017 0.207413
vt 0.152130 0.163973
vt 0.156113 0.161311
vt 0.160594 0.172128
vt 0.117154 0.157016
vt 0.114492 0.153032
vt 0.125309 0.148552
vt 0.106431 0.182902
vt 0.110196 0.191992
vt 0.106213 0.194654
vt 0.126244 0.202714
vt 0.136083 0.202714
vt 0.137017 0.207413
vt 0.065109 0.422735
vt 0.005089 0.422736
vt 0.005089 0.404337
vt 0.075984 0.239829
vt 0.069218 0.239677
vt 0.069165 0.223033
vt 0.069165 0.223033
vt 0.084596 0.223706
vt 0.078882 0.228850
vt 0.076601 0.237444
vt 0.075984 0.239829
vt 0.069165 0.223033
vt 0.065109 0.275545
vt 0.005089 0.275545
vt 0.005089 0.257147
vt 0.065109 0.404337
vt 0.005089 0.404337
vt 0.005089 0.385938
vt 0.065109 0.257147
vt 0.005089 0.257147
vt 0.005089 0.238748
vt 0.065109 0.385938
vt 0.005089 0.385938
vt 0.005089 0.367539
vt 0.065109 0.220349
vt 0.065109 0.238748
vt 0.005089 0.238748
vt 0.065109 0.367539
vt 0.005089 0.367539
vt 0.005089 0.349140
vt 0.065109 0.220349
vt 0.005089 0.220349
vt 0.005089 0.201950
vt 0.065109 0.349140
vt 0.005089 0.349140
vt 0.005089 0.330742
vt 0.065109 0.183551
vt 0.005089 0.183551
vt 0.005089 0.165153
vt 0.065109 0.201950
vt 0.005089 0.201950
vt 0.005089 0.183551
vt 0.065109 0.312343
vt 0.065109 0.330742
vt 0.005089 0.330742
vt 0.065109 0.146754
vt 0.065109 0.165153
vt 0.005089 0.165153
vt 0.065109 0.312343
vt 0.005089 0.312343
vt 0.005089 0.293944
vt 0.065109 0.422735
vt 0.065109 0.441134
vt 0.005089 0.441134
vt 0.065109 0.293944
vt 0.005089 0.293944
vt 0.005089 0.275545
vt 0.092451 0.231988
vt 0.102069 0.222370
vt 0.105912 0.228122
vt 0.102069 0.222370
vt 0.114636 0.217164
vt 0.115985 0.223949
vt 0.114636 0.217164
vt 0.128238 0.217164
vt 0.126888 0.223949
vt 0.128238 0.217164
vt 0.140805 0.222370
vt 0.136961 0.228122
vt 0.140805 0.222370
vt 0.150423 0.231988
vt 0.144671 0.235831
vt 0.150423 0.231988
vt 0.155629 0.244555
vt 0.148843 0.245904
vt 0.155629 0.244555
vt 0.155629 0.258157
vt 0.148843 0.256807
vt 0.150423 0.270724
vt 0.144671 0.266880
vt 0.148843 0.256807
vt 0.140805 0.280342
vt 0.136961 0.274590
vt 0.144671 0.266880
vt 0.128238 0.285548
vt 0.126888 0.278762
vt 0.136961 0.274590
vt 0.114636 0.285548
vt 0.115985 0.278762
vt 0.126888 0.278762
vt 0.102069 0.280342
vt 0.105912 0.274590
vt 0.115985 0.278762
vt 0.092451 0.270724
vt 0.098203 0.266880
vt 0.105912 0.274590
vt 0.087245 0.258157
vt 0.094030 0.256807
vt 0.098203 0.266880
vt 0.087245 0.244555
vt 0.094030 0.245904
vt 0.094030 0.256807
vt 0.087245 0.244555
vt 0.092451 0.231988
vt 0.098203 0.235831
vt 0.081111 0.372670
vt 0.074331 0.373234
vt 0.072517 0.356599
vt 0.072517 0.356599
vt 0.088016 0.355640
vt 0.082846 0.361387
vt 0.081476 0.370220
vt 0.081111 0.372670
vt 0.072517 0.356599
vt 0.069343 0.256321
vt 0.069218 0.239677
vt 0.075984 0.239829
vt 0.069343 0.256321
vt 0.075984 0.239829
vt 0.071036 0.255772
vt 0.070870 0.256310
vt 0.070878 0.256337
vt 0.069343 0.256321
vt 0.083763 0.403796
vt 0.084560 0.405666
vt 0.077810 0.406516
vt 0.076216 0.389861
vt 0.077741 0.389688
vt 0.077744 0.389714
vt 0.077744 0.389714
vt 0.083763 0.403796
vt 0.077810 0.406516
vt 0.077851 0.389132
vt 0.077741 0.389688
vt 0.076216 0.389861
vt 0.076216 0.389861
vt 0.074331 0.373234
vt 0.081111 0.372670
vt 0.075977 0.272919
vt 0.069175 0.273054
vt 0.069343 0.256321
vt 0.069343 0.256321
vt 0.070878 0.256337
vt 0.075382 0.270976
vt 0.090610 0.417712
vt 0.094841 0.420899
vt 0.079480 0.423165
vt 0.079480 0.423165
vt 0.077810 0.406516
vt 0.084560 0.405666
vt 0.088581 0.416250
vt 0.090610 0.417712
vt 0.079480 0.423165
vt 0.069082 0.289787
vt 0.069175 0.273054
vt 0.075977 0.272919
vt 0.078861 0.283868
vt 0.080726 0.285536
vt 0.084598 0.289151
vt 0.069082 0.289787
vt 0.075977 0.272919
vt 0.078861 0.283868
vt 0.097844 0.174628
vt 0.071168 0.173154
vt 0.072759 0.156585
vt 0.072759 0.156585
vt 0.088173 0.157580
vt 0.093745 0.167033
vt 0.091168 0.298013
vt 0.096069 0.305172
vt 0.069244 0.306520
vt 0.069244 0.306520
vt 0.069082 0.289787
vt 0.084598 0.289151
vt 0.100535 0.191410
vt 0.070012 0.189758
vt 0.071168 0.173154
vt 0.071168 0.173154
vt 0.097844 0.174628
vt 0.099039 0.181551
vt 0.097997 0.311967
vt 0.100535 0.321666
vt 0.069844 0.323242
vt 0.069844 0.323242
vt 0.069244 0.306520
vt 0.096069 0.305172
vt 0.096049 0.207804
vt 0.069370 0.206390
vt 0.070012 0.189758
vt 0.070012 0.189758
vt 0.100535 0.191410
vt 0.098664 0.197976
vt 0.099359 0.328428
vt 0.097784 0.338530
vt 0.070961 0.339938
vt 0.070961 0.339938
vt 0.069844 0.323242
vt 0.100535 0.321666
vt 0.084596 0.223706
vt 0.069165 0.223033
vt 0.069370 0.206390
vt 0.069370 0.206390
vt 0.096049 0.207804
vt 0.089136 0.217216
vt 0.091868 0.348671
vt 0.088016 0.355640
vt 0.072517 0.356599
vt 0.072517 0.356599
vt 0.070961 0.339938
vt 0.097784 0.338530
vt 0.196142 0.175568
vt 0.164234 0.175568
vt 0.164234 0.155566
vt 0.133454 0.377947
vt 0.114432 0.371766
vt 0.102675 0.355584
vt 0.102675 0.355584
vt 0.102675 0.335582
vt 0.114432 0.319400
vt 0.114432 0.319400
vt 0.133455 0.313220
vt 0.152477 0.319400
vt 0.152477 0.319400
vt 0.164234 0.335582
vt 0.164234 0.355584
vt 0.164234 0.355584
vt 0.152477 0.371766
vt 0.133454 0.377947
vt 0.133454 0.377947
vt 0.102675 0.355584
vt 0.114432 0.319400
vt 0.114432 0.319400
vt 0.152477 0.319400
vt 0.164234 0.355584
vt 0.196143 0.235573
vt 0.164234 0.235573
vt 0.164234 0.215571
vt 0.196143 0.295579
vt 0.180188 0.295579
vt 0.180188 0.275577
vt 0.196143 0.355584
vt 0.164234 0.355584
vt 0.164234 0.335582
vt 0.196143 0.195570
vt 0.196143 0.215571
vt 0.164234 0.215571
vt 0.196143 0.255575
vt 0.196143 0.275577
vt 0.180188 0.275577
vt 0.196143 0.315581
vt 0.196143 0.335582
vt 0.164234 0.335582
vt 0.196142 0.175568
vt 0.196143 0.195570
vt 0.164234 0.195570
vt 0.196143 0.255575
vt 0.164234 0.255575
vt 0.164234 0.235573
vt 0.196143 0.315581
vt 0.164234 0.315581
vt 0.180188 0.295579
vt 0.200912 0.003544
vt 0.200912 0.142712
vt 0.181279 0.142712
vt 0.024216 0.142712
vt 0.004584 0.142712
vt 0.004584 0.003544
vt 0.043849 0.142712
vt 0.024216 0.142712
vt 0.024216 0.003544
vt 0.063482 0.142712
vt 0.043849 0.142712
vt 0.043849 0.003544
vt 0.083115 0.142712
vt 0.063482 0.142712
vt 0.063482 0.003544
vt 0.102748 0.142712
vt 0.083115 0.142712
vt 0.083115 0.003544
vt 0.122381 0.142712
vt 0.102748 0.142712
vt 0.102748 0.003544
vt 0.142013 0.142712
vt 0.122381 0.142712
vt 0.122381 0.003544
vt 0.161646 0.142712
vt 0.142013 0.142712
vt 0.142013 0.003544
vt 0.181279 0.142712
vt 0.161646 0.142712
vt 0.161646 0.003544
vt 0.169251 0.290562
vt 0.164234 0.295579
vt 0.164234 0.275577
vt 0.169251 0.280593
vt 0.164234 0.275577
vt 0.180188 0.275577
vt 0.175172 0.290562
vt 0.180188 0.295579
vt 0.164234 0.295579
vt 0.175172 0.280593
vt 0.180188 0.275577
vt 0.180188 0.295579
vt 0.665727 0.005684
vt 0.665727 0.091520
vt 0.611350 0.091520
vt 0.693452 0.262047
vt 0.897260 0.262047
vt 0.911997 0.266487
vt 0.911997 0.266487
vt 0.918102 0.277205
vt 0.918102 0.331582
vt 0.918102 0.331582
vt 0.911997 0.342299
vt 0.897260 0.346739
vt 0.897260 0.346739
vt 0.693452 0.346739
vt 0.678715 0.342299
vt 0.678715 0.342299
vt 0.672611 0.331581
vt 0.672611 0.277204
vt 0.672611 0.277204
vt 0.678715 0.266487
vt 0.693452 0.262047
vt 0.693452 0.262047
vt 0.911997 0.266487
vt 0.918102 0.331582
vt 0.918102 0.331582
vt 0.897260 0.346739
vt 0.678715 0.342299
vt 0.678715 0.342299
vt 0.672611 0.277204
vt 0.693452 0.262047
vt 0.897260 0.091520
vt 0.693452 0.091520
vt 0.693452 0.005684
vt 0.897260 0.176212
vt 0.693452 0.176211
vt 0.678715 0.171772
vt 0.678715 0.171772
vt 0.672611 0.161054
vt 0.672611 0.106677
vt 0.672611 0.106677
vt 0.678715 0.095960
vt 0.693452 0.091520
vt 0.693452 0.091520
vt 0.897260 0.091520
vt 0.911997 0.095960
vt 0.911997 0.095960
vt 0.918102 0.106677
vt 0.918102 0.161054
vt 0.918102 0.161054
vt 0.911997 0.171772
vt 0.897260 0.176212
vt 0.897260 0.176212
vt 0.678715 0.171772
vt 0.672611 0.106677
vt 0.672611 0.106677
vt 0.693452 0.091520
vt 0.911997 0.095960
vt 0.911997 0.095960
vt 0.918102 0.161054
vt 0.897260 0.176212
vt 0.979363 0.091520
vt 0.924986 0.091520
vt 0.924986 0.005684
vt 0.897260 0.176212
vt 0.912652 0.176212
vt 0.912652 0.262047
vt 0.991697 0.091520
vt 0.979363 0.091520
vt 0.979363 0.005684
vt 0.897260 0.005684
vt 0.912652 0.005684
vt 0.912652 0.091520
vt 0.912652 0.005684
vt 0.924986 0.005684
vt 0.924986 0.091520
vt 0.693452 0.262047
vt 0.678061 0.262047
vt 0.678061 0.176211
vt 0.599016 0.005684
vt 0.611350 0.005684
vt 0.611350 0.091520
vt 0.693452 0.005684
vt 0.693452 0.091520
vt 0.678061 0.091520
vt 0.678061 0.091520
vt 0.665727 0.091520
vt 0.665727 0.005684
vt 0.897260 0.262047
vt 0.693452 0.262047
vt 0.693452 0.176211
vt 0.258875 0.357840
vt 0.285331 0.357840
vt 0.285331 0.408386
vt 0.285331 0.357840
vt 0.311786 0.357840
vt 0.311786 0.408386
vt 0.311786 0.357840
vt 0.338242 0.357840
vt 0.338242 0.408386
vt 0.338242 0.357840
vt 0.364697 0.357840
vt 0.364697 0.408386
vt 0.364697 0.357840
vt 0.391153 0.357840
vt 0.391153 0.408386
vt 0.391153 0.357840
vt 0.417608 0.357840
vt 0.417608 0.408386
vt 0.417608 0.408386
vt 0.417608 0.357840
vt 0.444064 0.357840
vt 0.444064 0.408386
vt 0.444064 0.357840
vt 0.470519 0.357840
vt 0.470519 0.357840
vt 0.496975 0.357839
vt 0.496975 0.408386
vt 0.496975 0.408386
vt 0.496975 0.357839
vt 0.523431 0.357839
vt 0.924365 0.100143
vt 0.955999 0.100143
vt 0.955999 0.121907
vt 0.205964 0.357839
vt 0.232420 0.357840
vt 0.232419 0.408386
vt 0.232420 0.357840
vt 0.258875 0.357840
vt 0.258875 0.408386
vt 0.883271 0.568775
vt 0.883271 0.492855
vt 0.921231 0.492855
vt 0.883271 0.492855
vt 0.883271 0.442241
vt 0.921231 0.442241
vt 0.883271 0.619389
vt 0.883271 0.568775
vt 0.921231 0.568775
vt 0.883271 0.492855
vt 0.883271 0.568775
vt 0.832657 0.568775
vt 0.984498 0.492855
vt 0.984499 0.568775
vt 0.921231 0.568775
vt 0.589823 0.263610
vt 0.585804 0.278610
vt 0.559994 0.263709
vt 0.589823 0.263610
vt 0.611586 0.263610
vt 0.615606 0.278610
vt 0.630434 0.252728
vt 0.641415 0.263709
vt 0.615606 0.278610
vt 0.630434 0.252728
vt 0.641316 0.233880
vt 0.656316 0.237900
vt 0.641316 0.212117
vt 0.656316 0.208098
vt 0.656316 0.237900
vt 0.630434 0.193269
vt 0.641415 0.182288
vt 0.656316 0.208098
vt 0.630434 0.193269
vt 0.611586 0.182388
vt 0.615605 0.167388
vt 0.589823 0.182388
vt 0.585803 0.167388
vt 0.615605 0.167388
vt 0.570975 0.193269
vt 0.559994 0.182289
vt 0.585803 0.167388
vt 0.570975 0.193269
vt 0.560093 0.212117
vt 0.545093 0.208098
vt 0.560093 0.212117
vt 0.560093 0.233881
vt 0.545093 0.237900
vt 0.570975 0.252729
vt 0.559994 0.263709
vt 0.545093 0.237900
vt 0.924365 0.143670
vt 0.955999 0.143670
vt 0.955999 0.165434
vt 0.924365 0.296015
vt 0.955999 0.296015
vt 0.955999 0.317778
vt 0.924365 0.230724
vt 0.955998 0.230724
vt 0.955999 0.252488
vt 0.924365 0.121907
vt 0.955999 0.121907
vt 0.955999 0.143670
vt 0.924365 0.165434
vt 0.955999 0.165434
vt 0.955999 0.187197
vt 0.924365 0.317778
vt 0.955999 0.317778
vt 0.955999 0.339542
vt 0.924365 0.252488
vt 0.955999 0.252488
vt 0.955999 0.274251
vt 0.924365 0.187197
vt 0.955999 0.187197
vt 0.955998 0.208961
vt 0.924365 0.339542
vt 0.955999 0.339542
vt 0.955999 0.361305
vt 0.924365 0.274251
vt 0.955999 0.274251
vt 0.955999 0.296015
vt 0.924365 0.208961
vt 0.955998 0.208961
vt 0.955998 0.230724
vt 0.541738 0.087194
vt 0.541738 0.039021
vt 0.588977 0.039021
vt 0.541738 0.039021
vt 0.541738 -0.000747
vt 0.588977 -0.000747
vt 0.541572 0.087669
vt 0.541572 0.039497
vt 0.588812 0.039497
vt 0.588812 0.087669
vt 0.588812 0.127438
vt 0.541572 0.127438
vt 0.541572 0.039497
vt 0.541572 -0.000272
vt 0.588812 -0.000272
vt 0.588977 0.087194
vt 0.588977 0.126962
vt 0.541738 0.126962
vt 0.466339 0.122937
vt 0.466340 0.138329
vt 0.408615 0.105003
vt 0.466339 0.122937
vt 0.510736 0.097309
vt 0.524066 0.105004
vt 0.421944 0.097306
vt 0.408615 0.105003
vt 0.408617 0.038349
vt 0.510736 0.097309
vt 0.510737 0.046047
vt 0.524066 0.038350
vt 0.315163 0.413381
vt 0.242367 0.413381
vt 0.242367 0.346737
vt 0.315163 0.146804
vt 0.242367 0.146804
vt 0.242367 0.080160
vt 0.315163 0.280093
vt 0.242367 0.280093
vt 0.242367 0.213449
vt 0.315163 0.013516
vt 0.315163 0.080160
vt 0.242367 0.080160
vt 0.315163 0.346737
vt 0.242367 0.346737
vt 0.242367 0.280093
vt 0.315163 0.213449
vt 0.242367 0.213449
vt 0.242367 0.146804
vt 0.466342 0.020415
vt 0.421947 0.046045
vt 0.408617 0.038349
vt 0.323131 0.380887
vt 0.395853 0.338902
vt 0.468574 0.380887
vt 0.468574 0.380887
vt 0.468574 0.464859
vt 0.395853 0.506845
vt 0.395853 0.506845
vt 0.323131 0.464859
vt 0.323131 0.380887
vt 0.466342 0.020415
vt 0.466342 0.005023
vt 0.524066 0.038350
vt 0.486496 0.626068
vt 0.486496 0.990685
vt 0.480132 0.990685
vt 0.511954 0.626046
vt 0.511954 0.990662
vt 0.505589 0.990662
vt 0.499225 0.626057
vt 0.499225 0.990674
vt 0.492861 0.990673
vt 0.448311 0.626102
vt 0.448311 0.990719
vt 0.441946 0.990718
vt 0.473768 0.626079
vt 0.473768 0.990696
vt 0.467403 0.990696
vt 0.435582 0.626113
vt 0.435582 0.990730
vt 0.429218 0.990730
vt 0.619113 0.520163
vt 0.619113 0.531597
vt 0.615209 0.541022
vt 0.615209 0.541022
vt 0.607124 0.549107
vt 0.597699 0.553011
vt 0.597699 0.553011
vt 0.586265 0.553011
vt 0.576840 0.549107
vt 0.576840 0.549107
vt 0.568755 0.541022
vt 0.564851 0.531597
vt 0.564851 0.531597
vt 0.564851 0.520163
vt 0.568755 0.510739
vt 0.568755 0.510739
vt 0.576840 0.502653
vt 0.586265 0.498749
vt 0.586265 0.498749
vt 0.597699 0.498749
vt 0.607123 0.502653
vt 0.607123 0.502653
vt 0.615209 0.510738
vt 0.619113 0.520163
vt 0.619113 0.520163
vt 0.615209 0.541022
vt 0.597699 0.553011
vt 0.597699 0.553011
vt 0.576840 0.549107
vt 0.564851 0.531597
vt 0.564851 0.531597
vt 0.568755 0.510739
vt 0.586265 0.498749
vt 0.586265 0.498749
vt 0.607123 0.502653
vt 0.619113 0.520163
vt 0.619113 0.520163
vt 0.597699 0.553011
vt 0.564851 0.531597
vt 0.461039 0.626091
vt 0.461039 0.990707
vt 0.454675 0.990707
vt 0.505589 0.990662
vt 0.499225 0.990674
vt 0.499225 0.626057
vt 0.486496 0.626068
vt 0.492861 0.626056
vt 0.492861 0.990673
vt 0.429218 0.990730
vt 0.422853 0.990741
vt 0.422853 0.626124
vt 0.410125 0.626136
vt 0.416489 0.626124
vt 0.416489 0.990741
vt 0.441946 0.990718
vt 0.435582 0.990730
vt 0.435582 0.626113
vt 0.467403 0.990696
vt 0.461039 0.990707
vt 0.461039 0.626091
vt 0.448311 0.626102
vt 0.454675 0.626090
vt 0.454675 0.990707
vt 0.473768 0.626079
vt 0.480132 0.626068
vt 0.480132 0.990685
vt 0.422853 0.626124
vt 0.422853 0.990741
vt 0.416489 0.990741
vt 0.915487 0.899106
vt 0.915487 0.933611
vt 0.892992 0.933611
vt 0.627008 0.983904
vt 0.627008 0.944825
vt 0.643537 0.961354
vt 0.853659 0.756442
vt 0.853659 0.610523
vt 0.886387 0.610523
vt 0.627008 0.812597
vt 0.627008 0.944825
vt 0.599461 0.944825
vt 0.599461 0.944825
vt 0.627008 0.944825
vt 0.627008 0.983904
vt 0.993561 0.963618
vt 0.993561 0.992622
vt 0.937487 0.992622
vt 0.853659 0.802644
vt 0.853659 0.756442
vt 0.886387 0.756442
vt 0.937487 0.895376
vt 0.993561 0.895376
vt 0.993561 0.963618
vt 0.915487 0.899106
vt 0.892992 0.899106
vt 0.892992 0.833419
vt 0.993561 0.754224
vt 0.993561 0.895376
vt 0.937487 0.895376
vt 0.853659 0.898209
vt 0.853659 0.802644
vt 0.886387 0.802644
vt 0.827353 0.685157
vt 0.827353 0.705866
vt 0.800838 0.705866
vt 0.800838 0.685157
vt 0.800838 0.653605
vt 0.827352 0.653605
vt 0.685377 0.368814
vt 0.685377 0.336258
vt 0.710421 0.336258
vt 0.892992 0.833419
vt 0.892992 0.768185
vt 0.915487 0.768185
vt 0.993561 0.754224
vt 0.936037 0.754224
vt 0.936037 0.614039
vt 0.886387 0.898209
vt 0.886387 0.993119
vt 0.853659 0.993119
vt 0.723619 0.653605
vt 0.723619 0.642999
vt 0.736877 0.642999
vt 0.753112 0.685157
vt 0.800838 0.685157
vt 0.800838 0.719626
vt 0.800838 0.719626
vt 0.753112 0.719626
vt 0.745612 0.716520
vt 0.745612 0.716520
vt 0.742506 0.709020
vt 0.742506 0.695763
vt 0.742506 0.695763
vt 0.745612 0.688263
vt 0.753112 0.685157
vt 0.753112 0.685157
vt 0.800838 0.719626
vt 0.745612 0.716520
vt 0.723619 0.685157
vt 0.723619 0.653605
vt 0.736877 0.653605
vt 0.753112 0.685157
vt 0.744994 0.685157
vt 0.744994 0.653605
vt 0.744994 0.685157
vt 0.736877 0.685157
vt 0.736877 0.653605
vt 0.723619 0.685157
vt 0.715502 0.685157
vt 0.715502 0.653605
vt 0.715502 0.685157
vt 0.707385 0.685157
vt 0.707385 0.653605
vt 0.800838 0.685157
vt 0.753112 0.685157
vt 0.753112 0.653605
vt 0.765516 0.368814
vt 0.720438 0.368814
vt 0.720438 0.336258
vt 0.720438 0.336258
vt 0.765516 0.336258
vt 0.772599 0.339192
vt 0.772599 0.339192
vt 0.775533 0.346275
vt 0.775533 0.358797
vt 0.775533 0.358797
vt 0.772599 0.365880
vt 0.765516 0.368814
vt 0.765516 0.368814
vt 0.720438 0.336258
vt 0.772599 0.339192
vt 0.736877 0.653605
vt 0.736877 0.642999
vt 0.744994 0.642999
vt 0.710421 0.336258
vt 0.720438 0.336258
vt 0.720438 0.368814
vt 0.707385 0.653605
vt 0.707385 0.642999
vt 0.715502 0.642999
vt 0.744994 0.653605
vt 0.744994 0.642999
vt 0.753112 0.642999
vt 0.659658 0.653605
vt 0.659658 0.642999
vt 0.707385 0.642999
vt 0.715502 0.653605
vt 0.715502 0.642999
vt 0.723619 0.642999
vt 0.753112 0.653605
vt 0.753112 0.642999
vt 0.800838 0.642999
vt 0.627008 0.812597
vt 0.650383 0.812597
vt 0.650383 0.944825
vt 0.886387 0.610523
vt 0.906023 0.610523
vt 0.906023 0.756442
vt 0.650383 0.944825
vt 0.650383 0.812597
vt 0.682339 0.812597
vt 0.682339 0.812597
vt 0.682339 0.935421
vt 0.672934 0.944825
vt 0.599461 0.997205
vt 0.599461 0.983904
vt 0.627008 0.983904
vt 0.627008 0.997205
vt 0.627008 0.983904
vt 0.643537 0.983904
vt 0.707385 0.653605
vt 0.707385 0.685157
vt 0.659658 0.685157
vt 0.827353 0.727077
vt 0.800838 0.727077
vt 0.800838 0.705866
vt 0.784929 0.727077
vt 0.784929 0.692608
vt 0.800838 0.705866
vt 0.800838 0.742986
vt 0.800838 0.727077
vt 0.827353 0.727077
vt 0.892034 0.768185
vt 0.914528 0.768185
vt 0.914528 0.802690
vt 0.654861 0.984488
vt 0.638333 0.984488
vt 0.638333 0.961938
vt 0.852935 0.610850
vt 0.885662 0.610850
vt 0.885662 0.756769
vt 0.682409 0.945409
vt 0.654861 0.945409
vt 0.654861 0.813180
vt 0.654861 0.984488
vt 0.654861 0.945409
vt 0.682409 0.945409
vt 0.937269 0.613896
vt 0.993343 0.613896
vt 0.993343 0.642900
vt 0.852935 0.756769
vt 0.885662 0.756769
vt 0.885662 0.802971
vt 0.937269 0.711142
vt 0.908266 0.642900
vt 0.993343 0.642900
vt 0.892034 0.868377
vt 0.892034 0.802690
vt 0.914528 0.802690
vt 0.937269 0.711142
vt 0.993343 0.711142
vt 0.993343 0.852294
vt 0.852935 0.802971
vt 0.885662 0.802971
vt 0.885662 0.898535
vt 0.780109 0.836908
vt 0.780109 0.810393
vt 0.800818 0.810393
vt 0.832370 0.810393
vt 0.832370 0.836908
vt 0.800818 0.836908
vt 0.710536 0.368483
vt 0.685492 0.368483
vt 0.685492 0.335927
vt 0.914528 0.933611
vt 0.892034 0.933611
vt 0.892034 0.868377
vt 0.993343 0.852294
vt 0.993343 0.992479
vt 0.935819 0.992479
vt 0.885662 0.993445
vt 0.852935 0.993445
vt 0.852935 0.898535
vt 0.842976 0.900869
vt 0.842976 0.914127
vt 0.832370 0.914127
vt 0.766349 0.836908
vt 0.800818 0.836908
vt 0.800818 0.884634
vt 0.800818 0.884634
vt 0.797711 0.892134
vt 0.790212 0.895240
vt 0.790212 0.895240
vt 0.776954 0.895240
vt 0.769455 0.892134
vt 0.769455 0.892134
vt 0.766348 0.884634
vt 0.766349 0.836908
vt 0.766349 0.836908
vt 0.800818 0.884634
vt 0.790212 0.895240
vt 0.800818 0.914127
vt 0.800818 0.900869
vt 0.832370 0.900869
vt 0.832370 0.892752
vt 0.800818 0.892752
vt 0.800818 0.884634
vt 0.832370 0.900869
vt 0.800818 0.900869
vt 0.800818 0.892752
vt 0.832370 0.922244
vt 0.800817 0.922244
vt 0.800818 0.914127
vt 0.832370 0.930361
vt 0.800817 0.930361
vt 0.800817 0.922244
vt 0.832370 0.884634
vt 0.800818 0.884634
vt 0.800818 0.836908
vt 0.720553 0.368483
vt 0.720553 0.335927
vt 0.765631 0.335927
vt 0.765631 0.335927
vt 0.772714 0.338861
vt 0.775648 0.345944
vt 0.775648 0.345944
vt 0.775648 0.358466
vt 0.772714 0.365549
vt 0.772714 0.365549
vt 0.765631 0.368483
vt 0.720553 0.368483
vt 0.720553 0.368483
vt 0.765631 0.335927
vt 0.775648 0.345944
vt 0.842976 0.892752
vt 0.842976 0.900869
vt 0.832370 0.900869
vt 0.720553 0.335927
vt 0.720553 0.368483
vt 0.710536 0.368483
vt 0.842976 0.922244
vt 0.842976 0.930361
vt 0.832370 0.930361
vt 0.842976 0.884634
vt 0.842976 0.892752
vt 0.832370 0.892752
vt 0.842976 0.930361
vt 0.842976 0.978088
vt 0.832370 0.978088
vt 0.842976 0.914127
vt 0.842976 0.922244
vt 0.832370 0.922244
vt 0.842976 0.836908
vt 0.842976 0.884634
vt 0.832370 0.884634
vt 0.631486 0.945409
vt 0.631486 0.813180
vt 0.654861 0.813180
vt 0.833298 0.756769
vt 0.833298 0.610850
vt 0.852935 0.610850
vt 0.599531 0.813180
vt 0.631486 0.813180
vt 0.631486 0.945409
vt 0.631486 0.945409
vt 0.608936 0.945409
vt 0.599531 0.936004
vt 0.654861 0.984488
vt 0.682409 0.984488
vt 0.682409 0.997789
vt 0.638333 0.984488
vt 0.654861 0.984488
vt 0.654861 0.997789
vt 0.800817 0.978088
vt 0.800817 0.930361
vt 0.832370 0.930361
vt 0.758897 0.810393
vt 0.780109 0.810393
vt 0.780109 0.836908
vt 0.758897 0.852817
vt 0.758897 0.836908
vt 0.780109 0.836908
vt 0.758897 0.810393
vt 0.758897 0.836908
vt 0.742988 0.836908
vt 0.391310 0.910403
vt 0.392204 0.994918
vt 0.354254 0.987590
vt 0.470647 0.909563
vt 0.471541 0.994078
vt 0.392204 0.994918
vt 0.892731 0.669393
vt 0.905016 0.729715
vt 0.813291 0.722828
vt 0.908246 0.926509
vt 0.972668 0.926509
vt 0.972668 0.988069
vt 0.604479 0.528444
vt 0.697223 0.523178
vt 0.695349 0.540291
vt 0.600238 0.545692
vt 0.695349 0.540291
vt 0.693094 0.560009
vt 0.595616 0.565545
vt 0.693094 0.560009
vt 0.691351 0.579698
vt 0.690555 0.599334
vt 0.589730 0.605059
vt 0.591867 0.585348
vt 0.589730 0.605059
vt 0.690555 0.599334
vt 0.690995 0.618899
vt 0.591948 0.644114
vt 0.589699 0.624651
vt 0.690995 0.618899
vt 0.596303 0.663456
vt 0.591948 0.644114
vt 0.692773 0.638388
vt 0.598466 0.670437
vt 0.596303 0.663456
vt 0.695787 0.657807
vt 0.908246 0.926509
vt 0.908246 0.900864
vt 0.972668 0.900864
vt 0.470647 0.909563
vt 0.497078 0.907063
vt 0.491709 0.989673
vt 0.122729 0.877190
vt 0.122729 0.785207
vt 0.166807 0.785207
vt 0.864167 0.926509
vt 0.908246 0.926509
vt 0.908246 0.988069
vt 0.033102 0.872462
vt 0.033102 0.780480
vt 0.097524 0.780480
vt 0.122729 0.785207
vt 0.122729 0.877190
vt 0.097524 0.872462
vt 0.007897 0.785207
vt 0.033102 0.780480
vt 0.033102 0.872462
vt 0.478816 0.715652
vt 0.477228 0.697245
vt 0.627495 0.697245
vt 0.296707 0.149042
vt 0.296707 0.092318
vt 0.383974 0.092318
vt 0.296707 0.092318
vt 0.198531 0.092318
vt 0.198531 0.005051
vt 0.296707 0.205765
vt 0.198531 0.205765
vt 0.198531 0.149042
vt 0.296707 0.286488
vt 0.198531 0.286488
vt 0.198531 0.205765
vt 0.296707 0.345393
vt 0.198531 0.345393
vt 0.198531 0.286488
vt 0.296707 0.480657
vt 0.198531 0.480657
vt 0.198531 0.413025
vt 0.383974 0.480657
vt 0.482150 0.480657
vt 0.482150 0.512292
vt 0.296707 0.413025
vt 0.296707 0.345393
vt 0.383974 0.345393
vt 0.296707 0.345393
vt 0.296707 0.286488
vt 0.383974 0.286488
vt 0.296707 0.286488
vt 0.296707 0.205765
vt 0.383974 0.205766
vt 0.296707 0.149042
vt 0.198531 0.149042
vt 0.198531 0.092318
vt 0.296707 0.205765
vt 0.296707 0.149042
vt 0.383974 0.149042
vt 0.198531 0.600142
vt 0.198531 0.572346
vt 0.296707 0.572346
vt 0.296707 0.480657
vt 0.383974 0.480657
vt 0.383974 0.512292
vt 0.383974 0.512292
vt 0.373750 0.543145
vt 0.349067 0.555925
vt 0.296707 0.572346
vt 0.198531 0.572346
vt 0.198531 0.480657
vt 0.013088 0.092318
vt 0.100356 0.092318
vt 0.100356 0.149042
vt 0.980486 0.820928
vt 0.994048 0.820928
vt 0.994048 0.902303
vt 0.198531 0.005051
vt 0.198531 0.092318
vt 0.100356 0.092318
vt 0.198531 0.149042
vt 0.198531 0.205765
vt 0.100356 0.205765
vt 0.198531 0.205765
vt 0.198531 0.286488
vt 0.100356 0.286488
vt 0.198531 0.286488
vt 0.198531 0.345393
vt 0.100356 0.345393
vt 0.198531 0.413025
vt 0.198531 0.480657
vt 0.100355 0.480657
vt 0.482150 0.512292
vt 0.482150 0.480657
vt 0.580325 0.480657
vt 0.013088 0.413025
vt 0.012362 0.371406
vt 0.055995 0.370644
vt 0.013088 0.413025
vt 0.055995 0.370644
vt 0.056721 0.412263
vt 0.013088 0.286488
vt 0.100356 0.286488
vt 0.100356 0.345393
vt 0.013088 0.205765
vt 0.100356 0.205765
vt 0.100356 0.286488
vt 0.198531 0.092318
vt 0.198531 0.149042
vt 0.100356 0.149042
vt 0.013088 0.149042
vt 0.100356 0.149042
vt 0.100356 0.205765
vt 0.837625 0.500712
vt 0.799650 0.500712
vt 0.799650 0.415268
vt 0.013088 0.512292
vt 0.013088 0.480657
vt 0.100355 0.480657
vt 0.100355 0.480657
vt 0.047995 0.555925
vt 0.023312 0.543145
vt 0.100355 0.572346
vt 0.100355 0.480657
vt 0.198531 0.480657
vt 0.198531 0.480657
vt 0.198531 0.572346
vt 0.149443 0.572346
vt 0.100355 0.632645
vt 0.100355 0.600142
vt 0.149443 0.600142
vt 0.198531 0.600142
vt 0.296707 0.600142
vt 0.296707 0.632645
vt 0.100355 0.632645
vt 0.149443 0.600142
vt 0.198531 0.600142
vt 0.198531 0.600142
vt 0.296707 0.632645
vt 0.198531 0.632645
vt 0.416699 0.148686
vt 0.383974 0.092318
vt 0.482150 0.092318
vt 0.416699 0.205766
vt 0.383974 0.205766
vt 0.383974 0.149042
vt 0.416699 0.286488
vt 0.383974 0.286488
vt 0.383974 0.205766
vt 0.416699 0.345393
vt 0.383974 0.345393
vt 0.383974 0.286488
vt 0.416699 0.447932
vt 0.383974 0.480657
vt 0.383974 0.413025
vt 0.416699 0.447932
vt 0.482150 0.447932
vt 0.482150 0.480657
vt 0.547600 0.148686
vt 0.482150 0.148686
vt 0.482150 0.092318
vt 0.547600 0.205766
vt 0.547600 0.148686
vt 0.580325 0.149042
vt 0.547600 0.205766
vt 0.580325 0.205766
vt 0.580325 0.286488
vt 0.547600 0.286488
vt 0.580325 0.286488
vt 0.580325 0.345393
vt 0.547600 0.396663
vt 0.547600 0.345393
vt 0.580325 0.345393
vt 0.547600 0.447932
vt 0.580325 0.480657
vt 0.482150 0.480657
vt 0.530677 0.251385
vt 0.433026 0.251385
vt 0.433026 0.213139
vt 0.481851 0.213139
vt 0.530677 0.213139
vt 0.530677 0.251385
vt 0.980486 0.902303
vt 0.994048 0.902303
vt 0.994048 0.983678
vt 0.424889 0.393792
vt 0.433026 0.393792
vt 0.433027 0.436372
vt 0.538814 0.436372
vt 0.530676 0.436372
vt 0.530676 0.393792
vt 0.424889 0.333574
vt 0.433026 0.333574
vt 0.433026 0.393792
vt 0.538814 0.393792
vt 0.530676 0.393792
vt 0.530676 0.333574
vt 0.424889 0.289632
vt 0.433026 0.289632
vt 0.433026 0.333574
vt 0.538814 0.333574
vt 0.530676 0.333574
vt 0.530677 0.289632
vt 0.424889 0.213139
vt 0.433026 0.213139
vt 0.433026 0.251385
vt 0.538814 0.289632
vt 0.530677 0.289632
vt 0.530677 0.251385
vt 0.481851 0.205002
vt 0.481851 0.213139
vt 0.433026 0.213139
vt 0.530677 0.205002
vt 0.530677 0.213139
vt 0.481851 0.213139
vt 0.538814 0.251385
vt 0.530677 0.251385
vt 0.530677 0.213139
vt 0.424889 0.251385
vt 0.433026 0.251385
vt 0.433026 0.289632
vt 0.547600 0.447932
vt 0.547600 0.396663
vt 0.580325 0.413025
vt 0.416699 0.396663
vt 0.383974 0.413025
vt 0.383974 0.345393
vt 0.013088 0.413025
vt 0.100355 0.413025
vt 0.100355 0.480657
vt 0.198531 0.345393
vt 0.198531 0.361756
vt 0.100356 0.361756
vt 0.296707 0.480657
vt 0.296707 0.413025
vt 0.383974 0.413025
vt 0.100355 0.413025
vt 0.100355 0.396662
vt 0.198531 0.396663
vt 0.296707 0.345393
vt 0.296707 0.413025
vt 0.198531 0.413025
vt 0.455337 0.895350
vt 0.433742 0.895350
vt 0.424802 0.886410
vt 0.424802 0.886410
vt 0.464277 0.856240
vt 0.464277 0.886410
vt 0.494812 0.895350
vt 0.473217 0.895350
vt 0.464277 0.886410
vt 0.464277 0.886410
vt 0.464277 0.856240
vt 0.503752 0.856240
vt 0.503752 0.856240
vt 0.503752 0.886410
vt 0.494812 0.895350
vt 0.415862 0.895350
vt 0.394266 0.895350
vt 0.385326 0.886410
vt 0.385326 0.886410
vt 0.385326 0.826071
vt 0.424802 0.826071
vt 0.424802 0.826071
vt 0.424802 0.886410
vt 0.415862 0.895350
vt 0.464277 0.786596
vt 0.503752 0.786596
vt 0.503752 0.826071
vt 0.376386 0.895350
vt 0.354791 0.895350
vt 0.345851 0.886410
vt 0.345851 0.886410
vt 0.345851 0.856240
vt 0.385326 0.886410
vt 0.464277 0.856240
vt 0.424802 0.886410
vt 0.424802 0.826071
vt 0.345851 0.856240
vt 0.345851 0.826071
vt 0.385326 0.826071
vt 0.503752 0.856240
vt 0.464277 0.856240
vt 0.464277 0.826071
vt 0.815814 0.940444
vt 0.815814 0.961059
vt 0.763091 0.961059
vt 0.815814 0.961059
vt 0.815814 0.988806
vt 0.810277 0.994344
vt 0.810277 0.994344
vt 0.768628 0.994344
vt 0.763091 0.988807
vt 0.763091 0.988807
vt 0.763091 0.961059
vt 0.815814 0.961059
vt 0.750715 0.158314
vt 0.768317 0.158314
vt 0.768317 0.219865
vt 0.768317 0.219865
vt 0.750715 0.219865
vt 0.744250 0.213401
vt 0.744250 0.213401
vt 0.744250 0.164779
vt 0.750715 0.158314
vt 0.757553 0.994344
vt 0.748013 0.994344
vt 0.742476 0.988807
vt 0.742476 0.988807
vt 0.742476 0.961059
vt 0.763091 0.961059
vt 0.763091 0.961059
vt 0.763091 0.988807
vt 0.757553 0.994344
vt 0.777890 0.418041
vt 0.777890 0.427535
vt 0.754042 0.427535
vt 0.149443 0.572346
vt 0.198531 0.572346
vt 0.198531 0.600142
vt 0.790157 0.367800
vt 0.790157 0.405775
vt 0.741775 0.405775
vt 0.741775 0.548181
vt 0.741775 0.510206
vt 0.790157 0.510206
vt 0.694306 0.415268
vt 0.732282 0.415268
vt 0.732282 0.500712
vt 0.815814 0.961059
vt 0.836429 0.961059
vt 0.836429 0.988806
vt 0.836429 0.988806
vt 0.830891 0.994344
vt 0.821351 0.994344
vt 0.821351 0.994344
vt 0.815814 0.988806
vt 0.815814 0.961059
vt 0.051925 0.701531
vt 0.054866 0.694431
vt 0.069241 0.708806
vt 0.062141 0.740588
vt 0.069241 0.743529
vt 0.054866 0.757903
vt 0.012868 0.740588
vt 0.023084 0.750803
vt 0.020143 0.757903
vt 0.023084 0.701531
vt 0.012868 0.711746
vt 0.005768 0.708805
vt 0.023084 0.701531
vt 0.020143 0.694431
vt 0.054866 0.694431
vt 0.062141 0.711747
vt 0.069241 0.708806
vt 0.069241 0.743529
vt 0.051925 0.750803
vt 0.054866 0.757903
vt 0.020143 0.757903
vt 0.012868 0.711746
vt 0.012868 0.740588
vt 0.005768 0.743529
vt 0.744548 0.488445
vt 0.732282 0.500712
vt 0.732282 0.415268
vt 0.787384 0.488445
vt 0.787384 0.427535
vt 0.799650 0.415268
vt 0.777890 0.418041
vt 0.754042 0.418041
vt 0.741775 0.405775
vt 0.777890 0.497939
vt 0.790157 0.510206
vt 0.741775 0.510206
vt 0.744548 0.427535
vt 0.754042 0.427535
vt 0.754042 0.488445
vt 0.777890 0.497939
vt 0.754042 0.497939
vt 0.754042 0.488445
vt 0.787384 0.488445
vt 0.777890 0.488445
vt 0.777890 0.427535
vt 0.054516 0.039971
vt 0.054516 0.016412
vt 0.063649 0.006777
vt 0.063649 0.006777
vt 0.076632 0.006081
vt 0.085764 0.014738
vt 0.085764 0.014738
vt 0.085764 0.038297
vt 0.076632 0.047932
vt 0.076632 0.047932
vt 0.063649 0.048628
vt 0.054516 0.039971
vt 0.054516 0.039971
vt 0.063649 0.006777
vt 0.085764 0.014738
vt 0.888628 0.532791
vt 0.888628 0.476252
vt 0.905351 0.476252
vt 0.345735 0.676943
vt 0.345327 0.642641
vt 0.361767 0.642446
vt 0.888628 0.532791
vt 0.871906 0.532791
vt 0.871906 0.476252
vt 0.378614 0.676552
vt 0.362175 0.676748
vt 0.361767 0.642446
vt 0.854555 0.532791
vt 0.854555 0.476252
vt 0.871906 0.476252
vt 0.184358 0.688194
vt 0.099748 0.689363
vt 0.099498 0.679872
vt 0.533212 0.193759
vt 0.523167 0.193759
vt 0.523167 0.161026
vt 0.376586 0.582683
vt 0.362673 0.573925
vt 0.460879 0.569833
vt 0.523167 0.193759
vt 0.513486 0.193759
vt 0.513485 0.161026
vt 0.170689 0.718359
vt 0.100564 0.720324
vt 0.100123 0.703568
vt 0.197782 0.678703
vt 0.197374 0.644401
vt 0.213813 0.644205
vt 0.503804 0.161026
vt 0.503804 0.193759
vt 0.494123 0.193759
vt 0.214221 0.678507
vt 0.213813 0.644205
vt 0.230253 0.644010
vt 0.494123 0.193759
vt 0.484441 0.193759
vt 0.484441 0.161026
vt 0.230661 0.678312
vt 0.230253 0.644010
vt 0.246692 0.643814
vt 0.484441 0.193759
vt 0.474760 0.193759
vt 0.474760 0.161026
vt 0.263539 0.677921
vt 0.247100 0.678117
vt 0.246692 0.643814
vt 0.474760 0.193759
vt 0.465078 0.193759
vt 0.465078 0.161026
vt 0.263539 0.677921
vt 0.263131 0.643619
vt 0.279571 0.643423
vt 0.465078 0.161026
vt 0.465078 0.193759
vt 0.455397 0.193759
vt 0.279978 0.677725
vt 0.279571 0.643423
vt 0.296010 0.643228
vt 0.445715 0.193759
vt 0.445715 0.161026
vt 0.455397 0.161026
vt 0.312857 0.677334
vt 0.296418 0.677530
vt 0.296010 0.643228
vt 0.062707 0.643508
vt 0.067399 0.654834
vt 0.067399 0.667093
vt 0.067399 0.667093
vt 0.062707 0.678419
vt 0.054039 0.687088
vt 0.054039 0.687088
vt 0.042713 0.691779
vt 0.030011 0.692442
vt 0.020014 0.685762
vt 0.010017 0.679082
vt 0.005768 0.667093
vt 0.054039 0.687088
vt 0.030011 0.692442
vt 0.020014 0.685762
vt 0.062707 0.643508
vt 0.067399 0.667093
vt 0.054039 0.687088
vt 0.042713 0.630148
vt 0.054039 0.634840
vt 0.062707 0.643508
vt 0.019128 0.634840
vt 0.030454 0.630148
vt 0.042713 0.630148
vt 0.005768 0.654834
vt 0.010460 0.643508
vt 0.019128 0.634840
vt 0.020014 0.685762
vt 0.005768 0.667093
vt 0.005768 0.654834
vt 0.062707 0.643508
vt 0.054039 0.687088
vt 0.020014 0.685762
vt 0.019128 0.634840
vt 0.042713 0.630148
vt 0.062707 0.643508
vt 0.020014 0.685762
vt 0.005768 0.654834
vt 0.019128 0.634840
vt 0.445715 0.193759
vt 0.436034 0.193759
vt 0.436034 0.161026
vt 0.329296 0.677139
vt 0.312857 0.677334
vt 0.312449 0.643032
vt 0.595360 0.341931
vt 0.623393 0.337771
vt 0.623385 0.411622
vt 0.345735 0.676943
vt 0.329296 0.677139
vt 0.328888 0.642837
vt 0.245496 0.746192
vt 0.232071 0.755683
vt 0.216037 0.759314
vt 0.216037 0.759314
vt 0.199833 0.756532
vt 0.185928 0.747762
vt 0.185928 0.747762
vt 0.175368 0.734366
vt 0.170689 0.718359
vt 0.170689 0.718359
vt 0.174518 0.702128
vt 0.184358 0.688194
vt 0.184358 0.688194
vt 0.197782 0.678703
vt 0.213816 0.675072
vt 0.213816 0.675072
vt 0.230020 0.677853
vt 0.243926 0.686624
vt 0.243926 0.686624
vt 0.253416 0.700048
vt 0.257048 0.716083
vt 0.257048 0.716083
vt 0.254266 0.732286
vt 0.245496 0.746192
vt 0.245496 0.746192
vt 0.216037 0.759314
vt 0.185928 0.747762
vt 0.185928 0.747762
vt 0.170689 0.718359
vt 0.184358 0.688194
vt 0.184358 0.688194
vt 0.213816 0.675072
vt 0.243926 0.686624
vt 0.243926 0.686624
vt 0.257048 0.716083
vt 0.245496 0.746192
vt 0.245496 0.746192
vt 0.185928 0.747762
vt 0.184358 0.688194
vt 0.378206 0.642250
vt 0.364790 0.651752
vt 0.348758 0.655397
vt 0.348758 0.655397
vt 0.332552 0.652629
vt 0.318639 0.643870
vt 0.318639 0.643870
vt 0.309137 0.630453
vt 0.305493 0.614422
vt 0.305493 0.614422
vt 0.308261 0.598216
vt 0.317020 0.584303
vt 0.317020 0.584303
vt 0.330436 0.574801
vt 0.346468 0.571157
vt 0.346468 0.571157
vt 0.362673 0.573925
vt 0.376586 0.582683
vt 0.376586 0.582683
vt 0.387157 0.596071
vt 0.391850 0.612074
vt 0.391850 0.612074
vt 0.388034 0.628308
vt 0.378206 0.642250
vt 0.378206 0.642250
vt 0.348758 0.655397
vt 0.318639 0.643870
vt 0.318639 0.643870
vt 0.305493 0.614422
vt 0.317020 0.584303
vt 0.317020 0.584303
vt 0.346468 0.571157
vt 0.376586 0.582683
vt 0.376586 0.582683
vt 0.391850 0.612074
vt 0.378206 0.642250
vt 0.378206 0.642250
vt 0.318639 0.643870
vt 0.317020 0.584303
vt 0.031117 0.628159
vt 0.019791 0.623468
vt 0.011122 0.614799
vt 0.011122 0.614799
vt 0.006431 0.603473
vt 0.005768 0.590771
vt 0.012448 0.580774
vt 0.019128 0.570777
vt 0.031117 0.566529
vt 0.011122 0.614799
vt 0.005768 0.590771
vt 0.012448 0.580774
vt 0.043376 0.628159
vt 0.031117 0.628159
vt 0.011122 0.614799
vt 0.063370 0.614799
vt 0.054702 0.623468
vt 0.043376 0.628159
vt 0.068061 0.591214
vt 0.068061 0.603473
vt 0.063370 0.614799
vt 0.054702 0.571220
vt 0.063370 0.579889
vt 0.068061 0.591214
vt 0.031117 0.566529
vt 0.043376 0.566529
vt 0.054702 0.571220
vt 0.011122 0.614799
vt 0.012448 0.580774
vt 0.031117 0.566529
vt 0.063370 0.614799
vt 0.043376 0.628159
vt 0.011122 0.614799
vt 0.054702 0.571220
vt 0.068061 0.591214
vt 0.063370 0.614799
vt 0.011122 0.614799
vt 0.031117 0.566529
vt 0.054702 0.571220
vt 0.387157 0.596071
vt 0.376586 0.582683
vt 0.461137 0.579324
vt 0.391850 0.612074
vt 0.387157 0.596071
vt 0.461523 0.593529
vt 0.378206 0.642250
vt 0.462820 0.641244
vt 0.463229 0.675546
vt 0.170689 0.718359
vt 0.175368 0.734366
vt 0.101006 0.737080
vt 0.174518 0.702128
vt 0.100123 0.703568
vt 0.099748 0.689363
vt 0.388034 0.628308
vt 0.462434 0.627039
vt 0.462820 0.641244
vt 0.391850 0.612074
vt 0.461979 0.610284
vt 0.462434 0.627039
vt 0.175368 0.734366
vt 0.185928 0.747762
vt 0.101380 0.751284
vt 0.503804 0.161026
vt 0.513485 0.161026
vt 0.513486 0.193759
vt 0.595360 0.341931
vt 0.595352 0.415782
vt 0.587131 0.415722
vt 0.623393 0.337771
vt 0.631606 0.336094
vt 0.631606 0.411563
vt 0.659652 0.340169
vt 0.659652 0.415638
vt 0.631606 0.411563
vt 0.197782 0.678703
vt 0.099498 0.679872
vt 0.099090 0.645569
vt 0.133057 0.903186
vt 0.153401 0.903186
vt 0.153401 0.987274
vt 0.133057 0.903186
vt 0.133057 0.987274
vt 0.010995 0.987274
vt 0.815194 0.595718
vt 0.820185 0.551924
vt 0.905016 0.561591
vt 0.900025 0.605386
vt 0.892731 0.669393
vt 0.807900 0.659726
vt 0.815194 0.595718
vt 0.905016 0.561591
vt 0.900025 0.605386
vt 0.155728 0.259891
vt 0.155728 0.287150
vt 0.011634 0.287151
vt 0.155728 0.287150
vt 0.155728 0.314410
vt 0.011635 0.314410
vt 0.155728 0.314410
vt 0.155728 0.341669
vt 0.011635 0.341669
vt 0.011635 0.341669
vt 0.155728 0.341669
vt 0.155728 0.368929
vt 0.155728 0.368929
vt 0.155728 0.396188
vt 0.011635 0.396188
vt 0.011635 0.396188
vt 0.155728 0.396188
vt 0.155728 0.423447
vt 0.011635 0.423447
vt 0.155728 0.423447
vt 0.155728 0.450707
vt 0.155728 0.014557
vt 0.155728 0.041816
vt 0.011635 0.041816
vt 0.155728 0.041816
vt 0.155728 0.069076
vt 0.011635 0.069076
vt 0.011635 0.069076
vt 0.155728 0.069076
vt 0.155728 0.096335
vt 0.155728 0.096335
vt 0.155728 0.123594
vt 0.011635 0.123594
vt 0.155728 0.123594
vt 0.155728 0.150854
vt 0.011635 0.150854
vt 0.155728 0.150854
vt 0.155728 0.178113
vt 0.011634 0.178113
vt 0.011634 0.178113
vt 0.155728 0.178113
vt 0.155728 0.205372
vt 0.006583 0.730138
vt 0.006583 0.707421
vt 0.015276 0.686435
vt 0.015276 0.686435
vt 0.031339 0.670372
vt 0.052325 0.661679
vt 0.052325 0.661679
vt 0.075042 0.661679
vt 0.096028 0.670372
vt 0.096028 0.670372
vt 0.112091 0.686434
vt 0.120784 0.707421
vt 0.120784 0.707421
vt 0.120784 0.730138
vt 0.112091 0.751125
vt 0.112091 0.751125
vt 0.096028 0.767187
vt 0.075041 0.775880
vt 0.075041 0.775880
vt 0.052325 0.775880
vt 0.031338 0.767187
vt 0.031338 0.767187
vt 0.015276 0.751124
vt 0.006583 0.730138
vt 0.006583 0.730138
vt 0.015276 0.686435
vt 0.052325 0.661679
vt 0.052325 0.661679
vt 0.096028 0.670372
vt 0.120784 0.707421
vt 0.120784 0.707421
vt 0.112091 0.751125
vt 0.075041 0.775880
vt 0.075041 0.775880
vt 0.031338 0.767187
vt 0.006583 0.730138
vt 0.006583 0.730138
vt 0.052325 0.661679
vt 0.120784 0.707421
vt 0.155728 0.205372
vt 0.155728 0.232632
vt 0.011634 0.232632
vt 0.011634 0.232632
vt 0.155728 0.232632
vt 0.155728 0.259891
vt 0.018555 0.650097
vt 0.009649 0.641192
vt 0.004830 0.629557
vt 0.004830 0.629557
vt 0.004830 0.616963
vt 0.009649 0.605328
vt 0.009649 0.605328
vt 0.018554 0.596423
vt 0.030190 0.591603
vt 0.030190 0.591603
vt 0.042783 0.591603
vt 0.054419 0.596423
vt 0.054419 0.596423
vt 0.063324 0.605328
vt 0.068143 0.616963
vt 0.068143 0.616963
vt 0.068143 0.629557
vt 0.063324 0.641192
vt 0.063324 0.641192
vt 0.054419 0.650097
vt 0.042783 0.654917
vt 0.042783 0.654917
vt 0.030190 0.654917
vt 0.018555 0.650097
vt 0.018555 0.650097
vt 0.004830 0.629557
vt 0.009649 0.605328
vt 0.009649 0.605328
vt 0.030190 0.591603
vt 0.054419 0.596423
vt 0.054419 0.596423
vt 0.068143 0.616963
vt 0.063324 0.641192
vt 0.063324 0.641192
vt 0.042783 0.654917
vt 0.018555 0.650097
vt 0.018555 0.650097
vt 0.009649 0.605328
vt 0.054419 0.596423
vt 0.645962 0.300180
vt 0.645962 0.273478
vt 0.677706 0.273478
vt 0.677706 0.246777
vt 0.645962 0.246777
vt 0.645962 0.220075
vt 0.677706 0.220075
vt 0.645962 0.220075
vt 0.645961 0.193374
vt 0.645961 0.620598
vt 0.645962 0.593896
vt 0.677706 0.593896
vt 0.645962 0.593896
vt 0.645962 0.567195
vt 0.677706 0.567195
vt 0.841181 0.540493
vt 0.841181 0.567195
vt 0.817412 0.567195
vt 0.677706 0.460389
vt 0.645962 0.460389
vt 0.645962 0.433687
vt 0.645962 0.567195
vt 0.645962 0.567195
vt 0.645962 0.540493
vt 0.645962 0.326881
vt 0.645962 0.300180
vt 0.677706 0.300180
vt 0.522362 0.555835
vt 0.509510 0.568687
vt 0.492718 0.575642
vt 0.492718 0.575642
vt 0.474543 0.575642
vt 0.457751 0.568687
vt 0.457751 0.568687
vt 0.444899 0.555835
vt 0.437943 0.539043
vt 0.437943 0.539043
vt 0.437943 0.520868
vt 0.444899 0.504076
vt 0.444899 0.504076
vt 0.457751 0.491224
vt 0.474543 0.484268
vt 0.474543 0.484268
vt 0.492718 0.484268
vt 0.509510 0.491224
vt 0.509510 0.491224
vt 0.522362 0.504076
vt 0.529317 0.520868
vt 0.529317 0.520868
vt 0.529317 0.539043
vt 0.522362 0.555835
vt 0.522362 0.555835
vt 0.492718 0.575642
vt 0.457751 0.568687
vt 0.457751 0.568687
vt 0.437943 0.539043
vt 0.444899 0.504076
vt 0.444899 0.504076
vt 0.474543 0.484268
vt 0.509510 0.491224
vt 0.509510 0.491224
vt 0.529317 0.520868
vt 0.522362 0.555835
vt 0.522362 0.555835
vt 0.457751 0.568687
vt 0.444899 0.504076
vt 0.677706 0.246777
vt 0.677706 0.273478
vt 0.645962 0.273478
vt 0.444899 0.555835
vt 0.457751 0.568687
vt 0.451694 0.577752
vt 0.444899 0.555835
vt 0.435834 0.561892
vt 0.427251 0.541170
vt 0.437943 0.539043
vt 0.427251 0.541170
vt 0.427251 0.518741
vt 0.457751 0.491224
vt 0.444899 0.504076
vt 0.435834 0.498019
vt 0.457751 0.491224
vt 0.451694 0.482159
vt 0.472416 0.473576
vt 0.492718 0.484268
vt 0.474543 0.484268
vt 0.472416 0.473576
vt 0.509510 0.491224
vt 0.515567 0.482159
vt 0.531427 0.498019
vt 0.529317 0.520868
vt 0.522362 0.504076
vt 0.531427 0.498019
vt 0.529317 0.539043
vt 0.529317 0.520868
vt 0.540010 0.518741
vt 0.509510 0.568687
vt 0.522362 0.555835
vt 0.531427 0.561892
vt 0.492718 0.575642
vt 0.509510 0.568687
vt 0.515567 0.577752
vt 0.492718 0.575642
vt 0.494845 0.586335
vt 0.472416 0.586335
vt 0.677706 0.353583
vt 0.645962 0.353583
vt 0.645962 0.326881
vt 0.677706 0.380284
vt 0.645962 0.380284
vt 0.645962 0.353583
vt 0.677706 0.487090
vt 0.677706 0.513792
vt 0.645962 0.513792
vt 0.677706 0.433687
vt 0.645962 0.433687
vt 0.645962 0.406986
vt 0.677706 0.380284
vt 0.677706 0.406986
vt 0.645962 0.406986
vt 0.677706 0.460389
vt 0.677706 0.487090
vt 0.645962 0.487090
vt 0.677706 0.513792
vt 0.677706 0.540493
vt 0.645962 0.540493
vt 0.677706 0.567195
vt 0.645962 0.567195
vt 0.645962 0.540493
vt 0.841181 0.513792
vt 0.841181 0.540493
vt 0.817412 0.540493
vt 0.841181 0.460389
vt 0.841181 0.487090
vt 0.817412 0.487090
vt 0.841181 0.380284
vt 0.841181 0.406986
vt 0.817413 0.406986
vt 0.841181 0.433687
vt 0.817412 0.433687
vt 0.817413 0.406986
vt 0.841181 0.487090
vt 0.841181 0.513792
vt 0.817412 0.513792
vt 0.841181 0.380284
vt 0.817412 0.380284
vt 0.817412 0.353583
vt 0.841181 0.353583
vt 0.817412 0.353583
vt 0.817412 0.326881
vt 0.841181 0.273478
vt 0.817412 0.273478
vt 0.817412 0.246777
vt 0.841181 0.326881
vt 0.817412 0.326881
vt 0.817412 0.300180
vt 0.841181 0.460389
vt 0.817412 0.460389
vt 0.817412 0.433687
vt 0.817412 0.593896
vt 0.817412 0.567195
vt 0.841181 0.567195
vt 0.817412 0.620598
vt 0.817412 0.593896
vt 0.841181 0.593896
vt 0.841181 0.220075
vt 0.817412 0.220075
vt 0.817412 0.193374
vt 0.841181 0.246777
vt 0.817412 0.246777
vt 0.817412 0.220075
vt 0.841181 0.300180
vt 0.817412 0.300180
vt 0.817412 0.273478
vt 0.712632 0.540493
vt 0.747559 0.540493
vt 0.817412 0.540493
vt 0.817412 0.540493
vt 0.817412 0.567195
vt 0.677706 0.567195
vt 0.677706 0.567195
vt 0.677706 0.540493
vt 0.712632 0.540493
vt 0.817412 0.540493
vt 0.747559 0.540493
vt 0.747559 0.513792
vt 0.817412 0.487090
vt 0.677706 0.487090
vt 0.677706 0.460389
vt 0.817413 0.406986
vt 0.677706 0.406986
vt 0.677706 0.380284
vt 0.817412 0.433687
vt 0.677706 0.433687
vt 0.677706 0.406986
vt 0.677706 0.513792
vt 0.677706 0.487090
vt 0.817412 0.487090
vt 0.817412 0.487090
vt 0.817412 0.513792
vt 0.747559 0.513792
vt 0.712632 0.513792
vt 0.677706 0.513792
vt 0.817412 0.487090
vt 0.817412 0.460389
vt 0.677706 0.460389
vt 0.677706 0.433687
vt 0.747559 0.593896
vt 0.712632 0.593896
vt 0.677706 0.593896
vt 0.677706 0.593896
vt 0.677706 0.567195
vt 0.817412 0.567195
vt 0.817412 0.567195
vt 0.817412 0.593896
vt 0.747559 0.593896
vt 0.817412 0.620598
vt 0.747559 0.620598
vt 0.747559 0.593896
vt 0.847814 0.400649
vt 0.847816 0.358737
vt 0.878367 0.358739
vt 0.712632 0.540493
vt 0.677706 0.540493
vt 0.677706 0.513792
vt 0.878368 0.328188
vt 0.910410 0.328190
vt 0.910408 0.358741
vt 0.712632 0.593896
vt 0.712632 0.620598
vt 0.677706 0.620598
vt 0.878364 0.400651
vt 0.878367 0.358739
vt 0.910408 0.358741
vt 0.909701 0.402017
vt 0.877659 0.402015
vt 0.877662 0.360103
vt 0.940252 0.402019
vt 0.909701 0.402017
vt 0.909704 0.360105
vt 0.877658 0.432566
vt 0.877659 0.402015
vt 0.909701 0.402017
vt 0.940957 0.400654
vt 0.910406 0.400653
vt 0.910408 0.358741
vt 0.878363 0.431201
vt 0.878364 0.400651
vt 0.910406 0.400653
vt 0.909705 0.329554
vt 0.909704 0.360105
vt 0.877662 0.360103
vt 0.847111 0.360101
vt 0.877662 0.360103
vt 0.877659 0.402015
vt 0.645962 0.460389
vt 0.645962 0.460389
vt 0.645962 0.433687
vt 0.645962 0.353583
vt 0.645962 0.353583
vt 0.645962 0.342738
vt 0.645962 0.328325
vt 0.645962 0.326881
vt 0.645962 0.326881
vt 0.645962 0.326881
vt 0.645962 0.353583
vt 0.645962 0.342738
vt 0.645961 0.193374
vt 0.645962 0.220075
vt 0.645962 0.220075
vt 0.645962 0.540493
vt 0.645962 0.540493
vt 0.645962 0.513792
vt 0.645962 0.406986
vt 0.645962 0.433687
vt 0.645962 0.433687
vt 0.645962 0.273478
vt 0.645962 0.300180
vt 0.645962 0.300180
vt 0.645961 0.620598
vt 0.645961 0.620598
vt 0.645962 0.593896
vt 0.645962 0.487090
vt 0.645962 0.513792
vt 0.645962 0.513792
vt 0.645962 0.380284
vt 0.645962 0.406986
vt 0.645962 0.406986
vt 0.645962 0.273478
vt 0.645962 0.273478
vt 0.645962 0.246777
vt 0.645962 0.567195
vt 0.645962 0.593896
vt 0.645962 0.593896
vt 0.645962 0.487090
vt 0.645962 0.487090
vt 0.645962 0.460389
vt 0.645962 0.353583
vt 0.645962 0.353583
vt 0.645962 0.380284
vt 0.645962 0.380284
vt 0.645962 0.370551
vt 0.645962 0.377955
vt 0.645962 0.377955
vt 0.645962 0.353583
vt 0.645962 0.380284
vt 0.645962 0.322639
vt 0.645962 0.300180
vt 0.645962 0.300180
vt 0.645962 0.300180
vt 0.645962 0.326881
vt 0.645962 0.326881
vt 0.645962 0.322639
vt 0.645962 0.322639
vt 0.645962 0.300180
vt 0.645962 0.246777
vt 0.645962 0.246777
vt 0.645962 0.220075
vt 0.536160 0.045764
vt 0.536160 0.052664
vt 0.538589 0.051381
vt 0.541557 0.044058
vt 0.532779 0.044058
vt 0.532932 0.044427
vt 0.532932 0.044427
vt 0.536160 0.045764
vt 0.542852 0.045764
vt 0.536160 0.052664
vt 0.536160 0.045764
vt 0.532666 0.045764
vt 0.529173 0.049924
vt 0.531821 0.052421
vt 0.532666 0.053031
vt 0.532666 0.053031
vt 0.532666 0.045764
vt 0.532267 0.045764
vt 0.532267 0.045764
vt 0.529173 0.048623
vt 0.529173 0.049924
vt 0.489863 0.632665
vt 0.457290 0.585440
vt 0.489863 0.585440
vt 0.556644 0.632665
vt 0.540452 0.585440
vt 0.556644 0.585440
vt 0.489863 0.585440
vt 0.506172 0.632665
vt 0.489863 0.632665
vt 0.540452 0.632665
vt 0.506172 0.585440
vt 0.540452 0.585440
vt 0.545275 0.644195
vt 0.590017 0.689389
vt 0.545755 0.678472
vt 0.383404 0.632665
vt 0.362342 0.585440
vt 0.383404 0.585440
vt 0.556644 0.585440
vt 0.621737 0.632665
vt 0.556644 0.632665
vt 0.457290 0.585440
vt 0.383404 0.632665
vt 0.383404 0.585440
vt 0.590017 0.528716
vt 0.621737 0.585440
vt 0.556644 0.585440
vt 0.590017 0.528716
vt 0.545755 0.539634
vt 0.557446 0.528264
vt 0.545275 0.573910
vt 0.590017 0.528716
vt 0.556644 0.585440
vt 0.545755 0.539634
vt 0.590017 0.528716
vt 0.545275 0.573910
vt 0.545755 0.678472
vt 0.590017 0.689389
vt 0.557446 0.689842
vt 0.590017 0.689389
vt 0.545275 0.644195
vt 0.556644 0.632665
vt 0.621737 0.632665
vt 0.590017 0.689389
vt 0.556644 0.632665
vt 0.489863 0.632665
vt 0.457290 0.632665
vt 0.457290 0.585440
vt 0.556644 0.632665
vt 0.540452 0.632665
vt 0.540452 0.585440
vt 0.489863 0.585440
vt 0.506172 0.585440
vt 0.506172 0.632665
vt 0.540452 0.632665
vt 0.506172 0.632665
vt 0.506172 0.585440
vt 0.383404 0.632665
vt 0.362342 0.632665
vt 0.362342 0.585440
vt 0.556644 0.585440
vt 0.621737 0.585440
vt 0.621737 0.632665
vt 0.457290 0.585440
vt 0.457290 0.632665
vt 0.383404 0.632665
vt 0.590017 0.528716
vt 0.642307 0.580916
vt 0.621737 0.585440
vt 0.621737 0.632665
vt 0.642307 0.637190
vt 0.590017 0.689389
vt 0.489863 0.632665
vt 0.457290 0.585440
vt 0.489863 0.585440
vt 0.556644 0.632665
vt 0.540452 0.585440
vt 0.556644 0.585440
vt 0.489863 0.585440
vt 0.506172 0.632665
vt 0.489863 0.632665
vt 0.540452 0.632665
vt 0.506172 0.585440
vt 0.540452 0.585440
vt 0.545275 0.644195
vt 0.590017 0.689389
vt 0.545755 0.678472
vt 0.383404 0.632665
vt 0.362342 0.585440
vt 0.383404 0.585440
vt 0.556644 0.585440
vt 0.621737 0.632665
vt 0.556644 0.632665
vt 0.457290 0.585440
vt 0.383404 0.632665
vt 0.383404 0.585440
vt 0.590017 0.528716
vt 0.621737 0.585440
vt 0.556644 0.585440
vt 0.590017 0.528716
vt 0.545755 0.539634
vt 0.557446 0.528264
vt 0.545275 0.573910
vt 0.590017 0.528716
vt 0.556644 0.585440
vt 0.545755 0.539634
vt 0.590017 0.528716
vt 0.545275 0.573910
vt 0.545755 0.678472
vt 0.590017 0.689389
vt 0.557446 0.689842
vt 0.590017 0.689389
vt 0.545275 0.644195
vt 0.556644 0.632665
vt 0.621737 0.632665
vt 0.590017 0.689389
vt 0.556644 0.632665
vt 0.489863 0.632665
vt 0.457290 0.632665
vt 0.457290 0.585440
vt 0.556644 0.632665
vt 0.540452 0.632665
vt 0.540452 0.585440
vt 0.489863 0.585440
vt 0.506172 0.585440
vt 0.506172 0.632665
vt 0.540452 0.632665
vt 0.506172 0.632665
vt 0.506172 0.585440
vt 0.383404 0.632665
vt 0.362342 0.632665
vt 0.362342 0.585440
vt 0.556644 0.585440
vt 0.621737 0.585440
vt 0.621737 0.632665
vt 0.457290 0.585440
vt 0.457290 0.632665
vt 0.383404 0.632665
vt 0.590017 0.528716
vt 0.642307 0.580916
vt 0.621737 0.585440
vt 0.621737 0.632665
vt 0.642307 0.637190
vt 0.590017 0.689389
vt 0.956039 0.781802
vt 0.893884 0.852332
vt 0.932111 0.769751
vt 0.890865 0.898939
vt 0.857526 0.982512
vt 0.833885 0.894386
vt 0.933060 0.769976
vt 0.879378 0.743141
vt 0.935547 0.750207
vt 0.895048 0.851037
vt 0.836230 0.865353
vt 0.838153 0.845521
vt 0.835472 0.874525
vt 0.893884 0.852332
vt 0.892452 0.879077
vt 0.937430 0.723339
vt 0.878987 0.736985
vt 0.881155 0.717178
vt 0.895048 0.851037
vt 0.876891 0.762910
vt 0.933060 0.769976
vt 0.890865 0.898939
vt 0.835472 0.874525
vt 0.892452 0.879077
vt 0.324265 0.104617
vt 0.404101 0.124543
vt 0.324265 0.124542
vt 0.404102 0.106439
vt 0.324265 0.126364
vt 0.324265 0.106439
vt 0.324265 0.124542
vt 0.030359 0.208893
vt 0.000348 0.124541
vt 0.324265 0.104617
vt 0.030359 0.020265
vt 0.351027 0.029399
vt 0.351594 0.009483
vt 0.030359 0.020265
vt 0.030927 0.000348
vt 0.324265 0.104617
vt 0.000348 0.124541
vt 0.000348 0.104616
vt 0.324265 0.106439
vt 0.030359 0.022088
vt 0.351026 0.031221
vt 0.324265 0.126364
vt 0.000348 0.106440
vt 0.324265 0.106439
vt 0.351594 0.221499
vt 0.030359 0.210717
vt 0.351027 0.201582
vt 0.324265 0.126364
vt 0.030359 0.210717
vt 0.000348 0.126365
vt 0.835720 0.899164
vt 0.889841 0.897450
vt 0.912984 0.985458
vt 0.589710 0.208842
vt 0.475662 0.169892
vt 0.475662 0.130942
vt 0.836230 0.865353
vt 0.889841 0.897450
vt 0.833846 0.892038
vt 0.935547 0.750207
vt 0.883411 0.716663
vt 0.938656 0.723597
vt 0.938656 0.977793
vt 0.889841 0.897450
vt 0.915886 0.891205
vt 0.935261 0.743146
vt 0.876765 0.763676
vt 0.878987 0.736985
vt 0.835472 0.874525
vt 0.830450 0.847439
vt 0.837807 0.847835
vt 0.826533 0.891137
vt 0.836230 0.865353
vt 0.833846 0.892038
vt 0.879378 0.743141
vt 0.876003 0.715704
vt 0.883411 0.716663
vt 0.869336 0.762890
vt 0.878987 0.736985
vt 0.876765 0.763676
vt 0.873627 0.770455
vt 0.932111 0.769751
vt 0.893884 0.852332
vt 0.588812 0.132482
vt 0.475302 0.105696
vt 0.589350 0.105696
vt 0.589171 0.104156
vt 0.475662 0.130942
vt 0.475123 0.104156
vt 0.589171 0.027512
vt 0.475662 0.000739
vt 0.589710 0.000738
vt 0.588811 0.001021
vt 0.475302 0.027795
vt 0.474763 0.001022
vt 0.440380 0.027718
vt 0.408834 0.001132
vt 0.439841 0.000945
vt 0.458631 0.202443
vt 0.451948 0.155304
vt 0.474764 0.132481
vt 0.459169 0.099011
vt 0.452487 0.050608
vt 0.475302 0.027795
vt 0.409194 0.027402
vt 0.440740 0.000816
vt 0.440201 0.027590
vt 0.374265 0.027129
vt 0.391010 0.000424
vt 0.391728 0.027205
vt 0.391728 0.027205
vt 0.408476 0.000620
vt 0.409194 0.027402
vt 0.440740 0.000816
vt 0.457662 0.027580
vt 0.440201 0.027590
vt 0.458200 0.000806
vt 0.475123 0.027512
vt 0.457662 0.027580
vt 0.408116 0.027914
vt 0.391369 0.001329
vt 0.408834 0.001132
vt 0.390650 0.028110
vt 0.373906 0.001405
vt 0.391369 0.001329
vt 0.474763 0.001022
vt 0.457840 0.027728
vt 0.457302 0.000954
vt 0.457302 0.000954
vt 0.440380 0.027718
vt 0.439841 0.000945
vt 0.589171 0.104156
vt 0.475123 0.065834
vt 0.475123 0.027512
vt 0.475123 0.027512
vt 0.475123 0.065834
vt 0.458990 0.034194
vt 0.452308 0.081333
vt 0.475123 0.065834
vt 0.458990 0.097471
vt 0.458990 0.097471
vt 0.475123 0.065834
vt 0.475123 0.104156
vt 0.458990 0.034194
vt 0.475123 0.065834
vt 0.452308 0.050325
vt 0.452308 0.050325
vt 0.475123 0.065834
vt 0.452308 0.081333
vt 0.475662 0.130942
vt 0.475662 0.169892
vt 0.459529 0.137626
vt 0.459529 0.137626
vt 0.475662 0.169892
vt 0.452846 0.153764
vt 0.459529 0.202160
vt 0.475662 0.169892
vt 0.475662 0.208842
vt 0.452846 0.153764
vt 0.475662 0.169892
vt 0.452846 0.186029
vt 0.452846 0.186029
vt 0.475662 0.169892
vt 0.459529 0.202160
vt 0.956039 0.781802
vt 0.918428 0.863051
vt 0.893884 0.852332
vt 0.890865 0.898939
vt 0.914063 0.985413
vt 0.857526 0.982512
vt 0.933060 0.769976
vt 0.876891 0.762910
vt 0.879378 0.743141
vt 0.895048 0.851037
vt 0.893125 0.870869
vt 0.836230 0.865353
vt 0.835472 0.874525
vt 0.837807 0.847835
vt 0.893884 0.852332
vt 0.937430 0.723339
vt 0.935261 0.743146
vt 0.878987 0.736985
vt 0.895048 0.851037
vt 0.838153 0.845521
vt 0.876891 0.762910
vt 0.890865 0.898939
vt 0.833885 0.894386
vt 0.835472 0.874525
vt 0.324265 0.104617
vt 0.404101 0.104618
vt 0.404101 0.124543
vt 0.404102 0.106439
vt 0.404102 0.126364
vt 0.324265 0.126364
vt 0.324265 0.124542
vt 0.351026 0.199760
vt 0.030359 0.208893
vt 0.324265 0.104617
vt 0.000348 0.104616
vt 0.030359 0.020265
vt 0.351594 0.009483
vt 0.351027 0.029399
vt 0.030359 0.020265
vt 0.324265 0.104617
vt 0.324265 0.124542
vt 0.000348 0.124541
vt 0.324265 0.106439
vt 0.000348 0.106440
vt 0.030359 0.022088
vt 0.324265 0.126364
vt 0.000348 0.126365
vt 0.000348 0.106440
vt 0.351594 0.221499
vt 0.030927 0.230633
vt 0.030359 0.210717
vt 0.324265 0.126364
vt 0.351027 0.201582
vt 0.030359 0.210717
vt 0.912984 0.985458
vt 0.857431 0.981727
vt 0.855531 0.974503
vt 0.835720 0.899164
vt 0.833846 0.892038
vt 0.889841 0.897450
vt 0.912984 0.985458
vt 0.855531 0.974503
vt 0.835720 0.899164
vt 0.475662 0.130942
vt 0.589710 0.130942
vt 0.589710 0.208842
vt 0.589710 0.208842
vt 0.475662 0.208842
vt 0.475662 0.169892
vt 0.836230 0.865353
vt 0.893125 0.870869
vt 0.889841 0.897450
vt 0.935547 0.750207
vt 0.879378 0.743141
vt 0.883411 0.716663
vt 0.938656 0.977793
vt 0.912984 0.985458
vt 0.889841 0.897450
vt 0.935261 0.743146
vt 0.932111 0.769751
vt 0.876765 0.763676
vt 0.835472 0.874525
vt 0.828132 0.874130
vt 0.830450 0.847439
vt 0.826533 0.891137
vt 0.828935 0.864453
vt 0.836230 0.865353
vt 0.879378 0.743141
vt 0.872190 0.742210
vt 0.876003 0.715704
vt 0.869336 0.762890
vt 0.871778 0.736223
vt 0.878987 0.736985
vt 0.893884 0.852332
vt 0.837807 0.847835
vt 0.840903 0.841148
vt 0.873627 0.770455
vt 0.876765 0.763676
vt 0.932111 0.769751
vt 0.893884 0.852332
vt 0.840903 0.841148
vt 0.873627 0.770455
vt 0.588812 0.132482
vt 0.474764 0.132481
vt 0.475302 0.105696
vt 0.589171 0.104156
vt 0.589710 0.130942
vt 0.475662 0.130942
vt 0.589171 0.027512
vt 0.475123 0.027512
vt 0.475662 0.000739
vt 0.588811 0.001021
vt 0.589350 0.027795
vt 0.475302 0.027795
vt 0.440380 0.027718
vt 0.408116 0.027914
vt 0.408834 0.001132
vt 0.474764 0.132481
vt 0.588812 0.132482
vt 0.588811 0.209125
vt 0.588811 0.209125
vt 0.474764 0.209125
vt 0.458631 0.202443
vt 0.458631 0.202443
vt 0.451948 0.186312
vt 0.451948 0.155304
vt 0.451948 0.155304
vt 0.458631 0.139166
vt 0.474764 0.132481
vt 0.474764 0.132481
vt 0.588811 0.209125
vt 0.458631 0.202443
vt 0.475302 0.027795
vt 0.589350 0.027795
vt 0.589350 0.105696
vt 0.589350 0.105696
vt 0.475302 0.105696
vt 0.459169 0.099011
vt 0.459169 0.099011
vt 0.452487 0.082873
vt 0.452487 0.050608
vt 0.452487 0.050608
vt 0.459169 0.034477
vt 0.475302 0.027795
vt 0.475302 0.027795
vt 0.589350 0.105696
vt 0.459169 0.099011
vt 0.409194 0.027402
vt 0.408476 0.000620
vt 0.440740 0.000816
vt 0.374265 0.027129
vt 0.373547 0.000348
vt 0.391010 0.000424
vt 0.391728 0.027205
vt 0.391010 0.000424
vt 0.408476 0.000620
vt 0.440740 0.000816
vt 0.458200 0.000806
vt 0.457662 0.027580
vt 0.458200 0.000806
vt 0.475662 0.000739
vt 0.475123 0.027512
vt 0.408116 0.027914
vt 0.390650 0.028110
vt 0.391369 0.001329
vt 0.390650 0.028110
vt 0.373188 0.028186
vt 0.373906 0.001405
vt 0.474763 0.001022
vt 0.475302 0.027795
vt 0.457840 0.027728
vt 0.457302 0.000954
vt 0.457840 0.027728
vt 0.440380 0.027718
vt 0.475123 0.027512
vt 0.589171 0.027512
vt 0.589171 0.104156
vt 0.589171 0.104156
vt 0.475123 0.104156
vt 0.475123 0.065834
vt 0.489863 0.632665
vt 0.457290 0.585440
vt 0.489863 0.585440
vt 0.556644 0.632665
vt 0.540452 0.585440
vt 0.556644 0.585440
vt 0.489863 0.585440
vt 0.506172 0.632665
vt 0.489863 0.632665
vt 0.540452 0.632665
vt 0.506172 0.585440
vt 0.540452 0.585440
vt 0.545275 0.644195
vt 0.590017 0.689389
vt 0.545755 0.678472
vt 0.383404 0.632665
vt 0.362342 0.585440
vt 0.383404 0.585440
vt 0.556644 0.585440
vt 0.621737 0.632665
vt 0.556644 0.632665
vt 0.457290 0.585440
vt 0.383404 0.632665
vt 0.383404 0.585440
vt 0.590017 0.528716
vt 0.621737 0.585440
vt 0.556644 0.585440
vt 0.590017 0.528716
vt 0.545755 0.539634
vt 0.557446 0.528264
vt 0.545275 0.573910
vt 0.590017 0.528716
vt 0.556644 0.585440
vt 0.545755 0.539634
vt 0.590017 0.528716
vt 0.545275 0.573910
vt 0.545755 0.678472
vt 0.590017 0.689389
vt 0.557446 0.689842
vt 0.590017 0.689389
vt 0.545275 0.644195
vt 0.556644 0.632665
vt 0.621737 0.632665
vt 0.590017 0.689389
vt 0.556644 0.632665
vt 0.489863 0.632665
vt 0.457290 0.632665
vt 0.457290 0.585440
vt 0.556644 0.632665
vt 0.540452 0.632665
vt 0.540452 0.585440
vt 0.489863 0.585440
vt 0.506172 0.585440
vt 0.506172 0.632665
vt 0.540452 0.632665
vt 0.506172 0.632665
vt 0.506172 0.585440
vt 0.383404 0.632665
vt 0.362342 0.632665
vt 0.362342 0.585440
vt 0.556644 0.585440
vt 0.621737 0.585440
vt 0.621737 0.632665
vt 0.457290 0.585440
vt 0.457290 0.632665
vt 0.383404 0.632665
vt 0.590017 0.528716
vt 0.642307 0.580916
vt 0.621737 0.585440
vt 0.621737 0.632665
vt 0.642307 0.637190
vt 0.590017 0.689389
vt 0.489863 0.632665
vt 0.457290 0.585440
vt 0.489863 0.585440
vt 0.556644 0.632665
vt 0.540452 0.585440
vt 0.556644 0.585440
vt 0.489863 0.585440
vt 0.506172 0.632665
vt 0.489863 0.632665
vt 0.540452 0.632665
vt 0.506172 0.585440
vt 0.540452 0.585440
vt 0.545275 0.644195
vt 0.590017 0.689389
vt 0.545755 0.678472
vt 0.383404 0.632665
vt 0.362342 0.585440
vt 0.383404 0.585440
vt 0.556644 0.585440
vt 0.621737 0.632665
vt 0.556644 0.632665
vt 0.457290 0.585440
vt 0.383404 0.632665
vt 0.383404 0.585440
vt 0.590017 0.528716
vt 0.621737 0.585440
vt 0.556644 0.585440
vt 0.590017 0.528716
vt 0.545755 0.539634
vt 0.557446 0.528264
vt 0.545275 0.573910
vt 0.590017 0.528716
vt 0.556644 0.585440
vt 0.545755 0.539634
vt 0.590017 0.528716
vt 0.545275 0.573910
vt 0.545755 0.678472
vt 0.590017 0.689389
vt 0.557446 0.689842
vt 0.590017 0.689389
vt 0.545275 0.644195
vt 0.556644 0.632665
vt 0.621737 0.632665
vt 0.590017 0.689389
vt 0.556644 0.632665
vt 0.489863 0.632665
vt 0.457290 0.632665
vt 0.457290 0.585440
vt 0.556644 0.632665
vt 0.540452 0.632665
vt 0.540452 0.585440
vt 0.489863 0.585440
vt 0.506172 0.585440
vt 0.506172 0.632665
vt 0.540452 0.632665
vt 0.506172 0.632665
vt 0.506172 0.585440
vt 0.383404 0.632665
vt 0.362342 0.632665
vt 0.362342 0.585440
vt 0.556644 0.585440
vt 0.621737 0.585440
vt 0.621737 0.632665
vt 0.457290 0.585440
vt 0.457290 0.632665
vt 0.383404 0.632665
vt 0.590017 0.528716
vt 0.642307 0.580916
vt 0.621737 0.585440
vt 0.621737 0.632665
vt 0.642307 0.637190
vt 0.590017 0.689389
vt 0.956039 0.781802
vt 0.893884 0.852332
vt 0.932111 0.769751
vt 0.890865 0.898939
vt 0.857526 0.982512
vt 0.833885 0.894386
vt 0.933060 0.769976
vt 0.879378 0.743141
vt 0.935547 0.750207
vt 0.895048 0.851037
vt 0.836230 0.865353
vt 0.838153 0.845521
vt 0.835472 0.874525
vt 0.893884 0.852332
vt 0.892452 0.879077
vt 0.937430 0.723339
vt 0.878987 0.736985
vt 0.881155 0.717178
vt 0.895048 0.851037
vt 0.876891 0.762910
vt 0.933060 0.769976
vt 0.890865 0.898939
vt 0.835472 0.874525
vt 0.892452 0.879077
vt 0.324265 0.104617
vt 0.404101 0.124543
vt 0.324265 0.124542
vt 0.404102 0.106439
vt 0.324265 0.126364
vt 0.324265 0.106439
vt 0.324265 0.124542
vt 0.030359 0.208893
vt 0.000348 0.124541
vt 0.324265 0.104617
vt 0.030359 0.020265
vt 0.351027 0.029399
vt 0.351594 0.009483
vt 0.030359 0.020265
vt 0.030927 0.000348
vt 0.324265 0.104617
vt 0.000348 0.124541
vt 0.000348 0.104616
vt 0.324265 0.106439
vt 0.030359 0.022088
vt 0.351026 0.031221
vt 0.324265 0.126364
vt 0.000348 0.106440
vt 0.324265 0.106439
vt 0.351594 0.221499
vt 0.030359 0.210717
vt 0.351027 0.201582
vt 0.324265 0.126364
vt 0.030359 0.210717
vt 0.000348 0.126365
vt 0.835720 0.899164
vt 0.889841 0.897450
vt 0.912984 0.985458
vt 0.589710 0.208842
vt 0.475662 0.169892
vt 0.475662 0.130942
vt 0.836230 0.865353
vt 0.889841 0.897450
vt 0.833846 0.892038
vt 0.935547 0.750207
vt 0.883411 0.716663
vt 0.938656 0.723597
vt 0.938656 0.977793
vt 0.889841 0.897450
vt 0.915886 0.891205
vt 0.935261 0.743146
vt 0.876765 0.763676
vt 0.878987 0.736985
vt 0.835472 0.874525
vt 0.830450 0.847439
vt 0.837807 0.847835
vt 0.826533 0.891137
vt 0.836230 0.865353
vt 0.833846 0.892038
vt 0.879378 0.743141
vt 0.876003 0.715704
vt 0.883411 0.716663
vt 0.869336 0.762890
vt 0.878987 0.736985
vt 0.876765 0.763676
vt 0.873627 0.770455
vt 0.932111 0.769751
vt 0.893884 0.852332
vt 0.588812 0.132482
vt 0.475302 0.105696
vt 0.589350 0.105696
vt 0.589171 0.104156
vt 0.475662 0.130942
vt 0.475123 0.104156
vt 0.589171 0.027512
vt 0.475662 0.000739
vt 0.589710 0.000738
vt 0.588811 0.001021
vt 0.475302 0.027795
vt 0.474763 0.001022
vt 0.440380 0.027718
vt 0.408834 0.001132
vt 0.439841 0.000945
vt 0.458631 0.202443
vt 0.451948 0.155304
vt 0.474764 0.132481
vt 0.459169 0.099011
vt 0.452487 0.050608
vt 0.475302 0.027795
vt 0.409194 0.027402
vt 0.440740 0.000816
vt 0.440201 0.027590
vt 0.374265 0.027129
vt 0.391010 0.000424
vt 0.391728 0.027205
vt 0.391728 0.027205
vt 0.408476 0.000620
vt 0.409194 0.027402
vt 0.440740 0.000816
vt 0.457662 0.027580
vt 0.440201 0.027590
vt 0.458200 0.000806
vt 0.475123 0.027512
vt 0.457662 0.027580
vt 0.408116 0.027914
vt 0.391369 0.001329
vt 0.408834 0.001132
vt 0.390650 0.028110
vt 0.373906 0.001405
vt 0.391369 0.001329
vt 0.474763 0.001022
vt 0.457840 0.027728
vt 0.457302 0.000954
vt 0.457302 0.000954
vt 0.440380 0.027718
vt 0.439841 0.000945
vt 0.589171 0.104156
vt 0.475123 0.065834
vt 0.475123 0.027512
vt 0.475123 0.027512
vt 0.475123 0.065834
vt 0.458990 0.034194
vt 0.452308 0.081333
vt 0.475123 0.065834
vt 0.458990 0.097471
vt 0.458990 0.097471
vt 0.475123 0.065834
vt 0.475123 0.104156
vt 0.458990 0.034194
vt 0.475123 0.065834
vt 0.452308 0.050325
vt 0.452308 0.050325
vt 0.475123 0.065834
vt 0.452308 0.081333
vt 0.475662 0.130942
vt 0.475662 0.169892
vt 0.459529 0.137626
vt 0.459529 0.137626
vt 0.475662 0.169892
vt 0.452846 0.153764
vt 0.459529 0.202160
vt 0.475662 0.169892
vt 0.475662 0.208842
vt 0.452846 0.153764
vt 0.475662 0.169892
vt 0.452846 0.186029
vt 0.452846 0.186029
vt 0.475662 0.169892
vt 0.459529 0.202160
vt 0.956039 0.781802
vt 0.918428 0.863051
vt 0.893884 0.852332
vt 0.890865 0.898939
vt 0.914063 0.985413
vt 0.857526 0.982512
vt 0.933060 0.769976
vt 0.876891 0.762910
vt 0.879378 0.743141
vt 0.895048 0.851037
vt 0.893125 0.870869
vt 0.836230 0.865353
vt 0.835472 0.874525
vt 0.837807 0.847835
vt 0.893884 0.852332
vt 0.937430 0.723339
vt 0.935261 0.743146
vt 0.878987 0.736985
vt 0.895048 0.851037
vt 0.838153 0.845521
vt 0.876891 0.762910
vt 0.890865 0.898939
vt 0.833885 0.894386
vt 0.835472 0.874525
vt 0.324265 0.104617
vt 0.404101 0.104618
vt 0.404101 0.124543
vt 0.404102 0.106439
vt 0.404102 0.126364
vt 0.324265 0.126364
vt 0.324265 0.124542
vt 0.351026 0.199760
vt 0.030359 0.208893
vt 0.324265 0.104617
vt 0.000348 0.104616
vt 0.030359 0.020265
vt 0.351594 0.009483
vt 0.351027 0.029399
vt 0.030359 0.020265
vt 0.324265 0.104617
vt 0.324265 0.124542
vt 0.000348 0.124541
vt 0.324265 0.106439
vt 0.000348 0.106440
vt 0.030359 0.022088
vt 0.324265 0.126364
vt 0.000348 0.126365
vt 0.000348 0.106440
vt 0.351594 0.221499
vt 0.030927 0.230633
vt 0.030359 0.210717
vt 0.324265 0.126364
vt 0.351027 0.201582
vt 0.030359 0.210717
vt 0.912984 0.985458
vt 0.857431 0.981727
vt 0.855531 0.974503
vt 0.835720 0.899164
vt 0.833846 0.892038
vt 0.889841 0.897450
vt 0.912984 0.985458
vt 0.855531 0.974503
vt 0.835720 0.899164
vt 0.475662 0.130942
vt 0.589710 0.130942
vt 0.589710 0.208842
vt 0.589710 0.208842
vt 0.475662 0.208842
vt 0.475662 0.169892
vt 0.836230 0.865353
vt 0.893125 0.870869
vt 0.889841 0.897450
vt 0.935547 0.750207
vt 0.879378 0.743141
vt 0.883411 0.716663
vt 0.938656 0.977793
vt 0.912984 0.985458
vt 0.889841 0.897450
vt 0.935261 0.743146
vt 0.932111 0.769751
vt 0.876765 0.763676
vt 0.835472 0.874525
vt 0.828132 0.874130
vt 0.830450 0.847439
vt 0.826533 0.891137
vt 0.828935 0.864453
vt 0.836230 0.865353
vt 0.879378 0.743141
vt 0.872190 0.742210
vt 0.876003 0.715704
vt 0.869336 0.762890
vt 0.871778 0.736223
vt 0.878987 0.736985
vt 0.893884 0.852332
vt 0.837807 0.847835
vt 0.840903 0.841148
vt 0.873627 0.770455
vt 0.876765 0.763676
vt 0.932111 0.769751
vt 0.893884 0.852332
vt 0.840903 0.841148
vt 0.873627 0.770455
vt 0.588812 0.132482
vt 0.474764 0.132481
vt 0.475302 0.105696
vt 0.589171 0.104156
vt 0.589710 0.130942
vt 0.475662 0.130942
vt 0.589171 0.027512
vt 0.475123 0.027512
vt 0.475662 0.000739
vt 0.588811 0.001021
vt 0.589350 0.027795
vt 0.475302 0.027795
vt 0.440380 0.027718
vt 0.408116 0.027914
vt 0.408834 0.001132
vt 0.474764 0.132481
vt 0.588812 0.132482
vt 0.588811 0.209125
vt 0.588811 0.209125
vt 0.474764 0.209125
vt 0.458631 0.202443
vt 0.458631 0.202443
vt 0.451948 0.186312
vt 0.451948 0.155304
vt 0.451948 0.155304
vt 0.458631 0.139166
vt 0.474764 0.132481
vt 0.474764 0.132481
vt 0.588811 0.209125
vt 0.458631 0.202443
vt 0.475302 0.027795
vt 0.589350 0.027795
vt 0.589350 0.105696
vt 0.589350 0.105696
vt 0.475302 0.105696
vt 0.459169 0.099011
vt 0.459169 0.099011
vt 0.452487 0.082873
vt 0.452487 0.050608
vt 0.452487 0.050608
vt 0.459169 0.034477
vt 0.475302 0.027795
vt 0.475302 0.027795
vt 0.589350 0.105696
vt 0.459169 0.099011
vt 0.409194 0.027402
vt 0.408476 0.000620
vt 0.440740 0.000816
vt 0.374265 0.027129
vt 0.373547 0.000348
vt 0.391010 0.000424
vt 0.391728 0.027205
vt 0.391010 0.000424
vt 0.408476 0.000620
vt 0.440740 0.000816
vt 0.458200 0.000806
vt 0.457662 0.027580
vt 0.458200 0.000806
vt 0.475662 0.000739
vt 0.475123 0.027512
vt 0.408116 0.027914
vt 0.390650 0.028110
vt 0.391369 0.001329
vt 0.390650 0.028110
vt 0.373188 0.028186
vt 0.373906 0.001405
vt 0.474763 0.001022
vt 0.475302 0.027795
vt 0.457840 0.027728
vt 0.457302 0.000954
vt 0.457840 0.027728
vt 0.440380 0.027718
vt 0.475123 0.027512
vt 0.589171 0.027512
vt 0.589171 0.104156
vt 0.589171 0.104156
vt 0.475123 0.104156
vt 0.475123 0.065834
vt 0.121108 0.926152
vt 0.006943 0.943285
vt 0.006943 0.926152
vt 0.006943 0.943285
vt 0.121108 0.960418
vt 0.006943 0.960418
vt 0.121108 0.960418
vt 0.006943 0.977551
vt 0.006943 0.960418
vt 0.121108 0.977550
vt 0.006943 0.994683
vt 0.006943 0.977551
vt 0.121108 0.720560
vt 0.006943 0.737692
vt 0.006943 0.720560
vt 0.121108 0.737693
vt 0.006943 0.754825
vt 0.006943 0.737692
vt 0.121108 0.754825
vt 0.006943 0.771958
vt 0.006943 0.754825
vt 0.121108 0.771958
vt 0.006943 0.789090
vt 0.006943 0.771958
vt 0.121108 0.789091
vt 0.006943 0.806223
vt 0.006943 0.789090
vt 0.121108 0.806223
vt 0.006943 0.823356
vt 0.006943 0.806223
vt 0.121108 0.823356
vt 0.006943 0.840489
vt 0.006943 0.823356
vt 0.121108 0.840489
vt 0.006943 0.857621
vt 0.006943 0.840489
vt 0.121108 0.857621
vt 0.006943 0.874754
vt 0.006943 0.857621
vt 0.121108 0.874754
vt 0.006943 0.891887
vt 0.006943 0.874754
vt 0.121108 0.891887
vt 0.006943 0.909020
vt 0.006943 0.891887
vt 0.121108 0.909020
vt 0.006943 0.926152
vt 0.006943 0.909020
vt 0.661280 0.239191
vt 0.673515 0.203130
vt 0.673515 0.242469
vt 0.555326 0.267580
vt 0.580438 0.296206
vt 0.546370 0.276536
vt 0.644890 0.178018
vt 0.673515 0.203130
vt 0.661280 0.206408
vt 0.616499 0.161627
vt 0.653846 0.169062
vt 0.644890 0.178018
vt 0.583717 0.161626
vt 0.619778 0.149392
vt 0.616499 0.161627
vt 0.583717 0.161626
vt 0.546371 0.169061
vt 0.580439 0.149392
vt 0.992853 0.453888
vt 0.964383 0.421702
vt 0.992853 0.421702
vt 0.964383 0.486074
vt 0.992853 0.453888
vt 0.992853 0.486075
vt 0.964383 0.132027
vt 0.992853 0.099840
vt 0.992853 0.132027
vt 0.992853 0.164213
vt 0.964383 0.132027
vt 0.992853 0.132027
vt 0.992853 0.196399
vt 0.964383 0.164213
vt 0.992853 0.164213
vt 0.964383 0.228585
vt 0.992853 0.196399
vt 0.992853 0.228585
vt 0.964383 0.260771
vt 0.992853 0.228585
vt 0.992853 0.260771
vt 0.964383 0.292957
vt 0.992853 0.260771
vt 0.992853 0.292957
vt 0.964383 0.325144
vt 0.992853 0.292957
vt 0.992853 0.325144
vt 0.964383 0.357330
vt 0.992853 0.325144
vt 0.992853 0.357330
vt 0.964383 0.389516
vt 0.992853 0.357330
vt 0.992853 0.389516
vt 0.992853 0.421702
vt 0.964383 0.389516
vt 0.992853 0.389516
vt 0.555326 0.267580
vt 0.526701 0.242468
vt 0.538935 0.239190
vt 0.661280 0.239191
vt 0.653845 0.276537
vt 0.644889 0.267581
vt 0.538935 0.239190
vt 0.526701 0.203129
vt 0.538936 0.206407
vt 0.616498 0.283972
vt 0.653845 0.276537
vt 0.619777 0.296206
vt 0.555327 0.178017
vt 0.526701 0.203129
vt 0.546371 0.169061
vt 0.583716 0.283971
vt 0.619777 0.296206
vt 0.580438 0.296206
vt 0.482416 0.200277
vt 0.436433 0.207016
vt 0.438622 0.200277
vt 0.402573 0.091427
vt 0.435813 0.058946
vt 0.438003 0.065686
vt 0.403193 0.091236
vt 0.382574 0.132886
vt 0.397460 0.087071
vt 0.438002 0.200468
vt 0.483985 0.207207
vt 0.435813 0.207207
vt 0.531378 0.132886
vt 0.523578 0.087071
vt 0.538464 0.132886
vt 0.517226 0.091427
vt 0.537844 0.133077
vt 0.530758 0.133077
vt 0.438622 0.200277
vt 0.397460 0.178701
vt 0.403193 0.174536
vt 0.389040 0.133077
vt 0.396840 0.087262
vt 0.402573 0.091427
vt 0.438622 0.065495
vt 0.397460 0.087071
vt 0.436433 0.058756
vt 0.481796 0.200468
vt 0.522958 0.178892
vt 0.483985 0.207207
vt 0.531378 0.132886
vt 0.523578 0.178701
vt 0.517845 0.174536
vt 0.481796 0.065686
vt 0.522958 0.087262
vt 0.517226 0.091427
vt 0.389660 0.132886
vt 0.397460 0.178701
vt 0.382574 0.132886
vt 0.389040 0.133077
vt 0.396840 0.178892
vt 0.381954 0.133077
vt 0.482416 0.065495
vt 0.436433 0.058756
vt 0.484606 0.058756
vt 0.530758 0.133077
vt 0.522958 0.178892
vt 0.517225 0.174727
vt 0.517845 0.174536
vt 0.484605 0.207016
vt 0.482416 0.200277
vt 0.438003 0.065686
vt 0.483986 0.058946
vt 0.481796 0.065686
vt 0.402573 0.174727
vt 0.435813 0.207207
vt 0.396840 0.178892
vt 0.517846 0.091236
vt 0.484606 0.058756
vt 0.523578 0.087071
vt 0.637868 0.373338
vt 0.594512 0.415854
vt 0.594512 0.373338
vt 0.272507 0.058756
vt 0.233535 0.018988
vt 0.272507 0.018988
vt 0.272507 0.058678
vt 0.233535 0.018909
vt 0.272507 0.018909
vt 0.898000 0.415854
vt 0.854645 0.373338
vt 0.898000 0.373338
vt 0.854645 0.415854
vt 0.811289 0.373338
vt 0.854645 0.373338
vt 0.811289 0.415854
vt 0.767934 0.373339
vt 0.811289 0.373338
vt 0.767934 0.415854
vt 0.724578 0.373339
vt 0.767934 0.373339
vt 0.724578 0.373339
vt 0.681223 0.415854
vt 0.681223 0.373338
vt 0.681223 0.373338
vt 0.637868 0.415854
vt 0.637868 0.373338
vt 0.320680 0.058756
vt 0.320680 0.207016
vt 0.233535 0.178701
vt 0.808881 0.415431
vt 0.852567 0.372591
vt 0.852567 0.415431
vt 0.765195 0.372591
vt 0.808881 0.415431
vt 0.765195 0.415431
vt 0.721509 0.372591
vt 0.765195 0.415431
vt 0.721509 0.415431
vt 0.677823 0.372591
vt 0.721509 0.415431
vt 0.677823 0.415431
vt 0.634137 0.372591
vt 0.677823 0.415431
vt 0.634137 0.415431
vt 0.590451 0.372591
vt 0.634137 0.415431
vt 0.590451 0.415431
vt 0.896253 0.372591
vt 0.957996 0.415431
vt 0.896253 0.415431
vt 0.852567 0.372591
vt 0.896253 0.415431
vt 0.852567 0.415431
vt 0.338125 0.102633
vt 0.374538 0.132808
vt 0.347929 0.132808
vt 0.338125 0.102633
vt 0.320680 0.058678
vt 0.359652 0.086993
vt 0.312457 0.083985
vt 0.272507 0.058678
vt 0.320680 0.058678
vt 0.255062 0.102633
vt 0.272507 0.058678
vt 0.280730 0.083985
vt 0.245258 0.132808
vt 0.233535 0.086993
vt 0.255062 0.102633
vt 0.255062 0.162982
vt 0.218648 0.132808
vt 0.245258 0.132808
vt 0.280730 0.181631
vt 0.233535 0.178623
vt 0.255062 0.162982
vt 0.280730 0.181631
vt 0.320680 0.206938
vt 0.272507 0.206938
vt 0.312457 0.181631
vt 0.359652 0.178623
vt 0.320680 0.206938
vt 0.347929 0.132808
vt 0.359652 0.178623
vt 0.338125 0.162982
vt 0.483986 0.058946
vt 0.522958 0.019178
vt 0.522958 0.087262
vt 0.898000 0.373338
vt 0.959276 0.415854
vt 0.898000 0.415854
vt 0.590451 0.415431
vt 0.528708 0.372591
vt 0.590451 0.372591
vt 0.320680 0.058678
vt 0.359652 0.018909
vt 0.359652 0.086993
vt 0.436433 0.058756
vt 0.397460 0.018988
vt 0.436433 0.018988
vt 0.435813 0.058946
vt 0.396840 0.019178
vt 0.435813 0.019178
vt 0.484606 0.058756
vt 0.523578 0.018988
vt 0.523578 0.087071
vt 0.594512 0.415854
vt 0.533237 0.373338
vt 0.594512 0.373338
vt 0.320680 0.058756
vt 0.359652 0.018988
vt 0.359652 0.087071
vt 0.541312 0.703998
vt 0.530876 0.774385
vt 0.530876 0.703998
vt 0.582248 0.703998
vt 0.571812 0.774385
vt 0.571812 0.703998
vt 0.623184 0.703998
vt 0.612748 0.774385
vt 0.612748 0.703998
vt 0.664120 0.703998
vt 0.653684 0.774385
vt 0.653684 0.703998
vt 0.328154 0.784583
vt 0.324808 0.792661
vt 0.296653 0.787126
vt 0.643652 0.703998
vt 0.633216 0.774385
vt 0.633216 0.703998
vt 0.684588 0.703998
vt 0.674152 0.774385
vt 0.674152 0.703998
vt 0.602716 0.703998
vt 0.592280 0.774385
vt 0.592280 0.703998
vt 0.561780 0.703998
vt 0.551344 0.774385
vt 0.551344 0.703998
vt 0.571812 0.774385
vt 0.561780 0.703998
vt 0.571812 0.703998
vt 0.541312 0.703998
vt 0.551344 0.774385
vt 0.541312 0.774385
vt 0.612748 0.774385
vt 0.602716 0.703998
vt 0.612748 0.703998
vt 0.582248 0.703998
vt 0.592280 0.774385
vt 0.582248 0.774385
vt 0.653684 0.774385
vt 0.643652 0.703998
vt 0.653684 0.703998
vt 0.623184 0.703998
vt 0.633216 0.774385
vt 0.623184 0.774385
vt 0.530876 0.774385
vt 0.520844 0.703998
vt 0.530876 0.703998
vt 0.664120 0.703998
vt 0.674152 0.774385
vt 0.664120 0.774385
vt 0.337627 0.746152
vt 0.343163 0.774306
vt 0.319090 0.753830
vt 0.343163 0.774306
vt 0.335085 0.777652
vt 0.319090 0.753830
vt 0.319090 0.753830
vt 0.328154 0.784583
vt 0.304332 0.768588
vt 0.399473 0.787126
vt 0.371318 0.792661
vt 0.367972 0.784583
vt 0.367972 0.810540
vt 0.371318 0.802462
vt 0.399473 0.807997
vt 0.399473 0.787126
vt 0.371318 0.802462
vt 0.371318 0.792661
vt 0.324808 0.802462
vt 0.328154 0.810540
vt 0.296653 0.807997
vt 0.371318 0.802462
vt 0.399473 0.787126
vt 0.399473 0.807997
vt 0.324808 0.792661
vt 0.296653 0.807997
vt 0.296653 0.787126
vt 0.391794 0.768588
vt 0.367972 0.784583
vt 0.361042 0.777652
vt 0.343163 0.774306
vt 0.337627 0.746152
vt 0.352964 0.774306
vt 0.319090 0.841293
vt 0.304332 0.826534
vt 0.335084 0.817470
vt 0.377036 0.753830
vt 0.352964 0.774306
vt 0.358499 0.746152
vt 0.335084 0.817470
vt 0.337627 0.848971
vt 0.319090 0.841293
vt 0.343163 0.820816
vt 0.337627 0.848971
vt 0.335084 0.817470
vt 0.377036 0.753830
vt 0.361042 0.777652
vt 0.352964 0.774306
vt 0.352964 0.820816
vt 0.358499 0.848971
vt 0.343163 0.820816
vt 0.377036 0.753830
vt 0.391794 0.768588
vt 0.361042 0.777652
vt 0.328154 0.810540
vt 0.304332 0.826534
vt 0.296653 0.807997
vt 0.304332 0.826534
vt 0.328154 0.810540
vt 0.335084 0.817470
vt 0.391794 0.768588
vt 0.399473 0.787126
vt 0.367972 0.784583
vt 0.361042 0.817470
vt 0.377036 0.841293
vt 0.352964 0.820816
vt 0.377036 0.841293
vt 0.358499 0.848971
vt 0.352964 0.820816
vt 0.367972 0.810540
vt 0.377036 0.841293
vt 0.361042 0.817470
vt 0.335085 0.777652
vt 0.328154 0.784583
vt 0.319090 0.753830
vt 0.337627 0.746152
vt 0.358499 0.746152
vt 0.352964 0.774306
vt 0.367972 0.810540
vt 0.399473 0.807997
vt 0.391794 0.826534
vt 0.358499 0.848971
vt 0.337627 0.848971
vt 0.343163 0.820816
vt 0.328154 0.784583
vt 0.296653 0.787126
vt 0.304332 0.768588
vt 0.377036 0.841293
vt 0.367972 0.810540
vt 0.391794 0.826534
vt 0.296653 0.807997
vt 0.324808 0.792661
vt 0.324808 0.802462
vt 0.697059 0.724178
vt 0.703175 0.779316
vt 0.697059 0.779316
vt 0.703175 0.724178
vt 0.709291 0.779316
vt 0.703175 0.779316
vt 0.709291 0.724178
vt 0.715407 0.779316
vt 0.709291 0.779316
vt 0.715407 0.724178
vt 0.721523 0.779316
vt 0.715407 0.779316
vt 0.721523 0.724178
vt 0.727639 0.779316
vt 0.721523 0.779316
vt 0.727639 0.724178
vt 0.733755 0.779316
vt 0.727639 0.779316
vt 0.733755 0.724178
vt 0.739871 0.779316
vt 0.733755 0.779316
vt 0.739871 0.724178
vt 0.745987 0.779316
vt 0.739871 0.779316
vt 0.745987 0.724178
vt 0.752103 0.779316
vt 0.745987 0.779316
vt 0.752103 0.724178
vt 0.758219 0.779316
vt 0.752103 0.779316
vt 0.758219 0.724178
vt 0.764335 0.779316
vt 0.758219 0.779316
vt 0.690943 0.724178
vt 0.697059 0.779316
vt 0.690943 0.779316
vt 0.705414 0.793787
vt 0.685646 0.799084
vt 0.690943 0.779316
vt 0.696945 0.724178
vt 0.703062 0.779316
vt 0.696946 0.779316
vt 0.703061 0.724178
vt 0.709178 0.779316
vt 0.703062 0.779316
vt 0.709177 0.724178
vt 0.715294 0.779316
vt 0.709178 0.779316
vt 0.715294 0.724178
vt 0.721410 0.779316
vt 0.715294 0.779316
vt 0.721410 0.724178
vt 0.727526 0.779316
vt 0.721410 0.779316
vt 0.727526 0.724178
vt 0.733642 0.779316
vt 0.727526 0.779316
vt 0.733642 0.724178
vt 0.739758 0.779316
vt 0.733642 0.779316
vt 0.739758 0.724178
vt 0.745874 0.779316
vt 0.739758 0.779316
vt 0.745874 0.724178
vt 0.751990 0.779316
vt 0.745874 0.779316
vt 0.751990 0.724178
vt 0.758106 0.779316
vt 0.751990 0.779316
vt 0.758106 0.724178
vt 0.764222 0.779316
vt 0.758106 0.779316
vt 0.690829 0.724178
vt 0.696946 0.779316
vt 0.690830 0.779316
vt 0.705300 0.793787
vt 0.685533 0.799084
vt 0.690830 0.779316
vt 0.779634 0.944371
vt 0.712017 0.932122
vt 0.779634 0.932122
vt 0.685346 0.978896
vt 0.704618 0.971497
vt 0.712017 0.978896
vt 0.779634 0.920796
vt 0.712017 0.908923
vt 0.779634 0.908923
vt 0.779634 0.991145
vt 0.712017 0.978896
vt 0.779634 0.978896
vt 0.779634 0.967570
vt 0.712017 0.955697
vt 0.779634 0.955697
vt 0.712017 0.978896
vt 0.779634 0.973233
vt 0.779634 0.978896
vt 0.712017 0.973233
vt 0.779634 0.967570
vt 0.779634 0.973233
vt 0.779634 0.944371
vt 0.712017 0.950034
vt 0.712017 0.944371
vt 0.779634 0.950034
vt 0.712017 0.955697
vt 0.712017 0.950034
vt 0.779634 0.920796
vt 0.712017 0.926459
vt 0.712017 0.920796
vt 0.779634 0.926459
vt 0.712017 0.932122
vt 0.712017 0.926459
vt 0.779634 0.897597
vt 0.712017 0.903260
vt 0.712017 0.897597
vt 0.779634 0.903260
vt 0.712017 0.908923
vt 0.712017 0.903260
vt 0.751619 0.779437
vt 0.757735 0.724299
vt 0.757735 0.779437
vt 0.745503 0.779437
vt 0.751619 0.724299
vt 0.751619 0.779437
vt 0.739387 0.779437
vt 0.745503 0.724299
vt 0.745503 0.779437
vt 0.733271 0.779437
vt 0.739387 0.724299
vt 0.739387 0.779437
vt 0.727155 0.779437
vt 0.733271 0.724299
vt 0.733271 0.779437
vt 0.721039 0.779437
vt 0.727155 0.724299
vt 0.727155 0.779437
vt 0.714923 0.779437
vt 0.721039 0.724299
vt 0.721039 0.779437
vt 0.708807 0.779437
vt 0.714923 0.724299
vt 0.714923 0.779437
vt 0.702691 0.779437
vt 0.708807 0.724299
vt 0.708807 0.779437
vt 0.696575 0.779437
vt 0.702691 0.724299
vt 0.702691 0.779437
vt 0.690459 0.779437
vt 0.696575 0.724299
vt 0.696575 0.779437
vt 0.757735 0.779437
vt 0.763851 0.724299
vt 0.763851 0.779437
vt 0.749381 0.793908
vt 0.752438 0.782495
vt 0.772206 0.787792
vt 0.751505 0.779437
vt 0.757621 0.724299
vt 0.757622 0.779437
vt 0.745389 0.779437
vt 0.751505 0.724299
vt 0.751505 0.779437
vt 0.739273 0.779437
vt 0.745389 0.724299
vt 0.745389 0.779437
vt 0.733157 0.779437
vt 0.739273 0.724299
vt 0.739273 0.779437
vt 0.727041 0.779437
vt 0.733157 0.724299
vt 0.733157 0.779437
vt 0.720925 0.779437
vt 0.727041 0.724299
vt 0.727041 0.779437
vt 0.714809 0.779437
vt 0.720925 0.724299
vt 0.720925 0.779437
vt 0.708693 0.779437
vt 0.714809 0.724299
vt 0.714809 0.779437
vt 0.702577 0.779437
vt 0.708693 0.724299
vt 0.708693 0.779437
vt 0.696461 0.779437
vt 0.702577 0.724299
vt 0.702577 0.779437
vt 0.690345 0.779437
vt 0.696461 0.724299
vt 0.696461 0.779437
vt 0.757622 0.779437
vt 0.763737 0.724299
vt 0.763738 0.779437
vt 0.749267 0.793908
vt 0.752325 0.782495
vt 0.772092 0.787792
vt 0.711618 0.959159
vt 0.779235 0.946910
vt 0.779235 0.959159
vt 0.684946 0.912385
vt 0.711618 0.912385
vt 0.704219 0.919784
vt 0.711618 0.982359
vt 0.779235 0.970485
vt 0.779235 0.982358
vt 0.711618 0.912385
vt 0.779235 0.900136
vt 0.779235 0.912385
vt 0.711618 0.935584
vt 0.779235 0.923711
vt 0.779235 0.935585
vt 0.779235 0.918048
vt 0.711618 0.912385
vt 0.779235 0.912385
vt 0.779235 0.923711
vt 0.711618 0.918048
vt 0.779235 0.918048
vt 0.711618 0.941247
vt 0.779235 0.946910
vt 0.711618 0.946910
vt 0.711618 0.935584
vt 0.779235 0.941247
vt 0.711618 0.941247
vt 0.711618 0.964822
vt 0.779235 0.970485
vt 0.711618 0.970485
vt 0.711618 0.959159
vt 0.779235 0.964822
vt 0.711618 0.964822
vt 0.711618 0.988021
vt 0.779235 0.993684
vt 0.711618 0.993684
vt 0.711618 0.982359
vt 0.779235 0.988021
vt 0.711618 0.988021
vt 0.697059 0.724178
vt 0.703175 0.724178
vt 0.703175 0.779316
vt 0.703175 0.724178
vt 0.709291 0.724178
vt 0.709291 0.779316
vt 0.709291 0.724178
vt 0.715407 0.724178
vt 0.715407 0.779316
vt 0.715407 0.724178
vt 0.721523 0.724178
vt 0.721523 0.779316
vt 0.721523 0.724178
vt 0.727639 0.724178
vt 0.727639 0.779316
vt 0.727639 0.724178
vt 0.733755 0.724178
vt 0.733755 0.779316
vt 0.733755 0.724178
vt 0.739871 0.724178
vt 0.739871 0.779316
vt 0.739871 0.724178
vt 0.745987 0.724178
vt 0.745987 0.779316
vt 0.745987 0.724178
vt 0.752103 0.724178
vt 0.752103 0.779316
vt 0.752103 0.724178
vt 0.758219 0.724178
vt 0.758219 0.779316
vt 0.758219 0.724178
vt 0.764335 0.724178
vt 0.764335 0.779316
vt 0.690943 0.724178
vt 0.697059 0.724178
vt 0.697059 0.779316
vt 0.690943 0.779316
vt 0.697059 0.779316
vt 0.702356 0.782374
vt 0.702356 0.782374
vt 0.705414 0.787671
vt 0.705414 0.793787
vt 0.705414 0.793787
vt 0.702356 0.799084
vt 0.697059 0.802142
vt 0.697059 0.802142
vt 0.690943 0.802142
vt 0.685646 0.799084
vt 0.685646 0.799084
vt 0.682588 0.793787
vt 0.682588 0.787671
vt 0.682588 0.787671
vt 0.685646 0.782375
vt 0.685646 0.799084
vt 0.685646 0.782375
vt 0.690943 0.779316
vt 0.685646 0.799084
vt 0.690943 0.779316
vt 0.702356 0.782374
vt 0.705414 0.793787
vt 0.705414 0.793787
vt 0.697059 0.802142
vt 0.685646 0.799084
vt 0.696945 0.724178
vt 0.703061 0.724178
vt 0.703062 0.779316
vt 0.703061 0.724178
vt 0.709177 0.724178
vt 0.709178 0.779316
vt 0.709177 0.724178
vt 0.715294 0.724178
vt 0.715294 0.779316
vt 0.715294 0.724178
vt 0.721410 0.724178
vt 0.721410 0.779316
vt 0.721410 0.724178
vt 0.727526 0.724178
vt 0.727526 0.779316
vt 0.727526 0.724178
vt 0.733642 0.724178
vt 0.733642 0.779316
vt 0.733642 0.724178
vt 0.739758 0.724178
vt 0.739758 0.779316
vt 0.739758 0.724178
vt 0.745874 0.724178
vt 0.745874 0.779316
vt 0.745874 0.724178
vt 0.751990 0.724178
vt 0.751990 0.779316
vt 0.751990 0.724178
vt 0.758106 0.724178
vt 0.758106 0.779316
vt 0.758106 0.724178
vt 0.764222 0.724178
vt 0.764222 0.779316
vt 0.690829 0.724178
vt 0.696945 0.724178
vt 0.696946 0.779316
vt 0.690830 0.779316
vt 0.696946 0.779316
vt 0.702242 0.782374
vt 0.702242 0.782374
vt 0.705300 0.787671
vt 0.705300 0.793787
vt 0.705300 0.793787
vt 0.702242 0.799084
vt 0.696946 0.802142
vt 0.696946 0.802142
vt 0.690830 0.802142
vt 0.685533 0.799084
vt 0.685533 0.799084
vt 0.682475 0.793787
vt 0.682475 0.787671
vt 0.682475 0.787671
vt 0.685533 0.782375
vt 0.685533 0.799084
vt 0.685533 0.782375
vt 0.690830 0.779316
vt 0.685533 0.799084
vt 0.690830 0.779316
vt 0.702242 0.782374
vt 0.705300 0.793787
vt 0.705300 0.793787
vt 0.696946 0.802142
vt 0.685533 0.799084
vt 0.779634 0.944371
vt 0.712017 0.944371
vt 0.712017 0.932122
vt 0.685346 0.991145
vt 0.685346 0.978896
vt 0.712017 0.978896
vt 0.685346 0.978896
vt 0.687513 0.973664
vt 0.692745 0.971497
vt 0.704618 0.971497
vt 0.685346 0.978896
vt 0.692745 0.971497
vt 0.704618 0.971497
vt 0.709850 0.973664
vt 0.712017 0.978896
vt 0.712017 0.978896
vt 0.712017 0.991145
vt 0.685346 0.991145
vt 0.712017 0.991145
vt 0.709850 0.996377
vt 0.704618 0.998544
vt 0.685346 0.991145
vt 0.712017 0.991145
vt 0.692745 0.998544
vt 0.704618 0.998544
vt 0.692745 0.998544
vt 0.712017 0.991145
vt 0.692745 0.998544
vt 0.687513 0.996377
vt 0.685346 0.991145
vt 0.779634 0.920796
vt 0.712017 0.920796
vt 0.712017 0.908923
vt 0.779634 0.991145
vt 0.712017 0.991145
vt 0.712017 0.978896
vt 0.779634 0.967570
vt 0.712017 0.967570
vt 0.712017 0.955697
vt 0.712017 0.978896
vt 0.712017 0.973233
vt 0.779634 0.973233
vt 0.712017 0.973233
vt 0.712017 0.967570
vt 0.779634 0.967570
vt 0.779634 0.944371
vt 0.779634 0.950034
vt 0.712017 0.950034
vt 0.779634 0.950034
vt 0.779634 0.955697
vt 0.712017 0.955697
vt 0.779634 0.920796
vt 0.779634 0.926459
vt 0.712017 0.926459
vt 0.779634 0.926459
vt 0.779634 0.932122
vt 0.712017 0.932122
vt 0.779634 0.897597
vt 0.779634 0.903260
vt 0.712017 0.903260
vt 0.779634 0.903260
vt 0.779634 0.908923
vt 0.712017 0.908923
vt 0.751619 0.779437
vt 0.751619 0.724299
vt 0.757735 0.724299
vt 0.745503 0.779437
vt 0.745503 0.724299
vt 0.751619 0.724299
vt 0.739387 0.779437
vt 0.739387 0.724299
vt 0.745503 0.724299
vt 0.733271 0.779437
vt 0.733271 0.724299
vt 0.739387 0.724299
vt 0.727155 0.779437
vt 0.727155 0.724299
vt 0.733271 0.724299
vt 0.721039 0.779437
vt 0.721039 0.724299
vt 0.727155 0.724299
vt 0.714923 0.779437
vt 0.714923 0.724299
vt 0.721039 0.724299
vt 0.708807 0.779437
vt 0.708807 0.724299
vt 0.714923 0.724299
vt 0.702691 0.779437
vt 0.702691 0.724299
vt 0.708807 0.724299
vt 0.696575 0.779437
vt 0.696575 0.724299
vt 0.702691 0.724299
vt 0.690459 0.779437
vt 0.690459 0.724299
vt 0.696575 0.724299
vt 0.757735 0.779437
vt 0.757735 0.724299
vt 0.763851 0.724299
vt 0.752438 0.782495
vt 0.757735 0.779437
vt 0.763851 0.779437
vt 0.763851 0.779437
vt 0.769148 0.782495
vt 0.752438 0.782495
vt 0.769148 0.782495
vt 0.772206 0.787792
vt 0.752438 0.782495
vt 0.772206 0.787792
vt 0.772206 0.793908
vt 0.757735 0.802263
vt 0.772206 0.793908
vt 0.769148 0.799205
vt 0.757735 0.802263
vt 0.769148 0.799205
vt 0.763851 0.802263
vt 0.757735 0.802263
vt 0.757735 0.802263
vt 0.752439 0.799205
vt 0.749381 0.793908
vt 0.749381 0.793908
vt 0.749380 0.787792
vt 0.752438 0.782495
vt 0.757735 0.802263
vt 0.749381 0.793908
vt 0.772206 0.787792
vt 0.751505 0.779437
vt 0.751505 0.724299
vt 0.757621 0.724299
vt 0.745389 0.779437
vt 0.745389 0.724299
vt 0.751505 0.724299
vt 0.739273 0.779437
vt 0.739273 0.724299
vt 0.745389 0.724299
vt 0.733157 0.779437
vt 0.733157 0.724299
vt 0.739273 0.724299
vt 0.727041 0.779437
vt 0.727041 0.724299
vt 0.733157 0.724299
vt 0.720925 0.779437
vt 0.720925 0.724299
vt 0.727041 0.724299
vt 0.714809 0.779437
vt 0.714809 0.724299
vt 0.720925 0.724299
vt 0.708693 0.779437
vt 0.708693 0.724299
vt 0.714809 0.724299
vt 0.702577 0.779437
vt 0.702577 0.724299
vt 0.708693 0.724299
vt 0.696461 0.779437
vt 0.696461 0.724299
vt 0.702577 0.724299
vt 0.690345 0.779437
vt 0.690345 0.724299
vt 0.696461 0.724299
vt 0.757622 0.779437
vt 0.757621 0.724299
vt 0.763737 0.724299
vt 0.752325 0.782495
vt 0.757622 0.779437
vt 0.763738 0.779437
vt 0.763738 0.779437
vt 0.769034 0.782495
vt 0.752325 0.782495
vt 0.769034 0.782495
vt 0.772092 0.787792
vt 0.752325 0.782495
vt 0.772092 0.787792
vt 0.772092 0.793908
vt 0.757622 0.802263
vt 0.772092 0.793908
vt 0.769034 0.799205
vt 0.757622 0.802263
vt 0.769034 0.799205
vt 0.763738 0.802263
vt 0.757622 0.802263
vt 0.757622 0.802263
vt 0.752325 0.799205
vt 0.749267 0.793908
vt 0.749267 0.793908
vt 0.749267 0.787792
vt 0.752325 0.782495
vt 0.757622 0.802263
vt 0.749267 0.793908
vt 0.772092 0.787792
vt 0.711618 0.959159
vt 0.711618 0.946910
vt 0.779235 0.946910
vt 0.687113 0.917617
vt 0.684946 0.912385
vt 0.692345 0.919784
vt 0.684946 0.912385
vt 0.684946 0.900136
vt 0.711618 0.912385
vt 0.684946 0.900136
vt 0.687113 0.894904
vt 0.692345 0.892737
vt 0.692345 0.892737
vt 0.704219 0.892737
vt 0.711618 0.900136
vt 0.704219 0.892737
vt 0.709450 0.894904
vt 0.711618 0.900136
vt 0.711618 0.900136
vt 0.711618 0.912385
vt 0.684946 0.900136
vt 0.692345 0.892737
vt 0.711618 0.900136
vt 0.684946 0.900136
vt 0.711618 0.912385
vt 0.709450 0.917617
vt 0.704219 0.919784
vt 0.704219 0.919784
vt 0.692345 0.919784
vt 0.684946 0.912385
vt 0.711618 0.982359
vt 0.711618 0.970485
vt 0.779235 0.970485
vt 0.711618 0.912385
vt 0.711618 0.900136
vt 0.779235 0.900136
vt 0.711618 0.935584
vt 0.711618 0.923711
vt 0.779235 0.923711
vt 0.779235 0.918048
vt 0.711618 0.918048
vt 0.711618 0.912385
vt 0.779235 0.923711
vt 0.711618 0.923711
vt 0.711618 0.918048
vt 0.711618 0.941247
vt 0.779235 0.941247
vt 0.779235 0.946910
vt 0.711618 0.935584
vt 0.779235 0.935585
vt 0.779235 0.941247
vt 0.711618 0.964822
vt 0.779235 0.964822
vt 0.779235 0.970485
vt 0.711618 0.959159
vt 0.779235 0.959159
vt 0.779235 0.964822
vt 0.711618 0.988021
vt 0.779235 0.988021
vt 0.779235 0.993684
vt 0.711618 0.982359
vt 0.779235 0.982358
vt 0.779235 0.988021
vt 0.948019 0.228502
vt 0.985539 0.217620
vt 0.985550 0.228514
vt 0.985746 0.143946
vt 0.948279 0.133040
vt 0.985811 0.133052
vt 0.985925 0.115756
vt 0.948469 0.104850
vt 0.986001 0.104862
vt 0.986124 0.087566
vt 0.948669 0.076660
vt 0.986200 0.076672
vt 0.986284 0.059159
vt 0.948804 0.039082
vt 0.986334 0.038849
vt 0.948644 0.024222
vt 0.985805 0.009575
vt 0.986159 0.024003
vt 0.948805 0.408606
vt 0.986292 0.393944
vt 0.986334 0.408848
vt 0.948699 0.378840
vt 0.986192 0.358787
vt 0.986230 0.379096
vt 0.948587 0.341262
vt 0.986049 0.330379
vt 0.986119 0.341273
vt 0.948405 0.313072
vt 0.985867 0.302189
vt 0.985937 0.313083
vt 0.948232 0.284882
vt 0.985706 0.273999
vt 0.985764 0.284893
vt 0.948096 0.256692
vt 0.985590 0.245810
vt 0.985628 0.256703
vt 0.768998 0.109947
vt 0.884175 0.013099
vt 0.933585 0.109997
vt 0.985613 0.172135
vt 0.948126 0.161230
vt 0.985657 0.161242
vt 0.985544 0.200325
vt 0.948031 0.189419
vt 0.985562 0.189431
vt 0.717778 0.061312
vt 0.734477 0.017107
vt 0.757271 0.035365
vt 0.948008 0.217609
vt 0.985544 0.200325
vt 0.985539 0.217620
vt 0.948081 0.172124
vt 0.985562 0.189431
vt 0.948031 0.189419
vt 0.948214 0.143934
vt 0.985657 0.161242
vt 0.948126 0.161230
vt 0.948393 0.115745
vt 0.985811 0.133052
vt 0.948279 0.133040
vt 0.948592 0.087555
vt 0.986001 0.104862
vt 0.948469 0.104850
vt 0.948753 0.059150
vt 0.986200 0.076672
vt 0.948669 0.076660
vt 0.986159 0.024003
vt 0.948804 0.039082
vt 0.948644 0.024222
vt 0.986230 0.379096
vt 0.948762 0.393702
vt 0.948699 0.378840
vt 0.986119 0.341273
vt 0.948661 0.358772
vt 0.948587 0.341262
vt 0.985937 0.313083
vt 0.948518 0.330367
vt 0.948405 0.313072
vt 0.985764 0.284893
vt 0.948336 0.302177
vt 0.948232 0.284882
vt 0.985628 0.256703
vt 0.948174 0.273988
vt 0.948096 0.256692
vt 0.985550 0.228514
vt 0.948058 0.245798
vt 0.948019 0.228502
vt 0.772731 0.043641
vt 0.914422 0.021679
vt 0.901367 0.153609
vt 0.581573 0.040485
vt 0.447303 0.048622
vt 0.447303 0.040485
vt 0.447303 0.048622
vt 0.447304 0.072704
vt 0.313035 0.048622
vt 0.589710 0.048622
vt 0.581573 0.072704
vt 0.581573 0.048622
vt 0.447303 0.040485
vt 0.313035 0.048622
vt 0.313035 0.040485
vt 0.304897 0.048622
vt 0.313035 0.072704
vt 0.304897 0.072704
vt 0.447304 0.080841
vt 0.581573 0.072704
vt 0.581573 0.080841
vt 0.313035 0.080841
vt 0.447304 0.072704
vt 0.447304 0.080841
vt 0.634152 0.094807
vt 0.598550 0.087100
vt 0.634152 0.087100
vt 0.598550 0.087100
vt 0.634152 0.036240
vt 0.634152 0.087100
vt 0.696322 0.102514
vt 0.660721 0.173718
vt 0.660721 0.102514
vt 0.660721 0.094807
vt 0.696322 0.102514
vt 0.660721 0.102514
vt 0.660721 0.087100
vt 0.696322 0.094807
vt 0.660721 0.094807
vt 0.634152 0.102515
vt 0.598550 0.094807
vt 0.634152 0.094807
vt 0.660721 0.102514
vt 0.634152 0.173718
vt 0.634152 0.102515
vt 0.634152 0.102515
vt 0.598550 0.173718
vt 0.598550 0.102514
vt 0.634152 0.200287
vt 0.598550 0.173718
vt 0.634152 0.173718
vt 0.931302 0.536102
vt 0.995310 0.472094
vt 0.995310 0.536102
vt 0.634152 0.036240
vt 0.598550 0.009672
vt 0.634152 0.009672
vt 0.634152 0.087100
vt 0.660721 0.036240
vt 0.660721 0.087100
vt 0.660721 0.087100
vt 0.696322 0.036240
vt 0.696322 0.087100
vt 0.931302 0.555304
vt 0.995310 0.536102
vt 0.995310 0.555304
vt 0.931302 0.472094
vt 0.995310 0.452891
vt 0.995310 0.472094
vt 0.931302 0.619313
vt 0.995310 0.555304
vt 0.995310 0.619313
vt 0.912100 0.555304
vt 0.931302 0.619313
vt 0.912100 0.619313
vt 0.121108 0.926152
vt 0.121108 0.943285
vt 0.006943 0.943285
vt 0.006943 0.943285
vt 0.121108 0.943285
vt 0.121108 0.960418
vt 0.121108 0.960418
vt 0.121108 0.977550
vt 0.006943 0.977551
vt 0.121108 0.977550
vt 0.121108 0.994683
vt 0.006943 0.994683
vt 0.121108 0.720560
vt 0.121108 0.737693
vt 0.006943 0.737692
vt 0.121108 0.737693
vt 0.121108 0.754825
vt 0.006943 0.754825
vt 0.121108 0.754825
vt 0.121108 0.771958
vt 0.006943 0.771958
vt 0.121108 0.771958
vt 0.121108 0.789091
vt 0.006943 0.789090
vt 0.121108 0.789091
vt 0.121108 0.806223
vt 0.006943 0.806223
vt 0.121108 0.806223
vt 0.121108 0.823356
vt 0.006943 0.823356
vt 0.121108 0.823356
vt 0.121108 0.840489
vt 0.006943 0.840489
vt 0.121108 0.840489
vt 0.121108 0.857621
vt 0.006943 0.857621
vt 0.121108 0.857621
vt 0.121108 0.874754
vt 0.006943 0.874754
vt 0.121108 0.874754
vt 0.121108 0.891887
vt 0.006943 0.891887
vt 0.121108 0.891887
vt 0.121108 0.909020
vt 0.006943 0.909020
vt 0.121108 0.909020
vt 0.121108 0.926152
vt 0.006943 0.926152
vt 0.661280 0.239191
vt 0.661280 0.206408
vt 0.673515 0.203130
vt 0.555326 0.267580
vt 0.583716 0.283971
vt 0.580438 0.296206
vt 0.644890 0.178018
vt 0.653846 0.169062
vt 0.673515 0.203130
vt 0.616499 0.161627
vt 0.619778 0.149392
vt 0.653846 0.169062
vt 0.583717 0.161626
vt 0.580439 0.149392
vt 0.619778 0.149392
vt 0.583717 0.161626
vt 0.555327 0.178017
vt 0.546371 0.169061
vt 0.992853 0.453888
vt 0.964383 0.453888
vt 0.964383 0.421702
vt 0.964383 0.486074
vt 0.964383 0.453888
vt 0.992853 0.453888
vt 0.964383 0.132027
vt 0.964382 0.099841
vt 0.992853 0.099840
vt 0.992853 0.164213
vt 0.964383 0.164213
vt 0.964383 0.132027
vt 0.992853 0.196399
vt 0.964383 0.196399
vt 0.964383 0.164213
vt 0.964383 0.228585
vt 0.964383 0.196399
vt 0.992853 0.196399
vt 0.964383 0.260771
vt 0.964383 0.228585
vt 0.992853 0.228585
vt 0.964383 0.292957
vt 0.964383 0.260771
vt 0.992853 0.260771
vt 0.964383 0.325144
vt 0.964383 0.292957
vt 0.992853 0.292957
vt 0.964383 0.357330
vt 0.964383 0.325144
vt 0.992853 0.325144
vt 0.964383 0.389516
vt 0.964383 0.357330
vt 0.992853 0.357330
vt 0.992853 0.421702
vt 0.964383 0.421702
vt 0.964383 0.389516
vt 0.555326 0.267580
vt 0.546370 0.276536
vt 0.526701 0.242468
vt 0.661280 0.239191
vt 0.673515 0.242469
vt 0.653845 0.276537
vt 0.538935 0.239190
vt 0.526701 0.242468
vt 0.526701 0.203129
vt 0.616498 0.283972
vt 0.644889 0.267581
vt 0.653845 0.276537
vt 0.555327 0.178017
vt 0.538936 0.206407
vt 0.526701 0.203129
vt 0.583716 0.283971
vt 0.616498 0.283972
vt 0.619777 0.296206
vt 0.482416 0.200277
vt 0.484605 0.207016
vt 0.436433 0.207016
vt 0.402573 0.091427
vt 0.396840 0.087262
vt 0.435813 0.058946
vt 0.403193 0.091236
vt 0.389660 0.132886
vt 0.382574 0.132886
vt 0.438002 0.200468
vt 0.481796 0.200468
vt 0.483985 0.207207
vt 0.531378 0.132886
vt 0.517846 0.091236
vt 0.523578 0.087071
vt 0.517226 0.091427
vt 0.522958 0.087262
vt 0.537844 0.133077
vt 0.438622 0.200277
vt 0.436433 0.207016
vt 0.397460 0.178701
vt 0.389040 0.133077
vt 0.381954 0.133077
vt 0.396840 0.087262
vt 0.438622 0.065495
vt 0.403193 0.091236
vt 0.397460 0.087071
vt 0.481796 0.200468
vt 0.517225 0.174727
vt 0.522958 0.178892
vt 0.531378 0.132886
vt 0.538464 0.132886
vt 0.523578 0.178701
vt 0.481796 0.065686
vt 0.483986 0.058946
vt 0.522958 0.087262
vt 0.389660 0.132886
vt 0.403193 0.174536
vt 0.397460 0.178701
vt 0.389040 0.133077
vt 0.402573 0.174727
vt 0.396840 0.178892
vt 0.482416 0.065495
vt 0.438622 0.065495
vt 0.436433 0.058756
vt 0.530758 0.133077
vt 0.537844 0.133077
vt 0.522958 0.178892
vt 0.517845 0.174536
vt 0.523578 0.178701
vt 0.484605 0.207016
vt 0.438003 0.065686
vt 0.435813 0.058946
vt 0.483986 0.058946
vt 0.402573 0.174727
vt 0.438002 0.200468
vt 0.435813 0.207207
vt 0.517846 0.091236
vt 0.482416 0.065495
vt 0.484606 0.058756
vt 0.637868 0.373338
vt 0.637868 0.415854
vt 0.594512 0.415854
vt 0.272507 0.058756
vt 0.233535 0.087071
vt 0.233535 0.018988
vt 0.272507 0.058678
vt 0.233535 0.086993
vt 0.233535 0.018909
vt 0.898000 0.415854
vt 0.854645 0.415854
vt 0.854645 0.373338
vt 0.854645 0.415854
vt 0.811289 0.415854
vt 0.811289 0.373338
vt 0.811289 0.415854
vt 0.767934 0.415854
vt 0.767934 0.373339
vt 0.767934 0.415854
vt 0.724578 0.415854
vt 0.724578 0.373339
vt 0.724578 0.373339
vt 0.724578 0.415854
vt 0.681223 0.415854
vt 0.681223 0.373338
vt 0.681223 0.415854
vt 0.637868 0.415854
vt 0.233535 0.178701
vt 0.218648 0.132886
vt 0.233535 0.087071
vt 0.233535 0.087071
vt 0.272507 0.058756
vt 0.320680 0.058756
vt 0.320680 0.058756
vt 0.359652 0.087071
vt 0.374539 0.132886
vt 0.374539 0.132886
vt 0.359652 0.178701
vt 0.320680 0.207016
vt 0.320680 0.207016
vt 0.272507 0.207016
vt 0.233535 0.178701
vt 0.233535 0.178701
vt 0.233535 0.087071
vt 0.320680 0.058756
vt 0.320680 0.058756
vt 0.374539 0.132886
vt 0.320680 0.207016
vt 0.808881 0.415431
vt 0.808881 0.372591
vt 0.852567 0.372591
vt 0.765195 0.372591
vt 0.808881 0.372591
vt 0.808881 0.415431
vt 0.721509 0.372591
vt 0.765195 0.372591
vt 0.765195 0.415431
vt 0.677823 0.372591
vt 0.721509 0.372591
vt 0.721509 0.415431
vt 0.634137 0.372591
vt 0.677823 0.372591
vt 0.677823 0.415431
vt 0.590451 0.372591
vt 0.634137 0.372591
vt 0.634137 0.415431
vt 0.896253 0.372591
vt 0.957996 0.372591
vt 0.957996 0.415431
vt 0.852567 0.372591
vt 0.896253 0.372591
vt 0.896253 0.415431
vt 0.338125 0.102633
vt 0.359652 0.086993
vt 0.374538 0.132808
vt 0.338125 0.102633
vt 0.312457 0.083985
vt 0.320680 0.058678
vt 0.312457 0.083985
vt 0.280730 0.083985
vt 0.272507 0.058678
vt 0.255062 0.102633
vt 0.233535 0.086993
vt 0.272507 0.058678
vt 0.245258 0.132808
vt 0.218648 0.132808
vt 0.233535 0.086993
vt 0.255062 0.162982
vt 0.233535 0.178623
vt 0.218648 0.132808
vt 0.280730 0.181631
vt 0.272507 0.206938
vt 0.233535 0.178623
vt 0.280730 0.181631
vt 0.312457 0.181631
vt 0.320680 0.206938
vt 0.312457 0.181631
vt 0.338125 0.162982
vt 0.359652 0.178623
vt 0.347929 0.132808
vt 0.374538 0.132808
vt 0.359652 0.178623
vt 0.483986 0.058946
vt 0.483986 0.019178
vt 0.522958 0.019178
vt 0.898000 0.373338
vt 0.959276 0.373338
vt 0.959276 0.415854
vt 0.590451 0.415431
vt 0.528708 0.415431
vt 0.528708 0.372591
vt 0.320680 0.058678
vt 0.320680 0.018909
vt 0.359652 0.018909
vt 0.436433 0.058756
vt 0.397460 0.087071
vt 0.397460 0.018988
vt 0.435813 0.058946
vt 0.396840 0.087262
vt 0.396840 0.019178
vt 0.484606 0.058756
vt 0.484606 0.018988
vt 0.523578 0.018988
vt 0.594512 0.415854
vt 0.533237 0.415854
vt 0.533237 0.373338
vt 0.320680 0.058756
vt 0.320680 0.018988
vt 0.359652 0.018988
vt 0.541312 0.703998
vt 0.541312 0.774385
vt 0.530876 0.774385
vt 0.582248 0.703998
vt 0.582248 0.774385
vt 0.571812 0.774385
vt 0.623184 0.703998
vt 0.623184 0.774385
vt 0.612748 0.774385
vt 0.664120 0.703998
vt 0.664120 0.774385
vt 0.653684 0.774385
vt 0.643652 0.703998
vt 0.643652 0.774385
vt 0.633216 0.774385
vt 0.684588 0.703998
vt 0.684588 0.774385
vt 0.674152 0.774385
vt 0.602716 0.703998
vt 0.602716 0.774385
vt 0.592280 0.774385
vt 0.561780 0.703998
vt 0.561780 0.774385
vt 0.551344 0.774385
vt 0.571812 0.774385
vt 0.561780 0.774385
vt 0.561780 0.703998
vt 0.541312 0.703998
vt 0.551344 0.703998
vt 0.551344 0.774385
vt 0.612748 0.774385
vt 0.602716 0.774385
vt 0.602716 0.703998
vt 0.582248 0.703998
vt 0.592280 0.703998
vt 0.592280 0.774385
vt 0.653684 0.774385
vt 0.643652 0.774385
vt 0.643652 0.703998
vt 0.623184 0.703998
vt 0.633216 0.703998
vt 0.633216 0.774385
vt 0.530876 0.774385
vt 0.520844 0.774385
vt 0.520844 0.703998
vt 0.664120 0.703998
vt 0.674152 0.703998
vt 0.674152 0.774385
vt 0.948019 0.228502
vt 0.948008 0.217609
vt 0.985539 0.217620
vt 0.985746 0.143946
vt 0.948214 0.143934
vt 0.948279 0.133040
vt 0.985925 0.115756
vt 0.948393 0.115745
vt 0.948469 0.104850
vt 0.986124 0.087566
vt 0.948592 0.087555
vt 0.948669 0.076660
vt 0.986284 0.059159
vt 0.948753 0.059150
vt 0.948804 0.039082
vt 0.948644 0.024222
vt 0.948294 0.008962
vt 0.985805 0.009575
vt 0.948805 0.408606
vt 0.948762 0.393702
vt 0.986292 0.393944
vt 0.948699 0.378840
vt 0.948661 0.358772
vt 0.986192 0.358787
vt 0.948587 0.341262
vt 0.948518 0.330367
vt 0.986049 0.330379
vt 0.948405 0.313072
vt 0.948336 0.302177
vt 0.985867 0.302189
vt 0.948232 0.284882
vt 0.948174 0.273988
vt 0.985706 0.273999
vt 0.948096 0.256692
vt 0.948058 0.245798
vt 0.985590 0.245810
vt 0.903989 0.154262
vt 0.893226 0.161449
vt 0.874240 0.169307
vt 0.874240 0.169307
vt 0.861547 0.171828
vt 0.840999 0.171821
vt 0.840999 0.171821
vt 0.828307 0.169293
vt 0.809326 0.161424
vt 0.809326 0.161424
vt 0.798568 0.154230
vt 0.784043 0.139696
vt 0.784043 0.139696
vt 0.776856 0.128933
vt 0.768998 0.109947
vt 0.768998 0.109947
vt 0.766477 0.097252
vt 0.766482 0.076704
vt 0.766482 0.076704
vt 0.769010 0.064011
vt 0.775460 0.044234
vt 0.775460 0.044234
vt 0.785484 0.022603
vt 0.800364 0.013099
vt 0.818069 0.013100
vt 0.850759 0.013102
vt 0.884175 0.013099
vt 0.775460 0.044234
vt 0.800364 0.013099
vt 0.818069 0.013100
vt 0.768998 0.109947
vt 0.766482 0.076704
vt 0.775460 0.044234
vt 0.809326 0.161424
vt 0.784043 0.139696
vt 0.768998 0.109947
vt 0.874240 0.169307
vt 0.840999 0.171821
vt 0.809326 0.161424
vt 0.918522 0.139737
vt 0.903989 0.154262
vt 0.874240 0.169307
vt 0.933585 0.109997
vt 0.925716 0.128978
vt 0.918522 0.139737
vt 0.936122 0.076756
vt 0.936114 0.097304
vt 0.933585 0.109997
vt 0.927176 0.044276
vt 0.933601 0.064061
vt 0.936122 0.076756
vt 0.902308 0.013114
vt 0.917178 0.022633
vt 0.927176 0.044276
vt 0.775460 0.044234
vt 0.818069 0.013100
vt 0.884175 0.013099
vt 0.884175 0.013099
vt 0.902308 0.013114
vt 0.927176 0.044276
vt 0.927176 0.044276
vt 0.936122 0.076756
vt 0.933585 0.109997
vt 0.933585 0.109997
vt 0.918522 0.139737
vt 0.874240 0.169307
vt 0.874240 0.169307
vt 0.809326 0.161424
vt 0.768998 0.109947
vt 0.768998 0.109947
vt 0.775460 0.044234
vt 0.884175 0.013099
vt 0.884175 0.013099
vt 0.927176 0.044276
vt 0.933585 0.109997
vt 0.933585 0.109997
vt 0.874240 0.169307
vt 0.768998 0.109947
vt 0.985613 0.172135
vt 0.948081 0.172124
vt 0.948126 0.161230
vt 0.985544 0.200325
vt 0.948013 0.200313
vt 0.948031 0.189419
vt 0.757271 0.035365
vt 0.757271 0.048480
vt 0.746950 0.062685
vt 0.746950 0.062685
vt 0.734477 0.066738
vt 0.717778 0.061312
vt 0.717778 0.061312
vt 0.710069 0.050702
vt 0.710069 0.033143
vt 0.710069 0.033143
vt 0.717778 0.022533
vt 0.734477 0.017107
vt 0.734477 0.017107
vt 0.746950 0.021160
vt 0.757271 0.035365
vt 0.757271 0.035365
vt 0.746950 0.062685
vt 0.717778 0.061312
vt 0.717778 0.061312
vt 0.710069 0.033143
vt 0.734477 0.017107
vt 0.948008 0.217609
vt 0.948013 0.200313
vt 0.985544 0.200325
vt 0.948081 0.172124
vt 0.985613 0.172135
vt 0.985562 0.189431
vt 0.948214 0.143934
vt 0.985746 0.143946
vt 0.985657 0.161242
vt 0.948393 0.115745
vt 0.985925 0.115756
vt 0.985811 0.133052
vt 0.948592 0.087555
vt 0.986124 0.087566
vt 0.986001 0.104862
vt 0.948753 0.059150
vt 0.986284 0.059159
vt 0.986200 0.076672
vt 0.986159 0.024003
vt 0.986334 0.038849
vt 0.948804 0.039082
vt 0.986230 0.379096
vt 0.986292 0.393944
vt 0.948762 0.393702
vt 0.986119 0.341273
vt 0.986192 0.358787
vt 0.948661 0.358772
vt 0.985937 0.313083
vt 0.986049 0.330379
vt 0.948518 0.330367
vt 0.985764 0.284893
vt 0.985867 0.302189
vt 0.948336 0.302177
vt 0.985628 0.256703
vt 0.985706 0.273999
vt 0.948174 0.273988
vt 0.985550 0.228514
vt 0.985590 0.245810
vt 0.948058 0.245798
vt 0.871627 0.168672
vt 0.858935 0.171200
vt 0.838388 0.171206
vt 0.838388 0.171206
vt 0.825694 0.168685
vt 0.806708 0.160828
vt 0.806708 0.160828
vt 0.795946 0.153641
vt 0.781412 0.139115
vt 0.781412 0.139115
vt 0.774219 0.128357
vt 0.766349 0.109375
vt 0.766349 0.109375
vt 0.763820 0.096682
vt 0.763813 0.076134
vt 0.763813 0.076134
vt 0.766334 0.063440
vt 0.772731 0.043641
vt 0.772731 0.043641
vt 0.782785 0.021708
vt 0.797627 0.012177
vt 0.814772 0.012162
vt 0.848188 0.012165
vt 0.881865 0.012163
vt 0.772731 0.043641
vt 0.797627 0.012177
vt 0.814772 0.012162
vt 0.766349 0.109375
vt 0.763813 0.076134
vt 0.772731 0.043641
vt 0.806708 0.160828
vt 0.781412 0.139115
vt 0.766349 0.109375
vt 0.871627 0.168672
vt 0.838388 0.171206
vt 0.806708 0.160828
vt 0.901367 0.153609
vt 0.890608 0.160803
vt 0.871627 0.168672
vt 0.923079 0.128312
vt 0.915892 0.139075
vt 0.901367 0.153609
vt 0.933458 0.096632
vt 0.930936 0.109326
vt 0.923079 0.128312
vt 0.930925 0.063390
vt 0.933453 0.076084
vt 0.933458 0.096632
vt 0.914422 0.021679
vt 0.924503 0.043600
vt 0.930925 0.063390
vt 0.881865 0.012163
vt 0.899570 0.012162
vt 0.914422 0.021679
vt 0.772731 0.043641
vt 0.814772 0.012162
vt 0.881865 0.012163
vt 0.806708 0.160828
vt 0.766349 0.109375
vt 0.772731 0.043641
vt 0.901367 0.153609
vt 0.871627 0.168672
vt 0.806708 0.160828
vt 0.933458 0.096632
vt 0.923079 0.128312
vt 0.901367 0.153609
vt 0.914422 0.021679
vt 0.930925 0.063390
vt 0.933458 0.096632
vt 0.772731 0.043641
vt 0.881865 0.012163
vt 0.914422 0.021679
vt 0.901367 0.153609
vt 0.806708 0.160828
vt 0.772731 0.043641
vt 0.914422 0.021679
vt 0.933458 0.096632
vt 0.901367 0.153609
vt 0.581573 0.040485
vt 0.581573 0.048622
vt 0.447303 0.048622
vt 0.447303 0.048622
vt 0.581573 0.048622
vt 0.581573 0.072704
vt 0.447304 0.072704
vt 0.313035 0.072704
vt 0.313035 0.048622
vt 0.447303 0.048622
vt 0.581573 0.072704
vt 0.447304 0.072704
vt 0.589710 0.048622
vt 0.589710 0.072704
vt 0.581573 0.072704
vt 0.447303 0.040485
vt 0.447303 0.048622
vt 0.313035 0.048622
vt 0.304897 0.048622
vt 0.313035 0.048622
vt 0.313035 0.072704
vt 0.447304 0.080841
vt 0.447304 0.072704
vt 0.581573 0.072704
vt 0.313035 0.080841
vt 0.313035 0.072704
vt 0.447304 0.072704
vt 0.634152 0.094807
vt 0.598550 0.094807
vt 0.598550 0.087100
vt 0.598550 0.087100
vt 0.598550 0.036240
vt 0.634152 0.036240
vt 0.696322 0.102514
vt 0.696322 0.173718
vt 0.660721 0.173718
vt 0.660721 0.094807
vt 0.696322 0.094807
vt 0.696322 0.102514
vt 0.660721 0.087100
vt 0.696322 0.087100
vt 0.696322 0.094807
vt 0.634152 0.102515
vt 0.598550 0.102514
vt 0.598550 0.094807
vt 0.660721 0.102514
vt 0.660721 0.173718
vt 0.634152 0.173718
vt 0.634152 0.102515
vt 0.634152 0.173718
vt 0.598550 0.173718
vt 0.634152 0.200287
vt 0.598550 0.200286
vt 0.598550 0.173718
vt 0.931302 0.536102
vt 0.931302 0.472094
vt 0.995310 0.472094
vt 0.634152 0.036240
vt 0.598550 0.036240
vt 0.598550 0.009672
vt 0.634152 0.087100
vt 0.634152 0.036240
vt 0.660721 0.036240
vt 0.660721 0.087100
vt 0.660721 0.036240
vt 0.696322 0.036240
vt 0.931302 0.555304
vt 0.931302 0.536102
vt 0.995310 0.536102
vt 0.931302 0.472094
vt 0.931302 0.452891
vt 0.995310 0.452891
vt 0.931302 0.619313
vt 0.931302 0.555304
vt 0.995310 0.555304
vt 0.912100 0.555304
vt 0.931302 0.555304
vt 0.931302 0.619313
vt 0.071802 0.403474
vt 0.085879 0.981510
vt 0.072027 0.979730
vt 0.057838 0.403204
vt 0.072027 0.979730
vt 0.058079 0.978995
vt 0.044131 0.979741
vt 0.057838 0.403204
vt 0.058079 0.978995
vt 0.030281 0.981533
vt 0.043874 0.403485
vt 0.044131 0.979741
vt 0.016430 0.983325
vt 0.029923 0.404157
vt 0.030281 0.981533
vt 0.113680 0.984027
vt 0.127630 0.404792
vt 0.127630 0.983289
vt 0.099703 0.404793
vt 0.113680 0.984027
vt 0.099731 0.983290
vt 0.085753 0.404133
vt 0.099731 0.983290
vt 0.085879 0.981510
vt 0.984733 0.357220
vt 0.961131 0.475824
vt 0.961131 0.357220
vt 0.616959 0.323785
vt 0.553909 0.274002
vt 0.638455 0.290060
vt 0.735649 0.249787
vt 0.703948 0.185710
vt 0.755537 0.218417
vt 0.735649 0.249787
vt 0.638455 0.290060
vt 0.684060 0.217080
vt 0.668548 0.356492
vt 0.638455 0.290060
vt 0.690044 0.322768
vt 0.828763 0.357220
vt 0.808055 0.475824
vt 0.808055 0.357220
vt 0.704386 0.019305
vt 0.725304 0.082156
vt 0.659530 0.105997
vt 0.931778 0.357220
vt 0.911070 0.475824
vt 0.911070 0.357220
vt 0.961131 0.475824
vt 0.931778 0.357220
vt 0.961131 0.357220
vt 0.881717 0.357220
vt 0.911070 0.475824
vt 0.881717 0.475824
vt 0.828763 0.357220
vt 0.858115 0.475824
vt 0.828762 0.475824
vt 0.778702 0.357220
vt 0.808055 0.475824
vt 0.778702 0.475824
vt 0.881717 0.357220
vt 0.858115 0.475824
vt 0.858116 0.357220
vt 0.997191 0.332046
vt 0.780315 0.302446
vt 0.997191 0.302446
vt 0.997191 0.302446
vt 0.780315 0.302446
vt 0.780315 0.234672
vt 0.997191 0.137298
vt 0.780315 0.137298
vt 0.780315 0.069524
vt 0.996757 0.332673
vt 0.779881 0.303073
vt 0.996758 0.303073
vt 0.996758 0.167525
vt 0.779881 0.137925
vt 0.996758 0.137925
vt 0.997191 0.166898
vt 0.780315 0.137298
vt 0.997191 0.137298
vt 0.654309 0.137298
vt 0.749192 0.166898
vt 0.654309 0.166898
vt 0.653875 0.167525
vt 0.748758 0.137925
vt 0.748758 0.167525
vt 0.764320 0.332673
vt 0.748758 0.303073
vt 0.764320 0.303073
vt 0.749192 0.302446
vt 0.764754 0.332046
vt 0.749192 0.332046
vt 0.764754 0.302446
vt 0.780315 0.332046
vt 0.764754 0.332046
vt 0.748758 0.137925
vt 0.764320 0.167525
vt 0.748758 0.167525
vt 0.764320 0.137925
vt 0.779881 0.167525
vt 0.764320 0.167525
vt 0.780315 0.166898
vt 0.764754 0.137298
vt 0.780315 0.137298
vt 0.764754 0.166898
vt 0.749192 0.137298
vt 0.764754 0.137298
vt 0.996758 0.137925
vt 0.779881 0.137925
vt 0.779881 0.070151
vt 0.779881 0.332673
vt 0.764320 0.303073
vt 0.779881 0.303073
vt 0.765504 0.173480
vt 0.779881 0.167525
vt 0.779881 0.235299
vt 0.779881 0.002377
vt 0.779881 0.070151
vt 0.765504 0.008333
vt 0.779881 0.235299
vt 0.996758 0.167525
vt 0.996758 0.303073
vt 0.779881 0.235299
vt 0.779881 0.303073
vt 0.765504 0.297118
vt 0.759549 0.282741
vt 0.759549 0.187857
vt 0.779881 0.235299
vt 0.765504 0.297118
vt 0.759549 0.282741
vt 0.779881 0.235299
vt 0.779881 0.235299
vt 0.759549 0.187857
vt 0.765504 0.173480
vt 0.765504 0.008333
vt 0.779881 0.070151
vt 0.759549 0.022710
vt 0.759549 0.117593
vt 0.779881 0.070151
vt 0.765504 0.131970
vt 0.759549 0.022710
vt 0.779881 0.070151
vt 0.759549 0.117593
vt 0.765504 0.131970
vt 0.779881 0.070151
vt 0.779881 0.137925
vt 0.780315 0.001750
vt 0.780315 0.069524
vt 0.765938 0.007705
vt 0.765938 0.007705
vt 0.780315 0.069524
vt 0.759983 0.022082
vt 0.765938 0.131343
vt 0.780315 0.069524
vt 0.780315 0.137298
vt 0.759983 0.022082
vt 0.780315 0.069524
vt 0.759983 0.116966
vt 0.759983 0.116966
vt 0.780315 0.069524
vt 0.765938 0.131343
vt 0.780315 0.166898
vt 0.780315 0.234672
vt 0.765938 0.172853
vt 0.765938 0.172853
vt 0.780315 0.234672
vt 0.759983 0.187230
vt 0.765938 0.296490
vt 0.780315 0.234672
vt 0.780315 0.302446
vt 0.759983 0.187230
vt 0.780315 0.234672
vt 0.759983 0.282114
vt 0.759983 0.282114
vt 0.780315 0.234672
vt 0.765938 0.296490
vt 0.668548 0.356492
vt 0.740296 0.392630
vt 0.710143 0.414319
vt 0.630014 0.416402
vt 0.578425 0.383695
vt 0.610616 0.382179
vt 0.610616 0.382179
vt 0.578425 0.383695
vt 0.607502 0.367837
vt 0.616959 0.323785
vt 0.613886 0.357912
vt 0.578425 0.383695
vt 0.613886 0.357912
vt 0.616959 0.323785
vt 0.628228 0.354798
vt 0.628228 0.354798
vt 0.616959 0.323785
vt 0.668548 0.356492
vt 0.636936 0.360398
vt 0.628228 0.354798
vt 0.668548 0.356492
vt 0.630014 0.416402
vt 0.610616 0.382179
vt 0.619324 0.387780
vt 0.640050 0.374741
vt 0.636936 0.360398
vt 0.668548 0.356492
vt 0.630014 0.416402
vt 0.619324 0.387780
vt 0.633666 0.384666
vt 0.630014 0.416402
vt 0.633666 0.384666
vt 0.640050 0.374741
vt 0.630014 0.416402
vt 0.640050 0.374741
vt 0.668548 0.356492
vt 0.613886 0.357912
vt 0.607502 0.367837
vt 0.578425 0.383695
vt 0.997191 0.332046
vt 0.780315 0.332046
vt 0.780315 0.302446
vt 0.780315 0.166898
vt 0.997191 0.166898
vt 0.780315 0.234672
vt 0.997191 0.166898
vt 0.997191 0.302446
vt 0.780315 0.234672
vt 0.780315 0.001750
vt 0.997191 0.001750
vt 0.780315 0.069524
vt 0.997191 0.001750
vt 0.997191 0.137298
vt 0.780315 0.069524
vt 0.996757 0.332673
vt 0.779881 0.332673
vt 0.779881 0.303073
vt 0.996758 0.167525
vt 0.779881 0.167525
vt 0.779881 0.137925
vt 0.997191 0.166898
vt 0.780315 0.166898
vt 0.780315 0.137298
vt 0.654309 0.137298
vt 0.749192 0.137298
vt 0.749192 0.166898
vt 0.653875 0.167525
vt 0.653875 0.137925
vt 0.748758 0.137925
vt 0.764320 0.332673
vt 0.748758 0.332673
vt 0.748758 0.303073
vt 0.749192 0.302446
vt 0.764754 0.302446
vt 0.764754 0.332046
vt 0.764754 0.302446
vt 0.780315 0.302446
vt 0.780315 0.332046
vt 0.748758 0.137925
vt 0.764320 0.137925
vt 0.764320 0.167525
vt 0.764320 0.137925
vt 0.779881 0.137925
vt 0.779881 0.167525
vt 0.780315 0.166898
vt 0.764754 0.166898
vt 0.764754 0.137298
vt 0.764754 0.166898
vt 0.749192 0.166898
vt 0.749192 0.137298
vt 0.779881 0.002377
vt 0.996758 0.002377
vt 0.779881 0.070151
vt 0.996758 0.002377
vt 0.996758 0.137925
vt 0.779881 0.070151
vt 0.779881 0.332673
vt 0.764320 0.332673
vt 0.764320 0.303073
vt 0.996758 0.303073
vt 0.779881 0.303073
vt 0.779881 0.235299
vt 0.779881 0.235299
vt 0.779881 0.167525
vt 0.996758 0.167525
vt 0.984733 0.357220
vt 0.961131 0.475824
vt 0.961131 0.357220
vt 0.616959 0.323785
vt 0.553909 0.274002
vt 0.638455 0.290060
vt 0.735649 0.249787
vt 0.703948 0.185710
vt 0.755537 0.218417
vt 0.735649 0.249787
vt 0.638455 0.290060
vt 0.684060 0.217080
vt 0.668548 0.356492
vt 0.638455 0.290060
vt 0.690044 0.322768
vt 0.828763 0.357220
vt 0.808055 0.475824
vt 0.808055 0.357220
vt 0.704386 0.019305
vt 0.725304 0.082156
vt 0.659530 0.105997
vt 0.931778 0.357220
vt 0.911070 0.475824
vt 0.911070 0.357220
vt 0.961131 0.475824
vt 0.931778 0.357220
vt 0.961131 0.357220
vt 0.881717 0.357220
vt 0.911070 0.475824
vt 0.881717 0.475824
vt 0.828763 0.357220
vt 0.858115 0.475824
vt 0.828762 0.475824
vt 0.778702 0.357220
vt 0.808055 0.475824
vt 0.778702 0.475824
vt 0.881717 0.357220
vt 0.858115 0.475824
vt 0.858116 0.357220
vt 0.997191 0.332046
vt 0.780315 0.302446
vt 0.997191 0.302446
vt 0.997191 0.302446
vt 0.780315 0.302446
vt 0.780315 0.234672
vt 0.997191 0.137298
vt 0.780315 0.137298
vt 0.780315 0.069524
vt 0.996757 0.332673
vt 0.779881 0.303073
vt 0.996758 0.303073
vt 0.996758 0.167525
vt 0.779881 0.137925
vt 0.996758 0.137925
vt 0.997191 0.166898
vt 0.780315 0.137298
vt 0.997191 0.137298
vt 0.654309 0.137298
vt 0.749192 0.166898
vt 0.654309 0.166898
vt 0.653875 0.167525
vt 0.748758 0.137925
vt 0.748758 0.167525
vt 0.764320 0.332673
vt 0.748758 0.303073
vt 0.764320 0.303073
vt 0.749192 0.302446
vt 0.764754 0.332046
vt 0.749192 0.332046
vt 0.764754 0.302446
vt 0.780315 0.332046
vt 0.764754 0.332046
vt 0.748758 0.137925
vt 0.764320 0.167525
vt 0.748758 0.167525
vt 0.764320 0.137925
vt 0.779881 0.167525
vt 0.764320 0.167525
vt 0.780315 0.166898
vt 0.764754 0.137298
vt 0.780315 0.137298
vt 0.764754 0.166898
vt 0.749192 0.137298
vt 0.764754 0.137298
vt 0.996758 0.137925
vt 0.779881 0.137925
vt 0.779881 0.070151
vt 0.779881 0.332673
vt 0.764320 0.303073
vt 0.779881 0.303073
vt 0.765504 0.173480
vt 0.779881 0.167525
vt 0.779881 0.235299
vt 0.779881 0.002377
vt 0.779881 0.070151
vt 0.765504 0.008333
vt 0.779881 0.235299
vt 0.996758 0.167525
vt 0.996758 0.303073
vt 0.779881 0.235299
vt 0.779881 0.303073
vt 0.765504 0.297118
vt 0.759549 0.282741
vt 0.759549 0.187857
vt 0.779881 0.235299
vt 0.765504 0.297118
vt 0.759549 0.282741
vt 0.779881 0.235299
vt 0.779881 0.235299
vt 0.759549 0.187857
vt 0.765504 0.173480
vt 0.765504 0.008333
vt 0.779881 0.070151
vt 0.759549 0.022710
vt 0.759549 0.117593
vt 0.779881 0.070151
vt 0.765504 0.131970
vt 0.759549 0.022710
vt 0.779881 0.070151
vt 0.759549 0.117593
vt 0.765504 0.131970
vt 0.779881 0.070151
vt 0.779881 0.137925
vt 0.780315 0.001750
vt 0.780315 0.069524
vt 0.765938 0.007705
vt 0.765938 0.007705
vt 0.780315 0.069524
vt 0.759983 0.022082
vt 0.765938 0.131343
vt 0.780315 0.069524
vt 0.780315 0.137298
vt 0.759983 0.022082
vt 0.780315 0.069524
vt 0.759983 0.116966
vt 0.759983 0.116966
vt 0.780315 0.069524
vt 0.765938 0.131343
vt 0.780315 0.166898
vt 0.780315 0.234672
vt 0.765938 0.172853
vt 0.765938 0.172853
vt 0.780315 0.234672
vt 0.759983 0.187230
vt 0.765938 0.296490
vt 0.780315 0.234672
vt 0.780315 0.302446
vt 0.759983 0.187230
vt 0.780315 0.234672
vt 0.759983 0.282114
vt 0.759983 0.282114
vt 0.780315 0.234672
vt 0.765938 0.296490
vt 0.668548 0.356492
vt 0.740296 0.392630
vt 0.710143 0.414319
vt 0.630014 0.416402
vt 0.578425 0.383695
vt 0.610616 0.382179
vt 0.610616 0.382179
vt 0.578425 0.383695
vt 0.607502 0.367837
vt 0.616959 0.323785
vt 0.613886 0.357912
vt 0.578425 0.383695
vt 0.613886 0.357912
vt 0.616959 0.323785
vt 0.628228 0.354798
vt 0.628228 0.354798
vt 0.616959 0.323785
vt 0.668548 0.356492
vt 0.636936 0.360398
vt 0.628228 0.354798
vt 0.668548 0.356492
vt 0.630014 0.416402
vt 0.610616 0.382179
vt 0.619324 0.387780
vt 0.640050 0.374741
vt 0.636936 0.360398
vt 0.668548 0.356492
vt 0.630014 0.416402
vt 0.619324 0.387780
vt 0.633666 0.384666
vt 0.630014 0.416402
vt 0.633666 0.384666
vt 0.640050 0.374741
vt 0.630014 0.416402
vt 0.640050 0.374741
vt 0.668548 0.356492
vt 0.613886 0.357912
vt 0.607502 0.367837
vt 0.578425 0.383695
vt 0.997191 0.332046
vt 0.780315 0.332046
vt 0.780315 0.302446
vt 0.780315 0.166898
vt 0.997191 0.166898
vt 0.780315 0.234672
vt 0.997191 0.166898
vt 0.997191 0.302446
vt 0.780315 0.234672
vt 0.780315 0.001750
vt 0.997191 0.001750
vt 0.780315 0.069524
vt 0.997191 0.001750
vt 0.997191 0.137298
vt 0.780315 0.069524
vt 0.996757 0.332673
vt 0.779881 0.332673
vt 0.779881 0.303073
vt 0.996758 0.167525
vt 0.779881 0.167525
vt 0.779881 0.137925
vt 0.997191 0.166898
vt 0.780315 0.166898
vt 0.780315 0.137298
vt 0.654309 0.137298
vt 0.749192 0.137298
vt 0.749192 0.166898
vt 0.653875 0.167525
vt 0.653875 0.137925
vt 0.748758 0.137925
vt 0.764320 0.332673
vt 0.748758 0.332673
vt 0.748758 0.303073
vt 0.749192 0.302446
vt 0.764754 0.302446
vt 0.764754 0.332046
vt 0.764754 0.302446
vt 0.780315 0.302446
vt 0.780315 0.332046
vt 0.748758 0.137925
vt 0.764320 0.137925
vt 0.764320 0.167525
vt 0.764320 0.137925
vt 0.779881 0.137925
vt 0.779881 0.167525
vt 0.780315 0.166898
vt 0.764754 0.166898
vt 0.764754 0.137298
vt 0.764754 0.166898
vt 0.749192 0.166898
vt 0.749192 0.137298
vt 0.779881 0.002377
vt 0.996758 0.002377
vt 0.779881 0.070151
vt 0.996758 0.002377
vt 0.996758 0.137925
vt 0.779881 0.070151
vt 0.779881 0.332673
vt 0.764320 0.332673
vt 0.764320 0.303073
vt 0.996758 0.303073
vt 0.779881 0.303073
vt 0.779881 0.235299
vt 0.779881 0.235299
vt 0.779881 0.167525
vt 0.996758 0.167525
vt 0.071802 0.403474
vt 0.085753 0.404133
vt 0.085879 0.981510
vt 0.057838 0.403204
vt 0.071802 0.403474
vt 0.072027 0.979730
vt 0.044131 0.979741
vt 0.043874 0.403485
vt 0.057838 0.403204
vt 0.030281 0.981533
vt 0.029923 0.404157
vt 0.043874 0.403485
vt 0.016430 0.983325
vt 0.015973 0.404828
vt 0.029923 0.404157
vt 0.113680 0.984027
vt 0.113666 0.405066
vt 0.127630 0.404792
vt 0.099703 0.404793
vt 0.113666 0.405066
vt 0.113680 0.984027
vt 0.085753 0.404133
vt 0.099703 0.404793
vt 0.099731 0.983290
vt 0.984733 0.357220
vt 0.984733 0.475824
vt 0.961131 0.475824
vt 0.616959 0.323785
vt 0.546978 0.310493
vt 0.553909 0.274002
vt 0.735649 0.249787
vt 0.684060 0.217080
vt 0.703948 0.185710
vt 0.735649 0.249787
vt 0.690044 0.322768
vt 0.638455 0.290060
vt 0.668548 0.356492
vt 0.616959 0.323785
vt 0.638455 0.290060
vt 0.828763 0.357220
vt 0.828762 0.475824
vt 0.808055 0.475824
vt 0.659530 0.105997
vt 0.638612 0.085079
vt 0.638612 0.043146
vt 0.638612 0.043146
vt 0.662453 0.019305
vt 0.704386 0.019305
vt 0.704386 0.019305
vt 0.725304 0.040223
vt 0.725304 0.082156
vt 0.725304 0.082156
vt 0.701463 0.105997
vt 0.659530 0.105997
vt 0.659530 0.105997
vt 0.638612 0.043146
vt 0.704386 0.019305
vt 0.931778 0.357220
vt 0.931778 0.475824
vt 0.911070 0.475824
vt 0.961131 0.475824
vt 0.931778 0.475824
vt 0.931778 0.357220
vt 0.881717 0.357220
vt 0.911070 0.357220
vt 0.911070 0.475824
vt 0.828763 0.357220
vt 0.858116 0.357220
vt 0.858115 0.475824
vt 0.778702 0.357220
vt 0.808055 0.357220
vt 0.808055 0.475824
vt 0.881717 0.357220
vt 0.881717 0.475824
vt 0.858115 0.475824
vt 0.668548 0.356492
vt 0.690044 0.322768
vt 0.740296 0.392630
vt 0.984733 0.357220
vt 0.984733 0.475824
vt 0.961131 0.475824
vt 0.616959 0.323785
vt 0.546978 0.310493
vt 0.553909 0.274002
vt 0.735649 0.249787
vt 0.684060 0.217080
vt 0.703948 0.185710
vt 0.735649 0.249787
vt 0.690044 0.322768
vt 0.638455 0.290060
vt 0.668548 0.356492
vt 0.616959 0.323785
vt 0.638455 0.290060
vt 0.828763 0.357220
vt 0.828762 0.475824
vt 0.808055 0.475824
vt 0.659530 0.105997
vt 0.638612 0.085079
vt 0.638612 0.043146
vt 0.638612 0.043146
vt 0.662453 0.019305
vt 0.704386 0.019305
vt 0.704386 0.019305
vt 0.725304 0.040223
vt 0.725304 0.082156
vt 0.725304 0.082156
vt 0.701463 0.105997
vt 0.659530 0.105997
vt 0.659530 0.105997
vt 0.638612 0.043146
vt 0.704386 0.019305
vt 0.931778 0.357220
vt 0.931778 0.475824
vt 0.911070 0.475824
vt 0.961131 0.475824
vt 0.931778 0.475824
vt 0.931778 0.357220
vt 0.881717 0.357220
vt 0.911070 0.357220
vt 0.911070 0.475824
vt 0.828763 0.357220
vt 0.858116 0.357220
vt 0.858115 0.475824
vt 0.778702 0.357220
vt 0.808055 0.357220
vt 0.808055 0.475824
vt 0.881717 0.357220
vt 0.881717 0.475824
vt 0.858115 0.475824
vt 0.668548 0.356492
vt 0.690044 0.322768
vt 0.740296 0.392630
vt 0.071802 0.403474
vt 0.085879 0.981510
vt 0.072027 0.979730
vt 0.057838 0.403204
vt 0.072027 0.979730
vt 0.058079 0.978995
vt 0.044131 0.979741
vt 0.057838 0.403204
vt 0.058079 0.978995
vt 0.030281 0.981533
vt 0.043874 0.403485
vt 0.044131 0.979741
vt 0.016430 0.983325
vt 0.029923 0.404157
vt 0.030281 0.981533
vt 0.113680 0.984027
vt 0.127630 0.404792
vt 0.127630 0.983289
vt 0.099703 0.404793
vt 0.113680 0.984027
vt 0.099731 0.983290
vt 0.085753 0.404133
vt 0.099731 0.983290
vt 0.085879 0.981510
vt 0.984733 0.357220
vt 0.961131 0.475824
vt 0.961131 0.357220
vt 0.616959 0.323785
vt 0.553909 0.274002
vt 0.638455 0.290060
vt 0.735649 0.249787
vt 0.703948 0.185710
vt 0.755537 0.218417
vt 0.735649 0.249787
vt 0.638455 0.290060
vt 0.684060 0.217080
vt 0.668548 0.356492
vt 0.638455 0.290060
vt 0.690044 0.322768
vt 0.828763 0.357220
vt 0.808055 0.475824
vt 0.808055 0.357220
vt 0.704386 0.019305
vt 0.725304 0.082156
vt 0.659530 0.105997
vt 0.931778 0.357220
vt 0.911070 0.475824
vt 0.911070 0.357220
vt 0.961131 0.475824
vt 0.931778 0.357220
vt 0.961131 0.357220
vt 0.881717 0.357220
vt 0.911070 0.475824
vt 0.881717 0.475824
vt 0.828763 0.357220
vt 0.858115 0.475824
vt 0.828762 0.475824
vt 0.778702 0.357220
vt 0.808055 0.475824
vt 0.778702 0.475824
vt 0.881717 0.357220
vt 0.858115 0.475824
vt 0.858116 0.357220
vt 0.997191 0.332046
vt 0.780315 0.302446
vt 0.997191 0.302446
vt 0.997191 0.302446
vt 0.780315 0.302446
vt 0.780315 0.234672
vt 0.997191 0.137298
vt 0.780315 0.137298
vt 0.780315 0.069524
vt 0.996757 0.332673
vt 0.779881 0.303073
vt 0.996758 0.303073
vt 0.996758 0.167525
vt 0.779881 0.137925
vt 0.996758 0.137925
vt 0.997191 0.166898
vt 0.780315 0.137298
vt 0.997191 0.137298
vt 0.654309 0.137298
vt 0.749192 0.166898
vt 0.654309 0.166898
vt 0.653875 0.167525
vt 0.748758 0.137925
vt 0.748758 0.167525
vt 0.764320 0.332673
vt 0.748758 0.303073
vt 0.764320 0.303073
vt 0.749192 0.302446
vt 0.764754 0.332046
vt 0.749192 0.332046
vt 0.764754 0.302446
vt 0.780315 0.332046
vt 0.764754 0.332046
vt 0.748758 0.137925
vt 0.764320 0.167525
vt 0.748758 0.167525
vt 0.764320 0.137925
vt 0.779881 0.167525
vt 0.764320 0.167525
vt 0.780315 0.166898
vt 0.764754 0.137298
vt 0.780315 0.137298
vt 0.764754 0.166898
vt 0.749192 0.137298
vt 0.764754 0.137298
vt 0.996758 0.137925
vt 0.779881 0.137925
vt 0.779881 0.070151
vt 0.779881 0.332673
vt 0.764320 0.303073
vt 0.779881 0.303073
vt 0.765504 0.173480
vt 0.779881 0.167525
vt 0.779881 0.235299
vt 0.779881 0.002377
vt 0.779881 0.070151
vt 0.765504 0.008333
vt 0.779881 0.235299
vt 0.996758 0.167525
vt 0.996758 0.303073
vt 0.779881 0.235299
vt 0.779881 0.303073
vt 0.765504 0.297118
vt 0.759549 0.282741
vt 0.759549 0.187857
vt 0.779881 0.235299
vt 0.765504 0.297118
vt 0.759549 0.282741
vt 0.779881 0.235299
vt 0.779881 0.235299
vt 0.759549 0.187857
vt 0.765504 0.173480
vt 0.765504 0.008333
vt 0.779881 0.070151
vt 0.759549 0.022710
vt 0.759549 0.117593
vt 0.779881 0.070151
vt 0.765504 0.131970
vt 0.759549 0.022710
vt 0.779881 0.070151
vt 0.759549 0.117593
vt 0.765504 0.131970
vt 0.779881 0.070151
vt 0.779881 0.137925
vt 0.780315 0.001750
vt 0.780315 0.069524
vt 0.765938 0.007705
vt 0.765938 0.007705
vt 0.780315 0.069524
vt 0.759983 0.022082
vt 0.765938 0.131343
vt 0.780315 0.069524
vt 0.780315 0.137298
vt 0.759983 0.022082
vt 0.780315 0.069524
vt 0.759983 0.116966
vt 0.759983 0.116966
vt 0.780315 0.069524
vt 0.765938 0.131343
vt 0.780315 0.166898
vt 0.780315 0.234672
vt 0.765938 0.172853
vt 0.765938 0.172853
vt 0.780315 0.234672
vt 0.759983 0.187230
vt 0.765938 0.296490
vt 0.780315 0.234672
vt 0.780315 0.302446
vt 0.759983 0.187230
vt 0.780315 0.234672
vt 0.759983 0.282114
vt 0.759983 0.282114
vt 0.780315 0.234672
vt 0.765938 0.296490
vt 0.668548 0.356492
vt 0.740296 0.392630
vt 0.710143 0.414319
vt 0.630014 0.416402
vt 0.578425 0.383695
vt 0.610616 0.382179
vt 0.610616 0.382179
vt 0.578425 0.383695
vt 0.607502 0.367837
vt 0.616959 0.323785
vt 0.613886 0.357912
vt 0.578425 0.383695
vt 0.613886 0.357912
vt 0.616959 0.323785
vt 0.628228 0.354798
vt 0.628228 0.354798
vt 0.616959 0.323785
vt 0.668548 0.356492
vt 0.636936 0.360398
vt 0.628228 0.354798
vt 0.668548 0.356492
vt 0.630014 0.416402
vt 0.610616 0.382179
vt 0.619324 0.387780
vt 0.640050 0.374741
vt 0.636936 0.360398
vt 0.668548 0.356492
vt 0.630014 0.416402
vt 0.619324 0.387780
vt 0.633666 0.384666
vt 0.630014 0.416402
vt 0.633666 0.384666
vt 0.640050 0.374741
vt 0.630014 0.416402
vt 0.640050 0.374741
vt 0.668548 0.356492
vt 0.613886 0.357912
vt 0.607502 0.367837
vt 0.578425 0.383695
vt 0.997191 0.332046
vt 0.780315 0.332046
vt 0.780315 0.302446
vt 0.780315 0.166898
vt 0.997191 0.166898
vt 0.780315 0.234672
vt 0.997191 0.166898
vt 0.997191 0.302446
vt 0.780315 0.234672
vt 0.780315 0.001750
vt 0.997191 0.001750
vt 0.780315 0.069524
vt 0.997191 0.001750
vt 0.997191 0.137298
vt 0.780315 0.069524
vt 0.996757 0.332673
vt 0.779881 0.332673
vt 0.779881 0.303073
vt 0.996758 0.167525
vt 0.779881 0.167525
vt 0.779881 0.137925
vt 0.997191 0.166898
vt 0.780315 0.166898
vt 0.780315 0.137298
vt 0.654309 0.137298
vt 0.749192 0.137298
vt 0.749192 0.166898
vt 0.653875 0.167525
vt 0.653875 0.137925
vt 0.748758 0.137925
vt 0.764320 0.332673
vt 0.748758 0.332673
vt 0.748758 0.303073
vt 0.749192 0.302446
vt 0.764754 0.302446
vt 0.764754 0.332046
vt 0.764754 0.302446
vt 0.780315 0.302446
vt 0.780315 0.332046
vt 0.748758 0.137925
vt 0.764320 0.137925
vt 0.764320 0.167525
vt 0.764320 0.137925
vt 0.779881 0.137925
vt 0.779881 0.167525
vt 0.780315 0.166898
vt 0.764754 0.166898
vt 0.764754 0.137298
vt 0.764754 0.166898
vt 0.749192 0.166898
vt 0.749192 0.137298
vt 0.779881 0.002377
vt 0.996758 0.002377
vt 0.779881 0.070151
vt 0.996758 0.002377
vt 0.996758 0.137925
vt 0.779881 0.070151
vt 0.779881 0.332673
vt 0.764320 0.332673
vt 0.764320 0.303073
vt 0.996758 0.303073
vt 0.779881 0.303073
vt 0.779881 0.235299
vt 0.779881 0.235299
vt 0.779881 0.167525
vt 0.996758 0.167525
vt 0.984733 0.357220
vt 0.961131 0.475824
vt 0.961131 0.357220
vt 0.616959 0.323785
vt 0.553909 0.274002
vt 0.638455 0.290060
vt 0.735649 0.249787
vt 0.703948 0.185710
vt 0.755537 0.218417
vt 0.735649 0.249787
vt 0.638455 0.290060
vt 0.684060 0.217080
vt 0.668548 0.356492
vt 0.638455 0.290060
vt 0.690044 0.322768
vt 0.828763 0.357220
vt 0.808055 0.475824
vt 0.808055 0.357220
vt 0.704386 0.019305
vt 0.725304 0.082156
vt 0.659530 0.105997
vt 0.931778 0.357220
vt 0.911070 0.475824
vt 0.911070 0.357220
vt 0.961131 0.475824
vt 0.931778 0.357220
vt 0.961131 0.357220
vt 0.881717 0.357220
vt 0.911070 0.475824
vt 0.881717 0.475824
vt 0.828763 0.357220
vt 0.858115 0.475824
vt 0.828762 0.475824
vt 0.778702 0.357220
vt 0.808055 0.475824
vt 0.778702 0.475824
vt 0.881717 0.357220
vt 0.858115 0.475824
vt 0.858116 0.357220
vt 0.997191 0.332046
vt 0.780315 0.302446
vt 0.997191 0.302446
vt 0.997191 0.302446
vt 0.780315 0.302446
vt 0.780315 0.234672
vt 0.997191 0.137298
vt 0.780315 0.137298
vt 0.780315 0.069524
vt 0.996757 0.332673
vt 0.779881 0.303073
vt 0.996758 0.303073
vt 0.996758 0.167525
vt 0.779881 0.137925
vt 0.996758 0.137925
vt 0.997191 0.166898
vt 0.780315 0.137298
vt 0.997191 0.137298
vt 0.654309 0.137298
vt 0.749192 0.166898
vt 0.654309 0.166898
vt 0.653875 0.167525
vt 0.748758 0.137925
vt 0.748758 0.167525
vt 0.764320 0.332673
vt 0.748758 0.303073
vt 0.764320 0.303073
vt 0.749192 0.302446
vt 0.764754 0.332046
vt 0.749192 0.332046
vt 0.764754 0.302446
vt 0.780315 0.332046
vt 0.764754 0.332046
vt 0.748758 0.137925
vt 0.764320 0.167525
vt 0.748758 0.167525
vt 0.764320 0.137925
vt 0.779881 0.167525
vt 0.764320 0.167525
vt 0.780315 0.166898
vt 0.764754 0.137298
vt 0.780315 0.137298
vt 0.764754 0.166898
vt 0.749192 0.137298
vt 0.764754 0.137298
vt 0.996758 0.137925
vt 0.779881 0.137925
vt 0.779881 0.070151
vt 0.779881 0.332673
vt 0.764320 0.303073
vt 0.779881 0.303073
vt 0.765504 0.173480
vt 0.779881 0.167525
vt 0.779881 0.235299
vt 0.779881 0.002377
vt 0.779881 0.070151
vt 0.765504 0.008333
vt 0.779881 0.235299
vt 0.996758 0.167525
vt 0.996758 0.303073
vt 0.779881 0.235299
vt 0.779881 0.303073
vt 0.765504 0.297118
vt 0.759549 0.282741
vt 0.759549 0.187857
vt 0.779881 0.235299
vt 0.765504 0.297118
vt 0.759549 0.282741
vt 0.779881 0.235299
vt 0.779881 0.235299
vt 0.759549 0.187857
vt 0.765504 0.173480
vt 0.765504 0.008333
vt 0.779881 0.070151
vt 0.759549 0.022710
vt 0.759549 0.117593
vt 0.779881 0.070151
vt 0.765504 0.131970
vt 0.759549 0.022710
vt 0.779881 0.070151
vt 0.759549 0.117593
vt 0.765504 0.131970
vt 0.779881 0.070151
vt 0.779881 0.137925
vt 0.780315 0.001750
vt 0.780315 0.069524
vt 0.765938 0.007705
vt 0.765938 0.007705
vt 0.780315 0.069524
vt 0.759983 0.022082
vt 0.765938 0.131343
vt 0.780315 0.069524
vt 0.780315 0.137298
vt 0.759983 0.022082
vt 0.780315 0.069524
vt 0.759983 0.116966
vt 0.759983 0.116966
vt 0.780315 0.069524
vt 0.765938 0.131343
vt 0.780315 0.166898
vt 0.780315 0.234672
vt 0.765938 0.172853
vt 0.765938 0.172853
vt 0.780315 0.234672
vt 0.759983 0.187230
vt 0.765938 0.296490
vt 0.780315 0.234672
vt 0.780315 0.302446
vt 0.759983 0.187230
vt 0.780315 0.234672
vt 0.759983 0.282114
vt 0.759983 0.282114
vt 0.780315 0.234672
vt 0.765938 0.296490
vt 0.668548 0.356492
vt 0.740296 0.392630
vt 0.710143 0.414319
vt 0.630014 0.416402
vt 0.578425 0.383695
vt 0.610616 0.382179
vt 0.610616 0.382179
vt 0.578425 0.383695
vt 0.607502 0.367837
vt 0.616959 0.323785
vt 0.613886 0.357912
vt 0.578425 0.383695
vt 0.613886 0.357912
vt 0.616959 0.323785
vt 0.628228 0.354798
vt 0.628228 0.354798
vt 0.616959 0.323785
vt 0.668548 0.356492
vt 0.636936 0.360398
vt 0.628228 0.354798
vt 0.668548 0.356492
vt 0.630014 0.416402
vt 0.610616 0.382179
vt 0.619324 0.387780
vt 0.640050 0.374741
vt 0.636936 0.360398
vt 0.668548 0.356492
vt 0.630014 0.416402
vt 0.619324 0.387780
vt 0.633666 0.384666
vt 0.630014 0.416402
vt 0.633666 0.384666
vt 0.640050 0.374741
vt 0.630014 0.416402
vt 0.640050 0.374741
vt 0.668548 0.356492
vt 0.613886 0.357912
vt 0.607502 0.367837
vt 0.578425 0.383695
vt 0.997191 0.332046
vt 0.780315 0.332046
vt 0.780315 0.302446
vt 0.780315 0.166898
vt 0.997191 0.166898
vt 0.780315 0.234672
vt 0.997191 0.166898
vt 0.997191 0.302446
vt 0.780315 0.234672
vt 0.780315 0.001750
vt 0.997191 0.001750
vt 0.780315 0.069524
vt 0.997191 0.001750
vt 0.997191 0.137298
vt 0.780315 0.069524
vt 0.996757 0.332673
vt 0.779881 0.332673
vt 0.779881 0.303073
vt 0.996758 0.167525
vt 0.779881 0.167525
vt 0.779881 0.137925
vt 0.997191 0.166898
vt 0.780315 0.166898
vt 0.780315 0.137298
vt 0.654309 0.137298
vt 0.749192 0.137298
vt 0.749192 0.166898
vt 0.653875 0.167525
vt 0.653875 0.137925
vt 0.748758 0.137925
vt 0.764320 0.332673
vt 0.748758 0.332673
vt 0.748758 0.303073
vt 0.749192 0.302446
vt 0.764754 0.302446
vt 0.764754 0.332046
vt 0.764754 0.302446
vt 0.780315 0.302446
vt 0.780315 0.332046
vt 0.748758 0.137925
vt 0.764320 0.137925
vt 0.764320 0.167525
vt 0.764320 0.137925
vt 0.779881 0.137925
vt 0.779881 0.167525
vt 0.780315 0.166898
vt 0.764754 0.166898
vt 0.764754 0.137298
vt 0.764754 0.166898
vt 0.749192 0.166898
vt 0.749192 0.137298
vt 0.779881 0.002377
vt 0.996758 0.002377
vt 0.779881 0.070151
vt 0.996758 0.002377
vt 0.996758 0.137925
vt 0.779881 0.070151
vt 0.779881 0.332673
vt 0.764320 0.332673
vt 0.764320 0.303073
vt 0.996758 0.303073
vt 0.779881 0.303073
vt 0.779881 0.235299
vt 0.779881 0.235299
vt 0.779881 0.167525
vt 0.996758 0.167525
vt 0.071802 0.403474
vt 0.085753 0.404133
vt 0.085879 0.981510
vt 0.057838 0.403204
vt 0.071802 0.403474
vt 0.072027 0.979730
vt 0.044131 0.979741
vt 0.043874 0.403485
vt 0.057838 0.403204
vt 0.030281 0.981533
vt 0.029923 0.404157
vt 0.043874 0.403485
vt 0.016430 0.983325
vt 0.015973 0.404828
vt 0.029923 0.404157
vt 0.113680 0.984027
vt 0.113666 0.405066
vt 0.127630 0.404792
vt 0.099703 0.404793
vt 0.113666 0.405066
vt 0.113680 0.984027
vt 0.085753 0.404133
vt 0.099703 0.404793
vt 0.099731 0.983290
vt 0.984733 0.357220
vt 0.984733 0.475824
vt 0.961131 0.475824
vt 0.616959 0.323785
vt 0.546978 0.310493
vt 0.553909 0.274002
vt 0.735649 0.249787
vt 0.684060 0.217080
vt 0.703948 0.185710
vt 0.735649 0.249787
vt 0.690044 0.322768
vt 0.638455 0.290060
vt 0.668548 0.356492
vt 0.616959 0.323785
vt 0.638455 0.290060
vt 0.828763 0.357220
vt 0.828762 0.475824
vt 0.808055 0.475824
vt 0.659530 0.105997
vt 0.638612 0.085079
vt 0.638612 0.043146
vt 0.638612 0.043146
vt 0.662453 0.019305
vt 0.704386 0.019305
vt 0.704386 0.019305
vt 0.725304 0.040223
vt 0.725304 0.082156
vt 0.725304 0.082156
vt 0.701463 0.105997
vt 0.659530 0.105997
vt 0.659530 0.105997
vt 0.638612 0.043146
vt 0.704386 0.019305
vt 0.931778 0.357220
vt 0.931778 0.475824
vt 0.911070 0.475824
vt 0.961131 0.475824
vt 0.931778 0.475824
vt 0.931778 0.357220
vt 0.881717 0.357220
vt 0.911070 0.357220
vt 0.911070 0.475824
vt 0.828763 0.357220
vt 0.858116 0.357220
vt 0.858115 0.475824
vt 0.778702 0.357220
vt 0.808055 0.357220
vt 0.808055 0.475824
vt 0.881717 0.357220
vt 0.881717 0.475824
vt 0.858115 0.475824
vt 0.668548 0.356492
vt 0.690044 0.322768
vt 0.740296 0.392630
vt 0.984733 0.357220
vt 0.984733 0.475824
vt 0.961131 0.475824
vt 0.616959 0.323785
vt 0.546978 0.310493
vt 0.553909 0.274002
vt 0.735649 0.249787
vt 0.684060 0.217080
vt 0.703948 0.185710
vt 0.735649 0.249787
vt 0.690044 0.322768
vt 0.638455 0.290060
vt 0.668548 0.356492
vt 0.616959 0.323785
vt 0.638455 0.290060
vt 0.828763 0.357220
vt 0.828762 0.475824
vt 0.808055 0.475824
vt 0.659530 0.105997
vt 0.638612 0.085079
vt 0.638612 0.043146
vt 0.638612 0.043146
vt 0.662453 0.019305
vt 0.704386 0.019305
vt 0.704386 0.019305
vt 0.725304 0.040223
vt 0.725304 0.082156
vt 0.725304 0.082156
vt 0.701463 0.105997
vt 0.659530 0.105997
vt 0.659530 0.105997
vt 0.638612 0.043146
vt 0.704386 0.019305
vt 0.931778 0.357220
vt 0.931778 0.475824
vt 0.911070 0.475824
vt 0.961131 0.475824
vt 0.931778 0.475824
vt 0.931778 0.357220
vt 0.881717 0.357220
vt 0.911070 0.357220
vt 0.911070 0.475824
vt 0.828763 0.357220
vt 0.858116 0.357220
vt 0.858115 0.475824
vt 0.778702 0.357220
vt 0.808055 0.357220
vt 0.808055 0.475824
vt 0.881717 0.357220
vt 0.881717 0.475824
vt 0.858115 0.475824
vt 0.668548 0.356492
vt 0.690044 0.322768
vt 0.740296 0.392630
vt 0.396920 0.828353
vt 0.442660 0.843709
vt 0.396920 0.843709
vt 0.396920 0.752175
vt 0.442660 0.767531
vt 0.396920 0.767531
vt 0.396920 0.726782
vt 0.442660 0.742139
vt 0.396920 0.742138
vt 0.396920 0.853746
vt 0.442660 0.869102
vt 0.396920 0.869102
vt 0.357783 0.927167
vt 0.354196 0.948810
vt 0.353965 0.924203
vt 0.314094 0.917876
vt 0.334093 0.911652
vt 0.313270 0.922945
vt 0.338830 0.909901
vt 0.354042 0.924157
vt 0.334094 0.911744
vt 0.353705 0.954167
vt 0.330732 0.959224
vt 0.354100 0.948786
vt 0.325726 0.960657
vt 0.311569 0.945697
vt 0.330739 0.959126
vt 0.307924 0.942370
vt 0.313190 0.922899
vt 0.311649 0.945655
vt 0.356001 0.904757
vt 0.334660 0.881718
vt 0.366213 0.891970
vt 0.367875 0.947889
vt 0.361330 0.978604
vt 0.352588 0.965340
vt 0.160064 0.952397
vt 0.181894 0.953211
vt 0.181940 0.982506
vt 0.311311 0.902721
vt 0.282805 0.915898
vt 0.302306 0.889058
vt 0.295565 0.944594
vt 0.282805 0.915898
vt 0.297675 0.921490
vt 0.213954 0.896348
vt 0.221620 0.876991
vt 0.227493 0.896965
vt 0.367875 0.947889
vt 0.383191 0.920473
vt 0.383191 0.953649
vt 0.181940 0.982506
vt 0.188929 0.962894
vt 0.199520 0.971351
vt 0.227493 0.896965
vt 0.221620 0.876991
vt 0.238876 0.900664
vt 0.330523 0.972510
vt 0.361330 0.978604
vt 0.329778 0.988856
vt 0.330523 0.972510
vt 0.299289 0.975777
vt 0.309201 0.963363
vt 0.181940 0.982506
vt 0.199520 0.971351
vt 0.210519 0.976069
vt 0.295565 0.944594
vt 0.299289 0.975777
vt 0.279788 0.948937
vt 0.210519 0.976069
vt 0.223663 0.976668
vt 0.216143 0.997178
vt 0.276062 0.957682
vt 0.254248 0.956508
vt 0.258880 0.944192
vt 0.356001 0.904757
vt 0.383191 0.920473
vt 0.367875 0.924689
vt 0.249158 0.908874
vt 0.238876 0.900664
vt 0.257015 0.888491
vt 0.181940 0.982506
vt 0.210519 0.976069
vt 0.216143 0.997178
vt 0.311312 0.902721
vt 0.334660 0.881718
vt 0.333937 0.897588
vt 0.257015 0.888491
vt 0.276062 0.920465
vt 0.249158 0.908874
vt 0.157783 0.800077
vt 0.127310 0.826661
vt 0.127310 0.800077
vt 0.157783 0.826661
vt 0.127310 0.853245
vt 0.127310 0.826661
vt 0.127310 0.879828
vt 0.157783 0.906412
vt 0.127310 0.906412
vt 0.157783 0.853245
vt 0.127310 0.879828
vt 0.127310 0.853245
vt 0.127310 0.959579
vt 0.157783 0.932995
vt 0.157783 0.959579
vt 0.127310 0.906412
vt 0.157783 0.932995
vt 0.127310 0.932995
vt 0.157783 0.720327
vt 0.127310 0.746910
vt 0.127310 0.720327
vt 0.157783 0.959579
vt 0.127310 0.986163
vt 0.127310 0.959579
vt 0.157783 0.746910
vt 0.127310 0.773494
vt 0.127310 0.746910
vt 0.157783 0.773494
vt 0.127310 0.800077
vt 0.127310 0.773494
vt 0.392349 0.955643
vt 0.489927 0.961916
vt 0.392349 0.961916
vt 0.352036 0.920215
vt 0.337707 0.958613
vt 0.311618 0.927005
vt 0.392349 0.936135
vt 0.489927 0.942407
vt 0.392349 0.942407
vt 0.392349 0.916626
vt 0.489927 0.922899
vt 0.392349 0.922898
vt 0.392349 0.877609
vt 0.489927 0.883881
vt 0.392349 0.883881
vt 0.396920 0.777568
vt 0.442660 0.792924
vt 0.396920 0.792924
vt 0.488860 0.768378
vt 0.447695 0.744128
vt 0.488860 0.744128
vt 0.333755 0.912079
vt 0.354757 0.948455
vt 0.312753 0.948455
vt 0.488860 0.816880
vt 0.447695 0.792629
vt 0.488860 0.792629
vt 0.488860 0.865382
vt 0.447695 0.841131
vt 0.488860 0.841131
vt 0.488860 0.792629
vt 0.447695 0.768378
vt 0.488860 0.768378
vt 0.488860 0.841131
vt 0.447695 0.816880
vt 0.488860 0.816880
vt 0.488861 0.719877
vt 0.447695 0.744128
vt 0.447695 0.719877
vt 0.396920 0.802960
vt 0.442660 0.818316
vt 0.396920 0.818316
vt 0.392349 0.975152
vt 0.489927 0.981424
vt 0.392349 0.981424
vt 0.353117 0.919356
vt 0.357783 0.927167
vt 0.354042 0.924157
vt 0.309403 0.926019
vt 0.314094 0.917876
vt 0.313190 0.922899
vt 0.312213 0.950554
vt 0.307924 0.942370
vt 0.311569 0.945697
vt 0.335686 0.961422
vt 0.325726 0.960657
vt 0.330732 0.959224
vt 0.329395 0.910035
vt 0.338830 0.909901
vt 0.334093 0.911652
vt 0.357783 0.944913
vt 0.353705 0.954167
vt 0.354196 0.948810
vt 0.396920 0.853746
vt 0.442660 0.843709
vt 0.442659 0.853746
vt 0.396920 0.726782
vt 0.442660 0.716746
vt 0.442660 0.726782
vt 0.442660 0.742139
vt 0.396920 0.752175
vt 0.396920 0.742138
vt 0.442660 0.792924
vt 0.396920 0.802960
vt 0.396920 0.792924
vt 0.442660 0.818316
vt 0.396920 0.828353
vt 0.396920 0.818316
vt 0.442660 0.767531
vt 0.396920 0.777568
vt 0.396920 0.767531
vt 0.489927 0.922899
vt 0.392349 0.936135
vt 0.392349 0.922898
vt 0.489927 0.961916
vt 0.392349 0.975152
vt 0.392349 0.961916
vt 0.489927 0.981424
vt 0.392349 0.994660
vt 0.392349 0.981424
vt 0.392349 0.897117
vt 0.489927 0.883881
vt 0.489927 0.897117
vt 0.392349 0.942407
vt 0.489927 0.955643
vt 0.392349 0.955643
vt 0.392349 0.916626
vt 0.489927 0.903390
vt 0.489927 0.916626
vt 0.392349 0.903390
vt 0.489927 0.897117
vt 0.489927 0.903390
vt 0.235046 0.972970
vt 0.251538 0.985677
vt 0.223663 0.976668
vt 0.163449 0.915334
vt 0.184261 0.915920
vt 0.179491 0.928606
vt 0.163449 0.915334
vt 0.185325 0.885225
vt 0.191296 0.906238
vt 0.258880 0.932224
vt 0.255283 0.919157
vt 0.276062 0.920465
vt 0.258880 0.944192
vt 0.258880 0.932224
vt 0.276062 0.920465
vt 0.276062 0.920465
vt 0.276062 0.957682
vt 0.258880 0.944192
vt 0.235046 0.972970
vt 0.246362 0.965511
vt 0.251538 0.985677
vt 0.246362 0.965511
vt 0.254248 0.956508
vt 0.251538 0.985677
vt 0.276062 0.920465
vt 0.255283 0.919157
vt 0.249158 0.908874
vt 0.251538 0.985677
vt 0.254248 0.956508
vt 0.276062 0.957682
vt 0.213954 0.896348
vt 0.202282 0.898996
vt 0.221620 0.876991
vt 0.163449 0.915334
vt 0.179491 0.928606
vt 0.178402 0.940525
vt 0.181894 0.953211
vt 0.188929 0.962894
vt 0.181940 0.982506
vt 0.160064 0.952397
vt 0.178402 0.940525
vt 0.181894 0.953211
vt 0.191296 0.906238
vt 0.185325 0.885225
vt 0.202282 0.898996
vt 0.160064 0.952397
vt 0.163449 0.915334
vt 0.178402 0.940525
vt 0.184261 0.915920
vt 0.163449 0.915334
vt 0.191296 0.906238
vt 0.251538 0.985677
vt 0.216143 0.997178
vt 0.223663 0.976668
vt 0.238876 0.900664
vt 0.221620 0.876991
vt 0.257015 0.888491
vt 0.202282 0.898996
vt 0.185325 0.885225
vt 0.221620 0.876991
vt 0.200033 0.417325
vt 0.100760 0.406160
vt 0.200033 0.404920
vt 0.100760 0.416084
vt 0.094866 0.406160
vt 0.100760 0.406160
vt 0.200033 0.404920
vt 0.100643 0.400267
vt 0.199887 0.397553
vt 0.199393 0.385157
vt 0.099896 0.384466
vt 0.198953 0.377802
vt 0.199887 0.397553
vt 0.100248 0.390350
vt 0.199393 0.385157
vt 0.200033 0.417325
vt 0.100760 0.416084
vt 0.100760 0.406160
vt 0.100760 0.416084
vt 0.094866 0.416084
vt 0.094866 0.406160
vt 0.200033 0.404920
vt 0.100760 0.406160
vt 0.100643 0.400267
vt 0.199393 0.385157
vt 0.100248 0.390350
vt 0.099896 0.384466
vt 0.199887 0.397553
vt 0.100643 0.400267
vt 0.100248 0.390350
vt 0.610720 0.186725
vt 0.627684 0.250032
vt 0.564377 0.233069
vt 0.573143 0.161190
vt 0.521605 0.203915
vt 0.521647 0.162115
vt 0.425837 0.203103
vt 0.416027 0.273165
vt 0.415744 0.188816
vt 0.467257 0.301399
vt 0.520982 0.316425
vt 0.457280 0.315395
vt 0.468519 0.160713
vt 0.521631 0.148121
vt 0.521647 0.162115
vt 0.574808 0.300607
vt 0.520982 0.316425
vt 0.520799 0.302255
vt 0.573143 0.161190
vt 0.521631 0.148121
vt 0.583270 0.146995
vt 0.615594 0.202863
vt 0.625621 0.272811
vt 0.615594 0.259021
vt 0.521605 0.203915
vt 0.573798 0.259021
vt 0.520622 0.260287
vt 0.521647 0.162115
vt 0.467696 0.202963
vt 0.468519 0.160713
vt 0.425837 0.203103
vt 0.467885 0.259199
vt 0.426026 0.259339
vt 0.615594 0.259021
vt 0.573798 0.202863
vt 0.615594 0.202863
vt 0.520799 0.302255
vt 0.573798 0.259021
vt 0.574808 0.300607
vt 0.467257 0.301399
vt 0.520622 0.260287
vt 0.520799 0.302255
vt 0.688532 0.034593
vt 0.539593 0.045084
vt 0.539593 0.034593
vt 0.688532 0.108209
vt 0.539593 0.118701
vt 0.539593 0.108209
vt 0.688532 0.010054
vt 0.539593 0.020546
vt 0.539593 0.010054
vt 0.688531 0.083670
vt 0.539593 0.094162
vt 0.539593 0.083670
vt 0.688532 0.059131
vt 0.539593 0.069623
vt 0.539593 0.059131
vt 0.688532 0.045084
vt 0.539593 0.059131
vt 0.539593 0.045084
vt 0.539593 0.083670
vt 0.688532 0.069623
vt 0.688531 0.083670
vt 0.539593 0.108209
vt 0.688532 0.094162
vt 0.688532 0.108209
vt 0.539593 0.132748
vt 0.688532 0.118701
vt 0.688532 0.132748
vt 0.539593 0.034593
vt 0.688532 0.020546
vt 0.688532 0.034593
vt 0.573143 0.161190
vt 0.573798 0.202863
vt 0.521605 0.203915
vt 0.425837 0.203103
vt 0.426026 0.259339
vt 0.416027 0.273165
vt 0.467257 0.301399
vt 0.520799 0.302255
vt 0.520982 0.316425
vt 0.468519 0.160713
vt 0.458500 0.146404
vt 0.521631 0.148121
vt 0.574808 0.300607
vt 0.584985 0.314418
vt 0.520982 0.316425
vt 0.573143 0.161190
vt 0.521647 0.162115
vt 0.521631 0.148121
vt 0.615594 0.202863
vt 0.625621 0.188555
vt 0.625621 0.272811
vt 0.520622 0.260287
vt 0.467885 0.259199
vt 0.521605 0.203915
vt 0.467885 0.259199
vt 0.467696 0.202963
vt 0.521605 0.203915
vt 0.521605 0.203915
vt 0.573798 0.202863
vt 0.573798 0.259021
vt 0.521647 0.162115
vt 0.521605 0.203915
vt 0.467696 0.202963
vt 0.425837 0.203103
vt 0.467696 0.202963
vt 0.467885 0.259199
vt 0.615594 0.259021
vt 0.573798 0.259021
vt 0.573798 0.202863
vt 0.520799 0.302255
vt 0.520622 0.260287
vt 0.573798 0.259021
vt 0.467257 0.301399
vt 0.467885 0.259199
vt 0.520622 0.260287
vt 0.688532 0.034593
vt 0.688532 0.045084
vt 0.539593 0.045084
vt 0.688532 0.108209
vt 0.688532 0.118701
vt 0.539593 0.118701
vt 0.688532 0.010054
vt 0.688532 0.020546
vt 0.539593 0.020546
vt 0.688531 0.083670
vt 0.688532 0.094162
vt 0.539593 0.094162
vt 0.688532 0.059131
vt 0.688532 0.069623
vt 0.539593 0.069623
vt 0.688532 0.045084
vt 0.688532 0.059131
vt 0.539593 0.059131
vt 0.539593 0.083670
vt 0.539593 0.069623
vt 0.688532 0.069623
vt 0.539593 0.108209
vt 0.539593 0.094162
vt 0.688532 0.094162
vt 0.539593 0.132748
vt 0.539593 0.118701
vt 0.688532 0.118701
vt 0.539593 0.034593
vt 0.539593 0.020546
vt 0.688532 0.020546
vt 0.868433 0.032759
vt 0.841675 0.078905
vt 0.841327 0.032964
vt 0.894515 0.032750
vt 0.868945 0.078731
vt 0.868433 0.032759
vt 0.862554 0.423086
vt 0.904203 0.390277
vt 0.904339 0.422911
vt 0.894504 0.006665
vt 0.868433 0.032759
vt 0.861118 0.006680
vt 0.987189 0.032699
vt 0.894504 0.006665
vt 0.987174 0.006611
vt 0.987217 0.078616
vt 0.902909 0.104757
vt 0.895066 0.078673
vt 0.987189 0.032699
vt 0.895066 0.078673
vt 0.894515 0.032750
vt 0.862346 0.373255
vt 0.833911 0.354661
vt 0.863420 0.363144
vt 0.937697 0.378333
vt 0.904152 0.378161
vt 0.904131 0.373080
vt 0.895066 0.078673
vt 0.869980 0.325312
vt 0.868945 0.078731
vt 0.868945 0.078731
vt 0.842747 0.325428
vt 0.841675 0.078905
vt 0.922331 0.078559
vt 0.896096 0.325202
vt 0.895066 0.078673
vt 0.869980 0.325312
vt 0.863420 0.363144
vt 0.845834 0.337975
vt 0.936463 0.387179
vt 0.904203 0.390277
vt 0.904152 0.378161
vt 0.904131 0.373080
vt 0.862367 0.378336
vt 0.862346 0.373255
vt 0.986393 0.104705
vt 0.987189 0.032699
vt 0.987174 0.006611
vt 0.862554 0.423086
vt 0.830531 0.396243
vt 0.862418 0.390451
vt 0.904339 0.422911
vt 0.904203 0.390277
vt 0.936136 0.395802
vt 0.863420 0.363144
vt 0.904131 0.373080
vt 0.862346 0.373255
vt 0.904152 0.378161
vt 0.862418 0.390451
vt 0.862367 0.378336
vt 0.863420 0.363144
vt 0.896096 0.325202
vt 0.902972 0.362979
vt 0.904131 0.373080
vt 0.902972 0.362979
vt 0.932409 0.354249
vt 0.896096 0.325202
vt 0.920347 0.337664
vt 0.902972 0.362979
vt 0.862418 0.390451
vt 0.830133 0.387623
vt 0.862367 0.378336
vt 0.862346 0.373255
vt 0.862367 0.378336
vt 0.828825 0.378788
vt 0.835935 0.900096
vt 0.851803 0.934003
vt 0.835935 0.934003
vt 0.835935 0.832284
vt 0.851803 0.900096
vt 0.835935 0.900096
vt 0.835935 0.730565
vt 0.851803 0.764471
vt 0.835935 0.764471
vt 0.802028 0.900096
vt 0.835935 0.764471
vt 0.835935 0.832284
vt 0.851803 0.832284
vt 0.885709 0.764471
vt 0.851803 0.900096
vt 0.967356 0.253568
vt 0.990412 0.153185
vt 0.990412 0.253568
vt 0.851803 0.764471
vt 0.847421 0.827902
vt 0.847421 0.768853
vt 0.835935 0.764471
vt 0.847421 0.768853
vt 0.840316 0.768853
vt 0.835935 0.832284
vt 0.840316 0.768853
vt 0.840316 0.827902
vt 0.851803 0.832284
vt 0.840316 0.827902
vt 0.847421 0.827902
vt 0.955278 0.153185
vt 0.932222 0.253568
vt 0.932222 0.153185
vt 0.967356 0.153185
vt 0.955278 0.130129
vt 0.967356 0.130129
vt 0.955278 0.253568
vt 0.967356 0.276625
vt 0.955278 0.276625
vt 0.711370 0.966832
vt 0.680356 0.913259
vt 0.711370 0.913259
vt 0.613029 0.966832
vt 0.582015 0.913259
vt 0.613029 0.913259
vt 0.563858 0.966832
vt 0.532845 0.913259
vt 0.563858 0.913259
vt 0.608893 0.496238
vt 0.625841 0.499721
vt 0.619108 0.506454
vt 0.613029 0.913259
vt 0.631186 0.966832
vt 0.613029 0.966832
vt 0.563858 0.913259
vt 0.582015 0.966833
vt 0.563858 0.966832
vt 0.514688 0.913259
vt 0.532845 0.966832
vt 0.514688 0.966833
vt 0.680356 0.966832
vt 0.662199 0.913259
vt 0.680356 0.913259
vt 0.662199 0.966832
vt 0.631186 0.913259
vt 0.662199 0.913259
vt 0.625841 0.450449
vt 0.664898 0.460664
vt 0.654682 0.499721
vt 0.674419 0.489506
vt 0.664898 0.460664
vt 0.674419 0.460664
vt 0.606104 0.460664
vt 0.615625 0.489506
vt 0.606104 0.489506
vt 0.661415 0.506454
vt 0.664898 0.489506
vt 0.671630 0.496238
vt 0.619109 0.443717
vt 0.615625 0.460664
vt 0.608893 0.453932
vt 0.654682 0.440928
vt 0.625841 0.450449
vt 0.625841 0.440928
vt 0.625841 0.509242
vt 0.654682 0.499721
vt 0.654682 0.509242
vt 0.671630 0.453932
vt 0.654682 0.450449
vt 0.661415 0.443717
vt 0.777890 0.427535
vt 0.754042 0.488445
vt 0.754042 0.427535
vt 0.123374 0.554135
vt 0.138090 0.534367
vt 0.128508 0.557555
vt 0.107348 0.570198
vt 0.128508 0.557555
vt 0.110801 0.575329
vt 0.086391 0.578927
vt 0.110801 0.575329
vt 0.087620 0.584992
vt 0.063692 0.578969
vt 0.087620 0.584992
vt 0.062504 0.585043
vt 0.026661 0.554280
vt 0.011920 0.534526
vt 0.017987 0.533314
vt 0.063692 0.578969
vt 0.039290 0.575467
vt 0.042714 0.570314
vt 0.017987 0.533314
vt 0.011948 0.509416
vt 0.018021 0.510607
vt 0.026661 0.554280
vt 0.039290 0.575467
vt 0.021523 0.557726
vt 0.155963 0.254439
vt 0.208798 0.224453
vt 0.208798 0.254439
vt 0.155963 0.284424
vt 0.208798 0.254439
vt 0.208798 0.284424
vt 0.208798 0.314409
vt 0.155963 0.284424
vt 0.208798 0.284424
vt 0.208798 0.344395
vt 0.155963 0.314409
vt 0.208798 0.314409
vt 0.208798 0.374380
vt 0.155963 0.344395
vt 0.208798 0.344395
vt 0.155963 0.404366
vt 0.208798 0.374380
vt 0.208798 0.404365
vt 0.208797 0.434351
vt 0.155963 0.404366
vt 0.208798 0.404365
vt 0.208798 0.464336
vt 0.155963 0.434351
vt 0.208797 0.434351
vt 0.208798 0.494321
vt 0.155963 0.464336
vt 0.208798 0.464336
vt 0.208798 0.044542
vt 0.155964 0.014556
vt 0.208798 0.014557
vt 0.155964 0.074527
vt 0.208798 0.044542
vt 0.208798 0.074527
vt 0.208798 0.104512
vt 0.155964 0.074527
vt 0.208798 0.074527
vt 0.208798 0.134498
vt 0.155963 0.104512
vt 0.208798 0.104512
vt 0.155963 0.164483
vt 0.208798 0.134498
vt 0.208798 0.164483
vt 0.155963 0.194468
vt 0.208798 0.164483
vt 0.208798 0.194468
vt 0.155963 0.224454
vt 0.208798 0.194468
vt 0.208798 0.224453
vt 0.018021 0.510607
vt 0.021458 0.486175
vt 0.026626 0.489589
vt 0.042641 0.473479
vt 0.021458 0.486175
vt 0.039176 0.468320
vt 0.042641 0.473479
vt 0.062408 0.458662
vt 0.063615 0.464739
vt 0.086313 0.464721
vt 0.062408 0.458662
vt 0.087528 0.458652
vt 0.107281 0.473405
vt 0.087528 0.458652
vt 0.110729 0.468265
vt 0.123330 0.489462
vt 0.110729 0.468265
vt 0.128484 0.486032
vt 0.132017 0.510445
vt 0.128484 0.486032
vt 0.138090 0.509247
vt 0.132023 0.533156
vt 0.138090 0.509247
vt 0.138090 0.534367
vt 0.069332 0.787158
vt 0.096752 0.958924
vt 0.069332 0.958924
vt 0.095074 0.784054
vt 0.067654 0.955821
vt 0.067654 0.784055
vt 0.045291 0.787158
vt 0.008491 0.958924
vt 0.008491 0.787158
vt 0.044847 0.784209
vt 0.008047 0.955975
vt 0.008047 0.784209
vt 0.090959 0.982868
vt 0.120349 0.955975
vt 0.113170 0.992068
vt 0.095074 0.955820
vt 0.111936 0.991913
vt 0.089725 0.982714
vt 0.090525 0.987198
vt 0.119915 0.960305
vt 0.112735 0.996398
vt 0.096752 0.958924
vt 0.113614 0.995017
vt 0.091403 0.985817
vt 0.119115 0.784054
vt 0.095074 0.955820
vt 0.095074 0.784054
vt 0.096752 0.787158
vt 0.120793 0.958924
vt 0.096752 0.958924
vt 0.043613 0.784055
vt 0.067654 0.955821
vt 0.043613 0.955821
vt 0.007613 0.788539
vt 0.044413 0.960305
vt 0.007613 0.960305
vt 0.069332 0.787158
vt 0.045291 0.958924
vt 0.045291 0.787158
vt 0.068888 0.784209
vt 0.096308 0.955975
vt 0.068888 0.955975
vt 0.095874 0.788539
vt 0.068454 0.960305
vt 0.068454 0.788540
vt 0.044847 0.784209
vt 0.068888 0.955975
vt 0.044848 0.955975
vt 0.119914 0.788540
vt 0.095874 0.960305
vt 0.095874 0.788539
vt 0.006813 0.784055
vt 0.043613 0.955821
vt 0.006813 0.955820
vt 0.120349 0.784210
vt 0.096308 0.955975
vt 0.096308 0.784210
vt 0.068454 0.788540
vt 0.044413 0.960305
vt 0.044413 0.788540
vt 0.123374 0.554135
vt 0.132023 0.533156
vt 0.138090 0.534367
vt 0.107348 0.570198
vt 0.123374 0.554135
vt 0.128508 0.557555
vt 0.086391 0.578927
vt 0.107348 0.570198
vt 0.110801 0.575329
vt 0.063692 0.578969
vt 0.086391 0.578927
vt 0.087620 0.584992
vt 0.026661 0.554280
vt 0.021523 0.557726
vt 0.011920 0.534526
vt 0.063692 0.578969
vt 0.062504 0.585043
vt 0.039290 0.575467
vt 0.017987 0.533314
vt 0.011920 0.534526
vt 0.011948 0.509416
vt 0.026661 0.554280
vt 0.042714 0.570314
vt 0.039290 0.575467
vt 0.155963 0.254439
vt 0.155963 0.224454
vt 0.208798 0.224453
vt 0.155963 0.284424
vt 0.155963 0.254439
vt 0.208798 0.254439
vt 0.208798 0.314409
vt 0.155963 0.314409
vt 0.155963 0.284424
vt 0.208798 0.344395
vt 0.155963 0.344395
vt 0.155963 0.314409
vt 0.208798 0.374380
vt 0.155963 0.374380
vt 0.155963 0.344395
vt 0.155963 0.404366
vt 0.155963 0.374380
vt 0.208798 0.374380
vt 0.208797 0.434351
vt 0.155963 0.434351
vt 0.155963 0.404366
vt 0.208798 0.464336
vt 0.155963 0.464336
vt 0.155963 0.434351
vt 0.208798 0.494321
vt 0.155963 0.494321
vt 0.155963 0.464336
vt 0.208798 0.044542
vt 0.155964 0.044542
vt 0.155964 0.014556
vt 0.155964 0.074527
vt 0.155964 0.044542
vt 0.208798 0.044542
vt 0.208798 0.104512
vt 0.155963 0.104512
vt 0.155964 0.074527
vt 0.208798 0.134498
vt 0.155963 0.134498
vt 0.155963 0.104512
vt 0.155963 0.164483
vt 0.155963 0.134498
vt 0.208798 0.134498
vt 0.155963 0.194468
vt 0.155963 0.164483
vt 0.208798 0.164483
vt 0.155963 0.224454
vt 0.155963 0.194468
vt 0.208798 0.194468
vt 0.018021 0.510607
vt 0.011948 0.509416
vt 0.021458 0.486175
vt 0.042641 0.473479
vt 0.026626 0.489589
vt 0.021458 0.486175
vt 0.042641 0.473479
vt 0.039176 0.468320
vt 0.062408 0.458662
vt 0.086313 0.464721
vt 0.063615 0.464739
vt 0.062408 0.458662
vt 0.107281 0.473405
vt 0.086313 0.464721
vt 0.087528 0.458652
vt 0.123330 0.489462
vt 0.107281 0.473405
vt 0.110729 0.468265
vt 0.132017 0.510445
vt 0.123330 0.489462
vt 0.128484 0.486032
vt 0.132023 0.533156
vt 0.132017 0.510445
vt 0.138090 0.509247
vt 0.069332 0.787158
vt 0.096752 0.787158
vt 0.096752 0.958924
vt 0.095074 0.784054
vt 0.095074 0.955820
vt 0.067654 0.955821
vt 0.045291 0.787158
vt 0.045291 0.958924
vt 0.008491 0.958924
vt 0.044847 0.784209
vt 0.044848 0.955975
vt 0.008047 0.955975
vt 0.090959 0.982868
vt 0.096308 0.955975
vt 0.120349 0.955975
vt 0.095074 0.955820
vt 0.119115 0.955820
vt 0.111936 0.991913
vt 0.090525 0.987198
vt 0.095874 0.960305
vt 0.119915 0.960305
vt 0.096752 0.958924
vt 0.120793 0.958924
vt 0.113614 0.995017
vt 0.119115 0.784054
vt 0.119115 0.955820
vt 0.095074 0.955820
vt 0.096752 0.787158
vt 0.120793 0.787158
vt 0.120793 0.958924
vt 0.043613 0.784055
vt 0.067654 0.784055
vt 0.067654 0.955821
vt 0.007613 0.788539
vt 0.044413 0.788540
vt 0.044413 0.960305
vt 0.069332 0.787158
vt 0.069332 0.958924
vt 0.045291 0.958924
vt 0.068888 0.784209
vt 0.096308 0.784210
vt 0.096308 0.955975
vt 0.095874 0.788539
vt 0.095874 0.960305
vt 0.068454 0.960305
vt 0.044847 0.784209
vt 0.068888 0.784209
vt 0.068888 0.955975
vt 0.119914 0.788540
vt 0.119915 0.960305
vt 0.095874 0.960305
vt 0.006813 0.784055
vt 0.043613 0.784055
vt 0.043613 0.955821
vt 0.120349 0.784210
vt 0.120349 0.955975
vt 0.096308 0.955975
vt 0.068454 0.788540
vt 0.068454 0.960305
vt 0.044413 0.960305
vt 0.396920 0.828353
vt 0.442660 0.828353
vt 0.442660 0.843709
vt 0.396920 0.752175
vt 0.442660 0.752175
vt 0.442660 0.767531
vt 0.396920 0.726782
vt 0.442660 0.726782
vt 0.442660 0.742139
vt 0.396920 0.853746
vt 0.442659 0.853746
vt 0.442660 0.869102
vt 0.353965 0.924203
vt 0.354042 0.924157
vt 0.357783 0.927167
vt 0.357783 0.927167
vt 0.357783 0.944913
vt 0.354196 0.948810
vt 0.354196 0.948810
vt 0.354100 0.948784
vt 0.353965 0.924203
vt 0.313270 0.922945
vt 0.313190 0.922899
vt 0.314094 0.917876
vt 0.314094 0.917876
vt 0.329395 0.910035
vt 0.334093 0.911652
vt 0.334093 0.911652
vt 0.334094 0.911744
vt 0.313270 0.922945
vt 0.334094 0.911744
vt 0.334093 0.911652
vt 0.338830 0.909901
vt 0.338830 0.909901
vt 0.353117 0.919356
vt 0.354042 0.924157
vt 0.354042 0.924157
vt 0.353965 0.924203
vt 0.334094 0.911744
vt 0.354100 0.948786
vt 0.354196 0.948810
vt 0.353705 0.954167
vt 0.353705 0.954167
vt 0.335686 0.961422
vt 0.330732 0.959224
vt 0.330732 0.959224
vt 0.330739 0.959126
vt 0.354100 0.948786
vt 0.330739 0.959126
vt 0.330732 0.959224
vt 0.325726 0.960657
vt 0.325726 0.960657
vt 0.312213 0.950554
vt 0.311569 0.945697
vt 0.311569 0.945697
vt 0.311649 0.945655
vt 0.330739 0.959126
vt 0.311649 0.945655
vt 0.311569 0.945697
vt 0.307924 0.942370
vt 0.307924 0.942370
vt 0.309403 0.926019
vt 0.313190 0.922899
vt 0.313190 0.922899
vt 0.313270 0.922945
vt 0.311649 0.945655
vt 0.356001 0.904757
vt 0.333937 0.897588
vt 0.334660 0.881718
vt 0.367875 0.947889
vt 0.383191 0.953649
vt 0.361330 0.978604
vt 0.311311 0.902721
vt 0.297675 0.921490
vt 0.282805 0.915898
vt 0.295565 0.944594
vt 0.279788 0.948937
vt 0.282805 0.915898
vt 0.367875 0.947889
vt 0.367875 0.924689
vt 0.383191 0.920473
vt 0.330523 0.972510
vt 0.352588 0.965340
vt 0.361330 0.978604
vt 0.330523 0.972510
vt 0.329778 0.988856
vt 0.299289 0.975777
vt 0.295565 0.944594
vt 0.309201 0.963363
vt 0.299289 0.975777
vt 0.356001 0.904757
vt 0.366213 0.891970
vt 0.383191 0.920473
vt 0.311312 0.902721
vt 0.302306 0.889058
vt 0.334660 0.881718
vt 0.157783 0.800077
vt 0.157783 0.826661
vt 0.127310 0.826661
vt 0.157783 0.826661
vt 0.157783 0.853245
vt 0.127310 0.853245
vt 0.127310 0.879828
vt 0.157783 0.879828
vt 0.157783 0.906412
vt 0.157783 0.853245
vt 0.157783 0.879828
vt 0.127310 0.879828
vt 0.127310 0.959579
vt 0.127310 0.932995
vt 0.157783 0.932995
vt 0.127310 0.906412
vt 0.157783 0.906412
vt 0.157783 0.932995
vt 0.157783 0.720327
vt 0.157783 0.746910
vt 0.127310 0.746910
vt 0.157783 0.959579
vt 0.157783 0.986163
vt 0.127310 0.986163
vt 0.157783 0.746910
vt 0.157783 0.773494
vt 0.127310 0.773494
vt 0.157783 0.773494
vt 0.157783 0.800077
vt 0.127310 0.800077
vt 0.392349 0.955643
vt 0.489927 0.955643
vt 0.489927 0.961916
vt 0.311618 0.927005
vt 0.315538 0.920215
vt 0.329867 0.911942
vt 0.329867 0.911942
vt 0.337707 0.911943
vt 0.352036 0.920215
vt 0.352036 0.920215
vt 0.355956 0.927005
vt 0.355956 0.943550
vt 0.355956 0.943550
vt 0.352036 0.950341
vt 0.337707 0.958613
vt 0.337707 0.958613
vt 0.329867 0.958613
vt 0.315538 0.950341
vt 0.315538 0.950341
vt 0.311618 0.943550
vt 0.311618 0.927005
vt 0.311618 0.927005
vt 0.329867 0.911942
vt 0.352036 0.920215
vt 0.352036 0.920215
vt 0.355956 0.943550
vt 0.337707 0.958613
vt 0.337707 0.958613
vt 0.315538 0.950341
vt 0.311618 0.927005
vt 0.392349 0.936135
vt 0.489927 0.936135
vt 0.489927 0.942407
vt 0.392349 0.916626
vt 0.489927 0.916626
vt 0.489927 0.922899
vt 0.392349 0.877609
vt 0.489927 0.877609
vt 0.489927 0.883881
vt 0.396920 0.777568
vt 0.442660 0.777568
vt 0.442660 0.792924
vt 0.488860 0.768378
vt 0.447695 0.768378
vt 0.447695 0.744128
vt 0.312753 0.948455
vt 0.312753 0.924205
vt 0.333755 0.912079
vt 0.333755 0.912079
vt 0.354757 0.924205
vt 0.354757 0.948455
vt 0.354757 0.948455
vt 0.333755 0.960581
vt 0.312753 0.948455
vt 0.488860 0.816880
vt 0.447695 0.816880
vt 0.447695 0.792629
vt 0.488860 0.865382
vt 0.447695 0.865382
vt 0.447695 0.841131
vt 0.488860 0.792629
vt 0.447695 0.792629
vt 0.447695 0.768378
vt 0.488860 0.841131
vt 0.447695 0.841131
vt 0.447695 0.816880
vt 0.488861 0.719877
vt 0.488860 0.744128
vt 0.447695 0.744128
vt 0.396920 0.802960
vt 0.442660 0.802960
vt 0.442660 0.818316
vt 0.392349 0.975152
vt 0.489927 0.975152
vt 0.489927 0.981424
vt 0.396920 0.853746
vt 0.396920 0.843709
vt 0.442660 0.843709
vt 0.396920 0.726782
vt 0.396920 0.716746
vt 0.442660 0.716746
vt 0.442660 0.742139
vt 0.442660 0.752175
vt 0.396920 0.752175
vt 0.442660 0.792924
vt 0.442660 0.802960
vt 0.396920 0.802960
vt 0.442660 0.818316
vt 0.442660 0.828353
vt 0.396920 0.828353
vt 0.442660 0.767531
vt 0.442660 0.777568
vt 0.396920 0.777568
vt 0.489927 0.922899
vt 0.489927 0.936135
vt 0.392349 0.936135
vt 0.489927 0.961916
vt 0.489927 0.975152
vt 0.392349 0.975152
vt 0.489927 0.981424
vt 0.489927 0.994660
vt 0.392349 0.994660
vt 0.392349 0.897117
vt 0.392349 0.883881
vt 0.489927 0.883881
vt 0.392349 0.942407
vt 0.489927 0.942407
vt 0.489927 0.955643
vt 0.392349 0.916626
vt 0.392349 0.903390
vt 0.489927 0.903390
vt 0.392349 0.903390
vt 0.392349 0.897117
vt 0.489927 0.897117
vt 0.564377 0.233069
vt 0.564377 0.213482
vt 0.574170 0.196519
vt 0.574170 0.196519
vt 0.591133 0.186725
vt 0.610720 0.186725
vt 0.610720 0.186725
vt 0.627684 0.196518
vt 0.637477 0.213481
vt 0.637477 0.213481
vt 0.637477 0.233069
vt 0.627684 0.250032
vt 0.627684 0.250032
vt 0.610721 0.259825
vt 0.591134 0.259825
vt 0.591134 0.259825
vt 0.574170 0.250032
vt 0.564377 0.233069
vt 0.564377 0.233069
vt 0.574170 0.196519
vt 0.610720 0.186725
vt 0.610720 0.186725
vt 0.637477 0.213481
vt 0.627684 0.250032
vt 0.627684 0.250032
vt 0.591134 0.259825
vt 0.564377 0.233069
vt 0.868433 0.032759
vt 0.868945 0.078731
vt 0.841675 0.078905
vt 0.894515 0.032750
vt 0.895066 0.078673
vt 0.868945 0.078731
vt 0.862554 0.423086
vt 0.862418 0.390451
vt 0.904203 0.390277
vt 0.894504 0.006665
vt 0.894515 0.032750
vt 0.868433 0.032759
vt 0.987189 0.032699
vt 0.894515 0.032750
vt 0.894504 0.006665
vt 0.987217 0.078616
vt 0.986393 0.104705
vt 0.902909 0.104757
vt 0.987189 0.032699
vt 0.987217 0.078616
vt 0.895066 0.078673
vt 0.895066 0.078673
vt 0.896096 0.325202
vt 0.869980 0.325312
vt 0.868945 0.078731
vt 0.869980 0.325312
vt 0.842747 0.325428
vt 0.922331 0.078559
vt 0.923361 0.325089
vt 0.896096 0.325202
vt 0.904131 0.373080
vt 0.904152 0.378161
vt 0.862367 0.378336
vt 0.986393 0.104705
vt 0.987217 0.078616
vt 0.987189 0.032699
vt 0.863420 0.363144
vt 0.902972 0.362979
vt 0.904131 0.373080
vt 0.904152 0.378161
vt 0.904203 0.390277
vt 0.862418 0.390451
vt 0.863420 0.363144
vt 0.869980 0.325312
vt 0.896096 0.325202
vt 0.835935 0.900096
vt 0.851803 0.900096
vt 0.851803 0.934003
vt 0.835935 0.832284
vt 0.851803 0.832284
vt 0.851803 0.900096
vt 0.835935 0.730565
vt 0.851803 0.730565
vt 0.851803 0.764471
vt 0.835935 0.832284
vt 0.835935 0.900096
vt 0.802028 0.900096
vt 0.802028 0.900096
vt 0.802028 0.764471
vt 0.835935 0.764471
vt 0.851803 0.832284
vt 0.851803 0.764471
vt 0.885709 0.764471
vt 0.885709 0.764471
vt 0.885709 0.900096
vt 0.851803 0.900096
vt 0.967356 0.253568
vt 0.967356 0.153185
vt 0.990412 0.153185
vt 0.851803 0.764471
vt 0.851803 0.832284
vt 0.847421 0.827902
vt 0.835935 0.764471
vt 0.851803 0.764471
vt 0.847421 0.768853
vt 0.835935 0.832284
vt 0.835935 0.764471
vt 0.840316 0.768853
vt 0.851803 0.832284
vt 0.835935 0.832284
vt 0.840316 0.827902
vt 0.955278 0.153185
vt 0.955278 0.253568
vt 0.932222 0.253568
vt 0.967356 0.153185
vt 0.955278 0.153185
vt 0.955278 0.130129
vt 0.955278 0.253568
vt 0.967356 0.253568
vt 0.967356 0.276625
vt 0.711370 0.966832
vt 0.680356 0.966832
vt 0.680356 0.913259
vt 0.613029 0.966832
vt 0.582015 0.966833
vt 0.582015 0.913259
vt 0.563858 0.966832
vt 0.532845 0.966832
vt 0.532845 0.913259
vt 0.608893 0.496238
vt 0.615625 0.489506
vt 0.625841 0.499721
vt 0.613029 0.913259
vt 0.631186 0.913259
vt 0.631186 0.966832
vt 0.563858 0.913259
vt 0.582015 0.913259
vt 0.582015 0.966833
vt 0.514688 0.913259
vt 0.532845 0.913259
vt 0.532845 0.966832
vt 0.680356 0.966832
vt 0.662199 0.966832
vt 0.662199 0.913259
vt 0.662199 0.966832
vt 0.631186 0.966832
vt 0.631186 0.913259
vt 0.654682 0.499721
vt 0.625841 0.499721
vt 0.615625 0.489506
vt 0.615625 0.489506
vt 0.615625 0.460664
vt 0.625841 0.450449
vt 0.625841 0.450449
vt 0.654682 0.450449
vt 0.664898 0.460664
vt 0.664898 0.460664
vt 0.664898 0.489506
vt 0.654682 0.499721
vt 0.654682 0.499721
vt 0.615625 0.489506
vt 0.625841 0.450449
vt 0.674419 0.489506
vt 0.664898 0.489506
vt 0.664898 0.460664
vt 0.606104 0.460664
vt 0.615625 0.460664
vt 0.615625 0.489506
vt 0.661415 0.506454
vt 0.654682 0.499721
vt 0.664898 0.489506
vt 0.619109 0.443717
vt 0.625841 0.450449
vt 0.615625 0.460664
vt 0.654682 0.440928
vt 0.654682 0.450449
vt 0.625841 0.450449
vt 0.625841 0.509242
vt 0.625841 0.499721
vt 0.654682 0.499721
vt 0.671630 0.453932
vt 0.664898 0.460664
vt 0.654682 0.450449
vt 0.777890 0.427535
vt 0.777890 0.488445
vt 0.754042 0.488445
vt 0.568572 0.944563
vt 0.537280 0.956369
vt 0.553971 0.936334
vt 0.553971 0.936334
vt 0.520480 0.936775
vt 0.543062 0.923611
vt 0.543062 0.923611
vt 0.511467 0.912589
vt 0.537210 0.907906
vt 0.537156 0.891146
vt 0.511467 0.912589
vt 0.511384 0.886778
vt 0.616123 0.936055
vt 0.649618 0.936193
vt 0.632994 0.955938
vt 0.153748 0.658318
vt 0.140500 0.649839
vt 0.143872 0.648442
vt 0.153748 0.624599
vt 0.140500 0.633079
vt 0.152351 0.621227
vt 0.167715 0.624599
vt 0.180963 0.633078
vt 0.177591 0.634475
vt 0.167715 0.658318
vt 0.180963 0.649839
vt 0.169112 0.661690
vt 0.167715 0.658318
vt 0.152351 0.661690
vt 0.153748 0.658318
vt 0.143872 0.634475
vt 0.140500 0.649839
vt 0.140500 0.633079
vt 0.153748 0.624599
vt 0.169112 0.621227
vt 0.167715 0.624599
vt 0.177591 0.648442
vt 0.180963 0.633078
vt 0.180963 0.649839
vt 0.294410 0.628061
vt 0.316404 0.638658
vt 0.303163 0.654603
vt 0.278832 0.634244
vt 0.303163 0.654603
vt 0.288540 0.664224
vt 0.271053 0.665000
vt 0.278832 0.634244
vt 0.288540 0.664224
vt 0.250979 0.659843
vt 0.262587 0.638365
vt 0.271053 0.665000
vt 0.359108 0.604284
vt 0.366040 0.585149
vt 0.379236 0.599341
vt 0.343253 0.611702
vt 0.352748 0.595358
vt 0.359108 0.604284
vt 0.324403 0.613094
vt 0.343253 0.611702
vt 0.329650 0.622718
vt 0.309410 0.620584
vt 0.329650 0.622718
vt 0.316404 0.638658
vt 0.348497 0.964209
vt 0.511384 0.938399
vt 0.511184 0.964209
vt 0.348697 0.938399
vt 0.511467 0.912589
vt 0.511384 0.938399
vt 0.511467 0.912589
vt 0.348697 0.886778
vt 0.511384 0.886778
vt 0.820237 0.989670
vt 0.657349 0.963860
vt 0.820037 0.963860
vt 0.820037 0.963860
vt 0.657149 0.938050
vt 0.819836 0.938050
vt 0.819836 0.938050
vt 0.657066 0.912240
vt 0.819753 0.912240
vt 0.657066 0.912240
vt 0.819836 0.886429
vt 0.819753 0.912240
vt 0.348296 0.990018
vt 0.511184 0.964209
vt 0.510984 0.990018
vt 0.585097 0.947359
vt 0.559766 0.969040
vt 0.568572 0.944563
vt 0.585097 0.947359
vt 0.610623 0.968811
vt 0.585214 0.973346
vt 0.601597 0.944414
vt 0.632994 0.955938
vt 0.610623 0.968811
vt 0.568572 0.944563
vt 0.559766 0.969040
vt 0.537280 0.956369
vt 0.553971 0.936334
vt 0.537280 0.956369
vt 0.520480 0.936775
vt 0.543062 0.923611
vt 0.520480 0.936775
vt 0.511467 0.912589
vt 0.537156 0.891146
vt 0.537210 0.907906
vt 0.511467 0.912589
vt 0.616123 0.936055
vt 0.626918 0.923233
vt 0.649618 0.936193
vt 0.153748 0.658318
vt 0.152351 0.661690
vt 0.140500 0.649839
vt 0.153748 0.624599
vt 0.143872 0.634475
vt 0.140500 0.633079
vt 0.167715 0.624599
vt 0.169112 0.621227
vt 0.180963 0.633078
vt 0.167715 0.658318
vt 0.177591 0.648442
vt 0.180963 0.649839
vt 0.167715 0.658318
vt 0.169112 0.661690
vt 0.152351 0.661690
vt 0.143872 0.634475
vt 0.143872 0.648442
vt 0.140500 0.649839
vt 0.153748 0.624599
vt 0.152351 0.621227
vt 0.169112 0.621227
vt 0.177591 0.648442
vt 0.177591 0.634475
vt 0.180963 0.633078
vt 0.294410 0.628061
vt 0.309410 0.620584
vt 0.316404 0.638658
vt 0.278832 0.634244
vt 0.294410 0.628061
vt 0.303163 0.654603
vt 0.271053 0.665000
vt 0.262587 0.638365
vt 0.278832 0.634244
vt 0.250979 0.659843
vt 0.246051 0.641100
vt 0.262587 0.638365
vt 0.359108 0.604284
vt 0.352748 0.595358
vt 0.366040 0.585149
vt 0.343253 0.611702
vt 0.339204 0.605230
vt 0.352748 0.595358
vt 0.324403 0.613094
vt 0.339204 0.605230
vt 0.343253 0.611702
vt 0.309410 0.620584
vt 0.324403 0.613094
vt 0.329650 0.622718
vt 0.348497 0.964209
vt 0.348697 0.938399
vt 0.511384 0.938399
vt 0.348697 0.938399
vt 0.348780 0.912589
vt 0.511467 0.912589
vt 0.511467 0.912589
vt 0.348780 0.912589
vt 0.348697 0.886778
vt 0.820237 0.989670
vt 0.657549 0.989670
vt 0.657349 0.963860
vt 0.820037 0.963860
vt 0.657349 0.963860
vt 0.657149 0.938050
vt 0.819836 0.938050
vt 0.657149 0.938050
vt 0.657066 0.912240
vt 0.657066 0.912240
vt 0.657149 0.886429
vt 0.819836 0.886429
vt 0.348296 0.990018
vt 0.348497 0.964209
vt 0.511184 0.964209
vt 0.585097 0.947359
vt 0.585214 0.973346
vt 0.559766 0.969040
vt 0.585097 0.947359
vt 0.601597 0.944414
vt 0.610623 0.968811
vt 0.601597 0.944414
vt 0.616123 0.936055
vt 0.632994 0.955938
vt 0.568572 0.944563
vt 0.537280 0.956369
vt 0.553971 0.936334
vt 0.553971 0.936334
vt 0.520480 0.936775
vt 0.543062 0.923611
vt 0.543062 0.923611
vt 0.511467 0.912589
vt 0.537210 0.907906
vt 0.537156 0.891146
vt 0.511467 0.912589
vt 0.511384 0.886778
vt 0.616123 0.936055
vt 0.649618 0.936193
vt 0.632994 0.955938
vt 0.153748 0.658318
vt 0.140500 0.649839
vt 0.143872 0.648442
vt 0.153748 0.624599
vt 0.140500 0.633079
vt 0.152351 0.621227
vt 0.167715 0.624599
vt 0.180963 0.633078
vt 0.177591 0.634475
vt 0.167715 0.658318
vt 0.180963 0.649839
vt 0.169112 0.661690
vt 0.167715 0.658318
vt 0.152351 0.661690
vt 0.153748 0.658318
vt 0.143872 0.634475
vt 0.140500 0.649839
vt 0.140500 0.633079
vt 0.153748 0.624599
vt 0.169112 0.621227
vt 0.167715 0.624599
vt 0.177591 0.648442
vt 0.180963 0.633078
vt 0.180963 0.649839
vt 0.294410 0.628061
vt 0.316404 0.638658
vt 0.303163 0.654603
vt 0.278832 0.634244
vt 0.303163 0.654603
vt 0.288540 0.664224
vt 0.271053 0.665000
vt 0.278832 0.634244
vt 0.288540 0.664224
vt 0.250979 0.659843
vt 0.262587 0.638365
vt 0.271053 0.665000
vt 0.359108 0.604284
vt 0.366040 0.585149
vt 0.379236 0.599341
vt 0.343253 0.611702
vt 0.352748 0.595358
vt 0.359108 0.604284
vt 0.324403 0.613094
vt 0.343253 0.611702
vt 0.329650 0.622718
vt 0.309410 0.620584
vt 0.329650 0.622718
vt 0.316404 0.638658
vt 0.348497 0.964209
vt 0.511384 0.938399
vt 0.511184 0.964209
vt 0.348697 0.938399
vt 0.511467 0.912589
vt 0.511384 0.938399
vt 0.511467 0.912589
vt 0.348697 0.886778
vt 0.511384 0.886778
vt 0.820237 0.989670
vt 0.657349 0.963860
vt 0.820037 0.963860
vt 0.820037 0.963860
vt 0.657149 0.938050
vt 0.819836 0.938050
vt 0.819836 0.938050
vt 0.657066 0.912240
vt 0.819753 0.912240
vt 0.657066 0.912240
vt 0.819836 0.886429
vt 0.819753 0.912240
vt 0.348296 0.990018
vt 0.511184 0.964209
vt 0.510984 0.990018
vt 0.585097 0.947359
vt 0.559766 0.969040
vt 0.568572 0.944563
vt 0.585097 0.947359
vt 0.610623 0.968811
vt 0.585214 0.973346
vt 0.601597 0.944414
vt 0.632994 0.955938
vt 0.610623 0.968811
vt 0.568572 0.944563
vt 0.559766 0.969040
vt 0.537280 0.956369
vt 0.553971 0.936334
vt 0.537280 0.956369
vt 0.520480 0.936775
vt 0.543062 0.923611
vt 0.520480 0.936775
vt 0.511467 0.912589
vt 0.537156 0.891146
vt 0.537210 0.907906
vt 0.511467 0.912589
vt 0.616123 0.936055
vt 0.626918 0.923233
vt 0.649618 0.936193
vt 0.153748 0.658318
vt 0.152351 0.661690
vt 0.140500 0.649839
vt 0.153748 0.624599
vt 0.143872 0.634475
vt 0.140500 0.633079
vt 0.167715 0.624599
vt 0.169112 0.621227
vt 0.180963 0.633078
vt 0.167715 0.658318
vt 0.177591 0.648442
vt 0.180963 0.649839
vt 0.167715 0.658318
vt 0.169112 0.661690
vt 0.152351 0.661690
vt 0.143872 0.634475
vt 0.143872 0.648442
vt 0.140500 0.649839
vt 0.153748 0.624599
vt 0.152351 0.621227
vt 0.169112 0.621227
vt 0.177591 0.648442
vt 0.177591 0.634475
vt 0.180963 0.633078
vt 0.294410 0.628061
vt 0.309410 0.620584
vt 0.316404 0.638658
vt 0.278832 0.634244
vt 0.294410 0.628061
vt 0.303163 0.654603
vt 0.271053 0.665000
vt 0.262587 0.638365
vt 0.278832 0.634244
vt 0.250979 0.659843
vt 0.246051 0.641100
vt 0.262587 0.638365
vt 0.359108 0.604284
vt 0.352748 0.595358
vt 0.366040 0.585149
vt 0.343253 0.611702
vt 0.339204 0.605230
vt 0.352748 0.595358
vt 0.324403 0.613094
vt 0.339204 0.605230
vt 0.343253 0.611702
vt 0.309410 0.620584
vt 0.324403 0.613094
vt 0.329650 0.622718
vt 0.348497 0.964209
vt 0.348697 0.938399
vt 0.511384 0.938399
vt 0.348697 0.938399
vt 0.348780 0.912589
vt 0.511467 0.912589
vt 0.511467 0.912589
vt 0.348780 0.912589
vt 0.348697 0.886778
vt 0.820237 0.989670
vt 0.657549 0.989670
vt 0.657349 0.963860
vt 0.820037 0.963860
vt 0.657349 0.963860
vt 0.657149 0.938050
vt 0.819836 0.938050
vt 0.657149 0.938050
vt 0.657066 0.912240
vt 0.657066 0.912240
vt 0.657149 0.886429
vt 0.819836 0.886429
vt 0.348296 0.990018
vt 0.348497 0.964209
vt 0.511184 0.964209
vt 0.585097 0.947359
vt 0.585214 0.973346
vt 0.559766 0.969040
vt 0.585097 0.947359
vt 0.601597 0.944414
vt 0.610623 0.968811
vt 0.601597 0.944414
vt 0.616123 0.936055
vt 0.632994 0.955938
vt 0.223514 0.259927
vt 0.249137 0.321423
vt 0.223514 0.321423
vt 0.707610 0.535890
vt 0.779524 0.496134
vt 0.797502 0.535890
vt 0.454123 0.321423
vt 0.479746 0.259927
vt 0.479746 0.321423
vt 0.249137 0.321423
vt 0.351630 0.321423
vt 0.454123 0.347046
vt 0.249137 0.234304
vt 0.454123 0.259927
vt 0.351630 0.259927
vt 0.351630 0.278258
vt 0.393711 0.303092
vt 0.351630 0.303092
vt 0.267468 0.303092
vt 0.249137 0.259927
vt 0.267468 0.278258
vt 0.309549 0.303092
vt 0.351630 0.321423
vt 0.249137 0.321423
vt 0.393711 0.278258
vt 0.351630 0.259927
vt 0.454123 0.259927
vt 0.435792 0.278258
vt 0.454123 0.321423
vt 0.435792 0.303092
vt 0.393711 0.303092
vt 0.454123 0.321423
vt 0.351630 0.321423
vt 0.309549 0.278258
vt 0.249137 0.259927
vt 0.351630 0.259927
vt 0.725589 0.464304
vt 0.779524 0.496134
vt 0.725589 0.496134
vt 0.309549 0.278258
vt 0.351630 0.303092
vt 0.309549 0.303092
vt 0.797502 0.424548
vt 0.725589 0.464304
vt 0.707610 0.424548
vt 0.781373 0.495759
vt 0.727437 0.463930
vt 0.781373 0.463930
vt 0.823696 0.453320
vt 0.781373 0.495759
vt 0.781373 0.463930
vt 0.799351 0.424173
vt 0.727437 0.463930
vt 0.709459 0.424173
vt 0.709459 0.535515
vt 0.781373 0.495759
vt 0.799351 0.535515
vt 0.683265 0.506743
vt 0.725589 0.464304
vt 0.725589 0.496134
vt 0.821847 0.506743
vt 0.779524 0.464304
vt 0.821847 0.453695
vt 0.685114 0.453320
vt 0.727437 0.495759
vt 0.685114 0.506368
vt 0.315299 0.269840
vt 0.402449 0.218575
vt 0.402449 0.269840
vt 0.315299 0.218575
vt 0.402449 0.167310
vt 0.402449 0.218575
vt 0.315299 0.167310
vt 0.402448 0.116046
vt 0.402449 0.167310
vt 0.315299 0.116046
vt 0.402448 0.064781
vt 0.402448 0.116046
vt 0.466641 0.019616
vt 0.511038 0.096513
vt 0.422245 0.096513
vt 0.315299 0.064781
vt 0.402448 0.013516
vt 0.402448 0.064781
vt 0.315299 0.321104
vt 0.402449 0.269840
vt 0.402449 0.321104
vt 0.315299 0.269840
vt 0.315299 0.218575
vt 0.402449 0.218575
vt 0.315299 0.218575
vt 0.315299 0.167310
vt 0.402449 0.167310
vt 0.315299 0.167310
vt 0.315299 0.116046
vt 0.402448 0.116046
vt 0.315299 0.116046
vt 0.315299 0.064781
vt 0.402448 0.064781
vt 0.422245 0.096513
vt 0.422245 0.045248
vt 0.466641 0.019616
vt 0.466641 0.019616
vt 0.511038 0.045248
vt 0.511038 0.096513
vt 0.511038 0.096513
vt 0.466641 0.122145
vt 0.422245 0.096513
vt 0.315299 0.064781
vt 0.315299 0.013516
vt 0.402448 0.013516
vt 0.315299 0.321104
vt 0.315299 0.269840
vt 0.402449 0.269840
vt 0.182229 0.989027
vt 0.192835 0.828601
vt 0.192835 0.989027
vt 0.256549 0.989027
vt 0.267154 0.828601
vt 0.267155 0.989027
vt 0.275861 0.989027
vt 0.322162 0.828601
vt 0.322162 0.989027
vt 0.328318 0.811839
vt 0.322162 0.828601
vt 0.269704 0.822445
vt 0.201541 0.989027
vt 0.247842 0.828601
vt 0.247843 0.989027
vt 0.267155 0.989027
vt 0.275861 0.989027
vt 0.271508 0.996567
vt 0.173523 0.989027
vt 0.182229 0.989027
vt 0.177877 0.996567
vt 0.201541 0.989027
vt 0.197188 0.996567
vt 0.192835 0.989027
vt 0.247843 0.989027
vt 0.252196 0.996567
vt 0.243490 0.996567
vt 0.247842 0.828601
vt 0.256549 0.989027
vt 0.247843 0.989027
vt 0.275861 0.989027
vt 0.267154 0.828601
vt 0.275861 0.828601
vt 0.173523 0.828601
vt 0.182229 0.989027
vt 0.173523 0.989027
vt 0.201541 0.989027
vt 0.192835 0.828601
vt 0.201541 0.828601
vt 0.771602 0.765619
vt 0.789014 0.562724
vt 0.789014 0.765620
vt 0.752691 0.562724
vt 0.762300 0.765620
vt 0.752691 0.765620
vt 0.725465 0.562724
vt 0.742878 0.765620
vt 0.725465 0.765620
vt 0.015916 0.060143
vt 0.025049 0.027927
vt 0.047165 0.038258
vt 0.706554 0.562724
vt 0.716164 0.765619
vt 0.706554 0.765620
vt 0.789014 0.562724
vt 0.798827 0.765619
vt 0.789014 0.765620
vt 0.725465 0.562724
vt 0.716164 0.765619
vt 0.716164 0.562724
vt 0.752691 0.765620
vt 0.742878 0.562724
vt 0.752691 0.562724
vt 0.771602 0.765619
vt 0.762300 0.562724
vt 0.771601 0.562724
vt 0.472590 0.536835
vt 0.561354 0.530184
vt 0.561354 0.536835
vt 0.472590 0.623951
vt 0.561354 0.617300
vt 0.561354 0.623951
vt 0.472590 0.606528
vt 0.561354 0.599877
vt 0.561354 0.606528
vt 0.472590 0.589105
vt 0.561354 0.582454
vt 0.561354 0.589105
vt 0.472590 0.571681
vt 0.561354 0.565030
vt 0.561354 0.571681
vt 0.472590 0.554258
vt 0.561354 0.547607
vt 0.561354 0.554258
vt 0.472590 0.641374
vt 0.561354 0.634724
vt 0.561354 0.641374
vt 0.929062 0.632286
vt 0.986275 0.646491
vt 0.972070 0.703704
vt 0.472590 0.658798
vt 0.561354 0.652147
vt 0.561354 0.658798
vt 0.472590 0.669570
vt 0.561354 0.658798
vt 0.561354 0.669570
vt 0.561354 0.641374
vt 0.472590 0.652147
vt 0.472590 0.641374
vt 0.561354 0.623951
vt 0.472590 0.634724
vt 0.472590 0.623951
vt 0.561354 0.606528
vt 0.472590 0.617300
vt 0.472590 0.606528
vt 0.561354 0.589105
vt 0.472590 0.599877
vt 0.472590 0.589105
vt 0.561354 0.571681
vt 0.472590 0.582454
vt 0.472590 0.571681
vt 0.561354 0.554258
vt 0.472590 0.565030
vt 0.472590 0.554258
vt 0.561354 0.536835
vt 0.472590 0.547607
vt 0.472590 0.536835
vt 0.223514 0.259927
vt 0.249137 0.259927
vt 0.249137 0.321423
vt 0.707610 0.535890
vt 0.725589 0.496134
vt 0.779524 0.496134
vt 0.454123 0.321423
vt 0.454123 0.259927
vt 0.479746 0.259927
vt 0.454123 0.347046
vt 0.249137 0.347046
vt 0.249137 0.321423
vt 0.351630 0.321423
vt 0.454123 0.321423
vt 0.454123 0.347046
vt 0.351630 0.259927
vt 0.249137 0.259927
vt 0.249137 0.234304
vt 0.249137 0.234304
vt 0.454123 0.234304
vt 0.454123 0.259927
vt 0.351630 0.278258
vt 0.393711 0.278258
vt 0.393711 0.303092
vt 0.267468 0.303092
vt 0.249137 0.321423
vt 0.249137 0.259927
vt 0.249137 0.321423
vt 0.267468 0.303092
vt 0.309549 0.303092
vt 0.309549 0.303092
vt 0.351630 0.303092
vt 0.351630 0.321423
vt 0.454123 0.259927
vt 0.435792 0.278258
vt 0.393711 0.278258
vt 0.393711 0.278258
vt 0.351630 0.278258
vt 0.351630 0.259927
vt 0.435792 0.278258
vt 0.454123 0.259927
vt 0.454123 0.321423
vt 0.351630 0.321423
vt 0.351630 0.303092
vt 0.393711 0.303092
vt 0.393711 0.303092
vt 0.435792 0.303092
vt 0.454123 0.321423
vt 0.351630 0.259927
vt 0.351630 0.278258
vt 0.309549 0.278258
vt 0.309549 0.278258
vt 0.267468 0.278258
vt 0.249137 0.259927
vt 0.725589 0.464304
vt 0.779524 0.464304
vt 0.779524 0.496134
vt 0.309549 0.278258
vt 0.351630 0.278258
vt 0.351630 0.303092
vt 0.797502 0.424548
vt 0.779524 0.464304
vt 0.725589 0.464304
vt 0.781373 0.495759
vt 0.727437 0.495759
vt 0.727437 0.463930
vt 0.823696 0.453320
vt 0.823696 0.506368
vt 0.781373 0.495759
vt 0.799351 0.424173
vt 0.781373 0.463930
vt 0.727437 0.463930
vt 0.709459 0.535515
vt 0.727437 0.495759
vt 0.781373 0.495759
vt 0.683265 0.506743
vt 0.683265 0.453695
vt 0.725589 0.464304
vt 0.821847 0.506743
vt 0.779524 0.496134
vt 0.779524 0.464304
vt 0.685114 0.453320
vt 0.727437 0.463930
vt 0.727437 0.495759
vt 0.182229 0.989027
vt 0.182229 0.828601
vt 0.192835 0.828601
vt 0.256549 0.989027
vt 0.256549 0.828601
vt 0.267154 0.828601
vt 0.275861 0.989027
vt 0.275861 0.828601
vt 0.322162 0.828601
vt 0.269704 0.822445
vt 0.269704 0.811839
vt 0.275861 0.805683
vt 0.275861 0.805683
vt 0.322162 0.805683
vt 0.328318 0.811839
vt 0.328318 0.811839
vt 0.328318 0.822445
vt 0.322162 0.828601
vt 0.322162 0.828601
vt 0.275861 0.828601
vt 0.269704 0.822445
vt 0.269704 0.822445
vt 0.275861 0.805683
vt 0.328318 0.811839
vt 0.201541 0.989027
vt 0.201541 0.828601
vt 0.247842 0.828601
vt 0.201541 0.989027
vt 0.205894 0.996567
vt 0.197188 0.996567
vt 0.247843 0.989027
vt 0.256549 0.989027
vt 0.252196 0.996567
vt 0.247842 0.828601
vt 0.256549 0.828601
vt 0.256549 0.989027
vt 0.275861 0.989027
vt 0.267155 0.989027
vt 0.267154 0.828601
vt 0.173523 0.828601
vt 0.182229 0.828601
vt 0.182229 0.989027
vt 0.201541 0.989027
vt 0.192835 0.989027
vt 0.192835 0.828601
vt 0.771602 0.765619
vt 0.771601 0.562724
vt 0.789014 0.562724
vt 0.752691 0.562724
vt 0.762300 0.562724
vt 0.762300 0.765620
vt 0.725465 0.562724
vt 0.742878 0.562724
vt 0.742878 0.765620
vt 0.047165 0.038258
vt 0.047165 0.061817
vt 0.038033 0.070473
vt 0.038033 0.070473
vt 0.025050 0.069778
vt 0.015916 0.060143
vt 0.015916 0.060143
vt 0.015916 0.036584
vt 0.025049 0.027927
vt 0.025049 0.027927
vt 0.038032 0.028623
vt 0.047165 0.038258
vt 0.047165 0.038258
vt 0.038033 0.070473
vt 0.015916 0.060143
vt 0.706554 0.562724
vt 0.716164 0.562724
vt 0.716164 0.765619
vt 0.789014 0.562724
vt 0.798827 0.562724
vt 0.798827 0.765619
vt 0.725465 0.562724
vt 0.725465 0.765620
vt 0.716164 0.765619
vt 0.752691 0.765620
vt 0.742878 0.765620
vt 0.742878 0.562724
vt 0.771602 0.765619
vt 0.762300 0.765620
vt 0.762300 0.562724
vt 0.472590 0.536835
vt 0.472590 0.530184
vt 0.561354 0.530184
vt 0.472590 0.623951
vt 0.472590 0.617300
vt 0.561354 0.617300
vt 0.472590 0.606528
vt 0.472590 0.599877
vt 0.561354 0.599877
vt 0.472590 0.589105
vt 0.472590 0.582454
vt 0.561354 0.582454
vt 0.472590 0.571681
vt 0.472590 0.565030
vt 0.561354 0.565030
vt 0.472590 0.554258
vt 0.472590 0.547607
vt 0.561354 0.547607
vt 0.472590 0.641374
vt 0.472590 0.634724
vt 0.561354 0.634724
vt 0.972070 0.703704
vt 0.960611 0.708450
vt 0.940521 0.708450
vt 0.940521 0.708450
vt 0.929062 0.703704
vt 0.914857 0.689499
vt 0.914857 0.689499
vt 0.910111 0.678039
vt 0.910111 0.657950
vt 0.910111 0.657950
vt 0.914857 0.646491
vt 0.929062 0.632286
vt 0.929062 0.632286
vt 0.940521 0.627539
vt 0.960611 0.627539
vt 0.960611 0.627539
vt 0.972070 0.632286
vt 0.986275 0.646491
vt 0.986275 0.646491
vt 0.991022 0.657950
vt 0.991022 0.678039
vt 0.991022 0.678039
vt 0.986275 0.689499
vt 0.972070 0.703704
vt 0.972070 0.703704
vt 0.940521 0.708450
vt 0.914857 0.689499
vt 0.914857 0.689499
vt 0.910111 0.657950
vt 0.929062 0.632286
vt 0.929062 0.632286
vt 0.960611 0.627539
vt 0.986275 0.646491
vt 0.986275 0.646491
vt 0.991022 0.678039
vt 0.972070 0.703704
vt 0.972070 0.703704
vt 0.914857 0.689499
vt 0.929062 0.632286
vt 0.472590 0.658798
vt 0.472590 0.652147
vt 0.561354 0.652147
vt 0.472590 0.669570
vt 0.472590 0.658798
vt 0.561354 0.658798
vt 0.561354 0.641374
vt 0.561354 0.652147
vt 0.472590 0.652147
vt 0.561354 0.623951
vt 0.561354 0.634724
vt 0.472590 0.634724
vt 0.561354 0.606528
vt 0.561354 0.617300
vt 0.472590 0.617300
vt 0.561354 0.589105
vt 0.561354 0.599877
vt 0.472590 0.599877
vt 0.561354 0.571681
vt 0.561354 0.582454
vt 0.472590 0.582454
vt 0.561354 0.554258
vt 0.561354 0.565030
vt 0.472590 0.565030
vt 0.561354 0.536835
vt 0.561354 0.547607
vt 0.472590 0.547607
vt 0.247664 0.864747
vt 0.273802 0.817802
vt 0.273802 0.864747
vt 0.373539 0.905738
vt 0.277338 0.892540
vt 0.300198 0.879342
vt 0.272497 0.776353
vt 0.246358 0.693038
vt 0.272497 0.693038
vt 0.247664 0.905738
vt 0.147927 0.905738
vt 0.221267 0.879342
vt 0.247664 0.905738
vt 0.273802 0.989052
vt 0.247664 0.989052
vt 0.285695 0.882420
vt 0.368697 0.892082
vt 0.372234 0.988595
vt 0.246358 0.905280
vt 0.272497 0.988595
vt 0.246358 0.988595
vt 0.246358 0.864289
vt 0.272497 0.817344
vt 0.272497 0.864289
vt 0.173017 0.878884
vt 0.246358 0.905280
vt 0.146621 0.988595
vt 0.272497 0.864289
vt 0.246358 0.877953
vt 0.246358 0.864289
vt 0.246358 0.877953
vt 0.272497 0.891616
vt 0.246358 0.891616
vt 0.246358 0.891616
vt 0.272497 0.905280
vt 0.246358 0.905280
vt 0.247664 0.817802
vt 0.273802 0.804138
vt 0.273802 0.817802
vt 0.247664 0.804138
vt 0.273802 0.790475
vt 0.273802 0.804138
vt 0.247663 0.790475
vt 0.273802 0.776811
vt 0.273802 0.790475
vt 0.273802 0.864747
vt 0.247664 0.878410
vt 0.247664 0.864747
vt 0.273802 0.878410
vt 0.247664 0.892074
vt 0.247664 0.878410
vt 0.273802 0.892074
vt 0.247664 0.905738
vt 0.247664 0.892074
vt 0.246358 0.817344
vt 0.272497 0.803680
vt 0.272497 0.817344
vt 0.246358 0.803680
vt 0.272497 0.790017
vt 0.272497 0.803680
vt 0.246358 0.790017
vt 0.272497 0.776353
vt 0.272497 0.790017
vt 0.273802 0.776811
vt 0.247663 0.693496
vt 0.273802 0.693496
vt 0.288910 0.539023
vt 0.369697 0.514787
vt 0.369697 0.539023
vt 0.288910 0.676361
vt 0.264674 0.539023
vt 0.288910 0.539023
vt 0.369697 0.676361
vt 0.288910 0.700597
vt 0.288910 0.676361
vt 0.369697 0.539023
vt 0.393933 0.676361
vt 0.369697 0.676361
vt 0.369697 0.539023
vt 0.288910 0.676361
vt 0.288910 0.539023
vt 0.199014 0.867087
vt 0.231329 0.806766
vt 0.231329 0.867087
vt 0.183886 0.539023
vt 0.252556 0.551141
vt 0.196005 0.551141
vt 0.252556 0.551141
vt 0.264674 0.676361
vt 0.252556 0.664243
vt 0.264674 0.676361
vt 0.196005 0.664243
vt 0.252556 0.664243
vt 0.183886 0.676361
vt 0.196005 0.551141
vt 0.196005 0.664243
vt 0.199014 0.806766
vt 0.138693 0.776605
vt 0.199014 0.776605
vt 0.199014 0.716285
vt 0.231329 0.686124
vt 0.231329 0.716285
vt 0.199014 0.806766
vt 0.231329 0.776605
vt 0.231329 0.806766
vt 0.199014 0.776605
vt 0.231329 0.716285
vt 0.231329 0.776605
vt 0.247664 0.989052
vt 0.147927 0.989052
vt 0.147927 0.905738
vt 0.147927 0.905738
vt 0.151463 0.892540
vt 0.161125 0.882878
vt 0.161125 0.882878
vt 0.174323 0.879342
vt 0.147927 0.905738
vt 0.174323 0.879342
vt 0.221267 0.879342
vt 0.147927 0.905738
vt 0.221267 0.879342
vt 0.234465 0.882878
vt 0.244127 0.892540
vt 0.244127 0.892540
vt 0.247664 0.905738
vt 0.221267 0.879342
vt 0.247664 0.905738
vt 0.247664 0.989052
vt 0.147927 0.905738
vt 0.247664 0.804138
vt 0.247663 0.790475
vt 0.273802 0.790475
vt 0.247663 0.790475
vt 0.247663 0.776811
vt 0.273802 0.776811
vt 0.273802 0.776811
vt 0.247663 0.776811
vt 0.247663 0.693496
vt 0.288910 0.676361
vt 0.264674 0.676361
vt 0.264674 0.539023
vt 0.369697 0.676361
vt 0.369697 0.700597
vt 0.288910 0.700597
vt 0.369697 0.539023
vt 0.369697 0.676361
vt 0.288910 0.676361
vt 0.520802 0.837074
vt 0.591752 0.825568
vt 0.591752 0.837074
vt 0.520802 0.966877
vt 0.591752 0.955370
vt 0.591752 0.966877
vt 0.520802 0.940916
vt 0.591752 0.929410
vt 0.591752 0.940916
vt 0.520802 0.914956
vt 0.591752 0.903449
vt 0.591752 0.914956
vt 0.520802 0.888995
vt 0.591752 0.877489
vt 0.591752 0.888995
vt 0.520802 0.863035
vt 0.591752 0.851528
vt 0.591752 0.863035
vt 0.520802 0.992837
vt 0.591752 0.981331
vt 0.591752 0.992837
vt 0.520802 0.811114
vt 0.591752 0.799607
vt 0.591752 0.811114
vt 0.611820 0.681751
vt 0.591571 0.690139
vt 0.584494 0.662596
vt 0.612132 0.634957
vt 0.631288 0.662284
vt 0.606807 0.647812
vt 0.612132 0.621581
vt 0.606807 0.608726
vt 0.631288 0.594254
vt 0.520802 0.825568
vt 0.591752 0.811114
vt 0.591752 0.825568
vt 0.591752 0.785153
vt 0.520802 0.799607
vt 0.520802 0.785153
vt 0.591752 0.966877
vt 0.520802 0.981331
vt 0.520802 0.966877
vt 0.591752 0.940916
vt 0.520802 0.955370
vt 0.520802 0.940916
vt 0.591752 0.914956
vt 0.520802 0.929410
vt 0.520802 0.914956
vt 0.591752 0.888995
vt 0.520802 0.903449
vt 0.520802 0.888995
vt 0.591752 0.863035
vt 0.520802 0.877489
vt 0.520802 0.863035
vt 0.591752 0.837074
vt 0.520802 0.851528
vt 0.520802 0.837074
vt 0.611820 0.574787
vt 0.597349 0.599267
vt 0.584494 0.593942
vt 0.631288 0.594254
vt 0.639675 0.614503
vt 0.612132 0.621581
vt 0.606807 0.608726
vt 0.597349 0.599267
vt 0.631288 0.594254
vt 0.524323 0.662284
vt 0.543479 0.634957
vt 0.548804 0.647812
vt 0.543479 0.621581
vt 0.543479 0.634957
vt 0.515936 0.614503
vt 0.631288 0.662284
vt 0.612132 0.634957
vt 0.639675 0.642035
vt 0.543791 0.574787
vt 0.564040 0.566399
vt 0.571117 0.593942
vt 0.543791 0.681751
vt 0.558262 0.657271
vt 0.571117 0.662596
vt 0.597349 0.657271
vt 0.606807 0.647812
vt 0.631288 0.662284
vt 0.591571 0.566399
vt 0.611820 0.574787
vt 0.584494 0.593942
vt 0.597349 0.657271
vt 0.611820 0.681751
vt 0.584494 0.662596
vt 0.564040 0.690139
vt 0.584494 0.662596
vt 0.591571 0.690139
vt 0.584494 0.593942
vt 0.564040 0.566399
vt 0.591571 0.566399
vt 0.571117 0.593942
vt 0.564040 0.566399
vt 0.584494 0.593942
vt 0.564040 0.690139
vt 0.571117 0.662596
vt 0.584494 0.662596
vt 0.558262 0.599267
vt 0.543791 0.574787
vt 0.571117 0.593942
vt 0.564040 0.690139
vt 0.543791 0.681751
vt 0.571117 0.662596
vt 0.524323 0.662284
vt 0.548804 0.647812
vt 0.558262 0.657271
vt 0.612132 0.621581
vt 0.639675 0.614503
vt 0.639675 0.642035
vt 0.548804 0.608726
vt 0.524323 0.594254
vt 0.558262 0.599267
vt 0.543791 0.681751
vt 0.524323 0.662284
vt 0.558262 0.657271
vt 0.597349 0.599267
vt 0.611820 0.574787
vt 0.631288 0.594254
vt 0.543479 0.621581
vt 0.524323 0.594254
vt 0.548804 0.608726
vt 0.611820 0.681751
vt 0.597349 0.657271
vt 0.631288 0.662284
vt 0.524323 0.662284
vt 0.515936 0.642035
vt 0.543479 0.634957
vt 0.543479 0.634957
vt 0.515936 0.642035
vt 0.515936 0.614503
vt 0.524323 0.594254
vt 0.543791 0.574787
vt 0.558262 0.599267
vt 0.524323 0.594254
vt 0.543479 0.621581
vt 0.515936 0.614503
vt 0.612132 0.634957
vt 0.612132 0.621581
vt 0.639675 0.642035
vt 0.796681 0.310266
vt 0.824878 0.362752
vt 0.796681 0.362752
vt 0.995218 0.379673
vt 0.964763 0.348182
vt 0.966857 0.337654
vt 0.824878 0.196739
vt 0.796681 0.144252
vt 0.824878 0.144252
vt 0.796681 0.196739
vt 0.824878 0.216152
vt 0.796681 0.216152
vt 0.796681 0.241244
vt 0.824878 0.253790
vt 0.796681 0.253790
vt 0.796681 0.253790
vt 0.824878 0.266336
vt 0.796681 0.266336
vt 0.796681 0.266336
vt 0.824878 0.278882
vt 0.796681 0.278882
vt 0.796681 0.278882
vt 0.824878 0.291428
vt 0.796681 0.291428
vt 0.796681 0.228698
vt 0.824878 0.216152
vt 0.824878 0.228698
vt 0.796681 0.228698
vt 0.824878 0.241244
vt 0.796681 0.241244
vt 0.967356 0.253568
vt 0.955278 0.153185
vt 0.967356 0.153185
vt 0.994173 0.378343
vt 0.963718 0.347345
vt 0.965812 0.336817
vt 0.824878 0.310265
vt 0.796681 0.291428
vt 0.824878 0.291428
vt 0.938621 0.324429
vt 0.887703 0.271026
vt 0.938621 0.271026
vt 0.938724 0.201870
vt 0.887806 0.175912
vt 0.938724 0.175913
vt 0.938621 0.271026
vt 0.887703 0.245068
vt 0.938621 0.245068
vt 0.937785 0.269082
vt 0.886867 0.322485
vt 0.886868 0.269082
vt 0.861888 0.316488
vt 0.887347 0.268149
vt 0.887347 0.321553
vt 0.862347 0.276167
vt 0.887806 0.324506
vt 0.862347 0.319442
vt 0.861408 0.274146
vt 0.886867 0.322485
vt 0.861408 0.317421
vt 0.862244 0.276090
vt 0.887703 0.324429
vt 0.862244 0.319364
vt 0.938621 0.201793
vt 0.887703 0.175835
vt 0.938621 0.175835
vt 0.938265 0.242192
vt 0.887347 0.198917
vt 0.938265 0.198917
vt 0.937785 0.199849
vt 0.886868 0.243124
vt 0.886867 0.199849
vt 0.938265 0.172959
vt 0.887347 0.198917
vt 0.887347 0.172959
vt 0.937785 0.269082
vt 0.886868 0.243124
vt 0.937785 0.243124
vt 0.938265 0.242192
vt 0.887347 0.268149
vt 0.887347 0.242192
vt 0.937785 0.199849
vt 0.886867 0.173891
vt 0.937785 0.173891
vt 0.938724 0.201870
vt 0.887806 0.245145
vt 0.887806 0.201870
vt 0.938265 0.268149
vt 0.887347 0.321553
vt 0.887347 0.268149
vt 0.938621 0.201793
vt 0.887703 0.245068
vt 0.887703 0.201793
vt 0.938724 0.324506
vt 0.887806 0.271103
vt 0.938724 0.271103
vt 0.938724 0.245145
vt 0.887806 0.271103
vt 0.887806 0.245145
vt 0.901023 0.438538
vt 0.951318 0.486863
vt 0.850729 0.438538
vt 0.742233 0.325376
vt 0.685726 0.223914
vt 0.752503 0.256767
vt 0.682785 0.240865
vt 0.768386 0.162380
vt 0.751905 0.234954
vt 0.951318 0.531686
vt 0.850729 0.575686
vt 0.850729 0.531686
vt 0.850729 0.603182
vt 0.951317 0.575686
vt 0.951318 0.603182
vt 0.951318 0.486863
vt 0.850729 0.531686
vt 0.850729 0.486863
vt 0.751905 0.234954
vt 0.741263 0.327008
vt 0.704299 0.299921
vt 0.752503 0.256767
vt 0.735256 0.165719
vt 0.800384 0.199424
vt 0.247664 0.864747
vt 0.247664 0.817802
vt 0.273802 0.817802
vt 0.300198 0.879342
vt 0.347143 0.879342
vt 0.360341 0.882878
vt 0.360341 0.882878
vt 0.370002 0.892540
vt 0.373539 0.905738
vt 0.373539 0.905738
vt 0.373539 0.989052
vt 0.273802 0.989052
vt 0.273802 0.989052
vt 0.273802 0.905738
vt 0.277338 0.892540
vt 0.277338 0.892540
vt 0.287000 0.882878
vt 0.300198 0.879342
vt 0.300198 0.879342
vt 0.360341 0.882878
vt 0.373539 0.905738
vt 0.373539 0.905738
vt 0.273802 0.989052
vt 0.277338 0.892540
vt 0.272497 0.776353
vt 0.246358 0.776353
vt 0.246358 0.693038
vt 0.247664 0.905738
vt 0.273802 0.905738
vt 0.273802 0.989052
vt 0.372234 0.988595
vt 0.272497 0.988595
vt 0.272497 0.905280
vt 0.272497 0.905280
vt 0.276033 0.892082
vt 0.285695 0.882420
vt 0.285695 0.882420
vt 0.298893 0.878884
vt 0.345838 0.878884
vt 0.345838 0.878884
vt 0.359036 0.882420
vt 0.368697 0.892082
vt 0.368697 0.892082
vt 0.372234 0.905280
vt 0.372234 0.988595
vt 0.372234 0.988595
vt 0.272497 0.905280
vt 0.285695 0.882420
vt 0.285695 0.882420
vt 0.345838 0.878884
vt 0.368697 0.892082
vt 0.246358 0.905280
vt 0.272497 0.905280
vt 0.272497 0.988595
vt 0.246358 0.864289
vt 0.246358 0.817344
vt 0.272497 0.817344
vt 0.146621 0.988595
vt 0.146621 0.905280
vt 0.150158 0.892082
vt 0.150158 0.892082
vt 0.159819 0.882420
vt 0.173017 0.878884
vt 0.173017 0.878884
vt 0.219962 0.878884
vt 0.233160 0.882420
vt 0.233160 0.882420
vt 0.242822 0.892082
vt 0.246358 0.905280
vt 0.246358 0.905280
vt 0.246358 0.988595
vt 0.146621 0.988595
vt 0.146621 0.988595
vt 0.150158 0.892082
vt 0.173017 0.878884
vt 0.173017 0.878884
vt 0.233160 0.882420
vt 0.246358 0.905280
vt 0.272497 0.864289
vt 0.272497 0.877953
vt 0.246358 0.877953
vt 0.246358 0.877953
vt 0.272497 0.877953
vt 0.272497 0.891616
vt 0.246358 0.891616
vt 0.272497 0.891616
vt 0.272497 0.905280
vt 0.247664 0.817802
vt 0.247664 0.804138
vt 0.273802 0.804138
vt 0.273802 0.864747
vt 0.273802 0.878410
vt 0.247664 0.878410
vt 0.273802 0.878410
vt 0.273802 0.892074
vt 0.247664 0.892074
vt 0.273802 0.892074
vt 0.273802 0.905738
vt 0.247664 0.905738
vt 0.246358 0.817344
vt 0.246358 0.803680
vt 0.272497 0.803680
vt 0.246358 0.803680
vt 0.246358 0.790017
vt 0.272497 0.790017
vt 0.246358 0.790017
vt 0.246358 0.776353
vt 0.272497 0.776353
vt 0.288910 0.539023
vt 0.288910 0.514787
vt 0.369697 0.514787
vt 0.369697 0.539023
vt 0.393933 0.539023
vt 0.393933 0.676361
vt 0.199014 0.867087
vt 0.199014 0.806766
vt 0.231329 0.806766
vt 0.183886 0.539023
vt 0.264674 0.539023
vt 0.252556 0.551141
vt 0.252556 0.551141
vt 0.264674 0.539023
vt 0.264674 0.676361
vt 0.264674 0.676361
vt 0.183886 0.676361
vt 0.196005 0.664243
vt 0.183886 0.676361
vt 0.183886 0.539023
vt 0.196005 0.551141
vt 0.199014 0.806766
vt 0.138693 0.806766
vt 0.138693 0.776605
vt 0.199014 0.716285
vt 0.199014 0.686124
vt 0.231329 0.686124
vt 0.199014 0.806766
vt 0.199014 0.776605
vt 0.231329 0.776605
vt 0.199014 0.776605
vt 0.199014 0.716285
vt 0.231329 0.716285
vt 0.520802 0.837074
vt 0.520802 0.825568
vt 0.591752 0.825568
vt 0.520802 0.966877
vt 0.520802 0.955370
vt 0.591752 0.955370
vt 0.520802 0.940916
vt 0.520802 0.929410
vt 0.591752 0.929410
vt 0.520802 0.914956
vt 0.520802 0.903449
vt 0.591752 0.903449
vt 0.520802 0.888995
vt 0.520802 0.877489
vt 0.591752 0.877489
vt 0.520802 0.863035
vt 0.520802 0.851528
vt 0.591752 0.851528
vt 0.520802 0.992837
vt 0.520802 0.981331
vt 0.591752 0.981331
vt 0.520802 0.811114
vt 0.520802 0.799607
vt 0.591752 0.799607
vt 0.520802 0.825568
vt 0.520802 0.811114
vt 0.591752 0.811114
vt 0.591752 0.785153
vt 0.591752 0.799607
vt 0.520802 0.799607
vt 0.591752 0.966877
vt 0.591752 0.981331
vt 0.520802 0.981331
vt 0.591752 0.940916
vt 0.591752 0.955370
vt 0.520802 0.955370
vt 0.591752 0.914956
vt 0.591752 0.929410
vt 0.520802 0.929410
vt 0.591752 0.888995
vt 0.591752 0.903449
vt 0.520802 0.903449
vt 0.591752 0.863035
vt 0.591752 0.877489
vt 0.520802 0.877489
vt 0.591752 0.837074
vt 0.591752 0.851528
vt 0.520802 0.851528
vt 0.796681 0.310266
vt 0.824878 0.310265
vt 0.824878 0.362752
vt 0.958800 0.318202
vt 0.949875 0.312239
vt 0.950313 0.296128
vt 0.950313 0.296128
vt 0.995218 0.296128
vt 0.995218 0.379673
vt 0.995218 0.379673
vt 0.950313 0.379673
vt 0.949875 0.363070
vt 0.995218 0.379673
vt 0.949875 0.363070
vt 0.958800 0.357107
vt 0.964763 0.327127
vt 0.958800 0.318202
vt 0.950313 0.296128
vt 0.964763 0.327127
vt 0.950313 0.296128
vt 0.995218 0.379673
vt 0.995218 0.379673
vt 0.958800 0.357107
vt 0.964763 0.348182
vt 0.966857 0.337654
vt 0.964763 0.327127
vt 0.995218 0.379673
vt 0.824878 0.196739
vt 0.796681 0.196739
vt 0.796681 0.144252
vt 0.796681 0.196739
vt 0.824878 0.196739
vt 0.824878 0.216152
vt 0.796681 0.241244
vt 0.824878 0.241244
vt 0.824878 0.253790
vt 0.796681 0.253790
vt 0.824878 0.253790
vt 0.824878 0.266336
vt 0.796681 0.266336
vt 0.824878 0.266336
vt 0.824878 0.278882
vt 0.796681 0.278882
vt 0.824878 0.278882
vt 0.824878 0.291428
vt 0.796681 0.228698
vt 0.796681 0.216152
vt 0.824878 0.216152
vt 0.796681 0.228698
vt 0.824878 0.228698
vt 0.824878 0.241244
vt 0.967356 0.253568
vt 0.955278 0.253568
vt 0.955278 0.153185
vt 0.957755 0.317365
vt 0.948830 0.311401
vt 0.949267 0.294798
vt 0.949267 0.294798
vt 0.994173 0.294798
vt 0.994173 0.378343
vt 0.994173 0.378343
vt 0.949267 0.378343
vt 0.948830 0.362233
vt 0.994173 0.378343
vt 0.948830 0.362233
vt 0.957755 0.356269
vt 0.963718 0.326290
vt 0.957755 0.317365
vt 0.949267 0.294798
vt 0.963718 0.326290
vt 0.949267 0.294798
vt 0.994173 0.378343
vt 0.994173 0.378343
vt 0.957755 0.356269
vt 0.963718 0.347345
vt 0.965812 0.336817
vt 0.963718 0.326290
vt 0.994173 0.378343
vt 0.824878 0.310265
vt 0.796681 0.310266
vt 0.796681 0.291428
vt 0.938621 0.324429
vt 0.887703 0.324429
vt 0.887703 0.271026
vt 0.938724 0.201870
vt 0.887806 0.201870
vt 0.887806 0.175912
vt 0.938621 0.271026
vt 0.887703 0.271026
vt 0.887703 0.245068
vt 0.937785 0.269082
vt 0.937785 0.322485
vt 0.886867 0.322485
vt 0.861888 0.316488
vt 0.861888 0.273214
vt 0.887347 0.268149
vt 0.862347 0.276167
vt 0.887806 0.271103
vt 0.887806 0.324506
vt 0.861408 0.274146
vt 0.886868 0.269082
vt 0.886867 0.322485
vt 0.862244 0.276090
vt 0.887703 0.271026
vt 0.887703 0.324429
vt 0.938621 0.201793
vt 0.887703 0.201793
vt 0.887703 0.175835
vt 0.938265 0.242192
vt 0.887347 0.242192
vt 0.887347 0.198917
vt 0.937785 0.199849
vt 0.937785 0.243124
vt 0.886868 0.243124
vt 0.938265 0.172959
vt 0.938265 0.198917
vt 0.887347 0.198917
vt 0.937785 0.269082
vt 0.886868 0.269082
vt 0.886868 0.243124
vt 0.938265 0.242192
vt 0.938265 0.268149
vt 0.887347 0.268149
vt 0.937785 0.199849
vt 0.886867 0.199849
vt 0.886867 0.173891
vt 0.938724 0.201870
vt 0.938724 0.245145
vt 0.887806 0.245145
vt 0.938265 0.268149
vt 0.938265 0.321553
vt 0.887347 0.321553
vt 0.938621 0.201793
vt 0.938621 0.245068
vt 0.887703 0.245068
vt 0.938724 0.324506
vt 0.887806 0.324506
vt 0.887806 0.271103
vt 0.938724 0.245145
vt 0.938724 0.271103
vt 0.887806 0.271103
vt 0.901023 0.438538
vt 0.951318 0.438538
vt 0.951318 0.486863
vt 0.951318 0.486863
vt 0.850729 0.486863
vt 0.850729 0.438538
vt 0.850729 0.438538
vt 0.875876 0.438538
vt 0.901023 0.438538
vt 0.804666 0.318135
vt 0.774170 0.327965
vt 0.742233 0.325376
vt 0.742233 0.325376
vt 0.713717 0.310762
vt 0.692966 0.286348
vt 0.692966 0.286348
vt 0.683136 0.255851
vt 0.685726 0.223914
vt 0.685726 0.223914
vt 0.700339 0.195399
vt 0.752503 0.256767
vt 0.752503 0.256767
vt 0.804666 0.318135
vt 0.742233 0.325376
vt 0.742233 0.325376
vt 0.692966 0.286348
vt 0.685726 0.223914
vt 0.704299 0.299921
vt 0.687668 0.272533
vt 0.682785 0.240865
vt 0.682785 0.240865
vt 0.690391 0.209740
vt 0.709331 0.183894
vt 0.709331 0.183894
vt 0.736719 0.167264
vt 0.768386 0.162380
vt 0.768386 0.162380
vt 0.799512 0.169987
vt 0.751905 0.234954
vt 0.751905 0.234954
vt 0.704299 0.299921
vt 0.682785 0.240865
vt 0.682785 0.240865
vt 0.709331 0.183894
vt 0.768386 0.162380
vt 0.951318 0.531686
vt 0.951317 0.575686
vt 0.850729 0.575686
vt 0.850729 0.603182
vt 0.850729 0.575686
vt 0.951317 0.575686
vt 0.951318 0.486863
vt 0.951318 0.531686
vt 0.850729 0.531686
vt 0.751905 0.234954
vt 0.803794 0.288698
vt 0.741263 0.327008
vt 0.752503 0.256767
vt 0.700339 0.195399
vt 0.735256 0.165719
usemtl Material
f 1/1/1 2/2/2 3/3/3
f 4/4/4 5/5/5 6/6/6
f 7/7/7 8/8/8 9/9/9
f 10/10/10 11/11/11 12/12/12
f 13/13/13 14/14/14 15/15/15
f 16/16/16 17/17/17 18/18/18
f 19/19/19 20/20/20 21/21/21
f 22/22/22 23/23/23 24/24/24
f 25/25/25 26/26/26 27/27/27
f 28/28/28 29/29/29 30/30/30
f 31/31/31 32/32/32 33/33/33
f 34/34/34 35/35/35 36/36/36
f 37/37/37 38/38/38 39/39/39
f 40/40/40 41/41/41 42/42/42
f 43/43/43 44/44/44 45/45/45
f 46/46/46 47/47/47 48/48/48
f 49/49/49 50/50/50 51/51/51
f 52/52/52 53/53/53 54/54/54
f 55/55/55 56/56/56 57/57/57
f 29/58/29 58/59/58 59/60/59
f 58/61/58 60/62/60 61/63/61
f 62/64/62 63/65/63 64/66/64
f 65/67/65 66/68/66 67/69/67
f 62/70/62 68/71/68 69/72/69
f 70/73/70 71/74/71 72/75/72
f 73/76/73 74/77/74 75/78/75
f 76/79/76 77/80/77 78/81/78
f 79/82/79 80/83/80 81/84/81
f 82/85/82 83/86/83 84/87/84
f 85/88/85 86/89/86 87/90/87
f 88/91/88 89/92/89 90/93/90
f 24/94/24 91/95/91 22/96/22
f 12/97/12 92/98/92 10/99/10
f 7/100/7 93/101/93 94/102/94
f 27/103/27 95/104/95 25/105/25
f 3/106/3 96/107/96 1/108/1
f 4/109/4 9/110/9 8/111/8
f 87/112/87 97/113/97 85/114/85
f 84/115/84 98/116/98 82/117/82
f 79/118/79 99/119/99 100/120/100
f 90/121/90 101/122/101 88/123/88
f 75/124/75 102/125/102 73/126/73
f 78/127/78 80/128/80 76/129/76
f 94/130/94 103/131/103 104/132/104
f 92/133/92 105/134/105 10/135/10
f 106/136/106 73/137/73 107/138/107
f 85/139/85 97/140/97 108/141/108
f 73/142/73 106/143/106 98/144/98
f 98/145/98 106/146/106 82/147/82
f 41/148/41 37/149/37 42/150/42
f 35/151/35 109/152/109 36/153/36
f 44/154/44 46/155/46 45/156/45
f 21/157/21 43/158/43 19/159/19
f 38/160/38 32/161/32 39/162/39
f 47/163/47 34/164/34 48/165/48
f 18/166/18 13/167/13 16/168/16
f 14/169/14 40/170/40 15/171/15
f 110/172/110 20/173/20 111/174/111
f 112/175/112 113/176/113 114/177/114
f 109/178/109 112/179/112 114/180/114
f 93/181/93 22/182/22 115/183/115
f 105/184/105 92/185/92 116/186/116
f 96/187/96 117/188/117 1/189/1
f 25/190/25 95/191/95 118/192/118
f 118/193/118 95/194/95 119/195/119
f 95/196/95 10/197/10 119/198/119
f 92/199/92 1/200/1 116/201/116
f 25/202/25 118/203/118 120/204/120
f 121/205/121 117/206/117 96/207/96
f 25/208/25 120/209/120 122/210/122
f 121/211/121 96/212/96 4/213/4
f 91/214/91 25/215/25 122/216/122
f 22/217/22 91/218/91 122/219/122
f 121/220/121 4/221/4 8/222/8
f 22/223/22 122/224/122 115/225/115
f 104/226/104 121/227/121 8/228/8
f 123/229/123 93/230/93 115/231/115
f 8/232/8 94/233/94 104/234/104
f 103/235/103 93/236/93 123/237/123
f 117/238/117 116/239/116 1/240/1
f 107/241/107 73/242/73 102/243/102
f 93/244/93 103/245/103 94/246/94
f 10/247/10 105/248/105 119/249/119
f 88/250/88 101/251/101 124/252/124
f 124/253/124 101/254/101 125/255/125
f 101/256/101 82/257/82 125/258/125
f 126/259/126 107/260/107 102/261/102
f 88/262/88 124/263/124 127/264/127
f 126/265/126 102/266/102 76/267/76
f 97/268/97 88/269/88 127/270/127
f 128/271/128 126/272/126 76/273/76
f 97/274/97 127/275/127 108/276/108
f 129/277/129 85/278/85 108/279/108
f 130/280/130 128/281/128 76/282/76
f 130/283/130 76/284/76 80/285/80
f 85/286/85 129/287/129 131/288/131
f 132/289/132 130/290/130 80/291/80
f 132/292/132 99/293/99 131/294/131
f 99/295/99 85/296/85 131/297/131
f 132/298/132 80/299/80 100/300/100
f 99/301/99 132/302/132 100/303/100
f 82/304/82 106/305/106 125/306/125
f 13/307/13 133/308/133 14/309/14
f 16/310/16 113/311/113 17/312/17
f 19/313/19 111/314/111 20/315/20
f 31/316/31 110/317/110 32/318/32
f 34/319/34 134/320/134 35/321/35
f 37/322/37 135/323/135 38/324/38
f 40/325/40 136/326/136 41/327/41
f 43/328/43 137/329/137 44/330/44
f 46/331/46 138/332/138 47/333/47
f 41/334/41 135/335/135 37/336/37
f 35/337/35 139/338/139 109/339/109
f 44/340/44 138/341/138 46/342/46
f 21/343/21 137/344/137 43/345/43
f 38/346/38 33/347/33 32/348/32
f 47/349/47 134/350/134 34/351/34
f 18/352/18 133/353/133 13/354/13
f 14/355/14 136/356/136 40/357/40
f 110/358/110 31/359/31 20/360/20
f 112/361/112 17/362/17 113/363/113
f 109/364/109 139/365/139 112/366/112
f 140/367/140 141/368/141 142/369/142
f 143/370/143 144/371/144 145/372/145
f 146/373/146 141/374/141 147/375/147
f 148/376/148 149/377/149 150/378/150
f 151/379/151 152/380/152 153/381/153
f 154/382/154 150/383/150 155/384/155
f 156/385/156 157/386/157 158/387/158
f 159/388/159 147/389/147 160/390/160
f 145/391/145 161/392/161 156/393/156
f 162/394/162 155/395/155 163/396/163
f 164/397/164 153/398/153 165/399/165
f 159/400/159 166/401/166 167/402/167
f 158/403/158 168/404/168 140/405/140
f 162/406/162 169/407/169 143/408/143
f 170/409/170 165/410/165 149/411/149
f 171/412/171 166/413/166 152/414/152
f 141/415/141 172/416/172 147/417/147
f 173/418/173 174/419/174 175/420/175
f 150/421/150 176/422/176 155/423/155
f 147/424/147 177/425/177 160/426/160
f 155/427/155 178/428/178 163/429/163
f 160/430/160 179/431/179 166/432/166
f 169/433/169 178/434/178 180/435/180
f 166/436/166 181/437/181 152/438/152
f 169/439/169 182/440/182 144/441/144
f 152/442/152 183/443/183 153/444/153
f 161/445/161 184/446/184 157/447/157
f 144/448/144 185/449/185 161/450/161
f 165/451/165 183/452/183 186/453/186
f 168/454/168 184/455/184 187/456/187
f 165/457/165 188/458/188 149/459/149
f 141/460/141 187/461/187 189/462/189
f 149/463/149 190/464/190 150/465/150
f 191/466/191 184/467/184 185/468/185
f 192/469/192 187/470/187 184/471/184
f 193/472/193 189/473/189 187/474/187
f 194/475/194 172/476/172 189/477/189
f 195/478/195 177/479/177 172/480/172
f 196/481/196 179/482/179 177/483/177
f 173/484/173 181/485/181 179/486/179
f 197/487/197 181/488/181 198/489/198
f 199/490/199 183/491/183 197/492/197
f 200/493/200 186/494/186 199/495/199
f 201/496/201 188/497/188 200/498/200
f 202/499/202 190/500/190 201/501/201
f 203/502/203 176/503/176 202/504/202
f 204/505/204 178/506/178 203/507/203
f 205/508/205 180/509/180 204/510/204
f 205/511/205 185/512/185 182/513/182
f 204/514/204 206/515/206 207/516/207
f 197/517/197 208/518/208 209/519/209
f 192/520/192 191/521/191 210/522/210
f 191/523/191 211/524/211 212/525/212
f 197/526/197 213/527/213 214/528/214
f 193/529/193 215/530/215 216/531/216
f 200/532/200 217/533/217 218/534/218
f 193/535/193 219/536/219 220/537/220
f 201/538/201 218/539/218 221/540/221
f 194/541/194 222/542/222 223/543/223
f 202/544/202 224/545/224 225/546/225
f 195/547/195 226/548/226 227/549/227
f 203/550/203 228/551/228 229/552/229
f 196/553/196 230/554/230 231/555/231
f 204/556/204 232/557/232 233/558/233
f 234/559/234 235/560/235 236/561/236
f 237/562/237 235/563/235 238/564/238
f 239/565/239 240/566/240 241/567/241
f 242/568/242 243/569/243 244/570/244
f 236/571/236 245/572/245 246/573/246
f 247/574/247 240/575/240 238/576/238
f 248/577/248 243/578/243 249/579/249
f 250/580/250 245/581/245 251/582/251
f 234/583/234 238/584/238 252/585/252
f 248/586/248 253/587/253 239/588/239
f 250/589/250 254/590/254 242/591/242
f 255/592/255 256/593/256 257/594/257
f 258/595/258 255/596/255 259/597/259
f 260/598/260 259/599/259 261/600/261
f 262/601/262 261/602/261 263/603/263
f 264/604/264 263/605/263 265/606/265
f 266/607/266 265/608/265 267/609/267
f 268/610/268 267/611/267 269/612/269
f 270/613/270 269/614/269 271/615/271
f 272/616/272 271/617/271 273/618/273
f 256/619/256 273/620/273 257/621/257
f 249/622/249 243/623/243 237/624/237
f 254/625/254 251/626/251 274/627/274
f 275/628/275 237/629/237 276/630/276
f 276/631/276 243/632/243 277/633/277
f 278/634/278 274/635/274 275/636/275
f 277/637/277 254/638/254 278/639/278
f 279/640/279 280/641/280 281/642/281
f 282/643/282 283/644/283 284/645/284
f 285/646/285 286/647/286 287/648/287
f 288/649/288 289/650/289 290/651/290
f 291/652/291 282/653/282 292/654/292
f 290/655/290 293/656/293 294/657/294
f 295/658/295 292/659/292 293/660/293
f 287/661/287 289/662/289 285/663/285
f 296/664/296 297/665/297 289/666/289
f 284/667/284 298/668/298 299/669/299
f 300/670/300 280/671/280 298/672/298
f 286/673/286 301/674/301 283/675/283
f 301/676/301 279/677/279 283/678/283
f 294/679/294 299/680/299 290/681/290
f 302/682/302 303/683/303 304/684/304
f 305/685/305 306/686/306 303/687/303
f 307/688/307 308/689/308 306/690/306
f 309/691/309 310/692/310 308/693/308
f 311/694/311 312/695/312 310/696/310
f 313/697/313 314/698/314 312/699/312
f 314/700/314 315/701/315 316/702/316
f 316/703/316 317/704/317 318/705/318
f 317/706/317 319/707/319 318/708/318
f 319/709/319 320/710/320 321/711/321
f 322/712/322 323/713/323 324/714/324
f 320/715/320 325/716/325 321/717/321
f 326/718/326 304/719/304 325/720/325
f 327/721/327 328/722/328 329/723/329
f 330/724/330 331/725/331 328/726/328
f 332/727/332 329/728/329 333/729/333
f 330/730/330 332/731/332 334/732/334
f 335/733/335 329/734/329 328/735/328
f 335/736/335 328/737/328 331/738/331
f 329/739/329 336/740/336 333/741/333
f 337/742/337 302/743/302 338/744/338
f 337/745/337 307/746/307 305/747/305
f 339/748/339 307/749/307 340/750/340
f 339/751/339 311/752/311 309/753/309
f 341/754/341 311/755/311 342/756/342
f 343/757/343 313/758/313 341/759/341
f 343/760/343 315/761/315 344/762/344
f 345/763/345 315/764/315 346/765/346
f 347/766/347 317/767/317 345/768/345
f 347/769/347 320/770/320 348/771/348
f 322/772/322 326/773/326 320/774/320
f 338/775/338 326/776/326 324/777/324
f 338/778/338 349/779/349 337/780/337
f 346/781/346 350/782/350 345/783/345
f 342/784/342 351/785/351 341/786/341
f 324/787/324 352/788/352 338/789/338
f 337/790/337 353/791/353 340/792/340
f 345/793/345 354/794/354 347/795/347
f 341/796/341 355/797/355 343/798/343
f 340/799/340 356/800/356 339/801/339
f 347/802/347 357/803/357 322/804/322
f 343/805/343 358/806/358 346/807/346
f 339/808/339 359/809/359 342/810/342
f 360/811/360 361/812/361 362/813/362
f 363/814/363 364/815/364 361/816/361
f 365/817/365 366/818/366 367/819/367
f 367/820/367 368/821/368 365/822/365
f 369/823/369 370/824/370 366/825/366
f 362/826/362 371/827/371 360/828/360
f 372/829/372 373/830/373 374/831/374
f 372/832/372 375/833/375 376/834/376
f 374/835/374 377/836/377 378/837/378
f 379/838/379 380/839/380 375/840/375
f 381/841/381 382/842/382 380/843/380
f 373/844/373 383/845/383 377/846/377
f 375/847/375 384/848/384 376/849/376
f 381/850/381 383/851/383 385/852/385
f 380/853/380 386/854/386 375/855/375
f 376/856/376 387/857/387 373/858/373
f 388/859/388 377/860/377 381/861/381
f 387/862/387 386/863/386 385/864/385
f 388/865/388 380/866/380 389/867/389
f 390/868/390 391/869/391 392/870/392
f 393/871/393 394/872/394 395/873/395
f 396/874/396 397/875/397 398/876/398
f 399/877/399 400/878/400 401/879/401
f 402/880/402 403/881/403 404/882/404
f 405/883/405 406/884/406 407/885/407
f 408/886/408 391/887/391 394/888/394
f 409/889/409 408/890/408 410/891/410
f 394/892/394 396/893/396 395/894/395
f 390/895/390 397/896/397 411/897/411
f 406/898/406 412/899/412 407/900/407
f 393/901/393 413/902/413 414/903/414
f 400/904/400 405/905/405 401/906/401
f 403/907/403 409/908/409 404/909/404
f 399/910/399 408/911/408 415/912/415
f 402/913/402 391/914/391 416/915/416
f 412/916/412 413/917/413 417/918/417
f 418/919/418 419/920/419 420/921/420
f 421/922/421 422/923/422 423/924/423
f 424/925/424 425/926/425 426/927/426
f 427/928/427 428/929/428 419/930/419
f 428/931/428 421/932/421 429/933/429
f 426/934/426 430/935/430 427/936/427
f 431/937/431 426/938/426 432/939/432
f 418/940/418 426/941/426 427/942/427
f 418/943/418 433/944/433 434/945/434
f 435/946/435 418/947/418 434/948/434
f 436/949/436 432/950/432 435/951/435
f 437/952/437 438/953/438 439/954/439
f 439/955/439 440/956/440 437/957/437
f 441/958/441 442/959/442 443/960/443
f 433/961/433 443/962/443 434/963/434
f 435/964/435 443/965/443 444/966/444
f 435/967/435 445/968/445 436/969/436
f 446/970/446 447/971/447 448/972/448
f 449/973/449 450/974/450 451/975/451
f 452/976/452 448/977/448 450/978/450
f 451/979/451 453/980/453 454/981/454
f 455/982/455 448/983/448 453/984/453
f 452/985/452 456/986/456 446/987/446
f 449/988/449 457/989/457 456/990/456
f 439/991/439 454/992/454 442/993/442
f 458/994/458 459/995/459 460/996/460
f 448/997/448 458/998/458 453/999/453
f 442/1000/442 461/1001/461 443/1002/443
f 457/1003/457 462/1004/462 456/1005/456
f 453/1006/453 463/1007/463 454/1008/454
f 443/1009/443 460/1010/460 457/1011/457
f 456/1012/456 459/1013/459 446/1014/446
f 454/1015/454 464/1016/464 442/1017/442
f 427/1018/427 422/1019/422 465/1020/465
f 425/1021/425 466/1022/466 426/1023/426
f 466/1024/466 423/1025/423 422/1026/422
f 467/1027/467 421/1028/421 425/1029/425
f 425/1030/425 423/1031/423 468/1032/468
f 457/1033/457 444/1034/444 443/1035/443
f 469/1036/469 438/1037/438 470/1038/470
f 444/1039/444 438/1040/438 471/1041/471
f 444/1042/444 469/1043/469 445/1044/445
f 472/1045/472 473/1046/473 474/1047/474
f 475/1048/475 476/1049/476 477/1050/477
f 478/1051/478 479/1052/479 480/1053/480
f 481/1054/481 482/1055/482 472/1056/472
f 475/1057/475 481/1058/481 483/1059/483
f 484/1060/484 480/1061/480 482/1062/482
f 480/1063/480 485/1064/485 486/1065/486
f 473/1066/473 480/1067/480 486/1068/486
f 487/1069/487 473/1070/473 488/1071/488
f 473/1072/473 489/1073/489 488/1074/488
f 486/1075/486 490/1076/490 489/1077/489
f 491/1078/491 492/1079/492 493/1080/493
f 494/1081/494 493/1082/493 492/1083/492
f 495/1084/495 496/1085/496 497/1086/497
f 497/1087/497 487/1088/487 488/1089/488
f 489/1090/489 497/1091/497 488/1092/488
f 498/1093/498 489/1094/489 490/1095/490
f 499/1096/499 500/1097/500 501/1098/501
f 502/1099/502 503/1100/503 504/1101/504
f 505/1102/505 501/1103/501 500/1104/500
f 506/1105/506 507/1106/507 508/1107/508
f 501/1108/501 509/1109/509 506/1110/506
f 510/1111/510 505/1112/505 500/1113/500
f 511/1114/511 503/1115/503 510/1116/510
f 508/1117/508 493/1118/493 495/1119/495
f 512/1120/512 513/1121/513 514/1122/514
f 513/1123/513 501/1124/501 506/1125/506
f 515/1126/515 495/1127/495 497/1128/497
f 516/1129/516 511/1130/511 510/1131/510
f 517/1132/517 506/1133/506 508/1134/508
f 518/1135/518 497/1136/497 511/1137/511
f 512/1138/512 510/1139/510 500/1140/500
f 514/1141/514 508/1142/508 495/1143/495
f 476/1144/476 482/1145/482 477/1146/477
f 519/1147/519 478/1148/478 480/1149/480
f 476/1150/476 520/1151/520 519/1152/519
f 475/1153/475 521/1154/521 478/1155/478
f 522/1156/522 478/1157/478 520/1158/520
f 504/1159/504 511/1160/511 497/1161/497
f 523/1162/523 491/1163/491 524/1164/524
f 504/1165/504 491/1166/491 493/1167/493
f 523/1168/523 504/1169/504 498/1170/498
f 525/1171/525 526/1172/526 527/1173/527
f 528/1174/528 529/1175/529 525/1176/525
f 530/1177/530 531/1178/531 529/1179/529
f 532/1180/532 533/1181/533 534/1182/534
f 535/1183/535 532/1184/532 536/1185/536
f 537/1186/537 538/1187/538 539/1188/539
f 539/1189/539 540/1190/540 541/1191/541
f 541/1192/541 542/1193/542 543/1194/543
f 544/1195/544 543/1196/543 542/1197/542
f 545/1198/545 546/1199/546 531/1200/531
f 547/1201/547 546/1202/546 548/1203/548
f 549/1204/549 548/1205/548 550/1206/550
f 526/1207/526 550/1208/550 527/1209/527
f 535/1210/535 551/1211/551 552/1212/552
f 528/1213/528 553/1214/553 530/1215/530
f 554/1216/554 553/1217/553 555/1218/555
f 553/1219/553 536/1220/536 556/1221/556
f 557/1222/557 558/1223/558 559/1224/559
f 535/1225/535 559/1226/559 558/1227/558
f 552/1228/552 557/1229/557 533/1230/533
f 537/1231/537 560/1232/560 561/1233/561
f 562/1234/562 563/1235/563 564/1236/564
f 565/1237/565 566/1238/566 563/1239/563
f 567/1240/567 568/1241/568 562/1242/562
f 569/1243/569 570/1244/570 567/1245/567
f 571/1246/571 572/1247/572 569/1248/569
f 573/1249/573 574/1250/574 575/1251/575
f 576/1252/576 577/1253/577 578/1254/578
f 575/1255/575 579/1256/579 580/1257/580
f 571/1258/571 581/1259/581 579/1260/579
f 569/1261/569 582/1262/582 581/1263/581
f 562/1264/562 583/1265/583 565/1266/565
f 567/1267/567 564/1268/564 582/1269/582
f 584/1270/584 585/1271/585 586/1272/586
f 578/1273/578 585/1274/585 573/1275/573
f 585/1276/585 587/1277/587 573/1278/573
f 588/1279/588 589/1280/589 590/1281/590
f 591/1282/591 592/1283/592 593/1284/593
f 566/1285/566 594/1286/594 588/1287/588
f 568/1288/568 595/1289/595 589/1290/589
f 570/1291/570 596/1292/596 595/1293/595
f 572/1294/572 597/1295/597 596/1296/596
f 574/1297/574 598/1298/598 599/1299/599
f 577/1300/577 600/1301/600 601/1302/601
f 602/1303/602 603/1304/603 599/1305/599
f 604/1306/604 597/1307/597 605/1308/605
f 606/1309/606 596/1310/596 604/1311/604
f 583/1312/583 589/1313/589 594/1314/594
f 590/1315/590 595/1316/595 606/1317/606
f 607/1318/607 608/1319/608 609/1320/609
f 598/1321/598 610/1322/610 601/1323/601
f 587/1324/587 607/1325/607 609/1326/609
f 584/1327/584 577/1328/577 601/1329/601
f 611/1330/611 566/1331/566 593/1332/593
f 612/1333/612 564/1334/564 611/1335/611
f 613/1336/613 582/1337/582 612/1338/612
f 614/1339/614 581/1340/581 613/1341/613
f 615/1342/615 580/1343/580 616/1344/616
f 615/1345/615 617/1346/617 576/1347/576
f 611/1348/611 564/1349/564 563/1350/563
f 591/1351/591 566/1352/566 588/1353/588
f 618/1354/618 590/1355/590 606/1356/606
f 618/1357/618 604/1358/604 619/1359/619
f 619/1360/619 605/1361/605 620/1362/620
f 621/1363/621 605/1364/605 602/1365/602
f 622/1366/622 617/1367/617 623/1368/623
f 591/1369/591 588/1370/588 590/1371/590
f 624/1372/624 625/1373/625 626/1374/626
f 593/1375/593 627/1376/627 611/1377/611
f 618/1378/618 628/1379/628 591/1380/591
f 611/1381/611 629/1382/629 612/1383/612
f 619/1384/619 630/1385/630 618/1386/618
f 612/1387/612 631/1388/631 613/1389/613
f 620/1390/620 632/1391/632 619/1392/619
f 613/1393/613 633/1394/633 614/1395/614
f 622/1396/622 634/1397/634 621/1398/621
f 614/1399/614 626/1400/626 616/1401/616
f 623/1402/623 624/1403/624 622/1404/622
f 615/1405/615 625/1406/625 623/1407/623
f 616/1408/616 635/1409/635 615/1410/615
f 621/1411/621 636/1412/636 620/1413/620
f 636/1414/636 633/1415/633 628/1416/628
f 622/1417/622 602/1418/602 600/1419/600
f 616/1420/616 579/1421/579 614/1422/614
f 602/1423/602 598/1424/598 600/1425/600
f 637/1426/637 638/1427/638 597/1428/597
f 573/1429/573 580/1430/580 576/1431/576
f 599/1432/599 639/1433/639 574/1434/574
f 571/1435/571 574/1436/574 637/1437/637
f 640/1438/640 641/1439/641 642/1440/642
f 641/1441/641 643/1442/643 644/1443/644
f 645/1444/645 646/1445/646 647/1446/647
f 646/1447/646 648/1448/648 649/1449/649
f 650/1450/650 645/1451/645 651/1452/651
f 652/1453/652 651/1454/651 645/1455/645
f 653/1456/653 647/1457/647 640/1458/640
f 654/1459/654 642/1460/642 641/1461/641
f 655/1462/655 644/1463/644 650/1464/650
f 656/1465/656 646/1466/646 649/1467/649
f 643/1468/643 657/1469/657 645/1470/645
f 643/1471/643 649/1472/649 648/1473/648
f 658/1474/658 659/1475/659 660/1476/660
f 661/1477/661 662/1478/662 663/1479/663
f 664/1480/664 665/1481/665 666/1482/666
f 667/1483/667 659/1484/659 668/1485/668
f 669/1486/669 670/1487/670 671/1488/671
f 607/1489/607 584/1490/584 672/1491/672
f 609/1492/609 673/1493/673 610/1494/610
f 672/1495/672 674/1496/674 607/1497/607
f 610/1498/610 675/1499/675 672/1500/672
f 676/1501/676 677/1502/677 663/1503/663
f 678/1504/678 679/1505/679 680/1506/680
f 681/1507/681 682/1508/682 683/1509/683
f 684/1510/684 685/1511/685 686/1512/686
f 687/1513/687 688/1514/688 689/1515/689
f 687/1516/687 690/1517/690 678/1518/678
f 680/1519/680 691/1520/691 681/1521/681
f 683/1522/683 685/1523/685 692/1524/692
f 693/1525/693 686/1526/686 688/1527/688
f 694/1528/694 673/1529/673 671/1530/671
f 695/1531/695 608/1532/608 674/1533/674
f 669/1534/669 673/1535/673 608/1536/608
f 695/1537/695 675/1538/675 694/1539/694
f 671/1540/671 696/1541/696 694/1542/694
f 695/1543/695 696/1544/696 697/1545/697
f 695/1546/695 698/1547/698 669/1548/669
f 699/1549/699 700/1550/700 701/1551/701
f 702/1552/702 703/1553/703 704/1554/704
f 705/1555/705 706/1556/706 707/1557/707
f 702/1558/702 708/1559/708 709/1560/709
f 710/1561/710 706/1562/706 711/1563/711
f 712/1564/712 708/1565/708 713/1566/713
f 714/1567/714 715/1568/715 716/1569/716
f 717/1570/717 718/1571/718 719/1572/719
f 720/1573/720 721/1574/721 722/1575/722
f 723/1576/723 724/1577/724 718/1578/718
f 725/1579/725 726/1580/726 727/1581/727
f 716/1582/716 728/1583/728 729/1584/729
f 730/1585/730 731/1586/731 732/1587/732
f 729/1588/729 733/1589/733 734/1590/734
f 731/1591/731 735/1592/735 732/1593/732
f 734/1594/734 736/1595/736 737/1596/737
f 738/1597/738 739/1598/739 735/1599/735
f 740/1600/740 736/1601/736 741/1602/741
f 742/1603/742 743/1604/743 739/1605/739
f 740/1606/740 744/1607/744 745/1608/745
f 743/1609/743 746/1610/746 747/1611/747
f 745/1612/745 748/1613/748 749/1614/749
f 750/1615/750 747/1616/747 746/1617/746
f 751/1618/751 748/1619/748 752/1620/752
f 753/1621/753 754/1622/754 742/1623/742
f 750/1624/750 755/1625/755 756/1626/756
f 757/1627/757 752/1628/752 758/1629/758
f 704/1630/704 759/1631/759 760/1632/760
f 705/1633/705 758/1634/758 761/1635/761
f 714/1636/714 737/1637/737 751/1638/751
f 736/1639/736 720/1640/720 711/1641/711
f 709/1642/709 730/1643/730 743/1644/743
f 762/1645/762 722/1646/722 763/1647/763
f 764/1648/764 763/1649/763 765/1650/765
f 711/1651/711 766/1652/766 710/1653/710
f 725/1654/725 767/1655/767 768/1656/768
f 727/1657/727 769/1658/769 714/1659/714
f 770/1660/770 771/1661/771 711/1662/711
f 764/1663/764 772/1664/772 770/1665/770
f 773/1666/773 766/1667/766 767/1668/767
f 730/1669/730 774/1670/774 775/1671/775
f 704/1672/704 776/1673/776 754/1674/754
f 703/1675/703 777/1676/777 759/1677/759
f 754/1678/754 777/1679/777 755/1680/755
f 716/1681/716 721/1682/721 778/1683/778
f 779/1684/779 574/1685/574 639/1686/639
f 779/1687/779 603/1688/603 638/1689/638
f 547/1690/547 549/1691/549 529/1692/529
f 549/1693/549 526/1694/526 529/1695/529
f 553/1696/553 545/1697/545 530/1698/530
f 545/1699/545 531/1700/531 530/1701/530
f 556/1702/556 539/1703/539 553/1704/553
f 541/1705/541 543/1706/543 553/1707/553
f 543/1708/543 545/1709/545 553/1710/553
f 539/1711/539 541/1712/541 553/1713/553
f 556/1714/556 537/1715/537 539/1716/539
f 531/1717/531 547/1718/547 529/1719/529
f 536/1720/536 534/1721/534 780/1722/780
f 636/1723/636 634/1724/634 626/1725/626
f 633/1726/633 627/1727/627 628/1728/628
f 636/1729/636 626/1730/626 633/1731/633
f 781/1732/781 782/1733/782 783/1734/783
f 784/1735/784 785/1736/785 782/1737/782
f 786/1738/786 787/1739/787 785/1740/785
f 787/1741/787 788/1742/788 789/1743/789
f 788/1744/788 790/1745/790 789/1746/789
f 790/1747/790 791/1748/791 792/1749/792
f 792/1750/792 793/1751/793 794/1752/794
f 793/1753/793 795/1754/795 794/1755/794
f 796/1756/796 797/1757/797 795/1758/795
f 797/1759/797 798/1760/798 799/1761/799
f 798/1762/798 800/1763/800 799/1764/799
f 801/1765/801 802/1766/802 800/1767/800
f 803/1768/803 804/1769/804 802/1770/802
f 804/1771/804 805/1772/805 806/1773/806
f 798/1774/798 791/1775/791 786/1776/786
f 805/1777/805 807/1778/807 806/1779/806
f 807/1780/807 781/1781/781 783/1782/783
f 808/1783/808 809/1784/809 810/1785/810
f 811/1786/811 812/1787/812 813/1788/813
f 814/1789/814 815/1790/815 816/1791/816
f 816/1792/816 817/1793/817 818/1794/818
f 817/1795/817 819/1796/819 818/1797/818
f 820/1798/820 821/1799/821 819/1800/819
f 822/1801/822 823/1802/823 824/1803/824
f 825/1804/825 826/1805/826 827/1806/827
f 828/1807/828 829/1808/829 830/1809/830
f 831/1810/831 813/1811/813 832/1812/832
f 833/1813/833 834/1814/834 835/1815/835
f 814/1816/814 836/1817/836 837/1818/837
f 838/1819/838 839/1820/839 840/1821/840
f 838/1822/838 841/1823/841 842/1824/842
f 842/1825/842 843/1826/843 844/1827/844
f 845/1828/845 846/1829/846 847/1830/847
f 845/1831/845 822/1832/822 848/1833/848
f 849/1834/849 822/1835/822 850/1836/850
f 834/1837/834 851/1838/851 852/1839/852
f 853/1840/853 851/1841/851 854/1842/854
f 855/1843/855 854/1844/854 856/1845/856
f 857/1846/857 858/1847/858 859/1848/859
f 860/1849/860 859/1850/859 861/1851/861
f 860/1852/860 862/1853/862 863/1854/863
f 864/1855/864 831/1856/831 832/1857/832
f 865/1858/865 866/1859/866 864/1860/864
f 867/1861/867 868/1862/868 869/1863/869
f 827/1864/827 870/1865/870 871/1866/871
f 865/1867/865 870/1868/870 872/1869/872
f 825/1870/825 869/1871/869 873/1872/873
f 874/1873/874 830/1874/830 868/1875/868
f 821/1876/821 830/1877/830 875/1878/875
f 850/1879/850 824/1880/824 876/1881/876
f 851/1882/851 877/1883/877 878/1884/878
f 858/1885/858 879/1886/879 880/1887/880
f 854/1888/854 879/1889/879 856/1890/856
f 881/1891/881 876/1892/876 877/1893/877
f 858/1894/858 882/1895/882 859/1896/859
f 859/1897/859 883/1898/883 861/1899/861
f 839/1900/839 884/1901/884 840/1902/840
f 861/1903/861 885/1904/885 862/1905/862
f 851/1906/851 886/1907/886 854/1908/854
f 887/1909/887 847/1910/847 846/1911/846
f 888/1912/888 846/1913/846 843/1914/843
f 841/1915/841 888/1916/888 843/1917/843
f 840/1918/840 889/1919/889 841/1920/841
f 862/1921/862 890/1922/890 839/1923/839
f 824/1924/824 821/1925/821 891/1926/891
f 824/1927/824 892/1928/892 876/1929/876
f 877/1930/877 825/1931/825 878/1932/878
f 879/1933/879 865/1934/865 880/1935/880
f 886/1936/886 871/1937/871 879/1938/879
f 877/1939/877 892/1940/892 893/1941/893
f 878/1942/878 827/1943/827 886/1944/886
f 819/1945/819 823/1946/823 894/1947/894
f 888/1948/888 894/1949/894 887/1950/887
f 895/1951/895 896/1952/896 897/1953/897
f 891/1954/891 874/1955/874 893/1956/893
f 891/1957/891 898/1958/898 896/1959/896
f 899/1960/899 818/1961/818 819/1962/819
f 897/1963/897 898/1964/898 900/1965/900
f 901/1966/901 902/1967/902 903/1968/903
f 894/1969/894 903/1970/903 899/1971/899
f 904/1972/904 901/1973/901 894/1974/894
f 892/1975/892 898/1976/898 893/1977/893
f 895/1978/895 900/1979/900 892/1980/892
f 899/1981/899 902/1982/902 905/1983/905
f 905/1984/905 906/1985/906 904/1986/904
f 907/1987/907 908/1988/908 909/1989/909
f 873/1990/873 910/1991/910 826/1992/826
f 831/1993/831 911/1994/911 912/1995/912
f 817/1996/817 913/1997/913 914/1998/914
f 830/1999/830 915/2000/915 868/2001/868
f 870/2002/870 910/2003/910 916/2004/916
f 836/2005/836 907/2006/907 917/2007/917
f 817/2008/817 918/2009/918 820/2010/820
f 869/2011/869 915/2012/915 919/2013/919
f 872/2014/872 916/2015/916 920/2016/920
f 836/2017/836 921/2018/921 837/2019/837
f 828/2020/828 918/2021/918 922/2022/922
f 869/2023/869 923/2024/923 873/2025/873
f 872/2026/872 920/2027/920 924/2028/924
f 811/2029/811 925/2030/925 926/2031/926
f 837/2032/837 913/2033/913 815/2034/815
f 927/2035/927 928/2036/928 924/2037/924
f 929/2038/929 926/2039/926 908/2040/908
f 930/2041/930 924/2042/924 931/2043/931
f 911/2044/911 930/2045/930 912/2046/912
f 912/2047/912 909/2048/909 926/2049/926
f 909/2050/909 931/2051/931 920/2052/920
f 920/2053/920 916/2054/916 909/2055/909
f 916/2056/916 910/2057/910 909/2058/909
f 910/2059/910 923/2060/923 909/2061/909
f 923/2062/923 919/2063/919 909/2064/909
f 919/2065/919 915/2066/915 909/2067/909
f 915/2068/915 829/2069/829 909/2070/909
f 829/2071/829 922/2072/922 909/2073/909
f 922/2074/922 918/2075/918 909/2076/909
f 918/2077/918 914/2078/914 909/2079/909
f 914/2080/914 913/2081/913 909/2082/909
f 913/2083/913 921/2084/921 909/2085/909
f 921/2086/921 917/2087/917 909/2088/909
f 917/2089/917 907/2090/907 909/2091/909
f 907/2092/907 929/2093/929 908/2094/908
f 1/2095/1 92/2096/92 2/2097/2
f 4/2098/4 96/2099/96 5/2100/5
f 7/2101/7 94/2102/94 8/2103/8
f 10/2104/10 95/2105/95 11/2106/11
f 22/2107/22 93/2108/93 23/2109/23
f 25/2110/25 91/2111/91 26/2112/26
f 29/2113/29 932/2114/932 933/2115/933
f 30/2116/30 71/2117/71 28/2118/28
f 29/2119/29 933/2120/933 30/2121/30
f 51/2122/51 53/2123/53 49/2124/49
f 50/2125/50 57/2126/57 51/2127/51
f 934/2128/934 66/2129/66 52/2130/52
f 52/2131/52 49/2132/49 53/2133/53
f 54/2134/54 934/2135/934 52/2136/52
f 57/2137/57 50/2138/50 55/2139/55
f 55/2140/55 69/2141/69 56/2142/56
f 935/2143/935 932/2144/932 29/2145/29
f 58/2146/58 936/2147/936 59/2148/59
f 59/2149/59 935/2150/935 29/2151/29
f 61/2152/61 936/2153/936 58/2154/58
f 58/2155/58 65/2156/65 60/2157/60
f 62/2158/62 70/2159/70 937/2160/937
f 62/2161/62 937/2162/937 63/2163/63
f 64/2164/64 938/2165/938 62/2166/62
f 67/2167/67 60/2168/60 65/2169/65
f 65/2170/65 52/2171/52 66/2172/66
f 69/2173/69 55/2174/55 62/2175/62
f 62/2176/62 938/2177/938 68/2178/68
f 72/2179/72 937/2180/937 70/2181/70
f 70/2182/70 28/2183/28 71/2184/71
f 73/2185/73 98/2186/98 74/2187/74
f 76/2188/76 102/2189/102 77/2190/77
f 79/2191/79 100/2192/100 80/2193/80
f 82/2194/82 101/2195/101 83/2196/83
f 85/2197/85 99/2198/99 86/2199/86
f 88/2200/88 97/2201/97 89/2202/89
f 24/2203/24 26/2204/26 91/2205/91
f 12/2206/12 2/2207/2 92/2208/92
f 7/2209/7 23/2210/23 93/2211/93
f 27/2212/27 11/2213/11 95/2214/95
f 3/2215/3 5/2216/5 96/2217/96
f 4/2218/4 6/2219/6 9/2220/9
f 87/2221/87 89/2222/89 97/2223/97
f 84/2224/84 74/2225/74 98/2226/98
f 79/2227/79 86/2228/86 99/2229/99
f 90/2230/90 83/2231/83 101/2232/101
f 75/2233/75 77/2234/77 102/2235/102
f 78/2236/78 81/2237/81 80/2238/80
f 140/2239/140 168/2240/168 141/2241/141
f 143/2242/143 169/2243/169 144/2244/144
f 146/2245/146 142/2246/142 141/2247/141
f 148/2248/148 170/2249/170 149/2250/149
f 151/2251/151 171/2252/171 152/2253/152
f 154/2254/154 148/2255/148 150/2256/150
f 156/2257/156 161/2258/161 157/2259/157
f 159/2260/159 146/2261/146 147/2262/147
f 145/2263/145 144/2264/144 161/2265/161
f 162/2266/162 154/2267/154 155/2268/155
f 164/2269/164 151/2270/151 153/2271/153
f 159/2272/159 160/2273/160 166/2274/166
f 158/2275/158 157/2276/157 168/2277/168
f 162/2278/162 163/2279/163 169/2280/169
f 170/2281/170 164/2282/164 165/2283/165
f 171/2284/171 167/2285/167 166/2286/166
f 141/2287/141 189/2288/189 172/2289/172
f 939/2290/939 198/2291/198 173/2292/173
f 173/2293/173 231/2294/231 174/2295/174
f 175/2296/175 939/2297/939 173/2298/173
f 150/2299/150 190/2300/190 176/2301/176
f 147/2302/147 172/2303/172 177/2304/177
f 155/2305/155 176/2306/176 178/2307/178
f 160/2308/160 177/2309/177 179/2310/179
f 169/2311/169 163/2312/163 178/2313/178
f 166/2314/166 179/2315/179 181/2316/181
f 169/2317/169 180/2318/180 182/2319/182
f 152/2320/152 181/2321/181 183/2322/183
f 161/2323/161 185/2324/185 184/2325/184
f 144/2326/144 182/2327/182 185/2328/185
f 165/2329/165 153/2330/153 183/2331/183
f 168/2332/168 157/2333/157 184/2334/184
f 165/2335/165 186/2336/186 188/2337/188
f 141/2338/141 168/2339/168 187/2340/187
f 149/2341/149 188/2342/188 190/2343/190
f 191/2344/191 192/2345/192 184/2346/184
f 192/2347/192 193/2348/193 187/2349/187
f 193/2350/193 194/2351/194 189/2352/189
f 194/2353/194 195/2354/195 172/2355/172
f 195/2356/195 196/2357/196 177/2358/177
f 196/2359/196 173/2360/173 179/2361/179
f 173/2362/173 198/2363/198 181/2364/181
f 197/2365/197 183/2366/183 181/2367/181
f 199/2368/199 186/2369/186 183/2370/183
f 200/2371/200 188/2372/188 186/2373/186
f 201/2374/201 190/2375/190 188/2376/188
f 202/2377/202 176/2378/176 190/2379/190
f 203/2380/203 178/2381/178 176/2382/176
f 204/2383/204 180/2384/180 178/2385/178
f 205/2386/205 182/2387/182 180/2388/180
f 205/2389/205 191/2390/191 185/2391/185
f 211/2392/211 205/2393/205 204/2394/204
f 204/2395/204 940/2396/940 206/2397/206
f 207/2398/207 211/2399/211 204/2400/204
f 197/2401/197 198/2402/198 939/2403/939
f 197/2404/197 939/2405/939 208/2406/208
f 209/2407/209 941/2408/941 197/2409/197
f 942/2410/942 215/2411/215 192/2412/192
f 191/2413/191 943/2414/943 210/2415/210
f 210/2416/210 942/2417/942 192/2418/192
f 212/2419/212 943/2420/943 191/2421/191
f 191/2422/191 205/2423/205 211/2424/211
f 214/2425/214 199/2426/199 197/2427/197
f 197/2428/197 941/2429/941 213/2430/213
f 944/2431/944 945/2432/945 193/2433/193
f 193/2434/193 192/2435/192 215/2436/215
f 216/2437/216 944/2438/944 193/2439/193
f 200/2440/200 199/2441/199 214/2442/214
f 217/2443/217 946/2444/946 218/2445/218
f 200/2446/200 214/2447/214 217/2448/217
f 220/2449/220 194/2450/194 193/2451/193
f 193/2452/193 945/2453/945 219/2454/219
f 221/2455/221 224/2456/224 201/2457/201
f 201/2458/201 200/2459/200 218/2460/218
f 223/2461/223 195/2462/195 194/2463/194
f 194/2464/194 220/2465/220 222/2466/222
f 225/2467/225 228/2468/228 202/2469/202
f 202/2470/202 201/2471/201 224/2472/224
f 227/2473/227 196/2474/196 195/2475/195
f 195/2476/195 223/2477/223 226/2478/226
f 229/2479/229 232/2480/232 203/2481/203
f 203/2482/203 202/2483/202 228/2484/228
f 231/2485/231 173/2486/173 196/2487/196
f 196/2488/196 227/2489/227 230/2490/230
f 233/2491/233 940/2492/940 204/2493/204
f 204/2494/204 203/2495/203 232/2496/232
f 234/2497/234 252/2498/252 235/2499/235
f 238/2500/238 240/2501/240 253/2502/253
f 253/2503/253 249/2504/249 237/2505/237
f 237/2506/237 274/2507/274 251/2508/251
f 251/2509/251 245/2510/245 235/2511/235
f 235/2512/235 252/2513/252 238/2514/238
f 238/2515/238 253/2516/253 237/2517/237
f 237/2518/237 251/2519/251 235/2520/235
f 239/2521/239 253/2522/253 240/2523/240
f 242/2524/242 254/2525/254 243/2526/243
f 236/2527/236 235/2528/235 245/2529/245
f 247/2530/247 241/2531/241 240/2532/240
f 248/2533/248 244/2534/244 243/2535/243
f 250/2536/250 246/2537/246 245/2538/245
f 234/2539/234 247/2540/247 238/2541/238
f 248/2542/248 249/2543/249 253/2544/253
f 250/2545/250 251/2546/251 254/2547/254
f 255/2548/255 947/2549/947 256/2550/256
f 258/2551/258 947/2552/947 255/2553/255
f 260/2554/260 258/2555/258 259/2556/259
f 262/2557/262 260/2558/260 261/2559/261
f 264/2560/264 262/2561/262 263/2562/263
f 266/2563/266 264/2564/264 265/2565/265
f 268/2566/268 266/2567/266 267/2568/267
f 270/2569/270 268/2570/268 269/2571/269
f 272/2572/272 270/2573/270 271/2574/271
f 256/2575/256 272/2576/272 273/2577/273
f 275/2578/275 274/2579/274 237/2580/237
f 276/2581/276 237/2582/237 243/2583/243
f 278/2584/278 254/2585/254 274/2586/274
f 277/2587/277 243/2588/243 254/2589/254
f 279/2590/279 288/2591/288 280/2592/280
f 284/2593/284 294/2594/294 293/2595/293
f 293/2596/293 292/2597/292 282/2598/282
f 282/2599/282 296/2600/296 287/2601/287
f 287/2602/287 286/2603/286 283/2604/283
f 283/2605/283 279/2606/279 281/2607/281
f 281/2608/281 300/2609/300 284/2610/284
f 284/2611/284 293/2612/293 282/2613/282
f 282/2614/282 287/2615/287 283/2616/283
f 283/2617/283 281/2618/281 284/2619/284
f 285/2620/285 948/2621/948 286/2622/286
f 290/2623/290 299/2624/299 298/2625/298
f 298/2626/298 280/2627/280 288/2628/288
f 288/2629/288 301/2630/301 948/2631/948
f 948/2632/948 285/2633/285 289/2634/289
f 289/2635/289 297/2636/297 291/2637/291
f 291/2638/291 295/2639/295 290/2640/290
f 290/2641/290 298/2642/298 288/2643/288
f 288/2644/288 948/2645/948 289/2646/289
f 289/2647/289 291/2648/291 290/2649/290
f 291/2650/291 297/2651/297 282/2652/282
f 290/2653/290 295/2654/295 293/2655/293
f 295/2656/295 291/2657/291 292/2658/292
f 287/2659/287 296/2660/296 289/2661/289
f 296/2662/296 282/2663/282 297/2664/297
f 284/2665/284 300/2666/300 298/2667/298
f 300/2668/300 281/2669/281 280/2670/280
f 286/2671/286 948/2672/948 301/2673/301
f 301/2674/301 288/2675/288 279/2676/279
f 294/2677/294 284/2678/284 299/2679/299
f 302/2680/302 305/2681/305 303/2682/303
f 305/2683/305 307/2684/307 306/2685/306
f 307/2686/307 309/2687/309 308/2688/308
f 309/2689/309 311/2690/311 310/2691/310
f 311/2692/311 313/2693/313 312/2694/312
f 313/2695/313 344/2696/344 314/2697/314
f 314/2698/314 344/2699/344 315/2700/315
f 316/2701/316 315/2702/315 317/2703/317
f 317/2704/317 348/2705/348 319/2706/319
f 319/2707/319 348/2708/348 320/2709/320
f 322/2710/322 357/2711/357 323/2712/323
f 320/2713/320 326/2714/326 325/2715/325
f 326/2716/326 302/2717/302 304/2718/304
f 327/2719/327 330/2720/330 328/2721/328
f 330/2722/330 334/2723/334 331/2724/331
f 332/2725/332 327/2726/327 329/2727/329
f 330/2728/330 327/2729/327 332/2730/332
f 335/2731/335 336/2732/336 329/2733/329
f 337/2734/337 305/2735/305 302/2736/302
f 337/2737/337 340/2738/340 307/2739/307
f 339/2740/339 309/2741/309 307/2742/307
f 339/2743/339 342/2744/342 311/2745/311
f 341/2746/341 313/2747/313 311/2748/311
f 343/2749/343 344/2750/344 313/2751/313
f 343/2752/343 346/2753/346 315/2754/315
f 345/2755/345 317/2756/317 315/2757/315
f 347/2758/347 348/2759/348 317/2760/317
f 347/2761/347 322/2762/322 320/2763/320
f 322/2764/322 324/2765/324 326/2766/326
f 338/2767/338 302/2768/302 326/2769/326
f 338/2770/338 352/2771/352 349/2772/349
f 346/2773/346 358/2774/358 350/2775/350
f 342/2776/342 359/2777/359 351/2778/351
f 324/2779/324 323/2780/323 352/2781/352
f 337/2782/337 349/2783/349 353/2784/353
f 345/2785/345 350/2786/350 354/2787/354
f 341/2788/341 351/2789/351 355/2790/355
f 340/2791/340 353/2792/353 356/2793/356
f 347/2794/347 354/2795/354 357/2796/357
f 343/2797/343 355/2798/355 358/2799/358
f 339/2800/339 356/2801/356 359/2802/359
f 360/2803/360 363/2804/363 361/2805/361
f 363/2806/363 949/2807/949 364/2808/364
f 365/2809/365 369/2810/369 366/2811/366
f 367/2812/367 950/2813/950 368/2814/368
f 369/2815/369 951/2816/951 370/2817/370
f 362/2818/362 952/2819/952 371/2820/371
f 372/2821/372 376/2822/376 373/2823/373
f 372/2824/372 379/2825/379 375/2826/375
f 374/2827/374 373/2828/373 377/2829/377
f 379/2830/379 389/2831/389 380/2832/380
f 381/2833/381 385/2834/385 382/2835/382
f 373/2836/373 387/2837/387 383/2838/383
f 375/2839/375 386/2840/386 384/2841/384
f 381/2842/381 377/2843/377 383/2844/383
f 380/2845/380 382/2846/382 386/2847/386
f 376/2848/376 384/2849/384 387/2850/387
f 388/2851/388 378/2852/378 377/2853/377
f 385/2854/385 383/2855/383 387/2856/387
f 387/2857/387 384/2858/384 386/2859/386
f 386/2860/386 382/2861/382 385/2862/385
f 388/2863/388 381/2864/381 380/2865/380
f 390/2866/390 411/2867/411 391/2868/391
f 393/2869/393 414/2870/414 394/2871/394
f 396/2872/396 953/2873/953 397/2874/397
f 399/2875/399 415/2876/415 400/2877/400
f 402/2878/402 416/2879/416 403/2880/403
f 405/2881/405 954/2882/954 406/2883/406
f 394/2884/394 414/2885/414 413/2886/413
f 413/2887/413 955/2888/955 406/2889/406
f 406/2890/406 954/2891/954 400/2892/400
f 400/2893/400 415/2894/415 408/2895/408
f 408/2896/408 956/2897/956 403/2898/403
f 403/2899/403 416/2900/416 391/2901/391
f 391/2902/391 411/2903/411 397/2904/397
f 397/2905/397 953/2906/953 394/2907/394
f 394/2908/394 413/2909/413 406/2910/406
f 406/2911/406 400/2912/400 408/2913/408
f 408/2914/408 403/2915/403 391/2916/391
f 391/2917/391 397/2918/397 394/2919/394
f 394/2920/394 406/2921/406 408/2922/408
f 409/2923/409 956/2924/956 408/2925/408
f 394/2926/394 953/2927/953 396/2928/396
f 390/2929/390 398/2930/398 397/2931/397
f 406/2932/406 955/2933/955 412/2934/412
f 393/2935/393 417/2936/417 413/2937/413
f 400/2938/400 954/2939/954 405/2940/405
f 403/2941/403 956/2942/956 409/2943/409
f 399/2944/399 410/2945/410 408/2946/408
f 402/2947/402 392/2948/392 391/2949/391
f 412/2950/412 955/2951/955 413/2952/413
f 418/2953/418 427/2954/427 419/2955/419
f 421/2956/421 465/2957/465 422/2958/422
f 424/2959/424 467/2960/467 425/2961/425
f 427/2962/427 465/2963/465 428/2964/428
f 428/2965/428 465/2966/465 421/2967/421
f 426/2968/426 466/2969/466 430/2970/430
f 431/2971/431 424/2972/424 426/2973/426
f 418/2974/418 432/2975/432 426/2976/426
f 418/2977/418 420/2978/420 433/2979/433
f 435/2980/435 432/2981/432 418/2982/418
f 436/2983/436 431/2984/431 432/2985/432
f 437/2986/437 470/2987/470 438/2988/438
f 439/2989/439 442/2990/442 440/2991/440
f 441/2992/441 440/2993/440 442/2994/442
f 433/2995/433 441/2996/441 443/2997/443
f 435/2998/435 434/2999/434 443/3000/443
f 435/3001/435 444/3002/444 445/3003/445
f 446/3004/446 459/3005/459 447/3006/447
f 451/3007/451 439/3008/439 444/3009/444
f 444/3010/444 957/3011/957 449/3012/449
f 449/3013/449 452/3014/452 450/3015/450
f 450/3016/450 455/3017/455 451/3018/451
f 451/3019/451 444/3020/444 449/3021/449
f 452/3022/452 446/3023/446 448/3024/448
f 451/3025/451 455/3026/455 453/3027/453
f 455/3028/455 450/3029/450 448/3030/448
f 452/3031/452 449/3032/449 456/3033/456
f 449/3034/449 957/3035/957 457/3036/457
f 439/3037/439 451/3038/451 454/3039/454
f 460/3040/460 461/3041/461 464/3042/464
f 464/3043/464 463/3044/463 458/3045/458
f 458/3046/458 447/3047/447 459/3048/459
f 459/3049/459 462/3050/462 460/3051/460
f 460/3052/460 464/3053/464 458/3054/458
f 448/3055/448 447/3056/447 458/3057/458
f 442/3058/442 464/3059/464 461/3060/461
f 457/3061/457 460/3062/460 462/3063/462
f 453/3064/453 458/3065/458 463/3066/463
f 443/3067/443 461/3068/461 460/3069/460
f 456/3070/456 462/3071/462 459/3072/459
f 454/3073/454 463/3074/463 464/3075/464
f 427/3076/427 430/3077/430 422/3078/422
f 425/3079/425 468/3080/468 466/3081/466
f 422/3082/422 430/3083/430 466/3084/466
f 466/3085/466 468/3086/468 423/3087/423
f 467/3088/467 429/3089/429 421/3090/421
f 425/3091/425 421/3092/421 423/3093/423
f 457/3094/457 957/3095/957 444/3096/444
f 469/3097/469 471/3098/471 438/3099/438
f 444/3100/444 439/3101/439 438/3102/438
f 444/3103/444 471/3104/471 469/3105/469
f 472/3106/472 482/3107/482 473/3108/473
f 475/3109/475 522/3110/522 476/3111/476
f 478/3112/478 521/3113/521 479/3114/479
f 481/3115/481 477/3116/477 482/3117/482
f 475/3118/475 477/3119/477 481/3120/481
f 484/3121/484 519/3122/519 480/3123/480
f 480/3124/480 479/3125/479 485/3126/485
f 473/3127/473 482/3128/482 480/3129/480
f 487/3130/487 474/3131/474 473/3132/473
f 473/3133/473 486/3134/486 489/3135/489
f 486/3136/486 485/3137/485 490/3138/490
f 491/3139/491 958/3140/958 492/3141/492
f 494/3142/494 495/3143/495 493/3144/493
f 495/3145/495 494/3146/494 496/3147/496
f 497/3148/497 496/3149/496 487/3150/487
f 489/3151/489 504/3152/504 497/3153/497
f 498/3154/498 504/3155/504 489/3156/489
f 499/3157/499 512/3158/512 500/3159/500
f 504/3160/504 493/3161/493 507/3162/507
f 507/3163/507 509/3164/509 502/3165/502
f 502/3166/502 505/3167/505 503/3168/503
f 503/3169/503 959/3170/959 504/3171/504
f 504/3172/504 507/3173/507 502/3174/502
f 505/3175/505 502/3176/502 501/3177/501
f 506/3178/506 509/3179/509 507/3180/507
f 501/3181/501 502/3182/502 509/3183/509
f 510/3184/510 503/3185/503 505/3186/505
f 511/3187/511 959/3188/959 503/3189/503
f 508/3190/508 507/3191/507 493/3192/493
f 514/3193/514 515/3194/515 518/3195/518
f 518/3196/518 516/3197/516 512/3198/512
f 512/3199/512 499/3200/499 513/3201/513
f 513/3202/513 517/3203/517 514/3204/514
f 514/3205/514 518/3206/518 512/3207/512
f 513/3208/513 499/3209/499 501/3210/501
f 515/3211/515 514/3212/514 495/3213/495
f 516/3214/516 518/3215/518 511/3216/511
f 517/3217/517 513/3218/513 506/3219/506
f 518/3220/518 515/3221/515 497/3222/497
f 512/3223/512 516/3224/516 510/3225/510
f 514/3226/514 517/3227/517 508/3228/508
f 476/3229/476 484/3230/484 482/3231/482
f 519/3232/519 520/3233/520 478/3234/478
f 519/3235/519 484/3236/484 476/3237/476
f 476/3238/476 522/3239/522 520/3240/520
f 475/3241/475 483/3242/483 521/3243/521
f 522/3244/522 475/3245/475 478/3246/478
f 504/3247/504 959/3248/959 511/3249/511
f 523/3250/523 958/3251/958 491/3252/491
f 504/3253/504 524/3254/524 491/3255/491
f 523/3256/523 524/3257/524 504/3258/504
f 525/3259/525 529/3260/529 526/3261/526
f 528/3262/528 530/3263/530 529/3264/529
f 532/3265/532 552/3266/552 533/3267/533
f 535/3268/535 552/3269/552 532/3270/532
f 537/3271/537 561/3272/561 538/3273/538
f 539/3274/539 538/3275/538 540/3276/540
f 541/3277/541 540/3278/540 542/3279/542
f 544/3280/544 545/3281/545 543/3282/543
f 545/3283/545 544/3284/544 546/3285/546
f 547/3286/547 531/3287/531 546/3288/546
f 549/3289/549 547/3290/547 548/3291/548
f 526/3292/526 549/3293/549 550/3294/550
f 535/3295/535 558/3296/558 551/3297/551
f 528/3298/528 555/3299/555 553/3300/553
f 554/3301/554 535/3302/535 553/3303/553
f 553/3304/553 535/3305/535 536/3306/536
f 557/3307/557 551/3308/551 558/3309/558
f 535/3310/535 554/3311/554 559/3312/559
f 552/3313/552 551/3314/551 557/3315/557
f 537/3316/537 556/3317/556 560/3318/560
f 562/3319/562 565/3320/565 563/3321/563
f 565/3322/565 583/3323/583 566/3324/566
f 567/3325/567 570/3326/570 568/3327/568
f 569/3328/569 572/3329/572 570/3330/570
f 571/3331/571 637/3332/637 572/3333/572
f 573/3334/573 587/3335/587 574/3336/574
f 576/3337/576 617/3338/617 577/3339/577
f 575/3340/575 571/3341/571 579/3342/579
f 571/3343/571 569/3344/569 581/3345/581
f 569/3346/569 567/3347/567 582/3348/582
f 562/3349/562 568/3350/568 583/3351/583
f 567/3352/567 562/3353/562 564/3354/564
f 584/3355/584 960/3356/960 585/3357/585
f 573/3358/573 576/3359/576 578/3360/578
f 578/3361/578 586/3362/586 585/3363/585
f 585/3364/585 960/3365/960 587/3366/587
f 588/3367/588 594/3368/594 589/3369/589
f 591/3370/591 628/3371/628 592/3372/592
f 566/3373/566 583/3374/583 594/3375/594
f 568/3376/568 570/3377/570 595/3378/595
f 570/3379/570 572/3380/572 596/3381/596
f 572/3382/572 637/3383/637 597/3384/597
f 574/3385/574 587/3386/587 598/3387/598
f 577/3388/577 617/3389/617 600/3390/600
f 602/3391/602 605/3392/605 638/3393/638
f 602/3394/602 638/3395/638 603/3396/603
f 604/3397/604 596/3398/596 597/3399/597
f 606/3400/606 595/3401/595 596/3402/596
f 583/3403/583 568/3404/568 589/3405/589
f 590/3406/590 589/3407/589 595/3408/595
f 607/3409/607 674/3410/674 608/3411/608
f 601/3412/601 600/3413/600 598/3414/598
f 598/3415/598 609/3416/609 610/3417/610
f 609/3418/609 598/3419/598 587/3420/587
f 587/3421/587 960/3422/960 607/3423/607
f 601/3424/601 610/3425/610 672/3426/672
f 584/3427/584 586/3428/586 578/3429/578
f 601/3430/601 672/3431/672 584/3432/584
f 584/3433/584 578/3434/578 577/3435/577
f 611/3436/611 563/3437/563 566/3438/566
f 612/3439/612 582/3440/582 564/3441/564
f 613/3442/613 581/3443/581 582/3444/582
f 614/3445/614 579/3446/579 581/3447/581
f 615/3448/615 576/3449/576 580/3450/580
f 615/3451/615 623/3452/623 617/3453/617
f 591/3454/591 593/3455/593 566/3456/566
f 618/3457/618 591/3458/591 590/3459/590
f 618/3460/618 606/3461/606 604/3462/604
f 619/3463/619 604/3464/604 605/3465/605
f 621/3466/621 620/3467/620 605/3468/605
f 622/3469/622 600/3470/600 617/3471/617
f 626/3472/626 634/3473/634 624/3474/624
f 625/3475/625 635/3476/635 626/3477/626
f 593/3478/593 592/3479/592 627/3480/627
f 618/3481/618 630/3482/630 628/3483/628
f 611/3484/611 627/3485/627 629/3486/629
f 619/3487/619 632/3488/632 630/3489/630
f 612/3490/612 629/3491/629 631/3492/631
f 620/3493/620 636/3494/636 632/3495/632
f 613/3496/613 631/3497/631 633/3498/633
f 622/3499/622 624/3500/624 634/3501/634
f 614/3502/614 633/3503/633 626/3504/626
f 623/3505/623 625/3506/625 624/3507/624
f 615/3508/615 635/3509/635 625/3510/625
f 616/3511/616 626/3512/626 635/3513/635
f 621/3514/621 634/3515/634 636/3516/636
f 622/3517/622 621/3518/621 602/3519/602
f 616/3520/616 580/3521/580 579/3522/579
f 602/3523/602 599/3524/599 598/3525/598
f 637/3526/637 779/3527/779 638/3528/638
f 573/3529/573 575/3530/575 580/3531/580
f 599/3532/599 603/3533/603 639/3534/639
f 571/3535/571 575/3536/575 574/3537/574
f 642/3538/642 653/3539/653 640/3540/640
f 640/3541/640 656/3542/656 641/3543/641
f 644/3544/644 654/3545/654 641/3546/641
f 641/3547/641 656/3548/656 643/3549/643
f 643/3550/643 650/3551/650 644/3552/644
f 647/3553/647 652/3554/652 645/3555/645
f 645/3556/645 657/3557/657 646/3558/646
f 646/3559/646 640/3560/640 647/3561/647
f 646/3562/646 657/3563/657 648/3564/648
f 651/3565/651 655/3566/655 650/3567/650
f 650/3568/650 643/3569/643 645/3570/645
f 656/3571/656 640/3572/640 646/3573/646
f 643/3574/643 648/3575/648 657/3576/657
f 643/3577/643 656/3578/656 649/3579/649
f 658/3580/658 663/3581/663 659/3582/659
f 663/3583/663 961/3584/961 661/3585/661
f 661/3586/661 962/3587/962 662/3588/662
f 662/3589/662 659/3590/659 663/3591/663
f 666/3592/666 963/3593/963 664/3594/664
f 664/3595/664 964/3596/964 665/3597/665
f 665/3598/665 965/3599/965 666/3600/666
f 668/3601/668 966/3602/966 667/3603/667
f 667/3604/667 660/3605/660 659/3606/659
f 659/3607/659 662/3608/662 668/3609/668
f 669/3610/669 698/3611/698 670/3612/670
f 607/3613/607 960/3614/960 584/3615/584
f 609/3616/609 608/3617/608 673/3618/673
f 672/3619/672 675/3620/675 674/3621/674
f 610/3622/610 673/3623/673 675/3624/675
f 663/3625/663 658/3626/658 676/3627/676
f 676/3628/676 967/3629/967 677/3630/677
f 677/3631/677 961/3632/961 663/3633/663
f 678/3634/678 690/3635/690 679/3636/679
f 681/3637/681 691/3638/691 682/3639/682
f 684/3640/684 692/3641/692 685/3642/685
f 687/3643/687 693/3644/693 688/3645/688
f 687/3646/687 689/3647/689 690/3648/690
f 680/3649/680 679/3650/679 691/3651/691
f 683/3652/683 682/3653/682 685/3654/685
f 693/3655/693 684/3656/684 686/3657/686
f 694/3658/694 675/3659/675 673/3660/673
f 695/3661/695 669/3662/669 608/3663/608
f 669/3664/669 671/3665/671 673/3666/673
f 695/3667/695 674/3668/674 675/3669/675
f 671/3670/671 670/3671/670 696/3672/696
f 695/3673/695 694/3674/694 696/3675/696
f 695/3676/695 697/3677/697 698/3678/698
f 701/3679/701 968/3680/968 969/3681/969
f 969/3682/969 970/3683/970 699/3684/699
f 699/3685/699 971/3686/971 700/3687/700
f 700/3688/700 972/3689/972 701/3690/701
f 701/3691/701 969/3692/969 699/3693/699
f 702/3694/702 709/3695/709 703/3696/703
f 705/3697/705 761/3698/761 706/3699/706
f 702/3700/702 713/3701/713 708/3702/708
f 710/3703/710 707/3704/707 706/3705/706
f 712/3706/712 973/3707/973 708/3708/708
f 714/3709/714 769/3710/769 715/3711/715
f 717/3712/717 723/3713/723 718/3714/718
f 720/3715/720 778/3716/778 721/3717/721
f 723/3718/723 774/3719/774 724/3720/724
f 725/3721/725 768/3722/768 726/3723/726
f 716/3724/716 778/3725/778 728/3726/728
f 730/3727/730 775/3728/775 731/3729/731
f 729/3730/729 728/3731/728 733/3732/733
f 731/3733/731 738/3734/738 735/3735/735
f 734/3736/734 733/3737/733 736/3738/736
f 738/3739/738 742/3740/742 739/3741/739
f 740/3742/740 737/3743/737 736/3744/736
f 742/3745/742 974/3746/974 743/3747/743
f 740/3748/740 741/3749/741 744/3750/744
f 743/3751/743 974/3752/974 746/3753/746
f 745/3754/745 744/3755/744 748/3756/748
f 750/3757/750 756/3758/756 747/3759/747
f 751/3760/751 749/3761/749 748/3762/748
f 742/3763/742 738/3764/738 731/3765/731
f 731/3766/731 775/3767/775 774/3768/774
f 774/3769/774 723/3770/723 717/3771/717
f 753/3772/753 712/3773/712 713/3774/713
f 774/3775/774 717/3776/717 753/3777/753
f 742/3778/742 731/3779/731 774/3780/774
f 746/3781/746 974/3782/974 742/3783/742
f 754/3784/754 750/3785/750 746/3786/746
f 702/3787/702 704/3788/704 754/3789/754
f 753/3790/753 713/3791/713 702/3792/702
f 742/3793/742 774/3794/774 753/3795/753
f 754/3796/754 746/3797/746 742/3798/742
f 753/3799/753 702/3800/702 754/3801/754
f 750/3802/750 754/3803/754 755/3804/755
f 757/3805/757 751/3806/751 752/3807/752
f 704/3808/704 703/3809/703 759/3810/759
f 705/3811/705 757/3812/757 758/3813/758
f 751/3814/751 757/3815/757 705/3816/705
f 705/3817/705 707/3818/707 710/3819/710
f 710/3820/710 773/3821/773 725/3822/725
f 725/3823/725 727/3824/727 714/3825/714
f 714/3826/714 716/3827/716 729/3828/729
f 729/3829/729 734/3830/734 737/3831/737
f 737/3832/737 740/3833/740 745/3834/745
f 745/3835/745 749/3836/749 751/3837/751
f 751/3838/751 705/3839/705 710/3840/710
f 710/3841/710 725/3842/725 714/3843/714
f 714/3844/714 729/3845/729 737/3846/737
f 737/3847/737 745/3848/745 751/3849/751
f 751/3850/751 710/3851/710 714/3852/714
f 711/3853/711 706/3854/706 761/3855/761
f 761/3856/761 758/3857/758 752/3858/752
f 752/3859/752 748/3860/748 744/3861/744
f 744/3862/744 741/3863/741 736/3864/736
f 736/3865/736 733/3866/733 728/3867/728
f 728/3868/728 778/3869/778 720/3870/720
f 720/3871/720 762/3872/762 764/3873/764
f 764/3874/764 770/3875/770 711/3876/711
f 711/3877/711 761/3878/761 752/3879/752
f 752/3880/752 744/3881/744 736/3882/736
f 736/3883/736 728/3884/728 720/3885/720
f 720/3886/720 764/3887/764 711/3888/711
f 711/3889/711 752/3890/752 736/3891/736
f 755/3892/755 703/3893/703 709/3894/709
f 709/3895/709 708/3896/708 973/3897/973
f 975/3898/975 719/3899/719 718/3900/718
f 709/3901/709 973/3902/973 975/3903/975
f 756/3904/756 755/3905/755 709/3906/709
f 743/3907/743 747/3908/747 756/3909/756
f 735/3910/735 739/3911/739 743/3912/743
f 730/3913/730 732/3914/732 735/3915/735
f 718/3916/718 724/3917/724 730/3918/730
f 709/3919/709 975/3920/975 718/3921/718
f 743/3922/743 756/3923/756 709/3924/709
f 730/3925/730 735/3926/735 743/3927/743
f 709/3928/709 718/3929/718 730/3930/730
f 762/3931/762 720/3932/720 722/3933/722
f 764/3934/764 762/3935/762 763/3936/763
f 711/3937/711 771/3938/771 766/3939/766
f 725/3940/725 773/3941/773 767/3942/767
f 727/3943/727 726/3944/726 769/3945/769
f 770/3946/770 772/3947/772 771/3948/771
f 764/3949/764 765/3950/765 772/3951/772
f 773/3952/773 710/3953/710 766/3954/766
f 730/3955/730 724/3956/724 774/3957/774
f 704/3958/704 760/3959/760 776/3960/776
f 703/3961/703 755/3962/755 777/3963/777
f 754/3964/754 776/3965/776 777/3966/777
f 716/3967/716 715/3968/715 721/3969/721
f 779/3970/779 637/3971/637 574/3972/574
f 779/3973/779 639/3974/639 603/3975/603
f 780/3976/780 560/3977/560 556/3978/556
f 536/3979/536 532/3980/532 534/3981/534
f 780/3982/780 556/3983/556 536/3984/536
f 781/3985/781 784/3986/784 782/3987/782
f 784/3988/784 786/3989/786 785/3990/785
f 786/3991/786 976/3992/976 787/3993/787
f 787/3994/787 976/3995/976 788/3996/788
f 788/3997/788 977/3998/977 790/3999/790
f 790/4000/790 977/4001/977 791/4002/791
f 792/4003/792 791/4004/791 793/4005/793
f 793/4006/793 796/4007/796 795/4008/795
f 796/4009/796 978/4010/978 797/4011/797
f 797/4012/797 978/4013/978 798/4014/798
f 798/4015/798 801/4016/801 800/4017/800
f 801/4018/801 803/4019/803 802/4020/802
f 803/4021/803 979/4022/979 804/4023/804
f 804/4024/804 979/4025/979 805/4026/805
f 786/4027/786 784/4028/784 781/4029/781
f 781/4030/781 980/4031/980 805/4032/805
f 805/4033/805 979/4034/979 803/4035/803
f 803/4036/803 801/4037/801 798/4038/798
f 798/4039/798 978/4040/978 796/4041/796
f 796/4042/796 793/4043/793 791/4044/791
f 791/4045/791 977/4046/977 788/4047/788
f 788/4048/788 976/4049/976 786/4050/786
f 786/4051/786 781/4052/781 805/4053/805
f 805/4054/805 803/4055/803 798/4056/798
f 798/4057/798 796/4058/796 791/4059/791
f 791/4060/791 788/4061/788 786/4062/786
f 786/4063/786 805/4064/805 798/4065/798
f 805/4066/805 980/4067/980 807/4068/807
f 807/4069/807 980/4070/980 781/4071/781
f 810/4072/810 981/4073/981 982/4074/982
f 982/4075/982 983/4076/983 984/4077/984
f 984/4078/984 985/4079/985 986/4080/986
f 986/4081/986 987/4082/987 808/4083/808
f 808/4084/808 988/4085/988 989/4086/989
f 989/4087/989 990/4088/990 809/4089/809
f 809/4090/809 991/4091/991 992/4092/992
f 992/4093/992 993/4094/993 810/4095/810
f 810/4096/810 982/4097/982 984/4098/984
f 984/4099/984 986/4100/986 808/4101/808
f 808/4102/808 989/4103/989 809/4104/809
f 809/4105/809 992/4106/992 810/4107/810
f 810/4108/810 984/4109/984 808/4110/808
f 811/4111/811 836/4112/836 812/4113/812
f 814/4114/814 837/4115/837 815/4116/815
f 816/4117/816 815/4118/815 817/4119/817
f 817/4120/817 820/4121/820 819/4122/819
f 820/4123/820 828/4124/828 821/4125/821
f 822/4126/822 847/4127/847 823/4128/823
f 825/4129/825 873/4130/873 826/4131/826
f 828/4132/828 922/4133/922 829/4134/829
f 831/4135/831 811/4136/811 813/4137/813
f 835/4138/835 857/4139/857 860/4140/860
f 860/4141/860 863/4142/863 994/4143/994
f 994/4144/994 838/4145/838 842/4146/842
f 842/4147/842 844/4148/844 833/4149/833
f 833/4150/833 845/4151/845 848/4152/848
f 848/4153/848 849/4154/849 834/4155/834
f 834/4156/834 852/4157/852 853/4158/853
f 853/4159/853 855/4160/855 835/4161/835
f 835/4162/835 860/4163/860 994/4164/994
f 994/4165/994 842/4166/842 833/4167/833
f 833/4168/833 848/4169/848 834/4170/834
f 834/4171/834 853/4172/853 835/4173/835
f 835/4174/835 994/4175/994 833/4176/833
f 814/4177/814 812/4178/812 836/4179/836
f 838/4180/838 994/4181/994 839/4182/839
f 838/4183/838 840/4184/840 841/4185/841
f 842/4186/842 841/4187/841 843/4188/843
f 845/4189/845 833/4190/833 846/4191/846
f 845/4192/845 847/4193/847 822/4194/822
f 849/4195/849 848/4196/848 822/4197/822
f 834/4198/834 881/4199/881 851/4200/851
f 853/4201/853 852/4202/852 851/4203/851
f 855/4204/855 853/4205/853 854/4206/854
f 857/4207/857 835/4208/835 858/4209/858
f 860/4210/860 857/4211/857 859/4212/859
f 860/4213/860 861/4214/861 862/4215/862
f 864/4216/864 866/4217/866 831/4218/831
f 865/4219/865 872/4220/872 866/4221/866
f 867/4222/867 874/4223/874 868/4224/868
f 827/4225/827 826/4226/826 870/4227/870
f 865/4228/865 871/4229/871 870/4230/870
f 825/4231/825 867/4232/867 869/4233/869
f 874/4234/874 875/4235/875 830/4236/830
f 821/4237/821 828/4238/828 830/4239/830
f 850/4240/850 822/4241/822 824/4242/824
f 851/4243/851 881/4244/881 877/4245/877
f 858/4246/858 856/4247/856 879/4248/879
f 854/4249/854 886/4250/886 879/4251/879
f 881/4252/881 850/4253/850 876/4254/876
f 858/4255/858 880/4256/880 882/4257/882
f 859/4258/859 882/4259/882 883/4260/883
f 839/4261/839 890/4262/890 884/4263/884
f 861/4264/861 883/4265/883 885/4266/885
f 851/4267/851 878/4268/878 886/4269/886
f 887/4270/887 823/4271/823 847/4272/847
f 888/4273/888 887/4274/887 846/4275/846
f 841/4276/841 889/4277/889 888/4278/888
f 840/4279/840 884/4280/884 889/4281/889
f 862/4282/862 885/4283/885 890/4284/890
f 891/4285/891 895/4286/895 824/4287/824
f 824/4288/824 823/4289/823 821/4290/821
f 821/4291/821 875/4292/875 891/4293/891
f 824/4294/824 895/4295/895 892/4296/892
f 877/4297/877 867/4298/867 825/4299/825
f 879/4300/879 871/4301/871 865/4302/865
f 886/4303/886 827/4304/827 871/4305/871
f 874/4306/874 867/4307/867 877/4308/877
f 877/4309/877 876/4310/876 892/4311/892
f 893/4312/893 874/4313/874 877/4314/877
f 878/4315/878 825/4316/825 827/4317/827
f 894/4318/894 899/4319/899 819/4320/819
f 819/4321/819 821/4322/821 823/4323/823
f 823/4324/823 887/4325/887 894/4326/894
f 888/4327/888 904/4328/904 894/4329/894
f 895/4330/895 891/4331/891 896/4332/896
f 891/4333/891 875/4334/875 874/4335/874
f 891/4336/891 893/4337/893 898/4338/898
f 899/4339/899 905/4340/905 818/4341/818
f 897/4342/897 896/4343/896 898/4344/898
f 901/4345/901 906/4346/906 902/4347/902
f 894/4348/894 901/4349/901 903/4350/903
f 904/4351/904 906/4352/906 901/4353/901
f 892/4354/892 900/4355/900 898/4356/898
f 895/4357/895 897/4358/897 900/4359/900
f 899/4360/899 903/4361/903 902/4362/902
f 905/4363/905 902/4364/902 906/4365/906
f 873/4366/873 923/4367/923 910/4368/910
f 866/4369/866 928/4370/928 911/4371/911
f 912/4372/912 925/4373/925 831/4374/831
f 831/4375/831 866/4376/866 911/4377/911
f 817/4378/817 815/4379/815 913/4380/913
f 830/4381/830 829/4382/829 915/4383/915
f 870/4384/870 826/4385/826 910/4386/910
f 836/4387/836 811/4388/811 907/4389/907
f 817/4390/817 914/4391/914 918/4392/918
f 869/4393/869 868/4394/868 915/4395/915
f 872/4396/872 870/4397/870 916/4398/916
f 836/4399/836 917/4400/917 921/4401/921
f 828/4402/828 820/4403/820 918/4404/918
f 869/4405/869 919/4406/919 923/4407/923
f 928/4408/928 866/4409/866 872/4410/872
f 920/4411/920 931/4412/931 924/4413/924
f 924/4414/924 928/4415/928 872/4416/872
f 929/4417/929 907/4418/907 811/4419/811
f 811/4420/811 831/4421/831 925/4422/925
f 926/4423/926 929/4424/929 811/4425/811
f 837/4426/837 921/4427/921 913/4428/913
f 927/4429/927 911/4430/911 928/4431/928
f 931/4432/931 909/4433/909 930/4434/930
f 930/4435/930 927/4436/927 924/4437/924
f 911/4438/911 927/4439/927 930/4440/930
f 926/4441/926 925/4442/925 912/4443/912
f 912/4444/912 930/4445/930 909/4446/909
f 909/4447/909 908/4448/908 926/4449/926
f 995/4450/995 996/4451/996 997/4452/997
f 998/4453/998 999/4454/999 1000/4455/1000
f 997/4456/997 1001/4457/1001 995/4458/995
f 1002/4459/1002 1003/4460/1003 999/4461/999
f 1002/4462/1002 1004/4463/1004 1001/4464/1001
f 1005/4465/1005 1006/4466/1006 1007/4467/1007
f 1000/4468/1000 1008/4469/1008 998/4470/998
f 996/4471/996 1005/4472/1005 1007/4473/1007
f 996/4474/996 1006/4475/1006 1000/4476/1000
f 996/4477/996 1003/4478/1003 997/4479/997
f 999/4480/999 996/4481/996 1000/4482/1000
f 1003/4483/1003 996/4484/996 999/4485/999
f 1001/4486/1001 1004/4487/1004 995/4488/995
f 1004/4489/1004 1002/4490/1002 998/4491/998
f 1008/4492/1008 1004/4493/1004 998/4494/998
f 995/4495/995 1004/4496/1004 996/4497/996
f 998/4498/998 1002/4499/1002 999/4500/999
f 997/4501/997 1003/4502/1003 1001/4503/1001
f 1002/4504/1002 1001/4505/1001 1003/4506/1003
f 1005/4507/1005 1008/4508/1008 1006/4509/1006
f 1000/4510/1000 1006/4511/1006 1008/4512/1008
f 996/4513/996 1004/4514/1004 1005/4515/1005
f 996/4516/996 1007/4517/1007 1006/4518/1006
f 1008/4519/1008 1005/4520/1005 1004/4521/1004
f 1009/4522/1009 1010/4523/1010 1011/4524/1011
f 1012/4525/1012 1013/4526/1013 1014/4527/1014
f 1011/4528/1011 1015/4529/1015 1009/4530/1009
f 1016/4531/1016 1017/4532/1017 1013/4533/1013
f 1016/4534/1016 1018/4535/1018 1015/4536/1015
f 1019/4537/1019 1020/4538/1020 1021/4539/1021
f 1014/4540/1014 1022/4541/1022 1012/4542/1012
f 1010/4543/1010 1019/4544/1019 1021/4545/1021
f 1010/4546/1010 1020/4547/1020 1014/4548/1014
f 1010/4549/1010 1017/4550/1017 1011/4551/1011
f 1013/4552/1013 1010/4553/1010 1014/4554/1014
f 1017/4555/1017 1010/4556/1010 1013/4557/1013
f 1015/4558/1015 1018/4559/1018 1009/4560/1009
f 1018/4561/1018 1016/4562/1016 1012/4563/1012
f 1022/4564/1022 1018/4565/1018 1012/4566/1012
f 1009/4567/1009 1018/4568/1018 1010/4569/1010
f 1012/4570/1012 1016/4571/1016 1013/4572/1013
f 1011/4573/1011 1017/4574/1017 1015/4575/1015
f 1016/4576/1016 1015/4577/1015 1017/4578/1017
f 1019/4579/1019 1022/4580/1022 1020/4581/1020
f 1014/4582/1014 1020/4583/1020 1022/4584/1022
f 1010/4585/1010 1018/4586/1018 1019/4587/1019
f 1010/4588/1010 1021/4589/1021 1020/4590/1020
f 1022/4591/1022 1019/4592/1019 1018/4593/1018
f 1023/4594/1023 1024/4595/1024 1025/4596/1025
f 1026/4597/1026 1027/4598/1027 1028/4599/1028
f 1029/4600/1029 1030/4601/1030 1031/4602/1031
f 1032/4603/1032 1033/4604/1033 1034/4605/1034
f 1035/4606/1035 1024/4607/1024 1036/4608/1036
f 1037/4609/1037 1038/4610/1038 1027/4611/1027
f 1032/4612/1032 1039/4613/1039 1029/4614/1029
f 1026/4615/1026 1035/4616/1035 1036/4617/1036
f 1040/4618/1040 1041/4619/1041 1042/4620/1042
f 1043/4621/1043 1044/4622/1044 1045/4623/1045
f 1042/4624/1042 1037/4625/1037 1026/4626/1026
f 1040/4627/1040 1023/4628/1023 1046/4629/1046
f 1041/4630/1041 1023/4631/1023 1037/4632/1037
f 1040/4633/1040 1026/4634/1026 1036/4635/1036
f 1045/4636/1045 1029/4637/1029 1043/4638/1043
f 1044/4639/1044 1032/4640/1032 1045/4641/1045
f 1043/4642/1043 1031/4643/1031 1047/4644/1047
f 1044/4645/1044 1031/4646/1031 1048/4647/1048
f 1049/4648/1049 1050/4649/1050 1051/4650/1051
f 1052/4651/1052 1053/4652/1053 1054/4653/1054
f 1033/4654/1033 1050/4655/1050 1055/4656/1055
f 1031/4657/1031 1056/4658/1056 1051/4659/1051
f 1031/4660/1031 1050/4661/1050 1048/4662/1048
f 1023/4663/1023 1057/4664/1057 1038/4665/1038
f 1035/4666/1035 1058/4667/1058 1059/4668/1059
f 1049/4669/1049 1033/4670/1033 1055/4671/1055
f 1030/4672/1030 1052/4673/1052 1056/4674/1056
f 1060/4675/1060 1038/4676/1038 1057/4677/1057
f 1060/4678/1060 1025/4679/1025 1024/4680/1024
f 1061/4681/1061 1062/4682/1062 1058/4683/1058
f 1063/4684/1063 1054/4685/1054 1064/4686/1064
f 1065/4687/1065 1066/4688/1066 1052/4689/1052
f 1067/4690/1067 1068/4691/1068 1069/4692/1069
f 1070/4693/1070 1071/4694/1071 1072/4695/1072
f 1073/4696/1073 1071/4697/1071 1074/4698/1074
f 1075/4699/1075 1070/4700/1070 1068/4701/1068
f 1076/4702/1076 1077/4703/1077 1078/4704/1078
f 1064/4705/1064 1079/4706/1079 1080/4707/1080
f 1080/4708/1080 1081/4709/1081 1076/4710/1076
f 1077/4711/1077 1082/4712/1082 1078/4713/1078
f 1083/4714/1083 1084/4715/1084 1082/4716/1082
f 1085/4717/1085 1086/4718/1086 1071/4719/1071
f 1075/4720/1075 1074/4721/1074 1086/4722/1086
f 1069/4723/1069 1087/4724/1087 1073/4725/1073
f 1073/4726/1073 1070/4727/1070 1072/4728/1072
f 1063/4729/1063 1088/4730/1088 1084/4731/1084
f 1084/4732/1084 1088/4733/1088 1082/4734/1082
f 1076/4735/1076 1088/4736/1088 1080/4737/1080
f 1080/4738/1080 1088/4739/1088 1064/4740/1064
f 1082/4741/1082 1088/4742/1088 1078/4743/1078
f 1078/4744/1078 1088/4745/1088 1076/4746/1076
f 1054/4747/1054 1053/4748/1053 1079/4749/1079
f 1079/4750/1079 1053/4751/1053 1081/4752/1081
f 1083/4753/1083 1053/4754/1053 1066/4755/1066
f 1081/4756/1081 1053/4757/1053 1077/4758/1077
f 1077/4759/1077 1053/4760/1053 1083/4761/1083
f 1023/4762/1023 1036/4763/1036 1024/4764/1024
f 1026/4765/1026 1037/4766/1037 1027/4767/1027
f 1029/4768/1029 1039/4769/1039 1030/4770/1030
f 1032/4771/1032 1048/4772/1048 1033/4773/1033
f 1035/4774/1035 1059/4775/1059 1024/4776/1024
f 1037/4777/1037 1023/4778/1023 1038/4779/1038
f 1032/4780/1032 1034/4781/1034 1039/4782/1039
f 1026/4783/1026 1028/4784/1028 1035/4785/1035
f 1040/4786/1040 1046/4787/1046 1041/4788/1041
f 1043/4789/1043 1047/4790/1047 1044/4791/1044
f 1042/4792/1042 1041/4793/1041 1037/4794/1037
f 1040/4795/1040 1036/4796/1036 1023/4797/1023
f 1041/4798/1041 1046/4799/1046 1023/4800/1023
f 1040/4801/1040 1042/4802/1042 1026/4803/1026
f 1045/4804/1045 1032/4805/1032 1029/4806/1029
f 1044/4807/1044 1048/4808/1048 1032/4809/1032
f 1043/4810/1043 1029/4811/1029 1031/4812/1031
f 1044/4813/1044 1047/4814/1047 1031/4815/1031
f 1051/4816/1051 1056/4817/1056 1052/4818/1052
f 1049/4819/1049 1055/4820/1055 1050/4821/1050
f 1051/4822/1051 1052/4823/1052 1049/4824/1049
f 1054/4825/1054 1049/4826/1049 1052/4827/1052
f 1052/4828/1052 1066/4829/1066 1053/4830/1053
f 1033/4831/1033 1048/4832/1048 1050/4833/1050
f 1031/4834/1031 1030/4835/1030 1056/4836/1056
f 1031/4837/1031 1051/4838/1051 1050/4839/1050
f 1023/4840/1023 1025/4841/1025 1057/4842/1057
f 1035/4843/1035 1061/4844/1061 1058/4845/1058
f 1049/4846/1049 1063/4847/1063 1033/4848/1033
f 1030/4849/1030 1065/4850/1065 1052/4851/1052
f 1060/4852/1060 1067/4853/1067 1038/4854/1038
f 1024/4855/1024 1059/4856/1059 1058/4857/1058
f 1060/4858/1060 1057/4859/1057 1025/4860/1025
f 1024/4861/1024 1058/4862/1058 1060/4863/1060
f 1061/4864/1061 1074/4865/1074 1062/4866/1062
f 1063/4867/1063 1049/4868/1049 1054/4869/1054
f 1065/4870/1065 1084/4871/1084 1066/4872/1066
f 1067/4873/1067 1060/4874/1060 1068/4875/1068
f 1070/4876/1070 1085/4877/1085 1071/4878/1071
f 1074/4879/1074 1061/4880/1061 1067/4881/1067
f 1067/4882/1067 1069/4883/1069 1073/4884/1073
f 1073/4885/1073 1072/4886/1072 1071/4887/1071
f 1071/4888/1071 1086/4889/1086 1074/4890/1074
f 1074/4891/1074 1067/4892/1067 1073/4893/1073
f 1068/4894/1068 1060/4895/1060 1058/4896/1058
f 1058/4897/1058 1062/4898/1062 1075/4899/1075
f 1075/4900/1075 1085/4901/1085 1070/4902/1070
f 1070/4903/1070 1087/4904/1087 1068/4905/1068
f 1068/4906/1068 1058/4907/1058 1075/4908/1075
f 1076/4909/1076 1081/4910/1081 1077/4911/1077
f 1064/4912/1064 1054/4913/1054 1079/4914/1079
f 1080/4915/1080 1079/4916/1079 1081/4917/1081
f 1077/4918/1077 1083/4919/1083 1082/4920/1082
f 1083/4921/1083 1066/4922/1066 1084/4923/1084
f 1085/4924/1085 1075/4925/1075 1086/4926/1086
f 1075/4927/1075 1062/4928/1062 1074/4929/1074
f 1069/4930/1069 1068/4931/1068 1087/4932/1087
f 1073/4933/1073 1087/4934/1087 1070/4935/1070
f 1084/4936/1084 1065/4937/1065 1063/4938/1063
f 1063/4939/1063 1064/4940/1064 1088/4941/1088
f 1089/4942/1089 1090/4943/1090 1091/4944/1091
f 1092/4945/1092 1093/4946/1093 1094/4947/1094
f 1091/4948/1091 1095/4949/1095 1089/4950/1089
f 1096/4951/1096 1097/4952/1097 1093/4953/1093
f 1096/4954/1096 1098/4955/1098 1095/4956/1095
f 1099/4957/1099 1100/4958/1100 1101/4959/1101
f 1094/4960/1094 1102/4961/1102 1092/4962/1092
f 1090/4963/1090 1099/4964/1099 1101/4965/1101
f 1090/4966/1090 1100/4967/1100 1094/4968/1094
f 1090/4969/1090 1097/4970/1097 1091/4971/1091
f 1093/4972/1093 1090/4973/1090 1094/4974/1094
f 1097/4975/1097 1090/4976/1090 1093/4977/1093
f 1095/4978/1095 1098/4979/1098 1089/4980/1089
f 1098/4981/1098 1096/4982/1096 1092/4983/1092
f 1102/4984/1102 1098/4985/1098 1092/4986/1092
f 1089/4987/1089 1098/4988/1098 1090/4989/1090
f 1092/4990/1092 1096/4991/1096 1093/4992/1093
f 1091/4993/1091 1097/4994/1097 1095/4995/1095
f 1096/4996/1096 1095/4997/1095 1097/4998/1097
f 1099/4999/1099 1102/5000/1102 1100/5001/1100
f 1094/5002/1094 1100/5003/1100 1102/5004/1102
f 1090/5005/1090 1098/5006/1098 1099/5007/1099
f 1090/5008/1090 1101/5009/1101 1100/5010/1100
f 1102/5011/1102 1099/5012/1099 1098/5013/1098
f 1103/5014/1103 1104/5015/1104 1105/5016/1105
f 1106/5017/1106 1107/5018/1107 1108/5019/1108
f 1105/5020/1105 1109/5021/1109 1103/5022/1103
f 1110/5023/1110 1111/5024/1111 1107/5025/1107
f 1110/5026/1110 1112/5027/1112 1109/5028/1109
f 1113/5029/1113 1114/5030/1114 1115/5031/1115
f 1108/5032/1108 1116/5033/1116 1106/5034/1106
f 1104/5035/1104 1113/5036/1113 1115/5037/1115
f 1104/5038/1104 1114/5039/1114 1108/5040/1108
f 1104/5041/1104 1111/5042/1111 1105/5043/1105
f 1107/5044/1107 1104/5045/1104 1108/5046/1108
f 1111/5047/1111 1104/5048/1104 1107/5049/1107
f 1109/5050/1109 1112/5051/1112 1103/5052/1103
f 1112/5053/1112 1110/5054/1110 1106/5055/1106
f 1116/5056/1116 1112/5057/1112 1106/5058/1106
f 1103/5059/1103 1112/5060/1112 1104/5061/1104
f 1106/5062/1106 1110/5063/1110 1107/5064/1107
f 1105/5065/1105 1111/5066/1111 1109/5067/1109
f 1110/5068/1110 1109/5069/1109 1111/5070/1111
f 1113/5071/1113 1116/5072/1116 1114/5073/1114
f 1108/5074/1108 1114/5075/1114 1116/5076/1116
f 1104/5077/1104 1112/5078/1112 1113/5079/1113
f 1104/5080/1104 1115/5081/1115 1114/5082/1114
f 1116/5083/1116 1113/5084/1113 1112/5085/1112
f 1117/5086/1117 1118/5087/1118 1119/5088/1119
f 1120/5089/1120 1121/5090/1121 1122/5091/1122
f 1123/5092/1123 1124/5093/1124 1125/5094/1125
f 1126/5095/1126 1127/5096/1127 1128/5097/1128
f 1129/5098/1129 1118/5099/1118 1130/5100/1130
f 1131/5101/1131 1132/5102/1132 1121/5103/1121
f 1126/5104/1126 1133/5105/1133 1123/5106/1123
f 1120/5107/1120 1129/5108/1129 1130/5109/1130
f 1134/5110/1134 1135/5111/1135 1136/5112/1136
f 1137/5113/1137 1138/5114/1138 1139/5115/1139
f 1136/5116/1136 1131/5117/1131 1120/5118/1120
f 1134/5119/1134 1117/5120/1117 1140/5121/1140
f 1135/5122/1135 1117/5123/1117 1131/5124/1131
f 1134/5125/1134 1120/5126/1120 1130/5127/1130
f 1139/5128/1139 1123/5129/1123 1137/5130/1137
f 1138/5131/1138 1126/5132/1126 1139/5133/1139
f 1137/5134/1137 1125/5135/1125 1141/5136/1141
f 1138/5137/1138 1125/5138/1125 1142/5139/1142
f 1143/5140/1143 1144/5141/1144 1145/5142/1145
f 1146/5143/1146 1147/5144/1147 1148/5145/1148
f 1127/5146/1127 1144/5147/1144 1149/5148/1149
f 1125/5149/1125 1150/5150/1150 1145/5151/1145
f 1125/5152/1125 1144/5153/1144 1142/5154/1142
f 1117/5155/1117 1151/5156/1151 1132/5157/1132
f 1129/5158/1129 1152/5159/1152 1153/5160/1153
f 1143/5161/1143 1127/5162/1127 1149/5163/1149
f 1124/5164/1124 1146/5165/1146 1150/5166/1150
f 1154/5167/1154 1132/5168/1132 1151/5169/1151
f 1154/5170/1154 1119/5171/1119 1118/5172/1118
f 1155/5173/1155 1156/5174/1156 1152/5175/1152
f 1157/5176/1157 1148/5177/1148 1158/5178/1158
f 1159/5179/1159 1160/5180/1160 1146/5181/1146
f 1161/5182/1161 1162/5183/1162 1163/5184/1163
f 1164/5185/1164 1165/5186/1165 1166/5187/1166
f 1167/5188/1167 1165/5189/1165 1168/5190/1168
f 1169/5191/1169 1164/5192/1164 1162/5193/1162
f 1170/5194/1170 1171/5195/1171 1172/5196/1172
f 1158/5197/1158 1173/5198/1173 1174/5199/1174
f 1174/5200/1174 1175/5201/1175 1170/5202/1170
f 1171/5203/1171 1176/5204/1176 1172/5205/1172
f 1177/5206/1177 1178/5207/1178 1176/5208/1176
f 1179/5209/1179 1180/5210/1180 1165/5211/1165
f 1169/5212/1169 1168/5213/1168 1180/5214/1180
f 1163/5215/1163 1181/5216/1181 1167/5217/1167
f 1167/5218/1167 1164/5219/1164 1166/5220/1166
f 1157/5221/1157 1182/5222/1182 1178/5223/1178
f 1178/5224/1178 1182/5225/1182 1176/5226/1176
f 1170/5227/1170 1182/5228/1182 1174/5229/1174
f 1174/5230/1174 1182/5231/1182 1158/5232/1158
f 1176/5233/1176 1182/5234/1182 1172/5235/1172
f 1172/5236/1172 1182/5237/1182 1170/5238/1170
f 1148/5239/1148 1147/5240/1147 1173/5241/1173
f 1173/5242/1173 1147/5243/1147 1175/5244/1175
f 1177/5245/1177 1147/5246/1147 1160/5247/1160
f 1175/5248/1175 1147/5249/1147 1171/5250/1171
f 1171/5251/1171 1147/5252/1147 1177/5253/1177
f 1117/5254/1117 1130/5255/1130 1118/5256/1118
f 1120/5257/1120 1131/5258/1131 1121/5259/1121
f 1123/5260/1123 1133/5261/1133 1124/5262/1124
f 1126/5263/1126 1142/5264/1142 1127/5265/1127
f 1129/5266/1129 1153/5267/1153 1118/5268/1118
f 1131/5269/1131 1117/5270/1117 1132/5271/1132
f 1126/5272/1126 1128/5273/1128 1133/5274/1133
f 1120/5275/1120 1122/5276/1122 1129/5277/1129
f 1134/5278/1134 1140/5279/1140 1135/5280/1135
f 1137/5281/1137 1141/5282/1141 1138/5283/1138
f 1136/5284/1136 1135/5285/1135 1131/5286/1131
f 1134/5287/1134 1130/5288/1130 1117/5289/1117
f 1135/5290/1135 1140/5291/1140 1117/5292/1117
f 1134/5293/1134 1136/5294/1136 1120/5295/1120
f 1139/5296/1139 1126/5297/1126 1123/5298/1123
f 1138/5299/1138 1142/5300/1142 1126/5301/1126
f 1137/5302/1137 1123/5303/1123 1125/5304/1125
f 1138/5305/1138 1141/5306/1141 1125/5307/1125
f 1145/5308/1145 1150/5309/1150 1146/5310/1146
f 1143/5311/1143 1149/5312/1149 1144/5313/1144
f 1145/5314/1145 1146/5315/1146 1143/5316/1143
f 1148/5317/1148 1143/5318/1143 1146/5319/1146
f 1146/5320/1146 1160/5321/1160 1147/5322/1147
f 1127/5323/1127 1142/5324/1142 1144/5325/1144
f 1125/5326/1125 1124/5327/1124 1150/5328/1150
f 1125/5329/1125 1145/5330/1145 1144/5331/1144
f 1117/5332/1117 1119/5333/1119 1151/5334/1151
f 1129/5335/1129 1155/5336/1155 1152/5337/1152
f 1143/5338/1143 1157/5339/1157 1127/5340/1127
f 1124/5341/1124 1159/5342/1159 1146/5343/1146
f 1154/5344/1154 1161/5345/1161 1132/5346/1132
f 1118/5347/1118 1153/5348/1153 1152/5349/1152
f 1154/5350/1154 1151/5351/1151 1119/5352/1119
f 1118/5353/1118 1152/5354/1152 1154/5355/1154
f 1155/5356/1155 1168/5357/1168 1156/5358/1156
f 1157/5359/1157 1143/5360/1143 1148/5361/1148
f 1159/5362/1159 1178/5363/1178 1160/5364/1160
f 1161/5365/1161 1154/5366/1154 1162/5367/1162
f 1164/5368/1164 1179/5369/1179 1165/5370/1165
f 1168/5371/1168 1155/5372/1155 1161/5373/1161
f 1161/5374/1161 1163/5375/1163 1167/5376/1167
f 1167/5377/1167 1166/5378/1166 1165/5379/1165
f 1165/5380/1165 1180/5381/1180 1168/5382/1168
f 1168/5383/1168 1161/5384/1161 1167/5385/1167
f 1162/5386/1162 1154/5387/1154 1152/5388/1152
f 1152/5389/1152 1156/5390/1156 1169/5391/1169
f 1169/5392/1169 1179/5393/1179 1164/5394/1164
f 1164/5395/1164 1181/5396/1181 1162/5397/1162
f 1162/5398/1162 1152/5399/1152 1169/5400/1169
f 1170/5401/1170 1175/5402/1175 1171/5403/1171
f 1158/5404/1158 1148/5405/1148 1173/5406/1173
f 1174/5407/1174 1173/5408/1173 1175/5409/1175
f 1171/5410/1171 1177/5411/1177 1176/5412/1176
f 1177/5413/1177 1160/5414/1160 1178/5415/1178
f 1179/5416/1179 1169/5417/1169 1180/5418/1180
f 1169/5419/1169 1156/5420/1156 1168/5421/1168
f 1163/5422/1163 1162/5423/1162 1181/5424/1181
f 1167/5425/1167 1181/5426/1181 1164/5427/1164
f 1178/5428/1178 1159/5429/1159 1157/5430/1157
f 1157/5431/1157 1158/5432/1158 1182/5433/1182
usemtl alumArm
f 1183/5434/1183 1184/5435/1184 1185/5436/1185
f 1184/5437/1184 1186/5438/1186 1187/5439/1187
f 1186/5440/1186 1188/5441/1188 1187/5442/1187
f 1189/5443/1189 1190/5444/1190 1188/5445/1188
f 1191/5446/1191 1192/5447/1192 1190/5448/1190
f 1193/5449/1193 1194/5450/1194 1192/5451/1192
f 1195/5452/1195 1196/5453/1196 1194/5454/1194
f 1197/5455/1197 1198/5456/1198 1196/5457/1196
f 1199/5458/1199 1200/5459/1200 1198/5460/1198
f 1201/5461/1201 1202/5462/1202 1200/5463/1200
f 1203/5464/1203 1204/5465/1204 1202/5466/1202
f 1205/5467/1205 1206/5468/1206 1204/5469/1204
f 1207/5470/1207 1208/5471/1208 1206/5472/1206
f 1209/5473/1209 1210/5474/1210 1208/5475/1208
f 1211/5476/1211 1212/5477/1212 1210/5478/1210
f 1213/5479/1213 1185/5480/1185 1212/5481/1212
f 308/5482/308 1214/5483/1214 1215/5484/1215
f 325/5485/325 1216/5486/1216 1217/5487/1217
f 312/5488/312 1214/5489/1214 310/5490/310
f 314/5491/314 1218/5492/1218 312/5493/312
f 316/5494/316 1219/5495/1219 314/5496/314
f 316/5497/316 1220/5498/1220 1221/5499/1221
f 1222/5500/1222 1216/5501/1216 1223/5502/1223
f 1224/5503/1224 1222/5504/1222 1225/5505/1225
f 1226/5506/1226 1225/5507/1225 1227/5508/1227
f 1228/5509/1228 1226/5510/1226 1227/5511/1227
f 1229/5512/1229 1220/5513/1220 1228/5514/1228
f 1219/5515/1219 1229/5516/1229 1230/5517/1230
f 1218/5518/1218 1230/5519/1230 1231/5520/1231
f 1214/5521/1214 1231/5522/1231 1232/5523/1232
f 1215/5524/1215 1232/5525/1232 1233/5526/1233
f 1234/5527/1234 1233/5528/1233 1235/5529/1235
f 1236/5530/1236 1235/5531/1235 1237/5532/1237
f 1223/5533/1223 1236/5534/1236 1237/5535/1237
f 325/5536/325 1224/5537/1224 321/5538/321
f 308/5539/308 1234/5540/1234 306/5541/306
f 321/5542/321 1226/5543/1226 319/5544/319
f 303/5545/303 1234/5546/1234 1236/5547/1236
f 318/5548/318 1226/5549/1226 1220/5550/1220
f 304/5551/304 1236/5552/1236 1216/5553/1216
f 1238/5554/1238 1239/5555/1239 1240/5556/1240
f 1241/5557/1241 369/5558/369 1242/5559/1242
f 1243/5560/1243 1244/5561/1244 1245/5562/1245
f 1246/5563/1246 1247/5564/1247 1248/5565/1248
f 1249/5566/1249 1250/5567/1250 1251/5568/1251
f 1252/5569/1252 1253/5570/1253 1254/5571/1254
f 1240/5572/1240 1255/5573/1255 1256/5574/1256
f 1257/5575/1257 1258/5576/1258 1241/5577/1241
f 1259/5578/1259 1245/5579/1245 362/5580/362
f 1260/5581/1260 1261/5582/1261 1247/5583/1247
f 1249/5584/1249 1262/5585/1262 1263/5586/1263
f 1264/5587/1264 1265/5588/1265 1252/5589/1252
f 1266/5590/1266 1255/5591/1255 1244/5592/1244
f 1257/5593/1257 1267/5594/1267 1268/5595/1268
f 1269/5596/1269 362/5597/362 361/5598/361
f 1254/5599/1254 1261/5600/1261 1270/5601/1270
f 1263/5602/1263 1271/5603/1271 1238/5604/1238
f 1242/5605/1242 365/5606/365 1264/5607/1264
f 1272/5608/1272 1248/5609/1248 1267/5610/1267
f 1273/5611/1273 361/5612/361 1250/5613/1250
f 1244/5614/1244 1274/5615/1274 1245/5616/1245
f 367/5617/367 1275/5618/1275 950/5619/950
f 363/5620/363 1276/5621/1276 949/5622/949
f 1277/5623/1277 1251/5624/1251 1250/5625/1250
f 1278/5626/1278 1262/5627/1262 1251/5628/1251
f 1279/5629/1279 1271/5630/1271 1262/5631/1262
f 1280/5632/1280 1239/5633/1239 1271/5634/1271
f 1239/5635/1239 1281/5636/1281 1255/5637/1255
f 1255/5638/1255 1282/5639/1282 1244/5640/1244
f 366/5641/366 1283/5642/1283 1284/5643/1284
f 1284/5644/1284 1253/5645/1253 1285/5646/1285
f 1247/5647/1247 1284/5648/1284 1286/5649/1286
f 1248/5650/1248 1286/5651/1286 1283/5652/1283
f 1267/5653/1267 1283/5654/1283 1287/5655/1287
f 1268/5656/1268 1287/5657/1287 1288/5658/1288
f 1258/5659/1258 1288/5660/1288 1289/5661/1289
f 1265/5662/1265 1275/5663/1275 1290/5664/1290
f 1253/5665/1253 1290/5666/1290 1285/5667/1285
f 1291/5668/1291 1282/5669/1282 1292/5670/1292
f 1291/5671/1291 360/5672/360 1274/5673/1274
f 1293/5674/1293 363/5675/363 360/5676/360
f 1294/5677/1294 363/5678/363 1295/5679/1295
f 1296/5680/1296 1277/5681/1277 1294/5682/1294
f 1297/5683/1297 1278/5684/1278 1296/5685/1296
f 1298/5686/1298 1279/5687/1279 1297/5688/1297
f 1298/5689/1298 1299/5690/1299 1280/5691/1280
f 1300/5692/1300 1281/5693/1281 1299/5694/1299
f 1292/5695/1292 1281/5696/1281 1301/5697/1301
f 365/5698/365 1302/5699/1302 1265/5700/1265
f 1250/5701/1250 1276/5702/1276 1277/5703/1277
f 1289/5704/1289 1303/5705/1303 1258/5706/1258
f 360/5707/360 1304/5708/1304 1274/5709/1274
f 362/5710/362 1305/5711/1305 952/5712/952
f 369/5713/369 1303/5714/1303 951/5715/951
f 361/5716/361 1306/5717/1306 1250/5718/1250
f 1274/5719/1274 1305/5720/1305 1245/5721/1245
f 366/5722/366 1307/5723/1307 1289/5724/1289
f 1308/5725/1308 1309/5726/1309 1310/5727/1310
f 1311/5728/1311 1312/5729/1312 1313/5730/1313
f 1314/5731/1314 1315/5732/1315 1316/5733/1316
f 1317/5734/1317 1318/5735/1318 1319/5736/1319
f 407/5737/407 412/5738/412 1320/5739/1320
f 1321/5740/1321 1322/5741/1322 1323/5742/1323
f 1324/5743/1324 1325/5744/1325 1326/5745/1326
f 1327/5746/1327 1328/5747/1328 1329/5748/1329
f 1330/5749/1330 1331/5750/1331 1332/5751/1332
f 1312/5752/1312 1330/5753/1330 1313/5754/1313
f 1308/5755/1308 1331/5756/1331 1320/5757/1320
f 1315/5758/1315 1327/5759/1327 1316/5760/1316
f 1311/5761/1311 1328/5762/1328 1333/5763/1333
f 1318/5764/1318 1321/5765/1321 1319/5766/1319
f 1314/5767/1314 1322/5768/1322 1334/5769/1334
f 1309/5770/1309 1324/5771/1324 1310/5772/1310
f 1317/5773/1317 1325/5774/1325 1335/5775/1335
f 1312/5776/1312 401/5777/401 1336/5778/1336
f 401/5779/401 405/5780/405 1336/5781/1336
f 1336/5782/1336 407/5783/407 1331/5784/1331
f 1315/5785/1315 404/5786/404 409/5787/409
f 392/5788/392 402/5789/402 1334/5790/1334
f 1315/5791/1315 402/5792/402 404/5793/404
f 417/5794/417 393/5795/393 1309/5796/1309
f 402/5797/402 1315/5798/1315 1334/5799/1334
f 412/5800/412 1309/5801/1309 1320/5802/1320
f 1337/5803/1337 409/5804/409 410/5805/410
f 401/5806/401 1312/5807/1312 399/5808/399
f 1325/5809/1325 1338/5810/1338 395/5811/395
f 1328/5812/1328 399/5813/399 1333/5814/1333
f 395/5815/395 1335/5816/1335 1325/5817/1325
f 396/5818/396 1335/5819/1335 395/5820/395
f 1328/5821/1328 410/5822/410 399/5823/399
f 398/5824/398 1318/5825/1318 396/5826/396
f 1328/5827/1328 1337/5828/1337 410/5829/410
f 393/5830/393 1338/5831/1338 1309/5832/1309
f 1338/5833/1338 393/5834/393 395/5835/395
f 1337/5836/1337 1315/5837/1315 409/5838/409
f 390/5839/390 1339/5840/1339 398/5841/398
f 1339/5842/1339 1318/5843/1318 398/5844/398
f 392/5845/392 1339/5846/1339 390/5847/390
f 405/5848/405 407/5849/407 1336/5850/1336
f 1312/5851/1312 1333/5852/1333 399/5853/399
f 392/5854/392 1334/5855/1334 1322/5856/1322
f 1318/5857/1318 1335/5858/1335 396/5859/396
f 407/5860/407 1320/5861/1320 1331/5862/1331
f 1339/5863/1339 392/5864/392 1322/5865/1322
f 1309/5866/1309 412/5867/412 417/5868/417
f 1340/5869/1340 1341/5870/1341 1342/5871/1342
f 1343/5872/1343 1344/5873/1344 1341/5874/1341
f 1345/5875/1345 1346/5876/1346 1344/5877/1344
f 1347/5878/1347 1348/5879/1348 1346/5880/1346
f 1349/5881/1349 1350/5882/1350 1348/5883/1348
f 1351/5884/1351 1352/5885/1352 1350/5886/1350
f 1353/5887/1353 1354/5888/1354 1352/5889/1352
f 1355/5890/1355 1356/5891/1356 1354/5892/1354
f 1357/5893/1357 1358/5894/1358 1356/5895/1356
f 1359/5896/1359 1360/5897/1360 1358/5898/1358
f 1361/5899/1361 1362/5900/1362 1360/5901/1360
f 1363/5902/1363 1342/5903/1342 1362/5904/1362
f 1346/5905/1346 1354/5906/1354 1362/5907/1362
f 1364/5908/1364 1365/5909/1365 1366/5910/1366
f 1367/5911/1367 1368/5912/1368 1365/5913/1365
f 1369/5914/1369 1370/5915/1370 1368/5916/1368
f 1371/5917/1371 1372/5918/1372 1370/5919/1370
f 1373/5920/1373 1374/5921/1374 1372/5922/1372
f 1375/5923/1375 1376/5924/1376 1374/5925/1374
f 1377/5926/1377 1378/5927/1378 1376/5928/1376
f 1379/5929/1379 1380/5930/1380 1378/5931/1378
f 1381/5932/1381 1382/5933/1382 1380/5934/1380
f 1383/5935/1383 1384/5936/1384 1382/5937/1382
f 1385/5938/1385 1386/5939/1386 1384/5940/1384
f 1387/5941/1387 1366/5942/1366 1386/5943/1386
f 1370/5944/1370 1378/5945/1378 1386/5946/1386
f 1388/5947/1388 1389/5948/1389 1390/5949/1390
f 1391/5950/1391 1392/5951/1392 1393/5952/1393
f 1394/5953/1394 1395/5954/1395 1396/5955/1396
f 1397/5956/1397 1393/5957/1393 1398/5958/1398
f 1399/5959/1399 1400/5960/1400 1401/5961/1401
f 1393/5962/1393 1402/5963/1402 1398/5964/1398
f 1403/5965/1403 1399/5966/1399 1402/5967/1402
f 1388/5968/1388 1404/5969/1404 1391/5970/1391
f 1405/5971/1405 1400/5972/1400 1404/5973/1404
f 1394/5974/1394 1406/5975/1406 1407/5976/1407
f 1408/5977/1408 1389/5978/1389 1406/5979/1406
f 1397/5980/1397 1409/5981/1409 1410/5982/1410
f 1411/5983/1411 1395/5984/1395 1409/5985/1409
f 1412/5986/1412 1413/5987/1413 1414/5988/1414
f 1415/5989/1415 1416/5990/1416 1412/5991/1412
f 1417/5992/1417 1418/5993/1418 1415/5994/1415
f 1419/5995/1419 1420/5996/1420 1417/5997/1417
f 1421/5998/1421 1422/5999/1422 1419/6000/1419
f 1423/6001/1423 1424/6002/1424 1421/6003/1421
f 1425/6004/1425 1426/6005/1426 1423/6006/1423
f 1427/6007/1427 1428/6008/1428 1425/6009/1425
f 1429/6010/1429 1430/6011/1430 1427/6012/1427
f 1431/6013/1431 1432/6014/1432 1429/6015/1429
f 1433/6016/1433 1434/6017/1434 1431/6018/1431
f 1414/6019/1414 1435/6020/1435 1433/6021/1433
f 1417/6022/1417 1412/6023/1412 1429/6024/1429
f 1436/6025/1436 1437/6026/1437 1438/6027/1438
f 1439/6028/1439 1440/6029/1440 1436/6030/1436
f 1441/6031/1441 1442/6032/1442 1439/6033/1439
f 1443/6034/1443 1444/6035/1444 1441/6036/1441
f 1445/6037/1445 1446/6038/1446 1443/6039/1443
f 1447/6040/1447 1448/6041/1448 1445/6042/1445
f 1449/6043/1449 1450/6044/1450 1447/6045/1447
f 1451/6046/1451 1452/6047/1452 1449/6048/1449
f 1453/6049/1453 1454/6050/1454 1451/6051/1451
f 1455/6052/1455 1456/6053/1456 1453/6054/1453
f 1457/6055/1457 1458/6056/1458 1455/6057/1455
f 1438/6058/1438 1459/6059/1459 1457/6060/1457
f 1441/6061/1441 1436/6062/1436 1453/6063/1453
f 1460/6064/1460 1461/6065/1461 1462/6066/1462
f 1463/6067/1463 1464/6068/1464 1465/6069/1465
f 1466/6070/1466 1467/6071/1467 1468/6072/1468
f 1464/6073/1464 1469/6074/1469 1470/6075/1470
f 1471/6076/1471 1472/6077/1472 1473/6078/1473
f 1474/6079/1474 1464/6080/1464 1470/6081/1470
f 1472/6082/1472 1475/6083/1475 1474/6084/1474
f 1476/6085/1476 1461/6086/1461 1463/6087/1463
f 1471/6088/1471 1477/6089/1477 1476/6090/1476
f 1478/6091/1478 1467/6092/1467 1479/6093/1479
f 1460/6094/1460 1480/6095/1480 1478/6096/1478
f 1481/6097/1481 1469/6098/1469 1482/6099/1482
f 1466/6100/1466 1483/6101/1483 1481/6102/1481
f 1340/6103/1340 1343/6104/1343 1341/6105/1341
f 1343/6106/1343 1345/6107/1345 1344/6108/1344
f 1345/6109/1345 1347/6110/1347 1346/6111/1346
f 1347/6112/1347 1349/6113/1349 1348/6114/1348
f 1349/6115/1349 1351/6116/1351 1350/6117/1350
f 1351/6118/1351 1353/6119/1353 1352/6120/1352
f 1353/6121/1353 1355/6122/1355 1354/6123/1354
f 1355/6124/1355 1357/6125/1357 1356/6126/1356
f 1357/6127/1357 1359/6128/1359 1358/6129/1358
f 1359/6130/1359 1361/6131/1361 1360/6132/1360
f 1361/6133/1361 1363/6134/1363 1362/6135/1362
f 1363/6136/1363 1340/6137/1340 1342/6138/1342
f 1362/6139/1362 1342/6140/1342 1341/6141/1341
f 1341/6142/1341 1344/6143/1344 1346/6144/1346
f 1346/6145/1346 1348/6146/1348 1350/6147/1350
f 1350/6148/1350 1352/6149/1352 1354/6150/1354
f 1354/6151/1354 1356/6152/1356 1358/6153/1358
f 1358/6154/1358 1360/6155/1360 1354/6156/1354
f 1360/6157/1360 1362/6158/1362 1354/6159/1354
f 1362/6160/1362 1341/6161/1341 1346/6162/1346
f 1346/6163/1346 1350/6164/1350 1354/6165/1354
f 1364/6166/1364 1367/6167/1367 1365/6168/1365
f 1367/6169/1367 1369/6170/1369 1368/6171/1368
f 1369/6172/1369 1371/6173/1371 1370/6174/1370
f 1371/6175/1371 1373/6176/1373 1372/6177/1372
f 1373/6178/1373 1375/6179/1375 1374/6180/1374
f 1375/6181/1375 1377/6182/1377 1376/6183/1376
f 1377/6184/1377 1379/6185/1379 1378/6186/1378
f 1379/6187/1379 1381/6188/1381 1380/6189/1380
f 1381/6190/1381 1383/6191/1383 1382/6192/1382
f 1383/6193/1383 1385/6194/1385 1384/6195/1384
f 1385/6196/1385 1387/6197/1387 1386/6198/1386
f 1387/6199/1387 1364/6200/1364 1366/6201/1366
f 1386/6202/1386 1366/6203/1366 1365/6204/1365
f 1365/6205/1365 1368/6206/1368 1370/6207/1370
f 1370/6208/1370 1372/6209/1372 1374/6210/1374
f 1374/6211/1374 1376/6212/1376 1378/6213/1378
f 1378/6214/1378 1380/6215/1380 1382/6216/1382
f 1382/6217/1382 1384/6218/1384 1378/6219/1378
f 1384/6220/1384 1386/6221/1386 1378/6222/1378
f 1386/6223/1386 1365/6224/1365 1370/6225/1370
f 1370/6226/1370 1374/6227/1374 1378/6228/1378
f 1388/6229/1388 1391/6230/1391 1389/6231/1389
f 1389/6232/1389 1391/6233/1391 1393/6234/1393
f 1391/6235/1391 1404/6236/1404 1400/6237/1400
f 1392/6238/1392 1391/6239/1391 1400/6240/1400
f 1392/6241/1392 1403/6242/1403 1393/6243/1393
f 1393/6244/1393 1410/6245/1410 1389/6246/1389
f 1410/6247/1410 1409/6248/1409 1395/6249/1395
f 1389/6250/1389 1410/6251/1410 1407/6252/1407
f 1395/6253/1395 1407/6254/1407 1410/6255/1410
f 1407/6256/1407 1406/6257/1406 1389/6258/1389
f 1394/6259/1394 1407/6260/1407 1395/6261/1395
f 1397/6262/1397 1410/6263/1410 1393/6264/1393
f 1399/6265/1399 1392/6266/1392 1400/6267/1400
f 1393/6268/1393 1403/6269/1403 1402/6270/1402
f 1403/6271/1403 1392/6272/1392 1399/6273/1399
f 1388/6274/1388 1405/6275/1405 1404/6276/1404
f 1405/6277/1405 1401/6278/1401 1400/6279/1400
f 1394/6280/1394 1408/6281/1408 1406/6282/1406
f 1408/6283/1408 1390/6284/1390 1389/6285/1389
f 1397/6286/1397 1411/6287/1411 1409/6288/1409
f 1411/6289/1411 1396/6290/1396 1395/6291/1395
f 1412/6292/1412 1416/6293/1416 1413/6294/1413
f 1415/6295/1415 1418/6296/1418 1416/6297/1416
f 1417/6298/1417 1420/6299/1420 1418/6300/1418
f 1419/6301/1419 1422/6302/1422 1420/6303/1420
f 1421/6304/1421 1424/6305/1424 1422/6306/1422
f 1423/6307/1423 1426/6308/1426 1424/6309/1424
f 1425/6310/1425 1428/6311/1428 1426/6312/1426
f 1427/6313/1427 1430/6314/1430 1428/6315/1428
f 1429/6316/1429 1432/6317/1432 1430/6318/1430
f 1431/6319/1431 1434/6320/1434 1432/6321/1432
f 1433/6322/1433 1435/6323/1435 1434/6324/1434
f 1414/6325/1414 1413/6326/1413 1435/6327/1435
f 1412/6328/1412 1414/6329/1414 1433/6330/1433
f 1433/6331/1433 1431/6332/1431 1412/6333/1412
f 1431/6334/1431 1429/6335/1429 1412/6336/1412
f 1429/6337/1429 1427/6338/1427 1421/6339/1421
f 1427/6340/1427 1425/6341/1425 1421/6342/1421
f 1425/6343/1425 1423/6344/1423 1421/6345/1421
f 1421/6346/1421 1419/6347/1419 1417/6348/1417
f 1417/6349/1417 1415/6350/1415 1412/6351/1412
f 1421/6352/1421 1417/6353/1417 1429/6354/1429
f 1436/6355/1436 1440/6356/1440 1437/6357/1437
f 1439/6358/1439 1442/6359/1442 1440/6360/1440
f 1441/6361/1441 1444/6362/1444 1442/6363/1442
f 1443/6364/1443 1446/6365/1446 1444/6366/1444
f 1445/6367/1445 1448/6368/1448 1446/6369/1446
f 1447/6370/1447 1450/6371/1450 1448/6372/1448
f 1449/6373/1449 1452/6374/1452 1450/6375/1450
f 1451/6376/1451 1454/6377/1454 1452/6378/1452
f 1453/6379/1453 1456/6380/1456 1454/6381/1454
f 1455/6382/1455 1458/6383/1458 1456/6384/1456
f 1457/6385/1457 1459/6386/1459 1458/6387/1458
f 1438/6388/1438 1437/6389/1437 1459/6390/1459
f 1436/6391/1436 1438/6392/1438 1457/6393/1457
f 1457/6394/1457 1455/6395/1455 1436/6396/1436
f 1455/6397/1455 1453/6398/1453 1436/6399/1436
f 1453/6400/1453 1451/6401/1451 1445/6402/1445
f 1451/6403/1451 1449/6404/1449 1445/6405/1445
f 1449/6406/1449 1447/6407/1447 1445/6408/1445
f 1445/6409/1445 1443/6410/1443 1441/6411/1441
f 1441/6412/1441 1439/6413/1439 1436/6414/1436
f 1445/6415/1445 1441/6416/1441 1453/6417/1453
f 1460/6418/1460 1463/6419/1463 1461/6420/1461
f 1476/6421/1476 1463/6422/1463 1471/6423/1471
f 1463/6424/1463 1460/6425/1460 1464/6426/1464
f 1460/6427/1460 1478/6428/1478 1479/6429/1479
f 1479/6430/1479 1466/6431/1466 1482/6432/1482
f 1466/6433/1466 1481/6434/1481 1482/6435/1482
f 1482/6436/1482 1464/6437/1464 1460/6438/1460
f 1479/6439/1479 1482/6440/1482 1460/6441/1460
f 1464/6442/1464 1475/6443/1475 1465/6444/1465
f 1465/6445/1465 1471/6446/1471 1463/6447/1463
f 1466/6448/1466 1479/6449/1479 1467/6450/1467
f 1464/6451/1464 1482/6452/1482 1469/6453/1469
f 1471/6454/1471 1465/6455/1465 1472/6456/1472
f 1474/6457/1474 1475/6458/1475 1464/6459/1464
f 1472/6460/1472 1465/6461/1465 1475/6462/1475
f 1476/6463/1476 1477/6464/1477 1461/6465/1461
f 1471/6466/1471 1473/6467/1473 1477/6468/1477
f 1478/6469/1478 1480/6470/1480 1467/6471/1467
f 1460/6472/1460 1462/6473/1462 1480/6474/1480
f 1481/6475/1481 1483/6476/1483 1469/6477/1469
f 1466/6478/1466 1468/6479/1468 1483/6480/1483
f 1484/6481/1484 1485/6482/1485 1486/6483/1486
f 1487/6484/1487 1488/6485/1488 1489/6486/1489
f 1490/6487/1490 1491/6488/1491 1492/6489/1492
f 1493/6490/1493 1494/6491/1494 1495/6492/1495
f 1496/6493/1496 1497/6494/1497 1498/6495/1498
f 1499/6496/1499 1500/6497/1500 1501/6498/1501
f 1502/6499/1502 1503/6500/1503 1504/6501/1504
f 1505/6502/1505 1506/6503/1506 1507/6504/1507
f 1508/6505/1508 1509/6506/1509 1510/6507/1510
f 1511/6508/1511 1512/6509/1512 1513/6510/1513
f 1514/6511/1514 1515/6512/1515 1516/6513/1516
f 1517/6514/1517 1518/6515/1518 1519/6516/1519
f 1520/6517/1520 1521/6518/1521 1522/6519/1522
f 1523/6520/1523 1524/6521/1524 1525/6522/1525
f 1526/6523/1526 1527/6524/1527 1528/6525/1528
f 1529/6526/1529 1530/6527/1530 1531/6528/1531
f 1532/6529/1532 1526/6530/1526 1485/6531/1485
f 1533/6532/1533 1528/6533/1528 1527/6534/1527
f 1534/6535/1534 1525/6536/1525 1524/6537/1524
f 1522/6538/1522 1489/6539/1489 1488/6540/1488
f 1535/6541/1535 1492/6542/1492 1491/6543/1491
f 1536/6544/1536 1495/6545/1495 1494/6546/1494
f 1501/6547/1501 1497/6548/1497 1499/6549/1499
f 1507/6550/1507 1537/6551/1537 1505/6552/1505
f 1510/6553/1510 1538/6554/1538 1508/6555/1508
f 1513/6556/1513 1539/6557/1539 1511/6558/1511
f 1516/6559/1516 1520/6560/1520 1514/6561/1514
f 1519/6562/1519 1540/6563/1540 1517/6564/1517
f 1486/6565/1486 1541/6566/1541 1484/6567/1484
f 1496/6568/1496 1507/6569/1507 1519/6570/1519
f 1542/6571/1542 1543/6572/1543 1544/6573/1544
f 1543/6574/1543 1545/6575/1545 1546/6576/1546
f 1542/6577/1542 1547/6578/1547 1548/6579/1548
f 1544/6580/1544 1546/6581/1546 1549/6582/1549
f 1549/6583/1549 1550/6584/1550 1551/6585/1551
f 1552/6586/1552 1547/6587/1547 1553/6588/1553
f 1551/6589/1551 1545/6590/1545 1552/6591/1552
f 753/6592/753 1554/6593/1554 712/6594/712
f 1554/6595/1554 1555/6596/1555 712/6597/712
f 1556/6598/1556 1557/6599/1557 719/6600/719
f 975/6601/975 1556/6602/1556 719/6603/719
f 973/6604/973 1558/6605/1558 975/6606/975
f 717/6607/717 1559/6608/1559 753/6609/753
f 719/6610/719 1560/6611/1560 717/6612/717
f 717/6613/717 1561/6614/1561 1562/6615/1562
f 1557/6616/1557 1561/6617/1561 1560/6618/1560
f 1563/6619/1563 1564/6620/1564 1565/6621/1565
f 1555/6622/1555 1566/6623/1566 1567/6624/1567
f 712/6625/712 1567/6626/1567 973/6627/973
f 973/6628/973 1566/6629/1566 1568/6630/1568
f 1569/6631/1569 1565/6632/1565 1570/6633/1570
f 1571/6634/1571 1572/6635/1572 1564/6636/1564
f 1573/6637/1573 1570/6638/1570 1572/6639/1572
f 1563/6640/1563 1573/6641/1573 1571/6642/1571
f 1183/6643/1183 1574/6644/1574 1184/6645/1184
f 1184/6646/1184 1574/6647/1574 1186/6648/1186
f 1186/6649/1186 1189/6650/1189 1188/6651/1188
f 1189/6652/1189 1191/6653/1191 1190/6654/1190
f 1191/6655/1191 1193/6656/1193 1192/6657/1192
f 1193/6658/1193 1195/6659/1195 1194/6660/1194
f 1195/6661/1195 1197/6662/1197 1196/6663/1196
f 1197/6664/1197 1199/6665/1199 1198/6666/1198
f 1199/6667/1199 1201/6668/1201 1200/6669/1200
f 1201/6670/1201 1203/6671/1203 1202/6672/1202
f 1203/6673/1203 1205/6674/1205 1204/6675/1204
f 1205/6676/1205 1207/6677/1207 1206/6678/1206
f 1207/6679/1207 1209/6680/1209 1208/6681/1208
f 1209/6682/1209 1211/6683/1211 1210/6684/1210
f 1211/6685/1211 1213/6686/1213 1212/6687/1212
f 1213/6688/1213 1183/6689/1183 1185/6690/1185
f 308/6691/308 310/6692/310 1214/6693/1214
f 325/6694/325 304/6695/304 1216/6696/1216
f 312/6697/312 1218/6698/1218 1214/6699/1214
f 314/6700/314 1219/6701/1219 1218/6702/1218
f 316/6703/316 1221/6704/1221 1219/6705/1219
f 316/6706/316 318/6707/318 1220/6708/1220
f 1222/6709/1222 1217/6710/1217 1216/6711/1216
f 1224/6712/1224 1217/6713/1217 1222/6714/1222
f 1226/6715/1226 1224/6716/1224 1225/6717/1225
f 1228/6718/1228 1220/6719/1220 1226/6720/1226
f 1229/6721/1229 1221/6722/1221 1220/6723/1220
f 1219/6724/1219 1221/6725/1221 1229/6726/1229
f 1218/6727/1218 1219/6728/1219 1230/6729/1230
f 1214/6730/1214 1218/6731/1218 1231/6732/1231
f 1215/6733/1215 1214/6734/1214 1232/6735/1232
f 1234/6736/1234 1215/6737/1215 1233/6738/1233
f 1236/6739/1236 1234/6740/1234 1235/6741/1235
f 1223/6742/1223 1216/6743/1216 1236/6744/1236
f 325/6745/325 1217/6746/1217 1224/6747/1224
f 308/6748/308 1215/6749/1215 1234/6750/1234
f 321/6751/321 1224/6752/1224 1226/6753/1226
f 303/6754/303 306/6755/306 1234/6756/1234
f 318/6757/318 319/6758/319 1226/6759/1226
f 304/6760/304 303/6761/303 1236/6762/1236
f 1238/6763/1238 1271/6764/1271 1239/6765/1239
f 1241/6766/1241 1258/6767/1258 369/6768/369
f 1243/6769/1243 1266/6770/1266 1244/6771/1244
f 1246/6772/1246 1260/6773/1260 1247/6774/1247
f 1249/6775/1249 1273/6776/1273 1250/6777/1250
f 1252/6778/1252 1265/6779/1265 1253/6780/1253
f 1240/6781/1240 1239/6782/1239 1255/6783/1255
f 1257/6784/1257 1268/6785/1268 1258/6786/1258
f 1259/6787/1259 1243/6788/1243 1245/6789/1245
f 1260/6790/1260 1270/6791/1270 1261/6792/1261
f 1249/6793/1249 1251/6794/1251 1262/6795/1262
f 1264/6796/1264 365/6797/365 1265/6798/1265
f 1266/6799/1266 1256/6800/1256 1255/6801/1255
f 1257/6802/1257 1272/6803/1272 1267/6804/1267
f 1269/6805/1269 1259/6806/1259 362/6807/362
f 1254/6808/1254 1253/6809/1253 1261/6810/1261
f 1263/6811/1263 1262/6812/1262 1271/6813/1271
f 1242/6814/1242 369/6815/369 365/6816/365
f 1272/6817/1272 1246/6818/1246 1248/6819/1248
f 1273/6820/1273 1269/6821/1269 361/6822/361
f 1244/6823/1244 1282/6824/1282 1274/6825/1274
f 367/6826/367 1290/6827/1290 1275/6828/1275
f 363/6829/363 1277/6830/1277 1276/6831/1276
f 1277/6832/1277 1278/6833/1278 1251/6834/1251
f 1278/6835/1278 1279/6836/1279 1262/6837/1262
f 1279/6838/1279 1280/6839/1280 1271/6840/1271
f 1280/6841/1280 1299/6842/1299 1239/6843/1239
f 1239/6844/1239 1299/6845/1299 1281/6846/1281
f 1255/6847/1255 1281/6848/1281 1282/6849/1282
f 1284/6850/1284 1285/6851/1285 1290/6852/1290
f 1290/6853/1290 367/6854/367 366/6855/366
f 366/6856/366 1289/6857/1289 1288/6858/1288
f 1288/6859/1288 1287/6860/1287 1283/6861/1283
f 1283/6862/1283 1286/6863/1286 1284/6864/1284
f 1284/6865/1284 1290/6866/1290 366/6867/366
f 366/6868/366 1288/6869/1288 1283/6870/1283
f 1284/6871/1284 1261/6872/1261 1253/6873/1253
f 1247/6874/1247 1261/6875/1261 1284/6876/1284
f 1248/6877/1248 1247/6878/1247 1286/6879/1286
f 1267/6880/1267 1248/6881/1248 1283/6882/1283
f 1268/6883/1268 1267/6884/1267 1287/6885/1287
f 1258/6886/1258 1268/6887/1268 1288/6888/1288
f 1265/6889/1265 1302/6890/1302 1275/6891/1275
f 1253/6892/1253 1265/6893/1265 1290/6894/1290
f 1291/6895/1291 1274/6896/1274 1282/6897/1282
f 1291/6898/1291 1293/6899/1293 360/6900/360
f 1293/6901/1293 1295/6902/1295 363/6903/363
f 1294/6904/1294 1277/6905/1277 363/6906/363
f 1296/6907/1296 1278/6908/1278 1277/6909/1277
f 1297/6910/1297 1279/6911/1279 1278/6912/1278
f 1298/6913/1298 1280/6914/1280 1279/6915/1279
f 1298/6916/1298 1300/6917/1300 1299/6918/1299
f 1300/6919/1300 1301/6920/1301 1281/6921/1281
f 1292/6922/1292 1282/6923/1282 1281/6924/1281
f 365/6925/365 368/6926/368 1302/6927/1302
f 1250/6928/1250 1306/6929/1306 1276/6930/1276
f 1289/6931/1289 1307/6932/1307 1303/6933/1303
f 360/6934/360 371/6935/371 1304/6936/1304
f 362/6937/362 1245/6938/1245 1305/6939/1305
f 369/6940/369 1258/6941/1258 1303/6942/1303
f 361/6943/361 364/6944/364 1306/6945/1306
f 1274/6946/1274 1304/6947/1304 1305/6948/1305
f 366/6949/366 370/6950/370 1307/6951/1307
f 1308/6952/1308 1320/6953/1320 1309/6954/1309
f 1311/6955/1311 1333/6956/1333 1312/6957/1312
f 1314/6958/1314 1334/6959/1334 1315/6960/1315
f 1317/6961/1317 1335/6962/1335 1318/6963/1318
f 1321/6964/1321 1339/6965/1339 1322/6966/1322
f 1324/6967/1324 1338/6968/1338 1325/6969/1325
f 1327/6970/1327 1337/6971/1337 1328/6972/1328
f 1330/6973/1330 1336/6974/1336 1331/6975/1331
f 1312/6976/1312 1336/6977/1336 1330/6978/1330
f 1308/6979/1308 1332/6980/1332 1331/6981/1331
f 1315/6982/1315 1337/6983/1337 1327/6984/1327
f 1311/6985/1311 1329/6986/1329 1328/6987/1328
f 1318/6988/1318 1339/6989/1339 1321/6990/1321
f 1314/6991/1314 1323/6992/1323 1322/6993/1322
f 1309/6994/1309 1338/6995/1338 1324/6996/1324
f 1317/6997/1317 1326/6998/1326 1325/6999/1325
f 1484/7000/1484 1532/7001/1532 1485/7002/1485
f 1487/7003/1487 1534/7004/1534 1488/7005/1488
f 1490/7006/1490 1522/7007/1522 1491/7008/1491
f 1493/7009/1493 1535/7010/1535 1494/7011/1494
f 1496/7012/1496 1536/7013/1536 1497/7014/1497
f 1499/7015/1499 1521/7016/1521 1500/7017/1500
f 1502/7018/1502 1537/7019/1537 1503/7020/1503
f 1505/7021/1505 1538/7022/1538 1506/7023/1506
f 1508/7024/1508 1539/7025/1539 1509/7026/1509
f 1511/7027/1511 1520/7028/1520 1512/7029/1512
f 1514/7030/1514 1540/7031/1540 1515/7032/1515
f 1517/7033/1517 1541/7034/1541 1518/7035/1518
f 1524/7036/1524 1533/7037/1533 1527/7038/1527
f 1527/7039/1527 1575/7040/1575 1532/7041/1532
f 1532/7042/1532 1484/7043/1484 1541/7044/1541
f 1541/7045/1541 1517/7046/1517 1540/7047/1540
f 1540/7048/1540 1514/7049/1514 1520/7050/1520
f 1520/7051/1520 1511/7052/1511 1539/7053/1539
f 1539/7054/1539 1508/7055/1508 1538/7056/1538
f 1538/7057/1538 1505/7058/1505 1537/7059/1537
f 1502/7060/1502 1576/7061/1576 1521/7062/1521
f 1538/7063/1538 1537/7064/1537 1502/7065/1502
f 1520/7066/1520 1539/7067/1539 1538/7068/1538
f 1541/7069/1541 1540/7070/1540 1520/7071/1520
f 1527/7072/1527 1532/7073/1532 1541/7074/1541
f 1534/7075/1534 1524/7076/1524 1527/7077/1527
f 1522/7078/1522 1488/7079/1488 1534/7080/1534
f 1535/7081/1535 1491/7082/1491 1522/7083/1522
f 1536/7084/1536 1494/7085/1494 1535/7086/1535
f 1499/7087/1499 1497/7088/1497 1536/7089/1536
f 1538/7090/1538 1502/7091/1502 1521/7092/1521
f 1521/7093/1521 1499/7094/1499 1536/7095/1536
f 1536/7096/1536 1535/7097/1535 1522/7098/1522
f 1522/7099/1522 1534/7100/1534 1527/7101/1527
f 1527/7102/1527 1541/7103/1541 1520/7104/1520
f 1520/7105/1520 1538/7106/1538 1521/7107/1521
f 1521/7108/1521 1536/7109/1536 1522/7110/1522
f 1522/7111/1522 1527/7112/1527 1520/7113/1520
f 1523/7114/1523 1533/7115/1533 1524/7116/1524
f 1526/7117/1526 1575/7118/1575 1527/7119/1527
f 1531/7120/1531 1577/7121/1577 1578/7122/1578
f 1578/7123/1578 1579/7124/1579 1529/7125/1529
f 1529/7126/1529 1580/7127/1580 1581/7128/1581
f 1581/7129/1581 1582/7130/1582 1530/7131/1530
f 1530/7132/1530 1583/7133/1583 1531/7134/1531
f 1531/7135/1531 1578/7136/1578 1529/7137/1529
f 1529/7138/1529 1581/7139/1581 1530/7140/1530
f 1532/7141/1532 1575/7142/1575 1526/7143/1526
f 1533/7144/1533 1523/7145/1523 1528/7146/1528
f 1534/7147/1534 1487/7148/1487 1525/7149/1525
f 1522/7150/1522 1490/7151/1490 1489/7152/1489
f 1535/7153/1535 1493/7154/1493 1492/7155/1492
f 1536/7156/1536 1496/7157/1496 1495/7158/1495
f 1501/7159/1501 1498/7160/1498 1497/7161/1497
f 1507/7162/1507 1503/7163/1503 1537/7164/1537
f 1510/7165/1510 1506/7166/1506 1538/7167/1538
f 1513/7168/1513 1509/7169/1509 1539/7170/1539
f 1516/7171/1516 1512/7172/1512 1520/7173/1520
f 1519/7174/1519 1515/7175/1515 1540/7176/1540
f 1486/7177/1486 1518/7178/1518 1541/7179/1541
f 1486/7180/1486 1485/7181/1485 1526/7182/1526
f 1526/7183/1526 1528/7184/1528 1523/7185/1523
f 1523/7186/1523 1525/7187/1525 1487/7188/1487
f 1487/7189/1487 1489/7190/1489 1490/7191/1490
f 1490/7192/1490 1492/7193/1492 1493/7194/1493
f 1493/7195/1493 1495/7196/1495 1496/7197/1496
f 1496/7198/1496 1498/7199/1498 1501/7200/1501
f 1500/7201/1500 1584/7202/1584 1504/7203/1504
f 1496/7204/1496 1501/7205/1501 1500/7206/1500
f 1490/7207/1490 1493/7208/1493 1496/7209/1496
f 1523/7210/1523 1487/7211/1487 1490/7212/1490
f 1486/7213/1486 1526/7214/1526 1523/7215/1523
f 1519/7216/1519 1518/7217/1518 1486/7218/1486
f 1516/7219/1516 1515/7220/1515 1519/7221/1519
f 1513/7222/1513 1512/7223/1512 1516/7224/1516
f 1510/7225/1510 1509/7226/1509 1513/7227/1513
f 1507/7228/1507 1506/7229/1506 1510/7230/1510
f 1504/7231/1504 1503/7232/1503 1507/7233/1507
f 1496/7234/1496 1500/7235/1500 1504/7236/1504
f 1523/7237/1523 1490/7238/1490 1496/7239/1496
f 1519/7240/1519 1486/7241/1486 1523/7242/1523
f 1513/7243/1513 1516/7244/1516 1519/7245/1519
f 1507/7246/1507 1510/7247/1510 1513/7248/1513
f 1496/7249/1496 1504/7250/1504 1507/7251/1507
f 1519/7252/1519 1523/7253/1523 1496/7254/1496
f 1507/7255/1507 1513/7256/1513 1519/7257/1519
f 1542/7258/1542 1548/7259/1548 1543/7260/1543
f 1543/7261/1543 1548/7262/1548 1547/7263/1547
f 1545/7264/1545 1550/7265/1550 1546/7266/1546
f 1543/7267/1543 1547/7268/1547 1545/7269/1545
f 1542/7270/1542 1553/7271/1553 1547/7272/1547
f 1544/7273/1544 1543/7274/1543 1546/7275/1546
f 1549/7276/1549 1546/7277/1546 1550/7278/1550
f 1552/7279/1552 1545/7280/1545 1547/7281/1547
f 1551/7282/1551 1550/7283/1550 1545/7284/1545
f 753/7285/753 1559/7286/1559 1554/7287/1554
f 1554/7288/1554 1585/7289/1585 1555/7290/1555
f 1556/7291/1556 1586/7292/1586 1557/7293/1557
f 975/7294/975 1558/7295/1558 1556/7296/1556
f 973/7297/973 1568/7298/1568 1558/7299/1558
f 717/7300/717 1562/7301/1562 1559/7302/1559
f 719/7303/719 1557/7304/1557 1560/7305/1560
f 717/7306/717 1560/7307/1560 1561/7308/1561
f 1557/7309/1557 1586/7310/1586 1561/7311/1561
f 1563/7312/1563 1571/7313/1571 1564/7314/1564
f 1555/7315/1555 1585/7316/1585 1566/7317/1566
f 712/7318/712 1555/7319/1555 1567/7320/1567
f 973/7321/973 1567/7322/1567 1566/7323/1566
f 1569/7324/1569 1563/7325/1563 1565/7326/1565
f 1571/7327/1571 1573/7328/1573 1572/7329/1572
f 1573/7330/1573 1569/7331/1569 1570/7332/1570
f 1563/7333/1563 1569/7334/1569 1573/7335/1573
f 1587/7336/1587 1588/7337/1588 1589/7338/1589
f 1590/7339/1590 1589/7340/1589 1591/7341/1591
f 1592/7342/1592 1590/7343/1590 1591/7344/1591
f 1593/7345/1593 1594/7346/1594 1592/7347/1592
f 1595/7348/1595 1596/7349/1596 1593/7350/1593
f 1597/7351/1597 1598/7352/1598 1595/7353/1595
f 1599/7354/1599 1597/7355/1597 1600/7356/1600
f 1601/7357/1601 1600/7358/1600 1588/7359/1588
f 1602/7360/1602 1603/7361/1603 1604/7362/1604
f 1605/7363/1605 1606/7364/1606 1607/7365/1607
f 1608/7366/1608 1609/7367/1609 1610/7368/1610
f 1608/7369/1608 1607/7370/1607 1606/7371/1606
f 1611/7372/1611 1607/7373/1607 1612/7374/1612
f 1613/7375/1613 1614/7376/1614 1615/7377/1615
f 1616/7378/1616 1603/7379/1603 1614/7380/1614
f 1617/7381/1617 1616/7382/1616 1618/7383/1618
f 1603/7384/1603 1617/7385/1617 1604/7386/1604
f 1619/7387/1619 1616/7388/1616 1620/7389/1620
f 1613/7390/1613 1621/7391/1621 1622/7392/1622
f 1602/7393/1602 1614/7394/1614 1623/7395/1623
f 1619/7396/1619 1621/7397/1621 1624/7398/1624
f 1625/7399/1625 1626/7400/1626 1627/7401/1627
f 1627/7402/1627 1626/7403/1626 1628/7404/1628
f 1629/7405/1629 1630/7406/1630 1631/7407/1631
f 1632/7408/1632 1633/7409/1633 1634/7410/1634
f 1635/7411/1635 1636/7412/1636 1637/7413/1637
f 1638/7414/1638 1630/7415/1630 1629/7416/1629
f 1639/7417/1639 1640/7418/1640 1641/7419/1641
f 1642/7420/1642 1643/7421/1643 1644/7422/1644
f 1645/7423/1645 1642/7424/1642 1646/7425/1646
f 1641/7426/1641 1647/7427/1647 1639/7428/1639
f 1648/7429/1648 1649/7430/1649 1647/7431/1647
f 1643/7432/1643 1650/7433/1650 1644/7434/1644
f 1651/7435/1651 1652/7436/1652 1650/7437/1650
f 1653/7438/1653 1654/7439/1654 1630/7440/1630
f 1655/7441/1655 1656/7442/1656 1654/7443/1654
f 1637/7444/1637 1636/7445/1636 1657/7446/1657
f 1658/7447/1658 1646/7448/1646 1633/7449/1633
f 1650/7450/1650 1652/7451/1652 1659/7452/1659
f 1658/7453/1658 1657/7454/1657 1645/7455/1645
f 1659/7456/1659 1635/7457/1635 1634/7458/1634
f 1659/7459/1659 1633/7460/1633 1646/7461/1646
f 1642/7462/1642 1644/7463/1644 1659/7464/1659
f 1646/7465/1646 1642/7466/1642 1659/7467/1659
f 1659/7468/1659 1644/7469/1644 1650/7470/1650
f 1645/7471/1645 1657/7472/1657 1660/7473/1660
f 1643/7474/1643 1657/7475/1657 1651/7476/1651
f 1660/7477/1660 1657/7478/1657 1643/7479/1643
f 1651/7480/1651 1657/7481/1657 1636/7482/1636
f 1649/7483/1649 1631/7484/1631 1647/7485/1647
f 1647/7486/1647 1631/7487/1631 1639/7488/1639
f 1654/7489/1654 1631/7490/1631 1630/7491/1630
f 1639/7492/1639 1631/7493/1631 1656/7494/1656
f 1656/7495/1656 1631/7496/1631 1654/7497/1654
f 1653/7498/1653 1628/7499/1628 1655/7500/1655
f 1655/7501/1655 1628/7502/1628 1640/7503/1640
f 1648/7504/1648 1628/7505/1628 1626/7506/1626
f 1640/7507/1640 1628/7508/1628 1641/7509/1641
f 1641/7510/1641 1628/7511/1628 1648/7512/1648
f 1611/7513/1611 1608/7514/1608 1610/7515/1610
f 1610/7516/1610 1609/7517/1609 1617/7518/1617
f 1617/7519/1617 1609/7520/1609 1604/7521/1604
f 1605/7522/1605 1602/7523/1602 1609/7524/1609
f 1602/7525/1602 1605/7526/1605 1615/7527/1615
f 1615/7528/1615 1605/7529/1605 1611/7530/1611
f 1613/7531/1613 1615/7532/1615 1611/7533/1611
f 1610/7534/1610 1617/7535/1617 1618/7536/1618
f 1624/7537/1624 1613/7538/1613 1611/7539/1611
f 1610/7540/1610 1618/7541/1618 1619/7542/1619
f 1610/7543/1610 1619/7544/1619 1624/7545/1624
f 1610/7546/1610 1624/7547/1624 1611/7548/1611
f 1602/7549/1602 1604/7550/1604 1609/7551/1609
f 1625/7552/1625 1649/7553/1649 1626/7554/1626
f 1653/7555/1653 1638/7556/1638 1628/7557/1628
f 1638/7558/1638 1627/7559/1627 1628/7560/1628
f 1649/7561/1649 1625/7562/1625 1631/7563/1631
f 1625/7564/1625 1629/7565/1629 1631/7566/1631
f 1632/7567/1632 1658/7568/1658 1633/7569/1633
f 1635/7570/1635 1652/7571/1652 1636/7572/1636
f 1638/7573/1638 1653/7574/1653 1630/7575/1630
f 1639/7576/1639 1656/7577/1656 1640/7578/1640
f 1642/7579/1642 1660/7580/1660 1643/7581/1643
f 1645/7582/1645 1660/7583/1660 1642/7584/1642
f 1641/7585/1641 1648/7586/1648 1647/7587/1647
f 1648/7588/1648 1626/7589/1626 1649/7590/1649
f 1643/7591/1643 1651/7592/1651 1650/7593/1650
f 1651/7594/1651 1636/7595/1636 1652/7596/1652
f 1653/7597/1653 1655/7598/1655 1654/7599/1654
f 1655/7600/1655 1640/7601/1640 1656/7602/1656
f 1658/7603/1658 1632/7604/1632 1657/7605/1657
f 1632/7606/1632 1637/7607/1637 1657/7608/1657
f 1658/7609/1658 1645/7610/1645 1646/7611/1646
f 1634/7612/1634 1633/7613/1633 1659/7614/1659
f 1659/7615/1659 1652/7616/1652 1635/7617/1635
f 1661/7618/1661 1662/7619/1662 1663/7620/1663
f 1664/7621/1664 1665/7622/1665 1666/7623/1666
f 1667/7624/1667 1668/7625/1668 1669/7626/1669
f 1667/7627/1667 1666/7628/1666 1665/7629/1665
f 1670/7630/1670 1666/7631/1666 1671/7632/1671
f 1672/7633/1672 1673/7634/1673 1674/7635/1674
f 1675/7636/1675 1662/7637/1662 1673/7638/1673
f 1676/7639/1676 1675/7640/1675 1677/7641/1677
f 1662/7642/1662 1676/7643/1676 1663/7644/1663
f 1678/7645/1678 1675/7646/1675 1679/7647/1679
f 1672/7648/1672 1680/7649/1680 1681/7650/1681
f 1661/7651/1661 1673/7652/1673 1682/7653/1682
f 1678/7654/1678 1680/7655/1680 1683/7656/1683
f 1684/7657/1684 1685/7658/1685 1686/7659/1686
f 1686/7660/1686 1685/7661/1685 1687/7662/1687
f 1688/7663/1688 1689/7664/1689 1690/7665/1690
f 1691/7666/1691 1692/7667/1692 1693/7668/1693
f 1694/7669/1694 1695/7670/1695 1696/7671/1696
f 1697/7672/1697 1689/7673/1689 1688/7674/1688
f 1698/7675/1698 1699/7676/1699 1700/7677/1700
f 1701/7678/1701 1702/7679/1702 1703/7680/1703
f 1704/7681/1704 1701/7682/1701 1705/7683/1705
f 1700/7684/1700 1706/7685/1706 1698/7686/1698
f 1707/7687/1707 1708/7688/1708 1706/7689/1706
f 1702/7690/1702 1709/7691/1709 1703/7692/1703
f 1710/7693/1710 1711/7694/1711 1709/7695/1709
f 1712/7696/1712 1713/7697/1713 1689/7698/1689
f 1714/7699/1714 1715/7700/1715 1713/7701/1713
f 1696/7702/1696 1695/7703/1695 1716/7704/1716
f 1717/7705/1717 1705/7706/1705 1692/7707/1692
f 1709/7708/1709 1711/7709/1711 1718/7710/1718
f 1717/7711/1717 1716/7712/1716 1704/7713/1704
f 1718/7714/1718 1694/7715/1694 1693/7716/1693
f 1718/7717/1718 1692/7718/1692 1705/7719/1705
f 1701/7720/1701 1703/7721/1703 1718/7722/1718
f 1705/7723/1705 1701/7724/1701 1718/7725/1718
f 1718/7726/1718 1703/7727/1703 1709/7728/1709
f 1704/7729/1704 1716/7730/1716 1719/7731/1719
f 1702/7732/1702 1716/7733/1716 1710/7734/1710
f 1719/7735/1719 1716/7736/1716 1702/7737/1702
f 1710/7738/1710 1716/7739/1716 1695/7740/1695
f 1708/7741/1708 1690/7742/1690 1706/7743/1706
f 1706/7744/1706 1690/7745/1690 1698/7746/1698
f 1713/7747/1713 1690/7748/1690 1689/7749/1689
f 1698/7750/1698 1690/7751/1690 1715/7752/1715
f 1715/7753/1715 1690/7754/1690 1713/7755/1713
f 1712/7756/1712 1687/7757/1687 1714/7758/1714
f 1714/7759/1714 1687/7760/1687 1699/7761/1699
f 1707/7762/1707 1687/7763/1687 1685/7764/1685
f 1699/7765/1699 1687/7766/1687 1700/7767/1700
f 1700/7768/1700 1687/7769/1687 1707/7770/1707
f 1670/7771/1670 1667/7772/1667 1669/7773/1669
f 1669/7774/1669 1668/7775/1668 1676/7776/1676
f 1676/7777/1676 1668/7778/1668 1663/7779/1663
f 1664/7780/1664 1661/7781/1661 1668/7782/1668
f 1661/7783/1661 1664/7784/1664 1674/7785/1674
f 1674/7786/1674 1664/7787/1664 1670/7788/1670
f 1672/7789/1672 1674/7790/1674 1670/7791/1670
f 1669/7792/1669 1676/7793/1676 1677/7794/1677
f 1683/7795/1683 1672/7796/1672 1670/7797/1670
f 1669/7798/1669 1677/7799/1677 1678/7800/1678
f 1669/7801/1669 1678/7802/1678 1683/7803/1683
f 1669/7804/1669 1683/7805/1683 1670/7806/1670
f 1661/7807/1661 1663/7808/1663 1668/7809/1668
f 1684/7810/1684 1708/7811/1708 1685/7812/1685
f 1712/7813/1712 1697/7814/1697 1687/7815/1687
f 1697/7816/1697 1686/7817/1686 1687/7818/1687
f 1708/7819/1708 1684/7820/1684 1690/7821/1690
f 1684/7822/1684 1688/7823/1688 1690/7824/1690
f 1691/7825/1691 1717/7826/1717 1692/7827/1692
f 1694/7828/1694 1711/7829/1711 1695/7830/1695
f 1697/7831/1697 1712/7832/1712 1689/7833/1689
f 1698/7834/1698 1715/7835/1715 1699/7836/1699
f 1701/7837/1701 1719/7838/1719 1702/7839/1702
f 1704/7840/1704 1719/7841/1719 1701/7842/1701
f 1700/7843/1700 1707/7844/1707 1706/7845/1706
f 1707/7846/1707 1685/7847/1685 1708/7848/1708
f 1702/7849/1702 1710/7850/1710 1709/7851/1709
f 1710/7852/1710 1695/7853/1695 1711/7854/1711
f 1712/7855/1712 1714/7856/1714 1713/7857/1713
f 1714/7858/1714 1699/7859/1699 1715/7860/1715
f 1717/7861/1717 1691/7862/1691 1716/7863/1716
f 1691/7864/1691 1696/7865/1696 1716/7866/1716
f 1717/7867/1717 1704/7868/1704 1705/7869/1705
f 1693/7870/1693 1692/7871/1692 1718/7872/1718
f 1718/7873/1718 1711/7874/1711 1694/7875/1694
f 1587/7876/1587 1601/7877/1601 1588/7878/1588
f 1590/7879/1590 1587/7880/1587 1589/7881/1589
f 1592/7882/1592 1594/7883/1594 1590/7884/1590
f 1593/7885/1593 1596/7886/1596 1594/7887/1594
f 1595/7888/1595 1598/7889/1598 1596/7890/1596
f 1597/7891/1597 1720/7892/1720 1598/7893/1598
f 1599/7894/1599 1720/7895/1720 1597/7896/1597
f 1601/7897/1601 1599/7898/1599 1600/7899/1600
f 1602/7900/1602 1623/7901/1623 1603/7902/1603
f 1605/7903/1605 1609/7904/1609 1606/7905/1606
f 1608/7906/1608 1606/7907/1606 1609/7908/1609
f 1608/7909/1608 1612/7910/1612 1607/7911/1607
f 1611/7912/1611 1605/7913/1605 1607/7914/1607
f 1613/7915/1613 1622/7916/1622 1614/7917/1614
f 1614/7918/1614 1622/7919/1622 1621/7920/1621
f 1621/7921/1621 1620/7922/1620 1616/7923/1616
f 1616/7924/1616 1721/7925/1721 1603/7926/1603
f 1603/7927/1603 1623/7928/1623 1614/7929/1614
f 1614/7930/1614 1621/7931/1621 1616/7932/1616
f 1617/7933/1617 1721/7934/1721 1616/7935/1616
f 1603/7936/1603 1721/7937/1721 1617/7938/1617
f 1619/7939/1619 1618/7940/1618 1616/7941/1616
f 1613/7942/1613 1624/7943/1624 1621/7944/1621
f 1602/7945/1602 1615/7946/1615 1614/7947/1614
f 1619/7948/1619 1620/7949/1620 1621/7950/1621
f 1611/7951/1611 1612/7952/1612 1608/7953/1608
f 1661/7954/1661 1682/7955/1682 1662/7956/1662
f 1664/7957/1664 1668/7958/1668 1665/7959/1665
f 1667/7960/1667 1665/7961/1665 1668/7962/1668
f 1667/7963/1667 1671/7964/1671 1666/7965/1666
f 1670/7966/1670 1664/7967/1664 1666/7968/1666
f 1672/7969/1672 1681/7970/1681 1673/7971/1673
f 1673/7972/1673 1681/7973/1681 1680/7974/1680
f 1680/7975/1680 1679/7976/1679 1675/7977/1675
f 1675/7978/1675 1722/7979/1722 1662/7980/1662
f 1662/7981/1662 1682/7982/1682 1673/7983/1673
f 1673/7984/1673 1680/7985/1680 1675/7986/1675
f 1676/7987/1676 1722/7988/1722 1675/7989/1675
f 1662/7990/1662 1722/7991/1722 1676/7992/1676
f 1678/7993/1678 1677/7994/1677 1675/7995/1675
f 1672/7996/1672 1683/7997/1683 1680/7998/1680
f 1661/7999/1661 1674/8000/1674 1673/8001/1673
f 1678/8002/1678 1679/8003/1679 1680/8004/1680
f 1670/8005/1670 1671/8006/1671 1667/8007/1667
f 1723/8008/1723 1724/8009/1724 1725/8010/1725
f 1726/8011/1726 1725/8012/1725 1727/8013/1727
f 1728/8014/1728 1726/8015/1726 1727/8016/1727
f 1729/8017/1729 1730/8018/1730 1728/8019/1728
f 1731/8020/1731 1732/8021/1732 1729/8022/1729
f 1733/8023/1733 1734/8024/1734 1731/8025/1731
f 1735/8026/1735 1733/8027/1733 1736/8028/1736
f 1737/8029/1737 1736/8030/1736 1724/8031/1724
f 1738/8032/1738 1739/8033/1739 1740/8034/1740
f 1741/8035/1741 1742/8036/1742 1743/8037/1743
f 1744/8038/1744 1745/8039/1745 1746/8040/1746
f 1744/8041/1744 1743/8042/1743 1742/8043/1742
f 1747/8044/1747 1743/8045/1743 1748/8046/1748
f 1749/8047/1749 1750/8048/1750 1751/8049/1751
f 1752/8050/1752 1739/8051/1739 1750/8052/1750
f 1753/8053/1753 1752/8054/1752 1754/8055/1754
f 1739/8056/1739 1753/8057/1753 1740/8058/1740
f 1755/8059/1755 1752/8060/1752 1756/8061/1756
f 1749/8062/1749 1757/8063/1757 1758/8064/1758
f 1738/8065/1738 1750/8066/1750 1759/8067/1759
f 1755/8068/1755 1757/8069/1757 1760/8070/1760
f 1761/8071/1761 1762/8072/1762 1763/8073/1763
f 1763/8074/1763 1762/8075/1762 1764/8076/1764
f 1765/8077/1765 1766/8078/1766 1767/8079/1767
f 1768/8080/1768 1769/8081/1769 1770/8082/1770
f 1771/8083/1771 1772/8084/1772 1773/8085/1773
f 1774/8086/1774 1766/8087/1766 1765/8088/1765
f 1775/8089/1775 1776/8090/1776 1777/8091/1777
f 1778/8092/1778 1779/8093/1779 1780/8094/1780
f 1781/8095/1781 1778/8096/1778 1782/8097/1782
f 1777/8098/1777 1783/8099/1783 1775/8100/1775
f 1784/8101/1784 1785/8102/1785 1783/8103/1783
f 1779/8104/1779 1786/8105/1786 1780/8106/1780
f 1787/8107/1787 1788/8108/1788 1786/8109/1786
f 1789/8110/1789 1790/8111/1790 1766/8112/1766
f 1791/8113/1791 1792/8114/1792 1790/8115/1790
f 1773/8116/1773 1772/8117/1772 1793/8118/1793
f 1794/8119/1794 1782/8120/1782 1769/8121/1769
f 1786/8122/1786 1788/8123/1788 1795/8124/1795
f 1794/8125/1794 1793/8126/1793 1781/8127/1781
f 1795/8128/1795 1771/8129/1771 1770/8130/1770
f 1795/8131/1795 1769/8132/1769 1782/8133/1782
f 1778/8134/1778 1780/8135/1780 1795/8136/1795
f 1782/8137/1782 1778/8138/1778 1795/8139/1795
f 1795/8140/1795 1780/8141/1780 1786/8142/1786
f 1781/8143/1781 1793/8144/1793 1796/8145/1796
f 1779/8146/1779 1793/8147/1793 1787/8148/1787
f 1796/8149/1796 1793/8150/1793 1779/8151/1779
f 1787/8152/1787 1793/8153/1793 1772/8154/1772
f 1785/8155/1785 1767/8156/1767 1783/8157/1783
f 1783/8158/1783 1767/8159/1767 1775/8160/1775
f 1790/8161/1790 1767/8162/1767 1766/8163/1766
f 1775/8164/1775 1767/8165/1767 1792/8166/1792
f 1792/8167/1792 1767/8168/1767 1790/8169/1790
f 1789/8170/1789 1764/8171/1764 1791/8172/1791
f 1791/8173/1791 1764/8174/1764 1776/8175/1776
f 1784/8176/1784 1764/8177/1764 1762/8178/1762
f 1776/8179/1776 1764/8180/1764 1777/8181/1777
f 1777/8182/1777 1764/8183/1764 1784/8184/1784
f 1747/8185/1747 1744/8186/1744 1746/8187/1746
f 1746/8188/1746 1745/8189/1745 1753/8190/1753
f 1753/8191/1753 1745/8192/1745 1740/8193/1740
f 1741/8194/1741 1738/8195/1738 1745/8196/1745
f 1738/8197/1738 1741/8198/1741 1751/8199/1751
f 1751/8200/1751 1741/8201/1741 1747/8202/1747
f 1749/8203/1749 1751/8204/1751 1747/8205/1747
f 1746/8206/1746 1753/8207/1753 1754/8208/1754
f 1760/8209/1760 1749/8210/1749 1747/8211/1747
f 1746/8212/1746 1754/8213/1754 1755/8214/1755
f 1746/8215/1746 1755/8216/1755 1760/8217/1760
f 1746/8218/1746 1760/8219/1760 1747/8220/1747
f 1738/8221/1738 1740/8222/1740 1745/8223/1745
f 1761/8224/1761 1785/8225/1785 1762/8226/1762
f 1789/8227/1789 1774/8228/1774 1764/8229/1764
f 1774/8230/1774 1763/8231/1763 1764/8232/1764
f 1785/8233/1785 1761/8234/1761 1767/8235/1767
f 1761/8236/1761 1765/8237/1765 1767/8238/1767
f 1768/8239/1768 1794/8240/1794 1769/8241/1769
f 1771/8242/1771 1788/8243/1788 1772/8244/1772
f 1774/8245/1774 1789/8246/1789 1766/8247/1766
f 1775/8248/1775 1792/8249/1792 1776/8250/1776
f 1778/8251/1778 1796/8252/1796 1779/8253/1779
f 1781/8254/1781 1796/8255/1796 1778/8256/1778
f 1777/8257/1777 1784/8258/1784 1783/8259/1783
f 1784/8260/1784 1762/8261/1762 1785/8262/1785
f 1779/8263/1779 1787/8264/1787 1786/8265/1786
f 1787/8266/1787 1772/8267/1772 1788/8268/1788
f 1789/8269/1789 1791/8270/1791 1790/8271/1790
f 1791/8272/1791 1776/8273/1776 1792/8274/1792
f 1794/8275/1794 1768/8276/1768 1793/8277/1793
f 1768/8278/1768 1773/8279/1773 1793/8280/1793
f 1794/8281/1794 1781/8282/1781 1782/8283/1782
f 1770/8284/1770 1769/8285/1769 1795/8286/1795
f 1795/8287/1795 1788/8288/1788 1771/8289/1771
f 1797/8290/1797 1798/8291/1798 1799/8292/1799
f 1800/8293/1800 1801/8294/1801 1802/8295/1802
f 1803/8296/1803 1804/8297/1804 1805/8298/1805
f 1803/8299/1803 1802/8300/1802 1801/8301/1801
f 1806/8302/1806 1802/8303/1802 1807/8304/1807
f 1808/8305/1808 1809/8306/1809 1810/8307/1810
f 1811/8308/1811 1798/8309/1798 1809/8310/1809
f 1812/8311/1812 1811/8312/1811 1813/8313/1813
f 1798/8314/1798 1812/8315/1812 1799/8316/1799
f 1814/8317/1814 1811/8318/1811 1815/8319/1815
f 1808/8320/1808 1816/8321/1816 1817/8322/1817
f 1797/8323/1797 1809/8324/1809 1818/8325/1818
f 1814/8326/1814 1816/8327/1816 1819/8328/1819
f 1820/8329/1820 1821/8330/1821 1822/8331/1822
f 1822/8332/1822 1821/8333/1821 1823/8334/1823
f 1824/8335/1824 1825/8336/1825 1826/8337/1826
f 1827/8338/1827 1828/8339/1828 1829/8340/1829
f 1830/8341/1830 1831/8342/1831 1832/8343/1832
f 1833/8344/1833 1825/8345/1825 1824/8346/1824
f 1834/8347/1834 1835/8348/1835 1836/8349/1836
f 1837/8350/1837 1838/8351/1838 1839/8352/1839
f 1840/8353/1840 1837/8354/1837 1841/8355/1841
f 1836/8356/1836 1842/8357/1842 1834/8358/1834
f 1843/8359/1843 1844/8360/1844 1842/8361/1842
f 1838/8362/1838 1845/8363/1845 1839/8364/1839
f 1846/8365/1846 1847/8366/1847 1845/8367/1845
f 1848/8368/1848 1849/8369/1849 1825/8370/1825
f 1850/8371/1850 1851/8372/1851 1849/8373/1849
f 1832/8374/1832 1831/8375/1831 1852/8376/1852
f 1853/8377/1853 1841/8378/1841 1828/8379/1828
f 1845/8380/1845 1847/8381/1847 1854/8382/1854
f 1853/8383/1853 1852/8384/1852 1840/8385/1840
f 1854/8386/1854 1830/8387/1830 1829/8388/1829
f 1854/8389/1854 1828/8390/1828 1841/8391/1841
f 1837/8392/1837 1839/8393/1839 1854/8394/1854
f 1841/8395/1841 1837/8396/1837 1854/8397/1854
f 1854/8398/1854 1839/8399/1839 1845/8400/1845
f 1840/8401/1840 1852/8402/1852 1855/8403/1855
f 1838/8404/1838 1852/8405/1852 1846/8406/1846
f 1855/8407/1855 1852/8408/1852 1838/8409/1838
f 1846/8410/1846 1852/8411/1852 1831/8412/1831
f 1844/8413/1844 1826/8414/1826 1842/8415/1842
f 1842/8416/1842 1826/8417/1826 1834/8418/1834
f 1849/8419/1849 1826/8420/1826 1825/8421/1825
f 1834/8422/1834 1826/8423/1826 1851/8424/1851
f 1851/8425/1851 1826/8426/1826 1849/8427/1849
f 1848/8428/1848 1823/8429/1823 1850/8430/1850
f 1850/8431/1850 1823/8432/1823 1835/8433/1835
f 1843/8434/1843 1823/8435/1823 1821/8436/1821
f 1835/8437/1835 1823/8438/1823 1836/8439/1836
f 1836/8440/1836 1823/8441/1823 1843/8442/1843
f 1806/8443/1806 1803/8444/1803 1805/8445/1805
f 1805/8446/1805 1804/8447/1804 1812/8448/1812
f 1812/8449/1812 1804/8450/1804 1799/8451/1799
f 1800/8452/1800 1797/8453/1797 1804/8454/1804
f 1797/8455/1797 1800/8456/1800 1810/8457/1810
f 1810/8458/1810 1800/8459/1800 1806/8460/1806
f 1808/8461/1808 1810/8462/1810 1806/8463/1806
f 1805/8464/1805 1812/8465/1812 1813/8466/1813
f 1819/8467/1819 1808/8468/1808 1806/8469/1806
f 1805/8470/1805 1813/8471/1813 1814/8472/1814
f 1805/8473/1805 1814/8474/1814 1819/8475/1819
f 1805/8476/1805 1819/8477/1819 1806/8478/1806
f 1797/8479/1797 1799/8480/1799 1804/8481/1804
f 1820/8482/1820 1844/8483/1844 1821/8484/1821
f 1848/8485/1848 1833/8486/1833 1823/8487/1823
f 1833/8488/1833 1822/8489/1822 1823/8490/1823
f 1844/8491/1844 1820/8492/1820 1826/8493/1826
f 1820/8494/1820 1824/8495/1824 1826/8496/1826
f 1827/8497/1827 1853/8498/1853 1828/8499/1828
f 1830/8500/1830 1847/8501/1847 1831/8502/1831
f 1833/8503/1833 1848/8504/1848 1825/8505/1825
f 1834/8506/1834 1851/8507/1851 1835/8508/1835
f 1837/8509/1837 1855/8510/1855 1838/8511/1838
f 1840/8512/1840 1855/8513/1855 1837/8514/1837
f 1836/8515/1836 1843/8516/1843 1842/8517/1842
f 1843/8518/1843 1821/8519/1821 1844/8520/1844
f 1838/8521/1838 1846/8522/1846 1845/8523/1845
f 1846/8524/1846 1831/8525/1831 1847/8526/1847
f 1848/8527/1848 1850/8528/1850 1849/8529/1849
f 1850/8530/1850 1835/8531/1835 1851/8532/1851
f 1853/8533/1853 1827/8534/1827 1852/8535/1852
f 1827/8536/1827 1832/8537/1832 1852/8538/1852
f 1853/8539/1853 1840/8540/1840 1841/8541/1841
f 1829/8542/1829 1828/8543/1828 1854/8544/1854
f 1854/8545/1854 1847/8546/1847 1830/8547/1830
f 1723/8548/1723 1737/8549/1737 1724/8550/1724
f 1726/8551/1726 1723/8552/1723 1725/8553/1725
f 1728/8554/1728 1730/8555/1730 1726/8556/1726
f 1729/8557/1729 1732/8558/1732 1730/8559/1730
f 1731/8560/1731 1734/8561/1734 1732/8562/1732
f 1733/8563/1733 1856/8564/1856 1734/8565/1734
f 1735/8566/1735 1856/8567/1856 1733/8568/1733
f 1737/8569/1737 1735/8570/1735 1736/8571/1736
f 1738/8572/1738 1759/8573/1759 1739/8574/1739
f 1741/8575/1741 1745/8576/1745 1742/8577/1742
f 1744/8578/1744 1742/8579/1742 1745/8580/1745
f 1744/8581/1744 1748/8582/1748 1743/8583/1743
f 1747/8584/1747 1741/8585/1741 1743/8586/1743
f 1749/8587/1749 1758/8588/1758 1750/8589/1750
f 1750/8590/1750 1758/8591/1758 1757/8592/1757
f 1757/8593/1757 1756/8594/1756 1752/8595/1752
f 1752/8596/1752 1857/8597/1857 1739/8598/1739
f 1739/8599/1739 1759/8600/1759 1750/8601/1750
f 1750/8602/1750 1757/8603/1757 1752/8604/1752
f 1753/8605/1753 1857/8606/1857 1752/8607/1752
f 1739/8608/1739 1857/8609/1857 1753/8610/1753
f 1755/8611/1755 1754/8612/1754 1752/8613/1752
f 1749/8614/1749 1760/8615/1760 1757/8616/1757
f 1738/8617/1738 1751/8618/1751 1750/8619/1750
f 1755/8620/1755 1756/8621/1756 1757/8622/1757
f 1747/8623/1747 1748/8624/1748 1744/8625/1744
f 1797/8626/1797 1818/8627/1818 1798/8628/1798
f 1800/8629/1800 1804/8630/1804 1801/8631/1801
f 1803/8632/1803 1801/8633/1801 1804/8634/1804
f 1803/8635/1803 1807/8636/1807 1802/8637/1802
f 1806/8638/1806 1800/8639/1800 1802/8640/1802
f 1808/8641/1808 1817/8642/1817 1809/8643/1809
f 1809/8644/1809 1817/8645/1817 1816/8646/1816
f 1816/8647/1816 1815/8648/1815 1811/8649/1811
f 1811/8650/1811 1858/8651/1858 1798/8652/1798
f 1798/8653/1798 1818/8654/1818 1809/8655/1809
f 1809/8656/1809 1816/8657/1816 1811/8658/1811
f 1812/8659/1812 1858/8660/1858 1811/8661/1811
f 1798/8662/1798 1858/8663/1858 1812/8664/1812
f 1814/8665/1814 1813/8666/1813 1811/8667/1811
f 1808/8668/1808 1819/8669/1819 1816/8670/1816
f 1797/8671/1797 1810/8672/1810 1809/8673/1809
f 1814/8674/1814 1815/8675/1815 1816/8676/1816
f 1806/8677/1806 1807/8678/1807 1803/8679/1803
usemtl alumBlack
f 115/8680/115 1859/8681/1859 123/8682/123
f 116/8683/116 1860/8684/1860 105/8685/105
f 121/8686/121 1861/8687/1861 117/8688/117
f 103/8689/103 1862/8690/1862 104/8691/104
f 1861/8692/1861 1863/8693/1863 1864/8694/1864
f 1865/8695/1865 1866/8696/1866 1867/8697/1867
f 1860/8698/1860 1868/8699/1868 1869/8700/1869
f 1862/8701/1862 1870/8702/1870 1871/8703/1871
f 1859/8704/1859 1872/8705/1872 1873/8706/1873
f 1874/8707/1874 1875/8708/1875 1876/8709/1876
f 52/8710/52 1877/8711/1877 1878/8712/1878
f 50/8713/50 1879/8714/1879 55/8715/55
f 1880/8716/1880 35/8717/35 1881/8718/1881
f 58/8719/58 1882/8720/1882 1883/8721/1883
f 28/8722/28 1882/8723/1882 29/8724/29
f 14/8725/14 1884/8726/1884 136/8727/136
f 50/8728/50 1885/8729/1885 1886/8730/1886
f 1881/8731/1881 134/8732/134 47/8733/47
f 136/8734/136 1884/8735/1884 41/8736/41
f 62/8737/62 1879/8738/1879 1887/8739/1887
f 62/8740/62 1888/8741/1888 70/8742/70
f 1881/8743/1881 47/8744/47 138/8745/138
f 28/8746/28 1888/8747/1888 1889/8748/1889
f 138/8749/138 44/8750/44 1890/8751/1890
f 1891/8752/1891 20/8753/20 31/8754/31
f 52/8755/52 1885/8756/1885 49/8757/49
f 135/8758/135 41/8759/41 1892/8760/1892
f 1881/8761/1881 138/8762/138 1890/8763/1890
f 58/8764/58 1877/8765/1877 65/8766/65
f 1892/8767/1892 1893/8768/1893 135/8769/135
f 1894/8770/1894 1886/8771/1886 1885/8772/1885
f 1880/8773/1880 1879/8774/1879 1886/8775/1886
f 1887/8776/1887 1895/8777/1895 1888/8778/1888
f 1881/8779/1881 1887/8780/1887 1879/8781/1879
f 1882/8782/1882 1891/8783/1891 1893/8784/1893
f 1888/8785/1888 1891/8786/1891 1889/8787/1889
f 1892/8788/1892 1877/8789/1877 1883/8790/1883
f 1893/8791/1893 1883/8792/1883 1882/8793/1882
f 1884/8794/1884 1878/8795/1878 1877/8796/1877
f 1896/8797/1896 1885/8798/1885 1878/8799/1878
f 125/8800/125 1897/8801/1897 124/8802/124
f 1898/8803/1898 1899/8804/1899 1900/8805/1900
f 107/8806/107 1898/8807/1898 106/8808/106
f 128/8809/128 1901/8810/1901 126/8811/126
f 129/8812/129 1902/8813/1902 131/8814/131
f 119/8815/119 1865/8816/1865 118/8817/118
f 1876/8818/1876 1903/8819/1903 1873/8820/1873
f 1904/8821/1904 1905/8822/1905 1906/8823/1906
f 1869/8824/1869 1907/8825/1907 1867/8826/1867
f 1871/8827/1871 1908/8828/1908 1864/8829/1864
f 1867/8830/1867 1906/8831/1906 1876/8832/1876
f 1864/8833/1864 1904/8834/1904 1869/8835/1869
f 1871/8836/1871 1903/8837/1903 1905/8838/1905
f 120/8839/120 1874/8840/1874 122/8841/122
f 127/8842/127 1900/8843/1900 108/8844/108
f 1909/8845/1909 1861/8846/1861 1868/8847/1868
f 1910/8848/1910 1865/8849/1865 1875/8850/1875
f 1911/8851/1911 1874/8852/1874 1872/8853/1872
f 1912/8854/1912 1859/8855/1859 1870/8856/1870
f 1913/8857/1913 1860/8858/1860 1866/8859/1866
f 1914/8860/1914 1862/8861/1862 1863/8862/1863
f 103/8863/103 1859/8864/1859 1912/8865/1912
f 121/8866/121 1862/8867/1862 1914/8868/1914
f 1861/8869/1861 116/8870/116 117/8871/117
f 1865/8872/1865 120/8873/120 118/8874/118
f 1874/8875/1874 115/8876/115 122/8877/122
f 1860/8878/1860 119/8879/119 105/8880/105
f 1901/8881/1901 107/8882/107 126/8883/126
f 1897/8884/1897 127/8885/127 124/8886/124
f 1900/8887/1900 129/8888/129 108/8889/108
f 132/8890/132 1902/8891/1902 1915/8892/1915
f 106/8893/106 1916/8894/1916 125/8895/125
f 128/8896/128 1899/8897/1899 1917/8898/1917
f 130/8899/130 1915/8900/1915 1899/8901/1899
f 137/8902/137 1895/8903/1895 44/8904/44
f 1894/8905/1894 17/8906/17 112/8907/112
f 1894/8908/1894 1896/8909/1896 18/8910/18
f 33/8911/33 38/8912/38 1893/8913/1893
f 31/8914/31 33/8915/33 1893/8916/1893
f 1893/8917/1893 1891/8918/1891 31/8919/31
f 137/8920/137 21/8921/21 1895/8922/1895
f 21/8923/21 20/8924/20 1895/8925/1895
f 1893/8926/1893 38/8927/38 135/8928/135
f 1895/8929/1895 20/8930/20 1891/8931/1891
f 14/8932/14 133/8933/133 1884/8934/1884
f 1894/8935/1894 112/8936/112 139/8937/139
f 35/8938/35 134/8939/134 1881/8940/1881
f 1880/8941/1880 139/8942/139 35/8943/35
f 18/8944/18 1896/8945/1896 133/8946/133
f 1880/8947/1880 1894/8948/1894 139/8949/139
f 17/8950/17 1894/8951/1894 18/8952/18
f 1895/8953/1895 1890/8954/1890 44/8955/44
f 41/8956/41 1884/8957/1884 1892/8958/1892
f 133/8959/133 1896/8960/1896 1884/8961/1884
f 278/8962/278 1918/8963/1918 277/8964/277
f 1919/8965/1919 1920/8966/1920 1918/8967/1918
f 277/8968/277 1920/8969/1920 276/8970/276
f 275/8971/275 1919/8972/1919 278/8973/278
f 276/8974/276 1921/8975/1921 275/8976/275
f 278/8977/278 1919/8978/1919 1918/8979/1918
f 1919/8980/1919 1921/8981/1921 1920/8982/1920
f 277/8983/277 1918/8984/1918 1920/8985/1920
f 275/8986/275 1921/8987/1921 1919/8988/1919
f 276/8989/276 1920/8990/1920 1921/8991/1921
f 357/8992/357 355/8993/355 353/8994/353
f 1922/8995/1922 1923/8996/1923 1924/8997/1924
f 1925/8998/1925 1500/8999/1500 1521/9000/1521
f 1926/9001/1926 1584/9002/1584 1500/9003/1500
f 1925/9004/1925 1576/9005/1576 1924/9006/1924
f 1927/9007/1927 1584/9008/1584 1928/9009/1928
f 1922/9010/1922 1576/9011/1576 1502/9012/1502
f 1922/9013/1922 1504/9014/1504 1927/9015/1927
f 1923/9016/1923 1929/9017/1929 1930/9018/1930
f 1924/9019/1924 1931/9020/1931 1925/9021/1925
f 1925/9022/1925 1932/9023/1932 1926/9024/1926
f 1927/9025/1927 1933/9026/1933 1922/9027/1922
f 1928/9028/1928 1929/9029/1929 1927/9030/1927
f 1926/9031/1926 1930/9032/1930 1928/9033/1928
f 1580/9034/1580 1934/9035/1934 1935/9036/1935
f 1583/9037/1583 1936/9038/1936 1937/9039/1937
f 1582/9040/1582 1938/9041/1938 1939/9042/1939
f 1577/9043/1577 1940/9044/1940 1941/9045/1941
f 1579/9046/1579 1942/9047/1942 1943/9048/1943
f 1529/9049/1529 1943/9050/1943 1934/9051/1934
f 1941/9052/1941 1578/9053/1578 1577/9054/1577
f 1937/9055/1937 1531/9056/1531 1583/9057/1583
f 1939/9058/1939 1530/9059/1530 1582/9060/1582
f 1935/9061/1935 1581/9062/1581 1580/9063/1580
f 1922/9064/1922 1933/9065/1933 1923/9066/1923
f 1925/9067/1925 1926/9068/1926 1500/9069/1500
f 1926/9070/1926 1928/9071/1928 1584/9072/1584
f 1925/9073/1925 1521/9074/1521 1576/9075/1576
f 1927/9076/1927 1504/9077/1504 1584/9078/1584
f 1922/9079/1922 1924/9080/1924 1576/9081/1576
f 1922/9082/1922 1502/9083/1502 1504/9084/1504
f 1930/9085/1930 1932/9086/1932 1923/9087/1923
f 1932/9088/1932 1931/9089/1931 1923/9090/1923
f 1923/9091/1923 1933/9092/1933 1929/9093/1929
f 1924/9094/1924 1923/9095/1923 1931/9096/1931
f 1925/9097/1925 1931/9098/1931 1932/9099/1932
f 1927/9100/1927 1929/9101/1929 1933/9102/1933
f 1928/9103/1928 1930/9104/1930 1929/9105/1929
f 1926/9106/1926 1932/9107/1932 1930/9108/1930
f 1580/9109/1580 1529/9110/1529 1934/9111/1934
f 1583/9112/1583 1530/9113/1530 1936/9114/1936
f 1582/9115/1582 1581/9116/1581 1938/9117/1938
f 1577/9118/1577 1531/9119/1531 1940/9120/1940
f 1579/9121/1579 1578/9122/1578 1942/9123/1942
f 1529/9124/1529 1579/9125/1579 1943/9126/1943
f 1941/9127/1941 1942/9128/1942 1578/9129/1578
f 1937/9130/1937 1940/9131/1940 1531/9132/1531
f 1939/9133/1939 1936/9134/1936 1530/9135/1530
f 1935/9136/1935 1938/9137/1938 1581/9138/1581
f 1944/9139/1944 1945/9140/1945 1946/9141/1946
f 1947/9142/1947 1948/9143/1948 1944/9144/1944
f 1949/9145/1949 1950/9146/1950 1951/9147/1951
f 1952/9148/1952 1944/9149/1944 1946/9150/1946
f 1953/9151/1953 1952/9152/1952 1954/9153/1954
f 1955/9154/1955 1956/9155/1956 1957/9156/1957
f 1953/9157/1953 1957/9158/1957 1947/9159/1947
f 1958/9160/1958 1959/9161/1959 1960/9162/1960
f 1961/9163/1961 1962/9164/1962 1963/9165/1963
f 1957/9166/1957 1964/9167/1964 1948/9168/1948
f 1948/9169/1948 1959/9170/1959 1945/9171/1945
f 1956/9172/1956 1965/9173/1965 1957/9174/1957
f 1964/9175/1964 1960/9176/1960 1959/9177/1959
f 1961/9178/1961 1950/9179/1950 1962/9180/1962
f 1963/9181/1963 1966/9182/1966 1958/9183/1958
f 1967/9184/1967 1953/9185/1953 1954/9186/1954
f 1949/9187/1949 1959/9188/1959 1968/9189/1968
f 1951/9190/1951 1950/9191/1950 1961/9192/1961
f 1960/9193/1960 1963/9194/1963 1958/9195/1958
f 1962/9196/1962 1968/9197/1968 1966/9198/1966
f 1960/9199/1960 1965/9200/1965 1969/9201/1969
f 1963/9202/1963 1969/9203/1969 1961/9204/1961
f 1965/9205/1965 1961/9206/1961 1969/9207/1969
f 1968/9208/1968 1959/9209/1959 1966/9210/1966
f 1958/9211/1958 1966/9212/1966 1959/9213/1959
f 1970/9214/1970 1971/9215/1971 1972/9216/1972
f 1973/9217/1973 1974/9218/1974 1970/9219/1970
f 1975/9220/1975 1976/9221/1976 1977/9222/1977
f 1972/9223/1972 1977/9224/1977 1973/9225/1973
f 1978/9226/1978 1979/9227/1979 1974/9228/1974
f 1980/9229/1980 1981/9230/1981 1982/9231/1982
f 1976/9232/1976 1983/9233/1983 1984/9234/1984
f 1977/9235/1977 1984/9236/1984 1982/9237/1982
f 1973/9238/1973 1982/9239/1982 1981/9240/1981
f 1978/9241/1978 1981/9242/1981 1983/9243/1983
f 1985/9244/1985 1984/9245/1984 1983/9246/1983
f 1986/9247/1986 1983/9248/1983 1981/9249/1981
f 1987/9250/1987 1982/9251/1982 1984/9252/1984
f 655/9253/655 688/9254/688 686/9255/686
f 653/9256/653 691/9257/691 679/9258/679
f 654/9259/654 685/9260/685 682/9261/682
f 680/9262/680 1988/9263/1988 678/9264/678
f 679/9265/679 647/9266/647 653/9267/653
f 682/9268/682 642/9269/642 654/9270/654
f 686/9271/686 644/9272/644 655/9273/655
f 651/9274/651 689/9275/689 688/9276/688
f 652/9277/652 690/9278/690 689/9279/689
f 1989/9280/1989 1990/9281/1990 1991/9282/1991
f 693/9283/693 1990/9284/1990 684/9285/684
f 681/9286/681 1992/9287/1992 680/9288/680
f 687/9289/687 1993/9290/1993 693/9291/693
f 683/9292/683 1994/9293/1994 681/9294/681
f 692/9295/692 1989/9296/1989 683/9297/683
f 678/9298/678 1991/9299/1991 687/9300/687
f 684/9301/684 1995/9302/1995 692/9303/692
f 698/9304/698 696/9305/696 670/9306/670
f 790/9307/790 1996/9308/1996 1997/9309/1997
f 789/9310/789 1997/9311/1997 1998/9312/1998
f 787/9313/787 1998/9314/1998 1999/9315/1999
f 785/9316/785 1999/9317/1999 2000/9318/2000
f 783/9319/783 2001/9320/2001 807/9321/807
f 785/9322/785 2002/9323/2002 782/9324/782
f 807/9325/807 2003/9326/2003 806/9327/806
f 783/9328/783 2002/9329/2002 2004/9330/2004
f 2001/9331/2001 982/9332/982 981/9333/981
f 2003/9334/2003 981/9335/981 810/9336/810
f 993/9337/993 2003/9338/2003 810/9339/810
f 992/9340/992 2005/9341/2005 993/9342/993
f 991/9343/991 2006/9344/2006 992/9345/992
f 2007/9346/2007 991/9347/991 809/9348/809
f 990/9349/990 2007/9350/2007 809/9351/809
f 989/9352/989 2008/9353/2008 990/9354/990
f 988/9355/988 2009/9356/2009 989/9357/989
f 808/9358/808 2010/9359/2010 988/9360/988
f 1997/9361/1997 808/9362/808 987/9363/987
f 986/9364/986 1997/9365/1997 987/9366/987
f 985/9367/985 1998/9368/1998 986/9369/986
f 2000/9370/2000 985/9371/985 984/9372/984
f 2002/9373/2002 984/9374/984 983/9375/983
f 2004/9376/2004 983/9377/983 982/9378/982
f 806/9379/806 2005/9380/2005 804/9381/804
f 802/9382/802 2005/9383/2005 2006/9384/2006
f 802/9385/802 2011/9386/2011 800/9387/800
f 799/9388/799 2011/9389/2011 2007/9390/2007
f 797/9391/797 2007/9392/2007 2008/9393/2008
f 795/9394/795 2008/9395/2008 2009/9396/2009
f 794/9397/794 2009/9398/2009 2010/9399/2010
f 792/9400/792 2010/9401/2010 1996/9402/1996
f 2012/9403/2012 2013/9404/2013 2014/9405/2014
f 2015/9406/2015 2016/9407/2016 2017/9408/2017
f 2018/9409/2018 2019/9410/2019 2020/9411/2020
f 2021/9412/2021 2022/9413/2022 2023/9414/2023
f 2024/9415/2024 2022/9416/2022 2025/9417/2025
f 2026/9418/2026 2027/9419/2027 2016/9420/2016
f 2028/9421/2028 2029/9422/2029 2030/9423/2030
f 2013/9424/2013 2031/9425/2031 2014/9426/2014
f 2032/9427/2032 2026/9428/2026 2015/9429/2015
f 2033/9430/2033 2019/9431/2019 2013/9432/2013
f 2034/9433/2034 2016/9434/2016 2027/9435/2027
f 2035/9436/2035 2030/9437/2030 2029/9438/2029
f 2012/9439/2012 2031/9440/2031 2018/9441/2018
f 2036/9442/2036 2037/9443/2037 2024/9444/2024
f 2038/9445/2038 2028/9446/2028 2039/9447/2039
f 2021/9448/2021 2024/9449/2024 2025/9450/2025
f 2035/9451/2035 2040/9452/2040 2038/9453/2038
f 2032/9454/2032 2027/9455/2027 2041/9456/2041
f 2023/9457/2023 2037/9458/2037 2042/9459/2042
f 2039/9460/2039 2030/9461/2030 2043/9462/2043
f 790/9463/790 792/9464/792 1996/9465/1996
f 789/9466/789 790/9467/790 1997/9468/1997
f 787/9469/787 789/9470/789 1998/9471/1998
f 785/9472/785 787/9473/787 1999/9474/1999
f 783/9475/783 2004/9476/2004 2001/9477/2001
f 785/9478/785 2000/9479/2000 2002/9480/2002
f 807/9481/807 2001/9482/2001 2003/9483/2003
f 783/9484/783 782/9485/782 2002/9486/2002
f 2001/9487/2001 2004/9488/2004 982/9489/982
f 2003/9490/2003 2001/9491/2001 981/9492/981
f 993/9493/993 2005/9494/2005 2003/9495/2003
f 992/9496/992 2006/9497/2006 2005/9498/2005
f 991/9499/991 2011/9500/2011 2006/9501/2006
f 2007/9502/2007 2011/9503/2011 991/9504/991
f 990/9505/990 2008/9506/2008 2007/9507/2007
f 989/9508/989 2009/9509/2009 2008/9510/2008
f 988/9511/988 2010/9512/2010 2009/9513/2009
f 808/9514/808 1996/9515/1996 2010/9516/2010
f 1997/9517/1997 1996/9518/1996 808/9519/808
f 986/9520/986 1998/9521/1998 1997/9522/1997
f 985/9523/985 1999/9524/1999 1998/9525/1998
f 2000/9526/2000 1999/9527/1999 985/9528/985
f 2002/9529/2002 2000/9530/2000 984/9531/984
f 2004/9532/2004 2002/9533/2002 983/9534/983
f 806/9535/806 2003/9536/2003 2005/9537/2005
f 802/9538/802 804/9539/804 2005/9540/2005
f 802/9541/802 2006/9542/2006 2011/9543/2011
f 799/9544/799 800/9545/800 2011/9546/2011
f 797/9547/797 799/9548/799 2007/9549/2007
f 795/9550/795 797/9551/797 2008/9552/2008
f 794/9553/794 795/9554/795 2009/9555/2009
f 792/9556/792 794/9557/794 2010/9558/2010
f 2012/9559/2012 2033/9560/2033 2013/9561/2013
f 2015/9562/2015 2026/9563/2026 2016/9564/2016
f 2018/9565/2018 2031/9566/2031 2019/9567/2019
f 2021/9568/2021 2025/9569/2025 2022/9570/2022
f 2024/9571/2024 2037/9572/2037 2022/9573/2022
f 2026/9574/2026 2041/9575/2041 2027/9576/2027
f 2028/9577/2028 2040/9578/2040 2029/9579/2029
f 2013/9580/2013 2019/9581/2019 2031/9582/2031
f 2032/9583/2032 2041/9584/2041 2026/9585/2026
f 2033/9586/2033 2020/9587/2020 2019/9588/2019
f 2034/9589/2034 2017/9590/2017 2016/9591/2016
f 2035/9592/2035 2043/9593/2043 2030/9594/2030
f 2012/9595/2012 2014/9596/2014 2031/9597/2031
f 2036/9598/2036 2042/9599/2042 2037/9600/2037
f 2038/9601/2038 2040/9602/2040 2028/9603/2028
f 2021/9604/2021 2036/9605/2036 2024/9606/2024
f 2035/9607/2035 2029/9608/2029 2040/9609/2040
f 2032/9610/2032 2034/9611/2034 2027/9612/2027
f 2023/9613/2023 2022/9614/2022 2037/9615/2037
f 2039/9616/2039 2028/9617/2028 2030/9618/2030
f 115/9619/115 1911/9620/1911 1859/9621/1859
f 116/9622/116 1909/9623/1909 1860/9624/1860
f 121/9625/121 1914/9626/1914 1861/9627/1861
f 103/9628/103 1912/9629/1912 1862/9630/1862
f 1864/9631/1864 1868/9632/1868 1861/9633/1861
f 1861/9634/1861 1914/9635/1914 1863/9636/1863
f 1863/9637/1863 1871/9638/1871 1864/9639/1864
f 1867/9640/1867 1875/9641/1875 1865/9642/1865
f 1865/9643/1865 1913/9644/1913 1866/9645/1866
f 1866/9646/1866 1869/9647/1869 1867/9648/1867
f 1869/9649/1869 1866/9650/1866 1860/9651/1860
f 1860/9652/1860 1909/9653/1909 1868/9654/1868
f 1868/9655/1868 1864/9656/1864 1869/9657/1869
f 1871/9658/1871 1863/9659/1863 1862/9660/1862
f 1862/9661/1862 1912/9662/1912 1870/9663/1870
f 1870/9664/1870 1873/9665/1873 1871/9666/1871
f 1873/9667/1873 1870/9668/1870 1859/9669/1859
f 1859/9670/1859 1911/9671/1911 1872/9672/1872
f 1872/9673/1872 1876/9674/1876 1873/9675/1873
f 1876/9676/1876 1872/9677/1872 1874/9678/1874
f 1874/9679/1874 1910/9680/1910 1875/9681/1875
f 1875/9682/1875 1867/9683/1867 1876/9684/1876
f 52/9685/52 65/9686/65 1877/9687/1877
f 50/9688/50 1886/9689/1886 1879/9690/1879
f 58/9691/58 29/9692/29 1882/9693/1882
f 28/9694/28 1889/9695/1889 1882/9696/1882
f 50/9697/50 49/9698/49 1885/9699/1885
f 62/9700/62 55/9701/55 1879/9702/1879
f 62/9703/62 1887/9704/1887 1888/9705/1888
f 28/9706/28 70/9707/70 1888/9708/1888
f 52/9709/52 1878/9710/1878 1885/9711/1885
f 58/9712/58 1883/9713/1883 1877/9714/1877
f 1894/9715/1894 1880/9716/1880 1886/9717/1886
f 1880/9718/1880 1881/9719/1881 1879/9720/1879
f 1887/9721/1887 1890/9722/1890 1895/9723/1895
f 1881/9724/1881 1890/9725/1890 1887/9726/1887
f 1882/9727/1882 1889/9728/1889 1891/9729/1891
f 1888/9730/1888 1895/9731/1895 1891/9732/1891
f 1892/9733/1892 1884/9734/1884 1877/9735/1877
f 1893/9736/1893 1892/9737/1892 1883/9738/1883
f 1884/9739/1884 1896/9740/1896 1878/9741/1878
f 1896/9742/1896 1894/9743/1894 1885/9744/1885
f 125/9745/125 1916/9746/1916 1897/9747/1897
f 1900/9748/1900 2044/9749/2044 1897/9750/1897
f 1897/9751/1897 1916/9752/1916 1898/9753/1898
f 1898/9754/1898 2045/9755/2045 1901/9756/1901
f 1901/9757/1901 1917/9758/1917 1899/9759/1899
f 1899/9760/1899 1915/9761/1915 1902/9762/1902
f 1902/9763/1902 2046/9764/2046 1900/9765/1900
f 1900/9766/1900 1897/9767/1897 1898/9768/1898
f 1898/9769/1898 1901/9770/1901 1899/9771/1899
f 1899/9772/1899 1902/9773/1902 1900/9774/1900
f 107/9775/107 2045/9776/2045 1898/9777/1898
f 128/9778/128 1917/9779/1917 1901/9780/1901
f 129/9781/129 2046/9782/2046 1902/9783/1902
f 119/9784/119 1913/9785/1913 1865/9786/1865
f 1876/9787/1876 1906/9788/1906 1903/9789/1903
f 1906/9790/1906 1907/9791/1907 1904/9792/1904
f 1904/9793/1904 1908/9794/1908 1905/9795/1905
f 1905/9796/1905 1903/9797/1903 1906/9798/1906
f 1869/9799/1869 1904/9800/1904 1907/9801/1907
f 1871/9802/1871 1905/9803/1905 1908/9804/1908
f 1867/9805/1867 1907/9806/1907 1906/9807/1906
f 1864/9808/1864 1908/9809/1908 1904/9810/1904
f 1871/9811/1871 1873/9812/1873 1903/9813/1903
f 120/9814/120 1910/9815/1910 1874/9816/1874
f 127/9817/127 2044/9818/2044 1900/9819/1900
f 103/9820/103 123/9821/123 1859/9822/1859
f 121/9823/121 104/9824/104 1862/9825/1862
f 1861/9826/1861 1909/9827/1909 116/9828/116
f 1865/9829/1865 1910/9830/1910 120/9831/120
f 1874/9832/1874 1911/9833/1911 115/9834/115
f 1860/9835/1860 1913/9836/1913 119/9837/119
f 1901/9838/1901 2045/9839/2045 107/9840/107
f 1897/9841/1897 2044/9842/2044 127/9843/127
f 1900/9844/1900 2046/9845/2046 129/9846/129
f 132/9847/132 131/9848/131 1902/9849/1902
f 106/9850/106 1898/9851/1898 1916/9852/1916
f 128/9853/128 130/9854/130 1899/9855/1899
f 130/9856/130 132/9857/132 1915/9858/1915
f 353/9859/353 349/9860/349 352/9861/352
f 352/9862/352 323/9863/323 357/9864/357
f 357/9865/357 354/9866/354 350/9867/350
f 350/9868/350 358/9869/358 355/9870/355
f 355/9871/355 351/9872/351 359/9873/359
f 359/9874/359 356/9875/356 353/9876/353
f 353/9877/353 352/9878/352 357/9879/357
f 357/9880/357 350/9881/350 355/9882/355
f 355/9883/355 359/9884/359 353/9885/353
f 1944/9886/1944 1948/9887/1948 1945/9888/1945
f 1947/9889/1947 1957/9890/1957 1948/9891/1948
f 1949/9892/1949 1968/9893/1968 1950/9894/1950
f 1952/9895/1952 1947/9896/1947 1944/9897/1944
f 1953/9898/1953 1947/9899/1947 1952/9900/1952
f 1955/9901/1955 1967/9902/1967 1956/9903/1956
f 1953/9904/1953 1955/9905/1955 1957/9906/1957
f 1957/9907/1957 1965/9908/1965 1964/9909/1964
f 1948/9910/1948 1964/9911/1964 1959/9912/1959
f 1956/9913/1956 1961/9914/1961 1965/9915/1965
f 1963/9916/1963 1962/9917/1962 1966/9918/1966
f 1967/9919/1967 1955/9920/1955 1953/9921/1953
f 1960/9922/1960 1969/9923/1969 1963/9924/1963
f 1962/9925/1962 1950/9926/1950 1968/9927/1968
f 1960/9928/1960 1964/9929/1964 1965/9930/1965
f 1970/9931/1970 1974/9932/1974 1971/9933/1971
f 1973/9934/1973 1978/9935/1978 1974/9936/1974
f 1975/9937/1975 1979/9938/1979 1976/9939/1976
f 1973/9940/1973 1970/9941/1970 1972/9942/1972
f 1972/9943/1972 1975/9944/1975 1977/9945/1977
f 1978/9946/1978 1976/9947/1976 1979/9948/1979
f 1979/9949/1979 1971/9950/1971 1974/9951/1974
f 1980/9952/1980 1986/9953/1986 1981/9954/1981
f 1976/9955/1976 1978/9956/1978 1983/9957/1983
f 1977/9958/1977 1976/9959/1976 1984/9960/1984
f 1973/9961/1973 1977/9962/1977 1982/9963/1982
f 1978/9964/1978 1973/9965/1973 1981/9966/1981
f 1985/9967/1985 1987/9968/1987 1984/9969/1984
f 1986/9970/1986 1985/9971/1985 1983/9972/1983
f 1987/9973/1987 1980/9974/1980 1982/9975/1982
f 655/9976/655 651/9977/651 688/9978/688
f 653/9979/653 642/9980/642 691/9981/691
f 654/9982/654 644/9983/644 685/9984/685
f 680/9985/680 1992/9986/1992 1988/9987/1988
f 679/9988/679 690/9989/690 647/9990/647
f 682/9991/682 691/9992/691 642/9993/642
f 686/9994/686 685/9995/685 644/9996/644
f 651/9997/651 652/9998/652 689/9999/689
f 652/10000/652 647/10001/647 690/10002/690
f 1991/10003/1991 1988/10004/1988 1992/10005/1992
f 1992/10006/1992 1994/10007/1994 1989/10008/1989
f 1989/10009/1989 1995/10010/1995 1990/10011/1990
f 1990/10012/1990 1993/10013/1993 1991/10014/1991
f 1991/10015/1991 1992/10016/1992 1989/10017/1989
f 693/10018/693 1993/10019/1993 1990/10020/1990
f 681/10021/681 1994/10022/1994 1992/10023/1992
f 687/10024/687 1991/10025/1991 1993/10026/1993
f 683/10027/683 1989/10028/1989 1994/10029/1994
f 692/10030/692 1995/10031/1995 1989/10032/1989
f 678/10033/678 1988/10034/1988 1991/10035/1991
f 684/10036/684 1990/10037/1990 1995/10038/1995
f 698/10039/698 697/10040/697 696/10041/696
f 1587/10042/1587 2047/10043/2047 1601/10044/1601
f 1601/10045/1601 2048/10046/2048 1599/10047/1599
f 1599/10048/1599 2049/10049/2049 1720/10050/1720
f 1598/10051/1598 2049/10052/2049 2050/10053/2050
f 1596/10054/1596 2050/10055/2050 2051/10056/2051
f 1589/10057/1589 2052/10058/2052 1591/10059/1591
f 1593/10060/1593 2053/10061/2053 2054/10062/2054
f 1595/10063/1595 2055/10064/2055 1597/10065/1597
f 1588/10066/1588 2056/10067/2056 2057/10068/2057
f 1588/10069/1588 2058/10070/2058 1589/10071/1589
f 1592/10072/1592 2052/10073/2052 2053/10074/2053
f 1593/10075/1593 2059/10076/2059 1595/10077/1595
f 1600/10078/1600 2055/10079/2055 2056/10080/2056
f 2058/10081/2058 2060/10082/2060 2061/10083/2061
f 2052/10084/2052 2061/10085/2061 2062/10086/2062
f 2063/10087/2063 2052/10088/2052 2062/10089/2062
f 2064/10090/2064 2053/10091/2053 2063/10092/2063
f 2065/10093/2065 2054/10094/2054 2064/10095/2064
f 2066/10096/2066 2059/10097/2059 2065/10098/2065
f 2056/10099/2056 2066/10100/2066 2067/10101/2067
f 2057/10102/2057 2067/10103/2067 2060/10104/2060
f 2068/10105/2068 2048/10106/2048 2047/10107/2047
f 2069/10108/2069 2049/10109/2049 2048/10110/2048
f 2049/10111/2049 2070/10112/2070 2050/10113/2050
f 2050/10114/2050 2071/10115/2071 2051/10116/2051
f 2051/10117/2051 2072/10118/2072 2073/10119/2073
f 2073/10120/2073 2074/10121/2074 2075/10122/2075
f 2074/10123/2074 2076/10124/2076 2075/10125/2075
f 2077/10126/2077 2047/10127/2047 2076/10128/2076
f 1590/10129/1590 2076/10130/2076 1587/10131/1587
f 1590/10132/1590 2073/10133/2073 2075/10134/2075
f 1594/10135/1594 2051/10136/2051 2073/10137/2073
f 1587/10138/1587 2076/10139/2076 2047/10140/2047
f 1601/10141/1601 2047/10142/2047 2048/10143/2048
f 1599/10144/1599 2048/10145/2048 2049/10146/2049
f 1598/10147/1598 1720/10148/1720 2049/10149/2049
f 1596/10150/1596 1598/10151/1598 2050/10152/2050
f 1589/10153/1589 2058/10154/2058 2052/10155/2052
f 1593/10156/1593 1592/10157/1592 2053/10158/2053
f 1595/10159/1595 2059/10160/2059 2055/10161/2055
f 1588/10162/1588 1600/10163/1600 2056/10164/2056
f 1588/10165/1588 2057/10166/2057 2058/10167/2058
f 1592/10168/1592 1591/10169/1591 2052/10170/2052
f 1593/10171/1593 2054/10172/2054 2059/10173/2059
f 1600/10174/1600 1597/10175/1597 2055/10176/2055
f 2058/10177/2058 2057/10178/2057 2060/10179/2060
f 2052/10180/2052 2058/10181/2058 2061/10182/2061
f 2063/10183/2063 2053/10184/2053 2052/10185/2052
f 2064/10186/2064 2054/10187/2054 2053/10188/2053
f 2065/10189/2065 2059/10190/2059 2054/10191/2054
f 2066/10192/2066 2055/10193/2055 2059/10194/2059
f 2056/10195/2056 2055/10196/2055 2066/10197/2066
f 2057/10198/2057 2056/10199/2056 2067/10200/2067
f 2068/10201/2068 2069/10202/2069 2048/10203/2048
f 2069/10204/2069 2078/10205/2078 2049/10206/2049
f 2049/10207/2049 2078/10208/2078 2070/10209/2070
f 2050/10210/2050 2070/10211/2070 2071/10212/2071
f 2051/10213/2051 2071/10214/2071 2072/10215/2072
f 2073/10216/2073 2072/10217/2072 2074/10218/2074
f 2074/10219/2074 2077/10220/2077 2076/10221/2076
f 2077/10222/2077 2068/10223/2068 2047/10224/2047
f 1590/10225/1590 2075/10226/2075 2076/10227/2076
f 1590/10228/1590 1594/10229/1594 2073/10230/2073
f 1594/10231/1594 1596/10232/1596 2051/10233/2051
f 1723/10234/1723 2079/10235/2079 1737/10236/1737
f 1737/10237/1737 2080/10238/2080 1735/10239/1735
f 1735/10240/1735 2081/10241/2081 1856/10242/1856
f 1734/10243/1734 2081/10244/2081 2082/10245/2082
f 1732/10246/1732 2082/10247/2082 2083/10248/2083
f 1725/10249/1725 2084/10250/2084 1727/10251/1727
f 1729/10252/1729 2085/10253/2085 2086/10254/2086
f 1731/10255/1731 2087/10256/2087 1733/10257/1733
f 1724/10258/1724 2088/10259/2088 2089/10260/2089
f 1724/10261/1724 2090/10262/2090 1725/10263/1725
f 1728/10264/1728 2084/10265/2084 2085/10266/2085
f 1729/10267/1729 2091/10268/2091 1731/10269/1731
f 1736/10270/1736 2087/10271/2087 2088/10272/2088
f 2090/10273/2090 2092/10274/2092 2093/10275/2093
f 2084/10276/2084 2093/10277/2093 2094/10278/2094
f 2095/10279/2095 2084/10280/2084 2094/10281/2094
f 2096/10282/2096 2085/10283/2085 2095/10284/2095
f 2097/10285/2097 2086/10286/2086 2096/10287/2096
f 2098/10288/2098 2091/10289/2091 2097/10290/2097
f 2088/10291/2088 2098/10292/2098 2099/10293/2099
f 2089/10294/2089 2099/10295/2099 2092/10296/2092
f 2100/10297/2100 2080/10298/2080 2079/10299/2079
f 2101/10300/2101 2081/10301/2081 2080/10302/2080
f 2081/10303/2081 2102/10304/2102 2082/10305/2082
f 2082/10306/2082 2103/10307/2103 2083/10308/2083
f 2083/10309/2083 2104/10310/2104 2105/10311/2105
f 2105/10312/2105 2106/10313/2106 2107/10314/2107
f 2106/10315/2106 2108/10316/2108 2107/10317/2107
f 2109/10318/2109 2079/10319/2079 2108/10320/2108
f 1726/10321/1726 2108/10322/2108 1723/10323/1723
f 1726/10324/1726 2105/10325/2105 2107/10326/2107
f 1730/10327/1730 2083/10328/2083 2105/10329/2105
f 1723/10330/1723 2108/10331/2108 2079/10332/2079
f 1737/10333/1737 2079/10334/2079 2080/10335/2080
f 1735/10336/1735 2080/10337/2080 2081/10338/2081
f 1734/10339/1734 1856/10340/1856 2081/10341/2081
f 1732/10342/1732 1734/10343/1734 2082/10344/2082
f 1725/10345/1725 2090/10346/2090 2084/10347/2084
f 1729/10348/1729 1728/10349/1728 2085/10350/2085
f 1731/10351/1731 2091/10352/2091 2087/10353/2087
f 1724/10354/1724 1736/10355/1736 2088/10356/2088
f 1724/10357/1724 2089/10358/2089 2090/10359/2090
f 1728/10360/1728 1727/10361/1727 2084/10362/2084
f 1729/10363/1729 2086/10364/2086 2091/10365/2091
f 1736/10366/1736 1733/10367/1733 2087/10368/2087
f 2090/10369/2090 2089/10370/2089 2092/10371/2092
f 2084/10372/2084 2090/10373/2090 2093/10374/2093
f 2095/10375/2095 2085/10376/2085 2084/10377/2084
f 2096/10378/2096 2086/10379/2086 2085/10380/2085
f 2097/10381/2097 2091/10382/2091 2086/10383/2086
f 2098/10384/2098 2087/10385/2087 2091/10386/2091
f 2088/10387/2088 2087/10388/2087 2098/10389/2098
f 2089/10390/2089 2088/10391/2088 2099/10392/2099
f 2100/10393/2100 2101/10394/2101 2080/10395/2080
f 2101/10396/2101 2110/10397/2110 2081/10398/2081
f 2081/10399/2081 2110/10400/2110 2102/10401/2102
f 2082/10402/2082 2102/10403/2102 2103/10404/2103
f 2083/10405/2083 2103/10406/2103 2104/10407/2104
f 2105/10408/2105 2104/10409/2104 2106/10410/2106
f 2106/10411/2106 2109/10412/2109 2108/10413/2108
f 2109/10414/2109 2100/10415/2100 2079/10416/2079
f 1726/10417/1726 2107/10418/2107 2108/10419/2108
f 1726/10420/1726 1730/10421/1730 2105/10422/2105
f 1730/10423/1730 1732/10424/1732 2083/10425/2083
usemtl alumGray
f 2111/10426/2111 2112/10427/2112 2113/10428/2113
f 2114/10429/2114 2115/10430/2115 2116/10431/2116
f 2117/10432/2117 2118/10433/2118 2119/10434/2119
f 2112/10435/2112 2120/10436/2120 2119/10437/2119
f 2111/10438/2111 2121/10439/2121 2122/10440/2122
f 2123/10441/2123 2124/10442/2124 2125/10443/2125
f 2114/10444/2114 2126/10445/2126 2127/10446/2127
f 2116/10447/2116 2120/10448/2120 2112/10449/2112
f 2128/10450/2128 2122/10451/2122 2121/10452/2121
f 2129/10453/2129 2117/10454/2117 2130/10455/2130
f 2124/10456/2124 2117/10457/2117 2120/10458/2120
f 2131/10459/2131 2126/10460/2126 2122/10461/2122
f 2132/10462/2132 2115/10463/2115 2133/10464/2133
f 2131/10465/2131 2125/10466/2125 2116/10467/2116
f 2131/10468/2131 2132/10469/2132 2127/10470/2127
f 2134/10471/2134 2135/10472/2135 2136/10473/2136
f 2124/10474/2124 2134/10475/2134 2136/10476/2136
f 2124/10477/2124 2135/10478/2135 2130/10479/2130
f 2129/10480/2129 2134/10481/2134 2128/10482/2128
f 2114/10483/2114 2132/10484/2132 2133/10485/2133
f 2116/10486/2116 2137/10487/2137 2131/10488/2131
f 2130/10489/2130 2138/10490/2138 2129/10491/2129
f 2139/10492/2139 374/10493/374 378/10494/378
f 2140/10495/2140 372/10496/372 374/10497/374
f 2141/10498/2141 379/10499/379 372/10500/372
f 2142/10501/2142 389/10502/389 379/10503/379
f 2139/10504/2139 2143/10505/2143 2141/10506/2141
f 2143/10507/2143 388/10508/388 389/10509/389
f 2144/10510/2144 378/10511/378 388/10512/388
f 2139/10513/2139 2140/10514/2140 374/10515/374
f 2140/10516/2140 2141/10517/2141 372/10518/372
f 2141/10519/2141 2142/10520/2142 379/10521/379
f 2142/10522/2142 2143/10523/2143 389/10524/389
f 2141/10525/2141 2140/10526/2140 2139/10527/2139
f 2139/10528/2139 2144/10529/2144 2143/10530/2143
f 2143/10531/2143 2142/10532/2142 2141/10533/2141
f 2143/10534/2143 2144/10535/2144 388/10536/388
f 2144/10537/2144 2139/10538/2139 378/10539/378
f 668/10540/668 2145/10541/2145 966/10542/966
f 967/10543/967 2146/10544/2146 677/10545/677
f 661/10546/661 2147/10547/2147 962/10548/962
f 2145/10549/2145 2147/10550/2147 2146/10551/2146
f 665/10552/665 2148/10553/2148 965/10554/965
f 677/10555/677 661/10556/661 961/10557/961
f 962/10558/962 668/10559/668 662/10560/662
f 665/10561/665 667/10562/667 966/10563/966
f 965/10564/965 676/10565/676 666/10566/666
f 2148/10567/2148 967/10568/967 965/10569/965
f 661/10570/661 2146/10571/2146 2149/10572/2149
f 2147/10573/2147 668/10574/668 962/10575/962
f 665/10576/665 2145/10577/2145 2150/10578/2150
f 701/10579/701 2151/10580/2151 968/10581/968
f 2152/10582/2152 972/10583/972 700/10584/700
f 2153/10585/2153 971/10586/971 699/10587/699
f 2151/10588/2151 2154/10589/2154 2155/10590/2155
f 2156/10591/2156 970/10592/970 969/10593/969
f 2151/10594/2151 969/10595/969 968/10596/968
f 2153/10597/2153 970/10598/970 2157/10599/2157
f 700/10600/700 2155/10601/2155 2152/10602/2152
f 701/10603/701 2154/10604/2154 2158/10605/2158
f 2159/10606/2159 2160/10607/2160 2161/10608/2161
f 2162/10609/2162 2163/10610/2163 2164/10611/2164
f 2165/10612/2165 2166/10613/2166 2167/10614/2167
f 2168/10615/2168 2169/10616/2169 2170/10617/2170
f 2171/10618/2171 2172/10619/2172 2173/10620/2173
f 2174/10621/2174 2175/10622/2175 2176/10623/2176
f 2177/10624/2177 2178/10625/2178 2179/10626/2179
f 2180/10627/2180 2181/10628/2181 2182/10629/2182
f 2183/10630/2183 2184/10631/2184 2185/10632/2185
f 2186/10633/2186 2185/10634/2185 2160/10635/2160
f 2179/10636/2179 2187/10637/2187 2177/10638/2177
f 2164/10639/2164 2182/10640/2182 2162/10641/2162
f 2167/10642/2167 2188/10643/2188 2165/10644/2165
f 2170/10645/2170 2181/10646/2181 2168/10647/2168
f 2173/10648/2173 2189/10649/2189 2171/10650/2171
f 2176/10651/2176 2180/10652/2180 2174/10653/2174
f 2161/10654/2161 2190/10655/2190 2159/10656/2159
f 2111/10657/2111 2126/10658/2126 2112/10659/2112
f 2114/10660/2114 2133/10661/2133 2115/10662/2115
f 2117/10663/2117 2121/10664/2121 2118/10665/2118
f 2119/10666/2119 2113/10667/2113 2112/10668/2112
f 2120/10669/2120 2117/10670/2117 2119/10671/2119
f 2122/10672/2122 2126/10673/2126 2111/10674/2111
f 2111/10675/2111 2118/10676/2118 2121/10677/2121
f 2123/10678/2123 2128/10679/2128 2124/10680/2124
f 2114/10681/2114 2112/10682/2112 2126/10683/2126
f 2112/10684/2112 2114/10685/2114 2116/10686/2116
f 2116/10687/2116 2125/10688/2125 2120/10689/2120
f 2121/10690/2121 2129/10691/2129 2128/10692/2128
f 2128/10693/2128 2123/10694/2123 2122/10695/2122
f 2129/10696/2129 2121/10697/2121 2117/10698/2117
f 2120/10699/2120 2125/10700/2125 2124/10701/2124
f 2124/10702/2124 2130/10703/2130 2117/10704/2117
f 2122/10705/2122 2123/10706/2123 2131/10707/2131
f 2131/10708/2131 2127/10709/2127 2126/10710/2126
f 2132/10711/2132 2137/10712/2137 2115/10713/2115
f 2131/10714/2131 2123/10715/2123 2125/10716/2125
f 2131/10717/2131 2137/10718/2137 2132/10719/2132
f 2134/10720/2134 2138/10721/2138 2135/10722/2135
f 2124/10723/2124 2128/10724/2128 2134/10725/2134
f 2124/10726/2124 2136/10727/2136 2135/10728/2135
f 2129/10729/2129 2138/10730/2138 2134/10731/2134
f 2114/10732/2114 2127/10733/2127 2132/10734/2132
f 2116/10735/2116 2115/10736/2115 2137/10737/2137
f 2130/10738/2130 2135/10739/2135 2138/10740/2138
f 668/10741/668 2191/10742/2191 2145/10743/2145
f 967/10744/967 2192/10745/2192 2146/10746/2146
f 661/10747/661 2149/10748/2149 2147/10749/2147
f 2146/10750/2146 2192/10751/2192 2148/10752/2148
f 2148/10753/2148 2150/10754/2150 2145/10755/2145
f 2145/10756/2145 2191/10757/2191 2147/10758/2147
f 2147/10759/2147 2149/10760/2149 2146/10761/2146
f 2146/10762/2146 2148/10763/2148 2145/10764/2145
f 665/10765/665 2150/10766/2150 2148/10767/2148
f 665/10768/665 964/10769/964 667/10770/667
f 965/10771/965 967/10772/967 676/10773/676
f 2148/10774/2148 2192/10775/2192 967/10776/967
f 661/10777/661 677/10778/677 2146/10779/2146
f 2147/10780/2147 2191/10781/2191 668/10782/668
f 665/10783/665 966/10784/966 2145/10785/2145
f 701/10786/701 2158/10787/2158 2151/10788/2151
f 2152/10789/2152 2154/10790/2154 972/10791/972
f 2153/10792/2153 2155/10793/2155 971/10794/971
f 2155/10795/2155 2153/10796/2153 2157/10797/2157
f 2157/10798/2157 2156/10799/2156 2151/10800/2151
f 2151/10801/2151 2158/10802/2158 2154/10803/2154
f 2154/10804/2154 2152/10805/2152 2155/10806/2155
f 2155/10807/2155 2157/10808/2157 2151/10809/2151
f 2156/10810/2156 2157/10811/2157 970/10812/970
f 2151/10813/2151 2156/10814/2156 969/10815/969
f 2153/10816/2153 699/10817/699 970/10818/970
f 700/10819/700 971/10820/971 2155/10821/2155
f 701/10822/701 972/10823/972 2154/10824/2154
f 2159/10825/2159 2186/10826/2186 2160/10827/2160
f 2162/10828/2162 2188/10829/2188 2163/10830/2163
f 2165/10831/2165 2181/10832/2181 2166/10833/2166
f 2168/10834/2168 2189/10835/2189 2169/10836/2169
f 2171/10837/2171 2180/10838/2180 2172/10839/2172
f 2174/10840/2174 2190/10841/2190 2175/10842/2175
f 2177/10843/2177 2182/10844/2182 2178/10845/2178
f 2182/10846/2182 2177/10847/2177 2187/10848/2187
f 2187/10849/2187 2183/10850/2183 2186/10851/2186
f 2186/10852/2186 2159/10853/2159 2190/10854/2190
f 2190/10855/2190 2174/10856/2174 2180/10857/2180
f 2180/10858/2180 2171/10859/2171 2189/10860/2189
f 2189/10861/2189 2168/10862/2168 2181/10863/2181
f 2181/10864/2181 2165/10865/2165 2188/10866/2188
f 2188/10867/2188 2162/10868/2162 2182/10869/2182
f 2182/10870/2182 2187/10871/2187 2186/10872/2186
f 2186/10873/2186 2190/10874/2190 2180/10875/2180
f 2180/10876/2180 2189/10877/2189 2181/10878/2181
f 2181/10879/2181 2188/10880/2188 2182/10881/2182
f 2182/10882/2182 2186/10883/2186 2180/10884/2180
f 2183/10885/2183 2187/10886/2187 2184/10887/2184
f 2186/10888/2186 2183/10889/2183 2185/10890/2185
f 2179/10891/2179 2184/10892/2184 2187/10893/2187
f 2164/10894/2164 2178/10895/2178 2182/10896/2182
f 2167/10897/2167 2163/10898/2163 2188/10899/2188
f 2170/10900/2170 2166/10901/2166 2181/10902/2181
f 2173/10903/2173 2169/10904/2169 2189/10905/2189
f 2176/10906/2176 2172/10907/2172 2180/10908/2180
f 2161/10909/2161 2175/10910/2175 2190/10911/2190
usemtl alumGrayDeep
f 2193/10912/2193 2194/10913/2194 2195/10914/2195
f 2196/10915/2196 2197/10916/2197 2195/10917/2195
f 2198/10918/2198 2199/10919/2199 2200/10920/2200
f 2201/10921/2201 2202/10922/2202 2193/10923/2193
f 2201/10924/2201 2203/10925/2203 2204/10926/2204
f 2205/10927/2205 2206/10928/2206 2200/10929/2200
f 2207/10930/2207 2208/10931/2208 2209/10932/2209
f 2210/10933/2210 2211/10934/2211 2212/10935/2212
f 2213/10936/2213 2207/10937/2207 2199/10938/2199
f 2212/10939/2212 2214/10940/2214 2210/10941/2210
f 2214/10942/2214 2215/10943/2215 2216/10944/2216
f 2216/10945/2216 2217/10946/2217 2207/10947/2207
f 2218/10948/2218 2219/10949/2219 2194/10950/2194
f 2220/10951/2220 2221/10952/2221 2219/10953/2219
f 2222/10954/2222 2196/10955/2196 2221/10956/2221
f 2195/10957/2195 2223/10958/2223 2193/10959/2193
f 2224/10960/2224 2225/10961/2225 2223/10962/2223
f 2197/10963/2197 2201/10964/2201 2225/10965/2225
f 2213/10966/2213 2226/10967/2226 2211/10968/2211
f 2227/10969/2227 2206/10970/2206 2226/10971/2226
f 2228/10972/2228 2198/10973/2198 2206/10974/2206
f 2196/10975/2196 2229/10976/2229 2230/10977/2230
f 2231/10978/2231 2232/10979/2232 2233/10980/2233
f 2234/10981/2234 2235/10982/2235 2231/10983/2231
f 2236/10984/2236 2237/10985/2237 2234/10986/2234
f 2233/10987/2233 2238/10988/2238 2236/10989/2236
f 2233/10990/2233 2234/10991/2234 2231/10992/2231
f 2239/10993/2239 2240/10994/2240 2241/10995/2241
f 2232/10996/2232 2240/10997/2240 2242/10998/2242
f 2240/10999/2240 2237/11000/2237 2241/11001/2241
f 2237/11002/2237 2243/11003/2243 2241/11004/2241
f 2238/11005/2238 2242/11006/2242 2243/11007/2243
f 2244/11008/2244 2245/11009/2245 2246/11010/2246
f 2245/11011/2245 2241/11012/2241 2243/11013/2243
f 2244/11014/2244 2242/11015/2242 2240/11016/2240
f 2246/11017/2246 2243/11018/2243 2242/11019/2242
f 2204/11020/2204 2229/11021/2229 2202/11022/2202
f 2202/11023/2202 2222/11024/2222 2220/11025/2220
f 2220/11026/2220 2218/11027/2218 2202/11028/2202
f 2218/11029/2218 2193/11030/2193 2202/11031/2202
f 2193/11032/2193 2223/11033/2223 2225/11034/2225
f 2225/11035/2225 2201/11036/2201 2193/11037/2193
f 2201/11038/2201 2204/11039/2204 2202/11040/2202
f 2220/11041/2220 2222/11042/2222 2221/11043/2221
f 2222/11044/2222 2202/11045/2202 2196/11046/2196
f 2196/11047/2196 2202/11048/2202 2229/11049/2229
f 2234/11050/2234 2237/11051/2237 2235/11052/2235
f 2236/11053/2236 2238/11054/2238 2237/11055/2237
f 2233/11056/2233 2236/11057/2236 2234/11058/2234
f 2247/11059/2247 2248/11060/2248 2249/11061/2249
f 2250/11062/2250 2251/11063/2251 2252/11064/2252
f 2253/11065/2253 2254/11066/2254 2255/11067/2255
f 2256/11068/2256 2257/11069/2257 2258/11070/2258
f 2259/11071/2259 2260/11072/2260 2261/11073/2261
f 2262/11074/2262 2263/11075/2263 2264/11076/2264
f 2265/11077/2265 2266/11078/2266 2267/11079/2267
f 2268/11080/2268 2269/11081/2269 2270/11082/2270
f 2271/11083/2271 2262/11084/2262 1311/11085/1311
f 1332/11086/1332 2247/11087/2247 1330/11088/1330
f 1308/11089/1308 1310/11090/1310 2272/11091/2272
f 2273/11092/2273 2270/11093/2270 2248/11094/2248
f 2267/11095/2267 2272/11096/2272 2265/11097/2265
f 2252/11098/2252 2274/11099/2274 2250/11100/2250
f 2255/11101/2255 2275/11102/2275 2253/11103/2253
f 2258/11104/2258 2276/11105/2276 2256/11106/2256
f 2261/11107/2261 2277/11108/2277 2259/11109/2259
f 2264/11110/2264 2278/11111/2278 2262/11112/2262
f 2249/11113/2249 2271/11114/2271 2247/11115/2247
f 2265/11116/2265 1324/11117/1324 1326/11118/1326
f 2272/11119/2272 2268/11120/2268 1308/11121/1308
f 1310/11122/1310 1324/11123/1324 2272/11124/2272
f 2277/11125/2277 1314/11126/1314 1316/11127/1316
f 1323/11128/1323 1314/11129/1314 2276/11130/2276
f 2247/11131/2247 1332/11132/1332 2273/11133/2273
f 2275/11134/2275 2250/11135/2250 1317/11136/1317
f 2259/11137/2259 1327/11138/1327 1329/11139/1329
f 1313/11140/1313 1330/11141/1330 2247/11142/2247
f 2274/11143/2274 2265/11144/2265 1326/11145/1326
f 1313/11146/1313 2271/11147/2271 1311/11148/1311
f 2278/11149/2278 1311/11150/1311 2262/11151/2262
f 1326/11152/1326 2250/11153/2250 2274/11154/2274
f 1317/11155/1317 2250/11156/2250 1326/11157/1326
f 2278/11158/2278 1329/11159/1329 1311/11160/1311
f 1319/11161/1319 2275/11162/2275 1317/11163/1317
f 2278/11164/2278 2259/11165/2259 1329/11166/1329
f 2277/11167/2277 1316/11168/1316 1327/11169/1327
f 1308/11170/1308 2268/11171/2268 2273/11172/2273
f 1321/11173/1321 2253/11174/2253 1319/11175/1319
f 2259/11176/2259 2277/11177/2277 1327/11178/1327
f 1324/11179/1324 2265/11180/2265 2272/11181/2272
f 1323/11182/1323 2253/11183/2253 1321/11184/1321
f 2271/11185/2271 1313/11186/1313 2247/11187/2247
f 2277/11188/2277 2256/11189/2256 1314/11190/1314
f 1314/11191/1314 2256/11192/2256 2276/11193/2276
f 2253/11194/2253 2275/11195/2275 1319/11196/1319
f 2253/11197/2253 1323/11198/1323 2276/11199/2276
f 1332/11200/1332 1308/11201/1308 2273/11202/2273
f 2279/11203/2279 2280/11204/2280 2281/11205/2281
f 2282/11206/2282 2283/11207/2283 2284/11208/2284
f 2285/11209/2285 2282/11210/2282 2286/11211/2286
f 2287/11212/2287 2288/11213/2288 2289/11214/2289
f 2283/11215/2283 2290/11216/2290 2284/11217/2284
f 2284/11218/2284 2291/11219/2291 2292/11220/2292
f 2292/11221/2292 2293/11222/2293 2294/11223/2294
f 2294/11224/2294 2295/11225/2295 2296/11226/2296
f 2297/11227/2297 2288/11228/2288 2298/11229/2298
f 2297/11230/2297 2299/11231/2299 2283/11232/2283
f 1980/11233/1980 1985/11234/1985 1986/11235/1986
f 2280/11236/2280 2291/11237/2291 2290/11238/2290
f 2300/11239/2300 2296/11240/2296 2295/11241/2295
f 858/11242/858 2301/11243/2301 856/11244/856
f 833/11245/833 2302/11246/2302 846/11247/846
f 856/11248/856 2303/11249/2303 855/11250/855
f 850/11251/850 2304/11252/2304 2305/11253/2305
f 2306/11254/2306 2307/11255/2307 2308/11256/2308
f 2309/11257/2309 2302/11258/2302 2310/11259/2310
f 2311/11260/2311 2304/11261/2304 2312/11262/2312
f 2303/11263/2303 2313/11264/2313 2314/11265/2314
f 835/11266/835 2313/11267/2313 858/11268/858
f 863/11269/863 2306/11270/2306 994/11271/994
f 834/11272/834 2311/11273/2311 2312/11274/2312
f 839/11275/839 2306/11276/2306 2308/11277/2308
f 850/11278/850 2311/11279/2311 849/11280/849
f 863/11281/863 2307/11282/2307 2315/11283/2315
f 834/11284/834 2304/11285/2304 881/11286/881
f 833/11287/833 2309/11288/2309 2310/11289/2310
f 862/11290/862 2308/11291/2308 2307/11292/2307
f 835/11293/835 2303/11294/2303 2314/11295/2314
f 846/11296/846 2316/11297/2316 843/11298/843
f 844/11299/844 2316/11300/2316 2309/11301/2309
f 904/11302/904 2317/11303/2317 818/11304/818
f 884/11305/884 882/11306/882 2317/11307/2317
f 832/11308/832 816/11309/816 2318/11310/2318
f 2319/11311/2319 2320/11312/2320 2321/11313/2321
f 865/11314/865 2322/11315/2322 880/11316/880
f 2317/11317/2317 2321/11318/2321 2318/11319/2318
f 2318/11320/2318 2320/11321/2320 865/11322/865
f 2317/11323/2317 2322/11324/2322 2319/11325/2319
f 2193/11326/2193 2218/11327/2218 2194/11328/2194
f 2195/11329/2195 2194/11330/2194 2219/11331/2219
f 2219/11332/2219 2221/11333/2221 2196/11334/2196
f 2196/11335/2196 2230/11336/2230 2203/11337/2203
f 2203/11338/2203 2323/11339/2323 2197/11340/2197
f 2197/11341/2197 2224/11342/2224 2195/11343/2195
f 2195/11344/2195 2219/11345/2219 2196/11346/2196
f 2196/11347/2196 2203/11348/2203 2197/11349/2197
f 2198/11350/2198 2324/11351/2324 2199/11352/2199
f 2201/11353/2201 2323/11354/2323 2203/11355/2203
f 2200/11356/2200 2208/11357/2208 2217/11358/2217
f 2217/11359/2217 2215/11360/2215 2205/11361/2205
f 2205/11362/2205 2212/11363/2212 2211/11364/2211
f 2211/11365/2211 2226/11366/2226 2206/11367/2206
f 2206/11368/2206 2198/11369/2198 2200/11370/2200
f 2200/11371/2200 2217/11372/2217 2205/11373/2205
f 2205/11374/2205 2211/11375/2211 2206/11376/2206
f 2207/11377/2207 2217/11378/2217 2208/11379/2208
f 2210/11380/2210 2213/11381/2213 2211/11382/2211
f 2199/11383/2199 2324/11384/2324 2228/11385/2228
f 2228/11386/2228 2227/11387/2227 2213/11388/2213
f 2213/11389/2213 2210/11390/2210 2214/11391/2214
f 2214/11392/2214 2216/11393/2216 2207/11394/2207
f 2207/11395/2207 2209/11396/2209 2199/11397/2199
f 2199/11398/2199 2228/11399/2228 2213/11400/2213
f 2213/11401/2213 2214/11402/2214 2207/11403/2207
f 2212/11404/2212 2205/11405/2205 2214/11406/2214
f 2214/11407/2214 2205/11408/2205 2215/11409/2215
f 2216/11410/2216 2215/11411/2215 2217/11412/2217
f 2218/11413/2218 2220/11414/2220 2219/11415/2219
f 2195/11416/2195 2224/11417/2224 2223/11418/2223
f 2224/11419/2224 2197/11420/2197 2225/11421/2225
f 2197/11422/2197 2323/11423/2323 2201/11424/2201
f 2213/11425/2213 2227/11426/2227 2226/11427/2226
f 2227/11428/2227 2228/11429/2228 2206/11430/2206
f 2228/11431/2228 2324/11432/2324 2198/11433/2198
f 2231/11434/2231 2235/11435/2235 2232/11436/2232
f 2233/11437/2233 2232/11438/2232 2238/11439/2238
f 2239/11440/2239 2244/11441/2244 2240/11442/2240
f 2232/11443/2232 2235/11444/2235 2240/11445/2240
f 2240/11446/2240 2235/11447/2235 2237/11448/2237
f 2237/11449/2237 2238/11450/2238 2243/11451/2243
f 2238/11452/2238 2232/11453/2232 2242/11454/2242
f 2244/11455/2244 2239/11456/2239 2245/11457/2245
f 2245/11458/2245 2239/11459/2239 2241/11460/2241
f 2244/11461/2244 2246/11462/2246 2242/11463/2242
f 2246/11464/2246 2245/11465/2245 2243/11466/2243
f 2247/11467/2247 2273/11468/2273 2248/11469/2248
f 2250/11470/2250 2275/11471/2275 2251/11472/2251
f 2253/11473/2253 2276/11474/2276 2254/11475/2254
f 2256/11476/2256 2277/11477/2277 2257/11478/2257
f 2259/11479/2259 2278/11480/2278 2260/11481/2260
f 2262/11482/2262 2271/11483/2271 2263/11484/2263
f 2265/11485/2265 2274/11486/2274 2266/11487/2266
f 2268/11488/2268 2272/11489/2272 2269/11490/2269
f 2273/11491/2273 2268/11492/2268 2270/11493/2270
f 2267/11494/2267 2269/11495/2269 2272/11496/2272
f 2252/11497/2252 2266/11498/2266 2274/11499/2274
f 2255/11500/2255 2251/11501/2251 2275/11502/2275
f 2258/11503/2258 2254/11504/2254 2276/11505/2276
f 2261/11506/2261 2257/11507/2257 2277/11508/2277
f 2264/11509/2264 2260/11510/2260 2278/11511/2278
f 2249/11512/2249 2263/11513/2263 2271/11514/2271
f 2279/11515/2279 2300/11516/2300 2280/11517/2280
f 2294/11518/2294 2296/11519/2296 2279/11520/2279
f 2279/11521/2279 2281/11522/2281 2282/11523/2282
f 2282/11524/2282 2287/11525/2287 2289/11526/2289
f 2282/11527/2282 2289/11528/2289 2297/11529/2297
f 2292/11530/2292 2294/11531/2294 2279/11532/2279
f 2292/11533/2292 2279/11534/2279 2282/11535/2282
f 2282/11536/2282 2297/11537/2297 2283/11538/2283
f 2284/11539/2284 2292/11540/2292 2282/11541/2282
f 2285/11542/2285 2287/11543/2287 2282/11544/2282
f 2287/11545/2287 2285/11546/2285 2288/11547/2288
f 2283/11548/2283 2299/11549/2299 2290/11550/2290
f 2284/11551/2284 2290/11552/2290 2291/11553/2291
f 2292/11554/2292 2291/11555/2291 2293/11556/2293
f 2294/11557/2294 2293/11558/2293 2295/11559/2295
f 2297/11560/2297 2289/11561/2289 2288/11562/2288
f 2297/11563/2297 2298/11564/2298 2299/11565/2299
f 1980/11566/1980 1987/11567/1987 1985/11568/1985
f 2298/11569/2298 2288/11570/2288 2285/11571/2285
f 2285/11572/2285 2286/11573/2286 2280/11574/2280
f 2280/11575/2280 2300/11576/2300 2295/11577/2295
f 2280/11578/2280 2295/11579/2295 2293/11580/2293
f 2299/11581/2299 2298/11582/2298 2285/11583/2285
f 2299/11584/2299 2285/11585/2285 2280/11586/2280
f 2280/11587/2280 2293/11588/2293 2291/11589/2291
f 2290/11590/2290 2299/11591/2299 2280/11592/2280
f 2300/11593/2300 2279/11594/2279 2296/11595/2296
f 858/11596/858 2313/11597/2313 2301/11598/2301
f 833/11599/833 2310/11600/2310 2302/11601/2302
f 856/11602/856 2301/11603/2301 2303/11604/2303
f 850/11605/850 881/11606/881 2304/11607/2304
f 2306/11608/2306 2315/11609/2315 2307/11610/2307
f 2309/11611/2309 2316/11612/2316 2302/11613/2302
f 2311/11614/2311 2305/11615/2305 2304/11616/2304
f 2303/11617/2303 2301/11618/2301 2313/11619/2313
f 835/11620/835 2314/11621/2314 2313/11622/2313
f 863/11623/863 2315/11624/2315 2306/11625/2306
f 834/11626/834 849/11627/849 2311/11628/2311
f 839/11629/839 994/11630/994 2306/11631/2306
f 850/11632/850 2305/11633/2305 2311/11634/2311
f 863/11635/863 862/11636/862 2307/11637/2307
f 834/11638/834 2312/11639/2312 2304/11640/2304
f 833/11641/833 844/11642/844 2309/11643/2309
f 862/11644/862 839/11645/839 2308/11646/2308
f 835/11647/835 855/11648/855 2303/11649/2303
f 846/11650/846 2302/11651/2302 2316/11652/2316
f 844/11653/844 843/11654/843 2316/11655/2316
f 904/11656/904 888/11657/888 2317/11658/2317
f 2317/11659/2317 2318/11660/2318 818/11661/818
f 818/11662/818 905/11663/905 904/11664/904
f 888/11665/888 889/11666/889 884/11667/884
f 884/11668/884 890/11669/890 885/11670/885
f 885/11671/885 883/11672/883 882/11673/882
f 882/11674/882 880/11675/880 2317/11676/2317
f 2317/11677/2317 888/11678/888 884/11679/884
f 884/11680/884 885/11681/885 882/11682/882
f 865/11683/865 864/11684/864 832/11685/832
f 832/11686/832 813/11687/813 812/11688/812
f 812/11689/812 814/11690/814 816/11691/816
f 816/11692/816 818/11693/818 2318/11694/2318
f 2318/11695/2318 865/11696/865 832/11697/832
f 832/11698/832 812/11699/812 816/11700/816
f 2319/11701/2319 2322/11702/2322 2320/11703/2320
f 865/11704/865 2320/11705/2320 2322/11706/2322
f 2317/11707/2317 2319/11708/2319 2321/11709/2321
f 2318/11710/2318 2321/11711/2321 2320/11712/2320
f 2317/11713/2317 880/11714/880 2322/11715/2322
