# Satelite_Antena
# origen puesto en el pivote de la pieza
# pivote en coordenadas del modelo: 2.16316 0.00000 -0.10100
mtllib Satelite.mtl
o Satelite_Antena
v 1.259850 -3.923801 -0.620847
v 1.191615 -3.922505 -0.591531
v 1.121039 -3.773160 -1.166489
v 1.249993 -3.777148 -1.226617
v 1.125807 -3.919044 -0.501349
v 0.996420 -3.763130 -0.988379
v 1.075803 -3.915613 -0.363260
v 0.903013 -3.753947 -0.715977
v 1.044564 -3.913265 -0.190412
v 0.845005 -3.747990 -0.375570
v 1.033961 -3.912452 0.000589
v 0.825270 -3.745919 0.000589
v 1.044564 -3.913265 0.191589
v 0.845005 -3.747990 0.376749
v 1.075803 -3.915613 0.364438
v 0.903013 -3.753947 0.717154
v 1.125807 -3.919044 0.502526
v 0.996420 -3.763130 0.989557
v 1.191615 -3.922505 0.592709
v 1.121039 -3.773160 1.167667
v 1.259851 -3.923801 0.622025
v 1.249994 -3.777148 1.227794
v 1.056439 -3.530587 -1.711311
v 1.240962 -3.537071 -1.801549
v 0.880744 -3.514872 -1.448253
v 0.750746 -3.502470 -1.048347
v 0.670226 -3.495353 -0.549837
v 0.642854 -3.493048 0.000589
v 0.670226 -3.495353 0.551016
v 0.750746 -3.502470 1.049525
v 0.880744 -3.514872 1.449431
v 1.056439 -3.530587 1.712488
v 1.240962 -3.537071 1.802726
v 0.998815 -3.201777 -2.212793
v 1.233024 -3.209863 -2.331402
v 0.778944 -3.182955 -1.870496
v 0.616852 -3.170169 -1.353451
v 0.515995 -3.163548 -0.709859
v 0.481616 -3.161516 0.000589
v 0.515995 -3.163548 0.711036
v 0.616852 -3.170169 1.354629
v 0.778944 -3.182955 1.871674
v 0.998815 -3.201777 2.213970
v 1.233024 -3.209863 2.332580
v 0.948817 -2.795344 -2.658990
v 1.226328 -2.803934 -2.803220
v 0.691071 -2.776089 -2.245705
v 0.500634 -2.764576 -1.624750
v 0.381450 -2.759028 -0.852236
v 0.340717 -2.757380 0.000589
v 0.381450 -2.759028 0.853413
v 0.500634 -2.764576 1.625929
v 0.691071 -2.776089 2.246882
v 0.948817 -2.795344 2.660168
v 1.226328 -2.803934 2.804397
v 0.906998 -2.321456 -3.039349
v 1.220923 -2.329531 -3.205600
v 0.617599 -2.303920 -2.565406
v 0.402849 -2.294429 -1.856093
v 0.267821 -2.290071 -0.973700
v 0.221586 -2.288800 0.000589
v 0.267821 -2.290071 0.974878
v 0.402849 -2.294429 1.857270
v 0.617599 -2.303920 2.566582
v 0.906998 -2.321456 3.040526
v 1.220923 -2.329531 3.206777
v 0.873861 -1.791702 -3.344900
v 1.216795 -1.798443 -3.528910
v 0.559282 -1.777422 -2.822225
v 0.324842 -1.770240 -2.042050
v 0.176953 -1.767042 -1.071364
v 0.126255 -1.766121 0.000589
v 0.176953 -1.767042 1.072542
v 0.324842 -1.770240 2.043228
v 0.559282 -1.777423 2.823401
v 0.873861 -1.791702 3.346078
v 1.216795 -1.798443 3.530087
v 0.849847 -1.218904 -3.568443
v 1.213899 -1.223714 -3.765469
v 0.516927 -1.208891 -3.010144
v 0.267985 -1.204099 -2.178178
v 0.110624 -1.202006 -1.142871
v 0.056639 -1.201407 0.000589
v 0.110624 -1.202006 1.144049
v 0.267985 -1.204099 2.179354
v 0.516927 -1.208891 3.011323
v 0.849847 -1.218904 3.569620
v 1.213899 -1.223714 3.766644
v 0.835294 -0.616851 -3.704713
v 1.212185 -0.619348 -3.909675
v 0.491214 -0.611705 -3.124718
v 0.233394 -0.609312 -2.261197
v 0.070235 -0.608278 -1.186485
v 0.014240 -0.607983 0.000589
v 0.070235 -0.608278 1.187662
v 0.233394 -0.609312 2.262375
v 0.491214 -0.611705 3.125894
v 0.835294 -0.616851 3.705889
v 1.212185 -0.619348 3.910850
v 0.830419 0.000000 -3.750495
v 1.211618 0.000000 -3.958124
v 0.482592 0.000000 -3.163216
v 0.221782 0.000000 -2.289095
v 0.056671 0.000000 -1.201142
v 0.000000 -0.000000 0.000589
v 0.056671 -0.000000 1.202320
v 0.221782 0.000000 2.290273
v 0.482592 0.000000 3.164393
v 0.830419 0.000000 3.751672
v 1.211618 0.000000 3.959300
v 0.835294 0.616851 -3.704713
v 1.212185 0.619348 -3.909675
v 0.491214 0.611705 -3.124718
v 0.233394 0.609312 -2.261197
v 0.070235 0.608278 -1.186485
v 0.014240 0.607983 0.000589
v 0.070235 0.608278 1.187662
v 0.233394 0.609312 2.262375
v 0.491214 0.611705 3.125894
v 0.835294 0.616851 3.705889
v 1.212185 0.619348 3.910850
v 0.849847 1.218904 -3.568443
v 1.213899 1.223714 -3.765469
v 0.516927 1.208891 -3.010144
v 0.267985 1.204099 -2.178178
v 0.110624 1.202006 -1.142871
v 0.056639 1.201407 0.000589
v 0.110624 1.202006 1.144049
v 0.267985 1.204099 2.179354
v 0.516927 1.208891 3.011323
v 0.849847 1.218904 3.569620
v 1.213899 1.223714 3.766644
v 0.873861 1.791702 -3.344900
v 1.216795 1.798443 -3.528910
v 0.559282 1.777422 -2.822225
v 0.324842 1.770240 -2.042050
v 0.176953 1.767042 -1.071364
v 0.126255 1.766121 0.000589
v 0.176953 1.767042 1.072542
v 0.324842 1.770240 2.043228
v 0.559282 1.777422 2.823401
v 0.873861 1.791702 3.346078
v 1.216795 1.798443 3.530087
v 0.906998 2.321456 -3.039349
v 1.220923 2.329531 -3.205600
v 0.617599 2.303920 -2.565406
v 0.402849 2.294429 -1.856093
v 0.267821 2.290071 -0.973700
v 0.221586 2.288800 0.000589
v 0.267821 2.290071 0.974878
v 0.402849 2.294429 1.857270
v 0.617599 2.303920 2.566582
v 0.906998 2.321456 3.040526
v 1.220923 2.329531 3.206777
v 0.948817 2.795344 -2.658990
v 1.226328 2.803934 -2.803220
v 0.691071 2.776089 -2.245705
v 0.500634 2.764576 -1.624750
v 0.381450 2.759028 -0.852236
v 0.340717 2.757380 0.000589
v 0.381450 2.759028 0.853413
v 0.500634 2.764576 1.625929
v 0.691071 2.776089 2.246882
v 0.948817 2.795344 2.660168
v 1.226328 2.803934 2.804397
v 0.998815 3.201777 -2.212793
v 1.233024 3.209863 -2.331402
v 0.778944 3.182955 -1.870496
v 0.616852 3.170169 -1.353451
v 0.515995 3.163548 -0.709859
v 0.481616 3.161516 0.000589
v 0.515995 3.163548 0.711036
v 0.616852 3.170169 1.354629
v 0.778944 3.182955 1.871674
v 0.998815 3.201777 2.213970
v 1.233024 3.209863 2.332580
v 1.056439 3.530587 -1.711311
v 1.240962 3.537071 -1.801549
v 0.880744 3.514872 -1.448253
v 0.750746 3.502470 -1.048347
v 0.670226 3.495353 -0.549837
v 0.642854 3.493048 0.000589
v 0.670226 3.495353 0.551016
v 0.750746 3.502470 1.049525
v 0.880744 3.514872 1.449431
v 1.056439 3.530587 1.712488
v 1.240962 3.537071 1.802726
v 1.121039 3.773160 -1.166489
v 1.249993 3.777148 -1.226617
v 0.996420 3.763130 -0.988379
v 0.903013 3.753947 -0.715977
v 0.845005 3.747990 -0.375570
v 0.825270 3.745919 0.000589
v 0.845005 3.747990 0.376749
v 0.903013 3.753947 0.717154
v 0.996420 3.763130 0.989557
v 1.121039 3.773160 1.167667
v 1.249994 3.777148 1.227794
v 1.191615 3.922505 -0.591531
v 1.259850 3.923801 -0.620847
v 1.125807 3.919044 -0.501349
v 1.075803 3.915613 -0.363260
v 1.044564 3.913265 -0.190412
v 1.033961 3.912452 0.000589
v 1.044564 3.913265 0.191589
v 1.075803 3.915613 0.364438
v 1.125807 3.919044 0.502526
v 1.191615 3.922505 0.592709
v 1.259851 3.923801 0.622025
v 1.264944 -3.973127 0.000589
v 1.264944 3.973127 0.000589
v 1.270156 -3.801347 -0.601485
v 1.270156 -3.660362 -1.188735
v 1.160793 -3.660362 -1.130525
v 1.214793 -3.801347 -0.572018
v 1.062135 -3.660362 -0.961594
v 1.164849 -3.801347 -0.486500
v 0.983839 -3.660362 -0.698478
v 1.125213 -3.801347 -0.353302
v 0.933571 -3.660362 -0.366932
v 1.099766 -3.801347 -0.185463
v 0.916249 -3.660362 0.000589
v 1.090997 -3.801347 0.000589
v 0.933571 -3.660362 0.368110
v 1.099766 -3.801347 0.186640
v 0.983839 -3.660362 0.699656
v 1.125213 -3.801347 0.354479
v 1.062135 -3.660362 0.962772
v 1.164849 -3.801347 0.487677
v 1.160793 -3.660362 1.131703
v 1.214793 -3.801347 0.573195
v 1.270156 -3.660362 1.189913
v 1.270156 -3.801347 0.602664
v 1.270156 -3.429245 -1.746700
v 1.109486 -3.429245 -1.661181
v 0.964543 -3.429245 -1.412996
v 0.849516 -3.429245 -1.026441
v 0.775663 -3.429245 -0.539353
v 0.750216 -3.429245 0.000589
v 0.775663 -3.429245 0.540531
v 0.849516 -3.429245 1.027619
v 0.964543 -3.429245 1.414175
v 1.109486 -3.429245 1.662358
v 1.270156 -3.429245 1.747877
v 1.270156 -3.113690 -2.261639
v 1.062135 -3.113690 -2.150918
v 0.874476 -3.113690 -1.829592
v 0.725549 -3.113690 -1.329115
v 0.629932 -3.113690 -0.698478
v 0.596985 -3.113690 0.000589
v 0.629932 -3.113690 0.699656
v 0.725549 -3.113690 1.330293
v 0.874476 -3.113690 1.830770
v 1.062135 -3.113690 2.152096
v 1.270156 -3.113690 2.262817
v 1.270156 -2.721464 -2.720876
v 1.019906 -2.721464 -2.587678
v 0.794152 -2.721464 -2.201122
v 0.614993 -2.721464 -1.599048
v 0.499966 -2.721464 -0.840390
v 0.460330 -2.721464 0.000589
v 0.499966 -2.721464 0.841568
v 0.614993 -2.721464 1.600226
v 0.794152 -2.721464 2.202300
v 1.019906 -2.721464 2.588856
v 1.270156 -2.721464 2.722052
v 1.270156 -2.262228 -3.113101
v 0.983839 -2.262228 -2.960706
v 0.725549 -2.262228 -2.518439
v 0.520569 -2.262228 -1.829592
v 0.388964 -2.262228 -0.961594
v 0.343615 -2.262228 0.000589
v 0.388964 -2.262228 0.962772
v 0.520569 -2.262228 1.830770
v 0.725549 -2.262228 2.519616
v 0.983839 -2.262228 2.961884
v 1.270156 -2.262228 3.114279
v 1.270156 -1.747288 -3.428657
v 0.954823 -1.747288 -3.260818
v 0.670356 -1.747288 -2.773730
v 0.444602 -1.747288 -2.015071
v 0.299659 -1.747288 -1.059106
v 0.249715 -1.747288 0.000589
v 0.299660 -1.747288 1.060283
v 0.444602 -1.747288 2.016249
v 0.670356 -1.747288 2.774906
v 0.954823 -1.747288 3.261994
v 1.270156 -1.747288 3.429834
v 1.270156 -1.189324 -3.659774
v 0.933571 -1.189324 -3.480622
v 0.629932 -1.189324 -2.960706
v 0.388964 -1.189324 -2.150918
v 0.234252 -1.189324 -1.130525
v 0.180942 -1.189324 0.000589
v 0.234252 -1.189324 1.131703
v 0.388964 -1.189324 2.152096
v 0.629932 -1.189324 2.961884
v 0.933571 -1.189324 3.481799
v 1.270156 -1.189324 3.660950
v 1.270156 -0.602074 -3.800760
v 0.920606 -0.602074 -3.614708
v 0.605273 -0.602074 -3.074766
v 0.355023 -0.602074 -2.233788
v 0.194352 -0.602074 -1.174092
v 0.138989 -0.602074 0.000589
v 0.194352 -0.602074 1.175269
v 0.355023 -0.602074 2.234965
v 0.605273 -0.602074 3.075944
v 0.920606 -0.602074 3.615886
v 1.270156 -0.602074 3.801937
v 1.270156 0.000000 -3.848144
v 0.916249 0.000000 -3.659774
v 0.596985 0.000000 -3.113101
v 0.343615 0.000000 -2.261639
v 0.180942 0.000000 -1.188735
v 0.124889 0.000000 0.000589
v 0.180942 0.000000 1.189913
v 0.343615 0.000000 2.262817
v 0.596985 0.000000 3.114279
v 0.916249 0.000000 3.660950
v 1.270156 0.000000 3.849321
v 1.270156 0.602074 -3.800760
v 0.920606 0.602074 -3.614708
v 0.605273 0.602074 -3.074766
v 0.355023 0.602074 -2.233788
v 0.194352 0.602074 -1.174092
v 0.138989 0.602074 0.000589
v 0.194352 0.602074 1.175269
v 0.355023 0.602074 2.234965
v 0.605273 0.602074 3.075944
v 0.920606 0.602074 3.615886
v 1.270156 0.602074 3.801937
v 1.270156 1.189324 -3.659774
v 0.933571 1.189324 -3.480622
v 0.629932 1.189324 -2.960706
v 0.388964 1.189324 -2.150918
v 0.234252 1.189324 -1.130525
v 0.180942 1.189324 0.000589
v 0.234252 1.189324 1.131703
v 0.388964 1.189324 2.152096
v 0.629932 1.189324 2.961884
v 0.933571 1.189324 3.481799
v 1.270156 1.189324 3.660950
v 1.270156 1.747288 -3.428657
v 0.954823 1.747288 -3.260818
v 0.670356 1.747288 -2.773730
v 0.444602 1.747288 -2.015071
v 0.299659 1.747288 -1.059106
v 0.249715 1.747288 0.000589
v 0.299660 1.747288 1.060283
v 0.444602 1.747288 2.016249
v 0.670356 1.747288 2.774906
v 0.954823 1.747288 3.261994
v 1.270156 1.747288 3.429834
v 1.270156 2.262228 -3.113101
v 0.983839 2.262228 -2.960706
v 0.725549 2.262228 -2.518439
v 0.520569 2.262228 -1.829592
v 0.388964 2.262228 -0.961594
v 0.343615 2.262228 0.000589
v 0.388964 2.262228 0.962772
v 0.520569 2.262228 1.830770
v 0.725549 2.262228 2.519616
v 0.983839 2.262228 2.961884
v 1.270156 2.262228 3.114279
v 1.270156 2.721464 -2.720876
v 1.019906 2.721464 -2.587678
v 0.794152 2.721464 -2.201122
v 0.614993 2.721464 -1.599048
v 0.499966 2.721464 -0.840390
v 0.460330 2.721464 0.000589
v 0.499966 2.721464 0.841568
v 0.614993 2.721464 1.600226
v 0.794152 2.721464 2.202300
v 1.019906 2.721464 2.588856
v 1.270156 2.721464 2.722052
v 1.270156 3.113690 -2.261639
v 1.062135 3.113690 -2.150918
v 0.874476 3.113690 -1.829592
v 0.725549 3.113690 -1.329115
v 0.629932 3.113690 -0.698478
v 0.596985 3.113690 0.000589
v 0.629932 3.113690 0.699656
v 0.725549 3.113690 1.330293
v 0.874476 3.113690 1.830770
v 1.062135 3.113690 2.152096
v 1.270156 3.113690 2.262817
v 1.270156 3.429245 -1.746700
v 1.109486 3.429245 -1.661181
v 0.964543 3.429245 -1.412996
v 0.849516 3.429245 -1.026441
v 0.775663 3.429245 -0.539353
v 0.750216 3.429245 0.000589
v 0.775663 3.429245 0.540531
v 0.849516 3.429245 1.027619
v 0.964543 3.429245 1.414175
v 1.109486 3.429245 1.662358
v 1.270156 3.429245 1.747877
v 1.270156 3.660362 -1.188735
v 1.160793 3.660362 -1.130525
v 1.062135 3.660362 -0.961594
v 0.983839 3.660362 -0.698478
v 0.933571 3.660362 -0.366932
v 0.916249 3.660362 0.000589
v 0.933571 3.660362 0.368110
v 0.983839 3.660362 0.699656
v 1.062135 3.660362 0.962772
v 1.160793 3.660362 1.131703
v 1.270156 3.660362 1.189913
v 1.270156 3.801347 -0.601485
v 1.214793 3.801347 -0.572018
v 1.164849 3.801347 -0.486500
v 1.125213 3.801347 -0.353302
v 1.099766 3.801347 -0.185463
v 1.090997 3.801347 0.000589
v 1.099766 3.801347 0.186640
v 1.125213 3.801347 0.354479
v 1.164849 3.801347 0.487677
v 1.214793 3.801347 0.573195
v 1.270156 3.801347 0.602664
v 1.270156 -3.848732 0.000589
v 1.270156 3.848732 0.000589
v 0.152177 -0.402893 1.240387
v 0.152177 -0.766347 1.055198
v 1.455664 -0.766347 1.055198
v 1.455664 -0.402893 1.240387
v 0.152177 -1.054786 0.766758
v 1.455664 -1.054786 0.766758
v 0.152177 -1.239976 0.403303
v 1.455664 -1.239976 0.403303
v 0.152177 -1.303788 0.000411
v 1.455664 -1.303788 0.000411
v 0.152177 -1.239976 -0.402482
v 1.455664 -1.239976 -0.402482
v 0.152177 -1.054786 -0.765936
v 1.455664 -1.054786 -0.765936
v 0.152177 -0.766347 -1.054375
v 1.455664 -0.766347 -1.054375
v 0.152177 -0.402892 -1.239565
v 1.455664 -0.402892 -1.239565
v 0.152177 0.000000 -1.303376
v 1.455664 -0.000000 -1.303376
v 0.152177 0.402892 -1.239565
v 1.455664 0.402892 -1.239565
v 0.152177 0.766347 -1.054375
v 1.455664 0.766347 -1.054375
v 0.152177 1.054786 -0.765936
v 1.455664 1.054786 -0.765936
v 0.152177 1.239975 -0.402482
v 1.455664 1.239975 -0.402482
v 0.152177 1.303787 0.000411
v 1.455664 1.303787 0.000411
v 0.152177 1.239975 0.403303
v 1.455664 1.239975 0.403303
v 0.152177 1.054786 0.766758
v 1.455664 1.054786 0.766758
v 0.152177 0.766347 1.055197
v 1.455664 0.766347 1.055197
v 0.152177 0.402892 1.240386
v 1.455664 0.402892 1.240386
v 0.152177 0.000000 1.304198
v 1.455664 -0.000000 1.304198
v 0.152177 0.000000 0.000411
v 1.455664 -0.000000 0.000411
v 4.847379 -0.084237 0.259667
v 4.847379 -0.160229 0.220947
v 5.549664 -0.160229 0.220947
v 5.549664 -0.084237 0.259667
v 4.847379 -0.220536 0.160640
v 5.549664 -0.220536 0.160640
v 4.847379 -0.259256 0.084648
v 5.549664 -0.259256 0.084648
v 4.847379 -0.272598 0.000411
v 5.549664 -0.272598 0.000411
v 4.847379 -0.259256 -0.083826
v 5.549664 -0.259256 -0.083826
v 4.847379 -0.220536 -0.159818
v 5.549664 -0.220536 -0.159818
v 4.847379 -0.160229 -0.220124
v 5.549664 -0.160229 -0.220124
v 4.847379 -0.084237 -0.258845
v 5.549664 -0.084237 -0.258845
v 4.847379 0.000000 -0.272186
v 5.549664 0.000000 -0.272186
v 4.847379 0.084237 -0.258845
v 5.549664 0.084237 -0.258845
v 4.847380 0.160229 -0.220125
v 5.549664 0.160229 -0.220125
v 4.847379 0.220536 -0.159817
v 5.549664 0.220536 -0.159817
v 4.847379 0.259256 -0.083826
v 5.549664 0.259256 -0.083826
v 4.847380 0.272597 0.000411
v 5.549664 0.272597 0.000411
v 4.847380 0.259256 0.084648
v 5.549664 0.259256 0.084648
v 4.847379 0.220536 0.160640
v 5.549664 0.220536 0.160640
v 4.847379 0.160229 0.220947
v 5.549664 0.160229 0.220947
v 4.847379 0.084237 0.259667
v 5.549664 0.084237 0.259667
v 4.847379 0.000000 0.273009
v 5.549664 0.000000 0.273009
v 4.847379 0.000000 0.000411
v 5.549664 0.000000 0.000411
v 0.582771 2.993645 0.043601
v 0.576194 2.982826 0.037151
v 5.234640 0.150583 0.037151
v 5.241216 0.161400 0.043601
v 0.570975 2.974243 0.027104
v 5.229420 0.141998 0.027104
v 0.567624 2.968727 0.014444
v 5.226069 0.136486 0.014444
v 0.566470 2.966827 0.000411
v 5.224915 0.134587 0.000411
v 0.567624 2.968727 -0.013622
v 5.226069 0.136486 -0.013622
v 0.570975 2.974243 -0.026282
v 5.229420 0.141998 -0.026282
v 0.576195 2.982826 -0.036329
v 5.234639 0.150583 -0.036329
v 0.582771 2.993645 -0.042779
v 5.241216 0.161400 -0.042779
v 0.590062 3.005630 -0.045002
v 5.248507 0.173391 -0.045002
v 0.597352 3.017624 -0.042779
v 5.255797 0.185382 -0.042779
v 0.603928 3.028442 -0.036329
v 5.262373 0.196199 -0.036329
v 0.609148 3.037025 -0.026282
v 5.267593 0.204784 -0.026282
v 0.612499 3.042542 -0.013622
v 5.270944 0.210296 -0.013622
v 0.613654 3.044441 0.000411
v 5.272098 0.212195 0.000411
v 0.612499 3.042542 0.014444
v 5.270944 0.210296 0.014444
v 0.609148 3.037025 0.027104
v 5.267593 0.204784 0.027104
v 0.603928 3.028442 0.037151
v 5.262374 0.196199 0.037151
v 0.597352 3.017624 0.043601
v 5.255797 0.185382 0.043601
v 0.590062 3.005630 0.045824
v 5.248506 0.173391 0.045824
v 0.590062 3.005630 0.000411
v 5.248506 0.173391 0.000411
v 0.582771 0.057399 3.094645
v 0.576194 0.063849 3.083826
v 5.234640 0.063849 0.251583
v 5.241216 0.057399 0.262400
v 0.570975 0.073896 3.075243
v 5.229420 0.073896 0.242998
v 0.567624 0.086556 3.069727
v 5.226069 0.086556 0.237486
v 0.566470 0.100589 3.067827
v 5.224915 0.100589 0.235587
v 0.567624 0.114622 3.069727
v 5.226069 0.114622 0.237486
v 0.570975 0.127282 3.075243
v 5.229420 0.127282 0.242998
v 0.576195 0.137329 3.083826
v 5.234639 0.137329 0.251583
v 0.582771 0.143779 3.094645
v 5.241216 0.143779 0.262400
v 0.590062 0.146002 3.106630
v 5.248507 0.146002 0.274391
v 0.597352 0.143779 3.118624
v 5.255797 0.143779 0.286382
v 0.603928 0.137329 3.129442
v 5.262373 0.137329 0.297199
v 0.609148 0.127282 3.138025
v 5.267593 0.127282 0.305784
v 0.612499 0.114622 3.143542
v 5.270944 0.114622 0.311296
v 0.613654 0.100589 3.145441
v 5.272098 0.100589 0.313195
v 0.612499 0.086556 3.143542
v 5.270944 0.086556 0.311296
v 0.609148 0.073896 3.138025
v 5.267593 0.073896 0.305784
v 0.603928 0.063849 3.129442
v 5.262374 0.063849 0.297199
v 0.597352 0.057399 3.118624
v 5.255797 0.057399 0.286382
v 0.590062 0.055176 3.106630
v 5.248506 0.055176 0.274391
v 0.590062 0.100589 3.106630
v 5.248506 0.100589 0.274391
v 0.582771 -2.993645 0.158399
v 0.576194 -2.982826 0.164849
v 5.234640 -0.150583 0.164849
v 5.241216 -0.161400 0.158399
v 0.570975 -2.974243 0.174896
v 5.229420 -0.141998 0.174896
v 0.567624 -2.968727 0.187556
v 5.226069 -0.136486 0.187556
v 0.566470 -2.966827 0.201589
v 5.224915 -0.134587 0.201589
v 0.567624 -2.968727 0.215622
v 5.226069 -0.136486 0.215622
v 0.570975 -2.974243 0.228282
v 5.229420 -0.141998 0.228282
v 0.576195 -2.982826 0.238329
v 5.234639 -0.150583 0.238329
v 0.582771 -2.993645 0.244779
v 5.241216 -0.161400 0.244779
v 0.590062 -3.005630 0.247002
v 5.248507 -0.173391 0.247002
v 0.597352 -3.017624 0.244779
v 5.255797 -0.185382 0.244779
v 0.603928 -3.028442 0.238329
v 5.262373 -0.196199 0.238329
v 0.609148 -3.037025 0.228282
v 5.267593 -0.204784 0.228282
v 0.612499 -3.042542 0.215622
v 5.270944 -0.210296 0.215622
v 0.613654 -3.044441 0.201589
v 5.272098 -0.212195 0.201589
v 0.612499 -3.042542 0.187556
v 5.270944 -0.210296 0.187556
v 0.609148 -3.037025 0.174896
v 5.267593 -0.204784 0.174896
v 0.603928 -3.028442 0.164849
v 5.262374 -0.196199 0.164849
v 0.597352 -3.017624 0.158399
v 5.255797 -0.185382 0.158399
v 0.590062 -3.005630 0.156176
v 5.248506 -0.173391 0.156176
v 0.590062 -3.005630 0.201589
v 5.248506 -0.173391 0.201589
v 0.582771 -0.057399 -2.892645
v 0.576194 -0.063849 -2.881826
v 5.234640 -0.063849 -0.049583
v 5.241216 -0.057399 -0.060400
v 0.570975 -0.073896 -2.873243
v 5.229420 -0.073896 -0.040998
v 0.567624 -0.086556 -2.867727
v 5.226069 -0.086556 -0.035486
v 0.566470 -0.100589 -2.865827
v 5.224915 -0.100589 -0.033587
v 0.567624 -0.114622 -2.867727
v 5.226069 -0.114622 -0.035486
v 0.570975 -0.127282 -2.873243
v 5.229420 -0.127282 -0.040998
v 0.576195 -0.137329 -2.881826
v 5.234639 -0.137329 -0.049583
v 0.582771 -0.143779 -2.892645
v 5.241216 -0.143779 -0.060400
v 0.590062 -0.146002 -2.904630
v 5.248507 -0.146002 -0.072391
v 0.597352 -0.143779 -2.916624
v 5.255797 -0.143779 -0.084382
v 0.603928 -0.137329 -2.927442
v 5.262373 -0.137329 -0.095199
v 0.609148 -0.127282 -2.936025
v 5.267593 -0.127282 -0.103784
v 0.612499 -0.114622 -2.941542
v 5.270944 -0.114622 -0.109296
v 0.613654 -0.100589 -2.943441
v 5.272098 -0.100589 -0.111195
v 0.612499 -0.086556 -2.941542
v 5.270944 -0.086556 -0.109296
v 0.609148 -0.073896 -2.936025
v 5.267593 -0.073896 -0.103784
v 0.603928 -0.063849 -2.927442
v 5.262374 -0.063849 -0.095199
v 0.597352 -0.057399 -2.916624
v 5.255797 -0.057399 -0.084382
v 0.590062 -0.055176 -2.904630
v 5.248506 -0.055176 -0.072391
v 0.590062 -0.100589 -2.904630
v 5.248506 -0.100589 -0.072391
vt 0.450000 0.050000
vt 0.500000 0.050000
vt 0.500000 0.100000
vt 0.450000 0.100000
vt 0.550000 0.050000
vt 0.550000 0.100000
vt 0.600000 0.050000
vt 0.600000 0.100000
vt 0.650000 0.050000
vt 0.650000 0.100000
vt 0.700000 0.050000
vt 0.700000 0.100000
vt 0.750000 0.050000
vt 0.750000 0.100000
vt 0.800000 0.050000
vt 0.800000 0.100000
vt 0.850000 0.050000
vt 0.850000 0.100000
vt 0.900000 0.050000
vt 0.900000 0.100000
vt 0.950000 0.050000
vt 0.950000 0.100000
vt 0.500000 0.150000
vt 0.450000 0.150000
vt 0.550000 0.150000
vt 0.600000 0.150000
vt 0.650000 0.150000
vt 0.700000 0.150000
vt 0.750000 0.150000
vt 0.800000 0.150000
vt 0.850000 0.150000
vt 0.900000 0.150000
vt 0.950000 0.150000
vt 0.500000 0.200000
vt 0.450000 0.200000
vt 0.550000 0.200000
vt 0.600000 0.200000
vt 0.650000 0.200000
vt 0.700000 0.200000
vt 0.750000 0.200000
vt 0.800000 0.200000
vt 0.850000 0.200000
vt 0.900000 0.200000
vt 0.950000 0.200000
vt 0.500000 0.250000
vt 0.450000 0.250000
vt 0.550000 0.250000
vt 0.600000 0.250000
vt 0.650000 0.250000
vt 0.700000 0.250000
vt 0.750000 0.250000
vt 0.800000 0.250000
vt 0.850000 0.250000
vt 0.900000 0.250000
vt 0.950000 0.250000
vt 0.500000 0.300000
vt 0.450000 0.300000
vt 0.550000 0.300000
vt 0.600000 0.300000
vt 0.650000 0.300000
vt 0.700000 0.300000
vt 0.750000 0.300000
vt 0.800000 0.300000
vt 0.850000 0.300000
vt 0.900000 0.300000
vt 0.950000 0.300000
vt 0.500000 0.350000
vt 0.450000 0.350000
vt 0.550000 0.350000
vt 0.600000 0.350000
vt 0.650000 0.350000
vt 0.700000 0.350000
vt 0.750000 0.350000
vt 0.800000 0.350000
vt 0.850000 0.350000
vt 0.900000 0.350000
vt 0.950000 0.350000
vt 0.500000 0.400000
vt 0.450000 0.400000
vt 0.550000 0.400000
vt 0.600000 0.400000
vt 0.650000 0.400000
vt 0.700000 0.400000
vt 0.750000 0.400000
vt 0.800000 0.400000
vt 0.850000 0.400000
vt 0.900000 0.400000
vt 0.950000 0.400000
vt 0.500000 0.450000
vt 0.450000 0.450000
vt 0.550000 0.450000
vt 0.600000 0.450000
vt 0.650000 0.450000
vt 0.700000 0.450000
vt 0.750000 0.450000
vt 0.800000 0.450000
vt 0.850000 0.450000
vt 0.900000 0.450000
vt 0.950000 0.450000
vt 0.500000 0.500000
vt 0.450000 0.500000
vt 0.550000 0.500000
vt 0.600000 0.500000
vt 0.650000 0.500000
vt 0.700000 0.500000
vt 0.750000 0.500000
vt 0.800000 0.500000
vt 0.850000 0.500000
vt 0.900000 0.500000
vt 0.950000 0.500000
vt 0.500000 0.550000
vt 0.450000 0.550000
vt 0.550000 0.550000
vt 0.600000 0.550000
vt 0.650000 0.550000
vt 0.700000 0.550000
vt 0.750000 0.550000
vt 0.800000 0.550000
vt 0.850000 0.550000
vt 0.900000 0.550000
vt 0.950000 0.550000
vt 0.500000 0.600000
vt 0.450000 0.600000
vt 0.550000 0.600000
vt 0.600000 0.600000
vt 0.650000 0.600000
vt 0.700000 0.600000
vt 0.750000 0.600000
vt 0.800000 0.600000
vt 0.850000 0.600000
vt 0.900000 0.600000
vt 0.950000 0.600000
vt 0.500000 0.650000
vt 0.450000 0.650000
vt 0.550000 0.650000
vt 0.600000 0.650000
vt 0.650000 0.650000
vt 0.700000 0.650000
vt 0.750000 0.650000
vt 0.800000 0.650000
vt 0.850000 0.650000
vt 0.900000 0.650000
vt 0.950000 0.650000
vt 0.500000 0.700000
vt 0.450000 0.700000
vt 0.550000 0.700000
vt 0.600000 0.700000
vt 0.650000 0.700000
vt 0.700000 0.700000
vt 0.750000 0.700000
vt 0.800000 0.700000
vt 0.850000 0.700000
vt 0.900000 0.700000
vt 0.950000 0.700000
vt 0.500000 0.750000
vt 0.450000 0.750000
vt 0.550000 0.750000
vt 0.600000 0.750000
vt 0.650000 0.750000
vt 0.700000 0.750000
vt 0.750000 0.750000
vt 0.800000 0.750000
vt 0.850000 0.750000
vt 0.900000 0.750000
vt 0.950000 0.750000
vt 0.500000 0.800000
vt 0.450000 0.800000
vt 0.550000 0.800000
vt 0.600000 0.800000
vt 0.650000 0.800000
vt 0.700000 0.800000
vt 0.750000 0.800000
vt 0.800000 0.800000
vt 0.850000 0.800000
vt 0.900000 0.800000
vt 0.950000 0.800000
vt 0.500000 0.850000
vt 0.450000 0.850000
vt 0.550000 0.850000
vt 0.600000 0.850000
vt 0.650000 0.850000
vt 0.700000 0.850000
vt 0.750000 0.850000
vt 0.800000 0.850000
vt 0.850000 0.850000
vt 0.900000 0.850000
vt 0.950000 0.850000
vt 0.500000 0.900000
vt 0.450000 0.900000
vt 0.550000 0.900000
vt 0.600000 0.900000
vt 0.650000 0.900000
vt 0.700000 0.900000
vt 0.750000 0.900000
vt 0.800000 0.900000
vt 0.850000 0.900000
vt 0.900000 0.900000
vt 0.950000 0.900000
vt 0.500000 0.950000
vt 0.450000 0.950000
vt 0.550000 0.950000
vt 0.600000 0.950000
vt 0.650000 0.950000
vt 0.700000 0.950000
vt 0.750000 0.950000
vt 0.800000 0.950000
vt 0.850000 0.950000
vt 0.900000 0.950000
vt 0.950000 0.950000
vt 0.475000 0.000000
vt 0.525000 0.000000
vt 0.575000 0.000000
vt 0.625000 0.000000
vt 0.675000 0.000000
vt 0.725000 0.000000
vt 0.775000 0.000000
vt 0.825000 0.000000
vt 0.875000 0.000000
vt 0.925000 0.000000
vt 0.475000 1.000000
vt 0.525000 1.000000
vt 0.575000 1.000000
vt 0.625000 1.000000
vt 0.675000 1.000000
vt 0.725000 1.000000
vt 0.775000 1.000000
vt 0.825000 1.000000
vt 0.875000 1.000000
vt 0.925000 1.000000
vt 0.450000 0.050000
vt 0.450000 0.100000
vt 0.500000 0.100000
vt 0.500000 0.050000
vt 0.550000 0.100000
vt 0.550000 0.050000
vt 0.600000 0.100000
vt 0.600000 0.050000
vt 0.650000 0.100000
vt 0.650000 0.050000
vt 0.700000 0.100000
vt 0.700000 0.050000
vt 0.750000 0.100000
vt 0.750000 0.050000
vt 0.800000 0.100000
vt 0.800000 0.050000
vt 0.850000 0.100000
vt 0.850000 0.050000
vt 0.900000 0.100000
vt 0.900000 0.050000
vt 0.950000 0.100000
vt 0.950000 0.050000
vt 0.450000 0.150000
vt 0.500000 0.150000
vt 0.550000 0.150000
vt 0.600000 0.150000
vt 0.650000 0.150000
vt 0.700000 0.150000
vt 0.750000 0.150000
vt 0.800000 0.150000
vt 0.850000 0.150000
vt 0.900000 0.150000
vt 0.950000 0.150000
vt 0.450000 0.200000
vt 0.500000 0.200000
vt 0.550000 0.200000
vt 0.600000 0.200000
vt 0.650000 0.200000
vt 0.700000 0.200000
vt 0.750000 0.200000
vt 0.800000 0.200000
vt 0.850000 0.200000
vt 0.900000 0.200000
vt 0.950000 0.200000
vt 0.450000 0.250000
vt 0.500000 0.250000
vt 0.550000 0.250000
vt 0.600000 0.250000
vt 0.650000 0.250000
vt 0.700000 0.250000
vt 0.750000 0.250000
vt 0.800000 0.250000
vt 0.850000 0.250000
vt 0.900000 0.250000
vt 0.950000 0.250000
vt 0.450000 0.300000
vt 0.500000 0.300000
vt 0.550000 0.300000
vt 0.600000 0.300000
vt 0.650000 0.300000
vt 0.700000 0.300000
vt 0.750000 0.300000
vt 0.800000 0.300000
vt 0.850000 0.300000
vt 0.900000 0.300000
vt 0.950000 0.300000
vt 0.450000 0.350000
vt 0.500000 0.350000
vt 0.550000 0.350000
vt 0.600000 0.350000
vt 0.650000 0.350000
vt 0.700000 0.350000
vt 0.750000 0.350000
vt 0.800000 0.350000
vt 0.850000 0.350000
vt 0.900000 0.350000
vt 0.950000 0.350000
vt 0.450000 0.400000
vt 0.500000 0.400000
vt 0.550000 0.400000
vt 0.600000 0.400000
vt 0.650000 0.400000
vt 0.700000 0.400000
vt 0.750000 0.400000
vt 0.800000 0.400000
vt 0.850000 0.400000
vt 0.900000 0.400000
vt 0.950000 0.400000
vt 0.450000 0.450000
vt 0.500000 0.450000
vt 0.550000 0.450000
vt 0.600000 0.450000
vt 0.650000 0.450000
vt 0.700000 0.450000
vt 0.750000 0.450000
vt 0.800000 0.450000
vt 0.850000 0.450000
vt 0.900000 0.450000
vt 0.950000 0.450000
vt 0.450000 0.500000
vt 0.500000 0.500000
vt 0.550000 0.500000
vt 0.600000 0.500000
vt 0.650000 0.500000
vt 0.700000 0.500000
vt 0.750000 0.500000
vt 0.800000 0.500000
vt 0.850000 0.500000
vt 0.900000 0.500000
vt 0.950000 0.500000
vt 0.450000 0.550000
vt 0.500000 0.550000
vt 0.550000 0.550000
vt 0.600000 0.550000
vt 0.650000 0.550000
vt 0.700000 0.550000
vt 0.750000 0.550000
vt 0.800000 0.550000
vt 0.850000 0.550000
vt 0.900000 0.550000
vt 0.950000 0.550000
vt 0.450000 0.600000
vt 0.500000 0.600000
vt 0.550000 0.600000
vt 0.600000 0.600000
vt 0.650000 0.600000
vt 0.700000 0.600000
vt 0.750000 0.600000
vt 0.800000 0.600000
vt 0.850000 0.600000
vt 0.900000 0.600000
vt 0.950000 0.600000
vt 0.450000 0.650000
vt 0.500000 0.650000
vt 0.550000 0.650000
vt 0.600000 0.650000
vt 0.650000 0.650000
vt 0.700000 0.650000
vt 0.750000 0.650000
vt 0.800000 0.650000
vt 0.850000 0.650000
vt 0.900000 0.650000
vt 0.950000 0.650000
vt 0.450000 0.700000
vt 0.500000 0.700000
vt 0.550000 0.700000
vt 0.600000 0.700000
vt 0.650000 0.700000
vt 0.700000 0.700000
vt 0.750000 0.700000
vt 0.800000 0.700000
vt 0.850000 0.700000
vt 0.900000 0.700000
vt 0.950000 0.700000
vt 0.450000 0.750000
vt 0.500000 0.750000
vt 0.550000 0.750000
vt 0.600000 0.750000
vt 0.650000 0.750000
vt 0.700000 0.750000
vt 0.750000 0.750000
vt 0.800000 0.750000
vt 0.850000 0.750000
vt 0.900000 0.750000
vt 0.950000 0.750000
vt 0.450000 0.800000
vt 0.500000 0.800000
vt 0.550000 0.800000
vt 0.600000 0.800000
vt 0.650000 0.800000
vt 0.700000 0.800000
vt 0.750000 0.800000
vt 0.800000 0.800000
vt 0.850000 0.800000
vt 0.900000 0.800000
vt 0.950000 0.800000
vt 0.450000 0.850000
vt 0.500000 0.850000
vt 0.550000 0.850000
vt 0.600000 0.850000
vt 0.650000 0.850000
vt 0.700000 0.850000
vt 0.750000 0.850000
vt 0.800000 0.850000
vt 0.850000 0.850000
vt 0.900000 0.850000
vt 0.950000 0.850000
vt 0.450000 0.900000
vt 0.500000 0.900000
vt 0.550000 0.900000
vt 0.600000 0.900000
vt 0.650000 0.900000
vt 0.700000 0.900000
vt 0.750000 0.900000
vt 0.800000 0.900000
vt 0.850000 0.900000
vt 0.900000 0.900000
vt 0.950000 0.900000
vt 0.450000 0.950000
vt 0.500000 0.950000
vt 0.550000 0.950000
vt 0.600000 0.950000
vt 0.650000 0.950000
vt 0.700000 0.950000
vt 0.750000 0.950000
vt 0.800000 0.950000
vt 0.850000 0.950000
vt 0.900000 0.950000
vt 0.950000 0.950000
vt 0.475000 0.000000
vt 0.525000 0.000000
vt 0.575000 0.000000
vt 0.625000 0.000000
vt 0.675000 0.000000
vt 0.725000 0.000000
vt 0.775000 0.000000
vt 0.825000 0.000000
vt 0.875000 0.000000
vt 0.925000 0.000000
vt 0.475000 1.000000
vt 0.525000 1.000000
vt 0.575000 1.000000
vt 0.625000 1.000000
vt 0.675000 1.000000
vt 0.725000 1.000000
vt 0.775000 1.000000
vt 0.825000 1.000000
vt 0.875000 1.000000
vt 0.925000 1.000000
vt 0.450000 0.100000
vt 0.450000 0.050000
vt 0.950000 0.050000
vt 0.950000 0.100000
vt 0.450000 0.150000
vt 0.950000 0.150000
vt 0.450000 0.200000
vt 0.950000 0.200000
vt 0.450000 0.250000
vt 0.950000 0.250000
vt 0.450000 0.300000
vt 0.950000 0.300000
vt 0.450000 0.350000
vt 0.950000 0.350000
vt 0.450000 0.400000
vt 0.950000 0.400000
vt 0.450000 0.450000
vt 0.950000 0.450000
vt 0.450000 0.500000
vt 0.950000 0.500000
vt 0.450000 0.550000
vt 0.950000 0.550000
vt 0.450000 0.600000
vt 0.950000 0.600000
vt 0.450000 0.650000
vt 0.950000 0.650000
vt 0.450000 0.700000
vt 0.950000 0.700000
vt 0.450000 0.750000
vt 0.950000 0.750000
vt 0.450000 0.800000
vt 0.950000 0.800000
vt 0.450000 0.850000
vt 0.950000 0.850000
vt 0.450000 0.900000
vt 0.950000 0.900000
vt 0.450000 0.950000
vt 0.950000 0.950000
vt 0.475000 0.000000
vt 0.925000 0.000000
vt 0.475000 1.000000
vt 0.925000 1.000000
vt 0.375000 0.312500
vt 0.387500 0.312500
vt 0.387500 0.688440
vt 0.375000 0.688440
vt 0.400000 0.312500
vt 0.400000 0.688440
vt 0.412500 0.312500
vt 0.412500 0.688440
vt 0.425000 0.312500
vt 0.425000 0.688440
vt 0.437500 0.312500
vt 0.437500 0.688440
vt 0.450000 0.312500
vt 0.450000 0.688440
vt 0.462500 0.312500
vt 0.462500 0.688440
vt 0.475000 0.312500
vt 0.475000 0.688440
vt 0.487500 0.312500
vt 0.487500 0.688440
vt 0.500000 0.312500
vt 0.500000 0.688440
vt 0.512500 0.312500
vt 0.512500 0.688440
vt 0.525000 0.312500
vt 0.525000 0.688440
vt 0.537500 0.312500
vt 0.537500 0.688440
vt 0.550000 0.312500
vt 0.550000 0.688440
vt 0.562500 0.312500
vt 0.562500 0.688440
vt 0.575000 0.312500
vt 0.575000 0.688440
vt 0.587500 0.312500
vt 0.587500 0.688440
vt 0.600000 0.312500
vt 0.600000 0.688440
vt 0.612500 0.312500
vt 0.612500 0.688440
vt 0.625000 0.312500
vt 0.625000 0.688440
vt 0.626409 0.064408
vt 0.648603 0.107966
vt 0.500000 0.150000
vt 0.591842 0.029841
vt 0.548284 0.007647
vt 0.500000 -0.000000
vt 0.451716 0.007647
vt 0.408159 0.029841
vt 0.373591 0.064409
vt 0.351397 0.107966
vt 0.343750 0.156250
vt 0.351397 0.204534
vt 0.373591 0.248091
vt 0.408159 0.282659
vt 0.451716 0.304853
vt 0.500000 0.312500
vt 0.548284 0.304853
vt 0.591841 0.282659
vt 0.626409 0.248091
vt 0.648603 0.204534
vt 0.656250 0.156250
vt 0.648603 0.892034
vt 0.626409 0.935591
vt 0.500000 0.837500
vt 0.591841 0.970159
vt 0.548284 0.992353
vt 0.500000 1.000000
vt 0.451716 0.992353
vt 0.408159 0.970159
vt 0.373591 0.935591
vt 0.351397 0.892034
vt 0.343750 0.843750
vt 0.351397 0.795466
vt 0.373591 0.751909
vt 0.408159 0.717341
vt 0.451716 0.695147
vt 0.500000 0.687500
vt 0.548284 0.695147
vt 0.591842 0.717341
vt 0.626409 0.751908
vt 0.648603 0.795466
vt 0.656250 0.843750
vt 0.375000 0.312500
vt 0.387500 0.312500
vt 0.387500 0.688440
vt 0.375000 0.688440
vt 0.400000 0.312500
vt 0.400000 0.688440
vt 0.412500 0.312500
vt 0.412500 0.688440
vt 0.425000 0.312500
vt 0.425000 0.688440
vt 0.437500 0.312500
vt 0.437500 0.688440
vt 0.450000 0.312500
vt 0.450000 0.688440
vt 0.462500 0.312500
vt 0.462500 0.688440
vt 0.475000 0.312500
vt 0.475000 0.688440
vt 0.487500 0.312500
vt 0.487500 0.688440
vt 0.500000 0.312500
vt 0.500000 0.688440
vt 0.512500 0.312500
vt 0.512500 0.688440
vt 0.525000 0.312500
vt 0.525000 0.688440
vt 0.537500 0.312500
vt 0.537500 0.688440
vt 0.550000 0.312500
vt 0.550000 0.688440
vt 0.562500 0.312500
vt 0.562500 0.688440
vt 0.575000 0.312500
vt 0.575000 0.688440
vt 0.587500 0.312500
vt 0.587500 0.688440
vt 0.600000 0.312500
vt 0.600000 0.688440
vt 0.612500 0.312500
vt 0.612500 0.688440
vt 0.625000 0.312500
vt 0.625000 0.688440
vt 0.626409 0.064408
vt 0.648603 0.107966
vt 0.500000 0.150000
vt 0.591842 0.029841
vt 0.548284 0.007647
vt 0.500000 -0.000000
vt 0.451716 0.007647
vt 0.408159 0.029841
vt 0.373591 0.064409
vt 0.351397 0.107966
vt 0.343750 0.156250
vt 0.351397 0.204534
vt 0.373591 0.248091
vt 0.408159 0.282659
vt 0.451716 0.304853
vt 0.500000 0.312500
vt 0.548284 0.304853
vt 0.591841 0.282659
vt 0.626409 0.248091
vt 0.648603 0.204534
vt 0.656250 0.156250
vt 0.648603 0.892034
vt 0.626409 0.935591
vt 0.500000 0.837500
vt 0.591841 0.970159
vt 0.548284 0.992353
vt 0.500000 1.000000
vt 0.451716 0.992353
vt 0.408159 0.970159
vt 0.373591 0.935591
vt 0.351397 0.892034
vt 0.343750 0.843750
vt 0.351397 0.795466
vt 0.373591 0.751909
vt 0.408159 0.717341
vt 0.451716 0.695147
vt 0.500000 0.687500
vt 0.548284 0.695147
vt 0.591842 0.717341
vt 0.626409 0.751908
vt 0.648603 0.795466
vt 0.656250 0.843750
vt 0.375000 0.312500
vt 0.387500 0.312500
vt 0.387500 0.688440
vt 0.375000 0.688440
vt 0.400000 0.312500
vt 0.400000 0.688440
vt 0.412500 0.312500
vt 0.412500 0.688440
vt 0.425000 0.312500
vt 0.425000 0.688440
vt 0.437500 0.312500
vt 0.437500 0.688440
vt 0.450000 0.312500
vt 0.450000 0.688440
vt 0.462500 0.312500
vt 0.462500 0.688440
vt 0.475000 0.312500
vt 0.475000 0.688440
vt 0.487500 0.312500
vt 0.487500 0.688440
vt 0.500000 0.312500
vt 0.500000 0.688440
vt 0.512500 0.312500
vt 0.512500 0.688440
vt 0.525000 0.312500
vt 0.525000 0.688440
vt 0.537500 0.312500
vt 0.537500 0.688440
vt 0.550000 0.312500
vt 0.550000 0.688440
vt 0.562500 0.312500
vt 0.562500 0.688440
vt 0.575000 0.312500
vt 0.575000 0.688440
vt 0.587500 0.312500
vt 0.587500 0.688440
vt 0.600000 0.312500
vt 0.600000 0.688440
vt 0.612500 0.312500
vt 0.612500 0.688440
vt 0.625000 0.312500
vt 0.625000 0.688440
vt 0.626409 0.064408
vt 0.648603 0.107966
vt 0.500000 0.150000
vt 0.591842 0.029841
vt 0.548284 0.007647
vt 0.500000 -0.000000
vt 0.451716 0.007647
vt 0.408159 0.029841
vt 0.373591 0.064409
vt 0.351397 0.107966
vt 0.343750 0.156250
vt 0.351397 0.204534
vt 0.373591 0.248091
vt 0.408159 0.282659
vt 0.451716 0.304853
vt 0.500000 0.312500
vt 0.548284 0.304853
vt 0.591841 0.282659
vt 0.626409 0.248091
vt 0.648603 0.204534
vt 0.656250 0.156250
vt 0.648603 0.892034
vt 0.626409 0.935591
vt 0.500000 0.837500
vt 0.591841 0.970159
vt 0.548284 0.992353
vt 0.500000 1.000000
vt 0.451716 0.992353
vt 0.408159 0.970159
vt 0.373591 0.935591
vt 0.351397 0.892034
vt 0.343750 0.843750
vt 0.351397 0.795466
vt 0.373591 0.751909
vt 0.408159 0.717341
vt 0.451716 0.695147
vt 0.500000 0.687500
vt 0.548284 0.695147
vt 0.591842 0.717341
vt 0.626409 0.751908
vt 0.648603 0.795466
vt 0.656250 0.843750
vt 0.375000 0.312500
vt 0.387500 0.312500
vt 0.387500 0.688440
vt 0.375000 0.688440
vt 0.400000 0.312500
vt 0.400000 0.688440
vt 0.412500 0.312500
vt 0.412500 0.688440
vt 0.425000 0.312500
vt 0.425000 0.688440
vt 0.437500 0.312500
vt 0.437500 0.688440
vt 0.450000 0.312500
vt 0.450000 0.688440
vt 0.462500 0.312500
vt 0.462500 0.688440
vt 0.475000 0.312500
vt 0.475000 0.688440
vt 0.487500 0.312500
vt 0.487500 0.688440
vt 0.500000 0.312500
vt 0.500000 0.688440
vt 0.512500 0.312500
vt 0.512500 0.688440
vt 0.525000 0.312500
vt 0.525000 0.688440
vt 0.537500 0.312500
vt 0.537500 0.688440
vt 0.550000 0.312500
vt 0.550000 0.688440
vt 0.562500 0.312500
vt 0.562500 0.688440
vt 0.575000 0.312500
vt 0.575000 0.688440
vt 0.587500 0.312500
vt 0.587500 0.688440
vt 0.600000 0.312500
vt 0.600000 0.688440
vt 0.612500 0.312500
vt 0.612500 0.688440
vt 0.625000 0.312500
vt 0.625000 0.688440
vt 0.626409 0.064408
vt 0.648603 0.107966
vt 0.500000 0.150000
vt 0.591842 0.029841
vt 0.548284 0.007647
vt 0.500000 -0.000000
vt 0.451716 0.007647
vt 0.408159 0.029841
vt 0.373591 0.064409
vt 0.351397 0.107966
vt 0.343750 0.156250
vt 0.351397 0.204534
vt 0.373591 0.248091
vt 0.408159 0.282659
vt 0.451716 0.304853
vt 0.500000 0.312500
vt 0.548284 0.304853
vt 0.591841 0.282659
vt 0.626409 0.248091
vt 0.648603 0.204534
vt 0.656250 0.156250
vt 0.648603 0.892034
vt 0.626409 0.935591
vt 0.500000 0.837500
vt 0.591841 0.970159
vt 0.548284 0.992353
vt 0.500000 1.000000
vt 0.451716 0.992353
vt 0.408159 0.970159
vt 0.373591 0.935591
vt 0.351397 0.892034
vt 0.343750 0.843750
vt 0.351397 0.795466
vt 0.373591 0.751909
vt 0.408159 0.717341
vt 0.451716 0.695147
vt 0.500000 0.687500
vt 0.548284 0.695147
vt 0.591842 0.717341
vt 0.626409 0.751908
vt 0.648603 0.795466
vt 0.656250 0.843750
vt 0.375000 0.312500
vt 0.387500 0.312500
vt 0.387500 0.688440
vt 0.375000 0.688440
vt 0.400000 0.312500
vt 0.400000 0.688440
vt 0.412500 0.312500
vt 0.412500 0.688440
vt 0.425000 0.312500
vt 0.425000 0.688440
vt 0.437500 0.312500
vt 0.437500 0.688440
vt 0.450000 0.312500
vt 0.450000 0.688440
vt 0.462500 0.312500
vt 0.462500 0.688440
vt 0.475000 0.312500
vt 0.475000 0.688440
vt 0.487500 0.312500
vt 0.487500 0.688440
vt 0.500000 0.312500
vt 0.500000 0.688440
vt 0.512500 0.312500
vt 0.512500 0.688440
vt 0.525000 0.312500
vt 0.525000 0.688440
vt 0.537500 0.312500
vt 0.537500 0.688440
vt 0.550000 0.312500
vt 0.550000 0.688440
vt 0.562500 0.312500
vt 0.562500 0.688440
vt 0.575000 0.312500
vt 0.575000 0.688440
vt 0.587500 0.312500
vt 0.587500 0.688440
vt 0.600000 0.312500
vt 0.600000 0.688440
vt 0.612500 0.312500
vt 0.612500 0.688440
vt 0.625000 0.312500
vt 0.625000 0.688440
vt 0.626409 0.064408
vt 0.648603 0.107966
vt 0.500000 0.150000
vt 0.591842 0.029841
vt 0.548284 0.007647
vt 0.500000 -0.000000
vt 0.451716 0.007647
vt 0.408159 0.029841
vt 0.373591 0.064409
vt 0.351397 0.107966
vt 0.343750 0.156250
vt 0.351397 0.204534
vt 0.373591 0.248091
vt 0.408159 0.282659
vt 0.451716 0.304853
vt 0.500000 0.312500
vt 0.548284 0.304853
vt 0.591841 0.282659
vt 0.626409 0.248091
vt 0.648603 0.204534
vt 0.656250 0.156250
vt 0.648603 0.892034
vt 0.626409 0.935591
vt 0.500000 0.837500
vt 0.591841 0.970159
vt 0.548284 0.992353
vt 0.500000 1.000000
vt 0.451716 0.992353
vt 0.408159 0.970159
vt 0.373591 0.935591
vt 0.351397 0.892034
vt 0.343750 0.843750
vt 0.351397 0.795466
vt 0.373591 0.751909
vt 0.408159 0.717341
vt 0.451716 0.695147
vt 0.500000 0.687500
vt 0.548284 0.695147
vt 0.591842 0.717341
vt 0.626409 0.751908
vt 0.648603 0.795466
vt 0.656250 0.843750
vt 0.375000 0.312500
vt 0.387500 0.312500
vt 0.387500 0.688440
vt 0.375000 0.688440
vt 0.400000 0.312500
vt 0.400000 0.688440
vt 0.412500 0.312500
vt 0.412500 0.688440
vt 0.425000 0.312500
vt 0.425000 0.688440
vt 0.437500 0.312500
vt 0.437500 0.688440
vt 0.450000 0.312500
vt 0.450000 0.688440
vt 0.462500 0.312500
vt 0.462500 0.688440
vt 0.475000 0.312500
vt 0.475000 0.688440
vt 0.487500 0.312500
vt 0.487500 0.688440
vt 0.500000 0.312500
vt 0.500000 0.688440
vt 0.512500 0.312500
vt 0.512500 0.688440
vt 0.525000 0.312500
vt 0.525000 0.688440
vt 0.537500 0.312500
vt 0.537500 0.688440
vt 0.550000 0.312500
vt 0.550000 0.688440
vt 0.562500 0.312500
vt 0.562500 0.688440
vt 0.575000 0.312500
vt 0.575000 0.688440
vt 0.587500 0.312500
vt 0.587500 0.688440
vt 0.600000 0.312500
vt 0.600000 0.688440
vt 0.612500 0.312500
vt 0.612500 0.688440
vt 0.625000 0.312500
vt 0.625000 0.688440
vt 0.626409 0.064408
vt 0.648603 0.107966
vt 0.500000 0.150000
vt 0.591842 0.029841
vt 0.548284 0.007647
vt 0.500000 -0.000000
vt 0.451716 0.007647
vt 0.408159 0.029841
vt 0.373591 0.064409
vt 0.351397 0.107966
vt 0.343750 0.156250
vt 0.351397 0.204534
vt 0.373591 0.248091
vt 0.408159 0.282659
vt 0.451716 0.304853
vt 0.500000 0.312500
vt 0.548284 0.304853
vt 0.591841 0.282659
vt 0.626409 0.248091
vt 0.648603 0.204534
vt 0.656250 0.156250
vt 0.648603 0.892034
vt 0.626409 0.935591
vt 0.500000 0.837500
vt 0.591841 0.970159
vt 0.548284 0.992353
vt 0.500000 1.000000
vt 0.451716 0.992353
vt 0.408159 0.970159
vt 0.373591 0.935591
vt 0.351397 0.892034
vt 0.343750 0.843750
vt 0.351397 0.795466
vt 0.373591 0.751909
vt 0.408159 0.717341
vt 0.451716 0.695147
vt 0.500000 0.687500
vt 0.548284 0.695147
vt 0.591842 0.717341
vt 0.626409 0.751908
vt 0.648603 0.795466
vt 0.656250 0.843750
vn -0.092361 -0.983395 -0.156215
vn -0.169590 -0.974721 -0.145458
vn -0.303928 -0.910292 -0.281063
vn -0.171410 -0.936760 -0.305122
vn -0.300055 -0.946761 -0.116668
vn -0.516031 -0.828938 -0.215810
vn -0.385833 -0.919119 -0.079709
vn -0.641727 -0.753808 -0.141277
vn -0.433006 -0.900497 -0.040140
vn -0.704391 -0.706428 -0.069229
vn -0.447952 -0.894057 0.000000
vn -0.723230 -0.690607 0.000000
vn -0.433007 -0.900497 0.040140
vn -0.704391 -0.706428 0.069229
vn -0.385832 -0.919119 0.079710
vn -0.641726 -0.753809 0.141277
vn -0.300055 -0.946761 0.116668
vn -0.516031 -0.828938 0.215810
vn -0.169591 -0.974721 0.145458
vn -0.303929 -0.910292 0.281063
vn -0.092361 -0.983395 0.156215
vn -0.171409 -0.936760 0.305123
vn -0.417167 -0.817625 -0.396813
vn -0.245546 -0.863501 -0.440537
vn -0.666373 -0.689387 -0.284065
vn -0.789493 -0.588098 -0.175615
vn -0.842901 -0.531566 -0.083400
vn -0.857923 -0.513778 0.000000
vn -0.842901 -0.531567 0.083400
vn -0.789493 -0.588099 0.175615
vn -0.666372 -0.689387 0.284066
vn -0.417166 -0.817626 0.396813
vn -0.245544 -0.863502 0.440537
vn -0.505145 -0.709185 -0.491818
vn -0.309423 -0.769158 -0.559153
vn -0.763209 -0.556261 -0.328765
vn -0.870373 -0.452460 -0.194247
vn -0.912016 -0.400084 -0.090338
vn -0.923205 -0.384308 0.000000
vn -0.912016 -0.400083 0.090338
vn -0.870373 -0.452459 0.194247
vn -0.763209 -0.556261 0.328765
vn -0.505145 -0.709185 0.491818
vn -0.309423 -0.769159 0.559153
vn -0.571281 -0.593177 -0.567255
vn -0.362638 -0.658919 -0.659029
vn -0.824842 -0.437886 -0.357620
vn -0.916047 -0.344870 -0.204753
vn -0.948942 -0.301105 -0.094044
vn -0.957551 -0.288263 0.000000
vn -0.948942 -0.301105 0.094044
vn -0.916047 -0.344869 0.204753
vn -0.824842 -0.437885 0.357620
vn -0.571282 -0.593177 0.567255
vn -0.362638 -0.658919 0.659029
vn -0.619760 -0.474303 -0.625247
vn -0.405266 -0.537382 -0.739581
vn -0.864290 -0.333831 -0.376243
vn -0.942993 -0.257412 -0.210956
vn -0.970047 -0.223068 -0.096172
vn -0.977021 -0.213142 0.000000
vn -0.970047 -0.223068 0.096172
vn -0.942993 -0.257413 0.210957
vn -0.864290 -0.333831 0.376243
vn -0.619761 -0.474303 0.625247
vn -0.405266 -0.537382 0.739581
vn -0.654127 -0.354929 -0.667940
vn -0.437682 -0.408273 -0.801092
vn -0.889479 -0.241129 -0.388180
vn -0.959300 -0.183415 -0.214716
vn -0.982583 -0.158225 -0.097441
vn -0.988532 -0.151010 0.000000
vn -0.982583 -0.158225 0.097441
vn -0.959300 -0.183415 0.214716
vn -0.889479 -0.241129 0.388180
vn -0.654127 -0.354929 0.667940
vn -0.437681 -0.408272 0.801093
vn -0.676982 -0.236035 -0.697125
vn -0.460371 -0.274404 -0.844252
vn -0.905010 -0.156517 -0.395549
vn -0.969016 -0.118057 -0.216960
vn -0.989971 -0.101569 -0.098191
vn -0.995297 -0.096871 0.000000
vn -0.989971 -0.101569 0.098191
vn -0.969016 -0.118057 0.216960
vn -0.905010 -0.156517 0.395549
vn -0.676981 -0.236034 0.697126
vn -0.460370 -0.274403 0.844253
vn -0.690048 -0.117805 -0.714112
vn -0.473779 -0.137813 -0.869794
vn -0.913465 -0.077024 -0.399561
vn -0.974199 -0.057832 -0.218158
vn -0.993887 -0.049684 -0.098589
vn -0.998878 -0.047368 0.000000
vn -0.993887 -0.049684 0.098589
vn -0.974199 -0.057832 0.218158
vn -0.913465 -0.077024 0.399561
vn -0.690048 -0.117805 0.714112
vn -0.473778 -0.137813 0.869794
vn -0.694299 0.000000 -0.719686
vn -0.478213 0.000000 -0.878244
vn -0.916150 -0.000000 -0.400835
vn -0.975829 0.000000 -0.218535
vn -0.995116 0.000000 -0.098714
vn -1.000000 -0.000000 0.000000
vn -0.995116 -0.000000 0.098714
vn -0.975829 0.000000 0.218535
vn -0.916150 0.000000 0.400835
vn -0.694299 0.000000 0.719687
vn -0.478212 0.000000 0.878245
vn -0.690048 0.117805 -0.714112
vn -0.473779 0.137813 -0.869794
vn -0.913465 0.077024 -0.399561
vn -0.974199 0.057832 -0.218158
vn -0.993887 0.049684 -0.098589
vn -0.998878 0.047368 0.000000
vn -0.993887 0.049684 0.098589
vn -0.974199 0.057832 0.218158
vn -0.913465 0.077024 0.399561
vn -0.690048 0.117805 0.714112
vn -0.473778 0.137813 0.869794
vn -0.676982 0.236035 -0.697125
vn -0.460371 0.274404 -0.844252
vn -0.905010 0.156517 -0.395549
vn -0.969016 0.118057 -0.216960
vn -0.989971 0.101569 -0.098191
vn -0.995297 0.096871 0.000000
vn -0.989971 0.101569 0.098191
vn -0.969016 0.118057 0.216960
vn -0.905010 0.156517 0.395549
vn -0.676981 0.236034 0.697126
vn -0.460370 0.274403 0.844253
vn -0.654127 0.354929 -0.667940
vn -0.437682 0.408273 -0.801092
vn -0.889479 0.241129 -0.388180
vn -0.959300 0.183415 -0.214716
vn -0.982583 0.158225 -0.097441
vn -0.988532 0.151010 0.000000
vn -0.982583 0.158225 0.097441
vn -0.959300 0.183415 0.214716
vn -0.889479 0.241129 0.388180
vn -0.654127 0.354929 0.667940
vn -0.437681 0.408272 0.801093
vn -0.619760 0.474303 -0.625247
vn -0.405266 0.537383 -0.739581
vn -0.864290 0.333831 -0.376243
vn -0.942993 0.257412 -0.210956
vn -0.970047 0.223068 -0.096172
vn -0.977021 0.213142 0.000000
vn -0.970047 0.223068 0.096172
vn -0.942993 0.257413 0.210957
vn -0.864290 0.333831 0.376243
vn -0.619761 0.474302 0.625247
vn -0.405266 0.537382 0.739581
vn -0.571281 0.593178 -0.567255
vn -0.362637 0.658919 -0.659029
vn -0.824842 0.437886 -0.357620
vn -0.916047 0.344869 -0.204753
vn -0.948942 0.301105 -0.094044
vn -0.957551 0.288263 0.000000
vn -0.948942 0.301105 0.094044
vn -0.916047 0.344869 0.204753
vn -0.824842 0.437885 0.357620
vn -0.571282 0.593177 0.567255
vn -0.362638 0.658919 0.659029
vn -0.505145 0.709185 -0.491818
vn -0.309423 0.769158 -0.559153
vn -0.763209 0.556261 -0.328765
vn -0.870373 0.452459 -0.194247
vn -0.912016 0.400083 -0.090338
vn -0.923205 0.384308 0.000000
vn -0.912016 0.400083 0.090338
vn -0.870373 0.452459 0.194247
vn -0.763209 0.556261 0.328765
vn -0.505145 0.709185 0.491818
vn -0.309424 0.769158 0.559153
vn -0.417167 0.817625 -0.396813
vn -0.245546 0.863501 -0.440537
vn -0.666373 0.689387 -0.284065
vn -0.789493 0.588098 -0.175615
vn -0.842901 0.531567 -0.083400
vn -0.857923 0.513778 0.000000
vn -0.842901 0.531567 0.083400
vn -0.789493 0.588098 0.175615
vn -0.666372 0.689387 0.284066
vn -0.417166 0.817626 0.396813
vn -0.245545 0.863501 0.440537
vn -0.303929 0.910292 -0.281063
vn -0.171410 0.936760 -0.305122
vn -0.516031 0.828938 -0.215810
vn -0.641727 0.753809 -0.141277
vn -0.704391 0.706428 -0.069229
vn -0.723231 0.690607 0.000000
vn -0.704391 0.706428 0.069229
vn -0.641726 0.753809 0.141277
vn -0.516030 0.828938 0.215810
vn -0.303928 0.910292 0.281063
vn -0.171409 0.936760 0.305123
vn -0.169591 0.974721 -0.145458
vn -0.092361 0.983395 -0.156215
vn -0.300054 0.946761 -0.116668
vn -0.385832 0.919119 -0.079710
vn -0.433007 0.900497 -0.040140
vn -0.447953 0.894057 0.000000
vn -0.433007 0.900496 0.040140
vn -0.385832 0.919119 0.079710
vn -0.300056 0.946760 0.116668
vn -0.169592 0.974721 0.145458
vn -0.092361 0.983395 0.156215
vn -0.178888 -0.983870 0.000000
vn -0.178888 0.983869 -0.000000
vn 0.082837 0.984335 0.155634
vn 0.162054 0.938637 0.304465
vn 0.298985 0.912026 0.280745
vn 0.158001 0.976557 0.146193
vn 0.516670 0.828556 0.215750
vn 0.289378 0.949715 0.119593
vn 0.644199 0.751672 0.141411
vn 0.381614 0.920574 0.083151
vn 0.707580 0.703226 0.069310
vn 0.434583 0.899637 0.042316
vn 0.726579 0.687083 -0.000000
vn 0.451706 0.892167 -0.000000
vn 0.707580 0.703226 -0.069310
vn 0.434583 0.899637 -0.042316
vn 0.644199 0.751672 -0.141411
vn 0.381614 0.920574 -0.083151
vn 0.516669 0.828556 -0.215751
vn 0.289378 0.949715 -0.119593
vn 0.298984 0.912026 -0.280745
vn 0.158001 0.976557 -0.146193
vn 0.162054 0.938637 -0.304465
vn 0.082839 0.984335 -0.155634
vn 0.234591 0.866436 0.440745
vn 0.414104 0.819275 0.396620
vn 0.669450 0.686968 0.282685
vn 0.791438 0.585692 0.174902
vn 0.844170 0.529597 0.083093
vn 0.858983 0.512005 -0.000000
vn 0.844170 0.529597 -0.083093
vn 0.791438 0.585692 -0.174902
vn 0.669450 0.686968 -0.282685
vn 0.414103 0.819275 -0.396620
vn 0.234591 0.866436 -0.440745
vn 0.298299 0.772608 0.560442
vn 0.503057 0.710612 0.491898
vn 0.766351 0.553255 0.326519
vn 0.871423 0.450781 0.193439
vn 0.912455 0.399140 0.090076
vn 0.923512 0.383569 -0.000000
vn 0.912455 0.399140 -0.090077
vn 0.871423 0.450781 -0.193439
vn 0.766351 0.553255 -0.326519
vn 0.503057 0.710612 -0.491898
vn 0.298300 0.772608 -0.560441
vn 0.352006 0.662356 0.661345
vn 0.569669 0.594375 0.567623
vn 0.827517 0.435085 0.354847
vn 0.916603 0.343816 0.204031
vn 0.949107 0.300645 0.093853
vn 0.957650 0.287935 -0.000000
vn 0.949107 0.300645 -0.093853
vn 0.916603 0.343816 -0.204031
vn 0.827517 0.435086 -0.354847
vn 0.569669 0.594375 -0.567623
vn 0.352005 0.662356 -0.661345
vn 0.395328 0.540425 0.742736
vn 0.618383 0.475277 0.625871
vn 0.866491 0.331551 0.373187
vn 0.943309 0.256765 0.210334
vn 0.970117 0.222828 0.096027
vn 0.977056 0.212981 -0.000000
vn 0.970117 0.222828 -0.096027
vn 0.943309 0.256765 -0.210334
vn 0.866491 0.331551 -0.373186
vn 0.618383 0.475276 -0.625871
vn 0.395328 0.540424 -0.742737
vn 0.428399 0.410686 0.804868
vn 0.652874 0.355673 0.668769
vn 0.891317 0.239448 0.384991
vn 0.959497 0.183023 0.214170
vn 0.982616 0.158094 0.097323
vn 0.988545 0.150926 -0.000000
vn 0.982616 0.158094 -0.097323
vn 0.959497 0.183023 -0.214171
vn 0.891317 0.239448 -0.384991
vn 0.652875 0.355673 -0.668769
vn 0.428399 0.410685 -0.804868
vn 0.451593 0.276059 0.848443
vn 0.675800 0.236538 0.698101
vn 0.906608 0.155423 0.392309
vn 0.969153 0.117833 0.216465
vn 0.989988 0.101499 0.098089
vn 0.995301 0.096827 -0.000000
vn 0.989988 0.101499 -0.098089
vn 0.969154 0.117833 -0.216465
vn 0.906607 0.155423 -0.392309
vn 0.675799 0.236538 -0.698101
vn 0.451592 0.276060 -0.848443
vn 0.465312 0.138652 0.874220
vn 0.688903 0.118059 0.715175
vn 0.914927 0.076488 0.396306
vn 0.974309 0.057730 0.217691
vn 0.993898 0.049653 0.098495
vn 0.998878 0.047349 -0.000000
vn 0.993898 0.049653 -0.098495
vn 0.974309 0.057730 -0.217691
vn 0.914927 0.076487 -0.396307
vn 0.688903 0.118058 -0.715175
vn 0.465312 0.138652 -0.874220
vn 0.469849 0.000000 0.882747
vn 0.693166 -0.000000 0.720778
vn 0.917569 0.000000 0.397578
vn 0.975932 -0.000000 0.218077
vn 0.995125 -0.000000 0.098623
vn 1.000000 0.000000 -0.000000
vn 0.995125 0.000000 -0.098623
vn 0.975931 0.000000 -0.218077
vn 0.917568 0.000000 -0.397578
vn 0.693166 0.000000 -0.720778
vn 0.469851 0.000000 -0.882746
vn 0.465312 -0.138652 0.874220
vn 0.688903 -0.118059 0.715175
vn 0.914927 -0.076488 0.396306
vn 0.974309 -0.057730 0.217691
vn 0.993898 -0.049653 0.098495
vn 0.998878 -0.047349 -0.000000
vn 0.993898 -0.049653 -0.098495
vn 0.974309 -0.057730 -0.217691
vn 0.914927 -0.076487 -0.396306
vn 0.688903 -0.118059 -0.715175
vn 0.465312 -0.138653 -0.874220
vn 0.451593 -0.276059 0.848443
vn 0.675800 -0.236538 0.698101
vn 0.906608 -0.155423 0.392309
vn 0.969154 -0.117833 0.216465
vn 0.989988 -0.101499 0.098089
vn 0.995301 -0.096827 -0.000000
vn 0.989988 -0.101499 -0.098089
vn 0.969153 -0.117833 -0.216465
vn 0.906607 -0.155423 -0.392309
vn 0.675799 -0.236538 -0.698101
vn 0.451592 -0.276060 -0.848443
vn 0.428398 -0.410686 0.804868
vn 0.652874 -0.355673 0.668769
vn 0.891317 -0.239448 0.384991
vn 0.959497 -0.183023 0.214170
vn 0.982616 -0.158094 0.097323
vn 0.988545 -0.150926 -0.000000
vn 0.982616 -0.158094 -0.097323
vn 0.959497 -0.183023 -0.214171
vn 0.891317 -0.239448 -0.384991
vn 0.652875 -0.355673 -0.668769
vn 0.428399 -0.410685 -0.804868
vn 0.395328 -0.540424 0.742736
vn 0.618383 -0.475277 0.625871
vn 0.866491 -0.331551 0.373187
vn 0.943309 -0.256765 0.210334
vn 0.970117 -0.222828 0.096027
vn 0.977056 -0.212981 -0.000000
vn 0.970117 -0.222828 -0.096027
vn 0.943309 -0.256765 -0.210334
vn 0.866491 -0.331551 -0.373186
vn 0.618383 -0.475276 -0.625871
vn 0.395328 -0.540424 -0.742737
vn 0.352006 -0.662355 0.661345
vn 0.569669 -0.594375 0.567623
vn 0.827517 -0.435086 0.354847
vn 0.916603 -0.343816 0.204031
vn 0.949107 -0.300645 0.093853
vn 0.957650 -0.287935 -0.000000
vn 0.949107 -0.300645 -0.093853
vn 0.916603 -0.343817 -0.204031
vn 0.827517 -0.435086 -0.354847
vn 0.569669 -0.594375 -0.567623
vn 0.352005 -0.662356 -0.661345
vn 0.298300 -0.772608 0.560442
vn 0.503057 -0.710612 0.491898
vn 0.766351 -0.553255 0.326519
vn 0.871423 -0.450781 0.193439
vn 0.912455 -0.399140 0.090077
vn 0.923512 -0.383569 -0.000000
vn 0.912455 -0.399140 -0.090077
vn 0.871423 -0.450781 -0.193439
vn 0.766351 -0.553255 -0.326519
vn 0.503057 -0.710612 -0.491898
vn 0.298300 -0.772608 -0.560442
vn 0.234591 -0.866436 0.440745
vn 0.414104 -0.819274 0.396620
vn 0.669450 -0.686968 0.282685
vn 0.791438 -0.585692 0.174902
vn 0.844170 -0.529597 0.083093
vn 0.858983 -0.512005 -0.000000
vn 0.844170 -0.529597 -0.083093
vn 0.791438 -0.585692 -0.174902
vn 0.669451 -0.686968 -0.282685
vn 0.414104 -0.819274 -0.396621
vn 0.234591 -0.866436 -0.440745
vn 0.162055 -0.938637 0.304465
vn 0.298984 -0.912026 0.280745
vn 0.516669 -0.828556 0.215750
vn 0.644199 -0.751672 0.141411
vn 0.707580 -0.703226 0.069310
vn 0.726579 -0.687083 -0.000000
vn 0.707580 -0.703226 -0.069310
vn 0.644199 -0.751672 -0.141411
vn 0.516669 -0.828556 -0.215750
vn 0.298984 -0.912026 -0.280745
vn 0.162055 -0.938637 -0.304465
vn 0.082838 -0.984335 0.155634
vn 0.158001 -0.976557 0.146193
vn 0.289378 -0.949715 0.119593
vn 0.381614 -0.920574 0.083151
vn 0.434583 -0.899637 0.042316
vn 0.451705 -0.892167 -0.000000
vn 0.434584 -0.899637 -0.042316
vn 0.381614 -0.920574 -0.083151
vn 0.289378 -0.949715 -0.119593
vn 0.158002 -0.976557 -0.146193
vn 0.082839 -0.984335 -0.155634
vn 0.167874 0.985809 -0.000000
vn 0.167874 -0.985809 -0.000000
vn 0.986954 -0.149453 -0.059882
vn 0.995691 -0.089879 -0.022821
vn 0.995691 -0.089879 -0.022821
vn 0.986954 -0.149453 -0.059882
vn 0.995691 -0.089877 0.022821
vn 0.986954 -0.149451 0.059881
vn 0.986954 -0.149451 0.059881
vn 0.995691 -0.089877 0.022821
vn 0.972501 -0.202899 -0.114345
vn 0.972501 -0.202899 -0.114345
vn 0.972501 -0.202898 0.114344
vn 0.972501 -0.202898 0.114344
vn 0.955116 -0.234546 -0.180946
vn 0.955116 -0.234546 -0.180946
vn 0.955116 -0.234546 0.180946
vn 0.955116 -0.234546 0.180946
vn 0.936843 -0.242209 -0.252311
vn 0.936843 -0.242209 -0.252311
vn 0.936843 -0.242208 0.252310
vn 0.936843 -0.242208 0.252310
vn 0.919534 -0.226370 -0.321270
vn 0.919534 -0.226370 -0.321270
vn 0.919534 -0.226370 0.321269
vn 0.919534 -0.226370 0.321269
vn 0.904681 -0.189646 -0.381559
vn 0.904681 -0.189646 -0.381559
vn 0.904681 -0.189646 0.381560
vn 0.904681 -0.189646 0.381560
vn 0.893372 -0.136169 -0.428188
vn 0.893372 -0.136169 -0.428188
vn 0.893371 -0.136169 0.428189
vn 0.893371 -0.136169 0.428189
vn 0.886323 -0.071057 -0.457583
vn 0.886323 -0.071057 -0.457583
vn 0.886321 -0.071058 0.457588
vn 0.886321 -0.071058 0.457588
vn 0.883932 0.000000 -0.467616
vn 0.883932 0.000000 -0.467616
vn 0.883928 0.000000 0.467623
vn 0.883928 0.000000 0.467623
vn 0.886323 0.071057 -0.457583
vn 0.886323 0.071057 -0.457583
vn 0.886321 0.071058 0.457588
vn 0.886321 0.071058 0.457588
vn 0.893372 0.136169 -0.428188
vn 0.893372 0.136169 -0.428188
vn 0.893371 0.136169 0.428189
vn 0.893371 0.136169 0.428189
vn 0.904681 0.189646 -0.381559
vn 0.904681 0.189646 -0.381559
vn 0.904680 0.189646 0.381560
vn 0.904680 0.189646 0.381560
vn 0.919534 0.226370 -0.321270
vn 0.919534 0.226370 -0.321270
vn 0.919534 0.226370 0.321270
vn 0.919534 0.226370 0.321270
vn 0.936843 0.242209 -0.252311
vn 0.936843 0.242209 -0.252311
vn 0.936843 0.242208 0.252310
vn 0.936843 0.242208 0.252310
vn 0.955116 0.234546 -0.180946
vn 0.955116 0.234546 -0.180946
vn 0.955116 0.234546 0.180946
vn 0.955116 0.234546 0.180946
vn 0.972501 0.202899 -0.114345
vn 0.972501 0.202899 -0.114345
vn 0.972501 0.202898 0.114345
vn 0.972501 0.202898 0.114345
vn 0.986954 0.149453 -0.059882
vn 0.986954 0.149453 -0.059882
vn 0.986954 0.149451 0.059881
vn 0.986954 0.149451 0.059881
vn 0.995691 0.089879 -0.022821
vn 0.995691 0.089879 -0.022821
vn 0.995691 0.089877 0.022821
vn 0.995691 0.089877 0.022821
vn 0.998074 -0.062033 -0.000000
vn 0.998074 -0.062033 -0.000000
vn 0.998074 0.062033 -0.000000
vn 0.998074 0.062033 -0.000000
vn 0.000000 -0.309016 0.951057
vn 0.000000 -0.587786 0.809017
vn 0.000000 -0.587786 0.809017
vn 0.000000 -0.309016 0.951057
vn 0.000000 -0.809017 0.587785
vn 0.000000 -0.809017 0.587785
vn 0.000000 -0.951057 0.309017
vn 0.000000 -0.951057 0.309017
vn 0.000000 -1.000000 0.000000
vn 0.000000 -1.000000 0.000000
vn -0.000000 -0.951057 -0.309017
vn -0.000000 -0.951057 -0.309017
vn -0.000000 -0.809017 -0.587786
vn -0.000000 -0.809017 -0.587786
vn -0.000000 -0.587785 -0.809017
vn -0.000000 -0.587785 -0.809017
vn -0.000000 -0.309017 -0.951057
vn -0.000000 -0.309017 -0.951057
vn -0.000000 0.000000 -1.000000
vn -0.000000 0.000000 -1.000000
vn -0.000000 0.309017 -0.951057
vn -0.000000 0.309017 -0.951057
vn -0.000000 0.587785 -0.809017
vn -0.000000 0.587785 -0.809017
vn -0.000000 0.809017 -0.587785
vn -0.000000 0.809017 -0.587785
vn -0.000000 0.951057 -0.309017
vn -0.000000 0.951057 -0.309017
vn 0.000000 1.000000 0.000000
vn 0.000000 1.000000 0.000000
vn 0.000000 0.951057 0.309017
vn 0.000000 0.951057 0.309017
vn 0.000000 0.809017 0.587785
vn 0.000000 0.809017 0.587785
vn 0.000000 0.587785 0.809017
vn 0.000000 0.587785 0.809017
vn 0.000000 0.309017 0.951057
vn 0.000000 0.309017 0.951057
vn 0.000000 0.000002 1.000000
vn 0.000000 0.000002 1.000000
vn -1.000000 0.000000 0.000000
vn -1.000000 0.000000 0.000000
vn -1.000000 0.000000 -0.000000
vn -1.000000 0.000000 0.000000
vn -1.000000 0.000000 0.000000
vn -1.000000 0.000000 0.000000
vn -1.000000 0.000000 0.000000
vn -1.000000 0.000000 0.000000
vn -1.000000 0.000000 0.000000
vn -1.000000 0.000000 0.000000
vn -1.000000 0.000000 0.000000
vn -1.000000 0.000000 -0.000000
vn -1.000000 0.000000 -0.000000
vn -1.000000 0.000000 0.000000
vn -1.000000 0.000000 0.000000
vn -1.000000 0.000000 -0.000000
vn -1.000000 0.000000 -0.000000
vn -1.000000 0.000000 0.000000
vn -1.000000 0.000000 0.000000
vn -1.000000 0.000000 0.000000
vn -1.000000 0.000000 0.000000
vn 1.000000 0.000000 -0.000000
vn 1.000000 0.000000 -0.000000
vn 1.000000 0.000000 -0.000000
vn 1.000000 0.000000 -0.000000
vn 1.000000 0.000000 -0.000000
vn 1.000000 0.000000 -0.000000
vn 1.000000 0.000000 -0.000000
vn 1.000000 0.000000 -0.000000
vn 1.000000 0.000000 -0.000000
vn 1.000000 0.000000 -0.000000
vn 1.000000 0.000000 -0.000000
vn 1.000000 0.000000 -0.000000
vn 1.000000 0.000000 -0.000000
vn 1.000000 0.000000 -0.000000
vn 1.000000 0.000000 -0.000000
vn 1.000000 0.000000 -0.000000
vn 1.000000 0.000000 -0.000000
vn 1.000000 0.000000 -0.000000
vn 1.000000 0.000000 -0.000000
vn 1.000000 0.000000 -0.000000
vn 1.000000 0.000000 -0.000000
vn -0.000000 -0.309020 0.951055
vn -0.000000 -0.587786 0.809016
vn -0.000000 -0.587786 0.809016
vn -0.000000 -0.309020 0.951056
vn 0.000000 -0.809017 0.587785
vn 0.000000 -0.809017 0.587785
vn 0.000000 -0.951057 0.309017
vn 0.000000 -0.951057 0.309017
vn 0.000000 -1.000000 0.000000
vn 0.000000 -1.000000 0.000000
vn 0.000000 -0.951057 -0.309017
vn 0.000000 -0.951057 -0.309017
vn 0.000000 -0.809016 -0.587787
vn 0.000000 -0.809016 -0.587787
vn -0.000000 -0.587786 -0.809016
vn -0.000000 -0.587786 -0.809016
vn 0.000000 -0.309020 -0.951056
vn 0.000000 -0.309020 -0.951056
vn -0.000000 -0.000000 -1.000000
vn -0.000000 -0.000000 -1.000000
vn -0.000000 0.309013 -0.951058
vn -0.000000 0.309013 -0.951058
vn -0.000000 0.587789 -0.809014
vn -0.000000 0.587789 -0.809014
vn 0.000000 0.809019 -0.587783
vn -0.000000 0.809019 -0.587783
vn 0.000000 0.951056 -0.309018
vn 0.000000 0.951056 -0.309018
vn -0.000000 1.000000 0.000000
vn -0.000000 1.000000 0.000000
vn -0.000000 0.951057 0.309017
vn -0.000000 0.951057 0.309016
vn -0.000000 0.809017 0.587785
vn -0.000000 0.809018 0.587784
vn -0.000000 0.587786 0.809016
vn -0.000000 0.587786 0.809016
vn -0.000000 0.309020 0.951055
vn -0.000000 0.309020 0.951056
vn -0.000000 -0.000000 1.000000
vn -0.000000 -0.000000 1.000000
vn -1.000000 0.000002 0.000003
vn -1.000000 0.000001 0.000003
vn -1.000000 0.000000 0.000000
vn -1.000000 0.000001 0.000000
vn -1.000000 0.000000 -0.000003
vn -1.000000 0.000000 -0.000003
vn -1.000000 -0.000000 0.000005
vn -1.000000 0.000001 0.000003
vn -1.000000 -0.000000 -0.000001
vn -1.000000 0.000000 0.000001
vn -1.000000 0.000000 0.000000
vn -1.000000 0.000001 0.000003
vn -1.000000 0.000001 0.000000
vn -1.000000 -0.000002 -0.000000
vn -1.000000 0.000001 0.000003
vn -1.000000 0.000001 0.000000
vn -1.000000 0.000002 -0.000003
vn -1.000000 0.000001 -0.000003
vn -1.000000 -0.000002 0.000000
vn -1.000000 -0.000001 0.000000
vn -1.000000 0.000000 0.000000
vn 1.000000 0.000000 -0.000000
vn 1.000000 0.000000 -0.000000
vn 1.000000 0.000000 -0.000000
vn 1.000000 0.000000 0.000003
vn 1.000000 0.000000 -0.000003
vn 1.000000 0.000000 -0.000000
vn 1.000000 0.000000 0.000000
vn 1.000000 0.000000 -0.000005
vn 1.000000 0.000000 -0.000000
vn 1.000000 0.000000 -0.000000
vn 1.000000 0.000000 -0.000000
vn 1.000000 0.000000 -0.000001
vn 1.000000 0.000000 -0.000001
vn 1.000000 0.000000 -0.000000
vn 1.000000 0.000000 -0.000005
vn 1.000000 0.000000 -0.000000
vn 1.000000 0.000000 0.000005
vn 1.000000 0.000000 -0.000000
vn 1.000000 0.000000 -0.000000
vn 1.000000 0.000000 -0.000000
vn 1.000000 0.000000 -0.000000
vn -0.160549 -0.264069 0.951048
vn -0.305359 -0.502251 0.809011
vn -0.305360 -0.502252 0.809011
vn -0.160546 -0.264064 0.951050
vn -0.420272 -0.691259 0.587820
vn -0.420273 -0.691261 0.587817
vn -0.494062 -0.812628 0.309092
vn -0.494063 -0.812631 0.309084
vn -0.519501 -0.854470 -0.000000
vn -0.519501 -0.854470 -0.000000
vn -0.494063 -0.812631 -0.309084
vn -0.494065 -0.812634 -0.309073
vn -0.420274 -0.691262 -0.587816
vn -0.420275 -0.691264 -0.587812
vn -0.305354 -0.502242 -0.809019
vn -0.305353 -0.502241 -0.809021
vn -0.160546 -0.264065 -0.951049
vn -0.160542 -0.264058 -0.951052
vn -0.000003 -0.000005 -1.000000
vn 0.000000 0.000001 -1.000000
vn 0.160531 0.264040 -0.951059
vn 0.160527 0.264033 -0.951061
vn 0.305358 0.502250 -0.809013
vn 0.305358 0.502250 -0.809013
vn 0.420273 0.691261 -0.587817
vn 0.420272 0.691259 -0.587820
vn 0.494065 0.812632 -0.309079
vn 0.494063 0.812629 -0.309088
vn 0.519501 0.854470 0.000000
vn 0.519501 0.854470 0.000000
vn 0.494065 0.812632 0.309078
vn 0.494063 0.812630 0.309087
vn 0.420276 0.691266 0.587809
vn 0.420275 0.691264 0.587813
vn 0.305356 0.502246 0.809016
vn 0.305356 0.502247 0.809016
vn 0.160529 0.264036 0.951060
vn 0.160526 0.264031 0.951062
vn -0.000002 -0.000004 1.000000
vn 0.000001 0.000002 1.000000
vn -0.854458 0.519521 -0.000047
vn -0.854423 0.519579 -0.000041
vn -0.854475 0.519493 -0.000001
vn -0.854456 0.519524 -0.000076
vn -0.854475 0.519492 -0.000082
vn -0.854468 0.519503 -0.000000
vn -0.854480 0.519484 0.000094
vn -0.854459 0.519520 0.000076
vn -0.854452 0.519530 0.000029
vn -0.854417 0.519587 0.000035
vn -0.854441 0.519548 0.000000
vn -0.854511 0.519432 0.000000
vn -0.854484 0.519477 0.000029
vn -0.854497 0.519456 -0.000029
vn -0.854519 0.519420 -0.000058
vn -0.854513 0.519431 0.000000
vn -0.854520 0.519419 0.000064
vn -0.854490 0.519469 0.000029
vn -0.854479 0.519486 -0.000038
vn -0.854511 0.519433 -0.000003
vn -0.854436 0.519556 0.000000
vn 0.854469 -0.519502 0.000006
vn 0.854469 -0.519502 -0.000001
vn 0.854472 -0.519497 0.000001
vn 0.854470 -0.519502 -0.000014
vn 0.854475 -0.519493 0.000000
vn 0.854468 -0.519504 -0.000000
vn 0.854463 -0.519512 -0.000014
vn 0.854469 -0.519502 -0.000003
vn 0.854469 -0.519502 0.000011
vn 0.854469 -0.519502 0.000011
vn 0.854490 -0.519468 0.000009
vn 0.854490 -0.519468 0.000015
vn 0.854470 -0.519502 -0.000002
vn 0.854469 -0.519502 -0.000003
vn 0.854475 -0.519493 0.000016
vn 0.854463 -0.519512 0.000000
vn 0.854463 -0.519512 -0.000003
vn 0.854464 -0.519511 -0.000003
vn 0.854480 -0.519485 -0.000005
vn 0.854490 -0.519468 0.000003
vn 0.854469 -0.519502 0.000000
vn -0.160549 -0.951048 -0.264069
vn -0.305359 -0.809011 -0.502251
vn -0.305360 -0.809011 -0.502252
vn -0.160546 -0.951050 -0.264064
vn -0.420272 -0.587820 -0.691259
vn -0.420273 -0.587816 -0.691261
vn -0.494062 -0.309092 -0.812628
vn -0.494063 -0.309084 -0.812631
vn -0.519501 0.000000 -0.854470
vn -0.519501 0.000000 -0.854470
vn -0.494063 0.309084 -0.812631
vn -0.494065 0.309073 -0.812634
vn -0.420274 0.587816 -0.691262
vn -0.420275 0.587812 -0.691264
vn -0.305354 0.809019 -0.502242
vn -0.305353 0.809021 -0.502241
vn -0.160546 0.951049 -0.264065
vn -0.160542 0.951052 -0.264058
vn -0.000003 1.000000 -0.000005
vn 0.000000 1.000000 0.000001
vn 0.160531 0.951059 0.264040
vn 0.160527 0.951061 0.264033
vn 0.305358 0.809013 0.502250
vn 0.305358 0.809013 0.502250
vn 0.420273 0.587817 0.691261
vn 0.420272 0.587820 0.691259
vn 0.494065 0.309079 0.812632
vn 0.494063 0.309088 0.812629
vn 0.519501 0.000000 0.854470
vn 0.519501 0.000000 0.854470
vn 0.494065 -0.309078 0.812632
vn 0.494063 -0.309087 0.812630
vn 0.420276 -0.587809 0.691266
vn 0.420275 -0.587813 0.691264
vn 0.305356 -0.809016 0.502246
vn 0.305356 -0.809015 0.502247
vn 0.160529 -0.951060 0.264036
vn 0.160526 -0.951062 0.264031
vn -0.000002 -1.000000 -0.000004
vn 0.000001 -1.000000 0.000002
vn -0.854458 0.000047 0.519521
vn -0.854423 0.000041 0.519579
vn -0.854475 0.000001 0.519493
vn -0.854456 0.000076 0.519524
vn -0.854475 0.000082 0.519492
vn -0.854468 0.000000 0.519503
vn -0.854480 -0.000094 0.519484
vn -0.854459 -0.000076 0.519520
vn -0.854452 -0.000029 0.519530
vn -0.854417 -0.000035 0.519587
vn -0.854441 0.000000 0.519548
vn -0.854511 0.000000 0.519432
vn -0.854484 -0.000029 0.519477
vn -0.854497 0.000029 0.519456
vn -0.854519 0.000058 0.519420
vn -0.854513 0.000000 0.519431
vn -0.854520 -0.000064 0.519419
vn -0.854490 -0.000029 0.519469
vn -0.854479 0.000038 0.519486
vn -0.854511 0.000003 0.519433
vn -0.854436 0.000000 0.519556
vn 0.854469 -0.000006 -0.519502
vn 0.854469 0.000001 -0.519502
vn 0.854472 -0.000001 -0.519497
vn 0.854470 0.000014 -0.519502
vn 0.854475 -0.000000 -0.519493
vn 0.854468 0.000000 -0.519504
vn 0.854463 0.000014 -0.519512
vn 0.854469 0.000003 -0.519502
vn 0.854469 -0.000011 -0.519502
vn 0.854469 -0.000011 -0.519502
vn 0.854490 -0.000009 -0.519468
vn 0.854490 -0.000015 -0.519468
vn 0.854470 0.000002 -0.519502
vn 0.854469 0.000003 -0.519502
vn 0.854475 -0.000016 -0.519493
vn 0.854463 -0.000000 -0.519512
vn 0.854463 0.000003 -0.519512
vn 0.854464 0.000003 -0.519511
vn 0.854480 0.000005 -0.519485
vn 0.854490 -0.000003 -0.519468
vn 0.854469 -0.000000 -0.519502
vn -0.160549 0.264069 -0.951048
vn -0.305359 0.502251 -0.809011
vn -0.305360 0.502252 -0.809011
vn -0.160546 0.264064 -0.951050
vn -0.420272 0.691259 -0.587820
vn -0.420273 0.691261 -0.587817
vn -0.494062 0.812628 -0.309092
vn -0.494063 0.812631 -0.309084
vn -0.519501 0.854470 0.000000
vn -0.519501 0.854470 0.000000
vn -0.494063 0.812631 0.309084
vn -0.494065 0.812634 0.309073
vn -0.420274 0.691262 0.587816
vn -0.420275 0.691264 0.587812
vn -0.305354 0.502242 0.809019
vn -0.305353 0.502241 0.809021
vn -0.160546 0.264065 0.951049
vn -0.160542 0.264058 0.951052
vn -0.000003 0.000005 1.000000
vn 0.000000 -0.000001 1.000000
vn 0.160531 -0.264040 0.951059
vn 0.160527 -0.264033 0.951061
vn 0.305358 -0.502250 0.809013
vn 0.305358 -0.502250 0.809013
vn 0.420273 -0.691261 0.587817
vn 0.420272 -0.691259 0.587820
vn 0.494065 -0.812632 0.309079
vn 0.494063 -0.812629 0.309088
vn 0.519501 -0.854470 0.000000
vn 0.519501 -0.854470 0.000000
vn 0.494065 -0.812632 -0.309078
vn 0.494063 -0.812630 -0.309087
vn 0.420276 -0.691266 -0.587809
vn 0.420275 -0.691264 -0.587813
vn 0.305356 -0.502246 -0.809016
vn 0.305356 -0.502247 -0.809016
vn 0.160529 -0.264036 -0.951060
vn 0.160526 -0.264031 -0.951062
vn -0.000002 0.000004 -1.000000
vn 0.000001 -0.000002 -1.000000
vn -0.854458 -0.519521 0.000047
vn -0.854423 -0.519579 0.000041
vn -0.854475 -0.519493 0.000001
vn -0.854456 -0.519524 0.000076
vn -0.854475 -0.519492 0.000082
vn -0.854468 -0.519503 0.000000
vn -0.854480 -0.519484 -0.000094
vn -0.854459 -0.519520 -0.000076
vn -0.854452 -0.519530 -0.000029
vn -0.854417 -0.519587 -0.000035
vn -0.854441 -0.519548 0.000000
vn -0.854511 -0.519432 0.000000
vn -0.854484 -0.519477 -0.000029
vn -0.854497 -0.519456 0.000029
vn -0.854519 -0.519420 0.000058
vn -0.854513 -0.519431 0.000000
vn -0.854520 -0.519419 -0.000064
vn -0.854490 -0.519469 -0.000029
vn -0.854479 -0.519486 0.000038
vn -0.854511 -0.519433 0.000003
vn -0.854436 -0.519556 0.000000
vn 0.854469 0.519502 -0.000006
vn 0.854469 0.519502 0.000001
vn 0.854472 0.519497 -0.000001
vn 0.854470 0.519502 0.000014
vn 0.854475 0.519493 -0.000000
vn 0.854468 0.519504 0.000000
vn 0.854463 0.519512 0.000014
vn 0.854469 0.519502 0.000003
vn 0.854469 0.519502 -0.000011
vn 0.854469 0.519502 -0.000011
vn 0.854490 0.519468 -0.000009
vn 0.854490 0.519468 -0.000015
vn 0.854470 0.519502 0.000002
vn 0.854469 0.519502 0.000003
vn 0.854475 0.519493 -0.000016
vn 0.854463 0.519512 -0.000000
vn 0.854463 0.519512 0.000003
vn 0.854464 0.519511 0.000003
vn 0.854480 0.519485 0.000005
vn 0.854490 0.519468 -0.000003
vn 0.854469 0.519502 -0.000000
vn -0.160549 0.951048 0.264069
vn -0.305359 0.809011 0.502251
vn -0.305360 0.809011 0.502252
vn -0.160546 0.951050 0.264064
vn -0.420272 0.587820 0.691259
vn -0.420273 0.587816 0.691261
vn -0.494062 0.309092 0.812628
vn -0.494063 0.309084 0.812631
vn -0.519501 -0.000000 0.854470
vn -0.519501 -0.000000 0.854470
vn -0.494063 -0.309084 0.812631
vn -0.494065 -0.309073 0.812634
vn -0.420274 -0.587816 0.691262
vn -0.420275 -0.587812 0.691264
vn -0.305354 -0.809019 0.502242
vn -0.305353 -0.809021 0.502241
vn -0.160546 -0.951049 0.264065
vn -0.160542 -0.951052 0.264058
vn -0.000003 -1.000000 0.000005
vn 0.000000 -1.000000 -0.000001
vn 0.160531 -0.951059 -0.264040
vn 0.160527 -0.951061 -0.264033
vn 0.305358 -0.809013 -0.502250
vn 0.305358 -0.809013 -0.502250
vn 0.420273 -0.587817 -0.691261
vn 0.420272 -0.587820 -0.691259
vn 0.494065 -0.309079 -0.812632
vn 0.494063 -0.309088 -0.812629
vn 0.519501 -0.000000 -0.854470
vn 0.519501 -0.000000 -0.854470
vn 0.494065 0.309078 -0.812632
vn 0.494063 0.309087 -0.812630
vn 0.420276 0.587809 -0.691266
vn 0.420275 0.587813 -0.691264
vn 0.305356 0.809016 -0.502246
vn 0.305356 0.809015 -0.502247
vn 0.160529 0.951060 -0.264036
vn 0.160526 0.951062 -0.264031
vn -0.000002 1.000000 0.000004
vn 0.000001 1.000000 -0.000002
vn -0.854458 -0.000047 -0.519521
vn -0.854423 -0.000041 -0.519579
vn -0.854475 -0.000001 -0.519493
vn -0.854456 -0.000076 -0.519524
vn -0.854475 -0.000082 -0.519492
vn -0.854468 -0.000000 -0.519503
vn -0.854480 0.000094 -0.519484
vn -0.854459 0.000076 -0.519520
vn -0.854452 0.000029 -0.519530
vn -0.854417 0.000035 -0.519587
vn -0.854441 -0.000000 -0.519548
vn -0.854511 -0.000000 -0.519432
vn -0.854484 0.000029 -0.519477
vn -0.854497 -0.000029 -0.519456
vn -0.854519 -0.000058 -0.519420
vn -0.854513 -0.000000 -0.519431
vn -0.854520 0.000064 -0.519419
vn -0.854490 0.000029 -0.519469
vn -0.854479 -0.000038 -0.519486
vn -0.854511 -0.000003 -0.519433
vn -0.854436 -0.000000 -0.519556
vn 0.854469 0.000006 0.519502
vn 0.854469 -0.000001 0.519502
vn 0.854472 0.000001 0.519497
vn 0.854470 -0.000014 0.519502
vn 0.854475 0.000000 0.519493
vn 0.854468 -0.000000 0.519504
vn 0.854463 -0.000014 0.519512
vn 0.854469 -0.000003 0.519502
vn 0.854469 0.000011 0.519502
vn 0.854469 0.000011 0.519502
vn 0.854490 0.000009 0.519468
vn 0.854490 0.000015 0.519468
vn 0.854470 -0.000002 0.519502
vn 0.854469 -0.000003 0.519502
vn 0.854475 0.000016 0.519493
vn 0.854463 0.000000 0.519512
vn 0.854463 -0.000003 0.519512
vn 0.854464 -0.000003 0.519511
vn 0.854480 -0.000005 0.519485
vn 0.854490 0.000003 0.519468
vn 0.854469 0.000000 0.519502
usemtl VRayMtl1SG
f 1/1/1 2/2/2 3/3/3 4/4/4
f 2/2/2 5/5/5 6/6/6 3/3/3
f 5/5/5 7/7/7 8/8/8 6/6/6
f 7/7/7 9/9/9 10/10/10 8/8/8
f 9/9/9 11/11/11 12/12/12 10/10/10
f 11/11/11 13/13/13 14/14/14 12/12/12
f 13/13/13 15/15/15 16/16/16 14/14/14
f 15/15/15 17/17/17 18/18/18 16/16/16
f 17/17/17 19/19/19 20/20/20 18/18/18
f 19/19/19 21/21/21 22/22/22 20/20/20
f 4/4/4 3/3/3 23/23/23 24/24/24
f 3/3/3 6/6/6 25/25/25 23/23/23
f 6/6/6 8/8/8 26/26/26 25/25/25
f 8/8/8 10/10/10 27/27/27 26/26/26
f 10/10/10 12/12/12 28/28/28 27/27/27
f 12/12/12 14/14/14 29/29/29 28/28/28
f 14/14/14 16/16/16 30/30/30 29/29/29
f 16/16/16 18/18/18 31/31/31 30/30/30
f 18/18/18 20/20/20 32/32/32 31/31/31
f 20/20/20 22/22/22 33/33/33 32/32/32
f 24/24/24 23/23/23 34/34/34 35/35/35
f 23/23/23 25/25/25 36/36/36 34/34/34
f 25/25/25 26/26/26 37/37/37 36/36/36
f 26/26/26 27/27/27 38/38/38 37/37/37
f 27/27/27 28/28/28 39/39/39 38/38/38
f 28/28/28 29/29/29 40/40/40 39/39/39
f 29/29/29 30/30/30 41/41/41 40/40/40
f 30/30/30 31/31/31 42/42/42 41/41/41
f 31/31/31 32/32/32 43/43/43 42/42/42
f 32/32/32 33/33/33 44/44/44 43/43/43
f 35/35/35 34/34/34 45/45/45 46/46/46
f 34/34/34 36/36/36 47/47/47 45/45/45
f 36/36/36 37/37/37 48/48/48 47/47/47
f 37/37/37 38/38/38 49/49/49 48/48/48
f 38/38/38 39/39/39 50/50/50 49/49/49
f 39/39/39 40/40/40 51/51/51 50/50/50
f 40/40/40 41/41/41 52/52/52 51/51/51
f 41/41/41 42/42/42 53/53/53 52/52/52
f 42/42/42 43/43/43 54/54/54 53/53/53
f 43/43/43 44/44/44 55/55/55 54/54/54
f 46/46/46 45/45/45 56/56/56 57/57/57
f 45/45/45 47/47/47 58/58/58 56/56/56
f 47/47/47 48/48/48 59/59/59 58/58/58
f 48/48/48 49/49/49 60/60/60 59/59/59
f 49/49/49 50/50/50 61/61/61 60/60/60
f 50/50/50 51/51/51 62/62/62 61/61/61
f 51/51/51 52/52/52 63/63/63 62/62/62
f 52/52/52 53/53/53 64/64/64 63/63/63
f 53/53/53 54/54/54 65/65/65 64/64/64
f 54/54/54 55/55/55 66/66/66 65/65/65
f 57/57/57 56/56/56 67/67/67 68/68/68
f 56/56/56 58/58/58 69/69/69 67/67/67
f 58/58/58 59/59/59 70/70/70 69/69/69
f 59/59/59 60/60/60 71/71/71 70/70/70
f 60/60/60 61/61/61 72/72/72 71/71/71
f 61/61/61 62/62/62 73/73/73 72/72/72
f 62/62/62 63/63/63 74/74/74 73/73/73
f 63/63/63 64/64/64 75/75/75 74/74/74
f 64/64/64 65/65/65 76/76/76 75/75/75
f 65/65/65 66/66/66 77/77/77 76/76/76
f 68/68/68 67/67/67 78/78/78 79/79/79
f 67/67/67 69/69/69 80/80/80 78/78/78
f 69/69/69 70/70/70 81/81/81 80/80/80
f 70/70/70 71/71/71 82/82/82 81/81/81
f 71/71/71 72/72/72 83/83/83 82/82/82
f 72/72/72 73/73/73 84/84/84 83/83/83
f 73/73/73 74/74/74 85/85/85 84/84/84
f 74/74/74 75/75/75 86/86/86 85/85/85
f 75/75/75 76/76/76 87/87/87 86/86/86
f 76/76/76 77/77/77 88/88/88 87/87/87
f 79/79/79 78/78/78 89/89/89 90/90/90
f 78/78/78 80/80/80 91/91/91 89/89/89
f 80/80/80 81/81/81 92/92/92 91/91/91
f 81/81/81 82/82/82 93/93/93 92/92/92
f 82/82/82 83/83/83 94/94/94 93/93/93
f 83/83/83 84/84/84 95/95/95 94/94/94
f 84/84/84 85/85/85 96/96/96 95/95/95
f 85/85/85 86/86/86 97/97/97 96/96/96
f 86/86/86 87/87/87 98/98/98 97/97/97
f 87/87/87 88/88/88 99/99/99 98/98/98
f 90/90/90 89/89/89 100/100/100 101/101/101
f 89/89/89 91/91/91 102/102/102 100/100/100
f 91/91/91 92/92/92 103/103/103 102/102/102
f 92/92/92 93/93/93 104/104/104 103/103/103
f 93/93/93 94/94/94 105/105/105 104/104/104
f 94/94/94 95/95/95 106/106/106 105/105/105
f 95/95/95 96/96/96 107/107/107 106/106/106
f 96/96/96 97/97/97 108/108/108 107/107/107
f 97/97/97 98/98/98 109/109/109 108/108/108
f 98/98/98 99/99/99 110/110/110 109/109/109
f 101/101/101 100/100/100 111/111/111 112/112/112
f 100/100/100 102/102/102 113/113/113 111/111/111
f 102/102/102 103/103/103 114/114/114 113/113/113
f 103/103/103 104/104/104 115/115/115 114/114/114
f 104/104/104 105/105/105 116/116/116 115/115/115
f 105/105/105 106/106/106 117/117/117 116/116/116
f 106/106/106 107/107/107 118/118/118 117/117/117
f 107/107/107 108/108/108 119/119/119 118/118/118
f 108/108/108 109/109/109 120/120/120 119/119/119
f 109/109/109 110/110/110 121/121/121 120/120/120
f 112/112/112 111/111/111 122/122/122 123/123/123
f 111/111/111 113/113/113 124/124/124 122/122/122
f 113/113/113 114/114/114 125/125/125 124/124/124
f 114/114/114 115/115/115 126/126/126 125/125/125
f 115/115/115 116/116/116 127/127/127 126/126/126
f 116/116/116 117/117/117 128/128/128 127/127/127
f 117/117/117 118/118/118 129/129/129 128/128/128
f 118/118/118 119/119/119 130/130/130 129/129/129
f 119/119/119 120/120/120 131/131/131 130/130/130
f 120/120/120 121/121/121 132/132/132 131/131/131
f 123/123/123 122/122/122 133/133/133 134/134/134
f 122/122/122 124/124/124 135/135/135 133/133/133
f 124/124/124 125/125/125 136/136/136 135/135/135
f 125/125/125 126/126/126 137/137/137 136/136/136
f 126/126/126 127/127/127 138/138/138 137/137/137
f 127/127/127 128/128/128 139/139/139 138/138/138
f 128/128/128 129/129/129 140/140/140 139/139/139
f 129/129/129 130/130/130 141/141/141 140/140/140
f 130/130/130 131/131/131 142/142/142 141/141/141
f 131/131/131 132/132/132 143/143/143 142/142/142
f 134/134/134 133/133/133 144/144/144 145/145/145
f 133/133/133 135/135/135 146/146/146 144/144/144
f 135/135/135 136/136/136 147/147/147 146/146/146
f 136/136/136 137/137/137 148/148/148 147/147/147
f 137/137/137 138/138/138 149/149/149 148/148/148
f 138/138/138 139/139/139 150/150/150 149/149/149
f 139/139/139 140/140/140 151/151/151 150/150/150
f 140/140/140 141/141/141 152/152/152 151/151/151
f 141/141/141 142/142/142 153/153/153 152/152/152
f 142/142/142 143/143/143 154/154/154 153/153/153
f 145/145/145 144/144/144 155/155/155 156/156/156
f 144/144/144 146/146/146 157/157/157 155/155/155
f 146/146/146 147/147/147 158/158/158 157/157/157
f 147/147/147 148/148/148 159/159/159 158/158/158
f 148/148/148 149/149/149 160/160/160 159/159/159
f 149/149/149 150/150/150 161/161/161 160/160/160
f 150/150/150 151/151/151 162/162/162 161/161/161
f 151/151/151 152/152/152 163/163/163 162/162/162
f 152/152/152 153/153/153 164/164/164 163/163/163
f 153/153/153 154/154/154 165/165/165 164/164/164
f 156/156/156 155/155/155 166/166/166 167/167/167
f 155/155/155 157/157/157 168/168/168 166/166/166
f 157/157/157 158/158/158 169/169/169 168/168/168
f 158/158/158 159/159/159 170/170/170 169/169/169
f 159/159/159 160/160/160 171/171/171 170/170/170
f 160/160/160 161/161/161 172/172/172 171/171/171
f 161/161/161 162/162/162 173/173/173 172/172/172
f 162/162/162 163/163/163 174/174/174 173/173/173
f 163/163/163 164/164/164 175/175/175 174/174/174
f 164/164/164 165/165/165 176/176/176 175/175/175
f 167/167/167 166/166/166 177/177/177 178/178/178
f 166/166/166 168/168/168 179/179/179 177/177/177
f 168/168/168 169/169/169 180/180/180 179/179/179
f 169/169/169 170/170/170 181/181/181 180/180/180
f 170/170/170 171/171/171 182/182/182 181/181/181
f 171/171/171 172/172/172 183/183/183 182/182/182
f 172/172/172 173/173/173 184/184/184 183/183/183
f 173/173/173 174/174/174 185/185/185 184/184/184
f 174/174/174 175/175/175 186/186/186 185/185/185
f 175/175/175 176/176/176 187/187/187 186/186/186
f 178/178/178 177/177/177 188/188/188 189/189/189
f 177/177/177 179/179/179 190/190/190 188/188/188
f 179/179/179 180/180/180 191/191/191 190/190/190
f 180/180/180 181/181/181 192/192/192 191/191/191
f 181/181/181 182/182/182 193/193/193 192/192/192
f 182/182/182 183/183/183 194/194/194 193/193/193
f 183/183/183 184/184/184 195/195/195 194/194/194
f 184/184/184 185/185/185 196/196/196 195/195/195
f 185/185/185 186/186/186 197/197/197 196/196/196
f 186/186/186 187/187/187 198/198/198 197/197/197
f 189/189/189 188/188/188 199/199/199 200/200/200
f 188/188/188 190/190/190 201/201/201 199/199/199
f 190/190/190 191/191/191 202/202/202 201/201/201
f 191/191/191 192/192/192 203/203/203 202/202/202
f 192/192/192 193/193/193 204/204/204 203/203/203
f 193/193/193 194/194/194 205/205/205 204/204/204
f 194/194/194 195/195/195 206/206/206 205/205/205
f 195/195/195 196/196/196 207/207/207 206/206/206
f 196/196/196 197/197/197 208/208/208 207/207/207
f 197/197/197 198/198/198 209/209/209 208/208/208
f 2/2/2 1/1/1 210/210/210
f 5/5/5 2/2/2 210/211/210
f 7/7/7 5/5/5 210/212/210
f 9/9/9 7/7/7 210/213/210
f 11/11/11 9/9/9 210/214/210
f 13/13/13 11/11/11 210/215/210
f 15/15/15 13/13/13 210/216/210
f 17/17/17 15/15/15 210/217/210
f 19/19/19 17/17/17 210/218/210
f 21/21/21 19/19/19 210/219/210
f 200/200/200 199/199/199 211/220/211
f 199/199/199 201/201/201 211/221/211
f 201/201/201 202/202/202 211/222/211
f 202/202/202 203/203/203 211/223/211
f 203/203/203 204/204/204 211/224/211
f 204/204/204 205/205/205 211/225/211
f 205/205/205 206/206/206 211/226/211
f 206/206/206 207/207/207 211/227/211
f 207/207/207 208/208/208 211/228/211
f 208/208/208 209/209/209 211/229/211
f 212/230/212 213/231/213 214/232/214 215/233/215
f 215/233/215 214/232/214 216/234/216 217/235/217
f 217/235/217 216/234/216 218/236/218 219/237/219
f 219/237/219 218/236/218 220/238/220 221/239/221
f 221/239/221 220/238/220 222/240/222 223/241/223
f 223/241/223 222/240/222 224/242/224 225/243/225
f 225/243/225 224/242/224 226/244/226 227/245/227
f 227/245/227 226/244/226 228/246/228 229/247/229
f 229/247/229 228/246/228 230/248/230 231/249/231
f 231/249/231 230/248/230 232/250/232 233/251/233
f 213/231/213 234/252/234 235/253/235 214/232/214
f 214/232/214 235/253/235 236/254/236 216/234/216
f 216/234/216 236/254/236 237/255/237 218/236/218
f 218/236/218 237/255/237 238/256/238 220/238/220
f 220/238/220 238/256/238 239/257/239 222/240/222
f 222/240/222 239/257/239 240/258/240 224/242/224
f 224/242/224 240/258/240 241/259/241 226/244/226
f 226/244/226 241/259/241 242/260/242 228/246/228
f 228/246/228 242/260/242 243/261/243 230/248/230
f 230/248/230 243/261/243 244/262/244 232/250/232
f 234/252/234 245/263/245 246/264/246 235/253/235
f 235/253/235 246/264/246 247/265/247 236/254/236
f 236/254/236 247/265/247 248/266/248 237/255/237
f 237/255/237 248/266/248 249/267/249 238/256/238
f 238/256/238 249/267/249 250/268/250 239/257/239
f 239/257/239 250/268/250 251/269/251 240/258/240
f 240/258/240 251/269/251 252/270/252 241/259/241
f 241/259/241 252/270/252 253/271/253 242/260/242
f 242/260/242 253/271/253 254/272/254 243/261/243
f 243/261/243 254/272/254 255/273/255 244/262/244
f 245/263/245 256/274/256 257/275/257 246/264/246
f 246/264/246 257/275/257 258/276/258 247/265/247
f 247/265/247 258/276/258 259/277/259 248/266/248
f 248/266/248 259/277/259 260/278/260 249/267/249
f 249/267/249 260/278/260 261/279/261 250/268/250
f 250/268/250 261/279/261 262/280/262 251/269/251
f 251/269/251 262/280/262 263/281/263 252/270/252
f 252/270/252 263/281/263 264/282/264 253/271/253
f 253/271/253 264/282/264 265/283/265 254/272/254
f 254/272/254 265/283/265 266/284/266 255/273/255
f 256/274/256 267/285/267 268/286/268 257/275/257
f 257/275/257 268/286/268 269/287/269 258/276/258
f 258/276/258 269/287/269 270/288/270 259/277/259
f 259/277/259 270/288/270 271/289/271 260/278/260
f 260/278/260 271/289/271 272/290/272 261/279/261
f 261/279/261 272/290/272 273/291/273 262/280/262
f 262/280/262 273/291/273 274/292/274 263/281/263
f 263/281/263 274/292/274 275/293/275 264/282/264
f 264/282/264 275/293/275 276/294/276 265/283/265
f 265/283/265 276/294/276 277/295/277 266/284/266
f 267/285/267 278/296/278 279/297/279 268/286/268
f 268/286/268 279/297/279 280/298/280 269/287/269
f 269/287/269 280/298/280 281/299/281 270/288/270
f 270/288/270 281/299/281 282/300/282 271/289/271
f 271/289/271 282/300/282 283/301/283 272/290/272
f 272/290/272 283/301/283 284/302/284 273/291/273
f 273/291/273 284/302/284 285/303/285 274/292/274
f 274/292/274 285/303/285 286/304/286 275/293/275
f 275/293/275 286/304/286 287/305/287 276/294/276
f 276/294/276 287/305/287 288/306/288 277/295/277
f 278/296/278 289/307/289 290/308/290 279/297/279
f 279/297/279 290/308/290 291/309/291 280/298/280
f 280/298/280 291/309/291 292/310/292 281/299/281
f 281/299/281 292/310/292 293/311/293 282/300/282
f 282/300/282 293/311/293 294/312/294 283/301/283
f 283/301/283 294/312/294 295/313/295 284/302/284
f 284/302/284 295/313/295 296/314/296 285/303/285
f 285/303/285 296/314/296 297/315/297 286/304/286
f 286/304/286 297/315/297 298/316/298 287/305/287
f 287/305/287 298/316/298 299/317/299 288/306/288
f 289/307/289 300/318/300 301/319/301 290/308/290
f 290/308/290 301/319/301 302/320/302 291/309/291
f 291/309/291 302/320/302 303/321/303 292/310/292
f 292/310/292 303/321/303 304/322/304 293/311/293
f 293/311/293 304/322/304 305/323/305 294/312/294
f 294/312/294 305/323/305 306/324/306 295/313/295
f 295/313/295 306/324/306 307/325/307 296/314/296
f 296/314/296 307/325/307 308/326/308 297/315/297
f 297/315/297 308/326/308 309/327/309 298/316/298
f 298/316/298 309/327/309 310/328/310 299/317/299
f 300/318/300 311/329/311 312/330/312 301/319/301
f 301/319/301 312/330/312 313/331/313 302/320/302
f 302/320/302 313/331/313 314/332/314 303/321/303
f 303/321/303 314/332/314 315/333/315 304/322/304
f 304/322/304 315/333/315 316/334/316 305/323/305
f 305/323/305 316/334/316 317/335/317 306/324/306
f 306/324/306 317/335/317 318/336/318 307/325/307
f 307/325/307 318/336/318 319/337/319 308/326/308
f 308/326/308 319/337/319 320/338/320 309/327/309
f 309/327/309 320/338/320 321/339/321 310/328/310
f 311/329/311 322/340/322 323/341/323 312/330/312
f 312/330/312 323/341/323 324/342/324 313/331/313
f 313/331/313 324/342/324 325/343/325 314/332/314
f 314/332/314 325/343/325 326/344/326 315/333/315
f 315/333/315 326/344/326 327/345/327 316/334/316
f 316/334/316 327/345/327 328/346/328 317/335/317
f 317/335/317 328/346/328 329/347/329 318/336/318
f 318/336/318 329/347/329 330/348/330 319/337/319
f 319/337/319 330/348/330 331/349/331 320/338/320
f 320/338/320 331/349/331 332/350/332 321/339/321
f 322/340/322 333/351/333 334/352/334 323/341/323
f 323/341/323 334/352/334 335/353/335 324/342/324
f 324/342/324 335/353/335 336/354/336 325/343/325
f 325/343/325 336/354/336 337/355/337 326/344/326
f 326/344/326 337/355/337 338/356/338 327/345/327
f 327/345/327 338/356/338 339/357/339 328/346/328
f 328/346/328 339/357/339 340/358/340 329/347/329
f 329/347/329 340/358/340 341/359/341 330/348/330
f 330/348/330 341/359/341 342/360/342 331/349/331
f 331/349/331 342/360/342 343/361/343 332/350/332
f 333/351/333 344/362/344 345/363/345 334/352/334
f 334/352/334 345/363/345 346/364/346 335/353/335
f 335/353/335 346/364/346 347/365/347 336/354/336
f 336/354/336 347/365/347 348/366/348 337/355/337
f 337/355/337 348/366/348 349/367/349 338/356/338
f 338/356/338 349/367/349 350/368/350 339/357/339
f 339/357/339 350/368/350 351/369/351 340/358/340
f 340/358/340 351/369/351 352/370/352 341/359/341
f 341/359/341 352/370/352 353/371/353 342/360/342
f 342/360/342 353/371/353 354/372/354 343/361/343
f 344/362/344 355/373/355 356/374/356 345/363/345
f 345/363/345 356/374/356 357/375/357 346/364/346
f 346/364/346 357/375/357 358/376/358 347/365/347
f 347/365/347 358/376/358 359/377/359 348/366/348
f 348/366/348 359/377/359 360/378/360 349/367/349
f 349/367/349 360/378/360 361/379/361 350/368/350
f 350/368/350 361/379/361 362/380/362 351/369/351
f 351/369/351 362/380/362 363/381/363 352/370/352
f 352/370/352 363/381/363 364/382/364 353/371/353
f 353/371/353 364/382/364 365/383/365 354/372/354
f 355/373/355 366/384/366 367/385/367 356/374/356
f 356/374/356 367/385/367 368/386/368 357/375/357
f 357/375/357 368/386/368 369/387/369 358/376/358
f 358/376/358 369/387/369 370/388/370 359/377/359
f 359/377/359 370/388/370 371/389/371 360/378/360
f 360/378/360 371/389/371 372/390/372 361/379/361
f 361/379/361 372/390/372 373/391/373 362/380/362
f 362/380/362 373/391/373 374/392/374 363/381/363
f 363/381/363 374/392/374 375/393/375 364/382/364
f 364/382/364 375/393/375 376/394/376 365/383/365
f 366/384/366 377/395/377 378/396/378 367/385/367
f 367/385/367 378/396/378 379/397/379 368/386/368
f 368/386/368 379/397/379 380/398/380 369/387/369
f 369/387/369 380/398/380 381/399/381 370/388/370
f 370/388/370 381/399/381 382/400/382 371/389/371
f 371/389/371 382/400/382 383/401/383 372/390/372
f 372/390/372 383/401/383 384/402/384 373/391/373
f 373/391/373 384/402/384 385/403/385 374/392/374
f 374/392/374 385/403/385 386/404/386 375/393/375
f 375/393/375 386/404/386 387/405/387 376/394/376
f 377/395/377 388/406/388 389/407/389 378/396/378
f 378/396/378 389/407/389 390/408/390 379/397/379
f 379/397/379 390/408/390 391/409/391 380/398/380
f 380/398/380 391/409/391 392/410/392 381/399/381
f 381/399/381 392/410/392 393/411/393 382/400/382
f 382/400/382 393/411/393 394/412/394 383/401/383
f 383/401/383 394/412/394 395/413/395 384/402/384
f 384/402/384 395/413/395 396/414/396 385/403/385
f 385/403/385 396/414/396 397/415/397 386/404/386
f 386/404/386 397/415/397 398/416/398 387/405/387
f 388/406/388 399/417/399 400/418/400 389/407/389
f 389/407/389 400/418/400 401/419/401 390/408/390
f 390/408/390 401/419/401 402/420/402 391/409/391
f 391/409/391 402/420/402 403/421/403 392/410/392
f 392/410/392 403/421/403 404/422/404 393/411/393
f 393/411/393 404/422/404 405/423/405 394/412/394
f 394/412/394 405/423/405 406/424/406 395/413/395
f 395/413/395 406/424/406 407/425/407 396/414/396
f 396/414/396 407/425/407 408/426/408 397/415/397
f 397/415/397 408/426/408 409/427/409 398/416/398
f 399/417/399 410/428/410 411/429/411 400/418/400
f 400/418/400 411/429/411 412/430/412 401/419/401
f 401/419/401 412/430/412 413/431/413 402/420/402
f 402/420/402 413/431/413 414/432/414 403/421/403
f 403/421/403 414/432/414 415/433/415 404/422/404
f 404/422/404 415/433/415 416/434/416 405/423/405
f 405/423/405 416/434/416 417/435/417 406/424/406
f 406/424/406 417/435/417 418/436/418 407/425/407
f 407/425/407 418/436/418 419/437/419 408/426/408
f 408/426/408 419/437/419 420/438/420 409/427/409
f 215/233/215 421/439/421 212/230/212
f 217/235/217 421/440/421 215/233/215
f 219/237/219 421/441/421 217/235/217
f 221/239/221 421/442/421 219/237/219
f 223/241/223 421/443/421 221/239/221
f 225/243/225 421/444/421 223/241/223
f 227/245/227 421/445/421 225/243/225
f 229/247/229 421/446/421 227/245/227
f 231/249/231 421/447/421 229/247/229
f 233/251/233 421/448/421 231/249/231
f 410/428/410 422/449/422 411/429/411
f 411/429/411 422/450/422 412/430/412
f 412/430/412 422/451/422 413/431/413
f 413/431/413 422/452/422 414/432/414
f 414/432/414 422/453/422 415/433/415
f 415/433/415 422/454/422 416/434/416
f 416/434/416 422/455/422 417/435/417
f 417/435/417 422/456/422 418/436/418
f 418/436/418 422/457/422 419/437/419
f 419/437/419 422/458/422 420/438/420
f 213/459/423 212/460/424 1/1/425 4/4/426
f 233/461/427 232/462/428 22/22/429 21/21/430
f 234/463/431 213/459/423 4/4/426 24/24/432
f 232/462/428 244/464/433 33/33/434 22/22/429
f 245/465/435 234/463/431 24/24/432 35/35/436
f 244/464/433 255/466/437 44/44/438 33/33/434
f 256/467/439 245/465/435 35/35/436 46/46/440
f 255/466/437 266/468/441 55/55/442 44/44/438
f 267/469/443 256/467/439 46/46/440 57/57/444
f 266/468/441 277/470/445 66/66/446 55/55/442
f 278/471/447 267/469/443 57/57/444 68/68/448
f 277/470/445 288/472/449 77/77/450 66/66/446
f 289/473/451 278/471/447 68/68/448 79/79/452
f 288/472/449 299/474/453 88/88/454 77/77/450
f 300/475/455 289/473/451 79/79/452 90/90/456
f 299/474/453 310/476/457 99/99/458 88/88/454
f 311/477/459 300/475/455 90/90/456 101/101/460
f 310/476/457 321/478/461 110/110/462 99/99/458
f 322/479/463 311/477/459 101/101/460 112/112/464
f 321/478/461 332/480/465 121/121/466 110/110/462
f 333/481/467 322/479/463 112/112/464 123/123/468
f 332/480/465 343/482/469 132/132/470 121/121/466
f 344/483/471 333/481/467 123/123/468 134/134/472
f 343/482/469 354/484/473 143/143/474 132/132/470
f 355/485/475 344/483/471 134/134/472 145/145/476
f 354/484/473 365/486/477 154/154/478 143/143/474
f 366/487/479 355/485/475 145/145/476 156/156/480
f 365/486/477 376/488/481 165/165/482 154/154/478
f 377/489/483 366/487/479 156/156/480 167/167/484
f 376/488/481 387/490/485 176/176/486 165/165/482
f 388/491/487 377/489/483 167/167/484 178/178/488
f 387/490/485 398/492/489 187/187/490 176/176/486
f 399/493/491 388/491/487 178/178/488 189/189/492
f 398/492/489 409/494/493 198/198/494 187/187/490
f 410/495/495 399/493/491 189/189/492 200/200/496
f 409/494/493 420/496/497 209/209/498 198/198/494
f 212/460/424 421/497/499 210/210/500 1/1/425
f 421/498/499 233/461/427 21/21/430 210/219/500
f 422/499/501 410/495/495 200/200/496 211/220/502
f 420/496/497 422/500/501 211/229/502 209/209/498
f 423/501/503 424/502/504 425/503/505 426/504/506
f 424/502/504 427/505/507 428/506/508 425/503/505
f 427/505/507 429/507/509 430/508/510 428/506/508
f 429/507/509 431/509/511 432/510/512 430/508/510
f 431/509/511 433/511/513 434/512/514 432/510/512
f 433/511/513 435/513/515 436/514/516 434/512/514
f 435/513/515 437/515/517 438/516/518 436/514/516
f 437/515/517 439/517/519 440/518/520 438/516/518
f 439/517/519 441/519/521 442/520/522 440/518/520
f 441/519/521 443/521/523 444/522/524 442/520/522
f 443/521/523 445/523/525 446/524/526 444/522/524
f 445/523/525 447/525/527 448/526/528 446/524/526
f 447/525/527 449/527/529 450/528/530 448/526/528
f 449/527/529 451/529/531 452/530/532 450/528/530
f 451/529/531 453/531/533 454/532/534 452/530/532
f 453/531/533 455/533/535 456/534/536 454/532/534
f 455/533/535 457/535/537 458/536/538 456/534/536
f 457/535/537 459/537/539 460/538/540 458/536/538
f 459/537/539 461/539/541 462/540/542 460/538/540
f 461/539/541 423/541/503 426/542/506 462/540/542
f 424/543/543 423/544/544 463/545/545
f 427/546/546 424/543/543 463/545/545
f 429/547/547 427/546/546 463/545/545
f 431/548/548 429/547/547 463/545/545
f 433/549/549 431/548/548 463/545/545
f 435/550/550 433/549/549 463/545/545
f 437/551/551 435/550/550 463/545/545
f 439/552/552 437/551/551 463/545/545
f 441/553/553 439/552/552 463/545/545
f 443/554/554 441/553/553 463/545/545
f 445/555/555 443/554/554 463/545/545
f 447/556/556 445/555/555 463/545/545
f 449/557/557 447/556/556 463/545/545
f 451/558/558 449/557/557 463/545/545
f 453/559/559 451/558/558 463/545/545
f 455/560/560 453/559/559 463/545/545
f 457/561/561 455/560/560 463/545/545
f 459/562/562 457/561/561 463/545/545
f 461/563/563 459/562/562 463/545/545
f 423/544/544 461/563/563 463/545/545
f 426/564/564 425/565/565 464/566/566
f 425/565/565 428/567/567 464/566/566
f 428/567/567 430/568/568 464/566/566
f 430/568/568 432/569/569 464/566/566
f 432/569/569 434/570/570 464/566/566
f 434/570/570 436/571/571 464/566/566
f 436/571/571 438/572/572 464/566/566
f 438/572/572 440/573/573 464/566/566
f 440/573/573 442/574/574 464/566/566
f 442/574/574 444/575/575 464/566/566
f 444/575/575 446/576/576 464/566/566
f 446/576/576 448/577/577 464/566/566
f 448/577/577 450/578/578 464/566/566
f 450/578/578 452/579/579 464/566/566
f 452/579/579 454/580/580 464/566/566
f 454/580/580 456/581/581 464/566/566
f 456/581/581 458/582/582 464/566/566
f 458/582/582 460/583/583 464/566/566
f 460/583/583 462/584/584 464/566/566
f 462/584/584 426/564/564 464/566/566
f 507/669/667 508/670/668 509/671/669 510/672/670
f 508/670/668 511/673/671 512/674/672 509/671/669
f 511/673/671 513/675/673 514/676/674 512/674/672
f 513/675/673 515/677/675 516/678/676 514/676/674
f 515/677/675 517/679/677 518/680/678 516/678/676
f 517/679/677 519/681/679 520/682/680 518/680/678
f 519/681/679 521/683/681 522/684/682 520/682/680
f 521/683/681 523/685/683 524/686/684 522/684/682
f 523/685/683 525/687/685 526/688/686 524/686/684
f 525/687/685 527/689/687 528/690/688 526/688/686
f 527/689/687 529/691/689 530/692/690 528/690/688
f 529/691/689 531/693/691 532/694/692 530/692/690
f 531/693/691 533/695/693 534/696/694 532/694/692
f 533/695/693 535/697/695 536/698/696 534/696/694
f 535/697/695 537/699/697 538/700/698 536/698/696
f 537/699/697 539/701/699 540/702/700 538/700/698
f 539/701/699 541/703/701 542/704/702 540/702/700
f 541/703/701 543/705/703 544/706/704 542/704/702
f 543/705/703 545/707/705 546/708/706 544/706/704
f 545/707/705 507/709/667 510/710/670 546/708/706
f 508/711/707 507/712/708 547/713/709
f 511/714/710 508/711/707 547/713/709
f 513/715/711 511/714/710 547/713/709
f 515/716/712 513/715/711 547/713/709
f 517/717/713 515/716/712 547/713/709
f 519/718/714 517/717/713 547/713/709
f 521/719/715 519/718/714 547/713/709
f 523/720/716 521/719/715 547/713/709
f 525/721/717 523/720/716 547/713/709
f 527/722/718 525/721/717 547/713/709
f 529/723/719 527/722/718 547/713/709
f 531/724/720 529/723/719 547/713/709
f 533/725/721 531/724/720 547/713/709
f 535/726/722 533/725/721 547/713/709
f 537/727/723 535/726/722 547/713/709
f 539/728/724 537/727/723 547/713/709
f 541/729/725 539/728/724 547/713/709
f 543/730/726 541/729/725 547/713/709
f 545/731/727 543/730/726 547/713/709
f 507/712/708 545/731/727 547/713/709
f 510/732/728 509/733/729 548/734/730
f 509/733/729 512/735/731 548/734/730
f 512/735/731 514/736/732 548/734/730
f 514/736/732 516/737/733 548/734/730
f 516/737/733 518/738/734 548/734/730
f 518/738/734 520/739/735 548/734/730
f 520/739/735 522/740/736 548/734/730
f 522/740/736 524/741/737 548/734/730
f 524/741/737 526/742/738 548/734/730
f 526/742/738 528/743/739 548/734/730
f 528/743/739 530/744/740 548/734/730
f 530/744/740 532/745/741 548/734/730
f 532/745/741 534/746/742 548/734/730
f 534/746/742 536/747/743 548/734/730
f 536/747/743 538/748/744 548/734/730
f 538/748/744 540/749/745 548/734/730
f 540/749/745 542/750/746 548/734/730
f 542/750/746 544/751/747 548/734/730
f 544/751/747 546/752/748 548/734/730
f 546/752/748 510/732/728 548/734/730
f 549/753/749 550/754/750 551/755/751 552/756/752
f 550/754/750 553/757/753 554/758/754 551/755/751
f 553/757/753 555/759/755 556/760/756 554/758/754
f 555/759/755 557/761/757 558/762/758 556/760/756
f 557/761/757 559/763/759 560/764/760 558/762/758
f 559/763/759 561/765/761 562/766/762 560/764/760
f 561/765/761 563/767/763 564/768/764 562/766/762
f 563/767/763 565/769/765 566/770/766 564/768/764
f 565/769/765 567/771/767 568/772/768 566/770/766
f 567/771/767 569/773/769 570/774/770 568/772/768
f 569/773/769 571/775/771 572/776/772 570/774/770
f 571/775/771 573/777/773 574/778/774 572/776/772
f 573/777/773 575/779/775 576/780/776 574/778/774
f 575/779/775 577/781/777 578/782/778 576/780/776
f 577/781/777 579/783/779 580/784/780 578/782/778
f 579/783/779 581/785/781 582/786/782 580/784/780
f 581/785/781 583/787/783 584/788/784 582/786/782
f 583/787/783 585/789/785 586/790/786 584/788/784
f 585/789/785 587/791/787 588/792/788 586/790/786
f 587/791/787 549/793/749 552/794/752 588/792/788
f 550/795/789 549/796/790 589/797/791
f 553/798/792 550/795/789 589/797/791
f 555/799/793 553/798/792 589/797/791
f 557/800/794 555/799/793 589/797/791
f 559/801/795 557/800/794 589/797/791
f 561/802/796 559/801/795 589/797/791
f 563/803/797 561/802/796 589/797/791
f 565/804/798 563/803/797 589/797/791
f 567/805/799 565/804/798 589/797/791
f 569/806/800 567/805/799 589/797/791
f 571/807/801 569/806/800 589/797/791
f 573/808/802 571/807/801 589/797/791
f 575/809/803 573/808/802 589/797/791
f 577/810/804 575/809/803 589/797/791
f 579/811/805 577/810/804 589/797/791
f 581/812/806 579/811/805 589/797/791
f 583/813/807 581/812/806 589/797/791
f 585/814/808 583/813/807 589/797/791
f 587/815/809 585/814/808 589/797/791
f 549/796/790 587/815/809 589/797/791
f 552/816/810 551/817/811 590/818/812
f 551/817/811 554/819/813 590/818/812
f 554/819/813 556/820/814 590/818/812
f 556/820/814 558/821/815 590/818/812
f 558/821/815 560/822/816 590/818/812
f 560/822/816 562/823/817 590/818/812
f 562/823/817 564/824/818 590/818/812
f 564/824/818 566/825/819 590/818/812
f 566/825/819 568/826/820 590/818/812
f 568/826/820 570/827/821 590/818/812
f 570/827/821 572/828/822 590/818/812
f 572/828/822 574/829/823 590/818/812
f 574/829/823 576/830/824 590/818/812
f 576/830/824 578/831/825 590/818/812
f 578/831/825 580/832/826 590/818/812
f 580/832/826 582/833/827 590/818/812
f 582/833/827 584/834/828 590/818/812
f 584/834/828 586/835/829 590/818/812
f 586/835/829 588/836/830 590/818/812
f 588/836/830 552/816/810 590/818/812
f 591/837/831 592/838/832 593/839/833 594/840/834
f 592/838/832 595/841/835 596/842/836 593/839/833
f 595/841/835 597/843/837 598/844/838 596/842/836
f 597/843/837 599/845/839 600/846/840 598/844/838
f 599/845/839 601/847/841 602/848/842 600/846/840
f 601/847/841 603/849/843 604/850/844 602/848/842
f 603/849/843 605/851/845 606/852/846 604/850/844
f 605/851/845 607/853/847 608/854/848 606/852/846
f 607/853/847 609/855/849 610/856/850 608/854/848
f 609/855/849 611/857/851 612/858/852 610/856/850
f 611/857/851 613/859/853 614/860/854 612/858/852
f 613/859/853 615/861/855 616/862/856 614/860/854
f 615/861/855 617/863/857 618/864/858 616/862/856
f 617/863/857 619/865/859 620/866/860 618/864/858
f 619/865/859 621/867/861 622/868/862 620/866/860
f 621/867/861 623/869/863 624/870/864 622/868/862
f 623/869/863 625/871/865 626/872/866 624/870/864
f 625/871/865 627/873/867 628/874/868 626/872/866
f 627/873/867 629/875/869 630/876/870 628/874/868
f 629/875/869 591/877/831 594/878/834 630/876/870
f 592/879/871 591/880/872 631/881/873
f 595/882/874 592/879/871 631/881/873
f 597/883/875 595/882/874 631/881/873
f 599/884/876 597/883/875 631/881/873
f 601/885/877 599/884/876 631/881/873
f 603/886/878 601/885/877 631/881/873
f 605/887/879 603/886/878 631/881/873
f 607/888/880 605/887/879 631/881/873
f 609/889/881 607/888/880 631/881/873
f 611/890/882 609/889/881 631/881/873
f 613/891/883 611/890/882 631/881/873
f 615/892/884 613/891/883 631/881/873
f 617/893/885 615/892/884 631/881/873
f 619/894/886 617/893/885 631/881/873
f 621/895/887 619/894/886 631/881/873
f 623/896/888 621/895/887 631/881/873
f 625/897/889 623/896/888 631/881/873
f 627/898/890 625/897/889 631/881/873
f 629/899/891 627/898/890 631/881/873
f 591/880/872 629/899/891 631/881/873
f 594/900/892 593/901/893 632/902/894
f 593/901/893 596/903/895 632/902/894
f 596/903/895 598/904/896 632/902/894
f 598/904/896 600/905/897 632/902/894
f 600/905/897 602/906/898 632/902/894
f 602/906/898 604/907/899 632/902/894
f 604/907/899 606/908/900 632/902/894
f 606/908/900 608/909/901 632/902/894
f 608/909/901 610/910/902 632/902/894
f 610/910/902 612/911/903 632/902/894
f 612/911/903 614/912/904 632/902/894
f 614/912/904 616/913/905 632/902/894
f 616/913/905 618/914/906 632/902/894
f 618/914/906 620/915/907 632/902/894
f 620/915/907 622/916/908 632/902/894
f 622/916/908 624/917/909 632/902/894
f 624/917/909 626/918/910 632/902/894
f 626/918/910 628/919/911 632/902/894
f 628/919/911 630/920/912 632/902/894
f 630/920/912 594/900/892 632/902/894
f 633/921/913 634/922/914 635/923/915 636/924/916
f 634/922/914 637/925/917 638/926/918 635/923/915
f 637/925/917 639/927/919 640/928/920 638/926/918
f 639/927/919 641/929/921 642/930/922 640/928/920
f 641/929/921 643/931/923 644/932/924 642/930/922
f 643/931/923 645/933/925 646/934/926 644/932/924
f 645/933/925 647/935/927 648/936/928 646/934/926
f 647/935/927 649/937/929 650/938/930 648/936/928
f 649/937/929 651/939/931 652/940/932 650/938/930
f 651/939/931 653/941/933 654/942/934 652/940/932
f 653/941/933 655/943/935 656/944/936 654/942/934
f 655/943/935 657/945/937 658/946/938 656/944/936
f 657/945/937 659/947/939 660/948/940 658/946/938
f 659/947/939 661/949/941 662/950/942 660/948/940
f 661/949/941 663/951/943 664/952/944 662/950/942
f 663/951/943 665/953/945 666/954/946 664/952/944
f 665/953/945 667/955/947 668/956/948 666/954/946
f 667/955/947 669/957/949 670/958/950 668/956/948
f 669/957/949 671/959/951 672/960/952 670/958/950
f 671/959/951 633/961/913 636/962/916 672/960/952
f 634/963/953 633/964/954 673/965/955
f 637/966/956 634/963/953 673/965/955
f 639/967/957 637/966/956 673/965/955
f 641/968/958 639/967/957 673/965/955
f 643/969/959 641/968/958 673/965/955
f 645/970/960 643/969/959 673/965/955
f 647/971/961 645/970/960 673/965/955
f 649/972/962 647/971/961 673/965/955
f 651/973/963 649/972/962 673/965/955
f 653/974/964 651/973/963 673/965/955
f 655/975/965 653/974/964 673/965/955
f 657/976/966 655/975/965 673/965/955
f 659/977/967 657/976/966 673/965/955
f 661/978/968 659/977/967 673/965/955
f 663/979/969 661/978/968 673/965/955
f 665/980/970 663/979/969 673/965/955
f 667/981/971 665/980/970 673/965/955
f 669/982/972 667/981/971 673/965/955
f 671/983/973 669/982/972 673/965/955
f 633/964/954 671/983/973 673/965/955
f 636/984/974 635/985/975 674/986/976
f 635/985/975 638/987/977 674/986/976
f 638/987/977 640/988/978 674/986/976
f 640/988/978 642/989/979 674/986/976
f 642/989/979 644/990/980 674/986/976
f 644/990/980 646/991/981 674/986/976
f 646/991/981 648/992/982 674/986/976
f 648/992/982 650/993/983 674/986/976
f 650/993/983 652/994/984 674/986/976
f 652/994/984 654/995/985 674/986/976
f 654/995/985 656/996/986 674/986/976
f 656/996/986 658/997/987 674/986/976
f 658/997/987 660/998/988 674/986/976
f 660/998/988 662/999/989 674/986/976
f 662/999/989 664/1000/990 674/986/976
f 664/1000/990 666/1001/991 674/986/976
f 666/1001/991 668/1002/992 674/986/976
f 668/1002/992 670/1003/993 674/986/976
f 670/1003/993 672/1004/994 674/986/976
f 672/1004/994 636/984/974 674/986/976
usemtl VRayMtl2SG
f 465/585/585 466/586/586 467/587/587 468/588/588
f 466/586/586 469/589/589 470/590/590 467/587/587
f 469/589/589 471/591/591 472/592/592 470/590/590
f 471/591/591 473/593/593 474/594/594 472/592/592
f 473/593/593 475/595/595 476/596/596 474/594/594
f 475/595/595 477/597/597 478/598/598 476/596/596
f 477/597/597 479/599/599 480/600/600 478/598/598
f 479/599/599 481/601/601 482/602/602 480/600/600
f 481/601/601 483/603/603 484/604/604 482/602/602
f 483/603/603 485/605/605 486/606/606 484/604/604
f 485/605/605 487/607/607 488/608/608 486/606/606
f 487/607/607 489/609/609 490/610/610 488/608/608
f 489/609/609 491/611/611 492/612/612 490/610/610
f 491/611/611 493/613/613 494/614/614 492/612/612
f 493/613/613 495/615/615 496/616/616 494/614/614
f 495/615/615 497/617/617 498/618/618 496/616/616
f 497/617/617 499/619/619 500/620/620 498/618/618
f 499/619/619 501/621/621 502/622/622 500/620/620
f 501/621/621 503/623/623 504/624/624 502/622/622
f 503/623/623 465/625/585 468/626/588 504/624/624
f 466/627/625 465/628/626 505/629/627
f 469/630/628 466/627/625 505/629/627
f 471/631/629 469/630/628 505/629/627
f 473/632/630 471/631/629 505/629/627
f 475/633/631 473/632/630 505/629/627
f 477/634/632 475/633/631 505/629/627
f 479/635/633 477/634/632 505/629/627
f 481/636/634 479/635/633 505/629/627
f 483/637/635 481/636/634 505/629/627
f 485/638/636 483/637/635 505/629/627
f 487/639/637 485/638/636 505/629/627
f 489/640/638 487/639/637 505/629/627
f 491/641/639 489/640/638 505/629/627
f 493/642/640 491/641/639 505/629/627
f 495/643/641 493/642/640 505/629/627
f 497/644/642 495/643/641 505/629/627
f 499/645/643 497/644/642 505/629/627
f 501/646/644 499/645/643 505/629/627
f 503/647/645 501/646/644 505/629/627
f 465/628/626 503/647/645 505/629/627
f 468/648/646 467/649/647 506/650/648
f 467/649/647 470/651/649 506/650/648
f 470/651/649 472/652/650 506/650/648
f 472/652/650 474/653/651 506/650/648
f 474/653/651 476/654/652 506/650/648
f 476/654/652 478/655/653 506/650/648
f 478/655/653 480/656/654 506/650/648
f 480/656/654 482/657/655 506/650/648
f 482/657/655 484/658/656 506/650/648
f 484/658/656 486/659/657 506/650/648
f 486/659/657 488/660/658 506/650/648
f 488/660/658 490/661/659 506/650/648
f 490/661/659 492/662/660 506/650/648
f 492/662/660 494/663/661 506/650/648
f 494/663/661 496/664/662 506/650/648
f 496/664/662 498/665/663 506/650/648
f 498/665/663 500/666/664 506/650/648
f 500/666/664 502/667/665 506/650/648
f 502/667/665 504/668/666 506/650/648
f 504/668/666 468/648/646 506/650/648
