# Satelite_Cuerpo
# origen puesto en el pivote de la pieza
# pivote en coordenadas del modelo: 0.00000 0.00000 0.00000
mtllib Satelite.mtl
o Satelite_Cuerpo
v -1.821582 -0.821554 -0.418603
v -1.821582 -1.421844 -0.854739
v -1.821582 -1.527237 -0.647893
v -1.677341 -1.539176 -0.942180
v 1.677341 -1.539176 -0.942180
v 1.677341 -1.666945 -0.691419
v -1.677341 -1.666945 -0.691419
v 1.677341 -1.754992 -0.420435
v 1.677341 -1.799018 -0.142465
v -1.677341 -1.799018 -0.142465
v -1.677341 -1.754992 -0.420435
v -1.821582 -1.652698 -0.144241
v -1.821582 -0.910700 -0.144241
v -1.821582 -1.616382 -0.373531
v -1.821582 -0.651989 -0.651989
v -1.821582 -1.088125 -1.252279
v -1.821582 -1.252279 -1.088125
v -1.677341 -1.172693 -1.371698
v 1.677341 -1.172693 -1.371698
v 1.677341 -1.371698 -1.172693
v -1.677341 -1.371698 -1.172693
v -1.821582 -0.418603 -0.821554
v -1.821582 -0.647893 -1.527237
v -1.821582 -0.854739 -1.421844
v -1.677341 -0.691419 -1.666945
v 1.677341 -0.691419 -1.666945
v 1.677341 -0.942180 -1.539176
v -1.677341 -0.942180 -1.539176
v -1.821582 -0.144241 -0.910700
v -1.821582 -0.144241 -1.652699
v -1.821582 -0.373531 -1.616383
v -1.677341 -0.142465 -1.799019
v 1.677341 -0.142465 -1.799019
v 1.677341 -0.420435 -1.754992
v -1.677341 -0.420435 -1.754992
v -1.821582 0.144241 -0.910700
v -1.821582 0.373531 -1.616382
v -1.821582 0.144241 -1.652699
v -1.677341 0.420435 -1.754992
v 1.677341 0.420435 -1.754992
v 1.677341 0.142465 -1.799019
v -1.677341 0.142465 -1.799019
v -1.821582 0.418603 -0.821554
v -1.821582 0.854739 -1.421844
v -1.821582 0.647893 -1.527237
v -1.677341 0.942180 -1.539175
v 1.677341 0.942180 -1.539175
v 1.677341 0.691419 -1.666944
v -1.677341 0.691419 -1.666944
v -1.821582 0.651989 -0.651989
v -1.821582 1.252278 -1.088125
v -1.821582 1.088125 -1.252278
v -1.677341 1.371698 -1.172693
v 1.677341 1.371698 -1.172693
v 1.677341 1.172693 -1.371698
v -1.677341 1.172693 -1.371698
v -1.821582 0.821554 -0.418603
v -1.821582 1.527237 -0.647893
v -1.821582 1.421844 -0.854739
v -1.677341 1.666944 -0.691419
v 1.677341 1.666944 -0.691419
v 1.677341 1.539175 -0.942180
v -1.677341 1.539175 -0.942180
v -1.821582 0.910700 -0.144241
v -1.821582 1.652698 -0.144241
v -1.821582 1.616382 -0.373531
v -1.677341 1.799018 -0.142465
v 1.677341 1.799018 -0.142465
v 1.677341 1.754992 -0.420435
v -1.677341 1.754992 -0.420435
v -1.821582 0.910700 0.144241
v -1.821582 1.616382 0.373531
v -1.821582 1.652698 0.144241
v -1.677341 1.754992 0.420435
v 1.677341 1.754992 0.420435
v 1.677341 1.799018 0.142465
v -1.677341 1.799018 0.142465
v -1.821582 0.821554 0.418603
v -1.821582 1.421844 0.854739
v -1.821582 1.527237 0.647893
v -1.677341 1.539175 0.942180
v 1.677341 1.539175 0.942180
v 1.677341 1.666944 0.691419
v -1.677341 1.666944 0.691419
v -1.821582 0.651989 0.651989
v -1.821582 1.088125 1.252278
v -1.821582 1.252278 1.088125
v -1.677341 1.172693 1.371698
v 1.677341 1.172693 1.371698
v 1.677341 1.371698 1.172693
v -1.677341 1.371698 1.172693
v -1.821582 0.418603 0.821554
v -1.821582 0.647893 1.527237
v -1.821582 0.854739 1.421844
v -1.677341 0.691419 1.666944
v 1.677341 0.691419 1.666944
v 1.677341 0.942180 1.539175
v -1.677341 0.942180 1.539175
v -1.821582 0.144241 0.910700
v -1.821582 0.144241 1.652698
v -1.821582 0.373531 1.616382
v -1.677341 0.142465 1.799018
v 1.677341 0.142465 1.799018
v 1.677341 0.420435 1.754992
v -1.677341 0.420435 1.754992
v -1.821582 -0.144241 0.910700
v -1.821582 -0.373531 1.616382
v -1.821582 -0.144241 1.652698
v -1.677341 -0.420435 1.754992
v 1.677341 -0.420435 1.754992
v 1.677341 -0.142465 1.799018
v -1.677341 -0.142465 1.799018
v -1.821582 -0.418603 0.821554
v -1.821582 -0.854738 1.421843
v -1.821582 -0.647893 1.527236
v -1.677341 -0.942180 1.539175
v 1.677341 -0.942180 1.539175
v 1.677341 -0.691419 1.666944
v -1.677341 -0.691419 1.666944
v -1.821582 -0.651989 0.651989
v -1.821582 -1.252278 1.088125
v -1.821582 -1.088124 1.252278
v -1.677341 -1.371697 1.172693
v 1.677341 -1.371697 1.172693
v 1.677341 -1.172693 1.371697
v -1.677341 -1.172693 1.371697
v -1.821582 -0.821554 0.418603
v -1.821582 -1.527236 0.647893
v -1.821582 -1.421843 0.854738
v -1.677341 -1.666944 0.691419
v 1.677341 -1.666944 0.691419
v 1.677341 -1.539175 0.942180
v -1.677341 -1.539175 0.942180
v -1.821582 -0.910700 0.144241
v -1.821582 -1.652698 0.144241
v -1.821582 -1.616382 0.373531
v -1.677341 -1.799018 0.142465
v 1.677341 -1.799018 0.142465
v 1.677341 -1.754992 0.420435
v -1.677341 -1.754992 0.420435
v 1.821582 -0.910700 -0.144241
v 1.821582 -1.652698 -0.144241
v 1.821582 -1.616382 -0.373531
v 1.821582 -1.421844 -0.854739
v 1.821582 -0.821554 -0.418603
v 1.821582 -1.527237 -0.647893
v 1.821582 -1.088125 -1.252279
v 1.821582 -0.651989 -0.651989
v 1.821582 -1.252279 -1.088125
v 1.821582 -0.647893 -1.527237
v 1.821582 -0.418603 -0.821554
v 1.821582 -0.854739 -1.421844
v 1.821582 -0.144241 -1.652699
v 1.821582 -0.144241 -0.910700
v 1.821582 -0.373531 -1.616383
v 1.821582 0.373531 -1.616382
v 1.821582 0.144241 -0.910700
v 1.821582 0.144241 -1.652699
v 1.821582 0.854739 -1.421844
v 1.821582 0.418603 -0.821554
v 1.821582 0.647893 -1.527237
v 1.821582 1.252278 -1.088125
v 1.821582 0.651989 -0.651989
v 1.821582 1.088125 -1.252278
v 1.821582 1.527237 -0.647893
v 1.821582 0.821554 -0.418603
v 1.821582 1.421844 -0.854739
v 1.821582 1.652698 -0.144241
v 1.821582 0.910700 -0.144241
v 1.821582 1.616382 -0.373531
v 1.821582 1.616382 0.373531
v 1.821582 0.910700 0.144241
v 1.821582 1.652698 0.144241
v 1.821582 1.421844 0.854739
v 1.821582 0.821554 0.418603
v 1.821582 1.527237 0.647893
v 1.821582 1.088125 1.252278
v 1.821582 0.651989 0.651989
v 1.821582 1.252278 1.088125
v 1.821582 0.647893 1.527237
v 1.821582 0.418603 0.821554
v 1.821582 0.854739 1.421844
v 1.821582 0.144241 1.652698
v 1.821582 0.144241 0.910700
v 1.821582 0.373531 1.616382
v 1.821582 -0.373531 1.616382
v 1.821582 -0.144241 0.910700
v 1.821582 -0.144241 1.652698
v 1.821582 -0.854738 1.421843
v 1.821582 -0.418603 0.821554
v 1.821582 -0.647893 1.527236
v 1.821582 -1.252278 1.088125
v 1.821582 -0.651989 0.651989
v 1.821582 -1.088124 1.252278
v 1.821582 -1.527236 0.647893
v 1.821582 -0.821554 0.418603
v 1.821582 -1.421843 0.854738
v 1.821582 -1.652698 0.144241
v 1.821582 -0.910700 0.144241
v 1.821582 -1.616382 0.373531
v -1.821582 -1.582607 -0.514220
v -1.821582 -0.766459 -0.249038
v -1.779767 -1.625503 -0.678890
v -1.779767 -1.504681 -0.916019
v -1.677341 -1.721632 -0.559392
v 1.677341 -1.721632 -0.559392
v -1.779767 -1.714101 -0.406214
v -1.779767 -1.755733 -0.143354
v -1.821582 -1.346246 -0.978105
v -1.821582 -0.651989 -0.473698
v -1.779767 -1.336157 -1.147971
v -1.779767 -1.147971 -1.336157
v -1.677341 -1.464508 -1.064027
v 1.677341 -1.464508 -1.064027
v -1.821582 -0.978105 -1.346246
v -1.821582 -0.473698 -0.651989
v -1.779767 -0.916019 -1.504680
v -1.779767 -0.678890 -1.625503
v -1.677341 -1.064027 -1.464508
v 1.677341 -1.064027 -1.464508
v -1.821582 -0.514220 -1.582606
v -1.821582 -0.249038 -0.766459
v -1.779767 -0.406214 -1.714101
v -1.779767 -0.143354 -1.755734
v -1.677341 -0.559392 -1.721632
v 1.677341 -0.559392 -1.721632
v -1.821582 -0.000000 -1.664051
v -1.821582 -0.000000 -0.805903
v -1.779767 0.143354 -1.755734
v -1.779767 0.406214 -1.714101
v -1.677341 0.000000 -1.810231
v 1.677341 0.000000 -1.810231
v -1.821582 0.514220 -1.582606
v -1.821582 0.249038 -0.766459
v -1.779767 0.678890 -1.625503
v -1.779767 0.916018 -1.504680
v -1.677341 0.559392 -1.721632
v 1.677341 0.559392 -1.721632
v -1.821582 0.978104 -1.346245
v -1.821582 0.473698 -0.651989
v -1.779767 1.147970 -1.336157
v -1.779767 1.336157 -1.147970
v -1.677341 1.064027 -1.464507
v 1.677341 1.064027 -1.464507
v -1.821582 1.346245 -0.978104
v -1.821582 0.651989 -0.473698
v -1.779767 1.504680 -0.916018
v -1.779767 1.625503 -0.678889
v -1.677341 1.464507 -1.064027
v 1.677341 1.464507 -1.064027
v -1.821582 1.582606 -0.514220
v -1.821582 0.766459 -0.249038
v -1.779767 1.714101 -0.406213
v -1.779767 1.755734 -0.143354
v -1.677341 1.721631 -0.559392
v 1.677341 1.721631 -0.559392
v -1.821582 1.664050 0.000000
v -1.821582 0.805903 0.000000
v -1.779767 1.755734 0.143354
v -1.779767 1.714101 0.406213
v -1.677341 1.810231 0.000000
v 1.677341 1.810231 0.000000
v -1.821582 1.582606 0.514220
v -1.821582 0.766459 0.249038
v -1.779767 1.625503 0.678889
v -1.779767 1.504680 0.916018
v -1.677341 1.721631 0.559392
v 1.677341 1.721631 0.559392
v -1.821582 1.346245 0.978104
v -1.821582 0.651989 0.473698
v -1.779767 1.336156 1.147970
v -1.779767 1.147970 1.336156
v -1.677341 1.464507 1.064027
v 1.677341 1.464507 1.064027
v -1.821582 0.978104 1.346245
v -1.821582 0.473698 0.651989
v -1.779767 0.916018 1.504680
v -1.779767 0.678889 1.625503
v -1.677341 1.064027 1.464507
v 1.677341 1.064027 1.464507
v -1.821582 0.514220 1.582606
v -1.821582 0.249038 0.766459
v -1.779767 0.406213 1.714101
v -1.779767 0.143354 1.755733
v -1.677341 0.559392 1.721631
v 1.677341 0.559392 1.721631
v -1.821582 0.000000 1.664050
v -1.821582 -0.000000 0.805903
v -1.779767 -0.143354 1.755733
v -1.779767 -0.406213 1.714101
v -1.677341 0.000000 1.810230
v 1.677341 0.000000 1.810230
v -1.821582 -0.514220 1.582606
v -1.821582 -0.249038 0.766459
v -1.779767 -0.678889 1.625503
v -1.779767 -0.916018 1.504680
v -1.677341 -0.559392 1.721631
v 1.677341 -0.559392 1.721631
v -1.821582 -0.978104 1.346245
v -1.821582 -0.473698 0.651989
v -1.779767 -1.147970 1.336156
v -1.779767 -1.336156 1.147970
v -1.677341 -1.064027 1.464507
v 1.677341 -1.064027 1.464507
v -1.821582 -1.346245 0.978104
v -1.821582 -0.651989 0.473698
v -1.779767 -1.504680 0.916018
v -1.779767 -1.625502 0.678889
v -1.677341 -1.464507 1.064027
v 1.677341 -1.464507 1.064027
v -1.821582 -1.582606 0.514220
v -1.821582 -0.766459 0.249038
v -1.779767 -1.714100 0.406213
v -1.779767 -1.755733 0.143354
v -1.677341 -1.721631 0.559392
v 1.677341 -1.721631 0.559392
v -1.821582 -1.664050 0.000000
v -1.821582 -0.805903 0.000000
v -1.677341 -1.810230 -0.000000
v 1.677341 -1.810230 -0.000000
v 1.821582 -1.582607 -0.514220
v 1.821582 -0.766459 -0.249038
v 1.779767 -1.714101 -0.406214
v 1.779767 -1.755733 -0.143354
v 1.779767 -1.625503 -0.678890
v 1.779767 -1.504681 -0.916019
v 1.821582 -1.346246 -0.978105
v 1.821582 -0.651989 -0.473698
v 1.779767 -1.336157 -1.147971
v 1.779767 -1.147971 -1.336157
v 1.821582 -0.978105 -1.346246
v 1.821582 -0.473698 -0.651989
v 1.779767 -0.916019 -1.504680
v 1.779767 -0.678890 -1.625503
v 1.821582 -0.514220 -1.582606
v 1.821582 -0.249038 -0.766459
v 1.779767 -0.406214 -1.714101
v 1.779767 -0.143354 -1.755734
v 1.821582 -0.000000 -1.664051
v 1.821582 -0.000000 -0.805903
v 1.779767 0.143354 -1.755734
v 1.779767 0.406214 -1.714101
v 1.821582 0.514220 -1.582606
v 1.821582 0.249038 -0.766459
v 1.779767 0.678890 -1.625503
v 1.779767 0.916018 -1.504680
v 1.821582 0.978104 -1.346245
v 1.821582 0.473698 -0.651989
v 1.779767 1.147970 -1.336157
v 1.779767 1.336157 -1.147970
v 1.821582 1.346245 -0.978104
v 1.821582 0.651989 -0.473698
v 1.779767 1.504680 -0.916018
v 1.779767 1.625503 -0.678889
v 1.821582 1.582606 -0.514220
v 1.821582 0.766459 -0.249038
v 1.779767 1.714101 -0.406213
v 1.779767 1.755734 -0.143354
v 1.821582 1.664050 0.000000
v 1.821582 0.805903 0.000000
v 1.779767 1.755734 0.143354
v 1.779767 1.714101 0.406213
v 1.821582 1.582606 0.514220
v 1.821582 0.766459 0.249038
v 1.779767 1.625503 0.678889
v 1.779767 1.504680 0.916018
v 1.821582 1.346245 0.978104
v 1.821582 0.651989 0.473698
v 1.779767 1.336156 1.147970
v 1.779767 1.147970 1.336156
v 1.821582 0.978104 1.346245
v 1.821582 0.473698 0.651989
v 1.779767 0.916018 1.504680
v 1.779767 0.678889 1.625503
v 1.821582 0.514220 1.582606
v 1.821582 0.249038 0.766459
v 1.779767 0.406213 1.714101
v 1.779767 0.143354 1.755733
v 1.821582 0.000000 1.664050
v 1.821582 -0.000000 0.805903
v 1.779767 -0.143354 1.755733
v 1.779767 -0.406213 1.714101
v 1.821582 -0.514220 1.582606
v 1.821582 -0.249038 0.766459
v 1.779767 -0.678889 1.625503
v 1.779767 -0.916018 1.504680
v 1.821582 -0.978104 1.346245
v 1.821582 -0.473698 0.651989
v 1.779767 -1.147970 1.336156
v 1.779767 -1.336156 1.147970
v 1.821582 -1.346245 0.978104
v 1.821582 -0.651989 0.473698
v 1.779767 -1.504680 0.916018
v 1.779767 -1.625502 0.678889
v 1.821582 -1.582606 0.514220
v 1.821582 -0.766459 0.249038
v 1.779767 -1.714100 0.406213
v 1.779767 -1.755733 0.143354
v 1.821582 -1.664050 0.000000
v 1.821582 -0.805903 0.000000
v -1.779752 -1.680532 -0.546038
v -1.779752 -1.429546 -1.038626
v -1.779752 -1.038626 -1.429546
v -1.779752 -0.546038 -1.680531
v -1.779752 0.000000 -1.767015
v -1.779752 0.546038 -1.680531
v -1.779752 1.038625 -1.429545
v -1.779752 1.429545 -1.038625
v -1.779752 1.680531 -0.546037
v -1.779752 1.767015 0.000000
v -1.779752 1.680531 0.546037
v -1.779752 1.429545 1.038625
v -1.779752 1.038625 1.429545
v -1.779752 0.546037 1.680531
v -1.779752 0.000000 1.767015
v -1.779752 -0.546037 1.680531
v -1.779752 -1.038625 1.429545
v -1.779752 -1.429545 1.038625
v -1.779752 -1.680531 0.546037
v -1.779752 -1.767015 0.000000
v 1.779752 -1.680532 -0.546038
v 1.779752 -1.429546 -1.038626
v 1.779752 -1.038626 -1.429546
v 1.779752 -0.546038 -1.680531
v 1.779752 0.000000 -1.767015
v 1.779752 0.546038 -1.680531
v 1.779752 1.038625 -1.429545
v 1.779752 1.429545 -1.038625
v 1.779752 1.680531 -0.546037
v 1.779752 1.767015 0.000000
v 1.779752 1.680531 0.546037
v 1.779752 1.429545 1.038625
v 1.779752 1.038625 1.429545
v 1.779752 0.546037 1.680531
v 1.779752 0.000000 1.767015
v 1.779752 -0.546037 1.680531
v 1.779752 -1.038625 1.429545
v 1.779752 -1.429545 1.038625
v 1.779752 -1.680531 0.546037
v 1.779752 -1.767015 0.000000
v -1.821582 0.000000 0.000000
v 1.821582 0.000000 0.000000
v 1.366547 -0.200119 -0.101966
v 1.366547 -0.346341 -0.208202
v 1.366547 -0.372014 -0.157818
v 1.401682 -0.374922 -0.229502
v 2.218835 -0.374922 -0.229502
v 2.218835 -0.406044 -0.168420
v 1.401682 -0.406044 -0.168420
v 2.218835 -0.427492 -0.102412
v 2.218835 -0.438216 -0.034702
v 1.401682 -0.438216 -0.034702
v 1.401682 -0.427492 -0.102412
v 1.366547 -0.402574 -0.035135
v 1.366547 -0.221834 -0.035135
v 1.366547 -0.393728 -0.090987
v 1.366547 -0.158815 -0.158815
v 1.366547 -0.265052 -0.305038
v 1.366547 -0.305038 -0.265052
v 1.401682 -0.285652 -0.334126
v 2.218835 -0.285652 -0.334126
v 2.218835 -0.334126 -0.285652
v 1.401682 -0.334126 -0.285652
v 1.366547 -0.101966 -0.200119
v 1.366547 -0.157818 -0.372014
v 1.366547 -0.208202 -0.346341
v 1.401682 -0.168420 -0.406044
v 2.218835 -0.168420 -0.406044
v 2.218835 -0.229502 -0.374922
v 1.401682 -0.229502 -0.374922
v 1.366547 -0.035135 -0.221834
v 1.366547 -0.035135 -0.402574
v 1.366547 -0.090987 -0.393728
v 1.401682 -0.034702 -0.438216
v 2.218835 -0.034702 -0.438216
v 2.218835 -0.102412 -0.427492
v 1.401682 -0.102412 -0.427492
v 1.366547 0.035135 -0.221834
v 1.366547 0.090987 -0.393728
v 1.366547 0.035135 -0.402574
v 1.401682 0.102412 -0.427492
v 2.218835 0.102412 -0.427492
v 2.218835 0.034702 -0.438216
v 1.401682 0.034702 -0.438216
v 1.366547 0.101966 -0.200119
v 1.366547 0.208202 -0.346341
v 1.366547 0.157818 -0.372014
v 1.401682 0.229502 -0.374922
v 2.218835 0.229502 -0.374922
v 2.218835 0.168420 -0.406044
v 1.401682 0.168420 -0.406044
v 1.366547 0.158815 -0.158815
v 1.366547 0.305037 -0.265052
v 1.366547 0.265052 -0.305037
v 1.401682 0.334126 -0.285652
v 2.218835 0.334126 -0.285652
v 2.218835 0.285652 -0.334126
v 1.401682 0.285652 -0.334126
v 1.366547 0.200119 -0.101966
v 1.366547 0.372013 -0.157818
v 1.366547 0.346341 -0.208202
v 1.401682 0.406044 -0.168420
v 2.218835 0.406044 -0.168420
v 2.218835 0.374922 -0.229502
v 1.401682 0.374922 -0.229502
v 1.366547 0.221834 -0.035135
v 1.366547 0.402574 -0.035135
v 1.366547 0.393728 -0.090987
v 1.401682 0.438216 -0.034702
v 2.218835 0.438216 -0.034702
v 2.218835 0.427492 -0.102412
v 1.401682 0.427492 -0.102412
v 1.366547 0.221834 0.035135
v 1.366547 0.393728 0.090987
v 1.366547 0.402574 0.035135
v 1.401682 0.427492 0.102412
v 2.218835 0.427492 0.102412
v 2.218835 0.438216 0.034702
v 1.401682 0.438216 0.034702
v 1.366547 0.200119 0.101966
v 1.366547 0.346341 0.208202
v 1.366547 0.372013 0.157818
v 1.401681 0.374922 0.229502
v 2.218835 0.374922 0.229502
v 2.218835 0.406044 0.168420
v 1.401682 0.406044 0.168420
v 1.366547 0.158816 0.158815
v 1.366547 0.265052 0.305037
v 1.366547 0.305037 0.265052
v 1.401682 0.285652 0.334126
v 2.218835 0.285652 0.334126
v 2.218835 0.334126 0.285652
v 1.401682 0.334126 0.285652
v 1.366547 0.101966 0.200119
v 1.366547 0.157818 0.372013
v 1.366547 0.208202 0.346341
v 1.401682 0.168420 0.406044
v 2.218835 0.168420 0.406044
v 2.218835 0.229502 0.374921
v 1.401682 0.229502 0.374921
v 1.366547 0.035135 0.221834
v 1.366547 0.035135 0.402574
v 1.366547 0.090987 0.393728
v 1.401682 0.034702 0.438216
v 2.218835 0.034702 0.438216
v 2.218835 0.102412 0.427491
v 1.401682 0.102412 0.427491
v 1.366547 -0.035135 0.221834
v 1.366547 -0.090987 0.393728
v 1.366547 -0.035135 0.402574
v 1.401682 -0.102412 0.427491
v 2.218835 -0.102412 0.427491
v 2.218835 -0.034702 0.438216
v 1.401682 -0.034702 0.438216
v 1.366547 -0.101966 0.200119
v 1.366547 -0.208202 0.346341
v 1.366547 -0.157818 0.372013
v 1.401682 -0.229502 0.374921
v 2.218835 -0.229502 0.374921
v 2.218835 -0.168420 0.406044
v 1.401682 -0.168420 0.406044
v 1.366547 -0.158815 0.158815
v 1.366547 -0.305037 0.265052
v 1.366547 -0.265052 0.305037
v 1.401682 -0.334126 0.285652
v 2.218835 -0.334126 0.285652
v 2.218835 -0.285652 0.334126
v 1.401682 -0.285652 0.334126
v 1.366547 -0.200119 0.101966
v 1.366547 -0.372013 0.157818
v 1.366547 -0.346341 0.208202
v 1.401682 -0.406044 0.168420
v 2.218835 -0.406044 0.168420
v 2.218835 -0.374921 0.229502
v 1.401682 -0.374921 0.229502
v 1.366547 -0.221834 0.035135
v 1.366547 -0.402574 0.035135
v 1.366547 -0.393728 0.090987
v 1.401682 -0.438216 0.034702
v 2.218835 -0.438216 0.034702
v 2.218835 -0.427491 0.102412
v 1.401682 -0.427491 0.102412
v 2.253970 -0.221834 -0.035135
v 2.253970 -0.402574 -0.035135
v 2.253970 -0.393728 -0.090987
v 2.253970 -0.346341 -0.208202
v 2.253970 -0.200119 -0.101966
v 2.253970 -0.372014 -0.157818
v 2.253970 -0.265052 -0.305038
v 2.253970 -0.158815 -0.158815
v 2.253970 -0.305038 -0.265052
v 2.253970 -0.157818 -0.372014
v 2.253970 -0.101966 -0.200119
v 2.253970 -0.208202 -0.346341
v 2.253970 -0.035135 -0.402574
v 2.253970 -0.035135 -0.221834
v 2.253970 -0.090987 -0.393728
v 2.253970 0.090987 -0.393728
v 2.253970 0.035135 -0.221834
v 2.253970 0.035135 -0.402574
v 2.253970 0.208202 -0.346341
v 2.253970 0.101966 -0.200119
v 2.253970 0.157818 -0.372014
v 2.253970 0.305037 -0.265052
v 2.253970 0.158815 -0.158815
v 2.253970 0.265052 -0.305037
v 2.253970 0.372014 -0.157818
v 2.253970 0.200119 -0.101966
v 2.253970 0.346341 -0.208202
v 2.253970 0.402574 -0.035135
v 2.253970 0.221834 -0.035135
v 2.253970 0.393728 -0.090987
v 2.253970 0.393728 0.090987
v 2.253970 0.221834 0.035135
v 2.253970 0.402574 0.035135
v 2.253970 0.346341 0.208202
v 2.253970 0.200119 0.101966
v 2.253970 0.372013 0.157818
v 2.253970 0.265052 0.305037
v 2.253970 0.158815 0.158815
v 2.253970 0.305037 0.265052
v 2.253970 0.157818 0.372013
v 2.253970 0.101966 0.200119
v 2.253970 0.208202 0.346341
v 2.253970 0.035135 0.402574
v 2.253970 0.035135 0.221834
v 2.253970 0.090987 0.393728
v 2.253970 -0.090987 0.393728
v 2.253970 -0.035135 0.221834
v 2.253970 -0.035135 0.402574
v 2.253970 -0.208202 0.346341
v 2.253970 -0.101966 0.200119
v 2.253970 -0.157818 0.372013
v 2.253970 -0.305037 0.265052
v 2.253970 -0.158815 0.158815
v 2.253970 -0.265052 0.305037
v 2.253970 -0.372013 0.157818
v 2.253970 -0.200119 0.101966
v 2.253970 -0.346341 0.208202
v 2.253970 -0.402574 0.035135
v 2.253970 -0.221834 0.035135
v 2.253970 -0.393728 0.090987
v 1.366547 -0.385501 -0.125257
v 1.366547 -0.186699 -0.060662
v 1.376732 -0.395950 -0.165368
v 1.376732 -0.366519 -0.223129
v 1.401682 -0.419365 -0.136260
v 2.218835 -0.419366 -0.136260
v 1.376732 -0.417531 -0.098948
v 1.376732 -0.427672 -0.034919
v 1.366547 -0.327927 -0.238253
v 1.366547 -0.158815 -0.115386
v 1.376732 -0.325469 -0.279630
v 1.376732 -0.279630 -0.325469
v 1.401682 -0.356734 -0.259182
v 2.218835 -0.356734 -0.259182
v 1.366547 -0.238253 -0.327927
v 1.366547 -0.115386 -0.158815
v 1.376732 -0.223129 -0.366519
v 1.376732 -0.165368 -0.395950
v 1.401682 -0.259182 -0.356734
v 2.218835 -0.259182 -0.356734
v 1.366547 -0.125257 -0.385501
v 1.366547 -0.060662 -0.186699
v 1.376732 -0.098948 -0.417531
v 1.376732 -0.034919 -0.427672
v 1.401682 -0.136260 -0.419365
v 2.218835 -0.136260 -0.419365
v 1.366547 0.000000 -0.405339
v 1.366547 0.000000 -0.196307
v 1.376732 0.034919 -0.427672
v 1.376732 0.098948 -0.417531
v 1.401682 0.000000 -0.440947
v 2.218835 0.000000 -0.440947
v 1.366547 0.125257 -0.385501
v 1.366547 0.060662 -0.186699
v 1.376732 0.165368 -0.395950
v 1.376732 0.223129 -0.366519
v 1.401682 0.136260 -0.419365
v 2.218835 0.136260 -0.419365
v 1.366547 0.238253 -0.327927
v 1.366547 0.115386 -0.158815
v 1.376732 0.279630 -0.325469
v 1.376732 0.325469 -0.279629
v 1.401682 0.259182 -0.356734
v 2.218835 0.259182 -0.356734
v 1.366547 0.327926 -0.238252
v 1.366547 0.158816 -0.115386
v 1.376732 0.366519 -0.223129
v 1.376732 0.395950 -0.165368
v 1.401681 0.356733 -0.259182
v 2.218835 0.356734 -0.259182
v 1.366547 0.385501 -0.125257
v 1.366547 0.186699 -0.060662
v 1.376732 0.417531 -0.098948
v 1.376732 0.427672 -0.034919
v 1.401682 0.419365 -0.136260
v 2.218835 0.419365 -0.136260
v 1.366547 0.405339 0.000000
v 1.366547 0.196307 0.000000
v 1.376732 0.427672 0.034919
v 1.376732 0.417531 0.098948
v 1.401682 0.440947 0.000000
v 2.218835 0.440947 0.000000
v 1.366547 0.385501 0.125257
v 1.366547 0.186699 0.060662
v 1.376732 0.395950 0.165368
v 1.376732 0.366519 0.223129
v 1.401682 0.419365 0.136260
v 2.218835 0.419365 0.136260
v 1.366547 0.327926 0.238252
v 1.366547 0.158815 0.115386
v 1.376732 0.325469 0.279629
v 1.376732 0.279630 0.325469
v 1.401682 0.356733 0.259182
v 2.218835 0.356734 0.259182
v 1.366547 0.238253 0.327926
v 1.366547 0.115386 0.158815
v 1.376732 0.223129 0.366519
v 1.376732 0.165368 0.395950
v 1.401682 0.259182 0.356733
v 2.218835 0.259182 0.356733
v 1.366547 0.125257 0.385501
v 1.366547 0.060662 0.186699
v 1.376732 0.098948 0.417531
v 1.376732 0.034919 0.427672
v 1.401682 0.136260 0.419365
v 2.218835 0.136260 0.419365
v 1.366547 0.000000 0.405339
v 1.366547 0.000000 0.196307
v 1.376732 -0.034919 0.427672
v 1.376732 -0.098948 0.417531
v 1.401682 0.000000 0.440947
v 2.218835 0.000000 0.440947
v 1.366547 -0.125257 0.385501
v 1.366547 -0.060662 0.186699
v 1.376732 -0.165368 0.395950
v 1.376732 -0.223129 0.366519
v 1.401682 -0.136260 0.419365
v 2.218835 -0.136260 0.419365
v 1.366547 -0.238252 0.327926
v 1.366547 -0.115386 0.158815
v 1.376732 -0.279629 0.325469
v 1.376732 -0.325469 0.279629
v 1.401682 -0.259182 0.356733
v 2.218835 -0.259182 0.356733
v 1.366547 -0.327926 0.238252
v 1.366547 -0.158815 0.115386
v 1.376732 -0.366519 0.223129
v 1.376732 -0.395950 0.165368
v 1.401682 -0.356733 0.259182
v 2.218835 -0.356733 0.259182
v 1.366547 -0.385501 0.125257
v 1.366547 -0.186699 0.060662
v 1.376732 -0.417531 0.098948
v 1.376732 -0.427672 0.034919
v 1.401682 -0.419365 0.136260
v 2.218835 -0.419365 0.136260
v 1.366547 -0.405339 0.000000
v 1.366547 -0.196307 0.000000
v 1.401682 -0.440947 -0.000000
v 2.218835 -0.440947 -0.000000
v 2.253970 -0.385501 -0.125257
v 2.253970 -0.186699 -0.060662
v 2.243785 -0.417531 -0.098948
v 2.243785 -0.427672 -0.034919
v 2.243785 -0.395950 -0.165368
v 2.243785 -0.366519 -0.223129
v 2.253970 -0.327927 -0.238253
v 2.253970 -0.158816 -0.115386
v 2.243785 -0.325469 -0.279630
v 2.243785 -0.279630 -0.325469
v 2.253970 -0.238253 -0.327927
v 2.253970 -0.115386 -0.158815
v 2.243785 -0.223129 -0.366519
v 2.243785 -0.165368 -0.395950
v 2.253970 -0.125257 -0.385501
v 2.253970 -0.060662 -0.186699
v 2.243785 -0.098948 -0.417531
v 2.243785 -0.034919 -0.427672
v 2.253970 0.000000 -0.405339
v 2.253970 0.000000 -0.196307
v 2.243785 0.034919 -0.427672
v 2.243785 0.098948 -0.417531
v 2.253970 0.125257 -0.385501
v 2.253970 0.060662 -0.186699
v 2.243785 0.165368 -0.395950
v 2.243785 0.223129 -0.366519
v 2.253970 0.238253 -0.327927
v 2.253970 0.115386 -0.158815
v 2.243785 0.279630 -0.325469
v 2.243785 0.325469 -0.279629
v 2.253970 0.327926 -0.238252
v 2.253970 0.158815 -0.115386
v 2.243785 0.366519 -0.223129
v 2.243785 0.395950 -0.165368
v 2.253970 0.385501 -0.125257
v 2.253970 0.186699 -0.060662
v 2.243785 0.417531 -0.098948
v 2.243785 0.427672 -0.034919
v 2.253970 0.405339 0.000000
v 2.253970 0.196307 0.000000
v 2.243785 0.427672 0.034919
v 2.243785 0.417531 0.098948
v 2.253970 0.385501 0.125257
v 2.253970 0.186699 0.060662
v 2.243785 0.395950 0.165368
v 2.243785 0.366519 0.223129
v 2.253970 0.327926 0.238252
v 2.253970 0.158815 0.115386
v 2.243785 0.325469 0.279629
v 2.243785 0.279629 0.325469
v 2.253970 0.238253 0.327926
v 2.253970 0.115386 0.158815
v 2.243785 0.223129 0.366519
v 2.243785 0.165368 0.395950
v 2.253970 0.125257 0.385501
v 2.253970 0.060662 0.186699
v 2.243785 0.098948 0.417531
v 2.243785 0.034919 0.427672
v 2.253970 0.000000 0.405339
v 2.253970 0.000000 0.196307
v 2.243785 -0.034919 0.427672
v 2.243785 -0.098948 0.417531
v 2.253970 -0.125257 0.385501
v 2.253970 -0.060662 0.186699
v 2.243785 -0.165368 0.395950
v 2.243785 -0.223129 0.366519
v 2.253970 -0.238252 0.327926
v 2.253970 -0.115386 0.158815
v 2.243785 -0.279629 0.325469
v 2.243785 -0.325469 0.279629
v 2.253970 -0.327926 0.238252
v 2.253970 -0.158815 0.115386
v 2.243785 -0.366519 0.223129
v 2.243785 -0.395950 0.165368
v 2.253970 -0.385501 0.125257
v 2.253970 -0.186699 0.060662
v 2.243785 -0.417531 0.098948
v 2.243785 -0.427672 0.034919
v 2.253970 -0.405339 0.000000
v 2.253970 -0.196307 0.000000
v 1.376736 -0.409354 -0.133007
v 1.376736 -0.348217 -0.252995
v 1.376736 -0.252995 -0.348217
v 1.376736 -0.133007 -0.409354
v 1.376736 0.000000 -0.430420
v 1.376736 0.133007 -0.409354
v 1.376736 0.252995 -0.348217
v 1.376736 0.348217 -0.252995
v 1.376736 0.409354 -0.133007
v 1.376736 0.430420 0.000000
v 1.376736 0.409354 0.133007
v 1.376736 0.348217 0.252995
v 1.376736 0.252995 0.348217
v 1.376736 0.133007 0.409354
v 1.376736 0.000000 0.430420
v 1.376736 -0.133007 0.409354
v 1.376736 -0.252995 0.348217
v 1.376736 -0.348217 0.252995
v 1.376736 -0.409354 0.133007
v 1.376736 -0.430420 0.000000
v 2.243781 -0.409354 -0.133007
v 2.243781 -0.348217 -0.252995
v 2.243781 -0.252995 -0.348217
v 2.243781 -0.133007 -0.409354
v 2.243781 0.000000 -0.430420
v 2.243781 0.133007 -0.409354
v 2.243781 0.252995 -0.348217
v 2.243781 0.348217 -0.252995
v 2.243781 0.409354 -0.133007
v 2.243781 0.430420 0.000000
v 2.243781 0.409354 0.133007
v 2.243781 0.348217 0.252995
v 2.243781 0.252995 0.348217
v 2.243781 0.133007 0.409354
v 2.243781 0.000000 0.430420
v 2.243781 -0.133007 0.409354
v 2.243781 -0.252995 0.348217
v 2.243781 -0.348217 0.252995
v 2.243781 -0.409354 0.133007
v 2.243781 -0.430420 0.000000
v 1.366547 0.000000 0.000000
v 2.253970 0.000000 0.000000
v -1.327394 1.749433 0.056079
v 1.327394 1.749433 0.056079
v 1.327394 2.064170 0.056079
v -1.327394 2.064170 0.056079
v 1.327394 2.064170 -0.056079
v -1.327394 2.064170 -0.056079
v 1.327394 1.749433 -0.056079
v -1.327394 1.749433 -0.056079
v -1.327394 0.056079 -1.749433
v 1.327394 0.056079 -1.749433
v 1.327394 0.056079 -2.064170
v -1.327394 0.056079 -2.064170
v 1.327394 -0.056079 -2.064170
v -1.327394 -0.056079 -2.064170
v 1.327394 -0.056079 -1.749433
v -1.327394 -0.056079 -1.749433
v -1.327394 -1.749433 -0.056079
v 1.327394 -1.749433 -0.056079
v 1.327394 -2.064170 -0.056079
v -1.327394 -2.064170 -0.056079
v 1.327394 -2.064170 0.056079
v -1.327394 -2.064170 0.056079
v 1.327394 -1.749433 0.056079
v -1.327394 -1.749433 0.056079
v -1.327394 -0.056079 1.749433
v 1.327394 -0.056079 1.749433
v 1.327394 -0.056079 2.064170
v -1.327394 -0.056079 2.064170
v 1.327394 0.056079 2.064170
v -1.327394 0.056079 2.064170
v 1.327394 0.056079 1.749433
v -1.327394 0.056079 1.749433
v -1.327394 1.276690 -1.197382
v 1.327394 1.276690 -1.197382
v 1.327394 1.499242 -1.419934
v -1.327394 1.499242 -1.419934
v 1.327394 1.419934 -1.499242
v -1.327394 1.419934 -1.499242
v 1.327394 1.197382 -1.276690
v -1.327394 1.197382 -1.276690
v -1.327394 -1.197382 -1.276690
v 1.327394 -1.197382 -1.276690
v 1.327394 -1.419934 -1.499242
v -1.327394 -1.419934 -1.499242
v 1.327394 -1.499242 -1.419934
v -1.327394 -1.499242 -1.419934
v 1.327394 -1.276690 -1.197382
v -1.327394 -1.276690 -1.197382
v -1.327394 -1.276690 1.197382
v 1.327394 -1.276690 1.197382
v 1.327394 -1.499242 1.419934
v -1.327394 -1.499242 1.419934
v 1.327394 -1.419934 1.499242
v -1.327394 -1.419934 1.499242
v 1.327394 -1.197382 1.276690
v -1.327394 -1.197382 1.276690
v -1.327394 1.197382 1.276690
v 1.327394 1.197382 1.276690
v 1.327394 1.419934 1.499242
v -1.327394 1.419934 1.499242
v 1.327394 1.499242 1.419934
v -1.327394 1.499242 1.419934
v 1.327394 1.276690 1.197382
v -1.327394 1.276690 1.197382
v -5.210335 -0.592943 -0.192659
v -5.210335 -0.504387 -0.366459
v -3.963422 -0.504387 -0.366459
v -3.963422 -0.592943 -0.192659
v -5.210335 -0.366459 -0.504387
v -3.963422 -0.366459 -0.504387
v -5.210335 -0.192659 -0.592943
v -3.963422 -0.192659 -0.592943
v -5.210335 0.000000 -0.623457
v -3.963422 -0.000000 -0.623457
v -5.210335 0.192659 -0.592943
v -3.963422 0.192659 -0.592943
v -5.210335 0.366459 -0.504387
v -3.963422 0.366459 -0.504387
v -5.210335 0.504387 -0.366459
v -3.963422 0.504387 -0.366459
v -5.210335 0.592943 -0.192659
v -3.963422 0.592943 -0.192659
v -5.210335 0.623457 0.000000
v -3.963422 0.623457 0.000000
v -5.210335 0.592943 0.192659
v -3.963422 0.592943 0.192659
v -5.210335 0.504387 0.366459
v -3.963422 0.504387 0.366459
v -5.210335 0.366459 0.504387
v -3.963422 0.366459 0.504387
v -5.210335 0.192659 0.592942
v -3.963422 0.192659 0.592942
v -5.210335 0.000000 0.623457
v -3.963422 0.000000 0.623457
v -5.210335 -0.192659 0.592942
v -3.963422 -0.192659 0.592942
v -5.210335 -0.366459 0.504387
v -3.963422 -0.366459 0.504387
v -5.210335 -0.504387 0.366459
v -3.963422 -0.504387 0.366459
v -5.210335 -0.592942 0.192659
v -3.963422 -0.592942 0.192659
v -5.210335 -0.623456 0.000000
v -3.963422 -0.623456 0.000000
v -5.210335 0.000000 0.000000
v -3.963422 -0.000000 0.000000
v -4.145107 -0.890126 -0.289220
v -4.145107 -0.757187 -0.550128
v -2.646322 -0.757187 -0.550128
v -2.646322 -0.890126 -0.289220
v -4.145107 -0.550128 -0.757187
v -2.646322 -0.550128 -0.757187
v -4.145107 -0.289220 -0.890126
v -2.646322 -0.289220 -0.890126
v -4.145107 0.000000 -0.935934
v -2.646322 0.000000 -0.935934
v -4.145107 0.289220 -0.890126
v -2.646322 0.289220 -0.890126
v -4.145107 0.550128 -0.757187
v -2.646322 0.550128 -0.757187
v -4.145107 0.757187 -0.550128
v -2.646322 0.757187 -0.550128
v -4.145107 0.890126 -0.289219
v -2.646322 0.890126 -0.289219
v -4.145107 0.935934 0.000000
v -2.646322 0.935934 0.000000
v -4.145107 0.890126 0.289219
v -2.646322 0.890126 0.289219
v -4.145107 0.757187 0.550128
v -2.646322 0.757187 0.550128
v -4.145107 0.550128 0.757186
v -2.646322 0.550128 0.757186
v -4.145107 0.289219 0.890126
v -2.646322 0.289219 0.890126
v -4.145107 0.000000 0.935934
v -2.646322 0.000000 0.935934
v -4.145106 -0.289219 0.890126
v -2.646322 -0.289219 0.890126
v -4.145107 -0.550128 0.757186
v -2.646322 -0.550128 0.757186
v -4.145107 -0.757186 0.550128
v -2.646322 -0.757186 0.550128
v -4.145107 -0.890126 0.289219
v -2.646322 -0.890126 0.289219
v -4.145107 -0.935934 0.000000
v -2.646322 -0.935934 0.000000
v -4.145107 0.000000 0.000000
v -2.646322 0.000000 0.000000
v -2.931637 -0.592943 -0.192659
v -2.931637 -0.504387 -0.366459
v -1.684724 -0.504387 -0.366459
v -1.684724 -0.592943 -0.192659
v -2.931637 -0.366459 -0.504387
v -1.684724 -0.366459 -0.504387
v -2.931637 -0.192659 -0.592943
v -1.684724 -0.192659 -0.592943
v -2.931637 0.000000 -0.623457
v -1.684724 0.000000 -0.623457
v -2.931637 0.192659 -0.592943
v -1.684724 0.192659 -0.592943
v -2.931637 0.366459 -0.504387
v -1.684724 0.366459 -0.504387
v -2.931637 0.504387 -0.366459
v -1.684724 0.504387 -0.366459
v -2.931637 0.592942 -0.192659
v -1.684724 0.592942 -0.192659
v -2.931637 0.623457 0.000000
v -1.684724 0.623457 0.000000
v -2.931637 0.592942 0.192659
v -1.684724 0.592942 0.192659
v -2.931637 0.504387 0.366459
v -1.684724 0.504387 0.366459
v -2.931637 0.366459 0.504387
v -1.684724 0.366459 0.504387
v -2.931637 0.192659 0.592942
v -1.684724 0.192659 0.592942
v -2.931637 0.000000 0.623457
v -1.684724 0.000000 0.623457
v -2.931637 -0.192659 0.592942
v -1.684724 -0.192659 0.592942
v -2.931637 -0.366459 0.504387
v -1.684724 -0.366459 0.504387
v -2.931637 -0.504387 0.366459
v -1.684724 -0.504387 0.366459
v -2.931637 -0.592942 0.192659
v -1.684724 -0.592942 0.192659
v -2.931637 -0.623456 0.000000
v -1.684724 -0.623456 0.000000
v -2.931637 0.000000 0.000000
v -1.684724 0.000000 0.000000
v 0.148778 -0.987688 -0.048341
v 0.126558 -0.987688 -0.091950
v 0.250000 -0.951057 -0.181636
v 0.293893 -0.951057 -0.095492
v 0.091950 -0.987688 -0.126558
v 0.181636 -0.951057 -0.250000
v 0.048341 -0.987688 -0.148778
v 0.095492 -0.951057 -0.293893
v 0.000000 -0.987688 -0.156435
v 0.000000 -0.951057 -0.309017
v -0.048341 -0.987688 -0.148778
v -0.095492 -0.951057 -0.293893
v -0.091950 -0.987688 -0.126558
v -0.181636 -0.951057 -0.250000
v -0.126558 -0.987688 -0.091950
v -0.250000 -0.951057 -0.181636
v -0.148778 -0.987688 -0.048341
v -0.293893 -0.951057 -0.095492
v -0.156435 -0.987688 0.000000
v -0.309017 -0.951057 0.000000
v -0.148778 -0.987688 0.048341
v -0.293893 -0.951057 0.095492
v -0.126558 -0.987688 0.091950
v -0.250000 -0.951057 0.181636
v -0.091950 -0.987688 0.126558
v -0.181636 -0.951057 0.250000
v -0.048341 -0.987688 0.148778
v -0.095492 -0.951057 0.293893
v -0.000000 -0.987688 0.156434
v -0.000000 -0.951057 0.309017
v 0.048341 -0.987688 0.148778
v 0.095491 -0.951057 0.293893
v 0.091950 -0.987688 0.126558
v 0.181636 -0.951057 0.250000
v 0.126558 -0.987688 0.091950
v 0.250000 -0.951057 0.181636
v 0.148778 -0.987688 0.048341
v 0.293893 -0.951057 0.095492
v 0.156434 -0.987688 0.000000
v 0.309017 -0.951057 0.000000
v 0.367286 -0.891007 -0.266849
v 0.431771 -0.891007 -0.140291
v 0.266849 -0.891007 -0.367286
v 0.140291 -0.891007 -0.431771
v 0.000000 -0.891007 -0.453991
v -0.140291 -0.891007 -0.431771
v -0.266849 -0.891007 -0.367286
v -0.367286 -0.891007 -0.266849
v -0.431771 -0.891007 -0.140291
v -0.453991 -0.891007 0.000000
v -0.431771 -0.891007 0.140291
v -0.367286 -0.891007 0.266849
v -0.266849 -0.891007 0.367286
v -0.140291 -0.891007 0.431771
v -0.000000 -0.891007 0.453991
v 0.140291 -0.891007 0.431771
v 0.266849 -0.891007 0.367286
v 0.367286 -0.891007 0.266849
v 0.431771 -0.891007 0.140291
v 0.453991 -0.891007 0.000000
v 0.475529 -0.809017 -0.345492
v 0.559017 -0.809017 -0.181636
v 0.345492 -0.809017 -0.475529
v 0.181636 -0.809017 -0.559017
v 0.000000 -0.809017 -0.587786
v -0.181636 -0.809017 -0.559017
v -0.345492 -0.809017 -0.475528
v -0.475528 -0.809017 -0.345492
v -0.559017 -0.809017 -0.181636
v -0.587785 -0.809017 0.000000
v -0.559017 -0.809017 0.181636
v -0.475528 -0.809017 0.345492
v -0.345492 -0.809017 0.475528
v -0.181636 -0.809017 0.559017
v -0.000000 -0.809017 0.587785
v 0.181636 -0.809017 0.559017
v 0.345491 -0.809017 0.475528
v 0.475528 -0.809017 0.345492
v 0.559017 -0.809017 0.181636
v 0.587785 -0.809017 0.000000
v 0.572062 -0.707107 -0.415627
v 0.672499 -0.707107 -0.218508
v 0.415627 -0.707107 -0.572062
v 0.218508 -0.707107 -0.672499
v 0.000000 -0.707107 -0.707107
v -0.218508 -0.707107 -0.672499
v -0.415627 -0.707107 -0.572062
v -0.572062 -0.707107 -0.415627
v -0.672499 -0.707107 -0.218508
v -0.707107 -0.707107 0.000000
v -0.672499 -0.707107 0.218508
v -0.572062 -0.707107 0.415627
v -0.415627 -0.707107 0.572061
v -0.218508 -0.707107 0.672499
v -0.000000 -0.707107 0.707107
v 0.218508 -0.707107 0.672499
v 0.415627 -0.707107 0.572061
v 0.572061 -0.707107 0.415627
v 0.672499 -0.707107 0.218508
v 0.707107 -0.707107 0.000000
v 0.654509 -0.587785 -0.475529
v 0.769421 -0.587785 -0.250000
v 0.475529 -0.587785 -0.654509
v 0.250000 -0.587785 -0.769421
v 0.000000 -0.587785 -0.809017
v -0.250000 -0.587785 -0.769421
v -0.475528 -0.587785 -0.654509
v -0.654509 -0.587785 -0.475528
v -0.769421 -0.587785 -0.250000
v -0.809017 -0.587785 0.000000
v -0.769421 -0.587785 0.250000
v -0.654509 -0.587785 0.475528
v -0.475528 -0.587785 0.654509
v -0.250000 -0.587785 0.769421
v -0.000000 -0.587785 0.809017
v 0.250000 -0.587785 0.769421
v 0.475528 -0.587785 0.654509
v 0.654509 -0.587785 0.475528
v 0.769421 -0.587785 0.250000
v 0.809017 -0.587785 0.000000
v 0.720840 -0.453991 -0.523721
v 0.847398 -0.453991 -0.275336
v 0.523721 -0.453991 -0.720840
v 0.275336 -0.453991 -0.847398
v 0.000000 -0.453991 -0.891007
v -0.275336 -0.453991 -0.847398
v -0.523721 -0.453991 -0.720840
v -0.720840 -0.453991 -0.523721
v -0.847398 -0.453991 -0.275336
v -0.891007 -0.453991 0.000000
v -0.847398 -0.453991 0.275336
v -0.720840 -0.453991 0.523721
v -0.523721 -0.453991 0.720840
v -0.275336 -0.453991 0.847398
v -0.000000 -0.453991 0.891007
v 0.275336 -0.453991 0.847398
v 0.523721 -0.453991 0.720840
v 0.720839 -0.453991 0.523721
v 0.847398 -0.453991 0.275336
v 0.891007 -0.453991 0.000000
v 0.769421 -0.309017 -0.559017
v 0.904509 -0.309017 -0.293893
v 0.559017 -0.309017 -0.769421
v 0.293893 -0.309017 -0.904509
v 0.000000 -0.309017 -0.951057
v -0.293893 -0.309017 -0.904509
v -0.559017 -0.309017 -0.769421
v -0.769421 -0.309017 -0.559017
v -0.904509 -0.309017 -0.293893
v -0.951057 -0.309017 0.000000
v -0.904509 -0.309017 0.293893
v -0.769421 -0.309017 0.559017
v -0.559017 -0.309017 0.769421
v -0.293893 -0.309017 0.904509
v -0.000000 -0.309017 0.951057
v 0.293893 -0.309017 0.904509
v 0.559017 -0.309017 0.769421
v 0.769421 -0.309017 0.559017
v 0.904509 -0.309017 0.293893
v 0.951057 -0.309017 0.000000
v 0.799057 -0.156434 -0.580549
v 0.939348 -0.156434 -0.305213
v 0.580549 -0.156434 -0.799057
v 0.305213 -0.156434 -0.939348
v 0.000000 -0.156434 -0.987689
v -0.305213 -0.156434 -0.939348
v -0.580549 -0.156434 -0.799057
v -0.799057 -0.156434 -0.580549
v -0.939348 -0.156434 -0.305213
v -0.987689 -0.156434 0.000000
v -0.939348 -0.156434 0.305213
v -0.799057 -0.156434 0.580549
v -0.580549 -0.156434 0.799057
v -0.305213 -0.156434 0.939348
v -0.000000 -0.156434 0.987688
v 0.305212 -0.156434 0.939348
v 0.580549 -0.156434 0.799057
v 0.799057 -0.156434 0.580549
v 0.939348 -0.156434 0.305212
v 0.987688 -0.156434 0.000000
v 0.809018 0.000000 -0.587786
v 0.951057 0.000000 -0.309017
v 0.587786 0.000000 -0.809017
v 0.309017 0.000000 -0.951057
v 0.000000 0.000000 -1.000000
v -0.309017 0.000000 -0.951057
v -0.587785 0.000000 -0.809017
v -0.809017 0.000000 -0.587785
v -0.951057 0.000000 -0.309017
v -1.000000 0.000000 0.000000
v -0.951057 0.000000 0.309017
v -0.809017 0.000000 0.587785
v -0.587785 0.000000 0.809017
v -0.309017 0.000000 0.951057
v -0.000000 0.000000 1.000000
v 0.309017 0.000000 0.951057
v 0.587785 0.000000 0.809017
v 0.809017 0.000000 0.587785
v 0.951057 0.000000 0.309017
v 1.000000 0.000000 0.000000
v 0.799057 0.156434 -0.580549
v 0.939348 0.156434 -0.305213
v 0.580549 0.156434 -0.799057
v 0.305213 0.156434 -0.939348
v 0.000000 0.156434 -0.987689
v -0.305213 0.156434 -0.939348
v -0.580549 0.156434 -0.799057
v -0.799057 0.156434 -0.580549
v -0.939348 0.156434 -0.305213
v -0.987689 0.156434 0.000000
v -0.939348 0.156434 0.305213
v -0.799057 0.156434 0.580549
v -0.580549 0.156434 0.799057
v -0.305213 0.156434 0.939348
v -0.000000 0.156434 0.987688
v 0.305212 0.156434 0.939348
v 0.580549 0.156434 0.799057
v 0.799057 0.156434 0.580549
v 0.939348 0.156434 0.305212
v 0.987688 0.156434 0.000000
v 0.769421 0.309017 -0.559017
v 0.904509 0.309017 -0.293893
v 0.559017 0.309017 -0.769421
v 0.293893 0.309017 -0.904509
v 0.000000 0.309017 -0.951057
v -0.293893 0.309017 -0.904509
v -0.559017 0.309017 -0.769421
v -0.769421 0.309017 -0.559017
v -0.904509 0.309017 -0.293893
v -0.951057 0.309017 0.000000
v -0.904509 0.309017 0.293893
v -0.769421 0.309017 0.559017
v -0.559017 0.309017 0.769421
v -0.293893 0.309017 0.904509
v -0.000000 0.309017 0.951057
v 0.293893 0.309017 0.904509
v 0.559017 0.309017 0.769421
v 0.769421 0.309017 0.559017
v 0.904509 0.309017 0.293893
v 0.951057 0.309017 0.000000
v 0.720840 0.453991 -0.523721
v 0.847398 0.453991 -0.275336
v 0.523721 0.453991 -0.720840
v 0.275336 0.453991 -0.847398
v 0.000000 0.453991 -0.891007
v -0.275336 0.453991 -0.847398
v -0.523721 0.453991 -0.720840
v -0.720840 0.453991 -0.523721
v -0.847398 0.453991 -0.275336
v -0.891007 0.453991 0.000000
v -0.847398 0.453991 0.275336
v -0.720840 0.453991 0.523721
v -0.523721 0.453991 0.720840
v -0.275336 0.453991 0.847398
v -0.000000 0.453991 0.891007
v 0.275336 0.453991 0.847398
v 0.523721 0.453991 0.720840
v 0.720839 0.453991 0.523721
v 0.847398 0.453991 0.275336
v 0.891007 0.453991 0.000000
v 0.654509 0.587785 -0.475529
v 0.769421 0.587785 -0.250000
v 0.475529 0.587785 -0.654509
v 0.250000 0.587785 -0.769421
v 0.000000 0.587785 -0.809017
v -0.250000 0.587785 -0.769421
v -0.475528 0.587785 -0.654509
v -0.654509 0.587785 -0.475528
v -0.769421 0.587785 -0.250000
v -0.809017 0.587785 0.000000
v -0.769421 0.587785 0.250000
v -0.654509 0.587785 0.475528
v -0.475528 0.587785 0.654509
v -0.250000 0.587785 0.769421
v -0.000000 0.587785 0.809017
v 0.250000 0.587785 0.769421
v 0.475528 0.587785 0.654509
v 0.654509 0.587785 0.475528
v 0.769421 0.587785 0.250000
v 0.809017 0.587785 0.000000
v 0.572062 0.707107 -0.415627
v 0.672499 0.707107 -0.218508
v 0.415627 0.707107 -0.572062
v 0.218508 0.707107 -0.672499
v 0.000000 0.707107 -0.707107
v -0.218508 0.707107 -0.672499
v -0.415627 0.707107 -0.572062
v -0.572062 0.707107 -0.415627
v -0.672499 0.707107 -0.218508
v -0.707107 0.707107 0.000000
v -0.672499 0.707107 0.218508
v -0.572062 0.707107 0.415627
v -0.415627 0.707107 0.572061
v -0.218508 0.707107 0.672499
v -0.000000 0.707107 0.707107
v 0.218508 0.707107 0.672499
v 0.415627 0.707107 0.572061
v 0.572061 0.707107 0.415627
v 0.672499 0.707107 0.218508
v 0.707107 0.707107 0.000000
v 0.475529 0.809017 -0.345492
v 0.559017 0.809017 -0.181636
v 0.345492 0.809017 -0.475529
v 0.181636 0.809017 -0.559017
v 0.000000 0.809017 -0.587786
v -0.181636 0.809017 -0.559017
v -0.345492 0.809017 -0.475528
v -0.475528 0.809017 -0.345492
v -0.559017 0.809017 -0.181636
v -0.587785 0.809017 0.000000
v -0.559017 0.809017 0.181636
v -0.475528 0.809017 0.345492
v -0.345492 0.809017 0.475528
v -0.181636 0.809017 0.559017
v -0.000000 0.809017 0.587785
v 0.181636 0.809017 0.559017
v 0.345491 0.809017 0.475528
v 0.475528 0.809017 0.345492
v 0.559017 0.809017 0.181636
v 0.587785 0.809017 0.000000
v 0.367286 0.891007 -0.266849
v 0.431771 0.891007 -0.140291
v 0.266849 0.891007 -0.367286
v 0.140291 0.891007 -0.431771
v 0.000000 0.891007 -0.453991
v -0.140291 0.891007 -0.431771
v -0.266849 0.891007 -0.367286
v -0.367286 0.891007 -0.266849
v -0.431771 0.891007 -0.140291
v -0.453991 0.891007 0.000000
v -0.431771 0.891007 0.140291
v -0.367286 0.891007 0.266849
v -0.266849 0.891007 0.367286
v -0.140291 0.891007 0.431771
v -0.000000 0.891007 0.453991
v 0.140291 0.891007 0.431771
v 0.266849 0.891007 0.367286
v 0.367286 0.891007 0.266849
v 0.431771 0.891007 0.140291
v 0.453991 0.891007 0.000000
v 0.250000 0.951057 -0.181636
v 0.293893 0.951057 -0.095492
v 0.181636 0.951057 -0.250000
v 0.095492 0.951057 -0.293893
v 0.000000 0.951057 -0.309017
v -0.095492 0.951057 -0.293893
v -0.181636 0.951057 -0.250000
v -0.250000 0.951057 -0.181636
v -0.293893 0.951057 -0.095492
v -0.309017 0.951057 0.000000
v -0.293893 0.951057 0.095492
v -0.250000 0.951057 0.181636
v -0.181636 0.951057 0.250000
v -0.095492 0.951057 0.293893
v -0.000000 0.951057 0.309017
v 0.095491 0.951057 0.293893
v 0.181636 0.951057 0.250000
v 0.250000 0.951057 0.181636
v 0.293893 0.951057 0.095492
v 0.309017 0.951057 0.000000
v 0.126558 0.987688 -0.091950
v 0.148778 0.987688 -0.048341
v 0.091950 0.987688 -0.126558
v 0.048341 0.987688 -0.148778
v 0.000000 0.987688 -0.156435
v -0.048341 0.987688 -0.148778
v -0.091950 0.987688 -0.126558
v -0.126558 0.987688 -0.091950
v -0.148778 0.987688 -0.048341
v -0.156435 0.987688 0.000000
v -0.148778 0.987688 0.048341
v -0.126558 0.987688 0.091950
v -0.091950 0.987688 0.126558
v -0.048341 0.987688 0.148778
v -0.000000 0.987688 0.156434
v 0.048341 0.987688 0.148778
v 0.091950 0.987688 0.126558
v 0.126558 0.987688 0.091950
v 0.148778 0.987688 0.048341
v 0.156434 0.987688 0.000000
v 0.000000 -1.000000 0.000000
v 0.000000 1.000000 0.000000
vt 0.570471 0.117297
vt 0.621962 0.082432
vt 0.631002 0.100174
vt 0.384336 0.327384
vt 0.384336 0.673556
vt 0.378164 0.673556
vt 0.378164 0.327384
vt 0.621836 0.673556
vt 0.615663 0.673556
vt 0.615663 0.327384
vt 0.621836 0.327384
vt 0.641764 0.143376
vt 0.578117 0.140831
vt 0.638649 0.123709
vt 0.555926 0.097277
vt 0.593336 0.048332
vt 0.607417 0.062413
vt 0.396836 0.327384
vt 0.396836 0.673556
vt 0.390664 0.673556
vt 0.390664 0.327384
vt 0.535907 0.082733
vt 0.555574 0.024747
vt 0.573317 0.033787
vt 0.409336 0.327384
vt 0.409336 0.673556
vt 0.403164 0.673556
vt 0.403164 0.327384
vt 0.512373 0.075086
vt 0.512373 0.013985
vt 0.532040 0.017100
vt 0.421836 0.327384
vt 0.421836 0.673556
vt 0.415664 0.673556
vt 0.415664 0.327384
vt 0.487627 0.075086
vt 0.467960 0.017100
vt 0.487627 0.013985
vt 0.434336 0.327384
vt 0.434336 0.673556
vt 0.428164 0.673556
vt 0.428164 0.327384
vt 0.464093 0.082733
vt 0.426683 0.033787
vt 0.444426 0.024747
vt 0.446836 0.327384
vt 0.446836 0.673556
vt 0.440664 0.673556
vt 0.440664 0.327384
vt 0.444074 0.097277
vt 0.392583 0.062413
vt 0.406664 0.048332
vt 0.459336 0.327384
vt 0.459336 0.673556
vt 0.453164 0.673556
vt 0.453164 0.327384
vt 0.429530 0.117297
vt 0.368998 0.100175
vt 0.378038 0.082432
vt 0.471836 0.327384
vt 0.471836 0.673556
vt 0.465664 0.673556
vt 0.465664 0.327384
vt 0.421883 0.140831
vt 0.358236 0.143376
vt 0.361352 0.123709
vt 0.484336 0.327384
vt 0.484336 0.673556
vt 0.478164 0.673556
vt 0.478164 0.327384
vt 0.421883 0.165576
vt 0.361352 0.187789
vt 0.358236 0.168121
vt 0.496836 0.327384
vt 0.496836 0.673556
vt 0.490664 0.673556
vt 0.490664 0.327384
vt 0.429529 0.189110
vt 0.378038 0.229066
vt 0.368998 0.211323
vt 0.509336 0.327384
vt 0.509336 0.673556
vt 0.503164 0.673556
vt 0.503164 0.327384
vt 0.444074 0.209129
vt 0.406664 0.263166
vt 0.392583 0.249085
vt 0.521836 0.327384
vt 0.521836 0.673556
vt 0.515664 0.673556
vt 0.515664 0.327384
vt 0.464093 0.223674
vt 0.444426 0.286751
vt 0.426683 0.277710
vt 0.534336 0.327384
vt 0.534336 0.673556
vt 0.528163 0.673556
vt 0.528163 0.327384
vt 0.487627 0.231320
vt 0.487627 0.297513
vt 0.467960 0.294397
vt 0.546836 0.327384
vt 0.546836 0.673556
vt 0.540663 0.673556
vt 0.540663 0.327384
vt 0.512373 0.231320
vt 0.532040 0.294398
vt 0.512373 0.297513
vt 0.559336 0.327384
vt 0.559336 0.673556
vt 0.553163 0.673556
vt 0.553163 0.327384
vt 0.535906 0.223674
vt 0.573317 0.277710
vt 0.555574 0.286751
vt 0.571836 0.327384
vt 0.571836 0.673556
vt 0.565663 0.673556
vt 0.565663 0.327384
vt 0.555926 0.209129
vt 0.607417 0.249085
vt 0.593336 0.263166
vt 0.584336 0.327384
vt 0.584336 0.673556
vt 0.578163 0.673556
vt 0.578163 0.327384
vt 0.570471 0.189110
vt 0.631002 0.211323
vt 0.621962 0.229066
vt 0.596836 0.327384
vt 0.596836 0.673556
vt 0.590663 0.673556
vt 0.590663 0.327384
vt 0.578117 0.165576
vt 0.641764 0.168121
vt 0.638649 0.187789
vt 0.609336 0.327384
vt 0.609336 0.673556
vt 0.603163 0.673556
vt 0.603163 0.327384
vt 0.578117 0.853076
vt 0.641764 0.855621
vt 0.638649 0.875289
vt 0.621962 0.916566
vt 0.570470 0.876610
vt 0.631002 0.898823
vt 0.593336 0.950666
vt 0.555926 0.896629
vt 0.607417 0.936585
vt 0.555574 0.974251
vt 0.535907 0.911174
vt 0.573317 0.965211
vt 0.512373 0.985012
vt 0.512373 0.918820
vt 0.532040 0.981897
vt 0.467960 0.981897
vt 0.487627 0.918820
vt 0.487627 0.985013
vt 0.426683 0.965211
vt 0.464094 0.911174
vt 0.444426 0.974251
vt 0.392583 0.936585
vt 0.444074 0.896629
vt 0.406664 0.950666
vt 0.368998 0.898823
vt 0.429530 0.876610
vt 0.378038 0.916566
vt 0.358236 0.855621
vt 0.421883 0.853076
vt 0.361352 0.875289
vt 0.361352 0.811209
vt 0.421883 0.828331
vt 0.358236 0.830876
vt 0.378038 0.769932
vt 0.429529 0.804797
vt 0.368998 0.787675
vt 0.406664 0.735832
vt 0.444074 0.784777
vt 0.392583 0.749913
vt 0.444426 0.712247
vt 0.464093 0.770232
vt 0.426683 0.721287
vt 0.487627 0.701485
vt 0.487627 0.762586
vt 0.467960 0.704600
vt 0.532040 0.704600
vt 0.512373 0.762586
vt 0.512373 0.701485
vt 0.573317 0.721287
vt 0.535907 0.770232
vt 0.555574 0.712247
vt 0.607417 0.749913
vt 0.555926 0.784777
vt 0.593336 0.735832
vt 0.631002 0.787675
vt 0.570471 0.804797
vt 0.621962 0.769932
vt 0.641764 0.830876
vt 0.578117 0.828331
vt 0.638649 0.811209
vt 0.635751 0.111601
vt 0.565745 0.131403
vt 0.378331 0.316815
vt 0.384169 0.316815
vt 0.639431 0.097869
vt 0.629067 0.077529
vt 0.624961 0.327384
vt 0.624961 0.673556
vt 0.375039 0.327384
vt 0.375039 0.673556
vt 0.647031 0.121258
vt 0.650602 0.143805
vt 0.621668 0.316815
vt 0.615831 0.316815
vt 0.615477 0.071811
vt 0.555926 0.112133
vt 0.390831 0.316815
vt 0.396669 0.316815
vt 0.614612 0.057632
vt 0.598470 0.041490
vt 0.387461 0.327384
vt 0.387461 0.673556
vt 0.387539 0.327384
vt 0.387539 0.673556
vt 0.583899 0.040233
vt 0.540632 0.096839
vt 0.403331 0.316815
vt 0.409168 0.316815
vt 0.578573 0.027035
vt 0.558233 0.016671
vt 0.399961 0.327384
vt 0.399961 0.673556
vt 0.400039 0.327384
vt 0.400039 0.673556
vt 0.544108 0.019958
vt 0.521362 0.087020
vt 0.415831 0.316815
vt 0.421669 0.316815
vt 0.534844 0.009071
vt 0.512296 0.005500
vt 0.412461 0.327384
vt 0.412461 0.673556
vt 0.412539 0.327384
vt 0.412539 0.673556
vt 0.500000 0.012972
vt 0.500000 0.083637
vt 0.428331 0.316815
vt 0.434169 0.316815
vt 0.487704 0.005500
vt 0.465156 0.009071
vt 0.424961 0.327384
vt 0.424961 0.673556
vt 0.425039 0.327384
vt 0.425039 0.673556
vt 0.455892 0.019958
vt 0.478638 0.087020
vt 0.440831 0.316815
vt 0.446668 0.316815
vt 0.441767 0.016671
vt 0.421427 0.027035
vt 0.437461 0.327384
vt 0.437461 0.673556
vt 0.437539 0.327384
vt 0.437539 0.673556
vt 0.416101 0.040233
vt 0.459368 0.096839
vt 0.453331 0.316815
vt 0.459169 0.316815
vt 0.401531 0.041490
vt 0.385388 0.057633
vt 0.449961 0.327384
vt 0.449961 0.673556
vt 0.450039 0.327384
vt 0.450039 0.673556
vt 0.384523 0.071811
vt 0.444074 0.112133
vt 0.465831 0.316815
vt 0.471668 0.316815
vt 0.370933 0.077529
vt 0.360569 0.097869
vt 0.462461 0.327384
vt 0.462461 0.673556
vt 0.462539 0.327384
vt 0.462539 0.673556
vt 0.364249 0.111601
vt 0.434255 0.131403
vt 0.478331 0.316815
vt 0.484169 0.316815
vt 0.352970 0.121258
vt 0.349398 0.143805
vt 0.474961 0.327384
vt 0.474961 0.673556
vt 0.475039 0.327384
vt 0.475039 0.673556
vt 0.357263 0.155709
vt 0.430872 0.152765
vt 0.490831 0.316815
vt 0.496668 0.316815
vt 0.349398 0.168398
vt 0.352970 0.190946
vt 0.487461 0.327384
vt 0.487461 0.673556
vt 0.487539 0.327384
vt 0.487539 0.673556
vt 0.364249 0.199818
vt 0.434255 0.174127
vt 0.503331 0.316815
vt 0.509168 0.316815
vt 0.360569 0.214335
vt 0.370933 0.234675
vt 0.499961 0.327384
vt 0.499961 0.673556
vt 0.500039 0.327384
vt 0.500039 0.673556
vt 0.384523 0.239608
vt 0.444074 0.193398
vt 0.515831 0.316815
vt 0.521668 0.316815
vt 0.385388 0.254572
vt 0.401530 0.270714
vt 0.512461 0.327384
vt 0.512461 0.673556
vt 0.512539 0.327384
vt 0.512539 0.673556
vt 0.416101 0.271186
vt 0.459368 0.208691
vt 0.528331 0.316815
vt 0.534168 0.316815
vt 0.421427 0.285169
vt 0.441767 0.295533
vt 0.524961 0.327384
vt 0.524961 0.673556
vt 0.525039 0.327384
vt 0.525039 0.673556
vt 0.455892 0.291461
vt 0.478638 0.218510
vt 0.540831 0.316815
vt 0.546668 0.316815
vt 0.465156 0.303133
vt 0.487704 0.306704
vt 0.537461 0.327384
vt 0.537461 0.673556
vt 0.537539 0.327384
vt 0.537539 0.673556
vt 0.500000 0.298447
vt 0.500000 0.221893
vt 0.553331 0.316815
vt 0.559168 0.316815
vt 0.512296 0.306704
vt 0.534844 0.303133
vt 0.549961 0.327384
vt 0.549961 0.673556
vt 0.550039 0.327384
vt 0.550039 0.673556
vt 0.544108 0.291461
vt 0.521362 0.218510
vt 0.565831 0.316815
vt 0.571668 0.316815
vt 0.558233 0.295533
vt 0.578573 0.285169
vt 0.562461 0.327384
vt 0.562461 0.673556
vt 0.562539 0.327384
vt 0.562539 0.673556
vt 0.583899 0.271187
vt 0.540632 0.208691
vt 0.578331 0.316815
vt 0.584168 0.316815
vt 0.598470 0.270714
vt 0.614612 0.254572
vt 0.574961 0.327384
vt 0.574961 0.673556
vt 0.575039 0.327384
vt 0.575039 0.673556
vt 0.615477 0.239608
vt 0.555926 0.193398
vt 0.590831 0.316815
vt 0.596668 0.316815
vt 0.629067 0.234675
vt 0.639431 0.214335
vt 0.587461 0.327384
vt 0.587461 0.673556
vt 0.587539 0.327384
vt 0.587539 0.673556
vt 0.635751 0.199818
vt 0.565745 0.174127
vt 0.603331 0.316815
vt 0.609168 0.316815
vt 0.647031 0.190946
vt 0.650602 0.168398
vt 0.599961 0.327384
vt 0.599961 0.673556
vt 0.600039 0.327384
vt 0.600039 0.673556
vt 0.642737 0.155709
vt 0.569128 0.152765
vt 0.612461 0.327384
vt 0.612461 0.673556
vt 0.612539 0.327384
vt 0.612539 0.673556
vt 0.635751 0.887318
vt 0.565745 0.861627
vt 0.621668 0.684125
vt 0.615831 0.684125
vt 0.647031 0.878446
vt 0.650602 0.855898
vt 0.639431 0.901835
vt 0.629067 0.922175
vt 0.378331 0.684125
vt 0.384169 0.684125
vt 0.615477 0.927108
vt 0.555926 0.880897
vt 0.614612 0.942071
vt 0.598469 0.958214
vt 0.390831 0.684125
vt 0.396669 0.684125
vt 0.583899 0.958686
vt 0.540632 0.896191
vt 0.578573 0.972669
vt 0.558233 0.983033
vt 0.403331 0.684125
vt 0.409169 0.684125
vt 0.544108 0.978961
vt 0.521362 0.906010
vt 0.534844 0.990633
vt 0.512296 0.994204
vt 0.415831 0.684125
vt 0.421669 0.684125
vt 0.500000 0.985947
vt 0.500000 0.909393
vt 0.487704 0.994204
vt 0.465156 0.990633
vt 0.428331 0.684125
vt 0.434169 0.684125
vt 0.455892 0.978961
vt 0.478638 0.906010
vt 0.441767 0.983033
vt 0.421427 0.972669
vt 0.440831 0.684125
vt 0.446669 0.684125
vt 0.416101 0.958686
vt 0.459368 0.896191
vt 0.401531 0.958214
vt 0.385388 0.942071
vt 0.453331 0.684125
vt 0.459168 0.684125
vt 0.384523 0.927108
vt 0.444074 0.880898
vt 0.370933 0.922175
vt 0.360569 0.901835
vt 0.465831 0.684125
vt 0.471669 0.684125
vt 0.364249 0.887318
vt 0.434255 0.861627
vt 0.352970 0.878446
vt 0.349398 0.855898
vt 0.478331 0.684125
vt 0.484168 0.684125
vt 0.357263 0.843210
vt 0.430872 0.840265
vt 0.349398 0.831305
vt 0.352970 0.808758
vt 0.490831 0.684125
vt 0.496668 0.684125
vt 0.364249 0.799101
vt 0.434255 0.818903
vt 0.360569 0.785369
vt 0.370933 0.765029
vt 0.503331 0.684125
vt 0.509168 0.684125
vt 0.384523 0.759311
vt 0.444074 0.799633
vt 0.385388 0.745132
vt 0.401530 0.728990
vt 0.515831 0.684125
vt 0.521668 0.684125
vt 0.416101 0.727733
vt 0.459368 0.784339
vt 0.421427 0.714535
vt 0.441767 0.704171
vt 0.528331 0.684125
vt 0.534168 0.684125
vt 0.455892 0.707458
vt 0.478638 0.774520
vt 0.465156 0.696571
vt 0.487703 0.693000
vt 0.540831 0.684125
vt 0.546668 0.684125
vt 0.500000 0.700472
vt 0.500000 0.771137
vt 0.512297 0.693000
vt 0.534844 0.696571
vt 0.553331 0.684125
vt 0.559168 0.684125
vt 0.544108 0.707458
vt 0.521362 0.774520
vt 0.558233 0.704171
vt 0.578573 0.714535
vt 0.565831 0.684125
vt 0.571668 0.684125
vt 0.583899 0.727732
vt 0.540632 0.784339
vt 0.598470 0.728990
vt 0.614612 0.745132
vt 0.578331 0.684125
vt 0.584168 0.684125
vt 0.615477 0.759310
vt 0.555926 0.799633
vt 0.629067 0.765029
vt 0.639431 0.785369
vt 0.590831 0.684125
vt 0.596668 0.684125
vt 0.635751 0.799101
vt 0.565745 0.818903
vt 0.647031 0.808758
vt 0.650602 0.831305
vt 0.603331 0.684125
vt 0.609168 0.684125
vt 0.642737 0.843210
vt 0.569128 0.840265
vt 0.644151 0.109225
vt 0.375187 0.316817
vt 0.624813 0.316817
vt 0.622622 0.066973
vt 0.387687 0.316817
vt 0.387313 0.316817
vt 0.589090 0.033441
vt 0.400187 0.316817
vt 0.399813 0.316817
vt 0.546838 0.011912
vt 0.412687 0.316817
vt 0.412313 0.316817
vt 0.500000 0.004493
vt 0.425187 0.316817
vt 0.424813 0.316817
vt 0.453162 0.011912
vt 0.437687 0.316817
vt 0.437313 0.316817
vt 0.410910 0.033441
vt 0.450187 0.316817
vt 0.449813 0.316817
vt 0.377378 0.066973
vt 0.462687 0.316817
vt 0.462313 0.316817
vt 0.355849 0.109225
vt 0.475187 0.316817
vt 0.474813 0.316817
vt 0.348431 0.156063
vt 0.487687 0.316817
vt 0.487313 0.316817
vt 0.355849 0.202900
vt 0.500187 0.316817
vt 0.499813 0.316817
vt 0.377378 0.245153
vt 0.512687 0.316817
vt 0.512313 0.316817
vt 0.410910 0.278685
vt 0.525187 0.316817
vt 0.524813 0.316817
vt 0.453162 0.300214
vt 0.537687 0.316817
vt 0.537313 0.316817
vt 0.500000 0.307632
vt 0.550187 0.316817
vt 0.549813 0.316817
vt 0.546837 0.300214
vt 0.562687 0.316817
vt 0.562313 0.316817
vt 0.589090 0.278685
vt 0.575187 0.316817
vt 0.574813 0.316817
vt 0.622622 0.245153
vt 0.587687 0.316817
vt 0.587313 0.316817
vt 0.644151 0.202900
vt 0.600187 0.316817
vt 0.599813 0.316817
vt 0.651569 0.156063
vt 0.612687 0.316817
vt 0.612313 0.316817
vt 0.644151 0.890400
vt 0.624813 0.684123
vt 0.375187 0.684123
vt 0.622622 0.932653
vt 0.387313 0.684123
vt 0.387687 0.684123
vt 0.589090 0.966185
vt 0.399813 0.684123
vt 0.400187 0.684123
vt 0.546838 0.987714
vt 0.412313 0.684123
vt 0.412687 0.684123
vt 0.500000 0.995132
vt 0.424813 0.684123
vt 0.425187 0.684123
vt 0.453162 0.987714
vt 0.437313 0.684123
vt 0.437687 0.684123
vt 0.410910 0.966185
vt 0.449813 0.684123
vt 0.450187 0.684123
vt 0.377378 0.932653
vt 0.462313 0.684123
vt 0.462687 0.684123
vt 0.355849 0.890400
vt 0.474813 0.684123
vt 0.475187 0.684123
vt 0.348431 0.843563
vt 0.487313 0.684123
vt 0.487687 0.684123
vt 0.355849 0.796725
vt 0.499813 0.684123
vt 0.500187 0.684123
vt 0.377378 0.754473
vt 0.512313 0.684123
vt 0.512687 0.684123
vt 0.410910 0.720941
vt 0.524813 0.684123
vt 0.525187 0.684123
vt 0.453162 0.699412
vt 0.537313 0.684123
vt 0.537687 0.684123
vt 0.500000 0.691993
vt 0.549813 0.684123
vt 0.550187 0.684123
vt 0.546838 0.699412
vt 0.562313 0.684123
vt 0.562687 0.684123
vt 0.589090 0.720940
vt 0.574813 0.684123
vt 0.575187 0.684123
vt 0.622622 0.754472
vt 0.587313 0.684123
vt 0.587687 0.684123
vt 0.644151 0.796725
vt 0.599813 0.684123
vt 0.600187 0.684123
vt 0.651569 0.843563
vt 0.612312 0.684123
vt 0.612687 0.684123
vt 0.500000 0.150000
vt 0.500000 0.837500
vt 0.570471 0.117297
vt 0.621962 0.082432
vt 0.631002 0.100174
vt 0.384336 0.327384
vt 0.384336 0.673556
vt 0.378164 0.673556
vt 0.378164 0.327384
vt 0.621836 0.673556
vt 0.615663 0.673556
vt 0.615663 0.327384
vt 0.621836 0.327384
vt 0.641764 0.143376
vt 0.578117 0.140831
vt 0.638649 0.123709
vt 0.555926 0.097277
vt 0.593336 0.048332
vt 0.607417 0.062413
vt 0.396836 0.327384
vt 0.396836 0.673556
vt 0.390664 0.673556
vt 0.390664 0.327384
vt 0.535907 0.082733
vt 0.555574 0.024747
vt 0.573317 0.033787
vt 0.409336 0.327384
vt 0.409336 0.673556
vt 0.403164 0.673556
vt 0.403164 0.327384
vt 0.512373 0.075086
vt 0.512373 0.013985
vt 0.532040 0.017100
vt 0.421836 0.327384
vt 0.421836 0.673556
vt 0.415664 0.673556
vt 0.415664 0.327384
vt 0.487627 0.075086
vt 0.467960 0.017100
vt 0.487627 0.013985
vt 0.434336 0.327384
vt 0.434336 0.673556
vt 0.428164 0.673556
vt 0.428164 0.327384
vt 0.464093 0.082733
vt 0.426683 0.033787
vt 0.444426 0.024747
vt 0.446836 0.327384
vt 0.446836 0.673556
vt 0.440664 0.673556
vt 0.440664 0.327384
vt 0.444074 0.097277
vt 0.392583 0.062413
vt 0.406664 0.048332
vt 0.459336 0.327384
vt 0.459336 0.673556
vt 0.453164 0.673556
vt 0.453164 0.327384
vt 0.429530 0.117297
vt 0.368998 0.100175
vt 0.378038 0.082432
vt 0.471836 0.327384
vt 0.471836 0.673556
vt 0.465664 0.673556
vt 0.465664 0.327384
vt 0.421883 0.140831
vt 0.358236 0.143376
vt 0.361352 0.123709
vt 0.484336 0.327384
vt 0.484336 0.673556
vt 0.478164 0.673556
vt 0.478164 0.327384
vt 0.421883 0.165576
vt 0.361352 0.187789
vt 0.358236 0.168121
vt 0.496836 0.327384
vt 0.496836 0.673556
vt 0.490664 0.673556
vt 0.490664 0.327384
vt 0.429529 0.189110
vt 0.378038 0.229066
vt 0.368998 0.211323
vt 0.509336 0.327384
vt 0.509336 0.673556
vt 0.503164 0.673556
vt 0.503164 0.327384
vt 0.444074 0.209129
vt 0.406664 0.263166
vt 0.392583 0.249085
vt 0.521836 0.327384
vt 0.521836 0.673556
vt 0.515664 0.673556
vt 0.515664 0.327384
vt 0.464093 0.223674
vt 0.444426 0.286751
vt 0.426683 0.277710
vt 0.534336 0.327384
vt 0.534336 0.673556
vt 0.528163 0.673556
vt 0.528163 0.327384
vt 0.487627 0.231320
vt 0.487627 0.297513
vt 0.467960 0.294397
vt 0.546836 0.327384
vt 0.546836 0.673556
vt 0.540663 0.673556
vt 0.540663 0.327384
vt 0.512373 0.231320
vt 0.532040 0.294398
vt 0.512373 0.297513
vt 0.559336 0.327384
vt 0.559336 0.673556
vt 0.553163 0.673556
vt 0.553163 0.327384
vt 0.535906 0.223674
vt 0.573317 0.277710
vt 0.555574 0.286751
vt 0.571836 0.327384
vt 0.571836 0.673556
vt 0.565663 0.673556
vt 0.565663 0.327384
vt 0.555926 0.209129
vt 0.607417 0.249085
vt 0.593336 0.263166
vt 0.584336 0.327384
vt 0.584336 0.673556
vt 0.578163 0.673556
vt 0.578163 0.327384
vt 0.570471 0.189110
vt 0.631002 0.211323
vt 0.621962 0.229066
vt 0.596836 0.327384
vt 0.596836 0.673556
vt 0.590663 0.673556
vt 0.590663 0.327384
vt 0.578117 0.165576
vt 0.641764 0.168121
vt 0.638649 0.187789
vt 0.609336 0.327384
vt 0.609336 0.673556
vt 0.603163 0.673556
vt 0.603163 0.327384
vt 0.578117 0.853076
vt 0.641764 0.855621
vt 0.638649 0.875289
vt 0.621962 0.916566
vt 0.570470 0.876610
vt 0.631002 0.898823
vt 0.593336 0.950666
vt 0.555926 0.896629
vt 0.607417 0.936585
vt 0.555574 0.974251
vt 0.535907 0.911174
vt 0.573317 0.965211
vt 0.512373 0.985012
vt 0.512373 0.918820
vt 0.532040 0.981897
vt 0.467960 0.981897
vt 0.487627 0.918820
vt 0.487627 0.985013
vt 0.426683 0.965211
vt 0.464094 0.911174
vt 0.444426 0.974251
vt 0.392583 0.936585
vt 0.444074 0.896629
vt 0.406664 0.950666
vt 0.368998 0.898823
vt 0.429530 0.876610
vt 0.378038 0.916566
vt 0.358236 0.855621
vt 0.421883 0.853076
vt 0.361352 0.875289
vt 0.361352 0.811209
vt 0.421883 0.828331
vt 0.358236 0.830876
vt 0.378038 0.769932
vt 0.429529 0.804797
vt 0.368998 0.787675
vt 0.406664 0.735832
vt 0.444074 0.784777
vt 0.392583 0.749913
vt 0.444426 0.712247
vt 0.464093 0.770232
vt 0.426683 0.721287
vt 0.487627 0.701485
vt 0.487627 0.762586
vt 0.467960 0.704600
vt 0.532040 0.704600
vt 0.512373 0.762586
vt 0.512373 0.701485
vt 0.573317 0.721287
vt 0.535907 0.770232
vt 0.555574 0.712247
vt 0.607417 0.749913
vt 0.555926 0.784777
vt 0.593336 0.735832
vt 0.631002 0.787675
vt 0.570471 0.804797
vt 0.621962 0.769932
vt 0.641764 0.830876
vt 0.578117 0.828331
vt 0.638649 0.811209
vt 0.635751 0.111601
vt 0.565745 0.131403
vt 0.378331 0.316815
vt 0.384169 0.316815
vt 0.639431 0.097869
vt 0.629067 0.077529
vt 0.624961 0.327384
vt 0.624961 0.673556
vt 0.375039 0.327384
vt 0.375039 0.673556
vt 0.647031 0.121258
vt 0.650602 0.143805
vt 0.621668 0.316815
vt 0.615831 0.316815
vt 0.615477 0.071811
vt 0.555926 0.112133
vt 0.390831 0.316815
vt 0.396669 0.316815
vt 0.614612 0.057632
vt 0.598470 0.041490
vt 0.387461 0.327384
vt 0.387461 0.673556
vt 0.387539 0.327384
vt 0.387539 0.673556
vt 0.583899 0.040233
vt 0.540632 0.096839
vt 0.403331 0.316815
vt 0.409168 0.316815
vt 0.578573 0.027035
vt 0.558233 0.016671
vt 0.399961 0.327384
vt 0.399961 0.673556
vt 0.400039 0.327384
vt 0.400039 0.673556
vt 0.544108 0.019958
vt 0.521362 0.087020
vt 0.415831 0.316815
vt 0.421669 0.316815
vt 0.534844 0.009071
vt 0.512296 0.005500
vt 0.412461 0.327384
vt 0.412461 0.673556
vt 0.412539 0.327384
vt 0.412539 0.673556
vt 0.500000 0.012972
vt 0.500000 0.083637
vt 0.428331 0.316815
vt 0.434169 0.316815
vt 0.487704 0.005500
vt 0.465156 0.009071
vt 0.424961 0.327384
vt 0.424961 0.673556
vt 0.425039 0.327384
vt 0.425039 0.673556
vt 0.455892 0.019958
vt 0.478638 0.087020
vt 0.440831 0.316815
vt 0.446668 0.316815
vt 0.441767 0.016671
vt 0.421427 0.027035
vt 0.437461 0.327384
vt 0.437461 0.673556
vt 0.437539 0.327384
vt 0.437539 0.673556
vt 0.416101 0.040233
vt 0.459368 0.096839
vt 0.453331 0.316815
vt 0.459169 0.316815
vt 0.401531 0.041490
vt 0.385388 0.057633
vt 0.449961 0.327384
vt 0.449961 0.673556
vt 0.450039 0.327384
vt 0.450039 0.673556
vt 0.384523 0.071811
vt 0.444074 0.112133
vt 0.465831 0.316815
vt 0.471668 0.316815
vt 0.370933 0.077529
vt 0.360569 0.097869
vt 0.462461 0.327384
vt 0.462461 0.673556
vt 0.462539 0.327384
vt 0.462539 0.673556
vt 0.364249 0.111601
vt 0.434255 0.131403
vt 0.478331 0.316815
vt 0.484169 0.316815
vt 0.352970 0.121258
vt 0.349398 0.143805
vt 0.474961 0.327384
vt 0.474961 0.673556
vt 0.475039 0.327384
vt 0.475039 0.673556
vt 0.357263 0.155709
vt 0.430872 0.152765
vt 0.490831 0.316815
vt 0.496668 0.316815
vt 0.349398 0.168398
vt 0.352970 0.190946
vt 0.487461 0.327384
vt 0.487461 0.673556
vt 0.487539 0.327384
vt 0.487539 0.673556
vt 0.364249 0.199818
vt 0.434255 0.174127
vt 0.503331 0.316815
vt 0.509168 0.316815
vt 0.360569 0.214335
vt 0.370933 0.234675
vt 0.499961 0.327384
vt 0.499961 0.673556
vt 0.500039 0.327384
vt 0.500039 0.673556
vt 0.384523 0.239608
vt 0.444074 0.193398
vt 0.515831 0.316815
vt 0.521668 0.316815
vt 0.385388 0.254572
vt 0.401530 0.270714
vt 0.512461 0.327384
vt 0.512461 0.673556
vt 0.512539 0.327384
vt 0.512539 0.673556
vt 0.416101 0.271186
vt 0.459368 0.208691
vt 0.528331 0.316815
vt 0.534168 0.316815
vt 0.421427 0.285169
vt 0.441767 0.295533
vt 0.524961 0.327384
vt 0.524961 0.673556
vt 0.525039 0.327384
vt 0.525039 0.673556
vt 0.455892 0.291461
vt 0.478638 0.218510
vt 0.540831 0.316815
vt 0.546668 0.316815
vt 0.465156 0.303133
vt 0.487704 0.306704
vt 0.537461 0.327384
vt 0.537461 0.673556
vt 0.537539 0.327384
vt 0.537539 0.673556
vt 0.500000 0.298447
vt 0.500000 0.221893
vt 0.553331 0.316815
vt 0.559168 0.316815
vt 0.512296 0.306704
vt 0.534844 0.303133
vt 0.549961 0.327384
vt 0.549961 0.673556
vt 0.550039 0.327384
vt 0.550039 0.673556
vt 0.544108 0.291461
vt 0.521362 0.218510
vt 0.565831 0.316815
vt 0.571668 0.316815
vt 0.558233 0.295533
vt 0.578573 0.285169
vt 0.562461 0.327384
vt 0.562461 0.673556
vt 0.562539 0.327384
vt 0.562539 0.673556
vt 0.583899 0.271187
vt 0.540632 0.208691
vt 0.578331 0.316815
vt 0.584168 0.316815
vt 0.598470 0.270714
vt 0.614612 0.254572
vt 0.574961 0.327384
vt 0.574961 0.673556
vt 0.575039 0.327384
vt 0.575039 0.673556
vt 0.615477 0.239608
vt 0.555926 0.193398
vt 0.590831 0.316815
vt 0.596668 0.316815
vt 0.629067 0.234675
vt 0.639431 0.214335
vt 0.587461 0.327384
vt 0.587461 0.673556
vt 0.587539 0.327384
vt 0.587539 0.673556
vt 0.635751 0.199818
vt 0.565745 0.174127
vt 0.603331 0.316815
vt 0.609168 0.316815
vt 0.647031 0.190946
vt 0.650602 0.168398
vt 0.599961 0.327384
vt 0.599961 0.673556
vt 0.600039 0.327384
vt 0.600039 0.673556
vt 0.642737 0.155709
vt 0.569128 0.152765
vt 0.612461 0.327384
vt 0.612461 0.673556
vt 0.612539 0.327384
vt 0.612539 0.673556
vt 0.635751 0.887318
vt 0.565745 0.861627
vt 0.621668 0.684125
vt 0.615831 0.684125
vt 0.647031 0.878446
vt 0.650602 0.855898
vt 0.639431 0.901835
vt 0.629067 0.922175
vt 0.378331 0.684125
vt 0.384169 0.684125
vt 0.615477 0.927108
vt 0.555926 0.880897
vt 0.614612 0.942071
vt 0.598469 0.958214
vt 0.390831 0.684125
vt 0.396669 0.684125
vt 0.583899 0.958686
vt 0.540632 0.896191
vt 0.578573 0.972669
vt 0.558233 0.983033
vt 0.403331 0.684125
vt 0.409169 0.684125
vt 0.544108 0.978961
vt 0.521362 0.906010
vt 0.534844 0.990633
vt 0.512296 0.994204
vt 0.415831 0.684125
vt 0.421669 0.684125
vt 0.500000 0.985947
vt 0.500000 0.909393
vt 0.487704 0.994204
vt 0.465156 0.990633
vt 0.428331 0.684125
vt 0.434169 0.684125
vt 0.455892 0.978961
vt 0.478638 0.906010
vt 0.441767 0.983033
vt 0.421427 0.972669
vt 0.440831 0.684125
vt 0.446669 0.684125
vt 0.416101 0.958686
vt 0.459368 0.896191
vt 0.401531 0.958214
vt 0.385388 0.942071
vt 0.453331 0.684125
vt 0.459168 0.684125
vt 0.384523 0.927108
vt 0.444074 0.880898
vt 0.370933 0.922175
vt 0.360569 0.901835
vt 0.465831 0.684125
vt 0.471669 0.684125
vt 0.364249 0.887318
vt 0.434255 0.861627
vt 0.352970 0.878446
vt 0.349398 0.855898
vt 0.478331 0.684125
vt 0.484168 0.684125
vt 0.357263 0.843210
vt 0.430872 0.840265
vt 0.349398 0.831305
vt 0.352970 0.808758
vt 0.490831 0.684125
vt 0.496668 0.684125
vt 0.364249 0.799101
vt 0.434255 0.818903
vt 0.360569 0.785369
vt 0.370933 0.765029
vt 0.503331 0.684125
vt 0.509168 0.684125
vt 0.384523 0.759311
vt 0.444074 0.799633
vt 0.385388 0.745132
vt 0.401530 0.728990
vt 0.515831 0.684125
vt 0.521668 0.684125
vt 0.416101 0.727733
vt 0.459368 0.784339
vt 0.421427 0.714535
vt 0.441767 0.704171
vt 0.528331 0.684125
vt 0.534168 0.684125
vt 0.455892 0.707458
vt 0.478638 0.774520
vt 0.465156 0.696571
vt 0.487703 0.693000
vt 0.540831 0.684125
vt 0.546668 0.684125
vt 0.500000 0.700472
vt 0.500000 0.771137
vt 0.512297 0.693000
vt 0.534844 0.696571
vt 0.553331 0.684125
vt 0.559168 0.684125
vt 0.544108 0.707458
vt 0.521362 0.774520
vt 0.558233 0.704171
vt 0.578573 0.714535
vt 0.565831 0.684125
vt 0.571668 0.684125
vt 0.583899 0.727732
vt 0.540632 0.784339
vt 0.598470 0.728990
vt 0.614612 0.745132
vt 0.578331 0.684125
vt 0.584168 0.684125
vt 0.615477 0.759310
vt 0.555926 0.799633
vt 0.629067 0.765029
vt 0.639431 0.785369
vt 0.590831 0.684125
vt 0.596668 0.684125
vt 0.635751 0.799101
vt 0.565745 0.818903
vt 0.647031 0.808758
vt 0.650602 0.831305
vt 0.603331 0.684125
vt 0.609168 0.684125
vt 0.642737 0.843210
vt 0.569128 0.840265
vt 0.644151 0.109225
vt 0.375187 0.316817
vt 0.624813 0.316817
vt 0.622622 0.066973
vt 0.387687 0.316817
vt 0.387313 0.316817
vt 0.589090 0.033441
vt 0.400187 0.316817
vt 0.399813 0.316817
vt 0.546838 0.011912
vt 0.412687 0.316817
vt 0.412313 0.316817
vt 0.500000 0.004493
vt 0.425187 0.316817
vt 0.424813 0.316817
vt 0.453162 0.011912
vt 0.437687 0.316817
vt 0.437313 0.316817
vt 0.410910 0.033441
vt 0.450187 0.316817
vt 0.449813 0.316817
vt 0.377378 0.066973
vt 0.462687 0.316817
vt 0.462313 0.316817
vt 0.355849 0.109225
vt 0.475187 0.316817
vt 0.474813 0.316817
vt 0.348431 0.156063
vt 0.487687 0.316817
vt 0.487313 0.316817
vt 0.355849 0.202900
vt 0.500187 0.316817
vt 0.499813 0.316817
vt 0.377378 0.245153
vt 0.512687 0.316817
vt 0.512313 0.316817
vt 0.410910 0.278685
vt 0.525187 0.316817
vt 0.524813 0.316817
vt 0.453162 0.300214
vt 0.537687 0.316817
vt 0.537313 0.316817
vt 0.500000 0.307632
vt 0.550187 0.316817
vt 0.549813 0.316817
vt 0.546837 0.300214
vt 0.562687 0.316817
vt 0.562313 0.316817
vt 0.589090 0.278685
vt 0.575187 0.316817
vt 0.574813 0.316817
vt 0.622622 0.245153
vt 0.587687 0.316817
vt 0.587313 0.316817
vt 0.644151 0.202900
vt 0.600187 0.316817
vt 0.599813 0.316817
vt 0.651569 0.156063
vt 0.612687 0.316817
vt 0.612313 0.316817
vt 0.644151 0.890400
vt 0.624813 0.684123
vt 0.375187 0.684123
vt 0.622622 0.932653
vt 0.387313 0.684123
vt 0.387687 0.684123
vt 0.589090 0.966185
vt 0.399813 0.684123
vt 0.400187 0.684123
vt 0.546838 0.987714
vt 0.412313 0.684123
vt 0.412687 0.684123
vt 0.500000 0.995132
vt 0.424813 0.684123
vt 0.425187 0.684123
vt 0.453162 0.987714
vt 0.437313 0.684123
vt 0.437687 0.684123
vt 0.410910 0.966185
vt 0.449813 0.684123
vt 0.450187 0.684123
vt 0.377378 0.932653
vt 0.462313 0.684123
vt 0.462687 0.684123
vt 0.355849 0.890400
vt 0.474813 0.684123
vt 0.475187 0.684123
vt 0.348431 0.843563
vt 0.487313 0.684123
vt 0.487687 0.684123
vt 0.355849 0.796725
vt 0.499813 0.684123
vt 0.500187 0.684123
vt 0.377378 0.754473
vt 0.512313 0.684123
vt 0.512687 0.684123
vt 0.410910 0.720941
vt 0.524813 0.684123
vt 0.525187 0.684123
vt 0.453162 0.699412
vt 0.537313 0.684123
vt 0.537687 0.684123
vt 0.500000 0.691993
vt 0.549813 0.684123
vt 0.550187 0.684123
vt 0.546838 0.699412
vt 0.562313 0.684123
vt 0.562687 0.684123
vt 0.589090 0.720940
vt 0.574813 0.684123
vt 0.575187 0.684123
vt 0.622622 0.754472
vt 0.587313 0.684123
vt 0.587687 0.684123
vt 0.644151 0.796725
vt 0.599813 0.684123
vt 0.600187 0.684123
vt 0.651569 0.843563
vt 0.612312 0.684123
vt 0.612687 0.684123
vt 0.500000 0.150000
vt 0.500000 0.837500
vt 0.375000 0.000000
vt 0.625000 0.000000
vt 0.625000 0.250000
vt 0.375000 0.250000
vt 0.625000 0.500000
vt 0.375000 0.500000
vt 0.625000 0.750000
vt 0.375000 0.750000
vt 0.625000 1.000000
vt 0.375000 1.000000
vt 0.875000 0.000000
vt 0.875000 0.250000
vt 0.125000 0.000000
vt 0.125000 0.250000
vt 0.375000 0.000000
vt 0.625000 0.000000
vt 0.625000 0.250000
vt 0.375000 0.250000
vt 0.625000 0.500000
vt 0.375000 0.500000
vt 0.625000 0.750000
vt 0.375000 0.750000
vt 0.625000 1.000000
vt 0.375000 1.000000
vt 0.875000 0.000000
vt 0.875000 0.250000
vt 0.125000 0.000000
vt 0.125000 0.250000
vt 0.375000 0.000000
vt 0.625000 0.000000
vt 0.625000 0.250000
vt 0.375000 0.250000
vt 0.625000 0.500000
vt 0.375000 0.500000
vt 0.625000 0.750000
vt 0.375000 0.750000
vt 0.625000 1.000000
vt 0.375000 1.000000
vt 0.875000 0.000000
vt 0.875000 0.250000
vt 0.125000 0.000000
vt 0.125000 0.250000
vt 0.375000 0.000000
vt 0.625000 0.000000
vt 0.625000 0.250000
vt 0.375000 0.250000
vt 0.625000 0.500000
vt 0.375000 0.500000
vt 0.625000 0.750000
vt 0.375000 0.750000
vt 0.625000 1.000000
vt 0.375000 1.000000
vt 0.875000 0.000000
vt 0.875000 0.250000
vt 0.125000 0.000000
vt 0.125000 0.250000
vt 0.375000 0.000000
vt 0.625000 0.000000
vt 0.625000 0.250000
vt 0.375000 0.250000
vt 0.625000 0.500000
vt 0.375000 0.500000
vt 0.625000 0.750000
vt 0.375000 0.750000
vt 0.625000 1.000000
vt 0.375000 1.000000
vt 0.875000 0.000000
vt 0.875000 0.250000
vt 0.125000 0.000000
vt 0.125000 0.250000
vt 0.375000 0.000000
vt 0.625000 0.000000
vt 0.625000 0.250000
vt 0.375000 0.250000
vt 0.625000 0.500000
vt 0.375000 0.500000
vt 0.625000 0.750000
vt 0.375000 0.750000
vt 0.625000 1.000000
vt 0.375000 1.000000
vt 0.875000 0.000000
vt 0.875000 0.250000
vt 0.125000 0.000000
vt 0.125000 0.250000
vt 0.375000 0.000000
vt 0.625000 0.000000
vt 0.625000 0.250000
vt 0.375000 0.250000
vt 0.625000 0.500000
vt 0.375000 0.500000
vt 0.625000 0.750000
vt 0.375000 0.750000
vt 0.625000 1.000000
vt 0.375000 1.000000
vt 0.875000 0.000000
vt 0.875000 0.250000
vt 0.125000 0.000000
vt 0.125000 0.250000
vt 0.375000 0.000000
vt 0.625000 0.000000
vt 0.625000 0.250000
vt 0.375000 0.250000
vt 0.625000 0.500000
vt 0.375000 0.500000
vt 0.625000 0.750000
vt 0.375000 0.750000
vt 0.625000 1.000000
vt 0.375000 1.000000
vt 0.875000 0.000000
vt 0.875000 0.250000
vt 0.125000 0.000000
vt 0.125000 0.250000
vt 0.375000 0.312500
vt 0.387500 0.312500
vt 0.387500 0.688440
vt 0.375000 0.688440
vt 0.400000 0.312500
vt 0.400000 0.688440
vt 0.412500 0.312500
vt 0.412500 0.688440
vt 0.425000 0.312500
vt 0.425000 0.688440
vt 0.437500 0.312500
vt 0.437500 0.688440
vt 0.450000 0.312500
vt 0.450000 0.688440
vt 0.462500 0.312500
vt 0.462500 0.688440
vt 0.475000 0.312500
vt 0.475000 0.688440
vt 0.487500 0.312500
vt 0.487500 0.688440
vt 0.500000 0.312500
vt 0.500000 0.688440
vt 0.512500 0.312500
vt 0.512500 0.688440
vt 0.525000 0.312500
vt 0.525000 0.688440
vt 0.537500 0.312500
vt 0.537500 0.688440
vt 0.550000 0.312500
vt 0.550000 0.688440
vt 0.562500 0.312500
vt 0.562500 0.688440
vt 0.575000 0.312500
vt 0.575000 0.688440
vt 0.587500 0.312500
vt 0.587500 0.688440
vt 0.600000 0.312500
vt 0.600000 0.688440
vt 0.612500 0.312500
vt 0.612500 0.688440
vt 0.625000 0.312500
vt 0.625000 0.688440
vt 0.626409 0.064408
vt 0.648603 0.107966
vt 0.500000 0.150000
vt 0.591842 0.029841
vt 0.548284 0.007647
vt 0.500000 -0.000000
vt 0.451716 0.007647
vt 0.408159 0.029841
vt 0.373591 0.064409
vt 0.351397 0.107966
vt 0.343750 0.156250
vt 0.351397 0.204534
vt 0.373591 0.248091
vt 0.408159 0.282659
vt 0.451716 0.304853
vt 0.500000 0.312500
vt 0.548284 0.304853
vt 0.591841 0.282659
vt 0.626409 0.248091
vt 0.648603 0.204534
vt 0.656250 0.156250
vt 0.648603 0.892034
vt 0.626409 0.935591
vt 0.500000 0.837500
vt 0.591841 0.970159
vt 0.548284 0.992353
vt 0.500000 1.000000
vt 0.451716 0.992353
vt 0.408159 0.970159
vt 0.373591 0.935591
vt 0.351397 0.892034
vt 0.343750 0.843750
vt 0.351397 0.795466
vt 0.373591 0.751909
vt 0.408159 0.717341
vt 0.451716 0.695147
vt 0.500000 0.687500
vt 0.548284 0.695147
vt 0.591842 0.717341
vt 0.626409 0.751908
vt 0.648603 0.795466
vt 0.656250 0.843750
vt 0.375000 0.312500
vt 0.387500 0.312500
vt 0.387500 0.688440
vt 0.375000 0.688440
vt 0.400000 0.312500
vt 0.400000 0.688440
vt 0.412500 0.312500
vt 0.412500 0.688440
vt 0.425000 0.312500
vt 0.425000 0.688440
vt 0.437500 0.312500
vt 0.437500 0.688440
vt 0.450000 0.312500
vt 0.450000 0.688440
vt 0.462500 0.312500
vt 0.462500 0.688440
vt 0.475000 0.312500
vt 0.475000 0.688440
vt 0.487500 0.312500
vt 0.487500 0.688440
vt 0.500000 0.312500
vt 0.500000 0.688440
vt 0.512500 0.312500
vt 0.512500 0.688440
vt 0.525000 0.312500
vt 0.525000 0.688440
vt 0.537500 0.312500
vt 0.537500 0.688440
vt 0.550000 0.312500
vt 0.550000 0.688440
vt 0.562500 0.312500
vt 0.562500 0.688440
vt 0.575000 0.312500
vt 0.575000 0.688440
vt 0.587500 0.312500
vt 0.587500 0.688440
vt 0.600000 0.312500
vt 0.600000 0.688440
vt 0.612500 0.312500
vt 0.612500 0.688440
vt 0.625000 0.312500
vt 0.625000 0.688440
vt 0.626409 0.064408
vt 0.648603 0.107966
vt 0.500000 0.150000
vt 0.591842 0.029841
vt 0.548284 0.007647
vt 0.500000 -0.000000
vt 0.451716 0.007647
vt 0.408159 0.029841
vt 0.373591 0.064409
vt 0.351397 0.107966
vt 0.343750 0.156250
vt 0.351397 0.204534
vt 0.373591 0.248091
vt 0.408159 0.282659
vt 0.451716 0.304853
vt 0.500000 0.312500
vt 0.548284 0.304853
vt 0.591841 0.282659
vt 0.626409 0.248091
vt 0.648603 0.204534
vt 0.656250 0.156250
vt 0.648603 0.892034
vt 0.626409 0.935591
vt 0.500000 0.837500
vt 0.591841 0.970159
vt 0.548284 0.992353
vt 0.500000 1.000000
vt 0.451716 0.992353
vt 0.408159 0.970159
vt 0.373591 0.935591
vt 0.351397 0.892034
vt 0.343750 0.843750
vt 0.351397 0.795466
vt 0.373591 0.751909
vt 0.408159 0.717341
vt 0.451716 0.695147
vt 0.500000 0.687500
vt 0.548284 0.695147
vt 0.591842 0.717341
vt 0.626409 0.751908
vt 0.648603 0.795466
vt 0.656250 0.843750
vt 0.375000 0.312500
vt 0.387500 0.312500
vt 0.387500 0.688440
vt 0.375000 0.688440
vt 0.400000 0.312500
vt 0.400000 0.688440
vt 0.412500 0.312500
vt 0.412500 0.688440
vt 0.425000 0.312500
vt 0.425000 0.688440
vt 0.437500 0.312500
vt 0.437500 0.688440
vt 0.450000 0.312500
vt 0.450000 0.688440
vt 0.462500 0.312500
vt 0.462500 0.688440
vt 0.475000 0.312500
vt 0.475000 0.688440
vt 0.487500 0.312500
vt 0.487500 0.688440
vt 0.500000 0.312500
vt 0.500000 0.688440
vt 0.512500 0.312500
vt 0.512500 0.688440
vt 0.525000 0.312500
vt 0.525000 0.688440
vt 0.537500 0.312500
vt 0.537500 0.688440
vt 0.550000 0.312500
vt 0.550000 0.688440
vt 0.562500 0.312500
vt 0.562500 0.688440
vt 0.575000 0.312500
vt 0.575000 0.688440
vt 0.587500 0.312500
vt 0.587500 0.688440
vt 0.600000 0.312500
vt 0.600000 0.688440
vt 0.612500 0.312500
vt 0.612500 0.688440
vt 0.625000 0.312500
vt 0.625000 0.688440
vt 0.626409 0.064408
vt 0.648603 0.107966
vt 0.500000 0.150000
vt 0.591842 0.029841
vt 0.548284 0.007647
vt 0.500000 -0.000000
vt 0.451716 0.007647
vt 0.408159 0.029841
vt 0.373591 0.064409
vt 0.351397 0.107966
vt 0.343750 0.156250
vt 0.351397 0.204534
vt 0.373591 0.248091
vt 0.408159 0.282659
vt 0.451716 0.304853
vt 0.500000 0.312500
vt 0.548284 0.304853
vt 0.591841 0.282659
vt 0.626409 0.248091
vt 0.648603 0.204534
vt 0.656250 0.156250
vt 0.648603 0.892034
vt 0.626409 0.935591
vt 0.500000 0.837500
vt 0.591841 0.970159
vt 0.548284 0.992353
vt 0.500000 1.000000
vt 0.451716 0.992353
vt 0.408159 0.970159
vt 0.373591 0.935591
vt 0.351397 0.892034
vt 0.343750 0.843750
vt 0.351397 0.795466
vt 0.373591 0.751909
vt 0.408159 0.717341
vt 0.451716 0.695147
vt 0.500000 0.687500
vt 0.548284 0.695147
vt 0.591842 0.717341
vt 0.626409 0.751908
vt 0.648603 0.795466
vt 0.656250 0.843750
vt 0.000000 0.050000
vt 0.050000 0.050000
vt 0.050000 0.100000
vt 0.000000 0.100000
vt 0.100000 0.050000
vt 0.100000 0.100000
vt 0.150000 0.050000
vt 0.150000 0.100000
vt 0.200000 0.050000
vt 0.200000 0.100000
vt 0.250000 0.050000
vt 0.250000 0.100000
vt 0.300000 0.050000
vt 0.300000 0.100000
vt 0.350000 0.050000
vt 0.350000 0.100000
vt 0.400000 0.050000
vt 0.400000 0.100000
vt 0.450000 0.050000
vt 0.450000 0.100000
vt 0.500000 0.050000
vt 0.500000 0.100000
vt 0.550000 0.050000
vt 0.550000 0.100000
vt 0.600000 0.050000
vt 0.600000 0.100000
vt 0.650000 0.050000
vt 0.650000 0.100000
vt 0.700000 0.050000
vt 0.700000 0.100000
vt 0.750000 0.050000
vt 0.750000 0.100000
vt 0.800000 0.050000
vt 0.800000 0.100000
vt 0.850000 0.050000
vt 0.850000 0.100000
vt 0.900000 0.050000
vt 0.900000 0.100000
vt 0.950000 0.050000
vt 0.950000 0.100000
vt 1.000000 0.050000
vt 1.000000 0.100000
vt 0.050000 0.150000
vt 0.000000 0.150000
vt 0.100000 0.150000
vt 0.150000 0.150000
vt 0.200000 0.150000
vt 0.250000 0.150000
vt 0.300000 0.150000
vt 0.350000 0.150000
vt 0.400000 0.150000
vt 0.450000 0.150000
vt 0.500000 0.150000
vt 0.550000 0.150000
vt 0.600000 0.150000
vt 0.650000 0.150000
vt 0.700000 0.150000
vt 0.750000 0.150000
vt 0.800000 0.150000
vt 0.850000 0.150000
vt 0.900000 0.150000
vt 0.950000 0.150000
vt 1.000000 0.150000
vt 0.050000 0.200000
vt 0.000000 0.200000
vt 0.100000 0.200000
vt 0.150000 0.200000
vt 0.200000 0.200000
vt 0.250000 0.200000
vt 0.300000 0.200000
vt 0.350000 0.200000
vt 0.400000 0.200000
vt 0.450000 0.200000
vt 0.500000 0.200000
vt 0.550000 0.200000
vt 0.600000 0.200000
vt 0.650000 0.200000
vt 0.700000 0.200000
vt 0.750000 0.200000
vt 0.800000 0.200000
vt 0.850000 0.200000
vt 0.900000 0.200000
vt 0.950000 0.200000
vt 1.000000 0.200000
vt 0.050000 0.250000
vt 0.000000 0.250000
vt 0.100000 0.250000
vt 0.150000 0.250000
vt 0.200000 0.250000
vt 0.250000 0.250000
vt 0.300000 0.250000
vt 0.350000 0.250000
vt 0.400000 0.250000
vt 0.450000 0.250000
vt 0.500000 0.250000
vt 0.550000 0.250000
vt 0.600000 0.250000
vt 0.650000 0.250000
vt 0.700000 0.250000
vt 0.750000 0.250000
vt 0.800000 0.250000
vt 0.850000 0.250000
vt 0.900000 0.250000
vt 0.950000 0.250000
vt 1.000000 0.250000
vt 0.050000 0.300000
vt 0.000000 0.300000
vt 0.100000 0.300000
vt 0.150000 0.300000
vt 0.200000 0.300000
vt 0.250000 0.300000
vt 0.300000 0.300000
vt 0.350000 0.300000
vt 0.400000 0.300000
vt 0.450000 0.300000
vt 0.500000 0.300000
vt 0.550000 0.300000
vt 0.600000 0.300000
vt 0.650000 0.300000
vt 0.700000 0.300000
vt 0.750000 0.300000
vt 0.800000 0.300000
vt 0.850000 0.300000
vt 0.900000 0.300000
vt 0.950000 0.300000
vt 1.000000 0.300000
vt 0.050000 0.350000
vt 0.000000 0.350000
vt 0.100000 0.350000
vt 0.150000 0.350000
vt 0.200000 0.350000
vt 0.250000 0.350000
vt 0.300000 0.350000
vt 0.350000 0.350000
vt 0.400000 0.350000
vt 0.450000 0.350000
vt 0.500000 0.350000
vt 0.550000 0.350000
vt 0.600000 0.350000
vt 0.650000 0.350000
vt 0.700000 0.350000
vt 0.750000 0.350000
vt 0.800000 0.350000
vt 0.850000 0.350000
vt 0.900000 0.350000
vt 0.950000 0.350000
vt 1.000000 0.350000
vt 0.050000 0.400000
vt 0.000000 0.400000
vt 0.100000 0.400000
vt 0.150000 0.400000
vt 0.200000 0.400000
vt 0.250000 0.400000
vt 0.300000 0.400000
vt 0.350000 0.400000
vt 0.400000 0.400000
vt 0.450000 0.400000
vt 0.500000 0.400000
vt 0.550000 0.400000
vt 0.600000 0.400000
vt 0.650000 0.400000
vt 0.700000 0.400000
vt 0.750000 0.400000
vt 0.800000 0.400000
vt 0.850000 0.400000
vt 0.900000 0.400000
vt 0.950000 0.400000
vt 1.000000 0.400000
vt 0.050000 0.450000
vt 0.000000 0.450000
vt 0.100000 0.450000
vt 0.150000 0.450000
vt 0.200000 0.450000
vt 0.250000 0.450000
vt 0.300000 0.450000
vt 0.350000 0.450000
vt 0.400000 0.450000
vt 0.450000 0.450000
vt 0.500000 0.450000
vt 0.550000 0.450000
vt 0.600000 0.450000
vt 0.650000 0.450000
vt 0.700000 0.450000
vt 0.750000 0.450000
vt 0.800000 0.450000
vt 0.850000 0.450000
vt 0.900000 0.450000
vt 0.950000 0.450000
vt 1.000000 0.450000
vt 0.050000 0.500000
vt 0.000000 0.500000
vt 0.100000 0.500000
vt 0.150000 0.500000
vt 0.200000 0.500000
vt 0.250000 0.500000
vt 0.300000 0.500000
vt 0.350000 0.500000
vt 0.400000 0.500000
vt 0.450000 0.500000
vt 0.500000 0.500000
vt 0.550000 0.500000
vt 0.600000 0.500000
vt 0.650000 0.500000
vt 0.700000 0.500000
vt 0.750000 0.500000
vt 0.800000 0.500000
vt 0.850000 0.500000
vt 0.900000 0.500000
vt 0.950000 0.500000
vt 1.000000 0.500000
vt 0.050000 0.550000
vt 0.000000 0.550000
vt 0.100000 0.550000
vt 0.150000 0.550000
vt 0.200000 0.550000
vt 0.250000 0.550000
vt 0.300000 0.550000
vt 0.350000 0.550000
vt 0.400000 0.550000
vt 0.450000 0.550000
vt 0.500000 0.550000
vt 0.550000 0.550000
vt 0.600000 0.550000
vt 0.650000 0.550000
vt 0.700000 0.550000
vt 0.750000 0.550000
vt 0.800000 0.550000
vt 0.850000 0.550000
vt 0.900000 0.550000
vt 0.950000 0.550000
vt 1.000000 0.550000
vt 0.050000 0.600000
vt 0.000000 0.600000
vt 0.100000 0.600000
vt 0.150000 0.600000
vt 0.200000 0.600000
vt 0.250000 0.600000
vt 0.300000 0.600000
vt 0.350000 0.600000
vt 0.400000 0.600000
vt 0.450000 0.600000
vt 0.500000 0.600000
vt 0.550000 0.600000
vt 0.600000 0.600000
vt 0.650000 0.600000
vt 0.700000 0.600000
vt 0.750000 0.600000
vt 0.800000 0.600000
vt 0.850000 0.600000
vt 0.900000 0.600000
vt 0.950000 0.600000
vt 1.000000 0.600000
vt 0.050000 0.650000
vt 0.000000 0.650000
vt 0.100000 0.650000
vt 0.150000 0.650000
vt 0.200000 0.650000
vt 0.250000 0.650000
vt 0.300000 0.650000
vt 0.350000 0.650000
vt 0.400000 0.650000
vt 0.450000 0.650000
vt 0.500000 0.650000
vt 0.550000 0.650000
vt 0.600000 0.650000
vt 0.650000 0.650000
vt 0.700000 0.650000
vt 0.750000 0.650000
vt 0.800000 0.650000
vt 0.850000 0.650000
vt 0.900000 0.650000
vt 0.950000 0.650000
vt 1.000000 0.650000
vt 0.050000 0.700000
vt 0.000000 0.700000
vt 0.100000 0.700000
vt 0.150000 0.700000
vt 0.200000 0.700000
vt 0.250000 0.700000
vt 0.300000 0.700000
vt 0.350000 0.700000
vt 0.400000 0.700000
vt 0.450000 0.700000
vt 0.500000 0.700000
vt 0.550000 0.700000
vt 0.600000 0.700000
vt 0.650000 0.700000
vt 0.700000 0.700000
vt 0.750000 0.700000
vt 0.800000 0.700000
vt 0.850000 0.700000
vt 0.900000 0.700000
vt 0.950000 0.700000
vt 1.000000 0.700000
vt 0.050000 0.750000
vt 0.000000 0.750000
vt 0.100000 0.750000
vt 0.150000 0.750000
vt 0.200000 0.750000
vt 0.250000 0.750000
vt 0.300000 0.750000
vt 0.350000 0.750000
vt 0.400000 0.750000
vt 0.450000 0.750000
vt 0.500000 0.750000
vt 0.550000 0.750000
vt 0.600000 0.750000
vt 0.650000 0.750000
vt 0.700000 0.750000
vt 0.750000 0.750000
vt 0.800000 0.750000
vt 0.850000 0.750000
vt 0.900000 0.750000
vt 0.950000 0.750000
vt 1.000000 0.750000
vt 0.050000 0.800000
vt 0.000000 0.800000
vt 0.100000 0.800000
vt 0.150000 0.800000
vt 0.200000 0.800000
vt 0.250000 0.800000
vt 0.300000 0.800000
vt 0.350000 0.800000
vt 0.400000 0.800000
vt 0.450000 0.800000
vt 0.500000 0.800000
vt 0.550000 0.800000
vt 0.600000 0.800000
vt 0.650000 0.800000
vt 0.700000 0.800000
vt 0.750000 0.800000
vt 0.800000 0.800000
vt 0.850000 0.800000
vt 0.900000 0.800000
vt 0.950000 0.800000
vt 1.000000 0.800000
vt 0.050000 0.850000
vt 0.000000 0.850000
vt 0.100000 0.850000
vt 0.150000 0.850000
vt 0.200000 0.850000
vt 0.250000 0.850000
vt 0.300000 0.850000
vt 0.350000 0.850000
vt 0.400000 0.850000
vt 0.450000 0.850000
vt 0.500000 0.850000
vt 0.550000 0.850000
vt 0.600000 0.850000
vt 0.650000 0.850000
vt 0.700000 0.850000
vt 0.750000 0.850000
vt 0.800000 0.850000
vt 0.850000 0.850000
vt 0.900000 0.850000
vt 0.950000 0.850000
vt 1.000000 0.850000
vt 0.050000 0.900000
vt 0.000000 0.900000
vt 0.100000 0.900000
vt 0.150000 0.900000
vt 0.200000 0.900000
vt 0.250000 0.900000
vt 0.300000 0.900000
vt 0.350000 0.900000
vt 0.400000 0.900000
vt 0.450000 0.900000
vt 0.500000 0.900000
vt 0.550000 0.900000
vt 0.600000 0.900000
vt 0.650000 0.900000
vt 0.700000 0.900000
vt 0.750000 0.900000
vt 0.800000 0.900000
vt 0.850000 0.900000
vt 0.900000 0.900000
vt 0.950000 0.900000
vt 1.000000 0.900000
vt 0.050000 0.950000
vt 0.000000 0.950000
vt 0.100000 0.950000
vt 0.150000 0.950000
vt 0.200000 0.950000
vt 0.250000 0.950000
vt 0.300000 0.950000
vt 0.350000 0.950000
vt 0.400000 0.950000
vt 0.450000 0.950000
vt 0.500000 0.950000
vt 0.550000 0.950000
vt 0.600000 0.950000
vt 0.650000 0.950000
vt 0.700000 0.950000
vt 0.750000 0.950000
vt 0.800000 0.950000
vt 0.850000 0.950000
vt 0.900000 0.950000
vt 0.950000 0.950000
vt 1.000000 0.950000
vt 0.025000 0.000000
vt 0.075000 0.000000
vt 0.125000 0.000000
vt 0.175000 0.000000
vt 0.225000 0.000000
vt 0.275000 0.000000
vt 0.325000 0.000000
vt 0.375000 0.000000
vt 0.425000 0.000000
vt 0.475000 0.000000
vt 0.525000 0.000000
vt 0.575000 0.000000
vt 0.625000 0.000000
vt 0.675000 0.000000
vt 0.725000 0.000000
vt 0.775000 0.000000
vt 0.825000 0.000000
vt 0.875000 0.000000
vt 0.925000 0.000000
vt 0.975000 0.000000
vt 0.025000 1.000000
vt 0.075000 1.000000
vt 0.125000 1.000000
vt 0.175000 1.000000
vt 0.225000 1.000000
vt 0.275000 1.000000
vt 0.325000 1.000000
vt 0.375000 1.000000
vt 0.425000 1.000000
vt 0.475000 1.000000
vt 0.525000 1.000000
vt 0.575000 1.000000
vt 0.625000 1.000000
vt 0.675000 1.000000
vt 0.725000 1.000000
vt 0.775000 1.000000
vt 0.825000 1.000000
vt 0.875000 1.000000
vt 0.925000 1.000000
vt 0.975000 1.000000
vn -1.000000 0.000000 0.000000
vn -0.981210 -0.168351 -0.094259
vn -0.981210 -0.175211 -0.080795
vn -0.196959 -0.855410 -0.479042
vn 0.196959 -0.855410 -0.479042
vn 0.196960 -0.890350 -0.410467
vn -0.196960 -0.890350 -0.410467
vn 0.196959 -0.961576 -0.191258
vn 0.196959 -0.973615 -0.115242
vn -0.196959 -0.973615 -0.115242
vn -0.196959 -0.961576 -0.191258
vn -0.981210 -0.191602 -0.022697
vn -1.000000 0.000000 0.000000
vn -0.981210 -0.189239 -0.037622
vn -1.000000 -0.000000 0.000000
vn -0.981210 -0.130984 -0.141669
vn -0.981210 -0.141670 -0.130984
vn -0.196960 -0.665510 -0.719932
vn 0.196960 -0.665510 -0.719932
vn 0.196960 -0.719932 -0.665511
vn -0.196960 -0.719932 -0.665511
vn -1.000000 -0.000000 0.000000
vn -0.981210 -0.080795 -0.175211
vn -0.981210 -0.094259 -0.168351
vn -0.196960 -0.410467 -0.890350
vn 0.196960 -0.410467 -0.890350
vn 0.196959 -0.479042 -0.855410
vn -0.196959 -0.479042 -0.855410
vn -1.000000 0.000000 0.000000
vn -0.981210 -0.022697 -0.191603
vn -0.981210 -0.037622 -0.189239
vn -0.196960 -0.115245 -0.973615
vn 0.196960 -0.115245 -0.973615
vn 0.196960 -0.191259 -0.961575
vn -0.196960 -0.191259 -0.961575
vn -1.000000 -0.000000 0.000000
vn -0.981210 0.037622 -0.189239
vn -0.981210 0.022696 -0.191603
vn -0.196960 0.191260 -0.961575
vn 0.196960 0.191260 -0.961575
vn 0.196960 0.115245 -0.973615
vn -0.196960 0.115245 -0.973615
vn -1.000000 0.000000 0.000000
vn -0.981210 0.094259 -0.168351
vn -0.981210 0.080795 -0.175212
vn -0.196960 0.479042 -0.855410
vn 0.196960 0.479042 -0.855410
vn 0.196960 0.410468 -0.890350
vn -0.196960 0.410468 -0.890350
vn -1.000000 -0.000000 0.000000
vn -0.981210 0.141669 -0.130984
vn -0.981210 0.130983 -0.141669
vn -0.196959 0.719932 -0.665511
vn 0.196959 0.719932 -0.665511
vn 0.196959 0.665512 -0.719932
vn -0.196959 0.665512 -0.719932
vn -1.000000 0.000000 0.000000
vn -0.981210 0.175212 -0.080795
vn -0.981210 0.168351 -0.094259
vn -0.196959 0.890351 -0.410467
vn 0.196959 0.890351 -0.410467
vn 0.196960 0.855410 -0.479041
vn -0.196960 0.855410 -0.479041
vn -1.000000 -0.000000 0.000000
vn -0.981210 0.191603 -0.022697
vn -0.981210 0.189239 -0.037622
vn -0.196960 0.973615 -0.115244
vn 0.196959 0.973615 -0.115244
vn 0.196959 0.961575 -0.191260
vn -0.196959 0.961575 -0.191260
vn -1.000000 -0.000000 0.000000
vn -0.981210 0.189239 0.037622
vn -0.981210 0.191603 0.022697
vn -0.196959 0.961575 0.191260
vn 0.196959 0.961575 0.191260
vn 0.196959 0.973615 0.115244
vn -0.196959 0.973615 0.115244
vn -1.000000 0.000000 0.000000
vn -0.981210 0.168351 0.094259
vn -0.981210 0.175212 0.080795
vn -0.196960 0.855410 0.479041
vn 0.196960 0.855410 0.479041
vn 0.196959 0.890350 0.410467
vn -0.196959 0.890351 0.410467
vn -1.000000 0.000000 0.000000
vn -0.981210 0.130984 0.141669
vn -0.981210 0.141669 0.130984
vn -0.196960 0.665511 0.719932
vn 0.196960 0.665511 0.719932
vn 0.196960 0.719931 0.665511
vn -0.196960 0.719931 0.665511
vn -1.000000 -0.000000 0.000000
vn -0.981210 0.080795 0.175212
vn -0.981210 0.094259 0.168351
vn -0.196959 0.410467 0.890351
vn 0.196959 0.410467 0.890351
vn 0.196960 0.479041 0.855410
vn -0.196960 0.479041 0.855410
vn -1.000000 -0.000000 0.000000
vn -0.981210 0.022697 0.191603
vn -0.981210 0.037622 0.189239
vn -0.196959 0.115244 0.973615
vn 0.196959 0.115244 0.973615
vn 0.196960 0.191260 0.961575
vn -0.196960 0.191260 0.961575
vn -1.000000 0.000000 0.000000
vn -0.981210 -0.037622 0.189239
vn -0.981210 -0.022697 0.191603
vn -0.196959 -0.191260 0.961575
vn 0.196959 -0.191260 0.961575
vn 0.196959 -0.115244 0.973615
vn -0.196959 -0.115244 0.973615
vn -1.000000 0.000000 0.000000
vn -0.981210 -0.094259 0.168351
vn -0.981210 -0.080794 0.175211
vn -0.196960 -0.479042 0.855410
vn 0.196960 -0.479042 0.855410
vn 0.196959 -0.410467 0.890351
vn -0.196959 -0.410467 0.890351
vn -1.000000 -0.000000 0.000000
vn -0.981210 -0.141669 0.130984
vn -0.981210 -0.130984 0.141669
vn -0.196960 -0.719932 0.665511
vn 0.196960 -0.719932 0.665511
vn 0.196960 -0.665511 0.719932
vn -0.196960 -0.665511 0.719932
vn -1.000000 0.000000 0.000000
vn -0.981210 -0.175211 0.080795
vn -0.981210 -0.168351 0.094259
vn -0.196959 -0.890351 0.410467
vn 0.196959 -0.890351 0.410467
vn 0.196960 -0.855410 0.479042
vn -0.196960 -0.855410 0.479042
vn -1.000000 0.000000 0.000000
vn -0.981210 -0.191603 0.022697
vn -0.981210 -0.189239 0.037622
vn -0.196959 -0.973615 0.115244
vn 0.196959 -0.973615 0.115244
vn 0.196959 -0.961575 0.191260
vn -0.196959 -0.961575 0.191260
vn 1.000000 -0.000000 0.000000
vn 0.981210 -0.191602 -0.022697
vn 0.981210 -0.189238 -0.037622
vn 0.981210 -0.168351 -0.094259
vn 1.000000 0.000000 0.000000
vn 0.981210 -0.175211 -0.080795
vn 0.981210 -0.130984 -0.141669
vn 1.000000 -0.000000 0.000000
vn 0.981210 -0.141669 -0.130984
vn 0.981210 -0.080795 -0.175211
vn 1.000000 0.000000 0.000000
vn 0.981210 -0.094259 -0.168351
vn 0.981210 -0.022697 -0.191603
vn 1.000000 0.000000 0.000000
vn 0.981210 -0.037622 -0.189239
vn 0.981210 0.037622 -0.189239
vn 1.000000 -0.000000 0.000000
vn 0.981210 0.022697 -0.191603
vn 0.981210 0.094259 -0.168351
vn 1.000000 0.000000 0.000000
vn 0.981210 0.080795 -0.175212
vn 0.981210 0.141669 -0.130984
vn 1.000000 -0.000000 0.000000
vn 0.981210 0.130984 -0.141669
vn 0.981210 0.175212 -0.080795
vn 1.000000 -0.000000 0.000000
vn 0.981210 0.168351 -0.094259
vn 0.981210 0.191603 -0.022697
vn 1.000000 -0.000000 0.000000
vn 0.981210 0.189239 -0.037622
vn 0.981210 0.189239 0.037622
vn 1.000000 -0.000000 0.000000
vn 0.981210 0.191603 0.022697
vn 0.981210 0.168351 0.094259
vn 1.000000 0.000000 0.000000
vn 0.981210 0.175212 0.080795
vn 0.981210 0.130984 0.141669
vn 1.000000 0.000000 0.000000
vn 0.981210 0.141669 0.130984
vn 0.981210 0.080795 0.175212
vn 1.000000 -0.000000 0.000000
vn 0.981210 0.094259 0.168351
vn 0.981210 0.022697 0.191603
vn 1.000000 -0.000000 0.000000
vn 0.981210 0.037622 0.189239
vn 0.981210 -0.037622 0.189239
vn 1.000000 -0.000000 0.000000
vn 0.981210 -0.022697 0.191603
vn 0.981210 -0.094259 0.168351
vn 1.000000 0.000000 0.000000
vn 0.981210 -0.080795 0.175211
vn 0.981210 -0.141669 0.130984
vn 1.000000 -0.000000 0.000000
vn 0.981210 -0.130984 0.141669
vn 0.981210 -0.175211 0.080795
vn 1.000000 -0.000000 0.000000
vn 0.981210 -0.168351 0.094259
vn 0.981210 -0.191603 0.022697
vn 1.000000 -0.000000 0.000000
vn 0.981210 -0.189239 0.037622
vn -0.981459 -0.182292 -0.059230
vn -1.000000 0.000000 0.000000
vn -0.386183 -0.837684 -0.386197
vn -0.386181 -0.804819 -0.450700
vn -0.925538 -0.343856 -0.158562
vn -0.925538 -0.330393 -0.184986
vn -0.198364 -0.932158 -0.302875
vn 0.198364 -0.932158 -0.302875
vn -0.925538 -0.371386 -0.073834
vn -0.925539 -0.376024 -0.044543
vn -0.386182 -0.904703 -0.179936
vn -0.386180 -0.916028 -0.108436
vn -0.981459 -0.155067 -0.112663
vn -1.000000 0.000000 0.000000
vn -0.386183 -0.677343 -0.626154
vn -0.386183 -0.626154 -0.677344
vn -0.925538 -0.278030 -0.257059
vn -0.925538 -0.257059 -0.278029
vn -0.198363 -0.792941 -0.576105
vn 0.198363 -0.792941 -0.576105
vn -0.981459 -0.112663 -0.155067
vn -1.000000 0.000000 0.000000
vn -0.386181 -0.450700 -0.804819
vn -0.386182 -0.386198 -0.837684
vn -0.925538 -0.184986 -0.330393
vn -0.925538 -0.158561 -0.343857
vn -0.198363 -0.576105 -0.792941
vn 0.198363 -0.576105 -0.792941
vn -0.981459 -0.059230 -0.182292
vn -1.000000 -0.000000 0.000000
vn -0.386182 -0.179937 -0.904702
vn -0.386183 -0.108437 -0.916026
vn -0.925538 -0.073835 -0.371387
vn -0.925538 -0.044543 -0.376027
vn -0.198364 -0.302876 -0.932158
vn 0.198364 -0.302876 -0.932158
vn -0.981459 -0.000000 -0.191674
vn -1.000000 -0.000000 0.000000
vn -0.386183 0.108438 -0.916026
vn -0.386182 0.179938 -0.904702
vn -0.925538 0.044543 -0.376026
vn -0.925538 0.073835 -0.371386
vn -0.198365 0.000000 -0.980128
vn 0.198365 -0.000000 -0.980128
vn -0.981459 0.059230 -0.182292
vn -1.000000 0.000000 0.000000
vn -0.386182 0.386198 -0.837684
vn -0.386182 0.450699 -0.804819
vn -0.925538 0.158562 -0.343857
vn -0.925538 0.184986 -0.330394
vn -0.198364 0.302876 -0.932158
vn 0.198363 0.302876 -0.932158
vn -0.981459 0.112663 -0.155067
vn -1.000000 -0.000000 0.000000
vn -0.386181 0.626155 -0.677343
vn -0.386182 0.677343 -0.626155
vn -0.925538 0.257059 -0.278029
vn -0.925538 0.278029 -0.257059
vn -0.198363 0.576105 -0.792941
vn 0.198363 0.576105 -0.792941
vn -0.981459 0.155067 -0.112663
vn -1.000000 0.000000 0.000000
vn -0.386182 0.804819 -0.450699
vn -0.386181 0.837685 -0.386197
vn -0.925538 0.330394 -0.184986
vn -0.925538 0.343857 -0.158562
vn -0.198363 0.792940 -0.576105
vn 0.198363 0.792940 -0.576105
vn -0.981459 0.182292 -0.059230
vn -1.000000 -0.000000 0.000000
vn -0.386181 0.904702 -0.179938
vn -0.386182 0.916027 -0.108437
vn -0.925538 0.371387 -0.073835
vn -0.925538 0.376025 -0.044544
vn -0.198362 0.932158 -0.302877
vn 0.198362 0.932158 -0.302877
vn -0.981459 0.191673 -0.000000
vn -1.000000 0.000000 0.000000
vn -0.386182 0.916027 0.108437
vn -0.386181 0.904702 0.179938
vn -0.925538 0.376025 0.044544
vn -0.925538 0.371386 0.073835
vn -0.198364 0.980129 0.000000
vn 0.198364 0.980129 -0.000000
vn -0.981459 0.182292 0.059231
vn -1.000000 0.000000 0.000000
vn -0.386181 0.837684 0.386198
vn -0.386183 0.804819 0.450699
vn -0.925538 0.343857 0.158562
vn -0.925538 0.330393 0.184986
vn -0.198363 0.932158 0.302877
vn 0.198363 0.932158 0.302877
vn -0.981459 0.155067 0.112663
vn -1.000000 0.000000 0.000000
vn -0.386183 0.677343 0.626155
vn -0.386182 0.626155 0.677343
vn -0.925538 0.278029 0.257059
vn -0.925538 0.257059 0.278029
vn -0.198364 0.792940 0.576105
vn 0.198364 0.792940 0.576105
vn -0.981459 0.112663 0.155067
vn -1.000000 -0.000000 0.000000
vn -0.386182 0.450699 0.804819
vn -0.386181 0.386198 0.837685
vn -0.925538 0.184986 0.330394
vn -0.925538 0.158562 0.343857
vn -0.198364 0.576105 0.792941
vn 0.198364 0.576105 0.792941
vn -0.981459 0.059230 0.182292
vn -1.000000 0.000000 0.000000
vn -0.386182 0.179938 0.904702
vn -0.386182 0.108437 0.916027
vn -0.925538 0.073835 0.371387
vn -0.925538 0.044544 0.376026
vn -0.198363 0.302877 0.932158
vn 0.198363 0.302877 0.932158
vn -0.981459 0.000000 0.191673
vn -1.000000 0.000000 0.000000
vn -0.386181 -0.108437 0.916027
vn -0.386182 -0.179938 0.904702
vn -0.925538 -0.044543 0.376025
vn -0.925538 -0.073835 0.371387
vn -0.198363 -0.000000 0.980129
vn 0.198363 0.000000 0.980129
vn -0.981459 -0.059230 0.182292
vn -1.000000 0.000000 0.000000
vn -0.386181 -0.386198 0.837684
vn -0.386182 -0.450700 0.804819
vn -0.925538 -0.158561 0.343857
vn -0.925538 -0.184985 0.330393
vn -0.198363 -0.302877 0.932158
vn 0.198363 -0.302877 0.932158
vn -0.981459 -0.112663 0.155067
vn -1.000000 -0.000000 0.000000
vn -0.386183 -0.626154 0.677343
vn -0.386184 -0.677343 0.626154
vn -0.925538 -0.257059 0.278029
vn -0.925538 -0.278029 0.257059
vn -0.198364 -0.576105 0.792940
vn 0.198364 -0.576105 0.792940
vn -0.981459 -0.155067 0.112663
vn -1.000000 -0.000000 0.000000
vn -0.386182 -0.804819 0.450699
vn -0.386182 -0.837685 0.386197
vn -0.925538 -0.330394 0.184986
vn -0.925538 -0.343857 0.158562
vn -0.198364 -0.792941 0.576105
vn 0.198364 -0.792941 0.576105
vn -0.981459 -0.182292 0.059231
vn -1.000000 0.000000 0.000000
vn -0.386180 -0.904703 0.179938
vn -0.386181 -0.916027 0.108437
vn -0.925538 -0.371386 0.073835
vn -0.925538 -0.376025 0.044544
vn -0.198363 -0.932158 0.302876
vn 0.198363 -0.932158 0.302876
vn -0.981459 -0.191673 0.000000
vn -1.000000 0.000000 0.000000
vn -0.198362 -0.980129 0.000000
vn 0.198362 -0.980129 0.000000
vn 0.981459 -0.182292 -0.059230
vn 1.000000 -0.000000 0.000000
vn 0.386182 -0.904703 -0.179936
vn 0.386180 -0.916028 -0.108436
vn 0.925538 -0.371386 -0.073834
vn 0.925539 -0.376024 -0.044543
vn 0.925538 -0.343856 -0.158562
vn 0.925538 -0.330393 -0.184986
vn 0.386183 -0.837684 -0.386197
vn 0.386181 -0.804819 -0.450700
vn 0.981459 -0.155067 -0.112663
vn 1.000000 0.000000 0.000000
vn 0.925538 -0.278029 -0.257059
vn 0.925538 -0.257059 -0.278029
vn 0.386183 -0.677343 -0.626154
vn 0.386183 -0.626154 -0.677344
vn 0.981459 -0.112663 -0.155067
vn 1.000000 0.000000 0.000000
vn 0.925538 -0.184987 -0.330393
vn 0.925538 -0.158561 -0.343857
vn 0.386181 -0.450700 -0.804819
vn 0.386182 -0.386198 -0.837684
vn 0.981459 -0.059230 -0.182292
vn 1.000000 0.000000 0.000000
vn 0.925538 -0.073835 -0.371387
vn 0.925538 -0.044543 -0.376027
vn 0.386182 -0.179937 -0.904702
vn 0.386183 -0.108437 -0.916026
vn 0.981459 0.000000 -0.191674
vn 1.000000 0.000000 0.000000
vn 0.925538 0.044543 -0.376026
vn 0.925538 0.073835 -0.371386
vn 0.386183 0.108438 -0.916026
vn 0.386182 0.179938 -0.904702
vn 0.981459 0.059230 -0.182292
vn 1.000000 0.000000 0.000000
vn 0.925538 0.158562 -0.343857
vn 0.925538 0.184986 -0.330394
vn 0.386182 0.386198 -0.837684
vn 0.386182 0.450699 -0.804819
vn 0.981459 0.112663 -0.155067
vn 1.000000 -0.000000 0.000000
vn 0.925538 0.257060 -0.278029
vn 0.925538 0.278029 -0.257059
vn 0.386181 0.626155 -0.677343
vn 0.386182 0.677343 -0.626155
vn 0.981459 0.155067 -0.112663
vn 1.000000 -0.000000 0.000000
vn 0.925538 0.330393 -0.184986
vn 0.925538 0.343857 -0.158562
vn 0.386182 0.804819 -0.450699
vn 0.386181 0.837685 -0.386198
vn 0.981459 0.182292 -0.059230
vn 1.000000 -0.000000 0.000000
vn 0.925538 0.371386 -0.073835
vn 0.925538 0.376025 -0.044544
vn 0.386181 0.904702 -0.179938
vn 0.386182 0.916027 -0.108437
vn 0.981459 0.191673 0.000000
vn 1.000000 -0.000000 0.000000
vn 0.925538 0.376025 0.044544
vn 0.925538 0.371387 0.073835
vn 0.386182 0.916027 0.108437
vn 0.386181 0.904703 0.179938
vn 0.981459 0.182292 0.059231
vn 1.000000 0.000000 0.000000
vn 0.925538 0.343857 0.158562
vn 0.925538 0.330394 0.184986
vn 0.386181 0.837684 0.386198
vn 0.386183 0.804819 0.450699
vn 0.981459 0.155067 0.112663
vn 1.000000 0.000000 0.000000
vn 0.925538 0.278030 0.257060
vn 0.925538 0.257059 0.278029
vn 0.386183 0.677343 0.626155
vn 0.386183 0.626155 0.677343
vn 0.981459 0.112663 0.155067
vn 1.000000 -0.000000 0.000000
vn 0.925538 0.184986 0.330394
vn 0.925538 0.158562 0.343857
vn 0.386182 0.450699 0.804819
vn 0.386181 0.386198 0.837685
vn 0.981459 0.059231 0.182292
vn 1.000000 0.000000 0.000000
vn 0.925538 0.073835 0.371387
vn 0.925538 0.044543 0.376026
vn 0.386182 0.179938 0.904702
vn 0.386182 0.108437 0.916027
vn 0.981459 0.000000 0.191673
vn 1.000000 0.000000 0.000000
vn 0.925538 -0.044544 0.376025
vn 0.925538 -0.073835 0.371387
vn 0.386181 -0.108437 0.916027
vn 0.386182 -0.179938 0.904702
vn 0.981459 -0.059230 0.182292
vn 1.000000 0.000000 0.000000
vn 0.925538 -0.158561 0.343857
vn 0.925538 -0.184986 0.330393
vn 0.386181 -0.386198 0.837685
vn 0.386182 -0.450700 0.804819
vn 0.981459 -0.112663 0.155067
vn 1.000000 -0.000000 0.000000
vn 0.925538 -0.257059 0.278029
vn 0.925538 -0.278029 0.257059
vn 0.386183 -0.626154 0.677343
vn 0.386183 -0.677343 0.626154
vn 0.981459 -0.155067 0.112663
vn 1.000000 -0.000000 0.000000
vn 0.925538 -0.330393 0.184986
vn 0.925538 -0.343857 0.158562
vn 0.386182 -0.804819 0.450699
vn 0.386182 -0.837685 0.386197
vn 0.981459 -0.182292 0.059231
vn 1.000000 -0.000000 0.000000
vn 0.925538 -0.371386 0.073835
vn 0.925538 -0.376025 0.044543
vn 0.386180 -0.904703 0.179938
vn 0.386181 -0.916027 0.108437
vn 0.981459 -0.191672 0.000000
vn 1.000000 -0.000000 0.000000
vn -0.926491 -0.357900 -0.116289
vn -0.388757 -0.876247 -0.284708
vn -0.926491 -0.304448 -0.221195
vn -0.388756 -0.745380 -0.541550
vn -0.926490 -0.221195 -0.304448
vn -0.388756 -0.541550 -0.745381
vn -0.926490 -0.116288 -0.357900
vn -0.388757 -0.284710 -0.876247
vn -0.926490 -0.000000 -0.376319
vn -0.388759 0.000000 -0.921340
vn -0.926491 0.116288 -0.357900
vn -0.388756 0.284710 -0.876247
vn -0.926491 0.221194 -0.304448
vn -0.388756 0.541550 -0.745380
vn -0.926491 0.304448 -0.221194
vn -0.388756 0.745380 -0.541551
vn -0.926491 0.357900 -0.116289
vn -0.388754 0.876248 -0.284710
vn -0.926491 0.376318 -0.000000
vn -0.388757 0.921341 0.000000
vn -0.926491 0.357900 0.116289
vn -0.388755 0.876248 0.284711
vn -0.926491 0.304447 0.221194
vn -0.388757 0.745380 0.541550
vn -0.926490 0.221194 0.304448
vn -0.388757 0.541550 0.745380
vn -0.926490 0.116288 0.357900
vn -0.388756 0.284710 0.876247
vn -0.926491 0.000000 0.376318
vn -0.388755 -0.000000 0.921341
vn -0.926491 -0.116289 0.357900
vn -0.388755 -0.284710 0.876248
vn -0.926491 -0.221194 0.304447
vn -0.388757 -0.541551 0.745380
vn -0.926490 -0.304448 0.221195
vn -0.388757 -0.745380 0.541551
vn -0.926491 -0.357899 0.116289
vn -0.388755 -0.876248 0.284709
vn -0.926491 -0.376317 0.000000
vn -0.388755 -0.921341 0.000000
vn 0.926491 -0.357899 -0.116289
vn 0.388757 -0.876247 -0.284708
vn 0.926490 -0.304448 -0.221195
vn 0.388756 -0.745381 -0.541550
vn 0.926490 -0.221195 -0.304448
vn 0.388756 -0.541550 -0.745381
vn 0.926490 -0.116288 -0.357900
vn 0.388757 -0.284710 -0.876247
vn 0.926490 0.000000 -0.376319
vn 0.388759 -0.000000 -0.921340
vn 0.926491 0.116288 -0.357900
vn 0.388756 0.284710 -0.876247
vn 0.926490 0.221194 -0.304448
vn 0.388756 0.541551 -0.745380
vn 0.926491 0.304447 -0.221194
vn 0.388756 0.745380 -0.541551
vn 0.926491 0.357900 -0.116289
vn 0.388755 0.876248 -0.284710
vn 0.926491 0.376318 0.000000
vn 0.388757 0.921341 -0.000000
vn 0.926490 0.357900 0.116289
vn 0.388755 0.876248 0.284710
vn 0.926490 0.304448 0.221194
vn 0.388757 0.745380 0.541550
vn 0.926491 0.221194 0.304448
vn 0.388757 0.541550 0.745380
vn 0.926490 0.116289 0.357900
vn 0.388756 0.284710 0.876247
vn 0.926491 -0.000000 0.376318
vn 0.388755 0.000000 0.921341
vn 0.926491 -0.116288 0.357900
vn 0.388755 -0.284710 0.876247
vn 0.926491 -0.221194 0.304448
vn 0.388757 -0.541551 0.745380
vn 0.926490 -0.304448 0.221195
vn 0.388757 -0.745380 0.541551
vn 0.926491 -0.357899 0.116289
vn 0.388755 -0.876248 0.284710
vn 0.926491 -0.376316 0.000000
vn 0.388754 -0.921341 0.000001
vn -1.000000 0.000000 0.000000
vn 1.000000 -0.000000 0.000000
vn -1.000000 -0.000000 0.000000
vn -0.997449 -0.062733 -0.034066
vn -0.997449 -0.064434 -0.030729
vn -0.011938 -0.878604 -0.477402
vn 0.011938 -0.878604 -0.477402
vn 0.011938 -0.902656 -0.430197
vn -0.011938 -0.902656 -0.430197
vn 0.011938 -0.983128 -0.182530
vn 0.011938 -0.991416 -0.130203
vn -0.011938 -0.991416 -0.130203
vn -0.011938 -0.983128 -0.182530
vn -0.997449 -0.070776 -0.009314
vn -1.000000 -0.000000 0.000000
vn -0.997449 -0.070190 -0.013013
vn -1.000000 0.000001 0.000000
vn -0.997449 -0.049136 -0.051784
vn -0.997449 -0.051786 -0.049136
vn -0.011938 -0.688077 -0.725540
vn 0.011938 -0.688077 -0.725540
vn 0.011938 -0.725540 -0.688077
vn -0.011938 -0.725540 -0.688077
vn -1.000000 -0.000002 0.000000
vn -0.997449 -0.030731 -0.064434
vn -0.997449 -0.034067 -0.062733
vn -0.011938 -0.430196 -0.902657
vn 0.011938 -0.430196 -0.902657
vn 0.011938 -0.477402 -0.878604
vn -0.011938 -0.477402 -0.878604
vn -1.000000 0.000001 -0.000000
vn -0.997449 -0.009314 -0.070776
vn -0.997449 -0.013012 -0.070190
vn -0.011938 -0.130204 -0.991415
vn 0.011938 -0.130204 -0.991415
vn 0.011938 -0.182532 -0.983127
vn -0.011938 -0.182532 -0.983127
vn -1.000000 0.000000 0.000000
vn -0.997449 0.013013 -0.070190
vn -0.997449 0.009314 -0.070776
vn -0.011938 0.182533 -0.983127
vn 0.011938 0.182533 -0.983127
vn 0.011938 0.130205 -0.991415
vn -0.011938 0.130205 -0.991415
vn -1.000000 -0.000001 -0.000000
vn -0.997449 0.034066 -0.062733
vn -0.997449 0.030728 -0.064434
vn -0.011938 0.477402 -0.878604
vn 0.011938 0.477402 -0.878604
vn 0.011938 0.430196 -0.902656
vn -0.011938 0.430196 -0.902656
vn -1.000000 0.000000 0.000001
vn -0.997449 0.051785 -0.049135
vn -0.997449 0.049137 -0.051784
vn -0.011938 0.725539 -0.688077
vn 0.011938 0.725539 -0.688077
vn 0.011938 0.688077 -0.725539
vn -0.011938 0.688077 -0.725539
vn -1.000000 -0.000000 0.000000
vn -0.997449 0.064432 -0.030728
vn -0.997449 0.062733 -0.034067
vn -0.011938 0.902657 -0.430195
vn 0.011938 0.902657 -0.430195
vn 0.011938 0.878605 -0.477401
vn -0.011938 0.878604 -0.477401
vn -1.000000 -0.000000 0.000000
vn -0.997449 0.070775 -0.009314
vn -0.997449 0.070189 -0.013013
vn -0.011938 0.991415 -0.130204
vn 0.011938 0.991415 -0.130204
vn 0.011938 0.983127 -0.182532
vn -0.011938 0.983127 -0.182532
vn -1.000000 -0.000000 0.000000
vn -0.997449 0.070189 0.013013
vn -0.997449 0.070775 0.009314
vn -0.011938 0.983127 0.182532
vn 0.011938 0.983127 0.182532
vn 0.011938 0.991415 0.130204
vn -0.011938 0.991415 0.130204
vn -1.000000 0.000001 -0.000001
vn -0.997449 0.062734 0.034065
vn -0.997449 0.064433 0.030729
vn -0.011938 0.878604 0.477401
vn 0.011938 0.878604 0.477401
vn 0.011938 0.902657 0.430196
vn -0.011938 0.902657 0.430196
vn -1.000000 -0.000001 0.000000
vn -0.997449 0.049136 0.051784
vn -0.997449 0.051783 0.049136
vn -0.011938 0.688077 0.725540
vn 0.011938 0.688077 0.725539
vn 0.011938 0.725539 0.688077
vn -0.011938 0.725539 0.688077
vn -1.000000 0.000000 0.000000
vn -0.997449 0.030729 0.064434
vn -0.997449 0.034066 0.062733
vn -0.011938 0.430195 0.902657
vn 0.011938 0.430195 0.902657
vn 0.011938 0.477401 0.878604
vn -0.011938 0.477401 0.878604
vn -1.000000 0.000000 -0.000000
vn -0.997449 0.009314 0.070776
vn -0.997449 0.013013 0.070190
vn -0.011938 0.130204 0.991415
vn 0.011938 0.130204 0.991415
vn 0.011938 0.182533 0.983127
vn -0.011938 0.182533 0.983127
vn -1.000000 0.000000 -0.000000
vn -0.997449 -0.013013 0.070190
vn -0.997449 -0.009314 0.070776
vn -0.011938 -0.182533 0.983127
vn 0.011938 -0.182533 0.983127
vn 0.011938 -0.130204 0.991415
vn -0.011938 -0.130204 0.991415
vn -1.000000 -0.000001 0.000000
vn -0.997449 -0.034065 0.062734
vn -0.997449 -0.030730 0.064433
vn -0.011938 -0.477401 0.878604
vn 0.011938 -0.477401 0.878604
vn 0.011938 -0.430196 0.902657
vn -0.011938 -0.430196 0.902657
vn -1.000000 0.000000 -0.000001
vn -0.997449 -0.051784 0.049136
vn -0.997449 -0.049136 0.051784
vn -0.011938 -0.725540 0.688077
vn 0.011938 -0.725540 0.688077
vn 0.011938 -0.688077 0.725539
vn -0.011938 -0.688077 0.725539
vn -1.000000 -0.000000 0.000000
vn -0.997449 -0.064433 0.030729
vn -0.997449 -0.062734 0.034066
vn -0.011938 -0.902657 0.430196
vn 0.011938 -0.902657 0.430196
vn 0.011938 -0.878604 0.477401
vn -0.011938 -0.878604 0.477401
vn -1.000000 0.000000 0.000000
vn -0.997449 -0.070775 0.009314
vn -0.997449 -0.070189 0.013013
vn -0.011938 -0.991415 0.130205
vn 0.011938 -0.991415 0.130205
vn 0.011938 -0.983127 0.182533
vn -0.011938 -0.983127 0.182533
vn 1.000000 0.000000 0.000002
vn 0.997449 -0.070776 -0.009314
vn 0.997449 -0.070190 -0.013011
vn 0.997449 -0.062734 -0.034065
vn 1.000000 0.000001 -0.000002
vn 0.997449 -0.064434 -0.030730
vn 0.997449 -0.049135 -0.051784
vn 1.000000 0.000000 0.000000
vn 0.997449 -0.051784 -0.049135
vn 0.997449 -0.030729 -0.064434
vn 1.000000 -0.000003 0.000001
vn 0.997449 -0.034066 -0.062732
vn 0.997449 -0.009314 -0.070776
vn 1.000000 0.000001 -0.000000
vn 0.997449 -0.013011 -0.070190
vn 0.997449 0.013013 -0.070190
vn 1.000000 0.000000 0.000000
vn 0.997449 0.009314 -0.070776
vn 0.997449 0.034065 -0.062732
vn 1.000000 0.000000 -0.000000
vn 0.997449 0.030729 -0.064433
vn 0.997449 0.051782 -0.049135
vn 1.000000 -0.000001 -0.000001
vn 0.997449 0.049136 -0.051785
vn 0.997449 0.064432 -0.030730
vn 1.000000 0.000001 -0.000001
vn 0.997449 0.062736 -0.034064
vn 0.997449 0.070776 -0.009312
vn 1.000000 -0.000001 0.000002
vn 0.997449 0.070189 -0.013013
vn 0.997449 0.070190 0.013013
vn 1.000000 -0.000000 -0.000002
vn 0.997449 0.070776 0.009312
vn 0.997449 0.062733 0.034066
vn 1.000000 -0.000000 0.000002
vn 0.997449 0.064432 0.030731
vn 0.997449 0.049138 0.051783
vn 1.000000 0.000000 -0.000001
vn 0.997449 0.051784 0.049136
vn 0.997449 0.030727 0.064433
vn 1.000000 -0.000003 0.000001
vn 0.997449 0.034063 0.062734
vn 0.997449 0.009315 0.070776
vn 1.000000 0.000001 -0.000001
vn 0.997449 0.013012 0.070189
vn 0.997449 -0.013014 0.070190
vn 1.000000 -0.000003 -0.000000
vn 0.997449 -0.009316 0.070775
vn 0.997449 -0.034067 0.062734
vn 1.000000 0.000000 -0.000000
vn 0.997449 -0.030726 0.064433
vn 0.997449 -0.051784 0.049136
vn 1.000000 -0.000001 -0.000001
vn 0.997449 -0.049135 0.051783
vn 0.997449 -0.064432 0.030729
vn 1.000000 -0.000000 0.000000
vn 0.997449 -0.062733 0.034065
vn 0.997449 -0.070775 0.009314
vn 1.000000 -0.000001 0.000000
vn 0.997449 -0.070190 0.013013
vn -0.998738 -0.047768 -0.015521
vn -1.000000 -0.000000 0.000000
vn -0.385530 -0.832663 -0.397542
vn -0.385529 -0.811047 -0.439966
vn -0.925412 -0.342940 -0.161261
vn -0.925412 -0.332037 -0.182660
vn -0.012301 -0.950985 -0.308992
vn 0.012301 -0.950985 -0.308992
vn -0.925411 -0.372233 -0.071113
vn -0.925411 -0.375989 -0.047392
vn -0.385530 -0.907308 -0.167804
vn -0.385530 -0.914757 -0.120777
vn -0.998738 -0.040633 -0.029522
vn -1.000000 0.000001 0.000000
vn -0.385532 -0.669059 -0.635393
vn -0.385532 -0.635392 -0.669061
vn -0.925410 -0.276328 -0.259344
vn -0.925410 -0.259345 -0.276326
vn -0.012301 -0.808956 -0.587740
vn 0.012301 -0.808956 -0.587740
vn -0.998738 -0.029522 -0.040633
vn -1.000000 0.000001 0.000001
vn -0.385531 -0.439968 -0.811045
vn -0.385532 -0.397545 -0.832660
vn -0.925411 -0.182661 -0.332039
vn -0.925411 -0.161261 -0.342943
vn -0.012301 -0.587741 -0.808956
vn 0.012301 -0.587740 -0.808956
vn -0.998738 -0.015522 -0.047768
vn -1.000000 -0.000000 0.000000
vn -0.385533 -0.167807 -0.907306
vn -0.385534 -0.120781 -0.914754
vn -0.925411 -0.071115 -0.372234
vn -0.925411 -0.047392 -0.375991
vn -0.012301 -0.308993 -0.950985
vn 0.012301 -0.308993 -0.950985
vn -0.998738 -0.000000 -0.050226
vn -1.000000 0.000000 0.000000
vn -0.385534 0.120781 -0.914754
vn -0.385533 0.167806 -0.907307
vn -0.925410 0.047392 -0.375992
vn -0.925410 0.071114 -0.372235
vn -0.012301 0.000000 -0.999924
vn 0.012301 0.000000 -0.999924
vn -0.998738 0.015519 -0.047767
vn -1.000000 -0.000000 -0.000000
vn -0.385531 0.397546 -0.832660
vn -0.385530 0.439969 -0.811045
vn -0.925410 0.161260 -0.342944
vn -0.925410 0.182661 -0.332040
vn -0.012301 0.308993 -0.950985
vn 0.012301 0.308993 -0.950985
vn -0.998738 0.029522 -0.040634
vn -1.000000 0.000000 0.000000
vn -0.385530 0.635394 -0.669060
vn -0.385531 0.669060 -0.635394
vn -0.925412 0.259341 -0.276323
vn -0.925412 0.276325 -0.259340
vn -0.012301 0.587741 -0.808956
vn 0.012301 0.587741 -0.808955
vn -0.998738 0.040634 -0.029522
vn -1.000000 0.000000 0.000001
vn -0.385532 0.811046 -0.439966
vn -0.385530 0.832662 -0.397544
vn -0.925411 0.332039 -0.182661
vn -0.925411 0.342942 -0.161261
vn -0.012301 0.808955 -0.587741
vn 0.012301 0.808955 -0.587741
vn -0.998738 0.047767 -0.015520
vn -1.000000 0.000000 0.000000
vn -0.385529 0.907308 -0.167806
vn -0.385530 0.914757 -0.120779
vn -0.925412 0.372230 -0.071113
vn -0.925411 0.375989 -0.047393
vn -0.012301 0.950984 -0.308995
vn 0.012301 0.950984 -0.308995
vn -0.998738 0.050226 -0.000000
vn -1.000000 0.000000 0.000000
vn -0.385530 0.914756 0.120779
vn -0.385529 0.907308 0.167806
vn -0.925411 0.375989 0.047393
vn -0.925412 0.372231 0.071113
vn -0.012301 0.999924 0.000000
vn 0.012301 0.999924 0.000000
vn -0.998738 0.047767 0.015520
vn -1.000000 -0.000000 -0.000001
vn -0.385530 0.832662 0.397543
vn -0.385532 0.811045 0.439967
vn -0.925412 0.342941 0.161259
vn -0.925412 0.332038 0.182659
vn -0.012301 0.950984 0.308995
vn 0.012301 0.950984 0.308995
vn -0.998738 0.040633 0.029521
vn -1.000000 0.000000 -0.000000
vn -0.385530 0.669061 0.635393
vn -0.385531 0.635392 0.669061
vn -0.925412 0.276323 0.259342
vn -0.925412 0.259341 0.276325
vn -0.012301 0.808955 0.587741
vn 0.012301 0.808955 0.587742
vn -0.998738 0.029522 0.040633
vn -1.000000 0.000000 0.000000
vn -0.385531 0.439967 0.811045
vn -0.385530 0.397544 0.832662
vn -0.925410 0.182660 0.332041
vn -0.925410 0.161261 0.342945
vn -0.012301 0.587741 0.808956
vn 0.012301 0.587741 0.808956
vn -0.998738 0.015521 0.047767
vn -1.000000 0.000000 -0.000000
vn -0.385532 0.167807 0.907307
vn -0.385531 0.120780 0.914756
vn -0.925410 0.071115 0.372235
vn -0.925410 0.047393 0.375992
vn -0.012301 0.308994 0.950985
vn 0.012301 0.308994 0.950985
vn -0.998738 -0.000000 0.050226
vn -1.000000 0.000000 -0.000000
vn -0.385531 -0.120780 0.914756
vn -0.385531 -0.167807 0.907307
vn -0.925410 -0.047393 0.375992
vn -0.925410 -0.071114 0.372236
vn -0.012301 -0.000000 0.999924
vn 0.012301 0.000000 0.999924
vn -0.998738 -0.015522 0.047767
vn -1.000000 -0.000000 0.000000
vn -0.385529 -0.397544 0.832662
vn -0.385529 -0.439968 0.811046
vn -0.925411 -0.161260 0.342943
vn -0.925411 -0.182657 0.332039
vn -0.012301 -0.308994 0.950985
vn 0.012301 -0.308994 0.950985
vn -0.998738 -0.029522 0.040634
vn -1.000000 0.000000 -0.000000
vn -0.385530 -0.635393 0.669060
vn -0.385531 -0.669060 0.635394
vn -0.925410 -0.259345 0.276325
vn -0.925410 -0.276328 0.259343
vn -0.012301 -0.587741 0.808956
vn 0.012301 -0.587741 0.808956
vn -0.998738 -0.040634 0.029522
vn -1.000000 0.000000 -0.000000
vn -0.385531 -0.811046 0.439966
vn -0.385532 -0.832661 0.397543
vn -0.925411 -0.332040 0.182660
vn -0.925411 -0.342943 0.161261
vn -0.012301 -0.808956 0.587741
vn 0.012301 -0.808956 0.587741
vn -0.998738 -0.047768 0.015521
vn -1.000000 0.000001 0.000000
vn -0.385530 -0.907308 0.167806
vn -0.385530 -0.914756 0.120779
vn -0.925412 -0.372230 0.071114
vn -0.925412 -0.375988 0.047393
vn -0.012301 -0.950985 0.308993
vn 0.012301 -0.950985 0.308994
vn -0.998738 -0.050226 0.000000
vn -1.000000 0.000000 0.000000
vn -0.012301 -0.999924 0.000001
vn 0.012301 -0.999924 0.000001
vn 0.998738 -0.047767 -0.015521
vn 1.000000 0.000001 0.000000
vn 0.385532 -0.907308 -0.167805
vn 0.385531 -0.914756 -0.120780
vn 0.925411 -0.372232 -0.071113
vn 0.925411 -0.375991 -0.047391
vn 0.925411 -0.342943 -0.161259
vn 0.925411 -0.332040 -0.182658
vn 0.385532 -0.832660 -0.397546
vn 0.385531 -0.811044 -0.439970
vn 0.998738 -0.040634 -0.029522
vn 1.000000 0.000001 -0.000001
vn 0.925410 -0.276329 -0.259341
vn 0.925412 -0.259342 -0.276324
vn 0.385534 -0.669058 -0.635393
vn 0.385534 -0.635391 -0.669061
vn 0.998738 -0.029523 -0.040632
vn 1.000000 -0.000001 0.000001
vn 0.925413 -0.182656 -0.332036
vn 0.925412 -0.161258 -0.342940
vn 0.385531 -0.439970 -0.811044
vn 0.385532 -0.397544 -0.832661
vn 0.998738 -0.015520 -0.047768
vn 1.000000 0.000000 0.000001
vn 0.925411 -0.071112 -0.372234
vn 0.925411 -0.047390 -0.375990
vn 0.385532 -0.167806 -0.907307
vn 0.385532 -0.120779 -0.914755
vn 0.998738 0.000000 -0.050225
vn 1.000000 0.000000 -0.000000
vn 0.925411 0.047392 -0.375990
vn 0.925411 0.071112 -0.372233
vn 0.385534 0.120780 -0.914754
vn 0.385533 0.167806 -0.907307
vn 0.998738 0.015520 -0.047768
vn 1.000000 0.000000 -0.000000
vn 0.925412 0.161259 -0.342942
vn 0.925412 0.182656 -0.332038
vn 0.385531 0.397546 -0.832660
vn 0.385530 0.439969 -0.811045
vn 0.998738 0.029521 -0.040635
vn 1.000000 0.000000 -0.000000
vn 0.925412 0.259338 -0.276327
vn 0.925412 0.276321 -0.259343
vn 0.385532 0.635392 -0.669061
vn 0.385531 0.669059 -0.635394
vn 0.998738 0.040634 -0.029520
vn 1.000000 -0.000000 -0.000000
vn 0.925411 0.332042 -0.182657
vn 0.925412 0.342942 -0.161259
vn 0.385530 0.811047 -0.439966
vn 0.385530 0.832662 -0.397544
vn 0.998738 0.047765 -0.015522
vn 1.000000 -0.000001 -0.000000
vn 0.925411 0.372233 -0.071114
vn 0.925410 0.375992 -0.047394
vn 0.385535 0.907306 -0.167806
vn 0.385536 0.914754 -0.120780
vn 0.998738 0.050226 -0.000000
vn 1.000000 -0.000000 0.000000
vn 0.925410 0.375992 0.047394
vn 0.925410 0.372234 0.071114
vn 0.385536 0.914754 0.120780
vn 0.385535 0.907306 0.167806
vn 0.998738 0.047767 0.015522
vn 1.000000 -0.000000 0.000000
vn 0.925411 0.342942 0.161261
vn 0.925411 0.332039 0.182659
vn 0.385531 0.832662 0.397542
vn 0.385531 0.811047 0.439964
vn 0.998738 0.040633 0.029522
vn 1.000000 -0.000001 0.000000
vn 0.925411 0.276326 0.259343
vn 0.925411 0.259344 0.276325
vn 0.385534 0.669058 0.635394
vn 0.385533 0.635391 0.669061
vn 0.998738 0.029521 0.040633
vn 1.000000 -0.000002 -0.000000
vn 0.925413 0.182656 0.332036
vn 0.925412 0.161259 0.342941
vn 0.385530 0.439966 0.811047
vn 0.385531 0.397543 0.832662
vn 0.998738 0.015518 0.047767
vn 1.000000 -0.000001 0.000000
vn 0.925410 0.071112 0.372236
vn 0.925409 0.047391 0.375995
vn 0.385532 0.167807 0.907307
vn 0.385533 0.120780 0.914755
vn 0.998738 0.000000 0.050226
vn 1.000000 0.000000 -0.000000
vn 0.925410 -0.047392 0.375993
vn 0.925411 -0.071112 0.372234
vn 0.385533 -0.120780 0.914755
vn 0.385532 -0.167808 0.907307
vn 0.998738 -0.015520 0.047768
vn 1.000000 0.000000 0.000001
vn 0.925409 -0.161261 0.342947
vn 0.925410 -0.182660 0.332041
vn 0.385530 -0.397544 0.832661
vn 0.385530 -0.439968 0.811046
vn 0.998738 -0.029524 0.040633
vn 1.000000 -0.000001 -0.000001
vn 0.925412 -0.259341 0.276324
vn 0.925412 -0.276323 0.259341
vn 0.385533 -0.635392 0.669060
vn 0.385532 -0.669060 0.635393
vn 0.998738 -0.040635 0.029522
vn 1.000000 -0.000002 -0.000001
vn 0.925411 -0.332039 0.182659
vn 0.925411 -0.342943 0.161258
vn 0.385530 -0.811046 0.439967
vn 0.385531 -0.832662 0.397543
vn 0.998738 -0.047768 0.015520
vn 1.000000 -0.000001 0.000000
vn 0.925413 -0.372229 0.071114
vn 0.925413 -0.375985 0.047392
vn 0.385534 -0.907306 0.167808
vn 0.385535 -0.914754 0.120781
vn 0.998738 -0.050226 0.000000
vn 1.000000 0.000001 0.000001
vn -0.926492 -0.357897 -0.116288
vn -0.388755 -0.876248 -0.284708
vn -0.926491 -0.304446 -0.221194
vn -0.388754 -0.745382 -0.541550
vn -0.926491 -0.221193 -0.304447
vn -0.388754 -0.541552 -0.745380
vn -0.926491 -0.116290 -0.357899
vn -0.388756 -0.284709 -0.876247
vn -0.926491 -0.000001 -0.376317
vn -0.388759 0.000000 -0.921340
vn -0.926491 0.116287 -0.357899
vn -0.388756 0.284709 -0.876248
vn -0.926492 0.221192 -0.304446
vn -0.388755 0.541551 -0.745381
vn -0.926491 0.304448 -0.221192
vn -0.388756 0.745381 -0.541550
vn -0.926492 0.357898 -0.116287
vn -0.388752 0.876248 -0.284711
vn -0.926491 0.376317 -0.000000
vn -0.388755 0.921341 0.000000
vn -0.926492 0.357898 0.116287
vn -0.388752 0.876248 0.284711
vn -0.926492 0.304446 0.221193
vn -0.388756 0.745380 0.541551
vn -0.926491 0.221193 0.304447
vn -0.388755 0.541550 0.745381
vn -0.926490 0.116290 0.357901
vn -0.388754 0.284711 0.876248
vn -0.926491 -0.000000 0.376318
vn -0.388755 -0.000000 0.921341
vn -0.926489 -0.116291 0.357902
vn -0.388754 -0.284710 0.876248
vn -0.926492 -0.221191 0.304447
vn -0.388754 -0.541552 0.745380
vn -0.926491 -0.304446 0.221194
vn -0.388755 -0.745381 0.541550
vn -0.926492 -0.357896 0.116289
vn -0.388755 -0.876248 0.284710
vn -0.926492 -0.376315 0.000000
vn -0.388755 -0.921341 0.000000
vn 0.926492 -0.357897 -0.116287
vn 0.388758 -0.876247 -0.284708
vn 0.926490 -0.304451 -0.221192
vn 0.388757 -0.745380 -0.541551
vn 0.926493 -0.221188 -0.304446
vn 0.388757 -0.541552 -0.745379
vn 0.926491 -0.116287 -0.357899
vn 0.388756 -0.284709 -0.876248
vn 0.926492 0.000000 -0.376315
vn 0.388757 -0.000002 -0.921340
vn 0.926492 0.116285 -0.357898
vn 0.388757 0.284708 -0.876247
vn 0.926492 0.221187 -0.304448
vn 0.388754 0.541550 -0.745381
vn 0.926491 0.304449 -0.221192
vn 0.388756 0.745379 -0.541552
vn 0.926491 0.357898 -0.116286
vn 0.388756 0.876247 -0.284710
vn 0.926490 0.376320 -0.000000
vn 0.388758 0.921340 0.000000
vn 0.926491 0.357900 0.116289
vn 0.388757 0.876247 0.284711
vn 0.926491 0.304447 0.221192
vn 0.388758 0.745379 0.541551
vn 0.926493 0.221190 0.304443
vn 0.388754 0.541550 0.745382
vn 0.926491 0.116286 0.357899
vn 0.388756 0.284711 0.876247
vn 0.926488 0.000000 0.376323
vn 0.388757 0.000000 0.921340
vn 0.926490 -0.116287 0.357903
vn 0.388755 -0.284712 0.876247
vn 0.926491 -0.221193 0.304446
vn 0.388756 -0.541551 0.745381
vn 0.926491 -0.304448 0.221193
vn 0.388756 -0.745379 0.541552
vn 0.926491 -0.357900 0.116288
vn 0.388758 -0.876246 0.284710
vn 0.926491 -0.376316 0.000000
vn 0.388757 -0.921340 -0.000000
vn -1.000000 0.000000 0.000000
vn 1.000000 -0.000000 0.000000
vn 0.000000 0.000000 1.000000
vn 0.000000 0.000000 1.000000
vn 0.000000 0.000000 1.000000
vn 0.000000 0.000000 1.000000
vn 0.000000 1.000000 0.000000
vn 0.000000 1.000000 0.000000
vn 0.000000 1.000000 0.000000
vn 0.000000 1.000000 0.000000
vn 0.000000 0.000000 -1.000000
vn 0.000000 0.000000 -1.000000
vn 0.000000 0.000000 -1.000000
vn 0.000000 0.000000 -1.000000
vn 0.000000 -1.000000 0.000000
vn 0.000000 -1.000000 0.000000
vn 0.000000 -1.000000 0.000000
vn 0.000000 -1.000000 0.000000
vn 1.000000 0.000000 0.000000
vn 1.000000 0.000000 0.000000
vn 1.000000 0.000000 0.000000
vn 1.000000 0.000000 0.000000
vn -1.000000 0.000000 0.000000
vn -1.000000 0.000000 0.000000
vn -1.000000 0.000000 0.000000
vn -1.000000 0.000000 0.000000
vn 0.000000 1.000000 0.000000
vn 0.000000 1.000000 0.000000
vn 0.000000 1.000000 0.000000
vn 0.000000 1.000000 0.000000
vn 0.000000 0.000000 -1.000000
vn 0.000000 0.000000 -1.000000
vn 0.000000 0.000000 -1.000000
vn 0.000000 0.000000 -1.000000
vn 0.000000 -1.000000 0.000000
vn 0.000000 -1.000000 0.000000
vn 0.000000 -1.000000 0.000000
vn 0.000000 -1.000000 0.000000
vn 0.000000 0.000000 1.000000
vn 0.000000 0.000000 1.000000
vn 0.000000 0.000000 1.000000
vn 0.000000 0.000000 1.000000
vn 1.000000 0.000000 0.000000
vn 1.000000 0.000000 0.000000
vn 1.000000 0.000000 0.000000
vn 1.000000 0.000000 0.000000
vn -1.000000 0.000000 0.000000
vn -1.000000 0.000000 0.000000
vn -1.000000 0.000000 0.000000
vn -1.000000 0.000000 0.000000
vn 0.000000 0.000000 -1.000000
vn 0.000000 0.000000 -1.000000
vn 0.000000 0.000000 -1.000000
vn 0.000000 0.000000 -1.000000
vn 0.000000 -1.000000 0.000000
vn 0.000000 -1.000000 0.000000
vn 0.000000 -1.000000 0.000000
vn 0.000000 -1.000000 0.000000
vn 0.000000 0.000000 1.000000
vn 0.000000 0.000000 1.000000
vn 0.000000 0.000000 1.000000
vn 0.000000 0.000000 1.000000
vn 0.000000 1.000000 0.000000
vn 0.000000 1.000000 0.000000
vn 0.000000 1.000000 0.000000
vn 0.000000 1.000000 0.000000
vn 1.000000 0.000000 0.000000
vn 1.000000 0.000000 0.000000
vn 1.000000 0.000000 0.000000
vn 1.000000 0.000000 0.000000
vn -1.000000 0.000000 0.000000
vn -1.000000 0.000000 0.000000
vn -1.000000 0.000000 0.000000
vn -1.000000 0.000000 0.000000
vn 0.000000 -1.000000 0.000000
vn 0.000000 -1.000000 0.000000
vn 0.000000 -1.000000 0.000000
vn 0.000000 -1.000000 0.000000
vn 0.000000 0.000000 1.000000
vn 0.000000 0.000000 1.000000
vn 0.000000 0.000000 1.000000
vn 0.000000 0.000000 1.000000
vn 0.000000 1.000000 0.000000
vn 0.000000 1.000000 0.000000
vn 0.000000 1.000000 0.000000
vn 0.000000 1.000000 0.000000
vn 0.000000 0.000000 -1.000000
vn 0.000000 0.000000 -1.000000
vn 0.000000 0.000000 -1.000000
vn 0.000000 0.000000 -1.000000
vn 1.000000 0.000000 0.000000
vn 1.000000 0.000000 0.000000
vn 1.000000 0.000000 0.000000
vn 1.000000 0.000000 0.000000
vn -1.000000 0.000000 0.000000
vn -1.000000 0.000000 0.000000
vn -1.000000 0.000000 0.000000
vn -1.000000 0.000000 0.000000
vn 0.000000 0.707107 0.707107
vn 0.000000 0.707107 0.707107
vn 0.000000 0.707107 0.707107
vn 0.000000 0.707107 0.707107
vn 0.000000 0.707107 -0.707107
vn 0.000000 0.707107 -0.707107
vn 0.000000 0.707107 -0.707107
vn 0.000000 0.707107 -0.707107
vn 0.000000 -0.707107 -0.707107
vn 0.000000 -0.707107 -0.707107
vn 0.000000 -0.707107 -0.707107
vn 0.000000 -0.707107 -0.707107
vn 0.000000 -0.707107 0.707107
vn 0.000000 -0.707107 0.707107
vn 0.000000 -0.707107 0.707107
vn 0.000000 -0.707107 0.707107
vn 1.000000 0.000000 0.000000
vn 1.000000 0.000000 0.000000
vn 1.000000 0.000000 0.000000
vn 1.000000 0.000000 0.000000
vn -1.000000 0.000000 0.000000
vn -1.000000 0.000000 0.000000
vn -1.000000 0.000000 0.000000
vn -1.000000 0.000000 0.000000
vn 0.000000 0.707107 -0.707107
vn 0.000000 0.707107 -0.707107
vn 0.000000 0.707107 -0.707107
vn 0.000000 0.707107 -0.707107
vn 0.000000 -0.707107 -0.707107
vn 0.000000 -0.707107 -0.707107
vn 0.000000 -0.707107 -0.707107
vn 0.000000 -0.707107 -0.707107
vn 0.000000 -0.707107 0.707107
vn 0.000000 -0.707107 0.707107
vn 0.000000 -0.707107 0.707107
vn 0.000000 -0.707107 0.707107
vn 0.000000 0.707107 0.707107
vn 0.000000 0.707107 0.707107
vn 0.000000 0.707107 0.707107
vn 0.000000 0.707107 0.707107
vn 1.000000 0.000000 0.000000
vn 1.000000 0.000000 0.000000
vn 1.000000 0.000000 0.000000
vn 1.000000 0.000000 0.000000
vn -1.000000 0.000000 0.000000
vn -1.000000 0.000000 0.000000
vn -1.000000 0.000000 0.000000
vn -1.000000 0.000000 0.000000
vn 0.000000 -0.707107 -0.707107
vn 0.000000 -0.707107 -0.707107
vn 0.000000 -0.707107 -0.707107
vn 0.000000 -0.707107 -0.707107
vn 0.000000 -0.707107 0.707107
vn 0.000000 -0.707107 0.707107
vn 0.000000 -0.707107 0.707107
vn 0.000000 -0.707107 0.707107
vn 0.000000 0.707107 0.707107
vn 0.000000 0.707107 0.707107
vn 0.000000 0.707107 0.707107
vn 0.000000 0.707107 0.707107
vn 0.000000 0.707107 -0.707107
vn 0.000000 0.707107 -0.707107
vn 0.000000 0.707107 -0.707107
vn 0.000000 0.707107 -0.707107
vn 1.000000 0.000000 0.000000
vn 1.000000 0.000000 0.000000
vn 1.000000 0.000000 0.000000
vn 1.000000 0.000000 0.000000
vn -1.000000 0.000000 0.000000
vn -1.000000 0.000000 0.000000
vn -1.000000 0.000000 0.000000
vn -1.000000 0.000000 0.000000
vn 0.000000 -0.707107 0.707107
vn 0.000000 -0.707107 0.707107
vn 0.000000 -0.707107 0.707107
vn 0.000000 -0.707107 0.707107
vn 0.000000 0.707107 0.707107
vn 0.000000 0.707107 0.707107
vn 0.000000 0.707107 0.707107
vn 0.000000 0.707107 0.707107
vn 0.000000 0.707107 -0.707107
vn 0.000000 0.707107 -0.707107
vn 0.000000 0.707107 -0.707107
vn 0.000000 0.707107 -0.707107
vn 0.000000 -0.707107 -0.707107
vn 0.000000 -0.707107 -0.707107
vn 0.000000 -0.707107 -0.707107
vn 0.000000 -0.707107 -0.707107
vn 1.000000 0.000000 0.000000
vn 1.000000 0.000000 0.000000
vn 1.000000 0.000000 0.000000
vn 1.000000 0.000000 0.000000
vn -1.000000 0.000000 0.000000
vn -1.000000 0.000000 0.000000
vn -1.000000 0.000000 0.000000
vn -1.000000 0.000000 0.000000
vn 0.000000 -0.951057 -0.309016
vn 0.000000 -0.809017 -0.587785
vn 0.000000 -0.809017 -0.587785
vn 0.000000 -0.951057 -0.309016
vn 0.000000 -0.587785 -0.809017
vn 0.000000 -0.587785 -0.809017
vn 0.000000 -0.309017 -0.951057
vn 0.000000 -0.309017 -0.951057
vn 0.000000 0.000000 -1.000000
vn 0.000000 0.000000 -1.000000
vn 0.000000 0.309017 -0.951056
vn 0.000000 0.309017 -0.951056
vn 0.000000 0.587785 -0.809017
vn 0.000000 0.587785 -0.809017
vn 0.000000 0.809017 -0.587785
vn 0.000000 0.809017 -0.587785
vn 0.000000 0.951057 -0.309017
vn 0.000000 0.951057 -0.309017
vn 0.000000 1.000000 0.000000
vn 0.000000 1.000000 0.000000
vn 0.000000 0.951057 0.309017
vn 0.000000 0.951057 0.309017
vn 0.000000 0.809017 0.587785
vn 0.000000 0.809017 0.587785
vn 0.000000 0.587785 0.809017
vn 0.000000 0.587785 0.809017
vn 0.000000 0.309017 0.951057
vn 0.000000 0.309017 0.951057
vn 0.000000 0.000000 1.000000
vn 0.000000 0.000000 1.000000
vn 0.000000 -0.309017 0.951057
vn 0.000000 -0.309017 0.951057
vn 0.000000 -0.587785 0.809017
vn 0.000000 -0.587785 0.809017
vn 0.000000 -0.809017 0.587785
vn 0.000000 -0.809017 0.587785
vn 0.000000 -0.951057 0.309017
vn 0.000000 -0.951057 0.309017
vn 0.000000 -1.000000 0.000001
vn 0.000000 -1.000000 0.000001
vn -1.000000 -0.000001 0.000000
vn -1.000000 0.000001 0.000000
vn -1.000000 -0.000000 0.000000
vn -1.000000 -0.000002 0.000000
vn -1.000000 0.000000 0.000000
vn -1.000000 0.000000 0.000000
vn -1.000000 0.000000 0.000000
vn -1.000000 0.000000 0.000000
vn -1.000000 0.000000 0.000000
vn -1.000000 0.000000 0.000000
vn -1.000000 0.000000 0.000000
vn -1.000000 0.000001 0.000000
vn -1.000000 -0.000001 0.000000
vn -1.000000 -0.000002 0.000000
vn -1.000000 0.000002 0.000000
vn -1.000000 -0.000000 0.000000
vn -1.000000 -0.000002 0.000000
vn -1.000000 0.000000 0.000000
vn -1.000000 -0.000001 0.000000
vn -1.000000 -0.000001 0.000000
vn -1.000000 0.000000 0.000000
vn 1.000000 0.000000 0.000000
vn 1.000000 0.000000 0.000000
vn 1.000000 -0.000000 0.000000
vn 1.000000 0.000000 0.000000
vn 1.000000 -0.000002 0.000000
vn 1.000000 -0.000002 0.000000
vn 1.000000 0.000000 0.000000
vn 1.000000 0.000000 0.000000
vn 1.000000 -0.000001 0.000000
vn 1.000000 -0.000001 0.000000
vn 1.000000 0.000000 0.000000
vn 1.000000 -0.000000 0.000000
vn 1.000000 -0.000000 0.000000
vn 1.000000 0.000000 0.000000
vn 1.000000 0.000002 0.000000
vn 1.000000 -0.000000 0.000000
vn 1.000000 -0.000002 0.000000
vn 1.000000 0.000000 0.000000
vn 1.000000 0.000001 0.000000
vn 1.000000 0.000001 0.000000
vn 1.000000 0.000000 0.000000
vn -0.000000 -0.951057 -0.309016
vn -0.000000 -0.809017 -0.587785
vn -0.000000 -0.809017 -0.587785
vn -0.000000 -0.951057 -0.309016
vn -0.000000 -0.587785 -0.809017
vn -0.000000 -0.587785 -0.809017
vn 0.000000 -0.309017 -0.951057
vn 0.000000 -0.309017 -0.951057
vn 0.000000 0.000000 -1.000000
vn 0.000000 0.000000 -1.000000
vn 0.000000 0.309017 -0.951056
vn 0.000000 0.309017 -0.951056
vn 0.000000 0.587786 -0.809017
vn 0.000000 0.587786 -0.809017
vn 0.000000 0.809017 -0.587785
vn 0.000000 0.809017 -0.587785
vn -0.000000 0.951057 -0.309017
vn -0.000000 0.951057 -0.309017
vn -0.000000 1.000000 0.000000
vn -0.000000 1.000000 0.000000
vn -0.000000 0.951057 0.309017
vn -0.000000 0.951057 0.309017
vn -0.000000 0.809017 0.587785
vn -0.000000 0.809017 0.587785
vn 0.000000 0.587785 0.809017
vn 0.000000 0.587785 0.809017
vn 0.000000 0.309017 0.951057
vn 0.000000 0.309017 0.951057
vn 0.000000 0.000000 1.000000
vn 0.000000 -0.000000 1.000000
vn -0.000000 -0.309017 0.951057
vn -0.000000 -0.309017 0.951057
vn -0.000000 -0.587785 0.809017
vn -0.000000 -0.587785 0.809017
vn -0.000000 -0.809017 0.587785
vn -0.000000 -0.809017 0.587785
vn -0.000000 -0.951057 0.309017
vn -0.000000 -0.951057 0.309017
vn -0.000000 -1.000000 0.000001
vn -0.000000 -1.000000 0.000001
vn -1.000000 0.000000 0.000000
vn -1.000000 0.000001 0.000000
vn -1.000000 -0.000000 0.000000
vn -1.000000 -0.000001 0.000000
vn -1.000000 0.000001 0.000000
vn -1.000000 0.000001 0.000000
vn -1.000000 0.000000 0.000000
vn -1.000000 0.000000 0.000000
vn -1.000000 -0.000000 0.000000
vn -1.000000 -0.000000 0.000000
vn -1.000000 0.000000 0.000000
vn -1.000000 -0.000001 0.000000
vn -1.000000 -0.000001 0.000000
vn -1.000000 0.000000 0.000000
vn -1.000000 0.000000 0.000000
vn -1.000000 -0.000002 0.000000
vn -1.000000 -0.000000 0.000000
vn -1.000000 0.000002 0.000000
vn -1.000000 0.000000 0.000000
vn -1.000000 0.000000 0.000000
vn -1.000000 0.000000 0.000000
vn 1.000000 0.000000 0.000000
vn 1.000000 0.000000 0.000000
vn 1.000000 0.000000 0.000000
vn 1.000000 0.000000 0.000000
vn 1.000000 0.000000 0.000000
vn 1.000000 0.000001 0.000000
vn 1.000000 0.000001 -0.000000
vn 1.000000 0.000000 -0.000000
vn 1.000000 0.000000 0.000000
vn 1.000000 0.000000 0.000000
vn 1.000000 0.000000 0.000000
vn 1.000000 0.000000 0.000000
vn 1.000000 0.000000 0.000000
vn 1.000000 0.000000 0.000000
vn 1.000000 0.000000 0.000000
vn 1.000000 -0.000001 0.000000
vn 1.000000 -0.000000 0.000000
vn 1.000000 0.000000 0.000000
vn 1.000000 -0.000001 -0.000000
vn 1.000000 0.000000 0.000000
vn 1.000000 0.000000 0.000000
vn -0.000000 -0.951057 -0.309016
vn -0.000000 -0.809017 -0.587785
vn -0.000000 -0.809017 -0.587785
vn -0.000000 -0.951057 -0.309016
vn -0.000000 -0.587785 -0.809017
vn -0.000000 -0.587785 -0.809017
vn -0.000000 -0.309017 -0.951057
vn -0.000000 -0.309017 -0.951057
vn -0.000000 0.000000 -1.000000
vn -0.000000 0.000000 -1.000000
vn -0.000000 0.309017 -0.951057
vn -0.000000 0.309017 -0.951056
vn -0.000000 0.587786 -0.809017
vn -0.000000 0.587786 -0.809017
vn 0.000000 0.809017 -0.587785
vn 0.000000 0.809017 -0.587785
vn 0.000000 0.951057 -0.309017
vn 0.000000 0.951057 -0.309017
vn 0.000000 1.000000 0.000000
vn 0.000000 1.000000 0.000000
vn 0.000000 0.951057 0.309017
vn 0.000000 0.951057 0.309017
vn -0.000000 0.809017 0.587785
vn -0.000000 0.809017 0.587785
vn -0.000000 0.587785 0.809017
vn -0.000000 0.587785 0.809017
vn -0.000000 0.309017 0.951057
vn -0.000000 0.309017 0.951057
vn 0.000000 -0.000000 1.000000
vn 0.000000 -0.000000 1.000000
vn -0.000000 -0.309017 0.951057
vn -0.000000 -0.309017 0.951056
vn -0.000000 -0.587785 0.809017
vn -0.000000 -0.587785 0.809017
vn 0.000000 -0.809017 0.587785
vn 0.000000 -0.809017 0.587785
vn 0.000000 -0.951057 0.309017
vn 0.000000 -0.951057 0.309017
vn 0.000000 -1.000000 0.000001
vn 0.000000 -1.000000 0.000001
vn -1.000000 0.000000 0.000001
vn -1.000000 0.000000 0.000001
vn -1.000000 -0.000000 -0.000000
vn -1.000000 0.000001 -0.000000
vn -1.000000 0.000001 -0.000000
vn -1.000000 0.000000 0.000000
vn -1.000000 0.000000 0.000000
vn -1.000000 -0.000001 0.000000
vn -1.000000 -0.000001 0.000000
vn -1.000000 -0.000000 -0.000001
vn -1.000000 -0.000001 0.000000
vn -1.000000 -0.000000 0.000001
vn -1.000000 0.000001 -0.000001
vn -1.000000 0.000001 -0.000001
vn -1.000000 -0.000002 -0.000000
vn -1.000000 -0.000002 0.000000
vn -1.000000 0.000000 0.000000
vn -1.000000 0.000001 0.000000
vn -1.000000 0.000001 0.000000
vn -1.000000 0.000000 -0.000001
vn -1.000000 0.000000 -0.000001
vn 1.000000 0.000000 -0.000000
vn 1.000000 0.000000 -0.000000
vn 1.000000 0.000000 0.000000
vn 1.000000 0.000000 0.000000
vn 1.000000 0.000000 0.000000
vn 1.000000 0.000000 0.000000
vn 1.000000 0.000000 0.000000
vn 1.000000 0.000000 0.000000
vn 1.000000 0.000000 0.000000
vn 1.000000 0.000000 0.000000
vn 1.000000 0.000000 0.000000
vn 1.000000 -0.000000 0.000000
vn 1.000000 0.000000 0.000000
vn 1.000000 0.000000 0.000000
vn 1.000000 0.000000 0.000000
vn 1.000000 0.000000 0.000000
vn 1.000000 0.000000 0.000000
vn 1.000000 -0.000001 -0.000000
vn 1.000000 -0.000001 -0.000000
vn 1.000000 0.000000 0.000001
vn 1.000000 0.000000 0.000001
vn 0.148756 -0.987692 -0.048334
vn 0.126539 -0.987692 -0.091936
vn 0.249965 -0.951071 -0.181610
vn 0.293852 -0.951071 -0.095478
vn 0.091936 -0.987692 -0.126539
vn 0.181610 -0.951071 -0.249965
vn 0.048334 -0.987692 -0.148755
vn 0.095478 -0.951071 -0.293851
vn -0.000000 -0.987692 -0.156411
vn -0.000000 -0.951071 -0.308974
vn -0.048334 -0.987692 -0.148755
vn -0.095478 -0.951070 -0.293852
vn -0.091936 -0.987692 -0.126539
vn -0.181610 -0.951070 -0.249965
vn -0.126539 -0.987692 -0.091936
vn -0.249965 -0.951071 -0.181610
vn -0.148755 -0.987692 -0.048334
vn -0.293852 -0.951070 -0.095478
vn -0.156411 -0.987692 0.000000
vn -0.308974 -0.951071 -0.000000
vn -0.148756 -0.987692 0.048334
vn -0.293852 -0.951070 0.095478
vn -0.126539 -0.987692 0.091935
vn -0.249965 -0.951071 0.181610
vn -0.091936 -0.987692 0.126539
vn -0.181610 -0.951071 0.249965
vn -0.048334 -0.987692 0.148755
vn -0.095478 -0.951071 0.293852
vn 0.000000 -0.987692 0.156410
vn 0.000000 -0.951071 0.308974
vn 0.048334 -0.987692 0.148755
vn 0.095478 -0.951071 0.293852
vn 0.091936 -0.987692 0.126539
vn 0.181610 -0.951071 0.249965
vn 0.126539 -0.987692 0.091936
vn 0.249965 -0.951070 0.181610
vn 0.148756 -0.987692 0.048334
vn 0.293852 -0.951071 0.095478
vn 0.156411 -0.987692 0.000000
vn 0.308974 -0.951071 0.000000
vn 0.367241 -0.891035 -0.266816
vn 0.431718 -0.891035 -0.140273
vn 0.266816 -0.891035 -0.367241
vn 0.140274 -0.891035 -0.431718
vn -0.000000 -0.891035 -0.453935
vn -0.140274 -0.891035 -0.431718
vn -0.266816 -0.891035 -0.367241
vn -0.367241 -0.891035 -0.266816
vn -0.431718 -0.891035 -0.140274
vn -0.453935 -0.891035 0.000000
vn -0.431718 -0.891035 0.140274
vn -0.367241 -0.891035 0.266816
vn -0.266816 -0.891035 0.367241
vn -0.140274 -0.891035 0.431718
vn 0.000000 -0.891035 0.453935
vn 0.140274 -0.891035 0.431718
vn 0.266816 -0.891035 0.367241
vn 0.367241 -0.891035 0.266817
vn 0.431718 -0.891035 0.140274
vn 0.453935 -0.891035 0.000000
vn 0.475480 -0.809060 -0.345457
vn 0.558961 -0.809060 -0.181617
vn 0.345457 -0.809060 -0.475481
vn 0.181617 -0.809060 -0.558961
vn -0.000000 -0.809060 -0.587726
vn -0.181618 -0.809060 -0.558961
vn -0.345457 -0.809060 -0.475481
vn -0.475481 -0.809060 -0.345457
vn -0.558961 -0.809060 -0.181617
vn -0.587726 -0.809060 0.000000
vn -0.558961 -0.809060 0.181618
vn -0.475481 -0.809060 0.345457
vn -0.345457 -0.809060 0.475481
vn -0.181617 -0.809060 0.558961
vn -0.000000 -0.809060 0.587726
vn 0.181617 -0.809060 0.558961
vn 0.345457 -0.809060 0.475481
vn 0.475481 -0.809060 0.345457
vn 0.558961 -0.809060 0.181617
vn 0.587726 -0.809060 0.000001
vn 0.572017 -0.707161 -0.415595
vn 0.672447 -0.707161 -0.218490
vn 0.415595 -0.707161 -0.572018
vn 0.218491 -0.707161 -0.672447
vn -0.000000 -0.707161 -0.707053
vn -0.218491 -0.707161 -0.672447
vn -0.415595 -0.707161 -0.572018
vn -0.572018 -0.707161 -0.415595
vn -0.672447 -0.707161 -0.218491
vn -0.707053 -0.707161 -0.000000
vn -0.672447 -0.707161 0.218491
vn -0.572018 -0.707161 0.415595
vn -0.415595 -0.707161 0.572018
vn -0.218491 -0.707161 0.672447
vn 0.000000 -0.707161 0.707053
vn 0.218491 -0.707161 0.672447
vn 0.415595 -0.707161 0.572018
vn 0.572018 -0.707161 0.415595
vn 0.672447 -0.707161 0.218491
vn 0.707053 -0.707161 0.000001
vn 0.654474 -0.587844 -0.475503
vn 0.769381 -0.587844 -0.249986
vn 0.475503 -0.587844 -0.654474
vn 0.249987 -0.587844 -0.769381
vn -0.000000 -0.587844 -0.808974
vn -0.249987 -0.587844 -0.769380
vn -0.475503 -0.587844 -0.654474
vn -0.654474 -0.587844 -0.475503
vn -0.769380 -0.587844 -0.249987
vn -0.808974 -0.587844 -0.000000
vn -0.769380 -0.587844 0.249987
vn -0.654474 -0.587844 0.475503
vn -0.475503 -0.587844 0.654474
vn -0.249987 -0.587844 0.769380
vn 0.000000 -0.587844 0.808974
vn 0.249987 -0.587844 0.769380
vn 0.475503 -0.587844 0.654474
vn 0.654474 -0.587844 0.475503
vn 0.769380 -0.587844 0.249987
vn 0.808975 -0.587844 0.000001
vn 0.720817 -0.454045 -0.523704
vn 0.847371 -0.454045 -0.275327
vn 0.523704 -0.454045 -0.720817
vn 0.275327 -0.454045 -0.847371
vn -0.000000 -0.454045 -0.890979
vn -0.275328 -0.454045 -0.847371
vn -0.523704 -0.454045 -0.720817
vn -0.720817 -0.454045 -0.523704
vn -0.847371 -0.454045 -0.275328
vn -0.890979 -0.454045 -0.000000
vn -0.847371 -0.454045 0.275328
vn -0.720817 -0.454045 0.523704
vn -0.523704 -0.454045 0.720817
vn -0.275328 -0.454045 0.847371
vn 0.000000 -0.454045 0.890979
vn 0.275328 -0.454045 0.847371
vn 0.523704 -0.454045 0.720817
vn 0.720817 -0.454045 0.523704
vn 0.847371 -0.454045 0.275327
vn 0.890979 -0.454045 0.000001
vn 0.769410 -0.309059 -0.559009
vn 0.904496 -0.309059 -0.293887
vn 0.559009 -0.309059 -0.769410
vn 0.293888 -0.309059 -0.904495
vn -0.000000 -0.309059 -0.951043
vn -0.293889 -0.309059 -0.904495
vn -0.559009 -0.309059 -0.769410
vn -0.769410 -0.309059 -0.559009
vn -0.904496 -0.309059 -0.293888
vn -0.951043 -0.309059 -0.000000
vn -0.904495 -0.309059 0.293888
vn -0.769410 -0.309059 0.559009
vn -0.559009 -0.309059 0.769410
vn -0.293888 -0.309059 0.904496
vn 0.000000 -0.309059 0.951043
vn 0.293889 -0.309059 0.904495
vn 0.559009 -0.309059 0.769410
vn 0.769410 -0.309059 0.559009
vn 0.904496 -0.309059 0.293888
vn 0.951043 -0.309059 0.000001
vn 0.799054 -0.156457 -0.580547
vn 0.939344 -0.156457 -0.305210
vn 0.580546 -0.156457 -0.799054
vn 0.305211 -0.156457 -0.939344
vn 0.000000 -0.156457 -0.987685
vn -0.305212 -0.156457 -0.939344
vn -0.580547 -0.156457 -0.799054
vn -0.799054 -0.156457 -0.580546
vn -0.939344 -0.156457 -0.305211
vn -0.987685 -0.156457 0.000000
vn -0.939344 -0.156457 0.305211
vn -0.799054 -0.156457 0.580547
vn -0.580546 -0.156457 0.799054
vn -0.305211 -0.156457 0.939344
vn 0.000000 -0.156457 0.987685
vn 0.305211 -0.156457 0.939344
vn 0.580547 -0.156457 0.799054
vn 0.799054 -0.156457 0.580547
vn 0.939344 -0.156457 0.305211
vn 0.987685 -0.156457 0.000001
vn 0.809017 0.000000 -0.587785
vn 0.951057 0.000000 -0.309016
vn 0.587785 -0.000000 -0.809017
vn 0.309017 -0.000000 -0.951057
vn 0.000000 0.000000 -1.000000
vn -0.309017 -0.000000 -0.951056
vn -0.587786 -0.000000 -0.809017
vn -0.809017 0.000000 -0.587785
vn -0.951057 0.000000 -0.309017
vn -1.000000 -0.000000 0.000000
vn -0.951057 -0.000000 0.309017
vn -0.809017 0.000000 0.587785
vn -0.587785 -0.000000 0.809017
vn -0.309017 -0.000000 0.951057
vn 0.000000 0.000000 1.000000
vn 0.309017 0.000000 0.951057
vn 0.587785 0.000000 0.809017
vn 0.809017 0.000000 0.587785
vn 0.951057 -0.000000 0.309017
vn 1.000000 -0.000000 0.000001
vn 0.799054 0.156457 -0.580547
vn 0.939344 0.156457 -0.305210
vn 0.580546 0.156457 -0.799054
vn 0.305211 0.156457 -0.939344
vn 0.000000 0.156457 -0.987685
vn -0.305212 0.156457 -0.939344
vn -0.580547 0.156457 -0.799054
vn -0.799054 0.156457 -0.580546
vn -0.939344 0.156457 -0.305211
vn -0.987685 0.156457 0.000000
vn -0.939344 0.156457 0.305211
vn -0.799054 0.156457 0.580547
vn -0.580546 0.156457 0.799054
vn -0.305211 0.156457 0.939344
vn 0.000000 0.156457 0.987685
vn 0.305211 0.156457 0.939344
vn 0.580547 0.156457 0.799054
vn 0.799054 0.156457 0.580547
vn 0.939344 0.156457 0.305211
vn 0.987685 0.156457 0.000001
vn 0.769410 0.309059 -0.559009
vn 0.904496 0.309059 -0.293887
vn 0.559009 0.309059 -0.769410
vn 0.293888 0.309059 -0.904495
vn -0.000000 0.309059 -0.951043
vn -0.293889 0.309059 -0.904495
vn -0.559009 0.309059 -0.769410
vn -0.769410 0.309059 -0.559009
vn -0.904496 0.309059 -0.293888
vn -0.951043 0.309059 -0.000000
vn -0.904495 0.309059 0.293888
vn -0.769410 0.309059 0.559009
vn -0.559009 0.309059 0.769410
vn -0.293888 0.309059 0.904496
vn 0.000000 0.309059 0.951043
vn 0.293888 0.309059 0.904495
vn 0.559009 0.309059 0.769410
vn 0.769410 0.309059 0.559009
vn 0.904496 0.309059 0.293888
vn 0.951043 0.309059 0.000001
vn 0.720817 0.454045 -0.523704
vn 0.847371 0.454045 -0.275327
vn 0.523704 0.454045 -0.720817
vn 0.275327 0.454045 -0.847371
vn -0.000000 0.454045 -0.890979
vn -0.275328 0.454045 -0.847371
vn -0.523704 0.454045 -0.720817
vn -0.720817 0.454045 -0.523704
vn -0.847371 0.454045 -0.275327
vn -0.890979 0.454045 -0.000000
vn -0.847371 0.454045 0.275328
vn -0.720817 0.454045 0.523704
vn -0.523704 0.454045 0.720817
vn -0.275328 0.454045 0.847371
vn 0.000000 0.454045 0.890979
vn 0.275328 0.454045 0.847371
vn 0.523704 0.454045 0.720817
vn 0.720817 0.454045 0.523704
vn 0.847371 0.454045 0.275327
vn 0.890979 0.454045 0.000001
vn 0.654474 0.587844 -0.475503
vn 0.769381 0.587844 -0.249986
vn 0.475503 0.587844 -0.654474
vn 0.249987 0.587844 -0.769381
vn -0.000000 0.587844 -0.808974
vn -0.249987 0.587844 -0.769380
vn -0.475503 0.587844 -0.654474
vn -0.654474 0.587844 -0.475503
vn -0.769380 0.587844 -0.249987
vn -0.808974 0.587844 -0.000000
vn -0.769380 0.587844 0.249987
vn -0.654474 0.587844 0.475503
vn -0.475503 0.587844 0.654474
vn -0.249987 0.587844 0.769380
vn 0.000000 0.587844 0.808974
vn 0.249987 0.587844 0.769380
vn 0.475503 0.587844 0.654474
vn 0.654474 0.587844 0.475503
vn 0.769381 0.587844 0.249987
vn 0.808975 0.587844 0.000001
vn 0.572017 0.707161 -0.415595
vn 0.672447 0.707161 -0.218491
vn 0.415595 0.707161 -0.572018
vn 0.218491 0.707161 -0.672447
vn -0.000000 0.707161 -0.707053
vn -0.218491 0.707161 -0.672447
vn -0.415595 0.707161 -0.572018
vn -0.572018 0.707161 -0.415595
vn -0.672447 0.707161 -0.218491
vn -0.707053 0.707161 0.000000
vn -0.672447 0.707161 0.218491
vn -0.572018 0.707161 0.415595
vn -0.415595 0.707161 0.572018
vn -0.218491 0.707161 0.672447
vn 0.000000 0.707161 0.707053
vn 0.218491 0.707161 0.672447
vn 0.415595 0.707161 0.572018
vn 0.572018 0.707161 0.415595
vn 0.672447 0.707161 0.218491
vn 0.707053 0.707161 0.000001
vn 0.475480 0.809060 -0.345457
vn 0.558961 0.809060 -0.181617
vn 0.345457 0.809060 -0.475481
vn 0.181617 0.809060 -0.558961
vn -0.000000 0.809060 -0.587726
vn -0.181618 0.809060 -0.558961
vn -0.345457 0.809060 -0.475481
vn -0.475481 0.809060 -0.345457
vn -0.558961 0.809060 -0.181617
vn -0.587726 0.809060 0.000000
vn -0.558961 0.809060 0.181618
vn -0.475481 0.809060 0.345457
vn -0.345457 0.809060 0.475481
vn -0.181617 0.809060 0.558961
vn -0.000000 0.809060 0.587726
vn 0.181617 0.809060 0.558961
vn 0.345457 0.809060 0.475481
vn 0.475481 0.809060 0.345457
vn 0.558961 0.809060 0.181617
vn 0.587726 0.809060 0.000001
vn 0.367241 0.891035 -0.266817
vn 0.431718 0.891035 -0.140273
vn 0.266816 0.891035 -0.367241
vn 0.140274 0.891035 -0.431718
vn -0.000000 0.891035 -0.453935
vn -0.140274 0.891035 -0.431718
vn -0.266816 0.891035 -0.367241
vn -0.367241 0.891035 -0.266816
vn -0.431718 0.891035 -0.140274
vn -0.453935 0.891035 0.000000
vn -0.431718 0.891035 0.140274
vn -0.367241 0.891035 0.266816
vn -0.266816 0.891035 0.367241
vn -0.140274 0.891035 0.431718
vn 0.000000 0.891035 0.453935
vn 0.140274 0.891035 0.431718
vn 0.266816 0.891035 0.367241
vn 0.367241 0.891035 0.266817
vn 0.431718 0.891035 0.140274
vn 0.453935 0.891035 0.000000
vn 0.249965 0.951071 -0.181611
vn 0.293852 0.951071 -0.095478
vn 0.181610 0.951071 -0.249965
vn 0.095478 0.951071 -0.293852
vn -0.000000 0.951071 -0.308974
vn -0.095478 0.951071 -0.293851
vn -0.181610 0.951071 -0.249965
vn -0.249965 0.951071 -0.181610
vn -0.293852 0.951071 -0.095478
vn -0.308974 0.951071 0.000000
vn -0.293852 0.951071 0.095479
vn -0.249965 0.951071 0.181610
vn -0.181610 0.951071 0.249965
vn -0.095478 0.951071 0.293852
vn 0.000000 0.951071 0.308974
vn 0.095478 0.951071 0.293852
vn 0.181610 0.951071 0.249965
vn 0.249965 0.951071 0.181610
vn 0.293852 0.951071 0.095478
vn 0.308974 0.951071 0.000000
vn 0.126539 0.987692 -0.091935
vn 0.148756 0.987692 -0.048333
vn 0.091936 0.987692 -0.126538
vn 0.048334 0.987692 -0.148756
vn -0.000000 0.987692 -0.156411
vn -0.048334 0.987692 -0.148755
vn -0.091936 0.987692 -0.126539
vn -0.126539 0.987692 -0.091935
vn -0.148755 0.987692 -0.048333
vn -0.156411 0.987692 0.000000
vn -0.148756 0.987692 0.048334
vn -0.126539 0.987692 0.091936
vn -0.091936 0.987692 0.126539
vn -0.048334 0.987692 0.148755
vn 0.000000 0.987692 0.156410
vn 0.048334 0.987692 0.148755
vn 0.091936 0.987692 0.126539
vn 0.126539 0.987692 0.091935
vn 0.148756 0.987692 0.048334
vn 0.156411 0.987692 0.000000
vn -0.000000 -1.000000 -0.000000
vn -0.000000 1.000000 0.000000
usemtl VRayMtl1SG
f 1/1/1 2/2/2 3/3/3
f 4/4/4 5/5/5 6/6/6 7/7/7
f 8/8/8 9/9/9 10/10/10 11/11/11
f 12/12/12 13/13/13 14/14/14
f 15/15/15 16/16/16 17/17/17
f 18/18/18 19/19/19 20/20/20 21/21/21
f 22/22/22 23/23/23 24/24/24
f 25/25/25 26/26/26 27/27/27 28/28/28
f 29/29/29 30/30/30 31/31/31
f 32/32/32 33/33/33 34/34/34 35/35/35
f 36/36/36 37/37/37 38/38/38
f 39/39/39 40/40/40 41/41/41 42/42/42
f 43/43/43 44/44/44 45/45/45
f 46/46/46 47/47/47 48/48/48 49/49/49
f 50/50/50 51/51/51 52/52/52
f 53/53/53 54/54/54 55/55/55 56/56/56
f 57/57/57 58/58/58 59/59/59
f 60/60/60 61/61/61 62/62/62 63/63/63
f 64/64/64 65/65/65 66/66/66
f 67/67/67 68/68/68 69/69/69 70/70/70
f 71/71/71 72/72/72 73/73/73
f 74/74/74 75/75/75 76/76/76 77/77/77
f 78/78/78 79/79/79 80/80/80
f 81/81/81 82/82/82 83/83/83 84/84/84
f 85/85/85 86/86/86 87/87/87
f 88/88/88 89/89/89 90/90/90 91/91/91
f 92/92/92 93/93/93 94/94/94
f 95/95/95 96/96/96 97/97/97 98/98/98
f 99/99/99 100/100/100 101/101/101
f 102/102/102 103/103/103 104/104/104 105/105/105
f 106/106/106 107/107/107 108/108/108
f 109/109/109 110/110/110 111/111/111 112/112/112
f 113/113/113 114/114/114 115/115/115
f 116/116/116 117/117/117 118/118/118 119/119/119
f 120/120/120 121/121/121 122/122/122
f 123/123/123 124/124/124 125/125/125 126/126/126
f 127/127/127 128/128/128 129/129/129
f 130/130/130 131/131/131 132/132/132 133/133/133
f 134/134/134 135/135/135 136/136/136
f 137/137/137 138/138/138 139/139/139 140/140/140
f 141/141/141 142/142/142 143/143/143
f 144/144/144 145/145/145 146/146/146
f 147/147/147 148/148/148 149/149/149
f 150/150/150 151/151/151 152/152/152
f 153/153/153 154/154/154 155/155/155
f 156/156/156 157/157/157 158/158/158
f 159/159/159 160/160/160 161/161/161
f 162/162/162 163/163/163 164/164/164
f 165/165/165 166/166/166 167/167/167
f 168/168/168 169/169/169 170/170/170
f 171/171/171 172/172/172 173/173/173
f 174/174/174 175/175/175 176/176/176
f 177/177/177 178/178/178 179/179/179
f 180/180/180 181/181/181 182/182/182
f 183/183/183 184/184/184 185/185/185
f 186/186/186 187/187/187 188/188/188
f 189/189/189 190/190/190 191/191/191
f 192/192/192 193/193/193 194/194/194
f 195/195/195 196/196/196 197/197/197
f 198/198/198 199/199/199 200/200/200
f 3/3/3 201/201/201 202/202/202 1/1/1
f 201/201/201 14/14/14 13/13/13 202/202/202
f 7/7/7 203/203/203 204/204/204 4/4/4
f 203/205/205 3/3/3 2/2/2 204/206/206
f 11/11/11 205/207/207 206/208/208 8/8/8
f 205/209/207 7/7/7 6/6/6 206/210/208
f 14/14/14 207/211/209 208/212/210 12/12/12
f 207/213/211 11/11/11 10/10/10 208/214/212
f 17/17/17 209/215/213 210/216/214 15/15/15
f 209/215/213 2/2/2 1/1/1 210/216/214
f 21/21/21 211/217/215 212/218/216 18/18/18
f 211/219/217 17/17/17 16/16/16 212/220/218
f 4/4/4 213/221/219 214/222/220 5/5/5
f 213/223/219 21/21/21 20/20/20 214/224/220
f 24/24/24 215/225/221 216/226/222 22/22/22
f 215/225/221 16/16/16 15/15/15 216/226/222
f 28/28/28 217/227/223 218/228/224 25/25/25
f 217/229/225 24/24/24 23/23/23 218/230/226
f 18/18/18 219/231/227 220/232/228 19/19/19
f 219/233/227 28/28/28 27/27/27 220/234/228
f 31/31/31 221/235/229 222/236/230 29/29/29
f 221/235/229 23/23/23 22/22/22 222/236/230
f 35/35/35 223/237/231 224/238/232 32/32/32
f 223/239/233 31/31/31 30/30/30 224/240/234
f 25/25/25 225/241/235 226/242/236 26/26/26
f 225/243/235 35/35/35 34/34/34 226/244/236
f 38/38/38 227/245/237 228/246/238 36/36/36
f 227/245/237 30/30/30 29/29/29 228/246/238
f 42/42/42 229/247/239 230/248/240 39/39/39
f 229/249/241 38/38/38 37/37/37 230/250/242
f 32/32/32 231/251/243 232/252/244 33/33/33
f 231/253/243 42/42/42 41/41/41 232/254/244
f 45/45/45 233/255/245 234/256/246 43/43/43
f 233/255/245 37/37/37 36/36/36 234/256/246
f 49/49/49 235/257/247 236/258/248 46/46/46
f 235/259/249 45/45/45 44/44/44 236/260/250
f 39/39/39 237/261/251 238/262/252 40/40/40
f 237/263/251 49/49/49 48/48/48 238/264/252
f 52/52/52 239/265/253 240/266/254 50/50/50
f 239/265/253 44/44/44 43/43/43 240/266/254
f 56/56/56 241/267/255 242/268/256 53/53/53
f 241/269/257 52/52/52 51/51/51 242/270/258
f 46/46/46 243/271/259 244/272/260 47/47/47
f 243/273/259 56/56/56 55/55/55 244/274/260
f 59/59/59 245/275/261 246/276/262 57/57/57
f 245/275/261 51/51/51 50/50/50 246/276/262
f 63/63/63 247/277/263 248/278/264 60/60/60
f 247/279/265 59/59/59 58/58/58 248/280/266
f 53/53/53 249/281/267 250/282/268 54/54/54
f 249/283/267 63/63/63 62/62/62 250/284/268
f 66/66/66 251/285/269 252/286/270 64/64/64
f 251/285/269 58/58/58 57/57/57 252/286/270
f 70/70/70 253/287/271 254/288/272 67/67/67
f 253/289/273 66/66/66 65/65/65 254/290/274
f 60/60/60 255/291/275 256/292/276 61/61/61
f 255/293/275 70/70/70 69/69/69 256/294/276
f 73/73/73 257/295/277 258/296/278 71/71/71
f 257/295/277 65/65/65 64/64/64 258/296/278
f 77/77/77 259/297/279 260/298/280 74/74/74
f 259/299/281 73/73/73 72/72/72 260/300/282
f 67/67/67 261/301/283 262/302/284 68/68/68
f 261/303/283 77/77/77 76/76/76 262/304/284
f 80/80/80 263/305/285 264/306/286 78/78/78
f 263/305/285 72/72/72 71/71/71 264/306/286
f 84/84/84 265/307/287 266/308/288 81/81/81
f 265/309/289 80/80/80 79/79/79 266/310/290
f 74/74/74 267/311/291 268/312/292 75/75/75
f 267/313/291 84/84/84 83/83/83 268/314/292
f 87/87/87 269/315/293 270/316/294 85/85/85
f 269/315/293 79/79/79 78/78/78 270/316/294
f 91/91/91 271/317/295 272/318/296 88/88/88
f 271/319/297 87/87/87 86/86/86 272/320/298
f 81/81/81 273/321/299 274/322/300 82/82/82
f 273/323/299 91/91/91 90/90/90 274/324/300
f 94/94/94 275/325/301 276/326/302 92/92/92
f 275/325/301 86/86/86 85/85/85 276/326/302
f 98/98/98 277/327/303 278/328/304 95/95/95
f 277/329/305 94/94/94 93/93/93 278/330/306
f 88/88/88 279/331/307 280/332/308 89/89/89
f 279/333/307 98/98/98 97/97/97 280/334/308
f 101/101/101 281/335/309 282/336/310 99/99/99
f 281/335/309 93/93/93 92/92/92 282/336/310
f 105/105/105 283/337/311 284/338/312 102/102/102
f 283/339/313 101/101/101 100/100/100 284/340/314
f 95/95/95 285/341/315 286/342/316 96/96/96
f 285/343/315 105/105/105 104/104/104 286/344/316
f 108/108/108 287/345/317 288/346/318 106/106/106
f 287/345/317 100/100/100 99/99/99 288/346/318
f 112/112/112 289/347/319 290/348/320 109/109/109
f 289/349/321 108/108/108 107/107/107 290/350/322
f 102/102/102 291/351/323 292/352/324 103/103/103
f 291/353/323 112/112/112 111/111/111 292/354/324
f 115/115/115 293/355/325 294/356/326 113/113/113
f 293/355/325 107/107/107 106/106/106 294/356/326
f 119/119/119 295/357/327 296/358/328 116/116/116
f 295/359/329 115/115/115 114/114/114 296/360/330
f 109/109/109 297/361/331 298/362/332 110/110/110
f 297/363/331 119/119/119 118/118/118 298/364/332
f 122/122/122 299/365/333 300/366/334 120/120/120
f 299/365/333 114/114/114 113/113/113 300/366/334
f 126/126/126 301/367/335 302/368/336 123/123/123
f 301/369/337 122/122/122 121/121/121 302/370/338
f 116/116/116 303/371/339 304/372/340 117/117/117
f 303/373/339 126/126/126 125/125/125 304/374/340
f 129/129/129 305/375/341 306/376/342 127/127/127
f 305/375/341 121/121/121 120/120/120 306/376/342
f 133/133/133 307/377/343 308/378/344 130/130/130
f 307/379/345 129/129/129 128/128/128 308/380/346
f 123/123/123 309/381/347 310/382/348 124/124/124
f 309/383/347 133/133/133 132/132/132 310/384/348
f 136/136/136 311/385/349 312/386/350 134/134/134
f 311/385/349 128/128/128 127/127/127 312/386/350
f 140/140/140 313/387/351 314/388/352 137/137/137
f 313/389/353 136/136/136 135/135/135 314/390/354
f 130/130/130 315/391/355 316/392/356 131/131/131
f 315/393/355 140/140/140 139/139/139 316/394/356
f 12/12/12 317/395/357 318/396/358 13/13/13
f 317/395/357 135/135/135 134/134/134 318/396/358
f 137/137/137 319/397/359 320/398/360 138/138/138
f 319/399/359 10/10/10 9/9/9 320/400/360
f 143/143/143 321/401/361 322/402/362 141/141/141
f 321/401/361 146/146/146 145/145/145 322/402/362
f 8/8/8 323/403/363 324/404/364 9/9/9
f 323/405/365 143/143/143 142/142/142 324/406/366
f 146/146/146 325/407/367 326/408/368 144/144/144
f 325/409/369 6/6/6 5/5/5 326/410/370
f 144/144/144 327/411/371 328/412/372 145/145/145
f 327/411/371 149/149/149 148/148/148 328/412/372
f 149/149/149 329/413/373 330/414/374 147/147/147
f 329/415/375 20/20/20 19/19/19 330/416/376
f 147/147/147 331/417/377 332/418/378 148/148/148
f 331/417/377 152/152/152 151/151/151 332/418/378
f 152/152/152 333/419/379 334/420/380 150/150/150
f 333/421/381 27/27/27 26/26/26 334/422/382
f 150/150/150 335/423/383 336/424/384 151/151/151
f 335/423/383 155/155/155 154/154/154 336/424/384
f 155/155/155 337/425/385 338/426/386 153/153/153
f 337/427/387 34/34/34 33/33/33 338/428/388
f 153/153/153 339/429/389 340/430/390 154/154/154
f 339/429/389 158/158/158 157/157/157 340/430/390
f 158/158/158 341/431/391 342/432/392 156/156/156
f 341/433/393 41/41/41 40/40/40 342/434/394
f 156/156/156 343/435/395 344/436/396 157/157/157
f 343/435/395 161/161/161 160/160/160 344/436/396
f 161/161/161 345/437/397 346/438/398 159/159/159
f 345/439/399 48/48/48 47/47/47 346/440/400
f 159/159/159 347/441/401 348/442/402 160/160/160
f 347/441/401 164/164/164 163/163/163 348/442/402
f 164/164/164 349/443/403 350/444/404 162/162/162
f 349/445/405 55/55/55 54/54/54 350/446/406
f 162/162/162 351/447/407 352/448/408 163/163/163
f 351/447/407 167/167/167 166/166/166 352/448/408
f 167/167/167 353/449/409 354/450/410 165/165/165
f 353/451/411 62/62/62 61/61/61 354/452/412
f 165/165/165 355/453/413 356/454/414 166/166/166
f 355/453/413 170/170/170 169/169/169 356/454/414
f 170/170/170 357/455/415 358/456/416 168/168/168
f 357/457/417 69/69/69 68/68/68 358/458/418
f 168/168/168 359/459/419 360/460/420 169/169/169
f 359/459/419 173/173/173 172/172/172 360/460/420
f 173/173/173 361/461/421 362/462/422 171/171/171
f 361/463/423 76/76/76 75/75/75 362/464/424
f 171/171/171 363/465/425 364/466/426 172/172/172
f 363/465/425 176/176/176 175/175/175 364/466/426
f 176/176/176 365/467/427 366/468/428 174/174/174
f 365/469/429 83/83/83 82/82/82 366/470/430
f 174/174/174 367/471/431 368/472/432 175/175/175
f 367/471/431 179/179/179 178/178/178 368/472/432
f 179/179/179 369/473/433 370/474/434 177/177/177
f 369/475/435 90/90/90 89/89/89 370/476/436
f 177/177/177 371/477/437 372/478/438 178/178/178
f 371/477/437 182/182/182 181/181/181 372/478/438
f 182/182/182 373/479/439 374/480/440 180/180/180
f 373/481/441 97/97/97 96/96/96 374/482/442
f 180/180/180 375/483/443 376/484/444 181/181/181
f 375/483/443 185/185/185 184/184/184 376/484/444
f 185/185/185 377/485/445 378/486/446 183/183/183
f 377/487/447 104/104/104 103/103/103 378/488/448
f 183/183/183 379/489/449 380/490/450 184/184/184
f 379/489/449 188/188/188 187/187/187 380/490/450
f 188/188/188 381/491/451 382/492/452 186/186/186
f 381/493/453 111/111/111 110/110/110 382/494/454
f 186/186/186 383/495/455 384/496/456 187/187/187
f 383/495/455 191/191/191 190/190/190 384/496/456
f 191/191/191 385/497/457 386/498/458 189/189/189
f 385/499/459 118/118/118 117/117/117 386/500/460
f 189/189/189 387/501/461 388/502/462 190/190/190
f 387/501/461 194/194/194 193/193/193 388/502/462
f 194/194/194 389/503/463 390/504/464 192/192/192
f 389/505/465 125/125/125 124/124/124 390/506/466
f 192/192/192 391/507/467 392/508/468 193/193/193
f 391/507/467 197/197/197 196/196/196 392/508/468
f 197/197/197 393/509/469 394/510/470 195/195/195
f 393/511/471 132/132/132 131/131/131 394/512/472
f 195/195/195 395/513/473 396/514/474 196/196/196
f 395/513/473 200/200/200 199/199/199 396/514/474
f 200/200/200 397/515/475 398/516/476 198/198/198
f 397/517/477 139/139/139 138/138/138 398/518/478
f 198/198/198 399/519/479 400/520/480 199/199/199
f 399/519/479 142/142/142 141/141/141 400/520/480
f 207/211/209 14/14/14 201/201/201 401/521/481
f 201/201/201 3/3/3 203/205/205 401/521/481
f 203/203/203 7/7/7 205/209/207 401/522/482
f 205/207/207 11/11/11 207/213/211 401/523/482
f 204/206/206 2/2/2 209/215/213 402/524/483
f 209/215/213 17/17/17 211/219/217 402/524/483
f 211/217/215 21/21/21 213/223/219 402/525/484
f 213/221/219 4/4/4 204/204/204 402/526/484
f 212/220/218 16/16/16 215/225/221 403/527/485
f 215/225/221 24/24/24 217/229/225 403/527/485
f 217/227/223 28/28/28 219/233/227 403/528/486
f 219/231/227 18/18/18 212/218/216 403/529/486
f 218/230/226 23/23/23 221/235/229 404/530/487
f 221/235/229 31/31/31 223/239/233 404/530/487
f 223/237/231 35/35/35 225/243/235 404/531/488
f 225/241/235 25/25/25 218/228/224 404/532/488
f 224/240/234 30/30/30 227/245/237 405/533/489
f 227/245/237 38/38/38 229/249/241 405/533/489
f 229/247/239 42/42/42 231/253/243 405/534/490
f 231/251/243 32/32/32 224/238/232 405/535/490
f 230/250/242 37/37/37 233/255/245 406/536/491
f 233/255/245 45/45/45 235/259/249 406/536/491
f 235/257/247 49/49/49 237/263/251 406/537/492
f 237/261/251 39/39/39 230/248/240 406/538/492
f 236/260/250 44/44/44 239/265/253 407/539/493
f 239/265/253 52/52/52 241/269/257 407/539/493
f 241/267/255 56/56/56 243/273/259 407/540/494
f 243/271/259 46/46/46 236/258/248 407/541/494
f 242/270/258 51/51/51 245/275/261 408/542/495
f 245/275/261 59/59/59 247/279/265 408/542/495
f 247/277/263 63/63/63 249/283/267 408/543/496
f 249/281/267 53/53/53 242/268/256 408/544/496
f 248/280/266 58/58/58 251/285/269 409/545/497
f 251/285/269 66/66/66 253/289/273 409/545/497
f 253/287/271 70/70/70 255/293/275 409/546/498
f 255/291/275 60/60/60 248/278/264 409/547/498
f 254/290/274 65/65/65 257/295/277 410/548/499
f 257/295/277 73/73/73 259/299/281 410/548/499
f 259/297/279 77/77/77 261/303/283 410/549/500
f 261/301/283 67/67/67 254/288/272 410/550/500
f 260/300/282 72/72/72 263/305/285 411/551/501
f 263/305/285 80/80/80 265/309/289 411/551/501
f 265/307/287 84/84/84 267/313/291 411/552/502
f 267/311/291 74/74/74 260/298/280 411/553/502
f 266/310/290 79/79/79 269/315/293 412/554/503
f 269/315/293 87/87/87 271/319/297 412/554/503
f 271/317/295 91/91/91 273/323/299 412/555/504
f 273/321/299 81/81/81 266/308/288 412/556/504
f 272/320/298 86/86/86 275/325/301 413/557/505
f 275/325/301 94/94/94 277/329/305 413/557/505
f 277/327/303 98/98/98 279/333/307 413/558/506
f 279/331/307 88/88/88 272/318/296 413/559/506
f 278/330/306 93/93/93 281/335/309 414/560/507
f 281/335/309 101/101/101 283/339/313 414/560/507
f 283/337/311 105/105/105 285/343/315 414/561/508
f 285/341/315 95/95/95 278/328/304 414/562/508
f 284/340/314 100/100/100 287/345/317 415/563/509
f 287/345/317 108/108/108 289/349/321 415/563/509
f 289/347/319 112/112/112 291/353/323 415/564/510
f 291/351/323 102/102/102 284/338/312 415/565/510
f 290/350/322 107/107/107 293/355/325 416/566/511
f 293/355/325 115/115/115 295/359/329 416/566/511
f 295/357/327 119/119/119 297/363/331 416/567/512
f 297/361/331 109/109/109 290/348/320 416/568/512
f 296/360/330 114/114/114 299/365/333 417/569/513
f 299/365/333 122/122/122 301/369/337 417/569/513
f 301/367/335 126/126/126 303/373/339 417/570/514
f 303/371/339 116/116/116 296/358/328 417/571/514
f 302/370/338 121/121/121 305/375/341 418/572/515
f 305/375/341 129/129/129 307/379/345 418/572/515
f 307/377/343 133/133/133 309/383/347 418/573/516
f 309/381/347 123/123/123 302/368/336 418/574/516
f 308/380/346 128/128/128 311/385/349 419/575/517
f 311/385/349 136/136/136 313/389/353 419/575/517
f 313/387/351 140/140/140 315/393/355 419/576/518
f 315/391/355 130/130/130 308/378/344 419/577/518
f 314/390/354 135/135/135 317/395/357 420/578/519
f 317/395/357 12/12/12 208/212/210 420/578/519
f 208/214/212 10/10/10 319/399/359 420/579/520
f 319/397/359 137/137/137 314/388/352 420/580/520
f 325/407/367 146/146/146 321/401/361 421/581/521
f 321/401/361 143/143/143 323/405/365 421/581/521
f 323/403/363 8/8/8 206/208/208 421/582/522
f 206/210/208 6/6/6 325/409/369 421/583/522
f 329/413/373 149/149/149 327/411/371 422/584/523
f 327/411/371 144/144/144 326/408/368 422/584/523
f 326/410/370 5/5/5 214/222/220 422/585/524
f 214/224/220 20/20/20 329/415/375 422/586/524
f 333/419/379 152/152/152 331/417/377 423/587/525
f 331/417/377 147/147/147 330/414/374 423/587/525
f 330/416/376 19/19/19 220/232/228 423/588/526
f 220/234/228 27/27/27 333/421/381 423/589/526
f 337/425/385 155/155/155 335/423/383 424/590/527
f 335/423/383 150/150/150 334/420/380 424/590/527
f 334/422/382 26/26/26 226/242/236 424/591/528
f 226/244/236 34/34/34 337/427/387 424/592/528
f 341/431/391 158/158/158 339/429/389 425/593/529
f 339/429/389 153/153/153 338/426/386 425/593/529
f 338/428/388 33/33/33 232/252/244 425/594/530
f 232/254/244 41/41/41 341/433/393 425/595/530
f 345/437/397 161/161/161 343/435/395 426/596/531
f 343/435/395 156/156/156 342/432/392 426/596/531
f 342/434/394 40/40/40 238/262/252 426/597/532
f 238/264/252 48/48/48 345/439/399 426/598/532
f 349/443/403 164/164/164 347/441/401 427/599/533
f 347/441/401 159/159/159 346/438/398 427/599/533
f 346/440/400 47/47/47 244/272/260 427/600/534
f 244/274/260 55/55/55 349/445/405 427/601/534
f 353/449/409 167/167/167 351/447/407 428/602/535
f 351/447/407 162/162/162 350/444/404 428/602/535
f 350/446/406 54/54/54 250/282/268 428/603/536
f 250/284/268 62/62/62 353/451/411 428/604/536
f 357/455/415 170/170/170 355/453/413 429/605/537
f 355/453/413 165/165/165 354/450/410 429/605/537
f 354/452/412 61/61/61 256/292/276 429/606/538
f 256/294/276 69/69/69 357/457/417 429/607/538
f 361/461/421 173/173/173 359/459/419 430/608/539
f 359/459/419 168/168/168 358/456/416 430/608/539
f 358/458/418 68/68/68 262/302/284 430/609/540
f 262/304/284 76/76/76 361/463/423 430/610/540
f 365/467/427 176/176/176 363/465/425 431/611/541
f 363/465/425 171/171/171 362/462/422 431/611/541
f 362/464/424 75/75/75 268/312/292 431/612/542
f 268/314/292 83/83/83 365/469/429 431/613/542
f 369/473/433 179/179/179 367/471/431 432/614/543
f 367/471/431 174/174/174 366/468/428 432/614/543
f 366/470/430 82/82/82 274/322/300 432/615/544
f 274/324/300 90/90/90 369/475/435 432/616/544
f 373/479/439 182/182/182 371/477/437 433/617/545
f 371/477/437 177/177/177 370/474/434 433/617/545
f 370/476/436 89/89/89 280/332/308 433/618/546
f 280/334/308 97/97/97 373/481/441 433/619/546
f 377/485/445 185/185/185 375/483/443 434/620/547
f 375/483/443 180/180/180 374/480/440 434/620/547
f 374/482/442 96/96/96 286/342/316 434/621/548
f 286/344/316 104/104/104 377/487/447 434/622/548
f 381/491/451 188/188/188 379/489/449 435/623/549
f 379/489/449 183/183/183 378/486/446 435/623/549
f 378/488/448 103/103/103 292/352/324 435/624/550
f 292/354/324 111/111/111 381/493/453 435/625/550
f 385/497/457 191/191/191 383/495/455 436/626/551
f 383/495/455 186/186/186 382/492/452 436/626/551
f 382/494/454 110/110/110 298/362/332 436/627/552
f 298/364/332 118/118/118 385/499/459 436/628/552
f 389/503/463 194/194/194 387/501/461 437/629/553
f 387/501/461 189/189/189 386/498/458 437/629/553
f 386/500/460 117/117/117 304/372/340 437/630/554
f 304/374/340 125/125/125 389/505/465 437/631/554
f 393/509/469 197/197/197 391/507/467 438/632/555
f 391/507/467 192/192/192 390/504/464 438/632/555
f 390/506/466 124/124/124 310/382/348 438/633/556
f 310/384/348 132/132/132 393/511/471 438/634/556
f 397/515/475 200/200/200 395/513/473 439/635/557
f 395/513/473 195/195/195 394/510/470 439/635/557
f 394/512/472 131/131/131 316/392/356 439/636/558
f 316/394/356 139/139/139 397/517/477 439/637/558
f 324/406/366 142/142/142 399/519/479 440/638/559
f 399/519/479 198/198/198 398/516/476 440/638/559
f 398/518/478 138/138/138 320/398/360 440/639/560
f 320/400/360 9/9/9 324/404/364 440/640/560
f 202/202/202 13/13/13 318/396/358 441/641/561
f 318/396/358 134/134/134 312/386/350 441/641/561
f 312/386/350 127/127/127 306/376/342 441/641/561
f 306/376/342 120/120/120 300/366/334 441/641/561
f 300/366/334 113/113/113 294/356/326 441/641/561
f 294/356/326 106/106/106 288/346/318 441/641/561
f 288/346/318 99/99/99 282/336/310 441/641/561
f 282/336/310 92/92/92 276/326/302 441/641/561
f 276/326/302 85/85/85 270/316/294 441/641/561
f 270/316/294 78/78/78 264/306/286 441/641/561
f 264/306/286 71/71/71 258/296/278 441/641/561
f 258/296/278 64/64/64 252/286/270 441/641/561
f 252/286/270 57/57/57 246/276/262 441/641/561
f 246/276/262 50/50/50 240/266/254 441/641/561
f 240/266/254 43/43/43 234/256/246 441/641/561
f 234/256/246 36/36/36 228/246/238 441/641/561
f 228/246/238 29/29/29 222/236/230 441/641/561
f 222/236/230 22/22/22 216/226/222 441/641/561
f 216/226/222 15/15/15 210/216/214 441/641/561
f 210/216/214 1/1/1 202/202/202 441/641/561
f 396/514/474 199/199/199 400/520/480 442/642/562
f 400/520/480 141/141/141 322/402/362 442/642/562
f 322/402/362 145/145/145 328/412/372 442/642/562
f 328/412/372 148/148/148 332/418/378 442/642/562
f 332/418/378 151/151/151 336/424/384 442/642/562
f 336/424/384 154/154/154 340/430/390 442/642/562
f 340/430/390 157/157/157 344/436/396 442/642/562
f 344/436/396 160/160/160 348/442/402 442/642/562
f 348/442/402 163/163/163 352/448/408 442/642/562
f 352/448/408 166/166/166 356/454/414 442/642/562
f 356/454/414 169/169/169 360/460/420 442/642/562
f 360/460/420 172/172/172 364/466/426 442/642/562
f 364/466/426 175/175/175 368/472/432 442/642/562
f 368/472/432 178/178/178 372/478/438 442/642/562
f 372/478/438 181/181/181 376/484/444 442/642/562
f 376/484/444 184/184/184 380/490/450 442/642/562
f 380/490/450 187/187/187 384/496/456 442/642/562
f 384/496/456 190/190/190 388/502/462 442/642/562
f 388/502/462 193/193/193 392/508/468 442/642/562
f 392/508/468 196/196/196 396/514/474 442/642/562
f 443/643/563 444/644/564 445/645/565
f 446/646/566 447/647/567 448/648/568 449/649/569
f 450/650/570 451/651/571 452/652/572 453/653/573
f 454/654/574 455/655/575 456/656/576
f 457/657/577 458/658/578 459/659/579
f 460/660/580 461/661/581 462/662/582 463/663/583
f 464/664/584 465/665/585 466/666/586
f 467/667/587 468/668/588 469/669/589 470/670/590
f 471/671/591 472/672/592 473/673/593
f 474/674/594 475/675/595 476/676/596 477/677/597
f 478/678/598 479/679/599 480/680/600
f 481/681/601 482/682/602 483/683/603 484/684/604
f 485/685/605 486/686/606 487/687/607
f 488/688/608 489/689/609 490/690/610 491/691/611
f 492/692/612 493/693/613 494/694/614
f 495/695/615 496/696/616 497/697/617 498/698/618
f 499/699/619 500/700/620 501/701/621
f 502/702/622 503/703/623 504/704/624 505/705/625
f 506/706/626 507/707/627 508/708/628
f 509/709/629 510/710/630 511/711/631 512/712/632
f 513/713/633 514/714/634 515/715/635
f 516/716/636 517/717/637 518/718/638 519/719/639
f 520/720/640 521/721/641 522/722/642
f 523/723/643 524/724/644 525/725/645 526/726/646
f 527/727/647 528/728/648 529/729/649
f 530/730/650 531/731/651 532/732/652 533/733/653
f 534/734/654 535/735/655 536/736/656
f 537/737/657 538/738/658 539/739/659 540/740/660
f 541/741/661 542/742/662 543/743/663
f 544/744/664 545/745/665 546/746/666 547/747/667
f 548/748/668 549/749/669 550/750/670
f 551/751/671 552/752/672 553/753/673 554/754/674
f 555/755/675 556/756/676 557/757/677
f 558/758/678 559/759/679 560/760/680 561/761/681
f 562/762/682 563/763/683 564/764/684
f 565/765/685 566/766/686 567/767/687 568/768/688
f 569/769/689 570/770/690 571/771/691
f 572/772/692 573/773/693 574/774/694 575/775/695
f 576/776/696 577/777/697 578/778/698
f 579/779/699 580/780/700 581/781/701 582/782/702
f 583/783/703 584/784/704 585/785/705
f 586/786/706 587/787/707 588/788/708
f 589/789/709 590/790/710 591/791/711
f 592/792/712 593/793/713 594/794/714
f 595/795/715 596/796/716 597/797/717
f 598/798/718 599/799/719 600/800/720
f 601/801/721 602/802/722 603/803/723
f 604/804/724 605/805/725 606/806/726
f 607/807/727 608/808/728 609/809/729
f 610/810/730 611/811/731 612/812/732
f 613/813/733 614/814/734 615/815/735
f 616/816/736 617/817/737 618/818/738
f 619/819/739 620/820/740 621/821/741
f 622/822/742 623/823/743 624/824/744
f 625/825/745 626/826/746 627/827/747
f 628/828/748 629/829/749 630/830/750
f 631/831/751 632/832/752 633/833/753
f 634/834/754 635/835/755 636/836/756
f 637/837/757 638/838/758 639/839/759
f 640/840/760 641/841/761 642/842/762
f 445/645/565 643/843/763 644/844/764 443/643/563
f 643/843/763 456/656/576 455/655/575 644/844/764
f 449/649/569 645/845/765 646/846/766 446/646/566
f 645/847/767 445/645/565 444/644/564 646/848/768
f 453/653/573 647/849/769 648/850/770 450/650/570
f 647/851/769 449/649/569 448/648/568 648/852/770
f 456/656/576 649/853/771 650/854/772 454/654/574
f 649/855/773 453/653/573 452/652/572 650/856/774
f 459/659/579 651/857/775 652/858/776 457/657/577
f 651/857/775 444/644/564 443/643/563 652/858/776
f 463/663/583 653/859/777 654/860/778 460/660/580
f 653/861/779 459/659/579 458/658/578 654/862/780
f 446/646/566 655/863/781 656/864/782 447/647/567
f 655/865/781 463/663/583 462/662/582 656/866/782
f 466/666/586 657/867/783 658/868/784 464/664/584
f 657/867/783 458/658/578 457/657/577 658/868/784
f 470/670/590 659/869/785 660/870/786 467/667/587
f 659/871/787 466/666/586 465/665/585 660/872/788
f 460/660/580 661/873/789 662/874/790 461/661/581
f 661/875/789 470/670/590 469/669/589 662/876/790
f 473/673/593 663/877/791 664/878/792 471/671/591
f 663/877/791 465/665/585 464/664/584 664/878/792
f 477/677/597 665/879/793 666/880/794 474/674/594
f 665/881/795 473/673/593 472/672/592 666/882/796
f 467/667/587 667/883/797 668/884/798 468/668/588
f 667/885/797 477/677/597 476/676/596 668/886/798
f 480/680/600 669/887/799 670/888/800 478/678/598
f 669/887/799 472/672/592 471/671/591 670/888/800
f 484/684/604 671/889/801 672/890/802 481/681/601
f 671/891/803 480/680/600 479/679/599 672/892/804
f 474/674/594 673/893/805 674/894/806 475/675/595
f 673/895/805 484/684/604 483/683/603 674/896/806
f 487/687/607 675/897/807 676/898/808 485/685/605
f 675/897/807 479/679/599 478/678/598 676/898/808
f 491/691/611 677/899/809 678/900/810 488/688/608
f 677/901/811 487/687/607 486/686/606 678/902/812
f 481/681/601 679/903/813 680/904/814 482/682/602
f 679/905/813 491/691/611 490/690/610 680/906/814
f 494/694/614 681/907/815 682/908/816 492/692/612
f 681/907/815 486/686/606 485/685/605 682/908/816
f 498/698/618 683/909/817 684/910/818 495/695/615
f 683/911/819 494/694/614 493/693/613 684/912/820
f 488/688/608 685/913/821 686/914/822 489/689/609
f 685/915/821 498/698/618 497/697/617 686/916/822
f 501/701/621 687/917/823 688/918/824 499/699/619
f 687/917/823 493/693/613 492/692/612 688/918/824
f 505/705/625 689/919/825 690/920/826 502/702/622
f 689/921/827 501/701/621 500/700/620 690/922/828
f 495/695/615 691/923/829 692/924/830 496/696/616
f 691/925/829 505/705/625 504/704/624 692/926/830
f 508/708/628 693/927/831 694/928/832 506/706/626
f 693/927/831 500/700/620 499/699/619 694/928/832
f 512/712/632 695/929/833 696/930/834 509/709/629
f 695/931/835 508/708/628 507/707/627 696/932/836
f 502/702/622 697/933/837 698/934/838 503/703/623
f 697/935/837 512/712/632 511/711/631 698/936/838
f 515/715/635 699/937/839 700/938/840 513/713/633
f 699/937/839 507/707/627 506/706/626 700/938/840
f 519/719/639 701/939/841 702/940/842 516/716/636
f 701/941/843 515/715/635 514/714/634 702/942/844
f 509/709/629 703/943/845 704/944/846 510/710/630
f 703/945/845 519/719/639 518/718/638 704/946/846
f 522/722/642 705/947/847 706/948/848 520/720/640
f 705/947/847 514/714/634 513/713/633 706/948/848
f 526/726/646 707/949/849 708/950/850 523/723/643
f 707/951/851 522/722/642 521/721/641 708/952/852
f 516/716/636 709/953/853 710/954/854 517/717/637
f 709/955/853 526/726/646 525/725/645 710/956/854
f 529/729/649 711/957/855 712/958/856 527/727/647
f 711/957/855 521/721/641 520/720/640 712/958/856
f 533/733/653 713/959/857 714/960/858 530/730/650
f 713/961/859 529/729/649 528/728/648 714/962/860
f 523/723/643 715/963/861 716/964/862 524/724/644
f 715/965/861 533/733/653 532/732/652 716/966/862
f 536/736/656 717/967/863 718/968/864 534/734/654
f 717/967/863 528/728/648 527/727/647 718/968/864
f 540/740/660 719/969/865 720/970/866 537/737/657
f 719/971/867 536/736/656 535/735/655 720/972/868
f 530/730/650 721/973/869 722/974/870 531/731/651
f 721/975/869 540/740/660 539/739/659 722/976/870
f 543/743/663 723/977/871 724/978/872 541/741/661
f 723/977/871 535/735/655 534/734/654 724/978/872
f 547/747/667 725/979/873 726/980/874 544/744/664
f 725/981/875 543/743/663 542/742/662 726/982/876
f 537/737/657 727/983/877 728/984/878 538/738/658
f 727/985/877 547/747/667 546/746/666 728/986/878
f 550/750/670 729/987/879 730/988/880 548/748/668
f 729/987/879 542/742/662 541/741/661 730/988/880
f 554/754/674 731/989/881 732/990/882 551/751/671
f 731/991/883 550/750/670 549/749/669 732/992/884
f 544/744/664 733/993/885 734/994/886 545/745/665
f 733/995/885 554/754/674 553/753/673 734/996/886
f 557/757/677 735/997/887 736/998/888 555/755/675
f 735/997/887 549/749/669 548/748/668 736/998/888
f 561/761/681 737/999/889 738/1000/890 558/758/678
f 737/1001/891 557/757/677 556/756/676 738/1002/892
f 551/751/671 739/1003/893 740/1004/894 552/752/672
f 739/1005/893 561/761/681 560/760/680 740/1006/894
f 564/764/684 741/1007/895 742/1008/896 562/762/682
f 741/1007/895 556/756/676 555/755/675 742/1008/896
f 568/768/688 743/1009/897 744/1010/898 565/765/685
f 743/1011/899 564/764/684 563/763/683 744/1012/900
f 558/758/678 745/1013/901 746/1014/902 559/759/679
f 745/1015/901 568/768/688 567/767/687 746/1016/902
f 571/771/691 747/1017/903 748/1018/904 569/769/689
f 747/1017/903 563/763/683 562/762/682 748/1018/904
f 575/775/695 749/1019/905 750/1020/906 572/772/692
f 749/1021/907 571/771/691 570/770/690 750/1022/908
f 565/765/685 751/1023/909 752/1024/910 566/766/686
f 751/1025/909 575/775/695 574/774/694 752/1026/910
f 578/778/698 753/1027/911 754/1028/912 576/776/696
f 753/1027/911 570/770/690 569/769/689 754/1028/912
f 582/782/702 755/1029/913 756/1030/914 579/779/699
f 755/1031/915 578/778/698 577/777/697 756/1032/916
f 572/772/692 757/1033/917 758/1034/918 573/773/693
f 757/1035/917 582/782/702 581/781/701 758/1036/918
f 454/654/574 759/1037/919 760/1038/920 455/655/575
f 759/1037/919 577/777/697 576/776/696 760/1038/920
f 579/779/699 761/1039/921 762/1040/922 580/780/700
f 761/1041/921 452/652/572 451/651/571 762/1042/922
f 585/785/705 763/1043/923 764/1044/924 583/783/703
f 763/1043/923 588/788/708 587/787/707 764/1044/924
f 450/650/570 765/1045/925 766/1046/926 451/651/571
f 765/1047/927 585/785/705 584/784/704 766/1048/928
f 588/788/708 767/1049/929 768/1050/930 586/786/706
f 767/1051/931 448/648/568 447/647/567 768/1052/932
f 586/786/706 769/1053/933 770/1054/934 587/787/707
f 769/1053/933 591/791/711 590/790/710 770/1054/934
f 591/791/711 771/1055/935 772/1056/936 589/789/709
f 771/1057/937 462/662/582 461/661/581 772/1058/938
f 589/789/709 773/1059/939 774/1060/940 590/790/710
f 773/1059/939 594/794/714 593/793/713 774/1060/940
f 594/794/714 775/1061/941 776/1062/942 592/792/712
f 775/1063/943 469/669/589 468/668/588 776/1064/944
f 592/792/712 777/1065/945 778/1066/946 593/793/713
f 777/1065/945 597/797/717 596/796/716 778/1066/946
f 597/797/717 779/1067/947 780/1068/948 595/795/715
f 779/1069/949 476/676/596 475/675/595 780/1070/950
f 595/795/715 781/1071/951 782/1072/952 596/796/716
f 781/1071/951 600/800/720 599/799/719 782/1072/952
f 600/800/720 783/1073/953 784/1074/954 598/798/718
f 783/1075/955 483/683/603 482/682/602 784/1076/956
f 598/798/718 785/1077/957 786/1078/958 599/799/719
f 785/1077/957 603/803/723 602/802/722 786/1078/958
f 603/803/723 787/1079/959 788/1080/960 601/801/721
f 787/1081/961 490/690/610 489/689/609 788/1082/962
f 601/801/721 789/1083/963 790/1084/964 602/802/722
f 789/1083/963 606/806/726 605/805/725 790/1084/964
f 606/806/726 791/1085/965 792/1086/966 604/804/724
f 791/1087/967 497/697/617 496/696/616 792/1088/968
f 604/804/724 793/1089/969 794/1090/970 605/805/725
f 793/1089/969 609/809/729 608/808/728 794/1090/970
f 609/809/729 795/1091/971 796/1092/972 607/807/727
f 795/1093/973 504/704/624 503/703/623 796/1094/974
f 607/807/727 797/1095/975 798/1096/976 608/808/728
f 797/1095/975 612/812/732 611/811/731 798/1096/976
f 612/812/732 799/1097/977 800/1098/978 610/810/730
f 799/1099/979 511/711/631 510/710/630 800/1100/980
f 610/810/730 801/1101/981 802/1102/982 611/811/731
f 801/1101/981 615/815/735 614/814/734 802/1102/982
f 615/815/735 803/1103/983 804/1104/984 613/813/733
f 803/1105/985 518/718/638 517/717/637 804/1106/986
f 613/813/733 805/1107/987 806/1108/988 614/814/734
f 805/1107/987 618/818/738 617/817/737 806/1108/988
f 618/818/738 807/1109/989 808/1110/990 616/816/736
f 807/1111/991 525/725/645 524/724/644 808/1112/992
f 616/816/736 809/1113/993 810/1114/994 617/817/737
f 809/1113/993 621/821/741 620/820/740 810/1114/994
f 621/821/741 811/1115/995 812/1116/996 619/819/739
f 811/1117/997 532/732/652 531/731/651 812/1118/998
f 619/819/739 813/1119/999 814/1120/1000 620/820/740
f 813/1119/999 624/824/744 623/823/743 814/1120/1000
f 624/824/744 815/1121/1001 816/1122/1002 622/822/742
f 815/1123/1003 539/739/659 538/738/658 816/1124/1004
f 622/822/742 817/1125/1005 818/1126/1006 623/823/743
f 817/1125/1005 627/827/747 626/826/746 818/1126/1006
f 627/827/747 819/1127/1007 820/1128/1008 625/825/745
f 819/1129/1009 546/746/666 545/745/665 820/1130/1010
f 625/825/745 821/1131/1011 822/1132/1012 626/826/746
f 821/1131/1011 630/830/750 629/829/749 822/1132/1012
f 630/830/750 823/1133/1013 824/1134/1014 628/828/748
f 823/1135/1015 553/753/673 552/752/672 824/1136/1016
f 628/828/748 825/1137/1017 826/1138/1018 629/829/749
f 825/1137/1017 633/833/753 632/832/752 826/1138/1018
f 633/833/753 827/1139/1019 828/1140/1020 631/831/751
f 827/1141/1021 560/760/680 559/759/679 828/1142/1022
f 631/831/751 829/1143/1023 830/1144/1024 632/832/752
f 829/1143/1023 636/836/756 635/835/755 830/1144/1024
f 636/836/756 831/1145/1025 832/1146/1026 634/834/754
f 831/1147/1027 567/767/687 566/766/686 832/1148/1028
f 634/834/754 833/1149/1029 834/1150/1030 635/835/755
f 833/1149/1029 639/839/759 638/838/758 834/1150/1030
f 639/839/759 835/1151/1031 836/1152/1032 637/837/757
f 835/1153/1033 574/774/694 573/773/693 836/1154/1034
f 637/837/757 837/1155/1035 838/1156/1036 638/838/758
f 837/1155/1035 642/842/762 641/841/761 838/1156/1036
f 642/842/762 839/1157/1037 840/1158/1038 640/840/760
f 839/1159/1039 581/781/701 580/780/700 840/1160/1040
f 640/840/760 841/1161/1041 842/1162/1042 641/841/761
f 841/1161/1041 584/784/704 583/783/703 842/1162/1042
f 649/853/771 456/656/576 643/843/763 843/1163/1043
f 643/843/763 445/645/565 645/847/767 843/1163/1043
f 645/845/765 449/649/569 647/851/769 843/1164/1044
f 647/849/769 453/653/573 649/855/773 843/1165/1044
f 646/848/768 444/644/564 651/857/775 844/1166/1045
f 651/857/775 459/659/579 653/861/779 844/1166/1045
f 653/859/777 463/663/583 655/865/781 844/1167/1046
f 655/863/781 446/646/566 646/846/766 844/1168/1046
f 654/862/780 458/658/578 657/867/783 845/1169/1047
f 657/867/783 466/666/586 659/871/787 845/1169/1047
f 659/869/785 470/670/590 661/875/789 845/1170/1048
f 661/873/789 460/660/580 654/860/778 845/1171/1048
f 660/872/788 465/665/585 663/877/791 846/1172/1049
f 663/877/791 473/673/593 665/881/795 846/1172/1049
f 665/879/793 477/677/597 667/885/797 846/1173/1050
f 667/883/797 467/667/587 660/870/786 846/1174/1050
f 666/882/796 472/672/592 669/887/799 847/1175/1051
f 669/887/799 480/680/600 671/891/803 847/1175/1051
f 671/889/801 484/684/604 673/895/805 847/1176/1052
f 673/893/805 474/674/594 666/880/794 847/1177/1052
f 672/892/804 479/679/599 675/897/807 848/1178/1053
f 675/897/807 487/687/607 677/901/811 848/1178/1053
f 677/899/809 491/691/611 679/905/813 848/1179/1054
f 679/903/813 481/681/601 672/890/802 848/1180/1054
f 678/902/812 486/686/606 681/907/815 849/1181/1055
f 681/907/815 494/694/614 683/911/819 849/1181/1055
f 683/909/817 498/698/618 685/915/821 849/1182/1056
f 685/913/821 488/688/608 678/900/810 849/1183/1056
f 684/912/820 493/693/613 687/917/823 850/1184/1057
f 687/917/823 501/701/621 689/921/827 850/1184/1057
f 689/919/825 505/705/625 691/925/829 850/1185/1058
f 691/923/829 495/695/615 684/910/818 850/1186/1058
f 690/922/828 500/700/620 693/927/831 851/1187/1059
f 693/927/831 508/708/628 695/931/835 851/1187/1059
f 695/929/833 512/712/632 697/935/837 851/1188/1060
f 697/933/837 502/702/622 690/920/826 851/1189/1060
f 696/932/836 507/707/627 699/937/839 852/1190/1061
f 699/937/839 515/715/635 701/941/843 852/1190/1061
f 701/939/841 519/719/639 703/945/845 852/1191/1062
f 703/943/845 509/709/629 696/930/834 852/1192/1062
f 702/942/844 514/714/634 705/947/847 853/1193/1063
f 705/947/847 522/722/642 707/951/851 853/1193/1063
f 707/949/849 526/726/646 709/955/853 853/1194/1064
f 709/953/853 516/716/636 702/940/842 853/1195/1064
f 708/952/852 521/721/641 711/957/855 854/1196/1065
f 711/957/855 529/729/649 713/961/859 854/1196/1065
f 713/959/857 533/733/653 715/965/861 854/1197/1066
f 715/963/861 523/723/643 708/950/850 854/1198/1066
f 714/962/860 528/728/648 717/967/863 855/1199/1067
f 717/967/863 536/736/656 719/971/867 855/1199/1067
f 719/969/865 540/740/660 721/975/869 855/1200/1068
f 721/973/869 530/730/650 714/960/858 855/1201/1068
f 720/972/868 535/735/655 723/977/871 856/1202/1069
f 723/977/871 543/743/663 725/981/875 856/1202/1069
f 725/979/873 547/747/667 727/985/877 856/1203/1070
f 727/983/877 537/737/657 720/970/866 856/1204/1070
f 726/982/876 542/742/662 729/987/879 857/1205/1071
f 729/987/879 550/750/670 731/991/883 857/1205/1071
f 731/989/881 554/754/674 733/995/885 857/1206/1072
f 733/993/885 544/744/664 726/980/874 857/1207/1072
f 732/992/884 549/749/669 735/997/887 858/1208/1073
f 735/997/887 557/757/677 737/1001/891 858/1208/1073
f 737/999/889 561/761/681 739/1005/893 858/1209/1074
f 739/1003/893 551/751/671 732/990/882 858/1210/1074
f 738/1002/892 556/756/676 741/1007/895 859/1211/1075
f 741/1007/895 564/764/684 743/1011/899 859/1211/1075
f 743/1009/897 568/768/688 745/1015/901 859/1212/1076
f 745/1013/901 558/758/678 738/1000/890 859/1213/1076
f 744/1012/900 563/763/683 747/1017/903 860/1214/1077
f 747/1017/903 571/771/691 749/1021/907 860/1214/1077
f 749/1019/905 575/775/695 751/1025/909 860/1215/1078
f 751/1023/909 565/765/685 744/1010/898 860/1216/1078
f 750/1022/908 570/770/690 753/1027/911 861/1217/1079
f 753/1027/911 578/778/698 755/1031/915 861/1217/1079
f 755/1029/913 582/782/702 757/1035/917 861/1218/1080
f 757/1033/917 572/772/692 750/1020/906 861/1219/1080
f 756/1032/916 577/777/697 759/1037/919 862/1220/1081
f 759/1037/919 454/654/574 650/854/772 862/1220/1081
f 650/856/774 452/652/572 761/1041/921 862/1221/1082
f 761/1039/921 579/779/699 756/1030/914 862/1222/1082
f 767/1049/929 588/788/708 763/1043/923 863/1223/1083
f 763/1043/923 585/785/705 765/1047/927 863/1223/1083
f 765/1045/925 450/650/570 648/850/770 863/1224/1084
f 648/852/770 448/648/568 767/1051/931 863/1225/1084
f 771/1055/935 591/791/711 769/1053/933 864/1226/1085
f 769/1053/933 586/786/706 768/1050/930 864/1226/1085
f 768/1052/932 447/647/567 656/864/782 864/1227/1086
f 656/866/782 462/662/582 771/1057/937 864/1228/1086
f 775/1061/941 594/794/714 773/1059/939 865/1229/1087
f 773/1059/939 589/789/709 772/1056/936 865/1229/1087
f 772/1058/938 461/661/581 662/874/790 865/1230/1088
f 662/876/790 469/669/589 775/1063/943 865/1231/1088
f 779/1067/947 597/797/717 777/1065/945 866/1232/1089
f 777/1065/945 592/792/712 776/1062/942 866/1232/1089
f 776/1064/944 468/668/588 668/884/798 866/1233/1090
f 668/886/798 476/676/596 779/1069/949 866/1234/1090
f 783/1073/953 600/800/720 781/1071/951 867/1235/1091
f 781/1071/951 595/795/715 780/1068/948 867/1235/1091
f 780/1070/950 475/675/595 674/894/806 867/1236/1092
f 674/896/806 483/683/603 783/1075/955 867/1237/1092
f 787/1079/959 603/803/723 785/1077/957 868/1238/1093
f 785/1077/957 598/798/718 784/1074/954 868/1238/1093
f 784/1076/956 482/682/602 680/904/814 868/1239/1094
f 680/906/814 490/690/610 787/1081/961 868/1240/1094
f 791/1085/965 606/806/726 789/1083/963 869/1241/1095
f 789/1083/963 601/801/721 788/1080/960 869/1241/1095
f 788/1082/962 489/689/609 686/914/822 869/1242/1096
f 686/916/822 497/697/617 791/1087/967 869/1243/1096
f 795/1091/971 609/809/729 793/1089/969 870/1244/1097
f 793/1089/969 604/804/724 792/1086/966 870/1244/1097
f 792/1088/968 496/696/616 692/924/830 870/1245/1098
f 692/926/830 504/704/624 795/1093/973 870/1246/1098
f 799/1097/977 612/812/732 797/1095/975 871/1247/1099
f 797/1095/975 607/807/727 796/1092/972 871/1247/1099
f 796/1094/974 503/703/623 698/934/838 871/1248/1100
f 698/936/838 511/711/631 799/1099/979 871/1249/1100
f 803/1103/983 615/815/735 801/1101/981 872/1250/1101
f 801/1101/981 610/810/730 800/1098/978 872/1250/1101
f 800/1100/980 510/710/630 704/944/846 872/1251/1102
f 704/946/846 518/718/638 803/1105/985 872/1252/1102
f 807/1109/989 618/818/738 805/1107/987 873/1253/1103
f 805/1107/987 613/813/733 804/1104/984 873/1253/1103
f 804/1106/986 517/717/637 710/954/854 873/1254/1104
f 710/956/854 525/725/645 807/1111/991 873/1255/1104
f 811/1115/995 621/821/741 809/1113/993 874/1256/1105
f 809/1113/993 616/816/736 808/1110/990 874/1256/1105
f 808/1112/992 524/724/644 716/964/862 874/1257/1106
f 716/966/862 532/732/652 811/1117/997 874/1258/1106
f 815/1121/1001 624/824/744 813/1119/999 875/1259/1107
f 813/1119/999 619/819/739 812/1116/996 875/1259/1107
f 812/1118/998 531/731/651 722/974/870 875/1260/1108
f 722/976/870 539/739/659 815/1123/1003 875/1261/1108
f 819/1127/1007 627/827/747 817/1125/1005 876/1262/1109
f 817/1125/1005 622/822/742 816/1122/1002 876/1262/1109
f 816/1124/1004 538/738/658 728/984/878 876/1263/1110
f 728/986/878 546/746/666 819/1129/1009 876/1264/1110
f 823/1133/1013 630/830/750 821/1131/1011 877/1265/1111
f 821/1131/1011 625/825/745 820/1128/1008 877/1265/1111
f 820/1130/1010 545/745/665 734/994/886 877/1266/1112
f 734/996/886 553/753/673 823/1135/1015 877/1267/1112
f 827/1139/1019 633/833/753 825/1137/1017 878/1268/1113
f 825/1137/1017 628/828/748 824/1134/1014 878/1268/1113
f 824/1136/1016 552/752/672 740/1004/894 878/1269/1114
f 740/1006/894 560/760/680 827/1141/1021 878/1270/1114
f 831/1145/1025 636/836/756 829/1143/1023 879/1271/1115
f 829/1143/1023 631/831/751 828/1140/1020 879/1271/1115
f 828/1142/1022 559/759/679 746/1014/902 879/1272/1116
f 746/1016/902 567/767/687 831/1147/1027 879/1273/1116
f 835/1151/1031 639/839/759 833/1149/1029 880/1274/1117
f 833/1149/1029 634/834/754 832/1146/1026 880/1274/1117
f 832/1148/1028 566/766/686 752/1024/910 880/1275/1118
f 752/1026/910 574/774/694 835/1153/1033 880/1276/1118
f 839/1157/1037 642/842/762 837/1155/1035 881/1277/1119
f 837/1155/1035 637/837/757 836/1152/1032 881/1277/1119
f 836/1154/1034 573/773/693 758/1034/918 881/1278/1120
f 758/1036/918 581/781/701 839/1159/1039 881/1279/1120
f 766/1048/928 584/784/704 841/1161/1041 882/1280/1121
f 841/1161/1041 640/840/760 840/1158/1038 882/1280/1121
f 840/1160/1040 580/780/700 762/1040/922 882/1281/1122
f 762/1042/922 451/651/571 766/1046/926 882/1282/1122
f 644/844/764 455/655/575 760/1038/920 883/1283/1123
f 760/1038/920 576/776/696 754/1028/912 883/1283/1123
f 754/1028/912 569/769/689 748/1018/904 883/1283/1123
f 748/1018/904 562/762/682 742/1008/896 883/1283/1123
f 742/1008/896 555/755/675 736/998/888 883/1283/1123
f 736/998/888 548/748/668 730/988/880 883/1283/1123
f 730/988/880 541/741/661 724/978/872 883/1283/1123
f 724/978/872 534/734/654 718/968/864 883/1283/1123
f 718/968/864 527/727/647 712/958/856 883/1283/1123
f 712/958/856 520/720/640 706/948/848 883/1283/1123
f 706/948/848 513/713/633 700/938/840 883/1283/1123
f 700/938/840 506/706/626 694/928/832 883/1283/1123
f 694/928/832 499/699/619 688/918/824 883/1283/1123
f 688/918/824 492/692/612 682/908/816 883/1283/1123
f 682/908/816 485/685/605 676/898/808 883/1283/1123
f 676/898/808 478/678/598 670/888/800 883/1283/1123
f 670/888/800 471/671/591 664/878/792 883/1283/1123
f 664/878/792 464/664/584 658/868/784 883/1283/1123
f 658/868/784 457/657/577 652/858/776 883/1283/1123
f 652/858/776 443/643/563 644/844/764 883/1283/1123
f 838/1156/1036 641/841/761 842/1162/1042 884/1284/1124
f 842/1162/1042 583/783/703 764/1044/924 884/1284/1124
f 764/1044/924 587/787/707 770/1054/934 884/1284/1124
f 770/1054/934 590/790/710 774/1060/940 884/1284/1124
f 774/1060/940 593/793/713 778/1066/946 884/1284/1124
f 778/1066/946 596/796/716 782/1072/952 884/1284/1124
f 782/1072/952 599/799/719 786/1078/958 884/1284/1124
f 786/1078/958 602/802/722 790/1084/964 884/1284/1124
f 790/1084/964 605/805/725 794/1090/970 884/1284/1124
f 794/1090/970 608/808/728 798/1096/976 884/1284/1124
f 798/1096/976 611/811/731 802/1102/982 884/1284/1124
f 802/1102/982 614/814/734 806/1108/988 884/1284/1124
f 806/1108/988 617/817/737 810/1114/994 884/1284/1124
f 810/1114/994 620/820/740 814/1120/1000 884/1284/1124
f 814/1120/1000 623/823/743 818/1126/1006 884/1284/1124
f 818/1126/1006 626/826/746 822/1132/1012 884/1284/1124
f 822/1132/1012 629/829/749 826/1138/1018 884/1284/1124
f 826/1138/1018 632/832/752 830/1144/1024 884/1284/1124
f 830/1144/1024 635/835/755 834/1150/1030 884/1284/1124
f 834/1150/1030 638/838/758 838/1156/1036 884/1284/1124
f 949/1397/1317 950/1398/1318 951/1399/1319 952/1400/1320
f 950/1398/1318 953/1401/1321 954/1402/1322 951/1399/1319
f 953/1401/1321 955/1403/1323 956/1404/1324 954/1402/1322
f 955/1403/1323 957/1405/1325 958/1406/1326 956/1404/1324
f 957/1405/1325 959/1407/1327 960/1408/1328 958/1406/1326
f 959/1407/1327 961/1409/1329 962/1410/1330 960/1408/1328
f 961/1409/1329 963/1411/1331 964/1412/1332 962/1410/1330
f 963/1411/1331 965/1413/1333 966/1414/1334 964/1412/1332
f 965/1413/1333 967/1415/1335 968/1416/1336 966/1414/1334
f 967/1415/1335 969/1417/1337 970/1418/1338 968/1416/1336
f 969/1417/1337 971/1419/1339 972/1420/1340 970/1418/1338
f 971/1419/1339 973/1421/1341 974/1422/1342 972/1420/1340
f 973/1421/1341 975/1423/1343 976/1424/1344 974/1422/1342
f 975/1423/1343 977/1425/1345 978/1426/1346 976/1424/1344
f 977/1425/1345 979/1427/1347 980/1428/1348 978/1426/1346
f 979/1427/1347 981/1429/1349 982/1430/1350 980/1428/1348
f 981/1429/1349 983/1431/1351 984/1432/1352 982/1430/1350
f 983/1431/1351 985/1433/1353 986/1434/1354 984/1432/1352
f 985/1433/1353 987/1435/1355 988/1436/1356 986/1434/1354
f 987/1435/1355 949/1437/1317 952/1438/1320 988/1436/1356
f 950/1439/1357 949/1440/1358 989/1441/1359
f 953/1442/1360 950/1439/1357 989/1441/1359
f 955/1443/1361 953/1442/1360 989/1441/1359
f 957/1444/1362 955/1443/1361 989/1441/1359
f 959/1445/1363 957/1444/1362 989/1441/1359
f 961/1446/1364 959/1445/1363 989/1441/1359
f 963/1447/1365 961/1446/1364 989/1441/1359
f 965/1448/1366 963/1447/1365 989/1441/1359
f 967/1449/1367 965/1448/1366 989/1441/1359
f 969/1450/1368 967/1449/1367 989/1441/1359
f 971/1451/1369 969/1450/1368 989/1441/1359
f 973/1452/1370 971/1451/1369 989/1441/1359
f 975/1453/1371 973/1452/1370 989/1441/1359
f 977/1454/1372 975/1453/1371 989/1441/1359
f 979/1455/1373 977/1454/1372 989/1441/1359
f 981/1456/1374 979/1455/1373 989/1441/1359
f 983/1457/1375 981/1456/1374 989/1441/1359
f 985/1458/1376 983/1457/1375 989/1441/1359
f 987/1459/1377 985/1458/1376 989/1441/1359
f 949/1440/1358 987/1459/1377 989/1441/1359
f 952/1460/1378 951/1461/1379 990/1462/1380
f 951/1461/1379 954/1463/1381 990/1462/1380
f 954/1463/1381 956/1464/1382 990/1462/1380
f 956/1464/1382 958/1465/1383 990/1462/1380
f 958/1465/1383 960/1466/1384 990/1462/1380
f 960/1466/1384 962/1467/1385 990/1462/1380
f 962/1467/1385 964/1468/1386 990/1462/1380
f 964/1468/1386 966/1469/1387 990/1462/1380
f 966/1469/1387 968/1470/1388 990/1462/1380
f 968/1470/1388 970/1471/1389 990/1462/1380
f 970/1471/1389 972/1472/1390 990/1462/1380
f 972/1472/1390 974/1473/1391 990/1462/1380
f 974/1473/1391 976/1474/1392 990/1462/1380
f 976/1474/1392 978/1475/1393 990/1462/1380
f 978/1475/1393 980/1476/1394 990/1462/1380
f 980/1476/1394 982/1477/1395 990/1462/1380
f 982/1477/1395 984/1478/1396 990/1462/1380
f 984/1478/1396 986/1479/1397 990/1462/1380
f 986/1479/1397 988/1480/1398 990/1462/1380
f 988/1480/1398 952/1460/1378 990/1462/1380
f 991/1481/1399 992/1482/1400 993/1483/1401 994/1484/1402
f 992/1482/1400 995/1485/1403 996/1486/1404 993/1483/1401
f 995/1485/1403 997/1487/1405 998/1488/1406 996/1486/1404
f 997/1487/1405 999/1489/1407 1000/1490/1408 998/1488/1406
f 999/1489/1407 1001/1491/1409 1002/1492/1410 1000/1490/1408
f 1001/1491/1409 1003/1493/1411 1004/1494/1412 1002/1492/1410
f 1003/1493/1411 1005/1495/1413 1006/1496/1414 1004/1494/1412
f 1005/1495/1413 1007/1497/1415 1008/1498/1416 1006/1496/1414
f 1007/1497/1415 1009/1499/1417 1010/1500/1418 1008/1498/1416
f 1009/1499/1417 1011/1501/1419 1012/1502/1420 1010/1500/1418
f 1011/1501/1419 1013/1503/1421 1014/1504/1422 1012/1502/1420
f 1013/1503/1421 1015/1505/1423 1016/1506/1424 1014/1504/1422
f 1015/1505/1423 1017/1507/1425 1018/1508/1426 1016/1506/1424
f 1017/1507/1425 1019/1509/1427 1020/1510/1428 1018/1508/1426
f 1019/1509/1427 1021/1511/1429 1022/1512/1430 1020/1510/1428
f 1021/1511/1429 1023/1513/1431 1024/1514/1432 1022/1512/1430
f 1023/1513/1431 1025/1515/1433 1026/1516/1434 1024/1514/1432
f 1025/1515/1433 1027/1517/1435 1028/1518/1436 1026/1516/1434
f 1027/1517/1435 1029/1519/1437 1030/1520/1438 1028/1518/1436
f 1029/1519/1437 991/1521/1399 994/1522/1402 1030/1520/1438
f 992/1523/1439 991/1524/1440 1031/1525/1441
f 995/1526/1442 992/1523/1439 1031/1525/1441
f 997/1527/1443 995/1526/1442 1031/1525/1441
f 999/1528/1444 997/1527/1443 1031/1525/1441
f 1001/1529/1445 999/1528/1444 1031/1525/1441
f 1003/1530/1446 1001/1529/1445 1031/1525/1441
f 1005/1531/1447 1003/1530/1446 1031/1525/1441
f 1007/1532/1448 1005/1531/1447 1031/1525/1441
f 1009/1533/1449 1007/1532/1448 1031/1525/1441
f 1011/1534/1450 1009/1533/1449 1031/1525/1441
f 1013/1535/1451 1011/1534/1450 1031/1525/1441
f 1015/1536/1452 1013/1535/1451 1031/1525/1441
f 1017/1537/1453 1015/1536/1452 1031/1525/1441
f 1019/1538/1454 1017/1537/1453 1031/1525/1441
f 1021/1539/1455 1019/1538/1454 1031/1525/1441
f 1023/1540/1456 1021/1539/1455 1031/1525/1441
f 1025/1541/1457 1023/1540/1456 1031/1525/1441
f 1027/1542/1458 1025/1541/1457 1031/1525/1441
f 1029/1543/1459 1027/1542/1458 1031/1525/1441
f 991/1524/1440 1029/1543/1459 1031/1525/1441
f 994/1544/1460 993/1545/1461 1032/1546/1462
f 993/1545/1461 996/1547/1463 1032/1546/1462
f 996/1547/1463 998/1548/1464 1032/1546/1462
f 998/1548/1464 1000/1549/1465 1032/1546/1462
f 1000/1549/1465 1002/1550/1466 1032/1546/1462
f 1002/1550/1466 1004/1551/1467 1032/1546/1462
f 1004/1551/1467 1006/1552/1468 1032/1546/1462
f 1006/1552/1468 1008/1553/1469 1032/1546/1462
f 1008/1553/1469 1010/1554/1470 1032/1546/1462
f 1010/1554/1470 1012/1555/1471 1032/1546/1462
f 1012/1555/1471 1014/1556/1472 1032/1546/1462
f 1014/1556/1472 1016/1557/1473 1032/1546/1462
f 1016/1557/1473 1018/1558/1474 1032/1546/1462
f 1018/1558/1474 1020/1559/1475 1032/1546/1462
f 1020/1559/1475 1022/1560/1476 1032/1546/1462
f 1022/1560/1476 1024/1561/1477 1032/1546/1462
f 1024/1561/1477 1026/1562/1478 1032/1546/1462
f 1026/1562/1478 1028/1563/1479 1032/1546/1462
f 1028/1563/1479 1030/1564/1480 1032/1546/1462
f 1030/1564/1480 994/1544/1460 1032/1546/1462
f 1033/1565/1481 1034/1566/1482 1035/1567/1483 1036/1568/1484
f 1034/1566/1482 1037/1569/1485 1038/1570/1486 1035/1567/1483
f 1037/1569/1485 1039/1571/1487 1040/1572/1488 1038/1570/1486
f 1039/1571/1487 1041/1573/1489 1042/1574/1490 1040/1572/1488
f 1041/1573/1489 1043/1575/1491 1044/1576/1492 1042/1574/1490
f 1043/1575/1491 1045/1577/1493 1046/1578/1494 1044/1576/1492
f 1045/1577/1493 1047/1579/1495 1048/1580/1496 1046/1578/1494
f 1047/1579/1495 1049/1581/1497 1050/1582/1498 1048/1580/1496
f 1049/1581/1497 1051/1583/1499 1052/1584/1500 1050/1582/1498
f 1051/1583/1499 1053/1585/1501 1054/1586/1502 1052/1584/1500
f 1053/1585/1501 1055/1587/1503 1056/1588/1504 1054/1586/1502
f 1055/1587/1503 1057/1589/1505 1058/1590/1506 1056/1588/1504
f 1057/1589/1505 1059/1591/1507 1060/1592/1508 1058/1590/1506
f 1059/1591/1507 1061/1593/1509 1062/1594/1510 1060/1592/1508
f 1061/1593/1509 1063/1595/1511 1064/1596/1512 1062/1594/1510
f 1063/1595/1511 1065/1597/1513 1066/1598/1514 1064/1596/1512
f 1065/1597/1513 1067/1599/1515 1068/1600/1516 1066/1598/1514
f 1067/1599/1515 1069/1601/1517 1070/1602/1518 1068/1600/1516
f 1069/1601/1517 1071/1603/1519 1072/1604/1520 1070/1602/1518
f 1071/1603/1519 1033/1605/1481 1036/1606/1484 1072/1604/1520
f 1034/1607/1521 1033/1608/1522 1073/1609/1523
f 1037/1610/1524 1034/1607/1521 1073/1609/1523
f 1039/1611/1525 1037/1610/1524 1073/1609/1523
f 1041/1612/1526 1039/1611/1525 1073/1609/1523
f 1043/1613/1527 1041/1612/1526 1073/1609/1523
f 1045/1614/1528 1043/1613/1527 1073/1609/1523
f 1047/1615/1529 1045/1614/1528 1073/1609/1523
f 1049/1616/1530 1047/1615/1529 1073/1609/1523
f 1051/1617/1531 1049/1616/1530 1073/1609/1523
f 1053/1618/1532 1051/1617/1531 1073/1609/1523
f 1055/1619/1533 1053/1618/1532 1073/1609/1523
f 1057/1620/1534 1055/1619/1533 1073/1609/1523
f 1059/1621/1535 1057/1620/1534 1073/1609/1523
f 1061/1622/1536 1059/1621/1535 1073/1609/1523
f 1063/1623/1537 1061/1622/1536 1073/1609/1523
f 1065/1624/1538 1063/1623/1537 1073/1609/1523
f 1067/1625/1539 1065/1624/1538 1073/1609/1523
f 1069/1626/1540 1067/1625/1539 1073/1609/1523
f 1071/1627/1541 1069/1626/1540 1073/1609/1523
f 1033/1608/1522 1071/1627/1541 1073/1609/1523
f 1036/1628/1542 1035/1629/1543 1074/1630/1544
f 1035/1629/1543 1038/1631/1545 1074/1630/1544
f 1038/1631/1545 1040/1632/1546 1074/1630/1544
f 1040/1632/1546 1042/1633/1547 1074/1630/1544
f 1042/1633/1547 1044/1634/1548 1074/1630/1544
f 1044/1634/1548 1046/1635/1549 1074/1630/1544
f 1046/1635/1549 1048/1636/1550 1074/1630/1544
f 1048/1636/1550 1050/1637/1551 1074/1630/1544
f 1050/1637/1551 1052/1638/1552 1074/1630/1544
f 1052/1638/1552 1054/1639/1553 1074/1630/1544
f 1054/1639/1553 1056/1640/1554 1074/1630/1544
f 1056/1640/1554 1058/1641/1555 1074/1630/1544
f 1058/1641/1555 1060/1642/1556 1074/1630/1544
f 1060/1642/1556 1062/1643/1557 1074/1630/1544
f 1062/1643/1557 1064/1644/1558 1074/1630/1544
f 1064/1644/1558 1066/1645/1559 1074/1630/1544
f 1066/1645/1559 1068/1646/1560 1074/1630/1544
f 1068/1646/1560 1070/1647/1561 1074/1630/1544
f 1070/1647/1561 1072/1648/1562 1074/1630/1544
f 1072/1648/1562 1036/1628/1542 1074/1630/1544
f 1075/1649/1563 1076/1650/1564 1077/1651/1565 1078/1652/1566
f 1076/1650/1564 1079/1653/1567 1080/1654/1568 1077/1651/1565
f 1079/1653/1567 1081/1655/1569 1082/1656/1570 1080/1654/1568
f 1081/1655/1569 1083/1657/1571 1084/1658/1572 1082/1656/1570
f 1083/1657/1571 1085/1659/1573 1086/1660/1574 1084/1658/1572
f 1085/1659/1573 1087/1661/1575 1088/1662/1576 1086/1660/1574
f 1087/1661/1575 1089/1663/1577 1090/1664/1578 1088/1662/1576
f 1089/1663/1577 1091/1665/1579 1092/1666/1580 1090/1664/1578
f 1091/1665/1579 1093/1667/1581 1094/1668/1582 1092/1666/1580
f 1093/1667/1581 1095/1669/1583 1096/1670/1584 1094/1668/1582
f 1095/1669/1583 1097/1671/1585 1098/1672/1586 1096/1670/1584
f 1097/1671/1585 1099/1673/1587 1100/1674/1588 1098/1672/1586
f 1099/1673/1587 1101/1675/1589 1102/1676/1590 1100/1674/1588
f 1101/1675/1589 1103/1677/1591 1104/1678/1592 1102/1676/1590
f 1103/1677/1591 1105/1679/1593 1106/1680/1594 1104/1678/1592
f 1105/1679/1593 1107/1681/1595 1108/1682/1596 1106/1680/1594
f 1107/1681/1595 1109/1683/1597 1110/1684/1598 1108/1682/1596
f 1109/1683/1597 1111/1685/1599 1112/1686/1600 1110/1684/1598
f 1111/1685/1599 1113/1687/1601 1114/1688/1602 1112/1686/1600
f 1113/1687/1601 1075/1689/1563 1078/1690/1566 1114/1688/1602
f 1078/1652/1566 1077/1651/1565 1115/1691/1603 1116/1692/1604
f 1077/1651/1565 1080/1654/1568 1117/1693/1605 1115/1691/1603
f 1080/1654/1568 1082/1656/1570 1118/1694/1606 1117/1693/1605
f 1082/1656/1570 1084/1658/1572 1119/1695/1607 1118/1694/1606
f 1084/1658/1572 1086/1660/1574 1120/1696/1608 1119/1695/1607
f 1086/1660/1574 1088/1662/1576 1121/1697/1609 1120/1696/1608
f 1088/1662/1576 1090/1664/1578 1122/1698/1610 1121/1697/1609
f 1090/1664/1578 1092/1666/1580 1123/1699/1611 1122/1698/1610
f 1092/1666/1580 1094/1668/1582 1124/1700/1612 1123/1699/1611
f 1094/1668/1582 1096/1670/1584 1125/1701/1613 1124/1700/1612
f 1096/1670/1584 1098/1672/1586 1126/1702/1614 1125/1701/1613
f 1098/1672/1586 1100/1674/1588 1127/1703/1615 1126/1702/1614
f 1100/1674/1588 1102/1676/1590 1128/1704/1616 1127/1703/1615
f 1102/1676/1590 1104/1678/1592 1129/1705/1617 1128/1704/1616
f 1104/1678/1592 1106/1680/1594 1130/1706/1618 1129/1705/1617
f 1106/1680/1594 1108/1682/1596 1131/1707/1619 1130/1706/1618
f 1108/1682/1596 1110/1684/1598 1132/1708/1620 1131/1707/1619
f 1110/1684/1598 1112/1686/1600 1133/1709/1621 1132/1708/1620
f 1112/1686/1600 1114/1688/1602 1134/1710/1622 1133/1709/1621
f 1114/1688/1602 1078/1690/1566 1116/1711/1604 1134/1710/1622
f 1116/1692/1604 1115/1691/1603 1135/1712/1623 1136/1713/1624
f 1115/1691/1603 1117/1693/1605 1137/1714/1625 1135/1712/1623
f 1117/1693/1605 1118/1694/1606 1138/1715/1626 1137/1714/1625
f 1118/1694/1606 1119/1695/1607 1139/1716/1627 1138/1715/1626
f 1119/1695/1607 1120/1696/1608 1140/1717/1628 1139/1716/1627
f 1120/1696/1608 1121/1697/1609 1141/1718/1629 1140/1717/1628
f 1121/1697/1609 1122/1698/1610 1142/1719/1630 1141/1718/1629
f 1122/1698/1610 1123/1699/1611 1143/1720/1631 1142/1719/1630
f 1123/1699/1611 1124/1700/1612 1144/1721/1632 1143/1720/1631
f 1124/1700/1612 1125/1701/1613 1145/1722/1633 1144/1721/1632
f 1125/1701/1613 1126/1702/1614 1146/1723/1634 1145/1722/1633
f 1126/1702/1614 1127/1703/1615 1147/1724/1635 1146/1723/1634
f 1127/1703/1615 1128/1704/1616 1148/1725/1636 1147/1724/1635
f 1128/1704/1616 1129/1705/1617 1149/1726/1637 1148/1725/1636
f 1129/1705/1617 1130/1706/1618 1150/1727/1638 1149/1726/1637
f 1130/1706/1618 1131/1707/1619 1151/1728/1639 1150/1727/1638
f 1131/1707/1619 1132/1708/1620 1152/1729/1640 1151/1728/1639
f 1132/1708/1620 1133/1709/1621 1153/1730/1641 1152/1729/1640
f 1133/1709/1621 1134/1710/1622 1154/1731/1642 1153/1730/1641
f 1134/1710/1622 1116/1711/1604 1136/1732/1624 1154/1731/1642
f 1136/1713/1624 1135/1712/1623 1155/1733/1643 1156/1734/1644
f 1135/1712/1623 1137/1714/1625 1157/1735/1645 1155/1733/1643
f 1137/1714/1625 1138/1715/1626 1158/1736/1646 1157/1735/1645
f 1138/1715/1626 1139/1716/1627 1159/1737/1647 1158/1736/1646
f 1139/1716/1627 1140/1717/1628 1160/1738/1648 1159/1737/1647
f 1140/1717/1628 1141/1718/1629 1161/1739/1649 1160/1738/1648
f 1141/1718/1629 1142/1719/1630 1162/1740/1650 1161/1739/1649
f 1142/1719/1630 1143/1720/1631 1163/1741/1651 1162/1740/1650
f 1143/1720/1631 1144/1721/1632 1164/1742/1652 1163/1741/1651
f 1144/1721/1632 1145/1722/1633 1165/1743/1653 1164/1742/1652
f 1145/1722/1633 1146/1723/1634 1166/1744/1654 1165/1743/1653
f 1146/1723/1634 1147/1724/1635 1167/1745/1655 1166/1744/1654
f 1147/1724/1635 1148/1725/1636 1168/1746/1656 1167/1745/1655
f 1148/1725/1636 1149/1726/1637 1169/1747/1657 1168/1746/1656
f 1149/1726/1637 1150/1727/1638 1170/1748/1658 1169/1747/1657
f 1150/1727/1638 1151/1728/1639 1171/1749/1659 1170/1748/1658
f 1151/1728/1639 1152/1729/1640 1172/1750/1660 1171/1749/1659
f 1152/1729/1640 1153/1730/1641 1173/1751/1661 1172/1750/1660
f 1153/1730/1641 1154/1731/1642 1174/1752/1662 1173/1751/1661
f 1154/1731/1642 1136/1732/1624 1156/1753/1644 1174/1752/1662
f 1156/1734/1644 1155/1733/1643 1175/1754/1663 1176/1755/1664
f 1155/1733/1643 1157/1735/1645 1177/1756/1665 1175/1754/1663
f 1157/1735/1645 1158/1736/1646 1178/1757/1666 1177/1756/1665
f 1158/1736/1646 1159/1737/1647 1179/1758/1667 1178/1757/1666
f 1159/1737/1647 1160/1738/1648 1180/1759/1668 1179/1758/1667
f 1160/1738/1648 1161/1739/1649 1181/1760/1669 1180/1759/1668
f 1161/1739/1649 1162/1740/1650 1182/1761/1670 1181/1760/1669
f 1162/1740/1650 1163/1741/1651 1183/1762/1671 1182/1761/1670
f 1163/1741/1651 1164/1742/1652 1184/1763/1672 1183/1762/1671
f 1164/1742/1652 1165/1743/1653 1185/1764/1673 1184/1763/1672
f 1165/1743/1653 1166/1744/1654 1186/1765/1674 1185/1764/1673
f 1166/1744/1654 1167/1745/1655 1187/1766/1675 1186/1765/1674
f 1167/1745/1655 1168/1746/1656 1188/1767/1676 1187/1766/1675
f 1168/1746/1656 1169/1747/1657 1189/1768/1677 1188/1767/1676
f 1169/1747/1657 1170/1748/1658 1190/1769/1678 1189/1768/1677
f 1170/1748/1658 1171/1749/1659 1191/1770/1679 1190/1769/1678
f 1171/1749/1659 1172/1750/1660 1192/1771/1680 1191/1770/1679
f 1172/1750/1660 1173/1751/1661 1193/1772/1681 1192/1771/1680
f 1173/1751/1661 1174/1752/1662 1194/1773/1682 1193/1772/1681
f 1174/1752/1662 1156/1753/1644 1176/1774/1664 1194/1773/1682
f 1176/1755/1664 1175/1754/1663 1195/1775/1683 1196/1776/1684
f 1175/1754/1663 1177/1756/1665 1197/1777/1685 1195/1775/1683
f 1177/1756/1665 1178/1757/1666 1198/1778/1686 1197/1777/1685
f 1178/1757/1666 1179/1758/1667 1199/1779/1687 1198/1778/1686
f 1179/1758/1667 1180/1759/1668 1200/1780/1688 1199/1779/1687
f 1180/1759/1668 1181/1760/1669 1201/1781/1689 1200/1780/1688
f 1181/1760/1669 1182/1761/1670 1202/1782/1690 1201/1781/1689
f 1182/1761/1670 1183/1762/1671 1203/1783/1691 1202/1782/1690
f 1183/1762/1671 1184/1763/1672 1204/1784/1692 1203/1783/1691
f 1184/1763/1672 1185/1764/1673 1205/1785/1693 1204/1784/1692
f 1185/1764/1673 1186/1765/1674 1206/1786/1694 1205/1785/1693
f 1186/1765/1674 1187/1766/1675 1207/1787/1695 1206/1786/1694
f 1187/1766/1675 1188/1767/1676 1208/1788/1696 1207/1787/1695
f 1188/1767/1676 1189/1768/1677 1209/1789/1697 1208/1788/1696
f 1189/1768/1677 1190/1769/1678 1210/1790/1698 1209/1789/1697
f 1190/1769/1678 1191/1770/1679 1211/1791/1699 1210/1790/1698
f 1191/1770/1679 1192/1771/1680 1212/1792/1700 1211/1791/1699
f 1192/1771/1680 1193/1772/1681 1213/1793/1701 1212/1792/1700
f 1193/1772/1681 1194/1773/1682 1214/1794/1702 1213/1793/1701
f 1194/1773/1682 1176/1774/1664 1196/1795/1684 1214/1794/1702
f 1196/1776/1684 1195/1775/1683 1215/1796/1703 1216/1797/1704
f 1195/1775/1683 1197/1777/1685 1217/1798/1705 1215/1796/1703
f 1197/1777/1685 1198/1778/1686 1218/1799/1706 1217/1798/1705
f 1198/1778/1686 1199/1779/1687 1219/1800/1707 1218/1799/1706
f 1199/1779/1687 1200/1780/1688 1220/1801/1708 1219/1800/1707
f 1200/1780/1688 1201/1781/1689 1221/1802/1709 1220/1801/1708
f 1201/1781/1689 1202/1782/1690 1222/1803/1710 1221/1802/1709
f 1202/1782/1690 1203/1783/1691 1223/1804/1711 1222/1803/1710
f 1203/1783/1691 1204/1784/1692 1224/1805/1712 1223/1804/1711
f 1204/1784/1692 1205/1785/1693 1225/1806/1713 1224/1805/1712
f 1205/1785/1693 1206/1786/1694 1226/1807/1714 1225/1806/1713
f 1206/1786/1694 1207/1787/1695 1227/1808/1715 1226/1807/1714
f 1207/1787/1695 1208/1788/1696 1228/1809/1716 1227/1808/1715
f 1208/1788/1696 1209/1789/1697 1229/1810/1717 1228/1809/1716
f 1209/1789/1697 1210/1790/1698 1230/1811/1718 1229/1810/1717
f 1210/1790/1698 1211/1791/1699 1231/1812/1719 1230/1811/1718
f 1211/1791/1699 1212/1792/1700 1232/1813/1720 1231/1812/1719
f 1212/1792/1700 1213/1793/1701 1233/1814/1721 1232/1813/1720
f 1213/1793/1701 1214/1794/1702 1234/1815/1722 1233/1814/1721
f 1214/1794/1702 1196/1795/1684 1216/1816/1704 1234/1815/1722
f 1216/1797/1704 1215/1796/1703 1235/1817/1723 1236/1818/1724
f 1215/1796/1703 1217/1798/1705 1237/1819/1725 1235/1817/1723
f 1217/1798/1705 1218/1799/1706 1238/1820/1726 1237/1819/1725
f 1218/1799/1706 1219/1800/1707 1239/1821/1727 1238/1820/1726
f 1219/1800/1707 1220/1801/1708 1240/1822/1728 1239/1821/1727
f 1220/1801/1708 1221/1802/1709 1241/1823/1729 1240/1822/1728
f 1221/1802/1709 1222/1803/1710 1242/1824/1730 1241/1823/1729
f 1222/1803/1710 1223/1804/1711 1243/1825/1731 1242/1824/1730
f 1223/1804/1711 1224/1805/1712 1244/1826/1732 1243/1825/1731
f 1224/1805/1712 1225/1806/1713 1245/1827/1733 1244/1826/1732
f 1225/1806/1713 1226/1807/1714 1246/1828/1734 1245/1827/1733
f 1226/1807/1714 1227/1808/1715 1247/1829/1735 1246/1828/1734
f 1227/1808/1715 1228/1809/1716 1248/1830/1736 1247/1829/1735
f 1228/1809/1716 1229/1810/1717 1249/1831/1737 1248/1830/1736
f 1229/1810/1717 1230/1811/1718 1250/1832/1738 1249/1831/1737
f 1230/1811/1718 1231/1812/1719 1251/1833/1739 1250/1832/1738
f 1231/1812/1719 1232/1813/1720 1252/1834/1740 1251/1833/1739
f 1232/1813/1720 1233/1814/1721 1253/1835/1741 1252/1834/1740
f 1233/1814/1721 1234/1815/1722 1254/1836/1742 1253/1835/1741
f 1234/1815/1722 1216/1816/1704 1236/1837/1724 1254/1836/1742
f 1236/1818/1724 1235/1817/1723 1255/1838/1743 1256/1839/1744
f 1235/1817/1723 1237/1819/1725 1257/1840/1745 1255/1838/1743
f 1237/1819/1725 1238/1820/1726 1258/1841/1746 1257/1840/1745
f 1238/1820/1726 1239/1821/1727 1259/1842/1747 1258/1841/1746
f 1239/1821/1727 1240/1822/1728 1260/1843/1748 1259/1842/1747
f 1240/1822/1728 1241/1823/1729 1261/1844/1749 1260/1843/1748
f 1241/1823/1729 1242/1824/1730 1262/1845/1750 1261/1844/1749
f 1242/1824/1730 1243/1825/1731 1263/1846/1751 1262/1845/1750
f 1243/1825/1731 1244/1826/1732 1264/1847/1752 1263/1846/1751
f 1244/1826/1732 1245/1827/1733 1265/1848/1753 1264/1847/1752
f 1245/1827/1733 1246/1828/1734 1266/1849/1754 1265/1848/1753
f 1246/1828/1734 1247/1829/1735 1267/1850/1755 1266/1849/1754
f 1247/1829/1735 1248/1830/1736 1268/1851/1756 1267/1850/1755
f 1248/1830/1736 1249/1831/1737 1269/1852/1757 1268/1851/1756
f 1249/1831/1737 1250/1832/1738 1270/1853/1758 1269/1852/1757
f 1250/1832/1738 1251/1833/1739 1271/1854/1759 1270/1853/1758
f 1251/1833/1739 1252/1834/1740 1272/1855/1760 1271/1854/1759
f 1252/1834/1740 1253/1835/1741 1273/1856/1761 1272/1855/1760
f 1253/1835/1741 1254/1836/1742 1274/1857/1762 1273/1856/1761
f 1254/1836/1742 1236/1837/1724 1256/1858/1744 1274/1857/1762
f 1256/1839/1744 1255/1838/1743 1275/1859/1763 1276/1860/1764
f 1255/1838/1743 1257/1840/1745 1277/1861/1765 1275/1859/1763
f 1257/1840/1745 1258/1841/1746 1278/1862/1766 1277/1861/1765
f 1258/1841/1746 1259/1842/1747 1279/1863/1767 1278/1862/1766
f 1259/1842/1747 1260/1843/1748 1280/1864/1768 1279/1863/1767
f 1260/1843/1748 1261/1844/1749 1281/1865/1769 1280/1864/1768
f 1261/1844/1749 1262/1845/1750 1282/1866/1770 1281/1865/1769
f 1262/1845/1750 1263/1846/1751 1283/1867/1771 1282/1866/1770
f 1263/1846/1751 1264/1847/1752 1284/1868/1772 1283/1867/1771
f 1264/1847/1752 1265/1848/1753 1285/1869/1773 1284/1868/1772
f 1265/1848/1753 1266/1849/1754 1286/1870/1774 1285/1869/1773
f 1266/1849/1754 1267/1850/1755 1287/1871/1775 1286/1870/1774
f 1267/1850/1755 1268/1851/1756 1288/1872/1776 1287/1871/1775
f 1268/1851/1756 1269/1852/1757 1289/1873/1777 1288/1872/1776
f 1269/1852/1757 1270/1853/1758 1290/1874/1778 1289/1873/1777
f 1270/1853/1758 1271/1854/1759 1291/1875/1779 1290/1874/1778
f 1271/1854/1759 1272/1855/1760 1292/1876/1780 1291/1875/1779
f 1272/1855/1760 1273/1856/1761 1293/1877/1781 1292/1876/1780
f 1273/1856/1761 1274/1857/1762 1294/1878/1782 1293/1877/1781
f 1274/1857/1762 1256/1858/1744 1276/1879/1764 1294/1878/1782
f 1276/1860/1764 1275/1859/1763 1295/1880/1783 1296/1881/1784
f 1275/1859/1763 1277/1861/1765 1297/1882/1785 1295/1880/1783
f 1277/1861/1765 1278/1862/1766 1298/1883/1786 1297/1882/1785
f 1278/1862/1766 1279/1863/1767 1299/1884/1787 1298/1883/1786
f 1279/1863/1767 1280/1864/1768 1300/1885/1788 1299/1884/1787
f 1280/1864/1768 1281/1865/1769 1301/1886/1789 1300/1885/1788
f 1281/1865/1769 1282/1866/1770 1302/1887/1790 1301/1886/1789
f 1282/1866/1770 1283/1867/1771 1303/1888/1791 1302/1887/1790
f 1283/1867/1771 1284/1868/1772 1304/1889/1792 1303/1888/1791
f 1284/1868/1772 1285/1869/1773 1305/1890/1793 1304/1889/1792
f 1285/1869/1773 1286/1870/1774 1306/1891/1794 1305/1890/1793
f 1286/1870/1774 1287/1871/1775 1307/1892/1795 1306/1891/1794
f 1287/1871/1775 1288/1872/1776 1308/1893/1796 1307/1892/1795
f 1288/1872/1776 1289/1873/1777 1309/1894/1797 1308/1893/1796
f 1289/1873/1777 1290/1874/1778 1310/1895/1798 1309/1894/1797
f 1290/1874/1778 1291/1875/1779 1311/1896/1799 1310/1895/1798
f 1291/1875/1779 1292/1876/1780 1312/1897/1800 1311/1896/1799
f 1292/1876/1780 1293/1877/1781 1313/1898/1801 1312/1897/1800
f 1293/1877/1781 1294/1878/1782 1314/1899/1802 1313/1898/1801
f 1294/1878/1782 1276/1879/1764 1296/1900/1784 1314/1899/1802
f 1296/1881/1784 1295/1880/1783 1315/1901/1803 1316/1902/1804
f 1295/1880/1783 1297/1882/1785 1317/1903/1805 1315/1901/1803
f 1297/1882/1785 1298/1883/1786 1318/1904/1806 1317/1903/1805
f 1298/1883/1786 1299/1884/1787 1319/1905/1807 1318/1904/1806
f 1299/1884/1787 1300/1885/1788 1320/1906/1808 1319/1905/1807
f 1300/1885/1788 1301/1886/1789 1321/1907/1809 1320/1906/1808
f 1301/1886/1789 1302/1887/1790 1322/1908/1810 1321/1907/1809
f 1302/1887/1790 1303/1888/1791 1323/1909/1811 1322/1908/1810
f 1303/1888/1791 1304/1889/1792 1324/1910/1812 1323/1909/1811
f 1304/1889/1792 1305/1890/1793 1325/1911/1813 1324/1910/1812
f 1305/1890/1793 1306/1891/1794 1326/1912/1814 1325/1911/1813
f 1306/1891/1794 1307/1892/1795 1327/1913/1815 1326/1912/1814
f 1307/1892/1795 1308/1893/1796 1328/1914/1816 1327/1913/1815
f 1308/1893/1796 1309/1894/1797 1329/1915/1817 1328/1914/1816
f 1309/1894/1797 1310/1895/1798 1330/1916/1818 1329/1915/1817
f 1310/1895/1798 1311/1896/1799 1331/1917/1819 1330/1916/1818
f 1311/1896/1799 1312/1897/1800 1332/1918/1820 1331/1917/1819
f 1312/1897/1800 1313/1898/1801 1333/1919/1821 1332/1918/1820
f 1313/1898/1801 1314/1899/1802 1334/1920/1822 1333/1919/1821
f 1314/1899/1802 1296/1900/1784 1316/1921/1804 1334/1920/1822
f 1316/1902/1804 1315/1901/1803 1335/1922/1823 1336/1923/1824
f 1315/1901/1803 1317/1903/1805 1337/1924/1825 1335/1922/1823
f 1317/1903/1805 1318/1904/1806 1338/1925/1826 1337/1924/1825
f 1318/1904/1806 1319/1905/1807 1339/1926/1827 1338/1925/1826
f 1319/1905/1807 1320/1906/1808 1340/1927/1828 1339/1926/1827
f 1320/1906/1808 1321/1907/1809 1341/1928/1829 1340/1927/1828
f 1321/1907/1809 1322/1908/1810 1342/1929/1830 1341/1928/1829
f 1322/1908/1810 1323/1909/1811 1343/1930/1831 1342/1929/1830
f 1323/1909/1811 1324/1910/1812 1344/1931/1832 1343/1930/1831
f 1324/1910/1812 1325/1911/1813 1345/1932/1833 1344/1931/1832
f 1325/1911/1813 1326/1912/1814 1346/1933/1834 1345/1932/1833
f 1326/1912/1814 1327/1913/1815 1347/1934/1835 1346/1933/1834
f 1327/1913/1815 1328/1914/1816 1348/1935/1836 1347/1934/1835
f 1328/1914/1816 1329/1915/1817 1349/1936/1837 1348/1935/1836
f 1329/1915/1817 1330/1916/1818 1350/1937/1838 1349/1936/1837
f 1330/1916/1818 1331/1917/1819 1351/1938/1839 1350/1937/1838
f 1331/1917/1819 1332/1918/1820 1352/1939/1840 1351/1938/1839
f 1332/1918/1820 1333/1919/1821 1353/1940/1841 1352/1939/1840
f 1333/1919/1821 1334/1920/1822 1354/1941/1842 1353/1940/1841
f 1334/1920/1822 1316/1921/1804 1336/1942/1824 1354/1941/1842
f 1336/1923/1824 1335/1922/1823 1355/1943/1843 1356/1944/1844
f 1335/1922/1823 1337/1924/1825 1357/1945/1845 1355/1943/1843
f 1337/1924/1825 1338/1925/1826 1358/1946/1846 1357/1945/1845
f 1338/1925/1826 1339/1926/1827 1359/1947/1847 1358/1946/1846
f 1339/1926/1827 1340/1927/1828 1360/1948/1848 1359/1947/1847
f 1340/1927/1828 1341/1928/1829 1361/1949/1849 1360/1948/1848
f 1341/1928/1829 1342/1929/1830 1362/1950/1850 1361/1949/1849
f 1342/1929/1830 1343/1930/1831 1363/1951/1851 1362/1950/1850
f 1343/1930/1831 1344/1931/1832 1364/1952/1852 1363/1951/1851
f 1344/1931/1832 1345/1932/1833 1365/1953/1853 1364/1952/1852
f 1345/1932/1833 1346/1933/1834 1366/1954/1854 1365/1953/1853
f 1346/1933/1834 1347/1934/1835 1367/1955/1855 1366/1954/1854
f 1347/1934/1835 1348/1935/1836 1368/1956/1856 1367/1955/1855
f 1348/1935/1836 1349/1936/1837 1369/1957/1857 1368/1956/1856
f 1349/1936/1837 1350/1937/1838 1370/1958/1858 1369/1957/1857
f 1350/1937/1838 1351/1938/1839 1371/1959/1859 1370/1958/1858
f 1351/1938/1839 1352/1939/1840 1372/1960/1860 1371/1959/1859
f 1352/1939/1840 1353/1940/1841 1373/1961/1861 1372/1960/1860
f 1353/1940/1841 1354/1941/1842 1374/1962/1862 1373/1961/1861
f 1354/1941/1842 1336/1942/1824 1356/1963/1844 1374/1962/1862
f 1356/1944/1844 1355/1943/1843 1375/1964/1863 1376/1965/1864
f 1355/1943/1843 1357/1945/1845 1377/1966/1865 1375/1964/1863
f 1357/1945/1845 1358/1946/1846 1378/1967/1866 1377/1966/1865
f 1358/1946/1846 1359/1947/1847 1379/1968/1867 1378/1967/1866
f 1359/1947/1847 1360/1948/1848 1380/1969/1868 1379/1968/1867
f 1360/1948/1848 1361/1949/1849 1381/1970/1869 1380/1969/1868
f 1361/1949/1849 1362/1950/1850 1382/1971/1870 1381/1970/1869
f 1362/1950/1850 1363/1951/1851 1383/1972/1871 1382/1971/1870
f 1363/1951/1851 1364/1952/1852 1384/1973/1872 1383/1972/1871
f 1364/1952/1852 1365/1953/1853 1385/1974/1873 1384/1973/1872
f 1365/1953/1853 1366/1954/1854 1386/1975/1874 1385/1974/1873
f 1366/1954/1854 1367/1955/1855 1387/1976/1875 1386/1975/1874
f 1367/1955/1855 1368/1956/1856 1388/1977/1876 1387/1976/1875
f 1368/1956/1856 1369/1957/1857 1389/1978/1877 1388/1977/1876
f 1369/1957/1857 1370/1958/1858 1390/1979/1878 1389/1978/1877
f 1370/1958/1858 1371/1959/1859 1391/1980/1879 1390/1979/1878
f 1371/1959/1859 1372/1960/1860 1392/1981/1880 1391/1980/1879
f 1372/1960/1860 1373/1961/1861 1393/1982/1881 1392/1981/1880
f 1373/1961/1861 1374/1962/1862 1394/1983/1882 1393/1982/1881
f 1374/1962/1862 1356/1963/1844 1376/1984/1864 1394/1983/1882
f 1376/1965/1864 1375/1964/1863 1395/1985/1883 1396/1986/1884
f 1375/1964/1863 1377/1966/1865 1397/1987/1885 1395/1985/1883
f 1377/1966/1865 1378/1967/1866 1398/1988/1886 1397/1987/1885
f 1378/1967/1866 1379/1968/1867 1399/1989/1887 1398/1988/1886
f 1379/1968/1867 1380/1969/1868 1400/1990/1888 1399/1989/1887
f 1380/1969/1868 1381/1970/1869 1401/1991/1889 1400/1990/1888
f 1381/1970/1869 1382/1971/1870 1402/1992/1890 1401/1991/1889
f 1382/1971/1870 1383/1972/1871 1403/1993/1891 1402/1992/1890
f 1383/1972/1871 1384/1973/1872 1404/1994/1892 1403/1993/1891
f 1384/1973/1872 1385/1974/1873 1405/1995/1893 1404/1994/1892
f 1385/1974/1873 1386/1975/1874 1406/1996/1894 1405/1995/1893
f 1386/1975/1874 1387/1976/1875 1407/1997/1895 1406/1996/1894
f 1387/1976/1875 1388/1977/1876 1408/1998/1896 1407/1997/1895
f 1388/1977/1876 1389/1978/1877 1409/1999/1897 1408/1998/1896
f 1389/1978/1877 1390/1979/1878 1410/2000/1898 1409/1999/1897
f 1390/1979/1878 1391/1980/1879 1411/2001/1899 1410/2000/1898
f 1391/1980/1879 1392/1981/1880 1412/2002/1900 1411/2001/1899
f 1392/1981/1880 1393/1982/1881 1413/2003/1901 1412/2002/1900
f 1393/1982/1881 1394/1983/1882 1414/2004/1902 1413/2003/1901
f 1394/1983/1882 1376/1984/1864 1396/2005/1884 1414/2004/1902
f 1396/1986/1884 1395/1985/1883 1415/2006/1903 1416/2007/1904
f 1395/1985/1883 1397/1987/1885 1417/2008/1905 1415/2006/1903
f 1397/1987/1885 1398/1988/1886 1418/2009/1906 1417/2008/1905
f 1398/1988/1886 1399/1989/1887 1419/2010/1907 1418/2009/1906
f 1399/1989/1887 1400/1990/1888 1420/2011/1908 1419/2010/1907
f 1400/1990/1888 1401/1991/1889 1421/2012/1909 1420/2011/1908
f 1401/1991/1889 1402/1992/1890 1422/2013/1910 1421/2012/1909
f 1402/1992/1890 1403/1993/1891 1423/2014/1911 1422/2013/1910
f 1403/1993/1891 1404/1994/1892 1424/2015/1912 1423/2014/1911
f 1404/1994/1892 1405/1995/1893 1425/2016/1913 1424/2015/1912
f 1405/1995/1893 1406/1996/1894 1426/2017/1914 1425/2016/1913
f 1406/1996/1894 1407/1997/1895 1427/2018/1915 1426/2017/1914
f 1407/1997/1895 1408/1998/1896 1428/2019/1916 1427/2018/1915
f 1408/1998/1896 1409/1999/1897 1429/2020/1917 1428/2019/1916
f 1409/1999/1897 1410/2000/1898 1430/2021/1918 1429/2020/1917
f 1410/2000/1898 1411/2001/1899 1431/2022/1919 1430/2021/1918
f 1411/2001/1899 1412/2002/1900 1432/2023/1920 1431/2022/1919
f 1412/2002/1900 1413/2003/1901 1433/2024/1921 1432/2023/1920
f 1413/2003/1901 1414/2004/1902 1434/2025/1922 1433/2024/1921
f 1414/2004/1902 1396/2005/1884 1416/2026/1904 1434/2025/1922
f 1416/2007/1904 1415/2006/1903 1435/2027/1923 1436/2028/1924
f 1415/2006/1903 1417/2008/1905 1437/2029/1925 1435/2027/1923
f 1417/2008/1905 1418/2009/1906 1438/2030/1926 1437/2029/1925
f 1418/2009/1906 1419/2010/1907 1439/2031/1927 1438/2030/1926
f 1419/2010/1907 1420/2011/1908 1440/2032/1928 1439/2031/1927
f 1420/2011/1908 1421/2012/1909 1441/2033/1929 1440/2032/1928
f 1421/2012/1909 1422/2013/1910 1442/2034/1930 1441/2033/1929
f 1422/2013/1910 1423/2014/1911 1443/2035/1931 1442/2034/1930
f 1423/2014/1911 1424/2015/1912 1444/2036/1932 1443/2035/1931
f 1424/2015/1912 1425/2016/1913 1445/2037/1933 1444/2036/1932
f 1425/2016/1913 1426/2017/1914 1446/2038/1934 1445/2037/1933
f 1426/2017/1914 1427/2018/1915 1447/2039/1935 1446/2038/1934
f 1427/2018/1915 1428/2019/1916 1448/2040/1936 1447/2039/1935
f 1428/2019/1916 1429/2020/1917 1449/2041/1937 1448/2040/1936
f 1429/2020/1917 1430/2021/1918 1450/2042/1938 1449/2041/1937
f 1430/2021/1918 1431/2022/1919 1451/2043/1939 1450/2042/1938
f 1431/2022/1919 1432/2023/1920 1452/2044/1940 1451/2043/1939
f 1432/2023/1920 1433/2024/1921 1453/2045/1941 1452/2044/1940
f 1433/2024/1921 1434/2025/1922 1454/2046/1942 1453/2045/1941
f 1434/2025/1922 1416/2026/1904 1436/2047/1924 1454/2046/1942
f 1076/1650/1564 1075/1649/1563 1455/2048/1943
f 1079/1653/1567 1076/1650/1564 1455/2049/1943
f 1081/1655/1569 1079/1653/1567 1455/2050/1943
f 1083/1657/1571 1081/1655/1569 1455/2051/1943
f 1085/1659/1573 1083/1657/1571 1455/2052/1943
f 1087/1661/1575 1085/1659/1573 1455/2053/1943
f 1089/1663/1577 1087/1661/1575 1455/2054/1943
f 1091/1665/1579 1089/1663/1577 1455/2055/1943
f 1093/1667/1581 1091/1665/1579 1455/2056/1943
f 1095/1669/1583 1093/1667/1581 1455/2057/1943
f 1097/1671/1585 1095/1669/1583 1455/2058/1943
f 1099/1673/1587 1097/1671/1585 1455/2059/1943
f 1101/1675/1589 1099/1673/1587 1455/2060/1943
f 1103/1677/1591 1101/1675/1589 1455/2061/1943
f 1105/1679/1593 1103/1677/1591 1455/2062/1943
f 1107/1681/1595 1105/1679/1593 1455/2063/1943
f 1109/1683/1597 1107/1681/1595 1455/2064/1943
f 1111/1685/1599 1109/1683/1597 1455/2065/1943
f 1113/1687/1601 1111/1685/1599 1455/2066/1943
f 1075/1689/1563 1113/1687/1601 1455/2067/1943
f 1436/2028/1924 1435/2027/1923 1456/2068/1944
f 1435/2027/1923 1437/2029/1925 1456/2069/1944
f 1437/2029/1925 1438/2030/1926 1456/2070/1944
f 1438/2030/1926 1439/2031/1927 1456/2071/1944
f 1439/2031/1927 1440/2032/1928 1456/2072/1944
f 1440/2032/1928 1441/2033/1929 1456/2073/1944
f 1441/2033/1929 1442/2034/1930 1456/2074/1944
f 1442/2034/1930 1443/2035/1931 1456/2075/1944
f 1443/2035/1931 1444/2036/1932 1456/2076/1944
f 1444/2036/1932 1445/2037/1933 1456/2077/1944
f 1445/2037/1933 1446/2038/1934 1456/2078/1944
f 1446/2038/1934 1447/2039/1935 1456/2079/1944
f 1447/2039/1935 1448/2040/1936 1456/2080/1944
f 1448/2040/1936 1449/2041/1937 1456/2081/1944
f 1449/2041/1937 1450/2042/1938 1456/2082/1944
f 1450/2042/1938 1451/2043/1939 1456/2083/1944
f 1451/2043/1939 1452/2044/1940 1456/2084/1944
f 1452/2044/1940 1453/2045/1941 1456/2085/1944
f 1453/2045/1941 1454/2046/1942 1456/2086/1944
f 1454/2046/1942 1436/2047/1924 1456/2087/1944
usemtl VRayMtl2SG
f 885/1285/1125 886/1286/1126 887/1287/1127 888/1288/1128
f 888/1288/1129 887/1287/1130 889/1289/1131 890/1290/1132
f 890/1290/1133 889/1289/1134 891/1291/1135 892/1292/1136
f 892/1292/1137 891/1291/1138 886/1293/1139 885/1294/1140
f 886/1286/1141 891/1295/1142 889/1296/1143 887/1287/1144
f 892/1297/1145 885/1285/1146 888/1288/1147 890/1298/1148
f 893/1299/1149 894/1300/1150 895/1301/1151 896/1302/1152
f 896/1302/1153 895/1301/1154 897/1303/1155 898/1304/1156
f 898/1304/1157 897/1303/1158 899/1305/1159 900/1306/1160
f 900/1306/1161 899/1305/1162 894/1307/1163 893/1308/1164
f 894/1300/1165 899/1309/1166 897/1310/1167 895/1301/1168
f 900/1311/1169 893/1299/1170 896/1302/1171 898/1312/1172
f 901/1313/1173 902/1314/1174 903/1315/1175 904/1316/1176
f 904/1316/1177 903/1315/1178 905/1317/1179 906/1318/1180
f 906/1318/1181 905/1317/1182 907/1319/1183 908/1320/1184
f 908/1320/1185 907/1319/1186 902/1321/1187 901/1322/1188
f 902/1314/1189 907/1323/1190 905/1324/1191 903/1315/1192
f 908/1325/1193 901/1313/1194 904/1316/1195 906/1326/1196
f 909/1327/1197 910/1328/1198 911/1329/1199 912/1330/1200
f 912/1330/1201 911/1329/1202 913/1331/1203 914/1332/1204
f 914/1332/1205 913/1331/1206 915/1333/1207 916/1334/1208
f 916/1334/1209 915/1333/1210 910/1335/1211 909/1336/1212
f 910/1328/1213 915/1337/1214 913/1338/1215 911/1329/1216
f 916/1339/1217 909/1327/1218 912/1330/1219 914/1340/1220
f 917/1341/1221 918/1342/1222 919/1343/1223 920/1344/1224
f 920/1344/1225 919/1343/1226 921/1345/1227 922/1346/1228
f 922/1346/1229 921/1345/1230 923/1347/1231 924/1348/1232
f 924/1348/1233 923/1347/1234 918/1349/1235 917/1350/1236
f 918/1342/1237 923/1351/1238 921/1352/1239 919/1343/1240
f 924/1353/1241 917/1341/1242 920/1344/1243 922/1354/1244
f 925/1355/1245 926/1356/1246 927/1357/1247 928/1358/1248
f 928/1358/1249 927/1357/1250 929/1359/1251 930/1360/1252
f 930/1360/1253 929/1359/1254 931/1361/1255 932/1362/1256
f 932/1362/1257 931/1361/1258 926/1363/1259 925/1364/1260
f 926/1356/1261 931/1365/1262 929/1366/1263 927/1357/1264
f 932/1367/1265 925/1355/1266 928/1358/1267 930/1368/1268
f 933/1369/1269 934/1370/1270 935/1371/1271 936/1372/1272
f 936/1372/1273 935/1371/1274 937/1373/1275 938/1374/1276
f 938/1374/1277 937/1373/1278 939/1375/1279 940/1376/1280
f 940/1376/1281 939/1375/1282 934/1377/1283 933/1378/1284
f 934/1370/1285 939/1379/1286 937/1380/1287 935/1371/1288
f 940/1381/1289 933/1369/1290 936/1372/1291 938/1382/1292
f 941/1383/1293 942/1384/1294 943/1385/1295 944/1386/1296
f 944/1386/1297 943/1385/1298 945/1387/1299 946/1388/1300
f 946/1388/1301 945/1387/1302 947/1389/1303 948/1390/1304
f 948/1390/1305 947/1389/1306 942/1391/1307 941/1392/1308
f 942/1384/1309 947/1393/1310 945/1394/1311 943/1385/1312
f 948/1395/1313 941/1383/1314 944/1386/1315 946/1396/1316
